ISO-10303-21;
HEADER;
/* Generated by software containing ST-Developer
 * from STEP Tools, Inc. (www.steptools.com) 
 */

FILE_DESCRIPTION(
/* description */ (''),
/* implementation_level */ '2;1');

FILE_NAME(
/* name */ 'pulse pick-off v3.step',
/* time_stamp */ '2024-06-17T10:16:14+02:00',
/* author */ (''),
/* organization */ (''),
/* preprocessor_version */ 'ST-DEVELOPER v20',
/* originating_system */ 'Autodesk Translation Framework v13.14.0.145',

/* authorisation */ '');

FILE_SCHEMA (('AUTOMOTIVE_DESIGN { 1 0 10303 214 3 1 1 }'));
ENDSEC;

DATA;
#10=MECHANICAL_DESIGN_GEOMETRIC_PRESENTATION_REPRESENTATION('',(#29,#30,
#31),#2535);
#11=ITEM_DEFINED_TRANSFORMATION($,$,#1419,#1581);
#12=ITEM_DEFINED_TRANSFORMATION($,$,#1518,#1582);
#13=ITEM_DEFINED_TRANSFORMATION($,$,#1567,#1583);
#14=(
REPRESENTATION_RELATIONSHIP($,$,#2552,#2551)
REPRESENTATION_RELATIONSHIP_WITH_TRANSFORMATION(#11)
SHAPE_REPRESENTATION_RELATIONSHIP()
);
#15=(
REPRESENTATION_RELATIONSHIP($,$,#2553,#2551)
REPRESENTATION_RELATIONSHIP_WITH_TRANSFORMATION(#12)
SHAPE_REPRESENTATION_RELATIONSHIP()
);
#16=(
REPRESENTATION_RELATIONSHIP($,$,#2554,#2551)
REPRESENTATION_RELATIONSHIP_WITH_TRANSFORMATION(#13)
SHAPE_REPRESENTATION_RELATIONSHIP()
);
#17=CONTEXT_DEPENDENT_SHAPE_REPRESENTATION(#14,#2548);
#18=CONTEXT_DEPENDENT_SHAPE_REPRESENTATION(#15,#2549);
#19=CONTEXT_DEPENDENT_SHAPE_REPRESENTATION(#16,#2550);
#20=NEXT_ASSEMBLY_USAGE_OCCURRENCE('case:1','case:1','case:1',#2556,#2557,
'case:1');
#21=NEXT_ASSEMBLY_USAGE_OCCURRENCE('lid:1','lid:1','lid:1',#2556,#2558,
'lid:1');
#22=NEXT_ASSEMBLY_USAGE_OCCURRENCE('resistor:1','resistor:1',
'resistor:1',#2556,#2559,'resistor:1');
#23=SHAPE_REPRESENTATION_RELATIONSHIP('SRR','None',#2552,#26);
#24=SHAPE_REPRESENTATION_RELATIONSHIP('SRR','None',#2553,#27);
#25=SHAPE_REPRESENTATION_RELATIONSHIP('SRR','None',#2554,#28);
#26=ADVANCED_BREP_SHAPE_REPRESENTATION('',(#32),#2532);
#27=ADVANCED_BREP_SHAPE_REPRESENTATION('',(#33),#2533);
#28=ADVANCED_BREP_SHAPE_REPRESENTATION('',(#34),#2534);
#29=STYLED_ITEM('',(#2576),#32);
#30=STYLED_ITEM('',(#2576),#33);
#31=STYLED_ITEM('',(#2575),#34);
#32=MANIFOLD_SOLID_BREP('case',#1381);
#33=MANIFOLD_SOLID_BREP('lid',#1382);
#34=MANIFOLD_SOLID_BREP('resistor',#1383);
#35=PLANE('',#1457);
#36=PLANE('',#1459);
#37=PLANE('',#1470);
#38=PLANE('',#1480);
#39=PLANE('',#1483);
#40=PLANE('',#1489);
#41=PLANE('',#1490);
#42=PLANE('',#1495);
#43=PLANE('',#1497);
#44=PLANE('',#1502);
#45=PLANE('',#1505);
#46=PLANE('',#1509);
#47=PLANE('',#1511);
#48=PLANE('',#1514);
#49=PLANE('',#1517);
#50=PLANE('',#1552);
#51=PLANE('',#1553);
#52=PLANE('',#1559);
#53=PLANE('',#1562);
#54=PLANE('',#1565);
#55=PLANE('',#1566);
#56=PLANE('',#1571);
#57=PLANE('',#1575);
#58=PLANE('',#1579);
#59=PLANE('',#1580);
#60=FACE_BOUND('',#187,.T.);
#61=FACE_BOUND('',#193,.T.);
#62=FACE_BOUND('',#201,.T.);
#63=FACE_BOUND('',#202,.T.);
#64=FACE_BOUND('',#203,.T.);
#65=FACE_BOUND('',#204,.T.);
#66=FACE_BOUND('',#205,.T.);
#67=FACE_BOUND('',#206,.T.);
#68=FACE_BOUND('',#207,.T.);
#69=FACE_BOUND('',#208,.T.);
#70=FACE_BOUND('',#209,.T.);
#71=FACE_BOUND('',#210,.T.);
#72=FACE_BOUND('',#211,.T.);
#73=FACE_BOUND('',#218,.T.);
#74=FACE_BOUND('',#219,.T.);
#75=FACE_BOUND('',#220,.T.);
#76=FACE_BOUND('',#221,.T.);
#77=FACE_BOUND('',#222,.T.);
#78=FACE_BOUND('',#223,.T.);
#79=FACE_BOUND('',#224,.T.);
#80=FACE_BOUND('',#225,.T.);
#81=FACE_BOUND('',#226,.T.);
#82=FACE_BOUND('',#227,.T.);
#83=FACE_BOUND('',#230,.T.);
#84=FACE_BOUND('',#233,.T.);
#85=FACE_BOUND('',#234,.T.);
#86=FACE_BOUND('',#235,.T.);
#87=FACE_BOUND('',#247,.T.);
#88=FACE_BOUND('',#250,.T.);
#89=FACE_BOUND('',#264,.T.);
#90=FACE_BOUND('',#265,.T.);
#91=FACE_BOUND('',#266,.T.);
#92=FACE_BOUND('',#267,.T.);
#93=FACE_BOUND('',#268,.T.);
#94=FACE_BOUND('',#269,.T.);
#95=FACE_BOUND('',#270,.T.);
#96=FACE_BOUND('',#271,.T.);
#97=FACE_BOUND('',#272,.T.);
#98=FACE_BOUND('',#273,.T.);
#99=FACE_BOUND('',#281,.T.);
#100=FACE_BOUND('',#282,.T.);
#101=FACE_BOUND('',#283,.T.);
#102=FACE_BOUND('',#284,.T.);
#103=FACE_BOUND('',#285,.T.);
#104=FACE_BOUND('',#286,.T.);
#105=FACE_BOUND('',#287,.T.);
#106=FACE_BOUND('',#288,.T.);
#107=FACE_BOUND('',#289,.T.);
#108=FACE_BOUND('',#290,.T.);
#109=FACE_BOUND('',#297,.T.);
#110=FACE_BOUND('',#299,.T.);
#111=FACE_OUTER_BOUND('',#180,.T.);
#112=FACE_OUTER_BOUND('',#181,.T.);
#113=FACE_OUTER_BOUND('',#182,.T.);
#114=FACE_OUTER_BOUND('',#183,.T.);
#115=FACE_OUTER_BOUND('',#184,.T.);
#116=FACE_OUTER_BOUND('',#185,.T.);
#117=FACE_OUTER_BOUND('',#186,.T.);
#118=FACE_OUTER_BOUND('',#188,.T.);
#119=FACE_OUTER_BOUND('',#189,.T.);
#120=FACE_OUTER_BOUND('',#190,.T.);
#121=FACE_OUTER_BOUND('',#191,.T.);
#122=FACE_OUTER_BOUND('',#192,.T.);
#123=FACE_OUTER_BOUND('',#194,.T.);
#124=FACE_OUTER_BOUND('',#195,.T.);
#125=FACE_OUTER_BOUND('',#196,.T.);
#126=FACE_OUTER_BOUND('',#197,.T.);
#127=FACE_OUTER_BOUND('',#198,.T.);
#128=FACE_OUTER_BOUND('',#199,.T.);
#129=FACE_OUTER_BOUND('',#200,.T.);
#130=FACE_OUTER_BOUND('',#212,.T.);
#131=FACE_OUTER_BOUND('',#213,.T.);
#132=FACE_OUTER_BOUND('',#214,.T.);
#133=FACE_OUTER_BOUND('',#215,.T.);
#134=FACE_OUTER_BOUND('',#216,.T.);
#135=FACE_OUTER_BOUND('',#217,.T.);
#136=FACE_OUTER_BOUND('',#228,.T.);
#137=FACE_OUTER_BOUND('',#229,.T.);
#138=FACE_OUTER_BOUND('',#231,.T.);
#139=FACE_OUTER_BOUND('',#232,.T.);
#140=FACE_OUTER_BOUND('',#236,.T.);
#141=FACE_OUTER_BOUND('',#237,.T.);
#142=FACE_OUTER_BOUND('',#238,.T.);
#143=FACE_OUTER_BOUND('',#239,.T.);
#144=FACE_OUTER_BOUND('',#240,.T.);
#145=FACE_OUTER_BOUND('',#241,.T.);
#146=FACE_OUTER_BOUND('',#242,.T.);
#147=FACE_OUTER_BOUND('',#243,.T.);
#148=FACE_OUTER_BOUND('',#244,.T.);
#149=FACE_OUTER_BOUND('',#245,.T.);
#150=FACE_OUTER_BOUND('',#246,.T.);
#151=FACE_OUTER_BOUND('',#248,.T.);
#152=FACE_OUTER_BOUND('',#249,.T.);
#153=FACE_OUTER_BOUND('',#251,.T.);
#154=FACE_OUTER_BOUND('',#252,.T.);
#155=FACE_OUTER_BOUND('',#253,.T.);
#156=FACE_OUTER_BOUND('',#254,.T.);
#157=FACE_OUTER_BOUND('',#255,.T.);
#158=FACE_OUTER_BOUND('',#256,.T.);
#159=FACE_OUTER_BOUND('',#257,.T.);
#160=FACE_OUTER_BOUND('',#258,.T.);
#161=FACE_OUTER_BOUND('',#259,.T.);
#162=FACE_OUTER_BOUND('',#260,.T.);
#163=FACE_OUTER_BOUND('',#261,.T.);
#164=FACE_OUTER_BOUND('',#262,.T.);
#165=FACE_OUTER_BOUND('',#263,.T.);
#166=FACE_OUTER_BOUND('',#274,.T.);
#167=FACE_OUTER_BOUND('',#275,.T.);
#168=FACE_OUTER_BOUND('',#276,.T.);
#169=FACE_OUTER_BOUND('',#277,.T.);
#170=FACE_OUTER_BOUND('',#278,.T.);
#171=FACE_OUTER_BOUND('',#279,.T.);
#172=FACE_OUTER_BOUND('',#280,.T.);
#173=FACE_OUTER_BOUND('',#291,.T.);
#174=FACE_OUTER_BOUND('',#292,.T.);
#175=FACE_OUTER_BOUND('',#293,.T.);
#176=FACE_OUTER_BOUND('',#294,.T.);
#177=FACE_OUTER_BOUND('',#295,.T.);
#178=FACE_OUTER_BOUND('',#296,.T.);
#179=FACE_OUTER_BOUND('',#298,.T.);
#180=EDGE_LOOP('',(#892,#893,#894,#895,#896));
#181=EDGE_LOOP('',(#897,#898,#899,#900,#901));
#182=EDGE_LOOP('',(#902,#903,#904,#905));
#183=EDGE_LOOP('',(#906,#907,#908,#909));
#184=EDGE_LOOP('',(#910,#911,#912,#913));
#185=EDGE_LOOP('',(#914,#915,#916,#917));
#186=EDGE_LOOP('',(#918,#919,#920,#921));
#187=EDGE_LOOP('',(#922,#923));
#188=EDGE_LOOP('',(#924,#925,#926,#927));
#189=EDGE_LOOP('',(#928,#929,#930,#931));
#190=EDGE_LOOP('',(#932,#933,#934,#935));
#191=EDGE_LOOP('',(#936,#937,#938,#939));
#192=EDGE_LOOP('',(#940,#941,#942,#943));
#193=EDGE_LOOP('',(#944,#945));
#194=EDGE_LOOP('',(#946,#947,#948,#949,#950,#951));
#195=EDGE_LOOP('',(#952,#953,#954,#955));
#196=EDGE_LOOP('',(#956,#957,#958,#959,#960));
#197=EDGE_LOOP('',(#961,#962,#963,#964,#965,#966,#967,#968));
#198=EDGE_LOOP('',(#969,#970,#971,#972,#973,#974));
#199=EDGE_LOOP('',(#975,#976,#977,#978));
#200=EDGE_LOOP('',(#979,#980,#981,#982,#983,#984,#985,#986));
#201=EDGE_LOOP('',(#987));
#202=EDGE_LOOP('',(#988));
#203=EDGE_LOOP('',(#989));
#204=EDGE_LOOP('',(#990));
#205=EDGE_LOOP('',(#991));
#206=EDGE_LOOP('',(#992));
#207=EDGE_LOOP('',(#993));
#208=EDGE_LOOP('',(#994));
#209=EDGE_LOOP('',(#995));
#210=EDGE_LOOP('',(#996));
#211=EDGE_LOOP('',(#997,#998,#999,#1000,#1001,#1002,#1003,#1004,#1005,#1006,
#1007,#1008,#1009,#1010));
#212=EDGE_LOOP('',(#1011,#1012,#1013,#1014,#1015));
#213=EDGE_LOOP('',(#1016,#1017,#1018,#1019));
#214=EDGE_LOOP('',(#1020,#1021,#1022,#1023,#1024,#1025,#1026,#1027));
#215=EDGE_LOOP('',(#1028,#1029,#1030,#1031));
#216=EDGE_LOOP('',(#1032,#1033,#1034,#1035));
#217=EDGE_LOOP('',(#1036,#1037,#1038,#1039,#1040,#1041,#1042,#1043));
#218=EDGE_LOOP('',(#1044));
#219=EDGE_LOOP('',(#1045));
#220=EDGE_LOOP('',(#1046));
#221=EDGE_LOOP('',(#1047));
#222=EDGE_LOOP('',(#1048));
#223=EDGE_LOOP('',(#1049));
#224=EDGE_LOOP('',(#1050));
#225=EDGE_LOOP('',(#1051));
#226=EDGE_LOOP('',(#1052));
#227=EDGE_LOOP('',(#1053));
#228=EDGE_LOOP('',(#1054,#1055,#1056,#1057));
#229=EDGE_LOOP('',(#1058,#1059,#1060,#1061));
#230=EDGE_LOOP('',(#1062));
#231=EDGE_LOOP('',(#1063,#1064,#1065,#1066));
#232=EDGE_LOOP('',(#1067,#1068,#1069,#1070));
#233=EDGE_LOOP('',(#1071));
#234=EDGE_LOOP('',(#1072));
#235=EDGE_LOOP('',(#1073));
#236=EDGE_LOOP('',(#1074,#1075,#1076,#1077));
#237=EDGE_LOOP('',(#1078,#1079,#1080,#1081));
#238=EDGE_LOOP('',(#1082,#1083,#1084,#1085));
#239=EDGE_LOOP('',(#1086,#1087,#1088,#1089,#1090,#1091));
#240=EDGE_LOOP('',(#1092,#1093,#1094,#1095,#1096,#1097,#1098,#1099,#1100,
#1101,#1102,#1103,#1104,#1105));
#241=EDGE_LOOP('',(#1106,#1107,#1108,#1109));
#242=EDGE_LOOP('',(#1110,#1111,#1112,#1113,#1114,#1115));
#243=EDGE_LOOP('',(#1116,#1117,#1118,#1119));
#244=EDGE_LOOP('',(#1120,#1121,#1122,#1123));
#245=EDGE_LOOP('',(#1124,#1125,#1126,#1127));
#246=EDGE_LOOP('',(#1128,#1129,#1130,#1131));
#247=EDGE_LOOP('',(#1132));
#248=EDGE_LOOP('',(#1133,#1134,#1135,#1136));
#249=EDGE_LOOP('',(#1137,#1138,#1139,#1140));
#250=EDGE_LOOP('',(#1141));
#251=EDGE_LOOP('',(#1142,#1143,#1144,#1145));
#252=EDGE_LOOP('',(#1146,#1147,#1148,#1149));
#253=EDGE_LOOP('',(#1150,#1151,#1152,#1153));
#254=EDGE_LOOP('',(#1154,#1155,#1156,#1157));
#255=EDGE_LOOP('',(#1158,#1159,#1160,#1161));
#256=EDGE_LOOP('',(#1162,#1163,#1164,#1165));
#257=EDGE_LOOP('',(#1166,#1167,#1168,#1169));
#258=EDGE_LOOP('',(#1170,#1171,#1172,#1173));
#259=EDGE_LOOP('',(#1174,#1175,#1176,#1177));
#260=EDGE_LOOP('',(#1178,#1179,#1180,#1181));
#261=EDGE_LOOP('',(#1182,#1183,#1184,#1185));
#262=EDGE_LOOP('',(#1186,#1187,#1188,#1189));
#263=EDGE_LOOP('',(#1190,#1191,#1192,#1193,#1194,#1195,#1196,#1197));
#264=EDGE_LOOP('',(#1198));
#265=EDGE_LOOP('',(#1199));
#266=EDGE_LOOP('',(#1200));
#267=EDGE_LOOP('',(#1201));
#268=EDGE_LOOP('',(#1202));
#269=EDGE_LOOP('',(#1203));
#270=EDGE_LOOP('',(#1204));
#271=EDGE_LOOP('',(#1205));
#272=EDGE_LOOP('',(#1206));
#273=EDGE_LOOP('',(#1207));
#274=EDGE_LOOP('',(#1208,#1209,#1210,#1211));
#275=EDGE_LOOP('',(#1212,#1213,#1214,#1215));
#276=EDGE_LOOP('',(#1216,#1217,#1218,#1219));
#277=EDGE_LOOP('',(#1220,#1221,#1222,#1223));
#278=EDGE_LOOP('',(#1224,#1225,#1226,#1227));
#279=EDGE_LOOP('',(#1228,#1229,#1230,#1231));
#280=EDGE_LOOP('',(#1232,#1233,#1234,#1235,#1236,#1237,#1238,#1239));
#281=EDGE_LOOP('',(#1240));
#282=EDGE_LOOP('',(#1241));
#283=EDGE_LOOP('',(#1242));
#284=EDGE_LOOP('',(#1243));
#285=EDGE_LOOP('',(#1244));
#286=EDGE_LOOP('',(#1245));
#287=EDGE_LOOP('',(#1246));
#288=EDGE_LOOP('',(#1247));
#289=EDGE_LOOP('',(#1248));
#290=EDGE_LOOP('',(#1249));
#291=EDGE_LOOP('',(#1250,#1251,#1252,#1253));
#292=EDGE_LOOP('',(#1254));
#293=EDGE_LOOP('',(#1255,#1256,#1257,#1258));
#294=EDGE_LOOP('',(#1259));
#295=EDGE_LOOP('',(#1260,#1261,#1262,#1263));
#296=EDGE_LOOP('',(#1264));
#297=EDGE_LOOP('',(#1265));
#298=EDGE_LOOP('',(#1266));
#299=EDGE_LOOP('',(#1267));
#300=B_SPLINE_CURVE_WITH_KNOTS('',3,(#2014,#2015,#2016,#2017,#2018,#2019,
#2020,#2021,#2022,#2023,#2024,#2025,#2026,#2027,#2028,#2029,#2030,#2031,
#2032,#2033),.UNSPECIFIED.,.F.,.F.,(4,2,2,2,2,2,2,2,2,4),(0.,0.0177698554603726,
0.0355397109207451,0.0710794218414902,0.105407512918036,0.139735603994582,
0.170696991431365,0.201658378868148,0.23255367934591,0.263448979823672),
 .UNSPECIFIED.);
#301=B_SPLINE_CURVE_WITH_KNOTS('',3,(#2034,#2035,#2036,#2037,#2038,#2039,
#2040,#2041,#2042,#2043,#2044,#2045,#2046,#2047,#2048,#2049,#2050,#2051,
#2052,#2053),.UNSPECIFIED.,.F.,.F.,(4,2,2,2,2,2,2,2,2,4),(0.263448979823672,
0.294747796413132,0.326046613002591,0.356603054092754,0.387159495182917,
0.422795418014339,0.458431340845761,0.492585413059541,0.50966244916643,
0.52673948527332),.UNSPECIFIED.);
#302=B_SPLINE_CURVE_WITH_KNOTS('',3,(#2060,#2061,#2062,#2063,#2064,#2065,
#2066,#2067,#2068,#2069,#2070,#2071,#2072,#2073,#2074,#2075,#2076,#2077,
#2078,#2079),.UNSPECIFIED.,.F.,.F.,(4,2,2,2,2,2,2,2,2,4),(0.,0.0308953004777624,
0.0617906009555247,0.0927519883923076,0.12371337582909,0.158041466905636,
0.192369557982182,0.227909268902928,0.2456791243633,0.263448979823673),
 .UNSPECIFIED.);
#303=B_SPLINE_CURVE_WITH_KNOTS('',3,(#2080,#2081,#2082,#2083,#2084,#2085,
#2086,#2087,#2088,#2089,#2090,#2091,#2092,#2093,#2094,#2095,#2096,#2097,
#2098,#2099),.UNSPECIFIED.,.F.,.F.,(4,2,2,2,2,2,2,2,2,4),(0.263448979823673,
0.280526015930563,0.297603052037453,0.331757124251232,0.367393047082654,
0.403028969914077,0.43358541100424,0.464141852094403,0.495440668683862,
0.526739485273321),.UNSPECIFIED.);
#304=B_SPLINE_CURVE_WITH_KNOTS('',3,(#2163,#2164,#2165,#2166,#2167,#2168,
#2169,#2170,#2171,#2172,#2173,#2174,#2175,#2176,#2177,#2178,#2179,#2180),
 .UNSPECIFIED.,.F.,.F.,(4,2,2,2,2,2,2,2,4),(0.675429602483965,0.713675208363595,
0.758419670937371,0.803164133511146,0.847908596084921,0.892653058658697,
0.937397521232472,0.982141983806247,1.02038758968588),.UNSPECIFIED.);
#305=B_SPLINE_CURVE_WITH_KNOTS('',3,(#2208,#2209,#2210,#2211,#2212,#2213,
#2214,#2215,#2216,#2217,#2218),.UNSPECIFIED.,.F.,.F.,(4,2,3,2,4),(1.40800755524307,
1.44365443813488,1.52725090861123,1.61084737908758,1.64649426197939),
 .UNSPECIFIED.);
#306=B_SPLINE_CURVE_WITH_KNOTS('',3,(#2222,#2223,#2224,#2225,#2226,#2227,
#2228,#2229,#2230,#2231,#2232,#2233,#2234,#2235,#2236,#2237,#2238,#2239,
#2240),.UNSPECIFIED.,.F.,.F.,(4,2,2,2,3,2,2,2,4),(1.52333819856892,1.56158380444856,
1.60632826702233,1.65107272959611,1.69581719216988,1.74056165474366,1.78530611731744,
1.83005057989121,1.86829618577085),.UNSPECIFIED.);
#307=B_SPLINE_CURVE_WITH_KNOTS('',3,(#2307,#2308,#2309,#2310,#2311,#2312,
#2313,#2314,#2315,#2316),.UNSPECIFIED.,.F.,.F.,(4,2,2,2,4),(0.644382100937455,
0.680028983829268,0.763625454305617,0.847221924781966,0.882868807673779),
 .UNSPECIFIED.);
#308=LINE('',#2012,#398);
#309=LINE('',#2058,#399);
#310=LINE('',#2104,#400);
#311=LINE('',#2110,#401);
#312=LINE('',#2116,#402);
#313=LINE('',#2122,#403);
#314=LINE('',#2128,#404);
#315=LINE('',#2134,#405);
#316=LINE('',#2140,#406);
#317=LINE('',#2146,#407);
#318=LINE('',#2152,#408);
#319=LINE('',#2158,#409);
#320=LINE('',#2182,#410);
#321=LINE('',#2186,#411);
#322=LINE('',#2189,#412);
#323=LINE('',#2192,#413);
#324=LINE('',#2194,#414);
#325=LINE('',#2202,#415);
#326=LINE('',#2203,#416);
#327=LINE('',#2207,#417);
#328=LINE('',#2242,#418);
#329=LINE('',#2246,#419);
#330=LINE('',#2249,#420);
#331=LINE('',#2254,#421);
#332=LINE('',#2261,#422);
#333=LINE('',#2265,#423);
#334=LINE('',#2269,#424);
#335=LINE('',#2272,#425);
#336=LINE('',#2276,#426);
#337=LINE('',#2280,#427);
#338=LINE('',#2283,#428);
#339=LINE('',#2285,#429);
#340=LINE('',#2289,#430);
#341=LINE('',#2293,#431);
#342=LINE('',#2295,#432);
#343=LINE('',#2302,#433);
#344=LINE('',#2305,#434);
#345=LINE('',#2321,#435);
#346=LINE('',#2322,#436);
#347=LINE('',#2325,#437);
#348=LINE('',#2326,#438);
#349=LINE('',#2329,#439);
#350=LINE('',#2333,#440);
#351=LINE('',#2337,#441);
#352=LINE('',#2340,#442);
#353=LINE('',#2342,#443);
#354=LINE('',#2344,#444);
#355=LINE('',#2346,#445);
#356=LINE('',#2350,#446);
#357=LINE('',#2354,#447);
#358=LINE('',#2357,#448);
#359=LINE('',#2358,#449);
#360=LINE('',#2361,#450);
#361=LINE('',#2365,#451);
#362=LINE('',#2368,#452);
#363=LINE('',#2372,#453);
#364=LINE('',#2375,#454);
#365=LINE('',#2378,#455);
#366=LINE('',#2380,#456);
#367=LINE('',#2382,#457);
#368=LINE('',#2387,#458);
#369=LINE('',#2394,#459);
#370=LINE('',#2400,#460);
#371=LINE('',#2406,#461);
#372=LINE('',#2412,#462);
#373=LINE('',#2418,#463);
#374=LINE('',#2424,#464);
#375=LINE('',#2430,#465);
#376=LINE('',#2436,#466);
#377=LINE('',#2442,#467);
#378=LINE('',#2448,#468);
#379=LINE('',#2455,#469);
#380=LINE('',#2458,#470);
#381=LINE('',#2461,#471);
#382=LINE('',#2463,#472);
#383=LINE('',#2464,#473);
#384=LINE('',#2467,#474);
#385=LINE('',#2471,#475);
#386=LINE('',#2475,#476);
#387=LINE('',#2480,#477);
#388=LINE('',#2483,#478);
#389=LINE('',#2484,#479);
#390=LINE('',#2488,#480);
#391=LINE('',#2491,#481);
#392=LINE('',#2492,#482);
#393=LINE('',#2496,#483);
#394=LINE('',#2498,#484);
#395=LINE('',#2505,#485);
#396=LINE('',#2512,#486);
#397=LINE('',#2519,#487);
#398=VECTOR('',#1592,0.8115);
#399=VECTOR('',#1597,0.8115);
#400=VECTOR('',#1602,1.2645);
#401=VECTOR('',#1609,1.2645);
#402=VECTOR('',#1616,1.2645);
#403=VECTOR('',#1623,1.2645);
#404=VECTOR('',#1630,1.2645);
#405=VECTOR('',#1637,1.2645);
#406=VECTOR('',#1644,1.2645);
#407=VECTOR('',#1651,1.2645);
#408=VECTOR('',#1658,1.2645);
#409=VECTOR('',#1665,1.2645);
#410=VECTOR('',#1670,10.);
#411=VECTOR('',#1673,10.);
#412=VECTOR('',#1676,10.);
#413=VECTOR('',#1679,10.);
#414=VECTOR('',#1680,10.);
#415=VECTOR('',#1689,10.);
#416=VECTOR('',#1690,10.);
#417=VECTOR('',#1695,1.8);
#418=VECTOR('',#1698,10.);
#419=VECTOR('',#1701,10.);
#420=VECTOR('',#1704,10.);
#421=VECTOR('',#1709,1.6);
#422=VECTOR('',#1716,10.);
#423=VECTOR('',#1719,10.);
#424=VECTOR('',#1722,10.);
#425=VECTOR('',#1725,10.);
#426=VECTOR('',#1728,10.);
#427=VECTOR('',#1731,10.);
#428=VECTOR('',#1734,10.);
#429=VECTOR('',#1735,10.);
#430=VECTOR('',#1738,10.);
#431=VECTOR('',#1743,10.);
#432=VECTOR('',#1744,10.);
#433=VECTOR('',#1753,10.);
#434=VECTOR('',#1756,1.8);
#435=VECTOR('',#1763,10.);
#436=VECTOR('',#1764,10.);
#437=VECTOR('',#1767,10.);
#438=VECTOR('',#1768,10.);
#439=VECTOR('',#1771,10.);
#440=VECTOR('',#1774,10.);
#441=VECTOR('',#1777,10.);
#442=VECTOR('',#1782,10.);
#443=VECTOR('',#1785,10.);
#444=VECTOR('',#1788,10.);
#445=VECTOR('',#1791,10.);
#446=VECTOR('',#1796,10.);
#447=VECTOR('',#1801,1.6);
#448=VECTOR('',#1804,10.);
#449=VECTOR('',#1805,10.);
#450=VECTOR('',#1808,10.);
#451=VECTOR('',#1813,10.);
#452=VECTOR('',#1816,10.);
#453=VECTOR('',#1819,10.);
#454=VECTOR('',#1824,10.);
#455=VECTOR('',#1829,10.);
#456=VECTOR('',#1832,10.);
#457=VECTOR('',#1835,10.);
#458=VECTOR('',#1842,2.05);
#459=VECTOR('',#1851,1.7);
#460=VECTOR('',#1858,1.7);
#461=VECTOR('',#1865,1.7);
#462=VECTOR('',#1872,1.7);
#463=VECTOR('',#1879,1.7);
#464=VECTOR('',#1886,1.7);
#465=VECTOR('',#1893,1.7);
#466=VECTOR('',#1900,1.7);
#467=VECTOR('',#1907,1.7);
#468=VECTOR('',#1914,1.7);
#469=VECTOR('',#1921,10.);
#470=VECTOR('',#1924,10.);
#471=VECTOR('',#1927,10.);
#472=VECTOR('',#1928,10.);
#473=VECTOR('',#1929,10.);
#474=VECTOR('',#1932,10.);
#475=VECTOR('',#1935,10.);
#476=VECTOR('',#1938,10.);
#477=VECTOR('',#1945,10.);
#478=VECTOR('',#1948,10.);
#479=VECTOR('',#1949,10.);
#480=VECTOR('',#1954,10.);
#481=VECTOR('',#1957,10.);
#482=VECTOR('',#1958,10.);
#483=VECTOR('',#1963,10.);
#484=VECTOR('',#1966,10.);
#485=VECTOR('',#1975,0.4);
#486=VECTOR('',#1984,0.4);
#487=VECTOR('',#1993,3.5);
#488=CIRCLE('',#1421,0.8115);
#489=CIRCLE('',#1423,0.8115);
#490=CIRCLE('',#1425,1.2645);
#491=CIRCLE('',#1426,1.2645);
#492=CIRCLE('',#1428,1.2645);
#493=CIRCLE('',#1429,1.2645);
#494=CIRCLE('',#1431,1.2645);
#495=CIRCLE('',#1432,1.2645);
#496=CIRCLE('',#1434,1.2645);
#497=CIRCLE('',#1435,1.2645);
#498=CIRCLE('',#1437,1.2645);
#499=CIRCLE('',#1438,1.2645);
#500=CIRCLE('',#1440,1.2645);
#501=CIRCLE('',#1441,1.2645);
#502=CIRCLE('',#1443,1.2645);
#503=CIRCLE('',#1444,1.2645);
#504=CIRCLE('',#1446,1.2645);
#505=CIRCLE('',#1447,1.2645);
#506=CIRCLE('',#1449,1.2645);
#507=CIRCLE('',#1450,1.2645);
#508=CIRCLE('',#1452,1.2645);
#509=CIRCLE('',#1453,1.2645);
#510=CIRCLE('',#1455,1.6);
#511=CIRCLE('',#1456,1.6);
#512=CIRCLE('',#1458,1.8);
#513=CIRCLE('',#1460,1.8);
#514=CIRCLE('',#1461,1.8);
#515=CIRCLE('',#1463,1.8);
#516=CIRCLE('',#1465,1.6);
#517=CIRCLE('',#1466,1.6);
#518=CIRCLE('',#1468,1.6);
#519=CIRCLE('',#1469,1.6);
#520=CIRCLE('',#1471,1.6);
#521=CIRCLE('',#1472,1.6);
#522=CIRCLE('',#1473,1.6);
#523=CIRCLE('',#1474,1.6);
#524=CIRCLE('',#1475,1.6);
#525=CIRCLE('',#1476,1.6);
#526=CIRCLE('',#1477,1.6);
#527=CIRCLE('',#1478,1.6);
#528=CIRCLE('',#1479,1.6);
#529=CIRCLE('',#1481,1.8);
#530=CIRCLE('',#1482,1.8);
#531=CIRCLE('',#1484,1.8);
#532=CIRCLE('',#1486,1.8);
#533=CIRCLE('',#1488,1.6);
#534=CIRCLE('',#1491,1.6);
#535=CIRCLE('',#1492,1.6);
#536=CIRCLE('',#1493,1.6);
#537=CIRCLE('',#1498,2.05);
#538=CIRCLE('',#1501,1.6);
#539=CIRCLE('',#1504,1.6);
#540=CIRCLE('',#1506,1.6);
#541=CIRCLE('',#1507,1.6);
#542=CIRCLE('',#1508,1.6);
#543=CIRCLE('',#1515,2.05);
#544=CIRCLE('',#1520,1.7);
#545=CIRCLE('',#1521,1.7);
#546=CIRCLE('',#1523,1.7);
#547=CIRCLE('',#1524,1.7);
#548=CIRCLE('',#1526,1.7);
#549=CIRCLE('',#1527,1.7);
#550=CIRCLE('',#1529,1.7);
#551=CIRCLE('',#1530,1.7);
#552=CIRCLE('',#1532,1.7);
#553=CIRCLE('',#1533,1.7);
#554=CIRCLE('',#1535,1.7);
#555=CIRCLE('',#1536,1.7);
#556=CIRCLE('',#1538,1.7);
#557=CIRCLE('',#1539,1.7);
#558=CIRCLE('',#1541,1.7);
#559=CIRCLE('',#1542,1.7);
#560=CIRCLE('',#1544,1.7);
#561=CIRCLE('',#1545,1.7);
#562=CIRCLE('',#1547,1.7);
#563=CIRCLE('',#1548,1.7);
#564=CIRCLE('',#1550,1.6);
#565=CIRCLE('',#1551,1.6);
#566=CIRCLE('',#1554,1.6);
#567=CIRCLE('',#1555,1.6);
#568=CIRCLE('',#1556,1.6);
#569=CIRCLE('',#1558,1.6);
#570=CIRCLE('',#1561,1.6);
#571=CIRCLE('',#1564,1.6);
#572=CIRCLE('',#1569,0.4);
#573=CIRCLE('',#1570,0.4);
#574=CIRCLE('',#1573,0.4);
#575=CIRCLE('',#1574,0.4);
#576=CIRCLE('',#1577,3.5);
#577=CIRCLE('',#1578,3.5);
#578=VERTEX_POINT('',#2009);
#579=VERTEX_POINT('',#2011);
#580=VERTEX_POINT('',#2013);
#581=VERTEX_POINT('',#2055);
#582=VERTEX_POINT('',#2057);
#583=VERTEX_POINT('',#2059);
#584=VERTEX_POINT('',#2101);
#585=VERTEX_POINT('',#2103);
#586=VERTEX_POINT('',#2107);
#587=VERTEX_POINT('',#2109);
#588=VERTEX_POINT('',#2113);
#589=VERTEX_POINT('',#2115);
#590=VERTEX_POINT('',#2119);
#591=VERTEX_POINT('',#2121);
#592=VERTEX_POINT('',#2125);
#593=VERTEX_POINT('',#2127);
#594=VERTEX_POINT('',#2131);
#595=VERTEX_POINT('',#2133);
#596=VERTEX_POINT('',#2137);
#597=VERTEX_POINT('',#2139);
#598=VERTEX_POINT('',#2143);
#599=VERTEX_POINT('',#2145);
#600=VERTEX_POINT('',#2149);
#601=VERTEX_POINT('',#2151);
#602=VERTEX_POINT('',#2155);
#603=VERTEX_POINT('',#2157);
#604=VERTEX_POINT('',#2161);
#605=VERTEX_POINT('',#2162);
#606=VERTEX_POINT('',#2181);
#607=VERTEX_POINT('',#2183);
#608=VERTEX_POINT('',#2185);
#609=VERTEX_POINT('',#2187);
#610=VERTEX_POINT('',#2191);
#611=VERTEX_POINT('',#2193);
#612=VERTEX_POINT('',#2197);
#613=VERTEX_POINT('',#2199);
#614=VERTEX_POINT('',#2201);
#615=VERTEX_POINT('',#2205);
#616=VERTEX_POINT('',#2220);
#617=VERTEX_POINT('',#2221);
#618=VERTEX_POINT('',#2241);
#619=VERTEX_POINT('',#2243);
#620=VERTEX_POINT('',#2245);
#621=VERTEX_POINT('',#2247);
#622=VERTEX_POINT('',#2251);
#623=VERTEX_POINT('',#2253);
#624=VERTEX_POINT('',#2257);
#625=VERTEX_POINT('',#2258);
#626=VERTEX_POINT('',#2260);
#627=VERTEX_POINT('',#2262);
#628=VERTEX_POINT('',#2264);
#629=VERTEX_POINT('',#2266);
#630=VERTEX_POINT('',#2268);
#631=VERTEX_POINT('',#2270);
#632=VERTEX_POINT('',#2273);
#633=VERTEX_POINT('',#2275);
#634=VERTEX_POINT('',#2277);
#635=VERTEX_POINT('',#2279);
#636=VERTEX_POINT('',#2281);
#637=VERTEX_POINT('',#2284);
#638=VERTEX_POINT('',#2286);
#639=VERTEX_POINT('',#2288);
#640=VERTEX_POINT('',#2292);
#641=VERTEX_POINT('',#2294);
#642=VERTEX_POINT('',#2296);
#643=VERTEX_POINT('',#2300);
#644=VERTEX_POINT('',#2304);
#645=VERTEX_POINT('',#2318);
#646=VERTEX_POINT('',#2319);
#647=VERTEX_POINT('',#2324);
#648=VERTEX_POINT('',#2328);
#649=VERTEX_POINT('',#2330);
#650=VERTEX_POINT('',#2332);
#651=VERTEX_POINT('',#2334);
#652=VERTEX_POINT('',#2336);
#653=VERTEX_POINT('',#2347);
#654=VERTEX_POINT('',#2352);
#655=VERTEX_POINT('',#2356);
#656=VERTEX_POINT('',#2360);
#657=VERTEX_POINT('',#2364);
#658=VERTEX_POINT('',#2367);
#659=VERTEX_POINT('',#2369);
#660=VERTEX_POINT('',#2371);
#661=VERTEX_POINT('',#2384);
#662=VERTEX_POINT('',#2391);
#663=VERTEX_POINT('',#2393);
#664=VERTEX_POINT('',#2397);
#665=VERTEX_POINT('',#2399);
#666=VERTEX_POINT('',#2403);
#667=VERTEX_POINT('',#2405);
#668=VERTEX_POINT('',#2409);
#669=VERTEX_POINT('',#2411);
#670=VERTEX_POINT('',#2415);
#671=VERTEX_POINT('',#2417);
#672=VERTEX_POINT('',#2421);
#673=VERTEX_POINT('',#2423);
#674=VERTEX_POINT('',#2427);
#675=VERTEX_POINT('',#2429);
#676=VERTEX_POINT('',#2433);
#677=VERTEX_POINT('',#2435);
#678=VERTEX_POINT('',#2439);
#679=VERTEX_POINT('',#2441);
#680=VERTEX_POINT('',#2445);
#681=VERTEX_POINT('',#2447);
#682=VERTEX_POINT('',#2451);
#683=VERTEX_POINT('',#2452);
#684=VERTEX_POINT('',#2454);
#685=VERTEX_POINT('',#2456);
#686=VERTEX_POINT('',#2460);
#687=VERTEX_POINT('',#2462);
#688=VERTEX_POINT('',#2466);
#689=VERTEX_POINT('',#2468);
#690=VERTEX_POINT('',#2470);
#691=VERTEX_POINT('',#2472);
#692=VERTEX_POINT('',#2474);
#693=VERTEX_POINT('',#2478);
#694=VERTEX_POINT('',#2482);
#695=VERTEX_POINT('',#2486);
#696=VERTEX_POINT('',#2490);
#697=VERTEX_POINT('',#2494);
#698=VERTEX_POINT('',#2502);
#699=VERTEX_POINT('',#2504);
#700=VERTEX_POINT('',#2509);
#701=VERTEX_POINT('',#2511);
#702=VERTEX_POINT('',#2516);
#703=VERTEX_POINT('',#2518);
#704=EDGE_CURVE('',#578,#578,#488,.T.);
#705=EDGE_CURVE('',#578,#579,#308,.T.);
#706=EDGE_CURVE('',#580,#579,#300,.T.);
#707=EDGE_CURVE('',#579,#580,#301,.T.);
#708=EDGE_CURVE('',#581,#581,#489,.T.);
#709=EDGE_CURVE('',#581,#582,#309,.T.);
#710=EDGE_CURVE('',#583,#582,#302,.T.);
#711=EDGE_CURVE('',#582,#583,#303,.T.);
#712=EDGE_CURVE('',#584,#584,#490,.T.);
#713=EDGE_CURVE('',#584,#585,#310,.T.);
#714=EDGE_CURVE('',#585,#585,#491,.T.);
#715=EDGE_CURVE('',#586,#586,#492,.T.);
#716=EDGE_CURVE('',#586,#587,#311,.T.);
#717=EDGE_CURVE('',#587,#587,#493,.T.);
#718=EDGE_CURVE('',#588,#588,#494,.T.);
#719=EDGE_CURVE('',#588,#589,#312,.T.);
#720=EDGE_CURVE('',#589,#589,#495,.T.);
#721=EDGE_CURVE('',#590,#590,#496,.T.);
#722=EDGE_CURVE('',#590,#591,#313,.T.);
#723=EDGE_CURVE('',#591,#591,#497,.T.);
#724=EDGE_CURVE('',#592,#592,#498,.T.);
#725=EDGE_CURVE('',#592,#593,#314,.T.);
#726=EDGE_CURVE('',#593,#593,#499,.T.);
#727=EDGE_CURVE('',#594,#594,#500,.T.);
#728=EDGE_CURVE('',#594,#595,#315,.T.);
#729=EDGE_CURVE('',#595,#595,#501,.T.);
#730=EDGE_CURVE('',#596,#596,#502,.T.);
#731=EDGE_CURVE('',#596,#597,#316,.T.);
#732=EDGE_CURVE('',#597,#597,#503,.T.);
#733=EDGE_CURVE('',#598,#598,#504,.T.);
#734=EDGE_CURVE('',#598,#599,#317,.T.);
#735=EDGE_CURVE('',#599,#599,#505,.T.);
#736=EDGE_CURVE('',#600,#600,#506,.T.);
#737=EDGE_CURVE('',#600,#601,#318,.T.);
#738=EDGE_CURVE('',#601,#601,#507,.T.);
#739=EDGE_CURVE('',#602,#602,#508,.T.);
#740=EDGE_CURVE('',#602,#603,#319,.T.);
#741=EDGE_CURVE('',#603,#603,#509,.T.);
#742=EDGE_CURVE('',#604,#605,#304,.T.);
#743=EDGE_CURVE('',#605,#606,#320,.T.);
#744=EDGE_CURVE('',#606,#607,#510,.F.);
#745=EDGE_CURVE('',#607,#608,#321,.T.);
#746=EDGE_CURVE('',#608,#609,#511,.T.);
#747=EDGE_CURVE('',#609,#604,#322,.T.);
#748=EDGE_CURVE('',#610,#609,#323,.T.);
#749=EDGE_CURVE('',#611,#610,#324,.T.);
#750=EDGE_CURVE('',#611,#604,#512,.T.);
#751=EDGE_CURVE('',#605,#612,#513,.T.);
#752=EDGE_CURVE('',#612,#613,#514,.T.);
#753=EDGE_CURVE('',#614,#613,#325,.T.);
#754=EDGE_CURVE('',#614,#606,#326,.T.);
#755=EDGE_CURVE('',#615,#615,#515,.T.);
#756=EDGE_CURVE('',#615,#612,#327,.T.);
#757=EDGE_CURVE('',#611,#613,#305,.F.);
#758=EDGE_CURVE('',#616,#617,#306,.T.);
#759=EDGE_CURVE('',#617,#618,#328,.T.);
#760=EDGE_CURVE('',#618,#619,#516,.T.);
#761=EDGE_CURVE('',#619,#620,#329,.T.);
#762=EDGE_CURVE('',#620,#621,#517,.F.);
#763=EDGE_CURVE('',#621,#616,#330,.T.);
#764=EDGE_CURVE('',#622,#619,#518,.F.);
#765=EDGE_CURVE('',#622,#623,#331,.T.);
#766=EDGE_CURVE('',#620,#623,#519,.T.);
#767=EDGE_CURVE('',#624,#625,#520,.T.);
#768=EDGE_CURVE('',#626,#624,#332,.T.);
#769=EDGE_CURVE('',#627,#626,#521,.T.);
#770=EDGE_CURVE('',#628,#627,#333,.T.);
#771=EDGE_CURVE('',#629,#628,#522,.T.);
#772=EDGE_CURVE('',#630,#629,#334,.T.);
#773=EDGE_CURVE('',#631,#630,#523,.T.);
#774=EDGE_CURVE('',#625,#631,#335,.T.);
#775=EDGE_CURVE('',#608,#632,#524,.F.);
#776=EDGE_CURVE('',#632,#633,#336,.T.);
#777=EDGE_CURVE('',#634,#633,#525,.T.);
#778=EDGE_CURVE('',#634,#635,#337,.T.);
#779=EDGE_CURVE('',#636,#635,#526,.T.);
#780=EDGE_CURVE('',#636,#622,#338,.T.);
#781=EDGE_CURVE('',#618,#637,#339,.T.);
#782=EDGE_CURVE('',#638,#637,#527,.T.);
#783=EDGE_CURVE('',#638,#639,#340,.T.);
#784=EDGE_CURVE('',#610,#639,#528,.T.);
#785=EDGE_CURVE('',#621,#640,#341,.T.);
#786=EDGE_CURVE('',#641,#640,#342,.T.);
#787=EDGE_CURVE('',#641,#642,#529,.T.);
#788=EDGE_CURVE('',#642,#616,#530,.T.);
#789=EDGE_CURVE('',#617,#643,#531,.T.);
#790=EDGE_CURVE('',#637,#643,#343,.T.);
#791=EDGE_CURVE('',#642,#644,#344,.T.);
#792=EDGE_CURVE('',#644,#644,#532,.T.);
#793=EDGE_CURVE('',#641,#643,#307,.F.);
#794=EDGE_CURVE('',#645,#646,#533,.T.);
#795=EDGE_CURVE('',#646,#624,#345,.T.);
#796=EDGE_CURVE('',#625,#645,#346,.T.);
#797=EDGE_CURVE('',#647,#646,#347,.T.);
#798=EDGE_CURVE('',#626,#647,#348,.T.);
#799=EDGE_CURVE('',#645,#648,#349,.T.);
#800=EDGE_CURVE('',#649,#648,#534,.T.);
#801=EDGE_CURVE('',#649,#650,#350,.T.);
#802=EDGE_CURVE('',#651,#650,#535,.T.);
#803=EDGE_CURVE('',#651,#652,#351,.T.);
#804=EDGE_CURVE('',#647,#652,#536,.T.);
#805=EDGE_CURVE('',#652,#627,#352,.T.);
#806=EDGE_CURVE('',#628,#651,#353,.T.);
#807=EDGE_CURVE('',#650,#629,#354,.T.);
#808=EDGE_CURVE('',#630,#649,#355,.T.);
#809=EDGE_CURVE('',#653,#653,#537,.T.);
#810=EDGE_CURVE('',#648,#631,#356,.T.);
#811=EDGE_CURVE('',#654,#607,#538,.T.);
#812=EDGE_CURVE('',#654,#632,#357,.T.);
#813=EDGE_CURVE('',#654,#655,#358,.T.);
#814=EDGE_CURVE('',#633,#655,#359,.T.);
#815=EDGE_CURVE('',#639,#656,#360,.T.);
#816=EDGE_CURVE('',#614,#656,#539,.T.);
#817=EDGE_CURVE('',#657,#656,#361,.T.);
#818=EDGE_CURVE('',#657,#640,#540,.T.);
#819=EDGE_CURVE('',#658,#623,#362,.T.);
#820=EDGE_CURVE('',#658,#659,#541,.T.);
#821=EDGE_CURVE('',#660,#659,#363,.T.);
#822=EDGE_CURVE('',#660,#655,#542,.T.);
#823=EDGE_CURVE('',#657,#638,#364,.T.);
#824=EDGE_CURVE('',#658,#636,#365,.T.);
#825=EDGE_CURVE('',#660,#634,#366,.T.);
#826=EDGE_CURVE('',#635,#659,#367,.T.);
#827=EDGE_CURVE('',#661,#661,#543,.T.);
#828=EDGE_CURVE('',#653,#661,#368,.T.);
#829=EDGE_CURVE('',#662,#662,#544,.T.);
#830=EDGE_CURVE('',#662,#663,#369,.T.);
#831=EDGE_CURVE('',#663,#663,#545,.T.);
#832=EDGE_CURVE('',#664,#664,#546,.T.);
#833=EDGE_CURVE('',#664,#665,#370,.T.);
#834=EDGE_CURVE('',#665,#665,#547,.T.);
#835=EDGE_CURVE('',#666,#666,#548,.T.);
#836=EDGE_CURVE('',#666,#667,#371,.T.);
#837=EDGE_CURVE('',#667,#667,#549,.T.);
#838=EDGE_CURVE('',#668,#668,#550,.T.);
#839=EDGE_CURVE('',#668,#669,#372,.T.);
#840=EDGE_CURVE('',#669,#669,#551,.T.);
#841=EDGE_CURVE('',#670,#670,#552,.T.);
#842=EDGE_CURVE('',#670,#671,#373,.T.);
#843=EDGE_CURVE('',#671,#671,#553,.T.);
#844=EDGE_CURVE('',#672,#672,#554,.T.);
#845=EDGE_CURVE('',#672,#673,#374,.T.);
#846=EDGE_CURVE('',#673,#673,#555,.T.);
#847=EDGE_CURVE('',#674,#674,#556,.T.);
#848=EDGE_CURVE('',#674,#675,#375,.T.);
#849=EDGE_CURVE('',#675,#675,#557,.T.);
#850=EDGE_CURVE('',#676,#676,#558,.T.);
#851=EDGE_CURVE('',#676,#677,#376,.T.);
#852=EDGE_CURVE('',#677,#677,#559,.T.);
#853=EDGE_CURVE('',#678,#678,#560,.T.);
#854=EDGE_CURVE('',#678,#679,#377,.T.);
#855=EDGE_CURVE('',#679,#679,#561,.T.);
#856=EDGE_CURVE('',#680,#680,#562,.T.);
#857=EDGE_CURVE('',#680,#681,#378,.T.);
#858=EDGE_CURVE('',#681,#681,#563,.T.);
#859=EDGE_CURVE('',#682,#683,#564,.T.);
#860=EDGE_CURVE('',#683,#684,#379,.T.);
#861=EDGE_CURVE('',#684,#685,#565,.T.);
#862=EDGE_CURVE('',#685,#682,#380,.T.);
#863=EDGE_CURVE('',#686,#685,#381,.T.);
#864=EDGE_CURVE('',#687,#686,#382,.T.);
#865=EDGE_CURVE('',#682,#687,#383,.T.);
#866=EDGE_CURVE('',#684,#688,#384,.T.);
#867=EDGE_CURVE('',#689,#688,#566,.T.);
#868=EDGE_CURVE('',#689,#690,#385,.T.);
#869=EDGE_CURVE('',#691,#690,#567,.T.);
#870=EDGE_CURVE('',#691,#692,#386,.T.);
#871=EDGE_CURVE('',#686,#692,#568,.T.);
#872=EDGE_CURVE('',#693,#687,#569,.T.);
#873=EDGE_CURVE('',#692,#693,#387,.T.);
#874=EDGE_CURVE('',#694,#691,#388,.T.);
#875=EDGE_CURVE('',#693,#694,#389,.T.);
#876=EDGE_CURVE('',#695,#694,#570,.T.);
#877=EDGE_CURVE('',#690,#695,#390,.T.);
#878=EDGE_CURVE('',#696,#689,#391,.T.);
#879=EDGE_CURVE('',#695,#696,#392,.T.);
#880=EDGE_CURVE('',#697,#696,#571,.T.);
#881=EDGE_CURVE('',#688,#697,#393,.T.);
#882=EDGE_CURVE('',#697,#683,#394,.T.);
#883=EDGE_CURVE('',#698,#698,#572,.T.);
#884=EDGE_CURVE('',#698,#699,#395,.T.);
#885=EDGE_CURVE('',#699,#699,#573,.T.);
#886=EDGE_CURVE('',#700,#700,#574,.T.);
#887=EDGE_CURVE('',#700,#701,#396,.T.);
#888=EDGE_CURVE('',#701,#701,#575,.T.);
#889=EDGE_CURVE('',#702,#702,#576,.T.);
#890=EDGE_CURVE('',#702,#703,#397,.T.);
#891=EDGE_CURVE('',#703,#703,#577,.T.);
#892=ORIENTED_EDGE('',*,*,#704,.F.);
#893=ORIENTED_EDGE('',*,*,#705,.T.);
#894=ORIENTED_EDGE('',*,*,#706,.F.);
#895=ORIENTED_EDGE('',*,*,#707,.F.);
#896=ORIENTED_EDGE('',*,*,#705,.F.);
#897=ORIENTED_EDGE('',*,*,#708,.F.);
#898=ORIENTED_EDGE('',*,*,#709,.T.);
#899=ORIENTED_EDGE('',*,*,#710,.F.);
#900=ORIENTED_EDGE('',*,*,#711,.F.);
#901=ORIENTED_EDGE('',*,*,#709,.F.);
#902=ORIENTED_EDGE('',*,*,#712,.F.);
#903=ORIENTED_EDGE('',*,*,#713,.T.);
#904=ORIENTED_EDGE('',*,*,#714,.F.);
#905=ORIENTED_EDGE('',*,*,#713,.F.);
#906=ORIENTED_EDGE('',*,*,#715,.F.);
#907=ORIENTED_EDGE('',*,*,#716,.T.);
#908=ORIENTED_EDGE('',*,*,#717,.F.);
#909=ORIENTED_EDGE('',*,*,#716,.F.);
#910=ORIENTED_EDGE('',*,*,#718,.F.);
#911=ORIENTED_EDGE('',*,*,#719,.T.);
#912=ORIENTED_EDGE('',*,*,#720,.F.);
#913=ORIENTED_EDGE('',*,*,#719,.F.);
#914=ORIENTED_EDGE('',*,*,#721,.F.);
#915=ORIENTED_EDGE('',*,*,#722,.T.);
#916=ORIENTED_EDGE('',*,*,#723,.F.);
#917=ORIENTED_EDGE('',*,*,#722,.F.);
#918=ORIENTED_EDGE('',*,*,#724,.F.);
#919=ORIENTED_EDGE('',*,*,#725,.T.);
#920=ORIENTED_EDGE('',*,*,#726,.F.);
#921=ORIENTED_EDGE('',*,*,#725,.F.);
#922=ORIENTED_EDGE('',*,*,#706,.T.);
#923=ORIENTED_EDGE('',*,*,#707,.T.);
#924=ORIENTED_EDGE('',*,*,#727,.F.);
#925=ORIENTED_EDGE('',*,*,#728,.T.);
#926=ORIENTED_EDGE('',*,*,#729,.F.);
#927=ORIENTED_EDGE('',*,*,#728,.F.);
#928=ORIENTED_EDGE('',*,*,#730,.F.);
#929=ORIENTED_EDGE('',*,*,#731,.T.);
#930=ORIENTED_EDGE('',*,*,#732,.F.);
#931=ORIENTED_EDGE('',*,*,#731,.F.);
#932=ORIENTED_EDGE('',*,*,#733,.F.);
#933=ORIENTED_EDGE('',*,*,#734,.T.);
#934=ORIENTED_EDGE('',*,*,#735,.F.);
#935=ORIENTED_EDGE('',*,*,#734,.F.);
#936=ORIENTED_EDGE('',*,*,#736,.F.);
#937=ORIENTED_EDGE('',*,*,#737,.T.);
#938=ORIENTED_EDGE('',*,*,#738,.F.);
#939=ORIENTED_EDGE('',*,*,#737,.F.);
#940=ORIENTED_EDGE('',*,*,#739,.F.);
#941=ORIENTED_EDGE('',*,*,#740,.T.);
#942=ORIENTED_EDGE('',*,*,#741,.F.);
#943=ORIENTED_EDGE('',*,*,#740,.F.);
#944=ORIENTED_EDGE('',*,*,#710,.T.);
#945=ORIENTED_EDGE('',*,*,#711,.T.);
#946=ORIENTED_EDGE('',*,*,#742,.T.);
#947=ORIENTED_EDGE('',*,*,#743,.T.);
#948=ORIENTED_EDGE('',*,*,#744,.T.);
#949=ORIENTED_EDGE('',*,*,#745,.T.);
#950=ORIENTED_EDGE('',*,*,#746,.T.);
#951=ORIENTED_EDGE('',*,*,#747,.T.);
#952=ORIENTED_EDGE('',*,*,#747,.F.);
#953=ORIENTED_EDGE('',*,*,#748,.F.);
#954=ORIENTED_EDGE('',*,*,#749,.F.);
#955=ORIENTED_EDGE('',*,*,#750,.T.);
#956=ORIENTED_EDGE('',*,*,#743,.F.);
#957=ORIENTED_EDGE('',*,*,#751,.T.);
#958=ORIENTED_EDGE('',*,*,#752,.T.);
#959=ORIENTED_EDGE('',*,*,#753,.F.);
#960=ORIENTED_EDGE('',*,*,#754,.T.);
#961=ORIENTED_EDGE('',*,*,#755,.F.);
#962=ORIENTED_EDGE('',*,*,#756,.T.);
#963=ORIENTED_EDGE('',*,*,#751,.F.);
#964=ORIENTED_EDGE('',*,*,#742,.F.);
#965=ORIENTED_EDGE('',*,*,#750,.F.);
#966=ORIENTED_EDGE('',*,*,#757,.T.);
#967=ORIENTED_EDGE('',*,*,#752,.F.);
#968=ORIENTED_EDGE('',*,*,#756,.F.);
#969=ORIENTED_EDGE('',*,*,#758,.T.);
#970=ORIENTED_EDGE('',*,*,#759,.T.);
#971=ORIENTED_EDGE('',*,*,#760,.T.);
#972=ORIENTED_EDGE('',*,*,#761,.T.);
#973=ORIENTED_EDGE('',*,*,#762,.T.);
#974=ORIENTED_EDGE('',*,*,#763,.T.);
#975=ORIENTED_EDGE('',*,*,#761,.F.);
#976=ORIENTED_EDGE('',*,*,#764,.F.);
#977=ORIENTED_EDGE('',*,*,#765,.T.);
#978=ORIENTED_EDGE('',*,*,#766,.F.);
#979=ORIENTED_EDGE('',*,*,#767,.F.);
#980=ORIENTED_EDGE('',*,*,#768,.F.);
#981=ORIENTED_EDGE('',*,*,#769,.F.);
#982=ORIENTED_EDGE('',*,*,#770,.F.);
#983=ORIENTED_EDGE('',*,*,#771,.F.);
#984=ORIENTED_EDGE('',*,*,#772,.F.);
#985=ORIENTED_EDGE('',*,*,#773,.F.);
#986=ORIENTED_EDGE('',*,*,#774,.F.);
#987=ORIENTED_EDGE('',*,*,#712,.T.);
#988=ORIENTED_EDGE('',*,*,#715,.T.);
#989=ORIENTED_EDGE('',*,*,#718,.T.);
#990=ORIENTED_EDGE('',*,*,#721,.T.);
#991=ORIENTED_EDGE('',*,*,#724,.T.);
#992=ORIENTED_EDGE('',*,*,#727,.T.);
#993=ORIENTED_EDGE('',*,*,#730,.T.);
#994=ORIENTED_EDGE('',*,*,#733,.T.);
#995=ORIENTED_EDGE('',*,*,#736,.T.);
#996=ORIENTED_EDGE('',*,*,#739,.T.);
#997=ORIENTED_EDGE('',*,*,#746,.F.);
#998=ORIENTED_EDGE('',*,*,#775,.T.);
#999=ORIENTED_EDGE('',*,*,#776,.T.);
#1000=ORIENTED_EDGE('',*,*,#777,.F.);
#1001=ORIENTED_EDGE('',*,*,#778,.T.);
#1002=ORIENTED_EDGE('',*,*,#779,.F.);
#1003=ORIENTED_EDGE('',*,*,#780,.T.);
#1004=ORIENTED_EDGE('',*,*,#764,.T.);
#1005=ORIENTED_EDGE('',*,*,#760,.F.);
#1006=ORIENTED_EDGE('',*,*,#781,.T.);
#1007=ORIENTED_EDGE('',*,*,#782,.F.);
#1008=ORIENTED_EDGE('',*,*,#783,.T.);
#1009=ORIENTED_EDGE('',*,*,#784,.F.);
#1010=ORIENTED_EDGE('',*,*,#748,.T.);
#1011=ORIENTED_EDGE('',*,*,#763,.F.);
#1012=ORIENTED_EDGE('',*,*,#785,.T.);
#1013=ORIENTED_EDGE('',*,*,#786,.F.);
#1014=ORIENTED_EDGE('',*,*,#787,.T.);
#1015=ORIENTED_EDGE('',*,*,#788,.T.);
#1016=ORIENTED_EDGE('',*,*,#759,.F.);
#1017=ORIENTED_EDGE('',*,*,#789,.T.);
#1018=ORIENTED_EDGE('',*,*,#790,.F.);
#1019=ORIENTED_EDGE('',*,*,#781,.F.);
#1020=ORIENTED_EDGE('',*,*,#758,.F.);
#1021=ORIENTED_EDGE('',*,*,#788,.F.);
#1022=ORIENTED_EDGE('',*,*,#791,.T.);
#1023=ORIENTED_EDGE('',*,*,#792,.F.);
#1024=ORIENTED_EDGE('',*,*,#791,.F.);
#1025=ORIENTED_EDGE('',*,*,#787,.F.);
#1026=ORIENTED_EDGE('',*,*,#793,.T.);
#1027=ORIENTED_EDGE('',*,*,#789,.F.);
#1028=ORIENTED_EDGE('',*,*,#794,.T.);
#1029=ORIENTED_EDGE('',*,*,#795,.T.);
#1030=ORIENTED_EDGE('',*,*,#767,.T.);
#1031=ORIENTED_EDGE('',*,*,#796,.T.);
#1032=ORIENTED_EDGE('',*,*,#795,.F.);
#1033=ORIENTED_EDGE('',*,*,#797,.F.);
#1034=ORIENTED_EDGE('',*,*,#798,.F.);
#1035=ORIENTED_EDGE('',*,*,#768,.T.);
#1036=ORIENTED_EDGE('',*,*,#794,.F.);
#1037=ORIENTED_EDGE('',*,*,#799,.T.);
#1038=ORIENTED_EDGE('',*,*,#800,.F.);
#1039=ORIENTED_EDGE('',*,*,#801,.T.);
#1040=ORIENTED_EDGE('',*,*,#802,.F.);
#1041=ORIENTED_EDGE('',*,*,#803,.T.);
#1042=ORIENTED_EDGE('',*,*,#804,.F.);
#1043=ORIENTED_EDGE('',*,*,#797,.T.);
#1044=ORIENTED_EDGE('',*,*,#714,.T.);
#1045=ORIENTED_EDGE('',*,*,#717,.T.);
#1046=ORIENTED_EDGE('',*,*,#720,.T.);
#1047=ORIENTED_EDGE('',*,*,#723,.T.);
#1048=ORIENTED_EDGE('',*,*,#726,.T.);
#1049=ORIENTED_EDGE('',*,*,#729,.T.);
#1050=ORIENTED_EDGE('',*,*,#732,.T.);
#1051=ORIENTED_EDGE('',*,*,#735,.T.);
#1052=ORIENTED_EDGE('',*,*,#738,.T.);
#1053=ORIENTED_EDGE('',*,*,#741,.T.);
#1054=ORIENTED_EDGE('',*,*,#804,.T.);
#1055=ORIENTED_EDGE('',*,*,#805,.T.);
#1056=ORIENTED_EDGE('',*,*,#769,.T.);
#1057=ORIENTED_EDGE('',*,*,#798,.T.);
#1058=ORIENTED_EDGE('',*,*,#805,.F.);
#1059=ORIENTED_EDGE('',*,*,#803,.F.);
#1060=ORIENTED_EDGE('',*,*,#806,.F.);
#1061=ORIENTED_EDGE('',*,*,#770,.T.);
#1062=ORIENTED_EDGE('',*,*,#792,.T.);
#1063=ORIENTED_EDGE('',*,*,#802,.T.);
#1064=ORIENTED_EDGE('',*,*,#807,.T.);
#1065=ORIENTED_EDGE('',*,*,#771,.T.);
#1066=ORIENTED_EDGE('',*,*,#806,.T.);
#1067=ORIENTED_EDGE('',*,*,#807,.F.);
#1068=ORIENTED_EDGE('',*,*,#801,.F.);
#1069=ORIENTED_EDGE('',*,*,#808,.F.);
#1070=ORIENTED_EDGE('',*,*,#772,.T.);
#1071=ORIENTED_EDGE('',*,*,#704,.T.);
#1072=ORIENTED_EDGE('',*,*,#708,.T.);
#1073=ORIENTED_EDGE('',*,*,#809,.T.);
#1074=ORIENTED_EDGE('',*,*,#800,.T.);
#1075=ORIENTED_EDGE('',*,*,#810,.T.);
#1076=ORIENTED_EDGE('',*,*,#773,.T.);
#1077=ORIENTED_EDGE('',*,*,#808,.T.);
#1078=ORIENTED_EDGE('',*,*,#745,.F.);
#1079=ORIENTED_EDGE('',*,*,#811,.F.);
#1080=ORIENTED_EDGE('',*,*,#812,.T.);
#1081=ORIENTED_EDGE('',*,*,#775,.F.);
#1082=ORIENTED_EDGE('',*,*,#812,.F.);
#1083=ORIENTED_EDGE('',*,*,#813,.T.);
#1084=ORIENTED_EDGE('',*,*,#814,.F.);
#1085=ORIENTED_EDGE('',*,*,#776,.F.);
#1086=ORIENTED_EDGE('',*,*,#757,.F.);
#1087=ORIENTED_EDGE('',*,*,#749,.T.);
#1088=ORIENTED_EDGE('',*,*,#784,.T.);
#1089=ORIENTED_EDGE('',*,*,#815,.T.);
#1090=ORIENTED_EDGE('',*,*,#816,.F.);
#1091=ORIENTED_EDGE('',*,*,#753,.T.);
#1092=ORIENTED_EDGE('',*,*,#811,.T.);
#1093=ORIENTED_EDGE('',*,*,#744,.F.);
#1094=ORIENTED_EDGE('',*,*,#754,.F.);
#1095=ORIENTED_EDGE('',*,*,#816,.T.);
#1096=ORIENTED_EDGE('',*,*,#817,.F.);
#1097=ORIENTED_EDGE('',*,*,#818,.T.);
#1098=ORIENTED_EDGE('',*,*,#785,.F.);
#1099=ORIENTED_EDGE('',*,*,#762,.F.);
#1100=ORIENTED_EDGE('',*,*,#766,.T.);
#1101=ORIENTED_EDGE('',*,*,#819,.F.);
#1102=ORIENTED_EDGE('',*,*,#820,.T.);
#1103=ORIENTED_EDGE('',*,*,#821,.F.);
#1104=ORIENTED_EDGE('',*,*,#822,.T.);
#1105=ORIENTED_EDGE('',*,*,#813,.F.);
#1106=ORIENTED_EDGE('',*,*,#815,.F.);
#1107=ORIENTED_EDGE('',*,*,#783,.F.);
#1108=ORIENTED_EDGE('',*,*,#823,.F.);
#1109=ORIENTED_EDGE('',*,*,#817,.T.);
#1110=ORIENTED_EDGE('',*,*,#818,.F.);
#1111=ORIENTED_EDGE('',*,*,#823,.T.);
#1112=ORIENTED_EDGE('',*,*,#782,.T.);
#1113=ORIENTED_EDGE('',*,*,#790,.T.);
#1114=ORIENTED_EDGE('',*,*,#793,.F.);
#1115=ORIENTED_EDGE('',*,*,#786,.T.);
#1116=ORIENTED_EDGE('',*,*,#765,.F.);
#1117=ORIENTED_EDGE('',*,*,#780,.F.);
#1118=ORIENTED_EDGE('',*,*,#824,.F.);
#1119=ORIENTED_EDGE('',*,*,#819,.T.);
#1120=ORIENTED_EDGE('',*,*,#822,.F.);
#1121=ORIENTED_EDGE('',*,*,#825,.T.);
#1122=ORIENTED_EDGE('',*,*,#777,.T.);
#1123=ORIENTED_EDGE('',*,*,#814,.T.);
#1124=ORIENTED_EDGE('',*,*,#820,.F.);
#1125=ORIENTED_EDGE('',*,*,#824,.T.);
#1126=ORIENTED_EDGE('',*,*,#779,.T.);
#1127=ORIENTED_EDGE('',*,*,#826,.T.);
#1128=ORIENTED_EDGE('',*,*,#825,.F.);
#1129=ORIENTED_EDGE('',*,*,#821,.T.);
#1130=ORIENTED_EDGE('',*,*,#826,.F.);
#1131=ORIENTED_EDGE('',*,*,#778,.F.);
#1132=ORIENTED_EDGE('',*,*,#827,.T.);
#1133=ORIENTED_EDGE('',*,*,#809,.F.);
#1134=ORIENTED_EDGE('',*,*,#828,.T.);
#1135=ORIENTED_EDGE('',*,*,#827,.F.);
#1136=ORIENTED_EDGE('',*,*,#828,.F.);
#1137=ORIENTED_EDGE('',*,*,#796,.F.);
#1138=ORIENTED_EDGE('',*,*,#774,.T.);
#1139=ORIENTED_EDGE('',*,*,#810,.F.);
#1140=ORIENTED_EDGE('',*,*,#799,.F.);
#1141=ORIENTED_EDGE('',*,*,#755,.T.);
#1142=ORIENTED_EDGE('',*,*,#829,.F.);
#1143=ORIENTED_EDGE('',*,*,#830,.T.);
#1144=ORIENTED_EDGE('',*,*,#831,.F.);
#1145=ORIENTED_EDGE('',*,*,#830,.F.);
#1146=ORIENTED_EDGE('',*,*,#832,.F.);
#1147=ORIENTED_EDGE('',*,*,#833,.T.);
#1148=ORIENTED_EDGE('',*,*,#834,.F.);
#1149=ORIENTED_EDGE('',*,*,#833,.F.);
#1150=ORIENTED_EDGE('',*,*,#835,.F.);
#1151=ORIENTED_EDGE('',*,*,#836,.T.);
#1152=ORIENTED_EDGE('',*,*,#837,.F.);
#1153=ORIENTED_EDGE('',*,*,#836,.F.);
#1154=ORIENTED_EDGE('',*,*,#838,.F.);
#1155=ORIENTED_EDGE('',*,*,#839,.T.);
#1156=ORIENTED_EDGE('',*,*,#840,.F.);
#1157=ORIENTED_EDGE('',*,*,#839,.F.);
#1158=ORIENTED_EDGE('',*,*,#841,.F.);
#1159=ORIENTED_EDGE('',*,*,#842,.T.);
#1160=ORIENTED_EDGE('',*,*,#843,.F.);
#1161=ORIENTED_EDGE('',*,*,#842,.F.);
#1162=ORIENTED_EDGE('',*,*,#844,.F.);
#1163=ORIENTED_EDGE('',*,*,#845,.T.);
#1164=ORIENTED_EDGE('',*,*,#846,.F.);
#1165=ORIENTED_EDGE('',*,*,#845,.F.);
#1166=ORIENTED_EDGE('',*,*,#847,.F.);
#1167=ORIENTED_EDGE('',*,*,#848,.T.);
#1168=ORIENTED_EDGE('',*,*,#849,.F.);
#1169=ORIENTED_EDGE('',*,*,#848,.F.);
#1170=ORIENTED_EDGE('',*,*,#850,.F.);
#1171=ORIENTED_EDGE('',*,*,#851,.T.);
#1172=ORIENTED_EDGE('',*,*,#852,.F.);
#1173=ORIENTED_EDGE('',*,*,#851,.F.);
#1174=ORIENTED_EDGE('',*,*,#853,.F.);
#1175=ORIENTED_EDGE('',*,*,#854,.T.);
#1176=ORIENTED_EDGE('',*,*,#855,.F.);
#1177=ORIENTED_EDGE('',*,*,#854,.F.);
#1178=ORIENTED_EDGE('',*,*,#856,.F.);
#1179=ORIENTED_EDGE('',*,*,#857,.T.);
#1180=ORIENTED_EDGE('',*,*,#858,.F.);
#1181=ORIENTED_EDGE('',*,*,#857,.F.);
#1182=ORIENTED_EDGE('',*,*,#859,.T.);
#1183=ORIENTED_EDGE('',*,*,#860,.T.);
#1184=ORIENTED_EDGE('',*,*,#861,.T.);
#1185=ORIENTED_EDGE('',*,*,#862,.T.);
#1186=ORIENTED_EDGE('',*,*,#862,.F.);
#1187=ORIENTED_EDGE('',*,*,#863,.F.);
#1188=ORIENTED_EDGE('',*,*,#864,.F.);
#1189=ORIENTED_EDGE('',*,*,#865,.F.);
#1190=ORIENTED_EDGE('',*,*,#861,.F.);
#1191=ORIENTED_EDGE('',*,*,#866,.T.);
#1192=ORIENTED_EDGE('',*,*,#867,.F.);
#1193=ORIENTED_EDGE('',*,*,#868,.T.);
#1194=ORIENTED_EDGE('',*,*,#869,.F.);
#1195=ORIENTED_EDGE('',*,*,#870,.T.);
#1196=ORIENTED_EDGE('',*,*,#871,.F.);
#1197=ORIENTED_EDGE('',*,*,#863,.T.);
#1198=ORIENTED_EDGE('',*,*,#829,.T.);
#1199=ORIENTED_EDGE('',*,*,#832,.T.);
#1200=ORIENTED_EDGE('',*,*,#835,.T.);
#1201=ORIENTED_EDGE('',*,*,#838,.T.);
#1202=ORIENTED_EDGE('',*,*,#841,.T.);
#1203=ORIENTED_EDGE('',*,*,#844,.T.);
#1204=ORIENTED_EDGE('',*,*,#847,.T.);
#1205=ORIENTED_EDGE('',*,*,#850,.T.);
#1206=ORIENTED_EDGE('',*,*,#853,.T.);
#1207=ORIENTED_EDGE('',*,*,#856,.T.);
#1208=ORIENTED_EDGE('',*,*,#872,.T.);
#1209=ORIENTED_EDGE('',*,*,#864,.T.);
#1210=ORIENTED_EDGE('',*,*,#871,.T.);
#1211=ORIENTED_EDGE('',*,*,#873,.T.);
#1212=ORIENTED_EDGE('',*,*,#873,.F.);
#1213=ORIENTED_EDGE('',*,*,#870,.F.);
#1214=ORIENTED_EDGE('',*,*,#874,.F.);
#1215=ORIENTED_EDGE('',*,*,#875,.F.);
#1216=ORIENTED_EDGE('',*,*,#876,.T.);
#1217=ORIENTED_EDGE('',*,*,#874,.T.);
#1218=ORIENTED_EDGE('',*,*,#869,.T.);
#1219=ORIENTED_EDGE('',*,*,#877,.T.);
#1220=ORIENTED_EDGE('',*,*,#877,.F.);
#1221=ORIENTED_EDGE('',*,*,#868,.F.);
#1222=ORIENTED_EDGE('',*,*,#878,.F.);
#1223=ORIENTED_EDGE('',*,*,#879,.F.);
#1224=ORIENTED_EDGE('',*,*,#880,.T.);
#1225=ORIENTED_EDGE('',*,*,#878,.T.);
#1226=ORIENTED_EDGE('',*,*,#867,.T.);
#1227=ORIENTED_EDGE('',*,*,#881,.T.);
#1228=ORIENTED_EDGE('',*,*,#860,.F.);
#1229=ORIENTED_EDGE('',*,*,#882,.F.);
#1230=ORIENTED_EDGE('',*,*,#881,.F.);
#1231=ORIENTED_EDGE('',*,*,#866,.F.);
#1232=ORIENTED_EDGE('',*,*,#859,.F.);
#1233=ORIENTED_EDGE('',*,*,#865,.T.);
#1234=ORIENTED_EDGE('',*,*,#872,.F.);
#1235=ORIENTED_EDGE('',*,*,#875,.T.);
#1236=ORIENTED_EDGE('',*,*,#876,.F.);
#1237=ORIENTED_EDGE('',*,*,#879,.T.);
#1238=ORIENTED_EDGE('',*,*,#880,.F.);
#1239=ORIENTED_EDGE('',*,*,#882,.T.);
#1240=ORIENTED_EDGE('',*,*,#831,.T.);
#1241=ORIENTED_EDGE('',*,*,#834,.T.);
#1242=ORIENTED_EDGE('',*,*,#837,.T.);
#1243=ORIENTED_EDGE('',*,*,#840,.T.);
#1244=ORIENTED_EDGE('',*,*,#843,.T.);
#1245=ORIENTED_EDGE('',*,*,#846,.T.);
#1246=ORIENTED_EDGE('',*,*,#849,.T.);
#1247=ORIENTED_EDGE('',*,*,#852,.T.);
#1248=ORIENTED_EDGE('',*,*,#855,.T.);
#1249=ORIENTED_EDGE('',*,*,#858,.T.);
#1250=ORIENTED_EDGE('',*,*,#883,.F.);
#1251=ORIENTED_EDGE('',*,*,#884,.T.);
#1252=ORIENTED_EDGE('',*,*,#885,.F.);
#1253=ORIENTED_EDGE('',*,*,#884,.F.);
#1254=ORIENTED_EDGE('',*,*,#883,.T.);
#1255=ORIENTED_EDGE('',*,*,#886,.F.);
#1256=ORIENTED_EDGE('',*,*,#887,.T.);
#1257=ORIENTED_EDGE('',*,*,#888,.F.);
#1258=ORIENTED_EDGE('',*,*,#887,.F.);
#1259=ORIENTED_EDGE('',*,*,#886,.T.);
#1260=ORIENTED_EDGE('',*,*,#889,.F.);
#1261=ORIENTED_EDGE('',*,*,#890,.T.);
#1262=ORIENTED_EDGE('',*,*,#891,.F.);
#1263=ORIENTED_EDGE('',*,*,#890,.F.);
#1264=ORIENTED_EDGE('',*,*,#891,.T.);
#1265=ORIENTED_EDGE('',*,*,#885,.T.);
#1266=ORIENTED_EDGE('',*,*,#889,.T.);
#1267=ORIENTED_EDGE('',*,*,#888,.T.);
#1268=CYLINDRICAL_SURFACE('',#1420,0.8115);
#1269=CYLINDRICAL_SURFACE('',#1422,0.8115);
#1270=CYLINDRICAL_SURFACE('',#1424,1.2645);
#1271=CYLINDRICAL_SURFACE('',#1427,1.2645);
#1272=CYLINDRICAL_SURFACE('',#1430,1.2645);
#1273=CYLINDRICAL_SURFACE('',#1433,1.2645);
#1274=CYLINDRICAL_SURFACE('',#1436,1.2645);
#1275=CYLINDRICAL_SURFACE('',#1439,1.2645);
#1276=CYLINDRICAL_SURFACE('',#1442,1.2645);
#1277=CYLINDRICAL_SURFACE('',#1445,1.2645);
#1278=CYLINDRICAL_SURFACE('',#1448,1.2645);
#1279=CYLINDRICAL_SURFACE('',#1451,1.2645);
#1280=CYLINDRICAL_SURFACE('',#1454,1.6);
#1281=CYLINDRICAL_SURFACE('',#1462,1.8);
#1282=CYLINDRICAL_SURFACE('',#1464,1.6);
#1283=CYLINDRICAL_SURFACE('',#1467,1.6);
#1284=CYLINDRICAL_SURFACE('',#1485,1.8);
#1285=CYLINDRICAL_SURFACE('',#1487,1.6);
#1286=CYLINDRICAL_SURFACE('',#1494,1.6);
#1287=CYLINDRICAL_SURFACE('',#1496,1.6);
#1288=CYLINDRICAL_SURFACE('',#1499,1.6);
#1289=CYLINDRICAL_SURFACE('',#1500,1.6);
#1290=CYLINDRICAL_SURFACE('',#1503,1.6);
#1291=CYLINDRICAL_SURFACE('',#1510,1.6);
#1292=CYLINDRICAL_SURFACE('',#1512,1.6);
#1293=CYLINDRICAL_SURFACE('',#1513,1.6);
#1294=CYLINDRICAL_SURFACE('',#1516,2.05);
#1295=CYLINDRICAL_SURFACE('',#1519,1.7);
#1296=CYLINDRICAL_SURFACE('',#1522,1.7);
#1297=CYLINDRICAL_SURFACE('',#1525,1.7);
#1298=CYLINDRICAL_SURFACE('',#1528,1.7);
#1299=CYLINDRICAL_SURFACE('',#1531,1.7);
#1300=CYLINDRICAL_SURFACE('',#1534,1.7);
#1301=CYLINDRICAL_SURFACE('',#1537,1.7);
#1302=CYLINDRICAL_SURFACE('',#1540,1.7);
#1303=CYLINDRICAL_SURFACE('',#1543,1.7);
#1304=CYLINDRICAL_SURFACE('',#1546,1.7);
#1305=CYLINDRICAL_SURFACE('',#1549,1.6);
#1306=CYLINDRICAL_SURFACE('',#1557,1.6);
#1307=CYLINDRICAL_SURFACE('',#1560,1.6);
#1308=CYLINDRICAL_SURFACE('',#1563,1.6);
#1309=CYLINDRICAL_SURFACE('',#1568,0.4);
#1310=CYLINDRICAL_SURFACE('',#1572,0.4);
#1311=CYLINDRICAL_SURFACE('',#1576,3.5);
#1312=ADVANCED_FACE('',(#111),#1268,.F.);
#1313=ADVANCED_FACE('',(#112),#1269,.F.);
#1314=ADVANCED_FACE('',(#113),#1270,.F.);
#1315=ADVANCED_FACE('',(#114),#1271,.F.);
#1316=ADVANCED_FACE('',(#115),#1272,.F.);
#1317=ADVANCED_FACE('',(#116),#1273,.F.);
#1318=ADVANCED_FACE('',(#117,#60),#1274,.F.);
#1319=ADVANCED_FACE('',(#118),#1275,.F.);
#1320=ADVANCED_FACE('',(#119),#1276,.F.);
#1321=ADVANCED_FACE('',(#120),#1277,.F.);
#1322=ADVANCED_FACE('',(#121),#1278,.F.);
#1323=ADVANCED_FACE('',(#122,#61),#1279,.F.);
#1324=ADVANCED_FACE('',(#123),#1280,.T.);
#1325=ADVANCED_FACE('',(#124),#35,.F.);
#1326=ADVANCED_FACE('',(#125),#36,.F.);
#1327=ADVANCED_FACE('',(#126),#1281,.F.);
#1328=ADVANCED_FACE('',(#127),#1282,.T.);
#1329=ADVANCED_FACE('',(#128),#1283,.F.);
#1330=ADVANCED_FACE('',(#129,#62,#63,#64,#65,#66,#67,#68,#69,#70,#71,#72),
#37,.T.);
#1331=ADVANCED_FACE('',(#130),#38,.F.);
#1332=ADVANCED_FACE('',(#131),#39,.F.);
#1333=ADVANCED_FACE('',(#132),#1284,.F.);
#1334=ADVANCED_FACE('',(#133),#1285,.T.);
#1335=ADVANCED_FACE('',(#134),#40,.T.);
#1336=ADVANCED_FACE('',(#135,#73,#74,#75,#76,#77,#78,#79,#80,#81,#82),#41,
 .T.);
#1337=ADVANCED_FACE('',(#136),#1286,.T.);
#1338=ADVANCED_FACE('',(#137,#83),#42,.T.);
#1339=ADVANCED_FACE('',(#138),#1287,.T.);
#1340=ADVANCED_FACE('',(#139,#84,#85,#86),#43,.T.);
#1341=ADVANCED_FACE('',(#140),#1288,.T.);
#1342=ADVANCED_FACE('',(#141),#1289,.F.);
#1343=ADVANCED_FACE('',(#142),#44,.F.);
#1344=ADVANCED_FACE('',(#143),#1290,.F.);
#1345=ADVANCED_FACE('',(#144),#45,.F.);
#1346=ADVANCED_FACE('',(#145),#46,.F.);
#1347=ADVANCED_FACE('',(#146),#1291,.F.);
#1348=ADVANCED_FACE('',(#147),#47,.F.);
#1349=ADVANCED_FACE('',(#148),#1292,.F.);
#1350=ADVANCED_FACE('',(#149),#1293,.F.);
#1351=ADVANCED_FACE('',(#150,#87),#48,.F.);
#1352=ADVANCED_FACE('',(#151),#1294,.F.);
#1353=ADVANCED_FACE('',(#152,#88),#49,.T.);
#1354=ADVANCED_FACE('',(#153),#1295,.F.);
#1355=ADVANCED_FACE('',(#154),#1296,.F.);
#1356=ADVANCED_FACE('',(#155),#1297,.F.);
#1357=ADVANCED_FACE('',(#156),#1298,.F.);
#1358=ADVANCED_FACE('',(#157),#1299,.F.);
#1359=ADVANCED_FACE('',(#158),#1300,.F.);
#1360=ADVANCED_FACE('',(#159),#1301,.F.);
#1361=ADVANCED_FACE('',(#160),#1302,.F.);
#1362=ADVANCED_FACE('',(#161),#1303,.F.);
#1363=ADVANCED_FACE('',(#162),#1304,.F.);
#1364=ADVANCED_FACE('',(#163),#1305,.T.);
#1365=ADVANCED_FACE('',(#164),#50,.T.);
#1366=ADVANCED_FACE('',(#165,#89,#90,#91,#92,#93,#94,#95,#96,#97,#98),#51,
 .F.);
#1367=ADVANCED_FACE('',(#166),#1306,.T.);
#1368=ADVANCED_FACE('',(#167),#52,.T.);
#1369=ADVANCED_FACE('',(#168),#1307,.T.);
#1370=ADVANCED_FACE('',(#169),#53,.T.);
#1371=ADVANCED_FACE('',(#170),#1308,.T.);
#1372=ADVANCED_FACE('',(#171),#54,.T.);
#1373=ADVANCED_FACE('',(#172,#99,#100,#101,#102,#103,#104,#105,#106,#107,
#108),#55,.T.);
#1374=ADVANCED_FACE('',(#173),#1309,.T.);
#1375=ADVANCED_FACE('',(#174),#56,.T.);
#1376=ADVANCED_FACE('',(#175),#1310,.T.);
#1377=ADVANCED_FACE('',(#176),#57,.T.);
#1378=ADVANCED_FACE('',(#177),#1311,.T.);
#1379=ADVANCED_FACE('',(#178,#109),#58,.T.);
#1380=ADVANCED_FACE('',(#179,#110),#59,.T.);
#1381=CLOSED_SHELL('',(#1312,#1313,#1314,#1315,#1316,#1317,#1318,#1319,
#1320,#1321,#1322,#1323,#1324,#1325,#1326,#1327,#1328,#1329,#1330,#1331,
#1332,#1333,#1334,#1335,#1336,#1337,#1338,#1339,#1340,#1341,#1342,#1343,
#1344,#1345,#1346,#1347,#1348,#1349,#1350,#1351,#1352,#1353));
#1382=CLOSED_SHELL('',(#1354,#1355,#1356,#1357,#1358,#1359,#1360,#1361,
#1362,#1363,#1364,#1365,#1366,#1367,#1368,#1369,#1370,#1371,#1372,#1373));
#1383=CLOSED_SHELL('',(#1374,#1375,#1376,#1377,#1378,#1379,#1380));
#1384=DERIVED_UNIT_ELEMENT(#1390,1.);
#1385=DERIVED_UNIT_ELEMENT(#2537,-3.);
#1386=DERIVED_UNIT_ELEMENT(#1390,1.);
#1387=DERIVED_UNIT_ELEMENT(#2537,-3.);
#1388=DERIVED_UNIT_ELEMENT(#1390,1.);
#1389=DERIVED_UNIT_ELEMENT(#2537,-3.);
#1390=(
MASS_UNIT()
NAMED_UNIT(*)
SI_UNIT(.KILO.,.GRAM.)
);
#1391=DERIVED_UNIT((#1384,#1385));
#1392=DERIVED_UNIT((#1386,#1387));
#1393=DERIVED_UNIT((#1388,#1389));
#1394=MEASURE_REPRESENTATION_ITEM('density measure',
POSITIVE_RATIO_MEASURE(6020.),#1391);
#1395=MEASURE_REPRESENTATION_ITEM('density measure',
POSITIVE_RATIO_MEASURE(6020.),#1392);
#1396=MEASURE_REPRESENTATION_ITEM('density measure',
POSITIVE_RATIO_MEASURE(6020.),#1393);
#1397=PROPERTY_DEFINITION_REPRESENTATION(#1412,#1403);
#1398=PROPERTY_DEFINITION_REPRESENTATION(#1413,#1404);
#1399=PROPERTY_DEFINITION_REPRESENTATION(#1414,#1405);
#1400=PROPERTY_DEFINITION_REPRESENTATION(#1415,#1406);
#1401=PROPERTY_DEFINITION_REPRESENTATION(#1416,#1407);
#1402=PROPERTY_DEFINITION_REPRESENTATION(#1417,#1408);
#1403=REPRESENTATION('material name',(#1409),#2532);
#1404=REPRESENTATION('density',(#1394),#2532);
#1405=REPRESENTATION('material name',(#1410),#2533);
#1406=REPRESENTATION('density',(#1395),#2533);
#1407=REPRESENTATION('material name',(#1411),#2534);
#1408=REPRESENTATION('density',(#1396),#2534);
#1409=DESCRIPTIVE_REPRESENTATION_ITEM('Discrete Component',
'Discrete Component');
#1410=DESCRIPTIVE_REPRESENTATION_ITEM('Discrete Component',
'Discrete Component');
#1411=DESCRIPTIVE_REPRESENTATION_ITEM('Discrete Component',
'Discrete Component');
#1412=PROPERTY_DEFINITION('material property','material name',#2557);
#1413=PROPERTY_DEFINITION('material property','density of part',#2557);
#1414=PROPERTY_DEFINITION('material property','material name',#2558);
#1415=PROPERTY_DEFINITION('material property','density of part',#2558);
#1416=PROPERTY_DEFINITION('material property','material name',#2559);
#1417=PROPERTY_DEFINITION('material property','density of part',#2559);
#1418=AXIS2_PLACEMENT_3D('',#2006,#1584,#1585);
#1419=AXIS2_PLACEMENT_3D('',#2007,#1586,#1587);
#1420=AXIS2_PLACEMENT_3D('',#2008,#1588,#1589);
#1421=AXIS2_PLACEMENT_3D('',#2010,#1590,#1591);
#1422=AXIS2_PLACEMENT_3D('',#2054,#1593,#1594);
#1423=AXIS2_PLACEMENT_3D('',#2056,#1595,#1596);
#1424=AXIS2_PLACEMENT_3D('',#2100,#1598,#1599);
#1425=AXIS2_PLACEMENT_3D('',#2102,#1600,#1601);
#1426=AXIS2_PLACEMENT_3D('',#2105,#1603,#1604);
#1427=AXIS2_PLACEMENT_3D('',#2106,#1605,#1606);
#1428=AXIS2_PLACEMENT_3D('',#2108,#1607,#1608);
#1429=AXIS2_PLACEMENT_3D('',#2111,#1610,#1611);
#1430=AXIS2_PLACEMENT_3D('',#2112,#1612,#1613);
#1431=AXIS2_PLACEMENT_3D('',#2114,#1614,#1615);
#1432=AXIS2_PLACEMENT_3D('',#2117,#1617,#1618);
#1433=AXIS2_PLACEMENT_3D('',#2118,#1619,#1620);
#1434=AXIS2_PLACEMENT_3D('',#2120,#1621,#1622);
#1435=AXIS2_PLACEMENT_3D('',#2123,#1624,#1625);
#1436=AXIS2_PLACEMENT_3D('',#2124,#1626,#1627);
#1437=AXIS2_PLACEMENT_3D('',#2126,#1628,#1629);
#1438=AXIS2_PLACEMENT_3D('',#2129,#1631,#1632);
#1439=AXIS2_PLACEMENT_3D('',#2130,#1633,#1634);
#1440=AXIS2_PLACEMENT_3D('',#2132,#1635,#1636);
#1441=AXIS2_PLACEMENT_3D('',#2135,#1638,#1639);
#1442=AXIS2_PLACEMENT_3D('',#2136,#1640,#1641);
#1443=AXIS2_PLACEMENT_3D('',#2138,#1642,#1643);
#1444=AXIS2_PLACEMENT_3D('',#2141,#1645,#1646);
#1445=AXIS2_PLACEMENT_3D('',#2142,#1647,#1648);
#1446=AXIS2_PLACEMENT_3D('',#2144,#1649,#1650);
#1447=AXIS2_PLACEMENT_3D('',#2147,#1652,#1653);
#1448=AXIS2_PLACEMENT_3D('',#2148,#1654,#1655);
#1449=AXIS2_PLACEMENT_3D('',#2150,#1656,#1657);
#1450=AXIS2_PLACEMENT_3D('',#2153,#1659,#1660);
#1451=AXIS2_PLACEMENT_3D('',#2154,#1661,#1662);
#1452=AXIS2_PLACEMENT_3D('',#2156,#1663,#1664);
#1453=AXIS2_PLACEMENT_3D('',#2159,#1666,#1667);
#1454=AXIS2_PLACEMENT_3D('',#2160,#1668,#1669);
#1455=AXIS2_PLACEMENT_3D('',#2184,#1671,#1672);
#1456=AXIS2_PLACEMENT_3D('',#2188,#1674,#1675);
#1457=AXIS2_PLACEMENT_3D('',#2190,#1677,#1678);
#1458=AXIS2_PLACEMENT_3D('',#2195,#1681,#1682);
#1459=AXIS2_PLACEMENT_3D('',#2196,#1683,#1684);
#1460=AXIS2_PLACEMENT_3D('',#2198,#1685,#1686);
#1461=AXIS2_PLACEMENT_3D('',#2200,#1687,#1688);
#1462=AXIS2_PLACEMENT_3D('',#2204,#1691,#1692);
#1463=AXIS2_PLACEMENT_3D('',#2206,#1693,#1694);
#1464=AXIS2_PLACEMENT_3D('',#2219,#1696,#1697);
#1465=AXIS2_PLACEMENT_3D('',#2244,#1699,#1700);
#1466=AXIS2_PLACEMENT_3D('',#2248,#1702,#1703);
#1467=AXIS2_PLACEMENT_3D('',#2250,#1705,#1706);
#1468=AXIS2_PLACEMENT_3D('',#2252,#1707,#1708);
#1469=AXIS2_PLACEMENT_3D('',#2255,#1710,#1711);
#1470=AXIS2_PLACEMENT_3D('',#2256,#1712,#1713);
#1471=AXIS2_PLACEMENT_3D('',#2259,#1714,#1715);
#1472=AXIS2_PLACEMENT_3D('',#2263,#1717,#1718);
#1473=AXIS2_PLACEMENT_3D('',#2267,#1720,#1721);
#1474=AXIS2_PLACEMENT_3D('',#2271,#1723,#1724);
#1475=AXIS2_PLACEMENT_3D('',#2274,#1726,#1727);
#1476=AXIS2_PLACEMENT_3D('',#2278,#1729,#1730);
#1477=AXIS2_PLACEMENT_3D('',#2282,#1732,#1733);
#1478=AXIS2_PLACEMENT_3D('',#2287,#1736,#1737);
#1479=AXIS2_PLACEMENT_3D('',#2290,#1739,#1740);
#1480=AXIS2_PLACEMENT_3D('',#2291,#1741,#1742);
#1481=AXIS2_PLACEMENT_3D('',#2297,#1745,#1746);
#1482=AXIS2_PLACEMENT_3D('',#2298,#1747,#1748);
#1483=AXIS2_PLACEMENT_3D('',#2299,#1749,#1750);
#1484=AXIS2_PLACEMENT_3D('',#2301,#1751,#1752);
#1485=AXIS2_PLACEMENT_3D('',#2303,#1754,#1755);
#1486=AXIS2_PLACEMENT_3D('',#2306,#1757,#1758);
#1487=AXIS2_PLACEMENT_3D('',#2317,#1759,#1760);
#1488=AXIS2_PLACEMENT_3D('',#2320,#1761,#1762);
#1489=AXIS2_PLACEMENT_3D('',#2323,#1765,#1766);
#1490=AXIS2_PLACEMENT_3D('',#2327,#1769,#1770);
#1491=AXIS2_PLACEMENT_3D('',#2331,#1772,#1773);
#1492=AXIS2_PLACEMENT_3D('',#2335,#1775,#1776);
#1493=AXIS2_PLACEMENT_3D('',#2338,#1778,#1779);
#1494=AXIS2_PLACEMENT_3D('',#2339,#1780,#1781);
#1495=AXIS2_PLACEMENT_3D('',#2341,#1783,#1784);
#1496=AXIS2_PLACEMENT_3D('',#2343,#1786,#1787);
#1497=AXIS2_PLACEMENT_3D('',#2345,#1789,#1790);
#1498=AXIS2_PLACEMENT_3D('',#2348,#1792,#1793);
#1499=AXIS2_PLACEMENT_3D('',#2349,#1794,#1795);
#1500=AXIS2_PLACEMENT_3D('',#2351,#1797,#1798);
#1501=AXIS2_PLACEMENT_3D('',#2353,#1799,#1800);
#1502=AXIS2_PLACEMENT_3D('',#2355,#1802,#1803);
#1503=AXIS2_PLACEMENT_3D('',#2359,#1806,#1807);
#1504=AXIS2_PLACEMENT_3D('',#2362,#1809,#1810);
#1505=AXIS2_PLACEMENT_3D('',#2363,#1811,#1812);
#1506=AXIS2_PLACEMENT_3D('',#2366,#1814,#1815);
#1507=AXIS2_PLACEMENT_3D('',#2370,#1817,#1818);
#1508=AXIS2_PLACEMENT_3D('',#2373,#1820,#1821);
#1509=AXIS2_PLACEMENT_3D('',#2374,#1822,#1823);
#1510=AXIS2_PLACEMENT_3D('',#2376,#1825,#1826);
#1511=AXIS2_PLACEMENT_3D('',#2377,#1827,#1828);
#1512=AXIS2_PLACEMENT_3D('',#2379,#1830,#1831);
#1513=AXIS2_PLACEMENT_3D('',#2381,#1833,#1834);
#1514=AXIS2_PLACEMENT_3D('',#2383,#1836,#1837);
#1515=AXIS2_PLACEMENT_3D('',#2385,#1838,#1839);
#1516=AXIS2_PLACEMENT_3D('',#2386,#1840,#1841);
#1517=AXIS2_PLACEMENT_3D('',#2388,#1843,#1844);
#1518=AXIS2_PLACEMENT_3D('',#2389,#1845,#1846);
#1519=AXIS2_PLACEMENT_3D('',#2390,#1847,#1848);
#1520=AXIS2_PLACEMENT_3D('',#2392,#1849,#1850);
#1521=AXIS2_PLACEMENT_3D('',#2395,#1852,#1853);
#1522=AXIS2_PLACEMENT_3D('',#2396,#1854,#1855);
#1523=AXIS2_PLACEMENT_3D('',#2398,#1856,#1857);
#1524=AXIS2_PLACEMENT_3D('',#2401,#1859,#1860);
#1525=AXIS2_PLACEMENT_3D('',#2402,#1861,#1862);
#1526=AXIS2_PLACEMENT_3D('',#2404,#1863,#1864);
#1527=AXIS2_PLACEMENT_3D('',#2407,#1866,#1867);
#1528=AXIS2_PLACEMENT_3D('',#2408,#1868,#1869);
#1529=AXIS2_PLACEMENT_3D('',#2410,#1870,#1871);
#1530=AXIS2_PLACEMENT_3D('',#2413,#1873,#1874);
#1531=AXIS2_PLACEMENT_3D('',#2414,#1875,#1876);
#1532=AXIS2_PLACEMENT_3D('',#2416,#1877,#1878);
#1533=AXIS2_PLACEMENT_3D('',#2419,#1880,#1881);
#1534=AXIS2_PLACEMENT_3D('',#2420,#1882,#1883);
#1535=AXIS2_PLACEMENT_3D('',#2422,#1884,#1885);
#1536=AXIS2_PLACEMENT_3D('',#2425,#1887,#1888);
#1537=AXIS2_PLACEMENT_3D('',#2426,#1889,#1890);
#1538=AXIS2_PLACEMENT_3D('',#2428,#1891,#1892);
#1539=AXIS2_PLACEMENT_3D('',#2431,#1894,#1895);
#1540=AXIS2_PLACEMENT_3D('',#2432,#1896,#1897);
#1541=AXIS2_PLACEMENT_3D('',#2434,#1898,#1899);
#1542=AXIS2_PLACEMENT_3D('',#2437,#1901,#1902);
#1543=AXIS2_PLACEMENT_3D('',#2438,#1903,#1904);
#1544=AXIS2_PLACEMENT_3D('',#2440,#1905,#1906);
#1545=AXIS2_PLACEMENT_3D('',#2443,#1908,#1909);
#1546=AXIS2_PLACEMENT_3D('',#2444,#1910,#1911);
#1547=AXIS2_PLACEMENT_3D('',#2446,#1912,#1913);
#1548=AXIS2_PLACEMENT_3D('',#2449,#1915,#1916);
#1549=AXIS2_PLACEMENT_3D('',#2450,#1917,#1918);
#1550=AXIS2_PLACEMENT_3D('',#2453,#1919,#1920);
#1551=AXIS2_PLACEMENT_3D('',#2457,#1922,#1923);
#1552=AXIS2_PLACEMENT_3D('',#2459,#1925,#1926);
#1553=AXIS2_PLACEMENT_3D('',#2465,#1930,#1931);
#1554=AXIS2_PLACEMENT_3D('',#2469,#1933,#1934);
#1555=AXIS2_PLACEMENT_3D('',#2473,#1936,#1937);
#1556=AXIS2_PLACEMENT_3D('',#2476,#1939,#1940);
#1557=AXIS2_PLACEMENT_3D('',#2477,#1941,#1942);
#1558=AXIS2_PLACEMENT_3D('',#2479,#1943,#1944);
#1559=AXIS2_PLACEMENT_3D('',#2481,#1946,#1947);
#1560=AXIS2_PLACEMENT_3D('',#2485,#1950,#1951);
#1561=AXIS2_PLACEMENT_3D('',#2487,#1952,#1953);
#1562=AXIS2_PLACEMENT_3D('',#2489,#1955,#1956);
#1563=AXIS2_PLACEMENT_3D('',#2493,#1959,#1960);
#1564=AXIS2_PLACEMENT_3D('',#2495,#1961,#1962);
#1565=AXIS2_PLACEMENT_3D('',#2497,#1964,#1965);
#1566=AXIS2_PLACEMENT_3D('',#2499,#1967,#1968);
#1567=AXIS2_PLACEMENT_3D('',#2500,#1969,#1970);
#1568=AXIS2_PLACEMENT_3D('',#2501,#1971,#1972);
#1569=AXIS2_PLACEMENT_3D('',#2503,#1973,#1974);
#1570=AXIS2_PLACEMENT_3D('',#2506,#1976,#1977);
#1571=AXIS2_PLACEMENT_3D('',#2507,#1978,#1979);
#1572=AXIS2_PLACEMENT_3D('',#2508,#1980,#1981);
#1573=AXIS2_PLACEMENT_3D('',#2510,#1982,#1983);
#1574=AXIS2_PLACEMENT_3D('',#2513,#1985,#1986);
#1575=AXIS2_PLACEMENT_3D('',#2514,#1987,#1988);
#1576=AXIS2_PLACEMENT_3D('',#2515,#1989,#1990);
#1577=AXIS2_PLACEMENT_3D('',#2517,#1991,#1992);
#1578=AXIS2_PLACEMENT_3D('',#2520,#1994,#1995);
#1579=AXIS2_PLACEMENT_3D('',#2521,#1996,#1997);
#1580=AXIS2_PLACEMENT_3D('',#2522,#1998,#1999);
#1581=AXIS2_PLACEMENT_3D('',#2523,#2000,#2001);
#1582=AXIS2_PLACEMENT_3D('',#2524,#2002,#2003);
#1583=AXIS2_PLACEMENT_3D('',#2525,#2004,#2005);
#1584=DIRECTION('axis',(0.,0.,1.));
#1585=DIRECTION('refdir',(1.,0.,0.));
#1586=DIRECTION('axis',(0.,0.,1.));
#1587=DIRECTION('refdir',(1.,0.,0.));
#1588=DIRECTION('center_axis',(0.,0.,-1.));
#1589=DIRECTION('ref_axis',(1.,0.,0.));
#1590=DIRECTION('center_axis',(0.,0.,-1.));
#1591=DIRECTION('ref_axis',(1.,0.,0.));
#1592=DIRECTION('',(0.,0.,-1.));
#1593=DIRECTION('center_axis',(0.,0.,-1.));
#1594=DIRECTION('ref_axis',(1.,0.,0.));
#1595=DIRECTION('center_axis',(0.,0.,-1.));
#1596=DIRECTION('ref_axis',(1.,0.,0.));
#1597=DIRECTION('',(0.,0.,-1.));
#1598=DIRECTION('center_axis',(0.,-1.,0.));
#1599=DIRECTION('ref_axis',(0.,0.,1.));
#1600=DIRECTION('center_axis',(0.,-1.,0.));
#1601=DIRECTION('ref_axis',(0.,0.,1.));
#1602=DIRECTION('',(0.,-1.,0.));
#1603=DIRECTION('center_axis',(0.,1.,0.));
#1604=DIRECTION('ref_axis',(0.,0.,1.));
#1605=DIRECTION('center_axis',(0.,-1.,0.));
#1606=DIRECTION('ref_axis',(0.,0.,1.));
#1607=DIRECTION('center_axis',(0.,-1.,0.));
#1608=DIRECTION('ref_axis',(0.,0.,1.));
#1609=DIRECTION('',(0.,-1.,0.));
#1610=DIRECTION('center_axis',(0.,1.,0.));
#1611=DIRECTION('ref_axis',(0.,0.,1.));
#1612=DIRECTION('center_axis',(0.,-1.,0.));
#1613=DIRECTION('ref_axis',(0.,0.,1.));
#1614=DIRECTION('center_axis',(0.,-1.,0.));
#1615=DIRECTION('ref_axis',(0.,0.,1.));
#1616=DIRECTION('',(0.,-1.,0.));
#1617=DIRECTION('center_axis',(0.,1.,0.));
#1618=DIRECTION('ref_axis',(0.,0.,1.));
#1619=DIRECTION('center_axis',(0.,-1.,0.));
#1620=DIRECTION('ref_axis',(0.,0.,1.));
#1621=DIRECTION('center_axis',(0.,-1.,0.));
#1622=DIRECTION('ref_axis',(0.,0.,1.));
#1623=DIRECTION('',(0.,-1.,0.));
#1624=DIRECTION('center_axis',(0.,1.,0.));
#1625=DIRECTION('ref_axis',(0.,0.,1.));
#1626=DIRECTION('center_axis',(0.,-1.,0.));
#1627=DIRECTION('ref_axis',(0.,0.,1.));
#1628=DIRECTION('center_axis',(0.,-1.,0.));
#1629=DIRECTION('ref_axis',(0.,0.,1.));
#1630=DIRECTION('',(0.,-1.,0.));
#1631=DIRECTION('center_axis',(0.,1.,0.));
#1632=DIRECTION('ref_axis',(0.,0.,1.));
#1633=DIRECTION('center_axis',(0.,-1.,0.));
#1634=DIRECTION('ref_axis',(0.,0.,1.));
#1635=DIRECTION('center_axis',(0.,-1.,0.));
#1636=DIRECTION('ref_axis',(0.,0.,1.));
#1637=DIRECTION('',(0.,-1.,0.));
#1638=DIRECTION('center_axis',(0.,1.,0.));
#1639=DIRECTION('ref_axis',(0.,0.,1.));
#1640=DIRECTION('center_axis',(0.,-1.,0.));
#1641=DIRECTION('ref_axis',(0.,0.,1.));
#1642=DIRECTION('center_axis',(0.,-1.,0.));
#1643=DIRECTION('ref_axis',(0.,0.,1.));
#1644=DIRECTION('',(0.,-1.,0.));
#1645=DIRECTION('center_axis',(0.,1.,0.));
#1646=DIRECTION('ref_axis',(0.,0.,1.));
#1647=DIRECTION('center_axis',(0.,-1.,0.));
#1648=DIRECTION('ref_axis',(0.,0.,1.));
#1649=DIRECTION('center_axis',(0.,-1.,0.));
#1650=DIRECTION('ref_axis',(0.,0.,1.));
#1651=DIRECTION('',(0.,-1.,0.));
#1652=DIRECTION('center_axis',(0.,1.,0.));
#1653=DIRECTION('ref_axis',(0.,0.,1.));
#1654=DIRECTION('center_axis',(0.,-1.,0.));
#1655=DIRECTION('ref_axis',(0.,0.,1.));
#1656=DIRECTION('center_axis',(0.,-1.,0.));
#1657=DIRECTION('ref_axis',(0.,0.,1.));
#1658=DIRECTION('',(0.,-1.,0.));
#1659=DIRECTION('center_axis',(0.,1.,0.));
#1660=DIRECTION('ref_axis',(0.,0.,1.));
#1661=DIRECTION('center_axis',(0.,-1.,0.));
#1662=DIRECTION('ref_axis',(0.,0.,1.));
#1663=DIRECTION('center_axis',(0.,-1.,0.));
#1664=DIRECTION('ref_axis',(0.,0.,1.));
#1665=DIRECTION('',(0.,-1.,0.));
#1666=DIRECTION('center_axis',(0.,1.,0.));
#1667=DIRECTION('ref_axis',(0.,0.,1.));
#1668=DIRECTION('center_axis',(0.,-1.,0.));
#1669=DIRECTION('ref_axis',(-0.897043755900502,0.,0.441941738241501));
#1670=DIRECTION('',(0.,-1.,0.));
#1671=DIRECTION('center_axis',(0.,-1.,0.));
#1672=DIRECTION('ref_axis',(-0.897043755900502,0.,0.441941738241501));
#1673=DIRECTION('',(0.,1.,0.));
#1674=DIRECTION('center_axis',(0.,-1.,0.));
#1675=DIRECTION('ref_axis',(-0.897043755900502,0.,0.441941738241501));
#1676=DIRECTION('',(0.,-1.,0.));
#1677=DIRECTION('center_axis',(1.,0.,-4.99600361081331E-16));
#1678=DIRECTION('ref_axis',(4.99600361081331E-16,0.,1.));
#1679=DIRECTION('',(4.99600361081331E-16,0.,1.));
#1680=DIRECTION('',(0.,1.,0.));
#1681=DIRECTION('center_axis',(1.,0.,-4.99600361081331E-16));
#1682=DIRECTION('ref_axis',(0.,1.,0.));
#1683=DIRECTION('center_axis',(1.,0.,-4.99600361081331E-16));
#1684=DIRECTION('ref_axis',(4.99600361081331E-16,0.,1.));
#1685=DIRECTION('center_axis',(1.,0.,-4.99600361081331E-16));
#1686=DIRECTION('ref_axis',(0.,1.,0.));
#1687=DIRECTION('center_axis',(1.,0.,-4.99600361081331E-16));
#1688=DIRECTION('ref_axis',(0.,1.,0.));
#1689=DIRECTION('',(0.,1.,0.));
#1690=DIRECTION('',(4.99600361081331E-16,0.,1.));
#1691=DIRECTION('center_axis',(-1.,0.,4.29763751467802E-16));
#1692=DIRECTION('ref_axis',(0.,1.,0.));
#1693=DIRECTION('center_axis',(-1.,0.,4.62592926927149E-16));
#1694=DIRECTION('ref_axis',(0.,1.,0.));
#1695=DIRECTION('',(-1.,0.,4.29763751467802E-16));
#1696=DIRECTION('center_axis',(0.,-1.,0.));
#1697=DIRECTION('ref_axis',(0.897043755900497,0.,0.441941738241512));
#1698=DIRECTION('',(0.,1.,0.));
#1699=DIRECTION('center_axis',(0.,-1.,0.));
#1700=DIRECTION('ref_axis',(0.897043755900497,0.,0.441941738241512));
#1701=DIRECTION('',(0.,-1.,0.));
#1702=DIRECTION('center_axis',(0.,-1.,0.));
#1703=DIRECTION('ref_axis',(0.897043755900497,0.,0.441941738241512));
#1704=DIRECTION('',(0.,1.,0.));
#1705=DIRECTION('center_axis',(0.,1.,0.));
#1706=DIRECTION('ref_axis',(-0.218750000000282,0.,-0.975780937249687));
#1707=DIRECTION('center_axis',(0.,1.,0.));
#1708=DIRECTION('ref_axis',(-0.218750000000282,0.,-0.975780937249687));
#1709=DIRECTION('',(0.,-1.,0.));
#1710=DIRECTION('center_axis',(0.,1.,0.));
#1711=DIRECTION('ref_axis',(-0.218750000000282,0.,-0.975780937249687));
#1712=DIRECTION('center_axis',(0.,1.,0.));
#1713=DIRECTION('ref_axis',(1.,0.,0.));
#1714=DIRECTION('center_axis',(0.,-1.,0.));
#1715=DIRECTION('ref_axis',(0.707106781186548,0.,-0.707106781186548));
#1716=DIRECTION('',(1.,0.,0.));
#1717=DIRECTION('center_axis',(0.,-1.,0.));
#1718=DIRECTION('ref_axis',(-0.707106781186548,0.,-0.707106781186548));
#1719=DIRECTION('',(0.,0.,-1.));
#1720=DIRECTION('center_axis',(0.,-1.,0.));
#1721=DIRECTION('ref_axis',(-0.707106781186547,0.,0.707106781186548));
#1722=DIRECTION('',(-1.,0.,0.));
#1723=DIRECTION('center_axis',(0.,-1.,0.));
#1724=DIRECTION('ref_axis',(0.707106781186548,0.,0.707106781186548));
#1725=DIRECTION('',(4.62592926927149E-16,0.,1.));
#1726=DIRECTION('center_axis',(0.,1.,0.));
#1727=DIRECTION('ref_axis',(0.218750000000319,0.,-0.975780937249678));
#1728=DIRECTION('',(6.93889390390723E-17,0.,1.));
#1729=DIRECTION('center_axis',(0.,1.,0.));
#1730=DIRECTION('ref_axis',(0.707106781186547,0.,0.707106781186548));
#1731=DIRECTION('',(-1.,0.,0.));
#1732=DIRECTION('center_axis',(0.,1.,0.));
#1733=DIRECTION('ref_axis',(-0.70710678118655,0.,0.707106781186545));
#1734=DIRECTION('',(8.61810622865278E-15,0.,-1.));
#1735=DIRECTION('',(-1.33226762955023E-15,0.,-1.));
#1736=DIRECTION('center_axis',(0.,1.,0.));
#1737=DIRECTION('ref_axis',(-0.707106781186549,0.,-0.707106781186546));
#1738=DIRECTION('',(1.,0.,-1.18423789293366E-15));
#1739=DIRECTION('center_axis',(0.,1.,0.));
#1740=DIRECTION('ref_axis',(0.707106781186547,0.,-0.707106781186548));
#1741=DIRECTION('center_axis',(-1.,0.,1.33226762955023E-15));
#1742=DIRECTION('ref_axis',(-1.33226762955023E-15,0.,-1.));
#1743=DIRECTION('',(-1.33226762955023E-15,0.,-1.));
#1744=DIRECTION('',(0.,-1.,0.));
#1745=DIRECTION('center_axis',(-1.,0.,1.33226762955023E-15));
#1746=DIRECTION('ref_axis',(0.,1.,0.));
#1747=DIRECTION('center_axis',(-1.,0.,1.33226762955023E-15));
#1748=DIRECTION('ref_axis',(0.,1.,0.));
#1749=DIRECTION('center_axis',(-1.,0.,1.33226762955023E-15));
#1750=DIRECTION('ref_axis',(-1.33226762955023E-15,0.,-1.));
#1751=DIRECTION('center_axis',(-1.,0.,1.33226762955023E-15));
#1752=DIRECTION('ref_axis',(0.,1.,0.));
#1753=DIRECTION('',(0.,-1.,0.));
#1754=DIRECTION('center_axis',(-1.,0.,4.29763751467802E-16));
#1755=DIRECTION('ref_axis',(0.,1.,0.));
#1756=DIRECTION('',(-1.,0.,4.29763751467802E-16));
#1757=DIRECTION('center_axis',(1.,0.,0.));
#1758=DIRECTION('ref_axis',(0.,1.,0.));
#1759=DIRECTION('center_axis',(0.,-1.,0.));
#1760=DIRECTION('ref_axis',(0.707106781186548,0.,-0.707106781186548));
#1761=DIRECTION('center_axis',(0.,1.,0.));
#1762=DIRECTION('ref_axis',(0.707106781186548,0.,-0.707106781186548));
#1763=DIRECTION('',(0.,1.,0.));
#1764=DIRECTION('',(0.,-1.,0.));
#1765=DIRECTION('center_axis',(0.,0.,-1.));
#1766=DIRECTION('ref_axis',(1.,0.,0.));
#1767=DIRECTION('',(1.,0.,0.));
#1768=DIRECTION('',(0.,-1.,0.));
#1769=DIRECTION('center_axis',(0.,-1.,0.));
#1770=DIRECTION('ref_axis',(0.,0.,-1.));
#1771=DIRECTION('',(4.62592926927149E-16,0.,1.));
#1772=DIRECTION('center_axis',(0.,1.,0.));
#1773=DIRECTION('ref_axis',(0.707106781186548,0.,0.707106781186548));
#1774=DIRECTION('',(-1.,0.,0.));
#1775=DIRECTION('center_axis',(0.,1.,0.));
#1776=DIRECTION('ref_axis',(-0.707106781186547,0.,0.707106781186548));
#1777=DIRECTION('',(0.,0.,-1.));
#1778=DIRECTION('center_axis',(0.,1.,0.));
#1779=DIRECTION('ref_axis',(-0.707106781186548,0.,-0.707106781186548));
#1780=DIRECTION('center_axis',(0.,-1.,0.));
#1781=DIRECTION('ref_axis',(-0.707106781186548,0.,-0.707106781186548));
#1782=DIRECTION('',(0.,1.,0.));
#1783=DIRECTION('center_axis',(-1.,0.,0.));
#1784=DIRECTION('ref_axis',(0.,0.,-1.));
#1785=DIRECTION('',(0.,-1.,0.));
#1786=DIRECTION('center_axis',(0.,-1.,0.));
#1787=DIRECTION('ref_axis',(-0.707106781186547,0.,0.707106781186548));
#1788=DIRECTION('',(0.,1.,0.));
#1789=DIRECTION('center_axis',(0.,0.,1.));
#1790=DIRECTION('ref_axis',(-1.,0.,0.));
#1791=DIRECTION('',(0.,-1.,0.));
#1792=DIRECTION('center_axis',(0.,0.,-1.));
#1793=DIRECTION('ref_axis',(1.,0.,0.));
#1794=DIRECTION('center_axis',(0.,-1.,0.));
#1795=DIRECTION('ref_axis',(0.707106781186548,0.,0.707106781186548));
#1796=DIRECTION('',(0.,1.,0.));
#1797=DIRECTION('center_axis',(0.,-1.,0.));
#1798=DIRECTION('ref_axis',(0.218750000000319,0.,-0.975780937249678));
#1799=DIRECTION('center_axis',(0.,1.,0.));
#1800=DIRECTION('ref_axis',(0.218750000000319,0.,-0.975780937249678));
#1801=DIRECTION('',(0.,1.,0.));
#1802=DIRECTION('center_axis',(1.,0.,-6.93889390390723E-17));
#1803=DIRECTION('ref_axis',(6.93889390390723E-17,0.,1.));
#1804=DIRECTION('',(6.93889390390723E-17,0.,1.));
#1805=DIRECTION('',(0.,-1.,0.));
#1806=DIRECTION('center_axis',(0.,-1.,0.));
#1807=DIRECTION('ref_axis',(0.707106781186547,0.,-0.707106781186548));
#1808=DIRECTION('',(0.,-1.,0.));
#1809=DIRECTION('center_axis',(0.,1.,0.));
#1810=DIRECTION('ref_axis',(0.707106781186547,0.,-0.707106781186548));
#1811=DIRECTION('center_axis',(0.,-1.,0.));
#1812=DIRECTION('ref_axis',(0.,0.,-1.));
#1813=DIRECTION('',(1.,0.,-1.18423789293366E-15));
#1814=DIRECTION('center_axis',(0.,1.,0.));
#1815=DIRECTION('ref_axis',(-0.707106781186549,0.,-0.707106781186546));
#1816=DIRECTION('',(8.61810622865278E-15,0.,-1.));
#1817=DIRECTION('center_axis',(0.,1.,0.));
#1818=DIRECTION('ref_axis',(-0.70710678118655,0.,0.707106781186545));
#1819=DIRECTION('',(-1.,0.,0.));
#1820=DIRECTION('center_axis',(0.,1.,0.));
#1821=DIRECTION('ref_axis',(0.707106781186547,0.,0.707106781186548));
#1822=DIRECTION('center_axis',(-1.18423789293366E-15,0.,-1.));
#1823=DIRECTION('ref_axis',(1.,0.,-1.18423789293366E-15));
#1824=DIRECTION('',(0.,1.,0.));
#1825=DIRECTION('center_axis',(0.,-1.,0.));
#1826=DIRECTION('ref_axis',(-0.707106781186549,0.,-0.707106781186546));
#1827=DIRECTION('center_axis',(-1.,0.,-8.61810622865278E-15));
#1828=DIRECTION('ref_axis',(8.61810622865278E-15,0.,-1.));
#1829=DIRECTION('',(0.,1.,0.));
#1830=DIRECTION('center_axis',(0.,-1.,0.));
#1831=DIRECTION('ref_axis',(0.707106781186547,0.,0.707106781186548));
#1832=DIRECTION('',(0.,1.,0.));
#1833=DIRECTION('center_axis',(0.,-1.,0.));
#1834=DIRECTION('ref_axis',(-0.70710678118655,0.,0.707106781186545));
#1835=DIRECTION('',(0.,-1.,0.));
#1836=DIRECTION('center_axis',(0.,0.,1.));
#1837=DIRECTION('ref_axis',(-1.,0.,0.));
#1838=DIRECTION('center_axis',(0.,0.,1.));
#1839=DIRECTION('ref_axis',(1.,0.,0.));
#1840=DIRECTION('center_axis',(0.,0.,-1.));
#1841=DIRECTION('ref_axis',(1.,0.,0.));
#1842=DIRECTION('',(0.,0.,-1.));
#1843=DIRECTION('center_axis',(1.,0.,-4.62592926927149E-16));
#1844=DIRECTION('ref_axis',(4.62592926927149E-16,0.,1.));
#1845=DIRECTION('axis',(0.,0.,1.));
#1846=DIRECTION('refdir',(1.,0.,0.));
#1847=DIRECTION('center_axis',(0.,1.,0.));
#1848=DIRECTION('ref_axis',(0.,0.,-1.));
#1849=DIRECTION('center_axis',(0.,1.,0.));
#1850=DIRECTION('ref_axis',(0.,0.,-1.));
#1851=DIRECTION('',(0.,1.,0.));
#1852=DIRECTION('center_axis',(0.,-1.,0.));
#1853=DIRECTION('ref_axis',(0.,0.,-1.));
#1854=DIRECTION('center_axis',(0.,1.,0.));
#1855=DIRECTION('ref_axis',(0.,0.,-1.));
#1856=DIRECTION('center_axis',(0.,1.,0.));
#1857=DIRECTION('ref_axis',(0.,0.,-1.));
#1858=DIRECTION('',(0.,1.,0.));
#1859=DIRECTION('center_axis',(0.,-1.,0.));
#1860=DIRECTION('ref_axis',(0.,0.,-1.));
#1861=DIRECTION('center_axis',(0.,1.,0.));
#1862=DIRECTION('ref_axis',(0.,0.,-1.));
#1863=DIRECTION('center_axis',(0.,1.,0.));
#1864=DIRECTION('ref_axis',(0.,0.,-1.));
#1865=DIRECTION('',(0.,1.,0.));
#1866=DIRECTION('center_axis',(0.,-1.,0.));
#1867=DIRECTION('ref_axis',(0.,0.,-1.));
#1868=DIRECTION('center_axis',(0.,1.,0.));
#1869=DIRECTION('ref_axis',(0.,0.,-1.));
#1870=DIRECTION('center_axis',(0.,1.,0.));
#1871=DIRECTION('ref_axis',(0.,0.,-1.));
#1872=DIRECTION('',(0.,1.,0.));
#1873=DIRECTION('center_axis',(0.,-1.,0.));
#1874=DIRECTION('ref_axis',(0.,0.,-1.));
#1875=DIRECTION('center_axis',(0.,1.,0.));
#1876=DIRECTION('ref_axis',(0.,0.,-1.));
#1877=DIRECTION('center_axis',(0.,1.,0.));
#1878=DIRECTION('ref_axis',(0.,0.,-1.));
#1879=DIRECTION('',(0.,1.,0.));
#1880=DIRECTION('center_axis',(0.,-1.,0.));
#1881=DIRECTION('ref_axis',(0.,0.,-1.));
#1882=DIRECTION('center_axis',(0.,1.,0.));
#1883=DIRECTION('ref_axis',(0.,0.,-1.));
#1884=DIRECTION('center_axis',(0.,1.,0.));
#1885=DIRECTION('ref_axis',(0.,0.,-1.));
#1886=DIRECTION('',(0.,1.,0.));
#1887=DIRECTION('center_axis',(0.,-1.,0.));
#1888=DIRECTION('ref_axis',(0.,0.,-1.));
#1889=DIRECTION('center_axis',(0.,1.,0.));
#1890=DIRECTION('ref_axis',(0.,0.,-1.));
#1891=DIRECTION('center_axis',(0.,1.,0.));
#1892=DIRECTION('ref_axis',(0.,0.,-1.));
#1893=DIRECTION('',(0.,1.,0.));
#1894=DIRECTION('center_axis',(0.,-1.,0.));
#1895=DIRECTION('ref_axis',(0.,0.,-1.));
#1896=DIRECTION('center_axis',(0.,1.,0.));
#1897=DIRECTION('ref_axis',(0.,0.,-1.));
#1898=DIRECTION('center_axis',(0.,1.,0.));
#1899=DIRECTION('ref_axis',(0.,0.,-1.));
#1900=DIRECTION('',(0.,1.,0.));
#1901=DIRECTION('center_axis',(0.,-1.,0.));
#1902=DIRECTION('ref_axis',(0.,0.,-1.));
#1903=DIRECTION('center_axis',(0.,1.,0.));
#1904=DIRECTION('ref_axis',(0.,0.,-1.));
#1905=DIRECTION('center_axis',(0.,1.,0.));
#1906=DIRECTION('ref_axis',(0.,0.,-1.));
#1907=DIRECTION('',(0.,1.,0.));
#1908=DIRECTION('center_axis',(0.,-1.,0.));
#1909=DIRECTION('ref_axis',(0.,0.,-1.));
#1910=DIRECTION('center_axis',(0.,1.,0.));
#1911=DIRECTION('ref_axis',(0.,0.,-1.));
#1912=DIRECTION('center_axis',(0.,1.,0.));
#1913=DIRECTION('ref_axis',(0.,0.,-1.));
#1914=DIRECTION('',(0.,1.,0.));
#1915=DIRECTION('center_axis',(0.,-1.,0.));
#1916=DIRECTION('ref_axis',(0.,0.,-1.));
#1917=DIRECTION('center_axis',(0.,1.,0.));
#1918=DIRECTION('ref_axis',(0.707106781186548,0.,-0.707106781186548));
#1919=DIRECTION('center_axis',(0.,-1.,0.));
#1920=DIRECTION('ref_axis',(0.707106781186548,0.,-0.707106781186548));
#1921=DIRECTION('',(0.,-1.,0.));
#1922=DIRECTION('center_axis',(0.,1.,0.));
#1923=DIRECTION('ref_axis',(0.707106781186548,0.,-0.707106781186548));
#1924=DIRECTION('',(0.,1.,0.));
#1925=DIRECTION('center_axis',(0.,0.,-1.));
#1926=DIRECTION('ref_axis',(-1.,0.,0.));
#1927=DIRECTION('',(1.,0.,0.));
#1928=DIRECTION('',(0.,-1.,0.));
#1929=DIRECTION('',(-1.,0.,0.));
#1930=DIRECTION('center_axis',(0.,1.,0.));
#1931=DIRECTION('ref_axis',(1.,0.,0.));
#1932=DIRECTION('',(4.62592926927149E-16,0.,1.));
#1933=DIRECTION('center_axis',(0.,1.,0.));
#1934=DIRECTION('ref_axis',(0.707106781186548,0.,0.707106781186548));
#1935=DIRECTION('',(-1.,0.,0.));
#1936=DIRECTION('center_axis',(0.,1.,0.));
#1937=DIRECTION('ref_axis',(-0.707106781186548,0.,0.707106781186548));
#1938=DIRECTION('',(0.,0.,-1.));
#1939=DIRECTION('center_axis',(0.,1.,0.));
#1940=DIRECTION('ref_axis',(-0.707106781186547,0.,-0.707106781186548));
#1941=DIRECTION('center_axis',(0.,1.,0.));
#1942=DIRECTION('ref_axis',(-0.707106781186547,0.,-0.707106781186548));
#1943=DIRECTION('center_axis',(0.,-1.,0.));
#1944=DIRECTION('ref_axis',(-0.707106781186547,0.,-0.707106781186548));
#1945=DIRECTION('',(0.,1.,0.));
#1946=DIRECTION('center_axis',(-1.,0.,0.));
#1947=DIRECTION('ref_axis',(0.,0.,1.));
#1948=DIRECTION('',(0.,-1.,0.));
#1949=DIRECTION('',(0.,0.,1.));
#1950=DIRECTION('center_axis',(0.,1.,0.));
#1951=DIRECTION('ref_axis',(-0.707106781186548,0.,0.707106781186548));
#1952=DIRECTION('center_axis',(0.,-1.,0.));
#1953=DIRECTION('ref_axis',(-0.707106781186548,0.,0.707106781186548));
#1954=DIRECTION('',(0.,1.,0.));
#1955=DIRECTION('center_axis',(0.,0.,1.));
#1956=DIRECTION('ref_axis',(1.,0.,0.));
#1957=DIRECTION('',(0.,-1.,0.));
#1958=DIRECTION('',(1.,0.,0.));
#1959=DIRECTION('center_axis',(0.,1.,0.));
#1960=DIRECTION('ref_axis',(0.707106781186548,0.,0.707106781186548));
#1961=DIRECTION('center_axis',(0.,-1.,0.));
#1962=DIRECTION('ref_axis',(0.707106781186548,0.,0.707106781186548));
#1963=DIRECTION('',(0.,1.,0.));
#1964=DIRECTION('center_axis',(1.,0.,-4.62592926927149E-16));
#1965=DIRECTION('ref_axis',(-4.62592926927149E-16,0.,-1.));
#1966=DIRECTION('',(-4.62592926927149E-16,0.,-1.));
#1967=DIRECTION('center_axis',(0.,1.,0.));
#1968=DIRECTION('ref_axis',(0.,0.,1.));
#1969=DIRECTION('axis',(0.,0.,1.));
#1970=DIRECTION('refdir',(1.,0.,0.));
#1971=DIRECTION('center_axis',(0.,-1.,-2.22044604925031E-16));
#1972=DIRECTION('ref_axis',(1.,0.,0.));
#1973=DIRECTION('center_axis',(0.,-1.,-2.22044604925031E-16));
#1974=DIRECTION('ref_axis',(1.,0.,0.));
#1975=DIRECTION('',(0.,1.,2.22044604925031E-16));
#1976=DIRECTION('center_axis',(0.,1.,2.22044604925031E-16));
#1977=DIRECTION('ref_axis',(1.,0.,0.));
#1978=DIRECTION('center_axis',(0.,-1.,-2.22044604925031E-16));
#1979=DIRECTION('ref_axis',(1.,0.,0.));
#1980=DIRECTION('center_axis',(0.,1.,2.22044604925031E-16));
#1981=DIRECTION('ref_axis',(1.,0.,0.));
#1982=DIRECTION('center_axis',(0.,1.,2.22044604925031E-16));
#1983=DIRECTION('ref_axis',(1.,0.,0.));
#1984=DIRECTION('',(0.,-1.,-2.22044604925031E-16));
#1985=DIRECTION('center_axis',(0.,-1.,-2.22044604925031E-16));
#1986=DIRECTION('ref_axis',(1.,0.,0.));
#1987=DIRECTION('center_axis',(0.,1.,2.22044604925031E-16));
#1988=DIRECTION('ref_axis',(1.,0.,0.));
#1989=DIRECTION('center_axis',(0.,1.,2.22044604925031E-16));
#1990=DIRECTION('ref_axis',(1.,0.,0.));
#1991=DIRECTION('center_axis',(0.,1.,2.22044604925031E-16));
#1992=DIRECTION('ref_axis',(1.,0.,0.));
#1993=DIRECTION('',(0.,-1.,-2.22044604925031E-16));
#1994=DIRECTION('center_axis',(0.,-1.,-2.22044604925031E-16));
#1995=DIRECTION('ref_axis',(1.,0.,0.));
#1996=DIRECTION('center_axis',(0.,-1.,-2.22044604925031E-16));
#1997=DIRECTION('ref_axis',(-1.,0.,0.));
#1998=DIRECTION('center_axis',(0.,1.,2.22044604925031E-16));
#1999=DIRECTION('ref_axis',(1.,0.,0.));
#2000=DIRECTION('',(0.,0.,1.));
#2001=DIRECTION('',(1.,0.,0.));
#2002=DIRECTION('',(0.,0.,1.));
#2003=DIRECTION('',(1.,0.,0.));
#2004=DIRECTION('',(0.,-1.,2.22044604925031E-16));
#2005=DIRECTION('',(1.,0.,0.));
#2006=CARTESIAN_POINT('',(0.,0.,0.));
#2007=CARTESIAN_POINT('',(0.,0.,0.));
#2008=CARTESIAN_POINT('Origin',(-6.075,-3.5,21.5));
#2009=CARTESIAN_POINT('',(-6.8865,-3.5,24.));
#2010=CARTESIAN_POINT('Origin',(-6.075,-3.5,24.));
#2011=CARTESIAN_POINT('',(-6.8865,-3.5,20.1564289861465));
#2012=CARTESIAN_POINT('',(-6.8865,-3.5,21.5));
#2013=CARTESIAN_POINT('',(-5.2635,-3.5,19.6029328320803));
#2014=CARTESIAN_POINT('Ctrl Pts',(-5.2635,-3.5,19.6029328320803));
#2015=CARTESIAN_POINT('Ctrl Pts',(-5.2635,-3.44076714846543,19.6029328320803));
#2016=CARTESIAN_POINT('Ctrl Pts',(-5.2698873308942,-3.38455852176678,19.6149743241344));
#2017=CARTESIAN_POINT('Ctrl Pts',(-5.29268792025083,-3.27748929970417,19.6542829898778));
#2018=CARTESIAN_POINT('Ctrl Pts',(-5.30914149110178,-3.2265748040369,19.6813797532483));
#2019=CARTESIAN_POINT('Ctrl Pts',(-5.37172178703824,-3.08166306892001,19.77322905928));
#2020=CARTESIAN_POINT('Ctrl Pts',(-5.43178466368826,-2.99558103044597,19.8476574156427));
#2021=CARTESIAN_POINT('Ctrl Pts',(-5.56821510754016,-2.85915058659407,19.9780892571113));
#2022=CARTESIAN_POINT('Ctrl Pts',(-5.65415718360589,-2.79784617496058,20.0451005377148));
#2023=CARTESIAN_POINT('Ctrl Pts',(-5.85185034131252,-2.71238783937647,20.1567904046212));
#2024=CARTESIAN_POINT('Ctrl Pts',(-5.96384001868802,-2.6885,20.2012498704639));
#2025=CARTESIAN_POINT('Ctrl Pts',(-6.17525804351286,-2.6885,20.2528825146025));
#2026=CARTESIAN_POINT('Ctrl Pts',(-6.28410570043096,-2.70842317275969,20.2652160665794));
#2027=CARTESIAN_POINT('Ctrl Pts',(-6.48483092766727,-2.79122805098914,20.2637130356526));
#2028=CARTESIAN_POINT('Ctrl Pts',(-6.57672179908651,-2.85408749322075,20.250488712586));
#2029=CARTESIAN_POINT('Ctrl Pts',(-6.72075861953163,-2.99812431366586,20.2185406951117));
#2030=CARTESIAN_POINT('Ctrl Pts',(-6.78286659740647,-3.08876809568238,20.1977357725376));
#2031=CARTESIAN_POINT('Ctrl Pts',(-6.86575862382064,-3.28813364055558,20.1662256721097));
#2032=CARTESIAN_POINT('Ctrl Pts',(-6.8865,-3.39701566507413,20.1564289861465));
#2033=CARTESIAN_POINT('Ctrl Pts',(-6.8865,-3.5,20.1564289861465));
#2034=CARTESIAN_POINT('Ctrl Pts',(-6.8865,-3.5,20.1564289861465));
#2035=CARTESIAN_POINT('Ctrl Pts',(-6.8865,-3.60432938863153,20.1564289861465));
#2036=CARTESIAN_POINT('Ctrl Pts',(-6.86522265950287,-3.71451107869204,20.1664907109766));
#2037=CARTESIAN_POINT('Ctrl Pts',(-6.78036191642586,-3.91585054469999,20.1986243533201));
#2038=CARTESIAN_POINT('Ctrl Pts',(-6.71682097180807,-4.00717597327246,20.2197507491337));
#2039=CARTESIAN_POINT('Ctrl Pts',(-6.57135308560589,-4.14984381696599,20.2513244977208));
#2040=CARTESIAN_POINT('Ctrl Pts',(-6.48015594552319,-4.2112558108775,20.2640304346005));
#2041=CARTESIAN_POINT('Ctrl Pts',(-6.28145763920397,-4.29209305847292,20.2649428995115));
#2042=CARTESIAN_POINT('Ctrl Pts',(-6.17394676091861,-4.3115,20.2525622723355));
#2043=CARTESIAN_POINT('Ctrl Pts',(-5.95960504526328,-4.3115,20.2002156025676));
#2044=CARTESIAN_POINT('Ctrl Pts',(-5.84400907734681,-4.28583337436543,20.1535703551544));
#2045=CARTESIAN_POINT('Ctrl Pts',(-5.6411789802388,-4.19475910205177,20.0364277613579));
#2046=CARTESIAN_POINT('Ctrl Pts',(-5.55369606594897,-4.12962122390176,19.9661518379142));
#2047=CARTESIAN_POINT('Ctrl Pts',(-5.42133993496689,-3.99002393615584,19.8353362733247));
#2048=CARTESIAN_POINT('Ctrl Pts',(-5.36496847228028,-3.90592512616438,19.7640156410717));
#2049=CARTESIAN_POINT('Ctrl Pts',(-5.30622230974788,-3.76478291791717,19.6766870015424));
#2050=CARTESIAN_POINT('Ctrl Pts',(-5.29076920114365,-3.71523449833575,19.6510478871393));
#2051=CARTESIAN_POINT('Ctrl Pts',(-5.2694239810368,-3.61132833291438,19.6140952431329));
#2052=CARTESIAN_POINT('Ctrl Pts',(-5.2635,-3.55692345368963,19.6029328320803));
#2053=CARTESIAN_POINT('Ctrl Pts',(-5.2635,-3.5,19.6029328320803));
#2054=CARTESIAN_POINT('Origin',(6.075,-3.5,21.5));
#2055=CARTESIAN_POINT('',(5.2635,-3.5,24.));
#2056=CARTESIAN_POINT('Origin',(6.075,-3.5,24.));
#2057=CARTESIAN_POINT('',(5.2635,-3.5,19.6029328320803));
#2058=CARTESIAN_POINT('',(5.2635,-3.5,21.5));
#2059=CARTESIAN_POINT('',(6.8865,-3.5,20.1564289861465));
#2060=CARTESIAN_POINT('Ctrl Pts',(6.8865,-3.5,20.1564289861465));
#2061=CARTESIAN_POINT('Ctrl Pts',(6.8865,-3.39701566507413,20.1564289861465));
#2062=CARTESIAN_POINT('Ctrl Pts',(6.86575862382064,-3.28813364055558,20.1662256721097));
#2063=CARTESIAN_POINT('Ctrl Pts',(6.78286659740647,-3.08876809568238,20.1977357725376));
#2064=CARTESIAN_POINT('Ctrl Pts',(6.72075861953163,-2.99812431366586,20.2185406951117));
#2065=CARTESIAN_POINT('Ctrl Pts',(6.57672179908651,-2.85408749322075,20.250488712586));
#2066=CARTESIAN_POINT('Ctrl Pts',(6.48483092766727,-2.79122805098914,20.2637130356526));
#2067=CARTESIAN_POINT('Ctrl Pts',(6.28410570043096,-2.70842317275969,20.2652160665794));
#2068=CARTESIAN_POINT('Ctrl Pts',(6.17525804351286,-2.6885,20.2528825146025));
#2069=CARTESIAN_POINT('Ctrl Pts',(5.96384001868802,-2.6885,20.2012498704639));
#2070=CARTESIAN_POINT('Ctrl Pts',(5.85185034131252,-2.71238783937647,20.1567904046212));
#2071=CARTESIAN_POINT('Ctrl Pts',(5.65415718360589,-2.79784617496058,20.0451005377148));
#2072=CARTESIAN_POINT('Ctrl Pts',(5.56821510754016,-2.85915058659407,19.9780892571113));
#2073=CARTESIAN_POINT('Ctrl Pts',(5.43178466368826,-2.99558103044597,19.8476574156427));
#2074=CARTESIAN_POINT('Ctrl Pts',(5.37172178703824,-3.08166306892001,19.7732290592799));
#2075=CARTESIAN_POINT('Ctrl Pts',(5.30914149110178,-3.2265748040369,19.6813797532483));
#2076=CARTESIAN_POINT('Ctrl Pts',(5.29268792025083,-3.27748929970417,19.6542829898778));
#2077=CARTESIAN_POINT('Ctrl Pts',(5.2698873308942,-3.38455852176678,19.6149743241344));
#2078=CARTESIAN_POINT('Ctrl Pts',(5.2635,-3.44076714846543,19.6029328320803));
#2079=CARTESIAN_POINT('Ctrl Pts',(5.2635,-3.5,19.6029328320803));
#2080=CARTESIAN_POINT('Ctrl Pts',(5.2635,-3.5,19.6029328320803));
#2081=CARTESIAN_POINT('Ctrl Pts',(5.2635,-3.55692345368963,19.6029328320803));
#2082=CARTESIAN_POINT('Ctrl Pts',(5.2694239810368,-3.61132833291438,19.6140952431328));
#2083=CARTESIAN_POINT('Ctrl Pts',(5.29076920114365,-3.71523449833575,19.6510478871393));
#2084=CARTESIAN_POINT('Ctrl Pts',(5.30622230974788,-3.76478291791717,19.6766870015424));
#2085=CARTESIAN_POINT('Ctrl Pts',(5.36496847228028,-3.90592512616438,19.7640156410717));
#2086=CARTESIAN_POINT('Ctrl Pts',(5.42133993496689,-3.99002393615584,19.8353362733247));
#2087=CARTESIAN_POINT('Ctrl Pts',(5.55369606594897,-4.12962122390176,19.9661518379142));
#2088=CARTESIAN_POINT('Ctrl Pts',(5.6411789802388,-4.19475910205177,20.0364277613579));
#2089=CARTESIAN_POINT('Ctrl Pts',(5.84400907734681,-4.28583337436543,20.1535703551544));
#2090=CARTESIAN_POINT('Ctrl Pts',(5.95960504526328,-4.3115,20.2002156025676));
#2091=CARTESIAN_POINT('Ctrl Pts',(6.17394676091861,-4.3115,20.2525622723355));
#2092=CARTESIAN_POINT('Ctrl Pts',(6.28145763920397,-4.29209305847292,20.2649428995115));
#2093=CARTESIAN_POINT('Ctrl Pts',(6.48015594552319,-4.2112558108775,20.2640304346005));
#2094=CARTESIAN_POINT('Ctrl Pts',(6.57135308560589,-4.14984381696599,20.2513244977208));
#2095=CARTESIAN_POINT('Ctrl Pts',(6.71682097180807,-4.00717597327246,20.2197507491337));
#2096=CARTESIAN_POINT('Ctrl Pts',(6.78036191642586,-3.91585054469999,20.1986243533201));
#2097=CARTESIAN_POINT('Ctrl Pts',(6.86522265950287,-3.71451107869204,20.1664907109766));
#2098=CARTESIAN_POINT('Ctrl Pts',(6.8865,-3.60432938863153,20.1564289861465));
#2099=CARTESIAN_POINT('Ctrl Pts',(6.8865,-3.5,20.1564289861465));
#2100=CARTESIAN_POINT('Origin',(6.37499999999982,-10.,9.));
#2101=CARTESIAN_POINT('',(6.37499999999982,0.,7.7355));
#2102=CARTESIAN_POINT('Origin',(6.37499999999982,0.,9.));
#2103=CARTESIAN_POINT('',(6.37499999999982,-8.,7.7355));
#2104=CARTESIAN_POINT('',(6.37499999999982,-10.,7.7355));
#2105=CARTESIAN_POINT('Origin',(6.37499999999982,-8.,9.));
#2106=CARTESIAN_POINT('Origin',(6.37499999999981,-10.,-11.));
#2107=CARTESIAN_POINT('',(6.37499999999981,0.,-12.2645));
#2108=CARTESIAN_POINT('Origin',(6.37499999999981,0.,-11.));
#2109=CARTESIAN_POINT('',(6.37499999999981,-8.,-12.2645));
#2110=CARTESIAN_POINT('',(6.37499999999981,-10.,-12.2645));
#2111=CARTESIAN_POINT('Origin',(6.37499999999981,-8.,-11.));
#2112=CARTESIAN_POINT('Origin',(-6.37499999999982,-10.,-21.));
#2113=CARTESIAN_POINT('',(-6.37499999999982,0.,-22.2645));
#2114=CARTESIAN_POINT('Origin',(-6.37499999999982,0.,-21.));
#2115=CARTESIAN_POINT('',(-6.37499999999982,-8.,-22.2645));
#2116=CARTESIAN_POINT('',(-6.37499999999982,-10.,-22.2645));
#2117=CARTESIAN_POINT('Origin',(-6.37499999999982,-8.,-21.));
#2118=CARTESIAN_POINT('Origin',(-6.37499999999982,-10.,-0.999999999999995));
#2119=CARTESIAN_POINT('',(-6.37499999999982,0.,-2.26449999999999));
#2120=CARTESIAN_POINT('Origin',(-6.37499999999982,0.,-0.999999999999995));
#2121=CARTESIAN_POINT('',(-6.37499999999982,-8.,-2.26449999999999));
#2122=CARTESIAN_POINT('',(-6.37499999999982,-10.,-2.26449999999999));
#2123=CARTESIAN_POINT('Origin',(-6.37499999999982,-8.,-0.999999999999995));
#2124=CARTESIAN_POINT('Origin',(-6.37499999999982,-10.,19.));
#2125=CARTESIAN_POINT('',(-6.37499999999982,0.,17.7355));
#2126=CARTESIAN_POINT('Origin',(-6.37499999999982,0.,19.));
#2127=CARTESIAN_POINT('',(-6.37499999999982,-8.,17.7355));
#2128=CARTESIAN_POINT('',(-6.37499999999982,-10.,17.7355));
#2129=CARTESIAN_POINT('Origin',(-6.37499999999982,-8.,19.));
#2130=CARTESIAN_POINT('Origin',(-6.37499999999982,-10.,9.00000000000001));
#2131=CARTESIAN_POINT('',(-6.37499999999982,0.,7.7355));
#2132=CARTESIAN_POINT('Origin',(-6.37499999999982,0.,9.00000000000001));
#2133=CARTESIAN_POINT('',(-6.37499999999982,-8.,7.7355));
#2134=CARTESIAN_POINT('',(-6.37499999999982,-10.,7.7355));
#2135=CARTESIAN_POINT('Origin',(-6.37499999999982,-8.,9.00000000000001));
#2136=CARTESIAN_POINT('Origin',(-6.37499999999982,-10.,-11.));
#2137=CARTESIAN_POINT('',(-6.37499999999982,0.,-12.2645));
#2138=CARTESIAN_POINT('Origin',(-6.37499999999982,0.,-11.));
#2139=CARTESIAN_POINT('',(-6.37499999999982,-8.,-12.2645));
#2140=CARTESIAN_POINT('',(-6.37499999999982,-10.,-12.2645));
#2141=CARTESIAN_POINT('Origin',(-6.37499999999982,-8.,-11.));
#2142=CARTESIAN_POINT('Origin',(6.37499999999981,-10.,-21.));
#2143=CARTESIAN_POINT('',(6.37499999999981,0.,-22.2645));
#2144=CARTESIAN_POINT('Origin',(6.37499999999981,0.,-21.));
#2145=CARTESIAN_POINT('',(6.37499999999981,-8.,-22.2645));
#2146=CARTESIAN_POINT('',(6.37499999999981,-10.,-22.2645));
#2147=CARTESIAN_POINT('Origin',(6.37499999999981,-8.,-21.));
#2148=CARTESIAN_POINT('Origin',(6.37499999999982,-10.,-0.999999999999998));
#2149=CARTESIAN_POINT('',(6.37499999999982,0.,-2.2645));
#2150=CARTESIAN_POINT('Origin',(6.37499999999982,0.,-0.999999999999998));
#2151=CARTESIAN_POINT('',(6.37499999999982,-8.,-2.2645));
#2152=CARTESIAN_POINT('',(6.37499999999982,-10.,-2.2645));
#2153=CARTESIAN_POINT('Origin',(6.37499999999982,-8.,-0.999999999999998));
#2154=CARTESIAN_POINT('Origin',(6.37499999999983,-10.,19.));
#2155=CARTESIAN_POINT('',(6.37499999999983,0.,17.7355));
#2156=CARTESIAN_POINT('Origin',(6.37499999999983,0.,19.));
#2157=CARTESIAN_POINT('',(6.37499999999983,-8.,17.7355));
#2158=CARTESIAN_POINT('',(6.37499999999983,-10.,17.7355));
#2159=CARTESIAN_POINT('Origin',(6.37499999999983,-8.,19.));
#2160=CARTESIAN_POINT('Origin',(4.1,0.,-15.9759733916733));
#2161=CARTESIAN_POINT('',(2.5,-2.01967250061383,-15.9759733916733));
#2162=CARTESIAN_POINT('',(2.5,-4.98032749938617,-15.9759733916733));
#2163=CARTESIAN_POINT('Ctrl Pts',(2.5,-2.01967250061384,-15.9759733916733));
#2164=CARTESIAN_POINT('Ctrl Pts',(2.5,-2.09228720468643,-15.8710019559465));
#2165=CARTESIAN_POINT('Ctrl Pts',(2.51039378291044,-2.17645841868116,-15.7733283125255));
#2166=CARTESIAN_POINT('Ctrl Pts',(2.54549904041227,-2.37994870781218,-15.5829371218993));
#2167=CARTESIAN_POINT('Ctrl Pts',(2.57240133577141,-2.50283496556398,-15.4939016252403));
#2168=CARTESIAN_POINT('Ctrl Pts',(2.62586626794667,-2.76690277304899,-15.3491706741555));
#2169=CARTESIAN_POINT('Ctrl Pts',(2.65232429353898,-2.90836387957053,-15.2933462355243));
#2170=CARTESIAN_POINT('Ctrl Pts',(2.68991432934717,-3.20031468382955,-15.21873947415));
#2171=CARTESIAN_POINT('Ctrl Pts',(2.70076260219538,-3.35085179142075,-15.2));
#2172=CARTESIAN_POINT('Ctrl Pts',(2.70076260219538,-3.64914820857925,-15.2));
#2173=CARTESIAN_POINT('Ctrl Pts',(2.68991432934717,-3.79968531617046,-15.21873947415));
#2174=CARTESIAN_POINT('Ctrl Pts',(2.65232429353898,-4.09163612042947,-15.2933462355243));
#2175=CARTESIAN_POINT('Ctrl Pts',(2.62586626794667,-4.23309722695101,-15.3491706741555));
#2176=CARTESIAN_POINT('Ctrl Pts',(2.57240133577141,-4.49716503443602,-15.4939016252403));
#2177=CARTESIAN_POINT('Ctrl Pts',(2.54549904041227,-4.62005129218782,-15.5829371218993));
#2178=CARTESIAN_POINT('Ctrl Pts',(2.51039378291044,-4.82354158131884,-15.7733283125255));
#2179=CARTESIAN_POINT('Ctrl Pts',(2.5,-4.90771279531357,-15.8710019559465));
#2180=CARTESIAN_POINT('Ctrl Pts',(2.5,-4.98032749938617,-15.9759733916733));
#2181=CARTESIAN_POINT('',(2.5,-7.,-15.9759733916733));
#2182=CARTESIAN_POINT('',(2.5,0.,-15.9759733916733));
#2183=CARTESIAN_POINT('',(3.12499999999975,-7.,-14.7073619460369));
#2184=CARTESIAN_POINT('Origin',(4.1,-7.,-15.9759733916733));
#2185=CARTESIAN_POINT('',(3.12499999999975,0.,-14.7073619460369));
#2186=CARTESIAN_POINT('',(3.12499999999975,0.,-14.7073619460369));
#2187=CARTESIAN_POINT('',(2.5,0.,-15.9759733916733));
#2188=CARTESIAN_POINT('Origin',(4.1,0.,-15.9759733916733));
#2189=CARTESIAN_POINT('',(2.5,0.,-15.9759733916733));
#2190=CARTESIAN_POINT('Origin',(2.5,0.,-20.));
#2191=CARTESIAN_POINT('',(2.5,0.,-18.4));
#2192=CARTESIAN_POINT('',(2.5,0.,-10.));
#2193=CARTESIAN_POINT('',(2.5,-2.36862915010154,-18.4));
#2194=CARTESIAN_POINT('',(2.5,0.,-18.4));
#2195=CARTESIAN_POINT('Origin',(2.5,-3.5,-17.));
#2196=CARTESIAN_POINT('Origin',(2.5,0.,-20.));
#2197=CARTESIAN_POINT('',(2.5,-5.3,-17.));
#2198=CARTESIAN_POINT('Origin',(2.5,-3.5,-17.));
#2199=CARTESIAN_POINT('',(2.5,-4.63137084989846,-18.4));
#2200=CARTESIAN_POINT('Origin',(2.5,-3.5,-17.));
#2201=CARTESIAN_POINT('',(2.5,-7.,-18.4));
#2202=CARTESIAN_POINT('',(2.5,0.,-18.4));
#2203=CARTESIAN_POINT('',(2.5,-7.,-20.));
#2204=CARTESIAN_POINT('Origin',(-0.900000000000015,-3.5,-17.));
#2205=CARTESIAN_POINT('',(9.,-5.3,-17.));
#2206=CARTESIAN_POINT('Origin',(9.,-3.5,-17.));
#2207=CARTESIAN_POINT('',(-0.900000000000015,-5.3,-17.));
#2208=CARTESIAN_POINT('Ctrl Pts',(2.5,-4.63137084989846,-18.4));
#2209=CARTESIAN_POINT('Ctrl Pts',(2.5,-4.53675767660663,-18.4764589901991));
#2210=CARTESIAN_POINT('Ctrl Pts',(2.49452472201987,-4.4335482747957,-18.5438725285167));
#2211=CARTESIAN_POINT('Ctrl Pts',(2.47083078535735,-4.06869998899456,-18.7318698712715));
#2212=CARTESIAN_POINT('Ctrl Pts',(2.44919333848297,-3.77865490158783,-18.8));
#2213=CARTESIAN_POINT('Ctrl Pts',(2.44919333848297,-3.5,-18.8));
#2214=CARTESIAN_POINT('Ctrl Pts',(2.44919333848297,-3.22134509841217,-18.8));
#2215=CARTESIAN_POINT('Ctrl Pts',(2.47083078535735,-2.93130001100544,-18.7318698712715));
#2216=CARTESIAN_POINT('Ctrl Pts',(2.49452472201987,-2.5664517252043,-18.5438725285167));
#2217=CARTESIAN_POINT('Ctrl Pts',(2.5,-2.46324232339337,-18.4764589901991));
#2218=CARTESIAN_POINT('Ctrl Pts',(2.5,-2.36862915010154,-18.4));
#2219=CARTESIAN_POINT('Origin',(-4.1,0.,-15.9759733916734));
#2220=CARTESIAN_POINT('',(-2.5,-4.98032749938623,-15.9759733916734));
#2221=CARTESIAN_POINT('',(-2.5,-2.01967250061377,-15.9759733916734));
#2222=CARTESIAN_POINT('Ctrl Pts',(-2.5,-4.98032749938623,-15.9759733916734));
#2223=CARTESIAN_POINT('Ctrl Pts',(-2.5,-4.90771279531362,-15.8710019559466));
#2224=CARTESIAN_POINT('Ctrl Pts',(-2.51039378291045,-4.82354158131888,-15.7733283125256));
#2225=CARTESIAN_POINT('Ctrl Pts',(-2.54549904041229,-4.62005129218783,-15.5829371218993));
#2226=CARTESIAN_POINT('Ctrl Pts',(-2.57240133577144,-4.49716503443603,-15.4939016252403));
#2227=CARTESIAN_POINT('Ctrl Pts',(-2.62586626794671,-4.23309722695102,-15.3491706741555));
#2228=CARTESIAN_POINT('Ctrl Pts',(-2.65232429353902,-4.09163612042948,-15.2933462355243));
#2229=CARTESIAN_POINT('Ctrl Pts',(-2.68991432934722,-3.79968531617046,-15.21873947415));
#2230=CARTESIAN_POINT('Ctrl Pts',(-2.70076260219543,-3.64914820857925,-15.2));
#2231=CARTESIAN_POINT('Ctrl Pts',(-2.70076260219543,-3.5,-15.2));
#2232=CARTESIAN_POINT('Ctrl Pts',(-2.70076260219543,-3.35085179142075,-15.2));
#2233=CARTESIAN_POINT('Ctrl Pts',(-2.68991432934722,-3.20031468382954,-15.21873947415));
#2234=CARTESIAN_POINT('Ctrl Pts',(-2.65232429353902,-2.90836387957052,-15.2933462355243));
#2235=CARTESIAN_POINT('Ctrl Pts',(-2.62586626794671,-2.76690277304898,-15.3491706741555));
#2236=CARTESIAN_POINT('Ctrl Pts',(-2.57240133577144,-2.50283496556397,-15.4939016252403));
#2237=CARTESIAN_POINT('Ctrl Pts',(-2.54549904041229,-2.37994870781217,-15.5829371218993));
#2238=CARTESIAN_POINT('Ctrl Pts',(-2.51039378291045,-2.17645841868113,-15.7733283125256));
#2239=CARTESIAN_POINT('Ctrl Pts',(-2.5,-2.09228720468638,-15.8710019559466));
#2240=CARTESIAN_POINT('Ctrl Pts',(-2.5,-2.01967250061378,-15.9759733916734));
#2241=CARTESIAN_POINT('',(-2.5,0.,-15.9759733916734));
#2242=CARTESIAN_POINT('',(-2.5,0.,-15.9759733916734));
#2243=CARTESIAN_POINT('',(-3.12499999999978,0.,-14.707361946037));
#2244=CARTESIAN_POINT('Origin',(-4.1,0.,-15.9759733916734));
#2245=CARTESIAN_POINT('',(-3.12499999999978,-7.,-14.707361946037));
#2246=CARTESIAN_POINT('',(-3.12499999999978,0.,-14.707361946037));
#2247=CARTESIAN_POINT('',(-2.5,-7.,-15.9759733916734));
#2248=CARTESIAN_POINT('Origin',(-4.1,-7.,-15.9759733916734));
#2249=CARTESIAN_POINT('',(-2.5,0.,-15.9759733916734));
#2250=CARTESIAN_POINT('Origin',(-2.14999999999955,0.,-13.4387505004007));
#2251=CARTESIAN_POINT('',(-3.74999999999955,0.,-13.4387505004007));
#2252=CARTESIAN_POINT('Origin',(-2.14999999999955,0.,-13.4387505004007));
#2253=CARTESIAN_POINT('',(-3.74999999999955,-7.,-13.4387505004007));
#2254=CARTESIAN_POINT('',(-3.74999999999955,0.,-13.4387505004007));
#2255=CARTESIAN_POINT('Origin',(-2.14999999999955,-7.,-13.4387505004007));
#2256=CARTESIAN_POINT('Origin',(5.55111512312578E-15,0.,0.));
#2257=CARTESIAN_POINT('',(7.4,0.,-24.));
#2258=CARTESIAN_POINT('',(9.,0.,-22.4));
#2259=CARTESIAN_POINT('Origin',(7.4,0.,-22.4));
#2260=CARTESIAN_POINT('',(-7.4,0.,-24.));
#2261=CARTESIAN_POINT('',(-9.00000000000001,0.,-24.));
#2262=CARTESIAN_POINT('',(-9.00000000000001,0.,-22.4));
#2263=CARTESIAN_POINT('Origin',(-7.4,0.,-22.4));
#2264=CARTESIAN_POINT('',(-9.00000000000001,0.,22.4));
#2265=CARTESIAN_POINT('',(-9.00000000000001,0.,24.));
#2266=CARTESIAN_POINT('',(-7.40000000000001,0.,24.));
#2267=CARTESIAN_POINT('Origin',(-7.40000000000001,0.,22.4));
#2268=CARTESIAN_POINT('',(7.40000000000002,0.,24.));
#2269=CARTESIAN_POINT('',(9.00000000000002,0.,24.));
#2270=CARTESIAN_POINT('',(9.00000000000002,0.,22.4));
#2271=CARTESIAN_POINT('Origin',(7.40000000000002,0.,22.4));
#2272=CARTESIAN_POINT('',(8.99999999999999,0.,-24.));
#2273=CARTESIAN_POINT('',(3.74999999999949,0.,-13.4387505004006));
#2274=CARTESIAN_POINT('Origin',(2.14999999999949,0.,-13.4387505004006));
#2275=CARTESIAN_POINT('',(3.74999999999949,0.,18.4));
#2276=CARTESIAN_POINT('',(3.74999999999949,0.,-7.50000000000005));
#2277=CARTESIAN_POINT('',(2.14999999999949,0.,20.));
#2278=CARTESIAN_POINT('Origin',(2.14999999999949,0.,18.4));
#2279=CARTESIAN_POINT('',(-2.14999999999982,0.,20.));
#2280=CARTESIAN_POINT('',(1.87499999999975,0.,20.));
#2281=CARTESIAN_POINT('',(-3.74999999999983,0.,18.4));
#2282=CARTESIAN_POINT('Origin',(-2.14999999999982,0.,18.4));
#2283=CARTESIAN_POINT('',(-3.74999999999975,0.,9.99999999999998));
#2284=CARTESIAN_POINT('',(-2.50000000000001,0.,-18.4));
#2285=CARTESIAN_POINT('',(-2.49999999999999,0.,-7.50000000000007));
#2286=CARTESIAN_POINT('',(-0.900000000000007,0.,-20.));
#2287=CARTESIAN_POINT('Origin',(-0.900000000000005,0.,-18.4));
#2288=CARTESIAN_POINT('',(0.899999999999998,0.,-20.));
#2289=CARTESIAN_POINT('',(-1.25000000000001,0.,-20.));
#2290=CARTESIAN_POINT('Origin',(0.9,0.,-18.4));
#2291=CARTESIAN_POINT('Origin',(-2.5,0.,-15.0000000000002));
#2292=CARTESIAN_POINT('',(-2.50000000000001,-7.,-18.4));
#2293=CARTESIAN_POINT('',(-2.5,-7.,-15.0000000000002));
#2294=CARTESIAN_POINT('',(-2.5,-4.63137084989846,-18.4));
#2295=CARTESIAN_POINT('',(-2.50000000000001,0.,-18.4));
#2296=CARTESIAN_POINT('',(-2.5,-5.3,-17.));
#2297=CARTESIAN_POINT('Origin',(-2.5,-3.5,-17.));
#2298=CARTESIAN_POINT('Origin',(-2.5,-3.5,-17.));
#2299=CARTESIAN_POINT('Origin',(-2.5,0.,-15.0000000000002));
#2300=CARTESIAN_POINT('',(-2.5,-2.36862915010154,-18.4));
#2301=CARTESIAN_POINT('Origin',(-2.5,-3.5,-17.));
#2302=CARTESIAN_POINT('',(-2.50000000000001,0.,-18.4));
#2303=CARTESIAN_POINT('Origin',(-0.900000000000015,-3.5,-17.));
#2304=CARTESIAN_POINT('',(-9.00000000000002,-5.3,-17.));
#2305=CARTESIAN_POINT('',(-0.900000000000015,-5.3,-17.));
#2306=CARTESIAN_POINT('Origin',(-9.00000000000002,-3.5,-17.));
#2307=CARTESIAN_POINT('Ctrl Pts',(-2.50000000000001,-2.36862915010154,-18.4));
#2308=CARTESIAN_POINT('Ctrl Pts',(-2.50000000000001,-2.46324232339337,-18.4764589901991));
#2309=CARTESIAN_POINT('Ctrl Pts',(-2.49452472201988,-2.5664517252043,-18.5438725285167));
#2310=CARTESIAN_POINT('Ctrl Pts',(-2.47083078535735,-2.93130001100544,-18.7318698712715));
#2311=CARTESIAN_POINT('Ctrl Pts',(-2.44919333848298,-3.22134509841217,-18.8));
#2312=CARTESIAN_POINT('Ctrl Pts',(-2.44919333848298,-3.77865490158783,-18.8));
#2313=CARTESIAN_POINT('Ctrl Pts',(-2.47083078535735,-4.06869998899456,-18.7318698712715));
#2314=CARTESIAN_POINT('Ctrl Pts',(-2.49452472201988,-4.4335482747957,-18.5438725285167));
#2315=CARTESIAN_POINT('Ctrl Pts',(-2.50000000000001,-4.53675767660663,-18.4764589901991));
#2316=CARTESIAN_POINT('Ctrl Pts',(-2.50000000000001,-4.63137084989846,-18.4));
#2317=CARTESIAN_POINT('Origin',(7.4,0.,-22.4));
#2318=CARTESIAN_POINT('',(9.,-8.,-22.4));
#2319=CARTESIAN_POINT('',(7.4,-8.,-24.));
#2320=CARTESIAN_POINT('Origin',(7.4,-8.,-22.4));
#2321=CARTESIAN_POINT('',(7.4,0.,-24.));
#2322=CARTESIAN_POINT('',(9.,0.,-22.4));
#2323=CARTESIAN_POINT('Origin',(-9.00000000000001,0.,-24.));
#2324=CARTESIAN_POINT('',(-7.4,-8.,-24.));
#2325=CARTESIAN_POINT('',(-9.00000000000001,-8.,-24.));
#2326=CARTESIAN_POINT('',(-7.4,0.,-24.));
#2327=CARTESIAN_POINT('Origin',(5.55111512312578E-15,-8.,0.));
#2328=CARTESIAN_POINT('',(9.00000000000002,-8.,22.4));
#2329=CARTESIAN_POINT('',(8.99999999999999,-8.,-24.));
#2330=CARTESIAN_POINT('',(7.40000000000002,-8.,24.));
#2331=CARTESIAN_POINT('Origin',(7.40000000000002,-8.,22.4));
#2332=CARTESIAN_POINT('',(-7.40000000000001,-8.,24.));
#2333=CARTESIAN_POINT('',(9.00000000000002,-8.,24.));
#2334=CARTESIAN_POINT('',(-9.00000000000001,-8.,22.4));
#2335=CARTESIAN_POINT('Origin',(-7.40000000000001,-8.,22.4));
#2336=CARTESIAN_POINT('',(-9.00000000000001,-8.,-22.4));
#2337=CARTESIAN_POINT('',(-9.00000000000001,-8.,24.));
#2338=CARTESIAN_POINT('Origin',(-7.4,-8.,-22.4));
#2339=CARTESIAN_POINT('Origin',(-7.4,0.,-22.4));
#2340=CARTESIAN_POINT('',(-9.00000000000001,0.,-22.4));
#2341=CARTESIAN_POINT('Origin',(-9.00000000000001,0.,24.));
#2342=CARTESIAN_POINT('',(-9.00000000000001,0.,22.4));
#2343=CARTESIAN_POINT('Origin',(-7.40000000000001,0.,22.4));
#2344=CARTESIAN_POINT('',(-7.40000000000001,0.,24.));
#2345=CARTESIAN_POINT('Origin',(9.00000000000002,0.,24.));
#2346=CARTESIAN_POINT('',(7.40000000000002,0.,24.));
#2347=CARTESIAN_POINT('',(-2.05,-3.5,24.));
#2348=CARTESIAN_POINT('Origin',(0.,-3.5,24.));
#2349=CARTESIAN_POINT('Origin',(7.40000000000002,0.,22.4));
#2350=CARTESIAN_POINT('',(9.00000000000002,0.,22.4));
#2351=CARTESIAN_POINT('Origin',(2.14999999999949,0.,-13.4387505004006));
#2352=CARTESIAN_POINT('',(3.74999999999949,-7.,-13.4387505004006));
#2353=CARTESIAN_POINT('Origin',(2.14999999999949,-7.,-13.4387505004006));
#2354=CARTESIAN_POINT('',(3.74999999999949,0.,-13.4387505004006));
#2355=CARTESIAN_POINT('Origin',(3.74999999999949,0.,-15.0000000000001));
#2356=CARTESIAN_POINT('',(3.74999999999949,-7.,18.4));
#2357=CARTESIAN_POINT('',(3.74999999999949,-7.,-20.));
#2358=CARTESIAN_POINT('',(3.74999999999949,0.,18.4));
#2359=CARTESIAN_POINT('Origin',(0.9,0.,-18.4));
#2360=CARTESIAN_POINT('',(0.899999999999998,-7.,-20.));
#2361=CARTESIAN_POINT('',(0.899999999999998,0.,-20.));
#2362=CARTESIAN_POINT('Origin',(0.9,-7.,-18.4));
#2363=CARTESIAN_POINT('Origin',(-1.72639680329212E-13,-7.,-4.44089209850063E-15));
#2364=CARTESIAN_POINT('',(-0.900000000000007,-7.,-20.));
#2365=CARTESIAN_POINT('',(-3.74999999999949,-7.,-20.));
#2366=CARTESIAN_POINT('Origin',(-0.900000000000005,-7.,-18.4));
#2367=CARTESIAN_POINT('',(-3.74999999999983,-7.,18.4));
#2368=CARTESIAN_POINT('',(-3.74999999999984,-7.,20.));
#2369=CARTESIAN_POINT('',(-2.14999999999982,-7.,20.));
#2370=CARTESIAN_POINT('Origin',(-2.14999999999982,-7.,18.4));
#2371=CARTESIAN_POINT('',(2.14999999999949,-7.,20.));
#2372=CARTESIAN_POINT('',(-3.74999999999984,-7.,20.));
#2373=CARTESIAN_POINT('Origin',(2.14999999999949,-7.,18.4));
#2374=CARTESIAN_POINT('Origin',(-2.50000000000001,0.,-20.));
#2375=CARTESIAN_POINT('',(-0.900000000000007,0.,-20.));
#2376=CARTESIAN_POINT('Origin',(-0.900000000000005,0.,-18.4));
#2377=CARTESIAN_POINT('Origin',(-3.74999999999984,0.,20.));
#2378=CARTESIAN_POINT('',(-3.74999999999983,0.,18.4));
#2379=CARTESIAN_POINT('Origin',(2.14999999999949,0.,18.4));
#2380=CARTESIAN_POINT('',(2.14999999999949,0.,20.));
#2381=CARTESIAN_POINT('Origin',(-2.14999999999982,0.,18.4));
#2382=CARTESIAN_POINT('',(-2.14999999999982,0.,20.));
#2383=CARTESIAN_POINT('Origin',(3.74999999999949,0.,20.));
#2384=CARTESIAN_POINT('',(-2.05,-3.5,20.));
#2385=CARTESIAN_POINT('Origin',(0.,-3.5,20.));
#2386=CARTESIAN_POINT('Origin',(0.,-3.5,14.));
#2387=CARTESIAN_POINT('',(-2.05,-3.5,14.));
#2388=CARTESIAN_POINT('Origin',(8.99999999999999,0.,-24.));
#2389=CARTESIAN_POINT('',(0.,0.,0.));
#2390=CARTESIAN_POINT('Origin',(6.37499999999981,10.,-11.));
#2391=CARTESIAN_POINT('',(6.37499999999981,0.,-9.3));
#2392=CARTESIAN_POINT('Origin',(6.37499999999981,0.,-11.));
#2393=CARTESIAN_POINT('',(6.37499999999981,2.,-9.3));
#2394=CARTESIAN_POINT('',(6.37499999999981,10.,-9.3));
#2395=CARTESIAN_POINT('Origin',(6.37499999999981,2.,-11.));
#2396=CARTESIAN_POINT('Origin',(6.37499999999982,10.,9.));
#2397=CARTESIAN_POINT('',(6.37499999999982,0.,10.7));
#2398=CARTESIAN_POINT('Origin',(6.37499999999982,0.,9.));
#2399=CARTESIAN_POINT('',(6.37499999999982,2.,10.7));
#2400=CARTESIAN_POINT('',(6.37499999999982,10.,10.7));
#2401=CARTESIAN_POINT('Origin',(6.37499999999982,2.,9.));
#2402=CARTESIAN_POINT('Origin',(-6.37499999999982,10.,19.));
#2403=CARTESIAN_POINT('',(-6.37499999999982,0.,20.7));
#2404=CARTESIAN_POINT('Origin',(-6.37499999999982,0.,19.));
#2405=CARTESIAN_POINT('',(-6.37499999999982,2.,20.7));
#2406=CARTESIAN_POINT('',(-6.37499999999982,10.,20.7));
#2407=CARTESIAN_POINT('Origin',(-6.37499999999982,2.,19.));
#2408=CARTESIAN_POINT('Origin',(-6.37499999999982,10.,-0.999999999999995));
#2409=CARTESIAN_POINT('',(-6.37499999999982,0.,0.700000000000005));
#2410=CARTESIAN_POINT('Origin',(-6.37499999999982,0.,-0.999999999999995));
#2411=CARTESIAN_POINT('',(-6.37499999999982,2.,0.700000000000005));
#2412=CARTESIAN_POINT('',(-6.37499999999982,10.,0.700000000000005));
#2413=CARTESIAN_POINT('Origin',(-6.37499999999982,2.,-0.999999999999995));
#2414=CARTESIAN_POINT('Origin',(-6.37499999999982,10.,-21.));
#2415=CARTESIAN_POINT('',(-6.37499999999982,0.,-19.3));
#2416=CARTESIAN_POINT('Origin',(-6.37499999999982,0.,-21.));
#2417=CARTESIAN_POINT('',(-6.37499999999982,2.,-19.3));
#2418=CARTESIAN_POINT('',(-6.37499999999982,10.,-19.3));
#2419=CARTESIAN_POINT('Origin',(-6.37499999999982,2.,-21.));
#2420=CARTESIAN_POINT('Origin',(-6.37499999999982,10.,-11.));
#2421=CARTESIAN_POINT('',(-6.37499999999982,0.,-9.3));
#2422=CARTESIAN_POINT('Origin',(-6.37499999999982,0.,-11.));
#2423=CARTESIAN_POINT('',(-6.37499999999982,2.,-9.3));
#2424=CARTESIAN_POINT('',(-6.37499999999982,10.,-9.3));
#2425=CARTESIAN_POINT('Origin',(-6.37499999999982,2.,-11.));
#2426=CARTESIAN_POINT('Origin',(-6.37499999999982,10.,9.00000000000001));
#2427=CARTESIAN_POINT('',(-6.37499999999982,0.,10.7));
#2428=CARTESIAN_POINT('Origin',(-6.37499999999982,0.,9.00000000000001));
#2429=CARTESIAN_POINT('',(-6.37499999999982,2.,10.7));
#2430=CARTESIAN_POINT('',(-6.37499999999982,10.,10.7));
#2431=CARTESIAN_POINT('Origin',(-6.37499999999982,2.,9.00000000000001));
#2432=CARTESIAN_POINT('Origin',(6.37499999999983,10.,19.));
#2433=CARTESIAN_POINT('',(6.37499999999983,0.,20.7));
#2434=CARTESIAN_POINT('Origin',(6.37499999999983,0.,19.));
#2435=CARTESIAN_POINT('',(6.37499999999983,2.,20.7));
#2436=CARTESIAN_POINT('',(6.37499999999983,10.,20.7));
#2437=CARTESIAN_POINT('Origin',(6.37499999999983,2.,19.));
#2438=CARTESIAN_POINT('Origin',(6.37499999999982,10.,-0.999999999999998));
#2439=CARTESIAN_POINT('',(6.37499999999982,0.,0.700000000000003));
#2440=CARTESIAN_POINT('Origin',(6.37499999999982,0.,-0.999999999999998));
#2441=CARTESIAN_POINT('',(6.37499999999982,2.,0.700000000000003));
#2442=CARTESIAN_POINT('',(6.37499999999982,10.,0.700000000000003));
#2443=CARTESIAN_POINT('Origin',(6.37499999999982,2.,-0.999999999999998));
#2444=CARTESIAN_POINT('Origin',(6.37499999999981,10.,-21.));
#2445=CARTESIAN_POINT('',(6.37499999999981,0.,-19.3));
#2446=CARTESIAN_POINT('Origin',(6.37499999999981,0.,-21.));
#2447=CARTESIAN_POINT('',(6.37499999999981,2.,-19.3));
#2448=CARTESIAN_POINT('',(6.37499999999981,10.,-19.3));
#2449=CARTESIAN_POINT('Origin',(6.37499999999981,2.,-21.));
#2450=CARTESIAN_POINT('Origin',(7.39999999999999,0.,-22.4));
#2451=CARTESIAN_POINT('',(7.4,2.,-24.));
#2452=CARTESIAN_POINT('',(9.,2.,-22.4));
#2453=CARTESIAN_POINT('Origin',(7.39999999999999,2.,-22.4));
#2454=CARTESIAN_POINT('',(9.,0.,-22.4));
#2455=CARTESIAN_POINT('',(9.,0.,-22.4));
#2456=CARTESIAN_POINT('',(7.4,0.,-24.));
#2457=CARTESIAN_POINT('Origin',(7.39999999999999,0.,-22.4));
#2458=CARTESIAN_POINT('',(7.39999999999999,0.,-24.));
#2459=CARTESIAN_POINT('Origin',(8.99999999999999,0.,-24.));
#2460=CARTESIAN_POINT('',(-7.40000000000001,0.,-24.));
#2461=CARTESIAN_POINT('',(-9.00000000000001,0.,-24.));
#2462=CARTESIAN_POINT('',(-7.40000000000001,2.,-24.));
#2463=CARTESIAN_POINT('',(-7.40000000000001,0.,-24.));
#2464=CARTESIAN_POINT('',(-9.00000000000001,2.,-24.));
#2465=CARTESIAN_POINT('Origin',(5.55111512312578E-15,0.,0.));
#2466=CARTESIAN_POINT('',(9.00000000000002,0.,22.4));
#2467=CARTESIAN_POINT('',(8.99999999999999,0.,-24.));
#2468=CARTESIAN_POINT('',(7.40000000000002,0.,24.));
#2469=CARTESIAN_POINT('Origin',(7.40000000000002,0.,22.4));
#2470=CARTESIAN_POINT('',(-7.4,0.,24.));
#2471=CARTESIAN_POINT('',(9.00000000000002,0.,24.));
#2472=CARTESIAN_POINT('',(-9.00000000000001,0.,22.4));
#2473=CARTESIAN_POINT('Origin',(-7.4,0.,22.4));
#2474=CARTESIAN_POINT('',(-9.00000000000001,0.,-22.4));
#2475=CARTESIAN_POINT('',(-9.00000000000001,0.,24.));
#2476=CARTESIAN_POINT('Origin',(-7.40000000000001,0.,-22.4));
#2477=CARTESIAN_POINT('Origin',(-7.40000000000001,0.,-22.4));
#2478=CARTESIAN_POINT('',(-9.00000000000001,2.,-22.4));
#2479=CARTESIAN_POINT('Origin',(-7.40000000000001,2.,-22.4));
#2480=CARTESIAN_POINT('',(-9.00000000000001,0.,-22.4));
#2481=CARTESIAN_POINT('Origin',(-9.00000000000001,0.,-24.));
#2482=CARTESIAN_POINT('',(-9.00000000000001,2.,22.4));
#2483=CARTESIAN_POINT('',(-9.00000000000001,0.,22.4));
#2484=CARTESIAN_POINT('',(-9.00000000000001,2.,24.));
#2485=CARTESIAN_POINT('Origin',(-7.4,0.,22.4));
#2486=CARTESIAN_POINT('',(-7.4,2.,24.));
#2487=CARTESIAN_POINT('Origin',(-7.4,2.,22.4));
#2488=CARTESIAN_POINT('',(-7.4,0.,24.));
#2489=CARTESIAN_POINT('Origin',(-9.00000000000001,0.,24.));
#2490=CARTESIAN_POINT('',(7.40000000000002,2.,24.));
#2491=CARTESIAN_POINT('',(7.40000000000002,0.,24.));
#2492=CARTESIAN_POINT('',(9.00000000000002,2.,24.));
#2493=CARTESIAN_POINT('Origin',(7.40000000000002,0.,22.4));
#2494=CARTESIAN_POINT('',(9.00000000000002,2.,22.4));
#2495=CARTESIAN_POINT('Origin',(7.40000000000002,2.,22.4));
#2496=CARTESIAN_POINT('',(9.00000000000002,0.,22.4));
#2497=CARTESIAN_POINT('Origin',(9.00000000000002,0.,24.));
#2498=CARTESIAN_POINT('',(8.99999999999999,2.,-24.));
#2499=CARTESIAN_POINT('Origin',(5.55111512312578E-15,2.,0.));
#2500=CARTESIAN_POINT('',(0.,0.,0.));
#2501=CARTESIAN_POINT('Origin',(0.,-5.,-1.11022302462516E-15));
#2502=CARTESIAN_POINT('',(-0.4,-10.,-2.26943192121621E-15));
#2503=CARTESIAN_POINT('Origin',(0.,-10.,-2.22044604925031E-15));
#2504=CARTESIAN_POINT('',(-0.4,0.,-4.8985871965894E-17));
#2505=CARTESIAN_POINT('',(-0.4,-5.,-1.15920889659105E-15));
#2506=CARTESIAN_POINT('Origin',(0.,0.,0.));
#2507=CARTESIAN_POINT('Origin',(0.,-10.,-2.22044604925031E-15));
#2508=CARTESIAN_POINT('Origin',(0.,32.,7.105427357601E-15));
#2509=CARTESIAN_POINT('',(-0.4,37.,8.26463625419205E-15));
#2510=CARTESIAN_POINT('Origin',(0.,37.,8.21565038222616E-15));
#2511=CARTESIAN_POINT('',(-0.4,27.,6.04419020494174E-15));
#2512=CARTESIAN_POINT('',(-0.4,32.,7.1544132295669E-15));
#2513=CARTESIAN_POINT('Origin',(0.,27.,5.99520433297585E-15));
#2514=CARTESIAN_POINT('Origin',(0.,37.,8.21565038222616E-15));
#2515=CARTESIAN_POINT('Origin',(0.,13.5,2.99760216648792E-15));
#2516=CARTESIAN_POINT('',(-3.5,27.,6.42383071267742E-15));
#2517=CARTESIAN_POINT('Origin',(0.,27.,5.99520433297585E-15));
#2518=CARTESIAN_POINT('',(-3.5,0.,4.28626379701573E-16));
#2519=CARTESIAN_POINT('',(-3.5,13.5,3.4262285461895E-15));
#2520=CARTESIAN_POINT('Origin',(0.,0.,0.));
#2521=CARTESIAN_POINT('Origin',(0.,0.,0.));
#2522=CARTESIAN_POINT('Origin',(0.,27.,5.99520433297585E-15));
#2523=CARTESIAN_POINT('',(0.,0.,0.));
#2524=CARTESIAN_POINT('',(0.,0.,0.));
#2525=CARTESIAN_POINT('',(-1.65978342181461E-13,-3.5,-12.));
#2526=UNCERTAINTY_MEASURE_WITH_UNIT(LENGTH_MEASURE(0.01),#2536,
'DISTANCE_ACCURACY_VALUE',
'Maximum model space distance between geometric entities at asserted c
onnectivities');
#2527=UNCERTAINTY_MEASURE_WITH_UNIT(LENGTH_MEASURE(0.01),#2536,
'DISTANCE_ACCURACY_VALUE',
'Maximum model space distance between geometric entities at asserted c
onnectivities');
#2528=UNCERTAINTY_MEASURE_WITH_UNIT(LENGTH_MEASURE(0.01),#2536,
'DISTANCE_ACCURACY_VALUE',
'Maximum model space distance between geometric entities at asserted c
onnectivities');
#2529=UNCERTAINTY_MEASURE_WITH_UNIT(LENGTH_MEASURE(0.01),#2536,
'DISTANCE_ACCURACY_VALUE',
'Maximum model space distance between geometric entities at asserted c
onnectivities');
#2530=UNCERTAINTY_MEASURE_WITH_UNIT(LENGTH_MEASURE(0.01),#2536,
'DISTANCE_ACCURACY_VALUE',
'Maximum model space distance between geometric entities at asserted c
onnectivities');
#2531=(
GEOMETRIC_REPRESENTATION_CONTEXT(3)
GLOBAL_UNCERTAINTY_ASSIGNED_CONTEXT((#2526))
GLOBAL_UNIT_ASSIGNED_CONTEXT((#2536,#2538,#2539))
REPRESENTATION_CONTEXT('','3D')
);
#2532=(
GEOMETRIC_REPRESENTATION_CONTEXT(3)
GLOBAL_UNCERTAINTY_ASSIGNED_CONTEXT((#2527))
GLOBAL_UNIT_ASSIGNED_CONTEXT((#2536,#2538,#2539))
REPRESENTATION_CONTEXT('','3D')
);
#2533=(
GEOMETRIC_REPRESENTATION_CONTEXT(3)
GLOBAL_UNCERTAINTY_ASSIGNED_CONTEXT((#2528))
GLOBAL_UNIT_ASSIGNED_CONTEXT((#2536,#2538,#2539))
REPRESENTATION_CONTEXT('','3D')
);
#2534=(
GEOMETRIC_REPRESENTATION_CONTEXT(3)
GLOBAL_UNCERTAINTY_ASSIGNED_CONTEXT((#2529))
GLOBAL_UNIT_ASSIGNED_CONTEXT((#2536,#2538,#2539))
REPRESENTATION_CONTEXT('','3D')
);
#2535=(
GEOMETRIC_REPRESENTATION_CONTEXT(3)
GLOBAL_UNCERTAINTY_ASSIGNED_CONTEXT((#2530))
GLOBAL_UNIT_ASSIGNED_CONTEXT((#2536,#2538,#2539))
REPRESENTATION_CONTEXT('','3D')
);
#2536=(
LENGTH_UNIT()
NAMED_UNIT(*)
SI_UNIT(.MILLI.,.METRE.)
);
#2537=(
LENGTH_UNIT()
NAMED_UNIT(*)
SI_UNIT($,.METRE.)
);
#2538=(
NAMED_UNIT(*)
PLANE_ANGLE_UNIT()
SI_UNIT($,.RADIAN.)
);
#2539=(
NAMED_UNIT(*)
SI_UNIT($,.STERADIAN.)
SOLID_ANGLE_UNIT()
);
#2540=SHAPE_DEFINITION_REPRESENTATION(#2544,#2551);
#2541=SHAPE_DEFINITION_REPRESENTATION(#2545,#2552);
#2542=SHAPE_DEFINITION_REPRESENTATION(#2546,#2553);
#2543=SHAPE_DEFINITION_REPRESENTATION(#2547,#2554);
#2544=PRODUCT_DEFINITION_SHAPE('',$,#2556);
#2545=PRODUCT_DEFINITION_SHAPE('',$,#2557);
#2546=PRODUCT_DEFINITION_SHAPE('',$,#2558);
#2547=PRODUCT_DEFINITION_SHAPE('',$,#2559);
#2548=PRODUCT_DEFINITION_SHAPE($,$,#20);
#2549=PRODUCT_DEFINITION_SHAPE($,$,#21);
#2550=PRODUCT_DEFINITION_SHAPE($,$,#22);
#2551=SHAPE_REPRESENTATION('',(#1418,#1581,#1582,#1583),#2531);
#2552=SHAPE_REPRESENTATION('',(#1419),#2532);
#2553=SHAPE_REPRESENTATION('',(#1518),#2533);
#2554=SHAPE_REPRESENTATION('',(#1567),#2534);
#2555=PRODUCT_DEFINITION_CONTEXT('part definition',#2569,'design');
#2556=PRODUCT_DEFINITION('pulse pick-off','pulse pick-off v3',#2560,#2555);
#2557=PRODUCT_DEFINITION('case','case',#2561,#2555);
#2558=PRODUCT_DEFINITION('lid','lid',#2562,#2555);
#2559=PRODUCT_DEFINITION('resistor','resistor',#2563,#2555);
#2560=PRODUCT_DEFINITION_FORMATION('',$,#2571);
#2561=PRODUCT_DEFINITION_FORMATION('',$,#2572);
#2562=PRODUCT_DEFINITION_FORMATION('',$,#2573);
#2563=PRODUCT_DEFINITION_FORMATION('',$,#2574);
#2564=PRODUCT_RELATED_PRODUCT_CATEGORY('pulse pick-off v3',
'pulse pick-off v3',(#2571));
#2565=PRODUCT_RELATED_PRODUCT_CATEGORY('case','case',(#2572));
#2566=PRODUCT_RELATED_PRODUCT_CATEGORY('lid','lid',(#2573));
#2567=PRODUCT_RELATED_PRODUCT_CATEGORY('resistor','resistor',(#2574));
#2568=APPLICATION_PROTOCOL_DEFINITION('international standard',
'automotive_design',2009,#2569);
#2569=APPLICATION_CONTEXT(
'Core Data for Automotive Mechanical Design Process');
#2570=PRODUCT_CONTEXT('part definition',#2569,'mechanical');
#2571=PRODUCT('pulse pick-off','pulse pick-off v3',$,(#2570));
#2572=PRODUCT('case','case',$,(#2570));
#2573=PRODUCT('lid','lid',$,(#2570));
#2574=PRODUCT('resistor','resistor',$,(#2570));
#2575=PRESENTATION_STYLE_ASSIGNMENT((#2577));
#2576=PRESENTATION_STYLE_ASSIGNMENT((#2578));
#2577=SURFACE_STYLE_USAGE(.BOTH.,#2579);
#2578=SURFACE_STYLE_USAGE(.BOTH.,#2580);
#2579=SURFACE_SIDE_STYLE('',(#2581));
#2580=SURFACE_SIDE_STYLE('',(#2582));
#2581=SURFACE_STYLE_FILL_AREA(#2583);
#2582=SURFACE_STYLE_FILL_AREA(#2584);
#2583=FILL_AREA_STYLE('Plastic - Matte (Black)',(#2585));
#2584=FILL_AREA_STYLE('Aluminum - Satin',(#2586));
#2585=FILL_AREA_STYLE_COLOUR('Plastic - Matte (Black)',#2587);
#2586=FILL_AREA_STYLE_COLOUR('Aluminum - Satin',#2588);
#2587=COLOUR_RGB('Plastic - Matte (Black)',0.0980392156862745,0.0980392156862745,
0.0980392156862745);
#2588=COLOUR_RGB('Aluminum - Satin',0.96078431372549,0.96078431372549,0.964705882352941);
ENDSEC;
END-ISO-10303-21;
