ISO-10303-21;
HEADER;
/* Generated by software containing ST-Developer
 * from STEP Tools, Inc. (www.steptools.com) 
 */

FILE_DESCRIPTION(
/* description */ (''),
/* implementation_level */ '2;1');

FILE_NAME(
/* name */ 'SS-6M0-1-8RS-SwagelokCompany-3D-04-11-2023 v6.step',
/* time_stamp */ '2024-06-17T13:25:17+02:00',
/* author */ (''),
/* organization */ (''),
/* preprocessor_version */ 'ST-DEVELOPER v20',
/* originating_system */ 'Autodesk Translation Framework v13.14.0.145',

/* authorisation */ '');

FILE_SCHEMA (('AUTOMOTIVE_DESIGN { 1 0 10303 214 3 1 1 }'));
ENDSEC;

DATA;
#10=MECHANICAL_DESIGN_GEOMETRIC_PRESENTATION_REPRESENTATION('',(#13),#1750);
#11=SHAPE_REPRESENTATION_RELATIONSHIP('SRR','None',#1757,#12);
#12=ADVANCED_BREP_SHAPE_REPRESENTATION('',(#14),#1749);
#13=STYLED_ITEM('',(#1767),#14);
#14=MANIFOLD_SOLID_BREP('Body1',#968);
#15=TOROIDAL_SURFACE('',#1092,10.795,1.524);
#16=CYLINDRICAL_SURFACE('',#1017,5.55625);
#17=CYLINDRICAL_SURFACE('',#1034,6.985);
#18=CYLINDRICAL_SURFACE('',#1036,4.47675);
#19=CYLINDRICAL_SURFACE('',#1047,2.99999999948);
#20=CYLINDRICAL_SURFACE('',#1063,2.117);
#21=CYLINDRICAL_SURFACE('',#1080,10.4065);
#22=CYLINDRICAL_SURFACE('',#1082,12.954);
#23=(
BOUNDED_CURVE()
B_SPLINE_CURVE(2,(#1420,#1421,#1422),.UNSPECIFIED.,.F.,.F.)
B_SPLINE_CURVE_WITH_KNOTS((3,3),(0.161070172663192,0.322140345326384),
 .UNSPECIFIED.)
CURVE()
GEOMETRIC_REPRESENTATION_ITEM()
RATIONAL_B_SPLINE_CURVE((1.,1.03795484930205,1.))
REPRESENTATION_ITEM('')
);
#24=(
BOUNDED_CURVE()
B_SPLINE_CURVE(2,(#1425,#1426,#1427),.UNSPECIFIED.,.F.,.F.)
B_SPLINE_CURVE_WITH_KNOTS((3,3),(0.,0.161070172663192),.UNSPECIFIED.)
CURVE()
GEOMETRIC_REPRESENTATION_ITEM()
RATIONAL_B_SPLINE_CURVE((1.,1.03795484930208,1.))
REPRESENTATION_ITEM('')
);
#25=(
BOUNDED_CURVE()
B_SPLINE_CURVE(2,(#1430,#1431,#1432),.UNSPECIFIED.,.F.,.F.)
B_SPLINE_CURVE_WITH_KNOTS((3,3),(0.,0.161070172663192),.UNSPECIFIED.)
CURVE()
GEOMETRIC_REPRESENTATION_ITEM()
RATIONAL_B_SPLINE_CURVE((1.,1.03795484930205,1.))
REPRESENTATION_ITEM('')
);
#26=(
BOUNDED_CURVE()
B_SPLINE_CURVE(2,(#1434,#1435,#1436),.UNSPECIFIED.,.F.,.F.)
B_SPLINE_CURVE_WITH_KNOTS((3,3),(0.161070172663192,0.322140345326384),
 .UNSPECIFIED.)
CURVE()
GEOMETRIC_REPRESENTATION_ITEM()
RATIONAL_B_SPLINE_CURVE((1.,1.03795484930204,1.))
REPRESENTATION_ITEM('')
);
#27=(
BOUNDED_CURVE()
B_SPLINE_CURVE(2,(#1440,#1441,#1442),.UNSPECIFIED.,.F.,.F.)
B_SPLINE_CURVE_WITH_KNOTS((3,3),(0.,0.161070172663192),.UNSPECIFIED.)
CURVE()
GEOMETRIC_REPRESENTATION_ITEM()
RATIONAL_B_SPLINE_CURVE((1.,1.03795484930203,1.))
REPRESENTATION_ITEM('')
);
#28=(
BOUNDED_CURVE()
B_SPLINE_CURVE(2,(#1444,#1445,#1446),.UNSPECIFIED.,.F.,.F.)
B_SPLINE_CURVE_WITH_KNOTS((3,3),(0.161070172663192,0.322140345326383),
 .UNSPECIFIED.)
CURVE()
GEOMETRIC_REPRESENTATION_ITEM()
RATIONAL_B_SPLINE_CURVE((1.,1.03795484930204,1.))
REPRESENTATION_ITEM('')
);
#29=(
BOUNDED_CURVE()
B_SPLINE_CURVE(2,(#1452,#1453,#1454),.UNSPECIFIED.,.F.,.F.)
B_SPLINE_CURVE_WITH_KNOTS((3,3),(0.,0.161070172663192),.UNSPECIFIED.)
CURVE()
GEOMETRIC_REPRESENTATION_ITEM()
RATIONAL_B_SPLINE_CURVE((1.,1.03795484930203,1.))
REPRESENTATION_ITEM('')
);
#30=(
BOUNDED_CURVE()
B_SPLINE_CURVE(2,(#1455,#1456,#1457),.UNSPECIFIED.,.F.,.F.)
B_SPLINE_CURVE_WITH_KNOTS((3,3),(0.161070172663192,0.322140345326383),
 .UNSPECIFIED.)
CURVE()
GEOMETRIC_REPRESENTATION_ITEM()
RATIONAL_B_SPLINE_CURVE((1.,1.03795484930203,1.))
REPRESENTATION_ITEM('')
);
#31=(
BOUNDED_CURVE()
B_SPLINE_CURVE(2,(#1461,#1462,#1463),.UNSPECIFIED.,.F.,.F.)
B_SPLINE_CURVE_WITH_KNOTS((3,3),(0.161070172663192,0.322140345326384),
 .UNSPECIFIED.)
CURVE()
GEOMETRIC_REPRESENTATION_ITEM()
RATIONAL_B_SPLINE_CURVE((1.,1.03795484930207,1.))
REPRESENTATION_ITEM('')
);
#32=(
BOUNDED_CURVE()
B_SPLINE_CURVE(2,(#1465,#1466,#1467),.UNSPECIFIED.,.F.,.F.)
B_SPLINE_CURVE_WITH_KNOTS((3,3),(0.,0.161070172663192),.UNSPECIFIED.)
CURVE()
GEOMETRIC_REPRESENTATION_ITEM()
RATIONAL_B_SPLINE_CURVE((1.,1.03795484930202,1.))
REPRESENTATION_ITEM('')
);
#33=(
BOUNDED_CURVE()
B_SPLINE_CURVE(2,(#1470,#1471,#1472),.UNSPECIFIED.,.F.,.F.)
B_SPLINE_CURVE_WITH_KNOTS((3,3),(0.161070172663192,0.322140345326384),
 .UNSPECIFIED.)
CURVE()
GEOMETRIC_REPRESENTATION_ITEM()
RATIONAL_B_SPLINE_CURVE((1.,1.03795484930207,1.))
REPRESENTATION_ITEM('')
);
#34=(
BOUNDED_CURVE()
B_SPLINE_CURVE(2,(#1474,#1475,#1476),.UNSPECIFIED.,.F.,.F.)
B_SPLINE_CURVE_WITH_KNOTS((3,3),(0.,0.161070172663192),.UNSPECIFIED.)
CURVE()
GEOMETRIC_REPRESENTATION_ITEM()
RATIONAL_B_SPLINE_CURVE((1.,1.03795484930207,1.))
REPRESENTATION_ITEM('')
);
#35=(
BOUNDED_CURVE()
B_SPLINE_CURVE(2,(#1483,#1484,#1485),.UNSPECIFIED.,.F.,.F.)
B_SPLINE_CURVE_WITH_KNOTS((3,3),(0.,0.161070172663192),.UNSPECIFIED.)
CURVE()
GEOMETRIC_REPRESENTATION_ITEM()
RATIONAL_B_SPLINE_CURVE((1.,1.03795484930203,1.))
REPRESENTATION_ITEM('')
);
#36=(
BOUNDED_CURVE()
B_SPLINE_CURVE(2,(#1487,#1488,#1489),.UNSPECIFIED.,.F.,.F.)
B_SPLINE_CURVE_WITH_KNOTS((3,3),(0.161070172663192,0.322140345326383),
 .UNSPECIFIED.)
CURVE()
GEOMETRIC_REPRESENTATION_ITEM()
RATIONAL_B_SPLINE_CURVE((1.,1.03795484930202,1.))
REPRESENTATION_ITEM('')
);
#37=(
BOUNDED_CURVE()
B_SPLINE_CURVE(2,(#1495,#1496,#1497),.UNSPECIFIED.,.F.,.F.)
B_SPLINE_CURVE_WITH_KNOTS((3,3),(0.161070172663192,0.322140345326384),
 .UNSPECIFIED.)
CURVE()
GEOMETRIC_REPRESENTATION_ITEM()
RATIONAL_B_SPLINE_CURVE((1.,1.03795484930204,1.))
REPRESENTATION_ITEM('')
);
#38=(
BOUNDED_CURVE()
B_SPLINE_CURVE(2,(#1499,#1500,#1501),.UNSPECIFIED.,.F.,.F.)
B_SPLINE_CURVE_WITH_KNOTS((3,3),(0.,0.161070172663192),.UNSPECIFIED.)
CURVE()
GEOMETRIC_REPRESENTATION_ITEM()
RATIONAL_B_SPLINE_CURVE((1.,1.03795484930204,1.))
REPRESENTATION_ITEM('')
);
#39=(
BOUNDED_CURVE()
B_SPLINE_CURVE(2,(#1505,#1506,#1507),.UNSPECIFIED.,.F.,.F.)
B_SPLINE_CURVE_WITH_KNOTS((3,3),(0.161070172663192,0.322140345326384),
 .UNSPECIFIED.)
CURVE()
GEOMETRIC_REPRESENTATION_ITEM()
RATIONAL_B_SPLINE_CURVE((1.,1.03795484930205,1.))
REPRESENTATION_ITEM('')
);
#40=(
BOUNDED_CURVE()
B_SPLINE_CURVE(2,(#1509,#1510,#1511),.UNSPECIFIED.,.F.,.F.)
B_SPLINE_CURVE_WITH_KNOTS((3,3),(0.,0.161070172663192),.UNSPECIFIED.)
CURVE()
GEOMETRIC_REPRESENTATION_ITEM()
RATIONAL_B_SPLINE_CURVE((1.,1.03795484930204,1.))
REPRESENTATION_ITEM('')
);
#41=(
BOUNDED_CURVE()
B_SPLINE_CURVE(2,(#1514,#1515,#1516),.UNSPECIFIED.,.F.,.F.)
B_SPLINE_CURVE_WITH_KNOTS((3,3),(0.,0.161070172663192),.UNSPECIFIED.)
CURVE()
GEOMETRIC_REPRESENTATION_ITEM()
RATIONAL_B_SPLINE_CURVE((1.,1.03795484930205,1.))
REPRESENTATION_ITEM('')
);
#42=(
BOUNDED_CURVE()
B_SPLINE_CURVE(2,(#1518,#1519,#1520),.UNSPECIFIED.,.F.,.F.)
B_SPLINE_CURVE_WITH_KNOTS((3,3),(0.161070172663192,0.322140345326384),
 .UNSPECIFIED.)
CURVE()
GEOMETRIC_REPRESENTATION_ITEM()
RATIONAL_B_SPLINE_CURVE((1.,1.03795484930203,1.))
REPRESENTATION_ITEM('')
);
#43=(
BOUNDED_CURVE()
B_SPLINE_CURVE(2,(#1525,#1526,#1527),.UNSPECIFIED.,.F.,.F.)
B_SPLINE_CURVE_WITH_KNOTS((3,3),(0.161070172663192,0.322140345326384),
 .UNSPECIFIED.)
CURVE()
GEOMETRIC_REPRESENTATION_ITEM()
RATIONAL_B_SPLINE_CURVE((1.,1.03795484930205,1.))
REPRESENTATION_ITEM('')
);
#44=(
BOUNDED_CURVE()
B_SPLINE_CURVE(2,(#1529,#1530,#1531),.UNSPECIFIED.,.F.,.F.)
B_SPLINE_CURVE_WITH_KNOTS((3,3),(0.,0.161070172663192),.UNSPECIFIED.)
CURVE()
GEOMETRIC_REPRESENTATION_ITEM()
RATIONAL_B_SPLINE_CURVE((1.,1.03795484930206,1.))
REPRESENTATION_ITEM('')
);
#45=(
BOUNDED_CURVE()
B_SPLINE_CURVE(2,(#1534,#1535,#1536),.UNSPECIFIED.,.F.,.F.)
B_SPLINE_CURVE_WITH_KNOTS((3,3),(0.,0.161070172663192),.UNSPECIFIED.)
CURVE()
GEOMETRIC_REPRESENTATION_ITEM()
RATIONAL_B_SPLINE_CURVE((1.,1.03795484930204,1.))
REPRESENTATION_ITEM('')
);
#46=(
BOUNDED_CURVE()
B_SPLINE_CURVE(2,(#1537,#1538,#1539),.UNSPECIFIED.,.F.,.F.)
B_SPLINE_CURVE_WITH_KNOTS((3,3),(0.161070172663192,0.322140345326384),
 .UNSPECIFIED.)
CURVE()
GEOMETRIC_REPRESENTATION_ITEM()
RATIONAL_B_SPLINE_CURVE((1.,1.03795484930206,1.))
REPRESENTATION_ITEM('')
);
#47=(
BOUNDED_CURVE()
B_SPLINE_CURVE(2,(#1592,#1593,#1594),.UNSPECIFIED.,.F.,.F.)
B_SPLINE_CURVE_WITH_KNOTS((3,3),(0.,0.309769000489068),.UNSPECIFIED.)
CURVE()
GEOMETRIC_REPRESENTATION_ITEM()
RATIONAL_B_SPLINE_CURVE((1.,1.03795484930205,1.))
REPRESENTATION_ITEM('')
);
#48=(
BOUNDED_CURVE()
B_SPLINE_CURVE(2,(#1595,#1596,#1597),.UNSPECIFIED.,.F.,.F.)
B_SPLINE_CURVE_WITH_KNOTS((3,3),(0.309769000489067,0.619538000978135),
 .UNSPECIFIED.)
CURVE()
GEOMETRIC_REPRESENTATION_ITEM()
RATIONAL_B_SPLINE_CURVE((1.,1.03795484930204,1.))
REPRESENTATION_ITEM('')
);
#49=(
BOUNDED_CURVE()
B_SPLINE_CURVE(2,(#1600,#1601,#1602),.UNSPECIFIED.,.F.,.F.)
B_SPLINE_CURVE_WITH_KNOTS((3,3),(0.309769000489067,0.619538000978133),
 .UNSPECIFIED.)
CURVE()
GEOMETRIC_REPRESENTATION_ITEM()
RATIONAL_B_SPLINE_CURVE((1.,1.03795484930205,1.))
REPRESENTATION_ITEM('')
);
#50=(
BOUNDED_CURVE()
B_SPLINE_CURVE(2,(#1603,#1604,#1605),.UNSPECIFIED.,.F.,.F.)
B_SPLINE_CURVE_WITH_KNOTS((3,3),(0.,0.309769000489067),.UNSPECIFIED.)
CURVE()
GEOMETRIC_REPRESENTATION_ITEM()
RATIONAL_B_SPLINE_CURVE((1.,1.03795484930203,1.))
REPRESENTATION_ITEM('')
);
#51=(
BOUNDED_CURVE()
B_SPLINE_CURVE(2,(#1608,#1609,#1610),.UNSPECIFIED.,.F.,.F.)
B_SPLINE_CURVE_WITH_KNOTS((3,3),(0.309769000489067,0.619538000978133),
 .UNSPECIFIED.)
CURVE()
GEOMETRIC_REPRESENTATION_ITEM()
RATIONAL_B_SPLINE_CURVE((1.,1.03795484930203,1.))
REPRESENTATION_ITEM('')
);
#52=(
BOUNDED_CURVE()
B_SPLINE_CURVE(2,(#1611,#1612,#1613),.UNSPECIFIED.,.F.,.F.)
B_SPLINE_CURVE_WITH_KNOTS((3,3),(0.,0.309769000489067),.UNSPECIFIED.)
CURVE()
GEOMETRIC_REPRESENTATION_ITEM()
RATIONAL_B_SPLINE_CURVE((1.,1.03795484930205,1.))
REPRESENTATION_ITEM('')
);
#53=(
BOUNDED_CURVE()
B_SPLINE_CURVE(2,(#1616,#1617,#1618),.UNSPECIFIED.,.F.,.F.)
B_SPLINE_CURVE_WITH_KNOTS((3,3),(0.,0.309769000489067),.UNSPECIFIED.)
CURVE()
GEOMETRIC_REPRESENTATION_ITEM()
RATIONAL_B_SPLINE_CURVE((1.,1.03795484930202,1.))
REPRESENTATION_ITEM('')
);
#54=(
BOUNDED_CURVE()
B_SPLINE_CURVE(2,(#1619,#1620,#1621),.UNSPECIFIED.,.F.,.F.)
B_SPLINE_CURVE_WITH_KNOTS((3,3),(0.309769000489068,0.619538000978135),
 .UNSPECIFIED.)
CURVE()
GEOMETRIC_REPRESENTATION_ITEM()
RATIONAL_B_SPLINE_CURVE((1.,1.03795484930202,1.))
REPRESENTATION_ITEM('')
);
#55=(
BOUNDED_CURVE()
B_SPLINE_CURVE(2,(#1624,#1625,#1626),.UNSPECIFIED.,.F.,.F.)
B_SPLINE_CURVE_WITH_KNOTS((3,3),(0.,0.309769000489067),.UNSPECIFIED.)
CURVE()
GEOMETRIC_REPRESENTATION_ITEM()
RATIONAL_B_SPLINE_CURVE((1.,1.03795484930208,1.))
REPRESENTATION_ITEM('')
);
#56=(
BOUNDED_CURVE()
B_SPLINE_CURVE(2,(#1627,#1628,#1629),.UNSPECIFIED.,.F.,.F.)
B_SPLINE_CURVE_WITH_KNOTS((3,3),(0.309769000489068,0.619538000978136),
 .UNSPECIFIED.)
CURVE()
GEOMETRIC_REPRESENTATION_ITEM()
RATIONAL_B_SPLINE_CURVE((1.,1.03795484930204,1.))
REPRESENTATION_ITEM('')
);
#57=(
BOUNDED_CURVE()
B_SPLINE_CURVE(2,(#1632,#1633,#1634),.UNSPECIFIED.,.F.,.F.)
B_SPLINE_CURVE_WITH_KNOTS((3,3),(0.,0.309769000489068),.UNSPECIFIED.)
CURVE()
GEOMETRIC_REPRESENTATION_ITEM()
RATIONAL_B_SPLINE_CURVE((1.,1.03795484930202,1.))
REPRESENTATION_ITEM('')
);
#58=(
BOUNDED_CURVE()
B_SPLINE_CURVE(2,(#1635,#1636,#1637),.UNSPECIFIED.,.F.,.F.)
B_SPLINE_CURVE_WITH_KNOTS((3,3),(0.309769000489067,0.619538000978135),
 .UNSPECIFIED.)
CURVE()
GEOMETRIC_REPRESENTATION_ITEM()
RATIONAL_B_SPLINE_CURVE((1.,1.03795484930208,1.))
REPRESENTATION_ITEM('')
);
#59=(
BOUNDED_CURVE()
B_SPLINE_CURVE(2,(#1644,#1645,#1646),.UNSPECIFIED.,.F.,.F.)
B_SPLINE_CURVE_WITH_KNOTS((3,3),(0.309769000489069,0.619538000978137),
 .UNSPECIFIED.)
CURVE()
GEOMETRIC_REPRESENTATION_ITEM()
RATIONAL_B_SPLINE_CURVE((1.,1.03795484930215,1.))
REPRESENTATION_ITEM('')
);
#60=(
BOUNDED_CURVE()
B_SPLINE_CURVE(2,(#1650,#1651,#1652),.UNSPECIFIED.,.F.,.F.)
B_SPLINE_CURVE_WITH_KNOTS((3,3),(0.,0.309769000489069),.UNSPECIFIED.)
CURVE()
GEOMETRIC_REPRESENTATION_ITEM()
RATIONAL_B_SPLINE_CURVE((1.,1.03795484930202,1.))
REPRESENTATION_ITEM('')
);
#61=(
BOUNDED_CURVE()
B_SPLINE_CURVE(2,(#1656,#1657,#1658),.UNSPECIFIED.,.F.,.F.)
B_SPLINE_CURVE_WITH_KNOTS((3,3),(0.309769000489068,0.619538000978135),
 .UNSPECIFIED.)
CURVE()
GEOMETRIC_REPRESENTATION_ITEM()
RATIONAL_B_SPLINE_CURVE((1.,1.03795484930201,1.))
REPRESENTATION_ITEM('')
);
#62=(
BOUNDED_CURVE()
B_SPLINE_CURVE(2,(#1660,#1661,#1662),.UNSPECIFIED.,.F.,.F.)
B_SPLINE_CURVE_WITH_KNOTS((3,3),(0.,0.309769000489068),.UNSPECIFIED.)
CURVE()
GEOMETRIC_REPRESENTATION_ITEM()
RATIONAL_B_SPLINE_CURVE((1.,1.03795484930202,1.))
REPRESENTATION_ITEM('')
);
#63=(
BOUNDED_CURVE()
B_SPLINE_CURVE(2,(#1666,#1667,#1668),.UNSPECIFIED.,.F.,.F.)
B_SPLINE_CURVE_WITH_KNOTS((3,3),(0.309769000489068,0.619538000978135),
 .UNSPECIFIED.)
CURVE()
GEOMETRIC_REPRESENTATION_ITEM()
RATIONAL_B_SPLINE_CURVE((1.,1.03795484930186,1.))
REPRESENTATION_ITEM('')
);
#64=(
BOUNDED_CURVE()
B_SPLINE_CURVE(2,(#1670,#1671,#1672),.UNSPECIFIED.,.F.,.F.)
B_SPLINE_CURVE_WITH_KNOTS((3,3),(0.,0.309769000489068),.UNSPECIFIED.)
CURVE()
GEOMETRIC_REPRESENTATION_ITEM()
RATIONAL_B_SPLINE_CURVE((1.,1.037954849302,1.))
REPRESENTATION_ITEM('')
);
#65=(
BOUNDED_CURVE()
B_SPLINE_CURVE(2,(#1675,#1676,#1677),.UNSPECIFIED.,.F.,.F.)
B_SPLINE_CURVE_WITH_KNOTS((3,3),(0.,0.309769000489068),.UNSPECIFIED.)
CURVE()
GEOMETRIC_REPRESENTATION_ITEM()
RATIONAL_B_SPLINE_CURVE((1.,1.03795484930199,1.))
REPRESENTATION_ITEM('')
);
#66=(
BOUNDED_CURVE()
B_SPLINE_CURVE(2,(#1679,#1680,#1681),.UNSPECIFIED.,.F.,.F.)
B_SPLINE_CURVE_WITH_KNOTS((3,3),(0.309769000489068,0.619538000978136),
 .UNSPECIFIED.)
CURVE()
GEOMETRIC_REPRESENTATION_ITEM()
RATIONAL_B_SPLINE_CURVE((1.,1.03795484930199,1.))
REPRESENTATION_ITEM('')
);
#67=(
BOUNDED_CURVE()
B_SPLINE_CURVE(2,(#1686,#1687,#1688),.UNSPECIFIED.,.F.,.F.)
B_SPLINE_CURVE_WITH_KNOTS((3,3),(0.,0.309769000489069),.UNSPECIFIED.)
CURVE()
GEOMETRIC_REPRESENTATION_ITEM()
RATIONAL_B_SPLINE_CURVE((1.,1.03795484930206,1.))
REPRESENTATION_ITEM('')
);
#68=(
BOUNDED_CURVE()
B_SPLINE_CURVE(2,(#1689,#1690,#1691),.UNSPECIFIED.,.F.,.F.)
B_SPLINE_CURVE_WITH_KNOTS((3,3),(0.309769000489069,0.619538000978137),
 .UNSPECIFIED.)
CURVE()
GEOMETRIC_REPRESENTATION_ITEM()
RATIONAL_B_SPLINE_CURVE((1.,1.03795484930206,1.))
REPRESENTATION_ITEM('')
);
#69=(
BOUNDED_CURVE()
B_SPLINE_CURVE(2,(#1695,#1696,#1697),.UNSPECIFIED.,.F.,.F.)
B_SPLINE_CURVE_WITH_KNOTS((3,3),(0.,0.309769000489068),.UNSPECIFIED.)
CURVE()
GEOMETRIC_REPRESENTATION_ITEM()
RATIONAL_B_SPLINE_CURVE((1.,1.03795484930201,1.))
REPRESENTATION_ITEM('')
);
#70=(
BOUNDED_CURVE()
B_SPLINE_CURVE(2,(#1698,#1699,#1700),.UNSPECIFIED.,.F.,.F.)
B_SPLINE_CURVE_WITH_KNOTS((3,3),(0.309769000489068,0.619538000978137),
 .UNSPECIFIED.)
CURVE()
GEOMETRIC_REPRESENTATION_ITEM()
RATIONAL_B_SPLINE_CURVE((1.,1.03795484930201,1.))
REPRESENTATION_ITEM('')
);
#71=CONICAL_SURFACE('',#997,7.52529163028954,1.0471975511966);
#72=CONICAL_SURFACE('',#999,7.52529163028954,1.0471975511966);
#73=CONICAL_SURFACE('',#1001,7.52529163028954,1.0471975511966);
#74=CONICAL_SURFACE('',#1003,7.52529163028954,1.0471975511966);
#75=CONICAL_SURFACE('',#1005,7.52529163028954,1.0471975511966);
#76=CONICAL_SURFACE('',#1007,7.52529163028954,1.0471975511966);
#77=CONICAL_SURFACE('',#1019,7.52529163028954,1.0471975511966);
#78=CONICAL_SURFACE('',#1022,7.52529163028954,1.0471975511966);
#79=CONICAL_SURFACE('',#1024,7.52529163028954,1.0471975511966);
#80=CONICAL_SURFACE('',#1026,7.52529163028954,1.0471975511966);
#81=CONICAL_SURFACE('',#1028,7.52529163028954,1.0471975511966);
#82=CONICAL_SURFACE('',#1030,7.52529163028954,1.0471975511966);
#83=CONICAL_SURFACE('',#1032,5.0165,0.785398163397448);
#84=CONICAL_SURFACE('',#1049,14.5442286342754,1.13446401379631);
#85=CONICAL_SURFACE('',#1050,14.5442286342754,1.13446401379631);
#86=CONICAL_SURFACE('',#1051,14.5442286342754,1.13446401379631);
#87=CONICAL_SURFACE('',#1052,14.5442286342754,1.13446401379631);
#88=CONICAL_SURFACE('',#1053,14.5442286342754,1.13446401379631);
#89=CONICAL_SURFACE('',#1054,14.5442286342754,1.13446401379631);
#90=CONICAL_SURFACE('',#1064,14.5442286342754,1.13446401379631);
#91=CONICAL_SURFACE('',#1066,14.5442286342754,1.13446401379631);
#92=CONICAL_SURFACE('',#1068,14.5442286342754,1.13446401379631);
#93=CONICAL_SURFACE('',#1070,14.5442286342754,1.13446401379631);
#94=CONICAL_SURFACE('',#1072,14.5442286342754,1.13446401379631);
#95=CONICAL_SURFACE('',#1074,14.5442286342754,1.13446401379631);
#96=CONICAL_SURFACE('',#1076,9.8965,0.785398163397448);
#97=CONICAL_SURFACE('',#1084,10.0974346327359,0.785398163397448);
#98=CONICAL_SURFACE('',#1089,9.97187836127634,0.418879020478639);
#99=FACE_BOUND('',#227,.T.);
#100=FACE_BOUND('',#235,.T.);
#101=FACE_BOUND('',#253,.T.);
#102=FACE_BOUND('',#255,.T.);
#103=FACE_BOUND('',#264,.T.);
#104=FACE_BOUND('',#280,.T.);
#105=FACE_BOUND('',#285,.T.);
#106=CIRCLE('',#984,2.117);
#107=CIRCLE('',#991,2.117);
#108=CIRCLE('',#993,9.3155);
#109=CIRCLE('',#994,2.117);
#110=CIRCLE('',#995,2.117);
#111=CIRCLE('',#996,2.117);
#112=CIRCLE('',#998,6.985);
#113=CIRCLE('',#1000,6.985);
#114=CIRCLE('',#1002,6.985);
#115=CIRCLE('',#1004,6.985);
#116=CIRCLE('',#1006,6.985);
#117=CIRCLE('',#1008,6.985);
#118=CIRCLE('',#1010,5.55625);
#119=CIRCLE('',#1018,5.55625);
#120=CIRCLE('',#1020,6.985);
#121=CIRCLE('',#1021,6.985);
#122=CIRCLE('',#1023,6.985);
#123=CIRCLE('',#1025,6.985);
#124=CIRCLE('',#1027,6.985);
#125=CIRCLE('',#1029,6.985);
#126=CIRCLE('',#1031,6.985);
#127=CIRCLE('',#1033,4.47675);
#128=CIRCLE('',#1035,6.985);
#129=CIRCLE('',#1037,4.47675);
#130=CIRCLE('',#1039,2.99999999948);
#131=CIRCLE('',#1041,13.5000000002);
#132=CIRCLE('',#1042,13.5000000002);
#133=CIRCLE('',#1043,13.5000000002);
#134=CIRCLE('',#1044,13.5000000002);
#135=CIRCLE('',#1045,13.5000000002);
#136=CIRCLE('',#1046,13.5000000002);
#137=CIRCLE('',#1048,2.99999999948);
#138=CIRCLE('',#1056,2.117);
#139=CIRCLE('',#1065,13.5000000002);
#140=CIRCLE('',#1067,13.5000000002);
#141=CIRCLE('',#1069,13.5000000002);
#142=CIRCLE('',#1071,13.5000000002);
#143=CIRCLE('',#1073,13.5000000002);
#144=CIRCLE('',#1075,13.5000000002);
#145=CIRCLE('',#1077,10.4065);
#146=CIRCLE('',#1079,12.954);
#147=CIRCLE('',#1081,10.4065);
#148=CIRCLE('',#1083,12.954);
#149=CIRCLE('',#1085,9.7173692654717);
#150=CIRCLE('',#1086,9.7173692654717);
#151=CIRCLE('',#1088,10.541);
#152=CIRCLE('',#1090,9.40275672255268);
#153=CIRCLE('',#1091,9.40275672255268);
#154=CIRCLE('',#1093,1.524);
#155=FACE_OUTER_BOUND('',#218,.T.);
#156=FACE_OUTER_BOUND('',#219,.T.);
#157=FACE_OUTER_BOUND('',#220,.T.);
#158=FACE_OUTER_BOUND('',#221,.T.);
#159=FACE_OUTER_BOUND('',#222,.T.);
#160=FACE_OUTER_BOUND('',#223,.T.);
#161=FACE_OUTER_BOUND('',#224,.T.);
#162=FACE_OUTER_BOUND('',#225,.T.);
#163=FACE_OUTER_BOUND('',#226,.T.);
#164=FACE_OUTER_BOUND('',#228,.T.);
#165=FACE_OUTER_BOUND('',#229,.T.);
#166=FACE_OUTER_BOUND('',#230,.T.);
#167=FACE_OUTER_BOUND('',#231,.T.);
#168=FACE_OUTER_BOUND('',#232,.T.);
#169=FACE_OUTER_BOUND('',#233,.T.);
#170=FACE_OUTER_BOUND('',#234,.T.);
#171=FACE_OUTER_BOUND('',#236,.T.);
#172=FACE_OUTER_BOUND('',#237,.T.);
#173=FACE_OUTER_BOUND('',#238,.T.);
#174=FACE_OUTER_BOUND('',#239,.T.);
#175=FACE_OUTER_BOUND('',#240,.T.);
#176=FACE_OUTER_BOUND('',#241,.T.);
#177=FACE_OUTER_BOUND('',#242,.T.);
#178=FACE_OUTER_BOUND('',#243,.T.);
#179=FACE_OUTER_BOUND('',#244,.T.);
#180=FACE_OUTER_BOUND('',#245,.T.);
#181=FACE_OUTER_BOUND('',#246,.T.);
#182=FACE_OUTER_BOUND('',#247,.T.);
#183=FACE_OUTER_BOUND('',#248,.T.);
#184=FACE_OUTER_BOUND('',#249,.T.);
#185=FACE_OUTER_BOUND('',#250,.T.);
#186=FACE_OUTER_BOUND('',#251,.T.);
#187=FACE_OUTER_BOUND('',#252,.T.);
#188=FACE_OUTER_BOUND('',#254,.T.);
#189=FACE_OUTER_BOUND('',#256,.T.);
#190=FACE_OUTER_BOUND('',#257,.T.);
#191=FACE_OUTER_BOUND('',#258,.T.);
#192=FACE_OUTER_BOUND('',#259,.T.);
#193=FACE_OUTER_BOUND('',#260,.T.);
#194=FACE_OUTER_BOUND('',#261,.T.);
#195=FACE_OUTER_BOUND('',#262,.T.);
#196=FACE_OUTER_BOUND('',#263,.T.);
#197=FACE_OUTER_BOUND('',#265,.T.);
#198=FACE_OUTER_BOUND('',#266,.T.);
#199=FACE_OUTER_BOUND('',#267,.T.);
#200=FACE_OUTER_BOUND('',#268,.T.);
#201=FACE_OUTER_BOUND('',#269,.T.);
#202=FACE_OUTER_BOUND('',#270,.T.);
#203=FACE_OUTER_BOUND('',#271,.T.);
#204=FACE_OUTER_BOUND('',#272,.T.);
#205=FACE_OUTER_BOUND('',#273,.T.);
#206=FACE_OUTER_BOUND('',#274,.T.);
#207=FACE_OUTER_BOUND('',#275,.T.);
#208=FACE_OUTER_BOUND('',#276,.T.);
#209=FACE_OUTER_BOUND('',#277,.T.);
#210=FACE_OUTER_BOUND('',#278,.T.);
#211=FACE_OUTER_BOUND('',#279,.T.);
#212=FACE_OUTER_BOUND('',#281,.T.);
#213=FACE_OUTER_BOUND('',#282,.T.);
#214=FACE_OUTER_BOUND('',#283,.T.);
#215=FACE_OUTER_BOUND('',#284,.T.);
#216=FACE_OUTER_BOUND('',#286,.T.);
#217=FACE_OUTER_BOUND('',#287,.T.);
#218=EDGE_LOOP('',(#598,#599,#600,#601));
#219=EDGE_LOOP('',(#602,#603,#604,#605));
#220=EDGE_LOOP('',(#606,#607,#608,#609));
#221=EDGE_LOOP('',(#610,#611,#612,#613));
#222=EDGE_LOOP('',(#614,#615,#616,#617));
#223=EDGE_LOOP('',(#618,#619,#620,#621));
#224=EDGE_LOOP('',(#622,#623,#624,#625));
#225=EDGE_LOOP('',(#626,#627,#628,#629));
#226=EDGE_LOOP('',(#630));
#227=EDGE_LOOP('',(#631,#632,#633,#634,#635,#636,#637,#638,#639));
#228=EDGE_LOOP('',(#640,#641,#642));
#229=EDGE_LOOP('',(#643,#644,#645));
#230=EDGE_LOOP('',(#646,#647,#648));
#231=EDGE_LOOP('',(#649,#650,#651));
#232=EDGE_LOOP('',(#652,#653,#654));
#233=EDGE_LOOP('',(#655,#656,#657));
#234=EDGE_LOOP('',(#658,#659,#660,#661,#662,#663));
#235=EDGE_LOOP('',(#664));
#236=EDGE_LOOP('',(#665,#666,#667,#668,#669,#670));
#237=EDGE_LOOP('',(#671,#672,#673,#674,#675,#676));
#238=EDGE_LOOP('',(#677,#678,#679,#680,#681,#682));
#239=EDGE_LOOP('',(#683,#684,#685,#686,#687,#688));
#240=EDGE_LOOP('',(#689,#690,#691,#692,#693,#694));
#241=EDGE_LOOP('',(#695,#696,#697,#698,#699,#700));
#242=EDGE_LOOP('',(#701,#702,#703,#704));
#243=EDGE_LOOP('',(#705,#706,#707,#708));
#244=EDGE_LOOP('',(#709,#710,#711));
#245=EDGE_LOOP('',(#712,#713,#714));
#246=EDGE_LOOP('',(#715,#716,#717));
#247=EDGE_LOOP('',(#718,#719,#720));
#248=EDGE_LOOP('',(#721,#722,#723));
#249=EDGE_LOOP('',(#724,#725,#726,#727));
#250=EDGE_LOOP('',(#728,#729,#730,#731,#732,#733,#734,#735,#736,#737));
#251=EDGE_LOOP('',(#738,#739,#740,#741));
#252=EDGE_LOOP('',(#742));
#253=EDGE_LOOP('',(#743));
#254=EDGE_LOOP('',(#744,#745,#746,#747,#748,#749));
#255=EDGE_LOOP('',(#750));
#256=EDGE_LOOP('',(#751,#752,#753,#754));
#257=EDGE_LOOP('',(#755,#756,#757));
#258=EDGE_LOOP('',(#758,#759,#760));
#259=EDGE_LOOP('',(#761,#762,#763));
#260=EDGE_LOOP('',(#764,#765,#766));
#261=EDGE_LOOP('',(#767,#768,#769));
#262=EDGE_LOOP('',(#770,#771,#772));
#263=EDGE_LOOP('',(#773));
#264=EDGE_LOOP('',(#774));
#265=EDGE_LOOP('',(#775,#776,#777,#778,#779,#780));
#266=EDGE_LOOP('',(#781,#782,#783,#784,#785,#786));
#267=EDGE_LOOP('',(#787,#788,#789,#790,#791,#792));
#268=EDGE_LOOP('',(#793,#794,#795,#796,#797,#798));
#269=EDGE_LOOP('',(#799,#800,#801,#802,#803,#804));
#270=EDGE_LOOP('',(#805,#806,#807,#808,#809,#810));
#271=EDGE_LOOP('',(#811,#812,#813,#814,#815,#816,#817,#818,#819,#820,#821,
#822));
#272=EDGE_LOOP('',(#823,#824,#825));
#273=EDGE_LOOP('',(#826,#827,#828));
#274=EDGE_LOOP('',(#829,#830,#831));
#275=EDGE_LOOP('',(#832,#833,#834));
#276=EDGE_LOOP('',(#835,#836,#837));
#277=EDGE_LOOP('',(#838,#839,#840));
#278=EDGE_LOOP('',(#841,#842,#843,#844));
#279=EDGE_LOOP('',(#845,#846,#847,#848,#849,#850));
#280=EDGE_LOOP('',(#851));
#281=EDGE_LOOP('',(#852,#853,#854,#855));
#282=EDGE_LOOP('',(#856,#857,#858,#859));
#283=EDGE_LOOP('',(#860,#861,#862,#863,#864));
#284=EDGE_LOOP('',(#865));
#285=EDGE_LOOP('',(#866));
#286=EDGE_LOOP('',(#867,#868,#869,#870,#871));
#287=EDGE_LOOP('',(#872,#873,#874,#875,#876,#877));
#288=LINE('',#1367,#331);
#289=LINE('',#1369,#332);
#290=LINE('',#1371,#333);
#291=LINE('',#1372,#334);
#292=LINE('',#1377,#335);
#293=LINE('',#1378,#336);
#294=LINE('',#1381,#337);
#295=LINE('',#1383,#338);
#296=LINE('',#1384,#339);
#297=LINE('',#1388,#340);
#298=LINE('',#1390,#341);
#299=LINE('',#1392,#342);
#300=LINE('',#1393,#343);
#301=LINE('',#1395,#344);
#302=LINE('',#1399,#345);
#303=LINE('',#1401,#346);
#304=LINE('',#1403,#347);
#305=LINE('',#1404,#348);
#306=LINE('',#1406,#349);
#307=LINE('',#1407,#350);
#308=LINE('',#1490,#351);
#309=LINE('',#1491,#352);
#310=LINE('',#1498,#353);
#311=LINE('',#1508,#354);
#312=LINE('',#1521,#355);
#313=LINE('',#1528,#356);
#314=LINE('',#1543,#357);
#315=LINE('',#1560,#358);
#316=LINE('',#1564,#359);
#317=LINE('',#1569,#360);
#318=LINE('',#1588,#361);
#319=LINE('',#1647,#362);
#320=LINE('',#1649,#363);
#321=LINE('',#1659,#364);
#322=LINE('',#1669,#365);
#323=LINE('',#1682,#366);
#324=LINE('',#1692,#367);
#325=LINE('',#1702,#368);
#326=LINE('',#1718,#369);
#327=LINE('',#1725,#370);
#328=LINE('',#1729,#371);
#329=LINE('',#1732,#372);
#330=LINE('',#1741,#373);
#331=VECTOR('',#1098,10.);
#332=VECTOR('',#1099,10.);
#333=VECTOR('',#1100,10.);
#334=VECTOR('',#1101,10.);
#335=VECTOR('',#1106,10.);
#336=VECTOR('',#1107,10.);
#337=VECTOR('',#1110,10.);
#338=VECTOR('',#1111,10.);
#339=VECTOR('',#1112,10.);
#340=VECTOR('',#1115,10.);
#341=VECTOR('',#1116,10.);
#342=VECTOR('',#1117,10.);
#343=VECTOR('',#1118,10.);
#344=VECTOR('',#1121,10.);
#345=VECTOR('',#1124,10.);
#346=VECTOR('',#1125,10.);
#347=VECTOR('',#1126,10.);
#348=VECTOR('',#1127,10.);
#349=VECTOR('',#1130,10.);
#350=VECTOR('',#1131,10.);
#351=VECTOR('',#1176,25.4);
#352=VECTOR('',#1177,25.4);
#353=VECTOR('',#1180,25.4);
#354=VECTOR('',#1183,25.4);
#355=VECTOR('',#1186,25.4);
#356=VECTOR('',#1189,25.4);
#357=VECTOR('',#1196,5.55625);
#358=VECTOR('',#1225,5.0165);
#359=VECTOR('',#1230,6.985);
#360=VECTOR('',#1237,4.47675);
#361=VECTOR('',#1258,2.99999999948);
#362=VECTOR('',#1279,25.4);
#363=VECTOR('',#1280,25.4);
#364=VECTOR('',#1283,25.4);
#365=VECTOR('',#1286,25.4);
#366=VECTOR('',#1289,25.4);
#367=VECTOR('',#1292,25.4);
#368=VECTOR('',#1297,2.4000000006);
#369=VECTOR('',#1326,9.8965);
#370=VECTOR('',#1335,10.4775);
#371=VECTOR('',#1340,12.954);
#372=VECTOR('',#1343,10.0974346327359);
#373=VECTOR('',#1354,9.97187836127634);
#374=VERTEX_POINT('',#1365);
#375=VERTEX_POINT('',#1366);
#376=VERTEX_POINT('',#1368);
#377=VERTEX_POINT('',#1370);
#378=VERTEX_POINT('',#1374);
#379=VERTEX_POINT('',#1376);
#380=VERTEX_POINT('',#1380);
#381=VERTEX_POINT('',#1382);
#382=VERTEX_POINT('',#1386);
#383=VERTEX_POINT('',#1387);
#384=VERTEX_POINT('',#1389);
#385=VERTEX_POINT('',#1391);
#386=VERTEX_POINT('',#1397);
#387=VERTEX_POINT('',#1398);
#388=VERTEX_POINT('',#1400);
#389=VERTEX_POINT('',#1402);
#390=VERTEX_POINT('',#1411);
#391=VERTEX_POINT('',#1414);
#392=VERTEX_POINT('',#1418);
#393=VERTEX_POINT('',#1419);
#394=VERTEX_POINT('',#1423);
#395=VERTEX_POINT('',#1429);
#396=VERTEX_POINT('',#1433);
#397=VERTEX_POINT('',#1439);
#398=VERTEX_POINT('',#1443);
#399=VERTEX_POINT('',#1449);
#400=VERTEX_POINT('',#1451);
#401=VERTEX_POINT('',#1459);
#402=VERTEX_POINT('',#1460);
#403=VERTEX_POINT('',#1469);
#404=VERTEX_POINT('',#1478);
#405=VERTEX_POINT('',#1481);
#406=VERTEX_POINT('',#1482);
#407=VERTEX_POINT('',#1486);
#408=VERTEX_POINT('',#1493);
#409=VERTEX_POINT('',#1494);
#410=VERTEX_POINT('',#1503);
#411=VERTEX_POINT('',#1504);
#412=VERTEX_POINT('',#1513);
#413=VERTEX_POINT('',#1517);
#414=VERTEX_POINT('',#1523);
#415=VERTEX_POINT('',#1524);
#416=VERTEX_POINT('',#1533);
#417=VERTEX_POINT('',#1541);
#418=VERTEX_POINT('',#1545);
#419=VERTEX_POINT('',#1559);
#420=VERTEX_POINT('',#1563);
#421=VERTEX_POINT('',#1567);
#422=VERTEX_POINT('',#1571);
#423=VERTEX_POINT('',#1574);
#424=VERTEX_POINT('',#1575);
#425=VERTEX_POINT('',#1577);
#426=VERTEX_POINT('',#1579);
#427=VERTEX_POINT('',#1581);
#428=VERTEX_POINT('',#1583);
#429=VERTEX_POINT('',#1587);
#430=VERTEX_POINT('',#1591);
#431=VERTEX_POINT('',#1599);
#432=VERTEX_POINT('',#1607);
#433=VERTEX_POINT('',#1615);
#434=VERTEX_POINT('',#1623);
#435=VERTEX_POINT('',#1631);
#436=VERTEX_POINT('',#1639);
#437=VERTEX_POINT('',#1642);
#438=VERTEX_POINT('',#1643);
#439=VERTEX_POINT('',#1648);
#440=VERTEX_POINT('',#1654);
#441=VERTEX_POINT('',#1655);
#442=VERTEX_POINT('',#1664);
#443=VERTEX_POINT('',#1665);
#444=VERTEX_POINT('',#1674);
#445=VERTEX_POINT('',#1678);
#446=VERTEX_POINT('',#1684);
#447=VERTEX_POINT('',#1685);
#448=VERTEX_POINT('',#1694);
#449=VERTEX_POINT('',#1716);
#450=VERTEX_POINT('',#1720);
#451=VERTEX_POINT('',#1723);
#452=VERTEX_POINT('',#1727);
#453=VERTEX_POINT('',#1731);
#454=VERTEX_POINT('',#1733);
#455=VERTEX_POINT('',#1737);
#456=VERTEX_POINT('',#1740);
#457=VERTEX_POINT('',#1742);
#458=EDGE_CURVE('',#374,#375,#288,.T.);
#459=EDGE_CURVE('',#376,#374,#289,.T.);
#460=EDGE_CURVE('',#376,#377,#290,.T.);
#461=EDGE_CURVE('',#377,#375,#291,.T.);
#462=EDGE_CURVE('',#375,#378,#106,.T.);
#463=EDGE_CURVE('',#379,#377,#292,.T.);
#464=EDGE_CURVE('',#378,#379,#293,.T.);
#465=EDGE_CURVE('',#378,#380,#294,.T.);
#466=EDGE_CURVE('',#381,#379,#295,.T.);
#467=EDGE_CURVE('',#380,#381,#296,.T.);
#468=EDGE_CURVE('',#382,#383,#297,.T.);
#469=EDGE_CURVE('',#382,#384,#298,.T.);
#470=EDGE_CURVE('',#385,#384,#299,.T.);
#471=EDGE_CURVE('',#383,#385,#300,.T.);
#472=EDGE_CURVE('',#381,#376,#301,.T.);
#473=EDGE_CURVE('',#386,#387,#302,.T.);
#474=EDGE_CURVE('',#388,#386,#303,.T.);
#475=EDGE_CURVE('',#388,#389,#304,.T.);
#476=EDGE_CURVE('',#389,#387,#305,.T.);
#477=EDGE_CURVE('',#385,#388,#306,.T.);
#478=EDGE_CURVE('',#384,#389,#307,.T.);
#479=EDGE_CURVE('',#387,#382,#107,.T.);
#480=EDGE_CURVE('',#390,#390,#108,.T.);
#481=EDGE_CURVE('',#386,#380,#109,.T.);
#482=EDGE_CURVE('',#374,#391,#110,.T.);
#483=EDGE_CURVE('',#391,#383,#111,.T.);
#484=EDGE_CURVE('',#392,#393,#23,.T.);
#485=EDGE_CURVE('',#394,#392,#112,.T.);
#486=EDGE_CURVE('',#393,#394,#24,.T.);
#487=EDGE_CURVE('',#395,#392,#25,.T.);
#488=EDGE_CURVE('',#396,#395,#26,.T.);
#489=EDGE_CURVE('',#392,#396,#113,.T.);
#490=EDGE_CURVE('',#397,#396,#27,.T.);
#491=EDGE_CURVE('',#398,#397,#28,.T.);
#492=EDGE_CURVE('',#396,#398,#114,.T.);
#493=EDGE_CURVE('',#398,#399,#115,.T.);
#494=EDGE_CURVE('',#400,#398,#29,.T.);
#495=EDGE_CURVE('',#399,#400,#30,.T.);
#496=EDGE_CURVE('',#401,#402,#31,.T.);
#497=EDGE_CURVE('',#399,#401,#116,.T.);
#498=EDGE_CURVE('',#402,#399,#32,.T.);
#499=EDGE_CURVE('',#394,#403,#33,.T.);
#500=EDGE_CURVE('',#401,#394,#117,.T.);
#501=EDGE_CURVE('',#403,#401,#34,.T.);
#502=EDGE_CURVE('',#404,#404,#118,.T.);
#503=EDGE_CURVE('',#405,#406,#35,.T.);
#504=EDGE_CURVE('',#406,#407,#36,.T.);
#505=EDGE_CURVE('',#395,#407,#308,.T.);
#506=EDGE_CURVE('',#393,#405,#309,.T.);
#507=EDGE_CURVE('',#408,#409,#37,.T.);
#508=EDGE_CURVE('',#397,#409,#310,.T.);
#509=EDGE_CURVE('',#407,#408,#38,.T.);
#510=EDGE_CURVE('',#410,#411,#39,.T.);
#511=EDGE_CURVE('',#400,#411,#311,.T.);
#512=EDGE_CURVE('',#409,#410,#40,.T.);
#513=EDGE_CURVE('',#411,#412,#41,.T.);
#514=EDGE_CURVE('',#412,#413,#42,.T.);
#515=EDGE_CURVE('',#402,#413,#312,.T.);
#516=EDGE_CURVE('',#414,#415,#43,.T.);
#517=EDGE_CURVE('',#403,#415,#313,.T.);
#518=EDGE_CURVE('',#413,#414,#44,.T.);
#519=EDGE_CURVE('',#415,#416,#45,.T.);
#520=EDGE_CURVE('',#416,#405,#46,.T.);
#521=EDGE_CURVE('',#417,#417,#119,.T.);
#522=EDGE_CURVE('',#417,#404,#314,.T.);
#523=EDGE_CURVE('',#406,#418,#120,.T.);
#524=EDGE_CURVE('',#418,#416,#121,.T.);
#525=EDGE_CURVE('',#408,#406,#122,.T.);
#526=EDGE_CURVE('',#410,#408,#123,.T.);
#527=EDGE_CURVE('',#412,#410,#124,.T.);
#528=EDGE_CURVE('',#414,#412,#125,.T.);
#529=EDGE_CURVE('',#416,#414,#126,.T.);
#530=EDGE_CURVE('',#417,#419,#315,.T.);
#531=EDGE_CURVE('',#419,#419,#127,.T.);
#532=EDGE_CURVE('',#418,#420,#316,.T.);
#533=EDGE_CURVE('',#420,#420,#128,.T.);
#534=EDGE_CURVE('',#421,#421,#129,.T.);
#535=EDGE_CURVE('',#421,#419,#317,.T.);
#536=EDGE_CURVE('',#422,#422,#130,.T.);
#537=EDGE_CURVE('',#423,#424,#131,.T.);
#538=EDGE_CURVE('',#424,#425,#132,.T.);
#539=EDGE_CURVE('',#425,#426,#133,.T.);
#540=EDGE_CURVE('',#426,#427,#134,.T.);
#541=EDGE_CURVE('',#427,#428,#135,.T.);
#542=EDGE_CURVE('',#428,#423,#136,.T.);
#543=EDGE_CURVE('',#422,#429,#318,.T.);
#544=EDGE_CURVE('',#429,#429,#137,.T.);
#545=EDGE_CURVE('',#430,#423,#47,.T.);
#546=EDGE_CURVE('',#424,#430,#48,.T.);
#547=EDGE_CURVE('',#425,#431,#49,.T.);
#548=EDGE_CURVE('',#431,#424,#50,.T.);
#549=EDGE_CURVE('',#426,#432,#51,.T.);
#550=EDGE_CURVE('',#432,#425,#52,.T.);
#551=EDGE_CURVE('',#433,#426,#53,.T.);
#552=EDGE_CURVE('',#427,#433,#54,.T.);
#553=EDGE_CURVE('',#434,#428,#55,.T.);
#554=EDGE_CURVE('',#423,#434,#56,.T.);
#555=EDGE_CURVE('',#435,#427,#57,.T.);
#556=EDGE_CURVE('',#428,#435,#58,.T.);
#557=EDGE_CURVE('',#436,#436,#138,.T.);
#558=EDGE_CURVE('',#437,#438,#59,.T.);
#559=EDGE_CURVE('',#430,#438,#319,.T.);
#560=EDGE_CURVE('',#434,#439,#320,.T.);
#561=EDGE_CURVE('',#439,#437,#60,.T.);
#562=EDGE_CURVE('',#440,#441,#61,.T.);
#563=EDGE_CURVE('',#431,#441,#321,.T.);
#564=EDGE_CURVE('',#438,#440,#62,.T.);
#565=EDGE_CURVE('',#442,#443,#63,.T.);
#566=EDGE_CURVE('',#432,#443,#322,.T.);
#567=EDGE_CURVE('',#441,#442,#64,.T.);
#568=EDGE_CURVE('',#443,#444,#65,.T.);
#569=EDGE_CURVE('',#444,#445,#66,.T.);
#570=EDGE_CURVE('',#433,#445,#323,.T.);
#571=EDGE_CURVE('',#446,#447,#67,.T.);
#572=EDGE_CURVE('',#447,#439,#68,.T.);
#573=EDGE_CURVE('',#435,#446,#324,.T.);
#574=EDGE_CURVE('',#445,#448,#69,.T.);
#575=EDGE_CURVE('',#448,#446,#70,.T.);
#576=EDGE_CURVE('',#436,#391,#325,.T.);
#577=EDGE_CURVE('',#437,#447,#139,.T.);
#578=EDGE_CURVE('',#440,#437,#140,.T.);
#579=EDGE_CURVE('',#442,#440,#141,.T.);
#580=EDGE_CURVE('',#444,#442,#142,.T.);
#581=EDGE_CURVE('',#448,#444,#143,.T.);
#582=EDGE_CURVE('',#447,#448,#144,.T.);
#583=EDGE_CURVE('',#449,#449,#145,.T.);
#584=EDGE_CURVE('',#449,#390,#326,.T.);
#585=EDGE_CURVE('',#450,#450,#146,.T.);
#586=EDGE_CURVE('',#451,#451,#147,.F.);
#587=EDGE_CURVE('',#451,#449,#327,.T.);
#588=EDGE_CURVE('',#452,#452,#148,.T.);
#589=EDGE_CURVE('',#452,#450,#328,.T.);
#590=EDGE_CURVE('',#451,#453,#329,.T.);
#591=EDGE_CURVE('',#454,#453,#149,.T.);
#592=EDGE_CURVE('',#453,#454,#150,.T.);
#593=EDGE_CURVE('',#455,#455,#151,.T.);
#594=EDGE_CURVE('',#455,#456,#330,.T.);
#595=EDGE_CURVE('',#456,#457,#152,.T.);
#596=EDGE_CURVE('',#457,#456,#153,.T.);
#597=EDGE_CURVE('',#457,#454,#154,.T.);
#598=ORIENTED_EDGE('',*,*,#458,.F.);
#599=ORIENTED_EDGE('',*,*,#459,.F.);
#600=ORIENTED_EDGE('',*,*,#460,.T.);
#601=ORIENTED_EDGE('',*,*,#461,.T.);
#602=ORIENTED_EDGE('',*,*,#462,.F.);
#603=ORIENTED_EDGE('',*,*,#461,.F.);
#604=ORIENTED_EDGE('',*,*,#463,.F.);
#605=ORIENTED_EDGE('',*,*,#464,.F.);
#606=ORIENTED_EDGE('',*,*,#465,.F.);
#607=ORIENTED_EDGE('',*,*,#464,.T.);
#608=ORIENTED_EDGE('',*,*,#466,.F.);
#609=ORIENTED_EDGE('',*,*,#467,.F.);
#610=ORIENTED_EDGE('',*,*,#468,.F.);
#611=ORIENTED_EDGE('',*,*,#469,.T.);
#612=ORIENTED_EDGE('',*,*,#470,.F.);
#613=ORIENTED_EDGE('',*,*,#471,.F.);
#614=ORIENTED_EDGE('',*,*,#472,.F.);
#615=ORIENTED_EDGE('',*,*,#466,.T.);
#616=ORIENTED_EDGE('',*,*,#463,.T.);
#617=ORIENTED_EDGE('',*,*,#460,.F.);
#618=ORIENTED_EDGE('',*,*,#473,.F.);
#619=ORIENTED_EDGE('',*,*,#474,.F.);
#620=ORIENTED_EDGE('',*,*,#475,.T.);
#621=ORIENTED_EDGE('',*,*,#476,.T.);
#622=ORIENTED_EDGE('',*,*,#477,.F.);
#623=ORIENTED_EDGE('',*,*,#470,.T.);
#624=ORIENTED_EDGE('',*,*,#478,.T.);
#625=ORIENTED_EDGE('',*,*,#475,.F.);
#626=ORIENTED_EDGE('',*,*,#479,.F.);
#627=ORIENTED_EDGE('',*,*,#476,.F.);
#628=ORIENTED_EDGE('',*,*,#478,.F.);
#629=ORIENTED_EDGE('',*,*,#469,.F.);
#630=ORIENTED_EDGE('',*,*,#480,.F.);
#631=ORIENTED_EDGE('',*,*,#471,.T.);
#632=ORIENTED_EDGE('',*,*,#477,.T.);
#633=ORIENTED_EDGE('',*,*,#474,.T.);
#634=ORIENTED_EDGE('',*,*,#481,.T.);
#635=ORIENTED_EDGE('',*,*,#467,.T.);
#636=ORIENTED_EDGE('',*,*,#472,.T.);
#637=ORIENTED_EDGE('',*,*,#459,.T.);
#638=ORIENTED_EDGE('',*,*,#482,.T.);
#639=ORIENTED_EDGE('',*,*,#483,.T.);
#640=ORIENTED_EDGE('',*,*,#484,.F.);
#641=ORIENTED_EDGE('',*,*,#485,.F.);
#642=ORIENTED_EDGE('',*,*,#486,.F.);
#643=ORIENTED_EDGE('',*,*,#487,.F.);
#644=ORIENTED_EDGE('',*,*,#488,.F.);
#645=ORIENTED_EDGE('',*,*,#489,.F.);
#646=ORIENTED_EDGE('',*,*,#490,.F.);
#647=ORIENTED_EDGE('',*,*,#491,.F.);
#648=ORIENTED_EDGE('',*,*,#492,.F.);
#649=ORIENTED_EDGE('',*,*,#493,.F.);
#650=ORIENTED_EDGE('',*,*,#494,.F.);
#651=ORIENTED_EDGE('',*,*,#495,.F.);
#652=ORIENTED_EDGE('',*,*,#496,.F.);
#653=ORIENTED_EDGE('',*,*,#497,.F.);
#654=ORIENTED_EDGE('',*,*,#498,.F.);
#655=ORIENTED_EDGE('',*,*,#499,.F.);
#656=ORIENTED_EDGE('',*,*,#500,.F.);
#657=ORIENTED_EDGE('',*,*,#501,.F.);
#658=ORIENTED_EDGE('',*,*,#493,.T.);
#659=ORIENTED_EDGE('',*,*,#497,.T.);
#660=ORIENTED_EDGE('',*,*,#500,.T.);
#661=ORIENTED_EDGE('',*,*,#485,.T.);
#662=ORIENTED_EDGE('',*,*,#489,.T.);
#663=ORIENTED_EDGE('',*,*,#492,.T.);
#664=ORIENTED_EDGE('',*,*,#502,.F.);
#665=ORIENTED_EDGE('',*,*,#503,.T.);
#666=ORIENTED_EDGE('',*,*,#504,.T.);
#667=ORIENTED_EDGE('',*,*,#505,.F.);
#668=ORIENTED_EDGE('',*,*,#487,.T.);
#669=ORIENTED_EDGE('',*,*,#484,.T.);
#670=ORIENTED_EDGE('',*,*,#506,.T.);
#671=ORIENTED_EDGE('',*,*,#507,.T.);
#672=ORIENTED_EDGE('',*,*,#508,.F.);
#673=ORIENTED_EDGE('',*,*,#490,.T.);
#674=ORIENTED_EDGE('',*,*,#488,.T.);
#675=ORIENTED_EDGE('',*,*,#505,.T.);
#676=ORIENTED_EDGE('',*,*,#509,.T.);
#677=ORIENTED_EDGE('',*,*,#510,.T.);
#678=ORIENTED_EDGE('',*,*,#511,.F.);
#679=ORIENTED_EDGE('',*,*,#494,.T.);
#680=ORIENTED_EDGE('',*,*,#491,.T.);
#681=ORIENTED_EDGE('',*,*,#508,.T.);
#682=ORIENTED_EDGE('',*,*,#512,.T.);
#683=ORIENTED_EDGE('',*,*,#513,.T.);
#684=ORIENTED_EDGE('',*,*,#514,.T.);
#685=ORIENTED_EDGE('',*,*,#515,.F.);
#686=ORIENTED_EDGE('',*,*,#498,.T.);
#687=ORIENTED_EDGE('',*,*,#495,.T.);
#688=ORIENTED_EDGE('',*,*,#511,.T.);
#689=ORIENTED_EDGE('',*,*,#516,.T.);
#690=ORIENTED_EDGE('',*,*,#517,.F.);
#691=ORIENTED_EDGE('',*,*,#501,.T.);
#692=ORIENTED_EDGE('',*,*,#496,.T.);
#693=ORIENTED_EDGE('',*,*,#515,.T.);
#694=ORIENTED_EDGE('',*,*,#518,.T.);
#695=ORIENTED_EDGE('',*,*,#519,.T.);
#696=ORIENTED_EDGE('',*,*,#520,.T.);
#697=ORIENTED_EDGE('',*,*,#506,.F.);
#698=ORIENTED_EDGE('',*,*,#486,.T.);
#699=ORIENTED_EDGE('',*,*,#499,.T.);
#700=ORIENTED_EDGE('',*,*,#517,.T.);
#701=ORIENTED_EDGE('',*,*,#521,.F.);
#702=ORIENTED_EDGE('',*,*,#522,.T.);
#703=ORIENTED_EDGE('',*,*,#502,.T.);
#704=ORIENTED_EDGE('',*,*,#522,.F.);
#705=ORIENTED_EDGE('',*,*,#523,.F.);
#706=ORIENTED_EDGE('',*,*,#503,.F.);
#707=ORIENTED_EDGE('',*,*,#520,.F.);
#708=ORIENTED_EDGE('',*,*,#524,.F.);
#709=ORIENTED_EDGE('',*,*,#504,.F.);
#710=ORIENTED_EDGE('',*,*,#525,.F.);
#711=ORIENTED_EDGE('',*,*,#509,.F.);
#712=ORIENTED_EDGE('',*,*,#512,.F.);
#713=ORIENTED_EDGE('',*,*,#507,.F.);
#714=ORIENTED_EDGE('',*,*,#526,.F.);
#715=ORIENTED_EDGE('',*,*,#510,.F.);
#716=ORIENTED_EDGE('',*,*,#527,.F.);
#717=ORIENTED_EDGE('',*,*,#513,.F.);
#718=ORIENTED_EDGE('',*,*,#518,.F.);
#719=ORIENTED_EDGE('',*,*,#514,.F.);
#720=ORIENTED_EDGE('',*,*,#528,.F.);
#721=ORIENTED_EDGE('',*,*,#516,.F.);
#722=ORIENTED_EDGE('',*,*,#529,.F.);
#723=ORIENTED_EDGE('',*,*,#519,.F.);
#724=ORIENTED_EDGE('',*,*,#521,.T.);
#725=ORIENTED_EDGE('',*,*,#530,.T.);
#726=ORIENTED_EDGE('',*,*,#531,.F.);
#727=ORIENTED_EDGE('',*,*,#530,.F.);
#728=ORIENTED_EDGE('',*,*,#523,.T.);
#729=ORIENTED_EDGE('',*,*,#532,.T.);
#730=ORIENTED_EDGE('',*,*,#533,.T.);
#731=ORIENTED_EDGE('',*,*,#532,.F.);
#732=ORIENTED_EDGE('',*,*,#524,.T.);
#733=ORIENTED_EDGE('',*,*,#529,.T.);
#734=ORIENTED_EDGE('',*,*,#528,.T.);
#735=ORIENTED_EDGE('',*,*,#527,.T.);
#736=ORIENTED_EDGE('',*,*,#526,.T.);
#737=ORIENTED_EDGE('',*,*,#525,.T.);
#738=ORIENTED_EDGE('',*,*,#534,.F.);
#739=ORIENTED_EDGE('',*,*,#535,.T.);
#740=ORIENTED_EDGE('',*,*,#531,.T.);
#741=ORIENTED_EDGE('',*,*,#535,.F.);
#742=ORIENTED_EDGE('',*,*,#533,.F.);
#743=ORIENTED_EDGE('',*,*,#536,.T.);
#744=ORIENTED_EDGE('',*,*,#537,.T.);
#745=ORIENTED_EDGE('',*,*,#538,.T.);
#746=ORIENTED_EDGE('',*,*,#539,.T.);
#747=ORIENTED_EDGE('',*,*,#540,.T.);
#748=ORIENTED_EDGE('',*,*,#541,.T.);
#749=ORIENTED_EDGE('',*,*,#542,.T.);
#750=ORIENTED_EDGE('',*,*,#534,.T.);
#751=ORIENTED_EDGE('',*,*,#536,.F.);
#752=ORIENTED_EDGE('',*,*,#543,.T.);
#753=ORIENTED_EDGE('',*,*,#544,.T.);
#754=ORIENTED_EDGE('',*,*,#543,.F.);
#755=ORIENTED_EDGE('',*,*,#537,.F.);
#756=ORIENTED_EDGE('',*,*,#545,.F.);
#757=ORIENTED_EDGE('',*,*,#546,.F.);
#758=ORIENTED_EDGE('',*,*,#547,.F.);
#759=ORIENTED_EDGE('',*,*,#538,.F.);
#760=ORIENTED_EDGE('',*,*,#548,.F.);
#761=ORIENTED_EDGE('',*,*,#549,.F.);
#762=ORIENTED_EDGE('',*,*,#539,.F.);
#763=ORIENTED_EDGE('',*,*,#550,.F.);
#764=ORIENTED_EDGE('',*,*,#540,.F.);
#765=ORIENTED_EDGE('',*,*,#551,.F.);
#766=ORIENTED_EDGE('',*,*,#552,.F.);
#767=ORIENTED_EDGE('',*,*,#553,.F.);
#768=ORIENTED_EDGE('',*,*,#554,.F.);
#769=ORIENTED_EDGE('',*,*,#542,.F.);
#770=ORIENTED_EDGE('',*,*,#555,.F.);
#771=ORIENTED_EDGE('',*,*,#556,.F.);
#772=ORIENTED_EDGE('',*,*,#541,.F.);
#773=ORIENTED_EDGE('',*,*,#544,.F.);
#774=ORIENTED_EDGE('',*,*,#557,.F.);
#775=ORIENTED_EDGE('',*,*,#558,.T.);
#776=ORIENTED_EDGE('',*,*,#559,.F.);
#777=ORIENTED_EDGE('',*,*,#545,.T.);
#778=ORIENTED_EDGE('',*,*,#554,.T.);
#779=ORIENTED_EDGE('',*,*,#560,.T.);
#780=ORIENTED_EDGE('',*,*,#561,.T.);
#781=ORIENTED_EDGE('',*,*,#562,.T.);
#782=ORIENTED_EDGE('',*,*,#563,.F.);
#783=ORIENTED_EDGE('',*,*,#548,.T.);
#784=ORIENTED_EDGE('',*,*,#546,.T.);
#785=ORIENTED_EDGE('',*,*,#559,.T.);
#786=ORIENTED_EDGE('',*,*,#564,.T.);
#787=ORIENTED_EDGE('',*,*,#565,.T.);
#788=ORIENTED_EDGE('',*,*,#566,.F.);
#789=ORIENTED_EDGE('',*,*,#550,.T.);
#790=ORIENTED_EDGE('',*,*,#547,.T.);
#791=ORIENTED_EDGE('',*,*,#563,.T.);
#792=ORIENTED_EDGE('',*,*,#567,.T.);
#793=ORIENTED_EDGE('',*,*,#568,.T.);
#794=ORIENTED_EDGE('',*,*,#569,.T.);
#795=ORIENTED_EDGE('',*,*,#570,.F.);
#796=ORIENTED_EDGE('',*,*,#551,.T.);
#797=ORIENTED_EDGE('',*,*,#549,.T.);
#798=ORIENTED_EDGE('',*,*,#566,.T.);
#799=ORIENTED_EDGE('',*,*,#571,.T.);
#800=ORIENTED_EDGE('',*,*,#572,.T.);
#801=ORIENTED_EDGE('',*,*,#560,.F.);
#802=ORIENTED_EDGE('',*,*,#553,.T.);
#803=ORIENTED_EDGE('',*,*,#556,.T.);
#804=ORIENTED_EDGE('',*,*,#573,.T.);
#805=ORIENTED_EDGE('',*,*,#574,.T.);
#806=ORIENTED_EDGE('',*,*,#575,.T.);
#807=ORIENTED_EDGE('',*,*,#573,.F.);
#808=ORIENTED_EDGE('',*,*,#555,.T.);
#809=ORIENTED_EDGE('',*,*,#552,.T.);
#810=ORIENTED_EDGE('',*,*,#570,.T.);
#811=ORIENTED_EDGE('',*,*,#557,.T.);
#812=ORIENTED_EDGE('',*,*,#576,.T.);
#813=ORIENTED_EDGE('',*,*,#482,.F.);
#814=ORIENTED_EDGE('',*,*,#458,.T.);
#815=ORIENTED_EDGE('',*,*,#462,.T.);
#816=ORIENTED_EDGE('',*,*,#465,.T.);
#817=ORIENTED_EDGE('',*,*,#481,.F.);
#818=ORIENTED_EDGE('',*,*,#473,.T.);
#819=ORIENTED_EDGE('',*,*,#479,.T.);
#820=ORIENTED_EDGE('',*,*,#468,.T.);
#821=ORIENTED_EDGE('',*,*,#483,.F.);
#822=ORIENTED_EDGE('',*,*,#576,.F.);
#823=ORIENTED_EDGE('',*,*,#561,.F.);
#824=ORIENTED_EDGE('',*,*,#572,.F.);
#825=ORIENTED_EDGE('',*,*,#577,.F.);
#826=ORIENTED_EDGE('',*,*,#558,.F.);
#827=ORIENTED_EDGE('',*,*,#578,.F.);
#828=ORIENTED_EDGE('',*,*,#564,.F.);
#829=ORIENTED_EDGE('',*,*,#567,.F.);
#830=ORIENTED_EDGE('',*,*,#562,.F.);
#831=ORIENTED_EDGE('',*,*,#579,.F.);
#832=ORIENTED_EDGE('',*,*,#568,.F.);
#833=ORIENTED_EDGE('',*,*,#565,.F.);
#834=ORIENTED_EDGE('',*,*,#580,.F.);
#835=ORIENTED_EDGE('',*,*,#569,.F.);
#836=ORIENTED_EDGE('',*,*,#581,.F.);
#837=ORIENTED_EDGE('',*,*,#574,.F.);
#838=ORIENTED_EDGE('',*,*,#575,.F.);
#839=ORIENTED_EDGE('',*,*,#582,.F.);
#840=ORIENTED_EDGE('',*,*,#571,.F.);
#841=ORIENTED_EDGE('',*,*,#583,.F.);
#842=ORIENTED_EDGE('',*,*,#584,.T.);
#843=ORIENTED_EDGE('',*,*,#480,.T.);
#844=ORIENTED_EDGE('',*,*,#584,.F.);
#845=ORIENTED_EDGE('',*,*,#582,.T.);
#846=ORIENTED_EDGE('',*,*,#581,.T.);
#847=ORIENTED_EDGE('',*,*,#580,.T.);
#848=ORIENTED_EDGE('',*,*,#579,.T.);
#849=ORIENTED_EDGE('',*,*,#578,.T.);
#850=ORIENTED_EDGE('',*,*,#577,.T.);
#851=ORIENTED_EDGE('',*,*,#585,.T.);
#852=ORIENTED_EDGE('',*,*,#586,.F.);
#853=ORIENTED_EDGE('',*,*,#587,.T.);
#854=ORIENTED_EDGE('',*,*,#583,.T.);
#855=ORIENTED_EDGE('',*,*,#587,.F.);
#856=ORIENTED_EDGE('',*,*,#588,.F.);
#857=ORIENTED_EDGE('',*,*,#589,.T.);
#858=ORIENTED_EDGE('',*,*,#585,.F.);
#859=ORIENTED_EDGE('',*,*,#589,.F.);
#860=ORIENTED_EDGE('',*,*,#586,.T.);
#861=ORIENTED_EDGE('',*,*,#590,.T.);
#862=ORIENTED_EDGE('',*,*,#591,.F.);
#863=ORIENTED_EDGE('',*,*,#592,.F.);
#864=ORIENTED_EDGE('',*,*,#590,.F.);
#865=ORIENTED_EDGE('',*,*,#588,.T.);
#866=ORIENTED_EDGE('',*,*,#593,.T.);
#867=ORIENTED_EDGE('',*,*,#593,.F.);
#868=ORIENTED_EDGE('',*,*,#594,.T.);
#869=ORIENTED_EDGE('',*,*,#595,.T.);
#870=ORIENTED_EDGE('',*,*,#596,.T.);
#871=ORIENTED_EDGE('',*,*,#594,.F.);
#872=ORIENTED_EDGE('',*,*,#595,.F.);
#873=ORIENTED_EDGE('',*,*,#596,.F.);
#874=ORIENTED_EDGE('',*,*,#597,.T.);
#875=ORIENTED_EDGE('',*,*,#591,.T.);
#876=ORIENTED_EDGE('',*,*,#592,.T.);
#877=ORIENTED_EDGE('',*,*,#597,.F.);
#878=PLANE('',#982);
#879=PLANE('',#983);
#880=PLANE('',#985);
#881=PLANE('',#986);
#882=PLANE('',#987);
#883=PLANE('',#988);
#884=PLANE('',#989);
#885=PLANE('',#990);
#886=PLANE('',#992);
#887=PLANE('',#1009);
#888=PLANE('',#1011);
#889=PLANE('',#1012);
#890=PLANE('',#1013);
#891=PLANE('',#1014);
#892=PLANE('',#1015);
#893=PLANE('',#1016);
#894=PLANE('',#1038);
#895=PLANE('',#1040);
#896=PLANE('',#1055);
#897=PLANE('',#1057);
#898=PLANE('',#1058);
#899=PLANE('',#1059);
#900=PLANE('',#1060);
#901=PLANE('',#1061);
#902=PLANE('',#1062);
#903=PLANE('',#1078);
#904=PLANE('',#1087);
#905=ADVANCED_FACE('',(#155),#878,.F.);
#906=ADVANCED_FACE('',(#156),#879,.F.);
#907=ADVANCED_FACE('',(#157),#880,.F.);
#908=ADVANCED_FACE('',(#158),#881,.F.);
#909=ADVANCED_FACE('',(#159),#882,.F.);
#910=ADVANCED_FACE('',(#160),#883,.F.);
#911=ADVANCED_FACE('',(#161),#884,.F.);
#912=ADVANCED_FACE('',(#162),#885,.F.);
#913=ADVANCED_FACE('',(#163,#99),#886,.T.);
#914=ADVANCED_FACE('',(#164),#71,.T.);
#915=ADVANCED_FACE('',(#165),#72,.T.);
#916=ADVANCED_FACE('',(#166),#73,.T.);
#917=ADVANCED_FACE('',(#167),#74,.T.);
#918=ADVANCED_FACE('',(#168),#75,.T.);
#919=ADVANCED_FACE('',(#169),#76,.T.);
#920=ADVANCED_FACE('',(#170,#100),#887,.T.);
#921=ADVANCED_FACE('',(#171),#888,.T.);
#922=ADVANCED_FACE('',(#172),#889,.T.);
#923=ADVANCED_FACE('',(#173),#890,.T.);
#924=ADVANCED_FACE('',(#174),#891,.T.);
#925=ADVANCED_FACE('',(#175),#892,.T.);
#926=ADVANCED_FACE('',(#176),#893,.T.);
#927=ADVANCED_FACE('',(#177),#16,.T.);
#928=ADVANCED_FACE('',(#178),#77,.T.);
#929=ADVANCED_FACE('',(#179),#78,.T.);
#930=ADVANCED_FACE('',(#180),#79,.T.);
#931=ADVANCED_FACE('',(#181),#80,.T.);
#932=ADVANCED_FACE('',(#182),#81,.T.);
#933=ADVANCED_FACE('',(#183),#82,.T.);
#934=ADVANCED_FACE('',(#184),#83,.T.);
#935=ADVANCED_FACE('',(#185),#17,.T.);
#936=ADVANCED_FACE('',(#186),#18,.T.);
#937=ADVANCED_FACE('',(#187,#101),#894,.T.);
#938=ADVANCED_FACE('',(#188,#102),#895,.F.);
#939=ADVANCED_FACE('',(#189),#19,.F.);
#940=ADVANCED_FACE('',(#190),#84,.T.);
#941=ADVANCED_FACE('',(#191),#85,.T.);
#942=ADVANCED_FACE('',(#192),#86,.T.);
#943=ADVANCED_FACE('',(#193),#87,.T.);
#944=ADVANCED_FACE('',(#194),#88,.T.);
#945=ADVANCED_FACE('',(#195),#89,.T.);
#946=ADVANCED_FACE('',(#196,#103),#896,.F.);
#947=ADVANCED_FACE('',(#197),#897,.T.);
#948=ADVANCED_FACE('',(#198),#898,.T.);
#949=ADVANCED_FACE('',(#199),#899,.T.);
#950=ADVANCED_FACE('',(#200),#900,.T.);
#951=ADVANCED_FACE('',(#201),#901,.T.);
#952=ADVANCED_FACE('',(#202),#902,.T.);
#953=ADVANCED_FACE('',(#203),#20,.F.);
#954=ADVANCED_FACE('',(#204),#90,.T.);
#955=ADVANCED_FACE('',(#205),#91,.T.);
#956=ADVANCED_FACE('',(#206),#92,.T.);
#957=ADVANCED_FACE('',(#207),#93,.T.);
#958=ADVANCED_FACE('',(#208),#94,.T.);
#959=ADVANCED_FACE('',(#209),#95,.T.);
#960=ADVANCED_FACE('',(#210),#96,.T.);
#961=ADVANCED_FACE('',(#211,#104),#903,.T.);
#962=ADVANCED_FACE('',(#212),#21,.T.);
#963=ADVANCED_FACE('',(#213),#22,.T.);
#964=ADVANCED_FACE('',(#214),#97,.T.);
#965=ADVANCED_FACE('',(#215,#105),#904,.T.);
#966=ADVANCED_FACE('',(#216),#98,.T.);
#967=ADVANCED_FACE('',(#217),#15,.F.);
#968=CLOSED_SHELL('',(#905,#906,#907,#908,#909,#910,#911,#912,#913,#914,
#915,#916,#917,#918,#919,#920,#921,#922,#923,#924,#925,#926,#927,#928,#929,
#930,#931,#932,#933,#934,#935,#936,#937,#938,#939,#940,#941,#942,#943,#944,
#945,#946,#947,#948,#949,#950,#951,#952,#953,#954,#955,#956,#957,#958,#959,
#960,#961,#962,#963,#964,#965,#966,#967));
#969=DERIVED_UNIT_ELEMENT(#971,1.);
#970=DERIVED_UNIT_ELEMENT(#1752,-3.);
#971=(
MASS_UNIT()
NAMED_UNIT(*)
SI_UNIT(.KILO.,.GRAM.)
);
#972=DERIVED_UNIT((#969,#970));
#973=MEASURE_REPRESENTATION_ITEM('density measure',
POSITIVE_RATIO_MEASURE(7850.),#972);
#974=PROPERTY_DEFINITION_REPRESENTATION(#979,#976);
#975=PROPERTY_DEFINITION_REPRESENTATION(#980,#977);
#976=REPRESENTATION('material name',(#978),#1749);
#977=REPRESENTATION('density',(#973),#1749);
#978=DESCRIPTIVE_REPRESENTATION_ITEM('Steel','Steel');
#979=PROPERTY_DEFINITION('material property','material name',#1759);
#980=PROPERTY_DEFINITION('material property','density of part',#1759);
#981=AXIS2_PLACEMENT_3D('',#1363,#1094,#1095);
#982=AXIS2_PLACEMENT_3D('',#1364,#1096,#1097);
#983=AXIS2_PLACEMENT_3D('',#1373,#1102,#1103);
#984=AXIS2_PLACEMENT_3D('',#1375,#1104,#1105);
#985=AXIS2_PLACEMENT_3D('',#1379,#1108,#1109);
#986=AXIS2_PLACEMENT_3D('',#1385,#1113,#1114);
#987=AXIS2_PLACEMENT_3D('',#1394,#1119,#1120);
#988=AXIS2_PLACEMENT_3D('',#1396,#1122,#1123);
#989=AXIS2_PLACEMENT_3D('',#1405,#1128,#1129);
#990=AXIS2_PLACEMENT_3D('',#1408,#1132,#1133);
#991=AXIS2_PLACEMENT_3D('',#1409,#1134,#1135);
#992=AXIS2_PLACEMENT_3D('',#1410,#1136,#1137);
#993=AXIS2_PLACEMENT_3D('',#1412,#1138,#1139);
#994=AXIS2_PLACEMENT_3D('',#1413,#1140,#1141);
#995=AXIS2_PLACEMENT_3D('',#1415,#1142,#1143);
#996=AXIS2_PLACEMENT_3D('',#1416,#1144,#1145);
#997=AXIS2_PLACEMENT_3D('',#1417,#1146,#1147);
#998=AXIS2_PLACEMENT_3D('',#1424,#1148,#1149);
#999=AXIS2_PLACEMENT_3D('',#1428,#1150,#1151);
#1000=AXIS2_PLACEMENT_3D('',#1437,#1152,#1153);
#1001=AXIS2_PLACEMENT_3D('',#1438,#1154,#1155);
#1002=AXIS2_PLACEMENT_3D('',#1447,#1156,#1157);
#1003=AXIS2_PLACEMENT_3D('',#1448,#1158,#1159);
#1004=AXIS2_PLACEMENT_3D('',#1450,#1160,#1161);
#1005=AXIS2_PLACEMENT_3D('',#1458,#1162,#1163);
#1006=AXIS2_PLACEMENT_3D('',#1464,#1164,#1165);
#1007=AXIS2_PLACEMENT_3D('',#1468,#1166,#1167);
#1008=AXIS2_PLACEMENT_3D('',#1473,#1168,#1169);
#1009=AXIS2_PLACEMENT_3D('',#1477,#1170,#1171);
#1010=AXIS2_PLACEMENT_3D('',#1479,#1172,#1173);
#1011=AXIS2_PLACEMENT_3D('',#1480,#1174,#1175);
#1012=AXIS2_PLACEMENT_3D('',#1492,#1178,#1179);
#1013=AXIS2_PLACEMENT_3D('',#1502,#1181,#1182);
#1014=AXIS2_PLACEMENT_3D('',#1512,#1184,#1185);
#1015=AXIS2_PLACEMENT_3D('',#1522,#1187,#1188);
#1016=AXIS2_PLACEMENT_3D('',#1532,#1190,#1191);
#1017=AXIS2_PLACEMENT_3D('',#1540,#1192,#1193);
#1018=AXIS2_PLACEMENT_3D('',#1542,#1194,#1195);
#1019=AXIS2_PLACEMENT_3D('',#1544,#1197,#1198);
#1020=AXIS2_PLACEMENT_3D('',#1546,#1199,#1200);
#1021=AXIS2_PLACEMENT_3D('',#1547,#1201,#1202);
#1022=AXIS2_PLACEMENT_3D('',#1548,#1203,#1204);
#1023=AXIS2_PLACEMENT_3D('',#1549,#1205,#1206);
#1024=AXIS2_PLACEMENT_3D('',#1550,#1207,#1208);
#1025=AXIS2_PLACEMENT_3D('',#1551,#1209,#1210);
#1026=AXIS2_PLACEMENT_3D('',#1552,#1211,#1212);
#1027=AXIS2_PLACEMENT_3D('',#1553,#1213,#1214);
#1028=AXIS2_PLACEMENT_3D('',#1554,#1215,#1216);
#1029=AXIS2_PLACEMENT_3D('',#1555,#1217,#1218);
#1030=AXIS2_PLACEMENT_3D('',#1556,#1219,#1220);
#1031=AXIS2_PLACEMENT_3D('',#1557,#1221,#1222);
#1032=AXIS2_PLACEMENT_3D('',#1558,#1223,#1224);
#1033=AXIS2_PLACEMENT_3D('',#1561,#1226,#1227);
#1034=AXIS2_PLACEMENT_3D('',#1562,#1228,#1229);
#1035=AXIS2_PLACEMENT_3D('',#1565,#1231,#1232);
#1036=AXIS2_PLACEMENT_3D('',#1566,#1233,#1234);
#1037=AXIS2_PLACEMENT_3D('',#1568,#1235,#1236);
#1038=AXIS2_PLACEMENT_3D('',#1570,#1238,#1239);
#1039=AXIS2_PLACEMENT_3D('',#1572,#1240,#1241);
#1040=AXIS2_PLACEMENT_3D('',#1573,#1242,#1243);
#1041=AXIS2_PLACEMENT_3D('',#1576,#1244,#1245);
#1042=AXIS2_PLACEMENT_3D('',#1578,#1246,#1247);
#1043=AXIS2_PLACEMENT_3D('',#1580,#1248,#1249);
#1044=AXIS2_PLACEMENT_3D('',#1582,#1250,#1251);
#1045=AXIS2_PLACEMENT_3D('',#1584,#1252,#1253);
#1046=AXIS2_PLACEMENT_3D('',#1585,#1254,#1255);
#1047=AXIS2_PLACEMENT_3D('',#1586,#1256,#1257);
#1048=AXIS2_PLACEMENT_3D('',#1589,#1259,#1260);
#1049=AXIS2_PLACEMENT_3D('',#1590,#1261,#1262);
#1050=AXIS2_PLACEMENT_3D('',#1598,#1263,#1264);
#1051=AXIS2_PLACEMENT_3D('',#1606,#1265,#1266);
#1052=AXIS2_PLACEMENT_3D('',#1614,#1267,#1268);
#1053=AXIS2_PLACEMENT_3D('',#1622,#1269,#1270);
#1054=AXIS2_PLACEMENT_3D('',#1630,#1271,#1272);
#1055=AXIS2_PLACEMENT_3D('',#1638,#1273,#1274);
#1056=AXIS2_PLACEMENT_3D('',#1640,#1275,#1276);
#1057=AXIS2_PLACEMENT_3D('',#1641,#1277,#1278);
#1058=AXIS2_PLACEMENT_3D('',#1653,#1281,#1282);
#1059=AXIS2_PLACEMENT_3D('',#1663,#1284,#1285);
#1060=AXIS2_PLACEMENT_3D('',#1673,#1287,#1288);
#1061=AXIS2_PLACEMENT_3D('',#1683,#1290,#1291);
#1062=AXIS2_PLACEMENT_3D('',#1693,#1293,#1294);
#1063=AXIS2_PLACEMENT_3D('',#1701,#1295,#1296);
#1064=AXIS2_PLACEMENT_3D('',#1703,#1298,#1299);
#1065=AXIS2_PLACEMENT_3D('',#1704,#1300,#1301);
#1066=AXIS2_PLACEMENT_3D('',#1705,#1302,#1303);
#1067=AXIS2_PLACEMENT_3D('',#1706,#1304,#1305);
#1068=AXIS2_PLACEMENT_3D('',#1707,#1306,#1307);
#1069=AXIS2_PLACEMENT_3D('',#1708,#1308,#1309);
#1070=AXIS2_PLACEMENT_3D('',#1709,#1310,#1311);
#1071=AXIS2_PLACEMENT_3D('',#1710,#1312,#1313);
#1072=AXIS2_PLACEMENT_3D('',#1711,#1314,#1315);
#1073=AXIS2_PLACEMENT_3D('',#1712,#1316,#1317);
#1074=AXIS2_PLACEMENT_3D('',#1713,#1318,#1319);
#1075=AXIS2_PLACEMENT_3D('',#1714,#1320,#1321);
#1076=AXIS2_PLACEMENT_3D('',#1715,#1322,#1323);
#1077=AXIS2_PLACEMENT_3D('',#1717,#1324,#1325);
#1078=AXIS2_PLACEMENT_3D('',#1719,#1327,#1328);
#1079=AXIS2_PLACEMENT_3D('',#1721,#1329,#1330);
#1080=AXIS2_PLACEMENT_3D('',#1722,#1331,#1332);
#1081=AXIS2_PLACEMENT_3D('',#1724,#1333,#1334);
#1082=AXIS2_PLACEMENT_3D('',#1726,#1336,#1337);
#1083=AXIS2_PLACEMENT_3D('',#1728,#1338,#1339);
#1084=AXIS2_PLACEMENT_3D('',#1730,#1341,#1342);
#1085=AXIS2_PLACEMENT_3D('',#1734,#1344,#1345);
#1086=AXIS2_PLACEMENT_3D('',#1735,#1346,#1347);
#1087=AXIS2_PLACEMENT_3D('',#1736,#1348,#1349);
#1088=AXIS2_PLACEMENT_3D('',#1738,#1350,#1351);
#1089=AXIS2_PLACEMENT_3D('',#1739,#1352,#1353);
#1090=AXIS2_PLACEMENT_3D('',#1743,#1355,#1356);
#1091=AXIS2_PLACEMENT_3D('',#1744,#1357,#1358);
#1092=AXIS2_PLACEMENT_3D('',#1745,#1359,#1360);
#1093=AXIS2_PLACEMENT_3D('',#1746,#1361,#1362);
#1094=DIRECTION('axis',(0.,0.,1.));
#1095=DIRECTION('refdir',(1.,0.,0.));
#1096=DIRECTION('center_axis',(0.,0.,1.));
#1097=DIRECTION('ref_axis',(0.,1.,0.));
#1098=DIRECTION('',(-1.,0.,0.));
#1099=DIRECTION('',(0.,1.,0.));
#1100=DIRECTION('',(-1.,0.,0.));
#1101=DIRECTION('',(0.,1.,0.));
#1102=DIRECTION('center_axis',(-1.,0.,0.));
#1103=DIRECTION('ref_axis',(0.,0.,1.));
#1104=DIRECTION('center_axis',(1.,0.,0.));
#1105=DIRECTION('ref_axis',(0.,0.,-1.));
#1106=DIRECTION('',(0.,0.,1.));
#1107=DIRECTION('',(0.,-1.,0.));
#1108=DIRECTION('center_axis',(0.,0.,-1.));
#1109=DIRECTION('ref_axis',(0.,-1.,0.));
#1110=DIRECTION('',(1.,0.,0.));
#1111=DIRECTION('',(-1.,0.,0.));
#1112=DIRECTION('',(0.,-1.,0.));
#1113=DIRECTION('center_axis',(0.,0.,1.));
#1114=DIRECTION('ref_axis',(0.,1.,0.));
#1115=DIRECTION('',(1.,0.,0.));
#1116=DIRECTION('',(0.,1.,0.));
#1117=DIRECTION('',(-1.,0.,0.));
#1118=DIRECTION('',(0.,1.,0.));
#1119=DIRECTION('center_axis',(0.,-1.,0.));
#1120=DIRECTION('ref_axis',(0.,0.,1.));
#1121=DIRECTION('',(0.,0.,1.));
#1122=DIRECTION('center_axis',(0.,0.,-1.));
#1123=DIRECTION('ref_axis',(0.,-1.,0.));
#1124=DIRECTION('',(-1.,0.,0.));
#1125=DIRECTION('',(0.,-1.,0.));
#1126=DIRECTION('',(-1.,0.,0.));
#1127=DIRECTION('',(0.,-1.,0.));
#1128=DIRECTION('center_axis',(0.,1.,0.));
#1129=DIRECTION('ref_axis',(0.,0.,-1.));
#1130=DIRECTION('',(0.,0.,-1.));
#1131=DIRECTION('',(0.,0.,-1.));
#1132=DIRECTION('center_axis',(-1.,0.,0.));
#1133=DIRECTION('ref_axis',(0.,0.,1.));
#1134=DIRECTION('center_axis',(1.,0.,0.));
#1135=DIRECTION('ref_axis',(0.,0.,-1.));
#1136=DIRECTION('center_axis',(1.,0.,0.));
#1137=DIRECTION('ref_axis',(0.,1.,0.));
#1138=DIRECTION('center_axis',(-1.,0.,0.));
#1139=DIRECTION('ref_axis',(0.,0.,-1.));
#1140=DIRECTION('center_axis',(-1.,0.,0.));
#1141=DIRECTION('ref_axis',(0.,0.,-1.));
#1142=DIRECTION('center_axis',(-1.,0.,0.));
#1143=DIRECTION('ref_axis',(0.,0.,-1.));
#1144=DIRECTION('center_axis',(-1.,0.,0.));
#1145=DIRECTION('ref_axis',(0.,0.,-1.));
#1146=DIRECTION('center_axis',(-1.,0.,-1.66533453693773E-16));
#1147=DIRECTION('ref_axis',(1.66533453693773E-16,1.22464679914735E-16,-1.));
#1148=DIRECTION('center_axis',(1.,0.,1.66533453693773E-16));
#1149=DIRECTION('ref_axis',(-1.66533453693773E-16,0.,1.));
#1150=DIRECTION('center_axis',(-1.,0.,-1.66533453693773E-16));
#1151=DIRECTION('ref_axis',(-1.66533453693773E-16,0.,1.));
#1152=DIRECTION('center_axis',(1.,0.,1.66533453693773E-16));
#1153=DIRECTION('ref_axis',(-1.66533453693773E-16,0.,1.));
#1154=DIRECTION('center_axis',(-1.,0.,-1.66533453693773E-16));
#1155=DIRECTION('ref_axis',(-1.66533453693773E-16,0.,1.));
#1156=DIRECTION('center_axis',(1.,0.,1.66533453693773E-16));
#1157=DIRECTION('ref_axis',(-1.66533453693773E-16,0.,1.));
#1158=DIRECTION('center_axis',(-1.,0.,-1.66533453693773E-16));
#1159=DIRECTION('ref_axis',(-1.66533453693773E-16,0.,1.));
#1160=DIRECTION('center_axis',(1.,0.,1.66533453693773E-16));
#1161=DIRECTION('ref_axis',(-1.66533453693773E-16,0.,1.));
#1162=DIRECTION('center_axis',(-1.,0.,-1.66533453693773E-16));
#1163=DIRECTION('ref_axis',(-1.66533453693773E-16,0.,1.));
#1164=DIRECTION('center_axis',(1.,0.,1.66533453693773E-16));
#1165=DIRECTION('ref_axis',(-1.66533453693773E-16,0.,1.));
#1166=DIRECTION('center_axis',(-1.,0.,-1.66533453693773E-16));
#1167=DIRECTION('ref_axis',(-1.66533453693773E-16,0.,1.));
#1168=DIRECTION('center_axis',(1.,0.,1.66533453693773E-16));
#1169=DIRECTION('ref_axis',(-1.66533453693773E-16,0.,1.));
#1170=DIRECTION('center_axis',(1.,0.,2.22044604925031E-16));
#1171=DIRECTION('ref_axis',(0.,1.,0.));
#1172=DIRECTION('center_axis',(1.,0.,2.22044604925031E-16));
#1173=DIRECTION('ref_axis',(-2.22044604925031E-16,0.,1.));
#1174=DIRECTION('center_axis',(1.92296268638356E-16,0.5,-0.866025403784439));
#1175=DIRECTION('ref_axis',(1.,-9.61481343191777E-17,1.66533453693773E-16));
#1176=DIRECTION('',(-1.,1.35958617011586E-32,-2.22044604925031E-16));
#1177=DIRECTION('',(-1.,1.35958617011586E-32,-2.22044604925031E-16));
#1178=DIRECTION('center_axis',(0.,1.,6.12303176911189E-17));
#1179=DIRECTION('ref_axis',(1.,0.,0.));
#1180=DIRECTION('',(-1.,1.35958617011586E-32,-2.22044604925031E-16));
#1181=DIRECTION('center_axis',(-1.92296268638356E-16,0.5,0.866025403784439));
#1182=DIRECTION('ref_axis',(1.,9.61481343191777E-17,1.66533453693773E-16));
#1183=DIRECTION('',(-1.,1.35958617011586E-32,-2.22044604925031E-16));
#1184=DIRECTION('center_axis',(-1.92296268638356E-16,-0.500000000000001,
0.866025403784438));
#1185=DIRECTION('ref_axis',(1.,-9.61481343191783E-17,1.66533453693773E-16));
#1186=DIRECTION('',(-1.,1.35958617011586E-32,-2.22044604925031E-16));
#1187=DIRECTION('center_axis',(3.88166809076014E-32,-1.,-2.36045107362352E-16));
#1188=DIRECTION('ref_axis',(1.,3.88166809076014E-32,9.16248761228493E-48));
#1189=DIRECTION('',(-1.,1.35958617011586E-32,-2.22044604925031E-16));
#1190=DIRECTION('center_axis',(1.92296268638356E-16,-0.5,-0.866025403784439));
#1191=DIRECTION('ref_axis',(1.,9.61481343191782E-17,1.66533453693773E-16));
#1192=DIRECTION('center_axis',(1.,0.,2.22044604925031E-16));
#1193=DIRECTION('ref_axis',(-2.22044604925031E-16,0.,1.));
#1194=DIRECTION('center_axis',(1.,0.,2.22044604925031E-16));
#1195=DIRECTION('ref_axis',(-2.22044604925031E-16,0.,1.));
#1196=DIRECTION('',(-1.,0.,-2.22044604925031E-16));
#1197=DIRECTION('center_axis',(1.,0.,5.55111512312578E-17));
#1198=DIRECTION('ref_axis',(5.55111512312578E-17,0.,-1.));
#1199=DIRECTION('center_axis',(-1.,1.35958617011586E-32,-2.22044604925031E-16));
#1200=DIRECTION('ref_axis',(-2.22044604925031E-16,0.,1.));
#1201=DIRECTION('center_axis',(-1.,1.35958617011586E-32,-2.22044604925031E-16));
#1202=DIRECTION('ref_axis',(-2.22044604925031E-16,0.,1.));
#1203=DIRECTION('center_axis',(1.,0.,5.55111512312578E-17));
#1204=DIRECTION('ref_axis',(5.55111512312578E-17,0.,-1.));
#1205=DIRECTION('center_axis',(-1.,1.35958617011586E-32,-2.22044604925031E-16));
#1206=DIRECTION('ref_axis',(-2.22044604925031E-16,0.,1.));
#1207=DIRECTION('center_axis',(1.,0.,5.55111512312578E-17));
#1208=DIRECTION('ref_axis',(5.55111512312578E-17,0.,-1.));
#1209=DIRECTION('center_axis',(-1.,1.35958617011586E-32,-2.22044604925031E-16));
#1210=DIRECTION('ref_axis',(-2.22044604925031E-16,0.,1.));
#1211=DIRECTION('center_axis',(1.,0.,5.55111512312578E-17));
#1212=DIRECTION('ref_axis',(-5.55111512312578E-17,-3.21624529935327E-16,
1.));
#1213=DIRECTION('center_axis',(-1.,1.35958617011586E-32,-2.22044604925031E-16));
#1214=DIRECTION('ref_axis',(-2.22044604925031E-16,0.,1.));
#1215=DIRECTION('center_axis',(1.,0.,5.55111512312578E-17));
#1216=DIRECTION('ref_axis',(5.55111512312578E-17,0.,-1.));
#1217=DIRECTION('center_axis',(-1.,1.35958617011586E-32,-2.22044604925031E-16));
#1218=DIRECTION('ref_axis',(-2.22044604925031E-16,0.,1.));
#1219=DIRECTION('center_axis',(1.,0.,5.55111512312578E-17));
#1220=DIRECTION('ref_axis',(5.55111512312578E-17,0.,-1.));
#1221=DIRECTION('center_axis',(-1.,1.35958617011586E-32,-2.22044604925031E-16));
#1222=DIRECTION('ref_axis',(-2.22044604925031E-16,0.,1.));
#1223=DIRECTION('center_axis',(-1.,0.,-2.22044604925031E-16));
#1224=DIRECTION('ref_axis',(-2.22044604925031E-16,0.,1.));
#1225=DIRECTION('',(0.707106781186548,8.65956056235493E-17,0.707106781186547));
#1226=DIRECTION('center_axis',(1.,0.,2.22044604925031E-16));
#1227=DIRECTION('ref_axis',(-2.22044604925031E-16,0.,1.));
#1228=DIRECTION('center_axis',(1.,0.,2.22044604925031E-16));
#1229=DIRECTION('ref_axis',(-2.22044604925031E-16,0.,1.));
#1230=DIRECTION('',(-1.,0.,-2.22044604925031E-16));
#1231=DIRECTION('center_axis',(1.,0.,2.22044604925031E-16));
#1232=DIRECTION('ref_axis',(-2.22044604925031E-16,0.,1.));
#1233=DIRECTION('center_axis',(1.,0.,2.22044604925031E-16));
#1234=DIRECTION('ref_axis',(-2.22044604925031E-16,0.,1.));
#1235=DIRECTION('center_axis',(1.,6.79793085057932E-33,2.22044604925031E-16));
#1236=DIRECTION('ref_axis',(-2.22044604925031E-16,0.,1.));
#1237=DIRECTION('',(-1.,0.,-2.22044604925031E-16));
#1238=DIRECTION('center_axis',(-1.,0.,-2.22044604925031E-16));
#1239=DIRECTION('ref_axis',(0.,1.,0.));
#1240=DIRECTION('center_axis',(1.,0.,6.12303176911189E-17));
#1241=DIRECTION('ref_axis',(6.12303176911189E-17,0.,-1.));
#1242=DIRECTION('center_axis',(1.,6.79793085057932E-33,1.11022302462516E-16));
#1243=DIRECTION('ref_axis',(-6.79793085057932E-33,1.,-7.54721935012284E-49));
#1244=DIRECTION('center_axis',(-1.,-6.79793085057932E-33,-1.11022302462516E-16));
#1245=DIRECTION('ref_axis',(1.11022302462516E-16,0.,-1.));
#1246=DIRECTION('center_axis',(-1.,-6.79793085057932E-33,-1.11022302462516E-16));
#1247=DIRECTION('ref_axis',(1.11022302462516E-16,0.,-1.));
#1248=DIRECTION('center_axis',(-1.,-6.79793085057932E-33,-1.11022302462516E-16));
#1249=DIRECTION('ref_axis',(1.11022302462516E-16,0.,-1.));
#1250=DIRECTION('center_axis',(-1.,-6.79793085057932E-33,-1.11022302462516E-16));
#1251=DIRECTION('ref_axis',(1.11022302462516E-16,0.,-1.));
#1252=DIRECTION('center_axis',(-1.,-6.79793085057932E-33,-1.11022302462516E-16));
#1253=DIRECTION('ref_axis',(1.11022302462516E-16,0.,-1.));
#1254=DIRECTION('center_axis',(-1.,-6.79793085057932E-33,-1.11022302462516E-16));
#1255=DIRECTION('ref_axis',(1.11022302462516E-16,0.,-1.));
#1256=DIRECTION('center_axis',(1.,0.,6.12303176911189E-17));
#1257=DIRECTION('ref_axis',(6.12303176911189E-17,0.,-1.));
#1258=DIRECTION('',(1.,0.,6.12303176911189E-17));
#1259=DIRECTION('center_axis',(1.,0.,6.12303176911189E-17));
#1260=DIRECTION('ref_axis',(6.12303176911189E-17,0.,-1.));
#1261=DIRECTION('center_axis',(1.,0.,1.11022302462516E-16));
#1262=DIRECTION('ref_axis',(-1.11022302462516E-16,1.22464679914735E-16,
1.));
#1263=DIRECTION('center_axis',(1.,0.,1.11022302462516E-16));
#1264=DIRECTION('ref_axis',(1.11022302462516E-16,0.,-1.));
#1265=DIRECTION('center_axis',(1.,0.,1.11022302462516E-16));
#1266=DIRECTION('ref_axis',(1.11022302462516E-16,0.,-1.));
#1267=DIRECTION('center_axis',(1.,0.,1.11022302462516E-16));
#1268=DIRECTION('ref_axis',(1.11022302462516E-16,0.,-1.));
#1269=DIRECTION('center_axis',(1.,0.,1.11022302462516E-16));
#1270=DIRECTION('ref_axis',(1.11022302462516E-16,0.,-1.));
#1271=DIRECTION('center_axis',(1.,0.,1.11022302462516E-16));
#1272=DIRECTION('ref_axis',(1.11022302462516E-16,0.,-1.));
#1273=DIRECTION('center_axis',(1.,0.,6.12303176911189E-17));
#1274=DIRECTION('ref_axis',(0.,1.,0.));
#1275=DIRECTION('center_axis',(-1.,0.,-6.12303176911189E-17));
#1276=DIRECTION('ref_axis',(0.,0.,-1.));
#1277=DIRECTION('center_axis',(-9.61481343191782E-17,-0.5,0.866025403784439));
#1278=DIRECTION('ref_axis',(1.,-4.80740671595891E-17,8.32667268468867E-17));
#1279=DIRECTION('',(1.,6.79793085057932E-33,1.11022302462516E-16));
#1280=DIRECTION('',(1.,6.79793085057932E-33,1.11022302462516E-16));
#1281=DIRECTION('center_axis',(-9.61481343191782E-17,0.5,0.866025403784439));
#1282=DIRECTION('ref_axis',(1.,4.80740671595891E-17,8.32667268468867E-17));
#1283=DIRECTION('',(1.,6.79793085057932E-33,1.11022302462516E-16));
#1284=DIRECTION('center_axis',(0.,1.,-6.12303176911189E-17));
#1285=DIRECTION('ref_axis',(1.,0.,0.));
#1286=DIRECTION('',(1.,6.79793085057932E-33,1.11022302462516E-16));
#1287=DIRECTION('center_axis',(9.61481343191782E-17,0.5,-0.866025403784439));
#1288=DIRECTION('ref_axis',(1.,-4.80740671595891E-17,8.32667268468867E-17));
#1289=DIRECTION('',(1.,6.79793085057932E-33,1.11022302462516E-16));
#1290=DIRECTION('center_axis',(-2.00840382322651E-32,-1.,2.42131251888967E-16));
#1291=DIRECTION('ref_axis',(1.,-2.00840382322651E-32,4.86297332016422E-48));
#1292=DIRECTION('',(1.,6.79793085057932E-33,1.11022302462516E-16));
#1293=DIRECTION('center_axis',(9.61481343191783E-17,-0.5,-0.866025403784438));
#1294=DIRECTION('ref_axis',(1.,4.80740671595891E-17,8.32667268468868E-17));
#1295=DIRECTION('center_axis',(1.,0.,0.));
#1296=DIRECTION('ref_axis',(0.,0.,-1.));
#1297=DIRECTION('',(1.,0.,0.));
#1298=DIRECTION('center_axis',(-1.,-2.22044604925031E-16,0.));
#1299=DIRECTION('ref_axis',(0.,0.,-1.));
#1300=DIRECTION('center_axis',(1.,6.79793085057932E-33,0.));
#1301=DIRECTION('ref_axis',(0.,0.,-1.));
#1302=DIRECTION('center_axis',(-1.,-2.22044604925031E-16,0.));
#1303=DIRECTION('ref_axis',(2.71926214689378E-32,-1.22464679914735E-16,
1.));
#1304=DIRECTION('center_axis',(1.,6.79793085057932E-33,0.));
#1305=DIRECTION('ref_axis',(0.,0.,-1.));
#1306=DIRECTION('center_axis',(-1.,-2.22044604925031E-16,0.));
#1307=DIRECTION('ref_axis',(0.,0.,-1.));
#1308=DIRECTION('center_axis',(1.,6.79793085057932E-33,0.));
#1309=DIRECTION('ref_axis',(0.,0.,-1.));
#1310=DIRECTION('center_axis',(-1.,-2.22044604925031E-16,0.));
#1311=DIRECTION('ref_axis',(0.,0.,-1.));
#1312=DIRECTION('center_axis',(1.,6.79793085057932E-33,0.));
#1313=DIRECTION('ref_axis',(0.,0.,-1.));
#1314=DIRECTION('center_axis',(-1.,-2.22044604925031E-16,0.));
#1315=DIRECTION('ref_axis',(0.,0.,-1.));
#1316=DIRECTION('center_axis',(1.,6.79793085057932E-33,0.));
#1317=DIRECTION('ref_axis',(0.,0.,-1.));
#1318=DIRECTION('center_axis',(-1.,-2.22044604925031E-16,0.));
#1319=DIRECTION('ref_axis',(0.,0.,-1.));
#1320=DIRECTION('center_axis',(1.,6.79793085057932E-33,0.));
#1321=DIRECTION('ref_axis',(0.,0.,-1.));
#1322=DIRECTION('center_axis',(-1.,0.,0.));
#1323=DIRECTION('ref_axis',(0.,0.,-1.));
#1324=DIRECTION('center_axis',(-1.,0.,0.));
#1325=DIRECTION('ref_axis',(0.,0.,-1.));
#1326=DIRECTION('',(0.707106781186548,-8.65956056235493E-17,-0.707106781186547));
#1327=DIRECTION('center_axis',(1.,6.79793085057932E-33,1.11022302462516E-16));
#1328=DIRECTION('ref_axis',(-6.79793085057932E-33,1.,-7.54721935012284E-49));
#1329=DIRECTION('center_axis',(-1.,-6.79793085057932E-33,0.));
#1330=DIRECTION('ref_axis',(0.,0.,-1.));
#1331=DIRECTION('center_axis',(-1.,0.,0.));
#1332=DIRECTION('ref_axis',(0.,0.,-1.));
#1333=DIRECTION('center_axis',(1.,0.,0.));
#1334=DIRECTION('ref_axis',(0.,0.,-1.));
#1335=DIRECTION('',(1.,0.,0.));
#1336=DIRECTION('center_axis',(1.,0.,0.));
#1337=DIRECTION('ref_axis',(0.,0.,-1.));
#1338=DIRECTION('center_axis',(1.,0.,0.));
#1339=DIRECTION('ref_axis',(0.,0.,-1.));
#1340=DIRECTION('',(-1.,0.,0.));
#1341=DIRECTION('center_axis',(1.,0.,0.));
#1342=DIRECTION('ref_axis',(0.,0.,-1.));
#1343=DIRECTION('',(-0.707106781186548,8.65956056235493E-17,-0.707106781186547));
#1344=DIRECTION('center_axis',(-1.,0.,0.));
#1345=DIRECTION('ref_axis',(0.,0.,-1.));
#1346=DIRECTION('center_axis',(-1.,0.,0.));
#1347=DIRECTION('ref_axis',(0.,0.,-1.));
#1348=DIRECTION('center_axis',(1.,0.,0.));
#1349=DIRECTION('ref_axis',(0.,1.,0.));
#1350=DIRECTION('center_axis',(-1.,0.,0.));
#1351=DIRECTION('ref_axis',(0.,0.,-1.));
#1352=DIRECTION('center_axis',(-1.,0.,0.));
#1353=DIRECTION('ref_axis',(0.,0.,-1.));
#1354=DIRECTION('',(0.913545457642601,-4.98108728038718E-17,-0.4067366430758));
#1355=DIRECTION('center_axis',(-1.,0.,0.));
#1356=DIRECTION('ref_axis',(0.,0.,-1.));
#1357=DIRECTION('center_axis',(-1.,0.,0.));
#1358=DIRECTION('ref_axis',(0.,0.,-1.));
#1359=DIRECTION('center_axis',(-1.,0.,0.));
#1360=DIRECTION('ref_axis',(0.,0.,1.));
#1361=DIRECTION('center_axis',(0.,1.,-1.22464679914735E-16));
#1362=DIRECTION('ref_axis',(0.,-1.22464679914735E-16,-1.));
#1363=CARTESIAN_POINT('',(0.,0.,0.));
#1364=CARTESIAN_POINT('Origin',(43.2000000108,-2.49999994412065,0.499999988824129));
#1365=CARTESIAN_POINT('',(43.2000000108,-2.05710695180777,0.499999988824129));
#1366=CARTESIAN_POINT('',(27.2000000108,-2.05710695180777,0.499999988824129));
#1367=CARTESIAN_POINT('',(36.2150000108,-2.05710695180777,0.499999988824129));
#1368=CARTESIAN_POINT('',(43.2000000108,-2.49999994412065,0.499999988824129));
#1369=CARTESIAN_POINT('',(43.2000000108,-1.24999997206032,0.499999988824129));
#1370=CARTESIAN_POINT('',(27.2000000108,-2.49999994412065,0.499999988824129));
#1371=CARTESIAN_POINT('',(43.2000000108,-2.49999994412065,0.499999988824129));
#1372=CARTESIAN_POINT('',(27.2000000108,2.49999994412065,0.499999988824129));
#1373=CARTESIAN_POINT('Origin',(27.2000000108,0.,0.));
#1374=CARTESIAN_POINT('',(27.2000000108,-2.05710695180777,-0.499999988824129));
#1375=CARTESIAN_POINT('Origin',(27.2000000108,0.,0.));
#1376=CARTESIAN_POINT('',(27.2000000108,-2.49999994412065,-0.499999988824129));
#1377=CARTESIAN_POINT('',(27.2000000108,-2.49999994412065,0.499999988824129));
#1378=CARTESIAN_POINT('',(27.2000000108,-2.49999994412065,-0.499999988824129));
#1379=CARTESIAN_POINT('Origin',(43.2000000108,2.49999994412065,-0.499999988824129));
#1380=CARTESIAN_POINT('',(43.2000000108,-2.05710695180777,-0.499999988824129));
#1381=CARTESIAN_POINT('',(36.2150000108,-2.05710695180777,-0.499999988824129));
#1382=CARTESIAN_POINT('',(43.2000000108,-2.49999994412065,-0.499999988824129));
#1383=CARTESIAN_POINT('',(43.2000000108,-2.49999994412065,-0.499999988824129));
#1384=CARTESIAN_POINT('',(43.2000000108,1.24999997206032,-0.499999988824129));
#1385=CARTESIAN_POINT('Origin',(43.2000000108,-2.49999994412065,0.499999988824129));
#1386=CARTESIAN_POINT('',(27.2000000108,2.05710695180777,0.499999988824129));
#1387=CARTESIAN_POINT('',(43.2000000108,2.05710695180777,0.499999988824129));
#1388=CARTESIAN_POINT('',(36.2150000108,2.05710695180777,0.499999988824129));
#1389=CARTESIAN_POINT('',(27.2000000108,2.49999994412065,0.499999988824129));
#1390=CARTESIAN_POINT('',(27.2000000108,2.49999994412065,0.499999988824129));
#1391=CARTESIAN_POINT('',(43.2000000108,2.49999994412065,0.499999988824129));
#1392=CARTESIAN_POINT('',(43.2000000108,2.49999994412065,0.499999988824129));
#1393=CARTESIAN_POINT('',(43.2000000108,-1.24999997206032,0.499999988824129));
#1394=CARTESIAN_POINT('Origin',(43.2000000108,-2.49999994412065,-0.499999988824129));
#1395=CARTESIAN_POINT('',(43.2000000108,-2.49999994412065,-2.57887499441206));
#1396=CARTESIAN_POINT('Origin',(43.2000000108,2.49999994412065,-0.499999988824129));
#1397=CARTESIAN_POINT('',(43.2000000108,2.05710695180777,-0.499999988824129));
#1398=CARTESIAN_POINT('',(27.2000000108,2.05710695180777,-0.499999988824129));
#1399=CARTESIAN_POINT('',(36.2150000108,2.05710695180777,-0.499999988824129));
#1400=CARTESIAN_POINT('',(43.2000000108,2.49999994412065,-0.499999988824129));
#1401=CARTESIAN_POINT('',(43.2000000108,1.24999997206032,-0.499999988824129));
#1402=CARTESIAN_POINT('',(27.2000000108,2.49999994412065,-0.499999988824129));
#1403=CARTESIAN_POINT('',(43.2000000108,2.49999994412065,-0.499999988824129));
#1404=CARTESIAN_POINT('',(27.2000000108,-2.49999994412065,-0.499999988824129));
#1405=CARTESIAN_POINT('Origin',(43.2000000108,2.49999994412065,0.499999988824129));
#1406=CARTESIAN_POINT('',(43.2000000108,2.49999994412065,-2.07887500558794));
#1407=CARTESIAN_POINT('',(27.2000000108,2.49999994412065,-0.499999988824129));
#1408=CARTESIAN_POINT('Origin',(27.2000000108,0.,0.));
#1409=CARTESIAN_POINT('Origin',(27.2000000108,0.,0.));
#1410=CARTESIAN_POINT('Origin',(43.2000000108,8.55387538144931E-16,-4.65775));
#1411=CARTESIAN_POINT('',(43.2000000108,-1.14078204890324E-15,9.3155));
#1412=CARTESIAN_POINT('Origin',(43.2000000108,0.,0.));
#1413=CARTESIAN_POINT('Origin',(43.2000000108,0.,0.));
#1414=CARTESIAN_POINT('',(43.2000000108,-2.59257727379495E-16,2.117));
#1415=CARTESIAN_POINT('Origin',(43.2000000108,0.,0.));
#1416=CARTESIAN_POINT('Origin',(43.2000000108,0.,0.));
#1417=CARTESIAN_POINT('Origin',(12.3880624818114,0.,-5.1948032240606E-17));
#1418=CARTESIAN_POINT('',(12.7,3.4925,-6.0491874454343));
#1419=CARTESIAN_POINT('',(12.0761249636229,3.52495810318487E-15,-8.06558326057907));
#1420=CARTESIAN_POINT('Ctrl Pts',(12.7,3.4925,-6.0491874454343));
#1421=CARTESIAN_POINT('Ctrl Pts',(12.7,1.87162510913139,-6.985));
#1422=CARTESIAN_POINT('Ctrl Pts',(12.0761249636229,-7.55607741681543E-16,
-8.06558326057907));
#1423=CARTESIAN_POINT('',(12.7,-3.4925,-6.0491874454343));
#1424=CARTESIAN_POINT('Origin',(12.7,0.,3.91348964699486E-32));
#1425=CARTESIAN_POINT('Ctrl Pts',(12.0761249636229,-2.26682322504463E-15,
-8.06558326057907));
#1426=CARTESIAN_POINT('Ctrl Pts',(12.7,-1.87162510913139,-6.985));
#1427=CARTESIAN_POINT('Ctrl Pts',(12.7,-3.4925,-6.0491874454343));
#1428=CARTESIAN_POINT('Origin',(12.3880624818114,0.,-5.1948032240606E-17));
#1429=CARTESIAN_POINT('',(12.0761249636229,6.985,-4.03279163028953));
#1430=CARTESIAN_POINT('Ctrl Pts',(12.0761249636229,6.985,-4.03279163028954));
#1431=CARTESIAN_POINT('Ctrl Pts',(12.7,5.11337489086861,-5.11337489086861));
#1432=CARTESIAN_POINT('Ctrl Pts',(12.7,3.4925,-6.0491874454343));
#1433=CARTESIAN_POINT('',(12.7,6.985,4.27693769072465E-16));
#1434=CARTESIAN_POINT('Ctrl Pts',(12.7,6.985,4.27693769072465E-16));
#1435=CARTESIAN_POINT('Ctrl Pts',(12.7,6.985,-1.87162510913138));
#1436=CARTESIAN_POINT('Ctrl Pts',(12.0761249636229,6.985,-4.03279163028953));
#1437=CARTESIAN_POINT('Origin',(12.7,0.,3.91348964699486E-32));
#1438=CARTESIAN_POINT('Origin',(12.3880624818114,0.,-5.1948032240606E-17));
#1439=CARTESIAN_POINT('',(12.0761249636229,6.985,4.03279163028953));
#1440=CARTESIAN_POINT('Ctrl Pts',(12.0761249636229,6.985,4.03279163028953));
#1441=CARTESIAN_POINT('Ctrl Pts',(12.7,6.985,1.87162510913139));
#1442=CARTESIAN_POINT('Ctrl Pts',(12.7,6.985,4.27693769072465E-16));
#1443=CARTESIAN_POINT('',(12.7,3.4925,6.04918744543431));
#1444=CARTESIAN_POINT('Ctrl Pts',(12.7,3.4925,6.04918744543431));
#1445=CARTESIAN_POINT('Ctrl Pts',(12.7,5.1133748908686,5.11337489086862));
#1446=CARTESIAN_POINT('Ctrl Pts',(12.0761249636229,6.98499999999999,4.03279163028954));
#1447=CARTESIAN_POINT('Origin',(12.7,0.,3.91348964699486E-32));
#1448=CARTESIAN_POINT('Origin',(12.3880624818114,0.,-5.1948032240606E-17));
#1449=CARTESIAN_POINT('',(12.7,-3.49250000000001,6.0491874454343));
#1450=CARTESIAN_POINT('Origin',(12.7,0.,3.91348964699486E-32));
#1451=CARTESIAN_POINT('',(12.0761249636229,3.820006667693E-17,8.06558326057907));
#1452=CARTESIAN_POINT('Ctrl Pts',(12.0761249636229,6.04486193345234E-15,
8.06558326057907));
#1453=CARTESIAN_POINT('Ctrl Pts',(12.7,1.8716251091314,6.985));
#1454=CARTESIAN_POINT('Ctrl Pts',(12.7,3.4925,6.04918744543431));
#1455=CARTESIAN_POINT('Ctrl Pts',(12.7,-3.49250000000001,6.0491874454343));
#1456=CARTESIAN_POINT('Ctrl Pts',(12.7,-1.87162510913141,6.98499999999999));
#1457=CARTESIAN_POINT('Ctrl Pts',(12.0761249636229,-1.28453316085862E-14,
8.06558326057907));
#1458=CARTESIAN_POINT('Origin',(12.3880624818114,0.,-5.1948032240606E-17));
#1459=CARTESIAN_POINT('',(12.7,-6.985,-1.76247905159244E-15));
#1460=CARTESIAN_POINT('',(12.0761249636229,-6.985,4.03279163028953));
#1461=CARTESIAN_POINT('Ctrl Pts',(12.7,-6.985,-1.76247905159244E-15));
#1462=CARTESIAN_POINT('Ctrl Pts',(12.7,-6.985,1.87162510913139));
#1463=CARTESIAN_POINT('Ctrl Pts',(12.0761249636229,-6.985,4.03279163028954));
#1464=CARTESIAN_POINT('Origin',(12.7,0.,3.91348964699486E-32));
#1465=CARTESIAN_POINT('Ctrl Pts',(12.0761249636229,-6.985,4.03279163028954));
#1466=CARTESIAN_POINT('Ctrl Pts',(12.7,-5.1133748908686,5.11337489086861));
#1467=CARTESIAN_POINT('Ctrl Pts',(12.7,-3.49250000000001,6.0491874454343));
#1468=CARTESIAN_POINT('Origin',(12.3880624818114,0.,-5.1948032240606E-17));
#1469=CARTESIAN_POINT('',(12.0761249636229,-6.985,-4.03279163028954));
#1470=CARTESIAN_POINT('Ctrl Pts',(12.7,-3.4925,-6.0491874454343));
#1471=CARTESIAN_POINT('Ctrl Pts',(12.7,-5.11337489086861,-5.11337489086861));
#1472=CARTESIAN_POINT('Ctrl Pts',(12.0761249636229,-6.985,-4.03279163028953));
#1473=CARTESIAN_POINT('Origin',(12.7,0.,3.91348964699486E-32));
#1474=CARTESIAN_POINT('Ctrl Pts',(12.0761249636229,-6.985,-4.03279163028954));
#1475=CARTESIAN_POINT('Ctrl Pts',(12.7,-6.985,-1.87162510913139));
#1476=CARTESIAN_POINT('Ctrl Pts',(12.7,-6.985,-1.76247905159244E-15));
#1477=CARTESIAN_POINT('Origin',(12.7,3.11050013870884E-16,6.270625));
#1478=CARTESIAN_POINT('',(12.7,-6.80421905342558E-16,-5.55625));
#1479=CARTESIAN_POINT('Origin',(12.7,0.,-1.12798659301916E-15));
#1480=CARTESIAN_POINT('Origin',(12.7,1.90384146668338E-15,-8.06558326057907));
#1481=CARTESIAN_POINT('',(3.67187503637713,3.820006667693E-17,-8.06558326057907));
#1482=CARTESIAN_POINT('',(3.048,3.4925,-6.04918744543431));
#1483=CARTESIAN_POINT('Ctrl Pts',(3.67187503637713,6.04486193345234E-15,
-8.06558326057907));
#1484=CARTESIAN_POINT('Ctrl Pts',(3.048,1.8716251091314,-6.985));
#1485=CARTESIAN_POINT('Ctrl Pts',(3.048,3.4925,-6.04918744543431));
#1486=CARTESIAN_POINT('',(3.67187503637713,6.985,-4.03279163028953));
#1487=CARTESIAN_POINT('Ctrl Pts',(3.048,3.4925,-6.04918744543431));
#1488=CARTESIAN_POINT('Ctrl Pts',(3.048,5.11337489086861,-5.11337489086861));
#1489=CARTESIAN_POINT('Ctrl Pts',(3.67187503637713,6.985,-4.03279163028954));
#1490=CARTESIAN_POINT('',(12.7,6.985,-4.03279163028953));
#1491=CARTESIAN_POINT('',(12.7,1.90384146668338E-15,-8.06558326057907));
#1492=CARTESIAN_POINT('Origin',(12.7,6.985,4.27693769072465E-16));
#1493=CARTESIAN_POINT('',(3.048,6.985,-2.91866530943707E-15));
#1494=CARTESIAN_POINT('',(3.67187503637713,6.985,4.03279163028953));
#1495=CARTESIAN_POINT('Ctrl Pts',(3.048,6.985,-2.91866530943707E-15));
#1496=CARTESIAN_POINT('Ctrl Pts',(3.048,6.985,1.87162510913139));
#1497=CARTESIAN_POINT('Ctrl Pts',(3.67187503637713,6.985,4.03279163028953));
#1498=CARTESIAN_POINT('',(12.7,6.985,4.03279163028954));
#1499=CARTESIAN_POINT('Ctrl Pts',(3.67187503637713,6.985,-4.03279163028953));
#1500=CARTESIAN_POINT('Ctrl Pts',(3.048,6.985,-1.87162510913139));
#1501=CARTESIAN_POINT('Ctrl Pts',(3.048,6.985,-2.91866530943707E-15));
#1502=CARTESIAN_POINT('Origin',(12.7,6.985,4.03279163028954));
#1503=CARTESIAN_POINT('',(3.048,3.4925,6.04918744543431));
#1504=CARTESIAN_POINT('',(3.67187503637713,-9.16489106828067E-15,8.06558326057907));
#1505=CARTESIAN_POINT('Ctrl Pts',(3.048,3.4925,6.04918744543431));
#1506=CARTESIAN_POINT('Ctrl Pts',(3.048,1.8716251091314,6.985));
#1507=CARTESIAN_POINT('Ctrl Pts',(3.67187503637713,0.,8.06558326057907));
#1508=CARTESIAN_POINT('',(12.7,-1.90384146668338E-15,8.06558326057907));
#1509=CARTESIAN_POINT('Ctrl Pts',(3.67187503637713,6.985,4.03279163028954));
#1510=CARTESIAN_POINT('Ctrl Pts',(3.048,5.11337489086861,5.11337489086861));
#1511=CARTESIAN_POINT('Ctrl Pts',(3.048,3.4925,6.04918744543431));
#1512=CARTESIAN_POINT('Origin',(12.7,-1.90384146668338E-15,8.06558326057907));
#1513=CARTESIAN_POINT('',(3.048,-3.4925,6.0491874454343));
#1514=CARTESIAN_POINT('Ctrl Pts',(3.67187503637713,-4.53364645008926E-15,
8.06558326057907));
#1515=CARTESIAN_POINT('Ctrl Pts',(3.048,-1.8716251091314,6.98499999999999));
#1516=CARTESIAN_POINT('Ctrl Pts',(3.048,-3.4925,6.0491874454343));
#1517=CARTESIAN_POINT('',(3.67187503637713,-6.985,4.03279163028953));
#1518=CARTESIAN_POINT('Ctrl Pts',(3.048,-3.4925,6.0491874454343));
#1519=CARTESIAN_POINT('Ctrl Pts',(3.048,-5.1133748908686,5.11337489086861));
#1520=CARTESIAN_POINT('Ctrl Pts',(3.67187503637713,-6.985,4.03279163028953));
#1521=CARTESIAN_POINT('',(12.7,-6.985,4.03279163028954));
#1522=CARTESIAN_POINT('Origin',(12.7,-6.985,4.03279163028954));
#1523=CARTESIAN_POINT('',(3.048,-6.985,-5.033640171348E-15));
#1524=CARTESIAN_POINT('',(3.67187503637713,-6.985,-4.03279163028953));
#1525=CARTESIAN_POINT('Ctrl Pts',(3.048,-6.985,-1.76247905159244E-15));
#1526=CARTESIAN_POINT('Ctrl Pts',(3.048,-6.985,-1.87162510913139));
#1527=CARTESIAN_POINT('Ctrl Pts',(3.67187503637713,-6.985,-4.03279163028954));
#1528=CARTESIAN_POINT('',(12.7,-6.985,-4.03279163028953));
#1529=CARTESIAN_POINT('Ctrl Pts',(3.67187503637713,-6.985,4.03279163028954));
#1530=CARTESIAN_POINT('Ctrl Pts',(3.048,-6.985,1.87162510913139));
#1531=CARTESIAN_POINT('Ctrl Pts',(3.048,-6.985,-1.76247905159244E-15));
#1532=CARTESIAN_POINT('Origin',(12.7,-6.985,-4.03279163028953));
#1533=CARTESIAN_POINT('',(3.048,-3.4925,-6.0491874454343));
#1534=CARTESIAN_POINT('Ctrl Pts',(3.67187503637713,-6.985,-4.03279163028953));
#1535=CARTESIAN_POINT('Ctrl Pts',(3.048,-5.11337489086861,-5.11337489086861));
#1536=CARTESIAN_POINT('Ctrl Pts',(3.048,-3.4925,-6.0491874454343));
#1537=CARTESIAN_POINT('Ctrl Pts',(3.048,-3.4925,-6.0491874454343));
#1538=CARTESIAN_POINT('Ctrl Pts',(3.048,-1.87162510913139,-6.985));
#1539=CARTESIAN_POINT('Ctrl Pts',(3.67187503637713,-3.77803870840771E-15,
-8.06558326057907));
#1540=CARTESIAN_POINT('Origin',(13.43025,0.,-9.65838520272655E-16));
#1541=CARTESIAN_POINT('',(14.1605,-6.80421905342558E-16,-5.55625));
#1542=CARTESIAN_POINT('Origin',(14.1605,0.,-8.03690447526151E-16));
#1543=CARTESIAN_POINT('',(13.43025,6.80444377776248E-16,-5.55625));
#1544=CARTESIAN_POINT('Origin',(3.35993751818856,0.,1.73160107468687E-17));
#1545=CARTESIAN_POINT('',(3.048,8.55415789204426E-16,-6.985));
#1546=CARTESIAN_POINT('Origin',(3.048,0.,-3.27116111975556E-15));
#1547=CARTESIAN_POINT('Origin',(3.048,0.,-3.27116111975556E-15));
#1548=CARTESIAN_POINT('Origin',(3.35993751818856,0.,1.73160107468687E-17));
#1549=CARTESIAN_POINT('Origin',(3.048,0.,-3.27116111975556E-15));
#1550=CARTESIAN_POINT('Origin',(3.35993751818856,0.,1.73160107468687E-17));
#1551=CARTESIAN_POINT('Origin',(3.048,0.,-3.27116111975556E-15));
#1552=CARTESIAN_POINT('Origin',(3.35993751818856,0.,1.73160107468687E-17));
#1553=CARTESIAN_POINT('Origin',(3.048,0.,-3.27116111975556E-15));
#1554=CARTESIAN_POINT('Origin',(3.35993751818856,0.,1.73160107468687E-17));
#1555=CARTESIAN_POINT('Origin',(3.048,0.,-3.27116111975556E-15));
#1556=CARTESIAN_POINT('Origin',(3.35993751818856,0.,1.73160107468687E-17));
#1557=CARTESIAN_POINT('Origin',(3.048,0.,-3.27116111975556E-15));
#1558=CARTESIAN_POINT('Origin',(14.70025,0.,-6.83841872017865E-16));
#1559=CARTESIAN_POINT('',(15.24,-5.48225649447433E-16,-4.47675));
#1560=CARTESIAN_POINT('',(14.70025,-6.1434406679227E-16,-5.0165));
#1561=CARTESIAN_POINT('Origin',(15.24,0.,-5.63993296509579E-16));
#1562=CARTESIAN_POINT('Origin',(7.874,0.,-2.19957385638736E-15));
#1563=CARTESIAN_POINT('',(1.55098156540134E-15,-8.55387538144931E-16,-6.985));
#1564=CARTESIAN_POINT('',(7.874,8.55415789204426E-16,-6.985));
#1565=CARTESIAN_POINT('Origin',(0.,0.,-3.94795307556706E-15));
#1566=CARTESIAN_POINT('Origin',(16.51,0.,-2.8199664825479E-16));
#1567=CARTESIAN_POINT('',(17.78,-5.48225649447433E-16,-4.47675));
#1568=CARTESIAN_POINT('Origin',(17.78,0.,3.13079171759589E-31));
#1569=CARTESIAN_POINT('',(16.51,5.48243755808291E-16,-4.47675));
#1570=CARTESIAN_POINT('Origin',(0.,1.08867504854809E-15,3.4925));
#1571=CARTESIAN_POINT('',(-6.66133814659631E-16,3.67381906083034E-16,2.99999999948));
#1572=CARTESIAN_POINT('Origin',(0.,0.,0.));
#1573=CARTESIAN_POINT('Origin',(17.78,2.8199664825479E-15,-2.11497486191092E-15));
#1574=CARTESIAN_POINT('',(17.78,-6.7500000001,11.6913429512631));
#1575=CARTESIAN_POINT('',(17.78,6.7500000001,11.6913429512631));
#1576=CARTESIAN_POINT('Origin',(17.78,0.,-9.78372411748716E-32));
#1577=CARTESIAN_POINT('',(17.78,13.5000000002,-8.26609288842351E-16));
#1578=CARTESIAN_POINT('Origin',(17.78,0.,-9.78372411748716E-32));
#1579=CARTESIAN_POINT('',(17.78,6.7500000001,-11.6913429512631));
#1580=CARTESIAN_POINT('Origin',(17.78,0.,-9.78372411748716E-32));
#1581=CARTESIAN_POINT('',(17.78,-6.75000000010001,-11.6913429512631));
#1582=CARTESIAN_POINT('Origin',(17.78,0.,-9.78372411748716E-32));
#1583=CARTESIAN_POINT('',(17.78,-13.5000000002,3.52495810318487E-15));
#1584=CARTESIAN_POINT('Origin',(17.78,0.,-9.78372411748716E-32));
#1585=CARTESIAN_POINT('Origin',(17.78,0.,-9.78372411748716E-32));
#1586=CARTESIAN_POINT('Origin',(7.64999999969,0.,4.68411930318078E-16));
#1587=CARTESIAN_POINT('',(15.29999999938,3.67381906083034E-16,2.99999999948));
#1588=CARTESIAN_POINT('',(7.64999999969,-3.67394039680524E-16,2.99999999948));
#1589=CARTESIAN_POINT('Origin',(15.29999999938,0.,9.36823860636156E-16));
#1590=CARTESIAN_POINT('Origin',(18.2669318089341,0.,5.40602905701015E-17));
#1591=CARTESIAN_POINT('',(18.7538636178682,-4.22994972382185E-15,15.5884572683508));
#1592=CARTESIAN_POINT('Ctrl Pts',(18.7538636178682,1.36009393502678E-14,
15.5884572683508));
#1593=CARTESIAN_POINT('Ctrl Pts',(17.78,-3.61731409787374,13.5000000002));
#1594=CARTESIAN_POINT('Ctrl Pts',(17.78,-6.7500000001,11.6913429512631));
#1595=CARTESIAN_POINT('Ctrl Pts',(17.78,6.7500000001,11.6913429512631));
#1596=CARTESIAN_POINT('Ctrl Pts',(17.78,3.61731409787376,13.5000000002));
#1597=CARTESIAN_POINT('Ctrl Pts',(18.7538636178682,7.55607741681543E-16,
15.5884572683508));
#1598=CARTESIAN_POINT('Origin',(18.2669318089341,0.,5.40602905701015E-17));
#1599=CARTESIAN_POINT('',(18.7538636178682,13.5000000002,7.79422863417541));
#1600=CARTESIAN_POINT('Ctrl Pts',(17.78,13.5000000002,-8.26609288842351E-16));
#1601=CARTESIAN_POINT('Ctrl Pts',(17.78,13.5000000002,3.61731409787371));
#1602=CARTESIAN_POINT('Ctrl Pts',(18.7538636178682,13.5000000002,7.7942286341754));
#1603=CARTESIAN_POINT('Ctrl Pts',(18.7538636178682,13.5000000002,7.79422863417542));
#1604=CARTESIAN_POINT('Ctrl Pts',(17.78,9.88268590232624,9.88268590232626));
#1605=CARTESIAN_POINT('Ctrl Pts',(17.78,6.7500000001,11.6913429512631));
#1606=CARTESIAN_POINT('Origin',(18.2669318089341,0.,5.40602905701015E-17));
#1607=CARTESIAN_POINT('',(18.7538636178682,13.5000000002,-7.79422863417541));
#1608=CARTESIAN_POINT('Ctrl Pts',(17.78,6.7500000001,-11.6913429512631));
#1609=CARTESIAN_POINT('Ctrl Pts',(17.78,9.88268590232621,-9.88268590232628));
#1610=CARTESIAN_POINT('Ctrl Pts',(18.7538636178682,13.5000000002,-7.79422863417543));
#1611=CARTESIAN_POINT('Ctrl Pts',(18.7538636178682,13.5000000002,-7.7942286341754));
#1612=CARTESIAN_POINT('Ctrl Pts',(17.78,13.5000000002,-3.61731409787372));
#1613=CARTESIAN_POINT('Ctrl Pts',(17.78,13.5000000002,-8.26609288842351E-16));
#1614=CARTESIAN_POINT('Origin',(18.2669318089341,0.,5.40602905701015E-17));
#1615=CARTESIAN_POINT('',(18.7538636178682,5.96299787098923E-17,-15.5884572683508));
#1616=CARTESIAN_POINT('Ctrl Pts',(18.7538636178682,1.58677625753124E-14,
-15.5884572683508));
#1617=CARTESIAN_POINT('Ctrl Pts',(17.78,3.61731409787378,-13.5000000002));
#1618=CARTESIAN_POINT('Ctrl Pts',(17.78,6.7500000001,-11.6913429512631));
#1619=CARTESIAN_POINT('Ctrl Pts',(17.78,-6.75000000010001,-11.6913429512631));
#1620=CARTESIAN_POINT('Ctrl Pts',(17.78,-3.61731409787375,-13.5000000002));
#1621=CARTESIAN_POINT('Ctrl Pts',(18.7538636178682,-5.2892541917708E-15,
-15.5884572683508));
#1622=CARTESIAN_POINT('Origin',(18.2669318089341,0.,5.40602905701015E-17));
#1623=CARTESIAN_POINT('',(18.7538636178682,-13.5000000002,7.79422863417543));
#1624=CARTESIAN_POINT('Ctrl Pts',(18.7538636178682,-13.5000000002,7.79422863417541));
#1625=CARTESIAN_POINT('Ctrl Pts',(17.78,-13.5000000002,3.61731409787374));
#1626=CARTESIAN_POINT('Ctrl Pts',(17.78,-13.5000000002,3.52495810318487E-15));
#1627=CARTESIAN_POINT('Ctrl Pts',(17.78,-6.7500000001,11.6913429512631));
#1628=CARTESIAN_POINT('Ctrl Pts',(17.78,-9.88268590232626,9.88268590232624));
#1629=CARTESIAN_POINT('Ctrl Pts',(18.7538636178682,-13.5000000002,7.7942286341754));
#1630=CARTESIAN_POINT('Origin',(18.2669318089341,0.,5.40602905701015E-17));
#1631=CARTESIAN_POINT('',(18.7538636178682,-13.5000000002,-7.79422863417542));
#1632=CARTESIAN_POINT('Ctrl Pts',(18.7538636178682,-13.5000000002,-7.79422863417541));
#1633=CARTESIAN_POINT('Ctrl Pts',(17.78,-9.88268590232626,-9.88268590232625));
#1634=CARTESIAN_POINT('Ctrl Pts',(17.78,-6.75000000010001,-11.6913429512631));
#1635=CARTESIAN_POINT('Ctrl Pts',(17.78,-13.5000000002,3.52495810318487E-15));
#1636=CARTESIAN_POINT('Ctrl Pts',(17.78,-13.5000000002,-3.61731409787374));
#1637=CARTESIAN_POINT('Ctrl Pts',(18.7538636178682,-13.5000000002,-7.79422863417541));
#1638=CARTESIAN_POINT('Origin',(15.29999999938,0.,9.36823860636156E-16));
#1639=CARTESIAN_POINT('',(15.29999999938,2.59257727379495E-16,2.117));
#1640=CARTESIAN_POINT('Origin',(15.29999999938,0.,0.));
#1641=CARTESIAN_POINT('Origin',(17.78,-13.5000000002,7.79422863417541));
#1642=CARTESIAN_POINT('',(25.9280000108,-6.7500000001,11.6913429512631));
#1643=CARTESIAN_POINT('',(24.9541363929318,5.63993296509579E-15,15.5884572683508));
#1644=CARTESIAN_POINT('Ctrl Pts',(25.9280000108,-6.7500000001,11.6913429512631));
#1645=CARTESIAN_POINT('Ctrl Pts',(25.9280000108,-3.61731409787373,13.5000000002));
#1646=CARTESIAN_POINT('Ctrl Pts',(24.9541363929318,2.03010511527281E-14,
15.5884572683508));
#1647=CARTESIAN_POINT('',(17.78,3.77445267340345E-15,15.5884572683508));
#1648=CARTESIAN_POINT('',(24.9541363929318,-13.5000000002,7.79422863417543));
#1649=CARTESIAN_POINT('',(17.78,-13.5000000002,7.79422863417541));
#1650=CARTESIAN_POINT('Ctrl Pts',(24.9541363929318,-13.5000000002,7.7942286341754));
#1651=CARTESIAN_POINT('Ctrl Pts',(25.9280000108,-9.88268590232627,9.88268590232624));
#1652=CARTESIAN_POINT('Ctrl Pts',(25.9280000108,-6.7500000001,11.6913429512631));
#1653=CARTESIAN_POINT('Origin',(17.78,3.77445267340345E-15,15.5884572683508));
#1654=CARTESIAN_POINT('',(25.9280000108,6.7500000001,11.6913429512631));
#1655=CARTESIAN_POINT('',(24.9541363929318,13.5000000002,7.79422863417541));
#1656=CARTESIAN_POINT('Ctrl Pts',(25.9280000108,6.7500000001,11.6913429512631));
#1657=CARTESIAN_POINT('Ctrl Pts',(25.9280000108,9.88268590232625,9.88268590232625));
#1658=CARTESIAN_POINT('Ctrl Pts',(24.9541363929318,13.5000000002,7.79422863417542));
#1659=CARTESIAN_POINT('',(17.78,13.5000000002,7.79422863417541));
#1660=CARTESIAN_POINT('Ctrl Pts',(24.9541363929318,-5.3896120644444E-15,
15.5884572683508));
#1661=CARTESIAN_POINT('Ctrl Pts',(25.9280000108,3.61731409787376,13.5000000002));
#1662=CARTESIAN_POINT('Ctrl Pts',(25.9280000108,6.7500000001,11.6913429512631));
#1663=CARTESIAN_POINT('Origin',(17.78,13.5000000002,-8.26609288842351E-16));
#1664=CARTESIAN_POINT('',(25.9280000108,13.5000000002,-3.27704659633827E-16));
#1665=CARTESIAN_POINT('',(24.9541363929318,13.5000000002,-7.79422863417543));
#1666=CARTESIAN_POINT('Ctrl Pts',(25.9280000108,13.5000000002,-3.27704659633827E-16));
#1667=CARTESIAN_POINT('Ctrl Pts',(25.9280000108,13.5000000002,-3.61731409787371));
#1668=CARTESIAN_POINT('Ctrl Pts',(24.9541363929318,13.5000000002,-7.79422863417542));
#1669=CARTESIAN_POINT('',(17.78,13.5000000002,-7.79422863417543));
#1670=CARTESIAN_POINT('Ctrl Pts',(24.9541363929318,13.5000000002,7.79422863417542));
#1671=CARTESIAN_POINT('Ctrl Pts',(25.9280000108,13.5000000002,3.6173140978737));
#1672=CARTESIAN_POINT('Ctrl Pts',(25.9280000108,13.5000000002,-3.27704659633827E-16));
#1673=CARTESIAN_POINT('Origin',(17.78,13.5000000002,-7.79422863417543));
#1674=CARTESIAN_POINT('',(25.9280000108,6.7500000001,-11.6913429512631));
#1675=CARTESIAN_POINT('Ctrl Pts',(24.9541363929318,13.5000000002,-7.79422863417541));
#1676=CARTESIAN_POINT('Ctrl Pts',(25.9280000108,9.88268590232622,-9.88268590232627));
#1677=CARTESIAN_POINT('Ctrl Pts',(25.9280000108,6.7500000001,-11.6913429512631));
#1678=CARTESIAN_POINT('',(24.9541363929318,-2.75871140990298E-16,-15.5884572683508));
#1679=CARTESIAN_POINT('Ctrl Pts',(25.9280000108,6.7500000001,-11.6913429512631));
#1680=CARTESIAN_POINT('Ctrl Pts',(25.9280000108,3.61731409787378,-13.5000000002));
#1681=CARTESIAN_POINT('Ctrl Pts',(24.9541363929318,-1.52125127063045E-14,
-15.5884572683508));
#1682=CARTESIAN_POINT('',(17.78,-3.77445267340345E-15,-15.5884572683508));
#1683=CARTESIAN_POINT('Origin',(17.78,-13.5000000002,-7.79422863417541));
#1684=CARTESIAN_POINT('',(24.9541363929318,-13.5000000002,-7.79422863417542));
#1685=CARTESIAN_POINT('',(25.9280000108,-13.5000000002,4.0238627323934E-15));
#1686=CARTESIAN_POINT('Ctrl Pts',(24.9541363929318,-13.5000000002,-7.79422863417544));
#1687=CARTESIAN_POINT('Ctrl Pts',(25.9280000108,-13.5000000002,-3.61731409787378));
#1688=CARTESIAN_POINT('Ctrl Pts',(25.9280000108,-13.5000000002,4.0238627323934E-15));
#1689=CARTESIAN_POINT('Ctrl Pts',(25.9280000108,-13.5000000002,4.0238627323934E-15));
#1690=CARTESIAN_POINT('Ctrl Pts',(25.9280000108,-13.5000000002,3.61731409787378));
#1691=CARTESIAN_POINT('Ctrl Pts',(24.9541363929318,-13.5000000002,7.79422863417545));
#1692=CARTESIAN_POINT('',(17.78,-13.5000000002,-7.79422863417541));
#1693=CARTESIAN_POINT('Origin',(17.78,-3.77445267340345E-15,-15.5884572683508));
#1694=CARTESIAN_POINT('',(25.9280000108,-6.7500000001,-11.6913429512631));
#1695=CARTESIAN_POINT('Ctrl Pts',(24.9541363929318,1.12337582525495E-14,
-15.5884572683508));
#1696=CARTESIAN_POINT('Ctrl Pts',(25.9280000108,-3.61731409787376,-13.5000000002));
#1697=CARTESIAN_POINT('Ctrl Pts',(25.9280000108,-6.7500000001,-11.6913429512631));
#1698=CARTESIAN_POINT('Ctrl Pts',(25.9280000108,-6.7500000001,-11.6913429512631));
#1699=CARTESIAN_POINT('Ctrl Pts',(25.9280000108,-9.88268590232626,-9.88268590232625));
#1700=CARTESIAN_POINT('Ctrl Pts',(24.9541363929318,-13.5000000002,-7.7942286341754));
#1701=CARTESIAN_POINT('Origin',(36.2150000108,0.,0.));
#1702=CARTESIAN_POINT('',(36.2150000108,-2.59257727379495E-16,2.117));
#1703=CARTESIAN_POINT('Origin',(25.4410682018659,-1.08120581140203E-16,
4.98904629208524E-16));
#1704=CARTESIAN_POINT('Origin',(25.9280000108,-4.30483861169435E-31,4.98904629208524E-16));
#1705=CARTESIAN_POINT('Origin',(25.4410682018659,-1.08120581140203E-16,
4.98904629208524E-16));
#1706=CARTESIAN_POINT('Origin',(25.9280000108,-4.30483861169435E-31,4.98904629208524E-16));
#1707=CARTESIAN_POINT('Origin',(25.4410682018659,-1.08120581140203E-16,
4.98904629208524E-16));
#1708=CARTESIAN_POINT('Origin',(25.9280000108,-4.30483861169435E-31,4.98904629208524E-16));
#1709=CARTESIAN_POINT('Origin',(25.4410682018659,-1.08120581140203E-16,
4.98904629208524E-16));
#1710=CARTESIAN_POINT('Origin',(25.9280000108,-4.30483861169435E-31,4.98904629208524E-16));
#1711=CARTESIAN_POINT('Origin',(25.4410682018659,-1.08120581140203E-16,
4.98904629208524E-16));
#1712=CARTESIAN_POINT('Origin',(25.9280000108,-4.30483861169435E-31,4.98904629208524E-16));
#1713=CARTESIAN_POINT('Origin',(25.4410682018659,-1.08120581140203E-16,
4.98904629208524E-16));
#1714=CARTESIAN_POINT('Origin',(25.9280000108,-4.30483861169435E-31,4.98904629208524E-16));
#1715=CARTESIAN_POINT('Origin',(42.6190000108,0.,0.));
#1716=CARTESIAN_POINT('',(42.1090000108,1.27442869153269E-15,10.4065));
#1717=CARTESIAN_POINT('Origin',(42.1090000108,0.,0.));
#1718=CARTESIAN_POINT('',(42.6190000108,1.21197170477618E-15,9.8965));
#1719=CARTESIAN_POINT('Origin',(25.9280000108,3.17246229286638E-15,-1.34255106911674E-15));
#1720=CARTESIAN_POINT('',(25.9280000108,1.58635507074151E-15,12.954));
#1721=CARTESIAN_POINT('Origin',(25.9280000108,0.,4.98904629208524E-16));
#1722=CARTESIAN_POINT('Origin',(38.14108219675,0.,0.));
#1723=CARTESIAN_POINT('',(34.1731643827,-1.27442869153269E-15,10.4065));
#1724=CARTESIAN_POINT('Origin',(34.1731643827,0.,0.));
#1725=CARTESIAN_POINT('',(38.14108219675,1.27442869153269E-15,10.4065));
#1726=CARTESIAN_POINT('Origin',(27.5790000108,0.,4.98904629208524E-16));
#1727=CARTESIAN_POINT('',(29.2300000108,1.58635507074151E-15,12.954));
#1728=CARTESIAN_POINT('Origin',(29.2300000108,0.,4.98904629208524E-16));
#1729=CARTESIAN_POINT('',(27.5790000108,-1.58640746361548E-15,12.954));
#1730=CARTESIAN_POINT('Origin',(33.8640990154359,0.,0.));
#1731=CARTESIAN_POINT('',(33.4840336481718,-1.18999521449349E-15,9.7173692654717));
#1732=CARTESIAN_POINT('',(33.8640990154359,-1.23657910025797E-15,10.0974346327359));
#1733=CARTESIAN_POINT('',(33.4840336481718,-1.19003451670928E-15,-9.7173692654717));
#1734=CARTESIAN_POINT('Origin',(33.4840336481718,0.,0.));
#1735=CARTESIAN_POINT('Origin',(33.4840336481718,0.,0.));
#1736=CARTESIAN_POINT('Origin',(29.2300000108,0.,4.98904629208524E-16));
#1737=CARTESIAN_POINT('',(29.2300000108,-1.29085755756417E-15,10.541));
#1738=CARTESIAN_POINT('Origin',(29.2300000108,0.,0.));
#1739=CARTESIAN_POINT('Origin',(30.508268140198,0.,0.));
#1740=CARTESIAN_POINT('',(31.7865362695959,-1.15146756258841E-15,9.40275672255268));
#1741=CARTESIAN_POINT('',(30.508268140198,1.22120289166238E-15,9.97187836127634));
#1742=CARTESIAN_POINT('',(31.7865362695959,-1.15150559234354E-15,-9.40275672255268));
#1743=CARTESIAN_POINT('Origin',(31.7865362695959,0.,0.));
#1744=CARTESIAN_POINT('Origin',(31.7865362695959,0.,0.));
#1745=CARTESIAN_POINT('Origin',(32.4064029136435,0.,0.));
#1746=CARTESIAN_POINT('Origin',(32.4064029136435,-1.32200621967957E-15,
-10.795));
#1747=UNCERTAINTY_MEASURE_WITH_UNIT(LENGTH_MEASURE(0.01),#1751,
'DISTANCE_ACCURACY_VALUE',
'Maximum model space distance between geometric entities at asserted c
onnectivities');
#1748=UNCERTAINTY_MEASURE_WITH_UNIT(LENGTH_MEASURE(0.01),#1751,
'DISTANCE_ACCURACY_VALUE',
'Maximum model space distance between geometric entities at asserted c
onnectivities');
#1749=(
GEOMETRIC_REPRESENTATION_CONTEXT(3)
GLOBAL_UNCERTAINTY_ASSIGNED_CONTEXT((#1747))
GLOBAL_UNIT_ASSIGNED_CONTEXT((#1751,#1753,#1754))
REPRESENTATION_CONTEXT('','3D')
);
#1750=(
GEOMETRIC_REPRESENTATION_CONTEXT(3)
GLOBAL_UNCERTAINTY_ASSIGNED_CONTEXT((#1748))
GLOBAL_UNIT_ASSIGNED_CONTEXT((#1751,#1753,#1754))
REPRESENTATION_CONTEXT('','3D')
);
#1751=(
LENGTH_UNIT()
NAMED_UNIT(*)
SI_UNIT(.MILLI.,.METRE.)
);
#1752=(
LENGTH_UNIT()
NAMED_UNIT(*)
SI_UNIT($,.METRE.)
);
#1753=(
NAMED_UNIT(*)
PLANE_ANGLE_UNIT()
SI_UNIT($,.RADIAN.)
);
#1754=(
NAMED_UNIT(*)
SI_UNIT($,.STERADIAN.)
SOLID_ANGLE_UNIT()
);
#1755=SHAPE_DEFINITION_REPRESENTATION(#1756,#1757);
#1756=PRODUCT_DEFINITION_SHAPE('',$,#1759);
#1757=SHAPE_REPRESENTATION('',(#981),#1749);
#1758=PRODUCT_DEFINITION_CONTEXT('part definition',#1763,'design');
#1759=PRODUCT_DEFINITION('SS-6M0-1-8RS-SwagelokCompany-3D-04-11-2023',
'SS-6M0-1-8RS-SwagelokCompany-3D-04-11-2023 v6',#1760,#1758);
#1760=PRODUCT_DEFINITION_FORMATION('',$,#1765);
#1761=PRODUCT_RELATED_PRODUCT_CATEGORY(
'SS-6M0-1-8RS-SwagelokCompany-3D-04-11-2023 v6',
'SS-6M0-1-8RS-SwagelokCompany-3D-04-11-2023 v6',(#1765));
#1762=APPLICATION_PROTOCOL_DEFINITION('international standard',
'automotive_design',2009,#1763);
#1763=APPLICATION_CONTEXT(
'Core Data for Automotive Mechanical Design Process');
#1764=PRODUCT_CONTEXT('part definition',#1763,'mechanical');
#1765=PRODUCT('SS-6M0-1-8RS-SwagelokCompany-3D-04-11-2023',
'SS-6M0-1-8RS-SwagelokCompany-3D-04-11-2023 v6',$,(#1764));
#1766=PRESENTATION_STYLE_ASSIGNMENT((#1768));
#1767=PRESENTATION_STYLE_ASSIGNMENT((#1769));
#1768=SURFACE_STYLE_USAGE(.BOTH.,#1770);
#1769=SURFACE_STYLE_USAGE(.BOTH.,#1771);
#1770=SURFACE_SIDE_STYLE('',(#1772));
#1771=SURFACE_SIDE_STYLE('',(#1773));
#1772=SURFACE_STYLE_FILL_AREA(#1774);
#1773=SURFACE_STYLE_FILL_AREA(#1775);
#1774=FILL_AREA_STYLE('Steel - Satin',(#1776));
#1775=FILL_AREA_STYLE('Opaque(130,130,150)',(#1777));
#1776=FILL_AREA_STYLE_COLOUR('Steel - Satin',#1778);
#1777=FILL_AREA_STYLE_COLOUR('Opaque(130,130,150)',#1779);
#1778=COLOUR_RGB('Steel - Satin',0.627450980392157,0.627450980392157,0.627450980392157);
#1779=COLOUR_RGB('Opaque(130,130,150)',0.509803921568627,0.509803921568627,
0.588235294117647);
ENDSEC;
END-ISO-10303-21;
