ISO-10303-21;
HEADER;
/* Generated by software containing ST-Developer
 * from STEP Tools, Inc. (www.steptools.com) 
 */

FILE_DESCRIPTION(
/* description */ (''),
/* implementation_level */ '2;1');

FILE_NAME(
/* name */ 'V2PocketNC_both_toolholders_Kinematic_Assembly v19 v1.step',

/* time_stamp */ '2024-06-17T17:25:13+02:00',
/* author */ (''),
/* organization */ (''),
/* preprocessor_version */ 'ST-DEVELOPER v20',
/* originating_system */ 'Autodesk Translation Framework v13.14.0.145',

/* authorisation */ '');

FILE_SCHEMA (('AUTOMOTIVE_DESIGN { 1 0 10303 214 3 1 1 }'));
ENDSEC;

DATA;
#10=MECHANICAL_DESIGN_GEOMETRIC_PRESENTATION_REPRESENTATION('',(#221,#222,
#223,#224,#225,#226,#227,#228,#229,#230,#231,#232,#233,#234,#235,#236,#237,
#238,#239,#240,#241,#242,#243,#244,#245,#246,#247),#5125);
#11=ELLIPSE('',#3242,198.792996552257,69.);
#12=ELLIPSE('',#3244,198.792996552257,69.);
#13=ELLIPSE('',#3248,96.1665222413704,68.);
#14=CONICAL_SURFACE('',#3211,9.232098376,0.0741764932097592);
#15=CYLINDRICAL_SURFACE('',#3159,7.61999999999999);
#16=CYLINDRICAL_SURFACE('',#3189,15.);
#17=CYLINDRICAL_SURFACE('',#3206,15.);
#18=CYLINDRICAL_SURFACE('',#3214,11.5);
#19=CYLINDRICAL_SURFACE('',#3221,0.508);
#20=CYLINDRICAL_SURFACE('',#3237,44.9364999999999);
#21=CYLINDRICAL_SURFACE('',#3241,69.);
#22=CYLINDRICAL_SURFACE('',#3249,26.67);
#23=CYLINDRICAL_SURFACE('',#3251,45.0635);
#24=CYLINDRICAL_SURFACE('',#3258,68.);
#25=CYLINDRICAL_SURFACE('',#3262,8.00000000000155);
#26=CYLINDRICAL_SURFACE('',#3265,8.00000000000243);
#27=CYLINDRICAL_SURFACE('',#3274,2.);
#28=CYLINDRICAL_SURFACE('',#3277,2.);
#29=CYLINDRICAL_SURFACE('',#3281,2.);
#30=CYLINDRICAL_SURFACE('',#3284,2.);
#31=CYLINDRICAL_SURFACE('',#3291,2.);
#32=CYLINDRICAL_SURFACE('',#3293,2.);
#33=CYLINDRICAL_SURFACE('',#3296,2.);
#34=CYLINDRICAL_SURFACE('',#3300,2.);
#35=CYLINDRICAL_SURFACE('',#3328,1.5875);
#36=CYLINDRICAL_SURFACE('',#3330,1.5875);
#37=CYLINDRICAL_SURFACE('',#3332,1.5875);
#38=CYLINDRICAL_SURFACE('',#3334,1.5875);
#39=CYLINDRICAL_SURFACE('',#3336,1.5875);
#40=CYLINDRICAL_SURFACE('',#3338,1.5875);
#41=CYLINDRICAL_SURFACE('',#3340,1.5875);
#42=CYLINDRICAL_SURFACE('',#3342,1.5875);
#43=CYLINDRICAL_SURFACE('',#3344,1.5875);
#44=CYLINDRICAL_SURFACE('',#3346,1.5875);
#45=CYLINDRICAL_SURFACE('',#3351,44.96825);
#46=CYLINDRICAL_SURFACE('',#3352,26.5);
#47=CYLINDRICAL_SURFACE('',#3367,45.0635);
#48=FACE_BOUND('',#464,.T.);
#49=FACE_BOUND('',#485,.T.);
#50=FACE_BOUND('',#505,.T.);
#51=FACE_BOUND('',#519,.T.);
#52=FACE_BOUND('',#523,.T.);
#53=FACE_BOUND('',#525,.T.);
#54=FACE_BOUND('',#539,.T.);
#55=FACE_BOUND('',#556,.T.);
#56=FACE_BOUND('',#558,.T.);
#57=FACE_BOUND('',#568,.T.);
#58=FACE_BOUND('',#569,.T.);
#59=FACE_BOUND('',#601,.T.);
#60=FACE_BOUND('',#602,.T.);
#61=FACE_BOUND('',#603,.T.);
#62=FACE_BOUND('',#604,.T.);
#63=FACE_BOUND('',#605,.T.);
#64=FACE_BOUND('',#606,.T.);
#65=FACE_BOUND('',#607,.T.);
#66=FACE_BOUND('',#608,.T.);
#67=FACE_BOUND('',#609,.T.);
#68=FACE_BOUND('',#610,.T.);
#69=FACE_BOUND('',#611,.T.);
#70=FACE_BOUND('',#612,.T.);
#71=FACE_BOUND('',#613,.T.);
#72=FACE_BOUND('',#614,.T.);
#73=FACE_BOUND('',#615,.T.);
#74=FACE_BOUND('',#616,.T.);
#75=FACE_BOUND('',#617,.T.);
#76=FACE_BOUND('',#618,.T.);
#77=FACE_BOUND('',#619,.T.);
#78=FACE_BOUND('',#637,.T.);
#79=CIRCLE('',#3146,7.61999999999999);
#80=CIRCLE('',#3160,7.61999999999999);
#81=CIRCLE('',#3190,15.);
#82=CIRCLE('',#3191,15.);
#83=CIRCLE('',#3207,15.);
#84=CIRCLE('',#3208,15.);
#85=CIRCLE('',#3210,11.5);
#86=CIRCLE('',#3212,9.232098376);
#87=CIRCLE('',#3213,6.26963023695074);
#88=CIRCLE('',#3215,11.5);
#89=CIRCLE('',#3218,0.508);
#90=CIRCLE('',#3220,0.508);
#91=CIRCLE('',#3233,44.9364999999999);
#92=CIRCLE('',#3235,45.0635);
#93=CIRCLE('',#3236,26.67);
#94=CIRCLE('',#3238,44.9364999999999);
#95=CIRCLE('',#3239,44.9364999999999);
#96=CIRCLE('',#3240,44.9364999999999);
#97=CIRCLE('',#3243,69.);
#98=CIRCLE('',#3245,69.);
#99=CIRCLE('',#3250,26.67);
#100=CIRCLE('',#3252,45.0635);
#101=CIRCLE('',#3259,68.);
#102=CIRCLE('',#3260,68.);
#103=CIRCLE('',#3263,8.00000000000155);
#104=CIRCLE('',#3264,8.00000000000155);
#105=CIRCLE('',#3266,8.00000000000243);
#106=CIRCLE('',#3267,8.00000000000243);
#107=CIRCLE('',#3275,2.);
#108=CIRCLE('',#3276,2.);
#109=CIRCLE('',#3278,2.);
#110=CIRCLE('',#3279,2.);
#111=CIRCLE('',#3282,2.);
#112=CIRCLE('',#3283,2.);
#113=CIRCLE('',#3285,2.);
#114=CIRCLE('',#3286,2.);
#115=CIRCLE('',#3288,44.96825);
#116=CIRCLE('',#3289,26.5);
#117=CIRCLE('',#3290,2.);
#118=CIRCLE('',#3292,2.);
#119=CIRCLE('',#3294,2.);
#120=CIRCLE('',#3295,2.);
#121=CIRCLE('',#3297,2.);
#122=CIRCLE('',#3298,2.);
#123=CIRCLE('',#3301,2.);
#124=CIRCLE('',#3302,2.);
#125=CIRCLE('',#3305,1.5875);
#126=CIRCLE('',#3307,1.5875);
#127=CIRCLE('',#3311,1.5875);
#128=CIRCLE('',#3313,1.5875);
#129=CIRCLE('',#3315,1.5875);
#130=CIRCLE('',#3318,1.5875);
#131=CIRCLE('',#3320,1.5875);
#132=CIRCLE('',#3323,1.5875);
#133=CIRCLE('',#3325,1.5875);
#134=CIRCLE('',#3327,1.5875);
#135=CIRCLE('',#3329,1.5875);
#136=CIRCLE('',#3331,1.5875);
#137=CIRCLE('',#3333,1.5875);
#138=CIRCLE('',#3335,1.5875);
#139=CIRCLE('',#3337,1.5875);
#140=CIRCLE('',#3339,1.5875);
#141=CIRCLE('',#3341,1.5875);
#142=CIRCLE('',#3343,1.5875);
#143=CIRCLE('',#3345,1.5875);
#144=CIRCLE('',#3347,1.5875);
#145=CIRCLE('',#3349,44.96825);
#146=CIRCLE('',#3350,26.5);
#147=CIRCLE('',#3364,45.0635);
#148=CIRCLE('',#3368,45.0635);
#149=ITEM_DEFINED_TRANSFORMATION($,$,#3120,#3139);
#150=ITEM_DEFINED_TRANSFORMATION($,$,#3169,#3184);
#151=ITEM_DEFINED_TRANSFORMATION($,$,#3119,#3385);
#152=ITEM_DEFINED_TRANSFORMATION($,$,#3140,#3386);
#153=ITEM_DEFINED_TRANSFORMATION($,$,#3168,#3387);
#154=ITEM_DEFINED_TRANSFORMATION($,$,#3185,#3388);
#155=ITEM_DEFINED_TRANSFORMATION($,$,#3198,#3389);
#156=ITEM_DEFINED_TRANSFORMATION($,$,#3205,#3390);
#157=ITEM_DEFINED_TRANSFORMATION($,$,#3229,#3391);
#158=ITEM_DEFINED_TRANSFORMATION($,$,#3273,#3392);
#159=ITEM_DEFINED_TRANSFORMATION($,$,#3353,#3393);
#160=ITEM_DEFINED_TRANSFORMATION($,$,#3372,#3394);
#161=(
REPRESENTATION_RELATIONSHIP($,$,#5170,#5169)
REPRESENTATION_RELATIONSHIP_WITH_TRANSFORMATION(#149)
SHAPE_REPRESENTATION_RELATIONSHIP()
);
#162=(
REPRESENTATION_RELATIONSHIP($,$,#5173,#5172)
REPRESENTATION_RELATIONSHIP_WITH_TRANSFORMATION(#150)
SHAPE_REPRESENTATION_RELATIONSHIP()
);
#163=(
REPRESENTATION_RELATIONSHIP($,$,#5169,#5168)
REPRESENTATION_RELATIONSHIP_WITH_TRANSFORMATION(#151)
SHAPE_REPRESENTATION_RELATIONSHIP()
);
#164=(
REPRESENTATION_RELATIONSHIP($,$,#5171,#5168)
REPRESENTATION_RELATIONSHIP_WITH_TRANSFORMATION(#152)
SHAPE_REPRESENTATION_RELATIONSHIP()
);
#165=(
REPRESENTATION_RELATIONSHIP($,$,#5172,#5168)
REPRESENTATION_RELATIONSHIP_WITH_TRANSFORMATION(#153)
SHAPE_REPRESENTATION_RELATIONSHIP()
);
#166=(
REPRESENTATION_RELATIONSHIP($,$,#5174,#5168)
REPRESENTATION_RELATIONSHIP_WITH_TRANSFORMATION(#154)
SHAPE_REPRESENTATION_RELATIONSHIP()
);
#167=(
REPRESENTATION_RELATIONSHIP($,$,#5175,#5168)
REPRESENTATION_RELATIONSHIP_WITH_TRANSFORMATION(#155)
SHAPE_REPRESENTATION_RELATIONSHIP()
);
#168=(
REPRESENTATION_RELATIONSHIP($,$,#5176,#5168)
REPRESENTATION_RELATIONSHIP_WITH_TRANSFORMATION(#156)
SHAPE_REPRESENTATION_RELATIONSHIP()
);
#169=(
REPRESENTATION_RELATIONSHIP($,$,#5177,#5168)
REPRESENTATION_RELATIONSHIP_WITH_TRANSFORMATION(#157)
SHAPE_REPRESENTATION_RELATIONSHIP()
);
#170=(
REPRESENTATION_RELATIONSHIP($,$,#5178,#5168)
REPRESENTATION_RELATIONSHIP_WITH_TRANSFORMATION(#158)
SHAPE_REPRESENTATION_RELATIONSHIP()
);
#171=(
REPRESENTATION_RELATIONSHIP($,$,#5179,#5168)
REPRESENTATION_RELATIONSHIP_WITH_TRANSFORMATION(#159)
SHAPE_REPRESENTATION_RELATIONSHIP()
);
#172=(
REPRESENTATION_RELATIONSHIP($,$,#5180,#5168)
REPRESENTATION_RELATIONSHIP_WITH_TRANSFORMATION(#160)
SHAPE_REPRESENTATION_RELATIONSHIP()
);
#173=CONTEXT_DEPENDENT_SHAPE_REPRESENTATION(#161,#5146);
#174=CONTEXT_DEPENDENT_SHAPE_REPRESENTATION(#162,#5150);
#175=CONTEXT_DEPENDENT_SHAPE_REPRESENTATION(#163,#5158);
#176=CONTEXT_DEPENDENT_SHAPE_REPRESENTATION(#164,#5159);
#177=CONTEXT_DEPENDENT_SHAPE_REPRESENTATION(#165,#5160);
#178=CONTEXT_DEPENDENT_SHAPE_REPRESENTATION(#166,#5161);
#179=CONTEXT_DEPENDENT_SHAPE_REPRESENTATION(#167,#5162);
#180=CONTEXT_DEPENDENT_SHAPE_REPRESENTATION(#168,#5163);
#181=CONTEXT_DEPENDENT_SHAPE_REPRESENTATION(#169,#5164);
#182=CONTEXT_DEPENDENT_SHAPE_REPRESENTATION(#170,#5165);
#183=CONTEXT_DEPENDENT_SHAPE_REPRESENTATION(#171,#5166);
#184=CONTEXT_DEPENDENT_SHAPE_REPRESENTATION(#172,#5167);
#185=NEXT_ASSEMBLY_USAGE_OCCURRENCE('x rail:1','x rail:1','x rail:1',#5183,
#5184,'x rail:1');
#186=NEXT_ASSEMBLY_USAGE_OCCURRENCE('z rail:1','z rail:1','z rail:1',#5186,
#5187,'z rail:1');
#187=NEXT_ASSEMBLY_USAGE_OCCURRENCE('Main_Block_Kinematic2:1',
'Main_Block_Kinematic2:1','Main_Block_Kinematic2:1',#5182,#5183,
'Main_Block_Kinematic2:1');
#188=NEXT_ASSEMBLY_USAGE_OCCURRENCE('L_Bracket_Kinematic:1',
'L_Bracket_Kinematic:1','L_Bracket_Kinematic:1',#5182,#5185,
'L_Bracket_Kinematic:1');
#189=NEXT_ASSEMBLY_USAGE_OCCURRENCE('X_Carriage_Kinematic1:1',
'X_Carriage_Kinematic1:1','X_Carriage_Kinematic1:1',#5182,#5186,
'X_Carriage_Kinematic1:1');
#190=NEXT_ASSEMBLY_USAGE_OCCURRENCE('motor mount:1','motor mount:1',
'motor mount:1',#5182,#5188,'motor mount:1');
#191=NEXT_ASSEMBLY_USAGE_OCCURRENCE('motor:1','motor:1','motor:1',#5182,
#5189,'motor:1');
#192=NEXT_ASSEMBLY_USAGE_OCCURRENCE('simulation spindle extended:1',
'simulation spindle extended:1','simulation spindle extended:1',#5182,#5190,
'simulation spindle extended:1');
#193=NEXT_ASSEMBLY_USAGE_OCCURRENCE('V2 B housing kinematic only v8:1',
'V2 B housing kinematic only v8:1','V2 B housing kinematic only v8:1',#5182,
#5191,'V2 B housing kinematic only v8:1');
#194=NEXT_ASSEMBLY_USAGE_OCCURRENCE('V2PocketNC kinematic Bdisc v4:1',
'V2PocketNC kinematic Bdisc v4:1','V2PocketNC kinematic Bdisc v4:1',#5182,
#5192,'V2PocketNC kinematic Bdisc v4:1');
#195=NEXT_ASSEMBLY_USAGE_OCCURRENCE('V2PocketNC_A housing v3:1',
'V2PocketNC_A housing v3:1','V2PocketNC_A housing v3:1',#5182,#5193,
'V2PocketNC_A housing v3:1');
#196=NEXT_ASSEMBLY_USAGE_OCCURRENCE('y rails:1','y rails:1','y rails:1',
#5182,#5194,'y rails:1');
#197=SHAPE_REPRESENTATION_RELATIONSHIP('SRR','None',#5170,#209);
#198=SHAPE_REPRESENTATION_RELATIONSHIP('SRR','None',#5169,#210);
#199=SHAPE_REPRESENTATION_RELATIONSHIP('SRR','None',#5171,#211);
#200=SHAPE_REPRESENTATION_RELATIONSHIP('SRR','None',#5173,#212);
#201=SHAPE_REPRESENTATION_RELATIONSHIP('SRR','None',#5172,#213);
#202=SHAPE_REPRESENTATION_RELATIONSHIP('SRR','None',#5174,#214);
#203=SHAPE_REPRESENTATION_RELATIONSHIP('SRR','None',#5175,#215);
#204=SHAPE_REPRESENTATION_RELATIONSHIP('SRR','None',#5176,#216);
#205=SHAPE_REPRESENTATION_RELATIONSHIP('SRR','None',#5177,#217);
#206=SHAPE_REPRESENTATION_RELATIONSHIP('SRR','None',#5178,#218);
#207=SHAPE_REPRESENTATION_RELATIONSHIP('SRR','None',#5179,#219);
#208=SHAPE_REPRESENTATION_RELATIONSHIP('SRR','None',#5180,#220);
#209=ADVANCED_BREP_SHAPE_REPRESENTATION('',(#248,#249),#5114);
#210=ADVANCED_BREP_SHAPE_REPRESENTATION('',(#250),#5113);
#211=ADVANCED_BREP_SHAPE_REPRESENTATION('',(#251),#5115);
#212=ADVANCED_BREP_SHAPE_REPRESENTATION('',(#252),#5117);
#213=ADVANCED_BREP_SHAPE_REPRESENTATION('',(#253),#5116);
#214=ADVANCED_BREP_SHAPE_REPRESENTATION('',(#254),#5118);
#215=ADVANCED_BREP_SHAPE_REPRESENTATION('',(#255),#5119);
#216=ADVANCED_BREP_SHAPE_REPRESENTATION('',(#256),#5120);
#217=ADVANCED_BREP_SHAPE_REPRESENTATION('',(#257),#5121);
#218=ADVANCED_BREP_SHAPE_REPRESENTATION('',(#258),#5122);
#219=ADVANCED_BREP_SHAPE_REPRESENTATION('',(#259),#5123);
#220=ADVANCED_BREP_SHAPE_REPRESENTATION('',(#260,#261),#5124);
#221=STYLED_ITEM('',(#5239),#248);
#222=STYLED_ITEM('',(#5239),#249);
#223=STYLED_ITEM('',(#5238),#250);
#224=STYLED_ITEM('',(#5238),#251);
#225=STYLED_ITEM('',(#5239),#252);
#226=STYLED_ITEM('',(#5238),#253);
#227=STYLED_ITEM('',(#5238),#254);
#228=STYLED_ITEM('',(#5238),#255);
#229=STYLED_ITEM('',(#5238),#2887);
#230=STYLED_ITEM('',(#5238),#2888);
#231=STYLED_ITEM('',(#5239),#2889);
#232=STYLED_ITEM('',(#5239),#2890);
#233=STYLED_ITEM('',(#5239),#2891);
#234=STYLED_ITEM('',(#5238),#2892);
#235=STYLED_ITEM('',(#5238),#2893);
#236=STYLED_ITEM('',(#5238),#2895);
#237=STYLED_ITEM('',(#5238),#2896);
#238=STYLED_ITEM('',(#5238),#2897);
#239=STYLED_ITEM('',(#5238),#2898);
#240=STYLED_ITEM('',(#5238),#2899);
#241=STYLED_ITEM('',(#5238),#2900);
#242=STYLED_ITEM('',(#5240),#256);
#243=STYLED_ITEM('',(#5238),#257);
#244=STYLED_ITEM('',(#5238),#258);
#245=STYLED_ITEM('',(#5238),#259);
#246=STYLED_ITEM('',(#5239),#260);
#247=STYLED_ITEM('',(#5239),#261);
#248=MANIFOLD_SOLID_BREP('Body1',#2993);
#249=MANIFOLD_SOLID_BREP('Body2',#2994);
#250=MANIFOLD_SOLID_BREP('Body1',#2995);
#251=MANIFOLD_SOLID_BREP('Body1',#2996);
#252=MANIFOLD_SOLID_BREP('Body1',#2997);
#253=MANIFOLD_SOLID_BREP('Body1',#2998);
#254=MANIFOLD_SOLID_BREP('Body1',#2999);
#255=MANIFOLD_SOLID_BREP('Body1',#3000);
#256=MANIFOLD_SOLID_BREP('Body1',#3001);
#257=MANIFOLD_SOLID_BREP('Body1',#3002);
#258=MANIFOLD_SOLID_BREP('Body1',#3003);
#259=MANIFOLD_SOLID_BREP('Body1',#3004);
#260=MANIFOLD_SOLID_BREP('Body1',#3005);
#261=MANIFOLD_SOLID_BREP('Body2',#3006);
#262=FACE_OUTER_BOUND('',#441,.T.);
#263=FACE_OUTER_BOUND('',#442,.T.);
#264=FACE_OUTER_BOUND('',#443,.T.);
#265=FACE_OUTER_BOUND('',#444,.T.);
#266=FACE_OUTER_BOUND('',#445,.T.);
#267=FACE_OUTER_BOUND('',#446,.T.);
#268=FACE_OUTER_BOUND('',#447,.T.);
#269=FACE_OUTER_BOUND('',#448,.T.);
#270=FACE_OUTER_BOUND('',#449,.T.);
#271=FACE_OUTER_BOUND('',#450,.T.);
#272=FACE_OUTER_BOUND('',#451,.T.);
#273=FACE_OUTER_BOUND('',#452,.T.);
#274=FACE_OUTER_BOUND('',#453,.T.);
#275=FACE_OUTER_BOUND('',#454,.T.);
#276=FACE_OUTER_BOUND('',#455,.T.);
#277=FACE_OUTER_BOUND('',#456,.T.);
#278=FACE_OUTER_BOUND('',#457,.T.);
#279=FACE_OUTER_BOUND('',#458,.T.);
#280=FACE_OUTER_BOUND('',#459,.T.);
#281=FACE_OUTER_BOUND('',#460,.T.);
#282=FACE_OUTER_BOUND('',#461,.T.);
#283=FACE_OUTER_BOUND('',#462,.T.);
#284=FACE_OUTER_BOUND('',#463,.T.);
#285=FACE_OUTER_BOUND('',#465,.T.);
#286=FACE_OUTER_BOUND('',#466,.T.);
#287=FACE_OUTER_BOUND('',#467,.T.);
#288=FACE_OUTER_BOUND('',#468,.T.);
#289=FACE_OUTER_BOUND('',#469,.T.);
#290=FACE_OUTER_BOUND('',#470,.T.);
#291=FACE_OUTER_BOUND('',#471,.T.);
#292=FACE_OUTER_BOUND('',#472,.T.);
#293=FACE_OUTER_BOUND('',#473,.T.);
#294=FACE_OUTER_BOUND('',#474,.T.);
#295=FACE_OUTER_BOUND('',#475,.T.);
#296=FACE_OUTER_BOUND('',#476,.T.);
#297=FACE_OUTER_BOUND('',#477,.T.);
#298=FACE_OUTER_BOUND('',#478,.T.);
#299=FACE_OUTER_BOUND('',#479,.T.);
#300=FACE_OUTER_BOUND('',#480,.T.);
#301=FACE_OUTER_BOUND('',#481,.T.);
#302=FACE_OUTER_BOUND('',#482,.T.);
#303=FACE_OUTER_BOUND('',#483,.T.);
#304=FACE_OUTER_BOUND('',#484,.T.);
#305=FACE_OUTER_BOUND('',#486,.T.);
#306=FACE_OUTER_BOUND('',#487,.T.);
#307=FACE_OUTER_BOUND('',#488,.T.);
#308=FACE_OUTER_BOUND('',#489,.T.);
#309=FACE_OUTER_BOUND('',#490,.T.);
#310=FACE_OUTER_BOUND('',#491,.T.);
#311=FACE_OUTER_BOUND('',#492,.T.);
#312=FACE_OUTER_BOUND('',#493,.T.);
#313=FACE_OUTER_BOUND('',#494,.T.);
#314=FACE_OUTER_BOUND('',#495,.T.);
#315=FACE_OUTER_BOUND('',#496,.T.);
#316=FACE_OUTER_BOUND('',#497,.T.);
#317=FACE_OUTER_BOUND('',#498,.T.);
#318=FACE_OUTER_BOUND('',#499,.T.);
#319=FACE_OUTER_BOUND('',#500,.T.);
#320=FACE_OUTER_BOUND('',#501,.T.);
#321=FACE_OUTER_BOUND('',#502,.T.);
#322=FACE_OUTER_BOUND('',#503,.T.);
#323=FACE_OUTER_BOUND('',#504,.T.);
#324=FACE_OUTER_BOUND('',#506,.T.);
#325=FACE_OUTER_BOUND('',#507,.T.);
#326=FACE_OUTER_BOUND('',#508,.T.);
#327=FACE_OUTER_BOUND('',#509,.T.);
#328=FACE_OUTER_BOUND('',#510,.T.);
#329=FACE_OUTER_BOUND('',#511,.T.);
#330=FACE_OUTER_BOUND('',#512,.T.);
#331=FACE_OUTER_BOUND('',#513,.T.);
#332=FACE_OUTER_BOUND('',#514,.T.);
#333=FACE_OUTER_BOUND('',#515,.T.);
#334=FACE_OUTER_BOUND('',#516,.T.);
#335=FACE_OUTER_BOUND('',#517,.T.);
#336=FACE_OUTER_BOUND('',#518,.T.);
#337=FACE_OUTER_BOUND('',#520,.T.);
#338=FACE_OUTER_BOUND('',#521,.T.);
#339=FACE_OUTER_BOUND('',#522,.T.);
#340=FACE_OUTER_BOUND('',#524,.T.);
#341=FACE_OUTER_BOUND('',#526,.T.);
#342=FACE_OUTER_BOUND('',#527,.T.);
#343=FACE_OUTER_BOUND('',#528,.T.);
#344=FACE_OUTER_BOUND('',#529,.T.);
#345=FACE_OUTER_BOUND('',#530,.T.);
#346=FACE_OUTER_BOUND('',#531,.T.);
#347=FACE_OUTER_BOUND('',#532,.T.);
#348=FACE_OUTER_BOUND('',#533,.T.);
#349=FACE_OUTER_BOUND('',#534,.T.);
#350=FACE_OUTER_BOUND('',#535,.T.);
#351=FACE_OUTER_BOUND('',#536,.T.);
#352=FACE_OUTER_BOUND('',#537,.T.);
#353=FACE_OUTER_BOUND('',#538,.T.);
#354=FACE_OUTER_BOUND('',#540,.T.);
#355=FACE_OUTER_BOUND('',#541,.T.);
#356=FACE_OUTER_BOUND('',#542,.T.);
#357=FACE_OUTER_BOUND('',#543,.T.);
#358=FACE_OUTER_BOUND('',#544,.T.);
#359=FACE_OUTER_BOUND('',#545,.T.);
#360=FACE_OUTER_BOUND('',#546,.T.);
#361=FACE_OUTER_BOUND('',#547,.T.);
#362=FACE_OUTER_BOUND('',#548,.T.);
#363=FACE_OUTER_BOUND('',#549,.T.);
#364=FACE_OUTER_BOUND('',#550,.T.);
#365=FACE_OUTER_BOUND('',#551,.T.);
#366=FACE_OUTER_BOUND('',#552,.T.);
#367=FACE_OUTER_BOUND('',#553,.T.);
#368=FACE_OUTER_BOUND('',#554,.T.);
#369=FACE_OUTER_BOUND('',#555,.T.);
#370=FACE_OUTER_BOUND('',#557,.T.);
#371=FACE_OUTER_BOUND('',#559,.T.);
#372=FACE_OUTER_BOUND('',#560,.T.);
#373=FACE_OUTER_BOUND('',#561,.T.);
#374=FACE_OUTER_BOUND('',#562,.T.);
#375=FACE_OUTER_BOUND('',#563,.T.);
#376=FACE_OUTER_BOUND('',#564,.T.);
#377=FACE_OUTER_BOUND('',#565,.T.);
#378=FACE_OUTER_BOUND('',#566,.T.);
#379=FACE_OUTER_BOUND('',#567,.T.);
#380=FACE_OUTER_BOUND('',#570,.T.);
#381=FACE_OUTER_BOUND('',#571,.T.);
#382=FACE_OUTER_BOUND('',#572,.T.);
#383=FACE_OUTER_BOUND('',#573,.T.);
#384=FACE_OUTER_BOUND('',#574,.T.);
#385=FACE_OUTER_BOUND('',#575,.T.);
#386=FACE_OUTER_BOUND('',#576,.T.);
#387=FACE_OUTER_BOUND('',#577,.T.);
#388=FACE_OUTER_BOUND('',#578,.T.);
#389=FACE_OUTER_BOUND('',#579,.T.);
#390=FACE_OUTER_BOUND('',#580,.T.);
#391=FACE_OUTER_BOUND('',#581,.T.);
#392=FACE_OUTER_BOUND('',#582,.T.);
#393=FACE_OUTER_BOUND('',#583,.T.);
#394=FACE_OUTER_BOUND('',#584,.T.);
#395=FACE_OUTER_BOUND('',#585,.T.);
#396=FACE_OUTER_BOUND('',#586,.T.);
#397=FACE_OUTER_BOUND('',#587,.T.);
#398=FACE_OUTER_BOUND('',#588,.T.);
#399=FACE_OUTER_BOUND('',#589,.T.);
#400=FACE_OUTER_BOUND('',#590,.T.);
#401=FACE_OUTER_BOUND('',#591,.T.);
#402=FACE_OUTER_BOUND('',#592,.T.);
#403=FACE_OUTER_BOUND('',#593,.T.);
#404=FACE_OUTER_BOUND('',#594,.T.);
#405=FACE_OUTER_BOUND('',#595,.T.);
#406=FACE_OUTER_BOUND('',#596,.T.);
#407=FACE_OUTER_BOUND('',#597,.T.);
#408=FACE_OUTER_BOUND('',#598,.T.);
#409=FACE_OUTER_BOUND('',#599,.T.);
#410=FACE_OUTER_BOUND('',#600,.T.);
#411=FACE_OUTER_BOUND('',#620,.T.);
#412=FACE_OUTER_BOUND('',#621,.T.);
#413=FACE_OUTER_BOUND('',#622,.T.);
#414=FACE_OUTER_BOUND('',#623,.T.);
#415=FACE_OUTER_BOUND('',#624,.T.);
#416=FACE_OUTER_BOUND('',#625,.T.);
#417=FACE_OUTER_BOUND('',#626,.T.);
#418=FACE_OUTER_BOUND('',#627,.T.);
#419=FACE_OUTER_BOUND('',#628,.T.);
#420=FACE_OUTER_BOUND('',#629,.T.);
#421=FACE_OUTER_BOUND('',#630,.T.);
#422=FACE_OUTER_BOUND('',#631,.T.);
#423=FACE_OUTER_BOUND('',#632,.T.);
#424=FACE_OUTER_BOUND('',#633,.T.);
#425=FACE_OUTER_BOUND('',#634,.T.);
#426=FACE_OUTER_BOUND('',#635,.T.);
#427=FACE_OUTER_BOUND('',#636,.T.);
#428=FACE_OUTER_BOUND('',#638,.T.);
#429=FACE_OUTER_BOUND('',#639,.T.);
#430=FACE_OUTER_BOUND('',#640,.T.);
#431=FACE_OUTER_BOUND('',#641,.T.);
#432=FACE_OUTER_BOUND('',#642,.T.);
#433=FACE_OUTER_BOUND('',#643,.T.);
#434=FACE_OUTER_BOUND('',#644,.T.);
#435=FACE_OUTER_BOUND('',#645,.T.);
#436=FACE_OUTER_BOUND('',#646,.T.);
#437=FACE_OUTER_BOUND('',#647,.T.);
#438=FACE_OUTER_BOUND('',#648,.T.);
#439=FACE_OUTER_BOUND('',#649,.T.);
#440=FACE_OUTER_BOUND('',#650,.T.);
#441=EDGE_LOOP('',(#1905,#1906,#1907,#1908));
#442=EDGE_LOOP('',(#1909,#1910,#1911,#1912));
#443=EDGE_LOOP('',(#1913,#1914,#1915,#1916));
#444=EDGE_LOOP('',(#1917,#1918,#1919,#1920));
#445=EDGE_LOOP('',(#1921,#1922,#1923,#1924));
#446=EDGE_LOOP('',(#1925,#1926,#1927,#1928));
#447=EDGE_LOOP('',(#1929,#1930,#1931,#1932));
#448=EDGE_LOOP('',(#1933,#1934,#1935,#1936));
#449=EDGE_LOOP('',(#1937,#1938,#1939,#1940));
#450=EDGE_LOOP('',(#1941,#1942,#1943,#1944));
#451=EDGE_LOOP('',(#1945,#1946,#1947,#1948));
#452=EDGE_LOOP('',(#1949,#1950,#1951,#1952));
#453=EDGE_LOOP('',(#1953,#1954,#1955,#1956));
#454=EDGE_LOOP('',(#1957,#1958,#1959,#1960));
#455=EDGE_LOOP('',(#1961,#1962,#1963,#1964));
#456=EDGE_LOOP('',(#1965,#1966,#1967,#1968));
#457=EDGE_LOOP('',(#1969,#1970,#1971,#1972));
#458=EDGE_LOOP('',(#1973,#1974,#1975,#1976));
#459=EDGE_LOOP('',(#1977,#1978,#1979,#1980));
#460=EDGE_LOOP('',(#1981,#1982,#1983,#1984));
#461=EDGE_LOOP('',(#1985,#1986,#1987,#1988));
#462=EDGE_LOOP('',(#1989,#1990,#1991,#1992));
#463=EDGE_LOOP('',(#1993,#1994,#1995,#1996,#1997,#1998,#1999,#2000,#2001,
#2002,#2003,#2004,#2005,#2006,#2007));
#464=EDGE_LOOP('',(#2008,#2009,#2010,#2011));
#465=EDGE_LOOP('',(#2012,#2013,#2014,#2015,#2016,#2017));
#466=EDGE_LOOP('',(#2018,#2019,#2020,#2021,#2022,#2023));
#467=EDGE_LOOP('',(#2024,#2025,#2026));
#468=EDGE_LOOP('',(#2027,#2028,#2029));
#469=EDGE_LOOP('',(#2030,#2031,#2032,#2033,#2034,#2035));
#470=EDGE_LOOP('',(#2036,#2037,#2038,#2039,#2040,#2041));
#471=EDGE_LOOP('',(#2042,#2043,#2044,#2045));
#472=EDGE_LOOP('',(#2046,#2047,#2048,#2049));
#473=EDGE_LOOP('',(#2050,#2051,#2052,#2053));
#474=EDGE_LOOP('',(#2054,#2055,#2056,#2057));
#475=EDGE_LOOP('',(#2058,#2059,#2060,#2061));
#476=EDGE_LOOP('',(#2062,#2063,#2064,#2065,#2066,#2067,#2068,#2069));
#477=EDGE_LOOP('',(#2070,#2071,#2072,#2073));
#478=EDGE_LOOP('',(#2074,#2075,#2076,#2077));
#479=EDGE_LOOP('',(#2078,#2079,#2080,#2081));
#480=EDGE_LOOP('',(#2082,#2083,#2084,#2085));
#481=EDGE_LOOP('',(#2086,#2087,#2088,#2089,#2090));
#482=EDGE_LOOP('',(#2091,#2092,#2093,#2094,#2095));
#483=EDGE_LOOP('',(#2096,#2097,#2098,#2099));
#484=EDGE_LOOP('',(#2100,#2101,#2102,#2103,#2104,#2105,#2106,#2107,#2108,
#2109,#2110));
#485=EDGE_LOOP('',(#2111,#2112,#2113,#2114));
#486=EDGE_LOOP('',(#2115,#2116,#2117,#2118));
#487=EDGE_LOOP('',(#2119,#2120,#2121,#2122));
#488=EDGE_LOOP('',(#2123,#2124,#2125,#2126));
#489=EDGE_LOOP('',(#2127,#2128,#2129,#2130));
#490=EDGE_LOOP('',(#2131,#2132,#2133,#2134));
#491=EDGE_LOOP('',(#2135,#2136,#2137,#2138));
#492=EDGE_LOOP('',(#2139,#2140,#2141,#2142));
#493=EDGE_LOOP('',(#2143,#2144,#2145,#2146,#2147,#2148));
#494=EDGE_LOOP('',(#2149,#2150,#2151,#2152));
#495=EDGE_LOOP('',(#2153,#2154,#2155,#2156,#2157,#2158));
#496=EDGE_LOOP('',(#2159,#2160,#2161,#2162));
#497=EDGE_LOOP('',(#2163,#2164,#2165,#2166));
#498=EDGE_LOOP('',(#2167,#2168,#2169,#2170));
#499=EDGE_LOOP('',(#2171,#2172,#2173,#2174));
#500=EDGE_LOOP('',(#2175,#2176,#2177,#2178));
#501=EDGE_LOOP('',(#2179,#2180,#2181,#2182));
#502=EDGE_LOOP('',(#2183,#2184,#2185,#2186,#2187,#2188));
#503=EDGE_LOOP('',(#2189,#2190,#2191,#2192));
#504=EDGE_LOOP('',(#2193,#2194,#2195,#2196));
#505=EDGE_LOOP('',(#2197));
#506=EDGE_LOOP('',(#2198,#2199,#2200,#2201,#2202,#2203));
#507=EDGE_LOOP('',(#2204,#2205,#2206,#2207));
#508=EDGE_LOOP('',(#2208,#2209,#2210,#2211));
#509=EDGE_LOOP('',(#2212,#2213,#2214,#2215));
#510=EDGE_LOOP('',(#2216));
#511=EDGE_LOOP('',(#2217,#2218,#2219,#2220));
#512=EDGE_LOOP('',(#2221,#2222,#2223,#2224));
#513=EDGE_LOOP('',(#2225,#2226,#2227,#2228));
#514=EDGE_LOOP('',(#2229,#2230,#2231,#2232));
#515=EDGE_LOOP('',(#2233,#2234,#2235,#2236));
#516=EDGE_LOOP('',(#2237,#2238,#2239,#2240));
#517=EDGE_LOOP('',(#2241,#2242,#2243,#2244));
#518=EDGE_LOOP('',(#2245));
#519=EDGE_LOOP('',(#2246));
#520=EDGE_LOOP('',(#2247,#2248,#2249,#2250));
#521=EDGE_LOOP('',(#2251,#2252,#2253,#2254));
#522=EDGE_LOOP('',(#2255));
#523=EDGE_LOOP('',(#2256));
#524=EDGE_LOOP('',(#2257,#2258,#2259,#2260,#2261,#2262,#2263));
#525=EDGE_LOOP('',(#2264));
#526=EDGE_LOOP('',(#2265,#2266,#2267,#2268,#2269,#2270,#2271));
#527=EDGE_LOOP('',(#2272,#2273,#2274,#2275));
#528=EDGE_LOOP('',(#2276,#2277,#2278,#2279));
#529=EDGE_LOOP('',(#2280,#2281,#2282,#2283));
#530=EDGE_LOOP('',(#2284,#2285,#2286,#2287));
#531=EDGE_LOOP('',(#2288,#2289,#2290,#2291));
#532=EDGE_LOOP('',(#2292,#2293,#2294,#2295));
#533=EDGE_LOOP('',(#2296,#2297,#2298,#2299));
#534=EDGE_LOOP('',(#2300));
#535=EDGE_LOOP('',(#2301,#2302,#2303,#2304,#2305,#2306));
#536=EDGE_LOOP('',(#2307,#2308,#2309,#2310));
#537=EDGE_LOOP('',(#2311));
#538=EDGE_LOOP('',(#2312));
#539=EDGE_LOOP('',(#2313));
#540=EDGE_LOOP('',(#2314,#2315,#2316,#2317,#2318,#2319));
#541=EDGE_LOOP('',(#2320,#2321,#2322,#2323));
#542=EDGE_LOOP('',(#2324,#2325,#2326,#2327,#2328));
#543=EDGE_LOOP('',(#2329,#2330,#2331,#2332));
#544=EDGE_LOOP('',(#2333,#2334,#2335,#2336));
#545=EDGE_LOOP('',(#2337,#2338,#2339,#2340));
#546=EDGE_LOOP('',(#2341,#2342,#2343,#2344));
#547=EDGE_LOOP('',(#2345,#2346,#2347,#2348,#2349,#2350));
#548=EDGE_LOOP('',(#2351,#2352));
#549=EDGE_LOOP('',(#2353,#2354,#2355,#2356,#2357,#2358,#2359));
#550=EDGE_LOOP('',(#2360,#2361,#2362,#2363,#2364,#2365));
#551=EDGE_LOOP('',(#2366,#2367,#2368,#2369,#2370));
#552=EDGE_LOOP('',(#2371,#2372,#2373,#2374));
#553=EDGE_LOOP('',(#2375,#2376,#2377,#2378));
#554=EDGE_LOOP('',(#2379,#2380,#2381,#2382));
#555=EDGE_LOOP('',(#2383,#2384,#2385,#2386,#2387,#2388,#2389,#2390,#2391,
#2392));
#556=EDGE_LOOP('',(#2393));
#557=EDGE_LOOP('',(#2394,#2395,#2396,#2397,#2398,#2399,#2400,#2401,#2402,
#2403,#2404,#2405,#2406,#2407));
#558=EDGE_LOOP('',(#2408));
#559=EDGE_LOOP('',(#2409,#2410,#2411,#2412));
#560=EDGE_LOOP('',(#2413,#2414,#2415,#2416));
#561=EDGE_LOOP('',(#2417,#2418,#2419,#2420,#2421,#2422));
#562=EDGE_LOOP('',(#2423,#2424,#2425,#2426));
#563=EDGE_LOOP('',(#2427,#2428,#2429,#2430));
#564=EDGE_LOOP('',(#2431));
#565=EDGE_LOOP('',(#2432,#2433,#2434,#2435));
#566=EDGE_LOOP('',(#2436,#2437,#2438,#2439));
#567=EDGE_LOOP('',(#2440));
#568=EDGE_LOOP('',(#2441));
#569=EDGE_LOOP('',(#2442));
#570=EDGE_LOOP('',(#2443,#2444,#2445,#2446));
#571=EDGE_LOOP('',(#2447,#2448,#2449,#2450));
#572=EDGE_LOOP('',(#2451,#2452,#2453,#2454));
#573=EDGE_LOOP('',(#2455));
#574=EDGE_LOOP('',(#2456,#2457,#2458,#2459));
#575=EDGE_LOOP('',(#2460));
#576=EDGE_LOOP('',(#2461));
#577=EDGE_LOOP('',(#2462));
#578=EDGE_LOOP('',(#2463));
#579=EDGE_LOOP('',(#2464));
#580=EDGE_LOOP('',(#2465));
#581=EDGE_LOOP('',(#2466));
#582=EDGE_LOOP('',(#2467));
#583=EDGE_LOOP('',(#2468));
#584=EDGE_LOOP('',(#2469));
#585=EDGE_LOOP('',(#2470));
#586=EDGE_LOOP('',(#2471));
#587=EDGE_LOOP('',(#2472));
#588=EDGE_LOOP('',(#2473));
#589=EDGE_LOOP('',(#2474));
#590=EDGE_LOOP('',(#2475,#2476,#2477,#2478));
#591=EDGE_LOOP('',(#2479,#2480,#2481,#2482));
#592=EDGE_LOOP('',(#2483,#2484,#2485,#2486));
#593=EDGE_LOOP('',(#2487,#2488,#2489,#2490));
#594=EDGE_LOOP('',(#2491,#2492,#2493,#2494));
#595=EDGE_LOOP('',(#2495,#2496,#2497,#2498));
#596=EDGE_LOOP('',(#2499,#2500,#2501,#2502));
#597=EDGE_LOOP('',(#2503,#2504,#2505,#2506));
#598=EDGE_LOOP('',(#2507,#2508,#2509,#2510));
#599=EDGE_LOOP('',(#2511,#2512,#2513,#2514));
#600=EDGE_LOOP('',(#2515));
#601=EDGE_LOOP('',(#2516));
#602=EDGE_LOOP('',(#2517));
#603=EDGE_LOOP('',(#2518));
#604=EDGE_LOOP('',(#2519));
#605=EDGE_LOOP('',(#2520));
#606=EDGE_LOOP('',(#2521));
#607=EDGE_LOOP('',(#2522));
#608=EDGE_LOOP('',(#2523));
#609=EDGE_LOOP('',(#2524));
#610=EDGE_LOOP('',(#2525));
#611=EDGE_LOOP('',(#2526));
#612=EDGE_LOOP('',(#2527));
#613=EDGE_LOOP('',(#2528));
#614=EDGE_LOOP('',(#2529));
#615=EDGE_LOOP('',(#2530));
#616=EDGE_LOOP('',(#2531));
#617=EDGE_LOOP('',(#2532));
#618=EDGE_LOOP('',(#2533));
#619=EDGE_LOOP('',(#2534));
#620=EDGE_LOOP('',(#2535,#2536,#2537,#2538));
#621=EDGE_LOOP('',(#2539,#2540,#2541,#2542));
#622=EDGE_LOOP('',(#2543,#2544,#2545,#2546,#2547,#2548,#2549,#2550));
#623=EDGE_LOOP('',(#2551,#2552,#2553,#2554));
#624=EDGE_LOOP('',(#2555,#2556,#2557,#2558));
#625=EDGE_LOOP('',(#2559,#2560,#2561,#2562));
#626=EDGE_LOOP('',(#2563,#2564,#2565,#2566,#2567,#2568,#2569,#2570));
#627=EDGE_LOOP('',(#2571,#2572,#2573,#2574));
#628=EDGE_LOOP('',(#2575,#2576,#2577,#2578,#2579,#2580,#2581,#2582));
#629=EDGE_LOOP('',(#2583,#2584,#2585,#2586));
#630=EDGE_LOOP('',(#2587,#2588,#2589,#2590));
#631=EDGE_LOOP('',(#2591));
#632=EDGE_LOOP('',(#2592,#2593,#2594,#2595));
#633=EDGE_LOOP('',(#2596,#2597,#2598,#2599));
#634=EDGE_LOOP('',(#2600,#2601,#2602,#2603));
#635=EDGE_LOOP('',(#2604,#2605,#2606,#2607));
#636=EDGE_LOOP('',(#2608,#2609,#2610,#2611,#2612,#2613,#2614,#2615));
#637=EDGE_LOOP('',(#2616));
#638=EDGE_LOOP('',(#2617,#2618,#2619,#2620));
#639=EDGE_LOOP('',(#2621,#2622,#2623,#2624));
#640=EDGE_LOOP('',(#2625,#2626,#2627,#2628));
#641=EDGE_LOOP('',(#2629,#2630,#2631,#2632));
#642=EDGE_LOOP('',(#2633,#2634,#2635,#2636));
#643=EDGE_LOOP('',(#2637,#2638,#2639,#2640));
#644=EDGE_LOOP('',(#2641,#2642,#2643,#2644));
#645=EDGE_LOOP('',(#2645,#2646,#2647,#2648));
#646=EDGE_LOOP('',(#2649,#2650,#2651,#2652));
#647=EDGE_LOOP('',(#2653,#2654,#2655,#2656));
#648=EDGE_LOOP('',(#2657,#2658,#2659,#2660));
#649=EDGE_LOOP('',(#2661,#2662,#2663,#2664));
#650=EDGE_LOOP('',(#2665,#2666,#2667,#2668));
#651=LINE('',#4264,#960);
#652=LINE('',#4266,#961);
#653=LINE('',#4268,#962);
#654=LINE('',#4269,#963);
#655=LINE('',#4272,#964);
#656=LINE('',#4274,#965);
#657=LINE('',#4275,#966);
#658=LINE('',#4278,#967);
#659=LINE('',#4280,#968);
#660=LINE('',#4281,#969);
#661=LINE('',#4283,#970);
#662=LINE('',#4284,#971);
#663=LINE('',#4290,#972);
#664=LINE('',#4292,#973);
#665=LINE('',#4294,#974);
#666=LINE('',#4295,#975);
#667=LINE('',#4298,#976);
#668=LINE('',#4300,#977);
#669=LINE('',#4301,#978);
#670=LINE('',#4304,#979);
#671=LINE('',#4306,#980);
#672=LINE('',#4307,#981);
#673=LINE('',#4309,#982);
#674=LINE('',#4310,#983);
#675=LINE('',#4316,#984);
#676=LINE('',#4318,#985);
#677=LINE('',#4320,#986);
#678=LINE('',#4321,#987);
#679=LINE('',#4324,#988);
#680=LINE('',#4326,#989);
#681=LINE('',#4327,#990);
#682=LINE('',#4330,#991);
#683=LINE('',#4331,#992);
#684=LINE('',#4334,#993);
#685=LINE('',#4335,#994);
#686=LINE('',#4337,#995);
#687=LINE('',#4344,#996);
#688=LINE('',#4346,#997);
#689=LINE('',#4348,#998);
#690=LINE('',#4349,#999);
#691=LINE('',#4353,#1000);
#692=LINE('',#4355,#1001);
#693=LINE('',#4357,#1002);
#694=LINE('',#4358,#1003);
#695=LINE('',#4360,#1004);
#696=LINE('',#4361,#1005);
#697=LINE('',#4363,#1006);
#698=LINE('',#4366,#1007);
#699=LINE('',#4368,#1008);
#700=LINE('',#4370,#1009);
#701=LINE('',#4372,#1010);
#702=LINE('',#4374,#1011);
#703=LINE('',#4376,#1012);
#704=LINE('',#4378,#1013);
#705=LINE('',#4380,#1014);
#706=LINE('',#4382,#1015);
#707=LINE('',#4384,#1016);
#708=LINE('',#4387,#1017);
#709=LINE('',#4390,#1018);
#710=LINE('',#4392,#1019);
#711=LINE('',#4394,#1020);
#712=LINE('',#4395,#1021);
#713=LINE('',#4399,#1022);
#714=LINE('',#4401,#1023);
#715=LINE('',#4403,#1024);
#716=LINE('',#4405,#1025);
#717=LINE('',#4407,#1026);
#718=LINE('',#4408,#1027);
#719=LINE('',#4412,#1028);
#720=LINE('',#4414,#1029);
#721=LINE('',#4416,#1030);
#722=LINE('',#4417,#1031);
#723=LINE('',#4418,#1032);
#724=LINE('',#4421,#1033);
#725=LINE('',#4422,#1034);
#726=LINE('',#4424,#1035);
#727=LINE('',#4426,#1036);
#728=LINE('',#4428,#1037);
#729=LINE('',#4429,#1038);
#730=LINE('',#4431,#1039);
#731=LINE('',#4432,#1040);
#732=LINE('',#4437,#1041);
#733=LINE('',#4438,#1042);
#734=LINE('',#4439,#1043);
#735=LINE('',#4442,#1044);
#736=LINE('',#4443,#1045);
#737=LINE('',#4446,#1046);
#738=LINE('',#4447,#1047);
#739=LINE('',#4449,#1048);
#740=LINE('',#4453,#1049);
#741=LINE('',#4454,#1050);
#742=LINE('',#4455,#1051);
#743=LINE('',#4459,#1052);
#744=LINE('',#4462,#1053);
#745=LINE('',#4463,#1054);
#746=LINE('',#4466,#1055);
#747=LINE('',#4467,#1056);
#748=LINE('',#4470,#1057);
#749=LINE('',#4471,#1058);
#750=LINE('',#4473,#1059);
#751=LINE('',#4476,#1060);
#752=LINE('',#4477,#1061);
#753=LINE('',#4479,#1062);
#754=LINE('',#4486,#1063);
#755=LINE('',#4488,#1064);
#756=LINE('',#4490,#1065);
#757=LINE('',#4491,#1066);
#758=LINE('',#4494,#1067);
#759=LINE('',#4496,#1068);
#760=LINE('',#4497,#1069);
#761=LINE('',#4500,#1070);
#762=LINE('',#4502,#1071);
#763=LINE('',#4503,#1072);
#764=LINE('',#4505,#1073);
#765=LINE('',#4506,#1074);
#766=LINE('',#4512,#1075);
#767=LINE('',#4514,#1076);
#768=LINE('',#4516,#1077);
#769=LINE('',#4517,#1078);
#770=LINE('',#4520,#1079);
#771=LINE('',#4522,#1080);
#772=LINE('',#4524,#1081);
#773=LINE('',#4526,#1082);
#774=LINE('',#4527,#1083);
#775=LINE('',#4530,#1084);
#776=LINE('',#4531,#1085);
#777=LINE('',#4535,#1086);
#778=LINE('',#4536,#1087);
#779=LINE('',#4538,#1088);
#780=LINE('',#4539,#1089);
#781=LINE('',#4541,#1090);
#782=LINE('',#4543,#1091);
#783=LINE('',#4545,#1092);
#784=LINE('',#4552,#1093);
#785=LINE('',#4554,#1094);
#786=LINE('',#4556,#1095);
#787=LINE('',#4557,#1096);
#788=LINE('',#4560,#1097);
#789=LINE('',#4562,#1098);
#790=LINE('',#4563,#1099);
#791=LINE('',#4566,#1100);
#792=LINE('',#4568,#1101);
#793=LINE('',#4570,#1102);
#794=LINE('',#4571,#1103);
#795=LINE('',#4576,#1104);
#796=LINE('',#4580,#1105);
#797=LINE('',#4581,#1106);
#798=LINE('',#4584,#1107);
#799=LINE('',#4586,#1108);
#800=LINE('',#4587,#1109);
#801=LINE('',#4589,#1110);
#802=LINE('',#4591,#1111);
#803=LINE('',#4598,#1112);
#804=LINE('',#4600,#1113);
#805=LINE('',#4602,#1114);
#806=LINE('',#4603,#1115);
#807=LINE('',#4607,#1116);
#808=LINE('',#4608,#1117);
#809=LINE('',#4609,#1118);
#810=LINE('',#4612,#1119);
#811=LINE('',#4613,#1120);
#812=LINE('',#4616,#1121);
#813=LINE('',#4617,#1122);
#814=LINE('',#4619,#1123);
#815=LINE('',#4626,#1124);
#816=LINE('',#4635,#1125);
#817=LINE('',#4639,#1126);
#818=LINE('',#4645,#1127);
#819=LINE('',#4649,#1128);
#820=LINE('',#4651,#1129);
#821=LINE('',#4653,#1130);
#822=LINE('',#4655,#1131);
#823=LINE('',#4656,#1132);
#824=LINE('',#4660,#1133);
#825=LINE('',#4662,#1134);
#826=LINE('',#4664,#1135);
#827=LINE('',#4666,#1136);
#828=LINE('',#4668,#1137);
#829=LINE('',#4670,#1138);
#830=LINE('',#4673,#1139);
#831=LINE('',#4674,#1140);
#832=LINE('',#4676,#1141);
#833=LINE('',#4678,#1142);
#834=LINE('',#4680,#1143);
#835=LINE('',#4682,#1144);
#836=LINE('',#4684,#1145);
#837=LINE('',#4691,#1146);
#838=LINE('',#4693,#1147);
#839=LINE('',#4695,#1148);
#840=LINE('',#4697,#1149);
#841=LINE('',#4699,#1150);
#842=LINE('',#4700,#1151);
#843=LINE('',#4703,#1152);
#844=LINE('',#4705,#1153);
#845=LINE('',#4706,#1154);
#846=LINE('',#4722,#1155);
#847=LINE('',#4734,#1156);
#848=LINE('',#4736,#1157);
#849=LINE('',#4738,#1158);
#850=LINE('',#4739,#1159);
#851=LINE('',#4744,#1160);
#852=LINE('',#4745,#1161);
#853=LINE('',#4748,#1162);
#854=LINE('',#4753,#1163);
#855=LINE('',#4756,#1164);
#856=LINE('',#4758,#1165);
#857=LINE('',#4759,#1166);
#858=LINE('',#4762,#1167);
#859=LINE('',#4763,#1168);
#860=LINE('',#4764,#1169);
#861=LINE('',#4766,#1170);
#862=LINE('',#4768,#1171);
#863=LINE('',#4770,#1172);
#864=LINE('',#4771,#1173);
#865=LINE('',#4774,#1174);
#866=LINE('',#4775,#1175);
#867=LINE('',#4779,#1176);
#868=LINE('',#4785,#1177);
#869=LINE('',#4786,#1178);
#870=LINE('',#4787,#1179);
#871=LINE('',#4791,#1180);
#872=LINE('',#4797,#1181);
#873=LINE('',#4801,#1182);
#874=LINE('',#4804,#1183);
#875=LINE('',#4806,#1184);
#876=LINE('',#4807,#1185);
#877=LINE('',#4809,#1186);
#878=LINE('',#4811,#1187);
#879=LINE('',#4818,#1188);
#880=LINE('',#4824,#1189);
#881=LINE('',#4831,#1190);
#882=LINE('',#4837,#1191);
#883=LINE('',#4848,#1192);
#884=LINE('',#4854,#1193);
#885=LINE('',#4860,#1194);
#886=LINE('',#4867,#1195);
#887=LINE('',#4906,#1196);
#888=LINE('',#4910,#1197);
#889=LINE('',#4914,#1198);
#890=LINE('',#4918,#1199);
#891=LINE('',#4922,#1200);
#892=LINE('',#4926,#1201);
#893=LINE('',#4930,#1202);
#894=LINE('',#4934,#1203);
#895=LINE('',#4938,#1204);
#896=LINE('',#4942,#1205);
#897=LINE('',#4950,#1206);
#898=LINE('',#4952,#1207);
#899=LINE('',#4957,#1208);
#900=LINE('',#4959,#1209);
#901=LINE('',#4961,#1210);
#902=LINE('',#4963,#1211);
#903=LINE('',#4965,#1212);
#904=LINE('',#4967,#1213);
#905=LINE('',#4969,#1214);
#906=LINE('',#4970,#1215);
#907=LINE('',#4974,#1216);
#908=LINE('',#4976,#1217);
#909=LINE('',#4978,#1218);
#910=LINE('',#4979,#1219);
#911=LINE('',#4982,#1220);
#912=LINE('',#4984,#1221);
#913=LINE('',#4985,#1222);
#914=LINE('',#4989,#1223);
#915=LINE('',#4990,#1224);
#916=LINE('',#4991,#1225);
#917=LINE('',#4993,#1226);
#918=LINE('',#4995,#1227);
#919=LINE('',#4997,#1228);
#920=LINE('',#4998,#1229);
#921=LINE('',#5001,#1230);
#922=LINE('',#5003,#1231);
#923=LINE('',#5004,#1232);
#924=LINE('',#5006,#1233);
#925=LINE('',#5008,#1234);
#926=LINE('',#5010,#1235);
#927=LINE('',#5011,#1236);
#928=LINE('',#5013,#1237);
#929=LINE('',#5014,#1238);
#930=LINE('',#5017,#1239);
#931=LINE('',#5019,#1240);
#932=LINE('',#5020,#1241);
#933=LINE('',#5028,#1242);
#934=LINE('',#5031,#1243);
#935=LINE('',#5033,#1244);
#936=LINE('',#5039,#1245);
#937=LINE('',#5041,#1246);
#938=LINE('',#5043,#1247);
#939=LINE('',#5044,#1248);
#940=LINE('',#5047,#1249);
#941=LINE('',#5049,#1250);
#942=LINE('',#5050,#1251);
#943=LINE('',#5053,#1252);
#944=LINE('',#5055,#1253);
#945=LINE('',#5056,#1254);
#946=LINE('',#5058,#1255);
#947=LINE('',#5059,#1256);
#948=LINE('',#5065,#1257);
#949=LINE('',#5067,#1258);
#950=LINE('',#5069,#1259);
#951=LINE('',#5070,#1260);
#952=LINE('',#5073,#1261);
#953=LINE('',#5075,#1262);
#954=LINE('',#5076,#1263);
#955=LINE('',#5079,#1264);
#956=LINE('',#5081,#1265);
#957=LINE('',#5082,#1266);
#958=LINE('',#5084,#1267);
#959=LINE('',#5085,#1268);
#960=VECTOR('',#3403,10.);
#961=VECTOR('',#3404,10.);
#962=VECTOR('',#3405,10.);
#963=VECTOR('',#3406,10.);
#964=VECTOR('',#3409,10.);
#965=VECTOR('',#3410,10.);
#966=VECTOR('',#3411,10.);
#967=VECTOR('',#3414,10.);
#968=VECTOR('',#3415,10.);
#969=VECTOR('',#3416,10.);
#970=VECTOR('',#3419,10.);
#971=VECTOR('',#3420,10.);
#972=VECTOR('',#3427,10.);
#973=VECTOR('',#3428,10.);
#974=VECTOR('',#3429,10.);
#975=VECTOR('',#3430,10.);
#976=VECTOR('',#3433,10.);
#977=VECTOR('',#3434,10.);
#978=VECTOR('',#3435,10.);
#979=VECTOR('',#3438,10.);
#980=VECTOR('',#3439,10.);
#981=VECTOR('',#3440,10.);
#982=VECTOR('',#3443,10.);
#983=VECTOR('',#3444,10.);
#984=VECTOR('',#3451,1000.);
#985=VECTOR('',#3452,1000.);
#986=VECTOR('',#3453,1000.);
#987=VECTOR('',#3454,1000.);
#988=VECTOR('',#3457,1000.);
#989=VECTOR('',#3458,1000.);
#990=VECTOR('',#3459,1000.);
#991=VECTOR('',#3462,1000.);
#992=VECTOR('',#3463,1000.);
#993=VECTOR('',#3466,1000.);
#994=VECTOR('',#3467,1000.);
#995=VECTOR('',#3470,1000.);
#996=VECTOR('',#3479,10.);
#997=VECTOR('',#3480,10.);
#998=VECTOR('',#3481,10.);
#999=VECTOR('',#3482,10.);
#1000=VECTOR('',#3485,10.);
#1001=VECTOR('',#3486,10.);
#1002=VECTOR('',#3487,10.);
#1003=VECTOR('',#3488,10.);
#1004=VECTOR('',#3491,10.);
#1005=VECTOR('',#3492,10.);
#1006=VECTOR('',#3495,10.);
#1007=VECTOR('',#3498,1000.);
#1008=VECTOR('',#3499,1000.);
#1009=VECTOR('',#3500,1000.);
#1010=VECTOR('',#3501,1000.);
#1011=VECTOR('',#3502,1000.);
#1012=VECTOR('',#3503,1000.);
#1013=VECTOR('',#3504,1000.);
#1014=VECTOR('',#3505,1000.);
#1015=VECTOR('',#3506,1000.);
#1016=VECTOR('',#3507,1000.);
#1017=VECTOR('',#3510,1000.);
#1018=VECTOR('',#3511,1000.);
#1019=VECTOR('',#3512,1000.);
#1020=VECTOR('',#3513,1000.);
#1021=VECTOR('',#3514,1000.);
#1022=VECTOR('',#3517,1000.);
#1023=VECTOR('',#3518,1000.);
#1024=VECTOR('',#3519,10.);
#1025=VECTOR('',#3520,10.);
#1026=VECTOR('',#3521,10.);
#1027=VECTOR('',#3522,10.);
#1028=VECTOR('',#3525,1000.);
#1029=VECTOR('',#3526,1000.);
#1030=VECTOR('',#3527,10.);
#1031=VECTOR('',#3528,10.);
#1032=VECTOR('',#3529,10.);
#1033=VECTOR('',#3532,10.);
#1034=VECTOR('',#3533,10.);
#1035=VECTOR('',#3536,1000.);
#1036=VECTOR('',#3539,1000.);
#1037=VECTOR('',#3540,10.);
#1038=VECTOR('',#3541,10.);
#1039=VECTOR('',#3544,1000.);
#1040=VECTOR('',#3545,10.);
#1041=VECTOR('',#3550,1000.);
#1042=VECTOR('',#3551,1000.);
#1043=VECTOR('',#3552,1000.);
#1044=VECTOR('',#3555,1000.);
#1045=VECTOR('',#3556,1000.);
#1046=VECTOR('',#3559,1000.);
#1047=VECTOR('',#3560,1000.);
#1048=VECTOR('',#3563,1000.);
#1049=VECTOR('',#3566,1000.);
#1050=VECTOR('',#3567,1000.);
#1051=VECTOR('',#3568,1000.);
#1052=VECTOR('',#3573,1000.);
#1053=VECTOR('',#3576,1000.);
#1054=VECTOR('',#3577,1000.);
#1055=VECTOR('',#3580,1000.);
#1056=VECTOR('',#3581,1000.);
#1057=VECTOR('',#3584,1000.);
#1058=VECTOR('',#3585,1000.);
#1059=VECTOR('',#3588,1000.);
#1060=VECTOR('',#3591,1000.);
#1061=VECTOR('',#3592,1000.);
#1062=VECTOR('',#3595,1000.);
#1063=VECTOR('',#3604,10.);
#1064=VECTOR('',#3605,10.);
#1065=VECTOR('',#3606,10.);
#1066=VECTOR('',#3607,10.);
#1067=VECTOR('',#3610,10.);
#1068=VECTOR('',#3611,10.);
#1069=VECTOR('',#3612,10.);
#1070=VECTOR('',#3615,10.);
#1071=VECTOR('',#3616,10.);
#1072=VECTOR('',#3617,10.);
#1073=VECTOR('',#3620,10.);
#1074=VECTOR('',#3621,10.);
#1075=VECTOR('',#3628,1000.);
#1076=VECTOR('',#3629,1000.);
#1077=VECTOR('',#3630,1000.);
#1078=VECTOR('',#3631,1000.);
#1079=VECTOR('',#3634,1000.);
#1080=VECTOR('',#3635,1000.);
#1081=VECTOR('',#3636,1000.);
#1082=VECTOR('',#3637,1000.);
#1083=VECTOR('',#3638,1000.);
#1084=VECTOR('',#3641,1000.);
#1085=VECTOR('',#3642,1000.);
#1086=VECTOR('',#3645,1000.);
#1087=VECTOR('',#3646,1000.);
#1088=VECTOR('',#3647,1000.);
#1089=VECTOR('',#3648,1000.);
#1090=VECTOR('',#3651,1000.);
#1091=VECTOR('',#3654,1000.);
#1092=VECTOR('',#3657,1000.);
#1093=VECTOR('',#3666,10.);
#1094=VECTOR('',#3667,10.);
#1095=VECTOR('',#3668,10.);
#1096=VECTOR('',#3669,10.);
#1097=VECTOR('',#3672,1000.);
#1098=VECTOR('',#3673,1000.);
#1099=VECTOR('',#3674,1000.);
#1100=VECTOR('',#3677,1000.);
#1101=VECTOR('',#3678,1000.);
#1102=VECTOR('',#3679,1000.);
#1103=VECTOR('',#3680,1000.);
#1104=VECTOR('',#3685,15.);
#1105=VECTOR('',#3690,1000.);
#1106=VECTOR('',#3691,1000.);
#1107=VECTOR('',#3694,1000.);
#1108=VECTOR('',#3695,1000.);
#1109=VECTOR('',#3696,1000.);
#1110=VECTOR('',#3699,1000.);
#1111=VECTOR('',#3702,1000.);
#1112=VECTOR('',#3711,1000.);
#1113=VECTOR('',#3712,1000.);
#1114=VECTOR('',#3713,1000.);
#1115=VECTOR('',#3714,1000.);
#1116=VECTOR('',#3717,1000.);
#1117=VECTOR('',#3718,1000.);
#1118=VECTOR('',#3719,1000.);
#1119=VECTOR('',#3722,1000.);
#1120=VECTOR('',#3723,1000.);
#1121=VECTOR('',#3726,1000.);
#1122=VECTOR('',#3727,1000.);
#1123=VECTOR('',#3730,1000.);
#1124=VECTOR('',#3739,15.);
#1125=VECTOR('',#3750,9.232098376);
#1126=VECTOR('',#3755,11.5);
#1127=VECTOR('',#3762,10.);
#1128=VECTOR('',#3765,10.);
#1129=VECTOR('',#3766,10.);
#1130=VECTOR('',#3767,10.);
#1131=VECTOR('',#3768,10.);
#1132=VECTOR('',#3769,10.);
#1133=VECTOR('',#3772,10.);
#1134=VECTOR('',#3773,10.);
#1135=VECTOR('',#3774,10.);
#1136=VECTOR('',#3775,10.);
#1137=VECTOR('',#3776,10.);
#1138=VECTOR('',#3777,10.);
#1139=VECTOR('',#3782,0.508);
#1140=VECTOR('',#3783,1000.);
#1141=VECTOR('',#3786,10.);
#1142=VECTOR('',#3789,10.);
#1143=VECTOR('',#3792,10.);
#1144=VECTOR('',#3795,10.);
#1145=VECTOR('',#3798,10.);
#1146=VECTOR('',#3807,10.);
#1147=VECTOR('',#3808,10.);
#1148=VECTOR('',#3809,10.);
#1149=VECTOR('',#3810,10.);
#1150=VECTOR('',#3811,10.);
#1151=VECTOR('',#3812,10.);
#1152=VECTOR('',#3815,10.);
#1153=VECTOR('',#3816,10.);
#1154=VECTOR('',#3817,10.);
#1155=VECTOR('',#3836,44.9364999999999);
#1156=VECTOR('',#3849,10.);
#1157=VECTOR('',#3850,10.);
#1158=VECTOR('',#3851,10.);
#1159=VECTOR('',#3852,10.);
#1160=VECTOR('',#3857,10.);
#1161=VECTOR('',#3858,9.99999999999999);
#1162=VECTOR('',#3861,26.67);
#1163=VECTOR('',#3868,45.0635);
#1164=VECTOR('',#3871,10.);
#1165=VECTOR('',#3872,10.);
#1166=VECTOR('',#3873,10.);
#1167=VECTOR('',#3876,9.99999999999999);
#1168=VECTOR('',#3877,10.);
#1169=VECTOR('',#3878,9.99999999999999);
#1170=VECTOR('',#3881,10.);
#1171=VECTOR('',#3884,10.);
#1172=VECTOR('',#3885,10.);
#1173=VECTOR('',#3886,10.);
#1174=VECTOR('',#3889,9.99999999999999);
#1175=VECTOR('',#3890,10.);
#1176=VECTOR('',#3893,10.);
#1177=VECTOR('',#3900,10.);
#1178=VECTOR('',#3901,10.);
#1179=VECTOR('',#3902,10.);
#1180=VECTOR('',#3905,10.);
#1181=VECTOR('',#3912,10.);
#1182=VECTOR('',#3919,10.);
#1183=VECTOR('',#3922,10.);
#1184=VECTOR('',#3923,10.);
#1185=VECTOR('',#3924,10.);
#1186=VECTOR('',#3927,10.);
#1187=VECTOR('',#3930,10.);
#1188=VECTOR('',#3939,2.);
#1189=VECTOR('',#3946,2.);
#1190=VECTOR('',#3955,2.);
#1191=VECTOR('',#3962,2.);
#1192=VECTOR('',#3975,2.);
#1193=VECTOR('',#3982,2.);
#1194=VECTOR('',#3989,2.);
#1195=VECTOR('',#3998,2.);
#1196=VECTOR('',#4053,1.5875);
#1197=VECTOR('',#4058,1.5875);
#1198=VECTOR('',#4063,1.5875);
#1199=VECTOR('',#4068,1.5875);
#1200=VECTOR('',#4073,1.5875);
#1201=VECTOR('',#4078,1.5875);
#1202=VECTOR('',#4083,1.5875);
#1203=VECTOR('',#4088,1.5875);
#1204=VECTOR('',#4093,1.5875);
#1205=VECTOR('',#4098,1.5875);
#1206=VECTOR('',#4109,44.96825);
#1207=VECTOR('',#4112,26.5);
#1208=VECTOR('',#4117,10.);
#1209=VECTOR('',#4118,10.);
#1210=VECTOR('',#4119,10.);
#1211=VECTOR('',#4120,10.);
#1212=VECTOR('',#4121,10.);
#1213=VECTOR('',#4122,10.);
#1214=VECTOR('',#4123,10.);
#1215=VECTOR('',#4124,10.);
#1216=VECTOR('',#4127,10.);
#1217=VECTOR('',#4128,10.);
#1218=VECTOR('',#4129,10.);
#1219=VECTOR('',#4130,10.);
#1220=VECTOR('',#4133,10.);
#1221=VECTOR('',#4134,10.);
#1222=VECTOR('',#4135,10.);
#1223=VECTOR('',#4138,10.);
#1224=VECTOR('',#4139,10.);
#1225=VECTOR('',#4140,10.);
#1226=VECTOR('',#4143,10.);
#1227=VECTOR('',#4144,10.);
#1228=VECTOR('',#4145,10.);
#1229=VECTOR('',#4146,10.);
#1230=VECTOR('',#4149,10.);
#1231=VECTOR('',#4150,10.);
#1232=VECTOR('',#4151,10.);
#1233=VECTOR('',#4154,10.);
#1234=VECTOR('',#4155,10.);
#1235=VECTOR('',#4156,10.);
#1236=VECTOR('',#4157,10.);
#1237=VECTOR('',#4160,10.);
#1238=VECTOR('',#4161,10.);
#1239=VECTOR('',#4164,10.);
#1240=VECTOR('',#4165,10.);
#1241=VECTOR('',#4166,10.);
#1242=VECTOR('',#4177,45.0635);
#1243=VECTOR('',#4182,10.);
#1244=VECTOR('',#4185,10.);
#1245=VECTOR('',#4192,10.);
#1246=VECTOR('',#4193,10.);
#1247=VECTOR('',#4194,10.);
#1248=VECTOR('',#4195,10.);
#1249=VECTOR('',#4198,10.);
#1250=VECTOR('',#4199,10.);
#1251=VECTOR('',#4200,10.);
#1252=VECTOR('',#4203,10.);
#1253=VECTOR('',#4204,10.);
#1254=VECTOR('',#4205,10.);
#1255=VECTOR('',#4208,10.);
#1256=VECTOR('',#4209,10.);
#1257=VECTOR('',#4216,10.);
#1258=VECTOR('',#4217,10.);
#1259=VECTOR('',#4218,10.);
#1260=VECTOR('',#4219,10.);
#1261=VECTOR('',#4222,10.);
#1262=VECTOR('',#4223,10.);
#1263=VECTOR('',#4224,10.);
#1264=VECTOR('',#4227,10.);
#1265=VECTOR('',#4228,10.);
#1266=VECTOR('',#4229,10.);
#1267=VECTOR('',#4232,10.);
#1268=VECTOR('',#4233,10.);
#1269=VERTEX_POINT('',#4262);
#1270=VERTEX_POINT('',#4263);
#1271=VERTEX_POINT('',#4265);
#1272=VERTEX_POINT('',#4267);
#1273=VERTEX_POINT('',#4271);
#1274=VERTEX_POINT('',#4273);
#1275=VERTEX_POINT('',#4277);
#1276=VERTEX_POINT('',#4279);
#1277=VERTEX_POINT('',#4288);
#1278=VERTEX_POINT('',#4289);
#1279=VERTEX_POINT('',#4291);
#1280=VERTEX_POINT('',#4293);
#1281=VERTEX_POINT('',#4297);
#1282=VERTEX_POINT('',#4299);
#1283=VERTEX_POINT('',#4303);
#1284=VERTEX_POINT('',#4305);
#1285=VERTEX_POINT('',#4314);
#1286=VERTEX_POINT('',#4315);
#1287=VERTEX_POINT('',#4317);
#1288=VERTEX_POINT('',#4319);
#1289=VERTEX_POINT('',#4323);
#1290=VERTEX_POINT('',#4325);
#1291=VERTEX_POINT('',#4329);
#1292=VERTEX_POINT('',#4333);
#1293=VERTEX_POINT('',#4342);
#1294=VERTEX_POINT('',#4343);
#1295=VERTEX_POINT('',#4345);
#1296=VERTEX_POINT('',#4347);
#1297=VERTEX_POINT('',#4351);
#1298=VERTEX_POINT('',#4352);
#1299=VERTEX_POINT('',#4354);
#1300=VERTEX_POINT('',#4356);
#1301=VERTEX_POINT('',#4365);
#1302=VERTEX_POINT('',#4367);
#1303=VERTEX_POINT('',#4369);
#1304=VERTEX_POINT('',#4371);
#1305=VERTEX_POINT('',#4373);
#1306=VERTEX_POINT('',#4375);
#1307=VERTEX_POINT('',#4377);
#1308=VERTEX_POINT('',#4379);
#1309=VERTEX_POINT('',#4381);
#1310=VERTEX_POINT('',#4383);
#1311=VERTEX_POINT('',#4385);
#1312=VERTEX_POINT('',#4388);
#1313=VERTEX_POINT('',#4389);
#1314=VERTEX_POINT('',#4391);
#1315=VERTEX_POINT('',#4393);
#1316=VERTEX_POINT('',#4397);
#1317=VERTEX_POINT('',#4398);
#1318=VERTEX_POINT('',#4400);
#1319=VERTEX_POINT('',#4402);
#1320=VERTEX_POINT('',#4404);
#1321=VERTEX_POINT('',#4406);
#1322=VERTEX_POINT('',#4410);
#1323=VERTEX_POINT('',#4411);
#1324=VERTEX_POINT('',#4413);
#1325=VERTEX_POINT('',#4415);
#1326=VERTEX_POINT('',#4420);
#1327=VERTEX_POINT('',#4427);
#1328=VERTEX_POINT('',#4435);
#1329=VERTEX_POINT('',#4436);
#1330=VERTEX_POINT('',#4441);
#1331=VERTEX_POINT('',#4445);
#1332=VERTEX_POINT('',#4451);
#1333=VERTEX_POINT('',#4452);
#1334=VERTEX_POINT('',#4457);
#1335=VERTEX_POINT('',#4461);
#1336=VERTEX_POINT('',#4465);
#1337=VERTEX_POINT('',#4469);
#1338=VERTEX_POINT('',#4475);
#1339=VERTEX_POINT('',#4484);
#1340=VERTEX_POINT('',#4485);
#1341=VERTEX_POINT('',#4487);
#1342=VERTEX_POINT('',#4489);
#1343=VERTEX_POINT('',#4493);
#1344=VERTEX_POINT('',#4495);
#1345=VERTEX_POINT('',#4499);
#1346=VERTEX_POINT('',#4501);
#1347=VERTEX_POINT('',#4510);
#1348=VERTEX_POINT('',#4511);
#1349=VERTEX_POINT('',#4513);
#1350=VERTEX_POINT('',#4515);
#1351=VERTEX_POINT('',#4519);
#1352=VERTEX_POINT('',#4521);
#1353=VERTEX_POINT('',#4523);
#1354=VERTEX_POINT('',#4525);
#1355=VERTEX_POINT('',#4529);
#1356=VERTEX_POINT('',#4533);
#1357=VERTEX_POINT('',#4534);
#1358=VERTEX_POINT('',#4537);
#1359=VERTEX_POINT('',#4550);
#1360=VERTEX_POINT('',#4551);
#1361=VERTEX_POINT('',#4553);
#1362=VERTEX_POINT('',#4555);
#1363=VERTEX_POINT('',#4559);
#1364=VERTEX_POINT('',#4561);
#1365=VERTEX_POINT('',#4565);
#1366=VERTEX_POINT('',#4567);
#1367=VERTEX_POINT('',#4569);
#1368=VERTEX_POINT('',#4573);
#1369=VERTEX_POINT('',#4575);
#1370=VERTEX_POINT('',#4579);
#1371=VERTEX_POINT('',#4583);
#1372=VERTEX_POINT('',#4585);
#1373=VERTEX_POINT('',#4596);
#1374=VERTEX_POINT('',#4597);
#1375=VERTEX_POINT('',#4599);
#1376=VERTEX_POINT('',#4601);
#1377=VERTEX_POINT('',#4605);
#1378=VERTEX_POINT('',#4606);
#1379=VERTEX_POINT('',#4611);
#1380=VERTEX_POINT('',#4615);
#1381=VERTEX_POINT('',#4623);
#1382=VERTEX_POINT('',#4625);
#1383=VERTEX_POINT('',#4629);
#1384=VERTEX_POINT('',#4632);
#1385=VERTEX_POINT('',#4634);
#1386=VERTEX_POINT('',#4638);
#1387=VERTEX_POINT('',#4643);
#1388=VERTEX_POINT('',#4644);
#1389=VERTEX_POINT('',#4646);
#1390=VERTEX_POINT('',#4648);
#1391=VERTEX_POINT('',#4650);
#1392=VERTEX_POINT('',#4652);
#1393=VERTEX_POINT('',#4654);
#1394=VERTEX_POINT('',#4658);
#1395=VERTEX_POINT('',#4659);
#1396=VERTEX_POINT('',#4661);
#1397=VERTEX_POINT('',#4663);
#1398=VERTEX_POINT('',#4665);
#1399=VERTEX_POINT('',#4667);
#1400=VERTEX_POINT('',#4669);
#1401=VERTEX_POINT('',#4689);
#1402=VERTEX_POINT('',#4690);
#1403=VERTEX_POINT('',#4692);
#1404=VERTEX_POINT('',#4694);
#1405=VERTEX_POINT('',#4696);
#1406=VERTEX_POINT('',#4698);
#1407=VERTEX_POINT('',#4702);
#1408=VERTEX_POINT('',#4704);
#1409=VERTEX_POINT('',#4708);
#1410=VERTEX_POINT('',#4711);
#1411=VERTEX_POINT('',#4713);
#1412=VERTEX_POINT('',#4716);
#1413=VERTEX_POINT('',#4717);
#1414=VERTEX_POINT('',#4719);
#1415=VERTEX_POINT('',#4724);
#1416=VERTEX_POINT('',#4725);
#1417=VERTEX_POINT('',#4727);
#1418=VERTEX_POINT('',#4729);
#1419=VERTEX_POINT('',#4733);
#1420=VERTEX_POINT('',#4735);
#1421=VERTEX_POINT('',#4737);
#1422=VERTEX_POINT('',#4741);
#1423=VERTEX_POINT('',#4742);
#1424=VERTEX_POINT('',#4747);
#1425=VERTEX_POINT('',#4751);
#1426=VERTEX_POINT('',#4755);
#1427=VERTEX_POINT('',#4757);
#1428=VERTEX_POINT('',#4761);
#1429=VERTEX_POINT('',#4769);
#1430=VERTEX_POINT('',#4773);
#1431=VERTEX_POINT('',#4777);
#1432=VERTEX_POINT('',#4778);
#1433=VERTEX_POINT('',#4783);
#1434=VERTEX_POINT('',#4784);
#1435=VERTEX_POINT('',#4789);
#1436=VERTEX_POINT('',#4790);
#1437=VERTEX_POINT('',#4795);
#1438=VERTEX_POINT('',#4796);
#1439=VERTEX_POINT('',#4803);
#1440=VERTEX_POINT('',#4805);
#1441=VERTEX_POINT('',#4815);
#1442=VERTEX_POINT('',#4817);
#1443=VERTEX_POINT('',#4821);
#1444=VERTEX_POINT('',#4823);
#1445=VERTEX_POINT('',#4828);
#1446=VERTEX_POINT('',#4830);
#1447=VERTEX_POINT('',#4834);
#1448=VERTEX_POINT('',#4836);
#1449=VERTEX_POINT('',#4840);
#1450=VERTEX_POINT('',#4842);
#1451=VERTEX_POINT('',#4844);
#1452=VERTEX_POINT('',#4847);
#1453=VERTEX_POINT('',#4851);
#1454=VERTEX_POINT('',#4853);
#1455=VERTEX_POINT('',#4857);
#1456=VERTEX_POINT('',#4859);
#1457=VERTEX_POINT('',#4864);
#1458=VERTEX_POINT('',#4866);
#1459=VERTEX_POINT('',#4871);
#1460=VERTEX_POINT('',#4874);
#1461=VERTEX_POINT('',#4879);
#1462=VERTEX_POINT('',#4882);
#1463=VERTEX_POINT('',#4885);
#1464=VERTEX_POINT('',#4889);
#1465=VERTEX_POINT('',#4892);
#1466=VERTEX_POINT('',#4896);
#1467=VERTEX_POINT('',#4899);
#1468=VERTEX_POINT('',#4902);
#1469=VERTEX_POINT('',#4905);
#1470=VERTEX_POINT('',#4909);
#1471=VERTEX_POINT('',#4913);
#1472=VERTEX_POINT('',#4917);
#1473=VERTEX_POINT('',#4921);
#1474=VERTEX_POINT('',#4925);
#1475=VERTEX_POINT('',#4929);
#1476=VERTEX_POINT('',#4933);
#1477=VERTEX_POINT('',#4937);
#1478=VERTEX_POINT('',#4941);
#1479=VERTEX_POINT('',#4945);
#1480=VERTEX_POINT('',#4947);
#1481=VERTEX_POINT('',#4955);
#1482=VERTEX_POINT('',#4956);
#1483=VERTEX_POINT('',#4958);
#1484=VERTEX_POINT('',#4960);
#1485=VERTEX_POINT('',#4962);
#1486=VERTEX_POINT('',#4964);
#1487=VERTEX_POINT('',#4966);
#1488=VERTEX_POINT('',#4968);
#1489=VERTEX_POINT('',#4972);
#1490=VERTEX_POINT('',#4973);
#1491=VERTEX_POINT('',#4975);
#1492=VERTEX_POINT('',#4977);
#1493=VERTEX_POINT('',#4981);
#1494=VERTEX_POINT('',#4983);
#1495=VERTEX_POINT('',#4987);
#1496=VERTEX_POINT('',#4988);
#1497=VERTEX_POINT('',#4994);
#1498=VERTEX_POINT('',#4996);
#1499=VERTEX_POINT('',#5000);
#1500=VERTEX_POINT('',#5002);
#1501=VERTEX_POINT('',#5007);
#1502=VERTEX_POINT('',#5009);
#1503=VERTEX_POINT('',#5016);
#1504=VERTEX_POINT('',#5018);
#1505=VERTEX_POINT('',#5022);
#1506=VERTEX_POINT('',#5027);
#1507=VERTEX_POINT('',#5037);
#1508=VERTEX_POINT('',#5038);
#1509=VERTEX_POINT('',#5040);
#1510=VERTEX_POINT('',#5042);
#1511=VERTEX_POINT('',#5046);
#1512=VERTEX_POINT('',#5048);
#1513=VERTEX_POINT('',#5052);
#1514=VERTEX_POINT('',#5054);
#1515=VERTEX_POINT('',#5063);
#1516=VERTEX_POINT('',#5064);
#1517=VERTEX_POINT('',#5066);
#1518=VERTEX_POINT('',#5068);
#1519=VERTEX_POINT('',#5072);
#1520=VERTEX_POINT('',#5074);
#1521=VERTEX_POINT('',#5078);
#1522=VERTEX_POINT('',#5080);
#1523=EDGE_CURVE('',#1269,#1270,#651,.T.);
#1524=EDGE_CURVE('',#1271,#1269,#652,.T.);
#1525=EDGE_CURVE('',#1271,#1272,#653,.T.);
#1526=EDGE_CURVE('',#1272,#1270,#654,.T.);
#1527=EDGE_CURVE('',#1273,#1269,#655,.T.);
#1528=EDGE_CURVE('',#1274,#1273,#656,.T.);
#1529=EDGE_CURVE('',#1274,#1271,#657,.T.);
#1530=EDGE_CURVE('',#1275,#1273,#658,.T.);
#1531=EDGE_CURVE('',#1276,#1275,#659,.T.);
#1532=EDGE_CURVE('',#1276,#1274,#660,.T.);
#1533=EDGE_CURVE('',#1270,#1275,#661,.T.);
#1534=EDGE_CURVE('',#1272,#1276,#662,.T.);
#1535=EDGE_CURVE('',#1277,#1278,#663,.T.);
#1536=EDGE_CURVE('',#1279,#1277,#664,.T.);
#1537=EDGE_CURVE('',#1279,#1280,#665,.T.);
#1538=EDGE_CURVE('',#1280,#1278,#666,.T.);
#1539=EDGE_CURVE('',#1281,#1277,#667,.T.);
#1540=EDGE_CURVE('',#1282,#1281,#668,.T.);
#1541=EDGE_CURVE('',#1282,#1279,#669,.T.);
#1542=EDGE_CURVE('',#1283,#1281,#670,.T.);
#1543=EDGE_CURVE('',#1284,#1283,#671,.T.);
#1544=EDGE_CURVE('',#1284,#1282,#672,.T.);
#1545=EDGE_CURVE('',#1278,#1283,#673,.T.);
#1546=EDGE_CURVE('',#1280,#1284,#674,.T.);
#1547=EDGE_CURVE('',#1285,#1286,#675,.T.);
#1548=EDGE_CURVE('',#1287,#1285,#676,.T.);
#1549=EDGE_CURVE('',#1288,#1287,#677,.T.);
#1550=EDGE_CURVE('',#1286,#1288,#678,.T.);
#1551=EDGE_CURVE('',#1289,#1288,#679,.T.);
#1552=EDGE_CURVE('',#1290,#1289,#680,.T.);
#1553=EDGE_CURVE('',#1286,#1290,#681,.T.);
#1554=EDGE_CURVE('',#1291,#1290,#682,.T.);
#1555=EDGE_CURVE('',#1285,#1291,#683,.T.);
#1556=EDGE_CURVE('',#1292,#1291,#684,.T.);
#1557=EDGE_CURVE('',#1287,#1292,#685,.T.);
#1558=EDGE_CURVE('',#1289,#1292,#686,.T.);
#1559=EDGE_CURVE('',#1293,#1294,#687,.T.);
#1560=EDGE_CURVE('',#1293,#1295,#688,.T.);
#1561=EDGE_CURVE('',#1296,#1295,#689,.T.);
#1562=EDGE_CURVE('',#1294,#1296,#690,.T.);
#1563=EDGE_CURVE('',#1297,#1298,#691,.T.);
#1564=EDGE_CURVE('',#1297,#1299,#692,.T.);
#1565=EDGE_CURVE('',#1300,#1299,#693,.T.);
#1566=EDGE_CURVE('',#1298,#1300,#694,.T.);
#1567=EDGE_CURVE('',#1298,#1293,#695,.T.);
#1568=EDGE_CURVE('',#1295,#1300,#696,.T.);
#1569=EDGE_CURVE('',#1299,#1296,#697,.T.);
#1570=EDGE_CURVE('',#1294,#1301,#698,.T.);
#1571=EDGE_CURVE('',#1301,#1302,#699,.T.);
#1572=EDGE_CURVE('',#1302,#1303,#700,.T.);
#1573=EDGE_CURVE('',#1303,#1304,#701,.T.);
#1574=EDGE_CURVE('',#1304,#1305,#702,.T.);
#1575=EDGE_CURVE('',#1305,#1306,#703,.T.);
#1576=EDGE_CURVE('',#1306,#1307,#704,.T.);
#1577=EDGE_CURVE('',#1307,#1308,#705,.T.);
#1578=EDGE_CURVE('',#1308,#1309,#706,.T.);
#1579=EDGE_CURVE('',#1309,#1310,#707,.T.);
#1580=EDGE_CURVE('',#1310,#1311,#79,.T.);
#1581=EDGE_CURVE('',#1311,#1297,#708,.T.);
#1582=EDGE_CURVE('',#1312,#1313,#709,.T.);
#1583=EDGE_CURVE('',#1313,#1314,#710,.T.);
#1584=EDGE_CURVE('',#1314,#1315,#711,.T.);
#1585=EDGE_CURVE('',#1315,#1312,#712,.T.);
#1586=EDGE_CURVE('',#1316,#1317,#713,.T.);
#1587=EDGE_CURVE('',#1317,#1318,#714,.T.);
#1588=EDGE_CURVE('',#1318,#1319,#715,.T.);
#1589=EDGE_CURVE('',#1319,#1320,#716,.T.);
#1590=EDGE_CURVE('',#1321,#1320,#717,.T.);
#1591=EDGE_CURVE('',#1316,#1321,#718,.T.);
#1592=EDGE_CURVE('',#1322,#1323,#719,.T.);
#1593=EDGE_CURVE('',#1323,#1324,#720,.T.);
#1594=EDGE_CURVE('',#1324,#1325,#721,.T.);
#1595=EDGE_CURVE('',#1320,#1325,#722,.T.);
#1596=EDGE_CURVE('',#1319,#1322,#723,.T.);
#1597=EDGE_CURVE('',#1326,#1304,#724,.T.);
#1598=EDGE_CURVE('',#1305,#1326,#725,.T.);
#1599=EDGE_CURVE('',#1322,#1318,#726,.T.);
#1600=EDGE_CURVE('',#1324,#1306,#727,.T.);
#1601=EDGE_CURVE('',#1326,#1327,#728,.T.);
#1602=EDGE_CURVE('',#1325,#1327,#729,.T.);
#1603=EDGE_CURVE('',#1316,#1303,#730,.T.);
#1604=EDGE_CURVE('',#1327,#1321,#731,.T.);
#1605=EDGE_CURVE('',#1328,#1329,#732,.T.);
#1606=EDGE_CURVE('',#1314,#1328,#733,.T.);
#1607=EDGE_CURVE('',#1329,#1313,#734,.T.);
#1608=EDGE_CURVE('',#1329,#1330,#735,.T.);
#1609=EDGE_CURVE('',#1330,#1312,#736,.T.);
#1610=EDGE_CURVE('',#1330,#1331,#737,.T.);
#1611=EDGE_CURVE('',#1331,#1315,#738,.T.);
#1612=EDGE_CURVE('',#1331,#1328,#739,.T.);
#1613=EDGE_CURVE('',#1332,#1333,#740,.T.);
#1614=EDGE_CURVE('',#1301,#1332,#741,.T.);
#1615=EDGE_CURVE('',#1333,#1311,#742,.T.);
#1616=EDGE_CURVE('',#1333,#1334,#80,.T.);
#1617=EDGE_CURVE('',#1334,#1310,#743,.T.);
#1618=EDGE_CURVE('',#1335,#1309,#744,.T.);
#1619=EDGE_CURVE('',#1334,#1335,#745,.T.);
#1620=EDGE_CURVE('',#1336,#1308,#746,.T.);
#1621=EDGE_CURVE('',#1335,#1336,#747,.T.);
#1622=EDGE_CURVE('',#1337,#1307,#748,.T.);
#1623=EDGE_CURVE('',#1336,#1337,#749,.T.);
#1624=EDGE_CURVE('',#1337,#1323,#750,.T.);
#1625=EDGE_CURVE('',#1338,#1302,#751,.T.);
#1626=EDGE_CURVE('',#1317,#1338,#752,.T.);
#1627=EDGE_CURVE('',#1338,#1332,#753,.T.);
#1628=EDGE_CURVE('',#1339,#1340,#754,.T.);
#1629=EDGE_CURVE('',#1341,#1340,#755,.T.);
#1630=EDGE_CURVE('',#1342,#1341,#756,.T.);
#1631=EDGE_CURVE('',#1342,#1339,#757,.T.);
#1632=EDGE_CURVE('',#1340,#1343,#758,.T.);
#1633=EDGE_CURVE('',#1344,#1343,#759,.T.);
#1634=EDGE_CURVE('',#1341,#1344,#760,.T.);
#1635=EDGE_CURVE('',#1343,#1345,#761,.T.);
#1636=EDGE_CURVE('',#1346,#1345,#762,.T.);
#1637=EDGE_CURVE('',#1344,#1346,#763,.T.);
#1638=EDGE_CURVE('',#1345,#1339,#764,.T.);
#1639=EDGE_CURVE('',#1346,#1342,#765,.T.);
#1640=EDGE_CURVE('',#1347,#1348,#766,.T.);
#1641=EDGE_CURVE('',#1348,#1349,#767,.T.);
#1642=EDGE_CURVE('',#1349,#1350,#768,.T.);
#1643=EDGE_CURVE('',#1350,#1347,#769,.T.);
#1644=EDGE_CURVE('',#1349,#1351,#770,.T.);
#1645=EDGE_CURVE('',#1352,#1348,#771,.T.);
#1646=EDGE_CURVE('',#1353,#1352,#772,.T.);
#1647=EDGE_CURVE('',#1354,#1353,#773,.T.);
#1648=EDGE_CURVE('',#1351,#1354,#774,.T.);
#1649=EDGE_CURVE('',#1352,#1355,#775,.T.);
#1650=EDGE_CURVE('',#1355,#1347,#776,.T.);
#1651=EDGE_CURVE('',#1356,#1357,#777,.T.);
#1652=EDGE_CURVE('',#1355,#1356,#778,.T.);
#1653=EDGE_CURVE('',#1358,#1350,#779,.T.);
#1654=EDGE_CURVE('',#1357,#1358,#780,.T.);
#1655=EDGE_CURVE('',#1358,#1351,#781,.T.);
#1656=EDGE_CURVE('',#1357,#1354,#782,.T.);
#1657=EDGE_CURVE('',#1353,#1356,#783,.T.);
#1658=EDGE_CURVE('',#1359,#1360,#784,.T.);
#1659=EDGE_CURVE('',#1361,#1359,#785,.T.);
#1660=EDGE_CURVE('',#1362,#1361,#786,.T.);
#1661=EDGE_CURVE('',#1360,#1362,#787,.T.);
#1662=EDGE_CURVE('',#1363,#1360,#788,.T.);
#1663=EDGE_CURVE('',#1364,#1363,#789,.T.);
#1664=EDGE_CURVE('',#1364,#1359,#790,.T.);
#1665=EDGE_CURVE('',#1362,#1365,#791,.T.);
#1666=EDGE_CURVE('',#1365,#1366,#792,.T.);
#1667=EDGE_CURVE('',#1366,#1367,#793,.T.);
#1668=EDGE_CURVE('',#1367,#1363,#794,.T.);
#1669=EDGE_CURVE('',#1368,#1368,#81,.T.);
#1670=EDGE_CURVE('',#1368,#1369,#795,.T.);
#1671=EDGE_CURVE('',#1369,#1369,#82,.T.);
#1672=EDGE_CURVE('',#1370,#1361,#796,.T.);
#1673=EDGE_CURVE('',#1365,#1370,#797,.T.);
#1674=EDGE_CURVE('',#1371,#1364,#798,.T.);
#1675=EDGE_CURVE('',#1372,#1371,#799,.T.);
#1676=EDGE_CURVE('',#1370,#1372,#800,.T.);
#1677=EDGE_CURVE('',#1366,#1372,#801,.T.);
#1678=EDGE_CURVE('',#1371,#1367,#802,.T.);
#1679=EDGE_CURVE('',#1373,#1374,#803,.T.);
#1680=EDGE_CURVE('',#1375,#1373,#804,.T.);
#1681=EDGE_CURVE('',#1376,#1375,#805,.T.);
#1682=EDGE_CURVE('',#1374,#1376,#806,.T.);
#1683=EDGE_CURVE('',#1377,#1378,#807,.T.);
#1684=EDGE_CURVE('',#1378,#1374,#808,.T.);
#1685=EDGE_CURVE('',#1376,#1377,#809,.T.);
#1686=EDGE_CURVE('',#1379,#1378,#810,.T.);
#1687=EDGE_CURVE('',#1373,#1379,#811,.T.);
#1688=EDGE_CURVE('',#1380,#1379,#812,.T.);
#1689=EDGE_CURVE('',#1375,#1380,#813,.T.);
#1690=EDGE_CURVE('',#1377,#1380,#814,.T.);
#1691=EDGE_CURVE('',#1381,#1381,#83,.T.);
#1692=EDGE_CURVE('',#1381,#1382,#815,.T.);
#1693=EDGE_CURVE('',#1382,#1382,#84,.T.);
#1694=EDGE_CURVE('',#1383,#1383,#85,.T.);
#1695=EDGE_CURVE('',#1384,#1384,#86,.T.);
#1696=EDGE_CURVE('',#1384,#1385,#816,.T.);
#1697=EDGE_CURVE('',#1385,#1385,#87,.T.);
#1698=EDGE_CURVE('',#1383,#1386,#817,.T.);
#1699=EDGE_CURVE('',#1386,#1386,#88,.T.);
#1700=EDGE_CURVE('',#1387,#1388,#818,.T.);
#1701=EDGE_CURVE('',#1389,#1387,#89,.T.);
#1702=EDGE_CURVE('',#1389,#1390,#819,.T.);
#1703=EDGE_CURVE('',#1391,#1390,#820,.T.);
#1704=EDGE_CURVE('',#1392,#1391,#821,.T.);
#1705=EDGE_CURVE('',#1393,#1392,#822,.T.);
#1706=EDGE_CURVE('',#1393,#1388,#823,.T.);
#1707=EDGE_CURVE('',#1394,#1395,#824,.T.);
#1708=EDGE_CURVE('',#1396,#1395,#825,.T.);
#1709=EDGE_CURVE('',#1396,#1397,#826,.T.);
#1710=EDGE_CURVE('',#1397,#1398,#827,.T.);
#1711=EDGE_CURVE('',#1398,#1399,#828,.T.);
#1712=EDGE_CURVE('',#1400,#1399,#829,.T.);
#1713=EDGE_CURVE('',#1400,#1394,#90,.T.);
#1714=EDGE_CURVE('',#1400,#1389,#830,.T.);
#1715=EDGE_CURVE('',#1394,#1387,#831,.T.);
#1716=EDGE_CURVE('',#1399,#1390,#832,.T.);
#1717=EDGE_CURVE('',#1395,#1388,#833,.T.);
#1718=EDGE_CURVE('',#1396,#1393,#834,.T.);
#1719=EDGE_CURVE('',#1398,#1391,#835,.T.);
#1720=EDGE_CURVE('',#1392,#1397,#836,.T.);
#1721=EDGE_CURVE('',#1401,#1402,#837,.T.);
#1722=EDGE_CURVE('',#1402,#1403,#838,.T.);
#1723=EDGE_CURVE('',#1404,#1403,#839,.T.);
#1724=EDGE_CURVE('',#1404,#1405,#840,.T.);
#1725=EDGE_CURVE('',#1405,#1406,#841,.T.);
#1726=EDGE_CURVE('',#1406,#1401,#842,.T.);
#1727=EDGE_CURVE('',#1405,#1407,#843,.T.);
#1728=EDGE_CURVE('',#1408,#1407,#844,.T.);
#1729=EDGE_CURVE('',#1406,#1408,#845,.T.);
#1730=EDGE_CURVE('',#1409,#1409,#91,.T.);
#1731=EDGE_CURVE('',#1410,#1410,#92,.T.);
#1732=EDGE_CURVE('',#1411,#1411,#93,.T.);
#1733=EDGE_CURVE('',#1412,#1413,#94,.T.);
#1734=EDGE_CURVE('',#1414,#1412,#95,.T.);
#1735=EDGE_CURVE('',#1413,#1414,#96,.T.);
#1736=EDGE_CURVE('',#1413,#1409,#846,.T.);
#1737=EDGE_CURVE('',#1415,#1416,#11,.T.);
#1738=EDGE_CURVE('',#1417,#1415,#97,.T.);
#1739=EDGE_CURVE('',#1418,#1417,#12,.T.);
#1740=EDGE_CURVE('',#1416,#1418,#98,.T.);
#1741=EDGE_CURVE('',#1419,#1416,#847,.T.);
#1742=EDGE_CURVE('',#1418,#1420,#848,.T.);
#1743=EDGE_CURVE('',#1420,#1421,#849,.T.);
#1744=EDGE_CURVE('',#1419,#1421,#850,.T.);
#1745=EDGE_CURVE('',#1422,#1423,#13,.T.);
#1746=EDGE_CURVE('',#1421,#1422,#851,.T.);
#1747=EDGE_CURVE('',#1423,#1420,#852,.T.);
#1748=EDGE_CURVE('',#1411,#1424,#853,.T.);
#1749=EDGE_CURVE('',#1424,#1424,#99,.T.);
#1750=EDGE_CURVE('',#1425,#1425,#100,.T.);
#1751=EDGE_CURVE('',#1425,#1410,#854,.T.);
#1752=EDGE_CURVE('',#1426,#1402,#855,.T.);
#1753=EDGE_CURVE('',#1426,#1427,#856,.T.);
#1754=EDGE_CURVE('',#1403,#1427,#857,.T.);
#1755=EDGE_CURVE('',#1426,#1428,#858,.T.);
#1756=EDGE_CURVE('',#1415,#1428,#859,.T.);
#1757=EDGE_CURVE('',#1427,#1419,#860,.T.);
#1758=EDGE_CURVE('',#1412,#1414,#861,.T.);
#1759=EDGE_CURVE('',#1428,#1412,#862,.T.);
#1760=EDGE_CURVE('',#1414,#1429,#863,.T.);
#1761=EDGE_CURVE('',#1429,#1417,#864,.T.);
#1762=EDGE_CURVE('',#1429,#1430,#865,.T.);
#1763=EDGE_CURVE('',#1430,#1423,#866,.T.);
#1764=EDGE_CURVE('',#1431,#1432,#867,.T.);
#1765=EDGE_CURVE('',#1422,#1432,#101,.T.);
#1766=EDGE_CURVE('',#1430,#1431,#102,.T.);
#1767=EDGE_CURVE('',#1433,#1434,#868,.T.);
#1768=EDGE_CURVE('',#1432,#1434,#869,.T.);
#1769=EDGE_CURVE('',#1431,#1433,#870,.T.);
#1770=EDGE_CURVE('',#1435,#1436,#871,.T.);
#1771=EDGE_CURVE('',#1434,#1436,#103,.T.);
#1772=EDGE_CURVE('',#1435,#1433,#104,.T.);
#1773=EDGE_CURVE('',#1437,#1438,#872,.T.);
#1774=EDGE_CURVE('',#1436,#1438,#105,.T.);
#1775=EDGE_CURVE('',#1437,#1435,#106,.T.);
#1776=EDGE_CURVE('',#1438,#1404,#873,.T.);
#1777=EDGE_CURVE('',#1401,#1439,#874,.T.);
#1778=EDGE_CURVE('',#1440,#1439,#875,.T.);
#1779=EDGE_CURVE('',#1440,#1437,#876,.T.);
#1780=EDGE_CURVE('',#1439,#1408,#877,.T.);
#1781=EDGE_CURVE('',#1407,#1440,#878,.T.);
#1782=EDGE_CURVE('',#1441,#1441,#107,.T.);
#1783=EDGE_CURVE('',#1441,#1442,#879,.T.);
#1784=EDGE_CURVE('',#1442,#1442,#108,.T.);
#1785=EDGE_CURVE('',#1443,#1443,#109,.T.);
#1786=EDGE_CURVE('',#1443,#1444,#880,.T.);
#1787=EDGE_CURVE('',#1444,#1444,#110,.T.);
#1788=EDGE_CURVE('',#1445,#1445,#111,.T.);
#1789=EDGE_CURVE('',#1445,#1446,#881,.T.);
#1790=EDGE_CURVE('',#1446,#1446,#112,.T.);
#1791=EDGE_CURVE('',#1447,#1447,#113,.T.);
#1792=EDGE_CURVE('',#1447,#1448,#882,.T.);
#1793=EDGE_CURVE('',#1448,#1448,#114,.T.);
#1794=EDGE_CURVE('',#1449,#1449,#115,.T.);
#1795=EDGE_CURVE('',#1450,#1450,#116,.T.);
#1796=EDGE_CURVE('',#1451,#1451,#117,.T.);
#1797=EDGE_CURVE('',#1451,#1452,#883,.T.);
#1798=EDGE_CURVE('',#1452,#1452,#118,.T.);
#1799=EDGE_CURVE('',#1453,#1453,#119,.T.);
#1800=EDGE_CURVE('',#1453,#1454,#884,.T.);
#1801=EDGE_CURVE('',#1454,#1454,#120,.T.);
#1802=EDGE_CURVE('',#1455,#1455,#121,.T.);
#1803=EDGE_CURVE('',#1455,#1456,#885,.T.);
#1804=EDGE_CURVE('',#1456,#1456,#122,.T.);
#1805=EDGE_CURVE('',#1457,#1457,#123,.T.);
#1806=EDGE_CURVE('',#1457,#1458,#886,.T.);
#1807=EDGE_CURVE('',#1458,#1458,#124,.T.);
#1808=EDGE_CURVE('',#1459,#1459,#125,.T.);
#1809=EDGE_CURVE('',#1460,#1460,#126,.T.);
#1810=EDGE_CURVE('',#1461,#1461,#127,.T.);
#1811=EDGE_CURVE('',#1462,#1462,#128,.T.);
#1812=EDGE_CURVE('',#1463,#1463,#129,.T.);
#1813=EDGE_CURVE('',#1464,#1464,#130,.T.);
#1814=EDGE_CURVE('',#1465,#1465,#131,.T.);
#1815=EDGE_CURVE('',#1466,#1466,#132,.T.);
#1816=EDGE_CURVE('',#1467,#1467,#133,.T.);
#1817=EDGE_CURVE('',#1468,#1468,#134,.T.);
#1818=EDGE_CURVE('',#1459,#1469,#887,.T.);
#1819=EDGE_CURVE('',#1469,#1469,#135,.T.);
#1820=EDGE_CURVE('',#1460,#1470,#888,.T.);
#1821=EDGE_CURVE('',#1470,#1470,#136,.T.);
#1822=EDGE_CURVE('',#1461,#1471,#889,.T.);
#1823=EDGE_CURVE('',#1471,#1471,#137,.T.);
#1824=EDGE_CURVE('',#1462,#1472,#890,.T.);
#1825=EDGE_CURVE('',#1472,#1472,#138,.T.);
#1826=EDGE_CURVE('',#1463,#1473,#891,.T.);
#1827=EDGE_CURVE('',#1473,#1473,#139,.T.);
#1828=EDGE_CURVE('',#1464,#1474,#892,.T.);
#1829=EDGE_CURVE('',#1474,#1474,#140,.T.);
#1830=EDGE_CURVE('',#1465,#1475,#893,.T.);
#1831=EDGE_CURVE('',#1475,#1475,#141,.T.);
#1832=EDGE_CURVE('',#1466,#1476,#894,.T.);
#1833=EDGE_CURVE('',#1476,#1476,#142,.T.);
#1834=EDGE_CURVE('',#1467,#1477,#895,.T.);
#1835=EDGE_CURVE('',#1477,#1477,#143,.T.);
#1836=EDGE_CURVE('',#1468,#1478,#896,.T.);
#1837=EDGE_CURVE('',#1478,#1478,#144,.T.);
#1838=EDGE_CURVE('',#1479,#1479,#145,.T.);
#1839=EDGE_CURVE('',#1480,#1480,#146,.T.);
#1840=EDGE_CURVE('',#1479,#1449,#897,.T.);
#1841=EDGE_CURVE('',#1480,#1450,#898,.T.);
#1842=EDGE_CURVE('',#1481,#1482,#899,.T.);
#1843=EDGE_CURVE('',#1483,#1481,#900,.T.);
#1844=EDGE_CURVE('',#1483,#1484,#901,.T.);
#1845=EDGE_CURVE('',#1484,#1485,#902,.T.);
#1846=EDGE_CURVE('',#1485,#1486,#903,.T.);
#1847=EDGE_CURVE('',#1487,#1486,#904,.T.);
#1848=EDGE_CURVE('',#1487,#1488,#905,.T.);
#1849=EDGE_CURVE('',#1482,#1488,#906,.T.);
#1850=EDGE_CURVE('',#1489,#1490,#907,.T.);
#1851=EDGE_CURVE('',#1490,#1491,#908,.T.);
#1852=EDGE_CURVE('',#1491,#1492,#909,.T.);
#1853=EDGE_CURVE('',#1492,#1489,#910,.T.);
#1854=EDGE_CURVE('',#1486,#1493,#911,.T.);
#1855=EDGE_CURVE('',#1493,#1494,#912,.T.);
#1856=EDGE_CURVE('',#1494,#1487,#913,.T.);
#1857=EDGE_CURVE('',#1495,#1496,#914,.T.);
#1858=EDGE_CURVE('',#1485,#1496,#915,.T.);
#1859=EDGE_CURVE('',#1484,#1495,#916,.T.);
#1860=EDGE_CURVE('',#1496,#1490,#917,.T.);
#1861=EDGE_CURVE('',#1489,#1497,#918,.T.);
#1862=EDGE_CURVE('',#1498,#1497,#919,.T.);
#1863=EDGE_CURVE('',#1493,#1498,#920,.T.);
#1864=EDGE_CURVE('',#1499,#1483,#921,.T.);
#1865=EDGE_CURVE('',#1481,#1500,#922,.T.);
#1866=EDGE_CURVE('',#1500,#1499,#923,.T.);
#1867=EDGE_CURVE('',#1491,#1495,#924,.T.);
#1868=EDGE_CURVE('',#1501,#1499,#925,.T.);
#1869=EDGE_CURVE('',#1501,#1502,#926,.T.);
#1870=EDGE_CURVE('',#1502,#1492,#927,.T.);
#1871=EDGE_CURVE('',#1497,#1502,#928,.T.);
#1872=EDGE_CURVE('',#1498,#1501,#929,.T.);
#1873=EDGE_CURVE('',#1488,#1503,#930,.T.);
#1874=EDGE_CURVE('',#1503,#1504,#931,.T.);
#1875=EDGE_CURVE('',#1504,#1482,#932,.T.);
#1876=EDGE_CURVE('',#1505,#1505,#147,.F.);
#1877=EDGE_CURVE('',#1505,#1506,#933,.T.);
#1878=EDGE_CURVE('',#1506,#1506,#148,.T.);
#1879=EDGE_CURVE('',#1500,#1504,#934,.T.);
#1880=EDGE_CURVE('',#1503,#1494,#935,.T.);
#1881=EDGE_CURVE('',#1507,#1508,#936,.T.);
#1882=EDGE_CURVE('',#1508,#1509,#937,.T.);
#1883=EDGE_CURVE('',#1510,#1509,#938,.T.);
#1884=EDGE_CURVE('',#1507,#1510,#939,.T.);
#1885=EDGE_CURVE('',#1511,#1507,#940,.T.);
#1886=EDGE_CURVE('',#1512,#1510,#941,.T.);
#1887=EDGE_CURVE('',#1511,#1512,#942,.T.);
#1888=EDGE_CURVE('',#1513,#1511,#943,.T.);
#1889=EDGE_CURVE('',#1514,#1512,#944,.T.);
#1890=EDGE_CURVE('',#1513,#1514,#945,.T.);
#1891=EDGE_CURVE('',#1508,#1513,#946,.T.);
#1892=EDGE_CURVE('',#1509,#1514,#947,.T.);
#1893=EDGE_CURVE('',#1515,#1516,#948,.T.);
#1894=EDGE_CURVE('',#1515,#1517,#949,.T.);
#1895=EDGE_CURVE('',#1518,#1517,#950,.T.);
#1896=EDGE_CURVE('',#1516,#1518,#951,.T.);
#1897=EDGE_CURVE('',#1516,#1519,#952,.T.);
#1898=EDGE_CURVE('',#1520,#1518,#953,.T.);
#1899=EDGE_CURVE('',#1519,#1520,#954,.T.);
#1900=EDGE_CURVE('',#1521,#1519,#955,.T.);
#1901=EDGE_CURVE('',#1522,#1520,#956,.T.);
#1902=EDGE_CURVE('',#1521,#1522,#957,.T.);
#1903=EDGE_CURVE('',#1521,#1515,#958,.T.);
#1904=EDGE_CURVE('',#1517,#1522,#959,.T.);
#1905=ORIENTED_EDGE('',*,*,#1523,.F.);
#1906=ORIENTED_EDGE('',*,*,#1524,.F.);
#1907=ORIENTED_EDGE('',*,*,#1525,.T.);
#1908=ORIENTED_EDGE('',*,*,#1526,.T.);
#1909=ORIENTED_EDGE('',*,*,#1527,.F.);
#1910=ORIENTED_EDGE('',*,*,#1528,.F.);
#1911=ORIENTED_EDGE('',*,*,#1529,.T.);
#1912=ORIENTED_EDGE('',*,*,#1524,.T.);
#1913=ORIENTED_EDGE('',*,*,#1530,.F.);
#1914=ORIENTED_EDGE('',*,*,#1531,.F.);
#1915=ORIENTED_EDGE('',*,*,#1532,.T.);
#1916=ORIENTED_EDGE('',*,*,#1528,.T.);
#1917=ORIENTED_EDGE('',*,*,#1533,.F.);
#1918=ORIENTED_EDGE('',*,*,#1526,.F.);
#1919=ORIENTED_EDGE('',*,*,#1534,.T.);
#1920=ORIENTED_EDGE('',*,*,#1531,.T.);
#1921=ORIENTED_EDGE('',*,*,#1525,.F.);
#1922=ORIENTED_EDGE('',*,*,#1529,.F.);
#1923=ORIENTED_EDGE('',*,*,#1532,.F.);
#1924=ORIENTED_EDGE('',*,*,#1534,.F.);
#1925=ORIENTED_EDGE('',*,*,#1527,.T.);
#1926=ORIENTED_EDGE('',*,*,#1523,.T.);
#1927=ORIENTED_EDGE('',*,*,#1533,.T.);
#1928=ORIENTED_EDGE('',*,*,#1530,.T.);
#1929=ORIENTED_EDGE('',*,*,#1535,.F.);
#1930=ORIENTED_EDGE('',*,*,#1536,.F.);
#1931=ORIENTED_EDGE('',*,*,#1537,.T.);
#1932=ORIENTED_EDGE('',*,*,#1538,.T.);
#1933=ORIENTED_EDGE('',*,*,#1539,.F.);
#1934=ORIENTED_EDGE('',*,*,#1540,.F.);
#1935=ORIENTED_EDGE('',*,*,#1541,.T.);
#1936=ORIENTED_EDGE('',*,*,#1536,.T.);
#1937=ORIENTED_EDGE('',*,*,#1542,.F.);
#1938=ORIENTED_EDGE('',*,*,#1543,.F.);
#1939=ORIENTED_EDGE('',*,*,#1544,.T.);
#1940=ORIENTED_EDGE('',*,*,#1540,.T.);
#1941=ORIENTED_EDGE('',*,*,#1545,.F.);
#1942=ORIENTED_EDGE('',*,*,#1538,.F.);
#1943=ORIENTED_EDGE('',*,*,#1546,.T.);
#1944=ORIENTED_EDGE('',*,*,#1543,.T.);
#1945=ORIENTED_EDGE('',*,*,#1537,.F.);
#1946=ORIENTED_EDGE('',*,*,#1541,.F.);
#1947=ORIENTED_EDGE('',*,*,#1544,.F.);
#1948=ORIENTED_EDGE('',*,*,#1546,.F.);
#1949=ORIENTED_EDGE('',*,*,#1539,.T.);
#1950=ORIENTED_EDGE('',*,*,#1535,.T.);
#1951=ORIENTED_EDGE('',*,*,#1545,.T.);
#1952=ORIENTED_EDGE('',*,*,#1542,.T.);
#1953=ORIENTED_EDGE('',*,*,#1547,.F.);
#1954=ORIENTED_EDGE('',*,*,#1548,.F.);
#1955=ORIENTED_EDGE('',*,*,#1549,.F.);
#1956=ORIENTED_EDGE('',*,*,#1550,.F.);
#1957=ORIENTED_EDGE('',*,*,#1550,.T.);
#1958=ORIENTED_EDGE('',*,*,#1551,.F.);
#1959=ORIENTED_EDGE('',*,*,#1552,.F.);
#1960=ORIENTED_EDGE('',*,*,#1553,.F.);
#1961=ORIENTED_EDGE('',*,*,#1547,.T.);
#1962=ORIENTED_EDGE('',*,*,#1553,.T.);
#1963=ORIENTED_EDGE('',*,*,#1554,.F.);
#1964=ORIENTED_EDGE('',*,*,#1555,.F.);
#1965=ORIENTED_EDGE('',*,*,#1548,.T.);
#1966=ORIENTED_EDGE('',*,*,#1555,.T.);
#1967=ORIENTED_EDGE('',*,*,#1556,.F.);
#1968=ORIENTED_EDGE('',*,*,#1557,.F.);
#1969=ORIENTED_EDGE('',*,*,#1549,.T.);
#1970=ORIENTED_EDGE('',*,*,#1557,.T.);
#1971=ORIENTED_EDGE('',*,*,#1558,.F.);
#1972=ORIENTED_EDGE('',*,*,#1551,.T.);
#1973=ORIENTED_EDGE('',*,*,#1558,.T.);
#1974=ORIENTED_EDGE('',*,*,#1556,.T.);
#1975=ORIENTED_EDGE('',*,*,#1554,.T.);
#1976=ORIENTED_EDGE('',*,*,#1552,.T.);
#1977=ORIENTED_EDGE('',*,*,#1559,.F.);
#1978=ORIENTED_EDGE('',*,*,#1560,.T.);
#1979=ORIENTED_EDGE('',*,*,#1561,.F.);
#1980=ORIENTED_EDGE('',*,*,#1562,.F.);
#1981=ORIENTED_EDGE('',*,*,#1563,.F.);
#1982=ORIENTED_EDGE('',*,*,#1564,.T.);
#1983=ORIENTED_EDGE('',*,*,#1565,.F.);
#1984=ORIENTED_EDGE('',*,*,#1566,.F.);
#1985=ORIENTED_EDGE('',*,*,#1567,.F.);
#1986=ORIENTED_EDGE('',*,*,#1566,.T.);
#1987=ORIENTED_EDGE('',*,*,#1568,.F.);
#1988=ORIENTED_EDGE('',*,*,#1560,.F.);
#1989=ORIENTED_EDGE('',*,*,#1568,.T.);
#1990=ORIENTED_EDGE('',*,*,#1565,.T.);
#1991=ORIENTED_EDGE('',*,*,#1569,.T.);
#1992=ORIENTED_EDGE('',*,*,#1561,.T.);
#1993=ORIENTED_EDGE('',*,*,#1563,.T.);
#1994=ORIENTED_EDGE('',*,*,#1567,.T.);
#1995=ORIENTED_EDGE('',*,*,#1559,.T.);
#1996=ORIENTED_EDGE('',*,*,#1570,.T.);
#1997=ORIENTED_EDGE('',*,*,#1571,.T.);
#1998=ORIENTED_EDGE('',*,*,#1572,.T.);
#1999=ORIENTED_EDGE('',*,*,#1573,.T.);
#2000=ORIENTED_EDGE('',*,*,#1574,.T.);
#2001=ORIENTED_EDGE('',*,*,#1575,.T.);
#2002=ORIENTED_EDGE('',*,*,#1576,.T.);
#2003=ORIENTED_EDGE('',*,*,#1577,.T.);
#2004=ORIENTED_EDGE('',*,*,#1578,.T.);
#2005=ORIENTED_EDGE('',*,*,#1579,.T.);
#2006=ORIENTED_EDGE('',*,*,#1580,.T.);
#2007=ORIENTED_EDGE('',*,*,#1581,.T.);
#2008=ORIENTED_EDGE('',*,*,#1582,.T.);
#2009=ORIENTED_EDGE('',*,*,#1583,.T.);
#2010=ORIENTED_EDGE('',*,*,#1584,.T.);
#2011=ORIENTED_EDGE('',*,*,#1585,.T.);
#2012=ORIENTED_EDGE('',*,*,#1586,.T.);
#2013=ORIENTED_EDGE('',*,*,#1587,.T.);
#2014=ORIENTED_EDGE('',*,*,#1588,.T.);
#2015=ORIENTED_EDGE('',*,*,#1589,.T.);
#2016=ORIENTED_EDGE('',*,*,#1590,.F.);
#2017=ORIENTED_EDGE('',*,*,#1591,.F.);
#2018=ORIENTED_EDGE('',*,*,#1592,.T.);
#2019=ORIENTED_EDGE('',*,*,#1593,.T.);
#2020=ORIENTED_EDGE('',*,*,#1594,.T.);
#2021=ORIENTED_EDGE('',*,*,#1595,.F.);
#2022=ORIENTED_EDGE('',*,*,#1589,.F.);
#2023=ORIENTED_EDGE('',*,*,#1596,.T.);
#2024=ORIENTED_EDGE('',*,*,#1574,.F.);
#2025=ORIENTED_EDGE('',*,*,#1597,.F.);
#2026=ORIENTED_EDGE('',*,*,#1598,.F.);
#2027=ORIENTED_EDGE('',*,*,#1599,.F.);
#2028=ORIENTED_EDGE('',*,*,#1596,.F.);
#2029=ORIENTED_EDGE('',*,*,#1588,.F.);
#2030=ORIENTED_EDGE('',*,*,#1600,.T.);
#2031=ORIENTED_EDGE('',*,*,#1575,.F.);
#2032=ORIENTED_EDGE('',*,*,#1598,.T.);
#2033=ORIENTED_EDGE('',*,*,#1601,.T.);
#2034=ORIENTED_EDGE('',*,*,#1602,.F.);
#2035=ORIENTED_EDGE('',*,*,#1594,.F.);
#2036=ORIENTED_EDGE('',*,*,#1603,.F.);
#2037=ORIENTED_EDGE('',*,*,#1591,.T.);
#2038=ORIENTED_EDGE('',*,*,#1604,.F.);
#2039=ORIENTED_EDGE('',*,*,#1601,.F.);
#2040=ORIENTED_EDGE('',*,*,#1597,.T.);
#2041=ORIENTED_EDGE('',*,*,#1573,.F.);
#2042=ORIENTED_EDGE('',*,*,#1595,.T.);
#2043=ORIENTED_EDGE('',*,*,#1602,.T.);
#2044=ORIENTED_EDGE('',*,*,#1604,.T.);
#2045=ORIENTED_EDGE('',*,*,#1590,.T.);
#2046=ORIENTED_EDGE('',*,*,#1605,.F.);
#2047=ORIENTED_EDGE('',*,*,#1606,.F.);
#2048=ORIENTED_EDGE('',*,*,#1583,.F.);
#2049=ORIENTED_EDGE('',*,*,#1607,.F.);
#2050=ORIENTED_EDGE('',*,*,#1608,.F.);
#2051=ORIENTED_EDGE('',*,*,#1607,.T.);
#2052=ORIENTED_EDGE('',*,*,#1582,.F.);
#2053=ORIENTED_EDGE('',*,*,#1609,.F.);
#2054=ORIENTED_EDGE('',*,*,#1610,.F.);
#2055=ORIENTED_EDGE('',*,*,#1609,.T.);
#2056=ORIENTED_EDGE('',*,*,#1585,.F.);
#2057=ORIENTED_EDGE('',*,*,#1611,.F.);
#2058=ORIENTED_EDGE('',*,*,#1612,.F.);
#2059=ORIENTED_EDGE('',*,*,#1611,.T.);
#2060=ORIENTED_EDGE('',*,*,#1584,.F.);
#2061=ORIENTED_EDGE('',*,*,#1606,.T.);
#2062=ORIENTED_EDGE('',*,*,#1613,.F.);
#2063=ORIENTED_EDGE('',*,*,#1614,.F.);
#2064=ORIENTED_EDGE('',*,*,#1570,.F.);
#2065=ORIENTED_EDGE('',*,*,#1562,.T.);
#2066=ORIENTED_EDGE('',*,*,#1569,.F.);
#2067=ORIENTED_EDGE('',*,*,#1564,.F.);
#2068=ORIENTED_EDGE('',*,*,#1581,.F.);
#2069=ORIENTED_EDGE('',*,*,#1615,.F.);
#2070=ORIENTED_EDGE('',*,*,#1616,.F.);
#2071=ORIENTED_EDGE('',*,*,#1615,.T.);
#2072=ORIENTED_EDGE('',*,*,#1580,.F.);
#2073=ORIENTED_EDGE('',*,*,#1617,.F.);
#2074=ORIENTED_EDGE('',*,*,#1579,.F.);
#2075=ORIENTED_EDGE('',*,*,#1618,.F.);
#2076=ORIENTED_EDGE('',*,*,#1619,.F.);
#2077=ORIENTED_EDGE('',*,*,#1617,.T.);
#2078=ORIENTED_EDGE('',*,*,#1578,.F.);
#2079=ORIENTED_EDGE('',*,*,#1620,.F.);
#2080=ORIENTED_EDGE('',*,*,#1621,.F.);
#2081=ORIENTED_EDGE('',*,*,#1618,.T.);
#2082=ORIENTED_EDGE('',*,*,#1577,.F.);
#2083=ORIENTED_EDGE('',*,*,#1622,.F.);
#2084=ORIENTED_EDGE('',*,*,#1623,.F.);
#2085=ORIENTED_EDGE('',*,*,#1620,.T.);
#2086=ORIENTED_EDGE('',*,*,#1593,.F.);
#2087=ORIENTED_EDGE('',*,*,#1624,.F.);
#2088=ORIENTED_EDGE('',*,*,#1622,.T.);
#2089=ORIENTED_EDGE('',*,*,#1576,.F.);
#2090=ORIENTED_EDGE('',*,*,#1600,.F.);
#2091=ORIENTED_EDGE('',*,*,#1603,.T.);
#2092=ORIENTED_EDGE('',*,*,#1572,.F.);
#2093=ORIENTED_EDGE('',*,*,#1625,.F.);
#2094=ORIENTED_EDGE('',*,*,#1626,.F.);
#2095=ORIENTED_EDGE('',*,*,#1586,.F.);
#2096=ORIENTED_EDGE('',*,*,#1571,.F.);
#2097=ORIENTED_EDGE('',*,*,#1614,.T.);
#2098=ORIENTED_EDGE('',*,*,#1627,.F.);
#2099=ORIENTED_EDGE('',*,*,#1625,.T.);
#2100=ORIENTED_EDGE('',*,*,#1626,.T.);
#2101=ORIENTED_EDGE('',*,*,#1627,.T.);
#2102=ORIENTED_EDGE('',*,*,#1613,.T.);
#2103=ORIENTED_EDGE('',*,*,#1616,.T.);
#2104=ORIENTED_EDGE('',*,*,#1619,.T.);
#2105=ORIENTED_EDGE('',*,*,#1621,.T.);
#2106=ORIENTED_EDGE('',*,*,#1623,.T.);
#2107=ORIENTED_EDGE('',*,*,#1624,.T.);
#2108=ORIENTED_EDGE('',*,*,#1592,.F.);
#2109=ORIENTED_EDGE('',*,*,#1599,.T.);
#2110=ORIENTED_EDGE('',*,*,#1587,.F.);
#2111=ORIENTED_EDGE('',*,*,#1610,.T.);
#2112=ORIENTED_EDGE('',*,*,#1612,.T.);
#2113=ORIENTED_EDGE('',*,*,#1605,.T.);
#2114=ORIENTED_EDGE('',*,*,#1608,.T.);
#2115=ORIENTED_EDGE('',*,*,#1628,.T.);
#2116=ORIENTED_EDGE('',*,*,#1629,.F.);
#2117=ORIENTED_EDGE('',*,*,#1630,.F.);
#2118=ORIENTED_EDGE('',*,*,#1631,.T.);
#2119=ORIENTED_EDGE('',*,*,#1632,.T.);
#2120=ORIENTED_EDGE('',*,*,#1633,.F.);
#2121=ORIENTED_EDGE('',*,*,#1634,.F.);
#2122=ORIENTED_EDGE('',*,*,#1629,.T.);
#2123=ORIENTED_EDGE('',*,*,#1635,.T.);
#2124=ORIENTED_EDGE('',*,*,#1636,.F.);
#2125=ORIENTED_EDGE('',*,*,#1637,.F.);
#2126=ORIENTED_EDGE('',*,*,#1633,.T.);
#2127=ORIENTED_EDGE('',*,*,#1638,.T.);
#2128=ORIENTED_EDGE('',*,*,#1631,.F.);
#2129=ORIENTED_EDGE('',*,*,#1639,.F.);
#2130=ORIENTED_EDGE('',*,*,#1636,.T.);
#2131=ORIENTED_EDGE('',*,*,#1634,.T.);
#2132=ORIENTED_EDGE('',*,*,#1637,.T.);
#2133=ORIENTED_EDGE('',*,*,#1639,.T.);
#2134=ORIENTED_EDGE('',*,*,#1630,.T.);
#2135=ORIENTED_EDGE('',*,*,#1635,.F.);
#2136=ORIENTED_EDGE('',*,*,#1632,.F.);
#2137=ORIENTED_EDGE('',*,*,#1628,.F.);
#2138=ORIENTED_EDGE('',*,*,#1638,.F.);
#2139=ORIENTED_EDGE('',*,*,#1640,.T.);
#2140=ORIENTED_EDGE('',*,*,#1641,.T.);
#2141=ORIENTED_EDGE('',*,*,#1642,.T.);
#2142=ORIENTED_EDGE('',*,*,#1643,.T.);
#2143=ORIENTED_EDGE('',*,*,#1644,.F.);
#2144=ORIENTED_EDGE('',*,*,#1641,.F.);
#2145=ORIENTED_EDGE('',*,*,#1645,.F.);
#2146=ORIENTED_EDGE('',*,*,#1646,.F.);
#2147=ORIENTED_EDGE('',*,*,#1647,.F.);
#2148=ORIENTED_EDGE('',*,*,#1648,.F.);
#2149=ORIENTED_EDGE('',*,*,#1649,.F.);
#2150=ORIENTED_EDGE('',*,*,#1645,.T.);
#2151=ORIENTED_EDGE('',*,*,#1640,.F.);
#2152=ORIENTED_EDGE('',*,*,#1650,.F.);
#2153=ORIENTED_EDGE('',*,*,#1651,.F.);
#2154=ORIENTED_EDGE('',*,*,#1652,.F.);
#2155=ORIENTED_EDGE('',*,*,#1650,.T.);
#2156=ORIENTED_EDGE('',*,*,#1643,.F.);
#2157=ORIENTED_EDGE('',*,*,#1653,.F.);
#2158=ORIENTED_EDGE('',*,*,#1654,.F.);
#2159=ORIENTED_EDGE('',*,*,#1653,.T.);
#2160=ORIENTED_EDGE('',*,*,#1642,.F.);
#2161=ORIENTED_EDGE('',*,*,#1644,.T.);
#2162=ORIENTED_EDGE('',*,*,#1655,.F.);
#2163=ORIENTED_EDGE('',*,*,#1648,.T.);
#2164=ORIENTED_EDGE('',*,*,#1656,.F.);
#2165=ORIENTED_EDGE('',*,*,#1654,.T.);
#2166=ORIENTED_EDGE('',*,*,#1655,.T.);
#2167=ORIENTED_EDGE('',*,*,#1646,.T.);
#2168=ORIENTED_EDGE('',*,*,#1649,.T.);
#2169=ORIENTED_EDGE('',*,*,#1652,.T.);
#2170=ORIENTED_EDGE('',*,*,#1657,.F.);
#2171=ORIENTED_EDGE('',*,*,#1647,.T.);
#2172=ORIENTED_EDGE('',*,*,#1657,.T.);
#2173=ORIENTED_EDGE('',*,*,#1651,.T.);
#2174=ORIENTED_EDGE('',*,*,#1656,.T.);
#2175=ORIENTED_EDGE('',*,*,#1658,.F.);
#2176=ORIENTED_EDGE('',*,*,#1659,.F.);
#2177=ORIENTED_EDGE('',*,*,#1660,.F.);
#2178=ORIENTED_EDGE('',*,*,#1661,.F.);
#2179=ORIENTED_EDGE('',*,*,#1658,.T.);
#2180=ORIENTED_EDGE('',*,*,#1662,.F.);
#2181=ORIENTED_EDGE('',*,*,#1663,.F.);
#2182=ORIENTED_EDGE('',*,*,#1664,.T.);
#2183=ORIENTED_EDGE('',*,*,#1661,.T.);
#2184=ORIENTED_EDGE('',*,*,#1665,.T.);
#2185=ORIENTED_EDGE('',*,*,#1666,.T.);
#2186=ORIENTED_EDGE('',*,*,#1667,.T.);
#2187=ORIENTED_EDGE('',*,*,#1668,.T.);
#2188=ORIENTED_EDGE('',*,*,#1662,.T.);
#2189=ORIENTED_EDGE('',*,*,#1669,.F.);
#2190=ORIENTED_EDGE('',*,*,#1670,.T.);
#2191=ORIENTED_EDGE('',*,*,#1671,.T.);
#2192=ORIENTED_EDGE('',*,*,#1670,.F.);
#2193=ORIENTED_EDGE('',*,*,#1660,.T.);
#2194=ORIENTED_EDGE('',*,*,#1672,.F.);
#2195=ORIENTED_EDGE('',*,*,#1673,.F.);
#2196=ORIENTED_EDGE('',*,*,#1665,.F.);
#2197=ORIENTED_EDGE('',*,*,#1671,.F.);
#2198=ORIENTED_EDGE('',*,*,#1659,.T.);
#2199=ORIENTED_EDGE('',*,*,#1664,.F.);
#2200=ORIENTED_EDGE('',*,*,#1674,.F.);
#2201=ORIENTED_EDGE('',*,*,#1675,.F.);
#2202=ORIENTED_EDGE('',*,*,#1676,.F.);
#2203=ORIENTED_EDGE('',*,*,#1672,.T.);
#2204=ORIENTED_EDGE('',*,*,#1673,.T.);
#2205=ORIENTED_EDGE('',*,*,#1676,.T.);
#2206=ORIENTED_EDGE('',*,*,#1677,.F.);
#2207=ORIENTED_EDGE('',*,*,#1666,.F.);
#2208=ORIENTED_EDGE('',*,*,#1678,.F.);
#2209=ORIENTED_EDGE('',*,*,#1674,.T.);
#2210=ORIENTED_EDGE('',*,*,#1663,.T.);
#2211=ORIENTED_EDGE('',*,*,#1668,.F.);
#2212=ORIENTED_EDGE('',*,*,#1677,.T.);
#2213=ORIENTED_EDGE('',*,*,#1675,.T.);
#2214=ORIENTED_EDGE('',*,*,#1678,.T.);
#2215=ORIENTED_EDGE('',*,*,#1667,.F.);
#2216=ORIENTED_EDGE('',*,*,#1669,.T.);
#2217=ORIENTED_EDGE('',*,*,#1679,.F.);
#2218=ORIENTED_EDGE('',*,*,#1680,.F.);
#2219=ORIENTED_EDGE('',*,*,#1681,.F.);
#2220=ORIENTED_EDGE('',*,*,#1682,.F.);
#2221=ORIENTED_EDGE('',*,*,#1683,.T.);
#2222=ORIENTED_EDGE('',*,*,#1684,.T.);
#2223=ORIENTED_EDGE('',*,*,#1682,.T.);
#2224=ORIENTED_EDGE('',*,*,#1685,.T.);
#2225=ORIENTED_EDGE('',*,*,#1686,.F.);
#2226=ORIENTED_EDGE('',*,*,#1687,.F.);
#2227=ORIENTED_EDGE('',*,*,#1679,.T.);
#2228=ORIENTED_EDGE('',*,*,#1684,.F.);
#2229=ORIENTED_EDGE('',*,*,#1687,.T.);
#2230=ORIENTED_EDGE('',*,*,#1688,.F.);
#2231=ORIENTED_EDGE('',*,*,#1689,.F.);
#2232=ORIENTED_EDGE('',*,*,#1680,.T.);
#2233=ORIENTED_EDGE('',*,*,#1681,.T.);
#2234=ORIENTED_EDGE('',*,*,#1689,.T.);
#2235=ORIENTED_EDGE('',*,*,#1690,.F.);
#2236=ORIENTED_EDGE('',*,*,#1685,.F.);
#2237=ORIENTED_EDGE('',*,*,#1690,.T.);
#2238=ORIENTED_EDGE('',*,*,#1688,.T.);
#2239=ORIENTED_EDGE('',*,*,#1686,.T.);
#2240=ORIENTED_EDGE('',*,*,#1683,.F.);
#2241=ORIENTED_EDGE('',*,*,#1691,.F.);
#2242=ORIENTED_EDGE('',*,*,#1692,.T.);
#2243=ORIENTED_EDGE('',*,*,#1693,.T.);
#2244=ORIENTED_EDGE('',*,*,#1692,.F.);
#2245=ORIENTED_EDGE('',*,*,#1693,.F.);
#2246=ORIENTED_EDGE('',*,*,#1694,.T.);
#2247=ORIENTED_EDGE('',*,*,#1695,.F.);
#2248=ORIENTED_EDGE('',*,*,#1696,.T.);
#2249=ORIENTED_EDGE('',*,*,#1697,.T.);
#2250=ORIENTED_EDGE('',*,*,#1696,.F.);
#2251=ORIENTED_EDGE('',*,*,#1694,.F.);
#2252=ORIENTED_EDGE('',*,*,#1698,.T.);
#2253=ORIENTED_EDGE('',*,*,#1699,.T.);
#2254=ORIENTED_EDGE('',*,*,#1698,.F.);
#2255=ORIENTED_EDGE('',*,*,#1699,.F.);
#2256=ORIENTED_EDGE('',*,*,#1695,.T.);
#2257=ORIENTED_EDGE('',*,*,#1700,.F.);
#2258=ORIENTED_EDGE('',*,*,#1701,.F.);
#2259=ORIENTED_EDGE('',*,*,#1702,.T.);
#2260=ORIENTED_EDGE('',*,*,#1703,.F.);
#2261=ORIENTED_EDGE('',*,*,#1704,.F.);
#2262=ORIENTED_EDGE('',*,*,#1705,.F.);
#2263=ORIENTED_EDGE('',*,*,#1706,.T.);
#2264=ORIENTED_EDGE('',*,*,#1697,.F.);
#2265=ORIENTED_EDGE('',*,*,#1707,.T.);
#2266=ORIENTED_EDGE('',*,*,#1708,.F.);
#2267=ORIENTED_EDGE('',*,*,#1709,.T.);
#2268=ORIENTED_EDGE('',*,*,#1710,.T.);
#2269=ORIENTED_EDGE('',*,*,#1711,.T.);
#2270=ORIENTED_EDGE('',*,*,#1712,.F.);
#2271=ORIENTED_EDGE('',*,*,#1713,.T.);
#2272=ORIENTED_EDGE('',*,*,#1713,.F.);
#2273=ORIENTED_EDGE('',*,*,#1714,.T.);
#2274=ORIENTED_EDGE('',*,*,#1701,.T.);
#2275=ORIENTED_EDGE('',*,*,#1715,.F.);
#2276=ORIENTED_EDGE('',*,*,#1712,.T.);
#2277=ORIENTED_EDGE('',*,*,#1716,.T.);
#2278=ORIENTED_EDGE('',*,*,#1702,.F.);
#2279=ORIENTED_EDGE('',*,*,#1714,.F.);
#2280=ORIENTED_EDGE('',*,*,#1707,.F.);
#2281=ORIENTED_EDGE('',*,*,#1715,.T.);
#2282=ORIENTED_EDGE('',*,*,#1700,.T.);
#2283=ORIENTED_EDGE('',*,*,#1717,.F.);
#2284=ORIENTED_EDGE('',*,*,#1717,.T.);
#2285=ORIENTED_EDGE('',*,*,#1706,.F.);
#2286=ORIENTED_EDGE('',*,*,#1718,.F.);
#2287=ORIENTED_EDGE('',*,*,#1708,.T.);
#2288=ORIENTED_EDGE('',*,*,#1711,.F.);
#2289=ORIENTED_EDGE('',*,*,#1719,.T.);
#2290=ORIENTED_EDGE('',*,*,#1703,.T.);
#2291=ORIENTED_EDGE('',*,*,#1716,.F.);
#2292=ORIENTED_EDGE('',*,*,#1719,.F.);
#2293=ORIENTED_EDGE('',*,*,#1710,.F.);
#2294=ORIENTED_EDGE('',*,*,#1720,.F.);
#2295=ORIENTED_EDGE('',*,*,#1704,.T.);
#2296=ORIENTED_EDGE('',*,*,#1709,.F.);
#2297=ORIENTED_EDGE('',*,*,#1718,.T.);
#2298=ORIENTED_EDGE('',*,*,#1705,.T.);
#2299=ORIENTED_EDGE('',*,*,#1720,.T.);
#2300=ORIENTED_EDGE('',*,*,#1691,.T.);
#2301=ORIENTED_EDGE('',*,*,#1721,.T.);
#2302=ORIENTED_EDGE('',*,*,#1722,.T.);
#2303=ORIENTED_EDGE('',*,*,#1723,.F.);
#2304=ORIENTED_EDGE('',*,*,#1724,.T.);
#2305=ORIENTED_EDGE('',*,*,#1725,.T.);
#2306=ORIENTED_EDGE('',*,*,#1726,.T.);
#2307=ORIENTED_EDGE('',*,*,#1725,.F.);
#2308=ORIENTED_EDGE('',*,*,#1727,.T.);
#2309=ORIENTED_EDGE('',*,*,#1728,.F.);
#2310=ORIENTED_EDGE('',*,*,#1729,.F.);
#2311=ORIENTED_EDGE('',*,*,#1730,.F.);
#2312=ORIENTED_EDGE('',*,*,#1731,.F.);
#2313=ORIENTED_EDGE('',*,*,#1732,.T.);
#2314=ORIENTED_EDGE('',*,*,#1733,.F.);
#2315=ORIENTED_EDGE('',*,*,#1734,.F.);
#2316=ORIENTED_EDGE('',*,*,#1735,.F.);
#2317=ORIENTED_EDGE('',*,*,#1736,.T.);
#2318=ORIENTED_EDGE('',*,*,#1730,.T.);
#2319=ORIENTED_EDGE('',*,*,#1736,.F.);
#2320=ORIENTED_EDGE('',*,*,#1737,.F.);
#2321=ORIENTED_EDGE('',*,*,#1738,.F.);
#2322=ORIENTED_EDGE('',*,*,#1739,.F.);
#2323=ORIENTED_EDGE('',*,*,#1740,.F.);
#2324=ORIENTED_EDGE('',*,*,#1741,.T.);
#2325=ORIENTED_EDGE('',*,*,#1740,.T.);
#2326=ORIENTED_EDGE('',*,*,#1742,.T.);
#2327=ORIENTED_EDGE('',*,*,#1743,.T.);
#2328=ORIENTED_EDGE('',*,*,#1744,.F.);
#2329=ORIENTED_EDGE('',*,*,#1745,.F.);
#2330=ORIENTED_EDGE('',*,*,#1746,.F.);
#2331=ORIENTED_EDGE('',*,*,#1743,.F.);
#2332=ORIENTED_EDGE('',*,*,#1747,.F.);
#2333=ORIENTED_EDGE('',*,*,#1732,.F.);
#2334=ORIENTED_EDGE('',*,*,#1748,.T.);
#2335=ORIENTED_EDGE('',*,*,#1749,.F.);
#2336=ORIENTED_EDGE('',*,*,#1748,.F.);
#2337=ORIENTED_EDGE('',*,*,#1750,.F.);
#2338=ORIENTED_EDGE('',*,*,#1751,.T.);
#2339=ORIENTED_EDGE('',*,*,#1731,.T.);
#2340=ORIENTED_EDGE('',*,*,#1751,.F.);
#2341=ORIENTED_EDGE('',*,*,#1752,.F.);
#2342=ORIENTED_EDGE('',*,*,#1753,.T.);
#2343=ORIENTED_EDGE('',*,*,#1754,.F.);
#2344=ORIENTED_EDGE('',*,*,#1722,.F.);
#2345=ORIENTED_EDGE('',*,*,#1753,.F.);
#2346=ORIENTED_EDGE('',*,*,#1755,.T.);
#2347=ORIENTED_EDGE('',*,*,#1756,.F.);
#2348=ORIENTED_EDGE('',*,*,#1737,.T.);
#2349=ORIENTED_EDGE('',*,*,#1741,.F.);
#2350=ORIENTED_EDGE('',*,*,#1757,.F.);
#2351=ORIENTED_EDGE('',*,*,#1734,.T.);
#2352=ORIENTED_EDGE('',*,*,#1758,.T.);
#2353=ORIENTED_EDGE('',*,*,#1738,.T.);
#2354=ORIENTED_EDGE('',*,*,#1756,.T.);
#2355=ORIENTED_EDGE('',*,*,#1759,.T.);
#2356=ORIENTED_EDGE('',*,*,#1733,.T.);
#2357=ORIENTED_EDGE('',*,*,#1735,.T.);
#2358=ORIENTED_EDGE('',*,*,#1760,.T.);
#2359=ORIENTED_EDGE('',*,*,#1761,.T.);
#2360=ORIENTED_EDGE('',*,*,#1747,.T.);
#2361=ORIENTED_EDGE('',*,*,#1742,.F.);
#2362=ORIENTED_EDGE('',*,*,#1739,.T.);
#2363=ORIENTED_EDGE('',*,*,#1761,.F.);
#2364=ORIENTED_EDGE('',*,*,#1762,.T.);
#2365=ORIENTED_EDGE('',*,*,#1763,.T.);
#2366=ORIENTED_EDGE('',*,*,#1764,.T.);
#2367=ORIENTED_EDGE('',*,*,#1765,.F.);
#2368=ORIENTED_EDGE('',*,*,#1745,.T.);
#2369=ORIENTED_EDGE('',*,*,#1763,.F.);
#2370=ORIENTED_EDGE('',*,*,#1766,.T.);
#2371=ORIENTED_EDGE('',*,*,#1767,.T.);
#2372=ORIENTED_EDGE('',*,*,#1768,.F.);
#2373=ORIENTED_EDGE('',*,*,#1764,.F.);
#2374=ORIENTED_EDGE('',*,*,#1769,.T.);
#2375=ORIENTED_EDGE('',*,*,#1770,.T.);
#2376=ORIENTED_EDGE('',*,*,#1771,.F.);
#2377=ORIENTED_EDGE('',*,*,#1767,.F.);
#2378=ORIENTED_EDGE('',*,*,#1772,.F.);
#2379=ORIENTED_EDGE('',*,*,#1773,.T.);
#2380=ORIENTED_EDGE('',*,*,#1774,.F.);
#2381=ORIENTED_EDGE('',*,*,#1770,.F.);
#2382=ORIENTED_EDGE('',*,*,#1775,.F.);
#2383=ORIENTED_EDGE('',*,*,#1723,.T.);
#2384=ORIENTED_EDGE('',*,*,#1754,.T.);
#2385=ORIENTED_EDGE('',*,*,#1757,.T.);
#2386=ORIENTED_EDGE('',*,*,#1744,.T.);
#2387=ORIENTED_EDGE('',*,*,#1746,.T.);
#2388=ORIENTED_EDGE('',*,*,#1765,.T.);
#2389=ORIENTED_EDGE('',*,*,#1768,.T.);
#2390=ORIENTED_EDGE('',*,*,#1771,.T.);
#2391=ORIENTED_EDGE('',*,*,#1774,.T.);
#2392=ORIENTED_EDGE('',*,*,#1776,.T.);
#2393=ORIENTED_EDGE('',*,*,#1749,.T.);
#2394=ORIENTED_EDGE('',*,*,#1777,.T.);
#2395=ORIENTED_EDGE('',*,*,#1778,.F.);
#2396=ORIENTED_EDGE('',*,*,#1779,.T.);
#2397=ORIENTED_EDGE('',*,*,#1775,.T.);
#2398=ORIENTED_EDGE('',*,*,#1772,.T.);
#2399=ORIENTED_EDGE('',*,*,#1769,.F.);
#2400=ORIENTED_EDGE('',*,*,#1766,.F.);
#2401=ORIENTED_EDGE('',*,*,#1762,.F.);
#2402=ORIENTED_EDGE('',*,*,#1760,.F.);
#2403=ORIENTED_EDGE('',*,*,#1758,.F.);
#2404=ORIENTED_EDGE('',*,*,#1759,.F.);
#2405=ORIENTED_EDGE('',*,*,#1755,.F.);
#2406=ORIENTED_EDGE('',*,*,#1752,.T.);
#2407=ORIENTED_EDGE('',*,*,#1721,.F.);
#2408=ORIENTED_EDGE('',*,*,#1750,.T.);
#2409=ORIENTED_EDGE('',*,*,#1726,.F.);
#2410=ORIENTED_EDGE('',*,*,#1729,.T.);
#2411=ORIENTED_EDGE('',*,*,#1780,.F.);
#2412=ORIENTED_EDGE('',*,*,#1777,.F.);
#2413=ORIENTED_EDGE('',*,*,#1781,.T.);
#2414=ORIENTED_EDGE('',*,*,#1778,.T.);
#2415=ORIENTED_EDGE('',*,*,#1780,.T.);
#2416=ORIENTED_EDGE('',*,*,#1728,.T.);
#2417=ORIENTED_EDGE('',*,*,#1779,.F.);
#2418=ORIENTED_EDGE('',*,*,#1781,.F.);
#2419=ORIENTED_EDGE('',*,*,#1727,.F.);
#2420=ORIENTED_EDGE('',*,*,#1724,.F.);
#2421=ORIENTED_EDGE('',*,*,#1776,.F.);
#2422=ORIENTED_EDGE('',*,*,#1773,.F.);
#2423=ORIENTED_EDGE('',*,*,#1782,.F.);
#2424=ORIENTED_EDGE('',*,*,#1783,.T.);
#2425=ORIENTED_EDGE('',*,*,#1784,.T.);
#2426=ORIENTED_EDGE('',*,*,#1783,.F.);
#2427=ORIENTED_EDGE('',*,*,#1785,.F.);
#2428=ORIENTED_EDGE('',*,*,#1786,.T.);
#2429=ORIENTED_EDGE('',*,*,#1787,.T.);
#2430=ORIENTED_EDGE('',*,*,#1786,.F.);
#2431=ORIENTED_EDGE('',*,*,#1785,.T.);
#2432=ORIENTED_EDGE('',*,*,#1788,.F.);
#2433=ORIENTED_EDGE('',*,*,#1789,.T.);
#2434=ORIENTED_EDGE('',*,*,#1790,.T.);
#2435=ORIENTED_EDGE('',*,*,#1789,.F.);
#2436=ORIENTED_EDGE('',*,*,#1791,.F.);
#2437=ORIENTED_EDGE('',*,*,#1792,.T.);
#2438=ORIENTED_EDGE('',*,*,#1793,.T.);
#2439=ORIENTED_EDGE('',*,*,#1792,.F.);
#2440=ORIENTED_EDGE('',*,*,#1794,.F.);
#2441=ORIENTED_EDGE('',*,*,#1795,.T.);
#2442=ORIENTED_EDGE('',*,*,#1796,.F.);
#2443=ORIENTED_EDGE('',*,*,#1796,.T.);
#2444=ORIENTED_EDGE('',*,*,#1797,.T.);
#2445=ORIENTED_EDGE('',*,*,#1798,.T.);
#2446=ORIENTED_EDGE('',*,*,#1797,.F.);
#2447=ORIENTED_EDGE('',*,*,#1799,.F.);
#2448=ORIENTED_EDGE('',*,*,#1800,.T.);
#2449=ORIENTED_EDGE('',*,*,#1801,.T.);
#2450=ORIENTED_EDGE('',*,*,#1800,.F.);
#2451=ORIENTED_EDGE('',*,*,#1802,.F.);
#2452=ORIENTED_EDGE('',*,*,#1803,.T.);
#2453=ORIENTED_EDGE('',*,*,#1804,.T.);
#2454=ORIENTED_EDGE('',*,*,#1803,.F.);
#2455=ORIENTED_EDGE('',*,*,#1802,.T.);
#2456=ORIENTED_EDGE('',*,*,#1805,.F.);
#2457=ORIENTED_EDGE('',*,*,#1806,.T.);
#2458=ORIENTED_EDGE('',*,*,#1807,.T.);
#2459=ORIENTED_EDGE('',*,*,#1806,.F.);
#2460=ORIENTED_EDGE('',*,*,#1805,.T.);
#2461=ORIENTED_EDGE('',*,*,#1808,.T.);
#2462=ORIENTED_EDGE('',*,*,#1809,.T.);
#2463=ORIENTED_EDGE('',*,*,#1799,.T.);
#2464=ORIENTED_EDGE('',*,*,#1788,.T.);
#2465=ORIENTED_EDGE('',*,*,#1810,.T.);
#2466=ORIENTED_EDGE('',*,*,#1811,.T.);
#2467=ORIENTED_EDGE('',*,*,#1812,.T.);
#2468=ORIENTED_EDGE('',*,*,#1782,.T.);
#2469=ORIENTED_EDGE('',*,*,#1813,.T.);
#2470=ORIENTED_EDGE('',*,*,#1814,.T.);
#2471=ORIENTED_EDGE('',*,*,#1791,.T.);
#2472=ORIENTED_EDGE('',*,*,#1815,.T.);
#2473=ORIENTED_EDGE('',*,*,#1816,.T.);
#2474=ORIENTED_EDGE('',*,*,#1817,.T.);
#2475=ORIENTED_EDGE('',*,*,#1808,.F.);
#2476=ORIENTED_EDGE('',*,*,#1818,.T.);
#2477=ORIENTED_EDGE('',*,*,#1819,.T.);
#2478=ORIENTED_EDGE('',*,*,#1818,.F.);
#2479=ORIENTED_EDGE('',*,*,#1809,.F.);
#2480=ORIENTED_EDGE('',*,*,#1820,.T.);
#2481=ORIENTED_EDGE('',*,*,#1821,.T.);
#2482=ORIENTED_EDGE('',*,*,#1820,.F.);
#2483=ORIENTED_EDGE('',*,*,#1810,.F.);
#2484=ORIENTED_EDGE('',*,*,#1822,.T.);
#2485=ORIENTED_EDGE('',*,*,#1823,.T.);
#2486=ORIENTED_EDGE('',*,*,#1822,.F.);
#2487=ORIENTED_EDGE('',*,*,#1811,.F.);
#2488=ORIENTED_EDGE('',*,*,#1824,.T.);
#2489=ORIENTED_EDGE('',*,*,#1825,.T.);
#2490=ORIENTED_EDGE('',*,*,#1824,.F.);
#2491=ORIENTED_EDGE('',*,*,#1812,.F.);
#2492=ORIENTED_EDGE('',*,*,#1826,.T.);
#2493=ORIENTED_EDGE('',*,*,#1827,.T.);
#2494=ORIENTED_EDGE('',*,*,#1826,.F.);
#2495=ORIENTED_EDGE('',*,*,#1813,.F.);
#2496=ORIENTED_EDGE('',*,*,#1828,.T.);
#2497=ORIENTED_EDGE('',*,*,#1829,.T.);
#2498=ORIENTED_EDGE('',*,*,#1828,.F.);
#2499=ORIENTED_EDGE('',*,*,#1814,.F.);
#2500=ORIENTED_EDGE('',*,*,#1830,.T.);
#2501=ORIENTED_EDGE('',*,*,#1831,.T.);
#2502=ORIENTED_EDGE('',*,*,#1830,.F.);
#2503=ORIENTED_EDGE('',*,*,#1815,.F.);
#2504=ORIENTED_EDGE('',*,*,#1832,.T.);
#2505=ORIENTED_EDGE('',*,*,#1833,.T.);
#2506=ORIENTED_EDGE('',*,*,#1832,.F.);
#2507=ORIENTED_EDGE('',*,*,#1816,.F.);
#2508=ORIENTED_EDGE('',*,*,#1834,.T.);
#2509=ORIENTED_EDGE('',*,*,#1835,.T.);
#2510=ORIENTED_EDGE('',*,*,#1834,.F.);
#2511=ORIENTED_EDGE('',*,*,#1817,.F.);
#2512=ORIENTED_EDGE('',*,*,#1836,.T.);
#2513=ORIENTED_EDGE('',*,*,#1837,.T.);
#2514=ORIENTED_EDGE('',*,*,#1836,.F.);
#2515=ORIENTED_EDGE('',*,*,#1838,.F.);
#2516=ORIENTED_EDGE('',*,*,#1837,.F.);
#2517=ORIENTED_EDGE('',*,*,#1835,.F.);
#2518=ORIENTED_EDGE('',*,*,#1804,.F.);
#2519=ORIENTED_EDGE('',*,*,#1798,.F.);
#2520=ORIENTED_EDGE('',*,*,#1833,.F.);
#2521=ORIENTED_EDGE('',*,*,#1793,.F.);
#2522=ORIENTED_EDGE('',*,*,#1831,.F.);
#2523=ORIENTED_EDGE('',*,*,#1829,.F.);
#2524=ORIENTED_EDGE('',*,*,#1784,.F.);
#2525=ORIENTED_EDGE('',*,*,#1827,.F.);
#2526=ORIENTED_EDGE('',*,*,#1787,.F.);
#2527=ORIENTED_EDGE('',*,*,#1825,.F.);
#2528=ORIENTED_EDGE('',*,*,#1823,.F.);
#2529=ORIENTED_EDGE('',*,*,#1790,.F.);
#2530=ORIENTED_EDGE('',*,*,#1801,.F.);
#2531=ORIENTED_EDGE('',*,*,#1807,.F.);
#2532=ORIENTED_EDGE('',*,*,#1821,.F.);
#2533=ORIENTED_EDGE('',*,*,#1819,.F.);
#2534=ORIENTED_EDGE('',*,*,#1839,.T.);
#2535=ORIENTED_EDGE('',*,*,#1838,.T.);
#2536=ORIENTED_EDGE('',*,*,#1840,.T.);
#2537=ORIENTED_EDGE('',*,*,#1794,.T.);
#2538=ORIENTED_EDGE('',*,*,#1840,.F.);
#2539=ORIENTED_EDGE('',*,*,#1839,.F.);
#2540=ORIENTED_EDGE('',*,*,#1841,.T.);
#2541=ORIENTED_EDGE('',*,*,#1795,.F.);
#2542=ORIENTED_EDGE('',*,*,#1841,.F.);
#2543=ORIENTED_EDGE('',*,*,#1842,.F.);
#2544=ORIENTED_EDGE('',*,*,#1843,.F.);
#2545=ORIENTED_EDGE('',*,*,#1844,.T.);
#2546=ORIENTED_EDGE('',*,*,#1845,.T.);
#2547=ORIENTED_EDGE('',*,*,#1846,.T.);
#2548=ORIENTED_EDGE('',*,*,#1847,.F.);
#2549=ORIENTED_EDGE('',*,*,#1848,.T.);
#2550=ORIENTED_EDGE('',*,*,#1849,.F.);
#2551=ORIENTED_EDGE('',*,*,#1850,.T.);
#2552=ORIENTED_EDGE('',*,*,#1851,.T.);
#2553=ORIENTED_EDGE('',*,*,#1852,.T.);
#2554=ORIENTED_EDGE('',*,*,#1853,.T.);
#2555=ORIENTED_EDGE('',*,*,#1854,.T.);
#2556=ORIENTED_EDGE('',*,*,#1855,.T.);
#2557=ORIENTED_EDGE('',*,*,#1856,.T.);
#2558=ORIENTED_EDGE('',*,*,#1847,.T.);
#2559=ORIENTED_EDGE('',*,*,#1857,.T.);
#2560=ORIENTED_EDGE('',*,*,#1858,.F.);
#2561=ORIENTED_EDGE('',*,*,#1845,.F.);
#2562=ORIENTED_EDGE('',*,*,#1859,.T.);
#2563=ORIENTED_EDGE('',*,*,#1860,.T.);
#2564=ORIENTED_EDGE('',*,*,#1850,.F.);
#2565=ORIENTED_EDGE('',*,*,#1861,.T.);
#2566=ORIENTED_EDGE('',*,*,#1862,.F.);
#2567=ORIENTED_EDGE('',*,*,#1863,.F.);
#2568=ORIENTED_EDGE('',*,*,#1854,.F.);
#2569=ORIENTED_EDGE('',*,*,#1846,.F.);
#2570=ORIENTED_EDGE('',*,*,#1858,.T.);
#2571=ORIENTED_EDGE('',*,*,#1864,.T.);
#2572=ORIENTED_EDGE('',*,*,#1843,.T.);
#2573=ORIENTED_EDGE('',*,*,#1865,.T.);
#2574=ORIENTED_EDGE('',*,*,#1866,.T.);
#2575=ORIENTED_EDGE('',*,*,#1867,.T.);
#2576=ORIENTED_EDGE('',*,*,#1859,.F.);
#2577=ORIENTED_EDGE('',*,*,#1844,.F.);
#2578=ORIENTED_EDGE('',*,*,#1864,.F.);
#2579=ORIENTED_EDGE('',*,*,#1868,.F.);
#2580=ORIENTED_EDGE('',*,*,#1869,.T.);
#2581=ORIENTED_EDGE('',*,*,#1870,.T.);
#2582=ORIENTED_EDGE('',*,*,#1852,.F.);
#2583=ORIENTED_EDGE('',*,*,#1871,.T.);
#2584=ORIENTED_EDGE('',*,*,#1869,.F.);
#2585=ORIENTED_EDGE('',*,*,#1872,.F.);
#2586=ORIENTED_EDGE('',*,*,#1862,.T.);
#2587=ORIENTED_EDGE('',*,*,#1849,.T.);
#2588=ORIENTED_EDGE('',*,*,#1873,.T.);
#2589=ORIENTED_EDGE('',*,*,#1874,.T.);
#2590=ORIENTED_EDGE('',*,*,#1875,.T.);
#2591=ORIENTED_EDGE('',*,*,#1876,.F.);
#2592=ORIENTED_EDGE('',*,*,#1857,.F.);
#2593=ORIENTED_EDGE('',*,*,#1867,.F.);
#2594=ORIENTED_EDGE('',*,*,#1851,.F.);
#2595=ORIENTED_EDGE('',*,*,#1860,.F.);
#2596=ORIENTED_EDGE('',*,*,#1870,.F.);
#2597=ORIENTED_EDGE('',*,*,#1871,.F.);
#2598=ORIENTED_EDGE('',*,*,#1861,.F.);
#2599=ORIENTED_EDGE('',*,*,#1853,.F.);
#2600=ORIENTED_EDGE('',*,*,#1876,.T.);
#2601=ORIENTED_EDGE('',*,*,#1877,.T.);
#2602=ORIENTED_EDGE('',*,*,#1878,.F.);
#2603=ORIENTED_EDGE('',*,*,#1877,.F.);
#2604=ORIENTED_EDGE('',*,*,#1842,.T.);
#2605=ORIENTED_EDGE('',*,*,#1875,.F.);
#2606=ORIENTED_EDGE('',*,*,#1879,.F.);
#2607=ORIENTED_EDGE('',*,*,#1865,.F.);
#2608=ORIENTED_EDGE('',*,*,#1866,.F.);
#2609=ORIENTED_EDGE('',*,*,#1879,.T.);
#2610=ORIENTED_EDGE('',*,*,#1874,.F.);
#2611=ORIENTED_EDGE('',*,*,#1880,.T.);
#2612=ORIENTED_EDGE('',*,*,#1855,.F.);
#2613=ORIENTED_EDGE('',*,*,#1863,.T.);
#2614=ORIENTED_EDGE('',*,*,#1872,.T.);
#2615=ORIENTED_EDGE('',*,*,#1868,.T.);
#2616=ORIENTED_EDGE('',*,*,#1878,.T.);
#2617=ORIENTED_EDGE('',*,*,#1848,.F.);
#2618=ORIENTED_EDGE('',*,*,#1856,.F.);
#2619=ORIENTED_EDGE('',*,*,#1880,.F.);
#2620=ORIENTED_EDGE('',*,*,#1873,.F.);
#2621=ORIENTED_EDGE('',*,*,#1881,.T.);
#2622=ORIENTED_EDGE('',*,*,#1882,.T.);
#2623=ORIENTED_EDGE('',*,*,#1883,.F.);
#2624=ORIENTED_EDGE('',*,*,#1884,.F.);
#2625=ORIENTED_EDGE('',*,*,#1885,.T.);
#2626=ORIENTED_EDGE('',*,*,#1884,.T.);
#2627=ORIENTED_EDGE('',*,*,#1886,.F.);
#2628=ORIENTED_EDGE('',*,*,#1887,.F.);
#2629=ORIENTED_EDGE('',*,*,#1888,.T.);
#2630=ORIENTED_EDGE('',*,*,#1887,.T.);
#2631=ORIENTED_EDGE('',*,*,#1889,.F.);
#2632=ORIENTED_EDGE('',*,*,#1890,.F.);
#2633=ORIENTED_EDGE('',*,*,#1891,.T.);
#2634=ORIENTED_EDGE('',*,*,#1890,.T.);
#2635=ORIENTED_EDGE('',*,*,#1892,.F.);
#2636=ORIENTED_EDGE('',*,*,#1882,.F.);
#2637=ORIENTED_EDGE('',*,*,#1891,.F.);
#2638=ORIENTED_EDGE('',*,*,#1881,.F.);
#2639=ORIENTED_EDGE('',*,*,#1885,.F.);
#2640=ORIENTED_EDGE('',*,*,#1888,.F.);
#2641=ORIENTED_EDGE('',*,*,#1892,.T.);
#2642=ORIENTED_EDGE('',*,*,#1889,.T.);
#2643=ORIENTED_EDGE('',*,*,#1886,.T.);
#2644=ORIENTED_EDGE('',*,*,#1883,.T.);
#2645=ORIENTED_EDGE('',*,*,#1893,.F.);
#2646=ORIENTED_EDGE('',*,*,#1894,.T.);
#2647=ORIENTED_EDGE('',*,*,#1895,.F.);
#2648=ORIENTED_EDGE('',*,*,#1896,.F.);
#2649=ORIENTED_EDGE('',*,*,#1897,.F.);
#2650=ORIENTED_EDGE('',*,*,#1896,.T.);
#2651=ORIENTED_EDGE('',*,*,#1898,.F.);
#2652=ORIENTED_EDGE('',*,*,#1899,.F.);
#2653=ORIENTED_EDGE('',*,*,#1900,.T.);
#2654=ORIENTED_EDGE('',*,*,#1899,.T.);
#2655=ORIENTED_EDGE('',*,*,#1901,.F.);
#2656=ORIENTED_EDGE('',*,*,#1902,.F.);
#2657=ORIENTED_EDGE('',*,*,#1903,.F.);
#2658=ORIENTED_EDGE('',*,*,#1902,.T.);
#2659=ORIENTED_EDGE('',*,*,#1904,.F.);
#2660=ORIENTED_EDGE('',*,*,#1894,.F.);
#2661=ORIENTED_EDGE('',*,*,#1903,.T.);
#2662=ORIENTED_EDGE('',*,*,#1893,.T.);
#2663=ORIENTED_EDGE('',*,*,#1897,.T.);
#2664=ORIENTED_EDGE('',*,*,#1900,.F.);
#2665=ORIENTED_EDGE('',*,*,#1904,.T.);
#2666=ORIENTED_EDGE('',*,*,#1901,.T.);
#2667=ORIENTED_EDGE('',*,*,#1898,.T.);
#2668=ORIENTED_EDGE('',*,*,#1895,.T.);
#2669=PLANE('',#3121);
#2670=PLANE('',#3122);
#2671=PLANE('',#3123);
#2672=PLANE('',#3124);
#2673=PLANE('',#3125);
#2674=PLANE('',#3126);
#2675=PLANE('',#3127);
#2676=PLANE('',#3128);
#2677=PLANE('',#3129);
#2678=PLANE('',#3130);
#2679=PLANE('',#3131);
#2680=PLANE('',#3132);
#2681=PLANE('',#3133);
#2682=PLANE('',#3134);
#2683=PLANE('',#3135);
#2684=PLANE('',#3136);
#2685=PLANE('',#3137);
#2686=PLANE('',#3138);
#2687=PLANE('',#3141);
#2688=PLANE('',#3142);
#2689=PLANE('',#3143);
#2690=PLANE('',#3144);
#2691=PLANE('',#3145);
#2692=PLANE('',#3147);
#2693=PLANE('',#3148);
#2694=PLANE('',#3149);
#2695=PLANE('',#3150);
#2696=PLANE('',#3151);
#2697=PLANE('',#3152);
#2698=PLANE('',#3153);
#2699=PLANE('',#3154);
#2700=PLANE('',#3155);
#2701=PLANE('',#3156);
#2702=PLANE('',#3157);
#2703=PLANE('',#3158);
#2704=PLANE('',#3161);
#2705=PLANE('',#3162);
#2706=PLANE('',#3163);
#2707=PLANE('',#3164);
#2708=PLANE('',#3165);
#2709=PLANE('',#3166);
#2710=PLANE('',#3167);
#2711=PLANE('',#3170);
#2712=PLANE('',#3171);
#2713=PLANE('',#3172);
#2714=PLANE('',#3173);
#2715=PLANE('',#3174);
#2716=PLANE('',#3175);
#2717=PLANE('',#3176);
#2718=PLANE('',#3177);
#2719=PLANE('',#3178);
#2720=PLANE('',#3179);
#2721=PLANE('',#3180);
#2722=PLANE('',#3181);
#2723=PLANE('',#3182);
#2724=PLANE('',#3183);
#2725=PLANE('',#3186);
#2726=PLANE('',#3187);
#2727=PLANE('',#3188);
#2728=PLANE('',#3192);
#2729=PLANE('',#3193);
#2730=PLANE('',#3194);
#2731=PLANE('',#3195);
#2732=PLANE('',#3196);
#2733=PLANE('',#3197);
#2734=PLANE('',#3199);
#2735=PLANE('',#3200);
#2736=PLANE('',#3201);
#2737=PLANE('',#3202);
#2738=PLANE('',#3203);
#2739=PLANE('',#3204);
#2740=PLANE('',#3209);
#2741=PLANE('',#3216);
#2742=PLANE('',#3217);
#2743=PLANE('',#3219);
#2744=PLANE('',#3222);
#2745=PLANE('',#3223);
#2746=PLANE('',#3224);
#2747=PLANE('',#3225);
#2748=PLANE('',#3226);
#2749=PLANE('',#3227);
#2750=PLANE('',#3228);
#2751=PLANE('',#3230);
#2752=PLANE('',#3231);
#2753=PLANE('',#3232);
#2754=PLANE('',#3234);
#2755=PLANE('',#3246);
#2756=PLANE('',#3247);
#2757=PLANE('',#3253);
#2758=PLANE('',#3254);
#2759=PLANE('',#3255);
#2760=PLANE('',#3256);
#2761=PLANE('',#3257);
#2762=PLANE('',#3261);
#2763=PLANE('',#3268);
#2764=PLANE('',#3269);
#2765=PLANE('',#3270);
#2766=PLANE('',#3271);
#2767=PLANE('',#3272);
#2768=PLANE('',#3280);
#2769=PLANE('',#3287);
#2770=PLANE('',#3299);
#2771=PLANE('',#3303);
#2772=PLANE('',#3304);
#2773=PLANE('',#3306);
#2774=PLANE('',#3308);
#2775=PLANE('',#3309);
#2776=PLANE('',#3310);
#2777=PLANE('',#3312);
#2778=PLANE('',#3314);
#2779=PLANE('',#3316);
#2780=PLANE('',#3317);
#2781=PLANE('',#3319);
#2782=PLANE('',#3321);
#2783=PLANE('',#3322);
#2784=PLANE('',#3324);
#2785=PLANE('',#3326);
#2786=PLANE('',#3348);
#2787=PLANE('',#3354);
#2788=PLANE('',#3355);
#2789=PLANE('',#3356);
#2790=PLANE('',#3357);
#2791=PLANE('',#3358);
#2792=PLANE('',#3359);
#2793=PLANE('',#3360);
#2794=PLANE('',#3361);
#2795=PLANE('',#3362);
#2796=PLANE('',#3363);
#2797=PLANE('',#3365);
#2798=PLANE('',#3366);
#2799=PLANE('',#3369);
#2800=PLANE('',#3370);
#2801=PLANE('',#3371);
#2802=PLANE('',#3373);
#2803=PLANE('',#3374);
#2804=PLANE('',#3375);
#2805=PLANE('',#3376);
#2806=PLANE('',#3377);
#2807=PLANE('',#3378);
#2808=PLANE('',#3379);
#2809=PLANE('',#3380);
#2810=PLANE('',#3381);
#2811=PLANE('',#3382);
#2812=PLANE('',#3383);
#2813=PLANE('',#3384);
#2814=ADVANCED_FACE('',(#262),#2669,.T.);
#2815=ADVANCED_FACE('',(#263),#2670,.T.);
#2816=ADVANCED_FACE('',(#264),#2671,.T.);
#2817=ADVANCED_FACE('',(#265),#2672,.T.);
#2818=ADVANCED_FACE('',(#266),#2673,.T.);
#2819=ADVANCED_FACE('',(#267),#2674,.F.);
#2820=ADVANCED_FACE('',(#268),#2675,.T.);
#2821=ADVANCED_FACE('',(#269),#2676,.T.);
#2822=ADVANCED_FACE('',(#270),#2677,.T.);
#2823=ADVANCED_FACE('',(#271),#2678,.T.);
#2824=ADVANCED_FACE('',(#272),#2679,.T.);
#2825=ADVANCED_FACE('',(#273),#2680,.F.);
#2826=ADVANCED_FACE('',(#274),#2681,.F.);
#2827=ADVANCED_FACE('',(#275),#2682,.F.);
#2828=ADVANCED_FACE('',(#276),#2683,.F.);
#2829=ADVANCED_FACE('',(#277),#2684,.F.);
#2830=ADVANCED_FACE('',(#278),#2685,.F.);
#2831=ADVANCED_FACE('',(#279),#2686,.T.);
#2832=ADVANCED_FACE('',(#280),#2687,.T.);
#2833=ADVANCED_FACE('',(#281),#2688,.T.);
#2834=ADVANCED_FACE('',(#282),#2689,.T.);
#2835=ADVANCED_FACE('',(#283),#2690,.T.);
#2836=ADVANCED_FACE('',(#284,#48),#2691,.T.);
#2837=ADVANCED_FACE('',(#285),#2692,.T.);
#2838=ADVANCED_FACE('',(#286),#2693,.T.);
#2839=ADVANCED_FACE('',(#287),#2694,.F.);
#2840=ADVANCED_FACE('',(#288),#2695,.F.);
#2841=ADVANCED_FACE('',(#289),#2696,.T.);
#2842=ADVANCED_FACE('',(#290),#2697,.T.);
#2843=ADVANCED_FACE('',(#291),#2698,.T.);
#2844=ADVANCED_FACE('',(#292),#2699,.F.);
#2845=ADVANCED_FACE('',(#293),#2700,.F.);
#2846=ADVANCED_FACE('',(#294),#2701,.F.);
#2847=ADVANCED_FACE('',(#295),#2702,.F.);
#2848=ADVANCED_FACE('',(#296),#2703,.F.);
#2849=ADVANCED_FACE('',(#297),#15,.F.);
#2850=ADVANCED_FACE('',(#298),#2704,.F.);
#2851=ADVANCED_FACE('',(#299),#2705,.F.);
#2852=ADVANCED_FACE('',(#300),#2706,.F.);
#2853=ADVANCED_FACE('',(#301),#2707,.F.);
#2854=ADVANCED_FACE('',(#302),#2708,.F.);
#2855=ADVANCED_FACE('',(#303),#2709,.F.);
#2856=ADVANCED_FACE('',(#304,#49),#2710,.F.);
#2857=ADVANCED_FACE('',(#305),#2711,.T.);
#2858=ADVANCED_FACE('',(#306),#2712,.T.);
#2859=ADVANCED_FACE('',(#307),#2713,.T.);
#2860=ADVANCED_FACE('',(#308),#2714,.T.);
#2861=ADVANCED_FACE('',(#309),#2715,.T.);
#2862=ADVANCED_FACE('',(#310),#2716,.T.);
#2863=ADVANCED_FACE('',(#311),#2717,.T.);
#2864=ADVANCED_FACE('',(#312),#2718,.F.);
#2865=ADVANCED_FACE('',(#313),#2719,.F.);
#2866=ADVANCED_FACE('',(#314),#2720,.F.);
#2867=ADVANCED_FACE('',(#315),#2721,.F.);
#2868=ADVANCED_FACE('',(#316),#2722,.F.);
#2869=ADVANCED_FACE('',(#317),#2723,.F.);
#2870=ADVANCED_FACE('',(#318),#2724,.F.);
#2871=ADVANCED_FACE('',(#319),#2725,.F.);
#2872=ADVANCED_FACE('',(#320),#2726,.F.);
#2873=ADVANCED_FACE('',(#321),#2727,.T.);
#2874=ADVANCED_FACE('',(#322),#16,.F.);
#2875=ADVANCED_FACE('',(#323,#50),#2728,.F.);
#2876=ADVANCED_FACE('',(#324),#2729,.F.);
#2877=ADVANCED_FACE('',(#325),#2730,.F.);
#2878=ADVANCED_FACE('',(#326),#2731,.F.);
#2879=ADVANCED_FACE('',(#327),#2732,.F.);
#2880=ADVANCED_FACE('',(#328),#2733,.T.);
#2881=ADVANCED_FACE('',(#329),#2734,.F.);
#2882=ADVANCED_FACE('',(#330),#2735,.T.);
#2883=ADVANCED_FACE('',(#331),#2736,.F.);
#2884=ADVANCED_FACE('',(#332),#2737,.F.);
#2885=ADVANCED_FACE('',(#333),#2738,.F.);
#2886=ADVANCED_FACE('',(#334),#2739,.F.);
#2887=ADVANCED_FACE('',(#335),#17,.T.);
#2888=ADVANCED_FACE('',(#336,#51),#2740,.T.);
#2889=ADVANCED_FACE('',(#337),#14,.T.);
#2890=ADVANCED_FACE('',(#338),#18,.T.);
#2891=ADVANCED_FACE('',(#339,#52),#2741,.T.);
#2892=ADVANCED_FACE('',(#340,#53),#2742,.F.);
#2893=ADVANCED_FACE('',(#341),#2743,.T.);
#2894=ADVANCED_FACE('',(#342),#19,.T.);
#2895=ADVANCED_FACE('',(#343),#2744,.F.);
#2896=ADVANCED_FACE('',(#344),#2745,.F.);
#2897=ADVANCED_FACE('',(#345),#2746,.F.);
#2898=ADVANCED_FACE('',(#346),#2747,.F.);
#2899=ADVANCED_FACE('',(#347),#2748,.F.);
#2900=ADVANCED_FACE('',(#348),#2749,.F.);
#2901=ADVANCED_FACE('',(#349),#2750,.F.);
#2902=ADVANCED_FACE('',(#350),#2751,.T.);
#2903=ADVANCED_FACE('',(#351),#2752,.T.);
#2904=ADVANCED_FACE('',(#352),#2753,.T.);
#2905=ADVANCED_FACE('',(#353,#54),#2754,.T.);
#2906=ADVANCED_FACE('',(#354),#20,.T.);
#2907=ADVANCED_FACE('',(#355),#21,.T.);
#2908=ADVANCED_FACE('',(#356),#2755,.T.);
#2909=ADVANCED_FACE('',(#357),#2756,.F.);
#2910=ADVANCED_FACE('',(#358),#22,.F.);
#2911=ADVANCED_FACE('',(#359),#23,.F.);
#2912=ADVANCED_FACE('',(#360),#2757,.F.);
#2913=ADVANCED_FACE('',(#361),#2758,.F.);
#2914=ADVANCED_FACE('',(#362),#2759,.T.);
#2915=ADVANCED_FACE('',(#363),#2760,.T.);
#2916=ADVANCED_FACE('',(#364),#2761,.F.);
#2917=ADVANCED_FACE('',(#365),#24,.T.);
#2918=ADVANCED_FACE('',(#366),#2762,.T.);
#2919=ADVANCED_FACE('',(#367),#25,.T.);
#2920=ADVANCED_FACE('',(#368),#26,.F.);
#2921=ADVANCED_FACE('',(#369,#55),#2763,.T.);
#2922=ADVANCED_FACE('',(#370,#56),#2764,.T.);
#2923=ADVANCED_FACE('',(#371),#2765,.T.);
#2924=ADVANCED_FACE('',(#372),#2766,.T.);
#2925=ADVANCED_FACE('',(#373),#2767,.F.);
#2926=ADVANCED_FACE('',(#374),#27,.F.);
#2927=ADVANCED_FACE('',(#375),#28,.F.);
#2928=ADVANCED_FACE('',(#376),#2768,.T.);
#2929=ADVANCED_FACE('',(#377),#29,.F.);
#2930=ADVANCED_FACE('',(#378),#30,.F.);
#2931=ADVANCED_FACE('',(#379,#57,#58),#2769,.T.);
#2932=ADVANCED_FACE('',(#380),#31,.F.);
#2933=ADVANCED_FACE('',(#381),#32,.F.);
#2934=ADVANCED_FACE('',(#382),#33,.F.);
#2935=ADVANCED_FACE('',(#383),#2770,.T.);
#2936=ADVANCED_FACE('',(#384),#34,.F.);
#2937=ADVANCED_FACE('',(#385),#2771,.T.);
#2938=ADVANCED_FACE('',(#386),#2772,.T.);
#2939=ADVANCED_FACE('',(#387),#2773,.T.);
#2940=ADVANCED_FACE('',(#388),#2774,.T.);
#2941=ADVANCED_FACE('',(#389),#2775,.T.);
#2942=ADVANCED_FACE('',(#390),#2776,.T.);
#2943=ADVANCED_FACE('',(#391),#2777,.T.);
#2944=ADVANCED_FACE('',(#392),#2778,.T.);
#2945=ADVANCED_FACE('',(#393),#2779,.T.);
#2946=ADVANCED_FACE('',(#394),#2780,.T.);
#2947=ADVANCED_FACE('',(#395),#2781,.T.);
#2948=ADVANCED_FACE('',(#396),#2782,.T.);
#2949=ADVANCED_FACE('',(#397),#2783,.T.);
#2950=ADVANCED_FACE('',(#398),#2784,.T.);
#2951=ADVANCED_FACE('',(#399),#2785,.T.);
#2952=ADVANCED_FACE('',(#400),#35,.F.);
#2953=ADVANCED_FACE('',(#401),#36,.F.);
#2954=ADVANCED_FACE('',(#402),#37,.F.);
#2955=ADVANCED_FACE('',(#403),#38,.F.);
#2956=ADVANCED_FACE('',(#404),#39,.F.);
#2957=ADVANCED_FACE('',(#405),#40,.F.);
#2958=ADVANCED_FACE('',(#406),#41,.F.);
#2959=ADVANCED_FACE('',(#407),#42,.F.);
#2960=ADVANCED_FACE('',(#408),#43,.F.);
#2961=ADVANCED_FACE('',(#409),#44,.F.);
#2962=ADVANCED_FACE('',(#410,#59,#60,#61,#62,#63,#64,#65,#66,#67,#68,#69,
#70,#71,#72,#73,#74,#75,#76,#77),#2786,.T.);
#2963=ADVANCED_FACE('',(#411),#45,.T.);
#2964=ADVANCED_FACE('',(#412),#46,.F.);
#2965=ADVANCED_FACE('',(#413),#2787,.T.);
#2966=ADVANCED_FACE('',(#414),#2788,.T.);
#2967=ADVANCED_FACE('',(#415),#2789,.T.);
#2968=ADVANCED_FACE('',(#416),#2790,.T.);
#2969=ADVANCED_FACE('',(#417),#2791,.T.);
#2970=ADVANCED_FACE('',(#418),#2792,.T.);
#2971=ADVANCED_FACE('',(#419),#2793,.T.);
#2972=ADVANCED_FACE('',(#420),#2794,.T.);
#2973=ADVANCED_FACE('',(#421),#2795,.T.);
#2974=ADVANCED_FACE('',(#422),#2796,.T.);
#2975=ADVANCED_FACE('',(#423),#2797,.T.);
#2976=ADVANCED_FACE('',(#424),#2798,.T.);
#2977=ADVANCED_FACE('',(#425),#47,.T.);
#2978=ADVANCED_FACE('',(#426),#2799,.T.);
#2979=ADVANCED_FACE('',(#427,#78),#2800,.T.);
#2980=ADVANCED_FACE('',(#428),#2801,.T.);
#2981=ADVANCED_FACE('',(#429),#2802,.T.);
#2982=ADVANCED_FACE('',(#430),#2803,.T.);
#2983=ADVANCED_FACE('',(#431),#2804,.T.);
#2984=ADVANCED_FACE('',(#432),#2805,.T.);
#2985=ADVANCED_FACE('',(#433),#2806,.T.);
#2986=ADVANCED_FACE('',(#434),#2807,.T.);
#2987=ADVANCED_FACE('',(#435),#2808,.T.);
#2988=ADVANCED_FACE('',(#436),#2809,.T.);
#2989=ADVANCED_FACE('',(#437),#2810,.T.);
#2990=ADVANCED_FACE('',(#438),#2811,.T.);
#2991=ADVANCED_FACE('',(#439),#2812,.T.);
#2992=ADVANCED_FACE('',(#440),#2813,.T.);
#2993=CLOSED_SHELL('',(#2814,#2815,#2816,#2817,#2818,#2819));
#2994=CLOSED_SHELL('',(#2820,#2821,#2822,#2823,#2824,#2825));
#2995=CLOSED_SHELL('',(#2826,#2827,#2828,#2829,#2830,#2831));
#2996=CLOSED_SHELL('',(#2832,#2833,#2834,#2835,#2836,#2837,#2838,#2839,
#2840,#2841,#2842,#2843,#2844,#2845,#2846,#2847,#2848,#2849,#2850,#2851,
#2852,#2853,#2854,#2855,#2856));
#2997=CLOSED_SHELL('',(#2857,#2858,#2859,#2860,#2861,#2862));
#2998=CLOSED_SHELL('',(#2863,#2864,#2865,#2866,#2867,#2868,#2869,#2870));
#2999=CLOSED_SHELL('',(#2871,#2872,#2873,#2874,#2875,#2876,#2877,#2878,
#2879,#2880));
#3000=CLOSED_SHELL('',(#2881,#2882,#2883,#2884,#2885,#2886));
#3001=CLOSED_SHELL('',(#2887,#2888,#2889,#2890,#2891,#2892,#2893,#2894,
#2895,#2896,#2897,#2898,#2899,#2900,#2901));
#3002=CLOSED_SHELL('',(#2902,#2903,#2904,#2905,#2906,#2907,#2908,#2909,
#2910,#2911,#2912,#2913,#2914,#2915,#2916,#2917,#2918,#2919,#2920,#2921,
#2922,#2923,#2924,#2925));
#3003=CLOSED_SHELL('',(#2926,#2927,#2928,#2929,#2930,#2931,#2932,#2933,
#2934,#2935,#2936,#2937,#2938,#2939,#2940,#2941,#2942,#2943,#2944,#2945,
#2946,#2947,#2948,#2949,#2950,#2951,#2952,#2953,#2954,#2955,#2956,#2957,
#2958,#2959,#2960,#2961,#2962,#2963,#2964));
#3004=CLOSED_SHELL('',(#2965,#2966,#2967,#2968,#2969,#2970,#2971,#2972,
#2973,#2974,#2975,#2976,#2977,#2978,#2979,#2980));
#3005=CLOSED_SHELL('',(#2981,#2982,#2983,#2984,#2985,#2986));
#3006=CLOSED_SHELL('',(#2987,#2988,#2989,#2990,#2991,#2992));
#3007=DERIVED_UNIT_ELEMENT(#3027,1.);
#3008=DERIVED_UNIT_ELEMENT(#5127,-3.);
#3009=DERIVED_UNIT_ELEMENT(#3027,1.);
#3010=DERIVED_UNIT_ELEMENT(#5127,-3.);
#3011=DERIVED_UNIT_ELEMENT(#3027,1.);
#3012=DERIVED_UNIT_ELEMENT(#5127,-3.);
#3013=DERIVED_UNIT_ELEMENT(#3027,1.);
#3014=DERIVED_UNIT_ELEMENT(#5127,-3.);
#3015=DERIVED_UNIT_ELEMENT(#3027,1.);
#3016=DERIVED_UNIT_ELEMENT(#5127,-3.);
#3017=DERIVED_UNIT_ELEMENT(#3027,1.);
#3018=DERIVED_UNIT_ELEMENT(#5127,-3.);
#3019=DERIVED_UNIT_ELEMENT(#3027,1.);
#3020=DERIVED_UNIT_ELEMENT(#5127,-3.);
#3021=DERIVED_UNIT_ELEMENT(#3027,1.);
#3022=DERIVED_UNIT_ELEMENT(#5127,-3.);
#3023=DERIVED_UNIT_ELEMENT(#3027,1.);
#3024=DERIVED_UNIT_ELEMENT(#5127,-3.);
#3025=DERIVED_UNIT_ELEMENT(#3027,1.);
#3026=DERIVED_UNIT_ELEMENT(#5127,-3.);
#3027=(
MASS_UNIT()
NAMED_UNIT(*)
SI_UNIT(.KILO.,.GRAM.)
);
#3028=DERIVED_UNIT((#3007,#3008));
#3029=DERIVED_UNIT((#3009,#3010));
#3030=DERIVED_UNIT((#3011,#3012));
#3031=DERIVED_UNIT((#3013,#3014));
#3032=DERIVED_UNIT((#3015,#3016));
#3033=DERIVED_UNIT((#3017,#3018));
#3034=DERIVED_UNIT((#3019,#3020));
#3035=DERIVED_UNIT((#3021,#3022));
#3036=DERIVED_UNIT((#3023,#3024));
#3037=DERIVED_UNIT((#3025,#3026));
#3038=MEASURE_REPRESENTATION_ITEM('density measure',
POSITIVE_RATIO_MEASURE(7850.),#3028);
#3039=MEASURE_REPRESENTATION_ITEM('density measure',
POSITIVE_RATIO_MEASURE(7850.),#3029);
#3040=MEASURE_REPRESENTATION_ITEM('density measure',
POSITIVE_RATIO_MEASURE(7850.),#3030);
#3041=MEASURE_REPRESENTATION_ITEM('density measure',
POSITIVE_RATIO_MEASURE(7850.),#3031);
#3042=MEASURE_REPRESENTATION_ITEM('density measure',
POSITIVE_RATIO_MEASURE(7850.),#3032);
#3043=MEASURE_REPRESENTATION_ITEM('density measure',
POSITIVE_RATIO_MEASURE(7850.),#3033);
#3044=MEASURE_REPRESENTATION_ITEM('density measure',
POSITIVE_RATIO_MEASURE(7850.),#3034);
#3045=MEASURE_REPRESENTATION_ITEM('density measure',
POSITIVE_RATIO_MEASURE(7850.),#3035);
#3046=MEASURE_REPRESENTATION_ITEM('density measure',
POSITIVE_RATIO_MEASURE(7850.),#3036);
#3047=MEASURE_REPRESENTATION_ITEM('density measure',
POSITIVE_RATIO_MEASURE(7850.),#3037);
#3048=PROPERTY_DEFINITION_REPRESENTATION(#3098,#3068);
#3049=PROPERTY_DEFINITION_REPRESENTATION(#3099,#3069);
#3050=PROPERTY_DEFINITION_REPRESENTATION(#3100,#3070);
#3051=PROPERTY_DEFINITION_REPRESENTATION(#3101,#3071);
#3052=PROPERTY_DEFINITION_REPRESENTATION(#3102,#3072);
#3053=PROPERTY_DEFINITION_REPRESENTATION(#3103,#3073);
#3054=PROPERTY_DEFINITION_REPRESENTATION(#3104,#3074);
#3055=PROPERTY_DEFINITION_REPRESENTATION(#3105,#3075);
#3056=PROPERTY_DEFINITION_REPRESENTATION(#3106,#3076);
#3057=PROPERTY_DEFINITION_REPRESENTATION(#3107,#3077);
#3058=PROPERTY_DEFINITION_REPRESENTATION(#3108,#3078);
#3059=PROPERTY_DEFINITION_REPRESENTATION(#3109,#3079);
#3060=PROPERTY_DEFINITION_REPRESENTATION(#3110,#3080);
#3061=PROPERTY_DEFINITION_REPRESENTATION(#3111,#3081);
#3062=PROPERTY_DEFINITION_REPRESENTATION(#3112,#3082);
#3063=PROPERTY_DEFINITION_REPRESENTATION(#3113,#3083);
#3064=PROPERTY_DEFINITION_REPRESENTATION(#3114,#3084);
#3065=PROPERTY_DEFINITION_REPRESENTATION(#3115,#3085);
#3066=PROPERTY_DEFINITION_REPRESENTATION(#3116,#3086);
#3067=PROPERTY_DEFINITION_REPRESENTATION(#3117,#3087);
#3068=REPRESENTATION('material name',(#3088),#5114);
#3069=REPRESENTATION('density',(#3038),#5114);
#3070=REPRESENTATION('material name',(#3089),#5115);
#3071=REPRESENTATION('density',(#3039),#5115);
#3072=REPRESENTATION('material name',(#3090),#5117);
#3073=REPRESENTATION('density',(#3040),#5117);
#3074=REPRESENTATION('material name',(#3091),#5118);
#3075=REPRESENTATION('density',(#3041),#5118);
#3076=REPRESENTATION('material name',(#3092),#5119);
#3077=REPRESENTATION('density',(#3042),#5119);
#3078=REPRESENTATION('material name',(#3093),#5120);
#3079=REPRESENTATION('density',(#3043),#5120);
#3080=REPRESENTATION('material name',(#3094),#5121);
#3081=REPRESENTATION('density',(#3044),#5121);
#3082=REPRESENTATION('material name',(#3095),#5122);
#3083=REPRESENTATION('density',(#3045),#5122);
#3084=REPRESENTATION('material name',(#3096),#5123);
#3085=REPRESENTATION('density',(#3046),#5123);
#3086=REPRESENTATION('material name',(#3097),#5124);
#3087=REPRESENTATION('density',(#3047),#5124);
#3088=DESCRIPTIVE_REPRESENTATION_ITEM('Steel','Steel');
#3089=DESCRIPTIVE_REPRESENTATION_ITEM('Steel','Steel');
#3090=DESCRIPTIVE_REPRESENTATION_ITEM('Steel','Steel');
#3091=DESCRIPTIVE_REPRESENTATION_ITEM('Steel','Steel');
#3092=DESCRIPTIVE_REPRESENTATION_ITEM('Steel','Steel');
#3093=DESCRIPTIVE_REPRESENTATION_ITEM('Steel','Steel');
#3094=DESCRIPTIVE_REPRESENTATION_ITEM('Steel','Steel');
#3095=DESCRIPTIVE_REPRESENTATION_ITEM('Steel','Steel');
#3096=DESCRIPTIVE_REPRESENTATION_ITEM('Steel','Steel');
#3097=DESCRIPTIVE_REPRESENTATION_ITEM('Steel','Steel');
#3098=PROPERTY_DEFINITION('material property','material name',#5184);
#3099=PROPERTY_DEFINITION('material property','density of part',#5184);
#3100=PROPERTY_DEFINITION('material property','material name',#5185);
#3101=PROPERTY_DEFINITION('material property','density of part',#5185);
#3102=PROPERTY_DEFINITION('material property','material name',#5187);
#3103=PROPERTY_DEFINITION('material property','density of part',#5187);
#3104=PROPERTY_DEFINITION('material property','material name',#5188);
#3105=PROPERTY_DEFINITION('material property','density of part',#5188);
#3106=PROPERTY_DEFINITION('material property','material name',#5189);
#3107=PROPERTY_DEFINITION('material property','density of part',#5189);
#3108=PROPERTY_DEFINITION('material property','material name',#5190);
#3109=PROPERTY_DEFINITION('material property','density of part',#5190);
#3110=PROPERTY_DEFINITION('material property','material name',#5191);
#3111=PROPERTY_DEFINITION('material property','density of part',#5191);
#3112=PROPERTY_DEFINITION('material property','material name',#5192);
#3113=PROPERTY_DEFINITION('material property','density of part',#5192);
#3114=PROPERTY_DEFINITION('material property','material name',#5193);
#3115=PROPERTY_DEFINITION('material property','density of part',#5193);
#3116=PROPERTY_DEFINITION('material property','material name',#5194);
#3117=PROPERTY_DEFINITION('material property','density of part',#5194);
#3118=AXIS2_PLACEMENT_3D('',#4258,#3395,#3396);
#3119=AXIS2_PLACEMENT_3D('',#4259,#3397,#3398);
#3120=AXIS2_PLACEMENT_3D('',#4260,#3399,#3400);
#3121=AXIS2_PLACEMENT_3D('',#4261,#3401,#3402);
#3122=AXIS2_PLACEMENT_3D('',#4270,#3407,#3408);
#3123=AXIS2_PLACEMENT_3D('',#4276,#3412,#3413);
#3124=AXIS2_PLACEMENT_3D('',#4282,#3417,#3418);
#3125=AXIS2_PLACEMENT_3D('',#4285,#3421,#3422);
#3126=AXIS2_PLACEMENT_3D('',#4286,#3423,#3424);
#3127=AXIS2_PLACEMENT_3D('',#4287,#3425,#3426);
#3128=AXIS2_PLACEMENT_3D('',#4296,#3431,#3432);
#3129=AXIS2_PLACEMENT_3D('',#4302,#3436,#3437);
#3130=AXIS2_PLACEMENT_3D('',#4308,#3441,#3442);
#3131=AXIS2_PLACEMENT_3D('',#4311,#3445,#3446);
#3132=AXIS2_PLACEMENT_3D('',#4312,#3447,#3448);
#3133=AXIS2_PLACEMENT_3D('',#4313,#3449,#3450);
#3134=AXIS2_PLACEMENT_3D('',#4322,#3455,#3456);
#3135=AXIS2_PLACEMENT_3D('',#4328,#3460,#3461);
#3136=AXIS2_PLACEMENT_3D('',#4332,#3464,#3465);
#3137=AXIS2_PLACEMENT_3D('',#4336,#3468,#3469);
#3138=AXIS2_PLACEMENT_3D('',#4338,#3471,#3472);
#3139=AXIS2_PLACEMENT_3D('',#4339,#3473,#3474);
#3140=AXIS2_PLACEMENT_3D('',#4340,#3475,#3476);
#3141=AXIS2_PLACEMENT_3D('',#4341,#3477,#3478);
#3142=AXIS2_PLACEMENT_3D('',#4350,#3483,#3484);
#3143=AXIS2_PLACEMENT_3D('',#4359,#3489,#3490);
#3144=AXIS2_PLACEMENT_3D('',#4362,#3493,#3494);
#3145=AXIS2_PLACEMENT_3D('',#4364,#3496,#3497);
#3146=AXIS2_PLACEMENT_3D('',#4386,#3508,#3509);
#3147=AXIS2_PLACEMENT_3D('',#4396,#3515,#3516);
#3148=AXIS2_PLACEMENT_3D('',#4409,#3523,#3524);
#3149=AXIS2_PLACEMENT_3D('',#4419,#3530,#3531);
#3150=AXIS2_PLACEMENT_3D('',#4423,#3534,#3535);
#3151=AXIS2_PLACEMENT_3D('',#4425,#3537,#3538);
#3152=AXIS2_PLACEMENT_3D('',#4430,#3542,#3543);
#3153=AXIS2_PLACEMENT_3D('',#4433,#3546,#3547);
#3154=AXIS2_PLACEMENT_3D('',#4434,#3548,#3549);
#3155=AXIS2_PLACEMENT_3D('',#4440,#3553,#3554);
#3156=AXIS2_PLACEMENT_3D('',#4444,#3557,#3558);
#3157=AXIS2_PLACEMENT_3D('',#4448,#3561,#3562);
#3158=AXIS2_PLACEMENT_3D('',#4450,#3564,#3565);
#3159=AXIS2_PLACEMENT_3D('',#4456,#3569,#3570);
#3160=AXIS2_PLACEMENT_3D('',#4458,#3571,#3572);
#3161=AXIS2_PLACEMENT_3D('',#4460,#3574,#3575);
#3162=AXIS2_PLACEMENT_3D('',#4464,#3578,#3579);
#3163=AXIS2_PLACEMENT_3D('',#4468,#3582,#3583);
#3164=AXIS2_PLACEMENT_3D('',#4472,#3586,#3587);
#3165=AXIS2_PLACEMENT_3D('',#4474,#3589,#3590);
#3166=AXIS2_PLACEMENT_3D('',#4478,#3593,#3594);
#3167=AXIS2_PLACEMENT_3D('',#4480,#3596,#3597);
#3168=AXIS2_PLACEMENT_3D('',#4481,#3598,#3599);
#3169=AXIS2_PLACEMENT_3D('',#4482,#3600,#3601);
#3170=AXIS2_PLACEMENT_3D('',#4483,#3602,#3603);
#3171=AXIS2_PLACEMENT_3D('',#4492,#3608,#3609);
#3172=AXIS2_PLACEMENT_3D('',#4498,#3613,#3614);
#3173=AXIS2_PLACEMENT_3D('',#4504,#3618,#3619);
#3174=AXIS2_PLACEMENT_3D('',#4507,#3622,#3623);
#3175=AXIS2_PLACEMENT_3D('',#4508,#3624,#3625);
#3176=AXIS2_PLACEMENT_3D('',#4509,#3626,#3627);
#3177=AXIS2_PLACEMENT_3D('',#4518,#3632,#3633);
#3178=AXIS2_PLACEMENT_3D('',#4528,#3639,#3640);
#3179=AXIS2_PLACEMENT_3D('',#4532,#3643,#3644);
#3180=AXIS2_PLACEMENT_3D('',#4540,#3649,#3650);
#3181=AXIS2_PLACEMENT_3D('',#4542,#3652,#3653);
#3182=AXIS2_PLACEMENT_3D('',#4544,#3655,#3656);
#3183=AXIS2_PLACEMENT_3D('',#4546,#3658,#3659);
#3184=AXIS2_PLACEMENT_3D('',#4547,#3660,#3661);
#3185=AXIS2_PLACEMENT_3D('',#4548,#3662,#3663);
#3186=AXIS2_PLACEMENT_3D('',#4549,#3664,#3665);
#3187=AXIS2_PLACEMENT_3D('',#4558,#3670,#3671);
#3188=AXIS2_PLACEMENT_3D('',#4564,#3675,#3676);
#3189=AXIS2_PLACEMENT_3D('',#4572,#3681,#3682);
#3190=AXIS2_PLACEMENT_3D('',#4574,#3683,#3684);
#3191=AXIS2_PLACEMENT_3D('',#4577,#3686,#3687);
#3192=AXIS2_PLACEMENT_3D('',#4578,#3688,#3689);
#3193=AXIS2_PLACEMENT_3D('',#4582,#3692,#3693);
#3194=AXIS2_PLACEMENT_3D('',#4588,#3697,#3698);
#3195=AXIS2_PLACEMENT_3D('',#4590,#3700,#3701);
#3196=AXIS2_PLACEMENT_3D('',#4592,#3703,#3704);
#3197=AXIS2_PLACEMENT_3D('',#4593,#3705,#3706);
#3198=AXIS2_PLACEMENT_3D('',#4594,#3707,#3708);
#3199=AXIS2_PLACEMENT_3D('',#4595,#3709,#3710);
#3200=AXIS2_PLACEMENT_3D('',#4604,#3715,#3716);
#3201=AXIS2_PLACEMENT_3D('',#4610,#3720,#3721);
#3202=AXIS2_PLACEMENT_3D('',#4614,#3724,#3725);
#3203=AXIS2_PLACEMENT_3D('',#4618,#3728,#3729);
#3204=AXIS2_PLACEMENT_3D('',#4620,#3731,#3732);
#3205=AXIS2_PLACEMENT_3D('',#4621,#3733,#3734);
#3206=AXIS2_PLACEMENT_3D('',#4622,#3735,#3736);
#3207=AXIS2_PLACEMENT_3D('',#4624,#3737,#3738);
#3208=AXIS2_PLACEMENT_3D('',#4627,#3740,#3741);
#3209=AXIS2_PLACEMENT_3D('',#4628,#3742,#3743);
#3210=AXIS2_PLACEMENT_3D('',#4630,#3744,#3745);
#3211=AXIS2_PLACEMENT_3D('',#4631,#3746,#3747);
#3212=AXIS2_PLACEMENT_3D('',#4633,#3748,#3749);
#3213=AXIS2_PLACEMENT_3D('',#4636,#3751,#3752);
#3214=AXIS2_PLACEMENT_3D('',#4637,#3753,#3754);
#3215=AXIS2_PLACEMENT_3D('',#4640,#3756,#3757);
#3216=AXIS2_PLACEMENT_3D('',#4641,#3758,#3759);
#3217=AXIS2_PLACEMENT_3D('',#4642,#3760,#3761);
#3218=AXIS2_PLACEMENT_3D('',#4647,#3763,#3764);
#3219=AXIS2_PLACEMENT_3D('',#4657,#3770,#3771);
#3220=AXIS2_PLACEMENT_3D('',#4671,#3778,#3779);
#3221=AXIS2_PLACEMENT_3D('',#4672,#3780,#3781);
#3222=AXIS2_PLACEMENT_3D('',#4675,#3784,#3785);
#3223=AXIS2_PLACEMENT_3D('',#4677,#3787,#3788);
#3224=AXIS2_PLACEMENT_3D('',#4679,#3790,#3791);
#3225=AXIS2_PLACEMENT_3D('',#4681,#3793,#3794);
#3226=AXIS2_PLACEMENT_3D('',#4683,#3796,#3797);
#3227=AXIS2_PLACEMENT_3D('',#4685,#3799,#3800);
#3228=AXIS2_PLACEMENT_3D('',#4686,#3801,#3802);
#3229=AXIS2_PLACEMENT_3D('',#4687,#3803,#3804);
#3230=AXIS2_PLACEMENT_3D('',#4688,#3805,#3806);
#3231=AXIS2_PLACEMENT_3D('',#4701,#3813,#3814);
#3232=AXIS2_PLACEMENT_3D('',#4707,#3818,#3819);
#3233=AXIS2_PLACEMENT_3D('',#4709,#3820,#3821);
#3234=AXIS2_PLACEMENT_3D('',#4710,#3822,#3823);
#3235=AXIS2_PLACEMENT_3D('',#4712,#3824,#3825);
#3236=AXIS2_PLACEMENT_3D('',#4714,#3826,#3827);
#3237=AXIS2_PLACEMENT_3D('',#4715,#3828,#3829);
#3238=AXIS2_PLACEMENT_3D('',#4718,#3830,#3831);
#3239=AXIS2_PLACEMENT_3D('',#4720,#3832,#3833);
#3240=AXIS2_PLACEMENT_3D('',#4721,#3834,#3835);
#3241=AXIS2_PLACEMENT_3D('',#4723,#3837,#3838);
#3242=AXIS2_PLACEMENT_3D('',#4726,#3839,#3840);
#3243=AXIS2_PLACEMENT_3D('',#4728,#3841,#3842);
#3244=AXIS2_PLACEMENT_3D('',#4730,#3843,#3844);
#3245=AXIS2_PLACEMENT_3D('',#4731,#3845,#3846);
#3246=AXIS2_PLACEMENT_3D('',#4732,#3847,#3848);
#3247=AXIS2_PLACEMENT_3D('',#4740,#3853,#3854);
#3248=AXIS2_PLACEMENT_3D('',#4743,#3855,#3856);
#3249=AXIS2_PLACEMENT_3D('',#4746,#3859,#3860);
#3250=AXIS2_PLACEMENT_3D('',#4749,#3862,#3863);
#3251=AXIS2_PLACEMENT_3D('',#4750,#3864,#3865);
#3252=AXIS2_PLACEMENT_3D('',#4752,#3866,#3867);
#3253=AXIS2_PLACEMENT_3D('',#4754,#3869,#3870);
#3254=AXIS2_PLACEMENT_3D('',#4760,#3874,#3875);
#3255=AXIS2_PLACEMENT_3D('',#4765,#3879,#3880);
#3256=AXIS2_PLACEMENT_3D('',#4767,#3882,#3883);
#3257=AXIS2_PLACEMENT_3D('',#4772,#3887,#3888);
#3258=AXIS2_PLACEMENT_3D('',#4776,#3891,#3892);
#3259=AXIS2_PLACEMENT_3D('',#4780,#3894,#3895);
#3260=AXIS2_PLACEMENT_3D('',#4781,#3896,#3897);
#3261=AXIS2_PLACEMENT_3D('',#4782,#3898,#3899);
#3262=AXIS2_PLACEMENT_3D('',#4788,#3903,#3904);
#3263=AXIS2_PLACEMENT_3D('',#4792,#3906,#3907);
#3264=AXIS2_PLACEMENT_3D('',#4793,#3908,#3909);
#3265=AXIS2_PLACEMENT_3D('',#4794,#3910,#3911);
#3266=AXIS2_PLACEMENT_3D('',#4798,#3913,#3914);
#3267=AXIS2_PLACEMENT_3D('',#4799,#3915,#3916);
#3268=AXIS2_PLACEMENT_3D('',#4800,#3917,#3918);
#3269=AXIS2_PLACEMENT_3D('',#4802,#3920,#3921);
#3270=AXIS2_PLACEMENT_3D('',#4808,#3925,#3926);
#3271=AXIS2_PLACEMENT_3D('',#4810,#3928,#3929);
#3272=AXIS2_PLACEMENT_3D('',#4812,#3931,#3932);
#3273=AXIS2_PLACEMENT_3D('',#4813,#3933,#3934);
#3274=AXIS2_PLACEMENT_3D('',#4814,#3935,#3936);
#3275=AXIS2_PLACEMENT_3D('',#4816,#3937,#3938);
#3276=AXIS2_PLACEMENT_3D('',#4819,#3940,#3941);
#3277=AXIS2_PLACEMENT_3D('',#4820,#3942,#3943);
#3278=AXIS2_PLACEMENT_3D('',#4822,#3944,#3945);
#3279=AXIS2_PLACEMENT_3D('',#4825,#3947,#3948);
#3280=AXIS2_PLACEMENT_3D('',#4826,#3949,#3950);
#3281=AXIS2_PLACEMENT_3D('',#4827,#3951,#3952);
#3282=AXIS2_PLACEMENT_3D('',#4829,#3953,#3954);
#3283=AXIS2_PLACEMENT_3D('',#4832,#3956,#3957);
#3284=AXIS2_PLACEMENT_3D('',#4833,#3958,#3959);
#3285=AXIS2_PLACEMENT_3D('',#4835,#3960,#3961);
#3286=AXIS2_PLACEMENT_3D('',#4838,#3963,#3964);
#3287=AXIS2_PLACEMENT_3D('',#4839,#3965,#3966);
#3288=AXIS2_PLACEMENT_3D('',#4841,#3967,#3968);
#3289=AXIS2_PLACEMENT_3D('',#4843,#3969,#3970);
#3290=AXIS2_PLACEMENT_3D('',#4845,#3971,#3972);
#3291=AXIS2_PLACEMENT_3D('',#4846,#3973,#3974);
#3292=AXIS2_PLACEMENT_3D('',#4849,#3976,#3977);
#3293=AXIS2_PLACEMENT_3D('',#4850,#3978,#3979);
#3294=AXIS2_PLACEMENT_3D('',#4852,#3980,#3981);
#3295=AXIS2_PLACEMENT_3D('',#4855,#3983,#3984);
#3296=AXIS2_PLACEMENT_3D('',#4856,#3985,#3986);
#3297=AXIS2_PLACEMENT_3D('',#4858,#3987,#3988);
#3298=AXIS2_PLACEMENT_3D('',#4861,#3990,#3991);
#3299=AXIS2_PLACEMENT_3D('',#4862,#3992,#3993);
#3300=AXIS2_PLACEMENT_3D('',#4863,#3994,#3995);
#3301=AXIS2_PLACEMENT_3D('',#4865,#3996,#3997);
#3302=AXIS2_PLACEMENT_3D('',#4868,#3999,#4000);
#3303=AXIS2_PLACEMENT_3D('',#4869,#4001,#4002);
#3304=AXIS2_PLACEMENT_3D('',#4870,#4003,#4004);
#3305=AXIS2_PLACEMENT_3D('',#4872,#4005,#4006);
#3306=AXIS2_PLACEMENT_3D('',#4873,#4007,#4008);
#3307=AXIS2_PLACEMENT_3D('',#4875,#4009,#4010);
#3308=AXIS2_PLACEMENT_3D('',#4876,#4011,#4012);
#3309=AXIS2_PLACEMENT_3D('',#4877,#4013,#4014);
#3310=AXIS2_PLACEMENT_3D('',#4878,#4015,#4016);
#3311=AXIS2_PLACEMENT_3D('',#4880,#4017,#4018);
#3312=AXIS2_PLACEMENT_3D('',#4881,#4019,#4020);
#3313=AXIS2_PLACEMENT_3D('',#4883,#4021,#4022);
#3314=AXIS2_PLACEMENT_3D('',#4884,#4023,#4024);
#3315=AXIS2_PLACEMENT_3D('',#4886,#4025,#4026);
#3316=AXIS2_PLACEMENT_3D('',#4887,#4027,#4028);
#3317=AXIS2_PLACEMENT_3D('',#4888,#4029,#4030);
#3318=AXIS2_PLACEMENT_3D('',#4890,#4031,#4032);
#3319=AXIS2_PLACEMENT_3D('',#4891,#4033,#4034);
#3320=AXIS2_PLACEMENT_3D('',#4893,#4035,#4036);
#3321=AXIS2_PLACEMENT_3D('',#4894,#4037,#4038);
#3322=AXIS2_PLACEMENT_3D('',#4895,#4039,#4040);
#3323=AXIS2_PLACEMENT_3D('',#4897,#4041,#4042);
#3324=AXIS2_PLACEMENT_3D('',#4898,#4043,#4044);
#3325=AXIS2_PLACEMENT_3D('',#4900,#4045,#4046);
#3326=AXIS2_PLACEMENT_3D('',#4901,#4047,#4048);
#3327=AXIS2_PLACEMENT_3D('',#4903,#4049,#4050);
#3328=AXIS2_PLACEMENT_3D('',#4904,#4051,#4052);
#3329=AXIS2_PLACEMENT_3D('',#4907,#4054,#4055);
#3330=AXIS2_PLACEMENT_3D('',#4908,#4056,#4057);
#3331=AXIS2_PLACEMENT_3D('',#4911,#4059,#4060);
#3332=AXIS2_PLACEMENT_3D('',#4912,#4061,#4062);
#3333=AXIS2_PLACEMENT_3D('',#4915,#4064,#4065);
#3334=AXIS2_PLACEMENT_3D('',#4916,#4066,#4067);
#3335=AXIS2_PLACEMENT_3D('',#4919,#4069,#4070);
#3336=AXIS2_PLACEMENT_3D('',#4920,#4071,#4072);
#3337=AXIS2_PLACEMENT_3D('',#4923,#4074,#4075);
#3338=AXIS2_PLACEMENT_3D('',#4924,#4076,#4077);
#3339=AXIS2_PLACEMENT_3D('',#4927,#4079,#4080);
#3340=AXIS2_PLACEMENT_3D('',#4928,#4081,#4082);
#3341=AXIS2_PLACEMENT_3D('',#4931,#4084,#4085);
#3342=AXIS2_PLACEMENT_3D('',#4932,#4086,#4087);
#3343=AXIS2_PLACEMENT_3D('',#4935,#4089,#4090);
#3344=AXIS2_PLACEMENT_3D('',#4936,#4091,#4092);
#3345=AXIS2_PLACEMENT_3D('',#4939,#4094,#4095);
#3346=AXIS2_PLACEMENT_3D('',#4940,#4096,#4097);
#3347=AXIS2_PLACEMENT_3D('',#4943,#4099,#4100);
#3348=AXIS2_PLACEMENT_3D('',#4944,#4101,#4102);
#3349=AXIS2_PLACEMENT_3D('',#4946,#4103,#4104);
#3350=AXIS2_PLACEMENT_3D('',#4948,#4105,#4106);
#3351=AXIS2_PLACEMENT_3D('',#4949,#4107,#4108);
#3352=AXIS2_PLACEMENT_3D('',#4951,#4110,#4111);
#3353=AXIS2_PLACEMENT_3D('',#4953,#4113,#4114);
#3354=AXIS2_PLACEMENT_3D('',#4954,#4115,#4116);
#3355=AXIS2_PLACEMENT_3D('',#4971,#4125,#4126);
#3356=AXIS2_PLACEMENT_3D('',#4980,#4131,#4132);
#3357=AXIS2_PLACEMENT_3D('',#4986,#4136,#4137);
#3358=AXIS2_PLACEMENT_3D('',#4992,#4141,#4142);
#3359=AXIS2_PLACEMENT_3D('',#4999,#4147,#4148);
#3360=AXIS2_PLACEMENT_3D('',#5005,#4152,#4153);
#3361=AXIS2_PLACEMENT_3D('',#5012,#4158,#4159);
#3362=AXIS2_PLACEMENT_3D('',#5015,#4162,#4163);
#3363=AXIS2_PLACEMENT_3D('',#5021,#4167,#4168);
#3364=AXIS2_PLACEMENT_3D('',#5023,#4169,#4170);
#3365=AXIS2_PLACEMENT_3D('',#5024,#4171,#4172);
#3366=AXIS2_PLACEMENT_3D('',#5025,#4173,#4174);
#3367=AXIS2_PLACEMENT_3D('',#5026,#4175,#4176);
#3368=AXIS2_PLACEMENT_3D('',#5029,#4178,#4179);
#3369=AXIS2_PLACEMENT_3D('',#5030,#4180,#4181);
#3370=AXIS2_PLACEMENT_3D('',#5032,#4183,#4184);
#3371=AXIS2_PLACEMENT_3D('',#5034,#4186,#4187);
#3372=AXIS2_PLACEMENT_3D('',#5035,#4188,#4189);
#3373=AXIS2_PLACEMENT_3D('',#5036,#4190,#4191);
#3374=AXIS2_PLACEMENT_3D('',#5045,#4196,#4197);
#3375=AXIS2_PLACEMENT_3D('',#5051,#4201,#4202);
#3376=AXIS2_PLACEMENT_3D('',#5057,#4206,#4207);
#3377=AXIS2_PLACEMENT_3D('',#5060,#4210,#4211);
#3378=AXIS2_PLACEMENT_3D('',#5061,#4212,#4213);
#3379=AXIS2_PLACEMENT_3D('',#5062,#4214,#4215);
#3380=AXIS2_PLACEMENT_3D('',#5071,#4220,#4221);
#3381=AXIS2_PLACEMENT_3D('',#5077,#4225,#4226);
#3382=AXIS2_PLACEMENT_3D('',#5083,#4230,#4231);
#3383=AXIS2_PLACEMENT_3D('',#5086,#4234,#4235);
#3384=AXIS2_PLACEMENT_3D('',#5087,#4236,#4237);
#3385=AXIS2_PLACEMENT_3D('',#5088,#4238,#4239);
#3386=AXIS2_PLACEMENT_3D('',#5089,#4240,#4241);
#3387=AXIS2_PLACEMENT_3D('',#5090,#4242,#4243);
#3388=AXIS2_PLACEMENT_3D('',#5091,#4244,#4245);
#3389=AXIS2_PLACEMENT_3D('',#5092,#4246,#4247);
#3390=AXIS2_PLACEMENT_3D('',#5093,#4248,#4249);
#3391=AXIS2_PLACEMENT_3D('',#5094,#4250,#4251);
#3392=AXIS2_PLACEMENT_3D('',#5095,#4252,#4253);
#3393=AXIS2_PLACEMENT_3D('',#5096,#4254,#4255);
#3394=AXIS2_PLACEMENT_3D('',#5097,#4256,#4257);
#3395=DIRECTION('axis',(0.,0.,1.));
#3396=DIRECTION('refdir',(1.,0.,0.));
#3397=DIRECTION('axis',(0.,0.,1.));
#3398=DIRECTION('refdir',(1.,0.,0.));
#3399=DIRECTION('axis',(0.,0.,1.));
#3400=DIRECTION('refdir',(1.,0.,0.));
#3401=DIRECTION('center_axis',(0.,1.,0.));
#3402=DIRECTION('ref_axis',(3.64246399155235E-16,0.,1.));
#3403=DIRECTION('',(3.64246399155235E-16,0.,1.));
#3404=DIRECTION('',(1.,0.,-3.3908028430451E-16));
#3405=DIRECTION('',(3.64246399155235E-16,0.,1.));
#3406=DIRECTION('',(1.,0.,-3.3908028430451E-16));
#3407=DIRECTION('center_axis',(-3.3908028430451E-16,0.,-1.));
#3408=DIRECTION('ref_axis',(0.,1.,0.));
#3409=DIRECTION('',(0.,1.,0.));
#3410=DIRECTION('',(1.,0.,-3.3908028430451E-16));
#3411=DIRECTION('',(0.,1.,0.));
#3412=DIRECTION('center_axis',(0.,-1.,0.));
#3413=DIRECTION('ref_axis',(-3.64246399155235E-16,0.,-1.));
#3414=DIRECTION('',(-3.64246399155235E-16,0.,-1.));
#3415=DIRECTION('',(1.,0.,-3.3908028430451E-16));
#3416=DIRECTION('',(-3.64246399155235E-16,0.,-1.));
#3417=DIRECTION('center_axis',(3.3908028430451E-16,0.,1.));
#3418=DIRECTION('ref_axis',(0.,-1.,0.));
#3419=DIRECTION('',(0.,-1.,0.));
#3420=DIRECTION('',(0.,-1.,0.));
#3421=DIRECTION('center_axis',(-1.,0.,3.64246399155235E-16));
#3422=DIRECTION('ref_axis',(3.64246399155235E-16,0.,1.));
#3423=DIRECTION('center_axis',(-1.,0.,3.64246399155235E-16));
#3424=DIRECTION('ref_axis',(3.64246399155235E-16,0.,1.));
#3425=DIRECTION('center_axis',(0.,1.,0.));
#3426=DIRECTION('ref_axis',(3.64246399155235E-16,0.,1.));
#3427=DIRECTION('',(3.64246399155235E-16,0.,1.));
#3428=DIRECTION('',(1.,0.,-3.60272802073542E-16));
#3429=DIRECTION('',(3.64246399155235E-16,0.,1.));
#3430=DIRECTION('',(1.,0.,-3.60272802073542E-16));
#3431=DIRECTION('center_axis',(-3.60272802073542E-16,0.,-1.));
#3432=DIRECTION('ref_axis',(0.,1.,0.));
#3433=DIRECTION('',(0.,1.,0.));
#3434=DIRECTION('',(1.,0.,-3.60272802073542E-16));
#3435=DIRECTION('',(0.,1.,0.));
#3436=DIRECTION('center_axis',(0.,-1.,0.));
#3437=DIRECTION('ref_axis',(-3.64246399155235E-16,0.,-1.));
#3438=DIRECTION('',(-3.64246399155235E-16,0.,-1.));
#3439=DIRECTION('',(1.,0.,-3.60272802073542E-16));
#3440=DIRECTION('',(-3.64246399155235E-16,0.,-1.));
#3441=DIRECTION('center_axis',(3.60272802073542E-16,0.,1.));
#3442=DIRECTION('ref_axis',(0.,-1.,0.));
#3443=DIRECTION('',(0.,-1.,0.));
#3444=DIRECTION('',(0.,-1.,0.));
#3445=DIRECTION('center_axis',(-1.,0.,3.64246399155235E-16));
#3446=DIRECTION('ref_axis',(3.64246399155235E-16,0.,1.));
#3447=DIRECTION('center_axis',(-1.,0.,3.64246399155235E-16));
#3448=DIRECTION('ref_axis',(3.64246399155235E-16,0.,1.));
#3449=DIRECTION('center_axis',(0.,-1.,0.));
#3450=DIRECTION('ref_axis',(0.,0.,-1.));
#3451=DIRECTION('',(0.,0.,1.));
#3452=DIRECTION('',(1.,0.,0.));
#3453=DIRECTION('',(0.,0.,-1.));
#3454=DIRECTION('',(-1.,0.,0.));
#3455=DIRECTION('center_axis',(0.,0.,-1.));
#3456=DIRECTION('ref_axis',(-1.,0.,0.));
#3457=DIRECTION('',(0.,1.,0.));
#3458=DIRECTION('',(-1.,0.,0.));
#3459=DIRECTION('',(0.,-1.,0.));
#3460=DIRECTION('center_axis',(-1.,0.,3.64246399155235E-16));
#3461=DIRECTION('ref_axis',(3.64246399155235E-16,0.,1.));
#3462=DIRECTION('',(3.64246399155235E-16,0.,1.));
#3463=DIRECTION('',(0.,-1.,0.));
#3464=DIRECTION('center_axis',(0.,0.,1.));
#3465=DIRECTION('ref_axis',(1.,0.,0.));
#3466=DIRECTION('',(1.,0.,0.));
#3467=DIRECTION('',(0.,-1.,0.));
#3468=DIRECTION('center_axis',(1.,0.,-3.64246399155235E-16));
#3469=DIRECTION('ref_axis',(-3.64246399155235E-16,0.,-1.));
#3470=DIRECTION('',(-3.64246399155235E-16,0.,-1.));
#3471=DIRECTION('center_axis',(0.,-1.,0.));
#3472=DIRECTION('ref_axis',(0.,0.,-1.));
#3473=DIRECTION('',(0.,0.,1.));
#3474=DIRECTION('',(1.,0.,0.));
#3475=DIRECTION('axis',(0.,0.,1.));
#3476=DIRECTION('refdir',(1.,0.,0.));
#3477=DIRECTION('center_axis',(-1.,0.,0.));
#3478=DIRECTION('ref_axis',(0.,-1.,0.));
#3479=DIRECTION('',(0.,1.,0.));
#3480=DIRECTION('',(0.,0.,1.));
#3481=DIRECTION('',(0.,-1.,0.));
#3482=DIRECTION('',(0.,0.,1.));
#3483=DIRECTION('center_axis',(1.,0.,0.));
#3484=DIRECTION('ref_axis',(0.,1.,0.));
#3485=DIRECTION('',(0.,-1.,0.));
#3486=DIRECTION('',(0.,0.,1.));
#3487=DIRECTION('',(0.,1.,0.));
#3488=DIRECTION('',(0.,0.,1.));
#3489=DIRECTION('center_axis',(0.,-1.,0.));
#3490=DIRECTION('ref_axis',(1.,0.,2.77897947538995E-24));
#3491=DIRECTION('',(-1.,0.,0.));
#3492=DIRECTION('',(1.,0.,2.77897947538995E-24));
#3493=DIRECTION('center_axis',(0.,0.,1.));
#3494=DIRECTION('ref_axis',(1.,0.,0.));
#3495=DIRECTION('',(-1.,0.,-2.77897947538995E-24));
#3496=DIRECTION('center_axis',(0.,0.,1.));
#3497=DIRECTION('ref_axis',(1.,0.,0.));
#3498=DIRECTION('',(-1.,0.,0.));
#3499=DIRECTION('',(0.,-1.,0.));
#3500=DIRECTION('',(1.,0.,0.));
#3501=DIRECTION('',(0.,1.,0.));
#3502=DIRECTION('',(1.,0.,0.));
#3503=DIRECTION('',(0.,-1.,0.));
#3504=DIRECTION('',(1.,0.,0.));
#3505=DIRECTION('',(0.,1.,0.));
#3506=DIRECTION('',(-1.,0.,0.));
#3507=DIRECTION('',(0.,-1.,0.));
#3508=DIRECTION('center_axis',(0.,0.,-1.));
#3509=DIRECTION('ref_axis',(1.,0.,0.));
#3510=DIRECTION('',(-1.,0.,0.));
#3511=DIRECTION('',(0.,1.,0.));
#3512=DIRECTION('',(1.,0.,0.));
#3513=DIRECTION('',(0.,-1.,0.));
#3514=DIRECTION('',(-1.,0.,0.));
#3515=DIRECTION('center_axis',(-0.707106781186547,0.,-0.707106781186548));
#3516=DIRECTION('ref_axis',(0.707106781186548,0.,-0.707106781186547));
#3517=DIRECTION('',(0.707106781186545,0.,-0.70710678118655));
#3518=DIRECTION('',(0.,1.,0.));
#3519=DIRECTION('',(0.707106781186548,0.,-0.707106781186547));
#3520=DIRECTION('',(0.,-1.,0.));
#3521=DIRECTION('',(0.707106781186548,0.,-0.707106781186547));
#3522=DIRECTION('',(0.,-1.,0.));
#3523=DIRECTION('center_axis',(0.707106781186548,0.,-0.707106781186547));
#3524=DIRECTION('ref_axis',(0.707106781186547,0.,0.707106781186548));
#3525=DIRECTION('',(0.,-1.,0.));
#3526=DIRECTION('',(0.707106781186548,0.,0.707106781186547));
#3527=DIRECTION('',(0.,-1.,0.));
#3528=DIRECTION('',(0.707106781186547,0.,0.707106781186548));
#3529=DIRECTION('',(0.707106781186547,0.,0.707106781186548));
#3530=DIRECTION('center_axis',(0.,-1.,0.));
#3531=DIRECTION('ref_axis',(-3.64246401934215E-16,0.,1.));
#3532=DIRECTION('',(-0.707106781186547,0.,-0.707106781186548));
#3533=DIRECTION('',(-0.707106781186548,0.,0.707106781186547));
#3534=DIRECTION('center_axis',(0.,-1.,0.));
#3535=DIRECTION('ref_axis',(-3.64246401934215E-16,0.,1.));
#3536=DIRECTION('',(-1.,0.,0.));
#3537=DIRECTION('center_axis',(0.707106781186547,0.,0.707106781186548));
#3538=DIRECTION('ref_axis',(-0.707106781186548,0.,0.707106781186547));
#3539=DIRECTION('',(-0.707106781186546,0.,0.707106781186549));
#3540=DIRECTION('',(0.,-1.,0.));
#3541=DIRECTION('',(-0.707106781186548,0.,0.707106781186547));
#3542=DIRECTION('center_axis',(-0.707106781186548,0.,0.707106781186547));
#3543=DIRECTION('ref_axis',(-0.707106781186547,0.,-0.707106781186548));
#3544=DIRECTION('',(0.707106781186547,0.,0.707106781186548));
#3545=DIRECTION('',(-0.707106781186547,0.,-0.707106781186548));
#3546=DIRECTION('center_axis',(0.,-1.,0.));
#3547=DIRECTION('ref_axis',(0.,0.,-1.));
#3548=DIRECTION('center_axis',(-1.13826999736011E-16,1.,0.));
#3549=DIRECTION('ref_axis',(-1.,-1.13826999736011E-16,0.));
#3550=DIRECTION('',(-1.,-1.13826999736011E-16,0.));
#3551=DIRECTION('',(0.,0.,-1.));
#3552=DIRECTION('',(0.,0.,1.));
#3553=DIRECTION('center_axis',(-1.,-1.85210033468764E-16,0.));
#3554=DIRECTION('ref_axis',(1.85210033468764E-16,-1.,0.));
#3555=DIRECTION('',(1.85210033468764E-16,-1.,0.));
#3556=DIRECTION('',(0.,0.,1.));
#3557=DIRECTION('center_axis',(0.,-1.,0.));
#3558=DIRECTION('ref_axis',(0.,0.,-1.));
#3559=DIRECTION('',(1.,0.,0.));
#3560=DIRECTION('',(0.,0.,1.));
#3561=DIRECTION('center_axis',(1.,1.85210033468764E-16,0.));
#3562=DIRECTION('ref_axis',(-1.85210033468764E-16,1.,0.));
#3563=DIRECTION('',(-1.85210033468764E-16,1.,0.));
#3564=DIRECTION('center_axis',(0.,-1.,0.));
#3565=DIRECTION('ref_axis',(0.,0.,-1.));
#3566=DIRECTION('',(1.,0.,0.));
#3567=DIRECTION('',(0.,0.,-1.));
#3568=DIRECTION('',(0.,0.,1.));
#3569=DIRECTION('center_axis',(0.,0.,1.));
#3570=DIRECTION('ref_axis',(1.,0.,0.));
#3571=DIRECTION('center_axis',(0.,0.,1.));
#3572=DIRECTION('ref_axis',(1.,0.,0.));
#3573=DIRECTION('',(0.,0.,1.));
#3574=DIRECTION('center_axis',(1.,0.,0.));
#3575=DIRECTION('ref_axis',(0.,0.,-1.));
#3576=DIRECTION('',(0.,0.,1.));
#3577=DIRECTION('',(0.,1.,0.));
#3578=DIRECTION('center_axis',(0.,-1.,0.));
#3579=DIRECTION('ref_axis',(0.,0.,-1.));
#3580=DIRECTION('',(0.,0.,1.));
#3581=DIRECTION('',(1.,0.,0.));
#3582=DIRECTION('center_axis',(-1.,0.,0.));
#3583=DIRECTION('ref_axis',(0.,0.,1.));
#3584=DIRECTION('',(0.,0.,1.));
#3585=DIRECTION('',(0.,-1.,0.));
#3586=DIRECTION('center_axis',(0.,1.,0.));
#3587=DIRECTION('ref_axis',(0.,0.,1.));
#3588=DIRECTION('',(-1.,0.,0.));
#3589=DIRECTION('center_axis',(0.,1.,0.));
#3590=DIRECTION('ref_axis',(0.,0.,1.));
#3591=DIRECTION('',(0.,0.,1.));
#3592=DIRECTION('',(-1.,0.,0.));
#3593=DIRECTION('center_axis',(1.,1.22464679914735E-16,0.));
#3594=DIRECTION('ref_axis',(-1.22464679914735E-16,1.,0.));
#3595=DIRECTION('',(-1.22464679914735E-16,1.,0.));
#3596=DIRECTION('center_axis',(0.,0.,1.));
#3597=DIRECTION('ref_axis',(1.,0.,0.));
#3598=DIRECTION('axis',(0.,0.,1.));
#3599=DIRECTION('refdir',(1.,0.,0.));
#3600=DIRECTION('axis',(0.,0.,1.));
#3601=DIRECTION('refdir',(1.,0.,0.));
#3602=DIRECTION('center_axis',(0.,1.,0.));
#3603=DIRECTION('ref_axis',(-1.,0.,0.));
#3604=DIRECTION('',(1.,0.,0.));
#3605=DIRECTION('',(0.,0.,1.));
#3606=DIRECTION('',(1.,0.,0.));
#3607=DIRECTION('',(0.,0.,1.));
#3608=DIRECTION('center_axis',(1.,0.,0.));
#3609=DIRECTION('ref_axis',(0.,1.,0.));
#3610=DIRECTION('',(0.,-1.,0.));
#3611=DIRECTION('',(0.,0.,1.));
#3612=DIRECTION('',(0.,-1.,0.));
#3613=DIRECTION('center_axis',(0.,-1.,0.));
#3614=DIRECTION('ref_axis',(1.,0.,0.));
#3615=DIRECTION('',(-1.,0.,0.));
#3616=DIRECTION('',(0.,0.,1.));
#3617=DIRECTION('',(-1.,0.,0.));
#3618=DIRECTION('center_axis',(-1.,0.,0.));
#3619=DIRECTION('ref_axis',(0.,-1.,0.));
#3620=DIRECTION('',(0.,1.,0.));
#3621=DIRECTION('',(0.,1.,0.));
#3622=DIRECTION('center_axis',(0.,0.,-1.));
#3623=DIRECTION('ref_axis',(-1.,0.,0.));
#3624=DIRECTION('center_axis',(0.,0.,1.));
#3625=DIRECTION('ref_axis',(1.,0.,0.));
#3626=DIRECTION('center_axis',(0.,-1.,0.));
#3627=DIRECTION('ref_axis',(0.,0.,-1.));
#3628=DIRECTION('',(0.,0.,-1.));
#3629=DIRECTION('',(1.,0.,0.));
#3630=DIRECTION('',(0.,0.,1.));
#3631=DIRECTION('',(-1.,0.,0.));
#3632=DIRECTION('center_axis',(0.,0.,1.));
#3633=DIRECTION('ref_axis',(1.,0.,0.));
#3634=DIRECTION('',(0.,1.,0.));
#3635=DIRECTION('',(0.,-1.,0.));
#3636=DIRECTION('',(-1.,0.,0.));
#3637=DIRECTION('',(0.,1.,0.));
#3638=DIRECTION('',(-1.,0.,0.));
#3639=DIRECTION('center_axis',(1.,0.,-2.73184799366426E-16));
#3640=DIRECTION('ref_axis',(-2.73184799366426E-16,0.,-1.));
#3641=DIRECTION('',(2.73184799366426E-16,0.,1.));
#3642=DIRECTION('',(0.,-1.,0.));
#3643=DIRECTION('center_axis',(0.,0.,-1.));
#3644=DIRECTION('ref_axis',(-1.,0.,0.));
#3645=DIRECTION('',(0.,-1.,0.));
#3646=DIRECTION('',(1.,0.,0.));
#3647=DIRECTION('',(0.,-1.,0.));
#3648=DIRECTION('',(1.,0.,0.));
#3649=DIRECTION('center_axis',(-1.,0.,2.73184799366426E-16));
#3650=DIRECTION('ref_axis',(2.73184799366426E-16,0.,1.));
#3651=DIRECTION('',(-2.73184799366426E-16,0.,-1.));
#3652=DIRECTION('center_axis',(1.16417284311952E-16,-1.,0.));
#3653=DIRECTION('ref_axis',(1.,1.16417284311952E-16,0.));
#3654=DIRECTION('',(0.,0.,-1.));
#3655=DIRECTION('center_axis',(0.,-1.,0.));
#3656=DIRECTION('ref_axis',(0.,0.,-1.));
#3657=DIRECTION('',(0.,0.,1.));
#3658=DIRECTION('center_axis',(-1.,-1.39110296041566E-16,0.));
#3659=DIRECTION('ref_axis',(1.39110296041566E-16,-1.,0.));
#3660=DIRECTION('',(0.,0.,1.));
#3661=DIRECTION('',(1.,0.,0.));
#3662=DIRECTION('axis',(0.,0.,1.));
#3663=DIRECTION('refdir',(1.,0.,0.));
#3664=DIRECTION('center_axis',(0.,1.,0.));
#3665=DIRECTION('ref_axis',(0.,0.,1.));
#3666=DIRECTION('',(-1.,0.,0.));
#3667=DIRECTION('',(0.,0.,-1.));
#3668=DIRECTION('',(1.,0.,0.));
#3669=DIRECTION('',(0.,0.,1.));
#3670=DIRECTION('center_axis',(0.,-2.42830932770157E-16,1.));
#3671=DIRECTION('ref_axis',(0.,-1.,-2.42830932770157E-16));
#3672=DIRECTION('',(0.,-1.,0.));
#3673=DIRECTION('',(-1.,0.,0.));
#3674=DIRECTION('',(0.,-1.,0.));
#3675=DIRECTION('center_axis',(-1.,0.,0.));
#3676=DIRECTION('ref_axis',(0.,0.,1.));
#3677=DIRECTION('',(0.,1.,1.21415466385078E-16));
#3678=DIRECTION('',(0.,0.,-1.));
#3679=DIRECTION('',(0.,-1.,0.));
#3680=DIRECTION('',(0.,0.,-1.));
#3681=DIRECTION('center_axis',(0.,0.,1.));
#3682=DIRECTION('ref_axis',(1.,0.,0.));
#3683=DIRECTION('center_axis',(0.,0.,1.));
#3684=DIRECTION('ref_axis',(1.,0.,0.));
#3685=DIRECTION('',(0.,0.,1.));
#3686=DIRECTION('center_axis',(0.,0.,1.));
#3687=DIRECTION('ref_axis',(1.,0.,0.));
#3688=DIRECTION('center_axis',(0.,1.21415466385078E-16,-1.));
#3689=DIRECTION('ref_axis',(0.,1.,1.21415466385078E-16));
#3690=DIRECTION('',(0.,-1.,-1.21415466385078E-16));
#3691=DIRECTION('',(1.,0.,0.));
#3692=DIRECTION('center_axis',(-1.,0.,0.));
#3693=DIRECTION('ref_axis',(0.,0.,1.));
#3694=DIRECTION('',(0.,0.,-1.));
#3695=DIRECTION('',(0.,-1.,0.));
#3696=DIRECTION('',(0.,0.,-1.));
#3697=DIRECTION('center_axis',(0.,-1.,0.));
#3698=DIRECTION('ref_axis',(0.,0.,-1.));
#3699=DIRECTION('',(1.,0.,0.));
#3700=DIRECTION('center_axis',(0.,-1.,0.));
#3701=DIRECTION('ref_axis',(0.,0.,-1.));
#3702=DIRECTION('',(-1.,0.,0.));
#3703=DIRECTION('center_axis',(0.,0.,1.));
#3704=DIRECTION('ref_axis',(1.,0.,0.));
#3705=DIRECTION('center_axis',(0.,0.,1.));
#3706=DIRECTION('ref_axis',(1.,0.,0.));
#3707=DIRECTION('axis',(0.,0.,1.));
#3708=DIRECTION('refdir',(1.,0.,0.));
#3709=DIRECTION('center_axis',(-1.,0.,0.));
#3710=DIRECTION('ref_axis',(0.,0.,1.));
#3711=DIRECTION('',(0.,0.,-1.));
#3712=DIRECTION('',(0.,1.,0.));
#3713=DIRECTION('',(0.,0.,1.));
#3714=DIRECTION('',(0.,-1.,0.));
#3715=DIRECTION('center_axis',(0.,0.,-1.));
#3716=DIRECTION('ref_axis',(-1.,0.,0.));
#3717=DIRECTION('',(0.,1.,0.));
#3718=DIRECTION('',(1.,0.,0.));
#3719=DIRECTION('',(-1.,0.,0.));
#3720=DIRECTION('center_axis',(0.,-1.,0.));
#3721=DIRECTION('ref_axis',(0.,0.,-1.));
#3722=DIRECTION('',(0.,0.,-1.));
#3723=DIRECTION('',(-1.,0.,0.));
#3724=DIRECTION('center_axis',(0.,0.,-1.));
#3725=DIRECTION('ref_axis',(-1.,0.,0.));
#3726=DIRECTION('',(0.,1.,0.));
#3727=DIRECTION('',(-1.,0.,0.));
#3728=DIRECTION('center_axis',(0.,1.,0.));
#3729=DIRECTION('ref_axis',(0.,0.,1.));
#3730=DIRECTION('',(0.,0.,1.));
#3731=DIRECTION('center_axis',(1.,0.,0.));
#3732=DIRECTION('ref_axis',(0.,0.,-1.));
#3733=DIRECTION('axis',(0.,0.,1.));
#3734=DIRECTION('refdir',(1.,0.,0.));
#3735=DIRECTION('center_axis',(0.,0.,-1.));
#3736=DIRECTION('ref_axis',(-1.,0.,0.));
#3737=DIRECTION('center_axis',(0.,0.,-1.));
#3738=DIRECTION('ref_axis',(-1.,0.,0.));
#3739=DIRECTION('',(0.,0.,1.));
#3740=DIRECTION('center_axis',(0.,0.,-1.));
#3741=DIRECTION('ref_axis',(-1.,0.,0.));
#3742=DIRECTION('center_axis',(0.,0.,1.));
#3743=DIRECTION('ref_axis',(1.,0.,0.));
#3744=DIRECTION('center_axis',(0.,0.,-1.));
#3745=DIRECTION('ref_axis',(-1.,0.,0.));
#3746=DIRECTION('center_axis',(0.,0.,-1.));
#3747=DIRECTION('ref_axis',(1.,0.,0.));
#3748=DIRECTION('center_axis',(0.,0.,-1.));
#3749=DIRECTION('ref_axis',(1.,0.,0.));
#3750=DIRECTION('',(0.0741084901953994,-9.07567253074389E-18,0.997250185099486));
#3751=DIRECTION('center_axis',(0.,0.,-1.));
#3752=DIRECTION('ref_axis',(1.,0.,0.));
#3753=DIRECTION('center_axis',(0.,0.,-1.));
#3754=DIRECTION('ref_axis',(-1.,0.,0.));
#3755=DIRECTION('',(0.,0.,1.));
#3756=DIRECTION('center_axis',(0.,0.,-1.));
#3757=DIRECTION('ref_axis',(-1.,0.,0.));
#3758=DIRECTION('center_axis',(0.,0.,1.));
#3759=DIRECTION('ref_axis',(1.,0.,0.));
#3760=DIRECTION('center_axis',(0.,0.,1.));
#3761=DIRECTION('ref_axis',(1.,0.,0.));
#3762=DIRECTION('',(-0.866025403784439,-0.5,0.));
#3763=DIRECTION('center_axis',(0.,0.,1.));
#3764=DIRECTION('ref_axis',(-1.,0.,0.));
#3765=DIRECTION('',(0.866025403784439,-0.5,0.));
#3766=DIRECTION('',(0.,1.,0.));
#3767=DIRECTION('',(0.866025403784439,0.5,0.));
#3768=DIRECTION('',(0.866025403784439,-0.5,0.));
#3769=DIRECTION('',(-1.79231042559909E-16,1.,0.));
#3770=DIRECTION('center_axis',(0.,0.,1.));
#3771=DIRECTION('ref_axis',(1.,0.,0.));
#3772=DIRECTION('',(-0.866025403784439,-0.5,0.));
#3773=DIRECTION('',(-1.79231042559909E-16,1.,0.));
#3774=DIRECTION('',(0.866025403784439,-0.5,0.));
#3775=DIRECTION('',(0.866025403784439,0.5,0.));
#3776=DIRECTION('',(0.,1.,0.));
#3777=DIRECTION('',(0.866025403784439,-0.5,0.));
#3778=DIRECTION('center_axis',(0.,0.,1.));
#3779=DIRECTION('ref_axis',(-1.,0.,0.));
#3780=DIRECTION('center_axis',(0.,0.,-1.));
#3781=DIRECTION('ref_axis',(-1.,0.,0.));
#3782=DIRECTION('',(0.,0.,-1.));
#3783=DIRECTION('',(0.,0.,-1.));
#3784=DIRECTION('center_axis',(-0.5,-0.866025403784439,0.));
#3785=DIRECTION('ref_axis',(0.866025403784439,-0.5,0.));
#3786=DIRECTION('',(0.,0.,-1.));
#3787=DIRECTION('center_axis',(0.5,-0.866025403784439,0.));
#3788=DIRECTION('ref_axis',(0.866025403784439,0.5,0.));
#3789=DIRECTION('',(0.,0.,-1.));
#3790=DIRECTION('center_axis',(1.,1.79231042559909E-16,0.));
#3791=DIRECTION('ref_axis',(-1.79231042559909E-16,1.,0.));
#3792=DIRECTION('',(0.,0.,-1.));
#3793=DIRECTION('center_axis',(-1.,0.,0.));
#3794=DIRECTION('ref_axis',(0.,0.,1.));
#3795=DIRECTION('',(0.,0.,-1.));
#3796=DIRECTION('center_axis',(-0.5,0.866025403784439,0.));
#3797=DIRECTION('ref_axis',(-0.866025403784439,-0.5,0.));
#3798=DIRECTION('',(0.,0.,1.));
#3799=DIRECTION('center_axis',(0.5,0.866025403784439,0.));
#3800=DIRECTION('ref_axis',(-0.866025403784439,0.5,0.));
#3801=DIRECTION('center_axis',(0.,0.,1.));
#3802=DIRECTION('ref_axis',(1.,0.,0.));
#3803=DIRECTION('axis',(0.,0.,1.));
#3804=DIRECTION('refdir',(1.,0.,0.));
#3805=DIRECTION('center_axis',(1.,0.,0.));
#3806=DIRECTION('ref_axis',(0.,0.,-1.));
#3807=DIRECTION('',(0.,0.,1.));
#3808=DIRECTION('',(0.,-1.,0.));
#3809=DIRECTION('',(0.,0.,1.));
#3810=DIRECTION('',(0.,1.,0.));
#3811=DIRECTION('',(0.,0.,1.));
#3812=DIRECTION('',(0.,1.,0.));
#3813=DIRECTION('center_axis',(0.,-1.,0.));
#3814=DIRECTION('ref_axis',(0.,0.,-1.));
#3815=DIRECTION('',(1.,0.,0.));
#3816=DIRECTION('',(0.,0.,-1.));
#3817=DIRECTION('',(1.,0.,0.));
#3818=DIRECTION('center_axis',(0.,-7.90607563740057E-16,1.));
#3819=DIRECTION('ref_axis',(1.,0.,0.));
#3820=DIRECTION('center_axis',(0.,7.90607563740057E-16,-1.));
#3821=DIRECTION('ref_axis',(1.,0.,0.));
#3822=DIRECTION('center_axis',(2.61228946970625E-16,1.,0.));
#3823=DIRECTION('ref_axis',(0.,0.,1.));
#3824=DIRECTION('center_axis',(-2.61228946970625E-16,-1.,0.));
#3825=DIRECTION('ref_axis',(1.,-2.61228946970625E-16,0.));
#3826=DIRECTION('center_axis',(-2.61228946970625E-16,-1.,0.));
#3827=DIRECTION('ref_axis',(-1.,2.61228946970625E-16,0.));
#3828=DIRECTION('center_axis',(0.,7.90607563740057E-16,-1.));
#3829=DIRECTION('ref_axis',(0.,1.,7.90607563740057E-16));
#3830=DIRECTION('center_axis',(0.,7.90607563740057E-16,-1.));
#3831=DIRECTION('ref_axis',(1.,0.,0.));
#3832=DIRECTION('center_axis',(0.,7.90607563740057E-16,-1.));
#3833=DIRECTION('ref_axis',(1.,0.,0.));
#3834=DIRECTION('center_axis',(0.,7.90607563740057E-16,-1.));
#3835=DIRECTION('ref_axis',(1.,0.,0.));
#3836=DIRECTION('',(0.,-7.90607563740057E-16,1.));
#3837=DIRECTION('center_axis',(0.,0.,1.));
#3838=DIRECTION('ref_axis',(1.,0.,0.));
#3839=DIRECTION('center_axis',(0.937830077103115,-2.08240108957173E-16,
0.347094722634566));
#3840=DIRECTION('ref_axis',(0.347094722634566,-6.16297582203915E-32,-0.937830077103114));
#3841=DIRECTION('center_axis',(0.,0.,1.));
#3842=DIRECTION('ref_axis',(1.,0.,0.));
#3843=DIRECTION('center_axis',(-0.937830077103115,2.08240108957173E-16,
0.347094722634566));
#3844=DIRECTION('ref_axis',(0.347094722634566,-6.16297582203915E-32,0.937830077103114));
#3845=DIRECTION('center_axis',(0.,0.,-1.));
#3846=DIRECTION('ref_axis',(1.,0.,0.));
#3847=DIRECTION('center_axis',(0.,0.,1.));
#3848=DIRECTION('ref_axis',(1.,0.,0.));
#3849=DIRECTION('',(2.22044604925031E-16,1.,0.));
#3850=DIRECTION('',(-2.22044604925031E-16,-1.,0.));
#3851=DIRECTION('',(0.707106781186548,-0.707106781186547,0.));
#3852=DIRECTION('',(-1.,2.61228946970625E-16,0.));
#3853=DIRECTION('center_axis',(0.707106781186547,0.707106781186548,0.));
#3854=DIRECTION('ref_axis',(0.707106781186548,-0.707106781186547,0.));
#3855=DIRECTION('center_axis',(0.707106781186547,0.707106781186548,0.));
#3856=DIRECTION('ref_axis',(0.707106781186548,-0.707106781186547,0.));
#3857=DIRECTION('',(0.,0.,-1.));
#3858=DIRECTION('',(0.327904196030865,-0.327904196030865,0.885978372450876));
#3859=DIRECTION('center_axis',(-2.96059473233375E-16,-1.,0.));
#3860=DIRECTION('ref_axis',(-1.,2.96059473233375E-16,0.));
#3861=DIRECTION('',(-2.96059473233375E-16,-1.,0.));
#3862=DIRECTION('center_axis',(2.61228946970625E-16,1.,0.));
#3863=DIRECTION('ref_axis',(-1.,2.61228946970625E-16,0.));
#3864=DIRECTION('center_axis',(-2.61228946970625E-16,-1.,0.));
#3865=DIRECTION('ref_axis',(1.,-2.61228946970625E-16,0.));
#3866=DIRECTION('center_axis',(-2.61228946970625E-16,-1.,0.));
#3867=DIRECTION('ref_axis',(1.,-2.61228946970625E-16,0.));
#3868=DIRECTION('',(-2.61228946970625E-16,-1.,0.));
#3869=DIRECTION('center_axis',(0.,0.,-1.));
#3870=DIRECTION('ref_axis',(1.,-2.60985689354983E-16,0.));
#3871=DIRECTION('',(1.,-2.61228946970625E-16,-2.49262634400554E-16));
#3872=DIRECTION('',(-2.22044604925031E-16,-1.,0.));
#3873=DIRECTION('',(-1.,2.61228946970625E-16,0.));
#3874=DIRECTION('center_axis',(-0.937830077103115,2.08240108957173E-16,
-0.347094722634566));
#3875=DIRECTION('ref_axis',(0.347094722634566,-9.05867554582589E-17,-0.937830077103115));
#3876=DIRECTION('',(-0.347094722634566,9.06711888928889E-17,0.937830077103114));
#3877=DIRECTION('',(2.22044604925031E-16,1.,0.));
#3878=DIRECTION('',(-0.347094722634566,9.06711888928889E-17,0.937830077103114));
#3879=DIRECTION('center_axis',(0.,7.90607563740057E-16,-1.));
#3880=DIRECTION('ref_axis',(-1.,0.,0.));
#3881=DIRECTION('',(-1.,2.61228946970625E-16,0.));
#3882=DIRECTION('center_axis',(0.,0.,1.));
#3883=DIRECTION('ref_axis',(1.,0.,0.));
#3884=DIRECTION('',(-1.,2.61228946970625E-16,0.));
#3885=DIRECTION('',(-1.,2.61228946970625E-16,0.));
#3886=DIRECTION('',(-2.22044604925031E-16,-1.,0.));
#3887=DIRECTION('center_axis',(0.937830077103115,-2.08240108957173E-16,
-0.347094722634566));
#3888=DIRECTION('ref_axis',(0.347094722634566,-9.05867554582589E-17,0.937830077103115));
#3889=DIRECTION('',(-0.347094722634566,9.06711888928889E-17,-0.937830077103114));
#3890=DIRECTION('',(-2.70786103567111E-16,-1.,0.));
#3891=DIRECTION('center_axis',(-2.61228946970625E-16,-1.,0.));
#3892=DIRECTION('ref_axis',(-0.820699312365548,2.14390417148768E-16,-0.571360340488134));
#3893=DIRECTION('',(-2.61228946970625E-16,-1.,0.));
#3894=DIRECTION('center_axis',(-2.61228946970625E-16,-1.,0.));
#3895=DIRECTION('ref_axis',(1.,-2.61228946970625E-16,0.));
#3896=DIRECTION('center_axis',(-2.61228946970625E-16,-1.,0.));
#3897=DIRECTION('ref_axis',(1.,-2.61228946970625E-16,0.));
#3898=DIRECTION('center_axis',(0.,0.,-1.));
#3899=DIRECTION('ref_axis',(-1.,0.,0.));
#3900=DIRECTION('',(-2.22044604925031E-16,-1.,0.));
#3901=DIRECTION('',(1.,0.,0.));
#3902=DIRECTION('',(1.,-2.61228946970625E-16,0.));
#3903=DIRECTION('center_axis',(-2.22044604925031E-16,-1.,0.));
#3904=DIRECTION('ref_axis',(0.755901375291963,-1.67843822238991E-16,-0.654685505286103));
#3905=DIRECTION('',(-2.22044604925031E-16,-1.,0.));
#3906=DIRECTION('center_axis',(-2.61228946970625E-16,-1.,0.));
#3907=DIRECTION('ref_axis',(0.755901375291963,-1.97463320281167E-16,-0.654685505286103));
#3908=DIRECTION('center_axis',(2.61228946970625E-16,1.,0.));
#3909=DIRECTION('ref_axis',(0.755901375291963,-1.97463320281167E-16,-0.654685505286103));
#3910=DIRECTION('center_axis',(-2.22044604925031E-16,-1.,0.));
#3911=DIRECTION('ref_axis',(-0.755901375291963,1.67843822238992E-16,0.654685505286102));
#3912=DIRECTION('',(-2.22044604925031E-16,-1.,0.));
#3913=DIRECTION('center_axis',(2.61228946970625E-16,1.,0.));
#3914=DIRECTION('ref_axis',(-0.755901375291963,1.97463320281167E-16,0.654685505286102));
#3915=DIRECTION('center_axis',(-2.61228946970625E-16,-1.,0.));
#3916=DIRECTION('ref_axis',(-0.755901375291963,1.97463320281167E-16,0.654685505286102));
#3917=DIRECTION('center_axis',(-2.61228946970625E-16,-1.,0.));
#3918=DIRECTION('ref_axis',(0.,0.,-1.));
#3919=DIRECTION('',(1.,-2.61228946970625E-16,0.));
#3920=DIRECTION('center_axis',(2.61228946970625E-16,1.,0.));
#3921=DIRECTION('ref_axis',(0.,0.,1.));
#3922=DIRECTION('',(1.,0.,0.));
#3923=DIRECTION('',(0.,0.,1.));
#3924=DIRECTION('',(-1.,2.61228946970625E-16,0.));
#3925=DIRECTION('center_axis',(0.,0.,1.));
#3926=DIRECTION('ref_axis',(0.,-1.,0.));
#3927=DIRECTION('',(0.,-1.,0.));
#3928=DIRECTION('center_axis',(1.,0.,0.));
#3929=DIRECTION('ref_axis',(0.,0.,-1.));
#3930=DIRECTION('',(0.,1.,0.));
#3931=DIRECTION('center_axis',(0.,0.,1.));
#3932=DIRECTION('ref_axis',(-1.,2.61228946970625E-16,0.));
#3933=DIRECTION('axis',(0.,0.,1.));
#3934=DIRECTION('refdir',(1.,0.,0.));
#3935=DIRECTION('center_axis',(0.,1.,-6.21103790000086E-16));
#3936=DIRECTION('ref_axis',(1.,0.,0.));
#3937=DIRECTION('center_axis',(0.,1.,-4.93780845207522E-16));
#3938=DIRECTION('ref_axis',(1.,0.,0.));
#3939=DIRECTION('',(0.,1.,-6.21103790000086E-16));
#3940=DIRECTION('center_axis',(0.,1.,-4.45947323698808E-16));
#3941=DIRECTION('ref_axis',(1.,0.,0.));
#3942=DIRECTION('center_axis',(0.,1.,-6.21103790000086E-16));
#3943=DIRECTION('ref_axis',(1.,0.,0.));
#3944=DIRECTION('center_axis',(0.,1.,-4.93780845207522E-16));
#3945=DIRECTION('ref_axis',(1.,0.,0.));
#3946=DIRECTION('',(0.,1.,-6.21103790000086E-16));
#3947=DIRECTION('center_axis',(0.,1.,-4.45947323698808E-16));
#3948=DIRECTION('ref_axis',(1.,0.,0.));
#3949=DIRECTION('center_axis',(0.,1.,-4.93780845207522E-16));
#3950=DIRECTION('ref_axis',(0.,4.93780845207522E-16,1.));
#3951=DIRECTION('center_axis',(0.,1.,-6.21103790000086E-16));
#3952=DIRECTION('ref_axis',(1.,0.,0.));
#3953=DIRECTION('center_axis',(0.,1.,-4.93780845207522E-16));
#3954=DIRECTION('ref_axis',(1.,0.,0.));
#3955=DIRECTION('',(0.,1.,-6.21103790000086E-16));
#3956=DIRECTION('center_axis',(0.,1.,-4.45947323698808E-16));
#3957=DIRECTION('ref_axis',(1.,0.,0.));
#3958=DIRECTION('center_axis',(0.,1.,-6.21103790000086E-16));
#3959=DIRECTION('ref_axis',(1.,0.,0.));
#3960=DIRECTION('center_axis',(0.,1.,-4.93780845207522E-16));
#3961=DIRECTION('ref_axis',(1.,0.,0.));
#3962=DIRECTION('',(0.,1.,-6.21103790000086E-16));
#3963=DIRECTION('center_axis',(0.,1.,-4.45947323698808E-16));
#3964=DIRECTION('ref_axis',(1.,0.,0.));
#3965=DIRECTION('center_axis',(4.47447557100191E-31,-1.,4.93780845207522E-16));
#3966=DIRECTION('ref_axis',(3.50324616081204E-46,-4.93780845207522E-16,
-1.));
#3967=DIRECTION('center_axis',(-4.47447557100191E-31,1.,-4.93780845207522E-16));
#3968=DIRECTION('ref_axis',(1.,4.47447557100191E-31,7.79048809062404E-47));
#3969=DIRECTION('center_axis',(-4.47447557100191E-31,1.,-4.93780845207522E-16));
#3970=DIRECTION('ref_axis',(-1.,-4.47447557100191E-31,-6.6098984166265E-47));
#3971=DIRECTION('center_axis',(4.47447557100191E-31,-1.,4.93780845207522E-16));
#3972=DIRECTION('ref_axis',(1.,4.47447557100191E-31,-2.20941032930973E-46));
#3973=DIRECTION('center_axis',(0.,1.,-6.21103790000086E-16));
#3974=DIRECTION('ref_axis',(1.,0.,0.));
#3975=DIRECTION('',(0.,1.,-6.21103790000086E-16));
#3976=DIRECTION('center_axis',(0.,1.,-4.45947323698808E-16));
#3977=DIRECTION('ref_axis',(1.,0.,0.));
#3978=DIRECTION('center_axis',(0.,1.,-6.21103790000086E-16));
#3979=DIRECTION('ref_axis',(1.,0.,0.));
#3980=DIRECTION('center_axis',(0.,1.,-4.93780845207522E-16));
#3981=DIRECTION('ref_axis',(1.,0.,0.));
#3982=DIRECTION('',(0.,1.,-6.21103790000086E-16));
#3983=DIRECTION('center_axis',(0.,1.,-4.45947323698808E-16));
#3984=DIRECTION('ref_axis',(1.,0.,0.));
#3985=DIRECTION('center_axis',(0.,1.,-6.21103790000086E-16));
#3986=DIRECTION('ref_axis',(1.,0.,0.));
#3987=DIRECTION('center_axis',(0.,1.,-4.93780845207522E-16));
#3988=DIRECTION('ref_axis',(1.,0.,0.));
#3989=DIRECTION('',(0.,1.,-6.21103790000086E-16));
#3990=DIRECTION('center_axis',(0.,1.,-4.45947323698808E-16));
#3991=DIRECTION('ref_axis',(1.,0.,0.));
#3992=DIRECTION('center_axis',(0.,1.,-4.93780845207522E-16));
#3993=DIRECTION('ref_axis',(0.,4.93780845207522E-16,1.));
#3994=DIRECTION('center_axis',(0.,1.,-6.21103790000086E-16));
#3995=DIRECTION('ref_axis',(1.,0.,0.));
#3996=DIRECTION('center_axis',(0.,1.,-4.93780845207522E-16));
#3997=DIRECTION('ref_axis',(1.,0.,0.));
#3998=DIRECTION('',(0.,1.,-6.21103790000086E-16));
#3999=DIRECTION('center_axis',(0.,1.,-4.45947323698808E-16));
#4000=DIRECTION('ref_axis',(1.,0.,0.));
#4001=DIRECTION('center_axis',(0.,1.,-4.93780845207522E-16));
#4002=DIRECTION('ref_axis',(0.,4.93780845207522E-16,1.));
#4003=DIRECTION('center_axis',(0.,1.,-4.93780845207522E-16));
#4004=DIRECTION('ref_axis',(0.,4.93780845207522E-16,1.));
#4005=DIRECTION('center_axis',(0.,1.,-4.93780845207522E-16));
#4006=DIRECTION('ref_axis',(1.,0.,0.));
#4007=DIRECTION('center_axis',(0.,1.,-4.93780845207522E-16));
#4008=DIRECTION('ref_axis',(0.,4.93780845207522E-16,1.));
#4009=DIRECTION('center_axis',(0.,1.,-4.93780845207522E-16));
#4010=DIRECTION('ref_axis',(1.,0.,0.));
#4011=DIRECTION('center_axis',(0.,1.,-4.93780845207522E-16));
#4012=DIRECTION('ref_axis',(0.,4.93780845207522E-16,1.));
#4013=DIRECTION('center_axis',(0.,1.,-4.93780845207522E-16));
#4014=DIRECTION('ref_axis',(0.,4.93780845207522E-16,1.));
#4015=DIRECTION('center_axis',(0.,1.,-4.93780845207522E-16));
#4016=DIRECTION('ref_axis',(0.,4.93780845207522E-16,1.));
#4017=DIRECTION('center_axis',(0.,1.,-4.93780845207522E-16));
#4018=DIRECTION('ref_axis',(1.,0.,0.));
#4019=DIRECTION('center_axis',(0.,1.,-4.93780845207522E-16));
#4020=DIRECTION('ref_axis',(0.,4.93780845207522E-16,1.));
#4021=DIRECTION('center_axis',(0.,1.,-4.93780845207522E-16));
#4022=DIRECTION('ref_axis',(1.,0.,0.));
#4023=DIRECTION('center_axis',(0.,1.,-4.93780845207522E-16));
#4024=DIRECTION('ref_axis',(0.,4.93780845207522E-16,1.));
#4025=DIRECTION('center_axis',(0.,1.,-4.93780845207522E-16));
#4026=DIRECTION('ref_axis',(1.,0.,0.));
#4027=DIRECTION('center_axis',(0.,1.,-4.93780845207522E-16));
#4028=DIRECTION('ref_axis',(0.,4.93780845207522E-16,1.));
#4029=DIRECTION('center_axis',(0.,1.,-4.93780845207522E-16));
#4030=DIRECTION('ref_axis',(0.,4.93780845207522E-16,1.));
#4031=DIRECTION('center_axis',(0.,1.,-4.93780845207522E-16));
#4032=DIRECTION('ref_axis',(1.,0.,0.));
#4033=DIRECTION('center_axis',(0.,1.,-4.93780845207522E-16));
#4034=DIRECTION('ref_axis',(0.,4.93780845207522E-16,1.));
#4035=DIRECTION('center_axis',(0.,1.,-4.93780845207522E-16));
#4036=DIRECTION('ref_axis',(1.,0.,0.));
#4037=DIRECTION('center_axis',(0.,1.,-4.93780845207522E-16));
#4038=DIRECTION('ref_axis',(0.,4.93780845207522E-16,1.));
#4039=DIRECTION('center_axis',(0.,1.,-4.93780845207522E-16));
#4040=DIRECTION('ref_axis',(0.,4.93780845207522E-16,1.));
#4041=DIRECTION('center_axis',(0.,1.,-4.93780845207522E-16));
#4042=DIRECTION('ref_axis',(1.,0.,0.));
#4043=DIRECTION('center_axis',(0.,1.,-4.93780845207522E-16));
#4044=DIRECTION('ref_axis',(0.,4.93780845207522E-16,1.));
#4045=DIRECTION('center_axis',(0.,1.,-4.93780845207522E-16));
#4046=DIRECTION('ref_axis',(1.,0.,0.));
#4047=DIRECTION('center_axis',(0.,1.,-4.93780845207522E-16));
#4048=DIRECTION('ref_axis',(0.,4.93780845207522E-16,1.));
#4049=DIRECTION('center_axis',(0.,1.,-4.93780845207522E-16));
#4050=DIRECTION('ref_axis',(1.,0.,0.));
#4051=DIRECTION('center_axis',(0.,1.,-6.21103790000086E-16));
#4052=DIRECTION('ref_axis',(1.,0.,0.));
#4053=DIRECTION('',(0.,1.,-6.21103790000086E-16));
#4054=DIRECTION('center_axis',(0.,1.,-4.45947323698808E-16));
#4055=DIRECTION('ref_axis',(1.,0.,0.));
#4056=DIRECTION('center_axis',(0.,1.,-6.21103790000086E-16));
#4057=DIRECTION('ref_axis',(1.,0.,0.));
#4058=DIRECTION('',(0.,1.,-6.21103790000086E-16));
#4059=DIRECTION('center_axis',(0.,1.,-4.45947323698808E-16));
#4060=DIRECTION('ref_axis',(1.,0.,0.));
#4061=DIRECTION('center_axis',(0.,1.,-6.21103790000086E-16));
#4062=DIRECTION('ref_axis',(1.,0.,0.));
#4063=DIRECTION('',(0.,1.,-6.21103790000086E-16));
#4064=DIRECTION('center_axis',(0.,1.,-4.45947323698808E-16));
#4065=DIRECTION('ref_axis',(1.,0.,0.));
#4066=DIRECTION('center_axis',(0.,1.,-6.21103790000086E-16));
#4067=DIRECTION('ref_axis',(1.,0.,0.));
#4068=DIRECTION('',(0.,1.,-6.21103790000086E-16));
#4069=DIRECTION('center_axis',(0.,1.,-4.45947323698808E-16));
#4070=DIRECTION('ref_axis',(1.,0.,0.));
#4071=DIRECTION('center_axis',(0.,1.,-6.21103790000086E-16));
#4072=DIRECTION('ref_axis',(1.,0.,0.));
#4073=DIRECTION('',(0.,1.,-6.21103790000086E-16));
#4074=DIRECTION('center_axis',(0.,1.,-4.45947323698808E-16));
#4075=DIRECTION('ref_axis',(1.,0.,0.));
#4076=DIRECTION('center_axis',(0.,1.,-6.21103790000086E-16));
#4077=DIRECTION('ref_axis',(1.,0.,0.));
#4078=DIRECTION('',(0.,1.,-6.21103790000086E-16));
#4079=DIRECTION('center_axis',(0.,1.,-4.45947323698808E-16));
#4080=DIRECTION('ref_axis',(1.,0.,0.));
#4081=DIRECTION('center_axis',(0.,1.,-6.21103790000086E-16));
#4082=DIRECTION('ref_axis',(1.,0.,0.));
#4083=DIRECTION('',(0.,1.,-6.21103790000086E-16));
#4084=DIRECTION('center_axis',(0.,1.,-4.45947323698808E-16));
#4085=DIRECTION('ref_axis',(1.,0.,0.));
#4086=DIRECTION('center_axis',(0.,1.,-6.21103790000086E-16));
#4087=DIRECTION('ref_axis',(1.,0.,0.));
#4088=DIRECTION('',(0.,1.,-6.21103790000086E-16));
#4089=DIRECTION('center_axis',(0.,1.,-4.45947323698808E-16));
#4090=DIRECTION('ref_axis',(1.,0.,0.));
#4091=DIRECTION('center_axis',(0.,1.,-6.21103790000086E-16));
#4092=DIRECTION('ref_axis',(1.,0.,0.));
#4093=DIRECTION('',(0.,1.,-6.21103790000086E-16));
#4094=DIRECTION('center_axis',(0.,1.,-4.45947323698808E-16));
#4095=DIRECTION('ref_axis',(1.,0.,0.));
#4096=DIRECTION('center_axis',(0.,1.,-6.21103790000086E-16));
#4097=DIRECTION('ref_axis',(1.,0.,0.));
#4098=DIRECTION('',(0.,1.,-6.21103790000086E-16));
#4099=DIRECTION('center_axis',(0.,1.,-4.45947323698808E-16));
#4100=DIRECTION('ref_axis',(1.,0.,0.));
#4101=DIRECTION('center_axis',(0.,1.,-4.45947323698808E-16));
#4102=DIRECTION('ref_axis',(-1.,0.,0.));
#4103=DIRECTION('center_axis',(0.,-1.,4.45947323698808E-16));
#4104=DIRECTION('ref_axis',(1.,0.,0.));
#4105=DIRECTION('center_axis',(0.,-1.,4.45947323698808E-16));
#4106=DIRECTION('ref_axis',(-1.,0.,0.));
#4107=DIRECTION('center_axis',(0.,1.,-4.93780845207522E-16));
#4108=DIRECTION('ref_axis',(0.,4.93780845207522E-16,1.));
#4109=DIRECTION('',(0.,-1.,4.93780845207522E-16));
#4110=DIRECTION('center_axis',(0.,-1.,4.45947323698808E-16));
#4111=DIRECTION('ref_axis',(-1.,0.,0.));
#4112=DIRECTION('',(0.,-1.,4.45947323698808E-16));
#4113=DIRECTION('axis',(0.,0.,1.));
#4114=DIRECTION('refdir',(1.,0.,0.));
#4115=DIRECTION('center_axis',(0.,0.,1.));
#4116=DIRECTION('ref_axis',(1.,0.,0.));
#4117=DIRECTION('',(1.,0.,0.));
#4118=DIRECTION('',(0.,1.,0.));
#4119=DIRECTION('',(1.,0.,0.));
#4120=DIRECTION('',(-1.69176841847643E-15,-1.,0.));
#4121=DIRECTION('',(-1.,1.05234409917076E-15,0.));
#4122=DIRECTION('',(0.,1.,0.));
#4123=DIRECTION('',(1.,0.,0.));
#4124=DIRECTION('',(0.,-1.,0.));
#4125=DIRECTION('center_axis',(-1.,0.,0.));
#4126=DIRECTION('ref_axis',(0.,0.,1.));
#4127=DIRECTION('',(0.,0.,1.));
#4128=DIRECTION('',(0.,1.,-1.05735526154777E-16));
#4129=DIRECTION('',(0.,0.,-1.));
#4130=DIRECTION('',(0.,-1.,0.));
#4131=DIRECTION('center_axis',(-1.,0.,0.));
#4132=DIRECTION('ref_axis',(0.,0.,1.));
#4133=DIRECTION('',(0.,0.,-1.));
#4134=DIRECTION('',(0.,-1.,0.));
#4135=DIRECTION('',(0.,0.,1.));
#4136=DIRECTION('center_axis',(1.,-1.69176841847643E-15,0.));
#4137=DIRECTION('ref_axis',(1.69176841847643E-15,1.,0.));
#4138=DIRECTION('',(-1.69176841847643E-15,-1.,-1.2053237464902E-15));
#4139=DIRECTION('',(0.,0.,1.));
#4140=DIRECTION('',(0.,0.,1.));
#4141=DIRECTION('center_axis',(-1.05234409917076E-15,-1.,0.));
#4142=DIRECTION('ref_axis',(1.,-1.05234409917076E-15,0.));
#4143=DIRECTION('',(-1.,1.05234409917076E-15,1.45407497884829E-30));
#4144=DIRECTION('',(1.,0.,-1.8565964663893E-31));
#4145=DIRECTION('',(0.,0.,-1.));
#4146=DIRECTION('',(1.,0.,0.));
#4147=DIRECTION('center_axis',(-1.,0.,0.));
#4148=DIRECTION('ref_axis',(0.,0.,1.));
#4149=DIRECTION('',(0.,0.,1.));
#4150=DIRECTION('',(0.,0.,-1.));
#4151=DIRECTION('',(0.,-1.,0.));
#4152=DIRECTION('center_axis',(0.,1.,0.));
#4153=DIRECTION('ref_axis',(-1.,0.,0.));
#4154=DIRECTION('',(1.,0.,-1.8565964663893E-31));
#4155=DIRECTION('',(-1.,0.,0.));
#4156=DIRECTION('',(0.,0.,-1.));
#4157=DIRECTION('',(-1.,0.,1.8565964663893E-31));
#4158=DIRECTION('center_axis',(1.,0.,0.));
#4159=DIRECTION('ref_axis',(0.,-1.,0.));
#4160=DIRECTION('',(0.,1.,1.2053237464902E-15));
#4161=DIRECTION('',(0.,1.,0.));
#4162=DIRECTION('center_axis',(1.,0.,0.));
#4163=DIRECTION('ref_axis',(0.,-1.,0.));
#4164=DIRECTION('',(0.,0.,-1.));
#4165=DIRECTION('',(0.,1.,0.));
#4166=DIRECTION('',(0.,0.,1.));
#4167=DIRECTION('center_axis',(0.,0.,-1.));
#4168=DIRECTION('ref_axis',(-1.,0.,0.));
#4169=DIRECTION('center_axis',(0.,0.,-1.));
#4170=DIRECTION('ref_axis',(1.,0.,0.));
#4171=DIRECTION('center_axis',(1.8565964663893E-31,-1.2053237464902E-15,
1.));
#4172=DIRECTION('ref_axis',(1.,0.,-1.8565964663893E-31));
#4173=DIRECTION('center_axis',(-1.8565964663893E-31,1.2053237464902E-15,
-1.));
#4174=DIRECTION('ref_axis',(-1.,0.,1.8565964663893E-31));
#4175=DIRECTION('center_axis',(0.,0.,-1.));
#4176=DIRECTION('ref_axis',(1.,0.,0.));
#4177=DIRECTION('',(0.,0.,1.));
#4178=DIRECTION('center_axis',(0.,0.,1.));
#4179=DIRECTION('ref_axis',(1.,0.,0.));
#4180=DIRECTION('center_axis',(0.,1.,0.));
#4181=DIRECTION('ref_axis',(0.,0.,1.));
#4182=DIRECTION('',(1.,0.,0.));
#4183=DIRECTION('center_axis',(0.,0.,-1.));
#4184=DIRECTION('ref_axis',(-1.,0.,0.));
#4185=DIRECTION('',(-1.,0.,0.));
#4186=DIRECTION('center_axis',(0.,-1.,0.));
#4187=DIRECTION('ref_axis',(-1.,0.,0.));
#4188=DIRECTION('axis',(0.,0.,1.));
#4189=DIRECTION('refdir',(1.,0.,0.));
#4190=DIRECTION('center_axis',(-1.,0.,0.));
#4191=DIRECTION('ref_axis',(0.,0.,-1.));
#4192=DIRECTION('',(0.,0.,-1.));
#4193=DIRECTION('',(0.,-1.,0.));
#4194=DIRECTION('',(0.,0.,-1.));
#4195=DIRECTION('',(0.,-1.,0.));
#4196=DIRECTION('center_axis',(0.,0.,1.));
#4197=DIRECTION('ref_axis',(-1.,0.,0.));
#4198=DIRECTION('',(-1.,0.,0.));
#4199=DIRECTION('',(-1.,0.,0.));
#4200=DIRECTION('',(0.,-1.,0.));
#4201=DIRECTION('center_axis',(1.,0.,0.));
#4202=DIRECTION('ref_axis',(0.,0.,1.));
#4203=DIRECTION('',(0.,0.,1.));
#4204=DIRECTION('',(0.,0.,1.));
#4205=DIRECTION('',(0.,-1.,0.));
#4206=DIRECTION('center_axis',(0.,0.,-1.));
#4207=DIRECTION('ref_axis',(1.,0.,0.));
#4208=DIRECTION('',(1.,0.,0.));
#4209=DIRECTION('',(1.,0.,0.));
#4210=DIRECTION('center_axis',(0.,1.,0.));
#4211=DIRECTION('ref_axis',(-1.,0.,0.));
#4212=DIRECTION('center_axis',(0.,-1.,0.));
#4213=DIRECTION('ref_axis',(0.,0.,-1.));
#4214=DIRECTION('center_axis',(0.,0.,-1.));
#4215=DIRECTION('ref_axis',(1.,0.,0.));
#4216=DIRECTION('',(-1.,0.,0.));
#4217=DIRECTION('',(0.,-1.,0.));
#4218=DIRECTION('',(1.,0.,0.));
#4219=DIRECTION('',(0.,-1.,0.));
#4220=DIRECTION('center_axis',(-1.,0.,0.));
#4221=DIRECTION('ref_axis',(0.,0.,-1.));
#4222=DIRECTION('',(0.,0.,1.));
#4223=DIRECTION('',(0.,0.,-1.));
#4224=DIRECTION('',(0.,-1.,0.));
#4225=DIRECTION('center_axis',(0.,0.,1.));
#4226=DIRECTION('ref_axis',(-1.,0.,0.));
#4227=DIRECTION('',(-1.,0.,0.));
#4228=DIRECTION('',(-1.,0.,0.));
#4229=DIRECTION('',(0.,-1.,0.));
#4230=DIRECTION('center_axis',(1.,0.,0.));
#4231=DIRECTION('ref_axis',(0.,0.,1.));
#4232=DIRECTION('',(0.,0.,-1.));
#4233=DIRECTION('',(0.,0.,1.));
#4234=DIRECTION('center_axis',(0.,1.,0.));
#4235=DIRECTION('ref_axis',(-1.,0.,0.));
#4236=DIRECTION('center_axis',(0.,-1.,0.));
#4237=DIRECTION('ref_axis',(0.,0.,-1.));
#4238=DIRECTION('',(0.,0.,1.));
#4239=DIRECTION('',(1.,0.,0.));
#4240=DIRECTION('',(1.,0.,-3.64246399155235E-16));
#4241=DIRECTION('',(-3.64246399155235E-16,0.,-1.));
#4242=DIRECTION('',(-9.10615997888088E-17,0.,-1.));
#4243=DIRECTION('',(-1.,0.,9.10615997888088E-17));
#4244=DIRECTION('',(1.57091498817345E-46,6.12323399573677E-17,-1.));
#4245=DIRECTION('',(-1.,2.56549886753827E-30,1.94469227433161E-61));
#4246=DIRECTION('',(-2.35637248226015E-46,-6.12323399573677E-17,1.));
#4247=DIRECTION('',(1.,-3.84824830130736E-30,-3.88938454866321E-62));
#4248=DIRECTION('',(-2.09488880330588E-14,6.12323399573723E-17,-1.));
#4249=DIRECTION('',(0.923728021347068,0.383049008063239,-1.93276199051166E-14));
#4250=DIRECTION('',(1.,-1.26622869775401E-15,-2.93405894293425E-15));
#4251=DIRECTION('',(1.26622869775401E-15,1.,6.12323399573674E-17));
#4252=DIRECTION('',(-1.,1.14376401783928E-15,2.48811161923544E-15));
#4253=DIRECTION('',(-1.14376401783927E-15,-1.,7.21867756249398E-16));
#4254=DIRECTION('',(1.,-1.26622869775402E-15,-2.417817192405E-16));
#4255=DIRECTION('',(2.417817192405E-16,-7.0289812734381E-32,1.));
#4256=DIRECTION('',(0.,0.,1.));
#4257=DIRECTION('',(1.,0.,0.));
#4258=CARTESIAN_POINT('',(0.,0.,0.));
#4259=CARTESIAN_POINT('',(0.,0.,0.));
#4260=CARTESIAN_POINT('',(0.,0.,0.));
#4261=CARTESIAN_POINT('Origin',(-4.02492271066535E-14,89.9,-110.5));
#4262=CARTESIAN_POINT('',(190.5,89.9,-110.5));
#4263=CARTESIAN_POINT('',(190.5,89.9,-101.5));
#4264=CARTESIAN_POINT('',(190.5,89.9,-84.8750000000001));
#4265=CARTESIAN_POINT('',(-4.02492271066535E-14,89.9,-110.5));
#4266=CARTESIAN_POINT('',(-4.02492271066535E-14,89.9,-110.5));
#4267=CARTESIAN_POINT('',(-3.69710095142564E-14,89.9,-101.5));
#4268=CARTESIAN_POINT('',(-4.02492271066535E-14,89.9,-110.5));
#4269=CARTESIAN_POINT('',(-3.69710095142564E-14,89.9,-101.5));
#4270=CARTESIAN_POINT('Origin',(-4.02492271066535E-14,88.9,-110.5));
#4271=CARTESIAN_POINT('',(190.5,88.9,-110.5));
#4272=CARTESIAN_POINT('',(190.5,89.15,-110.5));
#4273=CARTESIAN_POINT('',(-4.02492271066535E-14,88.9,-110.5));
#4274=CARTESIAN_POINT('',(-4.02492271066535E-14,88.9,-110.5));
#4275=CARTESIAN_POINT('',(-4.02492271066535E-14,88.9,-110.5));
#4276=CARTESIAN_POINT('Origin',(-3.69710095142564E-14,88.9,-101.5));
#4277=CARTESIAN_POINT('',(190.5,88.9,-101.5));
#4278=CARTESIAN_POINT('',(190.5,88.9,-80.3750000000001));
#4279=CARTESIAN_POINT('',(-3.69710095142564E-14,88.9,-101.5));
#4280=CARTESIAN_POINT('',(-3.69710095142564E-14,88.9,-101.5));
#4281=CARTESIAN_POINT('',(-3.69710095142564E-14,88.9,-101.5));
#4282=CARTESIAN_POINT('Origin',(-3.69710095142564E-14,89.9,-101.5));
#4283=CARTESIAN_POINT('',(190.5,89.65,-101.5));
#4284=CARTESIAN_POINT('',(-3.69710095142564E-14,89.9,-101.5));
#4285=CARTESIAN_POINT('Origin',(-3.86101183104549E-14,89.4,-106.));
#4286=CARTESIAN_POINT('Origin',(190.5,89.4,-59.2500000000001));
#4287=CARTESIAN_POINT('Origin',(-6.192188785639E-15,89.9,-17.));
#4288=CARTESIAN_POINT('',(190.5,89.9,-17.0000000000001));
#4289=CARTESIAN_POINT('',(190.5,89.9,-8.00000000000007));
#4290=CARTESIAN_POINT('',(190.5,89.9,-38.1250000000001));
#4291=CARTESIAN_POINT('',(-6.192188785639E-15,89.9,-17.));
#4292=CARTESIAN_POINT('',(-6.192188785639E-15,89.9,-17.));
#4293=CARTESIAN_POINT('',(-2.91397119324188E-15,89.9,-8.));
#4294=CARTESIAN_POINT('',(-6.192188785639E-15,89.9,-17.));
#4295=CARTESIAN_POINT('',(-2.91397119324188E-15,89.9,-8.));
#4296=CARTESIAN_POINT('Origin',(-6.192188785639E-15,88.9,-17.));
#4297=CARTESIAN_POINT('',(190.5,88.9,-17.0000000000001));
#4298=CARTESIAN_POINT('',(190.5,89.15,-17.0000000000001));
#4299=CARTESIAN_POINT('',(-6.192188785639E-15,88.9,-17.));
#4300=CARTESIAN_POINT('',(-6.192188785639E-15,88.9,-17.));
#4301=CARTESIAN_POINT('',(-6.192188785639E-15,88.9,-17.));
#4302=CARTESIAN_POINT('Origin',(-2.91397119324188E-15,88.9,-8.));
#4303=CARTESIAN_POINT('',(190.5,88.9,-8.00000000000007));
#4304=CARTESIAN_POINT('',(190.5,88.9,-33.6250000000001));
#4305=CARTESIAN_POINT('',(-2.91397119324188E-15,88.9,-8.));
#4306=CARTESIAN_POINT('',(-2.91397119324188E-15,88.9,-8.));
#4307=CARTESIAN_POINT('',(-2.91397119324188E-15,88.9,-8.));
#4308=CARTESIAN_POINT('Origin',(-2.91397119324188E-15,89.9,-8.));
#4309=CARTESIAN_POINT('',(190.5,89.65,-8.00000000000007));
#4310=CARTESIAN_POINT('',(-2.91397119324188E-15,89.9,-8.));
#4311=CARTESIAN_POINT('Origin',(-4.55307998944044E-15,89.4,-12.5));
#4312=CARTESIAN_POINT('Origin',(190.5,89.4,-59.2500000000001));
#4313=CARTESIAN_POINT('Origin',(0.,88.9,0.));
#4314=CARTESIAN_POINT('',(190.5,88.9,-152.4));
#4315=CARTESIAN_POINT('',(190.5,88.9,0.));
#4316=CARTESIAN_POINT('',(190.5,88.9,0.));
#4317=CARTESIAN_POINT('',(-3.81639164714898E-14,88.9,-152.4));
#4318=CARTESIAN_POINT('',(0.,88.9,-152.4));
#4319=CARTESIAN_POINT('',(0.,88.9,0.));
#4320=CARTESIAN_POINT('',(0.,88.9,0.));
#4321=CARTESIAN_POINT('',(0.,88.9,0.));
#4322=CARTESIAN_POINT('Origin',(0.,88.9,0.));
#4323=CARTESIAN_POINT('',(0.,0.,0.));
#4324=CARTESIAN_POINT('',(0.,88.9,0.));
#4325=CARTESIAN_POINT('',(190.5,0.,0.));
#4326=CARTESIAN_POINT('',(0.,0.,0.));
#4327=CARTESIAN_POINT('',(190.5,88.9,0.));
#4328=CARTESIAN_POINT('Origin',(190.5,88.9,0.));
#4329=CARTESIAN_POINT('',(190.5,0.,-152.4));
#4330=CARTESIAN_POINT('',(190.5,0.,0.));
#4331=CARTESIAN_POINT('',(190.5,88.9,-152.4));
#4332=CARTESIAN_POINT('Origin',(-5.55111512312578E-14,88.9,-152.4));
#4333=CARTESIAN_POINT('',(-2.42861286636753E-14,0.,-152.4));
#4334=CARTESIAN_POINT('',(-5.55111512312578E-14,0.,-152.4));
#4335=CARTESIAN_POINT('',(-4.16333634234434E-14,88.9,-152.4));
#4336=CARTESIAN_POINT('Origin',(0.,88.9,0.));
#4337=CARTESIAN_POINT('',(0.,0.,0.));
#4338=CARTESIAN_POINT('Origin',(0.,0.,0.));
#4339=CARTESIAN_POINT('',(0.,0.,0.));
#4340=CARTESIAN_POINT('',(0.,0.,0.));
#4341=CARTESIAN_POINT('Origin',(34.7772846532941,-137.16,25.4));
#4342=CARTESIAN_POINT('',(34.7772846532941,-179.16,25.4));
#4343=CARTESIAN_POINT('',(34.7772846532941,-137.16,25.4));
#4344=CARTESIAN_POINT('',(34.7772846532941,-68.5800000000001,25.4));
#4345=CARTESIAN_POINT('',(34.7772846532941,-179.16,33.4));
#4346=CARTESIAN_POINT('',(34.7772846532941,-179.16,25.4));
#4347=CARTESIAN_POINT('',(34.7772846532941,-137.16,33.4));
#4348=CARTESIAN_POINT('',(34.7772846532941,-179.16,33.4));
#4349=CARTESIAN_POINT('',(34.7772846532941,-137.16,25.4));
#4350=CARTESIAN_POINT('Origin',(76.7772846532941,-179.16,25.4));
#4351=CARTESIAN_POINT('',(76.7772846532941,-137.16,25.4));
#4352=CARTESIAN_POINT('',(76.7772846532941,-179.16,25.4));
#4353=CARTESIAN_POINT('',(76.7772846532941,-89.5800000000001,25.4));
#4354=CARTESIAN_POINT('',(76.7772846532941,-137.16,33.4));
#4355=CARTESIAN_POINT('',(76.7772846532941,-137.16,25.4));
#4356=CARTESIAN_POINT('',(76.7772846532941,-179.16,33.4));
#4357=CARTESIAN_POINT('',(76.7772846532941,-137.16,33.4));
#4358=CARTESIAN_POINT('',(76.7772846532941,-179.16,25.4));
#4359=CARTESIAN_POINT('Origin',(34.7772846532941,-179.16,25.4));
#4360=CARTESIAN_POINT('',(17.388642326647,-179.16,25.4));
#4361=CARTESIAN_POINT('',(76.7772846532941,-179.16,33.4));
#4362=CARTESIAN_POINT('Origin',(55.7772846532941,-158.16,33.4));
#4363=CARTESIAN_POINT('',(34.7772846532941,-137.16,33.4));
#4364=CARTESIAN_POINT('Origin',(0.,0.,25.4));
#4365=CARTESIAN_POINT('',(1.67972554971051E-14,-137.16,25.4));
#4366=CARTESIAN_POINT('',(0.,-137.16,25.4));
#4367=CARTESIAN_POINT('',(1.95190330082101E-14,-226.06,25.4));
#4368=CARTESIAN_POINT('',(1.67972554971051E-14,0.,25.4));
#4369=CARTESIAN_POINT('',(200.857904651133,-226.06,25.4));
#4370=CARTESIAN_POINT('',(0.,-226.06,25.4));
#4371=CARTESIAN_POINT('',(200.857904651133,-200.66,25.4));
#4372=CARTESIAN_POINT('',(200.857904651133,0.,25.4));
#4373=CARTESIAN_POINT('',(237.678698310208,-200.66,25.4));
#4374=CARTESIAN_POINT('',(0.,-200.66,25.4));
#4375=CARTESIAN_POINT('',(237.678698310208,-226.06,25.4));
#4376=CARTESIAN_POINT('',(237.678698310208,0.,25.4));
#4377=CARTESIAN_POINT('',(273.431,-226.06,25.4));
#4378=CARTESIAN_POINT('',(0.,-226.06,25.4));
#4379=CARTESIAN_POINT('',(273.431,0.,25.4));
#4380=CARTESIAN_POINT('',(273.431,0.,25.4));
#4381=CARTESIAN_POINT('',(165.1,0.,25.4));
#4382=CARTESIAN_POINT('',(0.,0.,25.4));
#4383=CARTESIAN_POINT('',(165.1,-129.54,25.4));
#4384=CARTESIAN_POINT('',(165.1,0.,25.4));
#4385=CARTESIAN_POINT('',(157.48,-137.16,25.4));
#4386=CARTESIAN_POINT('Origin',(157.48,-129.54,25.4));
#4387=CARTESIAN_POINT('',(0.,-137.16,25.4));
#4388=CARTESIAN_POINT('',(204.028301480671,-175.26,25.4));
#4389=CARTESIAN_POINT('',(204.028301480671,-25.4,25.4));
#4390=CARTESIAN_POINT('',(204.028301480671,0.,25.4));
#4391=CARTESIAN_POINT('',(234.508301480671,-25.4,25.4));
#4392=CARTESIAN_POINT('',(0.,-25.4,25.4));
#4393=CARTESIAN_POINT('',(234.508301480671,-175.26,25.4));
#4394=CARTESIAN_POINT('',(234.508301480671,0.,25.4));
#4395=CARTESIAN_POINT('',(0.,-175.26,25.4));
#4396=CARTESIAN_POINT('Origin',(188.155603108463,-200.66,12.6976984573296));
#4397=CARTESIAN_POINT('',(188.155603108463,-226.06,12.6976984573296));
#4398=CARTESIAN_POINT('',(200.853301565792,-226.06,-1.38777878078145E-14));
#4399=CARTESIAN_POINT('',(188.155603108463,-226.06,12.6976984573296));
#4400=CARTESIAN_POINT('',(200.853301565792,-200.66,1.29697684883579E-14));
#4401=CARTESIAN_POINT('',(200.853301565792,0.,0.));
#4402=CARTESIAN_POINT('',(219.268301480671,-200.66,-18.4149999148785));
#4403=CARTESIAN_POINT('',(188.155603108463,-200.66,12.6976984573296));
#4404=CARTESIAN_POINT('',(219.268301480671,-232.66,-18.4149999148785));
#4405=CARTESIAN_POINT('',(219.268301480671,-200.66,-18.4149999148785));
#4406=CARTESIAN_POINT('',(188.155603108463,-232.66,12.6976984573296));
#4407=CARTESIAN_POINT('',(188.155603108463,-232.66,12.6976984573296));
#4408=CARTESIAN_POINT('',(188.155603108463,-200.66,12.6976984573296));
#4409=CARTESIAN_POINT('Origin',(219.268301480671,-200.66,-18.4149999148785));
#4410=CARTESIAN_POINT('',(237.683301395549,-200.66,3.18032637262415E-15));
#4411=CARTESIAN_POINT('',(237.683301395549,-226.06,1.05529011455256E-14));
#4412=CARTESIAN_POINT('',(237.683301395549,0.,0.));
#4413=CARTESIAN_POINT('',(250.380999852879,-226.06,12.6976984573295));
#4414=CARTESIAN_POINT('',(237.683301395549,-226.06,-1.04083408558608E-14));
#4415=CARTESIAN_POINT('',(250.380999852879,-232.66,12.6976984573295));
#4416=CARTESIAN_POINT('',(250.380999852879,-200.66,12.6976984573295));
#4417=CARTESIAN_POINT('',(219.268301480671,-232.66,-18.4149999148785));
#4418=CARTESIAN_POINT('',(219.268301480671,-200.66,-18.4149999148785));
#4419=CARTESIAN_POINT('Origin',(219.268301480671,-200.66,12.6976984573295));
#4420=CARTESIAN_POINT('',(219.268301480671,-200.66,43.8103968295376));
#4421=CARTESIAN_POINT('',(219.268301480671,-200.66,43.8103968295376));
#4422=CARTESIAN_POINT('',(250.380999852879,-200.66,12.6976984573295));
#4423=CARTESIAN_POINT('Origin',(219.268301480671,-200.66,12.6976984573295));
#4424=CARTESIAN_POINT('',(0.,-200.66,4.33680868994202E-15));
#4425=CARTESIAN_POINT('Origin',(250.380999852879,-200.66,12.6976984573295));
#4426=CARTESIAN_POINT('',(250.380999852879,-226.06,12.6976984573295));
#4427=CARTESIAN_POINT('',(219.268301480671,-232.66,43.8103968295376));
#4428=CARTESIAN_POINT('',(219.268301480671,-200.66,43.8103968295376));
#4429=CARTESIAN_POINT('',(250.380999852879,-232.66,12.6976984573295));
#4430=CARTESIAN_POINT('Origin',(219.268301480671,-200.66,43.8103968295376));
#4431=CARTESIAN_POINT('',(188.155603108463,-226.06,12.6976984573296));
#4432=CARTESIAN_POINT('',(219.268301480671,-232.66,43.8103968295376));
#4433=CARTESIAN_POINT('Origin',(219.268301480671,-232.66,12.6976984573295));
#4434=CARTESIAN_POINT('Origin',(204.028301480671,-25.4,-6.93889390390723E-15));
#4435=CARTESIAN_POINT('',(234.508301480671,-25.4,-1.30104260698261E-15));
#4436=CARTESIAN_POINT('',(204.028301480671,-25.4,-1.30104260698261E-15));
#4437=CARTESIAN_POINT('',(204.028301480671,-25.4,-1.73472347597681E-15));
#4438=CARTESIAN_POINT('',(234.508301480671,-25.4,-6.93889390390723E-15));
#4439=CARTESIAN_POINT('',(204.028301480671,-25.4,-6.93889390390723E-15));
#4440=CARTESIAN_POINT('Origin',(204.028301480671,-25.4,-6.93889390390723E-15));
#4441=CARTESIAN_POINT('',(204.028301480671,-175.26,-2.16840434497101E-15));
#4442=CARTESIAN_POINT('',(204.028301480671,-25.4,-3.46944695195361E-15));
#4443=CARTESIAN_POINT('',(204.028301480671,-175.26,-6.93889390390723E-15));
#4444=CARTESIAN_POINT('Origin',(204.028301480671,-175.26,-6.93889390390723E-15));
#4445=CARTESIAN_POINT('',(234.508301480671,-175.26,-1.73472347597681E-15));
#4446=CARTESIAN_POINT('',(204.028301480671,-175.26,-5.20417042793042E-15));
#4447=CARTESIAN_POINT('',(234.508301480671,-175.26,-6.93889390390723E-15));
#4448=CARTESIAN_POINT('Origin',(234.508301480671,-25.4,-6.93889390390723E-15));
#4449=CARTESIAN_POINT('',(234.508301480671,-25.4,-1.73472347597681E-15));
#4450=CARTESIAN_POINT('Origin',(1.67972554971051E-14,-137.16,25.4));
#4451=CARTESIAN_POINT('',(1.67972554971051E-14,-137.16,0.));
#4452=CARTESIAN_POINT('',(157.48,-137.16,0.));
#4453=CARTESIAN_POINT('',(1.67972554971051E-14,-137.16,0.));
#4454=CARTESIAN_POINT('',(1.67972554971051E-14,-137.16,25.4));
#4455=CARTESIAN_POINT('',(157.48,-137.16,25.4));
#4456=CARTESIAN_POINT('Origin',(157.48,-129.54,25.4));
#4457=CARTESIAN_POINT('',(165.1,-129.54,0.));
#4458=CARTESIAN_POINT('Origin',(157.48,-129.54,0.));
#4459=CARTESIAN_POINT('',(165.1,-129.54,25.4));
#4460=CARTESIAN_POINT('Origin',(165.1,0.,25.4));
#4461=CARTESIAN_POINT('',(165.1,0.,0.));
#4462=CARTESIAN_POINT('',(165.1,0.,25.4));
#4463=CARTESIAN_POINT('',(165.1,0.,0.));
#4464=CARTESIAN_POINT('Origin',(165.1,0.,25.4));
#4465=CARTESIAN_POINT('',(273.431,0.,0.));
#4466=CARTESIAN_POINT('',(273.431,0.,25.4));
#4467=CARTESIAN_POINT('',(165.1,0.,0.));
#4468=CARTESIAN_POINT('Origin',(273.431,0.,25.4));
#4469=CARTESIAN_POINT('',(273.431,-226.06,0.));
#4470=CARTESIAN_POINT('',(273.431,-226.06,25.4));
#4471=CARTESIAN_POINT('',(273.431,0.,0.));
#4472=CARTESIAN_POINT('Origin',(2.76843655415251E-14,-226.06,25.4));
#4473=CARTESIAN_POINT('',(2.76843655415251E-14,-226.06,0.));
#4474=CARTESIAN_POINT('Origin',(2.76843655415251E-14,-226.06,25.4));
#4475=CARTESIAN_POINT('',(2.58698472007884E-14,-226.06,-2.31296463463574E-15));
#4476=CARTESIAN_POINT('',(2.49625880304201E-14,-226.06,25.4));
#4477=CARTESIAN_POINT('',(2.76843655415251E-14,-226.06,-3.46944695195361E-15));
#4478=CARTESIAN_POINT('Origin',(1.67972554971051E-14,-137.16,25.4));
#4479=CARTESIAN_POINT('',(1.67972554971051E-14,-137.16,0.));
#4480=CARTESIAN_POINT('Origin',(0.,0.,0.));
#4481=CARTESIAN_POINT('',(0.,0.,0.));
#4482=CARTESIAN_POINT('',(0.,0.,0.));
#4483=CARTESIAN_POINT('Origin',(101.6,22.1412000000002,-152.4));
#4484=CARTESIAN_POINT('',(41.9963599999955,22.1412000000002,0.));
#4485=CARTESIAN_POINT('',(101.6,22.1412000000002,0.));
#4486=CARTESIAN_POINT('',(86.6990899999988,22.1412000000002,0.));
#4487=CARTESIAN_POINT('',(101.6,22.1412000000002,-152.4));
#4488=CARTESIAN_POINT('',(101.6,22.1412000000002,-152.4));
#4489=CARTESIAN_POINT('',(41.9963599999955,22.1412000000002,-152.4));
#4490=CARTESIAN_POINT('',(41.9963599999955,22.1412000000002,-152.4));
#4491=CARTESIAN_POINT('',(41.9963599999955,22.1412000000002,-152.4));
#4492=CARTESIAN_POINT('Origin',(101.6,12.1412,-152.4));
#4493=CARTESIAN_POINT('',(101.6,12.1412,0.));
#4494=CARTESIAN_POINT('',(101.6,14.6412000000001,0.));
#4495=CARTESIAN_POINT('',(101.6,12.1412,-152.4));
#4496=CARTESIAN_POINT('',(101.6,12.1412,-152.4));
#4497=CARTESIAN_POINT('',(101.6,22.1412000000002,-152.4));
#4498=CARTESIAN_POINT('Origin',(41.9963599999955,12.1412,-152.4));
#4499=CARTESIAN_POINT('',(41.9963599999955,12.1412,0.));
#4500=CARTESIAN_POINT('',(56.8972699999966,12.1412,0.));
#4501=CARTESIAN_POINT('',(41.9963599999955,12.1412,-152.4));
#4502=CARTESIAN_POINT('',(41.9963599999955,12.1412,-152.4));
#4503=CARTESIAN_POINT('',(101.6,12.1412,-152.4));
#4504=CARTESIAN_POINT('Origin',(41.9963599999955,22.1412000000002,-152.4));
#4505=CARTESIAN_POINT('',(41.9963599999955,19.6412000000002,0.));
#4506=CARTESIAN_POINT('',(41.9963599999955,12.1412,-152.4));
#4507=CARTESIAN_POINT('Origin',(71.7981799999977,17.1412000000001,-152.4));
#4508=CARTESIAN_POINT('Origin',(71.7981799999977,17.1412000000001,0.));
#4509=CARTESIAN_POINT('Origin',(0.,0.,0.));
#4510=CARTESIAN_POINT('',(0.,0.,0.));
#4511=CARTESIAN_POINT('',(-2.60208521396521E-14,0.,-152.4));
#4512=CARTESIAN_POINT('',(0.,0.,0.));
#4513=CARTESIAN_POINT('',(101.6,0.,-152.4));
#4514=CARTESIAN_POINT('',(0.,0.,-152.4));
#4515=CARTESIAN_POINT('',(101.6,0.,-1.89560033896382E-30));
#4516=CARTESIAN_POINT('',(101.6,0.,0.));
#4517=CARTESIAN_POINT('',(0.,0.,0.));
#4518=CARTESIAN_POINT('Origin',(-4.16333634234434E-14,62.02172,-152.4));
#4519=CARTESIAN_POINT('',(101.6,12.1412,-152.4));
#4520=CARTESIAN_POINT('',(101.6,62.02172,-152.4));
#4521=CARTESIAN_POINT('',(-1.56125112837913E-14,62.02172,-152.4));
#4522=CARTESIAN_POINT('',(-2.08166817117217E-14,62.02172,-152.4));
#4523=CARTESIAN_POINT('',(41.99636,62.02172,-152.4));
#4524=CARTESIAN_POINT('',(-4.16333634234434E-14,62.02172,-152.4));
#4525=CARTESIAN_POINT('',(41.99636,12.1412,-152.4));
#4526=CARTESIAN_POINT('',(41.99636,62.02172,-152.4));
#4527=CARTESIAN_POINT('',(-4.16333634234434E-14,12.1412,-152.4));
#4528=CARTESIAN_POINT('Origin',(0.,62.02172,0.));
#4529=CARTESIAN_POINT('',(0.,62.02172,0.));
#4530=CARTESIAN_POINT('',(0.,62.02172,0.));
#4531=CARTESIAN_POINT('',(0.,62.02172,0.));
#4532=CARTESIAN_POINT('Origin',(0.,62.02172,0.));
#4533=CARTESIAN_POINT('',(41.99636,62.02172,0.));
#4534=CARTESIAN_POINT('',(41.99636,12.1412,0.));
#4535=CARTESIAN_POINT('',(41.99636,62.02172,0.));
#4536=CARTESIAN_POINT('',(0.,62.02172,0.));
#4537=CARTESIAN_POINT('',(101.6,12.1412,-1.89560033896382E-30));
#4538=CARTESIAN_POINT('',(101.6,62.02172,0.));
#4539=CARTESIAN_POINT('',(0.,12.1412,0.));
#4540=CARTESIAN_POINT('Origin',(101.6,62.02172,0.));
#4541=CARTESIAN_POINT('',(101.6,12.1412,0.));
#4542=CARTESIAN_POINT('Origin',(101.6,12.1412,-152.4));
#4543=CARTESIAN_POINT('',(41.99636,12.1412,-152.4));
#4544=CARTESIAN_POINT('Origin',(0.,62.02172,0.));
#4545=CARTESIAN_POINT('',(41.99636,62.02172,0.));
#4546=CARTESIAN_POINT('Origin',(41.99636,62.02172,-152.4));
#4547=CARTESIAN_POINT('',(0.,0.,0.));
#4548=CARTESIAN_POINT('',(0.,0.,0.));
#4549=CARTESIAN_POINT('Origin',(63.5,-53.5,12.7));
#4550=CARTESIAN_POINT('',(63.5,-53.5,-38.1));
#4551=CARTESIAN_POINT('',(0.,-53.5,-38.1));
#4552=CARTESIAN_POINT('',(63.5,-53.5,-38.1));
#4553=CARTESIAN_POINT('',(63.5,-53.5,12.7));
#4554=CARTESIAN_POINT('',(63.5,-53.5,6.35));
#4555=CARTESIAN_POINT('',(0.,-53.5,12.7));
#4556=CARTESIAN_POINT('',(63.5,-53.5,12.7));
#4557=CARTESIAN_POINT('',(0.,-53.5,6.35));
#4558=CARTESIAN_POINT('Origin',(63.5,-34.925,-38.1));
#4559=CARTESIAN_POINT('',(0.,-34.925,-38.1));
#4560=CARTESIAN_POINT('',(0.,0.,-38.1));
#4561=CARTESIAN_POINT('',(63.5,-34.925,-38.1));
#4562=CARTESIAN_POINT('',(63.5,-34.925,-38.1));
#4563=CARTESIAN_POINT('',(63.5,0.,-38.1));
#4564=CARTESIAN_POINT('Origin',(0.,0.,0.));
#4565=CARTESIAN_POINT('',(0.,34.925,12.7));
#4566=CARTESIAN_POINT('',(0.,-34.925,12.7));
#4567=CARTESIAN_POINT('',(0.,34.925,-12.7));
#4568=CARTESIAN_POINT('',(0.,34.925,0.));
#4569=CARTESIAN_POINT('',(0.,-34.925,-12.7));
#4570=CARTESIAN_POINT('',(0.,0.,-12.7));
#4571=CARTESIAN_POINT('',(0.,-34.925,0.));
#4572=CARTESIAN_POINT('Origin',(31.75,5.84543404187343,-2.1844));
#4573=CARTESIAN_POINT('',(16.75,5.84543404187343,-2.1844));
#4574=CARTESIAN_POINT('Origin',(31.75,5.84543404187343,-2.1844));
#4575=CARTESIAN_POINT('',(16.75,5.84543404187343,12.7));
#4576=CARTESIAN_POINT('',(16.75,5.84543404187343,-2.1844));
#4577=CARTESIAN_POINT('Origin',(31.75,5.84543404187343,12.7));
#4578=CARTESIAN_POINT('Origin',(63.5,-34.925,12.7));
#4579=CARTESIAN_POINT('',(63.5,34.925,12.7));
#4580=CARTESIAN_POINT('',(63.5,-34.925,12.7));
#4581=CARTESIAN_POINT('',(63.5,34.925,12.7));
#4582=CARTESIAN_POINT('Origin',(63.5,0.,0.));
#4583=CARTESIAN_POINT('',(63.5,-34.925,-12.7));
#4584=CARTESIAN_POINT('',(63.5,-34.925,0.));
#4585=CARTESIAN_POINT('',(63.5,34.925,-12.7));
#4586=CARTESIAN_POINT('',(63.5,0.,-12.7));
#4587=CARTESIAN_POINT('',(63.5,34.925,0.));
#4588=CARTESIAN_POINT('Origin',(63.5,34.925,12.7));
#4589=CARTESIAN_POINT('',(63.5,34.925,-12.7));
#4590=CARTESIAN_POINT('Origin',(63.5,-34.925,-12.7));
#4591=CARTESIAN_POINT('',(63.5,-34.925,-12.7));
#4592=CARTESIAN_POINT('Origin',(63.5,-34.925,-12.7));
#4593=CARTESIAN_POINT('Origin',(31.75,5.84543404187343,-2.1844));
#4594=CARTESIAN_POINT('',(0.,0.,0.));
#4595=CARTESIAN_POINT('Origin',(31.75,-31.75,101.6));
#4596=CARTESIAN_POINT('',(31.75,31.75,101.6));
#4597=CARTESIAN_POINT('',(31.75,31.75,0.));
#4598=CARTESIAN_POINT('',(31.75,31.75,101.6));
#4599=CARTESIAN_POINT('',(31.75,-31.75,101.6));
#4600=CARTESIAN_POINT('',(31.75,-31.75,101.6));
#4601=CARTESIAN_POINT('',(31.75,-31.75,0.));
#4602=CARTESIAN_POINT('',(31.75,-31.75,101.6));
#4603=CARTESIAN_POINT('',(31.75,-31.75,0.));
#4604=CARTESIAN_POINT('Origin',(0.,0.,0.));
#4605=CARTESIAN_POINT('',(-31.75,-31.75,0.));
#4606=CARTESIAN_POINT('',(-31.75,31.75,0.));
#4607=CARTESIAN_POINT('',(-31.75,0.,0.));
#4608=CARTESIAN_POINT('',(0.,31.75,0.));
#4609=CARTESIAN_POINT('',(0.,-31.75,0.));
#4610=CARTESIAN_POINT('Origin',(-31.75,31.75,101.6));
#4611=CARTESIAN_POINT('',(-31.75,31.75,101.6));
#4612=CARTESIAN_POINT('',(-31.75,31.75,101.6));
#4613=CARTESIAN_POINT('',(-31.75,31.75,101.6));
#4614=CARTESIAN_POINT('Origin',(0.,0.,101.6));
#4615=CARTESIAN_POINT('',(-31.75,-31.75,101.6));
#4616=CARTESIAN_POINT('',(-31.75,0.,101.6));
#4617=CARTESIAN_POINT('',(0.,-31.75,101.6));
#4618=CARTESIAN_POINT('Origin',(-31.75,-31.75,101.6));
#4619=CARTESIAN_POINT('',(-31.75,-31.75,101.6));
#4620=CARTESIAN_POINT('Origin',(-31.75,-31.75,101.6));
#4621=CARTESIAN_POINT('',(0.,0.,0.));
#4622=CARTESIAN_POINT('Origin',(0.,0.,45.));
#4623=CARTESIAN_POINT('',(15.,-1.83697019872103E-15,0.));
#4624=CARTESIAN_POINT('Origin',(0.,0.,0.));
#4625=CARTESIAN_POINT('',(15.,-1.83697019872103E-15,45.));
#4626=CARTESIAN_POINT('',(15.,-1.83697019872103E-15,45.));
#4627=CARTESIAN_POINT('Origin',(0.,0.,45.));
#4628=CARTESIAN_POINT('Origin',(0.,0.,45.));
#4629=CARTESIAN_POINT('',(11.5,-1.40834381901946E-15,45.));
#4630=CARTESIAN_POINT('Origin',(0.,0.,45.));
#4631=CARTESIAN_POINT('Origin',(0.,0.,47.196438076));
#4632=CARTESIAN_POINT('',(-9.232098376,1.13060597255819E-15,47.196438076));
#4633=CARTESIAN_POINT('Origin',(0.,0.,47.196438076));
#4634=CARTESIAN_POINT('',(-6.26963023695074,7.67808260151919E-16,87.061261826));
#4635=CARTESIAN_POINT('',(-9.232098376,1.13060597255819E-15,47.196438076));
#4636=CARTESIAN_POINT('Origin',(0.,0.,87.061261826));
#4637=CARTESIAN_POINT('Origin',(0.,0.,47.196438076));
#4638=CARTESIAN_POINT('',(11.5,-1.40834381901946E-15,47.196438076));
#4639=CARTESIAN_POINT('',(11.5,-1.40834381901946E-15,47.196438076));
#4640=CARTESIAN_POINT('Origin',(0.,0.,47.196438076));
#4641=CARTESIAN_POINT('Origin',(0.,0.,47.196438076));
#4642=CARTESIAN_POINT('Origin',(0.,0.,87.061261826));
#4643=CARTESIAN_POINT('',(-0.253999999999999,9.53205294432072,87.061261826));
#4644=CARTESIAN_POINT('',(-8.382,4.83934995634745,87.061261826));
#4645=CARTESIAN_POINT('',(-2.0955,8.46886242360803,87.061261826));
#4646=CARTESIAN_POINT('',(0.253999999999999,9.53205294432072,87.061261826));
#4647=CARTESIAN_POINT('Origin',(7.04731412115578E-16,9.09211203919823,87.061261826));
#4648=CARTESIAN_POINT('',(8.382,4.83934995634744,87.061261826));
#4649=CARTESIAN_POINT('',(6.2865,6.0491874454343,87.061261826));
#4650=CARTESIAN_POINT('',(8.382,-4.83934995634745,87.061261826));
#4651=CARTESIAN_POINT('',(8.382,-2.41967497817372,87.061261826));
#4652=CARTESIAN_POINT('',(8.88178419700125E-15,-9.67869991269489,87.061261826));
#4653=CARTESIAN_POINT('',(2.09550000000001,-8.46886242360803,87.061261826));
#4654=CARTESIAN_POINT('',(-8.382,-4.83934995634744,87.061261826));
#4655=CARTESIAN_POINT('',(-6.2865,-6.0491874454343,87.061261826));
#4656=CARTESIAN_POINT('',(-8.382,2.41967497817372,87.061261826));
#4657=CARTESIAN_POINT('Origin',(0.,0.,98.948461826));
#4658=CARTESIAN_POINT('',(-0.253999999999999,9.53205294432072,98.948461826));
#4659=CARTESIAN_POINT('',(-8.382,4.83934995634745,98.948461826));
#4660=CARTESIAN_POINT('',(-2.0955,8.46886242360803,98.948461826));
#4661=CARTESIAN_POINT('',(-8.382,-4.83934995634744,98.948461826));
#4662=CARTESIAN_POINT('',(-8.382,2.41967497817372,98.948461826));
#4663=CARTESIAN_POINT('',(9.99200722162641E-15,-9.67869991269489,98.948461826));
#4664=CARTESIAN_POINT('',(-6.2865,-6.0491874454343,98.948461826));
#4665=CARTESIAN_POINT('',(8.382,-4.83934995634745,98.948461826));
#4666=CARTESIAN_POINT('',(2.09550000000001,-8.46886242360803,98.948461826));
#4667=CARTESIAN_POINT('',(8.382,4.83934995634744,98.948461826));
#4668=CARTESIAN_POINT('',(8.382,-2.41967497817372,98.948461826));
#4669=CARTESIAN_POINT('',(0.253999999999999,9.53205294432072,98.948461826));
#4670=CARTESIAN_POINT('',(6.2865,6.0491874454343,98.948461826));
#4671=CARTESIAN_POINT('Origin',(7.04731412115578E-16,9.09211203919823,98.948461826));
#4672=CARTESIAN_POINT('Origin',(7.04731412115578E-16,9.09211203919823,98.948461826));
#4673=CARTESIAN_POINT('',(0.253999999999999,9.53205294432072,98.948461826));
#4674=CARTESIAN_POINT('',(-0.253999999999999,9.53205294432072,98.948461826));
#4675=CARTESIAN_POINT('Origin',(8.382,4.83934995634744,98.948461826));
#4676=CARTESIAN_POINT('',(8.382,4.83934995634744,98.948461826));
#4677=CARTESIAN_POINT('Origin',(1.74796406748429E-15,9.67869991269489,98.948461826));
#4678=CARTESIAN_POINT('',(-8.382,4.83934995634745,98.948461826));
#4679=CARTESIAN_POINT('Origin',(-8.382,4.83934995634745,98.948461826));
#4680=CARTESIAN_POINT('',(-8.382,-4.83934995634745,98.948461826));
#4681=CARTESIAN_POINT('Origin',(8.382,-4.83934995634745,98.948461826));
#4682=CARTESIAN_POINT('',(8.382,-4.83934995634745,98.948461826));
#4683=CARTESIAN_POINT('Origin',(8.35230494481911E-15,-9.67869991269489,
98.948461826));
#4684=CARTESIAN_POINT('',(9.99200722162641E-15,-9.67869991269489,98.948461826));
#4685=CARTESIAN_POINT('Origin',(-8.382,-4.83934995634744,98.948461826));
#4686=CARTESIAN_POINT('Origin',(0.,0.,0.));
#4687=CARTESIAN_POINT('',(0.,0.,0.));
#4688=CARTESIAN_POINT('Origin',(68.,-8.,75.));
#4689=CARTESIAN_POINT('',(68.,26.,-20.9849558400432));
#4690=CARTESIAN_POINT('',(68.,26.,59.9999999999999));
#4691=CARTESIAN_POINT('',(68.,26.,1.74999999999999));
#4692=CARTESIAN_POINT('',(68.,-24.4,59.9999999999999));
#4693=CARTESIAN_POINT('',(68.,9.,59.9999999999999));
#4694=CARTESIAN_POINT('',(68.,-24.4,-62.52519));
#4695=CARTESIAN_POINT('',(68.,-24.4,75.));
#4696=CARTESIAN_POINT('',(68.,-16.2600000000012,-62.52519));
#4697=CARTESIAN_POINT('',(68.,9.,-62.52519));
#4698=CARTESIAN_POINT('',(68.,-16.2600000000012,-20.9849558400432));
#4699=CARTESIAN_POINT('',(68.,-16.2600000000012,27.0075220799784));
#4700=CARTESIAN_POINT('',(68.,9.,-20.9849558400432));
#4701=CARTESIAN_POINT('Origin',(68.,-16.2600000000012,-20.9849558400432));
#4702=CARTESIAN_POINT('',(102.263,-16.2600000000012,-62.52519));
#4703=CARTESIAN_POINT('',(68.,-16.2600000000012,-62.52519));
#4704=CARTESIAN_POINT('',(102.263,-16.2600000000012,-20.9849558400432));
#4705=CARTESIAN_POINT('',(102.263,-16.2600000000012,-20.9849558400432));
#4706=CARTESIAN_POINT('',(68.,-16.2600000000012,-20.9849558400432));
#4707=CARTESIAN_POINT('Origin',(0.,78.2249999999993,94.0000161586605));
#4708=CARTESIAN_POINT('',(-5.50313408898849E-15,3.28850000000009,94.0000161586605));
#4709=CARTESIAN_POINT('Origin',(0.,48.225,94.0000161586605));
#4710=CARTESIAN_POINT('Origin',(45.,-2.75545529808154E-15,0.));
#4711=CARTESIAN_POINT('',(-45.0635,2.22044604925031E-14,-5.51868710333767E-15));
#4712=CARTESIAN_POINT('Origin',(2.1189981511405E-16,1.11022302462516E-14,
0.));
#4713=CARTESIAN_POINT('',(26.67,4.77078905219346E-15,-3.26613301332599E-15));
#4714=CARTESIAN_POINT('Origin',(2.7093762208886E-30,1.05672209974203E-14,
0.));
#4715=CARTESIAN_POINT('Origin',(0.,48.225,85.6681147457966));
#4716=CARTESIAN_POINT('',(39.0555810000311,26.,75.));
#4717=CARTESIAN_POINT('',(-5.50313408898849E-15,3.28850000000011,75.));
#4718=CARTESIAN_POINT('Origin',(0.,48.225,75.));
#4719=CARTESIAN_POINT('',(-39.0555810000311,26.,75.));
#4720=CARTESIAN_POINT('Origin',(0.,48.225,75.));
#4721=CARTESIAN_POINT('Origin',(0.,48.225,75.));
#4722=CARTESIAN_POINT('',(-5.50313408898849E-15,3.2885000000001,85.6681147457966));
#4723=CARTESIAN_POINT('Origin',(0.,48.225,67.0000000000001));
#4724=CARTESIAN_POINT('',(44.7499998422349,-4.29582933579752,75.));
#4725=CARTESIAN_POINT('',(47.7108323521644,-1.62152922986377,67.0000000000001));
#4726=CARTESIAN_POINT('Origin',(0.,48.225,195.91193863121));
#4727=CARTESIAN_POINT('',(-44.7499998422349,-4.29582933579753,75.));
#4728=CARTESIAN_POINT('Origin',(0.,48.225,75.));
#4729=CARTESIAN_POINT('',(-47.7108323521643,-1.62152922986379,67.0000000000001));
#4730=CARTESIAN_POINT('Origin',(0.,48.225,195.91193863121));
#4731=CARTESIAN_POINT('Origin',(0.,48.225,67.0000000000001));
#4732=CARTESIAN_POINT('Origin',(0.,48.225,67.0000000000001));
#4733=CARTESIAN_POINT('',(47.7108323521643,-24.4,67.0000000000001));
#4734=CARTESIAN_POINT('',(47.7108323521644,37.1125,67.0000000000001));
#4735=CARTESIAN_POINT('',(-47.7108323521644,-20.6626230176241,67.0000000000001));
#4736=CARTESIAN_POINT('',(-47.7108323521643,37.1125,67.0000000000001));
#4737=CARTESIAN_POINT('',(-43.9734553697884,-24.4,67.0000000000001));
#4738=CARTESIAN_POINT('',(-77.1770297590594,8.80357438927094,67.0000000000001));
#4739=CARTESIAN_POINT('',(-1.17846908702123E-14,-24.4,67.0000000000001));
#4740=CARTESIAN_POINT('Origin',(-96.0548318332246,27.6813764634361,67.0000000000001));
#4741=CARTESIAN_POINT('',(-43.9734553697884,-24.4,-51.8684414923104));
#4742=CARTESIAN_POINT('',(-63.7724452430118,-4.60101012677663,23.6024411391505));
#4743=CARTESIAN_POINT('Origin',(-1.80078220312632E-14,-68.3734553697884,
0.));
#4744=CARTESIAN_POINT('',(-43.9734553697884,-24.4,33.5));
#4745=CARTESIAN_POINT('',(-62.584769866779,-5.78868550300939,26.8114720377231));
#4746=CARTESIAN_POINT('Origin',(3.04837233647839E-30,1.1712248082308E-14,
0.));
#4747=CARTESIAN_POINT('',(26.67,-24.4,-3.26613301332599E-15));
#4748=CARTESIAN_POINT('',(26.67,3.81634193117389E-15,3.26613301332599E-15));
#4749=CARTESIAN_POINT('Origin',(-6.80936788436763E-15,-24.4,0.));
#4750=CARTESIAN_POINT('Origin',(5.90548593406867E-15,23.1681147457966,0.));
#4751=CARTESIAN_POINT('',(-45.0635,26.,-5.51868710333767E-15));
#4752=CARTESIAN_POINT('Origin',(6.64525633696586E-15,26.,0.));
#4753=CARTESIAN_POINT('',(-45.0635,23.1681147457966,-5.51868710333767E-15));
#4754=CARTESIAN_POINT('Origin',(50.3015607983527,26.,59.9999999999999));
#4755=CARTESIAN_POINT('',(50.3015607983527,26.,59.9999999999999));
#4756=CARTESIAN_POINT('',(34.,26.,59.9999999999999));
#4757=CARTESIAN_POINT('',(50.3015607983526,-24.4,59.9999999999999));
#4758=CARTESIAN_POINT('',(50.3015607983527,26.,59.9999999999999));
#4759=CARTESIAN_POINT('',(25.1507803991763,-24.4,59.9999999999999));
#4760=CARTESIAN_POINT('Origin',(44.7499998422349,26.,75.));
#4761=CARTESIAN_POINT('',(44.7499998422349,26.,75.));
#4762=CARTESIAN_POINT('',(44.3886222706752,26.,75.9764215175233));
#4763=CARTESIAN_POINT('',(44.749999842235,8.99999999999999,75.));
#4764=CARTESIAN_POINT('',(54.2612225426234,-24.4,49.3012205695753));
#4765=CARTESIAN_POINT('Origin',(0.,48.225,75.));
#4766=CARTESIAN_POINT('',(76.54892003353,26.,75.));
#4767=CARTESIAN_POINT('Origin',(-68.,-8.,75.));
#4768=CARTESIAN_POINT('',(-32.8004172733725,26.,75.));
#4769=CARTESIAN_POINT('',(-44.7499998422349,26.,75.));
#4770=CARTESIAN_POINT('',(-32.8004172733725,26.,75.));
#4771=CARTESIAN_POINT('',(-44.7499998422349,9.00000000000001,75.));
#4772=CARTESIAN_POINT('Origin',(-63.7724452430118,26.,23.6024411391505));
#4773=CARTESIAN_POINT('',(-63.7724452430118,26.,23.6024411391505));
#4774=CARTESIAN_POINT('',(-53.6108061213173,26.,51.0586085180655));
#4775=CARTESIAN_POINT('',(-63.7724452430118,-7.99999999999998,23.6024411391505));
#4776=CARTESIAN_POINT('Origin',(2.20436423846524E-15,9.,0.));
#4777=CARTESIAN_POINT('',(-4.54620547887256E-16,26.,-68.));
#4778=CARTESIAN_POINT('',(-4.44089209850063E-15,-24.4,-68.));
#4779=CARTESIAN_POINT('',(2.20436423846524E-15,9.,-68.));
#4780=CARTESIAN_POINT('Origin',(-6.67741995853602E-15,-24.4,0.));
#4781=CARTESIAN_POINT('Origin',(6.64525633696587E-15,26.,0.));
#4782=CARTESIAN_POINT('Origin',(68.,-8.,-68.));
#4783=CARTESIAN_POINT('',(24.8639608363583,26.,-68.));
#4784=CARTESIAN_POINT('',(24.8639608363583,-24.4,-68.));
#4785=CARTESIAN_POINT('',(24.8639608363583,26.,-68.));
#4786=CARTESIAN_POINT('',(-4.89551264638788E-15,-24.4,-68.));
#4787=CARTESIAN_POINT('',(34.,26.,-68.));
#4788=CARTESIAN_POINT('Origin',(23.9689589335861,26.,-60.0502219154206));
#4789=CARTESIAN_POINT('',(30.016169935923,26.,-65.2877059577105));
#4790=CARTESIAN_POINT('',(30.016169935923,-24.4,-65.2877059577105));
#4791=CARTESIAN_POINT('',(30.016169935923,26.,-65.2877059577105));
#4792=CARTESIAN_POINT('Origin',(23.9689589335861,-24.4,-60.0502219154206));
#4793=CARTESIAN_POINT('Origin',(23.9689589335861,26.,-60.0502219154206));
#4794=CARTESIAN_POINT('Origin',(36.0633809382606,26.,-70.5251900000009));
#4795=CARTESIAN_POINT('',(36.0633809382606,26.,-62.5251899999984));
#4796=CARTESIAN_POINT('',(36.0633809382606,-24.4,-62.5251899999984));
#4797=CARTESIAN_POINT('',(36.0633809382606,26.,-62.5251899999984));
#4798=CARTESIAN_POINT('Origin',(36.0633809382606,-24.4,-70.5251900000009));
#4799=CARTESIAN_POINT('Origin',(36.0633809382606,26.,-70.5251900000009));
#4800=CARTESIAN_POINT('Origin',(-4.44089209850063E-15,-24.4,0.));
#4801=CARTESIAN_POINT('',(34.,-24.4,-62.52519));
#4802=CARTESIAN_POINT('Origin',(68.,26.,0.));
#4803=CARTESIAN_POINT('',(102.263,26.,-20.9849558400432));
#4804=CARTESIAN_POINT('',(68.,26.,-20.9849558400432));
#4805=CARTESIAN_POINT('',(102.263,26.,-62.52519));
#4806=CARTESIAN_POINT('',(102.263,26.,-62.52519));
#4807=CARTESIAN_POINT('',(68.,26.,-62.52519));
#4808=CARTESIAN_POINT('Origin',(68.,26.,-20.9849558400432));
#4809=CARTESIAN_POINT('',(102.263,26.,-20.9849558400432));
#4810=CARTESIAN_POINT('Origin',(102.263,4.86999999999939,-41.7550729200216));
#4811=CARTESIAN_POINT('',(102.263,-16.2600000000012,-62.52519));
#4812=CARTESIAN_POINT('Origin',(68.,26.,-62.52519));
#4813=CARTESIAN_POINT('',(0.,0.,0.));
#4814=CARTESIAN_POINT('Origin',(-7.14880261977814E-15,-6.24346915322807E-14,
-31.75));
#4815=CARTESIAN_POINT('',(-2.00000000000001,18.5,-31.75));
#4816=CARTESIAN_POINT('Origin',(-7.14880261977814E-15,18.5,-31.75));
#4817=CARTESIAN_POINT('',(-2.00000000000001,26.,-31.75));
#4818=CARTESIAN_POINT('',(-2.00000000000001,-6.24346915322807E-14,-31.75));
#4819=CARTESIAN_POINT('Origin',(-7.14880261977814E-15,26.,-31.75));
#4820=CARTESIAN_POINT('Origin',(22.4506403026729,-5.55517826987848E-14,
-22.4506403026729));
#4821=CARTESIAN_POINT('',(20.4506403026729,18.5,-22.4506403026729));
#4822=CARTESIAN_POINT('Origin',(22.4506403026729,18.5,-22.4506403026729));
#4823=CARTESIAN_POINT('',(20.4506403026729,26.,-22.4506403026729));
#4824=CARTESIAN_POINT('',(20.4506403026729,-5.55517826987848E-14,-22.4506403026729));
#4825=CARTESIAN_POINT('Origin',(22.4506403026729,26.,-22.4506403026729));
#4826=CARTESIAN_POINT('Origin',(0.,18.5,-8.88178419700125E-15));
#4827=CARTESIAN_POINT('Origin',(31.75,-2.78562403188179E-14,-1.31642223883885E-15));
#4828=CARTESIAN_POINT('',(29.75,18.5,-1.2561912994011E-14));
#4829=CARTESIAN_POINT('Origin',(31.75,18.5,-1.28068423538405E-14));
#4830=CARTESIAN_POINT('',(29.75,26.,-1.72201914190116E-14));
#4831=CARTESIAN_POINT('',(29.75,-2.78562403188179E-14,-1.07149287900938E-15));
#4832=CARTESIAN_POINT('Origin',(31.75,26.,-1.74651207788411E-14));
#4833=CARTESIAN_POINT('Origin',(22.4506403026729,-2.23181589899782E-14,
22.4506403026729));
#4834=CARTESIAN_POINT('',(20.4506403026729,18.5,22.4506403026729));
#4835=CARTESIAN_POINT('Origin',(22.4506403026729,18.5,22.4506403026729));
#4836=CARTESIAN_POINT('',(20.4506403026729,26.,22.4506403026729));
#4837=CARTESIAN_POINT('',(20.4506403026729,-2.23181589899782E-14,22.4506403026729));
#4838=CARTESIAN_POINT('Origin',(22.4506403026729,26.,22.4506403026729));
#4839=CARTESIAN_POINT('Origin',(6.21724893790088E-14,-1.99999999999975,
44.96825));
#4840=CARTESIAN_POINT('',(-5.5070223425758E-15,-1.99999999999979,-44.96825));
#4841=CARTESIAN_POINT('Origin',(6.21724893790088E-14,-1.99999999999977,
8.92376073407774E-15));
#4842=CARTESIAN_POINT('',(26.5000000000001,-1.99999999999977,5.63647017926078E-15));
#4843=CARTESIAN_POINT('Origin',(6.21724893790088E-14,-1.99999999999977,
8.88178419700126E-15));
#4844=CARTESIAN_POINT('',(-2.,-1.99999999999976,31.75));
#4845=CARTESIAN_POINT('Origin',(3.26054903248529E-15,-1.99999999999976,
31.75));
#4846=CARTESIAN_POINT('Origin',(3.26054903248529E-15,-1.54352501564824E-14,
31.75));
#4847=CARTESIAN_POINT('',(-2.,26.,31.75));
#4848=CARTESIAN_POINT('',(-2.,-1.54352501564824E-14,31.75));
#4849=CARTESIAN_POINT('Origin',(3.26054903248529E-15,26.,31.75));
#4850=CARTESIAN_POINT('Origin',(-22.4506403026729,-2.23181589899782E-14,
22.4506403026729));
#4851=CARTESIAN_POINT('',(-24.4506403026729,18.5,22.4506403026729));
#4852=CARTESIAN_POINT('Origin',(-22.4506403026729,18.5,22.4506403026729));
#4853=CARTESIAN_POINT('',(-24.4506403026729,26.,22.4506403026729));
#4854=CARTESIAN_POINT('',(-24.4506403026729,-2.23181589899782E-14,22.4506403026729));
#4855=CARTESIAN_POINT('Origin',(-22.4506403026729,26.,22.4506403026729));
#4856=CARTESIAN_POINT('Origin',(-31.75,-2.78562403188179E-14,5.20467582613173E-15));
#4857=CARTESIAN_POINT('',(-33.75,18.5,-6.04081492904041E-15));
#4858=CARTESIAN_POINT('Origin',(-31.75,18.5,-6.28574428886989E-15));
#4859=CARTESIAN_POINT('',(-33.75,26.,-1.06990933540411E-14));
#4860=CARTESIAN_POINT('',(-33.75,-2.78562403188179E-14,5.4496051859612E-15));
#4861=CARTESIAN_POINT('Origin',(-31.75,26.,-1.09440227138705E-14));
#4862=CARTESIAN_POINT('Origin',(0.,18.5,-8.88178419700125E-15));
#4863=CARTESIAN_POINT('Origin',(-22.4506403026729,-5.55517826987848E-14,
-22.4506403026729));
#4864=CARTESIAN_POINT('',(-24.4506403026729,18.5,-22.4506403026729));
#4865=CARTESIAN_POINT('Origin',(-22.4506403026729,18.5,-22.4506403026729));
#4866=CARTESIAN_POINT('',(-24.4506403026729,26.,-22.4506403026729));
#4867=CARTESIAN_POINT('',(-24.4506403026729,-5.55517826987848E-14,-22.4506403026729));
#4868=CARTESIAN_POINT('Origin',(-22.4506403026729,26.,-22.4506403026729));
#4869=CARTESIAN_POINT('Origin',(0.,18.5,-8.88178419700125E-15));
#4870=CARTESIAN_POINT('Origin',(0.,18.5,-8.88178419700125E-15));
#4871=CARTESIAN_POINT('',(-1.5875,18.5,-40.));
#4872=CARTESIAN_POINT('Origin',(0.,18.5,-40.));
#4873=CARTESIAN_POINT('Origin',(0.,18.5,-8.88178419700125E-15));
#4874=CARTESIAN_POINT('',(10.5626989775916,18.5,-29.3331751572334));
#4875=CARTESIAN_POINT('Origin',(12.1501989775916,18.5,-29.3331751572334));
#4876=CARTESIAN_POINT('Origin',(0.,18.5,-8.88178419700125E-15));
#4877=CARTESIAN_POINT('Origin',(0.,18.5,-8.88178419700125E-15));
#4878=CARTESIAN_POINT('Origin',(0.,18.5,-8.88178419700125E-15));
#4879=CARTESIAN_POINT('',(10.5626989775916,18.5,29.3331751572333));
#4880=CARTESIAN_POINT('Origin',(12.1501989775916,18.5,29.3331751572333));
#4881=CARTESIAN_POINT('Origin',(0.,18.5,-8.88178419700125E-15));
#4882=CARTESIAN_POINT('',(-30.9206751572334,18.5,12.1501989775916));
#4883=CARTESIAN_POINT('Origin',(-29.3331751572334,18.5,12.1501989775916));
#4884=CARTESIAN_POINT('Origin',(0.,18.5,-8.88178419700125E-15));
#4885=CARTESIAN_POINT('',(-1.5875,18.5,40.));
#4886=CARTESIAN_POINT('Origin',(3.26054903248529E-15,18.5,40.));
#4887=CARTESIAN_POINT('Origin',(0.,18.5,-8.88178419700125E-15));
#4888=CARTESIAN_POINT('Origin',(0.,18.5,-8.88178419700125E-15));
#4889=CARTESIAN_POINT('',(-30.9206751572334,18.5,-12.1501989775916));
#4890=CARTESIAN_POINT('Origin',(-29.3331751572334,18.5,-12.1501989775916));
#4891=CARTESIAN_POINT('Origin',(0.,18.5,-8.88178419700125E-15));
#4892=CARTESIAN_POINT('',(-13.7376989775916,18.5,29.3331751572333));
#4893=CARTESIAN_POINT('Origin',(-12.1501989775916,18.5,29.3331751572333));
#4894=CARTESIAN_POINT('Origin',(0.,18.5,-8.88178419700125E-15));
#4895=CARTESIAN_POINT('Origin',(0.,18.5,-8.88178419700125E-15));
#4896=CARTESIAN_POINT('',(27.7456751572334,18.5,12.1501989775916));
#4897=CARTESIAN_POINT('Origin',(29.3331751572334,18.5,12.1501989775916));
#4898=CARTESIAN_POINT('Origin',(0.,18.5,-8.88178419700125E-15));
#4899=CARTESIAN_POINT('',(-13.7376989775916,18.5,-29.3331751572334));
#4900=CARTESIAN_POINT('Origin',(-12.1501989775916,18.5,-29.3331751572334));
#4901=CARTESIAN_POINT('Origin',(0.,18.5,-8.88178419700125E-15));
#4902=CARTESIAN_POINT('',(27.7456751572334,18.5,-12.1501989775916));
#4903=CARTESIAN_POINT('Origin',(29.3331751572334,18.5,-12.1501989775916));
#4904=CARTESIAN_POINT('Origin',(0.,-5.65177982631473E-15,-40.));
#4905=CARTESIAN_POINT('',(-1.5875,26.,-40.));
#4906=CARTESIAN_POINT('',(-1.5875,-5.65177982631473E-15,-40.));
#4907=CARTESIAN_POINT('Origin',(0.,26.,-40.));
#4908=CARTESIAN_POINT('Origin',(12.1501989775916,-6.06458818076636E-14,
-29.3331751572334));
#4909=CARTESIAN_POINT('',(10.5626989775916,26.,-29.3331751572334));
#4910=CARTESIAN_POINT('',(10.5626989775916,-6.06458818076636E-14,-29.3331751572334));
#4911=CARTESIAN_POINT('Origin',(12.1501989775916,26.,-29.3331751572334));
#4912=CARTESIAN_POINT('Origin',(12.1501989775916,-1.72240598810994E-14,
29.3331751572334));
#4913=CARTESIAN_POINT('',(10.5626989775916,26.,29.3331751572333));
#4914=CARTESIAN_POINT('',(10.5626989775916,-1.72240598810994E-14,29.3331751572334));
#4915=CARTESIAN_POINT('Origin',(12.1501989775916,26.,29.3331751572333));
#4916=CARTESIAN_POINT('Origin',(-29.3331751572334,-1.7796898449115E-14,
12.1501989775916));
#4917=CARTESIAN_POINT('',(-30.9206751572334,26.,12.1501989775916));
#4918=CARTESIAN_POINT('',(-30.9206751572334,-1.7796898449115E-14,12.1501989775916));
#4919=CARTESIAN_POINT('Origin',(-29.3331751572334,26.,12.1501989775916));
#4920=CARTESIAN_POINT('Origin',(3.26054903248529E-15,-9.32902352104401E-15,
40.));
#4921=CARTESIAN_POINT('',(-1.5875,26.,40.));
#4922=CARTESIAN_POINT('',(-1.5875,-9.32902352104401E-15,40.));
#4923=CARTESIAN_POINT('Origin',(3.26054903248529E-15,26.,40.));
#4924=CARTESIAN_POINT('Origin',(-29.3331751572334,-2.67898522215812E-14,
-12.1501989775916));
#4925=CARTESIAN_POINT('',(-30.9206751572334,26.,-12.1501989775916));
#4926=CARTESIAN_POINT('',(-30.9206751572334,-2.67898522215812E-14,-12.1501989775916));
#4927=CARTESIAN_POINT('Origin',(-29.3331751572334,26.,-12.1501989775916));
#4928=CARTESIAN_POINT('Origin',(-12.1501989775916,-1.72240598810994E-14,
29.3331751572334));
#4929=CARTESIAN_POINT('',(-13.7376989775916,26.,29.3331751572333));
#4930=CARTESIAN_POINT('',(-13.7376989775916,-1.72240598810994E-14,29.3331751572334));
#4931=CARTESIAN_POINT('Origin',(-12.1501989775916,26.,29.3331751572333));
#4932=CARTESIAN_POINT('Origin',(29.3331751572334,-1.7796898449115E-14,12.1501989775916));
#4933=CARTESIAN_POINT('',(27.7456751572334,26.,12.1501989775916));
#4934=CARTESIAN_POINT('',(27.7456751572334,-1.7796898449115E-14,12.1501989775916));
#4935=CARTESIAN_POINT('Origin',(29.3331751572334,26.,12.1501989775916));
#4936=CARTESIAN_POINT('Origin',(-12.1501989775916,-6.06458818076636E-14,
-29.3331751572334));
#4937=CARTESIAN_POINT('',(-13.7376989775916,26.,-29.3331751572334));
#4938=CARTESIAN_POINT('',(-13.7376989775916,-6.06458818076636E-14,-29.3331751572334));
#4939=CARTESIAN_POINT('Origin',(-12.1501989775916,26.,-29.3331751572334));
#4940=CARTESIAN_POINT('Origin',(29.3331751572334,-2.67898522215812E-14,
-12.1501989775916));
#4941=CARTESIAN_POINT('',(27.7456751572334,26.,-12.1501989775916));
#4942=CARTESIAN_POINT('',(27.7456751572334,-2.67898522215812E-14,-12.1501989775916));
#4943=CARTESIAN_POINT('Origin',(29.3331751572334,26.,-12.1501989775916));
#4944=CARTESIAN_POINT('Origin',(0.,26.,-1.15942587933993E-14));
#4945=CARTESIAN_POINT('',(-5.5070223425758E-15,26.,-44.96825));
#4946=CARTESIAN_POINT('Origin',(0.,26.,-1.61067220029258E-14));
#4947=CARTESIAN_POINT('',(26.5,26.,-1.48399444339095E-14));
#4948=CARTESIAN_POINT('Origin',(0.,26.,-1.1594630416169E-14));
#4949=CARTESIAN_POINT('Origin',(0.,15.7973730132407,-7.75846366146001E-15));
#4950=CARTESIAN_POINT('',(-5.5070223425758E-15,15.7973730132407,-44.96825));
#4951=CARTESIAN_POINT('Origin',(0.,26.,-1.1594630416169E-14));
#4952=CARTESIAN_POINT('',(26.5,26.,-8.34931639842851E-15));
#4953=CARTESIAN_POINT('',(0.,0.,0.));
#4954=CARTESIAN_POINT('Origin',(20.35,5.24999999999999,1.5));
#4955=CARTESIAN_POINT('',(-74.,82.18,1.5));
#4956=CARTESIAN_POINT('',(76.5,82.18,1.50000000000018));
#4957=CARTESIAN_POINT('',(72.5,82.18,1.5));
#4958=CARTESIAN_POINT('',(-74.,-20.52519,1.5));
#4959=CARTESIAN_POINT('',(-74.,78.5,1.5));
#4960=CARTESIAN_POINT('',(-66.032,-20.52519,1.5));
#4961=CARTESIAN_POINT('',(-57.966,-20.52519,1.5));
#4962=CARTESIAN_POINT('',(-66.0320000000001,-62.52519,1.5));
#4963=CARTESIAN_POINT('',(-66.032,-28.637595,1.5));
#4964=CARTESIAN_POINT('',(-74.,-62.52519,1.5));
#4965=CARTESIAN_POINT('',(-61.95,-62.52519,1.5));
#4966=CARTESIAN_POINT('',(-74.,-68.,1.5));
#4967=CARTESIAN_POINT('',(-74.,78.5,1.5));
#4968=CARTESIAN_POINT('',(76.5,-68.,1.5));
#4969=CARTESIAN_POINT('',(74.5,-68.,1.5));
#4970=CARTESIAN_POINT('',(76.5,-49.205,1.5));
#4971=CARTESIAN_POINT('Origin',(-108.,-41.52519,-9.50001797047745));
#4972=CARTESIAN_POINT('',(-108.,-62.52519,-30.5000179704774));
#4973=CARTESIAN_POINT('',(-108.,-62.52519,11.4999820295225));
#4974=CARTESIAN_POINT('',(-108.,-62.52519,11.4999820295225));
#4975=CARTESIAN_POINT('',(-108.,-20.5251899999999,11.4999820295225));
#4976=CARTESIAN_POINT('',(-108.,-20.52519,11.4999820295225));
#4977=CARTESIAN_POINT('',(-108.,-20.5251899999999,-30.5000179704774));
#4978=CARTESIAN_POINT('',(-108.,-20.52519,-30.5000179704774));
#4979=CARTESIAN_POINT('',(-108.,-62.52519,-30.5000179704774));
#4980=CARTESIAN_POINT('Origin',(-74.,-68.,0.));
#4981=CARTESIAN_POINT('',(-74.,-62.52519,-23.5));
#4982=CARTESIAN_POINT('',(-74.,-62.52519,-15.2500089852387));
#4983=CARTESIAN_POINT('',(-74.,-68.,-23.5));
#4984=CARTESIAN_POINT('',(-74.,17.,-23.5));
#4985=CARTESIAN_POINT('',(-74.,-68.,0.));
#4986=CARTESIAN_POINT('Origin',(-66.0320000000001,-62.52519,1.5));
#4987=CARTESIAN_POINT('',(-66.032,-20.52519,11.4999820295226));
#4988=CARTESIAN_POINT('',(-66.0320000000001,-62.52519,11.4999820295225));
#4989=CARTESIAN_POINT('',(-66.0320000000001,-52.02519,11.4999820295225));
#4990=CARTESIAN_POINT('',(-66.0320000000001,-62.52519,1.5));
#4991=CARTESIAN_POINT('',(-66.032,-20.52519,1.5));
#4992=CARTESIAN_POINT('Origin',(-74.,-62.52519,1.5));
#4993=CARTESIAN_POINT('',(-72.008,-62.52519,11.4999820295225));
#4994=CARTESIAN_POINT('',(-67.5,-62.52519,-30.5000179704775));
#4995=CARTESIAN_POINT('',(-69.125,-62.52519,-30.5000179704775));
#4996=CARTESIAN_POINT('',(-67.5,-62.52519,-23.5));
#4997=CARTESIAN_POINT('',(-67.5,-62.52519,-23.5));
#4998=CARTESIAN_POINT('',(0.250000000000004,-62.52519,-23.5));
#4999=CARTESIAN_POINT('Origin',(-74.,-68.,0.));
#5000=CARTESIAN_POINT('',(-74.,-20.52519,-23.5));
#5001=CARTESIAN_POINT('',(-74.,-20.52519,5.74999101476126));
#5002=CARTESIAN_POINT('',(-74.,82.18,-23.5));
#5003=CARTESIAN_POINT('',(-74.,82.18,-10.));
#5004=CARTESIAN_POINT('',(-74.,17.,-23.5));
#5005=CARTESIAN_POINT('Origin',(-66.032,-20.52519,1.5));
#5006=CARTESIAN_POINT('',(-68.024,-20.52519,11.4999820295226));
#5007=CARTESIAN_POINT('',(-67.5,-20.52519,-23.5));
#5008=CARTESIAN_POINT('',(-3.,-20.52519,-23.5));
#5009=CARTESIAN_POINT('',(-67.5,-20.5251899999999,-30.5000179704774));
#5010=CARTESIAN_POINT('',(-67.5,-20.52519,-23.5));
#5011=CARTESIAN_POINT('',(-72.375,-20.52519,-30.5000179704774));
#5012=CARTESIAN_POINT('Origin',(-67.5,-20.5251899999999,-23.5));
#5013=CARTESIAN_POINT('',(-67.5,-31.0251899999999,-30.5000179704774));
#5014=CARTESIAN_POINT('',(-67.5,-10.262595,-23.5));
#5015=CARTESIAN_POINT('Origin',(76.5,78.5,0.));
#5016=CARTESIAN_POINT('',(76.5,-68.,-23.5));
#5017=CARTESIAN_POINT('',(76.5,-68.,0.));
#5018=CARTESIAN_POINT('',(76.5,82.18,-23.5));
#5019=CARTESIAN_POINT('',(76.5,-15.4523431582017,-23.5));
#5020=CARTESIAN_POINT('',(76.5,82.18,-10.));
#5021=CARTESIAN_POINT('Origin',(4.72682262520835E-61,-1.17951641534949E-61,
-24.5));
#5022=CARTESIAN_POINT('',(-45.0635,5.51868710333767E-15,-24.5));
#5023=CARTESIAN_POINT('Origin',(0.,0.,-24.5));
#5024=CARTESIAN_POINT('Origin',(-70.016,-41.52519,11.4999820295225));
#5025=CARTESIAN_POINT('Origin',(-70.75,-41.52519,-30.5000179704774));
#5026=CARTESIAN_POINT('Origin',(0.,0.,-22.9999999999998));
#5027=CARTESIAN_POINT('',(-45.0635,5.51868710333767E-15,-23.5));
#5028=CARTESIAN_POINT('',(-45.0635,5.51868710333767E-15,-22.9999999999998));
#5029=CARTESIAN_POINT('Origin',(0.,0.,-23.5));
#5030=CARTESIAN_POINT('Origin',(-68.,82.18,0.));
#5031=CARTESIAN_POINT('',(-74.,82.18,-23.5));
#5032=CARTESIAN_POINT('Origin',(68.,0.,-23.5));
#5033=CARTESIAN_POINT('',(-68.,-68.,-23.5));
#5034=CARTESIAN_POINT('Origin',(74.5,-68.,0.));
#5035=CARTESIAN_POINT('',(0.,0.,0.));
#5036=CARTESIAN_POINT('Origin',(158.390246050621,297.147432313439,-43.0407737723983));
#5037=CARTESIAN_POINT('',(158.390246050621,297.147432313439,-43.0407737723983));
#5038=CARTESIAN_POINT('',(158.390246050621,297.147432313439,-52.0407737723983));
#5039=CARTESIAN_POINT('',(158.390246050621,297.147432313439,-43.0407737723983));
#5040=CARTESIAN_POINT('',(158.390246050621,72.147432313439,-52.0407737723983));
#5041=CARTESIAN_POINT('',(158.390246050621,297.147432313439,-52.0407737723983));
#5042=CARTESIAN_POINT('',(158.390246050621,72.147432313439,-43.0407737723983));
#5043=CARTESIAN_POINT('',(158.390246050621,72.147432313439,-43.0407737723983));
#5044=CARTESIAN_POINT('',(158.390246050621,297.147432313439,-43.0407737723983));
#5045=CARTESIAN_POINT('Origin',(161.890246050622,297.147432313439,-43.0407737723983));
#5046=CARTESIAN_POINT('',(161.890246050622,297.147432313439,-43.0407737723983));
#5047=CARTESIAN_POINT('',(161.890246050622,297.147432313439,-43.0407737723983));
#5048=CARTESIAN_POINT('',(161.890246050622,72.147432313439,-43.0407737723983));
#5049=CARTESIAN_POINT('',(161.890246050622,72.147432313439,-43.0407737723983));
#5050=CARTESIAN_POINT('',(161.890246050622,297.147432313439,-43.0407737723983));
#5051=CARTESIAN_POINT('Origin',(161.890246050622,297.147432313439,-52.0407737723983));
#5052=CARTESIAN_POINT('',(161.890246050622,297.147432313439,-52.0407737723983));
#5053=CARTESIAN_POINT('',(161.890246050622,297.147432313439,-52.0407737723983));
#5054=CARTESIAN_POINT('',(161.890246050622,72.147432313439,-52.0407737723983));
#5055=CARTESIAN_POINT('',(161.890246050622,72.147432313439,-52.0407737723983));
#5056=CARTESIAN_POINT('',(161.890246050622,297.147432313439,-52.0407737723983));
#5057=CARTESIAN_POINT('Origin',(158.390246050621,297.147432313439,-52.0407737723983));
#5058=CARTESIAN_POINT('',(158.390246050621,297.147432313439,-52.0407737723983));
#5059=CARTESIAN_POINT('',(158.390246050621,72.147432313439,-52.0407737723983));
#5060=CARTESIAN_POINT('Origin',(160.140246050622,297.147432313439,-47.5407737723983));
#5061=CARTESIAN_POINT('Origin',(160.140246050622,72.147432313439,-47.5407737723983));
#5062=CARTESIAN_POINT('Origin',(158.390246050622,297.147432313439,32.4592262276017));
#5063=CARTESIAN_POINT('',(161.890246050622,297.147432313439,32.4592262276017));
#5064=CARTESIAN_POINT('',(158.390246050622,297.147432313439,32.4592262276017));
#5065=CARTESIAN_POINT('',(161.890246050622,297.147432313439,32.4592262276017));
#5066=CARTESIAN_POINT('',(161.890246050622,72.147432313439,32.4592262276017));
#5067=CARTESIAN_POINT('',(161.890246050622,297.147432313439,32.4592262276017));
#5068=CARTESIAN_POINT('',(158.390246050622,72.147432313439,32.4592262276017));
#5069=CARTESIAN_POINT('',(161.890246050622,72.147432313439,32.4592262276017));
#5070=CARTESIAN_POINT('',(158.390246050622,297.147432313439,32.4592262276017));
#5071=CARTESIAN_POINT('Origin',(158.390246050622,297.147432313439,41.4592262276017));
#5072=CARTESIAN_POINT('',(158.390246050622,297.147432313439,41.4592262276017));
#5073=CARTESIAN_POINT('',(158.390246050622,297.147432313439,32.4592262276017));
#5074=CARTESIAN_POINT('',(158.390246050622,72.147432313439,41.4592262276017));
#5075=CARTESIAN_POINT('',(158.390246050622,72.147432313439,32.4592262276017));
#5076=CARTESIAN_POINT('',(158.390246050622,297.147432313439,41.4592262276017));
#5077=CARTESIAN_POINT('Origin',(161.890246050622,297.147432313439,41.4592262276017));
#5078=CARTESIAN_POINT('',(161.890246050622,297.147432313439,41.4592262276017));
#5079=CARTESIAN_POINT('',(161.890246050622,297.147432313439,41.4592262276017));
#5080=CARTESIAN_POINT('',(161.890246050622,72.147432313439,41.4592262276017));
#5081=CARTESIAN_POINT('',(161.890246050622,72.147432313439,41.4592262276017));
#5082=CARTESIAN_POINT('',(161.890246050622,297.147432313439,41.4592262276017));
#5083=CARTESIAN_POINT('Origin',(161.890246050622,297.147432313439,32.4592262276017));
#5084=CARTESIAN_POINT('',(161.890246050622,297.147432313439,36.9592262276017));
#5085=CARTESIAN_POINT('',(161.890246050622,72.147432313439,36.9592262276017));
#5086=CARTESIAN_POINT('Origin',(160.140246050622,297.147432313439,36.9592262276017));
#5087=CARTESIAN_POINT('Origin',(160.140246050622,72.147432313439,36.9592262276017));
#5088=CARTESIAN_POINT('',(-28.6097539493775,71.087432313439,218.089226227602));
#5089=CARTESIAN_POINT('',(161.890246050622,297.147432313439,218.089226227602));
#5090=CARTESIAN_POINT('',(131.136246050622,159.987432313439,65.6892262276019));
#5091=CARTESIAN_POINT('',(89.1398860506269,235.628632313439,179.989226227602));
#5092=CARTESIAN_POINT('',(57.3898860506269,238.803632313439,192.689226227602));
#5093=CARTESIAN_POINT('',(57.3898860506307,241.474066355313,182.173626227601));
#5094=CARTESIAN_POINT('',(57.3902460506221,241.474432313439,-73.7357737723979));
#5095=CARTESIAN_POINT('',(57.3902460506221,241.474432313439,-72.7357737723979));
#5096=CARTESIAN_POINT('',(156.890246050622,241.474432313439,-25.5107737723981));
#5097=CARTESIAN_POINT('',(0.,0.,0.));
#5098=UNCERTAINTY_MEASURE_WITH_UNIT(LENGTH_MEASURE(0.01),#5126,
'DISTANCE_ACCURACY_VALUE',
'Maximum model space distance between geometric entities at asserted c
onnectivities');
#5099=UNCERTAINTY_MEASURE_WITH_UNIT(LENGTH_MEASURE(0.01),#5126,
'DISTANCE_ACCURACY_VALUE',
'Maximum model space distance between geometric entities at asserted c
onnectivities');
#5100=UNCERTAINTY_MEASURE_WITH_UNIT(LENGTH_MEASURE(0.01),#5126,
'DISTANCE_ACCURACY_VALUE',
'Maximum model space distance between geometric entities at asserted c
onnectivities');
#5101=UNCERTAINTY_MEASURE_WITH_UNIT(LENGTH_MEASURE(0.01),#5126,
'DISTANCE_ACCURACY_VALUE',
'Maximum model space distance between geometric entities at asserted c
onnectivities');
#5102=UNCERTAINTY_MEASURE_WITH_UNIT(LENGTH_MEASURE(0.01),#5126,
'DISTANCE_ACCURACY_VALUE',
'Maximum model space distance between geometric entities at asserted c
onnectivities');
#5103=UNCERTAINTY_MEASURE_WITH_UNIT(LENGTH_MEASURE(0.01),#5126,
'DISTANCE_ACCURACY_VALUE',
'Maximum model space distance between geometric entities at asserted c
onnectivities');
#5104=UNCERTAINTY_MEASURE_WITH_UNIT(LENGTH_MEASURE(0.01),#5126,
'DISTANCE_ACCURACY_VALUE',
'Maximum model space distance between geometric entities at asserted c
onnectivities');
#5105=UNCERTAINTY_MEASURE_WITH_UNIT(LENGTH_MEASURE(0.01),#5126,
'DISTANCE_ACCURACY_VALUE',
'Maximum model space distance between geometric entities at asserted c
onnectivities');
#5106=UNCERTAINTY_MEASURE_WITH_UNIT(LENGTH_MEASURE(0.01),#5126,
'DISTANCE_ACCURACY_VALUE',
'Maximum model space distance between geometric entities at asserted c
onnectivities');
#5107=UNCERTAINTY_MEASURE_WITH_UNIT(LENGTH_MEASURE(0.01),#5126,
'DISTANCE_ACCURACY_VALUE',
'Maximum model space distance between geometric entities at asserted c
onnectivities');
#5108=UNCERTAINTY_MEASURE_WITH_UNIT(LENGTH_MEASURE(0.01),#5126,
'DISTANCE_ACCURACY_VALUE',
'Maximum model space distance between geometric entities at asserted c
onnectivities');
#5109=UNCERTAINTY_MEASURE_WITH_UNIT(LENGTH_MEASURE(0.01),#5126,
'DISTANCE_ACCURACY_VALUE',
'Maximum model space distance between geometric entities at asserted c
onnectivities');
#5110=UNCERTAINTY_MEASURE_WITH_UNIT(LENGTH_MEASURE(0.01),#5126,
'DISTANCE_ACCURACY_VALUE',
'Maximum model space distance between geometric entities at asserted c
onnectivities');
#5111=UNCERTAINTY_MEASURE_WITH_UNIT(LENGTH_MEASURE(0.01),#5126,
'DISTANCE_ACCURACY_VALUE',
'Maximum model space distance between geometric entities at asserted c
onnectivities');
#5112=(
GEOMETRIC_REPRESENTATION_CONTEXT(3)
GLOBAL_UNCERTAINTY_ASSIGNED_CONTEXT((#5098))
GLOBAL_UNIT_ASSIGNED_CONTEXT((#5126,#5128,#5129))
REPRESENTATION_CONTEXT('','3D')
);
#5113=(
GEOMETRIC_REPRESENTATION_CONTEXT(3)
GLOBAL_UNCERTAINTY_ASSIGNED_CONTEXT((#5099))
GLOBAL_UNIT_ASSIGNED_CONTEXT((#5126,#5128,#5129))
REPRESENTATION_CONTEXT('','3D')
);
#5114=(
GEOMETRIC_REPRESENTATION_CONTEXT(3)
GLOBAL_UNCERTAINTY_ASSIGNED_CONTEXT((#5100))
GLOBAL_UNIT_ASSIGNED_CONTEXT((#5126,#5128,#5129))
REPRESENTATION_CONTEXT('','3D')
);
#5115=(
GEOMETRIC_REPRESENTATION_CONTEXT(3)
GLOBAL_UNCERTAINTY_ASSIGNED_CONTEXT((#5101))
GLOBAL_UNIT_ASSIGNED_CONTEXT((#5126,#5128,#5129))
REPRESENTATION_CONTEXT('','3D')
);
#5116=(
GEOMETRIC_REPRESENTATION_CONTEXT(3)
GLOBAL_UNCERTAINTY_ASSIGNED_CONTEXT((#5102))
GLOBAL_UNIT_ASSIGNED_CONTEXT((#5126,#5128,#5129))
REPRESENTATION_CONTEXT('','3D')
);
#5117=(
GEOMETRIC_REPRESENTATION_CONTEXT(3)
GLOBAL_UNCERTAINTY_ASSIGNED_CONTEXT((#5103))
GLOBAL_UNIT_ASSIGNED_CONTEXT((#5126,#5128,#5129))
REPRESENTATION_CONTEXT('','3D')
);
#5118=(
GEOMETRIC_REPRESENTATION_CONTEXT(3)
GLOBAL_UNCERTAINTY_ASSIGNED_CONTEXT((#5104))
GLOBAL_UNIT_ASSIGNED_CONTEXT((#5126,#5128,#5129))
REPRESENTATION_CONTEXT('','3D')
);
#5119=(
GEOMETRIC_REPRESENTATION_CONTEXT(3)
GLOBAL_UNCERTAINTY_ASSIGNED_CONTEXT((#5105))
GLOBAL_UNIT_ASSIGNED_CONTEXT((#5126,#5128,#5129))
REPRESENTATION_CONTEXT('','3D')
);
#5120=(
GEOMETRIC_REPRESENTATION_CONTEXT(3)
GLOBAL_UNCERTAINTY_ASSIGNED_CONTEXT((#5106))
GLOBAL_UNIT_ASSIGNED_CONTEXT((#5126,#5128,#5129))
REPRESENTATION_CONTEXT('','3D')
);
#5121=(
GEOMETRIC_REPRESENTATION_CONTEXT(3)
GLOBAL_UNCERTAINTY_ASSIGNED_CONTEXT((#5107))
GLOBAL_UNIT_ASSIGNED_CONTEXT((#5126,#5128,#5129))
REPRESENTATION_CONTEXT('','3D')
);
#5122=(
GEOMETRIC_REPRESENTATION_CONTEXT(3)
GLOBAL_UNCERTAINTY_ASSIGNED_CONTEXT((#5108))
GLOBAL_UNIT_ASSIGNED_CONTEXT((#5126,#5128,#5129))
REPRESENTATION_CONTEXT('','3D')
);
#5123=(
GEOMETRIC_REPRESENTATION_CONTEXT(3)
GLOBAL_UNCERTAINTY_ASSIGNED_CONTEXT((#5109))
GLOBAL_UNIT_ASSIGNED_CONTEXT((#5126,#5128,#5129))
REPRESENTATION_CONTEXT('','3D')
);
#5124=(
GEOMETRIC_REPRESENTATION_CONTEXT(3)
GLOBAL_UNCERTAINTY_ASSIGNED_CONTEXT((#5110))
GLOBAL_UNIT_ASSIGNED_CONTEXT((#5126,#5128,#5129))
REPRESENTATION_CONTEXT('','3D')
);
#5125=(
GEOMETRIC_REPRESENTATION_CONTEXT(3)
GLOBAL_UNCERTAINTY_ASSIGNED_CONTEXT((#5111))
GLOBAL_UNIT_ASSIGNED_CONTEXT((#5126,#5128,#5129))
REPRESENTATION_CONTEXT('','3D')
);
#5126=(
LENGTH_UNIT()
NAMED_UNIT(*)
SI_UNIT(.MILLI.,.METRE.)
);
#5127=(
LENGTH_UNIT()
NAMED_UNIT(*)
SI_UNIT($,.METRE.)
);
#5128=(
NAMED_UNIT(*)
PLANE_ANGLE_UNIT()
SI_UNIT($,.RADIAN.)
);
#5129=(
NAMED_UNIT(*)
SI_UNIT($,.STERADIAN.)
SOLID_ANGLE_UNIT()
);
#5130=SHAPE_DEFINITION_REPRESENTATION(#5143,#5168);
#5131=SHAPE_DEFINITION_REPRESENTATION(#5144,#5169);
#5132=SHAPE_DEFINITION_REPRESENTATION(#5145,#5170);
#5133=SHAPE_DEFINITION_REPRESENTATION(#5147,#5171);
#5134=SHAPE_DEFINITION_REPRESENTATION(#5148,#5172);
#5135=SHAPE_DEFINITION_REPRESENTATION(#5149,#5173);
#5136=SHAPE_DEFINITION_REPRESENTATION(#5151,#5174);
#5137=SHAPE_DEFINITION_REPRESENTATION(#5152,#5175);
#5138=SHAPE_DEFINITION_REPRESENTATION(#5153,#5176);
#5139=SHAPE_DEFINITION_REPRESENTATION(#5154,#5177);
#5140=SHAPE_DEFINITION_REPRESENTATION(#5155,#5178);
#5141=SHAPE_DEFINITION_REPRESENTATION(#5156,#5179);
#5142=SHAPE_DEFINITION_REPRESENTATION(#5157,#5180);
#5143=PRODUCT_DEFINITION_SHAPE('',$,#5182);
#5144=PRODUCT_DEFINITION_SHAPE('',$,#5183);
#5145=PRODUCT_DEFINITION_SHAPE('',$,#5184);
#5146=PRODUCT_DEFINITION_SHAPE($,$,#185);
#5147=PRODUCT_DEFINITION_SHAPE('',$,#5185);
#5148=PRODUCT_DEFINITION_SHAPE('',$,#5186);
#5149=PRODUCT_DEFINITION_SHAPE('',$,#5187);
#5150=PRODUCT_DEFINITION_SHAPE($,$,#186);
#5151=PRODUCT_DEFINITION_SHAPE('',$,#5188);
#5152=PRODUCT_DEFINITION_SHAPE('',$,#5189);
#5153=PRODUCT_DEFINITION_SHAPE('',$,#5190);
#5154=PRODUCT_DEFINITION_SHAPE('',$,#5191);
#5155=PRODUCT_DEFINITION_SHAPE('',$,#5192);
#5156=PRODUCT_DEFINITION_SHAPE('',$,#5193);
#5157=PRODUCT_DEFINITION_SHAPE('',$,#5194);
#5158=PRODUCT_DEFINITION_SHAPE($,$,#187);
#5159=PRODUCT_DEFINITION_SHAPE($,$,#188);
#5160=PRODUCT_DEFINITION_SHAPE($,$,#189);
#5161=PRODUCT_DEFINITION_SHAPE($,$,#190);
#5162=PRODUCT_DEFINITION_SHAPE($,$,#191);
#5163=PRODUCT_DEFINITION_SHAPE($,$,#192);
#5164=PRODUCT_DEFINITION_SHAPE($,$,#193);
#5165=PRODUCT_DEFINITION_SHAPE($,$,#194);
#5166=PRODUCT_DEFINITION_SHAPE($,$,#195);
#5167=PRODUCT_DEFINITION_SHAPE($,$,#196);
#5168=SHAPE_REPRESENTATION('',(#3118,#3385,#3386,#3387,#3388,#3389,#3390,
#3391,#3392,#3393,#3394),#5112);
#5169=SHAPE_REPRESENTATION('',(#3119,#3139),#5113);
#5170=SHAPE_REPRESENTATION('',(#3120),#5114);
#5171=SHAPE_REPRESENTATION('',(#3140),#5115);
#5172=SHAPE_REPRESENTATION('',(#3168,#3184),#5116);
#5173=SHAPE_REPRESENTATION('',(#3169),#5117);
#5174=SHAPE_REPRESENTATION('',(#3185),#5118);
#5175=SHAPE_REPRESENTATION('',(#3198),#5119);
#5176=SHAPE_REPRESENTATION('',(#3205),#5120);
#5177=SHAPE_REPRESENTATION('',(#3229),#5121);
#5178=SHAPE_REPRESENTATION('',(#3273),#5122);
#5179=SHAPE_REPRESENTATION('',(#3353),#5123);
#5180=SHAPE_REPRESENTATION('',(#3372),#5124);
#5181=PRODUCT_DEFINITION_CONTEXT('part definition',#5222,'design');
#5182=PRODUCT_DEFINITION(
'V2PocketNC_both_toolholders_Kinematic_Assembly v19',
'V2PocketNC_both_toolholders_Kinematic_Assembly v19 v1',#5195,#5181);
#5183=PRODUCT_DEFINITION('Main_Block_Kinematic2',
'Main_Block_Kinematic2',#5196,#5181);
#5184=PRODUCT_DEFINITION('x rail','x rail',#5197,#5181);
#5185=PRODUCT_DEFINITION('L_Bracket_Kinematic','L_Bracket_Kinematic',#5198,
#5181);
#5186=PRODUCT_DEFINITION('X_Carriage_Kinematic1',
'X_Carriage_Kinematic1',#5199,#5181);
#5187=PRODUCT_DEFINITION('z rail','z rail',#5200,#5181);
#5188=PRODUCT_DEFINITION('motor mount','motor mount',#5201,#5181);
#5189=PRODUCT_DEFINITION('motor','motor',#5202,#5181);
#5190=PRODUCT_DEFINITION('simulation spindle extended',
'simulation spindle extended',#5203,#5181);
#5191=PRODUCT_DEFINITION('V2 B housing kinematic only v8',
'V2 B housing kinematic only v8',#5204,#5181);
#5192=PRODUCT_DEFINITION('V2PocketNC kinematic Bdisc v4',
'V2PocketNC kinematic Bdisc v4',#5205,#5181);
#5193=PRODUCT_DEFINITION('V2PocketNC_A housing v3',
'V2PocketNC_A housing v3',#5206,#5181);
#5194=PRODUCT_DEFINITION('y rails','y rails',#5207,#5181);
#5195=PRODUCT_DEFINITION_FORMATION('',$,#5224);
#5196=PRODUCT_DEFINITION_FORMATION('',$,#5225);
#5197=PRODUCT_DEFINITION_FORMATION('',$,#5226);
#5198=PRODUCT_DEFINITION_FORMATION('',$,#5227);
#5199=PRODUCT_DEFINITION_FORMATION('',$,#5228);
#5200=PRODUCT_DEFINITION_FORMATION('',$,#5229);
#5201=PRODUCT_DEFINITION_FORMATION('',$,#5230);
#5202=PRODUCT_DEFINITION_FORMATION('',$,#5231);
#5203=PRODUCT_DEFINITION_FORMATION('',$,#5232);
#5204=PRODUCT_DEFINITION_FORMATION('',$,#5233);
#5205=PRODUCT_DEFINITION_FORMATION('',$,#5234);
#5206=PRODUCT_DEFINITION_FORMATION('',$,#5235);
#5207=PRODUCT_DEFINITION_FORMATION('',$,#5236);
#5208=PRODUCT_RELATED_PRODUCT_CATEGORY(
'V2PocketNC_both_toolholders_Kinematic_Assembly v19 v1',
'V2PocketNC_both_toolholders_Kinematic_Assembly v19 v1',(#5224));
#5209=PRODUCT_RELATED_PRODUCT_CATEGORY('Main_Block_Kinematic2',
'Main_Block_Kinematic2',(#5225));
#5210=PRODUCT_RELATED_PRODUCT_CATEGORY('x rail','x rail',(#5226));
#5211=PRODUCT_RELATED_PRODUCT_CATEGORY('L_Bracket_Kinematic',
'L_Bracket_Kinematic',(#5227));
#5212=PRODUCT_RELATED_PRODUCT_CATEGORY('X_Carriage_Kinematic1',
'X_Carriage_Kinematic1',(#5228));
#5213=PRODUCT_RELATED_PRODUCT_CATEGORY('z rail','z rail',(#5229));
#5214=PRODUCT_RELATED_PRODUCT_CATEGORY('motor mount','motor mount',(#5230));
#5215=PRODUCT_RELATED_PRODUCT_CATEGORY('motor','motor',(#5231));
#5216=PRODUCT_RELATED_PRODUCT_CATEGORY('simulation spindle extended',
'simulation spindle extended',(#5232));
#5217=PRODUCT_RELATED_PRODUCT_CATEGORY('V2 B housing kinematic only v8',
'V2 B housing kinematic only v8',(#5233));
#5218=PRODUCT_RELATED_PRODUCT_CATEGORY('V2PocketNC kinematic Bdisc v4',
'V2PocketNC kinematic Bdisc v4',(#5234));
#5219=PRODUCT_RELATED_PRODUCT_CATEGORY('V2PocketNC_A housing v3',
'V2PocketNC_A housing v3',(#5235));
#5220=PRODUCT_RELATED_PRODUCT_CATEGORY('y rails','y rails',(#5236));
#5221=APPLICATION_PROTOCOL_DEFINITION('international standard',
'automotive_design',2009,#5222);
#5222=APPLICATION_CONTEXT(
'Core Data for Automotive Mechanical Design Process');
#5223=PRODUCT_CONTEXT('part definition',#5222,'mechanical');
#5224=PRODUCT('V2PocketNC_both_toolholders_Kinematic_Assembly v19',
'V2PocketNC_both_toolholders_Kinematic_Assembly v19 v1',$,(#5223));
#5225=PRODUCT('Main_Block_Kinematic2','Main_Block_Kinematic2',$,(#5223));
#5226=PRODUCT('x rail','x rail',$,(#5223));
#5227=PRODUCT('L_Bracket_Kinematic','L_Bracket_Kinematic',$,(#5223));
#5228=PRODUCT('X_Carriage_Kinematic1','X_Carriage_Kinematic1',$,(#5223));
#5229=PRODUCT('z rail','z rail',$,(#5223));
#5230=PRODUCT('motor mount','motor mount',$,(#5223));
#5231=PRODUCT('motor','motor',$,(#5223));
#5232=PRODUCT('simulation spindle extended',
'simulation spindle extended',$,(#5223));
#5233=PRODUCT('V2 B housing kinematic only v8',
'V2 B housing kinematic only v8',$,(#5223));
#5234=PRODUCT('V2PocketNC kinematic Bdisc v4',
'V2PocketNC kinematic Bdisc v4',$,(#5223));
#5235=PRODUCT('V2PocketNC_A housing v3','V2PocketNC_A housing v3',$,(#5223));
#5236=PRODUCT('y rails','y rails',$,(#5223));
#5237=PRESENTATION_STYLE_ASSIGNMENT((#5241));
#5238=PRESENTATION_STYLE_ASSIGNMENT((#5242));
#5239=PRESENTATION_STYLE_ASSIGNMENT((#5243));
#5240=PRESENTATION_STYLE_ASSIGNMENT((#5244));
#5241=SURFACE_STYLE_USAGE(.BOTH.,#5245);
#5242=SURFACE_STYLE_USAGE(.BOTH.,#5246);
#5243=SURFACE_STYLE_USAGE(.BOTH.,#5247);
#5244=SURFACE_STYLE_USAGE(.BOTH.,#5248);
#5245=SURFACE_SIDE_STYLE('',(#5249));
#5246=SURFACE_SIDE_STYLE('',(#5250));
#5247=SURFACE_SIDE_STYLE('',(#5251));
#5248=SURFACE_SIDE_STYLE('',(#5252));
#5249=SURFACE_STYLE_FILL_AREA(#5253);
#5250=SURFACE_STYLE_FILL_AREA(#5254);
#5251=SURFACE_STYLE_FILL_AREA(#5255);
#5252=SURFACE_STYLE_FILL_AREA(#5256);
#5253=FILL_AREA_STYLE('Steel - Satin',(#5257));
#5254=FILL_AREA_STYLE('Opaque(25,25,25)',(#5258));
#5255=FILL_AREA_STYLE('Opaque(203,203,203)',(#5259));
#5256=FILL_AREA_STYLE('Opaque(160,160,160)',(#5260));
#5257=FILL_AREA_STYLE_COLOUR('Steel - Satin',#5261);
#5258=FILL_AREA_STYLE_COLOUR('Opaque(25,25,25)',#5262);
#5259=FILL_AREA_STYLE_COLOUR('Opaque(203,203,203)',#5263);
#5260=FILL_AREA_STYLE_COLOUR('Opaque(160,160,160)',#5264);
#5261=COLOUR_RGB('Steel - Satin',0.627450980392157,0.627450980392157,0.627450980392157);
#5262=COLOUR_RGB('Opaque(25,25,25)',0.0980392156862745,0.0980392156862745,
0.0980392156862745);
#5263=COLOUR_RGB('Opaque(203,203,203)',0.796078431372549,0.796078431372549,
0.796078431372549);
#5264=COLOUR_RGB('Opaque(160,160,160)',0.627450980392157,0.627450980392157,
0.627450980392157);
ENDSEC;
END-ISO-10303-21;
