ISO-10303-21;
HEADER;
/* Generated by software containing ST-Developer
 * from STEP Tools, Inc. (www.steptools.com) 
 */

FILE_DESCRIPTION(
/* description */ (''),
/* implementation_level */ '2;1');

FILE_NAME(
/* name */ 'heater plug CAM v4.step',
/* time_stamp */ '2024-06-14T14:44:00+02:00',
/* author */ (''),
/* organization */ (''),
/* preprocessor_version */ 'ST-DEVELOPER v20',
/* originating_system */ 'Autodesk Translation Framework v13.14.0.145',

/* authorisation */ '');

FILE_SCHEMA (('AUTOMOTIVE_DESIGN { 1 0 10303 214 3 1 1 }'));
ENDSEC;

DATA;
#10=MECHANICAL_DESIGN_GEOMETRIC_PRESENTATION_REPRESENTATION('',(#66,#67,
#68,#69,#70,#71,#72),#2985);
#11=ITEM_DEFINED_TRANSFORMATION($,$,#1684,#1912);
#12=ITEM_DEFINED_TRANSFORMATION($,$,#1705,#1913);
#13=ITEM_DEFINED_TRANSFORMATION($,$,#1720,#1914);
#14=ITEM_DEFINED_TRANSFORMATION($,$,#1739,#1915);
#15=ITEM_DEFINED_TRANSFORMATION($,$,#1819,#1916);
#16=ITEM_DEFINED_TRANSFORMATION($,$,#1845,#1917);
#17=ITEM_DEFINED_TRANSFORMATION($,$,#1880,#1918);
#18=(
REPRESENTATION_RELATIONSHIP($,$,#3014,#3013)
REPRESENTATION_RELATIONSHIP_WITH_TRANSFORMATION(#11)
SHAPE_REPRESENTATION_RELATIONSHIP()
);
#19=(
REPRESENTATION_RELATIONSHIP($,$,#3015,#3013)
REPRESENTATION_RELATIONSHIP_WITH_TRANSFORMATION(#12)
SHAPE_REPRESENTATION_RELATIONSHIP()
);
#20=(
REPRESENTATION_RELATIONSHIP($,$,#3016,#3013)
REPRESENTATION_RELATIONSHIP_WITH_TRANSFORMATION(#13)
SHAPE_REPRESENTATION_RELATIONSHIP()
);
#21=(
REPRESENTATION_RELATIONSHIP($,$,#3017,#3013)
REPRESENTATION_RELATIONSHIP_WITH_TRANSFORMATION(#14)
SHAPE_REPRESENTATION_RELATIONSHIP()
);
#22=(
REPRESENTATION_RELATIONSHIP($,$,#3018,#3013)
REPRESENTATION_RELATIONSHIP_WITH_TRANSFORMATION(#15)
SHAPE_REPRESENTATION_RELATIONSHIP()
);
#23=(
REPRESENTATION_RELATIONSHIP($,$,#3019,#3013)
REPRESENTATION_RELATIONSHIP_WITH_TRANSFORMATION(#16)
SHAPE_REPRESENTATION_RELATIONSHIP()
);
#24=(
REPRESENTATION_RELATIONSHIP($,$,#3020,#3013)
REPRESENTATION_RELATIONSHIP_WITH_TRANSFORMATION(#17)
SHAPE_REPRESENTATION_RELATIONSHIP()
);
#25=CONTEXT_DEPENDENT_SHAPE_REPRESENTATION(#18,#3006);
#26=CONTEXT_DEPENDENT_SHAPE_REPRESENTATION(#19,#3007);
#27=CONTEXT_DEPENDENT_SHAPE_REPRESENTATION(#20,#3008);
#28=CONTEXT_DEPENDENT_SHAPE_REPRESENTATION(#21,#3009);
#29=CONTEXT_DEPENDENT_SHAPE_REPRESENTATION(#22,#3010);
#30=CONTEXT_DEPENDENT_SHAPE_REPRESENTATION(#23,#3011);
#31=CONTEXT_DEPENDENT_SHAPE_REPRESENTATION(#24,#3012);
#32=NEXT_ASSEMBLY_USAGE_OCCURRENCE('Collet Bottom Taper v1:1',
'Collet Bottom Taper v1:1','Collet Bottom Taper v1:1',#3022,#3023,
'Collet Bottom Taper v1:1');
#33=NEXT_ASSEMBLY_USAGE_OCCURRENCE('Collet Top Taper v1:1',
'Collet Top Taper v1:1','Collet Top Taper v1:1',#3022,#3024,
'Collet Top Taper v1:1');
#34=NEXT_ASSEMBLY_USAGE_OCCURRENCE('ER-40 Collet Generic v1:1',
'ER-40 Collet Generic v1:1','ER-40 Collet Generic v1:1',#3022,#3025,
'ER-40 Collet Generic v1:1');
#35=NEXT_ASSEMBLY_USAGE_OCCURRENCE('V2PocketNC kinematic Bdisc v4 v1:1',
'V2PocketNC kinematic Bdisc v4 v1:1',
'V2PocketNC kinematic Bdisc v4 v1:1',#3022,#3026,
'V2PocketNC kinematic Bdisc v4 v1:1');
#36=NEXT_ASSEMBLY_USAGE_OCCURRENCE('plug:1','plug:1','plug:1',#3022,#3027,
'plug:1');
#37=NEXT_ASSEMBLY_USAGE_OCCURRENCE('plug housing:1','plug housing:1',
'plug housing:1',#3022,#3028,'plug housing:1');
#38=NEXT_ASSEMBLY_USAGE_OCCURRENCE('socket:1','socket:1','socket:1',#3022,
#3029,'socket:1');
#39=B_SPLINE_CURVE_WITH_KNOTS('',3,(#2771,#2772,#2773,#2774,#2775,#2776,
#2777,#2778,#2779,#2780,#2781,#2782,#2783,#2784),.UNSPECIFIED.,.F.,.F.,
(4,2,2,2,2,2,4),(0.0646381040228223,0.108198636726297,0.142318910986178,
0.17643918524606,0.210559459505942,0.244679733765823,0.288240266469297),
 .UNSPECIFIED.);
#40=B_SPLINE_CURVE_WITH_KNOTS('',3,(#2788,#2789,#2790,#2791,#2792,#2793,
#2794,#2795,#2796,#2797,#2798,#2799,#2800,#2801),.UNSPECIFIED.,.F.,.F.,
(4,2,2,2,2,2,4),(0.064638104022822,0.108198636726296,0.142318910986178,
0.17643918524606,0.210559459505941,0.244679733765823,0.288240266469297),
 .UNSPECIFIED.);
#41=B_SPLINE_CURVE_WITH_KNOTS('',3,(#2821,#2822,#2823,#2824,#2825,#2826),
 .UNSPECIFIED.,.F.,.F.,(4,2,4),(0.255369996867249,0.283772213597561,0.315786510100541),
 .UNSPECIFIED.);
#42=B_SPLINE_CURVE_WITH_KNOTS('',3,(#2828,#2829,#2830,#2831,#2832,#2833),
 .UNSPECIFIED.,.F.,.F.,(4,2,4),(0.315786510100541,0.347800806603521,0.376203023333833),
 .UNSPECIFIED.);
#43=B_SPLINE_CURVE_WITH_KNOTS('',3,(#2846,#2847,#2848,#2849,#2850,#2851,
#2852,#2853,#2854,#2855),.UNSPECIFIED.,.F.,.F.,(4,2,2,2,4),(0.255369996867249,
0.283772213597561,0.315786510100541,0.347800806603521,0.376203023333833),
 .UNSPECIFIED.);
#44=ELLIPSE('',#1821,7.07106781186548,5.);
#45=ELLIPSE('',#1822,7.07106781186548,5.);
#46=ELLIPSE('',#1831,7.07106781186548,5.);
#47=ELLIPSE('',#1833,7.07106781186548,5.);
#48=ELLIPSE('',#1885,7.07106781186548,5.);
#49=ELLIPSE('',#1886,7.07106781186548,5.);
#50=ELLIPSE('',#1890,7.07106781186548,5.);
#51=ELLIPSE('',#1891,7.07106781186548,5.);
#52=SHAPE_REPRESENTATION_RELATIONSHIP('SRR','None',#3014,#59);
#53=SHAPE_REPRESENTATION_RELATIONSHIP('SRR','None',#3015,#60);
#54=SHAPE_REPRESENTATION_RELATIONSHIP('SRR','None',#3016,#61);
#55=SHAPE_REPRESENTATION_RELATIONSHIP('SRR','None',#3017,#62);
#56=SHAPE_REPRESENTATION_RELATIONSHIP('SRR','None',#3018,#63);
#57=SHAPE_REPRESENTATION_RELATIONSHIP('SRR','None',#3019,#64);
#58=SHAPE_REPRESENTATION_RELATIONSHIP('SRR','None',#3020,#65);
#59=ADVANCED_BREP_SHAPE_REPRESENTATION('',(#73),#2978);
#60=ADVANCED_BREP_SHAPE_REPRESENTATION('',(#74),#2979);
#61=ADVANCED_BREP_SHAPE_REPRESENTATION('',(#75),#2980);
#62=ADVANCED_BREP_SHAPE_REPRESENTATION('',(#76),#2981);
#63=ADVANCED_BREP_SHAPE_REPRESENTATION('',(#77),#2982);
#64=ADVANCED_BREP_SHAPE_REPRESENTATION('',(#78),#2983);
#65=ADVANCED_BREP_SHAPE_REPRESENTATION('',(#79),#2984);
#66=STYLED_ITEM('',(#3057),#73);
#67=STYLED_ITEM('',(#3057),#74);
#68=STYLED_ITEM('',(#3057),#75);
#69=STYLED_ITEM('',(#3058),#76);
#70=STYLED_ITEM('',(#3059),#77);
#71=STYLED_ITEM('',(#3059),#78);
#72=STYLED_ITEM('',(#3059),#79);
#73=MANIFOLD_SOLID_BREP('Body1',#1598);
#74=MANIFOLD_SOLID_BREP('Body1',#1599);
#75=MANIFOLD_SOLID_BREP('Body1',#1600);
#76=MANIFOLD_SOLID_BREP('Body1',#1601);
#77=MANIFOLD_SOLID_BREP('plug',#1602);
#78=MANIFOLD_SOLID_BREP('plug housing',#1603);
#79=MANIFOLD_SOLID_BREP('socket',#1604);
#80=FACE_BOUND('',#329,.T.);
#81=FACE_BOUND('',#332,.T.);
#82=FACE_BOUND('',#335,.T.);
#83=FACE_BOUND('',#336,.T.);
#84=FACE_BOUND('',#337,.T.);
#85=FACE_BOUND('',#342,.T.);
#86=FACE_BOUND('',#343,.T.);
#87=FACE_BOUND('',#344,.T.);
#88=FACE_BOUND('',#347,.T.);
#89=FACE_BOUND('',#348,.T.);
#90=FACE_BOUND('',#349,.T.);
#91=FACE_BOUND('',#353,.T.);
#92=FACE_BOUND('',#355,.T.);
#93=FACE_BOUND('',#358,.T.);
#94=FACE_BOUND('',#361,.T.);
#95=FACE_BOUND('',#369,.T.);
#96=FACE_BOUND('',#370,.T.);
#97=FACE_BOUND('',#402,.T.);
#98=FACE_BOUND('',#403,.T.);
#99=FACE_BOUND('',#404,.T.);
#100=FACE_BOUND('',#405,.T.);
#101=FACE_BOUND('',#406,.T.);
#102=FACE_BOUND('',#407,.T.);
#103=FACE_BOUND('',#408,.T.);
#104=FACE_BOUND('',#409,.T.);
#105=FACE_BOUND('',#410,.T.);
#106=FACE_BOUND('',#411,.T.);
#107=FACE_BOUND('',#412,.T.);
#108=FACE_BOUND('',#413,.T.);
#109=FACE_BOUND('',#414,.T.);
#110=FACE_BOUND('',#415,.T.);
#111=FACE_BOUND('',#416,.T.);
#112=FACE_BOUND('',#417,.T.);
#113=FACE_BOUND('',#418,.T.);
#114=FACE_BOUND('',#419,.T.);
#115=FACE_BOUND('',#420,.T.);
#116=FACE_BOUND('',#425,.T.);
#117=FACE_BOUND('',#426,.T.);
#118=FACE_BOUND('',#427,.T.);
#119=FACE_BOUND('',#437,.T.);
#120=FACE_BOUND('',#438,.T.);
#121=FACE_BOUND('',#439,.T.);
#122=FACE_BOUND('',#450,.T.);
#123=FACE_BOUND('',#451,.T.);
#124=FACE_BOUND('',#452,.T.);
#125=FACE_BOUND('',#464,.T.);
#126=FACE_BOUND('',#465,.T.);
#127=FACE_BOUND('',#466,.T.);
#128=FACE_BOUND('',#472,.T.);
#129=FACE_BOUND('',#473,.T.);
#130=FACE_BOUND('',#474,.T.);
#131=PLANE('',#1696);
#132=PLANE('',#1700);
#133=PLANE('',#1704);
#134=PLANE('',#1715);
#135=PLANE('',#1719);
#136=PLANE('',#1726);
#137=PLANE('',#1728);
#138=PLANE('',#1732);
#139=PLANE('',#1736);
#140=PLANE('',#1746);
#141=PLANE('',#1753);
#142=PLANE('',#1765);
#143=PLANE('',#1769);
#144=PLANE('',#1770);
#145=PLANE('',#1772);
#146=PLANE('',#1774);
#147=PLANE('',#1775);
#148=PLANE('',#1776);
#149=PLANE('',#1778);
#150=PLANE('',#1780);
#151=PLANE('',#1782);
#152=PLANE('',#1783);
#153=PLANE('',#1785);
#154=PLANE('',#1787);
#155=PLANE('',#1788);
#156=PLANE('',#1790);
#157=PLANE('',#1792);
#158=PLANE('',#1814);
#159=PLANE('',#1820);
#160=PLANE('',#1823);
#161=PLANE('',#1832);
#162=PLANE('',#1836);
#163=PLANE('',#1843);
#164=PLANE('',#1844);
#165=PLANE('',#1858);
#166=PLANE('',#1874);
#167=PLANE('',#1875);
#168=PLANE('',#1876);
#169=PLANE('',#1877);
#170=PLANE('',#1878);
#171=PLANE('',#1879);
#172=PLANE('',#1884);
#173=PLANE('',#1887);
#174=PLANE('',#1889);
#175=PLANE('',#1892);
#176=PLANE('',#1902);
#177=PLANE('',#1909);
#178=PLANE('',#1910);
#179=PLANE('',#1911);
#180=CYLINDRICAL_SURFACE('',#1687,1.55);
#181=CYLINDRICAL_SURFACE('',#1691,1.55);
#182=CYLINDRICAL_SURFACE('',#1698,25.95);
#183=CYLINDRICAL_SURFACE('',#1702,25.925);
#184=CYLINDRICAL_SURFACE('',#1706,1.55);
#185=CYLINDRICAL_SURFACE('',#1709,1.55);
#186=CYLINDRICAL_SURFACE('',#1717,25.925);
#187=CYLINDRICAL_SURFACE('',#1724,3.175);
#188=CYLINDRICAL_SURFACE('',#1734,18.034);
#189=CYLINDRICAL_SURFACE('',#1740,2.);
#190=CYLINDRICAL_SURFACE('',#1743,2.);
#191=CYLINDRICAL_SURFACE('',#1747,2.);
#192=CYLINDRICAL_SURFACE('',#1750,2.);
#193=CYLINDRICAL_SURFACE('',#1757,2.);
#194=CYLINDRICAL_SURFACE('',#1759,2.);
#195=CYLINDRICAL_SURFACE('',#1762,2.);
#196=CYLINDRICAL_SURFACE('',#1766,2.);
#197=CYLINDRICAL_SURFACE('',#1794,1.5875);
#198=CYLINDRICAL_SURFACE('',#1796,1.5875);
#199=CYLINDRICAL_SURFACE('',#1798,1.5875);
#200=CYLINDRICAL_SURFACE('',#1800,1.5875);
#201=CYLINDRICAL_SURFACE('',#1802,1.5875);
#202=CYLINDRICAL_SURFACE('',#1804,1.5875);
#203=CYLINDRICAL_SURFACE('',#1806,1.5875);
#204=CYLINDRICAL_SURFACE('',#1808,1.5875);
#205=CYLINDRICAL_SURFACE('',#1810,1.5875);
#206=CYLINDRICAL_SURFACE('',#1812,1.5875);
#207=CYLINDRICAL_SURFACE('',#1817,44.96825);
#208=CYLINDRICAL_SURFACE('',#1818,26.5);
#209=CYLINDRICAL_SURFACE('',#1829,5.);
#210=CYLINDRICAL_SURFACE('',#1834,5.);
#211=CYLINDRICAL_SURFACE('',#1837,0.9377);
#212=CYLINDRICAL_SURFACE('',#1839,1.5);
#213=CYLINDRICAL_SURFACE('',#1841,1.5);
#214=CYLINDRICAL_SURFACE('',#1851,1.2);
#215=CYLINDRICAL_SURFACE('',#1853,1.35);
#216=CYLINDRICAL_SURFACE('',#1861,1.35);
#217=CYLINDRICAL_SURFACE('',#1868,5.);
#218=CYLINDRICAL_SURFACE('',#1881,1.2);
#219=CYLINDRICAL_SURFACE('',#1898,5.);
#220=CYLINDRICAL_SURFACE('',#1905,0.65);
#221=CYLINDRICAL_SURFACE('',#1907,0.65);
#222=FACE_OUTER_BOUND('',#323,.T.);
#223=FACE_OUTER_BOUND('',#324,.T.);
#224=FACE_OUTER_BOUND('',#325,.T.);
#225=FACE_OUTER_BOUND('',#326,.T.);
#226=FACE_OUTER_BOUND('',#327,.T.);
#227=FACE_OUTER_BOUND('',#328,.T.);
#228=FACE_OUTER_BOUND('',#330,.T.);
#229=FACE_OUTER_BOUND('',#331,.T.);
#230=FACE_OUTER_BOUND('',#333,.T.);
#231=FACE_OUTER_BOUND('',#334,.T.);
#232=FACE_OUTER_BOUND('',#338,.T.);
#233=FACE_OUTER_BOUND('',#339,.T.);
#234=FACE_OUTER_BOUND('',#340,.T.);
#235=FACE_OUTER_BOUND('',#341,.T.);
#236=FACE_OUTER_BOUND('',#345,.T.);
#237=FACE_OUTER_BOUND('',#346,.T.);
#238=FACE_OUTER_BOUND('',#350,.T.);
#239=FACE_OUTER_BOUND('',#351,.T.);
#240=FACE_OUTER_BOUND('',#352,.T.);
#241=FACE_OUTER_BOUND('',#354,.T.);
#242=FACE_OUTER_BOUND('',#356,.T.);
#243=FACE_OUTER_BOUND('',#357,.T.);
#244=FACE_OUTER_BOUND('',#359,.T.);
#245=FACE_OUTER_BOUND('',#360,.T.);
#246=FACE_OUTER_BOUND('',#362,.T.);
#247=FACE_OUTER_BOUND('',#363,.T.);
#248=FACE_OUTER_BOUND('',#364,.T.);
#249=FACE_OUTER_BOUND('',#365,.T.);
#250=FACE_OUTER_BOUND('',#366,.T.);
#251=FACE_OUTER_BOUND('',#367,.T.);
#252=FACE_OUTER_BOUND('',#368,.T.);
#253=FACE_OUTER_BOUND('',#371,.T.);
#254=FACE_OUTER_BOUND('',#372,.T.);
#255=FACE_OUTER_BOUND('',#373,.T.);
#256=FACE_OUTER_BOUND('',#374,.T.);
#257=FACE_OUTER_BOUND('',#375,.T.);
#258=FACE_OUTER_BOUND('',#376,.T.);
#259=FACE_OUTER_BOUND('',#377,.T.);
#260=FACE_OUTER_BOUND('',#378,.T.);
#261=FACE_OUTER_BOUND('',#379,.T.);
#262=FACE_OUTER_BOUND('',#380,.T.);
#263=FACE_OUTER_BOUND('',#381,.T.);
#264=FACE_OUTER_BOUND('',#382,.T.);
#265=FACE_OUTER_BOUND('',#383,.T.);
#266=FACE_OUTER_BOUND('',#384,.T.);
#267=FACE_OUTER_BOUND('',#385,.T.);
#268=FACE_OUTER_BOUND('',#386,.T.);
#269=FACE_OUTER_BOUND('',#387,.T.);
#270=FACE_OUTER_BOUND('',#388,.T.);
#271=FACE_OUTER_BOUND('',#389,.T.);
#272=FACE_OUTER_BOUND('',#390,.T.);
#273=FACE_OUTER_BOUND('',#391,.T.);
#274=FACE_OUTER_BOUND('',#392,.T.);
#275=FACE_OUTER_BOUND('',#393,.T.);
#276=FACE_OUTER_BOUND('',#394,.T.);
#277=FACE_OUTER_BOUND('',#395,.T.);
#278=FACE_OUTER_BOUND('',#396,.T.);
#279=FACE_OUTER_BOUND('',#397,.T.);
#280=FACE_OUTER_BOUND('',#398,.T.);
#281=FACE_OUTER_BOUND('',#399,.T.);
#282=FACE_OUTER_BOUND('',#400,.T.);
#283=FACE_OUTER_BOUND('',#401,.T.);
#284=FACE_OUTER_BOUND('',#421,.T.);
#285=FACE_OUTER_BOUND('',#422,.T.);
#286=FACE_OUTER_BOUND('',#423,.T.);
#287=FACE_OUTER_BOUND('',#424,.T.);
#288=FACE_OUTER_BOUND('',#428,.T.);
#289=FACE_OUTER_BOUND('',#429,.T.);
#290=FACE_OUTER_BOUND('',#430,.T.);
#291=FACE_OUTER_BOUND('',#431,.T.);
#292=FACE_OUTER_BOUND('',#432,.T.);
#293=FACE_OUTER_BOUND('',#433,.T.);
#294=FACE_OUTER_BOUND('',#434,.T.);
#295=FACE_OUTER_BOUND('',#435,.T.);
#296=FACE_OUTER_BOUND('',#436,.T.);
#297=FACE_OUTER_BOUND('',#440,.T.);
#298=FACE_OUTER_BOUND('',#441,.T.);
#299=FACE_OUTER_BOUND('',#442,.T.);
#300=FACE_OUTER_BOUND('',#443,.T.);
#301=FACE_OUTER_BOUND('',#444,.T.);
#302=FACE_OUTER_BOUND('',#445,.T.);
#303=FACE_OUTER_BOUND('',#446,.T.);
#304=FACE_OUTER_BOUND('',#447,.T.);
#305=FACE_OUTER_BOUND('',#448,.T.);
#306=FACE_OUTER_BOUND('',#449,.T.);
#307=FACE_OUTER_BOUND('',#453,.T.);
#308=FACE_OUTER_BOUND('',#454,.T.);
#309=FACE_OUTER_BOUND('',#455,.T.);
#310=FACE_OUTER_BOUND('',#456,.T.);
#311=FACE_OUTER_BOUND('',#457,.T.);
#312=FACE_OUTER_BOUND('',#458,.T.);
#313=FACE_OUTER_BOUND('',#459,.T.);
#314=FACE_OUTER_BOUND('',#460,.T.);
#315=FACE_OUTER_BOUND('',#461,.T.);
#316=FACE_OUTER_BOUND('',#462,.T.);
#317=FACE_OUTER_BOUND('',#463,.T.);
#318=FACE_OUTER_BOUND('',#467,.T.);
#319=FACE_OUTER_BOUND('',#468,.T.);
#320=FACE_OUTER_BOUND('',#469,.T.);
#321=FACE_OUTER_BOUND('',#470,.T.);
#322=FACE_OUTER_BOUND('',#471,.T.);
#323=EDGE_LOOP('',(#1081,#1082,#1083));
#324=EDGE_LOOP('',(#1084,#1085,#1086,#1087));
#325=EDGE_LOOP('',(#1088,#1089,#1090));
#326=EDGE_LOOP('',(#1091,#1092,#1093,#1094));
#327=EDGE_LOOP('',(#1095,#1096,#1097,#1098));
#328=EDGE_LOOP('',(#1099));
#329=EDGE_LOOP('',(#1100));
#330=EDGE_LOOP('',(#1101,#1102,#1103,#1104));
#331=EDGE_LOOP('',(#1105));
#332=EDGE_LOOP('',(#1106));
#333=EDGE_LOOP('',(#1107,#1108,#1109,#1110));
#334=EDGE_LOOP('',(#1111));
#335=EDGE_LOOP('',(#1112));
#336=EDGE_LOOP('',(#1113));
#337=EDGE_LOOP('',(#1114));
#338=EDGE_LOOP('',(#1115,#1116,#1117,#1118));
#339=EDGE_LOOP('',(#1119,#1120,#1121,#1122));
#340=EDGE_LOOP('',(#1123,#1124,#1125,#1126));
#341=EDGE_LOOP('',(#1127));
#342=EDGE_LOOP('',(#1128));
#343=EDGE_LOOP('',(#1129));
#344=EDGE_LOOP('',(#1130));
#345=EDGE_LOOP('',(#1131,#1132,#1133,#1134));
#346=EDGE_LOOP('',(#1135));
#347=EDGE_LOOP('',(#1136));
#348=EDGE_LOOP('',(#1137));
#349=EDGE_LOOP('',(#1138));
#350=EDGE_LOOP('',(#1139,#1140,#1141,#1142));
#351=EDGE_LOOP('',(#1143,#1144,#1145,#1146));
#352=EDGE_LOOP('',(#1147));
#353=EDGE_LOOP('',(#1148));
#354=EDGE_LOOP('',(#1149));
#355=EDGE_LOOP('',(#1150));
#356=EDGE_LOOP('',(#1151,#1152,#1153,#1154));
#357=EDGE_LOOP('',(#1155));
#358=EDGE_LOOP('',(#1156));
#359=EDGE_LOOP('',(#1157,#1158,#1159,#1160));
#360=EDGE_LOOP('',(#1161));
#361=EDGE_LOOP('',(#1162));
#362=EDGE_LOOP('',(#1163,#1164,#1165,#1166));
#363=EDGE_LOOP('',(#1167,#1168,#1169,#1170));
#364=EDGE_LOOP('',(#1171,#1172,#1173,#1174));
#365=EDGE_LOOP('',(#1175));
#366=EDGE_LOOP('',(#1176,#1177,#1178,#1179));
#367=EDGE_LOOP('',(#1180,#1181,#1182,#1183));
#368=EDGE_LOOP('',(#1184));
#369=EDGE_LOOP('',(#1185));
#370=EDGE_LOOP('',(#1186));
#371=EDGE_LOOP('',(#1187,#1188,#1189,#1190));
#372=EDGE_LOOP('',(#1191,#1192,#1193,#1194));
#373=EDGE_LOOP('',(#1195,#1196,#1197,#1198));
#374=EDGE_LOOP('',(#1199));
#375=EDGE_LOOP('',(#1200,#1201,#1202,#1203));
#376=EDGE_LOOP('',(#1204));
#377=EDGE_LOOP('',(#1205));
#378=EDGE_LOOP('',(#1206));
#379=EDGE_LOOP('',(#1207));
#380=EDGE_LOOP('',(#1208));
#381=EDGE_LOOP('',(#1209));
#382=EDGE_LOOP('',(#1210));
#383=EDGE_LOOP('',(#1211));
#384=EDGE_LOOP('',(#1212));
#385=EDGE_LOOP('',(#1213));
#386=EDGE_LOOP('',(#1214));
#387=EDGE_LOOP('',(#1215));
#388=EDGE_LOOP('',(#1216));
#389=EDGE_LOOP('',(#1217));
#390=EDGE_LOOP('',(#1218));
#391=EDGE_LOOP('',(#1219,#1220,#1221,#1222));
#392=EDGE_LOOP('',(#1223,#1224,#1225,#1226));
#393=EDGE_LOOP('',(#1227,#1228,#1229,#1230));
#394=EDGE_LOOP('',(#1231,#1232,#1233,#1234));
#395=EDGE_LOOP('',(#1235,#1236,#1237,#1238));
#396=EDGE_LOOP('',(#1239,#1240,#1241,#1242));
#397=EDGE_LOOP('',(#1243,#1244,#1245,#1246));
#398=EDGE_LOOP('',(#1247,#1248,#1249,#1250));
#399=EDGE_LOOP('',(#1251,#1252,#1253,#1254));
#400=EDGE_LOOP('',(#1255,#1256,#1257,#1258));
#401=EDGE_LOOP('',(#1259));
#402=EDGE_LOOP('',(#1260));
#403=EDGE_LOOP('',(#1261));
#404=EDGE_LOOP('',(#1262));
#405=EDGE_LOOP('',(#1263));
#406=EDGE_LOOP('',(#1264));
#407=EDGE_LOOP('',(#1265));
#408=EDGE_LOOP('',(#1266));
#409=EDGE_LOOP('',(#1267));
#410=EDGE_LOOP('',(#1268));
#411=EDGE_LOOP('',(#1269));
#412=EDGE_LOOP('',(#1270));
#413=EDGE_LOOP('',(#1271));
#414=EDGE_LOOP('',(#1272));
#415=EDGE_LOOP('',(#1273));
#416=EDGE_LOOP('',(#1274));
#417=EDGE_LOOP('',(#1275));
#418=EDGE_LOOP('',(#1276));
#419=EDGE_LOOP('',(#1277));
#420=EDGE_LOOP('',(#1278));
#421=EDGE_LOOP('',(#1279,#1280,#1281,#1282));
#422=EDGE_LOOP('',(#1283,#1284,#1285,#1286));
#423=EDGE_LOOP('',(#1287,#1288,#1289,#1290));
#424=EDGE_LOOP('',(#1291,#1292,#1293,#1294));
#425=EDGE_LOOP('',(#1295));
#426=EDGE_LOOP('',(#1296));
#427=EDGE_LOOP('',(#1297));
#428=EDGE_LOOP('',(#1298,#1299,#1300,#1301,#1302,#1303));
#429=EDGE_LOOP('',(#1304,#1305,#1306,#1307));
#430=EDGE_LOOP('',(#1308,#1309,#1310,#1311,#1312,#1313));
#431=EDGE_LOOP('',(#1314,#1315,#1316,#1317));
#432=EDGE_LOOP('',(#1318,#1319,#1320,#1321));
#433=EDGE_LOOP('',(#1322,#1323,#1324,#1325));
#434=EDGE_LOOP('',(#1326,#1327,#1328,#1329));
#435=EDGE_LOOP('',(#1330,#1331,#1332,#1333));
#436=EDGE_LOOP('',(#1334,#1335,#1336,#1337));
#437=EDGE_LOOP('',(#1338));
#438=EDGE_LOOP('',(#1339));
#439=EDGE_LOOP('',(#1340));
#440=EDGE_LOOP('',(#1341,#1342,#1343,#1344,#1345,#1346,#1347,#1348));
#441=EDGE_LOOP('',(#1349,#1350,#1351,#1352));
#442=EDGE_LOOP('',(#1353,#1354,#1355,#1356,#1357,#1358,#1359,#1360,#1361));
#443=EDGE_LOOP('',(#1362,#1363,#1364,#1365,#1366));
#444=EDGE_LOOP('',(#1367,#1368,#1369,#1370,#1371,#1372,#1373,#1374));
#445=EDGE_LOOP('',(#1375,#1376,#1377,#1378,#1379,#1380,#1381,#1382));
#446=EDGE_LOOP('',(#1383,#1384,#1385,#1386,#1387,#1388,#1389,#1390,#1391,
#1392,#1393,#1394));
#447=EDGE_LOOP('',(#1395,#1396,#1397,#1398));
#448=EDGE_LOOP('',(#1399,#1400));
#449=EDGE_LOOP('',(#1401,#1402,#1403,#1404,#1405));
#450=EDGE_LOOP('',(#1406));
#451=EDGE_LOOP('',(#1407));
#452=EDGE_LOOP('',(#1408));
#453=EDGE_LOOP('',(#1409,#1410,#1411,#1412));
#454=EDGE_LOOP('',(#1413,#1414));
#455=EDGE_LOOP('',(#1415,#1416,#1417,#1418,#1419,#1420));
#456=EDGE_LOOP('',(#1421,#1422,#1423,#1424));
#457=EDGE_LOOP('',(#1425,#1426,#1427,#1428));
#458=EDGE_LOOP('',(#1429,#1430));
#459=EDGE_LOOP('',(#1431,#1432,#1433,#1434));
#460=EDGE_LOOP('',(#1435,#1436));
#461=EDGE_LOOP('',(#1437,#1438,#1439,#1440,#1441));
#462=EDGE_LOOP('',(#1442,#1443,#1444,#1445,#1446,#1447,#1448,#1449,#1450,
#1451,#1452,#1453,#1454,#1455,#1456,#1457,#1458));
#463=EDGE_LOOP('',(#1459));
#464=EDGE_LOOP('',(#1460));
#465=EDGE_LOOP('',(#1461));
#466=EDGE_LOOP('',(#1462));
#467=EDGE_LOOP('',(#1463,#1464,#1465,#1466));
#468=EDGE_LOOP('',(#1467,#1468,#1469,#1470));
#469=EDGE_LOOP('',(#1471,#1472,#1473,#1474));
#470=EDGE_LOOP('',(#1475,#1476,#1477,#1478));
#471=EDGE_LOOP('',(#1479,#1480,#1481,#1482,#1483));
#472=EDGE_LOOP('',(#1484));
#473=EDGE_LOOP('',(#1485));
#474=EDGE_LOOP('',(#1486));
#475=LINE('',#2475,#553);
#476=LINE('',#2479,#554);
#477=LINE('',#2484,#555);
#478=LINE('',#2488,#556);
#479=LINE('',#2493,#557);
#480=LINE('',#2501,#558);
#481=LINE('',#2508,#559);
#482=LINE('',#2515,#560);
#483=LINE('',#2521,#561);
#484=LINE('',#2527,#562);
#485=LINE('',#2535,#563);
#486=LINE('',#2542,#564);
#487=LINE('',#2547,#565);
#488=LINE('',#2557,#566);
#489=LINE('',#2564,#567);
#490=LINE('',#2569,#568);
#491=LINE('',#2575,#569);
#492=LINE('',#2581,#570);
#493=LINE('',#2588,#571);
#494=LINE('',#2594,#572);
#495=LINE('',#2605,#573);
#496=LINE('',#2611,#574);
#497=LINE('',#2617,#575);
#498=LINE('',#2624,#576);
#499=LINE('',#2663,#577);
#500=LINE('',#2667,#578);
#501=LINE('',#2671,#579);
#502=LINE('',#2675,#580);
#503=LINE('',#2679,#581);
#504=LINE('',#2683,#582);
#505=LINE('',#2687,#583);
#506=LINE('',#2691,#584);
#507=LINE('',#2695,#585);
#508=LINE('',#2699,#586);
#509=LINE('',#2707,#587);
#510=LINE('',#2709,#588);
#511=LINE('',#2716,#589);
#512=LINE('',#2719,#590);
#513=LINE('',#2724,#591);
#514=LINE('',#2734,#592);
#515=LINE('',#2738,#593);
#516=LINE('',#2743,#594);
#517=LINE('',#2746,#595);
#518=LINE('',#2749,#596);
#519=LINE('',#2751,#597);
#520=LINE('',#2755,#598);
#521=LINE('',#2759,#599);
#522=LINE('',#2763,#600);
#523=LINE('',#2765,#601);
#524=LINE('',#2805,#602);
#525=LINE('',#2810,#603);
#526=LINE('',#2816,#604);
#527=LINE('',#2843,#605);
#528=LINE('',#2860,#606);
#529=LINE('',#2864,#607);
#530=LINE('',#2868,#608);
#531=LINE('',#2872,#609);
#532=LINE('',#2876,#610);
#533=LINE('',#2880,#611);
#534=LINE('',#2883,#612);
#535=LINE('',#2884,#613);
#536=LINE('',#2887,#614);
#537=LINE('',#2889,#615);
#538=LINE('',#2897,#616);
#539=LINE('',#2904,#617);
#540=LINE('',#2907,#618);
#541=LINE('',#2915,#619);
#542=LINE('',#2918,#620);
#543=LINE('',#2927,#621);
#544=LINE('',#2931,#622);
#545=LINE('',#2934,#623);
#546=LINE('',#2937,#624);
#547=LINE('',#2939,#625);
#548=LINE('',#2942,#626);
#549=LINE('',#2950,#627);
#550=LINE('',#2954,#628);
#551=LINE('',#2957,#629);
#552=LINE('',#2959,#630);
#553=VECTOR('',#1927,0.775);
#554=VECTOR('',#1932,1.55);
#555=VECTOR('',#1937,0.775);
#556=VECTOR('',#1942,1.55);
#557=VECTOR('',#1947,19.5778948805763);
#558=VECTOR('',#1958,25.95);
#559=VECTOR('',#1967,26.375);
#560=VECTOR('',#1976,1.55);
#561=VECTOR('',#1983,1.55);
#562=VECTOR('',#1990,18.5747045256125);
#563=VECTOR('',#2001,26.35);
#564=VECTOR('',#2010,1.5875);
#565=VECTOR('',#2017,3.175);
#566=VECTOR('',#2030,18.161);
#567=VECTOR('',#2039,18.034);
#568=VECTOR('',#2046,18.161);
#569=VECTOR('',#2053,2.);
#570=VECTOR('',#2060,2.);
#571=VECTOR('',#2069,2.);
#572=VECTOR('',#2076,2.);
#573=VECTOR('',#2089,2.);
#574=VECTOR('',#2096,2.);
#575=VECTOR('',#2103,2.);
#576=VECTOR('',#2112,2.);
#577=VECTOR('',#2167,1.5875);
#578=VECTOR('',#2172,1.5875);
#579=VECTOR('',#2177,1.5875);
#580=VECTOR('',#2182,1.5875);
#581=VECTOR('',#2187,1.5875);
#582=VECTOR('',#2192,1.5875);
#583=VECTOR('',#2197,1.5875);
#584=VECTOR('',#2202,1.5875);
#585=VECTOR('',#2207,1.5875);
#586=VECTOR('',#2212,1.5875);
#587=VECTOR('',#2223,44.96825);
#588=VECTOR('',#2226,26.5);
#589=VECTOR('',#2233,10.);
#590=VECTOR('',#2236,10.);
#591=VECTOR('',#2241,10.);
#592=VECTOR('',#2252,10.);
#593=VECTOR('',#2255,10.);
#594=VECTOR('',#2262,10.);
#595=VECTOR('',#2265,10.);
#596=VECTOR('',#2268,10.);
#597=VECTOR('',#2271,10.);
#598=VECTOR('',#2276,0.9375);
#599=VECTOR('',#2281,1.5);
#600=VECTOR('',#2286,1.5);
#601=VECTOR('',#2289,10.);
#602=VECTOR('',#2300,1.7);
#603=VECTOR('',#2307,1.2);
#604=VECTOR('',#2314,1.35);
#605=VECTOR('',#2331,1.35);
#606=VECTOR('',#2340,4.625);
#607=VECTOR('',#2345,5.);
#608=VECTOR('',#2348,10.);
#609=VECTOR('',#2351,10.);
#610=VECTOR('',#2354,10.);
#611=VECTOR('',#2357,10.);
#612=VECTOR('',#2362,10.);
#613=VECTOR('',#2363,10.);
#614=VECTOR('',#2368,10.);
#615=VECTOR('',#2371,10.);
#616=VECTOR('',#2382,1.2);
#617=VECTOR('',#2389,10.);
#618=VECTOR('',#2392,10.);
#619=VECTOR('',#2401,10.);
#620=VECTOR('',#2404,10.);
#621=VECTOR('',#2415,4.5);
#622=VECTOR('',#2420,10.);
#623=VECTOR('',#2423,5.);
#624=VECTOR('',#2426,10.);
#625=VECTOR('',#2427,10.);
#626=VECTOR('',#2430,10.);
#627=VECTOR('',#2439,0.65);
#628=VECTOR('',#2444,0.65);
#629=VECTOR('',#2449,10.);
#630=VECTOR('',#2452,10.);
#631=CIRCLE('',#1686,1.55);
#632=CIRCLE('',#1688,1.55);
#633=CIRCLE('',#1690,1.55);
#634=CIRCLE('',#1692,1.55);
#635=CIRCLE('',#1694,21.0057897611526);
#636=CIRCLE('',#1695,18.15);
#637=CIRCLE('',#1697,25.95);
#638=CIRCLE('',#1699,25.95);
#639=CIRCLE('',#1701,25.925);
#640=CIRCLE('',#1703,25.925);
#641=CIRCLE('',#1707,1.55);
#642=CIRCLE('',#1708,1.55);
#643=CIRCLE('',#1710,1.55);
#644=CIRCLE('',#1711,1.55);
#645=CIRCLE('',#1713,16.375);
#646=CIRCLE('',#1714,20.774409051225);
#647=CIRCLE('',#1716,25.925);
#648=CIRCLE('',#1718,25.925);
#649=CIRCLE('',#1722,3.175);
#650=CIRCLE('',#1723,3.06780931233247);
#651=CIRCLE('',#1725,3.175);
#652=CIRCLE('',#1727,15.875);
#653=CIRCLE('',#1729,15.875);
#654=CIRCLE('',#1731,20.447);
#655=CIRCLE('',#1733,18.034);
#656=CIRCLE('',#1735,18.034);
#657=CIRCLE('',#1737,20.447);
#658=CIRCLE('',#1741,2.);
#659=CIRCLE('',#1742,2.);
#660=CIRCLE('',#1744,2.);
#661=CIRCLE('',#1745,2.);
#662=CIRCLE('',#1748,2.);
#663=CIRCLE('',#1749,2.);
#664=CIRCLE('',#1751,2.);
#665=CIRCLE('',#1752,2.);
#666=CIRCLE('',#1754,44.96825);
#667=CIRCLE('',#1755,26.5);
#668=CIRCLE('',#1756,2.);
#669=CIRCLE('',#1758,2.);
#670=CIRCLE('',#1760,2.);
#671=CIRCLE('',#1761,2.);
#672=CIRCLE('',#1763,2.);
#673=CIRCLE('',#1764,2.);
#674=CIRCLE('',#1767,2.);
#675=CIRCLE('',#1768,2.);
#676=CIRCLE('',#1771,1.5875);
#677=CIRCLE('',#1773,1.5875);
#678=CIRCLE('',#1777,1.5875);
#679=CIRCLE('',#1779,1.5875);
#680=CIRCLE('',#1781,1.5875);
#681=CIRCLE('',#1784,1.5875);
#682=CIRCLE('',#1786,1.5875);
#683=CIRCLE('',#1789,1.5875);
#684=CIRCLE('',#1791,1.5875);
#685=CIRCLE('',#1793,1.5875);
#686=CIRCLE('',#1795,1.5875);
#687=CIRCLE('',#1797,1.5875);
#688=CIRCLE('',#1799,1.5875);
#689=CIRCLE('',#1801,1.5875);
#690=CIRCLE('',#1803,1.5875);
#691=CIRCLE('',#1805,1.5875);
#692=CIRCLE('',#1807,1.5875);
#693=CIRCLE('',#1809,1.5875);
#694=CIRCLE('',#1811,1.5875);
#695=CIRCLE('',#1813,1.5875);
#696=CIRCLE('',#1815,44.96825);
#697=CIRCLE('',#1816,26.5);
#698=CIRCLE('',#1824,5.);
#699=CIRCLE('',#1825,5.);
#700=CIRCLE('',#1826,1.5);
#701=CIRCLE('',#1827,1.5);
#702=CIRCLE('',#1828,0.9377);
#703=CIRCLE('',#1830,5.);
#704=CIRCLE('',#1835,5.);
#705=CIRCLE('',#1838,0.9377);
#706=CIRCLE('',#1840,1.5);
#707=CIRCLE('',#1842,1.5);
#708=CIRCLE('',#1847,2.2);
#709=CIRCLE('',#1848,2.2);
#710=CIRCLE('',#1849,1.2);
#711=CIRCLE('',#1850,2.2);
#712=CIRCLE('',#1852,1.2);
#713=CIRCLE('',#1854,1.35);
#714=CIRCLE('',#1855,1.35);
#715=CIRCLE('',#1856,1.35);
#716=CIRCLE('',#1857,1.35);
#717=CIRCLE('',#1859,1.35);
#718=CIRCLE('',#1860,4.25);
#719=CIRCLE('',#1862,1.35);
#720=CIRCLE('',#1863,1.35);
#721=CIRCLE('',#1864,1.35);
#722=CIRCLE('',#1866,4.25);
#723=CIRCLE('',#1867,5.);
#724=CIRCLE('',#1869,5.);
#725=CIRCLE('',#1870,5.);
#726=CIRCLE('',#1871,5.);
#727=CIRCLE('',#1872,5.);
#728=CIRCLE('',#1873,5.);
#729=CIRCLE('',#1882,1.2);
#730=CIRCLE('',#1883,1.2);
#731=CIRCLE('',#1888,5.);
#732=CIRCLE('',#1893,5.);
#733=CIRCLE('',#1895,5.);
#734=CIRCLE('',#1896,5.);
#735=CIRCLE('',#1897,4.);
#736=CIRCLE('',#1899,5.);
#737=CIRCLE('',#1900,5.);
#738=CIRCLE('',#1901,5.);
#739=CIRCLE('',#1903,0.65);
#740=CIRCLE('',#1904,0.65);
#741=CIRCLE('',#1906,0.65);
#742=CIRCLE('',#1908,0.65);
#743=VERTEX_POINT('',#2472);
#744=VERTEX_POINT('',#2474);
#745=VERTEX_POINT('',#2477);
#746=VERTEX_POINT('',#2481);
#747=VERTEX_POINT('',#2483);
#748=VERTEX_POINT('',#2486);
#749=VERTEX_POINT('',#2490);
#750=VERTEX_POINT('',#2492);
#751=VERTEX_POINT('',#2496);
#752=VERTEX_POINT('',#2499);
#753=VERTEX_POINT('',#2503);
#754=VERTEX_POINT('',#2506);
#755=VERTEX_POINT('',#2512);
#756=VERTEX_POINT('',#2514);
#757=VERTEX_POINT('',#2518);
#758=VERTEX_POINT('',#2520);
#759=VERTEX_POINT('',#2524);
#760=VERTEX_POINT('',#2526);
#761=VERTEX_POINT('',#2530);
#762=VERTEX_POINT('',#2533);
#763=VERTEX_POINT('',#2539);
#764=VERTEX_POINT('',#2541);
#765=VERTEX_POINT('',#2545);
#766=VERTEX_POINT('',#2549);
#767=VERTEX_POINT('',#2552);
#768=VERTEX_POINT('',#2555);
#769=VERTEX_POINT('',#2559);
#770=VERTEX_POINT('',#2562);
#771=VERTEX_POINT('',#2566);
#772=VERTEX_POINT('',#2572);
#773=VERTEX_POINT('',#2574);
#774=VERTEX_POINT('',#2578);
#775=VERTEX_POINT('',#2580);
#776=VERTEX_POINT('',#2585);
#777=VERTEX_POINT('',#2587);
#778=VERTEX_POINT('',#2591);
#779=VERTEX_POINT('',#2593);
#780=VERTEX_POINT('',#2597);
#781=VERTEX_POINT('',#2599);
#782=VERTEX_POINT('',#2601);
#783=VERTEX_POINT('',#2604);
#784=VERTEX_POINT('',#2608);
#785=VERTEX_POINT('',#2610);
#786=VERTEX_POINT('',#2614);
#787=VERTEX_POINT('',#2616);
#788=VERTEX_POINT('',#2621);
#789=VERTEX_POINT('',#2623);
#790=VERTEX_POINT('',#2628);
#791=VERTEX_POINT('',#2631);
#792=VERTEX_POINT('',#2636);
#793=VERTEX_POINT('',#2639);
#794=VERTEX_POINT('',#2642);
#795=VERTEX_POINT('',#2646);
#796=VERTEX_POINT('',#2649);
#797=VERTEX_POINT('',#2653);
#798=VERTEX_POINT('',#2656);
#799=VERTEX_POINT('',#2659);
#800=VERTEX_POINT('',#2662);
#801=VERTEX_POINT('',#2666);
#802=VERTEX_POINT('',#2670);
#803=VERTEX_POINT('',#2674);
#804=VERTEX_POINT('',#2678);
#805=VERTEX_POINT('',#2682);
#806=VERTEX_POINT('',#2686);
#807=VERTEX_POINT('',#2690);
#808=VERTEX_POINT('',#2694);
#809=VERTEX_POINT('',#2698);
#810=VERTEX_POINT('',#2702);
#811=VERTEX_POINT('',#2704);
#812=VERTEX_POINT('',#2712);
#813=VERTEX_POINT('',#2713);
#814=VERTEX_POINT('',#2715);
#815=VERTEX_POINT('',#2717);
#816=VERTEX_POINT('',#2721);
#817=VERTEX_POINT('',#2723);
#818=VERTEX_POINT('',#2726);
#819=VERTEX_POINT('',#2728);
#820=VERTEX_POINT('',#2730);
#821=VERTEX_POINT('',#2733);
#822=VERTEX_POINT('',#2735);
#823=VERTEX_POINT('',#2737);
#824=VERTEX_POINT('',#2741);
#825=VERTEX_POINT('',#2745);
#826=VERTEX_POINT('',#2747);
#827=VERTEX_POINT('',#2753);
#828=VERTEX_POINT('',#2757);
#829=VERTEX_POINT('',#2761);
#830=VERTEX_POINT('',#2769);
#831=VERTEX_POINT('',#2770);
#832=VERTEX_POINT('',#2785);
#833=VERTEX_POINT('',#2787);
#834=VERTEX_POINT('',#2802);
#835=VERTEX_POINT('',#2804);
#836=VERTEX_POINT('',#2809);
#837=VERTEX_POINT('',#2813);
#838=VERTEX_POINT('',#2815);
#839=VERTEX_POINT('',#2818);
#840=VERTEX_POINT('',#2820);
#841=VERTEX_POINT('',#2827);
#842=VERTEX_POINT('',#2836);
#843=VERTEX_POINT('',#2840);
#844=VERTEX_POINT('',#2842);
#845=VERTEX_POINT('',#2844);
#846=VERTEX_POINT('',#2859);
#847=VERTEX_POINT('',#2863);
#848=VERTEX_POINT('',#2865);
#849=VERTEX_POINT('',#2867);
#850=VERTEX_POINT('',#2869);
#851=VERTEX_POINT('',#2871);
#852=VERTEX_POINT('',#2873);
#853=VERTEX_POINT('',#2875);
#854=VERTEX_POINT('',#2877);
#855=VERTEX_POINT('',#2879);
#856=VERTEX_POINT('',#2894);
#857=VERTEX_POINT('',#2896);
#858=VERTEX_POINT('',#2900);
#859=VERTEX_POINT('',#2901);
#860=VERTEX_POINT('',#2903);
#861=VERTEX_POINT('',#2905);
#862=VERTEX_POINT('',#2911);
#863=VERTEX_POINT('',#2912);
#864=VERTEX_POINT('',#2914);
#865=VERTEX_POINT('',#2916);
#866=VERTEX_POINT('',#2922);
#867=VERTEX_POINT('',#2923);
#868=VERTEX_POINT('',#2926);
#869=VERTEX_POINT('',#2930);
#870=VERTEX_POINT('',#2932);
#871=VERTEX_POINT('',#2935);
#872=VERTEX_POINT('',#2938);
#873=VERTEX_POINT('',#2940);
#874=VERTEX_POINT('',#2944);
#875=VERTEX_POINT('',#2946);
#876=VERTEX_POINT('',#2949);
#877=VERTEX_POINT('',#2953);
#878=EDGE_CURVE('',#743,#743,#631,.T.);
#879=EDGE_CURVE('',#743,#744,#475,.T.);
#880=EDGE_CURVE('',#745,#745,#632,.T.);
#881=EDGE_CURVE('',#745,#743,#476,.T.);
#882=EDGE_CURVE('',#746,#746,#633,.T.);
#883=EDGE_CURVE('',#746,#747,#477,.T.);
#884=EDGE_CURVE('',#748,#748,#634,.T.);
#885=EDGE_CURVE('',#748,#746,#478,.T.);
#886=EDGE_CURVE('',#749,#749,#635,.T.);
#887=EDGE_CURVE('',#749,#750,#479,.T.);
#888=EDGE_CURVE('',#750,#750,#636,.T.);
#889=EDGE_CURVE('',#751,#751,#637,.T.);
#890=EDGE_CURVE('',#752,#752,#638,.T.);
#891=EDGE_CURVE('',#752,#751,#480,.T.);
#892=EDGE_CURVE('',#753,#753,#639,.T.);
#893=EDGE_CURVE('',#754,#754,#640,.F.);
#894=EDGE_CURVE('',#754,#753,#481,.T.);
#895=EDGE_CURVE('',#755,#755,#641,.T.);
#896=EDGE_CURVE('',#755,#756,#482,.T.);
#897=EDGE_CURVE('',#756,#756,#642,.T.);
#898=EDGE_CURVE('',#757,#757,#643,.T.);
#899=EDGE_CURVE('',#757,#758,#483,.T.);
#900=EDGE_CURVE('',#758,#758,#644,.T.);
#901=EDGE_CURVE('',#759,#759,#645,.T.);
#902=EDGE_CURVE('',#759,#760,#484,.T.);
#903=EDGE_CURVE('',#760,#760,#646,.T.);
#904=EDGE_CURVE('',#761,#761,#647,.T.);
#905=EDGE_CURVE('',#762,#762,#648,.F.);
#906=EDGE_CURVE('',#762,#761,#485,.T.);
#907=EDGE_CURVE('',#763,#763,#649,.T.);
#908=EDGE_CURVE('',#763,#764,#486,.T.);
#909=EDGE_CURVE('',#764,#764,#650,.T.);
#910=EDGE_CURVE('',#765,#765,#651,.T.);
#911=EDGE_CURVE('',#765,#763,#487,.T.);
#912=EDGE_CURVE('',#766,#766,#652,.T.);
#913=EDGE_CURVE('',#767,#767,#653,.T.);
#914=EDGE_CURVE('',#768,#768,#654,.T.);
#915=EDGE_CURVE('',#768,#767,#488,.T.);
#916=EDGE_CURVE('',#769,#769,#655,.T.);
#917=EDGE_CURVE('',#770,#770,#656,.T.);
#918=EDGE_CURVE('',#770,#769,#489,.T.);
#919=EDGE_CURVE('',#771,#771,#657,.T.);
#920=EDGE_CURVE('',#766,#771,#490,.T.);
#921=EDGE_CURVE('',#772,#772,#658,.T.);
#922=EDGE_CURVE('',#772,#773,#491,.T.);
#923=EDGE_CURVE('',#773,#773,#659,.T.);
#924=EDGE_CURVE('',#774,#774,#660,.T.);
#925=EDGE_CURVE('',#774,#775,#492,.T.);
#926=EDGE_CURVE('',#775,#775,#661,.T.);
#927=EDGE_CURVE('',#776,#776,#662,.T.);
#928=EDGE_CURVE('',#776,#777,#493,.T.);
#929=EDGE_CURVE('',#777,#777,#663,.T.);
#930=EDGE_CURVE('',#778,#778,#664,.T.);
#931=EDGE_CURVE('',#778,#779,#494,.T.);
#932=EDGE_CURVE('',#779,#779,#665,.T.);
#933=EDGE_CURVE('',#780,#780,#666,.T.);
#934=EDGE_CURVE('',#781,#781,#667,.T.);
#935=EDGE_CURVE('',#782,#782,#668,.T.);
#936=EDGE_CURVE('',#782,#783,#495,.T.);
#937=EDGE_CURVE('',#783,#783,#669,.T.);
#938=EDGE_CURVE('',#784,#784,#670,.T.);
#939=EDGE_CURVE('',#784,#785,#496,.T.);
#940=EDGE_CURVE('',#785,#785,#671,.T.);
#941=EDGE_CURVE('',#786,#786,#672,.T.);
#942=EDGE_CURVE('',#786,#787,#497,.T.);
#943=EDGE_CURVE('',#787,#787,#673,.T.);
#944=EDGE_CURVE('',#788,#788,#674,.T.);
#945=EDGE_CURVE('',#788,#789,#498,.T.);
#946=EDGE_CURVE('',#789,#789,#675,.T.);
#947=EDGE_CURVE('',#790,#790,#676,.T.);
#948=EDGE_CURVE('',#791,#791,#677,.T.);
#949=EDGE_CURVE('',#792,#792,#678,.T.);
#950=EDGE_CURVE('',#793,#793,#679,.T.);
#951=EDGE_CURVE('',#794,#794,#680,.T.);
#952=EDGE_CURVE('',#795,#795,#681,.T.);
#953=EDGE_CURVE('',#796,#796,#682,.T.);
#954=EDGE_CURVE('',#797,#797,#683,.T.);
#955=EDGE_CURVE('',#798,#798,#684,.T.);
#956=EDGE_CURVE('',#799,#799,#685,.T.);
#957=EDGE_CURVE('',#790,#800,#499,.T.);
#958=EDGE_CURVE('',#800,#800,#686,.T.);
#959=EDGE_CURVE('',#791,#801,#500,.T.);
#960=EDGE_CURVE('',#801,#801,#687,.T.);
#961=EDGE_CURVE('',#792,#802,#501,.T.);
#962=EDGE_CURVE('',#802,#802,#688,.T.);
#963=EDGE_CURVE('',#793,#803,#502,.T.);
#964=EDGE_CURVE('',#803,#803,#689,.T.);
#965=EDGE_CURVE('',#794,#804,#503,.T.);
#966=EDGE_CURVE('',#804,#804,#690,.T.);
#967=EDGE_CURVE('',#795,#805,#504,.T.);
#968=EDGE_CURVE('',#805,#805,#691,.T.);
#969=EDGE_CURVE('',#796,#806,#505,.T.);
#970=EDGE_CURVE('',#806,#806,#692,.T.);
#971=EDGE_CURVE('',#797,#807,#506,.T.);
#972=EDGE_CURVE('',#807,#807,#693,.T.);
#973=EDGE_CURVE('',#798,#808,#507,.T.);
#974=EDGE_CURVE('',#808,#808,#694,.T.);
#975=EDGE_CURVE('',#799,#809,#508,.T.);
#976=EDGE_CURVE('',#809,#809,#695,.T.);
#977=EDGE_CURVE('',#810,#810,#696,.T.);
#978=EDGE_CURVE('',#811,#811,#697,.T.);
#979=EDGE_CURVE('',#810,#780,#509,.T.);
#980=EDGE_CURVE('',#811,#781,#510,.T.);
#981=EDGE_CURVE('',#812,#813,#44,.T.);
#982=EDGE_CURVE('',#813,#814,#511,.T.);
#983=EDGE_CURVE('',#814,#815,#45,.T.);
#984=EDGE_CURVE('',#815,#812,#512,.T.);
#985=EDGE_CURVE('',#813,#816,#698,.T.);
#986=EDGE_CURVE('',#817,#816,#513,.T.);
#987=EDGE_CURVE('',#817,#814,#699,.T.);
#988=EDGE_CURVE('',#818,#818,#700,.T.);
#989=EDGE_CURVE('',#819,#819,#701,.T.);
#990=EDGE_CURVE('',#820,#820,#702,.F.);
#991=EDGE_CURVE('',#821,#812,#514,.T.);
#992=EDGE_CURVE('',#822,#821,#703,.T.);
#993=EDGE_CURVE('',#822,#823,#515,.T.);
#994=EDGE_CURVE('',#816,#823,#46,.T.);
#995=EDGE_CURVE('',#824,#817,#47,.T.);
#996=EDGE_CURVE('',#823,#824,#516,.T.);
#997=EDGE_CURVE('',#825,#824,#517,.T.);
#998=EDGE_CURVE('',#826,#825,#704,.T.);
#999=EDGE_CURVE('',#826,#815,#518,.T.);
#1000=EDGE_CURVE('',#822,#825,#519,.T.);
#1001=EDGE_CURVE('',#827,#827,#705,.T.);
#1002=EDGE_CURVE('',#827,#820,#520,.T.);
#1003=EDGE_CURVE('',#828,#828,#706,.T.);
#1004=EDGE_CURVE('',#828,#819,#521,.T.);
#1005=EDGE_CURVE('',#829,#829,#707,.T.);
#1006=EDGE_CURVE('',#829,#818,#522,.T.);
#1007=EDGE_CURVE('',#826,#821,#523,.T.);
#1008=EDGE_CURVE('',#830,#831,#39,.T.);
#1009=EDGE_CURVE('',#832,#831,#708,.T.);
#1010=EDGE_CURVE('',#832,#833,#40,.T.);
#1011=EDGE_CURVE('',#834,#833,#709,.T.);
#1012=EDGE_CURVE('',#834,#835,#524,.T.);
#1013=EDGE_CURVE('',#835,#835,#710,.T.);
#1014=EDGE_CURVE('',#830,#834,#711,.T.);
#1015=EDGE_CURVE('',#835,#836,#525,.T.);
#1016=EDGE_CURVE('',#836,#836,#712,.T.);
#1017=EDGE_CURVE('',#837,#837,#713,.T.);
#1018=EDGE_CURVE('',#837,#838,#526,.T.);
#1019=EDGE_CURVE('',#831,#838,#714,.T.);
#1020=EDGE_CURVE('',#839,#830,#715,.T.);
#1021=EDGE_CURVE('',#839,#840,#41,.T.);
#1022=EDGE_CURVE('',#840,#841,#42,.T.);
#1023=EDGE_CURVE('',#838,#841,#716,.T.);
#1024=EDGE_CURVE('',#833,#842,#717,.T.);
#1025=EDGE_CURVE('',#839,#842,#718,.T.);
#1026=EDGE_CURVE('',#843,#843,#719,.T.);
#1027=EDGE_CURVE('',#843,#844,#527,.T.);
#1028=EDGE_CURVE('',#845,#844,#720,.T.);
#1029=EDGE_CURVE('',#845,#842,#43,.T.);
#1030=EDGE_CURVE('',#844,#832,#721,.T.);
#1031=EDGE_CURVE('',#845,#841,#722,.T.);
#1032=EDGE_CURVE('',#840,#846,#528,.T.);
#1033=EDGE_CURVE('',#846,#846,#723,.T.);
#1034=EDGE_CURVE('',#846,#847,#529,.T.);
#1035=EDGE_CURVE('',#847,#848,#724,.T.);
#1036=EDGE_CURVE('',#848,#849,#530,.T.);
#1037=EDGE_CURVE('',#850,#849,#725,.T.);
#1038=EDGE_CURVE('',#851,#850,#531,.T.);
#1039=EDGE_CURVE('',#851,#852,#726,.T.);
#1040=EDGE_CURVE('',#852,#853,#532,.T.);
#1041=EDGE_CURVE('',#854,#853,#727,.T.);
#1042=EDGE_CURVE('',#855,#854,#533,.T.);
#1043=EDGE_CURVE('',#855,#847,#728,.T.);
#1044=EDGE_CURVE('',#851,#848,#534,.T.);
#1045=EDGE_CURVE('',#849,#850,#535,.T.);
#1046=EDGE_CURVE('',#855,#852,#536,.T.);
#1047=EDGE_CURVE('',#853,#854,#537,.T.);
#1048=EDGE_CURVE('',#856,#856,#729,.T.);
#1049=EDGE_CURVE('',#856,#857,#538,.T.);
#1050=EDGE_CURVE('',#857,#857,#730,.T.);
#1051=EDGE_CURVE('',#858,#859,#48,.T.);
#1052=EDGE_CURVE('',#859,#860,#539,.T.);
#1053=EDGE_CURVE('',#860,#861,#49,.T.);
#1054=EDGE_CURVE('',#861,#858,#540,.T.);
#1055=EDGE_CURVE('',#859,#860,#731,.T.);
#1056=EDGE_CURVE('',#862,#863,#50,.T.);
#1057=EDGE_CURVE('',#863,#864,#541,.T.);
#1058=EDGE_CURVE('',#864,#865,#51,.T.);
#1059=EDGE_CURVE('',#865,#862,#542,.T.);
#1060=EDGE_CURVE('',#863,#864,#732,.T.);
#1061=EDGE_CURVE('',#866,#867,#733,.T.);
#1062=EDGE_CURVE('',#867,#866,#734,.T.);
#1063=EDGE_CURVE('',#866,#868,#543,.T.);
#1064=EDGE_CURVE('',#868,#868,#735,.T.);
#1065=EDGE_CURVE('',#869,#858,#544,.T.);
#1066=EDGE_CURVE('',#870,#869,#736,.T.);
#1067=EDGE_CURVE('',#870,#867,#545,.T.);
#1068=EDGE_CURVE('',#871,#870,#737,.T.);
#1069=EDGE_CURVE('',#871,#865,#546,.T.);
#1070=EDGE_CURVE('',#872,#862,#547,.T.);
#1071=EDGE_CURVE('',#873,#872,#738,.T.);
#1072=EDGE_CURVE('',#873,#861,#548,.T.);
#1073=EDGE_CURVE('',#874,#874,#739,.T.);
#1074=EDGE_CURVE('',#875,#875,#740,.T.);
#1075=EDGE_CURVE('',#875,#876,#549,.T.);
#1076=EDGE_CURVE('',#876,#876,#741,.T.);
#1077=EDGE_CURVE('',#874,#877,#550,.T.);
#1078=EDGE_CURVE('',#877,#877,#742,.T.);
#1079=EDGE_CURVE('',#872,#871,#551,.T.);
#1080=EDGE_CURVE('',#869,#873,#552,.T.);
#1081=ORIENTED_EDGE('',*,*,#878,.F.);
#1082=ORIENTED_EDGE('',*,*,#879,.T.);
#1083=ORIENTED_EDGE('',*,*,#879,.F.);
#1084=ORIENTED_EDGE('',*,*,#880,.F.);
#1085=ORIENTED_EDGE('',*,*,#881,.T.);
#1086=ORIENTED_EDGE('',*,*,#878,.T.);
#1087=ORIENTED_EDGE('',*,*,#881,.F.);
#1088=ORIENTED_EDGE('',*,*,#882,.F.);
#1089=ORIENTED_EDGE('',*,*,#883,.T.);
#1090=ORIENTED_EDGE('',*,*,#883,.F.);
#1091=ORIENTED_EDGE('',*,*,#884,.F.);
#1092=ORIENTED_EDGE('',*,*,#885,.T.);
#1093=ORIENTED_EDGE('',*,*,#882,.T.);
#1094=ORIENTED_EDGE('',*,*,#885,.F.);
#1095=ORIENTED_EDGE('',*,*,#886,.T.);
#1096=ORIENTED_EDGE('',*,*,#887,.T.);
#1097=ORIENTED_EDGE('',*,*,#888,.F.);
#1098=ORIENTED_EDGE('',*,*,#887,.F.);
#1099=ORIENTED_EDGE('',*,*,#889,.F.);
#1100=ORIENTED_EDGE('',*,*,#888,.T.);
#1101=ORIENTED_EDGE('',*,*,#890,.F.);
#1102=ORIENTED_EDGE('',*,*,#891,.T.);
#1103=ORIENTED_EDGE('',*,*,#889,.T.);
#1104=ORIENTED_EDGE('',*,*,#891,.F.);
#1105=ORIENTED_EDGE('',*,*,#890,.T.);
#1106=ORIENTED_EDGE('',*,*,#892,.F.);
#1107=ORIENTED_EDGE('',*,*,#893,.F.);
#1108=ORIENTED_EDGE('',*,*,#894,.T.);
#1109=ORIENTED_EDGE('',*,*,#892,.T.);
#1110=ORIENTED_EDGE('',*,*,#894,.F.);
#1111=ORIENTED_EDGE('',*,*,#893,.T.);
#1112=ORIENTED_EDGE('',*,*,#880,.T.);
#1113=ORIENTED_EDGE('',*,*,#884,.T.);
#1114=ORIENTED_EDGE('',*,*,#886,.F.);
#1115=ORIENTED_EDGE('',*,*,#895,.F.);
#1116=ORIENTED_EDGE('',*,*,#896,.T.);
#1117=ORIENTED_EDGE('',*,*,#897,.F.);
#1118=ORIENTED_EDGE('',*,*,#896,.F.);
#1119=ORIENTED_EDGE('',*,*,#898,.F.);
#1120=ORIENTED_EDGE('',*,*,#899,.T.);
#1121=ORIENTED_EDGE('',*,*,#900,.F.);
#1122=ORIENTED_EDGE('',*,*,#899,.F.);
#1123=ORIENTED_EDGE('',*,*,#901,.T.);
#1124=ORIENTED_EDGE('',*,*,#902,.T.);
#1125=ORIENTED_EDGE('',*,*,#903,.F.);
#1126=ORIENTED_EDGE('',*,*,#902,.F.);
#1127=ORIENTED_EDGE('',*,*,#904,.F.);
#1128=ORIENTED_EDGE('',*,*,#897,.T.);
#1129=ORIENTED_EDGE('',*,*,#900,.T.);
#1130=ORIENTED_EDGE('',*,*,#903,.T.);
#1131=ORIENTED_EDGE('',*,*,#905,.F.);
#1132=ORIENTED_EDGE('',*,*,#906,.T.);
#1133=ORIENTED_EDGE('',*,*,#904,.T.);
#1134=ORIENTED_EDGE('',*,*,#906,.F.);
#1135=ORIENTED_EDGE('',*,*,#905,.T.);
#1136=ORIENTED_EDGE('',*,*,#895,.T.);
#1137=ORIENTED_EDGE('',*,*,#898,.T.);
#1138=ORIENTED_EDGE('',*,*,#901,.F.);
#1139=ORIENTED_EDGE('',*,*,#907,.F.);
#1140=ORIENTED_EDGE('',*,*,#908,.T.);
#1141=ORIENTED_EDGE('',*,*,#909,.F.);
#1142=ORIENTED_EDGE('',*,*,#908,.F.);
#1143=ORIENTED_EDGE('',*,*,#910,.F.);
#1144=ORIENTED_EDGE('',*,*,#911,.T.);
#1145=ORIENTED_EDGE('',*,*,#907,.T.);
#1146=ORIENTED_EDGE('',*,*,#911,.F.);
#1147=ORIENTED_EDGE('',*,*,#912,.T.);
#1148=ORIENTED_EDGE('',*,*,#910,.T.);
#1149=ORIENTED_EDGE('',*,*,#913,.F.);
#1150=ORIENTED_EDGE('',*,*,#909,.T.);
#1151=ORIENTED_EDGE('',*,*,#914,.F.);
#1152=ORIENTED_EDGE('',*,*,#915,.T.);
#1153=ORIENTED_EDGE('',*,*,#913,.T.);
#1154=ORIENTED_EDGE('',*,*,#915,.F.);
#1155=ORIENTED_EDGE('',*,*,#914,.T.);
#1156=ORIENTED_EDGE('',*,*,#916,.F.);
#1157=ORIENTED_EDGE('',*,*,#917,.F.);
#1158=ORIENTED_EDGE('',*,*,#918,.T.);
#1159=ORIENTED_EDGE('',*,*,#916,.T.);
#1160=ORIENTED_EDGE('',*,*,#918,.F.);
#1161=ORIENTED_EDGE('',*,*,#919,.F.);
#1162=ORIENTED_EDGE('',*,*,#917,.T.);
#1163=ORIENTED_EDGE('',*,*,#912,.F.);
#1164=ORIENTED_EDGE('',*,*,#920,.T.);
#1165=ORIENTED_EDGE('',*,*,#919,.T.);
#1166=ORIENTED_EDGE('',*,*,#920,.F.);
#1167=ORIENTED_EDGE('',*,*,#921,.F.);
#1168=ORIENTED_EDGE('',*,*,#922,.T.);
#1169=ORIENTED_EDGE('',*,*,#923,.T.);
#1170=ORIENTED_EDGE('',*,*,#922,.F.);
#1171=ORIENTED_EDGE('',*,*,#924,.F.);
#1172=ORIENTED_EDGE('',*,*,#925,.T.);
#1173=ORIENTED_EDGE('',*,*,#926,.T.);
#1174=ORIENTED_EDGE('',*,*,#925,.F.);
#1175=ORIENTED_EDGE('',*,*,#924,.T.);
#1176=ORIENTED_EDGE('',*,*,#927,.F.);
#1177=ORIENTED_EDGE('',*,*,#928,.T.);
#1178=ORIENTED_EDGE('',*,*,#929,.T.);
#1179=ORIENTED_EDGE('',*,*,#928,.F.);
#1180=ORIENTED_EDGE('',*,*,#930,.F.);
#1181=ORIENTED_EDGE('',*,*,#931,.T.);
#1182=ORIENTED_EDGE('',*,*,#932,.T.);
#1183=ORIENTED_EDGE('',*,*,#931,.F.);
#1184=ORIENTED_EDGE('',*,*,#933,.F.);
#1185=ORIENTED_EDGE('',*,*,#934,.T.);
#1186=ORIENTED_EDGE('',*,*,#935,.F.);
#1187=ORIENTED_EDGE('',*,*,#935,.T.);
#1188=ORIENTED_EDGE('',*,*,#936,.T.);
#1189=ORIENTED_EDGE('',*,*,#937,.T.);
#1190=ORIENTED_EDGE('',*,*,#936,.F.);
#1191=ORIENTED_EDGE('',*,*,#938,.F.);
#1192=ORIENTED_EDGE('',*,*,#939,.T.);
#1193=ORIENTED_EDGE('',*,*,#940,.T.);
#1194=ORIENTED_EDGE('',*,*,#939,.F.);
#1195=ORIENTED_EDGE('',*,*,#941,.F.);
#1196=ORIENTED_EDGE('',*,*,#942,.T.);
#1197=ORIENTED_EDGE('',*,*,#943,.T.);
#1198=ORIENTED_EDGE('',*,*,#942,.F.);
#1199=ORIENTED_EDGE('',*,*,#941,.T.);
#1200=ORIENTED_EDGE('',*,*,#944,.F.);
#1201=ORIENTED_EDGE('',*,*,#945,.T.);
#1202=ORIENTED_EDGE('',*,*,#946,.T.);
#1203=ORIENTED_EDGE('',*,*,#945,.F.);
#1204=ORIENTED_EDGE('',*,*,#944,.T.);
#1205=ORIENTED_EDGE('',*,*,#947,.T.);
#1206=ORIENTED_EDGE('',*,*,#948,.T.);
#1207=ORIENTED_EDGE('',*,*,#938,.T.);
#1208=ORIENTED_EDGE('',*,*,#927,.T.);
#1209=ORIENTED_EDGE('',*,*,#949,.T.);
#1210=ORIENTED_EDGE('',*,*,#950,.T.);
#1211=ORIENTED_EDGE('',*,*,#951,.T.);
#1212=ORIENTED_EDGE('',*,*,#921,.T.);
#1213=ORIENTED_EDGE('',*,*,#952,.T.);
#1214=ORIENTED_EDGE('',*,*,#953,.T.);
#1215=ORIENTED_EDGE('',*,*,#930,.T.);
#1216=ORIENTED_EDGE('',*,*,#954,.T.);
#1217=ORIENTED_EDGE('',*,*,#955,.T.);
#1218=ORIENTED_EDGE('',*,*,#956,.T.);
#1219=ORIENTED_EDGE('',*,*,#947,.F.);
#1220=ORIENTED_EDGE('',*,*,#957,.T.);
#1221=ORIENTED_EDGE('',*,*,#958,.T.);
#1222=ORIENTED_EDGE('',*,*,#957,.F.);
#1223=ORIENTED_EDGE('',*,*,#948,.F.);
#1224=ORIENTED_EDGE('',*,*,#959,.T.);
#1225=ORIENTED_EDGE('',*,*,#960,.T.);
#1226=ORIENTED_EDGE('',*,*,#959,.F.);
#1227=ORIENTED_EDGE('',*,*,#949,.F.);
#1228=ORIENTED_EDGE('',*,*,#961,.T.);
#1229=ORIENTED_EDGE('',*,*,#962,.T.);
#1230=ORIENTED_EDGE('',*,*,#961,.F.);
#1231=ORIENTED_EDGE('',*,*,#950,.F.);
#1232=ORIENTED_EDGE('',*,*,#963,.T.);
#1233=ORIENTED_EDGE('',*,*,#964,.T.);
#1234=ORIENTED_EDGE('',*,*,#963,.F.);
#1235=ORIENTED_EDGE('',*,*,#951,.F.);
#1236=ORIENTED_EDGE('',*,*,#965,.T.);
#1237=ORIENTED_EDGE('',*,*,#966,.T.);
#1238=ORIENTED_EDGE('',*,*,#965,.F.);
#1239=ORIENTED_EDGE('',*,*,#952,.F.);
#1240=ORIENTED_EDGE('',*,*,#967,.T.);
#1241=ORIENTED_EDGE('',*,*,#968,.T.);
#1242=ORIENTED_EDGE('',*,*,#967,.F.);
#1243=ORIENTED_EDGE('',*,*,#953,.F.);
#1244=ORIENTED_EDGE('',*,*,#969,.T.);
#1245=ORIENTED_EDGE('',*,*,#970,.T.);
#1246=ORIENTED_EDGE('',*,*,#969,.F.);
#1247=ORIENTED_EDGE('',*,*,#954,.F.);
#1248=ORIENTED_EDGE('',*,*,#971,.T.);
#1249=ORIENTED_EDGE('',*,*,#972,.T.);
#1250=ORIENTED_EDGE('',*,*,#971,.F.);
#1251=ORIENTED_EDGE('',*,*,#955,.F.);
#1252=ORIENTED_EDGE('',*,*,#973,.T.);
#1253=ORIENTED_EDGE('',*,*,#974,.T.);
#1254=ORIENTED_EDGE('',*,*,#973,.F.);
#1255=ORIENTED_EDGE('',*,*,#956,.F.);
#1256=ORIENTED_EDGE('',*,*,#975,.T.);
#1257=ORIENTED_EDGE('',*,*,#976,.T.);
#1258=ORIENTED_EDGE('',*,*,#975,.F.);
#1259=ORIENTED_EDGE('',*,*,#977,.F.);
#1260=ORIENTED_EDGE('',*,*,#976,.F.);
#1261=ORIENTED_EDGE('',*,*,#974,.F.);
#1262=ORIENTED_EDGE('',*,*,#943,.F.);
#1263=ORIENTED_EDGE('',*,*,#937,.F.);
#1264=ORIENTED_EDGE('',*,*,#972,.F.);
#1265=ORIENTED_EDGE('',*,*,#932,.F.);
#1266=ORIENTED_EDGE('',*,*,#970,.F.);
#1267=ORIENTED_EDGE('',*,*,#968,.F.);
#1268=ORIENTED_EDGE('',*,*,#923,.F.);
#1269=ORIENTED_EDGE('',*,*,#966,.F.);
#1270=ORIENTED_EDGE('',*,*,#926,.F.);
#1271=ORIENTED_EDGE('',*,*,#964,.F.);
#1272=ORIENTED_EDGE('',*,*,#962,.F.);
#1273=ORIENTED_EDGE('',*,*,#929,.F.);
#1274=ORIENTED_EDGE('',*,*,#940,.F.);
#1275=ORIENTED_EDGE('',*,*,#946,.F.);
#1276=ORIENTED_EDGE('',*,*,#960,.F.);
#1277=ORIENTED_EDGE('',*,*,#958,.F.);
#1278=ORIENTED_EDGE('',*,*,#978,.T.);
#1279=ORIENTED_EDGE('',*,*,#977,.T.);
#1280=ORIENTED_EDGE('',*,*,#979,.T.);
#1281=ORIENTED_EDGE('',*,*,#933,.T.);
#1282=ORIENTED_EDGE('',*,*,#979,.F.);
#1283=ORIENTED_EDGE('',*,*,#978,.F.);
#1284=ORIENTED_EDGE('',*,*,#980,.T.);
#1285=ORIENTED_EDGE('',*,*,#934,.F.);
#1286=ORIENTED_EDGE('',*,*,#980,.F.);
#1287=ORIENTED_EDGE('',*,*,#981,.T.);
#1288=ORIENTED_EDGE('',*,*,#982,.T.);
#1289=ORIENTED_EDGE('',*,*,#983,.T.);
#1290=ORIENTED_EDGE('',*,*,#984,.T.);
#1291=ORIENTED_EDGE('',*,*,#982,.F.);
#1292=ORIENTED_EDGE('',*,*,#985,.T.);
#1293=ORIENTED_EDGE('',*,*,#986,.F.);
#1294=ORIENTED_EDGE('',*,*,#987,.T.);
#1295=ORIENTED_EDGE('',*,*,#988,.T.);
#1296=ORIENTED_EDGE('',*,*,#989,.T.);
#1297=ORIENTED_EDGE('',*,*,#990,.T.);
#1298=ORIENTED_EDGE('',*,*,#981,.F.);
#1299=ORIENTED_EDGE('',*,*,#991,.F.);
#1300=ORIENTED_EDGE('',*,*,#992,.F.);
#1301=ORIENTED_EDGE('',*,*,#993,.T.);
#1302=ORIENTED_EDGE('',*,*,#994,.F.);
#1303=ORIENTED_EDGE('',*,*,#985,.F.);
#1304=ORIENTED_EDGE('',*,*,#995,.T.);
#1305=ORIENTED_EDGE('',*,*,#986,.T.);
#1306=ORIENTED_EDGE('',*,*,#994,.T.);
#1307=ORIENTED_EDGE('',*,*,#996,.T.);
#1308=ORIENTED_EDGE('',*,*,#983,.F.);
#1309=ORIENTED_EDGE('',*,*,#987,.F.);
#1310=ORIENTED_EDGE('',*,*,#995,.F.);
#1311=ORIENTED_EDGE('',*,*,#997,.F.);
#1312=ORIENTED_EDGE('',*,*,#998,.F.);
#1313=ORIENTED_EDGE('',*,*,#999,.T.);
#1314=ORIENTED_EDGE('',*,*,#996,.F.);
#1315=ORIENTED_EDGE('',*,*,#993,.F.);
#1316=ORIENTED_EDGE('',*,*,#1000,.T.);
#1317=ORIENTED_EDGE('',*,*,#997,.T.);
#1318=ORIENTED_EDGE('',*,*,#1001,.F.);
#1319=ORIENTED_EDGE('',*,*,#1002,.T.);
#1320=ORIENTED_EDGE('',*,*,#990,.F.);
#1321=ORIENTED_EDGE('',*,*,#1002,.F.);
#1322=ORIENTED_EDGE('',*,*,#1003,.F.);
#1323=ORIENTED_EDGE('',*,*,#1004,.T.);
#1324=ORIENTED_EDGE('',*,*,#989,.F.);
#1325=ORIENTED_EDGE('',*,*,#1004,.F.);
#1326=ORIENTED_EDGE('',*,*,#1005,.F.);
#1327=ORIENTED_EDGE('',*,*,#1006,.T.);
#1328=ORIENTED_EDGE('',*,*,#988,.F.);
#1329=ORIENTED_EDGE('',*,*,#1006,.F.);
#1330=ORIENTED_EDGE('',*,*,#984,.F.);
#1331=ORIENTED_EDGE('',*,*,#999,.F.);
#1332=ORIENTED_EDGE('',*,*,#1007,.T.);
#1333=ORIENTED_EDGE('',*,*,#991,.T.);
#1334=ORIENTED_EDGE('',*,*,#998,.T.);
#1335=ORIENTED_EDGE('',*,*,#1000,.F.);
#1336=ORIENTED_EDGE('',*,*,#992,.T.);
#1337=ORIENTED_EDGE('',*,*,#1007,.F.);
#1338=ORIENTED_EDGE('',*,*,#1001,.T.);
#1339=ORIENTED_EDGE('',*,*,#1003,.T.);
#1340=ORIENTED_EDGE('',*,*,#1005,.T.);
#1341=ORIENTED_EDGE('',*,*,#1008,.T.);
#1342=ORIENTED_EDGE('',*,*,#1009,.F.);
#1343=ORIENTED_EDGE('',*,*,#1010,.T.);
#1344=ORIENTED_EDGE('',*,*,#1011,.F.);
#1345=ORIENTED_EDGE('',*,*,#1012,.T.);
#1346=ORIENTED_EDGE('',*,*,#1013,.T.);
#1347=ORIENTED_EDGE('',*,*,#1012,.F.);
#1348=ORIENTED_EDGE('',*,*,#1014,.F.);
#1349=ORIENTED_EDGE('',*,*,#1013,.F.);
#1350=ORIENTED_EDGE('',*,*,#1015,.T.);
#1351=ORIENTED_EDGE('',*,*,#1016,.F.);
#1352=ORIENTED_EDGE('',*,*,#1015,.F.);
#1353=ORIENTED_EDGE('',*,*,#1017,.F.);
#1354=ORIENTED_EDGE('',*,*,#1018,.T.);
#1355=ORIENTED_EDGE('',*,*,#1019,.F.);
#1356=ORIENTED_EDGE('',*,*,#1008,.F.);
#1357=ORIENTED_EDGE('',*,*,#1020,.F.);
#1358=ORIENTED_EDGE('',*,*,#1021,.T.);
#1359=ORIENTED_EDGE('',*,*,#1022,.T.);
#1360=ORIENTED_EDGE('',*,*,#1023,.F.);
#1361=ORIENTED_EDGE('',*,*,#1018,.F.);
#1362=ORIENTED_EDGE('',*,*,#1014,.T.);
#1363=ORIENTED_EDGE('',*,*,#1011,.T.);
#1364=ORIENTED_EDGE('',*,*,#1024,.T.);
#1365=ORIENTED_EDGE('',*,*,#1025,.F.);
#1366=ORIENTED_EDGE('',*,*,#1020,.T.);
#1367=ORIENTED_EDGE('',*,*,#1026,.F.);
#1368=ORIENTED_EDGE('',*,*,#1027,.T.);
#1369=ORIENTED_EDGE('',*,*,#1028,.F.);
#1370=ORIENTED_EDGE('',*,*,#1029,.T.);
#1371=ORIENTED_EDGE('',*,*,#1024,.F.);
#1372=ORIENTED_EDGE('',*,*,#1010,.F.);
#1373=ORIENTED_EDGE('',*,*,#1030,.F.);
#1374=ORIENTED_EDGE('',*,*,#1027,.F.);
#1375=ORIENTED_EDGE('',*,*,#1029,.F.);
#1376=ORIENTED_EDGE('',*,*,#1031,.T.);
#1377=ORIENTED_EDGE('',*,*,#1022,.F.);
#1378=ORIENTED_EDGE('',*,*,#1032,.T.);
#1379=ORIENTED_EDGE('',*,*,#1033,.T.);
#1380=ORIENTED_EDGE('',*,*,#1032,.F.);
#1381=ORIENTED_EDGE('',*,*,#1021,.F.);
#1382=ORIENTED_EDGE('',*,*,#1025,.T.);
#1383=ORIENTED_EDGE('',*,*,#1033,.F.);
#1384=ORIENTED_EDGE('',*,*,#1034,.T.);
#1385=ORIENTED_EDGE('',*,*,#1035,.T.);
#1386=ORIENTED_EDGE('',*,*,#1036,.T.);
#1387=ORIENTED_EDGE('',*,*,#1037,.F.);
#1388=ORIENTED_EDGE('',*,*,#1038,.F.);
#1389=ORIENTED_EDGE('',*,*,#1039,.T.);
#1390=ORIENTED_EDGE('',*,*,#1040,.T.);
#1391=ORIENTED_EDGE('',*,*,#1041,.F.);
#1392=ORIENTED_EDGE('',*,*,#1042,.F.);
#1393=ORIENTED_EDGE('',*,*,#1043,.T.);
#1394=ORIENTED_EDGE('',*,*,#1034,.F.);
#1395=ORIENTED_EDGE('',*,*,#1044,.F.);
#1396=ORIENTED_EDGE('',*,*,#1038,.T.);
#1397=ORIENTED_EDGE('',*,*,#1045,.F.);
#1398=ORIENTED_EDGE('',*,*,#1036,.F.);
#1399=ORIENTED_EDGE('',*,*,#1045,.T.);
#1400=ORIENTED_EDGE('',*,*,#1037,.T.);
#1401=ORIENTED_EDGE('',*,*,#1044,.T.);
#1402=ORIENTED_EDGE('',*,*,#1035,.F.);
#1403=ORIENTED_EDGE('',*,*,#1043,.F.);
#1404=ORIENTED_EDGE('',*,*,#1046,.T.);
#1405=ORIENTED_EDGE('',*,*,#1039,.F.);
#1406=ORIENTED_EDGE('',*,*,#1016,.T.);
#1407=ORIENTED_EDGE('',*,*,#1017,.T.);
#1408=ORIENTED_EDGE('',*,*,#1026,.T.);
#1409=ORIENTED_EDGE('',*,*,#1046,.F.);
#1410=ORIENTED_EDGE('',*,*,#1042,.T.);
#1411=ORIENTED_EDGE('',*,*,#1047,.F.);
#1412=ORIENTED_EDGE('',*,*,#1040,.F.);
#1413=ORIENTED_EDGE('',*,*,#1047,.T.);
#1414=ORIENTED_EDGE('',*,*,#1041,.T.);
#1415=ORIENTED_EDGE('',*,*,#1009,.T.);
#1416=ORIENTED_EDGE('',*,*,#1019,.T.);
#1417=ORIENTED_EDGE('',*,*,#1023,.T.);
#1418=ORIENTED_EDGE('',*,*,#1031,.F.);
#1419=ORIENTED_EDGE('',*,*,#1028,.T.);
#1420=ORIENTED_EDGE('',*,*,#1030,.T.);
#1421=ORIENTED_EDGE('',*,*,#1048,.F.);
#1422=ORIENTED_EDGE('',*,*,#1049,.T.);
#1423=ORIENTED_EDGE('',*,*,#1050,.F.);
#1424=ORIENTED_EDGE('',*,*,#1049,.F.);
#1425=ORIENTED_EDGE('',*,*,#1051,.T.);
#1426=ORIENTED_EDGE('',*,*,#1052,.T.);
#1427=ORIENTED_EDGE('',*,*,#1053,.T.);
#1428=ORIENTED_EDGE('',*,*,#1054,.T.);
#1429=ORIENTED_EDGE('',*,*,#1052,.F.);
#1430=ORIENTED_EDGE('',*,*,#1055,.T.);
#1431=ORIENTED_EDGE('',*,*,#1056,.T.);
#1432=ORIENTED_EDGE('',*,*,#1057,.T.);
#1433=ORIENTED_EDGE('',*,*,#1058,.T.);
#1434=ORIENTED_EDGE('',*,*,#1059,.T.);
#1435=ORIENTED_EDGE('',*,*,#1057,.F.);
#1436=ORIENTED_EDGE('',*,*,#1060,.T.);
#1437=ORIENTED_EDGE('',*,*,#1061,.T.);
#1438=ORIENTED_EDGE('',*,*,#1062,.T.);
#1439=ORIENTED_EDGE('',*,*,#1063,.T.);
#1440=ORIENTED_EDGE('',*,*,#1064,.T.);
#1441=ORIENTED_EDGE('',*,*,#1063,.F.);
#1442=ORIENTED_EDGE('',*,*,#1053,.F.);
#1443=ORIENTED_EDGE('',*,*,#1055,.F.);
#1444=ORIENTED_EDGE('',*,*,#1051,.F.);
#1445=ORIENTED_EDGE('',*,*,#1065,.F.);
#1446=ORIENTED_EDGE('',*,*,#1066,.F.);
#1447=ORIENTED_EDGE('',*,*,#1067,.T.);
#1448=ORIENTED_EDGE('',*,*,#1061,.F.);
#1449=ORIENTED_EDGE('',*,*,#1062,.F.);
#1450=ORIENTED_EDGE('',*,*,#1067,.F.);
#1451=ORIENTED_EDGE('',*,*,#1068,.F.);
#1452=ORIENTED_EDGE('',*,*,#1069,.T.);
#1453=ORIENTED_EDGE('',*,*,#1058,.F.);
#1454=ORIENTED_EDGE('',*,*,#1060,.F.);
#1455=ORIENTED_EDGE('',*,*,#1056,.F.);
#1456=ORIENTED_EDGE('',*,*,#1070,.F.);
#1457=ORIENTED_EDGE('',*,*,#1071,.F.);
#1458=ORIENTED_EDGE('',*,*,#1072,.T.);
#1459=ORIENTED_EDGE('',*,*,#1064,.F.);
#1460=ORIENTED_EDGE('',*,*,#1048,.T.);
#1461=ORIENTED_EDGE('',*,*,#1073,.T.);
#1462=ORIENTED_EDGE('',*,*,#1074,.T.);
#1463=ORIENTED_EDGE('',*,*,#1074,.F.);
#1464=ORIENTED_EDGE('',*,*,#1075,.T.);
#1465=ORIENTED_EDGE('',*,*,#1076,.F.);
#1466=ORIENTED_EDGE('',*,*,#1075,.F.);
#1467=ORIENTED_EDGE('',*,*,#1073,.F.);
#1468=ORIENTED_EDGE('',*,*,#1077,.T.);
#1469=ORIENTED_EDGE('',*,*,#1078,.F.);
#1470=ORIENTED_EDGE('',*,*,#1077,.F.);
#1471=ORIENTED_EDGE('',*,*,#1059,.F.);
#1472=ORIENTED_EDGE('',*,*,#1069,.F.);
#1473=ORIENTED_EDGE('',*,*,#1079,.F.);
#1474=ORIENTED_EDGE('',*,*,#1070,.T.);
#1475=ORIENTED_EDGE('',*,*,#1054,.F.);
#1476=ORIENTED_EDGE('',*,*,#1072,.F.);
#1477=ORIENTED_EDGE('',*,*,#1080,.F.);
#1478=ORIENTED_EDGE('',*,*,#1065,.T.);
#1479=ORIENTED_EDGE('',*,*,#1068,.T.);
#1480=ORIENTED_EDGE('',*,*,#1066,.T.);
#1481=ORIENTED_EDGE('',*,*,#1080,.T.);
#1482=ORIENTED_EDGE('',*,*,#1071,.T.);
#1483=ORIENTED_EDGE('',*,*,#1079,.T.);
#1484=ORIENTED_EDGE('',*,*,#1050,.T.);
#1485=ORIENTED_EDGE('',*,*,#1076,.T.);
#1486=ORIENTED_EDGE('',*,*,#1078,.T.);
#1487=CONICAL_SURFACE('',#1685,0.775,1.02974425867665);
#1488=CONICAL_SURFACE('',#1689,0.775,1.02974425867665);
#1489=CONICAL_SURFACE('',#1693,19.5778948805763,0.139626340159546);
#1490=CONICAL_SURFACE('',#1712,18.5747045256125,0.523598775598299);
#1491=CONICAL_SURFACE('',#1721,1.5875,1.02974425867665);
#1492=CONICAL_SURFACE('',#1730,18.161,0.139626340159545);
#1493=CONICAL_SURFACE('',#1738,18.161,0.523598775598294);
#1494=CONICAL_SURFACE('',#1846,1.7,0.785398163397448);
#1495=CONICAL_SURFACE('',#1865,4.625,0.785398163397449);
#1496=CONICAL_SURFACE('',#1894,4.5,0.785398163397449);
#1497=ADVANCED_FACE('',(#222),#1487,.F.);
#1498=ADVANCED_FACE('',(#223),#180,.F.);
#1499=ADVANCED_FACE('',(#224),#1488,.F.);
#1500=ADVANCED_FACE('',(#225),#181,.F.);
#1501=ADVANCED_FACE('',(#226),#1489,.F.);
#1502=ADVANCED_FACE('',(#227,#80),#131,.T.);
#1503=ADVANCED_FACE('',(#228),#182,.T.);
#1504=ADVANCED_FACE('',(#229,#81),#132,.F.);
#1505=ADVANCED_FACE('',(#230),#183,.T.);
#1506=ADVANCED_FACE('',(#231,#82,#83,#84),#133,.T.);
#1507=ADVANCED_FACE('',(#232),#184,.F.);
#1508=ADVANCED_FACE('',(#233),#185,.F.);
#1509=ADVANCED_FACE('',(#234),#1490,.F.);
#1510=ADVANCED_FACE('',(#235,#85,#86,#87),#134,.T.);
#1511=ADVANCED_FACE('',(#236),#186,.T.);
#1512=ADVANCED_FACE('',(#237,#88,#89,#90),#135,.T.);
#1513=ADVANCED_FACE('',(#238),#1491,.F.);
#1514=ADVANCED_FACE('',(#239),#187,.F.);
#1515=ADVANCED_FACE('',(#240,#91),#136,.T.);
#1516=ADVANCED_FACE('',(#241,#92),#137,.T.);
#1517=ADVANCED_FACE('',(#242),#1492,.T.);
#1518=ADVANCED_FACE('',(#243,#93),#138,.T.);
#1519=ADVANCED_FACE('',(#244),#188,.T.);
#1520=ADVANCED_FACE('',(#245,#94),#139,.T.);
#1521=ADVANCED_FACE('',(#246),#1493,.T.);
#1522=ADVANCED_FACE('',(#247),#189,.F.);
#1523=ADVANCED_FACE('',(#248),#190,.F.);
#1524=ADVANCED_FACE('',(#249),#140,.T.);
#1525=ADVANCED_FACE('',(#250),#191,.F.);
#1526=ADVANCED_FACE('',(#251),#192,.F.);
#1527=ADVANCED_FACE('',(#252,#95,#96),#141,.T.);
#1528=ADVANCED_FACE('',(#253),#193,.F.);
#1529=ADVANCED_FACE('',(#254),#194,.F.);
#1530=ADVANCED_FACE('',(#255),#195,.F.);
#1531=ADVANCED_FACE('',(#256),#142,.T.);
#1532=ADVANCED_FACE('',(#257),#196,.F.);
#1533=ADVANCED_FACE('',(#258),#143,.T.);
#1534=ADVANCED_FACE('',(#259),#144,.T.);
#1535=ADVANCED_FACE('',(#260),#145,.T.);
#1536=ADVANCED_FACE('',(#261),#146,.T.);
#1537=ADVANCED_FACE('',(#262),#147,.T.);
#1538=ADVANCED_FACE('',(#263),#148,.T.);
#1539=ADVANCED_FACE('',(#264),#149,.T.);
#1540=ADVANCED_FACE('',(#265),#150,.T.);
#1541=ADVANCED_FACE('',(#266),#151,.T.);
#1542=ADVANCED_FACE('',(#267),#152,.T.);
#1543=ADVANCED_FACE('',(#268),#153,.T.);
#1544=ADVANCED_FACE('',(#269),#154,.T.);
#1545=ADVANCED_FACE('',(#270),#155,.T.);
#1546=ADVANCED_FACE('',(#271),#156,.T.);
#1547=ADVANCED_FACE('',(#272),#157,.T.);
#1548=ADVANCED_FACE('',(#273),#197,.F.);
#1549=ADVANCED_FACE('',(#274),#198,.F.);
#1550=ADVANCED_FACE('',(#275),#199,.F.);
#1551=ADVANCED_FACE('',(#276),#200,.F.);
#1552=ADVANCED_FACE('',(#277),#201,.F.);
#1553=ADVANCED_FACE('',(#278),#202,.F.);
#1554=ADVANCED_FACE('',(#279),#203,.F.);
#1555=ADVANCED_FACE('',(#280),#204,.F.);
#1556=ADVANCED_FACE('',(#281),#205,.F.);
#1557=ADVANCED_FACE('',(#282),#206,.F.);
#1558=ADVANCED_FACE('',(#283,#97,#98,#99,#100,#101,#102,#103,#104,#105,
#106,#107,#108,#109,#110,#111,#112,#113,#114,#115),#158,.T.);
#1559=ADVANCED_FACE('',(#284),#207,.T.);
#1560=ADVANCED_FACE('',(#285),#208,.F.);
#1561=ADVANCED_FACE('',(#286),#159,.T.);
#1562=ADVANCED_FACE('',(#287,#116,#117,#118),#160,.F.);
#1563=ADVANCED_FACE('',(#288),#209,.T.);
#1564=ADVANCED_FACE('',(#289),#161,.T.);
#1565=ADVANCED_FACE('',(#290),#210,.T.);
#1566=ADVANCED_FACE('',(#291),#162,.T.);
#1567=ADVANCED_FACE('',(#292),#211,.F.);
#1568=ADVANCED_FACE('',(#293),#212,.F.);
#1569=ADVANCED_FACE('',(#294),#213,.F.);
#1570=ADVANCED_FACE('',(#295),#163,.T.);
#1571=ADVANCED_FACE('',(#296,#119,#120,#121),#164,.T.);
#1572=ADVANCED_FACE('',(#297),#1494,.F.);
#1573=ADVANCED_FACE('',(#298),#214,.F.);
#1574=ADVANCED_FACE('',(#299),#215,.F.);
#1575=ADVANCED_FACE('',(#300),#165,.T.);
#1576=ADVANCED_FACE('',(#301),#216,.F.);
#1577=ADVANCED_FACE('',(#302),#1495,.T.);
#1578=ADVANCED_FACE('',(#303),#217,.T.);
#1579=ADVANCED_FACE('',(#304),#166,.T.);
#1580=ADVANCED_FACE('',(#305),#167,.F.);
#1581=ADVANCED_FACE('',(#306,#122,#123,#124),#168,.F.);
#1582=ADVANCED_FACE('',(#307),#169,.T.);
#1583=ADVANCED_FACE('',(#308),#170,.F.);
#1584=ADVANCED_FACE('',(#309),#171,.T.);
#1585=ADVANCED_FACE('',(#310),#218,.F.);
#1586=ADVANCED_FACE('',(#311),#172,.T.);
#1587=ADVANCED_FACE('',(#312),#173,.T.);
#1588=ADVANCED_FACE('',(#313),#174,.T.);
#1589=ADVANCED_FACE('',(#314),#175,.T.);
#1590=ADVANCED_FACE('',(#315),#1496,.T.);
#1591=ADVANCED_FACE('',(#316),#219,.T.);
#1592=ADVANCED_FACE('',(#317,#125,#126,#127),#176,.F.);
#1593=ADVANCED_FACE('',(#318),#220,.F.);
#1594=ADVANCED_FACE('',(#319),#221,.F.);
#1595=ADVANCED_FACE('',(#320),#177,.T.);
#1596=ADVANCED_FACE('',(#321),#178,.T.);
#1597=ADVANCED_FACE('',(#322,#128,#129,#130),#179,.T.);
#1598=CLOSED_SHELL('',(#1497,#1498,#1499,#1500,#1501,#1502,#1503,#1504,
#1505,#1506));
#1599=CLOSED_SHELL('',(#1507,#1508,#1509,#1510,#1511,#1512));
#1600=CLOSED_SHELL('',(#1513,#1514,#1515,#1516,#1517,#1518,#1519,#1520,
#1521));
#1601=CLOSED_SHELL('',(#1522,#1523,#1524,#1525,#1526,#1527,#1528,#1529,
#1530,#1531,#1532,#1533,#1534,#1535,#1536,#1537,#1538,#1539,#1540,#1541,
#1542,#1543,#1544,#1545,#1546,#1547,#1548,#1549,#1550,#1551,#1552,#1553,
#1554,#1555,#1556,#1557,#1558,#1559,#1560));
#1602=CLOSED_SHELL('',(#1561,#1562,#1563,#1564,#1565,#1566,#1567,#1568,
#1569,#1570,#1571));
#1603=CLOSED_SHELL('',(#1572,#1573,#1574,#1575,#1576,#1577,#1578,#1579,
#1580,#1581,#1582,#1583,#1584));
#1604=CLOSED_SHELL('',(#1585,#1586,#1587,#1588,#1589,#1590,#1591,#1592,
#1593,#1594,#1595,#1596,#1597));
#1605=DERIVED_UNIT_ELEMENT(#1619,1.);
#1606=DERIVED_UNIT_ELEMENT(#2987,-3.);
#1607=DERIVED_UNIT_ELEMENT(#1619,1.);
#1608=DERIVED_UNIT_ELEMENT(#2987,-3.);
#1609=DERIVED_UNIT_ELEMENT(#1619,1.);
#1610=DERIVED_UNIT_ELEMENT(#2987,-3.);
#1611=DERIVED_UNIT_ELEMENT(#1619,1.);
#1612=DERIVED_UNIT_ELEMENT(#2987,-3.);
#1613=DERIVED_UNIT_ELEMENT(#1619,1.);
#1614=DERIVED_UNIT_ELEMENT(#2987,-3.);
#1615=DERIVED_UNIT_ELEMENT(#1619,1.);
#1616=DERIVED_UNIT_ELEMENT(#2987,-3.);
#1617=DERIVED_UNIT_ELEMENT(#1619,1.);
#1618=DERIVED_UNIT_ELEMENT(#2987,-3.);
#1619=(
MASS_UNIT()
NAMED_UNIT(*)
SI_UNIT(.KILO.,.GRAM.)
);
#1620=DERIVED_UNIT((#1605,#1606));
#1621=DERIVED_UNIT((#1607,#1608));
#1622=DERIVED_UNIT((#1609,#1610));
#1623=DERIVED_UNIT((#1611,#1612));
#1624=DERIVED_UNIT((#1613,#1614));
#1625=DERIVED_UNIT((#1615,#1616));
#1626=DERIVED_UNIT((#1617,#1618));
#1627=MEASURE_REPRESENTATION_ITEM('density measure',
POSITIVE_RATIO_MEASURE(7850.),#1620);
#1628=MEASURE_REPRESENTATION_ITEM('density measure',
POSITIVE_RATIO_MEASURE(7850.),#1621);
#1629=MEASURE_REPRESENTATION_ITEM('density measure',
POSITIVE_RATIO_MEASURE(7850.),#1622);
#1630=MEASURE_REPRESENTATION_ITEM('density measure',
POSITIVE_RATIO_MEASURE(7850.),#1623);
#1631=MEASURE_REPRESENTATION_ITEM('density measure',
POSITIVE_RATIO_MEASURE(7850.),#1624);
#1632=MEASURE_REPRESENTATION_ITEM('density measure',
POSITIVE_RATIO_MEASURE(7850.),#1625);
#1633=MEASURE_REPRESENTATION_ITEM('density measure',
POSITIVE_RATIO_MEASURE(7850.),#1626);
#1634=PROPERTY_DEFINITION_REPRESENTATION(#1669,#1648);
#1635=PROPERTY_DEFINITION_REPRESENTATION(#1670,#1649);
#1636=PROPERTY_DEFINITION_REPRESENTATION(#1671,#1650);
#1637=PROPERTY_DEFINITION_REPRESENTATION(#1672,#1651);
#1638=PROPERTY_DEFINITION_REPRESENTATION(#1673,#1652);
#1639=PROPERTY_DEFINITION_REPRESENTATION(#1674,#1653);
#1640=PROPERTY_DEFINITION_REPRESENTATION(#1675,#1654);
#1641=PROPERTY_DEFINITION_REPRESENTATION(#1676,#1655);
#1642=PROPERTY_DEFINITION_REPRESENTATION(#1677,#1656);
#1643=PROPERTY_DEFINITION_REPRESENTATION(#1678,#1657);
#1644=PROPERTY_DEFINITION_REPRESENTATION(#1679,#1658);
#1645=PROPERTY_DEFINITION_REPRESENTATION(#1680,#1659);
#1646=PROPERTY_DEFINITION_REPRESENTATION(#1681,#1660);
#1647=PROPERTY_DEFINITION_REPRESENTATION(#1682,#1661);
#1648=REPRESENTATION('material name',(#1662),#2978);
#1649=REPRESENTATION('density',(#1627),#2978);
#1650=REPRESENTATION('material name',(#1663),#2979);
#1651=REPRESENTATION('density',(#1628),#2979);
#1652=REPRESENTATION('material name',(#1664),#2980);
#1653=REPRESENTATION('density',(#1629),#2980);
#1654=REPRESENTATION('material name',(#1665),#2981);
#1655=REPRESENTATION('density',(#1630),#2981);
#1656=REPRESENTATION('material name',(#1666),#2982);
#1657=REPRESENTATION('density',(#1631),#2982);
#1658=REPRESENTATION('material name',(#1667),#2983);
#1659=REPRESENTATION('density',(#1632),#2983);
#1660=REPRESENTATION('material name',(#1668),#2984);
#1661=REPRESENTATION('density',(#1633),#2984);
#1662=DESCRIPTIVE_REPRESENTATION_ITEM('Steel','Steel');
#1663=DESCRIPTIVE_REPRESENTATION_ITEM('Steel','Steel');
#1664=DESCRIPTIVE_REPRESENTATION_ITEM('Steel','Steel');
#1665=DESCRIPTIVE_REPRESENTATION_ITEM('Steel','Steel');
#1666=DESCRIPTIVE_REPRESENTATION_ITEM('Steel','Steel');
#1667=DESCRIPTIVE_REPRESENTATION_ITEM('Steel','Steel');
#1668=DESCRIPTIVE_REPRESENTATION_ITEM('Steel','Steel');
#1669=PROPERTY_DEFINITION('material property','material name',#3023);
#1670=PROPERTY_DEFINITION('material property','density of part',#3023);
#1671=PROPERTY_DEFINITION('material property','material name',#3024);
#1672=PROPERTY_DEFINITION('material property','density of part',#3024);
#1673=PROPERTY_DEFINITION('material property','material name',#3025);
#1674=PROPERTY_DEFINITION('material property','density of part',#3025);
#1675=PROPERTY_DEFINITION('material property','material name',#3026);
#1676=PROPERTY_DEFINITION('material property','density of part',#3026);
#1677=PROPERTY_DEFINITION('material property','material name',#3027);
#1678=PROPERTY_DEFINITION('material property','density of part',#3027);
#1679=PROPERTY_DEFINITION('material property','material name',#3028);
#1680=PROPERTY_DEFINITION('material property','density of part',#3028);
#1681=PROPERTY_DEFINITION('material property','material name',#3029);
#1682=PROPERTY_DEFINITION('material property','density of part',#3029);
#1683=AXIS2_PLACEMENT_3D('',#2469,#1919,#1920);
#1684=AXIS2_PLACEMENT_3D('',#2470,#1921,#1922);
#1685=AXIS2_PLACEMENT_3D('',#2471,#1923,#1924);
#1686=AXIS2_PLACEMENT_3D('',#2473,#1925,#1926);
#1687=AXIS2_PLACEMENT_3D('',#2476,#1928,#1929);
#1688=AXIS2_PLACEMENT_3D('',#2478,#1930,#1931);
#1689=AXIS2_PLACEMENT_3D('',#2480,#1933,#1934);
#1690=AXIS2_PLACEMENT_3D('',#2482,#1935,#1936);
#1691=AXIS2_PLACEMENT_3D('',#2485,#1938,#1939);
#1692=AXIS2_PLACEMENT_3D('',#2487,#1940,#1941);
#1693=AXIS2_PLACEMENT_3D('',#2489,#1943,#1944);
#1694=AXIS2_PLACEMENT_3D('',#2491,#1945,#1946);
#1695=AXIS2_PLACEMENT_3D('',#2494,#1948,#1949);
#1696=AXIS2_PLACEMENT_3D('',#2495,#1950,#1951);
#1697=AXIS2_PLACEMENT_3D('',#2497,#1952,#1953);
#1698=AXIS2_PLACEMENT_3D('',#2498,#1954,#1955);
#1699=AXIS2_PLACEMENT_3D('',#2500,#1956,#1957);
#1700=AXIS2_PLACEMENT_3D('',#2502,#1959,#1960);
#1701=AXIS2_PLACEMENT_3D('',#2504,#1961,#1962);
#1702=AXIS2_PLACEMENT_3D('',#2505,#1963,#1964);
#1703=AXIS2_PLACEMENT_3D('',#2507,#1965,#1966);
#1704=AXIS2_PLACEMENT_3D('',#2509,#1968,#1969);
#1705=AXIS2_PLACEMENT_3D('',#2510,#1970,#1971);
#1706=AXIS2_PLACEMENT_3D('',#2511,#1972,#1973);
#1707=AXIS2_PLACEMENT_3D('',#2513,#1974,#1975);
#1708=AXIS2_PLACEMENT_3D('',#2516,#1977,#1978);
#1709=AXIS2_PLACEMENT_3D('',#2517,#1979,#1980);
#1710=AXIS2_PLACEMENT_3D('',#2519,#1981,#1982);
#1711=AXIS2_PLACEMENT_3D('',#2522,#1984,#1985);
#1712=AXIS2_PLACEMENT_3D('',#2523,#1986,#1987);
#1713=AXIS2_PLACEMENT_3D('',#2525,#1988,#1989);
#1714=AXIS2_PLACEMENT_3D('',#2528,#1991,#1992);
#1715=AXIS2_PLACEMENT_3D('',#2529,#1993,#1994);
#1716=AXIS2_PLACEMENT_3D('',#2531,#1995,#1996);
#1717=AXIS2_PLACEMENT_3D('',#2532,#1997,#1998);
#1718=AXIS2_PLACEMENT_3D('',#2534,#1999,#2000);
#1719=AXIS2_PLACEMENT_3D('',#2536,#2002,#2003);
#1720=AXIS2_PLACEMENT_3D('',#2537,#2004,#2005);
#1721=AXIS2_PLACEMENT_3D('',#2538,#2006,#2007);
#1722=AXIS2_PLACEMENT_3D('',#2540,#2008,#2009);
#1723=AXIS2_PLACEMENT_3D('',#2543,#2011,#2012);
#1724=AXIS2_PLACEMENT_3D('',#2544,#2013,#2014);
#1725=AXIS2_PLACEMENT_3D('',#2546,#2015,#2016);
#1726=AXIS2_PLACEMENT_3D('',#2548,#2018,#2019);
#1727=AXIS2_PLACEMENT_3D('',#2550,#2020,#2021);
#1728=AXIS2_PLACEMENT_3D('',#2551,#2022,#2023);
#1729=AXIS2_PLACEMENT_3D('',#2553,#2024,#2025);
#1730=AXIS2_PLACEMENT_3D('',#2554,#2026,#2027);
#1731=AXIS2_PLACEMENT_3D('',#2556,#2028,#2029);
#1732=AXIS2_PLACEMENT_3D('',#2558,#2031,#2032);
#1733=AXIS2_PLACEMENT_3D('',#2560,#2033,#2034);
#1734=AXIS2_PLACEMENT_3D('',#2561,#2035,#2036);
#1735=AXIS2_PLACEMENT_3D('',#2563,#2037,#2038);
#1736=AXIS2_PLACEMENT_3D('',#2565,#2040,#2041);
#1737=AXIS2_PLACEMENT_3D('',#2567,#2042,#2043);
#1738=AXIS2_PLACEMENT_3D('',#2568,#2044,#2045);
#1739=AXIS2_PLACEMENT_3D('',#2570,#2047,#2048);
#1740=AXIS2_PLACEMENT_3D('',#2571,#2049,#2050);
#1741=AXIS2_PLACEMENT_3D('',#2573,#2051,#2052);
#1742=AXIS2_PLACEMENT_3D('',#2576,#2054,#2055);
#1743=AXIS2_PLACEMENT_3D('',#2577,#2056,#2057);
#1744=AXIS2_PLACEMENT_3D('',#2579,#2058,#2059);
#1745=AXIS2_PLACEMENT_3D('',#2582,#2061,#2062);
#1746=AXIS2_PLACEMENT_3D('',#2583,#2063,#2064);
#1747=AXIS2_PLACEMENT_3D('',#2584,#2065,#2066);
#1748=AXIS2_PLACEMENT_3D('',#2586,#2067,#2068);
#1749=AXIS2_PLACEMENT_3D('',#2589,#2070,#2071);
#1750=AXIS2_PLACEMENT_3D('',#2590,#2072,#2073);
#1751=AXIS2_PLACEMENT_3D('',#2592,#2074,#2075);
#1752=AXIS2_PLACEMENT_3D('',#2595,#2077,#2078);
#1753=AXIS2_PLACEMENT_3D('',#2596,#2079,#2080);
#1754=AXIS2_PLACEMENT_3D('',#2598,#2081,#2082);
#1755=AXIS2_PLACEMENT_3D('',#2600,#2083,#2084);
#1756=AXIS2_PLACEMENT_3D('',#2602,#2085,#2086);
#1757=AXIS2_PLACEMENT_3D('',#2603,#2087,#2088);
#1758=AXIS2_PLACEMENT_3D('',#2606,#2090,#2091);
#1759=AXIS2_PLACEMENT_3D('',#2607,#2092,#2093);
#1760=AXIS2_PLACEMENT_3D('',#2609,#2094,#2095);
#1761=AXIS2_PLACEMENT_3D('',#2612,#2097,#2098);
#1762=AXIS2_PLACEMENT_3D('',#2613,#2099,#2100);
#1763=AXIS2_PLACEMENT_3D('',#2615,#2101,#2102);
#1764=AXIS2_PLACEMENT_3D('',#2618,#2104,#2105);
#1765=AXIS2_PLACEMENT_3D('',#2619,#2106,#2107);
#1766=AXIS2_PLACEMENT_3D('',#2620,#2108,#2109);
#1767=AXIS2_PLACEMENT_3D('',#2622,#2110,#2111);
#1768=AXIS2_PLACEMENT_3D('',#2625,#2113,#2114);
#1769=AXIS2_PLACEMENT_3D('',#2626,#2115,#2116);
#1770=AXIS2_PLACEMENT_3D('',#2627,#2117,#2118);
#1771=AXIS2_PLACEMENT_3D('',#2629,#2119,#2120);
#1772=AXIS2_PLACEMENT_3D('',#2630,#2121,#2122);
#1773=AXIS2_PLACEMENT_3D('',#2632,#2123,#2124);
#1774=AXIS2_PLACEMENT_3D('',#2633,#2125,#2126);
#1775=AXIS2_PLACEMENT_3D('',#2634,#2127,#2128);
#1776=AXIS2_PLACEMENT_3D('',#2635,#2129,#2130);
#1777=AXIS2_PLACEMENT_3D('',#2637,#2131,#2132);
#1778=AXIS2_PLACEMENT_3D('',#2638,#2133,#2134);
#1779=AXIS2_PLACEMENT_3D('',#2640,#2135,#2136);
#1780=AXIS2_PLACEMENT_3D('',#2641,#2137,#2138);
#1781=AXIS2_PLACEMENT_3D('',#2643,#2139,#2140);
#1782=AXIS2_PLACEMENT_3D('',#2644,#2141,#2142);
#1783=AXIS2_PLACEMENT_3D('',#2645,#2143,#2144);
#1784=AXIS2_PLACEMENT_3D('',#2647,#2145,#2146);
#1785=AXIS2_PLACEMENT_3D('',#2648,#2147,#2148);
#1786=AXIS2_PLACEMENT_3D('',#2650,#2149,#2150);
#1787=AXIS2_PLACEMENT_3D('',#2651,#2151,#2152);
#1788=AXIS2_PLACEMENT_3D('',#2652,#2153,#2154);
#1789=AXIS2_PLACEMENT_3D('',#2654,#2155,#2156);
#1790=AXIS2_PLACEMENT_3D('',#2655,#2157,#2158);
#1791=AXIS2_PLACEMENT_3D('',#2657,#2159,#2160);
#1792=AXIS2_PLACEMENT_3D('',#2658,#2161,#2162);
#1793=AXIS2_PLACEMENT_3D('',#2660,#2163,#2164);
#1794=AXIS2_PLACEMENT_3D('',#2661,#2165,#2166);
#1795=AXIS2_PLACEMENT_3D('',#2664,#2168,#2169);
#1796=AXIS2_PLACEMENT_3D('',#2665,#2170,#2171);
#1797=AXIS2_PLACEMENT_3D('',#2668,#2173,#2174);
#1798=AXIS2_PLACEMENT_3D('',#2669,#2175,#2176);
#1799=AXIS2_PLACEMENT_3D('',#2672,#2178,#2179);
#1800=AXIS2_PLACEMENT_3D('',#2673,#2180,#2181);
#1801=AXIS2_PLACEMENT_3D('',#2676,#2183,#2184);
#1802=AXIS2_PLACEMENT_3D('',#2677,#2185,#2186);
#1803=AXIS2_PLACEMENT_3D('',#2680,#2188,#2189);
#1804=AXIS2_PLACEMENT_3D('',#2681,#2190,#2191);
#1805=AXIS2_PLACEMENT_3D('',#2684,#2193,#2194);
#1806=AXIS2_PLACEMENT_3D('',#2685,#2195,#2196);
#1807=AXIS2_PLACEMENT_3D('',#2688,#2198,#2199);
#1808=AXIS2_PLACEMENT_3D('',#2689,#2200,#2201);
#1809=AXIS2_PLACEMENT_3D('',#2692,#2203,#2204);
#1810=AXIS2_PLACEMENT_3D('',#2693,#2205,#2206);
#1811=AXIS2_PLACEMENT_3D('',#2696,#2208,#2209);
#1812=AXIS2_PLACEMENT_3D('',#2697,#2210,#2211);
#1813=AXIS2_PLACEMENT_3D('',#2700,#2213,#2214);
#1814=AXIS2_PLACEMENT_3D('',#2701,#2215,#2216);
#1815=AXIS2_PLACEMENT_3D('',#2703,#2217,#2218);
#1816=AXIS2_PLACEMENT_3D('',#2705,#2219,#2220);
#1817=AXIS2_PLACEMENT_3D('',#2706,#2221,#2222);
#1818=AXIS2_PLACEMENT_3D('',#2708,#2224,#2225);
#1819=AXIS2_PLACEMENT_3D('',#2710,#2227,#2228);
#1820=AXIS2_PLACEMENT_3D('',#2711,#2229,#2230);
#1821=AXIS2_PLACEMENT_3D('',#2714,#2231,#2232);
#1822=AXIS2_PLACEMENT_3D('',#2718,#2234,#2235);
#1823=AXIS2_PLACEMENT_3D('',#2720,#2237,#2238);
#1824=AXIS2_PLACEMENT_3D('',#2722,#2239,#2240);
#1825=AXIS2_PLACEMENT_3D('',#2725,#2242,#2243);
#1826=AXIS2_PLACEMENT_3D('',#2727,#2244,#2245);
#1827=AXIS2_PLACEMENT_3D('',#2729,#2246,#2247);
#1828=AXIS2_PLACEMENT_3D('',#2731,#2248,#2249);
#1829=AXIS2_PLACEMENT_3D('',#2732,#2250,#2251);
#1830=AXIS2_PLACEMENT_3D('',#2736,#2253,#2254);
#1831=AXIS2_PLACEMENT_3D('',#2739,#2256,#2257);
#1832=AXIS2_PLACEMENT_3D('',#2740,#2258,#2259);
#1833=AXIS2_PLACEMENT_3D('',#2742,#2260,#2261);
#1834=AXIS2_PLACEMENT_3D('',#2744,#2263,#2264);
#1835=AXIS2_PLACEMENT_3D('',#2748,#2266,#2267);
#1836=AXIS2_PLACEMENT_3D('',#2750,#2269,#2270);
#1837=AXIS2_PLACEMENT_3D('',#2752,#2272,#2273);
#1838=AXIS2_PLACEMENT_3D('',#2754,#2274,#2275);
#1839=AXIS2_PLACEMENT_3D('',#2756,#2277,#2278);
#1840=AXIS2_PLACEMENT_3D('',#2758,#2279,#2280);
#1841=AXIS2_PLACEMENT_3D('',#2760,#2282,#2283);
#1842=AXIS2_PLACEMENT_3D('',#2762,#2284,#2285);
#1843=AXIS2_PLACEMENT_3D('',#2764,#2287,#2288);
#1844=AXIS2_PLACEMENT_3D('',#2766,#2290,#2291);
#1845=AXIS2_PLACEMENT_3D('',#2767,#2292,#2293);
#1846=AXIS2_PLACEMENT_3D('',#2768,#2294,#2295);
#1847=AXIS2_PLACEMENT_3D('',#2786,#2296,#2297);
#1848=AXIS2_PLACEMENT_3D('',#2803,#2298,#2299);
#1849=AXIS2_PLACEMENT_3D('',#2806,#2301,#2302);
#1850=AXIS2_PLACEMENT_3D('',#2807,#2303,#2304);
#1851=AXIS2_PLACEMENT_3D('',#2808,#2305,#2306);
#1852=AXIS2_PLACEMENT_3D('',#2811,#2308,#2309);
#1853=AXIS2_PLACEMENT_3D('',#2812,#2310,#2311);
#1854=AXIS2_PLACEMENT_3D('',#2814,#2312,#2313);
#1855=AXIS2_PLACEMENT_3D('',#2817,#2315,#2316);
#1856=AXIS2_PLACEMENT_3D('',#2819,#2317,#2318);
#1857=AXIS2_PLACEMENT_3D('',#2834,#2319,#2320);
#1858=AXIS2_PLACEMENT_3D('',#2835,#2321,#2322);
#1859=AXIS2_PLACEMENT_3D('',#2837,#2323,#2324);
#1860=AXIS2_PLACEMENT_3D('',#2838,#2325,#2326);
#1861=AXIS2_PLACEMENT_3D('',#2839,#2327,#2328);
#1862=AXIS2_PLACEMENT_3D('',#2841,#2329,#2330);
#1863=AXIS2_PLACEMENT_3D('',#2845,#2332,#2333);
#1864=AXIS2_PLACEMENT_3D('',#2856,#2334,#2335);
#1865=AXIS2_PLACEMENT_3D('',#2857,#2336,#2337);
#1866=AXIS2_PLACEMENT_3D('',#2858,#2338,#2339);
#1867=AXIS2_PLACEMENT_3D('',#2861,#2341,#2342);
#1868=AXIS2_PLACEMENT_3D('',#2862,#2343,#2344);
#1869=AXIS2_PLACEMENT_3D('',#2866,#2346,#2347);
#1870=AXIS2_PLACEMENT_3D('',#2870,#2349,#2350);
#1871=AXIS2_PLACEMENT_3D('',#2874,#2352,#2353);
#1872=AXIS2_PLACEMENT_3D('',#2878,#2355,#2356);
#1873=AXIS2_PLACEMENT_3D('',#2881,#2358,#2359);
#1874=AXIS2_PLACEMENT_3D('',#2882,#2360,#2361);
#1875=AXIS2_PLACEMENT_3D('',#2885,#2364,#2365);
#1876=AXIS2_PLACEMENT_3D('',#2886,#2366,#2367);
#1877=AXIS2_PLACEMENT_3D('',#2888,#2369,#2370);
#1878=AXIS2_PLACEMENT_3D('',#2890,#2372,#2373);
#1879=AXIS2_PLACEMENT_3D('',#2891,#2374,#2375);
#1880=AXIS2_PLACEMENT_3D('',#2892,#2376,#2377);
#1881=AXIS2_PLACEMENT_3D('',#2893,#2378,#2379);
#1882=AXIS2_PLACEMENT_3D('',#2895,#2380,#2381);
#1883=AXIS2_PLACEMENT_3D('',#2898,#2383,#2384);
#1884=AXIS2_PLACEMENT_3D('',#2899,#2385,#2386);
#1885=AXIS2_PLACEMENT_3D('',#2902,#2387,#2388);
#1886=AXIS2_PLACEMENT_3D('',#2906,#2390,#2391);
#1887=AXIS2_PLACEMENT_3D('',#2908,#2393,#2394);
#1888=AXIS2_PLACEMENT_3D('',#2909,#2395,#2396);
#1889=AXIS2_PLACEMENT_3D('',#2910,#2397,#2398);
#1890=AXIS2_PLACEMENT_3D('',#2913,#2399,#2400);
#1891=AXIS2_PLACEMENT_3D('',#2917,#2402,#2403);
#1892=AXIS2_PLACEMENT_3D('',#2919,#2405,#2406);
#1893=AXIS2_PLACEMENT_3D('',#2920,#2407,#2408);
#1894=AXIS2_PLACEMENT_3D('',#2921,#2409,#2410);
#1895=AXIS2_PLACEMENT_3D('',#2924,#2411,#2412);
#1896=AXIS2_PLACEMENT_3D('',#2925,#2413,#2414);
#1897=AXIS2_PLACEMENT_3D('',#2928,#2416,#2417);
#1898=AXIS2_PLACEMENT_3D('',#2929,#2418,#2419);
#1899=AXIS2_PLACEMENT_3D('',#2933,#2421,#2422);
#1900=AXIS2_PLACEMENT_3D('',#2936,#2424,#2425);
#1901=AXIS2_PLACEMENT_3D('',#2941,#2428,#2429);
#1902=AXIS2_PLACEMENT_3D('',#2943,#2431,#2432);
#1903=AXIS2_PLACEMENT_3D('',#2945,#2433,#2434);
#1904=AXIS2_PLACEMENT_3D('',#2947,#2435,#2436);
#1905=AXIS2_PLACEMENT_3D('',#2948,#2437,#2438);
#1906=AXIS2_PLACEMENT_3D('',#2951,#2440,#2441);
#1907=AXIS2_PLACEMENT_3D('',#2952,#2442,#2443);
#1908=AXIS2_PLACEMENT_3D('',#2955,#2445,#2446);
#1909=AXIS2_PLACEMENT_3D('',#2956,#2447,#2448);
#1910=AXIS2_PLACEMENT_3D('',#2958,#2450,#2451);
#1911=AXIS2_PLACEMENT_3D('',#2960,#2453,#2454);
#1912=AXIS2_PLACEMENT_3D('',#2961,#2455,#2456);
#1913=AXIS2_PLACEMENT_3D('',#2962,#2457,#2458);
#1914=AXIS2_PLACEMENT_3D('',#2963,#2459,#2460);
#1915=AXIS2_PLACEMENT_3D('',#2964,#2461,#2462);
#1916=AXIS2_PLACEMENT_3D('',#2965,#2463,#2464);
#1917=AXIS2_PLACEMENT_3D('',#2966,#2465,#2466);
#1918=AXIS2_PLACEMENT_3D('',#2967,#2467,#2468);
#1919=DIRECTION('axis',(0.,0.,1.));
#1920=DIRECTION('refdir',(1.,0.,0.));
#1921=DIRECTION('axis',(0.,0.,1.));
#1922=DIRECTION('refdir',(1.,0.,0.));
#1923=DIRECTION('center_axis',(0.,1.,0.));
#1924=DIRECTION('ref_axis',(0.,0.,1.));
#1925=DIRECTION('center_axis',(0.,-1.,0.));
#1926=DIRECTION('ref_axis',(0.,0.,1.));
#1927=DIRECTION('',(-1.04972719113862E-16,-0.515038074910054,0.857167300702112));
#1928=DIRECTION('center_axis',(0.,-1.,0.));
#1929=DIRECTION('ref_axis',(0.,0.,1.));
#1930=DIRECTION('center_axis',(0.,-1.,0.));
#1931=DIRECTION('ref_axis',(0.,0.,1.));
#1932=DIRECTION('',(0.,-1.,0.));
#1933=DIRECTION('center_axis',(0.,1.,0.));
#1934=DIRECTION('ref_axis',(0.,0.,1.));
#1935=DIRECTION('center_axis',(0.,-1.,0.));
#1936=DIRECTION('ref_axis',(0.,0.,1.));
#1937=DIRECTION('',(-1.04972719113862E-16,-0.515038074910054,0.857167300702112));
#1938=DIRECTION('center_axis',(0.,-1.,0.));
#1939=DIRECTION('ref_axis',(0.,0.,1.));
#1940=DIRECTION('center_axis',(0.,-1.,0.));
#1941=DIRECTION('ref_axis',(0.,0.,1.));
#1942=DIRECTION('',(0.,-1.,0.));
#1943=DIRECTION('center_axis',(0.,1.,0.));
#1944=DIRECTION('ref_axis',(-1.,0.,0.));
#1945=DIRECTION('center_axis',(0.,1.,0.));
#1946=DIRECTION('ref_axis',(1.,0.,0.));
#1947=DIRECTION('',(-0.139173100960065,-0.99026806874157,1.70437892618155E-17));
#1948=DIRECTION('center_axis',(0.,1.,0.));
#1949=DIRECTION('ref_axis',(1.,0.,0.));
#1950=DIRECTION('center_axis',(0.,-1.,0.));
#1951=DIRECTION('ref_axis',(0.,0.,-1.));
#1952=DIRECTION('center_axis',(0.,1.,0.));
#1953=DIRECTION('ref_axis',(1.,0.,0.));
#1954=DIRECTION('center_axis',(0.,1.,0.));
#1955=DIRECTION('ref_axis',(-1.,0.,0.));
#1956=DIRECTION('center_axis',(0.,1.,0.));
#1957=DIRECTION('ref_axis',(1.,0.,0.));
#1958=DIRECTION('',(0.,-1.,0.));
#1959=DIRECTION('center_axis',(0.,-1.,0.));
#1960=DIRECTION('ref_axis',(0.,0.,-1.));
#1961=DIRECTION('center_axis',(0.,1.,0.));
#1962=DIRECTION('ref_axis',(-1.,0.,0.));
#1963=DIRECTION('center_axis',(0.,1.,0.));
#1964=DIRECTION('ref_axis',(-1.,0.,0.));
#1965=DIRECTION('center_axis',(0.,-1.,0.));
#1966=DIRECTION('ref_axis',(-1.,0.,0.));
#1967=DIRECTION('',(0.,-1.,0.));
#1968=DIRECTION('center_axis',(0.,1.,0.));
#1969=DIRECTION('ref_axis',(0.,0.,1.));
#1970=DIRECTION('axis',(0.,0.,1.));
#1971=DIRECTION('refdir',(1.,0.,0.));
#1972=DIRECTION('center_axis',(0.,-1.,0.));
#1973=DIRECTION('ref_axis',(0.,0.,1.));
#1974=DIRECTION('center_axis',(0.,-1.,0.));
#1975=DIRECTION('ref_axis',(0.,0.,1.));
#1976=DIRECTION('',(0.,-1.,0.));
#1977=DIRECTION('center_axis',(0.,1.,0.));
#1978=DIRECTION('ref_axis',(0.,0.,1.));
#1979=DIRECTION('center_axis',(0.,-1.,0.));
#1980=DIRECTION('ref_axis',(0.,0.,1.));
#1981=DIRECTION('center_axis',(0.,-1.,0.));
#1982=DIRECTION('ref_axis',(0.,0.,1.));
#1983=DIRECTION('',(0.,-1.,0.));
#1984=DIRECTION('center_axis',(0.,1.,0.));
#1985=DIRECTION('ref_axis',(0.,0.,1.));
#1986=DIRECTION('center_axis',(0.,-1.,0.));
#1987=DIRECTION('ref_axis',(-1.,0.,0.));
#1988=DIRECTION('center_axis',(0.,1.,0.));
#1989=DIRECTION('ref_axis',(1.,0.,0.));
#1990=DIRECTION('',(0.5,-0.866025403784439,-6.12323399573677E-17));
#1991=DIRECTION('center_axis',(0.,1.,0.));
#1992=DIRECTION('ref_axis',(1.,0.,0.));
#1993=DIRECTION('center_axis',(0.,-1.,0.));
#1994=DIRECTION('ref_axis',(0.,0.,-1.));
#1995=DIRECTION('center_axis',(0.,1.,0.));
#1996=DIRECTION('ref_axis',(-1.,0.,0.));
#1997=DIRECTION('center_axis',(0.,1.,0.));
#1998=DIRECTION('ref_axis',(-1.,0.,0.));
#1999=DIRECTION('center_axis',(0.,-1.,0.));
#2000=DIRECTION('ref_axis',(-1.,0.,0.));
#2001=DIRECTION('',(0.,-1.,0.));
#2002=DIRECTION('center_axis',(0.,1.,0.));
#2003=DIRECTION('ref_axis',(0.,0.,1.));
#2004=DIRECTION('axis',(0.,0.,1.));
#2005=DIRECTION('refdir',(1.,0.,0.));
#2006=DIRECTION('center_axis',(0.,1.,0.));
#2007=DIRECTION('ref_axis',(0.,0.,1.));
#2008=DIRECTION('center_axis',(0.,-1.,0.));
#2009=DIRECTION('ref_axis',(0.,0.,1.));
#2010=DIRECTION('',(-1.04972719113862E-16,-0.515038074910054,0.857167300702112));
#2011=DIRECTION('center_axis',(0.,1.,0.));
#2012=DIRECTION('ref_axis',(0.,0.,1.));
#2013=DIRECTION('center_axis',(0.,-1.,0.));
#2014=DIRECTION('ref_axis',(0.,0.,1.));
#2015=DIRECTION('center_axis',(0.,-1.,0.));
#2016=DIRECTION('ref_axis',(0.,0.,1.));
#2017=DIRECTION('',(0.,-1.,0.));
#2018=DIRECTION('center_axis',(0.,1.,0.));
#2019=DIRECTION('ref_axis',(0.,0.,1.));
#2020=DIRECTION('center_axis',(0.,1.,0.));
#2021=DIRECTION('ref_axis',(1.,0.,0.));
#2022=DIRECTION('center_axis',(0.,-1.,0.));
#2023=DIRECTION('ref_axis',(0.,0.,-1.));
#2024=DIRECTION('center_axis',(0.,1.,0.));
#2025=DIRECTION('ref_axis',(1.,0.,0.));
#2026=DIRECTION('center_axis',(0.,1.,0.));
#2027=DIRECTION('ref_axis',(-1.,0.,0.));
#2028=DIRECTION('center_axis',(0.,1.,0.));
#2029=DIRECTION('ref_axis',(1.,0.,0.));
#2030=DIRECTION('',(-0.139173100960064,-0.990268068741571,1.70437892618154E-17));
#2031=DIRECTION('center_axis',(0.,1.,0.));
#2032=DIRECTION('ref_axis',(0.,0.,1.));
#2033=DIRECTION('center_axis',(0.,1.,0.));
#2034=DIRECTION('ref_axis',(1.,0.,0.));
#2035=DIRECTION('center_axis',(0.,1.,0.));
#2036=DIRECTION('ref_axis',(-1.,0.,0.));
#2037=DIRECTION('center_axis',(0.,1.,0.));
#2038=DIRECTION('ref_axis',(1.,0.,0.));
#2039=DIRECTION('',(0.,-1.,0.));
#2040=DIRECTION('center_axis',(0.,-1.,0.));
#2041=DIRECTION('ref_axis',(0.,0.,-1.));
#2042=DIRECTION('center_axis',(0.,1.,0.));
#2043=DIRECTION('ref_axis',(1.,0.,0.));
#2044=DIRECTION('center_axis',(0.,-1.,0.));
#2045=DIRECTION('ref_axis',(-1.,0.,0.));
#2046=DIRECTION('',(0.499999999999995,-0.866025403784441,-6.12323399573671E-17));
#2047=DIRECTION('axis',(0.,0.,1.));
#2048=DIRECTION('refdir',(1.,0.,0.));
#2049=DIRECTION('center_axis',(0.,1.,-6.21103790000086E-16));
#2050=DIRECTION('ref_axis',(1.,0.,0.));
#2051=DIRECTION('center_axis',(0.,1.,-4.93780845207522E-16));
#2052=DIRECTION('ref_axis',(1.,0.,0.));
#2053=DIRECTION('',(0.,1.,-6.21103790000086E-16));
#2054=DIRECTION('center_axis',(0.,1.,-4.45947323698808E-16));
#2055=DIRECTION('ref_axis',(1.,0.,0.));
#2056=DIRECTION('center_axis',(0.,1.,-6.21103790000086E-16));
#2057=DIRECTION('ref_axis',(1.,0.,0.));
#2058=DIRECTION('center_axis',(0.,1.,-4.93780845207522E-16));
#2059=DIRECTION('ref_axis',(1.,0.,0.));
#2060=DIRECTION('',(0.,1.,-6.21103790000086E-16));
#2061=DIRECTION('center_axis',(0.,1.,-4.45947323698808E-16));
#2062=DIRECTION('ref_axis',(1.,0.,0.));
#2063=DIRECTION('center_axis',(0.,1.,-4.93780845207522E-16));
#2064=DIRECTION('ref_axis',(0.,4.93780845207522E-16,1.));
#2065=DIRECTION('center_axis',(0.,1.,-6.21103790000086E-16));
#2066=DIRECTION('ref_axis',(1.,0.,0.));
#2067=DIRECTION('center_axis',(0.,1.,-4.93780845207522E-16));
#2068=DIRECTION('ref_axis',(1.,0.,0.));
#2069=DIRECTION('',(0.,1.,-6.21103790000086E-16));
#2070=DIRECTION('center_axis',(0.,1.,-4.45947323698808E-16));
#2071=DIRECTION('ref_axis',(1.,0.,0.));
#2072=DIRECTION('center_axis',(0.,1.,-6.21103790000086E-16));
#2073=DIRECTION('ref_axis',(1.,0.,0.));
#2074=DIRECTION('center_axis',(0.,1.,-4.93780845207522E-16));
#2075=DIRECTION('ref_axis',(1.,0.,0.));
#2076=DIRECTION('',(0.,1.,-6.21103790000086E-16));
#2077=DIRECTION('center_axis',(0.,1.,-4.45947323698808E-16));
#2078=DIRECTION('ref_axis',(1.,0.,0.));
#2079=DIRECTION('center_axis',(4.47447557100191E-31,-1.,4.93780845207522E-16));
#2080=DIRECTION('ref_axis',(3.50324616081204E-46,-4.93780845207522E-16,
-1.));
#2081=DIRECTION('center_axis',(-4.47447557100191E-31,1.,-4.93780845207522E-16));
#2082=DIRECTION('ref_axis',(1.,4.47447557100191E-31,7.79048809062404E-47));
#2083=DIRECTION('center_axis',(-4.47447557100191E-31,1.,-4.93780845207522E-16));
#2084=DIRECTION('ref_axis',(-1.,-4.47447557100191E-31,-6.6098984166265E-47));
#2085=DIRECTION('center_axis',(4.47447557100191E-31,-1.,4.93780845207522E-16));
#2086=DIRECTION('ref_axis',(1.,4.47447557100191E-31,-2.20941032930973E-46));
#2087=DIRECTION('center_axis',(0.,1.,-6.21103790000086E-16));
#2088=DIRECTION('ref_axis',(1.,0.,0.));
#2089=DIRECTION('',(0.,1.,-6.21103790000086E-16));
#2090=DIRECTION('center_axis',(0.,1.,-4.45947323698808E-16));
#2091=DIRECTION('ref_axis',(1.,0.,0.));
#2092=DIRECTION('center_axis',(0.,1.,-6.21103790000086E-16));
#2093=DIRECTION('ref_axis',(1.,0.,0.));
#2094=DIRECTION('center_axis',(0.,1.,-4.93780845207522E-16));
#2095=DIRECTION('ref_axis',(1.,0.,0.));
#2096=DIRECTION('',(0.,1.,-6.21103790000086E-16));
#2097=DIRECTION('center_axis',(0.,1.,-4.45947323698808E-16));
#2098=DIRECTION('ref_axis',(1.,0.,0.));
#2099=DIRECTION('center_axis',(0.,1.,-6.21103790000086E-16));
#2100=DIRECTION('ref_axis',(1.,0.,0.));
#2101=DIRECTION('center_axis',(0.,1.,-4.93780845207522E-16));
#2102=DIRECTION('ref_axis',(1.,0.,0.));
#2103=DIRECTION('',(0.,1.,-6.21103790000086E-16));
#2104=DIRECTION('center_axis',(0.,1.,-4.45947323698808E-16));
#2105=DIRECTION('ref_axis',(1.,0.,0.));
#2106=DIRECTION('center_axis',(0.,1.,-4.93780845207522E-16));
#2107=DIRECTION('ref_axis',(0.,4.93780845207522E-16,1.));
#2108=DIRECTION('center_axis',(0.,1.,-6.21103790000086E-16));
#2109=DIRECTION('ref_axis',(1.,0.,0.));
#2110=DIRECTION('center_axis',(0.,1.,-4.93780845207522E-16));
#2111=DIRECTION('ref_axis',(1.,0.,0.));
#2112=DIRECTION('',(0.,1.,-6.21103790000086E-16));
#2113=DIRECTION('center_axis',(0.,1.,-4.45947323698808E-16));
#2114=DIRECTION('ref_axis',(1.,0.,0.));
#2115=DIRECTION('center_axis',(0.,1.,-4.93780845207522E-16));
#2116=DIRECTION('ref_axis',(0.,4.93780845207522E-16,1.));
#2117=DIRECTION('center_axis',(0.,1.,-4.93780845207522E-16));
#2118=DIRECTION('ref_axis',(0.,4.93780845207522E-16,1.));
#2119=DIRECTION('center_axis',(0.,1.,-4.93780845207522E-16));
#2120=DIRECTION('ref_axis',(1.,0.,0.));
#2121=DIRECTION('center_axis',(0.,1.,-4.93780845207522E-16));
#2122=DIRECTION('ref_axis',(0.,4.93780845207522E-16,1.));
#2123=DIRECTION('center_axis',(0.,1.,-4.93780845207522E-16));
#2124=DIRECTION('ref_axis',(1.,0.,0.));
#2125=DIRECTION('center_axis',(0.,1.,-4.93780845207522E-16));
#2126=DIRECTION('ref_axis',(0.,4.93780845207522E-16,1.));
#2127=DIRECTION('center_axis',(0.,1.,-4.93780845207522E-16));
#2128=DIRECTION('ref_axis',(0.,4.93780845207522E-16,1.));
#2129=DIRECTION('center_axis',(0.,1.,-4.93780845207522E-16));
#2130=DIRECTION('ref_axis',(0.,4.93780845207522E-16,1.));
#2131=DIRECTION('center_axis',(0.,1.,-4.93780845207522E-16));
#2132=DIRECTION('ref_axis',(1.,0.,0.));
#2133=DIRECTION('center_axis',(0.,1.,-4.93780845207522E-16));
#2134=DIRECTION('ref_axis',(0.,4.93780845207522E-16,1.));
#2135=DIRECTION('center_axis',(0.,1.,-4.93780845207522E-16));
#2136=DIRECTION('ref_axis',(1.,0.,0.));
#2137=DIRECTION('center_axis',(0.,1.,-4.93780845207522E-16));
#2138=DIRECTION('ref_axis',(0.,4.93780845207522E-16,1.));
#2139=DIRECTION('center_axis',(0.,1.,-4.93780845207522E-16));
#2140=DIRECTION('ref_axis',(1.,0.,0.));
#2141=DIRECTION('center_axis',(0.,1.,-4.93780845207522E-16));
#2142=DIRECTION('ref_axis',(0.,4.93780845207522E-16,1.));
#2143=DIRECTION('center_axis',(0.,1.,-4.93780845207522E-16));
#2144=DIRECTION('ref_axis',(0.,4.93780845207522E-16,1.));
#2145=DIRECTION('center_axis',(0.,1.,-4.93780845207522E-16));
#2146=DIRECTION('ref_axis',(1.,0.,0.));
#2147=DIRECTION('center_axis',(0.,1.,-4.93780845207522E-16));
#2148=DIRECTION('ref_axis',(0.,4.93780845207522E-16,1.));
#2149=DIRECTION('center_axis',(0.,1.,-4.93780845207522E-16));
#2150=DIRECTION('ref_axis',(1.,0.,0.));
#2151=DIRECTION('center_axis',(0.,1.,-4.93780845207522E-16));
#2152=DIRECTION('ref_axis',(0.,4.93780845207522E-16,1.));
#2153=DIRECTION('center_axis',(0.,1.,-4.93780845207522E-16));
#2154=DIRECTION('ref_axis',(0.,4.93780845207522E-16,1.));
#2155=DIRECTION('center_axis',(0.,1.,-4.93780845207522E-16));
#2156=DIRECTION('ref_axis',(1.,0.,0.));
#2157=DIRECTION('center_axis',(0.,1.,-4.93780845207522E-16));
#2158=DIRECTION('ref_axis',(0.,4.93780845207522E-16,1.));
#2159=DIRECTION('center_axis',(0.,1.,-4.93780845207522E-16));
#2160=DIRECTION('ref_axis',(1.,0.,0.));
#2161=DIRECTION('center_axis',(0.,1.,-4.93780845207522E-16));
#2162=DIRECTION('ref_axis',(0.,4.93780845207522E-16,1.));
#2163=DIRECTION('center_axis',(0.,1.,-4.93780845207522E-16));
#2164=DIRECTION('ref_axis',(1.,0.,0.));
#2165=DIRECTION('center_axis',(0.,1.,-6.21103790000086E-16));
#2166=DIRECTION('ref_axis',(1.,0.,0.));
#2167=DIRECTION('',(0.,1.,-6.21103790000086E-16));
#2168=DIRECTION('center_axis',(0.,1.,-4.45947323698808E-16));
#2169=DIRECTION('ref_axis',(1.,0.,0.));
#2170=DIRECTION('center_axis',(0.,1.,-6.21103790000086E-16));
#2171=DIRECTION('ref_axis',(1.,0.,0.));
#2172=DIRECTION('',(0.,1.,-6.21103790000086E-16));
#2173=DIRECTION('center_axis',(0.,1.,-4.45947323698808E-16));
#2174=DIRECTION('ref_axis',(1.,0.,0.));
#2175=DIRECTION('center_axis',(0.,1.,-6.21103790000086E-16));
#2176=DIRECTION('ref_axis',(1.,0.,0.));
#2177=DIRECTION('',(0.,1.,-6.21103790000086E-16));
#2178=DIRECTION('center_axis',(0.,1.,-4.45947323698808E-16));
#2179=DIRECTION('ref_axis',(1.,0.,0.));
#2180=DIRECTION('center_axis',(0.,1.,-6.21103790000086E-16));
#2181=DIRECTION('ref_axis',(1.,0.,0.));
#2182=DIRECTION('',(0.,1.,-6.21103790000086E-16));
#2183=DIRECTION('center_axis',(0.,1.,-4.45947323698808E-16));
#2184=DIRECTION('ref_axis',(1.,0.,0.));
#2185=DIRECTION('center_axis',(0.,1.,-6.21103790000086E-16));
#2186=DIRECTION('ref_axis',(1.,0.,0.));
#2187=DIRECTION('',(0.,1.,-6.21103790000086E-16));
#2188=DIRECTION('center_axis',(0.,1.,-4.45947323698808E-16));
#2189=DIRECTION('ref_axis',(1.,0.,0.));
#2190=DIRECTION('center_axis',(0.,1.,-6.21103790000086E-16));
#2191=DIRECTION('ref_axis',(1.,0.,0.));
#2192=DIRECTION('',(0.,1.,-6.21103790000086E-16));
#2193=DIRECTION('center_axis',(0.,1.,-4.45947323698808E-16));
#2194=DIRECTION('ref_axis',(1.,0.,0.));
#2195=DIRECTION('center_axis',(0.,1.,-6.21103790000086E-16));
#2196=DIRECTION('ref_axis',(1.,0.,0.));
#2197=DIRECTION('',(0.,1.,-6.21103790000086E-16));
#2198=DIRECTION('center_axis',(0.,1.,-4.45947323698808E-16));
#2199=DIRECTION('ref_axis',(1.,0.,0.));
#2200=DIRECTION('center_axis',(0.,1.,-6.21103790000086E-16));
#2201=DIRECTION('ref_axis',(1.,0.,0.));
#2202=DIRECTION('',(0.,1.,-6.21103790000086E-16));
#2203=DIRECTION('center_axis',(0.,1.,-4.45947323698808E-16));
#2204=DIRECTION('ref_axis',(1.,0.,0.));
#2205=DIRECTION('center_axis',(0.,1.,-6.21103790000086E-16));
#2206=DIRECTION('ref_axis',(1.,0.,0.));
#2207=DIRECTION('',(0.,1.,-6.21103790000086E-16));
#2208=DIRECTION('center_axis',(0.,1.,-4.45947323698808E-16));
#2209=DIRECTION('ref_axis',(1.,0.,0.));
#2210=DIRECTION('center_axis',(0.,1.,-6.21103790000086E-16));
#2211=DIRECTION('ref_axis',(1.,0.,0.));
#2212=DIRECTION('',(0.,1.,-6.21103790000086E-16));
#2213=DIRECTION('center_axis',(0.,1.,-4.45947323698808E-16));
#2214=DIRECTION('ref_axis',(1.,0.,0.));
#2215=DIRECTION('center_axis',(0.,1.,-4.45947323698808E-16));
#2216=DIRECTION('ref_axis',(-1.,0.,0.));
#2217=DIRECTION('center_axis',(0.,-1.,4.45947323698808E-16));
#2218=DIRECTION('ref_axis',(1.,0.,0.));
#2219=DIRECTION('center_axis',(0.,-1.,4.45947323698808E-16));
#2220=DIRECTION('ref_axis',(-1.,0.,0.));
#2221=DIRECTION('center_axis',(0.,1.,-4.93780845207522E-16));
#2222=DIRECTION('ref_axis',(0.,4.93780845207522E-16,1.));
#2223=DIRECTION('',(0.,-1.,4.93780845207522E-16));
#2224=DIRECTION('center_axis',(0.,-1.,4.45947323698808E-16));
#2225=DIRECTION('ref_axis',(-1.,0.,0.));
#2226=DIRECTION('',(0.,-1.,4.45947323698808E-16));
#2227=DIRECTION('axis',(0.,0.,1.));
#2228=DIRECTION('refdir',(1.,0.,0.));
#2229=DIRECTION('center_axis',(0.,-0.707106781186547,-0.707106781186548));
#2230=DIRECTION('ref_axis',(-1.,0.,0.));
#2231=DIRECTION('center_axis',(0.,-0.707106781186547,-0.707106781186548));
#2232=DIRECTION('ref_axis',(0.,-0.707106781186548,0.707106781186547));
#2233=DIRECTION('',(-1.,0.,0.));
#2234=DIRECTION('center_axis',(0.,-0.707106781186547,-0.707106781186548));
#2235=DIRECTION('ref_axis',(0.,-0.707106781186548,0.707106781186547));
#2236=DIRECTION('',(1.,0.,0.));
#2237=DIRECTION('center_axis',(0.,1.,0.));
#2238=DIRECTION('ref_axis',(1.,0.,0.));
#2239=DIRECTION('center_axis',(0.,-1.,0.));
#2240=DIRECTION('ref_axis',(1.,0.,0.));
#2241=DIRECTION('',(1.,0.,0.));
#2242=DIRECTION('center_axis',(0.,-1.,0.));
#2243=DIRECTION('ref_axis',(1.,0.,0.));
#2244=DIRECTION('center_axis',(0.,1.,0.));
#2245=DIRECTION('ref_axis',(0.,0.,1.));
#2246=DIRECTION('center_axis',(0.,1.,0.));
#2247=DIRECTION('ref_axis',(0.,0.,1.));
#2248=DIRECTION('center_axis',(0.,-1.,0.));
#2249=DIRECTION('ref_axis',(0.,0.,1.));
#2250=DIRECTION('center_axis',(0.,-1.,0.));
#2251=DIRECTION('ref_axis',(1.,0.,0.));
#2252=DIRECTION('',(0.,-1.,0.));
#2253=DIRECTION('center_axis',(0.,1.,0.));
#2254=DIRECTION('ref_axis',(1.,0.,0.));
#2255=DIRECTION('',(0.,-1.,0.));
#2256=DIRECTION('center_axis',(0.,-0.707106781186547,0.707106781186548));
#2257=DIRECTION('ref_axis',(0.,0.707106781186548,0.707106781186547));
#2258=DIRECTION('center_axis',(0.,-0.707106781186547,0.707106781186548));
#2259=DIRECTION('ref_axis',(1.,0.,0.));
#2260=DIRECTION('center_axis',(0.,-0.707106781186547,0.707106781186548));
#2261=DIRECTION('ref_axis',(0.,0.707106781186548,0.707106781186547));
#2262=DIRECTION('',(-1.,0.,0.));
#2263=DIRECTION('center_axis',(0.,-1.,0.));
#2264=DIRECTION('ref_axis',(-1.,0.,-1.22464679914735E-16));
#2265=DIRECTION('',(0.,-1.,0.));
#2266=DIRECTION('center_axis',(0.,1.,0.));
#2267=DIRECTION('ref_axis',(1.,0.,0.));
#2268=DIRECTION('',(0.,-1.,0.));
#2269=DIRECTION('center_axis',(0.,0.,1.));
#2270=DIRECTION('ref_axis',(-1.,0.,0.));
#2271=DIRECTION('',(-1.,0.,0.));
#2272=DIRECTION('center_axis',(0.,-1.,0.));
#2273=DIRECTION('ref_axis',(0.,0.,1.));
#2274=DIRECTION('center_axis',(0.,-1.,0.));
#2275=DIRECTION('ref_axis',(0.,0.,1.));
#2276=DIRECTION('',(0.,-1.,0.));
#2277=DIRECTION('center_axis',(0.,-1.,0.));
#2278=DIRECTION('ref_axis',(0.,0.,1.));
#2279=DIRECTION('center_axis',(0.,-1.,0.));
#2280=DIRECTION('ref_axis',(0.,0.,1.));
#2281=DIRECTION('',(0.,-1.,0.));
#2282=DIRECTION('center_axis',(0.,-1.,0.));
#2283=DIRECTION('ref_axis',(0.,0.,1.));
#2284=DIRECTION('center_axis',(0.,-1.,0.));
#2285=DIRECTION('ref_axis',(0.,0.,1.));
#2286=DIRECTION('',(0.,-1.,0.));
#2287=DIRECTION('center_axis',(0.,0.,-1.));
#2288=DIRECTION('ref_axis',(1.,0.,0.));
#2289=DIRECTION('',(1.,0.,0.));
#2290=DIRECTION('center_axis',(0.,1.,0.));
#2291=DIRECTION('ref_axis',(1.,0.,0.));
#2292=DIRECTION('axis',(0.,0.,1.));
#2293=DIRECTION('refdir',(1.,0.,0.));
#2294=DIRECTION('center_axis',(0.,1.,0.));
#2295=DIRECTION('ref_axis',(0.,0.,1.));
#2296=DIRECTION('center_axis',(0.,-1.,0.));
#2297=DIRECTION('ref_axis',(0.,0.,1.));
#2298=DIRECTION('center_axis',(0.,-1.,0.));
#2299=DIRECTION('ref_axis',(0.,0.,1.));
#2300=DIRECTION('',(-8.65956056235493E-17,-0.707106781186548,0.707106781186547));
#2301=DIRECTION('center_axis',(0.,-1.,0.));
#2302=DIRECTION('ref_axis',(0.,0.,1.));
#2303=DIRECTION('center_axis',(0.,-1.,0.));
#2304=DIRECTION('ref_axis',(0.,0.,1.));
#2305=DIRECTION('center_axis',(0.,-1.,0.));
#2306=DIRECTION('ref_axis',(0.,0.,1.));
#2307=DIRECTION('',(0.,-1.,0.));
#2308=DIRECTION('center_axis',(0.,1.,0.));
#2309=DIRECTION('ref_axis',(0.,0.,1.));
#2310=DIRECTION('center_axis',(0.,1.,0.));
#2311=DIRECTION('ref_axis',(0.,0.,-1.));
#2312=DIRECTION('center_axis',(0.,1.,0.));
#2313=DIRECTION('ref_axis',(0.,0.,-1.));
#2314=DIRECTION('',(0.,1.,0.));
#2315=DIRECTION('center_axis',(0.,-1.,0.));
#2316=DIRECTION('ref_axis',(0.,0.,-1.));
#2317=DIRECTION('center_axis',(0.,-1.,0.));
#2318=DIRECTION('ref_axis',(0.,0.,-1.));
#2319=DIRECTION('center_axis',(0.,-1.,0.));
#2320=DIRECTION('ref_axis',(0.,0.,-1.));
#2321=DIRECTION('center_axis',(0.,1.,0.));
#2322=DIRECTION('ref_axis',(1.,0.,0.));
#2323=DIRECTION('center_axis',(0.,-1.,0.));
#2324=DIRECTION('ref_axis',(0.,0.,-1.));
#2325=DIRECTION('center_axis',(0.,-1.,0.));
#2326=DIRECTION('ref_axis',(1.,0.,0.));
#2327=DIRECTION('center_axis',(0.,1.,0.));
#2328=DIRECTION('ref_axis',(0.,0.,-1.));
#2329=DIRECTION('center_axis',(0.,1.,0.));
#2330=DIRECTION('ref_axis',(0.,0.,-1.));
#2331=DIRECTION('',(0.,1.,0.));
#2332=DIRECTION('center_axis',(0.,-1.,0.));
#2333=DIRECTION('ref_axis',(0.,0.,-1.));
#2334=DIRECTION('center_axis',(0.,-1.,0.));
#2335=DIRECTION('ref_axis',(0.,0.,-1.));
#2336=DIRECTION('center_axis',(0.,-1.,0.));
#2337=DIRECTION('ref_axis',(1.,0.,0.));
#2338=DIRECTION('center_axis',(0.,-1.,0.));
#2339=DIRECTION('ref_axis',(1.,0.,0.));
#2340=DIRECTION('',(-0.707106781186548,-0.707106781186547,8.65956056235494E-17));
#2341=DIRECTION('center_axis',(0.,1.,0.));
#2342=DIRECTION('ref_axis',(1.,0.,0.));
#2343=DIRECTION('center_axis',(0.,1.,0.));
#2344=DIRECTION('ref_axis',(1.,0.,0.));
#2345=DIRECTION('',(0.,-1.,0.));
#2346=DIRECTION('center_axis',(0.,1.,0.));
#2347=DIRECTION('ref_axis',(1.,0.,0.));
#2348=DIRECTION('',(0.,-1.,0.));
#2349=DIRECTION('center_axis',(0.,-1.,0.));
#2350=DIRECTION('ref_axis',(1.,0.,0.));
#2351=DIRECTION('',(0.,-1.,0.));
#2352=DIRECTION('center_axis',(0.,1.,0.));
#2353=DIRECTION('ref_axis',(1.,0.,0.));
#2354=DIRECTION('',(0.,-1.,0.));
#2355=DIRECTION('center_axis',(0.,-1.,0.));
#2356=DIRECTION('ref_axis',(1.,0.,0.));
#2357=DIRECTION('',(0.,-1.,0.));
#2358=DIRECTION('center_axis',(0.,1.,0.));
#2359=DIRECTION('ref_axis',(1.,0.,0.));
#2360=DIRECTION('center_axis',(0.,0.,-1.));
#2361=DIRECTION('ref_axis',(1.,0.,0.));
#2362=DIRECTION('',(-1.,0.,0.));
#2363=DIRECTION('',(1.,0.,0.));
#2364=DIRECTION('center_axis',(0.,1.,0.));
#2365=DIRECTION('ref_axis',(1.,0.,0.));
#2366=DIRECTION('center_axis',(0.,1.,0.));
#2367=DIRECTION('ref_axis',(1.,0.,0.));
#2368=DIRECTION('',(1.,0.,0.));
#2369=DIRECTION('center_axis',(0.,0.,1.));
#2370=DIRECTION('ref_axis',(-1.,0.,0.));
#2371=DIRECTION('',(-1.,0.,0.));
#2372=DIRECTION('center_axis',(0.,1.,0.));
#2373=DIRECTION('ref_axis',(1.,0.,0.));
#2374=DIRECTION('center_axis',(0.,1.,0.));
#2375=DIRECTION('ref_axis',(1.,0.,0.));
#2376=DIRECTION('axis',(0.,0.,1.));
#2377=DIRECTION('refdir',(1.,0.,0.));
#2378=DIRECTION('center_axis',(0.,1.,0.));
#2379=DIRECTION('ref_axis',(0.,0.,-1.));
#2380=DIRECTION('center_axis',(0.,1.,0.));
#2381=DIRECTION('ref_axis',(0.,0.,-1.));
#2382=DIRECTION('',(0.,1.,0.));
#2383=DIRECTION('center_axis',(0.,-1.,0.));
#2384=DIRECTION('ref_axis',(0.,0.,-1.));
#2385=DIRECTION('center_axis',(0.,0.707106781186547,-0.707106781186548));
#2386=DIRECTION('ref_axis',(-1.,0.,0.));
#2387=DIRECTION('center_axis',(0.,0.707106781186547,-0.707106781186548));
#2388=DIRECTION('ref_axis',(0.,-0.707106781186548,-0.707106781186547));
#2389=DIRECTION('',(1.,0.,0.));
#2390=DIRECTION('center_axis',(0.,0.707106781186547,-0.707106781186548));
#2391=DIRECTION('ref_axis',(0.,-0.707106781186548,-0.707106781186547));
#2392=DIRECTION('',(-1.,0.,0.));
#2393=DIRECTION('center_axis',(0.,1.,0.));
#2394=DIRECTION('ref_axis',(1.,0.,0.));
#2395=DIRECTION('center_axis',(0.,1.,0.));
#2396=DIRECTION('ref_axis',(1.,0.,0.));
#2397=DIRECTION('center_axis',(0.,0.707106781186547,0.707106781186548));
#2398=DIRECTION('ref_axis',(1.,0.,0.));
#2399=DIRECTION('center_axis',(0.,0.707106781186547,0.707106781186548));
#2400=DIRECTION('ref_axis',(0.,0.707106781186548,-0.707106781186547));
#2401=DIRECTION('',(-1.,0.,0.));
#2402=DIRECTION('center_axis',(0.,0.707106781186547,0.707106781186548));
#2403=DIRECTION('ref_axis',(0.,0.707106781186548,-0.707106781186547));
#2404=DIRECTION('',(1.,0.,0.));
#2405=DIRECTION('center_axis',(0.,1.,0.));
#2406=DIRECTION('ref_axis',(1.,0.,0.));
#2407=DIRECTION('center_axis',(0.,1.,0.));
#2408=DIRECTION('ref_axis',(1.,0.,0.));
#2409=DIRECTION('center_axis',(0.,1.,0.));
#2410=DIRECTION('ref_axis',(-1.,0.,0.));
#2411=DIRECTION('center_axis',(0.,-1.,0.));
#2412=DIRECTION('ref_axis',(-1.,0.,0.));
#2413=DIRECTION('center_axis',(0.,-1.,0.));
#2414=DIRECTION('ref_axis',(-1.,0.,0.));
#2415=DIRECTION('',(-0.707106781186548,-0.707106781186547,8.65956056235493E-17));
#2416=DIRECTION('center_axis',(0.,1.,0.));
#2417=DIRECTION('ref_axis',(-1.,0.,0.));
#2418=DIRECTION('center_axis',(0.,1.,0.));
#2419=DIRECTION('ref_axis',(1.,0.,0.));
#2420=DIRECTION('',(0.,1.,0.));
#2421=DIRECTION('center_axis',(0.,1.,0.));
#2422=DIRECTION('ref_axis',(1.,0.,0.));
#2423=DIRECTION('',(0.,-1.,0.));
#2424=DIRECTION('center_axis',(0.,1.,0.));
#2425=DIRECTION('ref_axis',(1.,0.,0.));
#2426=DIRECTION('',(0.,1.,0.));
#2427=DIRECTION('',(0.,1.,0.));
#2428=DIRECTION('center_axis',(0.,1.,0.));
#2429=DIRECTION('ref_axis',(1.,0.,0.));
#2430=DIRECTION('',(0.,1.,0.));
#2431=DIRECTION('center_axis',(0.,1.,0.));
#2432=DIRECTION('ref_axis',(1.,0.,0.));
#2433=DIRECTION('center_axis',(0.,1.,0.));
#2434=DIRECTION('ref_axis',(0.,0.,-1.));
#2435=DIRECTION('center_axis',(0.,1.,0.));
#2436=DIRECTION('ref_axis',(0.,0.,-1.));
#2437=DIRECTION('center_axis',(0.,1.,0.));
#2438=DIRECTION('ref_axis',(0.,0.,-1.));
#2439=DIRECTION('',(0.,1.,0.));
#2440=DIRECTION('center_axis',(0.,-1.,0.));
#2441=DIRECTION('ref_axis',(0.,0.,-1.));
#2442=DIRECTION('center_axis',(0.,1.,0.));
#2443=DIRECTION('ref_axis',(0.,0.,-1.));
#2444=DIRECTION('',(0.,1.,0.));
#2445=DIRECTION('center_axis',(0.,-1.,0.));
#2446=DIRECTION('ref_axis',(0.,0.,-1.));
#2447=DIRECTION('center_axis',(0.,0.,1.));
#2448=DIRECTION('ref_axis',(1.,0.,0.));
#2449=DIRECTION('',(-1.,0.,0.));
#2450=DIRECTION('center_axis',(0.,0.,-1.));
#2451=DIRECTION('ref_axis',(-1.,0.,0.));
#2452=DIRECTION('',(1.,0.,0.));
#2453=DIRECTION('center_axis',(0.,1.,0.));
#2454=DIRECTION('ref_axis',(1.,0.,0.));
#2455=DIRECTION('',(0.,0.,1.));
#2456=DIRECTION('',(1.,0.,0.));
#2457=DIRECTION('',(3.33066907387547E-16,0.,0.999999999999999));
#2458=DIRECTION('',(1.,0.,-3.33066907387547E-16));
#2459=DIRECTION('',(0.,0.,1.));
#2460=DIRECTION('',(1.,0.,0.));
#2461=DIRECTION('',(0.,0.,1.));
#2462=DIRECTION('',(1.,0.,0.));
#2463=DIRECTION('',(0.,2.22044604925031E-16,-1.));
#2464=DIRECTION('',(1.,0.,0.));
#2465=DIRECTION('',(0.,2.22044604925031E-16,-1.));
#2466=DIRECTION('',(1.,0.,0.));
#2467=DIRECTION('',(0.,-2.22044604925031E-16,1.));
#2468=DIRECTION('',(1.,0.,0.));
#2469=CARTESIAN_POINT('',(0.,0.,0.));
#2470=CARTESIAN_POINT('',(0.,0.,0.));
#2471=CARTESIAN_POINT('Origin',(0.,6.35433302025364,-23.));
#2472=CARTESIAN_POINT('',(1.8982025386784E-16,6.82,-24.55));
#2473=CARTESIAN_POINT('Origin',(0.,6.82,-23.));
#2474=CARTESIAN_POINT('',(0.,5.88866604050728,-23.));
#2475=CARTESIAN_POINT('',(9.49101269339199E-17,6.35433302025364,-23.775));
#2476=CARTESIAN_POINT('Origin',(0.,13.57,-23.));
#2477=CARTESIAN_POINT('',(1.8982025386784E-16,20.32,-24.55));
#2478=CARTESIAN_POINT('Origin',(0.,20.32,-23.));
#2479=CARTESIAN_POINT('',(1.8982025386784E-16,13.57,-24.55));
#2480=CARTESIAN_POINT('Origin',(0.,6.35433302025364,23.));
#2481=CARTESIAN_POINT('',(1.8982025386784E-16,6.82,21.45));
#2482=CARTESIAN_POINT('Origin',(0.,6.82,23.));
#2483=CARTESIAN_POINT('',(0.,5.88866604050728,23.));
#2484=CARTESIAN_POINT('',(9.49101269339199E-17,6.35433302025364,22.225));
#2485=CARTESIAN_POINT('Origin',(0.,13.57,23.));
#2486=CARTESIAN_POINT('',(1.8982025386784E-16,20.32,21.45));
#2487=CARTESIAN_POINT('Origin',(0.,20.32,23.));
#2488=CARTESIAN_POINT('',(1.8982025386784E-16,13.57,21.45));
#2489=CARTESIAN_POINT('Origin',(0.,10.16,0.));
#2490=CARTESIAN_POINT('',(21.0057897611526,20.32,-2.57246731945578E-15));
#2491=CARTESIAN_POINT('Origin',(0.,20.32,0.));
#2492=CARTESIAN_POINT('',(18.15,0.,-2.22273394045245E-15));
#2493=CARTESIAN_POINT('',(19.5778948805763,10.16,-2.39760062995411E-15));
#2494=CARTESIAN_POINT('Origin',(0.,0.,0.));
#2495=CARTESIAN_POINT('Origin',(-25.95,0.,0.));
#2496=CARTESIAN_POINT('',(25.95,0.,-3.17795844378738E-15));
#2497=CARTESIAN_POINT('Origin',(0.,0.,0.));
#2498=CARTESIAN_POINT('Origin',(0.,6.35,0.));
#2499=CARTESIAN_POINT('',(25.95,12.7,-3.17795844378738E-15));
#2500=CARTESIAN_POINT('Origin',(0.,12.7,0.));
#2501=CARTESIAN_POINT('',(25.95,6.35,-3.17795844378738E-15));
#2502=CARTESIAN_POINT('Origin',(-26.375,12.7,0.));
#2503=CARTESIAN_POINT('',(25.925,12.7,-3.17489682678951E-15));
#2504=CARTESIAN_POINT('Origin',(0.,12.7,0.));
#2505=CARTESIAN_POINT('Origin',(0.,16.51,0.));
#2506=CARTESIAN_POINT('',(25.925,20.32,3.17489682678951E-15));
#2507=CARTESIAN_POINT('Origin',(0.,20.32,0.));
#2508=CARTESIAN_POINT('',(25.925,16.51,-3.17489682678951E-15));
#2509=CARTESIAN_POINT('Origin',(-21.0057897611526,20.32,0.));
#2510=CARTESIAN_POINT('',(0.,0.,0.));
#2511=CARTESIAN_POINT('Origin',(0.0140510212012757,0.870000000000003,-23.35));
#2512=CARTESIAN_POINT('',(0.0140510212012759,7.62,-24.9));
#2513=CARTESIAN_POINT('Origin',(0.0140510212012757,7.62,-23.35));
#2514=CARTESIAN_POINT('',(0.0140510212012755,0.,-24.9));
#2515=CARTESIAN_POINT('',(0.0140510212012759,0.870000000000003,-24.9));
#2516=CARTESIAN_POINT('Origin',(0.0140510212012757,0.,-23.35));
#2517=CARTESIAN_POINT('Origin',(0.0140510212012757,0.870000000000003,23.35));
#2518=CARTESIAN_POINT('',(0.0140510212012759,7.62,21.8));
#2519=CARTESIAN_POINT('Origin',(0.0140510212012757,7.62,23.35));
#2520=CARTESIAN_POINT('',(0.0140510212012755,0.,21.8));
#2521=CARTESIAN_POINT('',(0.0140510212012759,0.870000000000003,21.8));
#2522=CARTESIAN_POINT('Origin',(0.0140510212012757,0.,23.35));
#2523=CARTESIAN_POINT('Origin',(0.,3.81,0.));
#2524=CARTESIAN_POINT('',(16.375,7.62,-2.00535913360379E-15));
#2525=CARTESIAN_POINT('Origin',(0.,7.62,0.));
#2526=CARTESIAN_POINT('',(20.774409051225,-1.11022302462516E-15,-2.54413135487604E-15));
#2527=CARTESIAN_POINT('',(18.5747045256125,3.81,-2.27474524423992E-15));
#2528=CARTESIAN_POINT('Origin',(0.,0.,0.));
#2529=CARTESIAN_POINT('Origin',(-26.35,0.,0.));
#2530=CARTESIAN_POINT('',(25.925,0.,-3.17489682678951E-15));
#2531=CARTESIAN_POINT('Origin',(0.,0.,0.));
#2532=CARTESIAN_POINT('Origin',(0.,3.81,0.));
#2533=CARTESIAN_POINT('',(25.925,7.62,3.17489682678951E-15));
#2534=CARTESIAN_POINT('Origin',(0.,7.62,0.));
#2535=CARTESIAN_POINT('',(25.925,3.81,-3.17489682678951E-15));
#2536=CARTESIAN_POINT('Origin',(-16.375,7.62,0.));
#2537=CARTESIAN_POINT('',(0.,0.,0.));
#2538=CARTESIAN_POINT('Origin',(0.,-0.889459569760351,0.));
#2539=CARTESIAN_POINT('',(3.88825358729284E-16,0.0644066629458996,-3.175));
#2540=CARTESIAN_POINT('Origin',(0.,0.0644066629458973,0.));
#2541=CARTESIAN_POINT('',(-3.7569828547424E-16,0.,-3.06780931233247));
#2542=CARTESIAN_POINT('',(1.94412679364642E-16,-0.889459569760351,-1.5875));
#2543=CARTESIAN_POINT('Origin',(0.,0.,0.));
#2544=CARTESIAN_POINT('Origin',(0.,22.2894066629459,0.));
#2545=CARTESIAN_POINT('',(3.88825358729285E-16,44.5144066629459,-3.175));
#2546=CARTESIAN_POINT('Origin',(0.,44.5144066629459,0.));
#2547=CARTESIAN_POINT('',(3.88825358729285E-16,22.2894066629459,-3.175));
#2548=CARTESIAN_POINT('Origin',(0.,44.5144066629459,0.));
#2549=CARTESIAN_POINT('',(15.875,44.5144066629459,-1.94412679364642E-15));
#2550=CARTESIAN_POINT('Origin',(-7.88568206589323E-17,44.5144066629459,
0.));
#2551=CARTESIAN_POINT('Origin',(-15.875,0.,0.));
#2552=CARTESIAN_POINT('',(15.875,0.,-1.94412679364642E-15));
#2553=CARTESIAN_POINT('Origin',(-7.88568206589323E-17,0.,0.));
#2554=CARTESIAN_POINT('Origin',(-7.88568206589323E-17,16.2657351853704,
0.));
#2555=CARTESIAN_POINT('',(20.447,32.5314703707409,-2.50403531021659E-15));
#2556=CARTESIAN_POINT('Origin',(-7.88568206589323E-17,32.5314703707409,
0.));
#2557=CARTESIAN_POINT('',(18.161,16.2657351853704,-2.22408105193151E-15));
#2558=CARTESIAN_POINT('Origin',(-18.034,32.5314703707409,0.));
#2559=CARTESIAN_POINT('',(18.034,32.5314703707409,-2.20852803758234E-15));
#2560=CARTESIAN_POINT('Origin',(-7.88568206589323E-17,32.5314703707409,
0.));
#2561=CARTESIAN_POINT('Origin',(-7.88568206589323E-17,34.5634703707409,
0.));
#2562=CARTESIAN_POINT('',(18.034,36.5954703707409,-2.20852803758234E-15));
#2563=CARTESIAN_POINT('Origin',(-7.88568206589323E-17,36.5954703707409,
0.));
#2564=CARTESIAN_POINT('',(18.034,34.5634703707409,-2.20852803758234E-15));
#2565=CARTESIAN_POINT('Origin',(-20.447,36.5954703707409,0.));
#2566=CARTESIAN_POINT('',(20.447,36.5954703707409,-2.50403531021659E-15));
#2567=CARTESIAN_POINT('Origin',(-7.88568206589323E-17,36.5954703707409,
0.));
#2568=CARTESIAN_POINT('Origin',(-7.88568206589323E-17,40.5549385168434,
0.));
#2569=CARTESIAN_POINT('',(18.161,40.5549385168434,-2.22408105193151E-15));
#2570=CARTESIAN_POINT('',(0.,0.,0.));
#2571=CARTESIAN_POINT('Origin',(-7.14880261977814E-15,-6.24346915322807E-14,
-31.75));
#2572=CARTESIAN_POINT('',(-2.00000000000001,18.5,-31.75));
#2573=CARTESIAN_POINT('Origin',(-7.14880261977814E-15,18.5,-31.75));
#2574=CARTESIAN_POINT('',(-2.00000000000001,26.,-31.75));
#2575=CARTESIAN_POINT('',(-2.00000000000001,-6.24346915322807E-14,-31.75));
#2576=CARTESIAN_POINT('Origin',(-7.14880261977814E-15,26.,-31.75));
#2577=CARTESIAN_POINT('Origin',(22.4506403026729,-5.55517826987848E-14,
-22.4506403026729));
#2578=CARTESIAN_POINT('',(20.4506403026729,18.5,-22.4506403026729));
#2579=CARTESIAN_POINT('Origin',(22.4506403026729,18.5,-22.4506403026729));
#2580=CARTESIAN_POINT('',(20.4506403026729,26.,-22.4506403026729));
#2581=CARTESIAN_POINT('',(20.4506403026729,-5.55517826987848E-14,-22.4506403026729));
#2582=CARTESIAN_POINT('Origin',(22.4506403026729,26.,-22.4506403026729));
#2583=CARTESIAN_POINT('Origin',(0.,18.5,-8.88178419700125E-15));
#2584=CARTESIAN_POINT('Origin',(31.75,-2.78562403188179E-14,-1.31642223883885E-15));
#2585=CARTESIAN_POINT('',(29.75,18.5,-1.2561912994011E-14));
#2586=CARTESIAN_POINT('Origin',(31.75,18.5,-1.28068423538405E-14));
#2587=CARTESIAN_POINT('',(29.75,26.,-1.72201914190116E-14));
#2588=CARTESIAN_POINT('',(29.75,-2.78562403188179E-14,-1.07149287900938E-15));
#2589=CARTESIAN_POINT('Origin',(31.75,26.,-1.74651207788411E-14));
#2590=CARTESIAN_POINT('Origin',(22.4506403026729,-2.23181589899782E-14,
22.4506403026729));
#2591=CARTESIAN_POINT('',(20.4506403026729,18.5,22.4506403026729));
#2592=CARTESIAN_POINT('Origin',(22.4506403026729,18.5,22.4506403026729));
#2593=CARTESIAN_POINT('',(20.4506403026729,26.,22.4506403026729));
#2594=CARTESIAN_POINT('',(20.4506403026729,-2.23181589899782E-14,22.4506403026729));
#2595=CARTESIAN_POINT('Origin',(22.4506403026729,26.,22.4506403026729));
#2596=CARTESIAN_POINT('Origin',(6.21724893790088E-14,-1.99999999999975,
44.96825));
#2597=CARTESIAN_POINT('',(-5.5070223425758E-15,-1.99999999999979,-44.96825));
#2598=CARTESIAN_POINT('Origin',(6.21724893790088E-14,-1.99999999999977,
8.92376073407774E-15));
#2599=CARTESIAN_POINT('',(26.5000000000001,-1.99999999999977,5.63647017926078E-15));
#2600=CARTESIAN_POINT('Origin',(6.21724893790088E-14,-1.99999999999977,
8.88178419700126E-15));
#2601=CARTESIAN_POINT('',(-2.,-1.99999999999976,31.75));
#2602=CARTESIAN_POINT('Origin',(3.26054903248529E-15,-1.99999999999976,
31.75));
#2603=CARTESIAN_POINT('Origin',(3.26054903248529E-15,-1.54352501564824E-14,
31.75));
#2604=CARTESIAN_POINT('',(-2.,26.,31.75));
#2605=CARTESIAN_POINT('',(-2.,-1.54352501564824E-14,31.75));
#2606=CARTESIAN_POINT('Origin',(3.26054903248529E-15,26.,31.75));
#2607=CARTESIAN_POINT('Origin',(-22.4506403026729,-2.23181589899782E-14,
22.4506403026729));
#2608=CARTESIAN_POINT('',(-24.4506403026729,18.5,22.4506403026729));
#2609=CARTESIAN_POINT('Origin',(-22.4506403026729,18.5,22.4506403026729));
#2610=CARTESIAN_POINT('',(-24.4506403026729,26.,22.4506403026729));
#2611=CARTESIAN_POINT('',(-24.4506403026729,-2.23181589899782E-14,22.4506403026729));
#2612=CARTESIAN_POINT('Origin',(-22.4506403026729,26.,22.4506403026729));
#2613=CARTESIAN_POINT('Origin',(-31.75,-2.78562403188179E-14,5.20467582613173E-15));
#2614=CARTESIAN_POINT('',(-33.75,18.5,-6.04081492904041E-15));
#2615=CARTESIAN_POINT('Origin',(-31.75,18.5,-6.28574428886989E-15));
#2616=CARTESIAN_POINT('',(-33.75,26.,-1.06990933540411E-14));
#2617=CARTESIAN_POINT('',(-33.75,-2.78562403188179E-14,5.4496051859612E-15));
#2618=CARTESIAN_POINT('Origin',(-31.75,26.,-1.09440227138705E-14));
#2619=CARTESIAN_POINT('Origin',(0.,18.5,-8.88178419700125E-15));
#2620=CARTESIAN_POINT('Origin',(-22.4506403026729,-5.55517826987848E-14,
-22.4506403026729));
#2621=CARTESIAN_POINT('',(-24.4506403026729,18.5,-22.4506403026729));
#2622=CARTESIAN_POINT('Origin',(-22.4506403026729,18.5,-22.4506403026729));
#2623=CARTESIAN_POINT('',(-24.4506403026729,26.,-22.4506403026729));
#2624=CARTESIAN_POINT('',(-24.4506403026729,-5.55517826987848E-14,-22.4506403026729));
#2625=CARTESIAN_POINT('Origin',(-22.4506403026729,26.,-22.4506403026729));
#2626=CARTESIAN_POINT('Origin',(0.,18.5,-8.88178419700125E-15));
#2627=CARTESIAN_POINT('Origin',(0.,18.5,-8.88178419700125E-15));
#2628=CARTESIAN_POINT('',(-1.5875,18.5,-40.));
#2629=CARTESIAN_POINT('Origin',(0.,18.5,-40.));
#2630=CARTESIAN_POINT('Origin',(0.,18.5,-8.88178419700125E-15));
#2631=CARTESIAN_POINT('',(10.5626989775916,18.5,-29.3331751572334));
#2632=CARTESIAN_POINT('Origin',(12.1501989775916,18.5,-29.3331751572334));
#2633=CARTESIAN_POINT('Origin',(0.,18.5,-8.88178419700125E-15));
#2634=CARTESIAN_POINT('Origin',(0.,18.5,-8.88178419700125E-15));
#2635=CARTESIAN_POINT('Origin',(0.,18.5,-8.88178419700125E-15));
#2636=CARTESIAN_POINT('',(10.5626989775916,18.5,29.3331751572333));
#2637=CARTESIAN_POINT('Origin',(12.1501989775916,18.5,29.3331751572333));
#2638=CARTESIAN_POINT('Origin',(0.,18.5,-8.88178419700125E-15));
#2639=CARTESIAN_POINT('',(-30.9206751572334,18.5,12.1501989775916));
#2640=CARTESIAN_POINT('Origin',(-29.3331751572334,18.5,12.1501989775916));
#2641=CARTESIAN_POINT('Origin',(0.,18.5,-8.88178419700125E-15));
#2642=CARTESIAN_POINT('',(-1.5875,18.5,40.));
#2643=CARTESIAN_POINT('Origin',(3.26054903248529E-15,18.5,40.));
#2644=CARTESIAN_POINT('Origin',(0.,18.5,-8.88178419700125E-15));
#2645=CARTESIAN_POINT('Origin',(0.,18.5,-8.88178419700125E-15));
#2646=CARTESIAN_POINT('',(-30.9206751572334,18.5,-12.1501989775916));
#2647=CARTESIAN_POINT('Origin',(-29.3331751572334,18.5,-12.1501989775916));
#2648=CARTESIAN_POINT('Origin',(0.,18.5,-8.88178419700125E-15));
#2649=CARTESIAN_POINT('',(-13.7376989775916,18.5,29.3331751572333));
#2650=CARTESIAN_POINT('Origin',(-12.1501989775916,18.5,29.3331751572333));
#2651=CARTESIAN_POINT('Origin',(0.,18.5,-8.88178419700125E-15));
#2652=CARTESIAN_POINT('Origin',(0.,18.5,-8.88178419700125E-15));
#2653=CARTESIAN_POINT('',(27.7456751572334,18.5,12.1501989775916));
#2654=CARTESIAN_POINT('Origin',(29.3331751572334,18.5,12.1501989775916));
#2655=CARTESIAN_POINT('Origin',(0.,18.5,-8.88178419700125E-15));
#2656=CARTESIAN_POINT('',(-13.7376989775916,18.5,-29.3331751572334));
#2657=CARTESIAN_POINT('Origin',(-12.1501989775916,18.5,-29.3331751572334));
#2658=CARTESIAN_POINT('Origin',(0.,18.5,-8.88178419700125E-15));
#2659=CARTESIAN_POINT('',(27.7456751572334,18.5,-12.1501989775916));
#2660=CARTESIAN_POINT('Origin',(29.3331751572334,18.5,-12.1501989775916));
#2661=CARTESIAN_POINT('Origin',(0.,-5.65177982631473E-15,-40.));
#2662=CARTESIAN_POINT('',(-1.5875,26.,-40.));
#2663=CARTESIAN_POINT('',(-1.5875,-5.65177982631473E-15,-40.));
#2664=CARTESIAN_POINT('Origin',(0.,26.,-40.));
#2665=CARTESIAN_POINT('Origin',(12.1501989775916,-6.06458818076636E-14,
-29.3331751572334));
#2666=CARTESIAN_POINT('',(10.5626989775916,26.,-29.3331751572334));
#2667=CARTESIAN_POINT('',(10.5626989775916,-6.06458818076636E-14,-29.3331751572334));
#2668=CARTESIAN_POINT('Origin',(12.1501989775916,26.,-29.3331751572334));
#2669=CARTESIAN_POINT('Origin',(12.1501989775916,-1.72240598810994E-14,
29.3331751572334));
#2670=CARTESIAN_POINT('',(10.5626989775916,26.,29.3331751572333));
#2671=CARTESIAN_POINT('',(10.5626989775916,-1.72240598810994E-14,29.3331751572334));
#2672=CARTESIAN_POINT('Origin',(12.1501989775916,26.,29.3331751572333));
#2673=CARTESIAN_POINT('Origin',(-29.3331751572334,-1.7796898449115E-14,
12.1501989775916));
#2674=CARTESIAN_POINT('',(-30.9206751572334,26.,12.1501989775916));
#2675=CARTESIAN_POINT('',(-30.9206751572334,-1.7796898449115E-14,12.1501989775916));
#2676=CARTESIAN_POINT('Origin',(-29.3331751572334,26.,12.1501989775916));
#2677=CARTESIAN_POINT('Origin',(3.26054903248529E-15,-9.32902352104401E-15,
40.));
#2678=CARTESIAN_POINT('',(-1.5875,26.,40.));
#2679=CARTESIAN_POINT('',(-1.5875,-9.32902352104401E-15,40.));
#2680=CARTESIAN_POINT('Origin',(3.26054903248529E-15,26.,40.));
#2681=CARTESIAN_POINT('Origin',(-29.3331751572334,-2.67898522215812E-14,
-12.1501989775916));
#2682=CARTESIAN_POINT('',(-30.9206751572334,26.,-12.1501989775916));
#2683=CARTESIAN_POINT('',(-30.9206751572334,-2.67898522215812E-14,-12.1501989775916));
#2684=CARTESIAN_POINT('Origin',(-29.3331751572334,26.,-12.1501989775916));
#2685=CARTESIAN_POINT('Origin',(-12.1501989775916,-1.72240598810994E-14,
29.3331751572334));
#2686=CARTESIAN_POINT('',(-13.7376989775916,26.,29.3331751572333));
#2687=CARTESIAN_POINT('',(-13.7376989775916,-1.72240598810994E-14,29.3331751572334));
#2688=CARTESIAN_POINT('Origin',(-12.1501989775916,26.,29.3331751572333));
#2689=CARTESIAN_POINT('Origin',(29.3331751572334,-1.7796898449115E-14,12.1501989775916));
#2690=CARTESIAN_POINT('',(27.7456751572334,26.,12.1501989775916));
#2691=CARTESIAN_POINT('',(27.7456751572334,-1.7796898449115E-14,12.1501989775916));
#2692=CARTESIAN_POINT('Origin',(29.3331751572334,26.,12.1501989775916));
#2693=CARTESIAN_POINT('Origin',(-12.1501989775916,-6.06458818076636E-14,
-29.3331751572334));
#2694=CARTESIAN_POINT('',(-13.7376989775916,26.,-29.3331751572334));
#2695=CARTESIAN_POINT('',(-13.7376989775916,-6.06458818076636E-14,-29.3331751572334));
#2696=CARTESIAN_POINT('Origin',(-12.1501989775916,26.,-29.3331751572334));
#2697=CARTESIAN_POINT('Origin',(29.3331751572334,-2.67898522215812E-14,
-12.1501989775916));
#2698=CARTESIAN_POINT('',(27.7456751572334,26.,-12.1501989775916));
#2699=CARTESIAN_POINT('',(27.7456751572334,-2.67898522215812E-14,-12.1501989775916));
#2700=CARTESIAN_POINT('Origin',(29.3331751572334,26.,-12.1501989775916));
#2701=CARTESIAN_POINT('Origin',(0.,26.,-1.15942587933993E-14));
#2702=CARTESIAN_POINT('',(-5.5070223425758E-15,26.,-44.96825));
#2703=CARTESIAN_POINT('Origin',(0.,26.,-1.61067220029258E-14));
#2704=CARTESIAN_POINT('',(26.5,26.,-1.48399444339095E-14));
#2705=CARTESIAN_POINT('Origin',(0.,26.,-1.1594630416169E-14));
#2706=CARTESIAN_POINT('Origin',(0.,15.7973730132407,-7.75846366146001E-15));
#2707=CARTESIAN_POINT('',(-5.5070223425758E-15,15.7973730132407,-44.96825));
#2708=CARTESIAN_POINT('Origin',(0.,26.,-1.1594630416169E-14));
#2709=CARTESIAN_POINT('',(26.5,26.,-8.34931639842851E-15));
#2710=CARTESIAN_POINT('',(0.,0.,0.));
#2711=CARTESIAN_POINT('Origin',(-2.1650635094611,-10.75,-2.25));
#2712=CARTESIAN_POINT('',(4.33012701892219,-10.5,-2.5));
#2713=CARTESIAN_POINT('',(4.58257569495584,-11.,-2.));
#2714=CARTESIAN_POINT('Origin',(0.,-13.,0.));
#2715=CARTESIAN_POINT('',(-4.58257569495584,-11.,-2.));
#2716=CARTESIAN_POINT('',(-2.1650635094611,-11.,-2.));
#2717=CARTESIAN_POINT('',(-4.33012701892219,-10.5,-2.5));
#2718=CARTESIAN_POINT('Origin',(0.,-13.,0.));
#2719=CARTESIAN_POINT('',(-2.1650635094611,-10.5,-2.5));
#2720=CARTESIAN_POINT('Origin',(0.,-11.,0.));
#2721=CARTESIAN_POINT('',(4.58257569495584,-11.,2.));
#2722=CARTESIAN_POINT('Origin',(0.,-11.,0.));
#2723=CARTESIAN_POINT('',(-4.58257569495584,-11.,2.));
#2724=CARTESIAN_POINT('',(2.1650635094611,-11.,2.));
#2725=CARTESIAN_POINT('Origin',(0.,-11.,0.));
#2726=CARTESIAN_POINT('',(3.,-11.,-1.5));
#2727=CARTESIAN_POINT('Origin',(3.,-11.,0.));
#2728=CARTESIAN_POINT('',(-3.,-11.,-1.5));
#2729=CARTESIAN_POINT('Origin',(-3.,-11.,0.));
#2730=CARTESIAN_POINT('',(1.14835130356047E-16,-11.,-0.9377));
#2731=CARTESIAN_POINT('Origin',(0.,-11.,0.));
#2732=CARTESIAN_POINT('Origin',(0.,0.,0.));
#2733=CARTESIAN_POINT('',(4.33012701892219,0.,-2.5));
#2734=CARTESIAN_POINT('',(4.33012701892219,0.,-2.5));
#2735=CARTESIAN_POINT('',(4.33012701892219,0.,2.5));
#2736=CARTESIAN_POINT('Origin',(0.,0.,0.));
#2737=CARTESIAN_POINT('',(4.33012701892219,-10.5,2.5));
#2738=CARTESIAN_POINT('',(4.33012701892219,0.,2.5));
#2739=CARTESIAN_POINT('Origin',(0.,-13.,0.));
#2740=CARTESIAN_POINT('Origin',(2.1650635094611,-10.75,2.25));
#2741=CARTESIAN_POINT('',(-4.33012701892219,-10.5,2.5));
#2742=CARTESIAN_POINT('Origin',(0.,-13.,0.));
#2743=CARTESIAN_POINT('',(2.1650635094611,-10.5,2.5));
#2744=CARTESIAN_POINT('Origin',(0.,0.,0.));
#2745=CARTESIAN_POINT('',(-4.33012701892219,0.,2.5));
#2746=CARTESIAN_POINT('',(-4.33012701892219,0.,2.5));
#2747=CARTESIAN_POINT('',(-4.33012701892219,0.,-2.5));
#2748=CARTESIAN_POINT('Origin',(0.,0.,0.));
#2749=CARTESIAN_POINT('',(-4.33012701892219,0.,-2.5));
#2750=CARTESIAN_POINT('Origin',(4.33012701892219,0.,2.5));
#2751=CARTESIAN_POINT('',(4.33012701892219,0.,2.5));
#2752=CARTESIAN_POINT('Origin',(0.,-6.05,0.));
#2753=CARTESIAN_POINT('',(1.14835130356047E-16,0.,-0.9377));
#2754=CARTESIAN_POINT('Origin',(0.,0.,0.));
#2755=CARTESIAN_POINT('',(1.14835130356047E-16,-6.05,-0.9377));
#2756=CARTESIAN_POINT('Origin',(-3.,-6.05,0.));
#2757=CARTESIAN_POINT('',(-3.,0.,-1.5));
#2758=CARTESIAN_POINT('Origin',(-3.,0.,0.));
#2759=CARTESIAN_POINT('',(-3.,-6.05,-1.5));
#2760=CARTESIAN_POINT('Origin',(3.,-6.05,0.));
#2761=CARTESIAN_POINT('',(3.,0.,-1.5));
#2762=CARTESIAN_POINT('Origin',(3.,0.,0.));
#2763=CARTESIAN_POINT('',(3.,-6.05,-1.5));
#2764=CARTESIAN_POINT('Origin',(-4.33012701892219,0.,-2.5));
#2765=CARTESIAN_POINT('',(-4.33012701892219,0.,-2.5));
#2766=CARTESIAN_POINT('Origin',(0.,0.,0.));
#2767=CARTESIAN_POINT('',(0.,0.,0.));
#2768=CARTESIAN_POINT('Origin',(2.04814756440626E-16,9.5,0.));
#2769=CARTESIAN_POINT('',(-2.00291666666667,10.,-0.910123522599481));
#2770=CARTESIAN_POINT('',(-2.00291666666667,10.,0.910123522599481));
#2771=CARTESIAN_POINT('Ctrl Pts',(-2.00291666666667,10.,-0.910123522599482));
#2772=CARTESIAN_POINT('Ctrl Pts',(-1.92512181854958,9.89391611620397,-0.824895589741315));
#2773=CARTESIAN_POINT('Ctrl Pts',(-1.85720180194835,9.79323850318163,-0.728221748723833));
#2774=CARTESIAN_POINT('Ctrl Pts',(-1.7603788961218,9.64099032495256,-0.542497002796817));
#2775=CARTESIAN_POINT('Ctrl Pts',(-1.72057294312561,9.57433009428289,-0.444733439317397));
#2776=CARTESIAN_POINT('Ctrl Pts',(-1.66526506826625,9.4782133358135,-0.230660591835789));
#2777=CARTESIAN_POINT('Ctrl Pts',(-1.65,9.45,-0.113734247532939));
#2778=CARTESIAN_POINT('Ctrl Pts',(-1.65,9.45,0.113734247532939));
#2779=CARTESIAN_POINT('Ctrl Pts',(-1.66526506826625,9.4782133358135,0.230660591835789));
#2780=CARTESIAN_POINT('Ctrl Pts',(-1.72057294312561,9.57433009428289,0.444733439317397));
#2781=CARTESIAN_POINT('Ctrl Pts',(-1.7603788961218,9.64099032495256,0.542497002796817));
#2782=CARTESIAN_POINT('Ctrl Pts',(-1.85720180194835,9.79323850318163,0.728221748723833));
#2783=CARTESIAN_POINT('Ctrl Pts',(-1.92512181854958,9.89391611620397,0.824895589741314));
#2784=CARTESIAN_POINT('Ctrl Pts',(-2.00291666666667,10.,0.910123522599481));
#2785=CARTESIAN_POINT('',(2.00291666666667,10.,0.910123522599481));
#2786=CARTESIAN_POINT('Origin',(2.04814756440626E-16,10.,0.));
#2787=CARTESIAN_POINT('',(2.00291666666667,10.,-0.910123522599481));
#2788=CARTESIAN_POINT('Ctrl Pts',(2.00291666666667,10.,0.910123522599482));
#2789=CARTESIAN_POINT('Ctrl Pts',(1.92512181854958,9.89391611620397,0.824895589741315));
#2790=CARTESIAN_POINT('Ctrl Pts',(1.85720180194835,9.79323850318163,0.728221748723833));
#2791=CARTESIAN_POINT('Ctrl Pts',(1.7603788961218,9.64099032495256,0.542497002796818));
#2792=CARTESIAN_POINT('Ctrl Pts',(1.72057294312561,9.57433009428289,0.444733439317397));
#2793=CARTESIAN_POINT('Ctrl Pts',(1.66526506826625,9.4782133358135,0.230660591835789));
#2794=CARTESIAN_POINT('Ctrl Pts',(1.65,9.45,0.113734247532939));
#2795=CARTESIAN_POINT('Ctrl Pts',(1.65,9.45,-0.113734247532939));
#2796=CARTESIAN_POINT('Ctrl Pts',(1.66526506826625,9.4782133358135,-0.230660591835789));
#2797=CARTESIAN_POINT('Ctrl Pts',(1.72057294312561,9.57433009428289,-0.444733439317396));
#2798=CARTESIAN_POINT('Ctrl Pts',(1.7603788961218,9.64099032495256,-0.542497002796818));
#2799=CARTESIAN_POINT('Ctrl Pts',(1.85720180194835,9.79323850318163,-0.728221748723833));
#2800=CARTESIAN_POINT('Ctrl Pts',(1.92512181854958,9.89391611620397,-0.824895589741314));
#2801=CARTESIAN_POINT('Ctrl Pts',(2.00291666666667,10.,-0.910123522599481));
#2802=CARTESIAN_POINT('',(4.74237052253044E-16,10.,-2.2));
#2803=CARTESIAN_POINT('Origin',(2.04814756440626E-16,10.,0.));
#2804=CARTESIAN_POINT('',(3.51772372338309E-16,9.,-1.2));
#2805=CARTESIAN_POINT('',(4.13004712295676E-16,9.5,-1.7));
#2806=CARTESIAN_POINT('Origin',(2.04814756440626E-16,9.,0.));
#2807=CARTESIAN_POINT('Origin',(2.04814756440626E-16,10.,0.));
#2808=CARTESIAN_POINT('Origin',(2.04814756440626E-16,1.75,0.));
#2809=CARTESIAN_POINT('',(5.78571405429439E-17,0.,-1.2));
#2810=CARTESIAN_POINT('',(3.51772372338309E-16,1.75,-1.2));
#2811=CARTESIAN_POINT('Origin',(2.04814756440626E-16,0.,0.));
#2812=CARTESIAN_POINT('Origin',(-3.,5.5,0.));
#2813=CARTESIAN_POINT('',(-3.,0.,1.35));
#2814=CARTESIAN_POINT('Origin',(-3.,0.,0.));
#2815=CARTESIAN_POINT('',(-3.,10.,1.35));
#2816=CARTESIAN_POINT('',(-3.,5.5,1.35));
#2817=CARTESIAN_POINT('Origin',(-3.,10.,0.));
#2818=CARTESIAN_POINT('',(-4.20666666666667,10.,-0.605355726458053));
#2819=CARTESIAN_POINT('Origin',(-3.,10.,0.));
#2820=CARTESIAN_POINT('',(-4.35,9.9,2.31666209295013E-16));
#2821=CARTESIAN_POINT('Ctrl Pts',(-4.20666666666667,10.,-0.605355726458053));
#2822=CARTESIAN_POINT('Ctrl Pts',(-4.24787212614592,9.97091379330876,-0.523220128717494));
#2823=CARTESIAN_POINT('Ctrl Pts',(-4.28376306398068,9.9458887024622,-0.429644250862268));
#2824=CARTESIAN_POINT('Ctrl Pts',(-4.33645034791196,9.90931137361499,-0.222004202209474));
#2825=CARTESIAN_POINT('Ctrl Pts',(-4.35,9.9,-0.106714321676599));
#2826=CARTESIAN_POINT('Ctrl Pts',(-4.35,9.9,0.));
#2827=CARTESIAN_POINT('',(-4.20666666666667,10.,0.605355726458053));
#2828=CARTESIAN_POINT('Ctrl Pts',(-4.35,9.9,-3.46944695195361E-17));
#2829=CARTESIAN_POINT('Ctrl Pts',(-4.35,9.9,0.106714321676599));
#2830=CARTESIAN_POINT('Ctrl Pts',(-4.33645034791196,9.90931137361499,0.222004202209474));
#2831=CARTESIAN_POINT('Ctrl Pts',(-4.28376306398068,9.9458887024622,0.429644250862267));
#2832=CARTESIAN_POINT('Ctrl Pts',(-4.24787212614592,9.97091379330876,0.523220128717494));
#2833=CARTESIAN_POINT('Ctrl Pts',(-4.20666666666667,10.,0.605355726458053));
#2834=CARTESIAN_POINT('Origin',(-3.,10.,0.));
#2835=CARTESIAN_POINT('Origin',(0.,10.,0.));
#2836=CARTESIAN_POINT('',(4.20666666666667,10.,-0.605355726458053));
#2837=CARTESIAN_POINT('Origin',(3.,10.,0.));
#2838=CARTESIAN_POINT('Origin',(0.,10.,0.));
#2839=CARTESIAN_POINT('Origin',(3.,5.5,0.));
#2840=CARTESIAN_POINT('',(3.,0.,1.35));
#2841=CARTESIAN_POINT('Origin',(3.,0.,0.));
#2842=CARTESIAN_POINT('',(3.,10.,1.35));
#2843=CARTESIAN_POINT('',(3.,5.5,1.35));
#2844=CARTESIAN_POINT('',(4.20666666666667,10.,0.605355726458053));
#2845=CARTESIAN_POINT('Origin',(3.,10.,0.));
#2846=CARTESIAN_POINT('Ctrl Pts',(4.20666666666667,10.,0.605355726458053));
#2847=CARTESIAN_POINT('Ctrl Pts',(4.24787212614592,9.97091379330876,0.523220128717494));
#2848=CARTESIAN_POINT('Ctrl Pts',(4.28376306398068,9.9458887024622,0.429644250862267));
#2849=CARTESIAN_POINT('Ctrl Pts',(4.33645034791196,9.909311373615,0.222004202209474));
#2850=CARTESIAN_POINT('Ctrl Pts',(4.35,9.9,0.106714321676599));
#2851=CARTESIAN_POINT('Ctrl Pts',(4.35,9.9,-0.106714321676599));
#2852=CARTESIAN_POINT('Ctrl Pts',(4.33645034791196,9.90931137361499,-0.222004202209474));
#2853=CARTESIAN_POINT('Ctrl Pts',(4.28376306398068,9.9458887024622,-0.429644250862267));
#2854=CARTESIAN_POINT('Ctrl Pts',(4.24787212614592,9.97091379330876,-0.523220128717495));
#2855=CARTESIAN_POINT('Ctrl Pts',(4.20666666666667,10.,-0.605355726458053));
#2856=CARTESIAN_POINT('Origin',(3.,10.,0.));
#2857=CARTESIAN_POINT('Origin',(0.,9.625,0.));
#2858=CARTESIAN_POINT('Origin',(0.,10.,0.));
#2859=CARTESIAN_POINT('',(-5.,9.25,6.12323399573677E-16));
#2860=CARTESIAN_POINT('',(-4.625,9.625,5.66399144605651E-16));
#2861=CARTESIAN_POINT('Origin',(0.,9.25,0.));
#2862=CARTESIAN_POINT('Origin',(0.,0.,0.));
#2863=CARTESIAN_POINT('',(-5.,0.,6.12323399573677E-16));
#2864=CARTESIAN_POINT('',(-5.,0.,6.12323399573677E-16));
#2865=CARTESIAN_POINT('',(-4.33012701892219,0.,2.5));
#2866=CARTESIAN_POINT('Origin',(0.,0.,0.));
#2867=CARTESIAN_POINT('',(-4.33012701892219,-5.,2.5));
#2868=CARTESIAN_POINT('',(-4.33012701892219,0.,2.5));
#2869=CARTESIAN_POINT('',(4.33012701892219,-5.,2.5));
#2870=CARTESIAN_POINT('Origin',(0.,-5.,0.));
#2871=CARTESIAN_POINT('',(4.33012701892219,0.,2.5));
#2872=CARTESIAN_POINT('',(4.33012701892219,0.,2.5));
#2873=CARTESIAN_POINT('',(4.33012701892219,0.,-2.5));
#2874=CARTESIAN_POINT('Origin',(0.,0.,0.));
#2875=CARTESIAN_POINT('',(4.33012701892219,-5.,-2.5));
#2876=CARTESIAN_POINT('',(4.33012701892219,0.,-2.5));
#2877=CARTESIAN_POINT('',(-4.33012701892219,-5.,-2.5));
#2878=CARTESIAN_POINT('Origin',(0.,-5.,0.));
#2879=CARTESIAN_POINT('',(-4.33012701892219,0.,-2.5));
#2880=CARTESIAN_POINT('',(-4.33012701892219,0.,-2.5));
#2881=CARTESIAN_POINT('Origin',(0.,0.,0.));
#2882=CARTESIAN_POINT('Origin',(-4.33012701892219,0.,2.5));
#2883=CARTESIAN_POINT('',(-2.1650635094611,0.,2.5));
#2884=CARTESIAN_POINT('',(4.33012701892219,-5.,2.5));
#2885=CARTESIAN_POINT('Origin',(-5.55111512312578E-16,-5.,3.75));
#2886=CARTESIAN_POINT('Origin',(0.,0.,0.));
#2887=CARTESIAN_POINT('',(2.1650635094611,0.,-2.5));
#2888=CARTESIAN_POINT('Origin',(4.33012701892219,0.,-2.5));
#2889=CARTESIAN_POINT('',(-4.33012701892219,-5.,-2.5));
#2890=CARTESIAN_POINT('Origin',(0.,-5.,-3.75));
#2891=CARTESIAN_POINT('Origin',(0.,10.,0.));
#2892=CARTESIAN_POINT('',(0.,0.,0.));
#2893=CARTESIAN_POINT('Origin',(0.,3.5,0.));
#2894=CARTESIAN_POINT('',(1.46957615897682E-16,0.,1.2));
#2895=CARTESIAN_POINT('Origin',(0.,0.,0.));
#2896=CARTESIAN_POINT('',(-1.46957615897682E-16,6.,1.2));
#2897=CARTESIAN_POINT('',(1.46957615897682E-16,3.5,1.2));
#2898=CARTESIAN_POINT('Origin',(0.,6.,0.));
#2899=CARTESIAN_POINT('Origin',(2.1650635094611,12.75,2.75));
#2900=CARTESIAN_POINT('',(-4.33012701892219,12.5,2.5));
#2901=CARTESIAN_POINT('',(-4.,13.,3.));
#2902=CARTESIAN_POINT('Origin',(0.,10.,0.));
#2903=CARTESIAN_POINT('',(4.,13.,3.));
#2904=CARTESIAN_POINT('',(2.1650635094611,13.,3.));
#2905=CARTESIAN_POINT('',(4.33012701892219,12.5,2.5));
#2906=CARTESIAN_POINT('Origin',(0.,10.,0.));
#2907=CARTESIAN_POINT('',(2.1650635094611,12.5,2.5));
#2908=CARTESIAN_POINT('Origin',(-5.55111512312578E-16,13.,3.75));
#2909=CARTESIAN_POINT('Origin',(0.,13.,0.));
#2910=CARTESIAN_POINT('Origin',(-2.1650635094611,12.75,-2.75));
#2911=CARTESIAN_POINT('',(4.33012701892219,12.5,-2.5));
#2912=CARTESIAN_POINT('',(4.,13.,-3.));
#2913=CARTESIAN_POINT('Origin',(0.,10.,0.));
#2914=CARTESIAN_POINT('',(-4.,13.,-3.));
#2915=CARTESIAN_POINT('',(-2.1650635094611,13.,-3.));
#2916=CARTESIAN_POINT('',(-4.33012701892219,12.5,-2.5));
#2917=CARTESIAN_POINT('Origin',(0.,10.,0.));
#2918=CARTESIAN_POINT('',(-2.1650635094611,12.5,-2.5));
#2919=CARTESIAN_POINT('Origin',(0.,13.,-3.75));
#2920=CARTESIAN_POINT('Origin',(0.,13.,0.));
#2921=CARTESIAN_POINT('Origin',(0.,0.5,0.));
#2922=CARTESIAN_POINT('',(5.,1.,6.12323399573677E-16));
#2923=CARTESIAN_POINT('',(-5.,1.,6.12323399573677E-16));
#2924=CARTESIAN_POINT('Origin',(0.,1.,0.));
#2925=CARTESIAN_POINT('Origin',(0.,1.,0.));
#2926=CARTESIAN_POINT('',(4.,0.,-4.89858719658941E-16));
#2927=CARTESIAN_POINT('',(4.5,0.5,-5.51091059616309E-16));
#2928=CARTESIAN_POINT('Origin',(0.,0.,0.));
#2929=CARTESIAN_POINT('Origin',(0.,0.,0.));
#2930=CARTESIAN_POINT('',(-4.33012701892219,6.,2.5));
#2931=CARTESIAN_POINT('',(-4.33012701892219,0.,2.5));
#2932=CARTESIAN_POINT('',(-5.,6.,6.12323399573677E-16));
#2933=CARTESIAN_POINT('Origin',(0.,6.,0.));
#2934=CARTESIAN_POINT('',(-5.,0.,6.12323399573677E-16));
#2935=CARTESIAN_POINT('',(-4.33012701892219,6.,-2.5));
#2936=CARTESIAN_POINT('Origin',(0.,6.,0.));
#2937=CARTESIAN_POINT('',(-4.33012701892219,0.,-2.5));
#2938=CARTESIAN_POINT('',(4.33012701892219,6.,-2.5));
#2939=CARTESIAN_POINT('',(4.33012701892219,0.,-2.5));
#2940=CARTESIAN_POINT('',(4.33012701892219,6.,2.5));
#2941=CARTESIAN_POINT('Origin',(0.,6.,0.));
#2942=CARTESIAN_POINT('',(4.33012701892219,0.,2.5));
#2943=CARTESIAN_POINT('Origin',(0.,0.,0.));
#2944=CARTESIAN_POINT('',(3.,0.,0.65));
#2945=CARTESIAN_POINT('Origin',(3.,0.,0.));
#2946=CARTESIAN_POINT('',(-3.,0.,0.65));
#2947=CARTESIAN_POINT('Origin',(-3.,0.,0.));
#2948=CARTESIAN_POINT('Origin',(-3.,7.15,0.));
#2949=CARTESIAN_POINT('',(-3.,6.,0.65));
#2950=CARTESIAN_POINT('',(-3.,7.15,0.65));
#2951=CARTESIAN_POINT('Origin',(-3.,6.,0.));
#2952=CARTESIAN_POINT('Origin',(3.,7.15,0.));
#2953=CARTESIAN_POINT('',(3.,6.,0.65));
#2954=CARTESIAN_POINT('',(3.,7.15,0.65));
#2955=CARTESIAN_POINT('Origin',(3.,6.,0.));
#2956=CARTESIAN_POINT('Origin',(-4.33012701892219,0.,-2.5));
#2957=CARTESIAN_POINT('',(-4.33012701892219,6.,-2.5));
#2958=CARTESIAN_POINT('Origin',(4.33012701892219,0.,2.5));
#2959=CARTESIAN_POINT('',(4.33012701892219,6.,2.5));
#2960=CARTESIAN_POINT('Origin',(0.,6.,0.));
#2961=CARTESIAN_POINT('',(0.,0.,0.));
#2962=CARTESIAN_POINT('',(0.,22.,0.));
#2963=CARTESIAN_POINT('',(0.,-15.,0.));
#2964=CARTESIAN_POINT('',(0.,0.,0.));
#2965=CARTESIAN_POINT('',(0.,52.5144066629459,5.10702591327572E-15));
#2966=CARTESIAN_POINT('',(0.,58.5144066629459,6.43929354282591E-15));
#2967=CARTESIAN_POINT('',(0.,50.5144066629459,4.66293670342566E-15));
#2968=UNCERTAINTY_MEASURE_WITH_UNIT(LENGTH_MEASURE(0.01),#2986,
'DISTANCE_ACCURACY_VALUE',
'Maximum model space distance between geometric entities at asserted c
onnectivities');
#2969=UNCERTAINTY_MEASURE_WITH_UNIT(LENGTH_MEASURE(0.01),#2986,
'DISTANCE_ACCURACY_VALUE',
'Maximum model space distance between geometric entities at asserted c
onnectivities');
#2970=UNCERTAINTY_MEASURE_WITH_UNIT(LENGTH_MEASURE(0.01),#2986,
'DISTANCE_ACCURACY_VALUE',
'Maximum model space distance between geometric entities at asserted c
onnectivities');
#2971=UNCERTAINTY_MEASURE_WITH_UNIT(LENGTH_MEASURE(0.01),#2986,
'DISTANCE_ACCURACY_VALUE',
'Maximum model space distance between geometric entities at asserted c
onnectivities');
#2972=UNCERTAINTY_MEASURE_WITH_UNIT(LENGTH_MEASURE(0.01),#2986,
'DISTANCE_ACCURACY_VALUE',
'Maximum model space distance between geometric entities at asserted c
onnectivities');
#2973=UNCERTAINTY_MEASURE_WITH_UNIT(LENGTH_MEASURE(0.01),#2986,
'DISTANCE_ACCURACY_VALUE',
'Maximum model space distance between geometric entities at asserted c
onnectivities');
#2974=UNCERTAINTY_MEASURE_WITH_UNIT(LENGTH_MEASURE(0.01),#2986,
'DISTANCE_ACCURACY_VALUE',
'Maximum model space distance between geometric entities at asserted c
onnectivities');
#2975=UNCERTAINTY_MEASURE_WITH_UNIT(LENGTH_MEASURE(0.01),#2986,
'DISTANCE_ACCURACY_VALUE',
'Maximum model space distance between geometric entities at asserted c
onnectivities');
#2976=UNCERTAINTY_MEASURE_WITH_UNIT(LENGTH_MEASURE(0.01),#2986,
'DISTANCE_ACCURACY_VALUE',
'Maximum model space distance between geometric entities at asserted c
onnectivities');
#2977=(
GEOMETRIC_REPRESENTATION_CONTEXT(3)
GLOBAL_UNCERTAINTY_ASSIGNED_CONTEXT((#2968))
GLOBAL_UNIT_ASSIGNED_CONTEXT((#2986,#2988,#2989))
REPRESENTATION_CONTEXT('','3D')
);
#2978=(
GEOMETRIC_REPRESENTATION_CONTEXT(3)
GLOBAL_UNCERTAINTY_ASSIGNED_CONTEXT((#2969))
GLOBAL_UNIT_ASSIGNED_CONTEXT((#2986,#2988,#2989))
REPRESENTATION_CONTEXT('','3D')
);
#2979=(
GEOMETRIC_REPRESENTATION_CONTEXT(3)
GLOBAL_UNCERTAINTY_ASSIGNED_CONTEXT((#2970))
GLOBAL_UNIT_ASSIGNED_CONTEXT((#2986,#2988,#2989))
REPRESENTATION_CONTEXT('','3D')
);
#2980=(
GEOMETRIC_REPRESENTATION_CONTEXT(3)
GLOBAL_UNCERTAINTY_ASSIGNED_CONTEXT((#2971))
GLOBAL_UNIT_ASSIGNED_CONTEXT((#2986,#2988,#2989))
REPRESENTATION_CONTEXT('','3D')
);
#2981=(
GEOMETRIC_REPRESENTATION_CONTEXT(3)
GLOBAL_UNCERTAINTY_ASSIGNED_CONTEXT((#2972))
GLOBAL_UNIT_ASSIGNED_CONTEXT((#2986,#2988,#2989))
REPRESENTATION_CONTEXT('','3D')
);
#2982=(
GEOMETRIC_REPRESENTATION_CONTEXT(3)
GLOBAL_UNCERTAINTY_ASSIGNED_CONTEXT((#2973))
GLOBAL_UNIT_ASSIGNED_CONTEXT((#2986,#2988,#2989))
REPRESENTATION_CONTEXT('','3D')
);
#2983=(
GEOMETRIC_REPRESENTATION_CONTEXT(3)
GLOBAL_UNCERTAINTY_ASSIGNED_CONTEXT((#2974))
GLOBAL_UNIT_ASSIGNED_CONTEXT((#2986,#2988,#2989))
REPRESENTATION_CONTEXT('','3D')
);
#2984=(
GEOMETRIC_REPRESENTATION_CONTEXT(3)
GLOBAL_UNCERTAINTY_ASSIGNED_CONTEXT((#2975))
GLOBAL_UNIT_ASSIGNED_CONTEXT((#2986,#2988,#2989))
REPRESENTATION_CONTEXT('','3D')
);
#2985=(
GEOMETRIC_REPRESENTATION_CONTEXT(3)
GLOBAL_UNCERTAINTY_ASSIGNED_CONTEXT((#2976))
GLOBAL_UNIT_ASSIGNED_CONTEXT((#2986,#2988,#2989))
REPRESENTATION_CONTEXT('','3D')
);
#2986=(
LENGTH_UNIT()
NAMED_UNIT(*)
SI_UNIT(.MILLI.,.METRE.)
);
#2987=(
LENGTH_UNIT()
NAMED_UNIT(*)
SI_UNIT($,.METRE.)
);
#2988=(
NAMED_UNIT(*)
PLANE_ANGLE_UNIT()
SI_UNIT($,.RADIAN.)
);
#2989=(
NAMED_UNIT(*)
SI_UNIT($,.STERADIAN.)
SOLID_ANGLE_UNIT()
);
#2990=SHAPE_DEFINITION_REPRESENTATION(#2998,#3013);
#2991=SHAPE_DEFINITION_REPRESENTATION(#2999,#3014);
#2992=SHAPE_DEFINITION_REPRESENTATION(#3000,#3015);
#2993=SHAPE_DEFINITION_REPRESENTATION(#3001,#3016);
#2994=SHAPE_DEFINITION_REPRESENTATION(#3002,#3017);
#2995=SHAPE_DEFINITION_REPRESENTATION(#3003,#3018);
#2996=SHAPE_DEFINITION_REPRESENTATION(#3004,#3019);
#2997=SHAPE_DEFINITION_REPRESENTATION(#3005,#3020);
#2998=PRODUCT_DEFINITION_SHAPE('',$,#3022);
#2999=PRODUCT_DEFINITION_SHAPE('',$,#3023);
#3000=PRODUCT_DEFINITION_SHAPE('',$,#3024);
#3001=PRODUCT_DEFINITION_SHAPE('',$,#3025);
#3002=PRODUCT_DEFINITION_SHAPE('',$,#3026);
#3003=PRODUCT_DEFINITION_SHAPE('',$,#3027);
#3004=PRODUCT_DEFINITION_SHAPE('',$,#3028);
#3005=PRODUCT_DEFINITION_SHAPE('',$,#3029);
#3006=PRODUCT_DEFINITION_SHAPE($,$,#32);
#3007=PRODUCT_DEFINITION_SHAPE($,$,#33);
#3008=PRODUCT_DEFINITION_SHAPE($,$,#34);
#3009=PRODUCT_DEFINITION_SHAPE($,$,#35);
#3010=PRODUCT_DEFINITION_SHAPE($,$,#36);
#3011=PRODUCT_DEFINITION_SHAPE($,$,#37);
#3012=PRODUCT_DEFINITION_SHAPE($,$,#38);
#3013=SHAPE_REPRESENTATION('',(#1683,#1912,#1913,#1914,#1915,#1916,#1917,
#1918),#2977);
#3014=SHAPE_REPRESENTATION('',(#1684),#2978);
#3015=SHAPE_REPRESENTATION('',(#1705),#2979);
#3016=SHAPE_REPRESENTATION('',(#1720),#2980);
#3017=SHAPE_REPRESENTATION('',(#1739),#2981);
#3018=SHAPE_REPRESENTATION('',(#1819),#2982);
#3019=SHAPE_REPRESENTATION('',(#1845),#2983);
#3020=SHAPE_REPRESENTATION('',(#1880),#2984);
#3021=PRODUCT_DEFINITION_CONTEXT('part definition',#3047,'design');
#3022=PRODUCT_DEFINITION('heater plug CAM','heater plug CAM v4',#3030,#3021);
#3023=PRODUCT_DEFINITION('Collet Bottom Taper','Collet Bottom Taper v1',
#3031,#3021);
#3024=PRODUCT_DEFINITION('Collet Top Taper','Collet Top Taper v1',#3032,
#3021);
#3025=PRODUCT_DEFINITION('ER-40 Collet Generic v1',
'ER-40 Collet Generic v1',#3033,#3021);
#3026=PRODUCT_DEFINITION('V2PocketNC kinematic Bdisc v4',
'V2PocketNC kinematic Bdisc v4 v1',#3034,#3021);
#3027=PRODUCT_DEFINITION('plug','plug',#3035,#3021);
#3028=PRODUCT_DEFINITION('plug housing','plug housing',#3036,#3021);
#3029=PRODUCT_DEFINITION('socket','socket',#3037,#3021);
#3030=PRODUCT_DEFINITION_FORMATION('',$,#3049);
#3031=PRODUCT_DEFINITION_FORMATION('',$,#3050);
#3032=PRODUCT_DEFINITION_FORMATION('',$,#3051);
#3033=PRODUCT_DEFINITION_FORMATION('',$,#3052);
#3034=PRODUCT_DEFINITION_FORMATION('',$,#3053);
#3035=PRODUCT_DEFINITION_FORMATION('',$,#3054);
#3036=PRODUCT_DEFINITION_FORMATION('',$,#3055);
#3037=PRODUCT_DEFINITION_FORMATION('',$,#3056);
#3038=PRODUCT_RELATED_PRODUCT_CATEGORY('heater plug CAM v4',
'heater plug CAM v4',(#3049));
#3039=PRODUCT_RELATED_PRODUCT_CATEGORY('Collet Bottom Taper v1',
'Collet Bottom Taper v1',(#3050));
#3040=PRODUCT_RELATED_PRODUCT_CATEGORY('Collet Top Taper v1',
'Collet Top Taper v1',(#3051));
#3041=PRODUCT_RELATED_PRODUCT_CATEGORY('ER-40 Collet Generic v1',
'ER-40 Collet Generic v1',(#3052));
#3042=PRODUCT_RELATED_PRODUCT_CATEGORY(
'V2PocketNC kinematic Bdisc v4 v1','V2PocketNC kinematic Bdisc v4 v1',(#3053));
#3043=PRODUCT_RELATED_PRODUCT_CATEGORY('plug','plug',(#3054));
#3044=PRODUCT_RELATED_PRODUCT_CATEGORY('plug housing','plug housing',(#3055));
#3045=PRODUCT_RELATED_PRODUCT_CATEGORY('socket','socket',(#3056));
#3046=APPLICATION_PROTOCOL_DEFINITION('international standard',
'automotive_design',2009,#3047);
#3047=APPLICATION_CONTEXT(
'Core Data for Automotive Mechanical Design Process');
#3048=PRODUCT_CONTEXT('part definition',#3047,'mechanical');
#3049=PRODUCT('heater plug CAM','heater plug CAM v4',$,(#3048));
#3050=PRODUCT('Collet Bottom Taper','Collet Bottom Taper v1',$,(#3048));
#3051=PRODUCT('Collet Top Taper','Collet Top Taper v1',$,(#3048));
#3052=PRODUCT('ER-40 Collet Generic v1','ER-40 Collet Generic v1',$,(#3048));
#3053=PRODUCT('V2PocketNC kinematic Bdisc v4',
'V2PocketNC kinematic Bdisc v4 v1',$,(#3048));
#3054=PRODUCT('plug','plug',$,(#3048));
#3055=PRODUCT('plug housing','plug housing',$,(#3048));
#3056=PRODUCT('socket','socket',$,(#3048));
#3057=PRESENTATION_STYLE_ASSIGNMENT((#3060));
#3058=PRESENTATION_STYLE_ASSIGNMENT((#3061));
#3059=PRESENTATION_STYLE_ASSIGNMENT((#3062));
#3060=SURFACE_STYLE_USAGE(.BOTH.,#3063);
#3061=SURFACE_STYLE_USAGE(.BOTH.,#3064);
#3062=SURFACE_STYLE_USAGE(.BOTH.,#3065);
#3063=SURFACE_SIDE_STYLE('',(#3066));
#3064=SURFACE_SIDE_STYLE('',(#3067));
#3065=SURFACE_SIDE_STYLE('',(#3068));
#3066=SURFACE_STYLE_FILL_AREA(#3069);
#3067=SURFACE_STYLE_FILL_AREA(#3070);
#3068=SURFACE_STYLE_FILL_AREA(#3071);
#3069=FILL_AREA_STYLE('Steel - Satin',(#3072));
#3070=FILL_AREA_STYLE('Aluminum - Anodized Glossy (Grey)',(#3073));
#3071=FILL_AREA_STYLE('Paek (Beige)',(#3074));
#3072=FILL_AREA_STYLE_COLOUR('Steel - Satin',#3075);
#3073=FILL_AREA_STYLE_COLOUR('Aluminum - Anodized Glossy (Grey)',#3076);
#3074=FILL_AREA_STYLE_COLOUR('Paek (Beige)',#3077);
#3075=COLOUR_RGB('Steel - Satin',0.627450980392157,0.627450980392157,0.627450980392157);
#3076=COLOUR_RGB('Aluminum - Anodized Glossy (Grey)',0.537254901960784,
0.537254901960784,0.537254901960784);
#3077=COLOUR_RGB('Paek (Beige)',0.898039215686275,0.792156862745098,0.619607843137255);
ENDSEC;
END-ISO-10303-21;
