ISO-10303-21;
HEADER;
/* Generated by software containing ST-Developer
 * from STEP Tools, Inc. (www.steptools.com) 
 */

FILE_DESCRIPTION(
/* description */ (''),
/* implementation_level */ '2;1');

FILE_NAME(
/* name */ 'Hositrad_CF35-38DX1-16 v1.step',
/* time_stamp */ '2024-06-25T13:43:47+02:00',
/* author */ (''),
/* organization */ (''),
/* preprocessor_version */ 'ST-DEVELOPER v20',
/* originating_system */ 'Autodesk Translation Framework v13.14.0.145',

/* authorisation */ '');

FILE_SCHEMA (('AUTOMOTIVE_DESIGN { 1 0 10303 214 3 1 1 }'));
ENDSEC;

DATA;
#10=MECHANICAL_DESIGN_GEOMETRIC_PRESENTATION_REPRESENTATION('',(#33,#34,
#35),#2465);
#11=ITEM_DEFINED_TRANSFORMATION($,$,#1457,#1546);
#12=ITEM_DEFINED_TRANSFORMATION($,$,#1466,#1547);
#13=ITEM_DEFINED_TRANSFORMATION($,$,#1357,#1548);
#14=ITEM_DEFINED_TRANSFORMATION($,$,#1456,#1549);
#15=(
REPRESENTATION_RELATIONSHIP($,$,#2487,#2486)
REPRESENTATION_RELATIONSHIP_WITH_TRANSFORMATION(#11)
SHAPE_REPRESENTATION_RELATIONSHIP()
);
#16=(
REPRESENTATION_RELATIONSHIP($,$,#2488,#2486)
REPRESENTATION_RELATIONSHIP_WITH_TRANSFORMATION(#12)
SHAPE_REPRESENTATION_RELATIONSHIP()
);
#17=(
REPRESENTATION_RELATIONSHIP($,$,#2485,#2484)
REPRESENTATION_RELATIONSHIP_WITH_TRANSFORMATION(#13)
SHAPE_REPRESENTATION_RELATIONSHIP()
);
#18=(
REPRESENTATION_RELATIONSHIP($,$,#2486,#2484)
REPRESENTATION_RELATIONSHIP_WITH_TRANSFORMATION(#14)
SHAPE_REPRESENTATION_RELATIONSHIP()
);
#19=CONTEXT_DEPENDENT_SHAPE_REPRESENTATION(#15,#2480);
#20=CONTEXT_DEPENDENT_SHAPE_REPRESENTATION(#16,#2481);
#21=CONTEXT_DEPENDENT_SHAPE_REPRESENTATION(#17,#2482);
#22=CONTEXT_DEPENDENT_SHAPE_REPRESENTATION(#18,#2483);
#23=NEXT_ASSEMBLY_USAGE_OCCURRENCE('Tube15.8-19_D15:1',
'Tube15.8-19_D15:1','Tube15.8-19_D15:1',#2492,#2493,'Tube15.8-19_D15:1');
#24=NEXT_ASSEMBLY_USAGE_OCCURRENCE('NW16CF-weld_15,8:1',
'NW16CF-weld_15,8:1','NW16CF-weld_15,8:1',#2492,#2494,
'NW16CF-weld_15,8:1');
#25=NEXT_ASSEMBLY_USAGE_OCCURRENCE('NW35CF-Double-Radial-3:1',
'NW35CF-Double-Radial-3:1','NW35CF-Double-Radial-3:1',#2490,#2491,
'NW35CF-Double-Radial-3:1');
#26=NEXT_ASSEMBLY_USAGE_OCCURRENCE('FO16-L30:1','FO16-L30:1',
'FO16-L30:1',#2490,#2492,'FO16-L30:1');
#27=SHAPE_REPRESENTATION_RELATIONSHIP('SRR','None',#2485,#30);
#28=SHAPE_REPRESENTATION_RELATIONSHIP('SRR','None',#2487,#31);
#29=SHAPE_REPRESENTATION_RELATIONSHIP('SRR','None',#2488,#32);
#30=ADVANCED_BREP_SHAPE_REPRESENTATION('',(#36),#2461);
#31=ADVANCED_BREP_SHAPE_REPRESENTATION('',(#37),#2463);
#32=ADVANCED_BREP_SHAPE_REPRESENTATION('',(#38),#2464);
#33=STYLED_ITEM('',(#2514),#36);
#34=STYLED_ITEM('',(#2514),#37);
#35=STYLED_ITEM('',(#2514),#38);
#36=MANIFOLD_SOLID_BREP('Body1',#1319);
#37=MANIFOLD_SOLID_BREP('Body1',#1320);
#38=MANIFOLD_SOLID_BREP('Body1',#1321);
#39=PLANE('',#1448);
#40=PLANE('',#1449);
#41=PLANE('',#1450);
#42=PLANE('',#1451);
#43=PLANE('',#1452);
#44=PLANE('',#1453);
#45=PLANE('',#1454);
#46=PLANE('',#1455);
#47=PLANE('',#1464);
#48=PLANE('',#1465);
#49=PLANE('',#1542);
#50=PLANE('',#1543);
#51=PLANE('',#1544);
#52=PLANE('',#1545);
#53=FACE_BOUND('',#232,.T.);
#54=FACE_BOUND('',#235,.T.);
#55=FACE_BOUND('',#237,.T.);
#56=FACE_BOUND('',#238,.T.);
#57=FACE_BOUND('',#239,.T.);
#58=FACE_BOUND('',#240,.T.);
#59=FACE_BOUND('',#241,.T.);
#60=FACE_BOUND('',#242,.T.);
#61=FACE_BOUND('',#243,.T.);
#62=FACE_BOUND('',#245,.T.);
#63=FACE_BOUND('',#246,.T.);
#64=FACE_BOUND('',#247,.T.);
#65=FACE_BOUND('',#248,.T.);
#66=FACE_BOUND('',#249,.T.);
#67=FACE_BOUND('',#250,.T.);
#68=FACE_BOUND('',#252,.T.);
#69=FACE_BOUND('',#254,.T.);
#70=FACE_BOUND('',#259,.T.);
#71=FACE_BOUND('',#263,.T.);
#72=FACE_BOUND('',#265,.T.);
#73=FACE_BOUND('',#295,.T.);
#74=FACE_BOUND('',#296,.T.);
#75=FACE_BOUND('',#297,.T.);
#76=FACE_BOUND('',#298,.T.);
#77=FACE_BOUND('',#299,.T.);
#78=FACE_BOUND('',#300,.T.);
#79=FACE_BOUND('',#301,.T.);
#80=FACE_BOUND('',#303,.T.);
#81=FACE_BOUND('',#304,.T.);
#82=FACE_BOUND('',#305,.T.);
#83=FACE_BOUND('',#306,.T.);
#84=FACE_BOUND('',#307,.T.);
#85=FACE_BOUND('',#308,.T.);
#86=FACE_BOUND('',#309,.T.);
#87=FACE_BOUND('',#311,.T.);
#88=FACE_BOUND('',#313,.T.);
#89=ELLIPSE('',#1409,0.199835935797373,0.199825855991752);
#90=ELLIPSE('',#1411,0.199836074664004,0.19982598517702);
#91=TOROIDAL_SURFACE('',#1404,23.975,0.2);
#92=CONICAL_SURFACE('',#1360,3.65000000000001,0.785398163397461);
#93=CONICAL_SURFACE('',#1364,3.35,0.785398163397462);
#94=CONICAL_SURFACE('',#1368,3.64999999999999,0.785398163397452);
#95=CONICAL_SURFACE('',#1372,3.35,0.785398163397458);
#96=CONICAL_SURFACE('',#1375,3.65000000000002,0.785398163397481);
#97=CONICAL_SURFACE('',#1379,3.35,0.785398163397448);
#98=CONICAL_SURFACE('',#1382,3.64999999999998,0.785398163397449);
#99=CONICAL_SURFACE('',#1386,3.35,0.785398163397441);
#100=CONICAL_SURFACE('',#1389,3.65000000000001,0.785398163397465);
#101=CONICAL_SURFACE('',#1393,3.35,0.785398163397435);
#102=CONICAL_SURFACE('',#1397,3.64999999999999,0.785398163397453);
#103=CONICAL_SURFACE('',#1401,3.35,0.785398163397446);
#104=CONICAL_SURFACE('',#1413,35.,0.785398163397457);
#105=CONICAL_SURFACE('',#1416,34.6,0.785398163397448);
#106=CONICAL_SURFACE('',#1429,24.175,1.22173047639603);
#107=CONICAL_SURFACE('',#1432,20.95,0.34906585039887);
#108=CONICAL_SURFACE('',#1434,20.7316178594403,0.349065850398869);
#109=CONICAL_SURFACE('',#1438,20.95,1.22173047639603);
#110=CONICAL_SURFACE('',#1467,6.35,0.785398163397433);
#111=CONICAL_SURFACE('',#1470,7.95,0.785398163397448);
#112=CONICAL_SURFACE('',#1475,2.49999999999998,0.785398163397439);
#113=CONICAL_SURFACE('',#1479,2.2,0.78539816339745);
#114=CONICAL_SURFACE('',#1482,2.49999999999997,0.785398163397445);
#115=CONICAL_SURFACE('',#1486,2.2,0.785398163397445);
#116=CONICAL_SURFACE('',#1489,2.49999999999997,0.785398163397446);
#117=CONICAL_SURFACE('',#1493,2.2,0.785398163397457);
#118=CONICAL_SURFACE('',#1496,2.49999999999998,0.785398163397445);
#119=CONICAL_SURFACE('',#1500,2.2,0.785398163397453);
#120=CONICAL_SURFACE('',#1503,2.49999999999997,0.785398163397445);
#121=CONICAL_SURFACE('',#1507,2.2,0.785398163397445);
#122=CONICAL_SURFACE('',#1510,2.49999999999997,0.785398163397453);
#123=CONICAL_SURFACE('',#1514,2.2,0.785398163397437);
#124=CONICAL_SURFACE('',#1523,17.,0.78539816339746);
#125=CONICAL_SURFACE('',#1526,16.7,0.785398163397448);
#126=CONICAL_SURFACE('',#1530,8.93161785944027,0.349065850398873);
#127=CONICAL_SURFACE('',#1534,9.15,1.22173047639602);
#128=FACE_OUTER_BOUND('',#203,.T.);
#129=FACE_OUTER_BOUND('',#204,.T.);
#130=FACE_OUTER_BOUND('',#205,.T.);
#131=FACE_OUTER_BOUND('',#206,.T.);
#132=FACE_OUTER_BOUND('',#207,.T.);
#133=FACE_OUTER_BOUND('',#208,.T.);
#134=FACE_OUTER_BOUND('',#209,.T.);
#135=FACE_OUTER_BOUND('',#210,.T.);
#136=FACE_OUTER_BOUND('',#211,.T.);
#137=FACE_OUTER_BOUND('',#212,.T.);
#138=FACE_OUTER_BOUND('',#213,.T.);
#139=FACE_OUTER_BOUND('',#214,.T.);
#140=FACE_OUTER_BOUND('',#215,.T.);
#141=FACE_OUTER_BOUND('',#216,.T.);
#142=FACE_OUTER_BOUND('',#217,.T.);
#143=FACE_OUTER_BOUND('',#218,.T.);
#144=FACE_OUTER_BOUND('',#219,.T.);
#145=FACE_OUTER_BOUND('',#220,.T.);
#146=FACE_OUTER_BOUND('',#221,.T.);
#147=FACE_OUTER_BOUND('',#222,.T.);
#148=FACE_OUTER_BOUND('',#223,.T.);
#149=FACE_OUTER_BOUND('',#224,.T.);
#150=FACE_OUTER_BOUND('',#225,.T.);
#151=FACE_OUTER_BOUND('',#226,.T.);
#152=FACE_OUTER_BOUND('',#227,.T.);
#153=FACE_OUTER_BOUND('',#228,.T.);
#154=FACE_OUTER_BOUND('',#229,.T.);
#155=FACE_OUTER_BOUND('',#230,.T.);
#156=FACE_OUTER_BOUND('',#231,.T.);
#157=FACE_OUTER_BOUND('',#233,.T.);
#158=FACE_OUTER_BOUND('',#234,.T.);
#159=FACE_OUTER_BOUND('',#236,.T.);
#160=FACE_OUTER_BOUND('',#244,.T.);
#161=FACE_OUTER_BOUND('',#251,.T.);
#162=FACE_OUTER_BOUND('',#253,.T.);
#163=FACE_OUTER_BOUND('',#255,.T.);
#164=FACE_OUTER_BOUND('',#256,.T.);
#165=FACE_OUTER_BOUND('',#257,.T.);
#166=FACE_OUTER_BOUND('',#258,.T.);
#167=FACE_OUTER_BOUND('',#260,.T.);
#168=FACE_OUTER_BOUND('',#261,.T.);
#169=FACE_OUTER_BOUND('',#262,.T.);
#170=FACE_OUTER_BOUND('',#264,.T.);
#171=FACE_OUTER_BOUND('',#266,.T.);
#172=FACE_OUTER_BOUND('',#267,.T.);
#173=FACE_OUTER_BOUND('',#268,.T.);
#174=FACE_OUTER_BOUND('',#269,.T.);
#175=FACE_OUTER_BOUND('',#270,.T.);
#176=FACE_OUTER_BOUND('',#271,.T.);
#177=FACE_OUTER_BOUND('',#272,.T.);
#178=FACE_OUTER_BOUND('',#273,.T.);
#179=FACE_OUTER_BOUND('',#274,.T.);
#180=FACE_OUTER_BOUND('',#275,.T.);
#181=FACE_OUTER_BOUND('',#276,.T.);
#182=FACE_OUTER_BOUND('',#277,.T.);
#183=FACE_OUTER_BOUND('',#278,.T.);
#184=FACE_OUTER_BOUND('',#279,.T.);
#185=FACE_OUTER_BOUND('',#280,.T.);
#186=FACE_OUTER_BOUND('',#281,.T.);
#187=FACE_OUTER_BOUND('',#282,.T.);
#188=FACE_OUTER_BOUND('',#283,.T.);
#189=FACE_OUTER_BOUND('',#284,.T.);
#190=FACE_OUTER_BOUND('',#285,.T.);
#191=FACE_OUTER_BOUND('',#286,.T.);
#192=FACE_OUTER_BOUND('',#287,.T.);
#193=FACE_OUTER_BOUND('',#288,.T.);
#194=FACE_OUTER_BOUND('',#289,.T.);
#195=FACE_OUTER_BOUND('',#290,.T.);
#196=FACE_OUTER_BOUND('',#291,.T.);
#197=FACE_OUTER_BOUND('',#292,.T.);
#198=FACE_OUTER_BOUND('',#293,.T.);
#199=FACE_OUTER_BOUND('',#294,.T.);
#200=FACE_OUTER_BOUND('',#302,.T.);
#201=FACE_OUTER_BOUND('',#310,.T.);
#202=FACE_OUTER_BOUND('',#312,.T.);
#203=EDGE_LOOP('',(#858,#859,#860,#861));
#204=EDGE_LOOP('',(#862,#863,#864,#865,#866));
#205=EDGE_LOOP('',(#867,#868,#869,#870,#871));
#206=EDGE_LOOP('',(#872,#873,#874,#875,#876));
#207=EDGE_LOOP('',(#877,#878,#879,#880));
#208=EDGE_LOOP('',(#881,#882,#883,#884,#885));
#209=EDGE_LOOP('',(#886,#887,#888,#889));
#210=EDGE_LOOP('',(#890,#891,#892,#893,#894));
#211=EDGE_LOOP('',(#895,#896,#897,#898));
#212=EDGE_LOOP('',(#899,#900,#901,#902,#903));
#213=EDGE_LOOP('',(#904,#905,#906,#907,#908));
#214=EDGE_LOOP('',(#909,#910,#911,#912,#913));
#215=EDGE_LOOP('',(#914,#915,#916,#917));
#216=EDGE_LOOP('',(#918,#919,#920,#921,#922,#923,#924,#925,#926));
#217=EDGE_LOOP('',(#927,#928,#929,#930));
#218=EDGE_LOOP('',(#931,#932,#933,#934,#935));
#219=EDGE_LOOP('',(#936,#937,#938,#939,#940,#941));
#220=EDGE_LOOP('',(#942,#943,#944,#945,#946));
#221=EDGE_LOOP('',(#947,#948,#949,#950,#951));
#222=EDGE_LOOP('',(#952,#953,#954,#955,#956));
#223=EDGE_LOOP('',(#957,#958,#959,#960,#961,#962));
#224=EDGE_LOOP('',(#963,#964,#965,#966,#967));
#225=EDGE_LOOP('',(#968,#969,#970,#971));
#226=EDGE_LOOP('',(#972,#973,#974,#975,#976));
#227=EDGE_LOOP('',(#977,#978,#979,#980,#981));
#228=EDGE_LOOP('',(#982,#983,#984,#985,#986));
#229=EDGE_LOOP('',(#987,#988,#989,#990,#991,#992));
#230=EDGE_LOOP('',(#993,#994,#995,#996,#997));
#231=EDGE_LOOP('',(#998,#999,#1000,#1001));
#232=EDGE_LOOP('',(#1002,#1003));
#233=EDGE_LOOP('',(#1004,#1005,#1006,#1007,#1008));
#234=EDGE_LOOP('',(#1009,#1010,#1011,#1012,#1013,#1014,#1015,#1016));
#235=EDGE_LOOP('',(#1017));
#236=EDGE_LOOP('',(#1018));
#237=EDGE_LOOP('',(#1019));
#238=EDGE_LOOP('',(#1020));
#239=EDGE_LOOP('',(#1021));
#240=EDGE_LOOP('',(#1022));
#241=EDGE_LOOP('',(#1023));
#242=EDGE_LOOP('',(#1024));
#243=EDGE_LOOP('',(#1025));
#244=EDGE_LOOP('',(#1026,#1027,#1028,#1029));
#245=EDGE_LOOP('',(#1030));
#246=EDGE_LOOP('',(#1031));
#247=EDGE_LOOP('',(#1032));
#248=EDGE_LOOP('',(#1033));
#249=EDGE_LOOP('',(#1034));
#250=EDGE_LOOP('',(#1035));
#251=EDGE_LOOP('',(#1036));
#252=EDGE_LOOP('',(#1037));
#253=EDGE_LOOP('',(#1038));
#254=EDGE_LOOP('',(#1039));
#255=EDGE_LOOP('',(#1040,#1041,#1042,#1043));
#256=EDGE_LOOP('',(#1044,#1045,#1046,#1047,#1048,#1049));
#257=EDGE_LOOP('',(#1050,#1051,#1052,#1053,#1054,#1055));
#258=EDGE_LOOP('',(#1056));
#259=EDGE_LOOP('',(#1057));
#260=EDGE_LOOP('',(#1058,#1059,#1060,#1061));
#261=EDGE_LOOP('',(#1062,#1063,#1064,#1065));
#262=EDGE_LOOP('',(#1066));
#263=EDGE_LOOP('',(#1067));
#264=EDGE_LOOP('',(#1068));
#265=EDGE_LOOP('',(#1069));
#266=EDGE_LOOP('',(#1070,#1071,#1072,#1073));
#267=EDGE_LOOP('',(#1074,#1075,#1076,#1077));
#268=EDGE_LOOP('',(#1078,#1079,#1080,#1081));
#269=EDGE_LOOP('',(#1082,#1083,#1084,#1085,#1086));
#270=EDGE_LOOP('',(#1087,#1088,#1089,#1090));
#271=EDGE_LOOP('',(#1091,#1092,#1093,#1094,#1095));
#272=EDGE_LOOP('',(#1096,#1097,#1098,#1099));
#273=EDGE_LOOP('',(#1100,#1101,#1102,#1103,#1104));
#274=EDGE_LOOP('',(#1105,#1106,#1107,#1108));
#275=EDGE_LOOP('',(#1109,#1110,#1111,#1112,#1113));
#276=EDGE_LOOP('',(#1114,#1115,#1116,#1117));
#277=EDGE_LOOP('',(#1118,#1119,#1120,#1121,#1122));
#278=EDGE_LOOP('',(#1123,#1124,#1125,#1126));
#279=EDGE_LOOP('',(#1127,#1128,#1129,#1130,#1131));
#280=EDGE_LOOP('',(#1132,#1133,#1134,#1135));
#281=EDGE_LOOP('',(#1136,#1137,#1138,#1139,#1140));
#282=EDGE_LOOP('',(#1141,#1142,#1143,#1144,#1145));
#283=EDGE_LOOP('',(#1146,#1147,#1148,#1149,#1150));
#284=EDGE_LOOP('',(#1151,#1152,#1153,#1154,#1155));
#285=EDGE_LOOP('',(#1156,#1157,#1158,#1159,#1160));
#286=EDGE_LOOP('',(#1161,#1162,#1163,#1164,#1165));
#287=EDGE_LOOP('',(#1166,#1167,#1168,#1169));
#288=EDGE_LOOP('',(#1170,#1171,#1172,#1173,#1174));
#289=EDGE_LOOP('',(#1175,#1176,#1177,#1178,#1179));
#290=EDGE_LOOP('',(#1180,#1181,#1182,#1183,#1184,#1185));
#291=EDGE_LOOP('',(#1186,#1187,#1188,#1189,#1190));
#292=EDGE_LOOP('',(#1191,#1192,#1193,#1194,#1195));
#293=EDGE_LOOP('',(#1196,#1197,#1198,#1199));
#294=EDGE_LOOP('',(#1200));
#295=EDGE_LOOP('',(#1201));
#296=EDGE_LOOP('',(#1202));
#297=EDGE_LOOP('',(#1203));
#298=EDGE_LOOP('',(#1204));
#299=EDGE_LOOP('',(#1205));
#300=EDGE_LOOP('',(#1206));
#301=EDGE_LOOP('',(#1207));
#302=EDGE_LOOP('',(#1208));
#303=EDGE_LOOP('',(#1209));
#304=EDGE_LOOP('',(#1210));
#305=EDGE_LOOP('',(#1211));
#306=EDGE_LOOP('',(#1212));
#307=EDGE_LOOP('',(#1213));
#308=EDGE_LOOP('',(#1214));
#309=EDGE_LOOP('',(#1215));
#310=EDGE_LOOP('',(#1216));
#311=EDGE_LOOP('',(#1217));
#312=EDGE_LOOP('',(#1218));
#313=EDGE_LOOP('',(#1219));
#314=CIRCLE('',#1359,8.);
#315=CIRCLE('',#1361,3.35);
#316=CIRCLE('',#1362,3.35);
#317=CIRCLE('',#1363,3.65000000000001);
#318=CIRCLE('',#1365,3.35);
#319=CIRCLE('',#1366,3.35);
#320=CIRCLE('',#1367,3.65000000000004);
#321=CIRCLE('',#1369,3.35);
#322=CIRCLE('',#1370,3.35);
#323=CIRCLE('',#1371,3.64999999999998);
#324=CIRCLE('',#1373,3.35);
#325=CIRCLE('',#1374,3.65000000000001);
#326=CIRCLE('',#1376,3.35);
#327=CIRCLE('',#1377,3.35);
#328=CIRCLE('',#1378,3.65000000000002);
#329=CIRCLE('',#1380,3.35);
#330=CIRCLE('',#1381,3.64999999999999);
#331=CIRCLE('',#1383,3.35);
#332=CIRCLE('',#1384,3.35);
#333=CIRCLE('',#1385,3.64999999999998);
#334=CIRCLE('',#1387,3.35);
#335=CIRCLE('',#1388,3.65000000000004);
#336=CIRCLE('',#1390,3.35);
#337=CIRCLE('',#1391,3.35);
#338=CIRCLE('',#1392,3.65000000000001);
#339=CIRCLE('',#1394,3.35);
#340=CIRCLE('',#1395,3.35);
#341=CIRCLE('',#1396,3.65000000000001);
#342=CIRCLE('',#1398,3.35);
#343=CIRCLE('',#1399,3.35);
#344=CIRCLE('',#1400,3.64999999999999);
#345=CIRCLE('',#1402,3.35);
#346=CIRCLE('',#1403,3.65);
#347=CIRCLE('',#1405,23.9065959713349);
#348=CIRCLE('',#1406,23.9065959713349);
#349=CIRCLE('',#1407,0.2);
#350=CIRCLE('',#1408,24.175);
#351=CIRCLE('',#1410,24.1746500821012);
#352=CIRCLE('',#1412,24.175);
#353=CIRCLE('',#1414,35.);
#354=CIRCLE('',#1415,34.6);
#355=CIRCLE('',#1417,34.6);
#356=CIRCLE('',#1418,35.);
#357=CIRCLE('',#1419,35.);
#358=CIRCLE('',#1427,24.175);
#359=CIRCLE('',#1428,24.175);
#360=CIRCLE('',#1430,20.95);
#361=CIRCLE('',#1431,20.95);
#362=CIRCLE('',#1433,20.7316178594403);
#363=CIRCLE('',#1435,20.7316178594403);
#364=CIRCLE('',#1436,20.95);
#365=CIRCLE('',#1437,20.95);
#366=CIRCLE('',#1440,24.175);
#367=CIRCLE('',#1442,19.05);
#368=CIRCLE('',#1443,19.05);
#369=CIRCLE('',#1445,6.35);
#370=CIRCLE('',#1447,35.);
#371=CIRCLE('',#1459,6.3);
#372=CIRCLE('',#1460,6.3);
#373=CIRCLE('',#1462,7.9);
#374=CIRCLE('',#1463,7.9);
#375=CIRCLE('',#1468,6.35);
#376=CIRCLE('',#1469,6.55);
#377=CIRCLE('',#1471,7.95);
#378=CIRCLE('',#1472,8.25);
#379=CIRCLE('',#1474,7.95);
#380=CIRCLE('',#1476,2.2);
#381=CIRCLE('',#1477,2.2);
#382=CIRCLE('',#1478,2.49999999999998);
#383=CIRCLE('',#1480,2.2);
#384=CIRCLE('',#1481,2.50000000000003);
#385=CIRCLE('',#1483,2.2);
#386=CIRCLE('',#1484,2.2);
#387=CIRCLE('',#1485,2.49999999999997);
#388=CIRCLE('',#1487,2.2);
#389=CIRCLE('',#1488,2.50000000000002);
#390=CIRCLE('',#1490,2.2);
#391=CIRCLE('',#1491,2.2);
#392=CIRCLE('',#1492,2.49999999999997);
#393=CIRCLE('',#1494,2.2);
#394=CIRCLE('',#1495,2.50000000000003);
#395=CIRCLE('',#1497,2.2);
#396=CIRCLE('',#1498,2.2);
#397=CIRCLE('',#1499,2.49999999999998);
#398=CIRCLE('',#1501,2.2);
#399=CIRCLE('',#1502,2.50000000000001);
#400=CIRCLE('',#1504,2.2);
#401=CIRCLE('',#1505,2.2);
#402=CIRCLE('',#1506,2.49999999999997);
#403=CIRCLE('',#1508,2.2);
#404=CIRCLE('',#1509,2.50000000000002);
#405=CIRCLE('',#1511,2.2);
#406=CIRCLE('',#1512,2.2);
#407=CIRCLE('',#1513,2.49999999999997);
#408=CIRCLE('',#1515,2.2);
#409=CIRCLE('',#1516,2.50000000000002);
#410=CIRCLE('',#1524,17.);
#411=CIRCLE('',#1525,16.7);
#412=CIRCLE('',#1527,17.);
#413=CIRCLE('',#1528,17.);
#414=CIRCLE('',#1529,16.7);
#415=CIRCLE('',#1531,8.93161785944027);
#416=CIRCLE('',#1532,9.15);
#417=CIRCLE('',#1533,9.15);
#418=CIRCLE('',#1535,10.75);
#419=CIRCLE('',#1536,10.75);
#420=CIRCLE('',#1538,10.75);
#421=CIRCLE('',#1541,6.35);
#422=LINE('',#2045,#490);
#423=LINE('',#2053,#491);
#424=LINE('',#2061,#492);
#425=LINE('',#2069,#493);
#426=LINE('',#2075,#494);
#427=LINE('',#2083,#495);
#428=LINE('',#2089,#496);
#429=LINE('',#2097,#497);
#430=LINE('',#2103,#498);
#431=LINE('',#2111,#499);
#432=LINE('',#2119,#500);
#433=LINE('',#2127,#501);
#434=LINE('',#2133,#502);
#435=LINE('',#2155,#503);
#436=LINE('',#2162,#504);
#437=LINE('',#2167,#505);
#438=LINE('',#2169,#506);
#439=LINE('',#2171,#507);
#440=LINE('',#2173,#508);
#441=LINE('',#2175,#509);
#442=LINE('',#2177,#510);
#443=LINE('',#2179,#511);
#444=LINE('',#2184,#512);
#445=LINE('',#2188,#513);
#446=LINE('',#2195,#514);
#447=LINE('',#2200,#515);
#448=LINE('',#2205,#516);
#449=LINE('',#2208,#517);
#450=LINE('',#2211,#518);
#451=LINE('',#2216,#519);
#452=LINE('',#2259,#520);
#453=LINE('',#2261,#521);
#454=LINE('',#2263,#522);
#455=LINE('',#2266,#523);
#456=LINE('',#2269,#524);
#457=LINE('',#2270,#525);
#458=LINE('',#2274,#526);
#459=LINE('',#2275,#527);
#460=LINE('',#2285,#528);
#461=LINE('',#2291,#529);
#462=LINE('',#2300,#530);
#463=LINE('',#2306,#531);
#464=LINE('',#2311,#532);
#465=LINE('',#2318,#533);
#466=LINE('',#2324,#534);
#467=LINE('',#2332,#535);
#468=LINE('',#2338,#536);
#469=LINE('',#2346,#537);
#470=LINE('',#2352,#538);
#471=LINE('',#2360,#539);
#472=LINE('',#2366,#540);
#473=LINE('',#2374,#541);
#474=LINE('',#2380,#542);
#475=LINE('',#2388,#543);
#476=LINE('',#2394,#544);
#477=LINE('',#2397,#545);
#478=LINE('',#2399,#546);
#479=LINE('',#2401,#547);
#480=LINE('',#2403,#548);
#481=LINE('',#2405,#549);
#482=LINE('',#2407,#550);
#483=LINE('',#2412,#551);
#484=LINE('',#2420,#552);
#485=LINE('',#2426,#553);
#486=LINE('',#2434,#554);
#487=LINE('',#2438,#555);
#488=LINE('',#2441,#556);
#489=LINE('',#2445,#557);
#490=VECTOR('',#1556,8.);
#491=VECTOR('',#1565,3.65000000000001);
#492=VECTOR('',#1574,3.35);
#493=VECTOR('',#1583,3.64999999999999);
#494=VECTOR('',#1590,3.35);
#495=VECTOR('',#1599,3.65000000000002);
#496=VECTOR('',#1606,3.35);
#497=VECTOR('',#1615,3.64999999999999);
#498=VECTOR('',#1622,3.35);
#499=VECTOR('',#1631,3.65000000000001);
#500=VECTOR('',#1640,3.35);
#501=VECTOR('',#1649,3.64999999999999);
#502=VECTOR('',#1656,3.35);
#503=VECTOR('',#1681,35.);
#504=VECTOR('',#1688,10.);
#505=VECTOR('',#1693,10.);
#506=VECTOR('',#1696,3.35);
#507=VECTOR('',#1699,3.35);
#508=VECTOR('',#1702,3.35);
#509=VECTOR('',#1705,3.35);
#510=VECTOR('',#1708,3.35);
#511=VECTOR('',#1711,3.35);
#512=VECTOR('',#1716,24.175);
#513=VECTOR('',#1721,24.175);
#514=VECTOR('',#1730,20.95);
#515=VECTOR('',#1735,20.7316178594403);
#516=VECTOR('',#1742,20.95);
#517=VECTOR('',#1745,1000.);
#518=VECTOR('',#1748,1000.);
#519=VECTOR('',#1753,19.05);
#520=VECTOR('',#1760,6.35);
#521=VECTOR('',#1763,35.);
#522=VECTOR('',#1764,1000.);
#523=VECTOR('',#1767,1000.);
#524=VECTOR('',#1772,1000.);
#525=VECTOR('',#1773,1000.);
#526=VECTOR('',#1780,1000.);
#527=VECTOR('',#1781,1000.);
#528=VECTOR('',#1796,6.3);
#529=VECTOR('',#1803,7.9);
#530=VECTOR('',#1816,6.35);
#531=VECTOR('',#1823,7.95);
#532=VECTOR('',#1830,7.95);
#533=VECTOR('',#1837,2.49999999999998);
#534=VECTOR('',#1844,2.2);
#535=VECTOR('',#1853,2.49999999999997);
#536=VECTOR('',#1860,2.2);
#537=VECTOR('',#1869,2.49999999999997);
#538=VECTOR('',#1876,2.2);
#539=VECTOR('',#1885,2.49999999999998);
#540=VECTOR('',#1892,2.2);
#541=VECTOR('',#1901,2.49999999999997);
#542=VECTOR('',#1908,2.2);
#543=VECTOR('',#1917,2.49999999999997);
#544=VECTOR('',#1924,2.2);
#545=VECTOR('',#1929,2.2);
#546=VECTOR('',#1932,2.2);
#547=VECTOR('',#1935,2.2);
#548=VECTOR('',#1938,2.2);
#549=VECTOR('',#1941,2.2);
#550=VECTOR('',#1944,2.2);
#551=VECTOR('',#1949,17.);
#552=VECTOR('',#1958,16.7);
#553=VECTOR('',#1965,8.93161785944027);
#554=VECTOR('',#1974,9.15);
#555=VECTOR('',#1979,10.75);
#556=VECTOR('',#1984,17.);
#557=VECTOR('',#1989,6.35);
#558=B_SPLINE_CURVE_WITH_KNOTS('',3,(#2010,#2011,#2012,#2013,#2014,#2015,
#2016,#2017,#2018,#2019,#2020,#2021,#2022,#2023,#2024,#2025,#2026,#2027,
#2028,#2029,#2030,#2031,#2032,#2033,#2034,#2035,#2036,#2037,#2038,#2039,
#2040,#2041,#2042,#2043),.UNSPECIFIED.,.T.,.F.,(4,2,2,2,2,2,2,2,2,2,2,2,
2,2,2,2,4),(0.,0.302518302978797,0.605036605957594,0.907525646683203,1.21001468740881,
1.51250372813442,1.81499276886003,2.11751107183883,2.42002937481762,2.72254767779642,
3.02506598077522,3.32755502150083,3.63004406222644,3.93253310295205,4.23502214367765,
4.53754044665645,4.84005874963525),.UNSPECIFIED.);
#559=B_SPLINE_CURVE_WITH_KNOTS('',3,(#2220,#2221,#2222,#2223,#2224,#2225,
#2226,#2227,#2228,#2229,#2230,#2231,#2232,#2233,#2234,#2235,#2236,#2237),
 .UNSPECIFIED.,.F.,.F.,(4,2,2,2,2,2,2,2,4),(-3.85927674587476,-3.61801600079772,
-3.37675525572068,-3.13560640756338,-2.89445755940607,-2.65330871124877,
-2.41215986309146,-2.17089911801442,-1.92963837293738),.UNSPECIFIED.);
#560=B_SPLINE_CURVE_WITH_KNOTS('',3,(#2238,#2239,#2240,#2241,#2242,#2243,
#2244,#2245,#2246,#2247,#2248,#2249,#2250,#2251,#2252,#2253,#2254,#2255),
 .UNSPECIFIED.,.F.,.F.,(4,2,2,2,2,2,2,2,4),(-1.92963837293738,-1.68837762786034,
-1.4471168827833,-1.205968034626,-0.964819186468691,-0.723670338311386,
-0.482521490154082,-0.241260745077041,0.),.UNSPECIFIED.);
#561=VERTEX_POINT('',#2009);
#562=VERTEX_POINT('',#2044);
#563=VERTEX_POINT('',#2048);
#564=VERTEX_POINT('',#2049);
#565=VERTEX_POINT('',#2052);
#566=VERTEX_POINT('',#2056);
#567=VERTEX_POINT('',#2057);
#568=VERTEX_POINT('',#2060);
#569=VERTEX_POINT('',#2064);
#570=VERTEX_POINT('',#2065);
#571=VERTEX_POINT('',#2068);
#572=VERTEX_POINT('',#2072);
#573=VERTEX_POINT('',#2074);
#574=VERTEX_POINT('',#2078);
#575=VERTEX_POINT('',#2079);
#576=VERTEX_POINT('',#2082);
#577=VERTEX_POINT('',#2086);
#578=VERTEX_POINT('',#2088);
#579=VERTEX_POINT('',#2092);
#580=VERTEX_POINT('',#2093);
#581=VERTEX_POINT('',#2096);
#582=VERTEX_POINT('',#2100);
#583=VERTEX_POINT('',#2102);
#584=VERTEX_POINT('',#2106);
#585=VERTEX_POINT('',#2107);
#586=VERTEX_POINT('',#2110);
#587=VERTEX_POINT('',#2114);
#588=VERTEX_POINT('',#2115);
#589=VERTEX_POINT('',#2118);
#590=VERTEX_POINT('',#2122);
#591=VERTEX_POINT('',#2123);
#592=VERTEX_POINT('',#2126);
#593=VERTEX_POINT('',#2130);
#594=VERTEX_POINT('',#2132);
#595=VERTEX_POINT('',#2136);
#596=VERTEX_POINT('',#2137);
#597=VERTEX_POINT('',#2140);
#598=VERTEX_POINT('',#2142);
#599=VERTEX_POINT('',#2144);
#600=VERTEX_POINT('',#2146);
#601=VERTEX_POINT('',#2148);
#602=VERTEX_POINT('',#2152);
#603=VERTEX_POINT('',#2154);
#604=VERTEX_POINT('',#2158);
#605=VERTEX_POINT('',#2159);
#606=VERTEX_POINT('',#2161);
#607=VERTEX_POINT('',#2163);
#608=VERTEX_POINT('',#2165);
#609=VERTEX_POINT('',#2181);
#610=VERTEX_POINT('',#2183);
#611=VERTEX_POINT('',#2187);
#612=VERTEX_POINT('',#2189);
#613=VERTEX_POINT('',#2193);
#614=VERTEX_POINT('',#2197);
#615=VERTEX_POINT('',#2199);
#616=VERTEX_POINT('',#2201);
#617=VERTEX_POINT('',#2207);
#618=VERTEX_POINT('',#2209);
#619=VERTEX_POINT('',#2213);
#620=VERTEX_POINT('',#2215);
#621=VERTEX_POINT('',#2218);
#622=VERTEX_POINT('',#2219);
#623=VERTEX_POINT('',#2257);
#624=VERTEX_POINT('',#2262);
#625=VERTEX_POINT('',#2264);
#626=VERTEX_POINT('',#2282);
#627=VERTEX_POINT('',#2284);
#628=VERTEX_POINT('',#2288);
#629=VERTEX_POINT('',#2290);
#630=VERTEX_POINT('',#2297);
#631=VERTEX_POINT('',#2299);
#632=VERTEX_POINT('',#2303);
#633=VERTEX_POINT('',#2305);
#634=VERTEX_POINT('',#2309);
#635=VERTEX_POINT('',#2313);
#636=VERTEX_POINT('',#2314);
#637=VERTEX_POINT('',#2317);
#638=VERTEX_POINT('',#2321);
#639=VERTEX_POINT('',#2323);
#640=VERTEX_POINT('',#2327);
#641=VERTEX_POINT('',#2328);
#642=VERTEX_POINT('',#2331);
#643=VERTEX_POINT('',#2335);
#644=VERTEX_POINT('',#2337);
#645=VERTEX_POINT('',#2341);
#646=VERTEX_POINT('',#2342);
#647=VERTEX_POINT('',#2345);
#648=VERTEX_POINT('',#2349);
#649=VERTEX_POINT('',#2351);
#650=VERTEX_POINT('',#2355);
#651=VERTEX_POINT('',#2356);
#652=VERTEX_POINT('',#2359);
#653=VERTEX_POINT('',#2363);
#654=VERTEX_POINT('',#2365);
#655=VERTEX_POINT('',#2369);
#656=VERTEX_POINT('',#2370);
#657=VERTEX_POINT('',#2373);
#658=VERTEX_POINT('',#2377);
#659=VERTEX_POINT('',#2379);
#660=VERTEX_POINT('',#2383);
#661=VERTEX_POINT('',#2384);
#662=VERTEX_POINT('',#2387);
#663=VERTEX_POINT('',#2391);
#664=VERTEX_POINT('',#2393);
#665=VERTEX_POINT('',#2409);
#666=VERTEX_POINT('',#2411);
#667=VERTEX_POINT('',#2415);
#668=VERTEX_POINT('',#2416);
#669=VERTEX_POINT('',#2419);
#670=VERTEX_POINT('',#2423);
#671=VERTEX_POINT('',#2425);
#672=VERTEX_POINT('',#2427);
#673=VERTEX_POINT('',#2431);
#674=VERTEX_POINT('',#2432);
#675=VERTEX_POINT('',#2437);
#676=VERTEX_POINT('',#2443);
#677=EDGE_CURVE('',#561,#561,#558,.T.);
#678=EDGE_CURVE('',#561,#562,#422,.T.);
#679=EDGE_CURVE('',#562,#562,#314,.T.);
#680=EDGE_CURVE('',#563,#564,#315,.T.);
#681=EDGE_CURVE('',#564,#563,#316,.T.);
#682=EDGE_CURVE('',#564,#565,#423,.T.);
#683=EDGE_CURVE('',#565,#565,#317,.T.);
#684=EDGE_CURVE('',#566,#567,#318,.T.);
#685=EDGE_CURVE('',#567,#566,#319,.T.);
#686=EDGE_CURVE('',#567,#568,#424,.T.);
#687=EDGE_CURVE('',#568,#568,#320,.T.);
#688=EDGE_CURVE('',#569,#570,#321,.T.);
#689=EDGE_CURVE('',#570,#569,#322,.T.);
#690=EDGE_CURVE('',#570,#571,#425,.T.);
#691=EDGE_CURVE('',#571,#571,#323,.T.);
#692=EDGE_CURVE('',#572,#572,#324,.T.);
#693=EDGE_CURVE('',#572,#573,#426,.T.);
#694=EDGE_CURVE('',#573,#573,#325,.T.);
#695=EDGE_CURVE('',#574,#575,#326,.T.);
#696=EDGE_CURVE('',#575,#574,#327,.T.);
#697=EDGE_CURVE('',#575,#576,#427,.T.);
#698=EDGE_CURVE('',#576,#576,#328,.T.);
#699=EDGE_CURVE('',#577,#577,#329,.T.);
#700=EDGE_CURVE('',#577,#578,#428,.T.);
#701=EDGE_CURVE('',#578,#578,#330,.T.);
#702=EDGE_CURVE('',#579,#580,#331,.T.);
#703=EDGE_CURVE('',#580,#579,#332,.T.);
#704=EDGE_CURVE('',#580,#581,#429,.T.);
#705=EDGE_CURVE('',#581,#581,#333,.T.);
#706=EDGE_CURVE('',#582,#582,#334,.T.);
#707=EDGE_CURVE('',#582,#583,#430,.T.);
#708=EDGE_CURVE('',#583,#583,#335,.T.);
#709=EDGE_CURVE('',#584,#585,#336,.T.);
#710=EDGE_CURVE('',#585,#584,#337,.T.);
#711=EDGE_CURVE('',#585,#586,#431,.T.);
#712=EDGE_CURVE('',#586,#586,#338,.T.);
#713=EDGE_CURVE('',#587,#588,#339,.T.);
#714=EDGE_CURVE('',#588,#587,#340,.T.);
#715=EDGE_CURVE('',#588,#589,#432,.T.);
#716=EDGE_CURVE('',#589,#589,#341,.T.);
#717=EDGE_CURVE('',#590,#591,#342,.T.);
#718=EDGE_CURVE('',#591,#590,#343,.T.);
#719=EDGE_CURVE('',#591,#592,#433,.T.);
#720=EDGE_CURVE('',#592,#592,#344,.T.);
#721=EDGE_CURVE('',#593,#593,#345,.T.);
#722=EDGE_CURVE('',#593,#594,#434,.T.);
#723=EDGE_CURVE('',#594,#594,#346,.T.);
#724=EDGE_CURVE('',#595,#596,#347,.T.);
#725=EDGE_CURVE('',#596,#595,#348,.T.);
#726=EDGE_CURVE('',#596,#597,#349,.T.);
#727=EDGE_CURVE('',#598,#597,#350,.T.);
#728=EDGE_CURVE('',#598,#599,#89,.T.);
#729=EDGE_CURVE('',#599,#600,#351,.T.);
#730=EDGE_CURVE('',#600,#601,#90,.T.);
#731=EDGE_CURVE('',#597,#601,#352,.T.);
#732=EDGE_CURVE('',#602,#602,#353,.T.);
#733=EDGE_CURVE('',#602,#603,#435,.T.);
#734=EDGE_CURVE('',#603,#603,#354,.T.);
#735=EDGE_CURVE('',#604,#605,#355,.T.);
#736=EDGE_CURVE('',#606,#604,#436,.T.);
#737=EDGE_CURVE('',#607,#606,#356,.T.);
#738=EDGE_CURVE('',#608,#607,#357,.T.);
#739=EDGE_CURVE('',#605,#608,#437,.T.);
#740=EDGE_CURVE('',#563,#566,#438,.T.);
#741=EDGE_CURVE('',#569,#572,#439,.T.);
#742=EDGE_CURVE('',#574,#577,#440,.T.);
#743=EDGE_CURVE('',#579,#582,#441,.T.);
#744=EDGE_CURVE('',#584,#587,#442,.T.);
#745=EDGE_CURVE('',#590,#593,#443,.T.);
#746=EDGE_CURVE('',#609,#609,#358,.T.);
#747=EDGE_CURVE('',#609,#610,#444,.T.);
#748=EDGE_CURVE('',#610,#610,#359,.T.);
#749=EDGE_CURVE('',#610,#611,#445,.T.);
#750=EDGE_CURVE('',#611,#612,#360,.T.);
#751=EDGE_CURVE('',#612,#611,#361,.T.);
#752=EDGE_CURVE('',#613,#613,#362,.T.);
#753=EDGE_CURVE('',#613,#612,#446,.T.);
#754=EDGE_CURVE('',#614,#614,#363,.T.);
#755=EDGE_CURVE('',#614,#615,#447,.T.);
#756=EDGE_CURVE('',#615,#616,#364,.T.);
#757=EDGE_CURVE('',#616,#615,#365,.T.);
#758=EDGE_CURVE('',#595,#616,#448,.T.);
#759=EDGE_CURVE('',#617,#601,#449,.T.);
#760=EDGE_CURVE('',#617,#618,#366,.T.);
#761=EDGE_CURVE('',#598,#618,#450,.T.);
#762=EDGE_CURVE('',#619,#619,#367,.T.);
#763=EDGE_CURVE('',#619,#620,#451,.T.);
#764=EDGE_CURVE('',#620,#620,#368,.T.);
#765=EDGE_CURVE('',#621,#622,#559,.T.);
#766=EDGE_CURVE('',#622,#621,#560,.T.);
#767=EDGE_CURVE('',#623,#623,#369,.T.);
#768=EDGE_CURVE('',#623,#622,#452,.T.);
#769=EDGE_CURVE('',#607,#602,#453,.T.);
#770=EDGE_CURVE('',#624,#606,#454,.T.);
#771=EDGE_CURVE('',#625,#624,#370,.T.);
#772=EDGE_CURVE('',#608,#625,#455,.T.);
#773=EDGE_CURVE('',#604,#617,#456,.T.);
#774=EDGE_CURVE('',#618,#605,#457,.T.);
#775=EDGE_CURVE('',#624,#600,#458,.T.);
#776=EDGE_CURVE('',#599,#625,#459,.T.);
#777=EDGE_CURVE('',#626,#626,#371,.T.);
#778=EDGE_CURVE('',#626,#627,#460,.T.);
#779=EDGE_CURVE('',#627,#627,#372,.T.);
#780=EDGE_CURVE('',#628,#628,#373,.T.);
#781=EDGE_CURVE('',#628,#629,#461,.T.);
#782=EDGE_CURVE('',#629,#629,#374,.T.);
#783=EDGE_CURVE('',#630,#630,#375,.T.);
#784=EDGE_CURVE('',#630,#631,#462,.T.);
#785=EDGE_CURVE('',#631,#631,#376,.T.);
#786=EDGE_CURVE('',#632,#632,#377,.T.);
#787=EDGE_CURVE('',#632,#633,#463,.T.);
#788=EDGE_CURVE('',#633,#633,#378,.T.);
#789=EDGE_CURVE('',#634,#634,#379,.T.);
#790=EDGE_CURVE('',#634,#632,#464,.T.);
#791=EDGE_CURVE('',#635,#636,#380,.T.);
#792=EDGE_CURVE('',#636,#635,#381,.T.);
#793=EDGE_CURVE('',#636,#637,#465,.T.);
#794=EDGE_CURVE('',#637,#637,#382,.T.);
#795=EDGE_CURVE('',#638,#638,#383,.T.);
#796=EDGE_CURVE('',#638,#639,#466,.T.);
#797=EDGE_CURVE('',#639,#639,#384,.T.);
#798=EDGE_CURVE('',#640,#641,#385,.T.);
#799=EDGE_CURVE('',#641,#640,#386,.T.);
#800=EDGE_CURVE('',#641,#642,#467,.T.);
#801=EDGE_CURVE('',#642,#642,#387,.T.);
#802=EDGE_CURVE('',#643,#643,#388,.T.);
#803=EDGE_CURVE('',#643,#644,#468,.T.);
#804=EDGE_CURVE('',#644,#644,#389,.T.);
#805=EDGE_CURVE('',#645,#646,#390,.T.);
#806=EDGE_CURVE('',#646,#645,#391,.T.);
#807=EDGE_CURVE('',#646,#647,#469,.T.);
#808=EDGE_CURVE('',#647,#647,#392,.T.);
#809=EDGE_CURVE('',#648,#648,#393,.T.);
#810=EDGE_CURVE('',#648,#649,#470,.T.);
#811=EDGE_CURVE('',#649,#649,#394,.T.);
#812=EDGE_CURVE('',#650,#651,#395,.T.);
#813=EDGE_CURVE('',#651,#650,#396,.T.);
#814=EDGE_CURVE('',#651,#652,#471,.T.);
#815=EDGE_CURVE('',#652,#652,#397,.T.);
#816=EDGE_CURVE('',#653,#653,#398,.T.);
#817=EDGE_CURVE('',#653,#654,#472,.T.);
#818=EDGE_CURVE('',#654,#654,#399,.T.);
#819=EDGE_CURVE('',#655,#656,#400,.T.);
#820=EDGE_CURVE('',#656,#655,#401,.T.);
#821=EDGE_CURVE('',#656,#657,#473,.T.);
#822=EDGE_CURVE('',#657,#657,#402,.T.);
#823=EDGE_CURVE('',#658,#658,#403,.T.);
#824=EDGE_CURVE('',#658,#659,#474,.T.);
#825=EDGE_CURVE('',#659,#659,#404,.T.);
#826=EDGE_CURVE('',#660,#661,#405,.T.);
#827=EDGE_CURVE('',#661,#660,#406,.T.);
#828=EDGE_CURVE('',#661,#662,#475,.T.);
#829=EDGE_CURVE('',#662,#662,#407,.T.);
#830=EDGE_CURVE('',#663,#663,#408,.T.);
#831=EDGE_CURVE('',#663,#664,#476,.T.);
#832=EDGE_CURVE('',#664,#664,#409,.T.);
#833=EDGE_CURVE('',#645,#648,#477,.T.);
#834=EDGE_CURVE('',#650,#653,#478,.T.);
#835=EDGE_CURVE('',#655,#658,#479,.T.);
#836=EDGE_CURVE('',#660,#663,#480,.T.);
#837=EDGE_CURVE('',#635,#638,#481,.T.);
#838=EDGE_CURVE('',#640,#643,#482,.T.);
#839=EDGE_CURVE('',#665,#665,#410,.T.);
#840=EDGE_CURVE('',#665,#666,#483,.T.);
#841=EDGE_CURVE('',#666,#666,#411,.T.);
#842=EDGE_CURVE('',#667,#668,#412,.T.);
#843=EDGE_CURVE('',#668,#667,#413,.T.);
#844=EDGE_CURVE('',#668,#669,#484,.T.);
#845=EDGE_CURVE('',#669,#669,#414,.T.);
#846=EDGE_CURVE('',#670,#670,#415,.T.);
#847=EDGE_CURVE('',#670,#671,#485,.T.);
#848=EDGE_CURVE('',#671,#672,#416,.T.);
#849=EDGE_CURVE('',#672,#671,#417,.T.);
#850=EDGE_CURVE('',#673,#674,#418,.T.);
#851=EDGE_CURVE('',#674,#672,#486,.T.);
#852=EDGE_CURVE('',#674,#673,#419,.T.);
#853=EDGE_CURVE('',#673,#675,#487,.T.);
#854=EDGE_CURVE('',#675,#675,#420,.T.);
#855=EDGE_CURVE('',#667,#665,#488,.T.);
#856=EDGE_CURVE('',#676,#676,#421,.T.);
#857=EDGE_CURVE('',#676,#630,#489,.T.);
#858=ORIENTED_EDGE('',*,*,#677,.F.);
#859=ORIENTED_EDGE('',*,*,#678,.T.);
#860=ORIENTED_EDGE('',*,*,#679,.F.);
#861=ORIENTED_EDGE('',*,*,#678,.F.);
#862=ORIENTED_EDGE('',*,*,#680,.F.);
#863=ORIENTED_EDGE('',*,*,#681,.F.);
#864=ORIENTED_EDGE('',*,*,#682,.T.);
#865=ORIENTED_EDGE('',*,*,#683,.F.);
#866=ORIENTED_EDGE('',*,*,#682,.F.);
#867=ORIENTED_EDGE('',*,*,#684,.F.);
#868=ORIENTED_EDGE('',*,*,#685,.F.);
#869=ORIENTED_EDGE('',*,*,#686,.T.);
#870=ORIENTED_EDGE('',*,*,#687,.F.);
#871=ORIENTED_EDGE('',*,*,#686,.F.);
#872=ORIENTED_EDGE('',*,*,#688,.F.);
#873=ORIENTED_EDGE('',*,*,#689,.F.);
#874=ORIENTED_EDGE('',*,*,#690,.T.);
#875=ORIENTED_EDGE('',*,*,#691,.F.);
#876=ORIENTED_EDGE('',*,*,#690,.F.);
#877=ORIENTED_EDGE('',*,*,#692,.F.);
#878=ORIENTED_EDGE('',*,*,#693,.T.);
#879=ORIENTED_EDGE('',*,*,#694,.F.);
#880=ORIENTED_EDGE('',*,*,#693,.F.);
#881=ORIENTED_EDGE('',*,*,#695,.F.);
#882=ORIENTED_EDGE('',*,*,#696,.F.);
#883=ORIENTED_EDGE('',*,*,#697,.T.);
#884=ORIENTED_EDGE('',*,*,#698,.F.);
#885=ORIENTED_EDGE('',*,*,#697,.F.);
#886=ORIENTED_EDGE('',*,*,#699,.F.);
#887=ORIENTED_EDGE('',*,*,#700,.T.);
#888=ORIENTED_EDGE('',*,*,#701,.F.);
#889=ORIENTED_EDGE('',*,*,#700,.F.);
#890=ORIENTED_EDGE('',*,*,#702,.F.);
#891=ORIENTED_EDGE('',*,*,#703,.F.);
#892=ORIENTED_EDGE('',*,*,#704,.T.);
#893=ORIENTED_EDGE('',*,*,#705,.F.);
#894=ORIENTED_EDGE('',*,*,#704,.F.);
#895=ORIENTED_EDGE('',*,*,#706,.F.);
#896=ORIENTED_EDGE('',*,*,#707,.T.);
#897=ORIENTED_EDGE('',*,*,#708,.F.);
#898=ORIENTED_EDGE('',*,*,#707,.F.);
#899=ORIENTED_EDGE('',*,*,#709,.F.);
#900=ORIENTED_EDGE('',*,*,#710,.F.);
#901=ORIENTED_EDGE('',*,*,#711,.T.);
#902=ORIENTED_EDGE('',*,*,#712,.F.);
#903=ORIENTED_EDGE('',*,*,#711,.F.);
#904=ORIENTED_EDGE('',*,*,#713,.F.);
#905=ORIENTED_EDGE('',*,*,#714,.F.);
#906=ORIENTED_EDGE('',*,*,#715,.T.);
#907=ORIENTED_EDGE('',*,*,#716,.F.);
#908=ORIENTED_EDGE('',*,*,#715,.F.);
#909=ORIENTED_EDGE('',*,*,#717,.F.);
#910=ORIENTED_EDGE('',*,*,#718,.F.);
#911=ORIENTED_EDGE('',*,*,#719,.T.);
#912=ORIENTED_EDGE('',*,*,#720,.F.);
#913=ORIENTED_EDGE('',*,*,#719,.F.);
#914=ORIENTED_EDGE('',*,*,#721,.F.);
#915=ORIENTED_EDGE('',*,*,#722,.T.);
#916=ORIENTED_EDGE('',*,*,#723,.F.);
#917=ORIENTED_EDGE('',*,*,#722,.F.);
#918=ORIENTED_EDGE('',*,*,#724,.F.);
#919=ORIENTED_EDGE('',*,*,#725,.F.);
#920=ORIENTED_EDGE('',*,*,#726,.T.);
#921=ORIENTED_EDGE('',*,*,#727,.F.);
#922=ORIENTED_EDGE('',*,*,#728,.T.);
#923=ORIENTED_EDGE('',*,*,#729,.T.);
#924=ORIENTED_EDGE('',*,*,#730,.T.);
#925=ORIENTED_EDGE('',*,*,#731,.F.);
#926=ORIENTED_EDGE('',*,*,#726,.F.);
#927=ORIENTED_EDGE('',*,*,#732,.F.);
#928=ORIENTED_EDGE('',*,*,#733,.T.);
#929=ORIENTED_EDGE('',*,*,#734,.F.);
#930=ORIENTED_EDGE('',*,*,#733,.F.);
#931=ORIENTED_EDGE('',*,*,#735,.F.);
#932=ORIENTED_EDGE('',*,*,#736,.F.);
#933=ORIENTED_EDGE('',*,*,#737,.F.);
#934=ORIENTED_EDGE('',*,*,#738,.F.);
#935=ORIENTED_EDGE('',*,*,#739,.F.);
#936=ORIENTED_EDGE('',*,*,#680,.T.);
#937=ORIENTED_EDGE('',*,*,#681,.T.);
#938=ORIENTED_EDGE('',*,*,#740,.T.);
#939=ORIENTED_EDGE('',*,*,#684,.T.);
#940=ORIENTED_EDGE('',*,*,#685,.T.);
#941=ORIENTED_EDGE('',*,*,#740,.F.);
#942=ORIENTED_EDGE('',*,*,#688,.T.);
#943=ORIENTED_EDGE('',*,*,#689,.T.);
#944=ORIENTED_EDGE('',*,*,#741,.T.);
#945=ORIENTED_EDGE('',*,*,#692,.T.);
#946=ORIENTED_EDGE('',*,*,#741,.F.);
#947=ORIENTED_EDGE('',*,*,#695,.T.);
#948=ORIENTED_EDGE('',*,*,#696,.T.);
#949=ORIENTED_EDGE('',*,*,#742,.T.);
#950=ORIENTED_EDGE('',*,*,#699,.T.);
#951=ORIENTED_EDGE('',*,*,#742,.F.);
#952=ORIENTED_EDGE('',*,*,#702,.T.);
#953=ORIENTED_EDGE('',*,*,#703,.T.);
#954=ORIENTED_EDGE('',*,*,#743,.T.);
#955=ORIENTED_EDGE('',*,*,#706,.T.);
#956=ORIENTED_EDGE('',*,*,#743,.F.);
#957=ORIENTED_EDGE('',*,*,#709,.T.);
#958=ORIENTED_EDGE('',*,*,#710,.T.);
#959=ORIENTED_EDGE('',*,*,#744,.T.);
#960=ORIENTED_EDGE('',*,*,#713,.T.);
#961=ORIENTED_EDGE('',*,*,#714,.T.);
#962=ORIENTED_EDGE('',*,*,#744,.F.);
#963=ORIENTED_EDGE('',*,*,#717,.T.);
#964=ORIENTED_EDGE('',*,*,#718,.T.);
#965=ORIENTED_EDGE('',*,*,#745,.T.);
#966=ORIENTED_EDGE('',*,*,#721,.T.);
#967=ORIENTED_EDGE('',*,*,#745,.F.);
#968=ORIENTED_EDGE('',*,*,#746,.F.);
#969=ORIENTED_EDGE('',*,*,#747,.T.);
#970=ORIENTED_EDGE('',*,*,#748,.T.);
#971=ORIENTED_EDGE('',*,*,#747,.F.);
#972=ORIENTED_EDGE('',*,*,#748,.F.);
#973=ORIENTED_EDGE('',*,*,#749,.T.);
#974=ORIENTED_EDGE('',*,*,#750,.T.);
#975=ORIENTED_EDGE('',*,*,#751,.T.);
#976=ORIENTED_EDGE('',*,*,#749,.F.);
#977=ORIENTED_EDGE('',*,*,#752,.T.);
#978=ORIENTED_EDGE('',*,*,#753,.T.);
#979=ORIENTED_EDGE('',*,*,#750,.F.);
#980=ORIENTED_EDGE('',*,*,#751,.F.);
#981=ORIENTED_EDGE('',*,*,#753,.F.);
#982=ORIENTED_EDGE('',*,*,#754,.F.);
#983=ORIENTED_EDGE('',*,*,#755,.T.);
#984=ORIENTED_EDGE('',*,*,#756,.T.);
#985=ORIENTED_EDGE('',*,*,#757,.T.);
#986=ORIENTED_EDGE('',*,*,#755,.F.);
#987=ORIENTED_EDGE('',*,*,#724,.T.);
#988=ORIENTED_EDGE('',*,*,#725,.T.);
#989=ORIENTED_EDGE('',*,*,#758,.T.);
#990=ORIENTED_EDGE('',*,*,#756,.F.);
#991=ORIENTED_EDGE('',*,*,#757,.F.);
#992=ORIENTED_EDGE('',*,*,#758,.F.);
#993=ORIENTED_EDGE('',*,*,#727,.T.);
#994=ORIENTED_EDGE('',*,*,#731,.T.);
#995=ORIENTED_EDGE('',*,*,#759,.F.);
#996=ORIENTED_EDGE('',*,*,#760,.T.);
#997=ORIENTED_EDGE('',*,*,#761,.F.);
#998=ORIENTED_EDGE('',*,*,#762,.T.);
#999=ORIENTED_EDGE('',*,*,#763,.T.);
#1000=ORIENTED_EDGE('',*,*,#764,.T.);
#1001=ORIENTED_EDGE('',*,*,#763,.F.);
#1002=ORIENTED_EDGE('',*,*,#765,.T.);
#1003=ORIENTED_EDGE('',*,*,#766,.T.);
#1004=ORIENTED_EDGE('',*,*,#767,.T.);
#1005=ORIENTED_EDGE('',*,*,#768,.T.);
#1006=ORIENTED_EDGE('',*,*,#765,.F.);
#1007=ORIENTED_EDGE('',*,*,#766,.F.);
#1008=ORIENTED_EDGE('',*,*,#768,.F.);
#1009=ORIENTED_EDGE('',*,*,#738,.T.);
#1010=ORIENTED_EDGE('',*,*,#769,.T.);
#1011=ORIENTED_EDGE('',*,*,#732,.T.);
#1012=ORIENTED_EDGE('',*,*,#769,.F.);
#1013=ORIENTED_EDGE('',*,*,#737,.T.);
#1014=ORIENTED_EDGE('',*,*,#770,.F.);
#1015=ORIENTED_EDGE('',*,*,#771,.F.);
#1016=ORIENTED_EDGE('',*,*,#772,.F.);
#1017=ORIENTED_EDGE('',*,*,#677,.T.);
#1018=ORIENTED_EDGE('',*,*,#734,.T.);
#1019=ORIENTED_EDGE('',*,*,#746,.T.);
#1020=ORIENTED_EDGE('',*,*,#723,.T.);
#1021=ORIENTED_EDGE('',*,*,#716,.T.);
#1022=ORIENTED_EDGE('',*,*,#708,.T.);
#1023=ORIENTED_EDGE('',*,*,#701,.T.);
#1024=ORIENTED_EDGE('',*,*,#694,.T.);
#1025=ORIENTED_EDGE('',*,*,#687,.T.);
#1026=ORIENTED_EDGE('',*,*,#773,.F.);
#1027=ORIENTED_EDGE('',*,*,#735,.T.);
#1028=ORIENTED_EDGE('',*,*,#774,.F.);
#1029=ORIENTED_EDGE('',*,*,#760,.F.);
#1030=ORIENTED_EDGE('',*,*,#720,.T.);
#1031=ORIENTED_EDGE('',*,*,#712,.T.);
#1032=ORIENTED_EDGE('',*,*,#705,.T.);
#1033=ORIENTED_EDGE('',*,*,#698,.T.);
#1034=ORIENTED_EDGE('',*,*,#691,.T.);
#1035=ORIENTED_EDGE('',*,*,#683,.T.);
#1036=ORIENTED_EDGE('',*,*,#754,.T.);
#1037=ORIENTED_EDGE('',*,*,#764,.F.);
#1038=ORIENTED_EDGE('',*,*,#752,.F.);
#1039=ORIENTED_EDGE('',*,*,#762,.F.);
#1040=ORIENTED_EDGE('',*,*,#771,.T.);
#1041=ORIENTED_EDGE('',*,*,#775,.T.);
#1042=ORIENTED_EDGE('',*,*,#729,.F.);
#1043=ORIENTED_EDGE('',*,*,#776,.T.);
#1044=ORIENTED_EDGE('',*,*,#770,.T.);
#1045=ORIENTED_EDGE('',*,*,#736,.T.);
#1046=ORIENTED_EDGE('',*,*,#773,.T.);
#1047=ORIENTED_EDGE('',*,*,#759,.T.);
#1048=ORIENTED_EDGE('',*,*,#730,.F.);
#1049=ORIENTED_EDGE('',*,*,#775,.F.);
#1050=ORIENTED_EDGE('',*,*,#772,.T.);
#1051=ORIENTED_EDGE('',*,*,#776,.F.);
#1052=ORIENTED_EDGE('',*,*,#728,.F.);
#1053=ORIENTED_EDGE('',*,*,#761,.T.);
#1054=ORIENTED_EDGE('',*,*,#774,.T.);
#1055=ORIENTED_EDGE('',*,*,#739,.T.);
#1056=ORIENTED_EDGE('',*,*,#679,.T.);
#1057=ORIENTED_EDGE('',*,*,#767,.F.);
#1058=ORIENTED_EDGE('',*,*,#777,.T.);
#1059=ORIENTED_EDGE('',*,*,#778,.T.);
#1060=ORIENTED_EDGE('',*,*,#779,.F.);
#1061=ORIENTED_EDGE('',*,*,#778,.F.);
#1062=ORIENTED_EDGE('',*,*,#780,.T.);
#1063=ORIENTED_EDGE('',*,*,#781,.T.);
#1064=ORIENTED_EDGE('',*,*,#782,.F.);
#1065=ORIENTED_EDGE('',*,*,#781,.F.);
#1066=ORIENTED_EDGE('',*,*,#782,.T.);
#1067=ORIENTED_EDGE('',*,*,#777,.F.);
#1068=ORIENTED_EDGE('',*,*,#780,.F.);
#1069=ORIENTED_EDGE('',*,*,#779,.T.);
#1070=ORIENTED_EDGE('',*,*,#783,.F.);
#1071=ORIENTED_EDGE('',*,*,#784,.T.);
#1072=ORIENTED_EDGE('',*,*,#785,.F.);
#1073=ORIENTED_EDGE('',*,*,#784,.F.);
#1074=ORIENTED_EDGE('',*,*,#786,.F.);
#1075=ORIENTED_EDGE('',*,*,#787,.T.);
#1076=ORIENTED_EDGE('',*,*,#788,.F.);
#1077=ORIENTED_EDGE('',*,*,#787,.F.);
#1078=ORIENTED_EDGE('',*,*,#789,.F.);
#1079=ORIENTED_EDGE('',*,*,#790,.T.);
#1080=ORIENTED_EDGE('',*,*,#786,.T.);
#1081=ORIENTED_EDGE('',*,*,#790,.F.);
#1082=ORIENTED_EDGE('',*,*,#791,.F.);
#1083=ORIENTED_EDGE('',*,*,#792,.F.);
#1084=ORIENTED_EDGE('',*,*,#793,.T.);
#1085=ORIENTED_EDGE('',*,*,#794,.F.);
#1086=ORIENTED_EDGE('',*,*,#793,.F.);
#1087=ORIENTED_EDGE('',*,*,#795,.F.);
#1088=ORIENTED_EDGE('',*,*,#796,.T.);
#1089=ORIENTED_EDGE('',*,*,#797,.F.);
#1090=ORIENTED_EDGE('',*,*,#796,.F.);
#1091=ORIENTED_EDGE('',*,*,#798,.F.);
#1092=ORIENTED_EDGE('',*,*,#799,.F.);
#1093=ORIENTED_EDGE('',*,*,#800,.T.);
#1094=ORIENTED_EDGE('',*,*,#801,.F.);
#1095=ORIENTED_EDGE('',*,*,#800,.F.);
#1096=ORIENTED_EDGE('',*,*,#802,.F.);
#1097=ORIENTED_EDGE('',*,*,#803,.T.);
#1098=ORIENTED_EDGE('',*,*,#804,.F.);
#1099=ORIENTED_EDGE('',*,*,#803,.F.);
#1100=ORIENTED_EDGE('',*,*,#805,.F.);
#1101=ORIENTED_EDGE('',*,*,#806,.F.);
#1102=ORIENTED_EDGE('',*,*,#807,.T.);
#1103=ORIENTED_EDGE('',*,*,#808,.F.);
#1104=ORIENTED_EDGE('',*,*,#807,.F.);
#1105=ORIENTED_EDGE('',*,*,#809,.F.);
#1106=ORIENTED_EDGE('',*,*,#810,.T.);
#1107=ORIENTED_EDGE('',*,*,#811,.F.);
#1108=ORIENTED_EDGE('',*,*,#810,.F.);
#1109=ORIENTED_EDGE('',*,*,#812,.F.);
#1110=ORIENTED_EDGE('',*,*,#813,.F.);
#1111=ORIENTED_EDGE('',*,*,#814,.T.);
#1112=ORIENTED_EDGE('',*,*,#815,.F.);
#1113=ORIENTED_EDGE('',*,*,#814,.F.);
#1114=ORIENTED_EDGE('',*,*,#816,.F.);
#1115=ORIENTED_EDGE('',*,*,#817,.T.);
#1116=ORIENTED_EDGE('',*,*,#818,.F.);
#1117=ORIENTED_EDGE('',*,*,#817,.F.);
#1118=ORIENTED_EDGE('',*,*,#819,.F.);
#1119=ORIENTED_EDGE('',*,*,#820,.F.);
#1120=ORIENTED_EDGE('',*,*,#821,.T.);
#1121=ORIENTED_EDGE('',*,*,#822,.F.);
#1122=ORIENTED_EDGE('',*,*,#821,.F.);
#1123=ORIENTED_EDGE('',*,*,#823,.F.);
#1124=ORIENTED_EDGE('',*,*,#824,.T.);
#1125=ORIENTED_EDGE('',*,*,#825,.F.);
#1126=ORIENTED_EDGE('',*,*,#824,.F.);
#1127=ORIENTED_EDGE('',*,*,#826,.F.);
#1128=ORIENTED_EDGE('',*,*,#827,.F.);
#1129=ORIENTED_EDGE('',*,*,#828,.T.);
#1130=ORIENTED_EDGE('',*,*,#829,.F.);
#1131=ORIENTED_EDGE('',*,*,#828,.F.);
#1132=ORIENTED_EDGE('',*,*,#830,.F.);
#1133=ORIENTED_EDGE('',*,*,#831,.T.);
#1134=ORIENTED_EDGE('',*,*,#832,.F.);
#1135=ORIENTED_EDGE('',*,*,#831,.F.);
#1136=ORIENTED_EDGE('',*,*,#805,.T.);
#1137=ORIENTED_EDGE('',*,*,#806,.T.);
#1138=ORIENTED_EDGE('',*,*,#833,.T.);
#1139=ORIENTED_EDGE('',*,*,#809,.T.);
#1140=ORIENTED_EDGE('',*,*,#833,.F.);
#1141=ORIENTED_EDGE('',*,*,#812,.T.);
#1142=ORIENTED_EDGE('',*,*,#813,.T.);
#1143=ORIENTED_EDGE('',*,*,#834,.T.);
#1144=ORIENTED_EDGE('',*,*,#816,.T.);
#1145=ORIENTED_EDGE('',*,*,#834,.F.);
#1146=ORIENTED_EDGE('',*,*,#819,.T.);
#1147=ORIENTED_EDGE('',*,*,#820,.T.);
#1148=ORIENTED_EDGE('',*,*,#835,.T.);
#1149=ORIENTED_EDGE('',*,*,#823,.T.);
#1150=ORIENTED_EDGE('',*,*,#835,.F.);
#1151=ORIENTED_EDGE('',*,*,#826,.T.);
#1152=ORIENTED_EDGE('',*,*,#827,.T.);
#1153=ORIENTED_EDGE('',*,*,#836,.T.);
#1154=ORIENTED_EDGE('',*,*,#830,.T.);
#1155=ORIENTED_EDGE('',*,*,#836,.F.);
#1156=ORIENTED_EDGE('',*,*,#791,.T.);
#1157=ORIENTED_EDGE('',*,*,#792,.T.);
#1158=ORIENTED_EDGE('',*,*,#837,.T.);
#1159=ORIENTED_EDGE('',*,*,#795,.T.);
#1160=ORIENTED_EDGE('',*,*,#837,.F.);
#1161=ORIENTED_EDGE('',*,*,#798,.T.);
#1162=ORIENTED_EDGE('',*,*,#799,.T.);
#1163=ORIENTED_EDGE('',*,*,#838,.T.);
#1164=ORIENTED_EDGE('',*,*,#802,.T.);
#1165=ORIENTED_EDGE('',*,*,#838,.F.);
#1166=ORIENTED_EDGE('',*,*,#839,.F.);
#1167=ORIENTED_EDGE('',*,*,#840,.T.);
#1168=ORIENTED_EDGE('',*,*,#841,.F.);
#1169=ORIENTED_EDGE('',*,*,#840,.F.);
#1170=ORIENTED_EDGE('',*,*,#842,.F.);
#1171=ORIENTED_EDGE('',*,*,#843,.F.);
#1172=ORIENTED_EDGE('',*,*,#844,.T.);
#1173=ORIENTED_EDGE('',*,*,#845,.F.);
#1174=ORIENTED_EDGE('',*,*,#844,.F.);
#1175=ORIENTED_EDGE('',*,*,#846,.F.);
#1176=ORIENTED_EDGE('',*,*,#847,.T.);
#1177=ORIENTED_EDGE('',*,*,#848,.T.);
#1178=ORIENTED_EDGE('',*,*,#849,.T.);
#1179=ORIENTED_EDGE('',*,*,#847,.F.);
#1180=ORIENTED_EDGE('',*,*,#850,.T.);
#1181=ORIENTED_EDGE('',*,*,#851,.T.);
#1182=ORIENTED_EDGE('',*,*,#848,.F.);
#1183=ORIENTED_EDGE('',*,*,#849,.F.);
#1184=ORIENTED_EDGE('',*,*,#851,.F.);
#1185=ORIENTED_EDGE('',*,*,#852,.T.);
#1186=ORIENTED_EDGE('',*,*,#850,.F.);
#1187=ORIENTED_EDGE('',*,*,#853,.T.);
#1188=ORIENTED_EDGE('',*,*,#854,.T.);
#1189=ORIENTED_EDGE('',*,*,#853,.F.);
#1190=ORIENTED_EDGE('',*,*,#852,.F.);
#1191=ORIENTED_EDGE('',*,*,#842,.T.);
#1192=ORIENTED_EDGE('',*,*,#843,.T.);
#1193=ORIENTED_EDGE('',*,*,#855,.T.);
#1194=ORIENTED_EDGE('',*,*,#839,.T.);
#1195=ORIENTED_EDGE('',*,*,#855,.F.);
#1196=ORIENTED_EDGE('',*,*,#856,.F.);
#1197=ORIENTED_EDGE('',*,*,#857,.T.);
#1198=ORIENTED_EDGE('',*,*,#783,.T.);
#1199=ORIENTED_EDGE('',*,*,#857,.F.);
#1200=ORIENTED_EDGE('',*,*,#841,.T.);
#1201=ORIENTED_EDGE('',*,*,#788,.T.);
#1202=ORIENTED_EDGE('',*,*,#832,.T.);
#1203=ORIENTED_EDGE('',*,*,#825,.T.);
#1204=ORIENTED_EDGE('',*,*,#818,.T.);
#1205=ORIENTED_EDGE('',*,*,#811,.T.);
#1206=ORIENTED_EDGE('',*,*,#804,.T.);
#1207=ORIENTED_EDGE('',*,*,#797,.T.);
#1208=ORIENTED_EDGE('',*,*,#845,.T.);
#1209=ORIENTED_EDGE('',*,*,#854,.F.);
#1210=ORIENTED_EDGE('',*,*,#829,.T.);
#1211=ORIENTED_EDGE('',*,*,#822,.T.);
#1212=ORIENTED_EDGE('',*,*,#815,.T.);
#1213=ORIENTED_EDGE('',*,*,#808,.T.);
#1214=ORIENTED_EDGE('',*,*,#801,.T.);
#1215=ORIENTED_EDGE('',*,*,#794,.T.);
#1216=ORIENTED_EDGE('',*,*,#846,.T.);
#1217=ORIENTED_EDGE('',*,*,#785,.T.);
#1218=ORIENTED_EDGE('',*,*,#789,.T.);
#1219=ORIENTED_EDGE('',*,*,#856,.T.);
#1220=CYLINDRICAL_SURFACE('',#1358,8.);
#1221=CYLINDRICAL_SURFACE('',#1420,3.35);
#1222=CYLINDRICAL_SURFACE('',#1421,3.35);
#1223=CYLINDRICAL_SURFACE('',#1422,3.35);
#1224=CYLINDRICAL_SURFACE('',#1423,3.35);
#1225=CYLINDRICAL_SURFACE('',#1424,3.35);
#1226=CYLINDRICAL_SURFACE('',#1425,3.35);
#1227=CYLINDRICAL_SURFACE('',#1426,24.175);
#1228=CYLINDRICAL_SURFACE('',#1439,24.175);
#1229=CYLINDRICAL_SURFACE('',#1441,19.05);
#1230=CYLINDRICAL_SURFACE('',#1444,6.35);
#1231=CYLINDRICAL_SURFACE('',#1446,35.);
#1232=CYLINDRICAL_SURFACE('',#1458,6.3);
#1233=CYLINDRICAL_SURFACE('',#1461,7.9);
#1234=CYLINDRICAL_SURFACE('',#1473,7.95);
#1235=CYLINDRICAL_SURFACE('',#1517,2.2);
#1236=CYLINDRICAL_SURFACE('',#1518,2.2);
#1237=CYLINDRICAL_SURFACE('',#1519,2.2);
#1238=CYLINDRICAL_SURFACE('',#1520,2.2);
#1239=CYLINDRICAL_SURFACE('',#1521,2.2);
#1240=CYLINDRICAL_SURFACE('',#1522,2.2);
#1241=CYLINDRICAL_SURFACE('',#1537,10.75);
#1242=CYLINDRICAL_SURFACE('',#1539,17.);
#1243=CYLINDRICAL_SURFACE('',#1540,6.35);
#1244=ADVANCED_FACE('',(#128),#1220,.F.);
#1245=ADVANCED_FACE('',(#129),#92,.F.);
#1246=ADVANCED_FACE('',(#130),#93,.F.);
#1247=ADVANCED_FACE('',(#131),#94,.F.);
#1248=ADVANCED_FACE('',(#132),#95,.F.);
#1249=ADVANCED_FACE('',(#133),#96,.F.);
#1250=ADVANCED_FACE('',(#134),#97,.F.);
#1251=ADVANCED_FACE('',(#135),#98,.F.);
#1252=ADVANCED_FACE('',(#136),#99,.F.);
#1253=ADVANCED_FACE('',(#137),#100,.F.);
#1254=ADVANCED_FACE('',(#138),#101,.F.);
#1255=ADVANCED_FACE('',(#139),#102,.F.);
#1256=ADVANCED_FACE('',(#140),#103,.F.);
#1257=ADVANCED_FACE('',(#141),#91,.F.);
#1258=ADVANCED_FACE('',(#142),#104,.T.);
#1259=ADVANCED_FACE('',(#143),#105,.T.);
#1260=ADVANCED_FACE('',(#144),#1221,.F.);
#1261=ADVANCED_FACE('',(#145),#1222,.F.);
#1262=ADVANCED_FACE('',(#146),#1223,.F.);
#1263=ADVANCED_FACE('',(#147),#1224,.F.);
#1264=ADVANCED_FACE('',(#148),#1225,.F.);
#1265=ADVANCED_FACE('',(#149),#1226,.F.);
#1266=ADVANCED_FACE('',(#150),#1227,.F.);
#1267=ADVANCED_FACE('',(#151),#106,.T.);
#1268=ADVANCED_FACE('',(#152),#107,.F.);
#1269=ADVANCED_FACE('',(#153),#108,.F.);
#1270=ADVANCED_FACE('',(#154),#109,.T.);
#1271=ADVANCED_FACE('',(#155),#1228,.F.);
#1272=ADVANCED_FACE('',(#156,#53),#1229,.F.);
#1273=ADVANCED_FACE('',(#157),#1230,.F.);
#1274=ADVANCED_FACE('',(#158,#54),#1231,.T.);
#1275=ADVANCED_FACE('',(#159,#55,#56,#57,#58,#59,#60,#61),#39,.T.);
#1276=ADVANCED_FACE('',(#160,#62,#63,#64,#65,#66,#67),#40,.T.);
#1277=ADVANCED_FACE('',(#161,#68),#41,.T.);
#1278=ADVANCED_FACE('',(#162,#69),#42,.T.);
#1279=ADVANCED_FACE('',(#163),#43,.F.);
#1280=ADVANCED_FACE('',(#164),#44,.F.);
#1281=ADVANCED_FACE('',(#165),#45,.F.);
#1282=ADVANCED_FACE('',(#166,#70),#46,.T.);
#1283=ADVANCED_FACE('',(#167),#1232,.F.);
#1284=ADVANCED_FACE('',(#168),#1233,.T.);
#1285=ADVANCED_FACE('',(#169,#71),#47,.T.);
#1286=ADVANCED_FACE('',(#170,#72),#48,.F.);
#1287=ADVANCED_FACE('',(#171),#110,.F.);
#1288=ADVANCED_FACE('',(#172),#111,.F.);
#1289=ADVANCED_FACE('',(#173),#1234,.F.);
#1290=ADVANCED_FACE('',(#174),#112,.F.);
#1291=ADVANCED_FACE('',(#175),#113,.F.);
#1292=ADVANCED_FACE('',(#176),#114,.F.);
#1293=ADVANCED_FACE('',(#177),#115,.F.);
#1294=ADVANCED_FACE('',(#178),#116,.F.);
#1295=ADVANCED_FACE('',(#179),#117,.F.);
#1296=ADVANCED_FACE('',(#180),#118,.F.);
#1297=ADVANCED_FACE('',(#181),#119,.F.);
#1298=ADVANCED_FACE('',(#182),#120,.F.);
#1299=ADVANCED_FACE('',(#183),#121,.F.);
#1300=ADVANCED_FACE('',(#184),#122,.F.);
#1301=ADVANCED_FACE('',(#185),#123,.F.);
#1302=ADVANCED_FACE('',(#186),#1235,.F.);
#1303=ADVANCED_FACE('',(#187),#1236,.F.);
#1304=ADVANCED_FACE('',(#188),#1237,.F.);
#1305=ADVANCED_FACE('',(#189),#1238,.F.);
#1306=ADVANCED_FACE('',(#190),#1239,.F.);
#1307=ADVANCED_FACE('',(#191),#1240,.F.);
#1308=ADVANCED_FACE('',(#192),#124,.T.);
#1309=ADVANCED_FACE('',(#193),#125,.T.);
#1310=ADVANCED_FACE('',(#194),#126,.F.);
#1311=ADVANCED_FACE('',(#195),#127,.T.);
#1312=ADVANCED_FACE('',(#196),#1241,.F.);
#1313=ADVANCED_FACE('',(#197),#1242,.T.);
#1314=ADVANCED_FACE('',(#198),#1243,.F.);
#1315=ADVANCED_FACE('',(#199,#73,#74,#75,#76,#77,#78,#79),#49,.T.);
#1316=ADVANCED_FACE('',(#200,#80,#81,#82,#83,#84,#85,#86),#50,.T.);
#1317=ADVANCED_FACE('',(#201,#87),#51,.T.);
#1318=ADVANCED_FACE('',(#202,#88),#52,.T.);
#1319=CLOSED_SHELL('',(#1244,#1245,#1246,#1247,#1248,#1249,#1250,#1251,
#1252,#1253,#1254,#1255,#1256,#1257,#1258,#1259,#1260,#1261,#1262,#1263,
#1264,#1265,#1266,#1267,#1268,#1269,#1270,#1271,#1272,#1273,#1274,#1275,
#1276,#1277,#1278,#1279,#1280,#1281,#1282));
#1320=CLOSED_SHELL('',(#1283,#1284,#1285,#1286));
#1321=CLOSED_SHELL('',(#1287,#1288,#1289,#1290,#1291,#1292,#1293,#1294,
#1295,#1296,#1297,#1298,#1299,#1300,#1301,#1302,#1303,#1304,#1305,#1306,
#1307,#1308,#1309,#1310,#1311,#1312,#1313,#1314,#1315,#1316,#1317,#1318));
#1322=DERIVED_UNIT_ELEMENT(#1328,1.);
#1323=DERIVED_UNIT_ELEMENT(#2467,-3.);
#1324=DERIVED_UNIT_ELEMENT(#1328,1.);
#1325=DERIVED_UNIT_ELEMENT(#2467,-3.);
#1326=DERIVED_UNIT_ELEMENT(#1328,1.);
#1327=DERIVED_UNIT_ELEMENT(#2467,-3.);
#1328=(
MASS_UNIT()
NAMED_UNIT(*)
SI_UNIT(.KILO.,.GRAM.)
);
#1329=DERIVED_UNIT((#1322,#1323));
#1330=DERIVED_UNIT((#1324,#1325));
#1331=DERIVED_UNIT((#1326,#1327));
#1332=MEASURE_REPRESENTATION_ITEM('density measure',
POSITIVE_RATIO_MEASURE(7850.),#1329);
#1333=MEASURE_REPRESENTATION_ITEM('density measure',
POSITIVE_RATIO_MEASURE(7850.),#1330);
#1334=MEASURE_REPRESENTATION_ITEM('density measure',
POSITIVE_RATIO_MEASURE(7850.),#1331);
#1335=PROPERTY_DEFINITION_REPRESENTATION(#1350,#1341);
#1336=PROPERTY_DEFINITION_REPRESENTATION(#1351,#1342);
#1337=PROPERTY_DEFINITION_REPRESENTATION(#1352,#1343);
#1338=PROPERTY_DEFINITION_REPRESENTATION(#1353,#1344);
#1339=PROPERTY_DEFINITION_REPRESENTATION(#1354,#1345);
#1340=PROPERTY_DEFINITION_REPRESENTATION(#1355,#1346);
#1341=REPRESENTATION('material name',(#1347),#2461);
#1342=REPRESENTATION('density',(#1332),#2461);
#1343=REPRESENTATION('material name',(#1348),#2463);
#1344=REPRESENTATION('density',(#1333),#2463);
#1345=REPRESENTATION('material name',(#1349),#2464);
#1346=REPRESENTATION('density',(#1334),#2464);
#1347=DESCRIPTIVE_REPRESENTATION_ITEM('Steel','Steel');
#1348=DESCRIPTIVE_REPRESENTATION_ITEM('Steel','Steel');
#1349=DESCRIPTIVE_REPRESENTATION_ITEM('Steel','Steel');
#1350=PROPERTY_DEFINITION('material property','material name',#2491);
#1351=PROPERTY_DEFINITION('material property','density of part',#2491);
#1352=PROPERTY_DEFINITION('material property','material name',#2493);
#1353=PROPERTY_DEFINITION('material property','density of part',#2493);
#1354=PROPERTY_DEFINITION('material property','material name',#2494);
#1355=PROPERTY_DEFINITION('material property','density of part',#2494);
#1356=AXIS2_PLACEMENT_3D('',#2006,#1550,#1551);
#1357=AXIS2_PLACEMENT_3D('',#2007,#1552,#1553);
#1358=AXIS2_PLACEMENT_3D('',#2008,#1554,#1555);
#1359=AXIS2_PLACEMENT_3D('',#2046,#1557,#1558);
#1360=AXIS2_PLACEMENT_3D('',#2047,#1559,#1560);
#1361=AXIS2_PLACEMENT_3D('',#2050,#1561,#1562);
#1362=AXIS2_PLACEMENT_3D('',#2051,#1563,#1564);
#1363=AXIS2_PLACEMENT_3D('',#2054,#1566,#1567);
#1364=AXIS2_PLACEMENT_3D('',#2055,#1568,#1569);
#1365=AXIS2_PLACEMENT_3D('',#2058,#1570,#1571);
#1366=AXIS2_PLACEMENT_3D('',#2059,#1572,#1573);
#1367=AXIS2_PLACEMENT_3D('',#2062,#1575,#1576);
#1368=AXIS2_PLACEMENT_3D('',#2063,#1577,#1578);
#1369=AXIS2_PLACEMENT_3D('',#2066,#1579,#1580);
#1370=AXIS2_PLACEMENT_3D('',#2067,#1581,#1582);
#1371=AXIS2_PLACEMENT_3D('',#2070,#1584,#1585);
#1372=AXIS2_PLACEMENT_3D('',#2071,#1586,#1587);
#1373=AXIS2_PLACEMENT_3D('',#2073,#1588,#1589);
#1374=AXIS2_PLACEMENT_3D('',#2076,#1591,#1592);
#1375=AXIS2_PLACEMENT_3D('',#2077,#1593,#1594);
#1376=AXIS2_PLACEMENT_3D('',#2080,#1595,#1596);
#1377=AXIS2_PLACEMENT_3D('',#2081,#1597,#1598);
#1378=AXIS2_PLACEMENT_3D('',#2084,#1600,#1601);
#1379=AXIS2_PLACEMENT_3D('',#2085,#1602,#1603);
#1380=AXIS2_PLACEMENT_3D('',#2087,#1604,#1605);
#1381=AXIS2_PLACEMENT_3D('',#2090,#1607,#1608);
#1382=AXIS2_PLACEMENT_3D('',#2091,#1609,#1610);
#1383=AXIS2_PLACEMENT_3D('',#2094,#1611,#1612);
#1384=AXIS2_PLACEMENT_3D('',#2095,#1613,#1614);
#1385=AXIS2_PLACEMENT_3D('',#2098,#1616,#1617);
#1386=AXIS2_PLACEMENT_3D('',#2099,#1618,#1619);
#1387=AXIS2_PLACEMENT_3D('',#2101,#1620,#1621);
#1388=AXIS2_PLACEMENT_3D('',#2104,#1623,#1624);
#1389=AXIS2_PLACEMENT_3D('',#2105,#1625,#1626);
#1390=AXIS2_PLACEMENT_3D('',#2108,#1627,#1628);
#1391=AXIS2_PLACEMENT_3D('',#2109,#1629,#1630);
#1392=AXIS2_PLACEMENT_3D('',#2112,#1632,#1633);
#1393=AXIS2_PLACEMENT_3D('',#2113,#1634,#1635);
#1394=AXIS2_PLACEMENT_3D('',#2116,#1636,#1637);
#1395=AXIS2_PLACEMENT_3D('',#2117,#1638,#1639);
#1396=AXIS2_PLACEMENT_3D('',#2120,#1641,#1642);
#1397=AXIS2_PLACEMENT_3D('',#2121,#1643,#1644);
#1398=AXIS2_PLACEMENT_3D('',#2124,#1645,#1646);
#1399=AXIS2_PLACEMENT_3D('',#2125,#1647,#1648);
#1400=AXIS2_PLACEMENT_3D('',#2128,#1650,#1651);
#1401=AXIS2_PLACEMENT_3D('',#2129,#1652,#1653);
#1402=AXIS2_PLACEMENT_3D('',#2131,#1654,#1655);
#1403=AXIS2_PLACEMENT_3D('',#2134,#1657,#1658);
#1404=AXIS2_PLACEMENT_3D('',#2135,#1659,#1660);
#1405=AXIS2_PLACEMENT_3D('',#2138,#1661,#1662);
#1406=AXIS2_PLACEMENT_3D('',#2139,#1663,#1664);
#1407=AXIS2_PLACEMENT_3D('',#2141,#1665,#1666);
#1408=AXIS2_PLACEMENT_3D('',#2143,#1667,#1668);
#1409=AXIS2_PLACEMENT_3D('',#2145,#1669,#1670);
#1410=AXIS2_PLACEMENT_3D('',#2147,#1671,#1672);
#1411=AXIS2_PLACEMENT_3D('',#2149,#1673,#1674);
#1412=AXIS2_PLACEMENT_3D('',#2150,#1675,#1676);
#1413=AXIS2_PLACEMENT_3D('',#2151,#1677,#1678);
#1414=AXIS2_PLACEMENT_3D('',#2153,#1679,#1680);
#1415=AXIS2_PLACEMENT_3D('',#2156,#1682,#1683);
#1416=AXIS2_PLACEMENT_3D('',#2157,#1684,#1685);
#1417=AXIS2_PLACEMENT_3D('',#2160,#1686,#1687);
#1418=AXIS2_PLACEMENT_3D('',#2164,#1689,#1690);
#1419=AXIS2_PLACEMENT_3D('',#2166,#1691,#1692);
#1420=AXIS2_PLACEMENT_3D('',#2168,#1694,#1695);
#1421=AXIS2_PLACEMENT_3D('',#2170,#1697,#1698);
#1422=AXIS2_PLACEMENT_3D('',#2172,#1700,#1701);
#1423=AXIS2_PLACEMENT_3D('',#2174,#1703,#1704);
#1424=AXIS2_PLACEMENT_3D('',#2176,#1706,#1707);
#1425=AXIS2_PLACEMENT_3D('',#2178,#1709,#1710);
#1426=AXIS2_PLACEMENT_3D('',#2180,#1712,#1713);
#1427=AXIS2_PLACEMENT_3D('',#2182,#1714,#1715);
#1428=AXIS2_PLACEMENT_3D('',#2185,#1717,#1718);
#1429=AXIS2_PLACEMENT_3D('',#2186,#1719,#1720);
#1430=AXIS2_PLACEMENT_3D('',#2190,#1722,#1723);
#1431=AXIS2_PLACEMENT_3D('',#2191,#1724,#1725);
#1432=AXIS2_PLACEMENT_3D('',#2192,#1726,#1727);
#1433=AXIS2_PLACEMENT_3D('',#2194,#1728,#1729);
#1434=AXIS2_PLACEMENT_3D('',#2196,#1731,#1732);
#1435=AXIS2_PLACEMENT_3D('',#2198,#1733,#1734);
#1436=AXIS2_PLACEMENT_3D('',#2202,#1736,#1737);
#1437=AXIS2_PLACEMENT_3D('',#2203,#1738,#1739);
#1438=AXIS2_PLACEMENT_3D('',#2204,#1740,#1741);
#1439=AXIS2_PLACEMENT_3D('',#2206,#1743,#1744);
#1440=AXIS2_PLACEMENT_3D('',#2210,#1746,#1747);
#1441=AXIS2_PLACEMENT_3D('',#2212,#1749,#1750);
#1442=AXIS2_PLACEMENT_3D('',#2214,#1751,#1752);
#1443=AXIS2_PLACEMENT_3D('',#2217,#1754,#1755);
#1444=AXIS2_PLACEMENT_3D('',#2256,#1756,#1757);
#1445=AXIS2_PLACEMENT_3D('',#2258,#1758,#1759);
#1446=AXIS2_PLACEMENT_3D('',#2260,#1761,#1762);
#1447=AXIS2_PLACEMENT_3D('',#2265,#1765,#1766);
#1448=AXIS2_PLACEMENT_3D('',#2267,#1768,#1769);
#1449=AXIS2_PLACEMENT_3D('',#2268,#1770,#1771);
#1450=AXIS2_PLACEMENT_3D('',#2271,#1774,#1775);
#1451=AXIS2_PLACEMENT_3D('',#2272,#1776,#1777);
#1452=AXIS2_PLACEMENT_3D('',#2273,#1778,#1779);
#1453=AXIS2_PLACEMENT_3D('',#2276,#1782,#1783);
#1454=AXIS2_PLACEMENT_3D('',#2277,#1784,#1785);
#1455=AXIS2_PLACEMENT_3D('',#2278,#1786,#1787);
#1456=AXIS2_PLACEMENT_3D('',#2279,#1788,#1789);
#1457=AXIS2_PLACEMENT_3D('',#2280,#1790,#1791);
#1458=AXIS2_PLACEMENT_3D('',#2281,#1792,#1793);
#1459=AXIS2_PLACEMENT_3D('',#2283,#1794,#1795);
#1460=AXIS2_PLACEMENT_3D('',#2286,#1797,#1798);
#1461=AXIS2_PLACEMENT_3D('',#2287,#1799,#1800);
#1462=AXIS2_PLACEMENT_3D('',#2289,#1801,#1802);
#1463=AXIS2_PLACEMENT_3D('',#2292,#1804,#1805);
#1464=AXIS2_PLACEMENT_3D('',#2293,#1806,#1807);
#1465=AXIS2_PLACEMENT_3D('',#2294,#1808,#1809);
#1466=AXIS2_PLACEMENT_3D('',#2295,#1810,#1811);
#1467=AXIS2_PLACEMENT_3D('',#2296,#1812,#1813);
#1468=AXIS2_PLACEMENT_3D('',#2298,#1814,#1815);
#1469=AXIS2_PLACEMENT_3D('',#2301,#1817,#1818);
#1470=AXIS2_PLACEMENT_3D('',#2302,#1819,#1820);
#1471=AXIS2_PLACEMENT_3D('',#2304,#1821,#1822);
#1472=AXIS2_PLACEMENT_3D('',#2307,#1824,#1825);
#1473=AXIS2_PLACEMENT_3D('',#2308,#1826,#1827);
#1474=AXIS2_PLACEMENT_3D('',#2310,#1828,#1829);
#1475=AXIS2_PLACEMENT_3D('',#2312,#1831,#1832);
#1476=AXIS2_PLACEMENT_3D('',#2315,#1833,#1834);
#1477=AXIS2_PLACEMENT_3D('',#2316,#1835,#1836);
#1478=AXIS2_PLACEMENT_3D('',#2319,#1838,#1839);
#1479=AXIS2_PLACEMENT_3D('',#2320,#1840,#1841);
#1480=AXIS2_PLACEMENT_3D('',#2322,#1842,#1843);
#1481=AXIS2_PLACEMENT_3D('',#2325,#1845,#1846);
#1482=AXIS2_PLACEMENT_3D('',#2326,#1847,#1848);
#1483=AXIS2_PLACEMENT_3D('',#2329,#1849,#1850);
#1484=AXIS2_PLACEMENT_3D('',#2330,#1851,#1852);
#1485=AXIS2_PLACEMENT_3D('',#2333,#1854,#1855);
#1486=AXIS2_PLACEMENT_3D('',#2334,#1856,#1857);
#1487=AXIS2_PLACEMENT_3D('',#2336,#1858,#1859);
#1488=AXIS2_PLACEMENT_3D('',#2339,#1861,#1862);
#1489=AXIS2_PLACEMENT_3D('',#2340,#1863,#1864);
#1490=AXIS2_PLACEMENT_3D('',#2343,#1865,#1866);
#1491=AXIS2_PLACEMENT_3D('',#2344,#1867,#1868);
#1492=AXIS2_PLACEMENT_3D('',#2347,#1870,#1871);
#1493=AXIS2_PLACEMENT_3D('',#2348,#1872,#1873);
#1494=AXIS2_PLACEMENT_3D('',#2350,#1874,#1875);
#1495=AXIS2_PLACEMENT_3D('',#2353,#1877,#1878);
#1496=AXIS2_PLACEMENT_3D('',#2354,#1879,#1880);
#1497=AXIS2_PLACEMENT_3D('',#2357,#1881,#1882);
#1498=AXIS2_PLACEMENT_3D('',#2358,#1883,#1884);
#1499=AXIS2_PLACEMENT_3D('',#2361,#1886,#1887);
#1500=AXIS2_PLACEMENT_3D('',#2362,#1888,#1889);
#1501=AXIS2_PLACEMENT_3D('',#2364,#1890,#1891);
#1502=AXIS2_PLACEMENT_3D('',#2367,#1893,#1894);
#1503=AXIS2_PLACEMENT_3D('',#2368,#1895,#1896);
#1504=AXIS2_PLACEMENT_3D('',#2371,#1897,#1898);
#1505=AXIS2_PLACEMENT_3D('',#2372,#1899,#1900);
#1506=AXIS2_PLACEMENT_3D('',#2375,#1902,#1903);
#1507=AXIS2_PLACEMENT_3D('',#2376,#1904,#1905);
#1508=AXIS2_PLACEMENT_3D('',#2378,#1906,#1907);
#1509=AXIS2_PLACEMENT_3D('',#2381,#1909,#1910);
#1510=AXIS2_PLACEMENT_3D('',#2382,#1911,#1912);
#1511=AXIS2_PLACEMENT_3D('',#2385,#1913,#1914);
#1512=AXIS2_PLACEMENT_3D('',#2386,#1915,#1916);
#1513=AXIS2_PLACEMENT_3D('',#2389,#1918,#1919);
#1514=AXIS2_PLACEMENT_3D('',#2390,#1920,#1921);
#1515=AXIS2_PLACEMENT_3D('',#2392,#1922,#1923);
#1516=AXIS2_PLACEMENT_3D('',#2395,#1925,#1926);
#1517=AXIS2_PLACEMENT_3D('',#2396,#1927,#1928);
#1518=AXIS2_PLACEMENT_3D('',#2398,#1930,#1931);
#1519=AXIS2_PLACEMENT_3D('',#2400,#1933,#1934);
#1520=AXIS2_PLACEMENT_3D('',#2402,#1936,#1937);
#1521=AXIS2_PLACEMENT_3D('',#2404,#1939,#1940);
#1522=AXIS2_PLACEMENT_3D('',#2406,#1942,#1943);
#1523=AXIS2_PLACEMENT_3D('',#2408,#1945,#1946);
#1524=AXIS2_PLACEMENT_3D('',#2410,#1947,#1948);
#1525=AXIS2_PLACEMENT_3D('',#2413,#1950,#1951);
#1526=AXIS2_PLACEMENT_3D('',#2414,#1952,#1953);
#1527=AXIS2_PLACEMENT_3D('',#2417,#1954,#1955);
#1528=AXIS2_PLACEMENT_3D('',#2418,#1956,#1957);
#1529=AXIS2_PLACEMENT_3D('',#2421,#1959,#1960);
#1530=AXIS2_PLACEMENT_3D('',#2422,#1961,#1962);
#1531=AXIS2_PLACEMENT_3D('',#2424,#1963,#1964);
#1532=AXIS2_PLACEMENT_3D('',#2428,#1966,#1967);
#1533=AXIS2_PLACEMENT_3D('',#2429,#1968,#1969);
#1534=AXIS2_PLACEMENT_3D('',#2430,#1970,#1971);
#1535=AXIS2_PLACEMENT_3D('',#2433,#1972,#1973);
#1536=AXIS2_PLACEMENT_3D('',#2435,#1975,#1976);
#1537=AXIS2_PLACEMENT_3D('',#2436,#1977,#1978);
#1538=AXIS2_PLACEMENT_3D('',#2439,#1980,#1981);
#1539=AXIS2_PLACEMENT_3D('',#2440,#1982,#1983);
#1540=AXIS2_PLACEMENT_3D('',#2442,#1985,#1986);
#1541=AXIS2_PLACEMENT_3D('',#2444,#1987,#1988);
#1542=AXIS2_PLACEMENT_3D('',#2446,#1990,#1991);
#1543=AXIS2_PLACEMENT_3D('',#2447,#1992,#1993);
#1544=AXIS2_PLACEMENT_3D('',#2448,#1994,#1995);
#1545=AXIS2_PLACEMENT_3D('',#2449,#1996,#1997);
#1546=AXIS2_PLACEMENT_3D('',#2450,#1998,#1999);
#1547=AXIS2_PLACEMENT_3D('',#2451,#2000,#2001);
#1548=AXIS2_PLACEMENT_3D('',#2452,#2002,#2003);
#1549=AXIS2_PLACEMENT_3D('',#2453,#2004,#2005);
#1550=DIRECTION('axis',(0.,0.,1.));
#1551=DIRECTION('refdir',(1.,0.,0.));
#1552=DIRECTION('axis',(0.,0.,1.));
#1553=DIRECTION('refdir',(1.,0.,0.));
#1554=DIRECTION('center_axis',(-1.,0.,0.));
#1555=DIRECTION('ref_axis',(0.,0.,1.));
#1556=DIRECTION('',(-1.,0.,0.));
#1557=DIRECTION('center_axis',(1.,0.,0.));
#1558=DIRECTION('ref_axis',(0.,0.,-1.));
#1559=DIRECTION('center_axis',(0.,1.,0.));
#1560=DIRECTION('ref_axis',(0.,0.,1.));
#1561=DIRECTION('center_axis',(0.,1.,0.));
#1562=DIRECTION('ref_axis',(0.,0.,1.));
#1563=DIRECTION('center_axis',(0.,1.,0.));
#1564=DIRECTION('ref_axis',(0.,0.,1.));
#1565=DIRECTION('',(-8.65956056235505E-17,0.707106781186538,-0.707106781186557));
#1566=DIRECTION('center_axis',(0.,-1.,-6.29830040509649E-17));
#1567=DIRECTION('ref_axis',(0.,-6.29830040509649E-17,1.));
#1568=DIRECTION('center_axis',(0.,-1.,0.));
#1569=DIRECTION('ref_axis',(0.,0.,-1.));
#1570=DIRECTION('center_axis',(0.,-1.,0.));
#1571=DIRECTION('ref_axis',(0.,0.,-1.));
#1572=DIRECTION('center_axis',(0.,-1.,0.));
#1573=DIRECTION('ref_axis',(0.,0.,-1.));
#1574=DIRECTION('',(-8.65956056235505E-17,-0.707106781186538,0.707106781186557));
#1575=DIRECTION('center_axis',(0.,1.,6.29830040509649E-17));
#1576=DIRECTION('ref_axis',(0.,6.29830040509649E-17,-1.));
#1577=DIRECTION('center_axis',(0.,1.,0.));
#1578=DIRECTION('ref_axis',(0.,0.,1.));
#1579=DIRECTION('center_axis',(0.,1.,0.));
#1580=DIRECTION('ref_axis',(0.,0.,1.));
#1581=DIRECTION('center_axis',(0.,1.,0.));
#1582=DIRECTION('ref_axis',(0.,0.,1.));
#1583=DIRECTION('',(-8.65956056235496E-17,0.707106781186545,-0.70710678118655));
#1584=DIRECTION('center_axis',(0.,-1.,-6.29830040509649E-17));
#1585=DIRECTION('ref_axis',(0.,-6.29830040509649E-17,1.));
#1586=DIRECTION('center_axis',(0.,-1.,0.));
#1587=DIRECTION('ref_axis',(0.,0.,-1.));
#1588=DIRECTION('center_axis',(0.,-1.,0.));
#1589=DIRECTION('ref_axis',(0.,0.,-1.));
#1590=DIRECTION('',(-8.65956056235502E-17,-0.70710678118654,0.707106781186555));
#1591=DIRECTION('center_axis',(0.,1.,6.29830040509649E-17));
#1592=DIRECTION('ref_axis',(0.,6.29830040509649E-17,-1.));
#1593=DIRECTION('center_axis',(0.,1.,0.));
#1594=DIRECTION('ref_axis',(0.,0.,1.));
#1595=DIRECTION('center_axis',(0.,1.,0.));
#1596=DIRECTION('ref_axis',(0.,0.,1.));
#1597=DIRECTION('center_axis',(0.,1.,0.));
#1598=DIRECTION('ref_axis',(0.,0.,1.));
#1599=DIRECTION('',(-8.65956056235522E-17,0.707106781186524,-0.707106781186571));
#1600=DIRECTION('center_axis',(0.,-1.,-6.29830040509649E-17));
#1601=DIRECTION('ref_axis',(0.,-6.29830040509649E-17,1.));
#1602=DIRECTION('center_axis',(0.,-1.,0.));
#1603=DIRECTION('ref_axis',(0.,0.,-1.));
#1604=DIRECTION('center_axis',(0.,-1.,0.));
#1605=DIRECTION('ref_axis',(0.,0.,-1.));
#1606=DIRECTION('',(-8.65956056235493E-17,-0.707106781186548,0.707106781186548));
#1607=DIRECTION('center_axis',(0.,1.,6.29830040509649E-17));
#1608=DIRECTION('ref_axis',(0.,6.29830040509649E-17,-1.));
#1609=DIRECTION('center_axis',(0.,1.,0.));
#1610=DIRECTION('ref_axis',(0.,0.,1.));
#1611=DIRECTION('center_axis',(0.,1.,0.));
#1612=DIRECTION('ref_axis',(0.,0.,1.));
#1613=DIRECTION('center_axis',(0.,1.,0.));
#1614=DIRECTION('ref_axis',(0.,0.,1.));
#1615=DIRECTION('',(-8.65956056235494E-17,0.707106781186547,-0.707106781186548));
#1616=DIRECTION('center_axis',(0.,-1.,-6.29830040509649E-17));
#1617=DIRECTION('ref_axis',(0.,-6.29830040509649E-17,1.));
#1618=DIRECTION('center_axis',(0.,-1.,0.));
#1619=DIRECTION('ref_axis',(0.,0.,-1.));
#1620=DIRECTION('center_axis',(0.,-1.,0.));
#1621=DIRECTION('ref_axis',(0.,0.,-1.));
#1622=DIRECTION('',(-8.65956056235487E-17,-0.707106781186553,0.707106781186542));
#1623=DIRECTION('center_axis',(0.,1.,6.29830040509649E-17));
#1624=DIRECTION('ref_axis',(0.,6.29830040509649E-17,-1.));
#1625=DIRECTION('center_axis',(0.,1.,0.));
#1626=DIRECTION('ref_axis',(0.,0.,1.));
#1627=DIRECTION('center_axis',(0.,1.,0.));
#1628=DIRECTION('ref_axis',(0.,0.,1.));
#1629=DIRECTION('center_axis',(0.,1.,0.));
#1630=DIRECTION('ref_axis',(0.,0.,1.));
#1631=DIRECTION('',(-8.65956056235508E-17,0.707106781186536,-0.707106781186559));
#1632=DIRECTION('center_axis',(0.,-1.,-6.29830040509649E-17));
#1633=DIRECTION('ref_axis',(0.,-6.29830040509649E-17,1.));
#1634=DIRECTION('center_axis',(0.,-1.,0.));
#1635=DIRECTION('ref_axis',(0.,0.,-1.));
#1636=DIRECTION('center_axis',(0.,-1.,0.));
#1637=DIRECTION('ref_axis',(0.,0.,-1.));
#1638=DIRECTION('center_axis',(0.,-1.,0.));
#1639=DIRECTION('ref_axis',(0.,0.,-1.));
#1640=DIRECTION('',(-8.65956056235482E-17,-0.707106781186557,0.707106781186538));
#1641=DIRECTION('center_axis',(0.,1.,6.29830040509649E-17));
#1642=DIRECTION('ref_axis',(0.,6.29830040509649E-17,-1.));
#1643=DIRECTION('center_axis',(0.,1.,0.));
#1644=DIRECTION('ref_axis',(0.,0.,1.));
#1645=DIRECTION('center_axis',(0.,1.,0.));
#1646=DIRECTION('ref_axis',(0.,0.,1.));
#1647=DIRECTION('center_axis',(0.,1.,0.));
#1648=DIRECTION('ref_axis',(0.,0.,1.));
#1649=DIRECTION('',(-8.65956056235497E-17,0.707106781186544,-0.707106781186551));
#1650=DIRECTION('center_axis',(0.,-1.,-6.29830040509649E-17));
#1651=DIRECTION('ref_axis',(0.,-6.29830040509649E-17,1.));
#1652=DIRECTION('center_axis',(0.,-1.,0.));
#1653=DIRECTION('ref_axis',(0.,0.,-1.));
#1654=DIRECTION('center_axis',(0.,-1.,0.));
#1655=DIRECTION('ref_axis',(0.,0.,-1.));
#1656=DIRECTION('',(-8.65956056235491E-17,-0.707106781186549,0.707106781186546));
#1657=DIRECTION('center_axis',(0.,1.,6.29830040509649E-17));
#1658=DIRECTION('ref_axis',(0.,6.29830040509649E-17,-1.));
#1659=DIRECTION('center_axis',(0.,1.,6.29830040509649E-17));
#1660=DIRECTION('ref_axis',(0.,-7.34790833257601E-17,1.));
#1661=DIRECTION('center_axis',(0.,1.,6.29830040509649E-17));
#1662=DIRECTION('ref_axis',(0.,6.29830040509649E-17,-1.));
#1663=DIRECTION('center_axis',(0.,1.,6.29830040509649E-17));
#1664=DIRECTION('ref_axis',(0.,6.29830040509649E-17,-1.));
#1665=DIRECTION('center_axis',(1.,7.7131934311699E-33,-1.22464679914735E-16));
#1666=DIRECTION('ref_axis',(-1.22464679914735E-16,4.59244270786001E-17,
-1.));
#1667=DIRECTION('center_axis',(0.,-1.,-6.29830040509649E-17));
#1668=DIRECTION('ref_axis',(0.,-6.29830040509649E-17,1.));
#1669=DIRECTION('center_axis',(-0.866029860989339,-2.64004406659378E-7,
0.499992279815115));
#1670=DIRECTION('ref_axis',(0.380249941385725,-0.649324664039248,0.658625434330068));
#1671=DIRECTION('center_axis',(0.,1.,0.));
#1672=DIRECTION('ref_axis',(0.,0.,-1.));
#1673=DIRECTION('center_axis',(0.866020946528777,-2.64002549894605E-7,-0.500007720113731));
#1674=DIRECTION('ref_axis',(0.381688098372812,-0.645967743967682,0.661089910158861));
#1675=DIRECTION('center_axis',(0.,-1.,-6.29830040509649E-17));
#1676=DIRECTION('ref_axis',(0.,-6.29830040509649E-17,1.));
#1677=DIRECTION('center_axis',(0.,1.,6.29830040509658E-17));
#1678=DIRECTION('ref_axis',(0.,-6.29830040509658E-17,1.));
#1679=DIRECTION('center_axis',(0.,1.,6.29830040509658E-17));
#1680=DIRECTION('ref_axis',(0.,6.29830040509658E-17,-1.));
#1681=DIRECTION('',(8.65956056235501E-17,-0.707106781186541,0.707106781186554));
#1682=DIRECTION('center_axis',(0.,-1.,-6.29830040509649E-17));
#1683=DIRECTION('ref_axis',(0.,6.29830040509649E-17,-1.));
#1684=DIRECTION('center_axis',(0.,-1.,-6.29830040509657E-17));
#1685=DIRECTION('ref_axis',(0.500000000000002,-5.45448815147945E-17,0.866025403784438));
#1686=DIRECTION('center_axis',(0.,1.,6.29830040509649E-17));
#1687=DIRECTION('ref_axis',(0.,-6.29830040509649E-17,1.));
#1688=DIRECTION('',(0.353626401105209,0.7069607300024,0.612498893611941));
#1689=DIRECTION('center_axis',(0.,-1.,-6.29830040509657E-17));
#1690=DIRECTION('ref_axis',(0.,-6.29830040509657E-17,1.));
#1691=DIRECTION('center_axis',(0.,-1.,-6.29830040509657E-17));
#1692=DIRECTION('ref_axis',(0.,-6.29830040509657E-17,1.));
#1693=DIRECTION('',(-0.353626401105209,-0.706960730002394,-0.612498893611947));
#1694=DIRECTION('center_axis',(-6.79181100898363E-17,-1.,-2.37704649077462E-17));
#1695=DIRECTION('ref_axis',(1.,-6.79181100898363E-17,-1.6144450524909E-33));
#1696=DIRECTION('',(-6.79181100898363E-17,-1.,-2.37704649077462E-17));
#1697=DIRECTION('center_axis',(-6.79181100898372E-17,-1.,-1.02195543194182E-16));
#1698=DIRECTION('ref_axis',(6.94092815335317E-33,1.02195543194182E-16,-1.));
#1699=DIRECTION('',(-6.79181100898372E-17,-1.,-1.02195543194182E-16));
#1700=DIRECTION('center_axis',(-5.47639394668805E-31,-1.,-1.41408082337401E-16));
#1701=DIRECTION('ref_axis',(7.74406366125307E-47,1.41408082337401E-16,-1.));
#1702=DIRECTION('',(-5.47639394668805E-31,-1.,-1.41408082337401E-16));
#1703=DIRECTION('center_axis',(6.79181100898366E-17,-1.,-1.02195543194183E-16));
#1704=DIRECTION('ref_axis',(-6.94092815335318E-33,1.02195543194183E-16,
-1.));
#1705=DIRECTION('',(6.79181100898366E-17,-1.,-1.02195543194183E-16));
#1706=DIRECTION('center_axis',(6.79181100898369E-17,-1.,-2.37704649077472E-17));
#1707=DIRECTION('ref_axis',(1.,6.79181100898369E-17,1.61444505249098E-33));
#1708=DIRECTION('',(6.79181100898369E-17,-1.,-2.37704649077472E-17));
#1709=DIRECTION('center_axis',(0.,-1.,1.54420742354709E-17));
#1710=DIRECTION('ref_axis',(0.,-1.54420742354709E-17,-1.));
#1711=DIRECTION('',(0.,-1.,1.54420742354709E-17));
#1712=DIRECTION('center_axis',(0.,1.,6.29830040509649E-17));
#1713=DIRECTION('ref_axis',(0.,-6.29830040509649E-17,1.));
#1714=DIRECTION('center_axis',(0.,1.,6.29830040509649E-17));
#1715=DIRECTION('ref_axis',(0.,-6.29830040509649E-17,1.));
#1716=DIRECTION('',(0.,1.,6.29830040509649E-17));
#1717=DIRECTION('center_axis',(0.,1.,6.29830040509649E-17));
#1718=DIRECTION('ref_axis',(0.,-6.29830040509649E-17,1.));
#1719=DIRECTION('center_axis',(0.,1.,6.29830040509649E-17));
#1720=DIRECTION('ref_axis',(0.,-6.29830040509649E-17,1.));
#1721=DIRECTION('',(1.15079156022785E-16,-0.342020143325672,0.939692620785907));
#1722=DIRECTION('center_axis',(0.,1.,6.29830040509649E-17));
#1723=DIRECTION('ref_axis',(0.,-6.29830040509649E-17,1.));
#1724=DIRECTION('center_axis',(0.,1.,6.29830040509649E-17));
#1725=DIRECTION('ref_axis',(0.,-6.29830040509649E-17,1.));
#1726=DIRECTION('center_axis',(0.,-1.,-6.29830040509649E-17));
#1727=DIRECTION('ref_axis',(0.,6.29830040509649E-17,-1.));
#1728=DIRECTION('center_axis',(0.,1.,6.29830040509649E-17));
#1729=DIRECTION('ref_axis',(0.,-6.29830040509649E-17,1.));
#1730=DIRECTION('',(-4.18853873767704E-17,-0.939692620785907,0.342020143325673));
#1731=DIRECTION('center_axis',(0.,1.,6.29830040509649E-17));
#1732=DIRECTION('ref_axis',(0.,-6.29830040509649E-17,1.));
#1733=DIRECTION('center_axis',(0.,1.,6.29830040509649E-17));
#1734=DIRECTION('ref_axis',(0.,-6.29830040509649E-17,1.));
#1735=DIRECTION('',(-4.18853873767702E-17,0.939692620785907,-0.342020143325671));
#1736=DIRECTION('center_axis',(0.,1.,6.29830040509649E-17));
#1737=DIRECTION('ref_axis',(0.,-6.29830040509649E-17,1.));
#1738=DIRECTION('center_axis',(0.,1.,6.29830040509649E-17));
#1739=DIRECTION('ref_axis',(0.,-6.29830040509649E-17,1.));
#1740=DIRECTION('center_axis',(0.,-1.,-6.29830040509649E-17));
#1741=DIRECTION('ref_axis',(0.,6.29830040509649E-17,-1.));
#1742=DIRECTION('',(1.15079156022785E-16,0.342020143325672,-0.939692620785907));
#1743=DIRECTION('center_axis',(0.,1.,6.29830040509649E-17));
#1744=DIRECTION('ref_axis',(0.500000000000003,-5.45448815147937E-17,0.866025403784437));
#1745=DIRECTION('',(0.,-1.,-6.29830040509649E-17));
#1746=DIRECTION('center_axis',(0.,1.,6.29830040509649E-17));
#1747=DIRECTION('ref_axis',(0.,-6.29830040509649E-17,1.));
#1748=DIRECTION('',(0.,1.,6.29830040509649E-17));
#1749=DIRECTION('center_axis',(0.,1.,0.));
#1750=DIRECTION('ref_axis',(0.,0.,1.));
#1751=DIRECTION('center_axis',(0.,-1.,-6.29830040509649E-17));
#1752=DIRECTION('ref_axis',(0.,6.29830040509649E-17,-1.));
#1753=DIRECTION('',(0.,1.,0.));
#1754=DIRECTION('center_axis',(0.,1.,6.29830040509649E-17));
#1755=DIRECTION('ref_axis',(0.,-6.29830040509649E-17,1.));
#1756=DIRECTION('center_axis',(-1.,0.,0.));
#1757=DIRECTION('ref_axis',(0.,0.,1.));
#1758=DIRECTION('center_axis',(1.,0.,0.));
#1759=DIRECTION('ref_axis',(0.,0.,-1.));
#1760=DIRECTION('',(-1.,0.,0.));
#1761=DIRECTION('center_axis',(0.,1.,6.29830040509649E-17));
#1762=DIRECTION('ref_axis',(0.,-6.29830040509649E-17,1.));
#1763=DIRECTION('',(0.,-1.,-6.29830040509649E-17));
#1764=DIRECTION('',(0.,1.,6.29830040509649E-17));
#1765=DIRECTION('center_axis',(0.,1.,0.));
#1766=DIRECTION('ref_axis',(8.88178419700125E-16,0.,-1.));
#1767=DIRECTION('',(0.,-1.,-6.29830040509649E-17));
#1768=DIRECTION('center_axis',(0.,-1.,-6.29830040509649E-17));
#1769=DIRECTION('ref_axis',(0.,6.29830040509649E-17,-1.));
#1770=DIRECTION('center_axis',(0.,1.,6.29830040509649E-17));
#1771=DIRECTION('ref_axis',(0.,-6.29830040509649E-17,1.));
#1772=DIRECTION('',(0.5,0.,0.866025403784439));
#1773=DIRECTION('',(-0.5,0.,-0.866025403784439));
#1774=DIRECTION('center_axis',(0.,1.,6.29830040509649E-17));
#1775=DIRECTION('ref_axis',(0.,-6.29830040509649E-17,1.));
#1776=DIRECTION('center_axis',(0.,-1.,-6.29830040509649E-17));
#1777=DIRECTION('ref_axis',(0.,6.29830040509649E-17,-1.));
#1778=DIRECTION('center_axis',(0.,-1.,0.));
#1779=DIRECTION('ref_axis',(0.,0.,-1.));
#1780=DIRECTION('',(0.5,0.,0.866025403784439));
#1781=DIRECTION('',(-0.5,0.,-0.866025403784439));
#1782=DIRECTION('center_axis',(-0.866025403784439,7.72103711773545E-18,
0.5));
#1783=DIRECTION('ref_axis',(0.5,-3.85185988877447E-34,0.866025403784439));
#1784=DIRECTION('center_axis',(0.866025403784439,-7.72103711773545E-18,
-0.5));
#1785=DIRECTION('ref_axis',(-0.5,3.85185988877447E-34,-0.866025403784439));
#1786=DIRECTION('center_axis',(1.,0.,0.));
#1787=DIRECTION('ref_axis',(0.,0.,-1.));
#1788=DIRECTION('axis',(0.,0.,1.));
#1789=DIRECTION('refdir',(1.,0.,0.));
#1790=DIRECTION('axis',(0.,0.,1.));
#1791=DIRECTION('refdir',(1.,0.,0.));
#1792=DIRECTION('center_axis',(0.,-1.,0.));
#1793=DIRECTION('ref_axis',(0.,0.,-1.));
#1794=DIRECTION('center_axis',(0.,1.,0.));
#1795=DIRECTION('ref_axis',(0.,0.,1.));
#1796=DIRECTION('',(0.,-1.,0.));
#1797=DIRECTION('center_axis',(0.,1.,0.));
#1798=DIRECTION('ref_axis',(0.,0.,1.));
#1799=DIRECTION('center_axis',(0.,-1.,0.));
#1800=DIRECTION('ref_axis',(0.,0.,-1.));
#1801=DIRECTION('center_axis',(0.,1.,0.));
#1802=DIRECTION('ref_axis',(0.,0.,1.));
#1803=DIRECTION('',(0.,1.,0.));
#1804=DIRECTION('center_axis',(0.,1.,0.));
#1805=DIRECTION('ref_axis',(0.,0.,1.));
#1806=DIRECTION('center_axis',(0.,1.,0.));
#1807=DIRECTION('ref_axis',(0.,0.,1.));
#1808=DIRECTION('center_axis',(0.,1.,0.));
#1809=DIRECTION('ref_axis',(0.,0.,1.));
#1810=DIRECTION('axis',(0.,0.,1.));
#1811=DIRECTION('refdir',(1.,0.,0.));
#1812=DIRECTION('center_axis',(0.,1.,0.));
#1813=DIRECTION('ref_axis',(0.,0.,1.));
#1814=DIRECTION('center_axis',(0.,1.,0.));
#1815=DIRECTION('ref_axis',(0.,0.,1.));
#1816=DIRECTION('',(-8.6595605623548E-17,0.707106781186558,-0.707106781186537));
#1817=DIRECTION('center_axis',(0.,-1.,0.));
#1818=DIRECTION('ref_axis',(0.,0.,1.));
#1819=DIRECTION('center_axis',(0.,-1.,0.));
#1820=DIRECTION('ref_axis',(0.,0.,-1.));
#1821=DIRECTION('center_axis',(0.,-1.,0.));
#1822=DIRECTION('ref_axis',(0.,0.,-1.));
#1823=DIRECTION('',(-8.65956056235493E-17,-0.707106781186548,0.707106781186548));
#1824=DIRECTION('center_axis',(0.,1.,0.));
#1825=DIRECTION('ref_axis',(0.,0.,-1.));
#1826=DIRECTION('center_axis',(0.,-1.,0.));
#1827=DIRECTION('ref_axis',(0.,0.,-1.));
#1828=DIRECTION('center_axis',(0.,-1.,0.));
#1829=DIRECTION('ref_axis',(0.,0.,-1.));
#1830=DIRECTION('',(0.,-1.,0.));
#1831=DIRECTION('center_axis',(0.,1.,0.));
#1832=DIRECTION('ref_axis',(0.,0.,1.));
#1833=DIRECTION('center_axis',(0.,1.,0.));
#1834=DIRECTION('ref_axis',(0.,0.,1.));
#1835=DIRECTION('center_axis',(0.,1.,0.));
#1836=DIRECTION('ref_axis',(0.,0.,1.));
#1837=DIRECTION('',(-8.65956056235485E-17,0.707106781186554,-0.707106781186541));
#1838=DIRECTION('center_axis',(0.,-1.,0.));
#1839=DIRECTION('ref_axis',(0.,0.,1.));
#1840=DIRECTION('center_axis',(0.,-1.,0.));
#1841=DIRECTION('ref_axis',(0.,0.,-1.));
#1842=DIRECTION('center_axis',(0.,-1.,0.));
#1843=DIRECTION('ref_axis',(0.,0.,-1.));
#1844=DIRECTION('',(-8.65956056235495E-17,-0.707106781186546,0.707106781186549));
#1845=DIRECTION('center_axis',(0.,1.,0.));
#1846=DIRECTION('ref_axis',(0.,0.,-1.));
#1847=DIRECTION('center_axis',(0.,1.,0.));
#1848=DIRECTION('ref_axis',(0.,0.,1.));
#1849=DIRECTION('center_axis',(0.,1.,0.));
#1850=DIRECTION('ref_axis',(0.,0.,1.));
#1851=DIRECTION('center_axis',(0.,1.,0.));
#1852=DIRECTION('ref_axis',(0.,0.,1.));
#1853=DIRECTION('',(-8.6595605623549E-17,0.70710678118655,-0.707106781186545));
#1854=DIRECTION('center_axis',(0.,-1.,0.));
#1855=DIRECTION('ref_axis',(0.,0.,1.));
#1856=DIRECTION('center_axis',(0.,-1.,0.));
#1857=DIRECTION('ref_axis',(0.,0.,-1.));
#1858=DIRECTION('center_axis',(0.,-1.,0.));
#1859=DIRECTION('ref_axis',(0.,0.,-1.));
#1860=DIRECTION('',(-8.6595605623549E-17,-0.70710678118655,0.707106781186545));
#1861=DIRECTION('center_axis',(0.,1.,0.));
#1862=DIRECTION('ref_axis',(0.,0.,-1.));
#1863=DIRECTION('center_axis',(0.,1.,0.));
#1864=DIRECTION('ref_axis',(0.,0.,1.));
#1865=DIRECTION('center_axis',(0.,1.,0.));
#1866=DIRECTION('ref_axis',(0.,0.,1.));
#1867=DIRECTION('center_axis',(0.,1.,0.));
#1868=DIRECTION('ref_axis',(0.,0.,1.));
#1869=DIRECTION('',(-8.65956056235491E-17,0.707106781186549,-0.707106781186546));
#1870=DIRECTION('center_axis',(0.,-1.,0.));
#1871=DIRECTION('ref_axis',(0.,0.,1.));
#1872=DIRECTION('center_axis',(0.,-1.,0.));
#1873=DIRECTION('ref_axis',(0.,0.,-1.));
#1874=DIRECTION('center_axis',(0.,-1.,0.));
#1875=DIRECTION('ref_axis',(0.,0.,-1.));
#1876=DIRECTION('',(-8.65956056235501E-17,-0.707106781186541,0.707106781186554));
#1877=DIRECTION('center_axis',(0.,1.,0.));
#1878=DIRECTION('ref_axis',(0.,0.,-1.));
#1879=DIRECTION('center_axis',(0.,1.,0.));
#1880=DIRECTION('ref_axis',(0.,0.,1.));
#1881=DIRECTION('center_axis',(0.,1.,0.));
#1882=DIRECTION('ref_axis',(0.,0.,1.));
#1883=DIRECTION('center_axis',(0.,1.,0.));
#1884=DIRECTION('ref_axis',(0.,0.,1.));
#1885=DIRECTION('',(-8.65956056235491E-17,0.70710678118655,-0.707106781186545));
#1886=DIRECTION('center_axis',(0.,-1.,0.));
#1887=DIRECTION('ref_axis',(0.,0.,1.));
#1888=DIRECTION('center_axis',(0.,-1.,0.));
#1889=DIRECTION('ref_axis',(0.,0.,-1.));
#1890=DIRECTION('center_axis',(0.,-1.,0.));
#1891=DIRECTION('ref_axis',(0.,0.,-1.));
#1892=DIRECTION('',(-8.65956056235497E-17,-0.707106781186545,0.707106781186551));
#1893=DIRECTION('center_axis',(0.,1.,0.));
#1894=DIRECTION('ref_axis',(0.,0.,-1.));
#1895=DIRECTION('center_axis',(0.,1.,0.));
#1896=DIRECTION('ref_axis',(0.,0.,1.));
#1897=DIRECTION('center_axis',(0.,1.,0.));
#1898=DIRECTION('ref_axis',(0.,0.,1.));
#1899=DIRECTION('center_axis',(0.,1.,0.));
#1900=DIRECTION('ref_axis',(0.,0.,1.));
#1901=DIRECTION('',(-8.6595605623549E-17,0.70710678118655,-0.707106781186545));
#1902=DIRECTION('center_axis',(0.,-1.,0.));
#1903=DIRECTION('ref_axis',(0.,0.,1.));
#1904=DIRECTION('center_axis',(0.,-1.,0.));
#1905=DIRECTION('ref_axis',(0.,0.,-1.));
#1906=DIRECTION('center_axis',(0.,-1.,0.));
#1907=DIRECTION('ref_axis',(0.,0.,-1.));
#1908=DIRECTION('',(-8.6595605623549E-17,-0.70710678118655,0.707106781186545));
#1909=DIRECTION('center_axis',(0.,1.,0.));
#1910=DIRECTION('ref_axis',(0.,0.,-1.));
#1911=DIRECTION('center_axis',(0.,1.,0.));
#1912=DIRECTION('ref_axis',(0.,0.,1.));
#1913=DIRECTION('center_axis',(0.,1.,0.));
#1914=DIRECTION('ref_axis',(0.,0.,1.));
#1915=DIRECTION('center_axis',(0.,1.,0.));
#1916=DIRECTION('ref_axis',(0.,0.,1.));
#1917=DIRECTION('',(-8.65956056235497E-17,0.707106781186544,-0.707106781186551));
#1918=DIRECTION('center_axis',(0.,-1.,0.));
#1919=DIRECTION('ref_axis',(0.,0.,1.));
#1920=DIRECTION('center_axis',(0.,-1.,0.));
#1921=DIRECTION('ref_axis',(0.,0.,-1.));
#1922=DIRECTION('center_axis',(0.,-1.,0.));
#1923=DIRECTION('ref_axis',(0.,0.,-1.));
#1924=DIRECTION('',(-8.65956056235483E-17,-0.707106781186556,0.707106781186539));
#1925=DIRECTION('center_axis',(0.,1.,0.));
#1926=DIRECTION('ref_axis',(0.,0.,-1.));
#1927=DIRECTION('center_axis',(0.,-1.,0.));
#1928=DIRECTION('ref_axis',(0.,0.,-1.));
#1929=DIRECTION('',(0.,-1.,0.));
#1930=DIRECTION('center_axis',(0.,-1.,0.));
#1931=DIRECTION('ref_axis',(0.,0.,-1.));
#1932=DIRECTION('',(0.,-1.,0.));
#1933=DIRECTION('center_axis',(0.,-1.,0.));
#1934=DIRECTION('ref_axis',(0.,0.,-1.));
#1935=DIRECTION('',(0.,-1.,0.));
#1936=DIRECTION('center_axis',(0.,-1.,0.));
#1937=DIRECTION('ref_axis',(0.,0.,-1.));
#1938=DIRECTION('',(0.,-1.,0.));
#1939=DIRECTION('center_axis',(0.,-1.,0.));
#1940=DIRECTION('ref_axis',(0.,0.,-1.));
#1941=DIRECTION('',(0.,-1.,0.));
#1942=DIRECTION('center_axis',(0.,-1.,0.));
#1943=DIRECTION('ref_axis',(0.,0.,-1.));
#1944=DIRECTION('',(0.,-1.,0.));
#1945=DIRECTION('center_axis',(0.,1.,0.));
#1946=DIRECTION('ref_axis',(0.,0.,1.));
#1947=DIRECTION('center_axis',(0.,1.,0.));
#1948=DIRECTION('ref_axis',(0.,0.,-1.));
#1949=DIRECTION('',(8.65956056235503E-17,-0.707106781186539,0.707106781186556));
#1950=DIRECTION('center_axis',(0.,-1.,0.));
#1951=DIRECTION('ref_axis',(0.,0.,-1.));
#1952=DIRECTION('center_axis',(0.,-1.,0.));
#1953=DIRECTION('ref_axis',(0.,0.,-1.));
#1954=DIRECTION('center_axis',(0.,-1.,0.));
#1955=DIRECTION('ref_axis',(0.,0.,1.));
#1956=DIRECTION('center_axis',(0.,-1.,0.));
#1957=DIRECTION('ref_axis',(0.,0.,1.));
#1958=DIRECTION('',(8.65956056235493E-17,0.707106781186548,-0.707106781186548));
#1959=DIRECTION('center_axis',(0.,1.,0.));
#1960=DIRECTION('ref_axis',(0.,0.,1.));
#1961=DIRECTION('center_axis',(0.,1.,0.));
#1962=DIRECTION('ref_axis',(0.,0.,1.));
#1963=DIRECTION('center_axis',(0.,1.,0.));
#1964=DIRECTION('ref_axis',(0.,0.,1.));
#1965=DIRECTION('',(-4.18853873767707E-17,0.939692620785906,-0.342020143325675));
#1966=DIRECTION('center_axis',(0.,1.,0.));
#1967=DIRECTION('ref_axis',(0.,0.,1.));
#1968=DIRECTION('center_axis',(0.,1.,0.));
#1969=DIRECTION('ref_axis',(0.,0.,1.));
#1970=DIRECTION('center_axis',(0.,-1.,0.));
#1971=DIRECTION('ref_axis',(0.,0.,-1.));
#1972=DIRECTION('center_axis',(0.,1.,0.));
#1973=DIRECTION('ref_axis',(0.,0.,1.));
#1974=DIRECTION('',(1.15079156022785E-16,0.342020143325675,-0.939692620785906));
#1975=DIRECTION('center_axis',(0.,1.,0.));
#1976=DIRECTION('ref_axis',(0.,0.,1.));
#1977=DIRECTION('center_axis',(0.,1.,0.));
#1978=DIRECTION('ref_axis',(0.,0.,1.));
#1979=DIRECTION('',(0.,1.,0.));
#1980=DIRECTION('center_axis',(0.,1.,0.));
#1981=DIRECTION('ref_axis',(0.,0.,1.));
#1982=DIRECTION('center_axis',(0.,1.,0.));
#1983=DIRECTION('ref_axis',(0.,0.,1.));
#1984=DIRECTION('',(0.,-1.,0.));
#1985=DIRECTION('center_axis',(0.,1.,0.));
#1986=DIRECTION('ref_axis',(0.,0.,1.));
#1987=DIRECTION('center_axis',(0.,1.,0.));
#1988=DIRECTION('ref_axis',(0.,0.,-1.));
#1989=DIRECTION('',(0.,1.,0.));
#1990=DIRECTION('center_axis',(0.,-1.,0.));
#1991=DIRECTION('ref_axis',(0.,0.,-1.));
#1992=DIRECTION('center_axis',(0.,1.,0.));
#1993=DIRECTION('ref_axis',(0.,0.,1.));
#1994=DIRECTION('center_axis',(0.,1.,0.));
#1995=DIRECTION('ref_axis',(0.,0.,1.));
#1996=DIRECTION('center_axis',(0.,-1.,0.));
#1997=DIRECTION('ref_axis',(0.,0.,-1.));
#1998=DIRECTION('',(0.,0.,1.));
#1999=DIRECTION('',(1.,0.,0.));
#2000=DIRECTION('',(0.,0.,1.));
#2001=DIRECTION('',(1.,0.,0.));
#2002=DIRECTION('',(0.,0.,1.));
#2003=DIRECTION('',(1.,0.,0.));
#2004=DIRECTION('',(0.,4.16333634234434E-17,1.));
#2005=DIRECTION('',(0.,-1.,4.16333634234434E-17));
#2006=CARTESIAN_POINT('',(0.,0.,0.));
#2007=CARTESIAN_POINT('',(0.,0.,0.));
#2008=CARTESIAN_POINT('Origin',(35.,0.,0.));
#2009=CARTESIAN_POINT('',(34.0734500748017,9.79717311754832E-16,-8.));
#2010=CARTESIAN_POINT('Ctrl Pts',(34.0734500748016,0.,8.));
#2011=CARTESIAN_POINT('Ctrl Pts',(34.0734500748016,1.00839434326266,8.));
#2012=CARTESIAN_POINT('Ctrl Pts',(34.1228681135615,2.0814587528029,7.79773997205286));
#2013=CARTESIAN_POINT('Ctrl Pts',(34.2994354613241,4.05137309665991,6.98022922219774));
#2014=CARTESIAN_POINT('Ctrl Pts',(34.4238269359021,4.94854571557095,6.36516278341381));
#2015=CARTESIAN_POINT('Ctrl Pts',(34.6558259997338,6.36509426953068,4.94861422945408));
#2016=CARTESIAN_POINT('Ctrl Pts',(34.7787837542793,6.98021424806595,4.05141282049755));
#2017=CARTESIAN_POINT('Ctrl Pts',(34.9520461550414,7.79776395744697,2.08139731494486));
#2018=CARTESIAN_POINT('Ctrl Pts',(35.,8.,1.0082968024187));
#2019=CARTESIAN_POINT('Ctrl Pts',(35.,8.,-1.0082968024187));
#2020=CARTESIAN_POINT('Ctrl Pts',(34.9520461550414,7.79776395744697,-2.08139731494486));
#2021=CARTESIAN_POINT('Ctrl Pts',(34.7787837542793,6.98021424806595,-4.05141282049755));
#2022=CARTESIAN_POINT('Ctrl Pts',(34.6558259997338,6.36509426953068,-4.94861422945408));
#2023=CARTESIAN_POINT('Ctrl Pts',(34.4238269359021,4.94854571557095,-6.36516278341381));
#2024=CARTESIAN_POINT('Ctrl Pts',(34.2994354613241,4.05137309665991,-6.98022922219773));
#2025=CARTESIAN_POINT('Ctrl Pts',(34.1228681135615,2.08145875280291,-7.79773997205286));
#2026=CARTESIAN_POINT('Ctrl Pts',(34.0734500748016,1.00839434326266,-8.));
#2027=CARTESIAN_POINT('Ctrl Pts',(34.0734500748016,-1.00839434326266,-8.));
#2028=CARTESIAN_POINT('Ctrl Pts',(34.1228681135615,-2.0814587528029,-7.79773997205286));
#2029=CARTESIAN_POINT('Ctrl Pts',(34.2994354613241,-4.05137309665991,-6.98022922219774));
#2030=CARTESIAN_POINT('Ctrl Pts',(34.4238269359021,-4.94854571557095,-6.36516278341381));
#2031=CARTESIAN_POINT('Ctrl Pts',(34.6558259997338,-6.36509426953068,-4.94861422945409));
#2032=CARTESIAN_POINT('Ctrl Pts',(34.7787837542793,-6.98021424806595,-4.05141282049755));
#2033=CARTESIAN_POINT('Ctrl Pts',(34.9520461550414,-7.79776395744697,-2.08139731494486));
#2034=CARTESIAN_POINT('Ctrl Pts',(35.,-8.,-1.0082968024187));
#2035=CARTESIAN_POINT('Ctrl Pts',(35.,-8.,1.00829680241869));
#2036=CARTESIAN_POINT('Ctrl Pts',(34.9520461550414,-7.79776395744697,2.08139731494486));
#2037=CARTESIAN_POINT('Ctrl Pts',(34.7787837542793,-6.98021424806595,4.05141282049755));
#2038=CARTESIAN_POINT('Ctrl Pts',(34.6558259997338,-6.36509426953068,4.94861422945408));
#2039=CARTESIAN_POINT('Ctrl Pts',(34.4238269359021,-4.94854571557095,6.36516278341381));
#2040=CARTESIAN_POINT('Ctrl Pts',(34.2994354613241,-4.05137309665991,6.98022922219774));
#2041=CARTESIAN_POINT('Ctrl Pts',(34.1228681135615,-2.0814587528029,7.79773997205286));
#2042=CARTESIAN_POINT('Ctrl Pts',(34.0734500748016,-1.00839434326266,8.));
#2043=CARTESIAN_POINT('Ctrl Pts',(34.0734500748016,2.77555756156289E-16,
8.));
#2044=CARTESIAN_POINT('',(32.,-9.79717439317883E-16,-8.));
#2045=CARTESIAN_POINT('',(35.,-9.79717439317883E-16,-8.));
#2046=CARTESIAN_POINT('Origin',(32.,0.,0.));
#2047=CARTESIAN_POINT('Origin',(-25.4178456010731,9.5,14.6750000000003));
#2048=CARTESIAN_POINT('',(-28.7678456010731,9.2,14.6750000000003));
#2049=CARTESIAN_POINT('',(-25.4178456010731,9.2,11.3250000000003));
#2050=CARTESIAN_POINT('Origin',(-25.4178456010731,9.2,14.6750000000003));
#2051=CARTESIAN_POINT('Origin',(-25.4178456010731,9.2,14.6750000000003));
#2052=CARTESIAN_POINT('',(-25.4178456010731,9.5,11.0250000000003));
#2053=CARTESIAN_POINT('',(-25.4178456010731,9.5,11.0250000000003));
#2054=CARTESIAN_POINT('Origin',(-25.4178456010731,9.5,14.6750000000003));
#2055=CARTESIAN_POINT('Origin',(-25.4178456010731,-9.19999999999997,14.6750000000003));
#2056=CARTESIAN_POINT('',(-28.7678456010731,-9.19999999999997,14.6750000000003));
#2057=CARTESIAN_POINT('',(-25.4178456010731,-9.19999999999997,18.0250000000003));
#2058=CARTESIAN_POINT('Origin',(-25.4178456010731,-9.19999999999997,14.6750000000003));
#2059=CARTESIAN_POINT('Origin',(-25.4178456010731,-9.19999999999997,14.6750000000003));
#2060=CARTESIAN_POINT('',(-25.4178456010731,-9.5,18.3250000000003));
#2061=CARTESIAN_POINT('',(-25.4178456010731,-9.19999999999997,18.0250000000003));
#2062=CARTESIAN_POINT('Origin',(-25.4178456010731,-9.5,14.6750000000003));
#2063=CARTESIAN_POINT('Origin',(-25.4178456010734,9.5,-14.6749999999998));
#2064=CARTESIAN_POINT('',(-25.4178456010734,9.20000000000002,-11.3249999999998));
#2065=CARTESIAN_POINT('',(-25.4178456010734,9.20000000000002,-18.0249999999998));
#2066=CARTESIAN_POINT('Origin',(-25.4178456010734,9.20000000000002,-14.6749999999998));
#2067=CARTESIAN_POINT('Origin',(-25.4178456010734,9.20000000000002,-14.6749999999998));
#2068=CARTESIAN_POINT('',(-25.4178456010734,9.5,-18.3249999999998));
#2069=CARTESIAN_POINT('',(-25.4178456010734,9.5,-18.3249999999998));
#2070=CARTESIAN_POINT('Origin',(-25.4178456010734,9.5,-14.6749999999998));
#2071=CARTESIAN_POINT('Origin',(-25.4178456010734,-9.2,-14.6749999999998));
#2072=CARTESIAN_POINT('',(-25.4178456010734,-9.2,-11.3249999999998));
#2073=CARTESIAN_POINT('Origin',(-25.4178456010734,-9.2,-14.6749999999998));
#2074=CARTESIAN_POINT('',(-25.4178456010734,-9.5,-11.0249999999998));
#2075=CARTESIAN_POINT('',(-25.4178456010734,-9.2,-11.3249999999998));
#2076=CARTESIAN_POINT('Origin',(-25.4178456010734,-9.5,-14.6749999999998));
#2077=CARTESIAN_POINT('Origin',(-2.04949954590092E-13,9.5,-29.35));
#2078=CARTESIAN_POINT('',(-2.04539697912378E-13,9.2,-26.));
#2079=CARTESIAN_POINT('',(-2.05360211267806E-13,9.2,-32.7));
#2080=CARTESIAN_POINT('Origin',(-2.04949954590092E-13,9.2,-29.35));
#2081=CARTESIAN_POINT('Origin',(-2.04949954590092E-13,9.2,-29.35));
#2082=CARTESIAN_POINT('',(-2.05396950671781E-13,9.5,-33.));
#2083=CARTESIAN_POINT('',(-2.05396950671781E-13,9.5,-33.));
#2084=CARTESIAN_POINT('Origin',(-2.04949954590092E-13,9.5,-29.35));
#2085=CARTESIAN_POINT('Origin',(-2.04949954590092E-13,-9.20000000000001,
-29.35));
#2086=CARTESIAN_POINT('',(-2.05360211267806E-13,-9.20000000000001,-26.));
#2087=CARTESIAN_POINT('Origin',(-2.04949954590092E-13,-9.20000000000001,
-29.35));
#2088=CARTESIAN_POINT('',(-2.05396950671781E-13,-9.5,-25.7));
#2089=CARTESIAN_POINT('',(-2.05360211267806E-13,-9.20000000000001,-26.));
#2090=CARTESIAN_POINT('Origin',(-2.04949954590092E-13,-9.5,-29.35));
#2091=CARTESIAN_POINT('Origin',(25.4178456010732,9.5,-14.6750000000001));
#2092=CARTESIAN_POINT('',(25.4178456010732,9.20000000000002,-11.3250000000001));
#2093=CARTESIAN_POINT('',(25.4178456010732,9.20000000000002,-18.0250000000001));
#2094=CARTESIAN_POINT('Origin',(25.4178456010732,9.20000000000002,-14.6750000000001));
#2095=CARTESIAN_POINT('Origin',(25.4178456010732,9.20000000000002,-14.6750000000001));
#2096=CARTESIAN_POINT('',(25.4178456010732,9.5,-18.3250000000001));
#2097=CARTESIAN_POINT('',(25.4178456010732,9.5,-18.3250000000001));
#2098=CARTESIAN_POINT('Origin',(25.4178456010732,9.5,-14.6750000000001));
#2099=CARTESIAN_POINT('Origin',(25.4178456010732,-9.19999999999996,-14.6750000000001));
#2100=CARTESIAN_POINT('',(25.4178456010732,-9.19999999999995,-11.3250000000001));
#2101=CARTESIAN_POINT('Origin',(25.4178456010732,-9.19999999999995,-14.6750000000001));
#2102=CARTESIAN_POINT('',(25.4178456010732,-9.5,-11.0250000000001));
#2103=CARTESIAN_POINT('',(25.4178456010732,-9.19999999999996,-11.3250000000001));
#2104=CARTESIAN_POINT('Origin',(25.4178456010732,-9.5,-14.6750000000001));
#2105=CARTESIAN_POINT('Origin',(25.4178456010733,9.5,14.6749999999999));
#2106=CARTESIAN_POINT('',(22.0678456010733,9.2,14.6749999999999));
#2107=CARTESIAN_POINT('',(25.4178456010733,9.2,11.3249999999999));
#2108=CARTESIAN_POINT('Origin',(25.4178456010733,9.2,14.6749999999999));
#2109=CARTESIAN_POINT('Origin',(25.4178456010733,9.2,14.6749999999999));
#2110=CARTESIAN_POINT('',(25.4178456010733,9.5,11.0249999999999));
#2111=CARTESIAN_POINT('',(25.4178456010733,9.5,11.0249999999999));
#2112=CARTESIAN_POINT('Origin',(25.4178456010733,9.5,14.6749999999999));
#2113=CARTESIAN_POINT('Origin',(25.4178456010733,-9.19999999999999,14.6749999999999));
#2114=CARTESIAN_POINT('',(22.0678456010733,-9.19999999999999,14.6749999999999));
#2115=CARTESIAN_POINT('',(25.4178456010733,-9.19999999999999,18.0249999999999));
#2116=CARTESIAN_POINT('Origin',(25.4178456010733,-9.19999999999999,14.6749999999999));
#2117=CARTESIAN_POINT('Origin',(25.4178456010733,-9.19999999999999,14.6749999999999));
#2118=CARTESIAN_POINT('',(25.4178456010733,-9.5,18.325));
#2119=CARTESIAN_POINT('',(25.4178456010733,-9.19999999999999,18.0249999999999));
#2120=CARTESIAN_POINT('Origin',(25.4178456010733,-9.5,14.6749999999999));
#2121=CARTESIAN_POINT('Origin',(0.,9.5,29.35));
#2122=CARTESIAN_POINT('',(4.10256677714363E-16,9.20000000000001,32.7));
#2123=CARTESIAN_POINT('',(-4.10256677714363E-16,9.20000000000001,26.));
#2124=CARTESIAN_POINT('Origin',(0.,9.20000000000001,29.35));
#2125=CARTESIAN_POINT('Origin',(0.,9.20000000000001,29.35));
#2126=CARTESIAN_POINT('',(-4.46996081688782E-16,9.5,25.7));
#2127=CARTESIAN_POINT('',(-4.46996081688782E-16,9.5,25.7));
#2128=CARTESIAN_POINT('Origin',(0.,9.5,29.35));
#2129=CARTESIAN_POINT('Origin',(0.,-9.2,29.35));
#2130=CARTESIAN_POINT('',(-4.10256677714363E-16,-9.2,32.7));
#2131=CARTESIAN_POINT('Origin',(0.,-9.2,29.35));
#2132=CARTESIAN_POINT('',(-4.46996081688784E-16,-9.5,33.));
#2133=CARTESIAN_POINT('',(-4.10256677714363E-16,-9.2,32.7));
#2134=CARTESIAN_POINT('Origin',(0.,-9.5,29.35));
#2135=CARTESIAN_POINT('Origin',(0.,8.0118255958399,-2.4420791743722E-15));
#2136=CARTESIAN_POINT('',(2.92771362348042E-15,7.82388707168273,23.9065959713348));
#2137=CARTESIAN_POINT('',(-2.92771362348043E-15,7.82388707168273,-23.9065959713349));
#2138=CARTESIAN_POINT('Origin',(0.,7.82388707168273,-2.45391610720052E-15));
#2139=CARTESIAN_POINT('Origin',(0.,7.82388707168273,-2.45391610720052E-15));
#2140=CARTESIAN_POINT('',(-2.96058363693873E-15,8.0118255958399,-24.175));
#2141=CARTESIAN_POINT('Origin',(-2.93609070095578E-15,8.01182559583991,
-23.975));
#2142=CARTESIAN_POINT('',(-11.211128907145,8.0118255958399,-21.4182448773792));
#2143=CARTESIAN_POINT('Origin',(0.,8.0118255958399,-2.4420791743722E-15));
#2144=CARTESIAN_POINT('',(-11.2109537983178,8.,-21.4179415799937));
#2145=CARTESIAN_POINT('Origin',(-11.1112146068871,8.0118156406875,-21.2451846701445));
#2146=CARTESIAN_POINT('',(-12.9430046058867,8.,-20.4179415799936));
#2147=CARTESIAN_POINT('Origin',(0.,8.,-2.4420791743722E-15));
#2148=CARTESIAN_POINT('',(-12.9431797147139,8.0118255958399,-20.4182448773792));
#2149=CARTESIAN_POINT('Origin',(-12.8432622396704,8.01181564545111,-20.2451862968139));
#2150=CARTESIAN_POINT('Origin',(0.,8.0118255958399,-2.4420791743722E-15));
#2151=CARTESIAN_POINT('Origin',(0.,-9.1,-3.51983335519439E-15));
#2152=CARTESIAN_POINT('',(-4.28626379701574E-15,-9.09999999999999,-35.));
#2153=CARTESIAN_POINT('Origin',(0.,-9.09999999999999,-3.51983335519439E-15));
#2154=CARTESIAN_POINT('',(-4.23727792504984E-15,-9.5,-34.6));
#2155=CARTESIAN_POINT('',(-4.28626379701574E-15,-9.1,-35.));
#2156=CARTESIAN_POINT('Origin',(0.,-9.5,-3.54502655681477E-15));
#2157=CARTESIAN_POINT('Origin',(0.,9.5,-2.34834947984644E-15));
#2158=CARTESIAN_POINT('',(-18.1587984607583,9.5,-29.4519615384368));
#2159=CARTESIAN_POINT('',(-16.4267476531894,9.5,-30.4519615384368));
#2160=CARTESIAN_POINT('Origin',(0.,9.5,-2.34834947984644E-15));
#2161=CARTESIAN_POINT('',(-18.3588810883204,9.09999999999999,-29.7985148150862));
#2162=CARTESIAN_POINT('',(-18.3588810883204,9.09999999999999,-29.7985148150862));
#2163=CARTESIAN_POINT('',(-4.28626379701574E-15,9.1,-35.));
#2164=CARTESIAN_POINT('Origin',(0.,9.09999999999999,-2.37354268146682E-15));
#2165=CARTESIAN_POINT('',(-16.6268302807515,9.1,-30.7985148150862));
#2166=CARTESIAN_POINT('Origin',(0.,9.09999999999999,-2.37354268146682E-15));
#2167=CARTESIAN_POINT('',(-16.4267476531894,9.5,-30.4519615384368));
#2168=CARTESIAN_POINT('Origin',(-25.4178456010731,9.5,14.6750000000003));
#2169=CARTESIAN_POINT('',(-28.7678456010731,9.5,14.6750000000003));
#2170=CARTESIAN_POINT('Origin',(-25.4178456010734,9.50000000000001,-14.6749999999998));
#2171=CARTESIAN_POINT('',(-25.4178456010734,9.50000000000001,-11.3249999999998));
#2172=CARTESIAN_POINT('Origin',(-2.04949954590092E-13,9.50000000000001,
-29.35));
#2173=CARTESIAN_POINT('',(-2.05360211267806E-13,9.50000000000001,-26.));
#2174=CARTESIAN_POINT('Origin',(25.4178456010732,9.50000000000001,-14.6750000000001));
#2175=CARTESIAN_POINT('',(25.4178456010732,9.50000000000001,-11.3250000000001));
#2176=CARTESIAN_POINT('Origin',(25.4178456010733,9.5,14.6749999999999));
#2177=CARTESIAN_POINT('',(22.0678456010733,9.5,14.6749999999999));
#2178=CARTESIAN_POINT('Origin',(0.,9.5,29.35));
#2179=CARTESIAN_POINT('',(-4.10256677714363E-16,9.5,32.7));
#2180=CARTESIAN_POINT('Origin',(0.,31.3921104365332,-9.69518599538093E-16));
#2181=CARTESIAN_POINT('',(-2.96058363693873E-15,-9.5,-24.175));
#2182=CARTESIAN_POINT('Origin',(0.,-9.5,-3.54502655681477E-15));
#2183=CARTESIAN_POINT('',(-2.96058363693873E-15,-7.72619599449148,-24.175));
#2184=CARTESIAN_POINT('',(-2.96058363693873E-15,31.3921104365332,-24.175));
#2185=CARTESIAN_POINT('Origin',(0.,-7.72619599449148,-3.43330705195021E-15));
#2186=CARTESIAN_POINT('Origin',(0.,-7.72619599449148,-3.43330705195021E-15));
#2187=CARTESIAN_POINT('',(-2.5656350442137E-15,-8.9,-20.95));
#2188=CARTESIAN_POINT('',(-2.96058363693873E-15,-7.72619599449148,-24.175));
#2189=CARTESIAN_POINT('',(2.5656350442137E-15,-8.9,20.95));
#2190=CARTESIAN_POINT('Origin',(0.,-8.9,-3.50723675438419E-15));
#2191=CARTESIAN_POINT('Origin',(0.,-8.9,-3.50723675438419E-15));
#2192=CARTESIAN_POINT('Origin',(0.,-8.9,-3.50723675438419E-15));
#2193=CARTESIAN_POINT('',(-2.53889094527096E-15,-8.3,20.7316178594403));
#2194=CARTESIAN_POINT('Origin',(0.,-8.3,-3.46944695195361E-15));
#2195=CARTESIAN_POINT('',(-2.5656350442137E-15,-8.9,20.95));
#2196=CARTESIAN_POINT('Origin',(0.,8.3,-2.4239290847076E-15));
#2197=CARTESIAN_POINT('',(-2.53889094527096E-15,8.3,-20.7316178594403));
#2198=CARTESIAN_POINT('Origin',(0.,8.3,-2.4239290847076E-15));
#2199=CARTESIAN_POINT('',(-2.56563504421371E-15,8.9,-20.95));
#2200=CARTESIAN_POINT('',(-2.53889094527096E-15,8.3,-20.7316178594403));
#2201=CARTESIAN_POINT('',(2.74667433384707E-15,8.9,20.95));
#2202=CARTESIAN_POINT('Origin',(0.,8.9,-2.38613928227702E-15));
#2203=CARTESIAN_POINT('Origin',(0.,8.9,-2.38613928227702E-15));
#2204=CARTESIAN_POINT('Origin',(0.,8.9,-2.38613928227702E-15));
#2205=CARTESIAN_POINT('',(-2.5656350442137E-15,8.9,20.95));
#2206=CARTESIAN_POINT('Origin',(0.,31.3921104365332,-9.69518599538093E-16));
#2207=CARTESIAN_POINT('',(-12.9431797147139,9.5,-20.4182448773792));
#2208=CARTESIAN_POINT('',(-12.9431797147139,31.3921104365332,-20.4182448773792));
#2209=CARTESIAN_POINT('',(-11.211128907145,9.5,-21.4182448773792));
#2210=CARTESIAN_POINT('Origin',(0.,9.5,-2.34834947984644E-15));
#2211=CARTESIAN_POINT('',(-11.211128907145,31.3921104365332,-21.4182448773792));
#2212=CARTESIAN_POINT('Origin',(0.,-13.,0.));
#2213=CARTESIAN_POINT('',(-2.33295215237571E-15,-8.3,-19.05));
#2214=CARTESIAN_POINT('Origin',(0.,-8.3,0.));
#2215=CARTESIAN_POINT('',(-2.33295215237571E-15,8.3,-19.05));
#2216=CARTESIAN_POINT('',(-2.33295215237571E-15,-13.,-19.05));
#2217=CARTESIAN_POINT('Origin',(0.,8.3,0.));
#2218=CARTESIAN_POINT('',(17.9605122421383,0.,6.35));
#2219=CARTESIAN_POINT('',(17.9605122421383,-7.77650717458569E-16,-6.35));
#2220=CARTESIAN_POINT('Ctrl Pts',(17.9605122421383,2.35922392732846E-15,
6.35));
#2221=CARTESIAN_POINT('Ctrl Pts',(17.9605122421383,-0.804202483590134,6.35));
#2222=CARTESIAN_POINT('Ctrl Pts',(18.0202000712325,-1.65736253149337,6.18801365435696));
#2223=CARTESIAN_POINT('Ctrl Pts',(18.2304081210408,-3.21978769273139,5.53817096342733));
#2224=CARTESIAN_POINT('Ctrl Pts',(18.3773372359999,-3.92965357307103,5.05060254799812));
#2225=CARTESIAN_POINT('Ctrl Pts',(18.6491442494958,-5.05034259949834,3.92991352157081));
#2226=CARTESIAN_POINT('Ctrl Pts',(18.7924246661766,-5.53811113684032,3.21994410592952));
#2227=CARTESIAN_POINT('Ctrl Pts',(18.9941351094095,-6.18810307209935,1.65713497135244));
#2228=CARTESIAN_POINT('Ctrl Pts',(19.05,-6.35,0.803829493857682));
#2229=CARTESIAN_POINT('Ctrl Pts',(19.05,-6.35,-0.803829493857684));
#2230=CARTESIAN_POINT('Ctrl Pts',(18.9941351094095,-6.18810307209935,-1.65713497135245));
#2231=CARTESIAN_POINT('Ctrl Pts',(18.7924246661766,-5.53811113684032,-3.21994410592952));
#2232=CARTESIAN_POINT('Ctrl Pts',(18.6491442494958,-5.05034259949834,-3.92991352157081));
#2233=CARTESIAN_POINT('Ctrl Pts',(18.3773372359999,-3.92965357307104,-5.05060254799812));
#2234=CARTESIAN_POINT('Ctrl Pts',(18.2304081210408,-3.21978769273139,-5.53817096342733));
#2235=CARTESIAN_POINT('Ctrl Pts',(18.0202000712325,-1.65736253149337,-6.18801365435696));
#2236=CARTESIAN_POINT('Ctrl Pts',(17.9605122421383,-0.804202483590137,-6.35));
#2237=CARTESIAN_POINT('Ctrl Pts',(17.9605122421383,0.,-6.35));
#2238=CARTESIAN_POINT('Ctrl Pts',(17.9605122421383,-1.11022302462516E-15,
-6.35));
#2239=CARTESIAN_POINT('Ctrl Pts',(17.9605122421383,0.804202483590135,-6.35));
#2240=CARTESIAN_POINT('Ctrl Pts',(18.0202000712325,1.65736253149337,-6.18801365435696));
#2241=CARTESIAN_POINT('Ctrl Pts',(18.2304081210408,3.21978769273139,-5.53817096342733));
#2242=CARTESIAN_POINT('Ctrl Pts',(18.3773372359999,3.92965357307103,-5.05060254799812));
#2243=CARTESIAN_POINT('Ctrl Pts',(18.6491442494959,5.05034259949834,-3.92991352157081));
#2244=CARTESIAN_POINT('Ctrl Pts',(18.7924246661766,5.53811113684032,-3.21994410592952));
#2245=CARTESIAN_POINT('Ctrl Pts',(18.9941351094095,6.18810307209935,-1.65713497135244));
#2246=CARTESIAN_POINT('Ctrl Pts',(19.05,6.35,-0.803829493857682));
#2247=CARTESIAN_POINT('Ctrl Pts',(19.05,6.35,0.803829493857682));
#2248=CARTESIAN_POINT('Ctrl Pts',(18.9941351094095,6.18810307209936,1.65713497135244));
#2249=CARTESIAN_POINT('Ctrl Pts',(18.7924246661766,5.53811113684033,3.21994410592952));
#2250=CARTESIAN_POINT('Ctrl Pts',(18.6491442494959,5.05034259949834,3.92991352157081));
#2251=CARTESIAN_POINT('Ctrl Pts',(18.3773372359999,3.92965357307103,5.05060254799812));
#2252=CARTESIAN_POINT('Ctrl Pts',(18.2304081210408,3.21978769273139,5.53817096342733));
#2253=CARTESIAN_POINT('Ctrl Pts',(18.0202000712325,1.65736253149337,6.18801365435696));
#2254=CARTESIAN_POINT('Ctrl Pts',(17.9605122421383,0.804202483590136,6.35));
#2255=CARTESIAN_POINT('Ctrl Pts',(17.9605122421383,0.,6.35));
#2256=CARTESIAN_POINT('Origin',(35.001,0.,0.));
#2257=CARTESIAN_POINT('',(32.,-7.77650717458569E-16,-6.35));
#2258=CARTESIAN_POINT('Origin',(32.,0.,0.));
#2259=CARTESIAN_POINT('',(35.001,-7.77650717458569E-16,-6.35));
#2260=CARTESIAN_POINT('Origin',(0.,31.3921104365332,-9.69518599538093E-16));
#2261=CARTESIAN_POINT('',(-4.28626379701574E-15,31.3921104365332,-35.));
#2262=CARTESIAN_POINT('',(-18.3588810883204,8.,-29.7985148150862));
#2263=CARTESIAN_POINT('',(-18.3588810883204,31.3921104365332,-29.7985148150862));
#2264=CARTESIAN_POINT('',(-16.6268302807515,8.,-30.7985148150862));
#2265=CARTESIAN_POINT('Origin',(0.,8.,-2.44282398592289E-15));
#2266=CARTESIAN_POINT('',(-16.6268302807515,31.3921104365332,-30.7985148150862));
#2267=CARTESIAN_POINT('Origin',(0.,-9.5,24.175));
#2268=CARTESIAN_POINT('Origin',(0.,9.5,35.));
#2269=CARTESIAN_POINT('',(-18.7780777094355,9.5,-30.5245846612189));
#2270=CARTESIAN_POINT('',(-17.0460269018667,9.5,-31.5245846612189));
#2271=CARTESIAN_POINT('Origin',(0.,8.3,20.7316178594403));
#2272=CARTESIAN_POINT('Origin',(0.,-8.3,20.7316178594403));
#2273=CARTESIAN_POINT('Origin',(-12.7260463016631,8.,-20.0421587739544));
#2274=CARTESIAN_POINT('',(-18.7780777094355,8.,-30.5245846612189));
#2275=CARTESIAN_POINT('',(-17.0460269018667,8.,-31.5245846612189));
#2276=CARTESIAN_POINT('Origin',(-18.7780777094355,8.,-30.5245846612189));
#2277=CARTESIAN_POINT('Origin',(-17.0460269018667,8.,-31.5245846612189));
#2278=CARTESIAN_POINT('Origin',(32.,0.,0.));
#2279=CARTESIAN_POINT('',(0.,0.,0.));
#2280=CARTESIAN_POINT('',(0.,0.,0.));
#2281=CARTESIAN_POINT('Origin',(0.,13.3,0.));
#2282=CARTESIAN_POINT('',(-7.71527483462833E-16,13.3,6.3));
#2283=CARTESIAN_POINT('Origin',(0.,13.3,0.));
#2284=CARTESIAN_POINT('',(-7.71527483462833E-16,0.,6.3));
#2285=CARTESIAN_POINT('',(-7.71527483462833E-16,13.3,6.3));
#2286=CARTESIAN_POINT('Origin',(0.,0.,0.));
#2287=CARTESIAN_POINT('Origin',(0.,13.3,0.));
#2288=CARTESIAN_POINT('',(-9.67470971326409E-16,0.,7.9));
#2289=CARTESIAN_POINT('Origin',(0.,0.,0.));
#2290=CARTESIAN_POINT('',(-9.67470971326409E-16,13.3,7.9));
#2291=CARTESIAN_POINT('',(-9.67470971326409E-16,13.3,7.9));
#2292=CARTESIAN_POINT('Origin',(0.,13.3,0.));
#2293=CARTESIAN_POINT('Origin',(0.,13.3,0.));
#2294=CARTESIAN_POINT('Origin',(0.,0.,0.));
#2295=CARTESIAN_POINT('',(0.,0.,0.));
#2296=CARTESIAN_POINT('Origin',(0.,6.19999999999999,0.));
#2297=CARTESIAN_POINT('',(-7.77650717458569E-16,6.19999999999999,-6.35));
#2298=CARTESIAN_POINT('Origin',(0.,6.19999999999999,0.));
#2299=CARTESIAN_POINT('',(-8.02143653441516E-16,6.4,-6.55));
#2300=CARTESIAN_POINT('',(-7.77650717458569E-16,6.19999999999999,-6.35));
#2301=CARTESIAN_POINT('Origin',(0.,6.4,0.));
#2302=CARTESIAN_POINT('Origin',(0.,0.299999999999999,0.));
#2303=CARTESIAN_POINT('',(-9.73594205322146E-16,0.3,7.95));
#2304=CARTESIAN_POINT('Origin',(0.,0.299999999999999,0.));
#2305=CARTESIAN_POINT('',(-1.01033360929657E-15,-1.73472347597681E-15,8.25));
#2306=CARTESIAN_POINT('',(-9.73594205322146E-16,0.299999999999999,7.95));
#2307=CARTESIAN_POINT('Origin',(0.,-1.04094977927525E-15,0.));
#2308=CARTESIAN_POINT('Origin',(0.,2.9,0.));
#2309=CARTESIAN_POINT('',(-9.73594205322146E-16,2.9,7.95));
#2310=CARTESIAN_POINT('Origin',(0.,2.9,0.));
#2311=CARTESIAN_POINT('',(-9.73594205322146E-16,2.9,7.95));
#2312=CARTESIAN_POINT('Origin',(-11.6913429510899,7.6,6.74999999999997));
#2313=CARTESIAN_POINT('',(-11.6913429510899,7.30000000000001,8.94999999999997));
#2314=CARTESIAN_POINT('',(-11.6913429510899,7.30000000000001,4.54999999999997));
#2315=CARTESIAN_POINT('Origin',(-11.6913429510899,7.30000000000001,6.74999999999997));
#2316=CARTESIAN_POINT('Origin',(-11.6913429510899,7.30000000000001,6.74999999999997));
#2317=CARTESIAN_POINT('',(-11.6913429510899,7.6,4.24999999999999));
#2318=CARTESIAN_POINT('',(-11.6913429510899,7.6,4.24999999999999));
#2319=CARTESIAN_POINT('Origin',(-11.6913429510899,7.6,6.74999999999997));
#2320=CARTESIAN_POINT('Origin',(-11.6913429510899,0.300000000000029,6.74999999999997));
#2321=CARTESIAN_POINT('',(-11.6913429510899,0.300000000000029,8.94999999999997));
#2322=CARTESIAN_POINT('Origin',(-11.6913429510899,0.300000000000029,6.74999999999997));
#2323=CARTESIAN_POINT('',(-11.6913429510899,-1.35308431126191E-15,9.25000000000001));
#2324=CARTESIAN_POINT('',(-11.6913429510899,0.300000000000029,8.94999999999997));
#2325=CARTESIAN_POINT('Origin',(-11.6913429510899,-1.04094977927525E-15,
6.74999999999997));
#2326=CARTESIAN_POINT('Origin',(0.,7.6,13.5));
#2327=CARTESIAN_POINT('',(2.69422295812418E-16,7.30000000000002,15.7));
#2328=CARTESIAN_POINT('',(-2.69422295812418E-16,7.30000000000002,11.3));
#2329=CARTESIAN_POINT('Origin',(0.,7.30000000000002,13.5));
#2330=CARTESIAN_POINT('Origin',(0.,7.30000000000002,13.5));
#2331=CARTESIAN_POINT('',(-3.06161699786835E-16,7.6,11.));
#2332=CARTESIAN_POINT('',(-3.06161699786835E-16,7.6,11.));
#2333=CARTESIAN_POINT('Origin',(0.,7.6,13.5));
#2334=CARTESIAN_POINT('Origin',(0.,0.300000000000022,13.5));
#2335=CARTESIAN_POINT('',(-2.69422295812418E-16,0.300000000000023,15.7));
#2336=CARTESIAN_POINT('Origin',(0.,0.300000000000022,13.5));
#2337=CARTESIAN_POINT('',(-3.06161699786841E-16,-9.71445146547012E-16,16.));
#2338=CARTESIAN_POINT('',(-2.69422295812418E-16,0.300000000000022,15.7));
#2339=CARTESIAN_POINT('Origin',(0.,-1.04094977927525E-15,13.5));
#2340=CARTESIAN_POINT('Origin',(11.6913429510898,7.6,6.75000000000014));
#2341=CARTESIAN_POINT('',(11.6913429510898,7.30000000000003,8.95000000000014));
#2342=CARTESIAN_POINT('',(11.6913429510898,7.30000000000002,4.55000000000013));
#2343=CARTESIAN_POINT('Origin',(11.6913429510898,7.30000000000003,6.75000000000014));
#2344=CARTESIAN_POINT('Origin',(11.6913429510898,7.30000000000003,6.75000000000014));
#2345=CARTESIAN_POINT('',(11.6913429510898,7.6,4.25000000000016));
#2346=CARTESIAN_POINT('',(11.6913429510898,7.6,4.25000000000016));
#2347=CARTESIAN_POINT('Origin',(11.6913429510898,7.6,6.75000000000014));
#2348=CARTESIAN_POINT('Origin',(11.6913429510898,0.300000000000022,6.75000000000014));
#2349=CARTESIAN_POINT('',(11.6913429510898,0.300000000000023,8.95000000000014));
#2350=CARTESIAN_POINT('Origin',(11.6913429510898,0.300000000000022,6.75000000000014));
#2351=CARTESIAN_POINT('',(11.6913429510898,-1.38777878078145E-15,9.25000000000017));
#2352=CARTESIAN_POINT('',(11.6913429510898,0.300000000000022,8.95000000000014));
#2353=CARTESIAN_POINT('Origin',(11.6913429510898,-1.04094977927525E-15,
6.75000000000014));
#2354=CARTESIAN_POINT('Origin',(11.69134295109,7.6,-6.74999999999989));
#2355=CARTESIAN_POINT('',(11.69134295109,7.30000000000001,-4.54999999999989));
#2356=CARTESIAN_POINT('',(11.69134295109,7.30000000000001,-8.94999999999989));
#2357=CARTESIAN_POINT('Origin',(11.69134295109,7.30000000000001,-6.74999999999989));
#2358=CARTESIAN_POINT('Origin',(11.69134295109,7.30000000000001,-6.74999999999989));
#2359=CARTESIAN_POINT('',(11.69134295109,7.6,-9.24999999999988));
#2360=CARTESIAN_POINT('',(11.69134295109,7.6,-9.24999999999988));
#2361=CARTESIAN_POINT('Origin',(11.69134295109,7.6,-6.74999999999989));
#2362=CARTESIAN_POINT('Origin',(11.69134295109,0.300000000000009,-6.74999999999989));
#2363=CARTESIAN_POINT('',(11.69134295109,0.300000000000009,-4.54999999999989));
#2364=CARTESIAN_POINT('Origin',(11.69134295109,0.300000000000009,-6.74999999999989));
#2365=CARTESIAN_POINT('',(11.69134295109,-1.35308431126191E-15,-4.24999999999988));
#2366=CARTESIAN_POINT('',(11.69134295109,0.300000000000009,-4.54999999999989));
#2367=CARTESIAN_POINT('Origin',(11.69134295109,-1.04094977927525E-15,-6.74999999999989));
#2368=CARTESIAN_POINT('Origin',(9.42699961487646E-14,7.6,-13.5));
#2369=CARTESIAN_POINT('',(9.4539418444577E-14,7.30000000000002,-11.3));
#2370=CARTESIAN_POINT('',(9.40005738529522E-14,7.30000000000002,-15.7));
#2371=CARTESIAN_POINT('Origin',(9.42699961487646E-14,7.30000000000002,-13.5));
#2372=CARTESIAN_POINT('Origin',(9.42699961487646E-14,7.30000000000002,-13.5));
#2373=CARTESIAN_POINT('',(9.39638344489778E-14,7.6,-16.));
#2374=CARTESIAN_POINT('',(9.39638344489778E-14,7.6,-16.));
#2375=CARTESIAN_POINT('Origin',(9.42699961487646E-14,7.6,-13.5));
#2376=CARTESIAN_POINT('Origin',(9.42699961487646E-14,0.300000000000022,
-13.5));
#2377=CARTESIAN_POINT('',(9.40005738529522E-14,0.300000000000023,-11.3));
#2378=CARTESIAN_POINT('Origin',(9.42699961487646E-14,0.300000000000022,
-13.5));
#2379=CARTESIAN_POINT('',(9.39638344489778E-14,-1.94289029309402E-15,-11.));
#2380=CARTESIAN_POINT('',(9.40005738529522E-14,0.300000000000022,-11.3));
#2381=CARTESIAN_POINT('Origin',(9.42699961487646E-14,-1.04094977927525E-15,
-13.5));
#2382=CARTESIAN_POINT('Origin',(-11.6913429510899,7.6,-6.75000000000006));
#2383=CARTESIAN_POINT('',(-11.6913429510899,7.30000000000003,-4.55000000000006));
#2384=CARTESIAN_POINT('',(-11.6913429510899,7.30000000000003,-8.95000000000006));
#2385=CARTESIAN_POINT('Origin',(-11.6913429510899,7.30000000000003,-6.75000000000006));
#2386=CARTESIAN_POINT('Origin',(-11.6913429510899,7.30000000000003,-6.75000000000006));
#2387=CARTESIAN_POINT('',(-11.6913429510899,7.6,-9.25000000000003));
#2388=CARTESIAN_POINT('',(-11.6913429510899,7.6,-9.25000000000003));
#2389=CARTESIAN_POINT('Origin',(-11.6913429510899,7.6,-6.75000000000006));
#2390=CARTESIAN_POINT('Origin',(-11.6913429510899,0.300000000000022,-6.75000000000006));
#2391=CARTESIAN_POINT('',(-11.6913429510899,0.300000000000022,-4.55000000000006));
#2392=CARTESIAN_POINT('Origin',(-11.6913429510899,0.300000000000022,-6.75000000000006));
#2393=CARTESIAN_POINT('',(-11.6913429510899,-2.32452945780892E-15,-4.25000000000004));
#2394=CARTESIAN_POINT('',(-11.6913429510899,0.300000000000022,-4.55000000000006));
#2395=CARTESIAN_POINT('Origin',(-11.6913429510899,-1.04094977927525E-15,
-6.75000000000006));
#2396=CARTESIAN_POINT('Origin',(11.6913429510898,7.6,6.75000000000014));
#2397=CARTESIAN_POINT('',(11.6913429510898,7.6,8.95000000000014));
#2398=CARTESIAN_POINT('Origin',(11.69134295109,7.6,-6.74999999999989));
#2399=CARTESIAN_POINT('',(11.69134295109,7.6,-4.54999999999989));
#2400=CARTESIAN_POINT('Origin',(9.42699961487646E-14,7.6,-13.5));
#2401=CARTESIAN_POINT('',(9.40005738529522E-14,7.6,-11.3));
#2402=CARTESIAN_POINT('Origin',(-11.6913429510899,7.6,-6.75000000000006));
#2403=CARTESIAN_POINT('',(-11.6913429510899,7.6,-4.55000000000006));
#2404=CARTESIAN_POINT('Origin',(-11.6913429510899,7.6,6.74999999999997));
#2405=CARTESIAN_POINT('',(-11.6913429510899,7.6,8.94999999999997));
#2406=CARTESIAN_POINT('Origin',(0.,7.6,13.5));
#2407=CARTESIAN_POINT('',(-2.69422295812418E-16,7.6,15.7));
#2408=CARTESIAN_POINT('Origin',(0.,0.299999999999995,0.));
#2409=CARTESIAN_POINT('',(-2.0818995585505E-15,0.299999999999995,-17.));
#2410=CARTESIAN_POINT('Origin',(0.,0.299999999999995,0.));
#2411=CARTESIAN_POINT('',(-2.04516015457608E-15,-5.20417042793042E-16,-16.7));
#2412=CARTESIAN_POINT('',(-2.0818995585505E-15,0.299999999999995,-17.));
#2413=CARTESIAN_POINT('Origin',(0.,-1.04094977927525E-15,0.));
#2414=CARTESIAN_POINT('Origin',(0.,7.6,0.));
#2415=CARTESIAN_POINT('',(2.0818995585505E-15,7.29999999999998,-17.));
#2416=CARTESIAN_POINT('',(-2.0818995585505E-15,7.29999999999998,17.));
#2417=CARTESIAN_POINT('Origin',(0.,7.29999999999998,0.));
#2418=CARTESIAN_POINT('Origin',(0.,7.29999999999998,0.));
#2419=CARTESIAN_POINT('',(-2.04516015457608E-15,7.6,16.7));
#2420=CARTESIAN_POINT('',(-2.04516015457608E-15,7.6,16.7));
#2421=CARTESIAN_POINT('Origin',(0.,7.6,0.));
#2422=CARTESIAN_POINT('Origin',(0.,6.4,0.));
#2423=CARTESIAN_POINT('',(-1.09380772227709E-15,6.4,-8.93161785944027));
#2424=CARTESIAN_POINT('Origin',(0.,6.4,0.));
#2425=CARTESIAN_POINT('',(-1.12055182121983E-15,7.,-9.15));
#2426=CARTESIAN_POINT('',(-1.09380772227709E-15,6.4,-8.93161785944027));
#2427=CARTESIAN_POINT('',(1.21852356515162E-15,7.,9.15));
#2428=CARTESIAN_POINT('Origin',(0.,7.,0.));
#2429=CARTESIAN_POINT('Origin',(0.,7.,0.));
#2430=CARTESIAN_POINT('Origin',(0.,7.,0.));
#2431=CARTESIAN_POINT('',(1.3164953090834E-15,6.41764762517406,-10.75));
#2432=CARTESIAN_POINT('',(-1.3164953090834E-15,6.41764762517406,10.75));
#2433=CARTESIAN_POINT('Origin',(0.,6.41764762517406,0.));
#2434=CARTESIAN_POINT('',(-1.12055182121983E-15,7.,9.15));
#2435=CARTESIAN_POINT('Origin',(0.,6.41764762517406,0.));
#2436=CARTESIAN_POINT('Origin',(0.,53.8353387124258,0.));
#2437=CARTESIAN_POINT('',(-1.3164953090834E-15,7.6,-10.75));
#2438=CARTESIAN_POINT('',(-1.3164953090834E-15,53.8353387124258,-10.75));
#2439=CARTESIAN_POINT('Origin',(0.,7.6,0.));
#2440=CARTESIAN_POINT('Origin',(0.,53.8353387124258,0.));
#2441=CARTESIAN_POINT('',(-2.0818995585505E-15,53.8353387124258,-17.));
#2442=CARTESIAN_POINT('Origin',(0.,-8.67361737988404E-16,0.));
#2443=CARTESIAN_POINT('',(-7.77650717458569E-16,2.9,-6.35));
#2444=CARTESIAN_POINT('Origin',(0.,2.9,0.));
#2445=CARTESIAN_POINT('',(-7.77650717458569E-16,-8.67361737988404E-16,-6.35));
#2446=CARTESIAN_POINT('Origin',(0.,-1.04094977927525E-15,0.));
#2447=CARTESIAN_POINT('Origin',(0.,7.6,17.));
#2448=CARTESIAN_POINT('Origin',(0.,6.4,8.93161785944027));
#2449=CARTESIAN_POINT('Origin',(0.,2.9,0.));
#2450=CARTESIAN_POINT('',(0.,0.,0.));
#2451=CARTESIAN_POINT('',(0.,10.4,0.));
#2452=CARTESIAN_POINT('',(0.,0.,0.));
#2453=CARTESIAN_POINT('',(32.,0.,6.93889390390723E-15));
#2454=UNCERTAINTY_MEASURE_WITH_UNIT(LENGTH_MEASURE(0.01),#2466,
'DISTANCE_ACCURACY_VALUE',
'Maximum model space distance between geometric entities at asserted c
onnectivities');
#2455=UNCERTAINTY_MEASURE_WITH_UNIT(LENGTH_MEASURE(0.01),#2466,
'DISTANCE_ACCURACY_VALUE',
'Maximum model space distance between geometric entities at asserted c
onnectivities');
#2456=UNCERTAINTY_MEASURE_WITH_UNIT(LENGTH_MEASURE(0.01),#2466,
'DISTANCE_ACCURACY_VALUE',
'Maximum model space distance between geometric entities at asserted c
onnectivities');
#2457=UNCERTAINTY_MEASURE_WITH_UNIT(LENGTH_MEASURE(0.01),#2466,
'DISTANCE_ACCURACY_VALUE',
'Maximum model space distance between geometric entities at asserted c
onnectivities');
#2458=UNCERTAINTY_MEASURE_WITH_UNIT(LENGTH_MEASURE(0.01),#2466,
'DISTANCE_ACCURACY_VALUE',
'Maximum model space distance between geometric entities at asserted c
onnectivities');
#2459=UNCERTAINTY_MEASURE_WITH_UNIT(LENGTH_MEASURE(0.01),#2466,
'DISTANCE_ACCURACY_VALUE',
'Maximum model space distance between geometric entities at asserted c
onnectivities');
#2460=(
GEOMETRIC_REPRESENTATION_CONTEXT(3)
GLOBAL_UNCERTAINTY_ASSIGNED_CONTEXT((#2454))
GLOBAL_UNIT_ASSIGNED_CONTEXT((#2466,#2468,#2469))
REPRESENTATION_CONTEXT('','3D')
);
#2461=(
GEOMETRIC_REPRESENTATION_CONTEXT(3)
GLOBAL_UNCERTAINTY_ASSIGNED_CONTEXT((#2455))
GLOBAL_UNIT_ASSIGNED_CONTEXT((#2466,#2468,#2469))
REPRESENTATION_CONTEXT('','3D')
);
#2462=(
GEOMETRIC_REPRESENTATION_CONTEXT(3)
GLOBAL_UNCERTAINTY_ASSIGNED_CONTEXT((#2456))
GLOBAL_UNIT_ASSIGNED_CONTEXT((#2466,#2468,#2469))
REPRESENTATION_CONTEXT('','3D')
);
#2463=(
GEOMETRIC_REPRESENTATION_CONTEXT(3)
GLOBAL_UNCERTAINTY_ASSIGNED_CONTEXT((#2457))
GLOBAL_UNIT_ASSIGNED_CONTEXT((#2466,#2468,#2469))
REPRESENTATION_CONTEXT('','3D')
);
#2464=(
GEOMETRIC_REPRESENTATION_CONTEXT(3)
GLOBAL_UNCERTAINTY_ASSIGNED_CONTEXT((#2458))
GLOBAL_UNIT_ASSIGNED_CONTEXT((#2466,#2468,#2469))
REPRESENTATION_CONTEXT('','3D')
);
#2465=(
GEOMETRIC_REPRESENTATION_CONTEXT(3)
GLOBAL_UNCERTAINTY_ASSIGNED_CONTEXT((#2459))
GLOBAL_UNIT_ASSIGNED_CONTEXT((#2466,#2468,#2469))
REPRESENTATION_CONTEXT('','3D')
);
#2466=(
LENGTH_UNIT()
NAMED_UNIT(*)
SI_UNIT(.MILLI.,.METRE.)
);
#2467=(
LENGTH_UNIT()
NAMED_UNIT(*)
SI_UNIT($,.METRE.)
);
#2468=(
NAMED_UNIT(*)
PLANE_ANGLE_UNIT()
SI_UNIT($,.RADIAN.)
);
#2469=(
NAMED_UNIT(*)
SI_UNIT($,.STERADIAN.)
SOLID_ANGLE_UNIT()
);
#2470=SHAPE_DEFINITION_REPRESENTATION(#2475,#2484);
#2471=SHAPE_DEFINITION_REPRESENTATION(#2476,#2485);
#2472=SHAPE_DEFINITION_REPRESENTATION(#2477,#2486);
#2473=SHAPE_DEFINITION_REPRESENTATION(#2478,#2487);
#2474=SHAPE_DEFINITION_REPRESENTATION(#2479,#2488);
#2475=PRODUCT_DEFINITION_SHAPE('',$,#2490);
#2476=PRODUCT_DEFINITION_SHAPE('',$,#2491);
#2477=PRODUCT_DEFINITION_SHAPE('',$,#2492);
#2478=PRODUCT_DEFINITION_SHAPE('',$,#2493);
#2479=PRODUCT_DEFINITION_SHAPE('',$,#2494);
#2480=PRODUCT_DEFINITION_SHAPE($,$,#23);
#2481=PRODUCT_DEFINITION_SHAPE($,$,#24);
#2482=PRODUCT_DEFINITION_SHAPE($,$,#25);
#2483=PRODUCT_DEFINITION_SHAPE($,$,#26);
#2484=SHAPE_REPRESENTATION('',(#1356,#1548,#1549),#2460);
#2485=SHAPE_REPRESENTATION('',(#1357),#2461);
#2486=SHAPE_REPRESENTATION('',(#1456,#1546,#1547),#2462);
#2487=SHAPE_REPRESENTATION('',(#1457),#2463);
#2488=SHAPE_REPRESENTATION('',(#1466),#2464);
#2489=PRODUCT_DEFINITION_CONTEXT('part definition',#2506,'design');
#2490=PRODUCT_DEFINITION('Hositrad_CF35-38DX1-16',
'Hositrad_CF35-38DX1-16 v1',#2495,#2489);
#2491=PRODUCT_DEFINITION('NW35CF-Double-Radial-3',
'NW35CF-Double-Radial-3',#2496,#2489);
#2492=PRODUCT_DEFINITION('FO16-L30','FO16-L30',#2497,#2489);
#2493=PRODUCT_DEFINITION('Tube15.8-19_D15','Tube15.8-19_D15',#2498,#2489);
#2494=PRODUCT_DEFINITION('NW16CF-weld_15,8','NW16CF-weld_15,8',#2499,#2489);
#2495=PRODUCT_DEFINITION_FORMATION('',$,#2508);
#2496=PRODUCT_DEFINITION_FORMATION('',$,#2509);
#2497=PRODUCT_DEFINITION_FORMATION('',$,#2510);
#2498=PRODUCT_DEFINITION_FORMATION('',$,#2511);
#2499=PRODUCT_DEFINITION_FORMATION('',$,#2512);
#2500=PRODUCT_RELATED_PRODUCT_CATEGORY('Hositrad_CF35-38DX1-16 v1',
'Hositrad_CF35-38DX1-16 v1',(#2508));
#2501=PRODUCT_RELATED_PRODUCT_CATEGORY('NW35CF-Double-Radial-3',
'NW35CF-Double-Radial-3',(#2509));
#2502=PRODUCT_RELATED_PRODUCT_CATEGORY('FO16-L30','FO16-L30',(#2510));
#2503=PRODUCT_RELATED_PRODUCT_CATEGORY('Tube15.8-19_D15',
'Tube15.8-19_D15',(#2511));
#2504=PRODUCT_RELATED_PRODUCT_CATEGORY('NW16CF-weld_15,8',
'NW16CF-weld_15,8',(#2512));
#2505=APPLICATION_PROTOCOL_DEFINITION('international standard',
'automotive_design',2009,#2506);
#2506=APPLICATION_CONTEXT(
'Core Data for Automotive Mechanical Design Process');
#2507=PRODUCT_CONTEXT('part definition',#2506,'mechanical');
#2508=PRODUCT('Hositrad_CF35-38DX1-16','Hositrad_CF35-38DX1-16 v1',$,(#2507));
#2509=PRODUCT('NW35CF-Double-Radial-3','NW35CF-Double-Radial-3',$,(#2507));
#2510=PRODUCT('FO16-L30','FO16-L30',$,(#2507));
#2511=PRODUCT('Tube15.8-19_D15','Tube15.8-19_D15',$,(#2507));
#2512=PRODUCT('NW16CF-weld_15,8','NW16CF-weld_15,8',$,(#2507));
#2513=PRESENTATION_STYLE_ASSIGNMENT((#2515));
#2514=PRESENTATION_STYLE_ASSIGNMENT((#2516));
#2515=SURFACE_STYLE_USAGE(.BOTH.,#2517);
#2516=SURFACE_STYLE_USAGE(.BOTH.,#2518);
#2517=SURFACE_SIDE_STYLE('',(#2519));
#2518=SURFACE_SIDE_STYLE('',(#2520));
#2519=SURFACE_STYLE_FILL_AREA(#2521);
#2520=SURFACE_STYLE_FILL_AREA(#2522);
#2521=FILL_AREA_STYLE('Steel - Satin',(#2523));
#2522=FILL_AREA_STYLE('Opaque(165,158,150)',(#2524));
#2523=FILL_AREA_STYLE_COLOUR('Steel - Satin',#2525);
#2524=FILL_AREA_STYLE_COLOUR('Opaque(165,158,150)',#2526);
#2525=COLOUR_RGB('Steel - Satin',0.627450980392157,0.627450980392157,0.627450980392157);
#2526=COLOUR_RGB('Opaque(165,158,150)',0.647058823529412,0.619607843137255,
0.588235294117647);
ENDSEC;
END-ISO-10303-21;
