ISO-10303-21;
HEADER;
/* Generated by software containing ST-Developer
 * from STEP Tools, Inc. (www.steptools.com) 
 */

FILE_DESCRIPTION(
/* description */ (''),
/* implementation_level */ '2;1');

FILE_NAME(
/* name */ 'Hositrad_CC25KF v1.step',
/* time_stamp */ '2024-06-25T13:40:19+02:00',
/* author */ (''),
/* organization */ (''),
/* preprocessor_version */ 'ST-DEVELOPER v20',
/* originating_system */ 'Autodesk Translation Framework v13.14.0.145',

/* authorisation */ '');

FILE_SCHEMA (('AUTOMOTIVE_DESIGN { 1 0 10303 214 3 1 1 }'));
ENDSEC;

DATA;
#10=MECHANICAL_DESIGN_GEOMETRIC_PRESENTATION_REPRESENTATION('',(#43,#44,
#45,#46),#3407);
#11=ITEM_DEFINED_TRANSFORMATION($,$,#1890,#2123);
#12=ITEM_DEFINED_TRANSFORMATION($,$,#2076,#2124);
#13=ITEM_DEFINED_TRANSFORMATION($,$,#1983,#2125);
#14=ITEM_DEFINED_TRANSFORMATION($,$,#2076,#2126);
#15=ITEM_DEFINED_TRANSFORMATION($,$,#2085,#2127);
#16=ITEM_DEFINED_TRANSFORMATION($,$,#2085,#2128);
#17=(
REPRESENTATION_RELATIONSHIP($,$,#3429,#3428)
REPRESENTATION_RELATIONSHIP_WITH_TRANSFORMATION(#11)
SHAPE_REPRESENTATION_RELATIONSHIP()
);
#18=(
REPRESENTATION_RELATIONSHIP($,$,#3431,#3428)
REPRESENTATION_RELATIONSHIP_WITH_TRANSFORMATION(#12)
SHAPE_REPRESENTATION_RELATIONSHIP()
);
#19=(
REPRESENTATION_RELATIONSHIP($,$,#3430,#3428)
REPRESENTATION_RELATIONSHIP_WITH_TRANSFORMATION(#13)
SHAPE_REPRESENTATION_RELATIONSHIP()
);
#20=(
REPRESENTATION_RELATIONSHIP($,$,#3431,#3428)
REPRESENTATION_RELATIONSHIP_WITH_TRANSFORMATION(#14)
SHAPE_REPRESENTATION_RELATIONSHIP()
);
#21=(
REPRESENTATION_RELATIONSHIP($,$,#3432,#3428)
REPRESENTATION_RELATIONSHIP_WITH_TRANSFORMATION(#15)
SHAPE_REPRESENTATION_RELATIONSHIP()
);
#22=(
REPRESENTATION_RELATIONSHIP($,$,#3432,#3428)
REPRESENTATION_RELATIONSHIP_WITH_TRANSFORMATION(#16)
SHAPE_REPRESENTATION_RELATIONSHIP()
);
#23=CONTEXT_DEPENDENT_SHAPE_REPRESENTATION(#17,#3422);
#24=CONTEXT_DEPENDENT_SHAPE_REPRESENTATION(#18,#3423);
#25=CONTEXT_DEPENDENT_SHAPE_REPRESENTATION(#19,#3424);
#26=CONTEXT_DEPENDENT_SHAPE_REPRESENTATION(#20,#3425);
#27=CONTEXT_DEPENDENT_SHAPE_REPRESENTATION(#21,#3426);
#28=CONTEXT_DEPENDENT_SHAPE_REPRESENTATION(#22,#3427);
#29=NEXT_ASSEMBLY_USAGE_OCCURRENCE('KF25_Clamp-Collar_Tapped:1',
'KF25_Clamp-Collar_Tapped:1','KF25_Clamp-Collar_Tapped:1',#3434,#3435,
'KF25_Clamp-Collar_Tapped:1');
#30=NEXT_ASSEMBLY_USAGE_OCCURRENCE(
'plain washer small grade a_iso_Washer ISO 7092 - 5:1',
'plain washer small grade a_iso_Washer ISO 7092 - 5:1',
'plain washer small grade a_iso_Washer ISO 7092 - 5:1',#3434,#3437,
'plain washer small grade a_iso_Washer ISO 7092 - 5:1');
#31=NEXT_ASSEMBLY_USAGE_OCCURRENCE('KF25_Clamp-Collar:1',
'KF25_Clamp-Collar:1','KF25_Clamp-Collar:1',#3434,#3436,
'KF25_Clamp-Collar:1');
#32=NEXT_ASSEMBLY_USAGE_OCCURRENCE(
'plain washer small grade a_iso_Washer ISO 7092 - 5:2',
'plain washer small grade a_iso_Washer ISO 7092 - 5:2',
'plain washer small grade a_iso_Washer ISO 7092 - 5:2',#3434,#3437,
'plain washer small grade a_iso_Washer ISO 7092 - 5:2');
#33=NEXT_ASSEMBLY_USAGE_OCCURRENCE(
'socket head cap screw_iso_ISO 4762 M5 x 25 --- 25N:1',
'socket head cap screw_iso_ISO 4762 M5 x 25 --- 25N:1',
'socket head cap screw_iso_ISO 4762 M5 x 25 --- 25N:1',#3434,#3438,
'socket head cap screw_iso_ISO 4762 M5 x 25 --- 25N:1');
#34=NEXT_ASSEMBLY_USAGE_OCCURRENCE(
'socket head cap screw_iso_ISO 4762 M5 x 25 --- 25N:2',
'socket head cap screw_iso_ISO 4762 M5 x 25 --- 25N:2',
'socket head cap screw_iso_ISO 4762 M5 x 25 --- 25N:2',#3434,#3438,
'socket head cap screw_iso_ISO 4762 M5 x 25 --- 25N:2');
#35=SHAPE_REPRESENTATION_RELATIONSHIP('SRR','None',#3429,#39);
#36=SHAPE_REPRESENTATION_RELATIONSHIP('SRR','None',#3430,#40);
#37=SHAPE_REPRESENTATION_RELATIONSHIP('SRR','None',#3431,#41);
#38=SHAPE_REPRESENTATION_RELATIONSHIP('SRR','None',#3432,#42);
#39=ADVANCED_BREP_SHAPE_REPRESENTATION('',(#47),#3403);
#40=ADVANCED_BREP_SHAPE_REPRESENTATION('',(#48),#3404);
#41=ADVANCED_BREP_SHAPE_REPRESENTATION('',(#49),#3405);
#42=ADVANCED_BREP_SHAPE_REPRESENTATION('',(#50),#3406);
#43=STYLED_ITEM('',(#3458),#47);
#44=STYLED_ITEM('',(#3458),#48);
#45=STYLED_ITEM('',(#3459),#49);
#46=STYLED_ITEM('',(#3459),#50);
#47=MANIFOLD_SOLID_BREP('Body1',#1840);
#48=MANIFOLD_SOLID_BREP('Body1',#1841);
#49=MANIFOLD_SOLID_BREP('Body1',#1842);
#50=MANIFOLD_SOLID_BREP('Body1',#1843);
#51=TOROIDAL_SURFACE('',#1962,26.5,2.);
#52=TOROIDAL_SURFACE('',#1973,26.5,2.);
#53=TOROIDAL_SURFACE('',#1979,21.5,1.);
#54=TOROIDAL_SURFACE('',#1980,21.5,1.);
#55=TOROIDAL_SURFACE('',#2057,26.5,2.);
#56=TOROIDAL_SURFACE('',#2068,26.5,2.);
#57=TOROIDAL_SURFACE('',#2074,21.5,1.);
#58=TOROIDAL_SURFACE('',#2075,21.5,1.);
#59=TOROIDAL_SURFACE('',#2093,4.,0.25);
#60=TOROIDAL_SURFACE('',#2097,2.69999999999999,0.2);
#61=(
BOUNDED_SURFACE()
B_SPLINE_SURFACE(2,2,((#2945,#2946,#2947),(#2948,#2949,#2950),(#2951,#2952,
#2953)),.UNSPECIFIED.,.F.,.F.,.F.)
B_SPLINE_SURFACE_WITH_KNOTS((3,3),(3,3),(0.,1.5707963267949),(2.28086197820683,
3.14159265358979),.UNSPECIFIED.)
GEOMETRIC_REPRESENTATION_ITEM()
RATIONAL_B_SPLINE_SURFACE(((1.,0.908813390401099,1.),(0.707106781186544,
0.642628111185752,0.707106781186544),(1.,0.908813390401099,1.)))
REPRESENTATION_ITEM('')
SURFACE()
);
#62=(
BOUNDED_SURFACE()
B_SPLINE_SURFACE(2,2,((#2961,#2962,#2963),(#2964,#2965,#2966),(#2967,#2968,
#2969)),.UNSPECIFIED.,.F.,.F.,.F.)
B_SPLINE_SURFACE_WITH_KNOTS((3,3),(3,3),(0.,1.5707963267949),(2.80766626959938E-16,
0.86073067538296),.UNSPECIFIED.)
GEOMETRIC_REPRESENTATION_ITEM()
RATIONAL_B_SPLINE_SURFACE(((1.,0.908813390401099,1.),(0.707106781186544,
0.642628111185751,0.707106781186544),(1.,0.908813390401099,1.)))
REPRESENTATION_ITEM('')
SURFACE()
);
#63=(
BOUNDED_SURFACE()
B_SPLINE_SURFACE(2,2,((#2974,#2975,#2976),(#2977,#2978,#2979),(#2980,#2981,
#2982)),.UNSPECIFIED.,.F.,.F.,.F.)
B_SPLINE_SURFACE_WITH_KNOTS((3,3),(3,3),(-1.5707963267949,0.),(2.28086197820683,
3.14159265358979),.UNSPECIFIED.)
GEOMETRIC_REPRESENTATION_ITEM()
RATIONAL_B_SPLINE_SURFACE(((1.,0.908813390401099,1.),(0.707106781186544,
0.642628111185752,0.707106781186544),(1.,0.908813390401099,1.)))
REPRESENTATION_ITEM('')
SURFACE()
);
#64=(
BOUNDED_SURFACE()
B_SPLINE_SURFACE(2,2,((#2990,#2991,#2992),(#2993,#2994,#2995),(#2996,#2997,
#2998)),.UNSPECIFIED.,.F.,.F.,.F.)
B_SPLINE_SURFACE_WITH_KNOTS((3,3),(3,3),(-1.5707963267949,0.),(2.80766626959938E-16,
0.86073067538296),.UNSPECIFIED.)
GEOMETRIC_REPRESENTATION_ITEM()
RATIONAL_B_SPLINE_SURFACE(((1.,0.908813390401099,1.),(0.707106781186543,
0.64262811118575,0.707106781186543),(1.,0.908813390401099,1.)))
REPRESENTATION_ITEM('')
SURFACE()
);
#65=(
BOUNDED_SURFACE()
B_SPLINE_SURFACE(2,2,((#3224,#3225,#3226),(#3227,#3228,#3229),(#3230,#3231,
#3232)),.UNSPECIFIED.,.F.,.F.,.F.)
B_SPLINE_SURFACE_WITH_KNOTS((3,3),(3,3),(0.,1.5707963267949),(2.28086197820683,
3.14159265358979),.UNSPECIFIED.)
GEOMETRIC_REPRESENTATION_ITEM()
RATIONAL_B_SPLINE_SURFACE(((1.,0.908813390401099,1.),(0.707106781186544,
0.642628111185752,0.707106781186544),(1.,0.908813390401099,1.)))
REPRESENTATION_ITEM('')
SURFACE()
);
#66=(
BOUNDED_SURFACE()
B_SPLINE_SURFACE(2,2,((#3240,#3241,#3242),(#3243,#3244,#3245),(#3246,#3247,
#3248)),.UNSPECIFIED.,.F.,.F.,.F.)
B_SPLINE_SURFACE_WITH_KNOTS((3,3),(3,3),(0.,1.5707963267949),(2.80766626959938E-16,
0.86073067538296),.UNSPECIFIED.)
GEOMETRIC_REPRESENTATION_ITEM()
RATIONAL_B_SPLINE_SURFACE(((1.,0.908813390401099,1.),(0.707106781186544,
0.642628111185751,0.707106781186544),(1.,0.908813390401099,1.)))
REPRESENTATION_ITEM('')
SURFACE()
);
#67=(
BOUNDED_SURFACE()
B_SPLINE_SURFACE(2,2,((#3253,#3254,#3255),(#3256,#3257,#3258),(#3259,#3260,
#3261)),.UNSPECIFIED.,.F.,.F.,.F.)
B_SPLINE_SURFACE_WITH_KNOTS((3,3),(3,3),(-1.5707963267949,0.),(2.28086197820683,
3.14159265358979),.UNSPECIFIED.)
GEOMETRIC_REPRESENTATION_ITEM()
RATIONAL_B_SPLINE_SURFACE(((1.,0.908813390401099,1.),(0.707106781186544,
0.642628111185752,0.707106781186544),(1.,0.908813390401099,1.)))
REPRESENTATION_ITEM('')
SURFACE()
);
#68=(
BOUNDED_SURFACE()
B_SPLINE_SURFACE(2,2,((#3269,#3270,#3271),(#3272,#3273,#3274),(#3275,#3276,
#3277)),.UNSPECIFIED.,.F.,.F.,.F.)
B_SPLINE_SURFACE_WITH_KNOTS((3,3),(3,3),(-1.5707963267949,0.),(2.80766626959938E-16,
0.86073067538296),.UNSPECIFIED.)
GEOMETRIC_REPRESENTATION_ITEM()
RATIONAL_B_SPLINE_SURFACE(((1.,0.908813390401099,1.),(0.707106781186543,
0.64262811118575,0.707106781186543),(1.,0.908813390401099,1.)))
REPRESENTATION_ITEM('')
SURFACE()
);
#69=FACE_BOUND('',#300,.T.);
#70=FACE_BOUND('',#302,.T.);
#71=FACE_BOUND('',#334,.T.);
#72=FACE_BOUND('',#336,.T.);
#73=FACE_BOUND('',#346,.T.);
#74=FACE_BOUND('',#348,.T.);
#75=FACE_BOUND('',#350,.T.);
#76=FACE_BOUND('',#352,.T.);
#77=FACE_BOUND('',#386,.T.);
#78=FACE_BOUND('',#388,.T.);
#79=FACE_BOUND('',#396,.T.);
#80=FACE_BOUND('',#398,.T.);
#81=(
BOUNDED_CURVE()
B_SPLINE_CURVE(2,(#2814,#2815,#2816,#2817),.UNSPECIFIED.,.F.,.F.)
B_SPLINE_CURVE_WITH_KNOTS((3,1,3),(-6.29160650124792,-6.23365869673737,
-5.71358184090991),.UNSPECIFIED.)
CURVE()
GEOMETRIC_REPRESENTATION_ITEM()
RATIONAL_B_SPLINE_CURVE((2.36716653902482,2.3871372868025,2.58151749840261,
2.71743696218538))
REPRESENTATION_ITEM('')
);
#82=(
BOUNDED_CURVE()
B_SPLINE_CURVE(2,(#2825,#2826,#2827),.UNSPECIFIED.,.F.,.F.)
B_SPLINE_CURVE_WITH_KNOTS((3,3),(-2.08609498677071,-1.50807032641714),
 .UNSPECIFIED.)
CURVE()
GEOMETRIC_REPRESENTATION_ITEM()
RATIONAL_B_SPLINE_CURVE((2.71743696219499,2.5663731319022,2.36716653902577))
REPRESENTATION_ITEM('')
);
#83=(
BOUNDED_CURVE()
B_SPLINE_CURVE(2,(#2840,#2841,#2842,#2843),.UNSPECIFIED.,.F.,.F.)
B_SPLINE_CURVE_WITH_KNOTS((3,1,3),(-6.29160650124891,-6.23365869673871,
-5.71358184091114),.UNSPECIFIED.)
CURVE()
GEOMETRIC_REPRESENTATION_ITEM()
RATIONAL_B_SPLINE_CURVE((2.36716653902561,2.38713728680319,2.58151749840356,
2.71743696218661))
REPRESENTATION_ITEM('')
);
#84=(
BOUNDED_CURVE()
B_SPLINE_CURVE(2,(#2851,#2852,#2853),.UNSPECIFIED.,.F.,.F.)
B_SPLINE_CURVE_WITH_KNOTS((3,3),(-2.08609498677199,-1.50807032641819),
 .UNSPECIFIED.)
CURVE()
GEOMETRIC_REPRESENTATION_ITEM()
RATIONAL_B_SPLINE_CURVE((2.71743696219376,2.56637313190119,2.36716653902498))
REPRESENTATION_ITEM('')
);
#85=(
BOUNDED_CURVE()
B_SPLINE_CURVE(2,(#3087,#3088,#3089,#3090),.UNSPECIFIED.,.F.,.F.)
B_SPLINE_CURVE_WITH_KNOTS((3,1,3),(-6.29160650124891,-6.23365869673871,
-5.71358184091114),.UNSPECIFIED.)
CURVE()
GEOMETRIC_REPRESENTATION_ITEM()
RATIONAL_B_SPLINE_CURVE((2.36716653902561,2.38713728680319,2.58151749840356,
2.71743696218661))
REPRESENTATION_ITEM('')
);
#86=(
BOUNDED_CURVE()
B_SPLINE_CURVE(2,(#3098,#3099,#3100),.UNSPECIFIED.,.F.,.F.)
B_SPLINE_CURVE_WITH_KNOTS((3,3),(-2.08609498677199,-1.50807032641819),
 .UNSPECIFIED.)
CURVE()
GEOMETRIC_REPRESENTATION_ITEM()
RATIONAL_B_SPLINE_CURVE((2.71743696219376,2.56637313190119,2.36716653902498))
REPRESENTATION_ITEM('')
);
#87=(
BOUNDED_CURVE()
B_SPLINE_CURVE(2,(#3123,#3124,#3125,#3126),.UNSPECIFIED.,.F.,.F.)
B_SPLINE_CURVE_WITH_KNOTS((3,1,3),(-6.29160650124792,-6.23365869673737,
-5.71358184090991),.UNSPECIFIED.)
CURVE()
GEOMETRIC_REPRESENTATION_ITEM()
RATIONAL_B_SPLINE_CURVE((2.36716653902482,2.3871372868025,2.58151749840261,
2.71743696218538))
REPRESENTATION_ITEM('')
);
#88=(
BOUNDED_CURVE()
B_SPLINE_CURVE(2,(#3134,#3135,#3136),.UNSPECIFIED.,.F.,.F.)
B_SPLINE_CURVE_WITH_KNOTS((3,3),(-2.08609498677071,-1.50807032641714),
 .UNSPECIFIED.)
CURVE()
GEOMETRIC_REPRESENTATION_ITEM()
RATIONAL_B_SPLINE_CURVE((2.71743696219499,2.5663731319022,2.36716653902577))
REPRESENTATION_ITEM('')
);
#89=PLANE('',#1913);
#90=PLANE('',#1918);
#91=PLANE('',#1923);
#92=PLANE('',#1928);
#93=PLANE('',#1936);
#94=PLANE('',#1937);
#95=PLANE('',#1941);
#96=PLANE('',#1945);
#97=PLANE('',#1981);
#98=PLANE('',#1982);
#99=PLANE('',#2006);
#100=PLANE('',#2011);
#101=PLANE('',#2012);
#102=PLANE('',#2017);
#103=PLANE('',#2018);
#104=PLANE('',#2023);
#105=PLANE('',#2031);
#106=PLANE('',#2032);
#107=PLANE('',#2036);
#108=PLANE('',#2040);
#109=PLANE('',#2083);
#110=PLANE('',#2084);
#111=PLANE('',#2108);
#112=PLANE('',#2109);
#113=PLANE('',#2110);
#114=PLANE('',#2111);
#115=PLANE('',#2112);
#116=PLANE('',#2113);
#117=PLANE('',#2114);
#118=PLANE('',#2115);
#119=PLANE('',#2116);
#120=PLANE('',#2117);
#121=PLANE('',#2118);
#122=PLANE('',#2119);
#123=PLANE('',#2120);
#124=PLANE('',#2121);
#125=PLANE('',#2122);
#126=ELLIPSE('',#1909,7.68817467817955,5.82943318308871);
#127=ELLIPSE('',#1912,7.68817467817954,5.82943318308871);
#128=ELLIPSE('',#1916,1.00109747627028,1.00007171232323);
#129=ELLIPSE('',#1917,1.00108938945339,1.00006368482701);
#130=ELLIPSE('',#1920,1.00109747627032,1.00007171232326);
#131=ELLIPSE('',#1921,1.00108938945369,1.00006368482724);
#132=ELLIPSE('',#2002,7.68817467817955,5.82943318308871);
#133=ELLIPSE('',#2005,7.68817467817954,5.82943318308871);
#134=ELLIPSE('',#2008,1.00109747627032,1.00007171232326);
#135=ELLIPSE('',#2009,1.00108938945369,1.00006368482724);
#136=ELLIPSE('',#2015,1.00109747627028,1.00007171232323);
#137=ELLIPSE('',#2016,1.00108938945339,1.00006368482701);
#138=B_SPLINE_CURVE_WITH_KNOTS('',3,(#2766,#2767,#2768,#2769,#2770,#2771),
 .UNSPECIFIED.,.F.,.F.,(4,2,4),(0.224360760475755,0.369076525691542,0.410244396865059),
 .UNSPECIFIED.);
#139=B_SPLINE_CURVE_WITH_KNOTS('',3,(#2774,#2775,#2776,#2777,#2778,#2779),
 .UNSPECIFIED.,.F.,.F.,(4,2,4),(-0.410244396865058,-0.369076525691542,-0.224360760475755),
 .UNSPECIFIED.);
#140=B_SPLINE_CURVE_WITH_KNOTS('',3,(#2785,#2786,#2787,#2788,#2789,#2790),
 .UNSPECIFIED.,.F.,.F.,(4,2,4),(-1.10676697338868,-0.962051208172896,-0.920883336999379),
 .UNSPECIFIED.);
#141=B_SPLINE_CURVE_WITH_KNOTS('',3,(#2793,#2794,#2795,#2796,#2797,#2798),
 .UNSPECIFIED.,.F.,.F.,(4,2,4),(0.920883336999379,0.962051208172895,1.10676697338868),
 .UNSPECIFIED.);
#142=B_SPLINE_CURVE_WITH_KNOTS('',3,(#3043,#3044,#3045,#3046,#3047,#3048),
 .UNSPECIFIED.,.F.,.F.,(4,2,4),(0.224360760475755,0.369076525691542,0.410244396865059),
 .UNSPECIFIED.);
#143=B_SPLINE_CURVE_WITH_KNOTS('',3,(#3051,#3052,#3053,#3054,#3055,#3056),
 .UNSPECIFIED.,.F.,.F.,(4,2,4),(-0.410244396865058,-0.369076525691542,-0.224360760475755),
 .UNSPECIFIED.);
#144=B_SPLINE_CURVE_WITH_KNOTS('',3,(#3062,#3063,#3064,#3065,#3066,#3067),
 .UNSPECIFIED.,.F.,.F.,(4,2,4),(-1.10676697338868,-0.962051208172896,-0.920883336999379),
 .UNSPECIFIED.);
#145=B_SPLINE_CURVE_WITH_KNOTS('',3,(#3070,#3071,#3072,#3073,#3074,#3075),
 .UNSPECIFIED.,.F.,.F.,(4,2,4),(0.920883336999379,0.962051208172895,1.10676697338868),
 .UNSPECIFIED.);
#146=CYLINDRICAL_SURFACE('',#1894,2.1);
#147=CYLINDRICAL_SURFACE('',#1902,2.1);
#148=CYLINDRICAL_SURFACE('',#1933,4.);
#149=CYLINDRICAL_SURFACE('',#1938,4.);
#150=CYLINDRICAL_SURFACE('',#1942,28.5);
#151=CYLINDRICAL_SURFACE('',#1949,22.5);
#152=CYLINDRICAL_SURFACE('',#1955,16.);
#153=CYLINDRICAL_SURFACE('',#1956,16.);
#154=CYLINDRICAL_SURFACE('',#1957,2.);
#155=CYLINDRICAL_SURFACE('',#1960,2.);
#156=CYLINDRICAL_SURFACE('',#1964,2.);
#157=CYLINDRICAL_SURFACE('',#1967,2.);
#158=CYLINDRICAL_SURFACE('',#1968,2.);
#159=CYLINDRICAL_SURFACE('',#1971,2.);
#160=CYLINDRICAL_SURFACE('',#1975,2.);
#161=CYLINDRICAL_SURFACE('',#1978,2.);
#162=CYLINDRICAL_SURFACE('',#1998,2.8);
#163=CYLINDRICAL_SURFACE('',#1999,2.8);
#164=CYLINDRICAL_SURFACE('',#2028,4.);
#165=CYLINDRICAL_SURFACE('',#2033,4.);
#166=CYLINDRICAL_SURFACE('',#2037,28.5);
#167=CYLINDRICAL_SURFACE('',#2044,22.5);
#168=CYLINDRICAL_SURFACE('',#2050,16.);
#169=CYLINDRICAL_SURFACE('',#2051,16.);
#170=CYLINDRICAL_SURFACE('',#2052,2.);
#171=CYLINDRICAL_SURFACE('',#2055,2.);
#172=CYLINDRICAL_SURFACE('',#2059,2.);
#173=CYLINDRICAL_SURFACE('',#2062,2.);
#174=CYLINDRICAL_SURFACE('',#2063,2.);
#175=CYLINDRICAL_SURFACE('',#2066,2.);
#176=CYLINDRICAL_SURFACE('',#2070,2.);
#177=CYLINDRICAL_SURFACE('',#2073,2.);
#178=CYLINDRICAL_SURFACE('',#2077,4.5);
#179=CYLINDRICAL_SURFACE('',#2080,2.65);
#180=CYLINDRICAL_SURFACE('',#2105,2.49999999999999);
#181=CYLINDRICAL_SURFACE('',#2106,4.25);
#182=FACE_OUTER_BOUND('',#291,.T.);
#183=FACE_OUTER_BOUND('',#292,.T.);
#184=FACE_OUTER_BOUND('',#293,.T.);
#185=FACE_OUTER_BOUND('',#294,.T.);
#186=FACE_OUTER_BOUND('',#295,.T.);
#187=FACE_OUTER_BOUND('',#296,.T.);
#188=FACE_OUTER_BOUND('',#297,.T.);
#189=FACE_OUTER_BOUND('',#298,.T.);
#190=FACE_OUTER_BOUND('',#299,.T.);
#191=FACE_OUTER_BOUND('',#301,.T.);
#192=FACE_OUTER_BOUND('',#303,.T.);
#193=FACE_OUTER_BOUND('',#304,.T.);
#194=FACE_OUTER_BOUND('',#305,.T.);
#195=FACE_OUTER_BOUND('',#306,.T.);
#196=FACE_OUTER_BOUND('',#307,.T.);
#197=FACE_OUTER_BOUND('',#308,.T.);
#198=FACE_OUTER_BOUND('',#309,.T.);
#199=FACE_OUTER_BOUND('',#310,.T.);
#200=FACE_OUTER_BOUND('',#311,.T.);
#201=FACE_OUTER_BOUND('',#312,.T.);
#202=FACE_OUTER_BOUND('',#313,.T.);
#203=FACE_OUTER_BOUND('',#314,.T.);
#204=FACE_OUTER_BOUND('',#315,.T.);
#205=FACE_OUTER_BOUND('',#316,.T.);
#206=FACE_OUTER_BOUND('',#317,.T.);
#207=FACE_OUTER_BOUND('',#318,.T.);
#208=FACE_OUTER_BOUND('',#319,.T.);
#209=FACE_OUTER_BOUND('',#320,.T.);
#210=FACE_OUTER_BOUND('',#321,.T.);
#211=FACE_OUTER_BOUND('',#322,.T.);
#212=FACE_OUTER_BOUND('',#323,.T.);
#213=FACE_OUTER_BOUND('',#324,.T.);
#214=FACE_OUTER_BOUND('',#325,.T.);
#215=FACE_OUTER_BOUND('',#326,.T.);
#216=FACE_OUTER_BOUND('',#327,.T.);
#217=FACE_OUTER_BOUND('',#328,.T.);
#218=FACE_OUTER_BOUND('',#329,.T.);
#219=FACE_OUTER_BOUND('',#330,.T.);
#220=FACE_OUTER_BOUND('',#331,.T.);
#221=FACE_OUTER_BOUND('',#332,.T.);
#222=FACE_OUTER_BOUND('',#333,.T.);
#223=FACE_OUTER_BOUND('',#335,.T.);
#224=FACE_OUTER_BOUND('',#337,.T.);
#225=FACE_OUTER_BOUND('',#338,.T.);
#226=FACE_OUTER_BOUND('',#339,.T.);
#227=FACE_OUTER_BOUND('',#340,.T.);
#228=FACE_OUTER_BOUND('',#341,.T.);
#229=FACE_OUTER_BOUND('',#342,.T.);
#230=FACE_OUTER_BOUND('',#343,.T.);
#231=FACE_OUTER_BOUND('',#344,.T.);
#232=FACE_OUTER_BOUND('',#345,.T.);
#233=FACE_OUTER_BOUND('',#347,.T.);
#234=FACE_OUTER_BOUND('',#349,.T.);
#235=FACE_OUTER_BOUND('',#351,.T.);
#236=FACE_OUTER_BOUND('',#353,.T.);
#237=FACE_OUTER_BOUND('',#354,.T.);
#238=FACE_OUTER_BOUND('',#355,.T.);
#239=FACE_OUTER_BOUND('',#356,.T.);
#240=FACE_OUTER_BOUND('',#357,.T.);
#241=FACE_OUTER_BOUND('',#358,.T.);
#242=FACE_OUTER_BOUND('',#359,.T.);
#243=FACE_OUTER_BOUND('',#360,.T.);
#244=FACE_OUTER_BOUND('',#361,.T.);
#245=FACE_OUTER_BOUND('',#362,.T.);
#246=FACE_OUTER_BOUND('',#363,.T.);
#247=FACE_OUTER_BOUND('',#364,.T.);
#248=FACE_OUTER_BOUND('',#365,.T.);
#249=FACE_OUTER_BOUND('',#366,.T.);
#250=FACE_OUTER_BOUND('',#367,.T.);
#251=FACE_OUTER_BOUND('',#368,.T.);
#252=FACE_OUTER_BOUND('',#369,.T.);
#253=FACE_OUTER_BOUND('',#370,.T.);
#254=FACE_OUTER_BOUND('',#371,.T.);
#255=FACE_OUTER_BOUND('',#372,.T.);
#256=FACE_OUTER_BOUND('',#373,.T.);
#257=FACE_OUTER_BOUND('',#374,.T.);
#258=FACE_OUTER_BOUND('',#375,.T.);
#259=FACE_OUTER_BOUND('',#376,.T.);
#260=FACE_OUTER_BOUND('',#377,.T.);
#261=FACE_OUTER_BOUND('',#378,.T.);
#262=FACE_OUTER_BOUND('',#379,.T.);
#263=FACE_OUTER_BOUND('',#380,.T.);
#264=FACE_OUTER_BOUND('',#381,.T.);
#265=FACE_OUTER_BOUND('',#382,.T.);
#266=FACE_OUTER_BOUND('',#383,.T.);
#267=FACE_OUTER_BOUND('',#384,.T.);
#268=FACE_OUTER_BOUND('',#385,.T.);
#269=FACE_OUTER_BOUND('',#387,.T.);
#270=FACE_OUTER_BOUND('',#389,.T.);
#271=FACE_OUTER_BOUND('',#390,.T.);
#272=FACE_OUTER_BOUND('',#391,.T.);
#273=FACE_OUTER_BOUND('',#392,.T.);
#274=FACE_OUTER_BOUND('',#393,.T.);
#275=FACE_OUTER_BOUND('',#394,.T.);
#276=FACE_OUTER_BOUND('',#395,.T.);
#277=FACE_OUTER_BOUND('',#397,.T.);
#278=FACE_OUTER_BOUND('',#399,.T.);
#279=FACE_OUTER_BOUND('',#400,.T.);
#280=FACE_OUTER_BOUND('',#401,.T.);
#281=FACE_OUTER_BOUND('',#402,.T.);
#282=FACE_OUTER_BOUND('',#403,.T.);
#283=FACE_OUTER_BOUND('',#404,.T.);
#284=FACE_OUTER_BOUND('',#405,.T.);
#285=FACE_OUTER_BOUND('',#406,.T.);
#286=FACE_OUTER_BOUND('',#407,.T.);
#287=FACE_OUTER_BOUND('',#408,.T.);
#288=FACE_OUTER_BOUND('',#409,.T.);
#289=FACE_OUTER_BOUND('',#410,.T.);
#290=FACE_OUTER_BOUND('',#411,.T.);
#291=EDGE_LOOP('',(#1189,#1190,#1191,#1192));
#292=EDGE_LOOP('',(#1193,#1194,#1195,#1196,#1197));
#293=EDGE_LOOP('',(#1198,#1199,#1200,#1201,#1202));
#294=EDGE_LOOP('',(#1203,#1204,#1205,#1206));
#295=EDGE_LOOP('',(#1207,#1208,#1209,#1210,#1211));
#296=EDGE_LOOP('',(#1212,#1213,#1214,#1215,#1216));
#297=EDGE_LOOP('',(#1217,#1218,#1219,#1220));
#298=EDGE_LOOP('',(#1221,#1222,#1223,#1224));
#299=EDGE_LOOP('',(#1225,#1226,#1227,#1228,#1229,#1230,#1231,#1232,#1233,
#1234,#1235,#1236));
#300=EDGE_LOOP('',(#1237));
#301=EDGE_LOOP('',(#1238,#1239,#1240,#1241,#1242,#1243,#1244,#1245,#1246,
#1247,#1248,#1249));
#302=EDGE_LOOP('',(#1250));
#303=EDGE_LOOP('',(#1251,#1252,#1253,#1254,#1255,#1256,#1257,#1258,#1259,
#1260));
#304=EDGE_LOOP('',(#1261,#1262,#1263,#1264,#1265,#1266,#1267,#1268,#1269,
#1270));
#305=EDGE_LOOP('',(#1271,#1272,#1273,#1274,#1275,#1276,#1277,#1278));
#306=EDGE_LOOP('',(#1279,#1280,#1281,#1282));
#307=EDGE_LOOP('',(#1283,#1284,#1285,#1286));
#308=EDGE_LOOP('',(#1287,#1288,#1289,#1290,#1291,#1292,#1293,#1294));
#309=EDGE_LOOP('',(#1295,#1296,#1297,#1298,#1299,#1300));
#310=EDGE_LOOP('',(#1301,#1302,#1303,#1304));
#311=EDGE_LOOP('',(#1305,#1306,#1307,#1308,#1309,#1310));
#312=EDGE_LOOP('',(#1311,#1312,#1313,#1314));
#313=EDGE_LOOP('',(#1315,#1316,#1317,#1318));
#314=EDGE_LOOP('',(#1319,#1320,#1321,#1322));
#315=EDGE_LOOP('',(#1323,#1324,#1325,#1326));
#316=EDGE_LOOP('',(#1327,#1328,#1329,#1330));
#317=EDGE_LOOP('',(#1331,#1332,#1333,#1334));
#318=EDGE_LOOP('',(#1335,#1336,#1337,#1338));
#319=EDGE_LOOP('',(#1339,#1340,#1341,#1342));
#320=EDGE_LOOP('',(#1343,#1344,#1345,#1346));
#321=EDGE_LOOP('',(#1347,#1348,#1349,#1350));
#322=EDGE_LOOP('',(#1351,#1352,#1353,#1354));
#323=EDGE_LOOP('',(#1355,#1356,#1357,#1358));
#324=EDGE_LOOP('',(#1359,#1360,#1361,#1362));
#325=EDGE_LOOP('',(#1363,#1364,#1365,#1366));
#326=EDGE_LOOP('',(#1367,#1368,#1369,#1370));
#327=EDGE_LOOP('',(#1371,#1372,#1373,#1374));
#328=EDGE_LOOP('',(#1375,#1376,#1377,#1378));
#329=EDGE_LOOP('',(#1379,#1380,#1381,#1382));
#330=EDGE_LOOP('',(#1383,#1384,#1385,#1386));
#331=EDGE_LOOP('',(#1387,#1388,#1389,#1390));
#332=EDGE_LOOP('',(#1391,#1392,#1393,#1394));
#333=EDGE_LOOP('',(#1395,#1396));
#334=EDGE_LOOP('',(#1397));
#335=EDGE_LOOP('',(#1398,#1399));
#336=EDGE_LOOP('',(#1400));
#337=EDGE_LOOP('',(#1401,#1402,#1403,#1404,#1405));
#338=EDGE_LOOP('',(#1406,#1407,#1408,#1409));
#339=EDGE_LOOP('',(#1410,#1411,#1412,#1413,#1414));
#340=EDGE_LOOP('',(#1415,#1416,#1417,#1418));
#341=EDGE_LOOP('',(#1419,#1420,#1421,#1422,#1423));
#342=EDGE_LOOP('',(#1424,#1425,#1426,#1427,#1428));
#343=EDGE_LOOP('',(#1429,#1430,#1431,#1432));
#344=EDGE_LOOP('',(#1433,#1434,#1435,#1436));
#345=EDGE_LOOP('',(#1437,#1438,#1439,#1440,#1441,#1442,#1443,#1444,#1445,
#1446,#1447,#1448));
#346=EDGE_LOOP('',(#1449));
#347=EDGE_LOOP('',(#1450,#1451));
#348=EDGE_LOOP('',(#1452));
#349=EDGE_LOOP('',(#1453,#1454,#1455,#1456,#1457,#1458,#1459,#1460,#1461,
#1462,#1463,#1464));
#350=EDGE_LOOP('',(#1465));
#351=EDGE_LOOP('',(#1466,#1467));
#352=EDGE_LOOP('',(#1468));
#353=EDGE_LOOP('',(#1469,#1470,#1471,#1472,#1473,#1474,#1475,#1476,#1477,
#1478));
#354=EDGE_LOOP('',(#1479,#1480,#1481,#1482,#1483,#1484,#1485,#1486,#1487,
#1488));
#355=EDGE_LOOP('',(#1489,#1490,#1491,#1492,#1493,#1494,#1495,#1496));
#356=EDGE_LOOP('',(#1497,#1498,#1499,#1500));
#357=EDGE_LOOP('',(#1501,#1502,#1503,#1504));
#358=EDGE_LOOP('',(#1505,#1506,#1507,#1508,#1509,#1510,#1511,#1512));
#359=EDGE_LOOP('',(#1513,#1514,#1515,#1516,#1517,#1518));
#360=EDGE_LOOP('',(#1519,#1520,#1521,#1522));
#361=EDGE_LOOP('',(#1523,#1524,#1525,#1526,#1527,#1528));
#362=EDGE_LOOP('',(#1529,#1530,#1531,#1532));
#363=EDGE_LOOP('',(#1533,#1534,#1535,#1536));
#364=EDGE_LOOP('',(#1537,#1538,#1539,#1540));
#365=EDGE_LOOP('',(#1541,#1542,#1543,#1544));
#366=EDGE_LOOP('',(#1545,#1546,#1547,#1548));
#367=EDGE_LOOP('',(#1549,#1550,#1551,#1552));
#368=EDGE_LOOP('',(#1553,#1554,#1555,#1556));
#369=EDGE_LOOP('',(#1557,#1558,#1559,#1560));
#370=EDGE_LOOP('',(#1561,#1562,#1563,#1564));
#371=EDGE_LOOP('',(#1565,#1566,#1567,#1568));
#372=EDGE_LOOP('',(#1569,#1570,#1571,#1572));
#373=EDGE_LOOP('',(#1573,#1574,#1575,#1576));
#374=EDGE_LOOP('',(#1577,#1578,#1579,#1580));
#375=EDGE_LOOP('',(#1581,#1582,#1583,#1584));
#376=EDGE_LOOP('',(#1585,#1586,#1587,#1588));
#377=EDGE_LOOP('',(#1589,#1590,#1591,#1592));
#378=EDGE_LOOP('',(#1593,#1594,#1595,#1596));
#379=EDGE_LOOP('',(#1597,#1598,#1599,#1600));
#380=EDGE_LOOP('',(#1601,#1602,#1603,#1604));
#381=EDGE_LOOP('',(#1605,#1606,#1607,#1608));
#382=EDGE_LOOP('',(#1609,#1610,#1611,#1612));
#383=EDGE_LOOP('',(#1613,#1614,#1615,#1616));
#384=EDGE_LOOP('',(#1617,#1618,#1619,#1620));
#385=EDGE_LOOP('',(#1621));
#386=EDGE_LOOP('',(#1622));
#387=EDGE_LOOP('',(#1623));
#388=EDGE_LOOP('',(#1624));
#389=EDGE_LOOP('',(#1625,#1626,#1627,#1628,#1629,#1630,#1631,#1632));
#390=EDGE_LOOP('',(#1633,#1634,#1635,#1636));
#391=EDGE_LOOP('',(#1637,#1638,#1639,#1640,#1641));
#392=EDGE_LOOP('',(#1642,#1643,#1644,#1645));
#393=EDGE_LOOP('',(#1646,#1647,#1648,#1649,#1650));
#394=EDGE_LOOP('',(#1651,#1652,#1653,#1654));
#395=EDGE_LOOP('',(#1655));
#396=EDGE_LOOP('',(#1656,#1657,#1658,#1659,#1660,#1661));
#397=EDGE_LOOP('',(#1662));
#398=EDGE_LOOP('',(#1663));
#399=EDGE_LOOP('',(#1664));
#400=EDGE_LOOP('',(#1665,#1666,#1667,#1668,#1669));
#401=EDGE_LOOP('',(#1670,#1671,#1672,#1673,#1674));
#402=EDGE_LOOP('',(#1675,#1676,#1677,#1678,#1679));
#403=EDGE_LOOP('',(#1680,#1681,#1682,#1683,#1684));
#404=EDGE_LOOP('',(#1685,#1686,#1687,#1688,#1689));
#405=EDGE_LOOP('',(#1690,#1691,#1692,#1693,#1694));
#406=EDGE_LOOP('',(#1695,#1696,#1697));
#407=EDGE_LOOP('',(#1698,#1699,#1700));
#408=EDGE_LOOP('',(#1701,#1702,#1703));
#409=EDGE_LOOP('',(#1704,#1705,#1706));
#410=EDGE_LOOP('',(#1707,#1708,#1709));
#411=EDGE_LOOP('',(#1710,#1711,#1712));
#412=LINE('',#2733,#530);
#413=LINE('',#2740,#531);
#414=LINE('',#2743,#532);
#415=LINE('',#2749,#533);
#416=LINE('',#2756,#534);
#417=LINE('',#2759,#535);
#418=LINE('',#2802,#536);
#419=LINE('',#2806,#537);
#420=LINE('',#2810,#538);
#421=LINE('',#2812,#539);
#422=LINE('',#2821,#540);
#423=LINE('',#2828,#541);
#424=LINE('',#2832,#542);
#425=LINE('',#2836,#543);
#426=LINE('',#2838,#544);
#427=LINE('',#2847,#545);
#428=LINE('',#2855,#546);
#429=LINE('',#2857,#547);
#430=LINE('',#2861,#548);
#431=LINE('',#2865,#549);
#432=LINE('',#2869,#550);
#433=LINE('',#2872,#551);
#434=LINE('',#2878,#552);
#435=LINE('',#2881,#553);
#436=LINE('',#2885,#554);
#437=LINE('',#2888,#555);
#438=LINE('',#2890,#556);
#439=LINE('',#2892,#557);
#440=LINE('',#2896,#558);
#441=LINE('',#2899,#559);
#442=LINE('',#2901,#560);
#443=LINE('',#2902,#561);
#444=LINE('',#2906,#562);
#445=LINE('',#2907,#563);
#446=LINE('',#2908,#564);
#447=LINE('',#2910,#565);
#448=LINE('',#2912,#566);
#449=LINE('',#2916,#567);
#450=LINE('',#2919,#568);
#451=LINE('',#2921,#569);
#452=LINE('',#2922,#570);
#453=LINE('',#2926,#571);
#454=LINE('',#2930,#572);
#455=LINE('',#2931,#573);
#456=LINE('',#3012,#574);
#457=LINE('',#3018,#575);
#458=LINE('',#3026,#576);
#459=LINE('',#3032,#577);
#460=LINE('',#3035,#578);
#461=LINE('',#3037,#579);
#462=LINE('',#3079,#580);
#463=LINE('',#3083,#581);
#464=LINE('',#3085,#582);
#465=LINE('',#3094,#583);
#466=LINE('',#3102,#584);
#467=LINE('',#3104,#585);
#468=LINE('',#3107,#586);
#469=LINE('',#3111,#587);
#470=LINE('',#3115,#588);
#471=LINE('',#3119,#589);
#472=LINE('',#3121,#590);
#473=LINE('',#3130,#591);
#474=LINE('',#3137,#592);
#475=LINE('',#3139,#593);
#476=LINE('',#3142,#594);
#477=LINE('',#3146,#595);
#478=LINE('',#3150,#596);
#479=LINE('',#3153,#597);
#480=LINE('',#3159,#598);
#481=LINE('',#3162,#599);
#482=LINE('',#3166,#600);
#483=LINE('',#3169,#601);
#484=LINE('',#3172,#602);
#485=LINE('',#3176,#603);
#486=LINE('',#3179,#604);
#487=LINE('',#3181,#605);
#488=LINE('',#3182,#606);
#489=LINE('',#3186,#607);
#490=LINE('',#3187,#608);
#491=LINE('',#3188,#609);
#492=LINE('',#3191,#610);
#493=LINE('',#3195,#611);
#494=LINE('',#3198,#612);
#495=LINE('',#3200,#613);
#496=LINE('',#3201,#614);
#497=LINE('',#3205,#615);
#498=LINE('',#3209,#616);
#499=LINE('',#3210,#617);
#500=LINE('',#3287,#618);
#501=LINE('',#3293,#619);
#502=LINE('',#3301,#620);
#503=LINE('',#3331,#621);
#504=LINE('',#3334,#622);
#505=LINE('',#3337,#623);
#506=LINE('',#3342,#624);
#507=LINE('',#3344,#625);
#508=LINE('',#3346,#626);
#509=LINE('',#3348,#627);
#510=LINE('',#3350,#628);
#511=LINE('',#3351,#629);
#512=LINE('',#3356,#630);
#513=LINE('',#3357,#631);
#514=LINE('',#3359,#632);
#515=LINE('',#3360,#633);
#516=LINE('',#3362,#634);
#517=LINE('',#3364,#635);
#518=LINE('',#3365,#636);
#519=LINE('',#3367,#637);
#520=LINE('',#3369,#638);
#521=LINE('',#3370,#639);
#522=LINE('',#3372,#640);
#523=LINE('',#3374,#641);
#524=LINE('',#3375,#642);
#525=LINE('',#3377,#643);
#526=LINE('',#3379,#644);
#527=LINE('',#3380,#645);
#528=LINE('',#3382,#646);
#529=LINE('',#3383,#647);
#530=VECTOR('',#2137,2.525);
#531=VECTOR('',#2146,2.1);
#532=VECTOR('',#2149,2.1);
#533=VECTOR('',#2156,2.525);
#534=VECTOR('',#2165,2.1);
#535=VECTOR('',#2168,2.1);
#536=VECTOR('',#2185,1000.);
#537=VECTOR('',#2188,1000.);
#538=VECTOR('',#2191,1000.);
#539=VECTOR('',#2192,1000.);
#540=VECTOR('',#2195,1000.);
#541=VECTOR('',#2198,1000.);
#542=VECTOR('',#2201,1000.);
#543=VECTOR('',#2204,1000.);
#544=VECTOR('',#2205,1000.);
#545=VECTOR('',#2208,1000.);
#546=VECTOR('',#2211,1000.);
#547=VECTOR('',#2212,1000.);
#548=VECTOR('',#2217,1000.);
#549=VECTOR('',#2220,1000.);
#550=VECTOR('',#2223,1000.);
#551=VECTOR('',#2226,1000.);
#552=VECTOR('',#2233,1000.);
#553=VECTOR('',#2236,1000.);
#554=VECTOR('',#2239,1000.);
#555=VECTOR('',#2242,1000.);
#556=VECTOR('',#2245,1000.);
#557=VECTOR('',#2246,1000.);
#558=VECTOR('',#2249,1000.);
#559=VECTOR('',#2252,1000.);
#560=VECTOR('',#2255,1000.);
#561=VECTOR('',#2256,1000.);
#562=VECTOR('',#2259,1000.);
#563=VECTOR('',#2260,1000.);
#564=VECTOR('',#2261,1000.);
#565=VECTOR('',#2264,1000.);
#566=VECTOR('',#2265,1000.);
#567=VECTOR('',#2270,1000.);
#568=VECTOR('',#2273,1000.);
#569=VECTOR('',#2274,1000.);
#570=VECTOR('',#2275,1000.);
#571=VECTOR('',#2278,1000.);
#572=VECTOR('',#2285,1000.);
#573=VECTOR('',#2286,1000.);
#574=VECTOR('',#2369,3.09999999999996);
#575=VECTOR('',#2376,3.09999999999998);
#576=VECTOR('',#2385,2.8);
#577=VECTOR('',#2392,3.09999999999998);
#578=VECTOR('',#2397,2.8);
#579=VECTOR('',#2400,2.8);
#580=VECTOR('',#2415,1000.);
#581=VECTOR('',#2418,1000.);
#582=VECTOR('',#2419,1000.);
#583=VECTOR('',#2422,1000.);
#584=VECTOR('',#2425,1000.);
#585=VECTOR('',#2426,1000.);
#586=VECTOR('',#2431,1000.);
#587=VECTOR('',#2434,1000.);
#588=VECTOR('',#2437,1000.);
#589=VECTOR('',#2440,1000.);
#590=VECTOR('',#2441,1000.);
#591=VECTOR('',#2444,1000.);
#592=VECTOR('',#2447,1000.);
#593=VECTOR('',#2450,1000.);
#594=VECTOR('',#2453,1000.);
#595=VECTOR('',#2456,1000.);
#596=VECTOR('',#2459,1000.);
#597=VECTOR('',#2462,1000.);
#598=VECTOR('',#2469,1000.);
#599=VECTOR('',#2472,1000.);
#600=VECTOR('',#2475,1000.);
#601=VECTOR('',#2478,1000.);
#602=VECTOR('',#2481,1000.);
#603=VECTOR('',#2484,1000.);
#604=VECTOR('',#2487,1000.);
#605=VECTOR('',#2490,1000.);
#606=VECTOR('',#2491,1000.);
#607=VECTOR('',#2494,1000.);
#608=VECTOR('',#2495,1000.);
#609=VECTOR('',#2496,1000.);
#610=VECTOR('',#2499,1000.);
#611=VECTOR('',#2504,1000.);
#612=VECTOR('',#2507,1000.);
#613=VECTOR('',#2508,1000.);
#614=VECTOR('',#2509,1000.);
#615=VECTOR('',#2512,1000.);
#616=VECTOR('',#2519,1000.);
#617=VECTOR('',#2520,1000.);
#618=VECTOR('',#2597,4.5);
#619=VECTOR('',#2604,2.65);
#620=VECTOR('',#2615,2.042);
#621=VECTOR('',#2650,2.055);
#622=VECTOR('',#2655,2.49999999999999);
#623=VECTOR('',#2658,4.25);
#624=VECTOR('',#2663,1000.);
#625=VECTOR('',#2664,1000.);
#626=VECTOR('',#2665,1000.);
#627=VECTOR('',#2666,1000.);
#628=VECTOR('',#2667,1000.);
#629=VECTOR('',#2668,1000.);
#630=VECTOR('',#2675,1000.);
#631=VECTOR('',#2676,1000.);
#632=VECTOR('',#2677,1000.);
#633=VECTOR('',#2678,1000.);
#634=VECTOR('',#2681,1000.);
#635=VECTOR('',#2682,1000.);
#636=VECTOR('',#2683,1000.);
#637=VECTOR('',#2686,1000.);
#638=VECTOR('',#2687,1000.);
#639=VECTOR('',#2688,1000.);
#640=VECTOR('',#2691,1000.);
#641=VECTOR('',#2692,1000.);
#642=VECTOR('',#2693,1000.);
#643=VECTOR('',#2696,1000.);
#644=VECTOR('',#2697,1000.);
#645=VECTOR('',#2698,1000.);
#646=VECTOR('',#2701,1000.);
#647=VECTOR('',#2702,1000.);
#648=CIRCLE('',#1892,2.1);
#649=CIRCLE('',#1893,2.525);
#650=CIRCLE('',#1895,2.1);
#651=CIRCLE('',#1896,2.1);
#652=CIRCLE('',#1898,2.525);
#653=CIRCLE('',#1900,2.1);
#654=CIRCLE('',#1901,2.525);
#655=CIRCLE('',#1903,2.1);
#656=CIRCLE('',#1904,2.1);
#657=CIRCLE('',#1906,2.525);
#658=CIRCLE('',#1908,5.75);
#659=CIRCLE('',#1911,5.75);
#660=CIRCLE('',#1914,2.);
#661=CIRCLE('',#1915,2.);
#662=CIRCLE('',#1919,2.);
#663=CIRCLE('',#1922,2.);
#664=CIRCLE('',#1924,2.);
#665=CIRCLE('',#1925,26.5);
#666=CIRCLE('',#1926,2.);
#667=CIRCLE('',#1927,16.);
#668=CIRCLE('',#1929,2.);
#669=CIRCLE('',#1930,16.);
#670=CIRCLE('',#1931,2.);
#671=CIRCLE('',#1932,26.5);
#672=CIRCLE('',#1934,4.);
#673=CIRCLE('',#1935,4.);
#674=CIRCLE('',#1939,4.);
#675=CIRCLE('',#1940,4.);
#676=CIRCLE('',#1943,28.5);
#677=CIRCLE('',#1944,28.5);
#678=CIRCLE('',#1947,21.7588190451025);
#679=CIRCLE('',#1948,16.);
#680=CIRCLE('',#1950,22.5);
#681=CIRCLE('',#1951,22.5);
#682=CIRCLE('',#1953,21.7588190451025);
#683=CIRCLE('',#1954,16.);
#684=CIRCLE('',#1958,2.);
#685=CIRCLE('',#1959,2.);
#686=CIRCLE('',#1961,2.);
#687=CIRCLE('',#1963,2.);
#688=CIRCLE('',#1965,2.);
#689=CIRCLE('',#1966,2.);
#690=CIRCLE('',#1969,2.);
#691=CIRCLE('',#1970,2.);
#692=CIRCLE('',#1972,2.);
#693=CIRCLE('',#1974,2.);
#694=CIRCLE('',#1976,2.);
#695=CIRCLE('',#1977,2.);
#696=CIRCLE('',#1985,2.8);
#697=CIRCLE('',#1986,2.8);
#698=CIRCLE('',#1987,3.09999999999997);
#699=CIRCLE('',#1989,2.8);
#700=CIRCLE('',#1990,3.09999999999998);
#701=CIRCLE('',#1992,2.8);
#702=CIRCLE('',#1993,2.8);
#703=CIRCLE('',#1994,3.10000000000005);
#704=CIRCLE('',#1996,2.8);
#705=CIRCLE('',#1997,3.09999999999998);
#706=CIRCLE('',#2001,5.75);
#707=CIRCLE('',#2004,5.75);
#708=CIRCLE('',#2007,2.);
#709=CIRCLE('',#2010,2.);
#710=CIRCLE('',#2013,2.);
#711=CIRCLE('',#2014,2.);
#712=CIRCLE('',#2019,2.);
#713=CIRCLE('',#2020,26.5);
#714=CIRCLE('',#2021,2.);
#715=CIRCLE('',#2022,16.);
#716=CIRCLE('',#2024,2.);
#717=CIRCLE('',#2025,16.);
#718=CIRCLE('',#2026,2.);
#719=CIRCLE('',#2027,26.5);
#720=CIRCLE('',#2029,4.);
#721=CIRCLE('',#2030,4.);
#722=CIRCLE('',#2034,4.);
#723=CIRCLE('',#2035,4.);
#724=CIRCLE('',#2038,28.5);
#725=CIRCLE('',#2039,28.5);
#726=CIRCLE('',#2042,21.7588190451025);
#727=CIRCLE('',#2043,16.);
#728=CIRCLE('',#2045,22.5);
#729=CIRCLE('',#2046,22.5);
#730=CIRCLE('',#2048,21.7588190451025);
#731=CIRCLE('',#2049,16.);
#732=CIRCLE('',#2053,2.);
#733=CIRCLE('',#2054,2.);
#734=CIRCLE('',#2056,2.);
#735=CIRCLE('',#2058,2.);
#736=CIRCLE('',#2060,2.);
#737=CIRCLE('',#2061,2.);
#738=CIRCLE('',#2064,2.);
#739=CIRCLE('',#2065,2.);
#740=CIRCLE('',#2067,2.);
#741=CIRCLE('',#2069,2.);
#742=CIRCLE('',#2071,2.);
#743=CIRCLE('',#2072,2.);
#744=CIRCLE('',#2078,4.5);
#745=CIRCLE('',#2079,4.5);
#746=CIRCLE('',#2081,2.65);
#747=CIRCLE('',#2082,2.65);
#748=CIRCLE('',#2087,2.042);
#749=CIRCLE('',#2088,2.042);
#750=CIRCLE('',#2089,2.042);
#751=CIRCLE('',#2090,2.042);
#752=CIRCLE('',#2091,2.042);
#753=CIRCLE('',#2092,2.042);
#754=CIRCLE('',#2094,4.);
#755=CIRCLE('',#2095,0.25);
#756=CIRCLE('',#2096,4.25);
#757=CIRCLE('',#2098,2.49999999999999);
#758=CIRCLE('',#2099,2.49999999999999);
#759=CIRCLE('',#2100,0.2);
#760=CIRCLE('',#2101,2.69999999999999);
#761=CIRCLE('',#2103,2.49999999999999);
#762=CIRCLE('',#2104,2.055);
#763=CIRCLE('',#2107,4.25);
#764=VERTEX_POINT('',#2730);
#765=VERTEX_POINT('',#2732);
#766=VERTEX_POINT('',#2736);
#767=VERTEX_POINT('',#2737);
#768=VERTEX_POINT('',#2742);
#769=VERTEX_POINT('',#2746);
#770=VERTEX_POINT('',#2748);
#771=VERTEX_POINT('',#2752);
#772=VERTEX_POINT('',#2753);
#773=VERTEX_POINT('',#2758);
#774=VERTEX_POINT('',#2762);
#775=VERTEX_POINT('',#2763);
#776=VERTEX_POINT('',#2765);
#777=VERTEX_POINT('',#2772);
#778=VERTEX_POINT('',#2781);
#779=VERTEX_POINT('',#2782);
#780=VERTEX_POINT('',#2784);
#781=VERTEX_POINT('',#2791);
#782=VERTEX_POINT('',#2800);
#783=VERTEX_POINT('',#2801);
#784=VERTEX_POINT('',#2803);
#785=VERTEX_POINT('',#2805);
#786=VERTEX_POINT('',#2807);
#787=VERTEX_POINT('',#2809);
#788=VERTEX_POINT('',#2811);
#789=VERTEX_POINT('',#2813);
#790=VERTEX_POINT('',#2818);
#791=VERTEX_POINT('',#2820);
#792=VERTEX_POINT('',#2822);
#793=VERTEX_POINT('',#2824);
#794=VERTEX_POINT('',#2830);
#795=VERTEX_POINT('',#2831);
#796=VERTEX_POINT('',#2833);
#797=VERTEX_POINT('',#2835);
#798=VERTEX_POINT('',#2837);
#799=VERTEX_POINT('',#2839);
#800=VERTEX_POINT('',#2844);
#801=VERTEX_POINT('',#2846);
#802=VERTEX_POINT('',#2848);
#803=VERTEX_POINT('',#2850);
#804=VERTEX_POINT('',#2854);
#805=VERTEX_POINT('',#2856);
#806=VERTEX_POINT('',#2860);
#807=VERTEX_POINT('',#2862);
#808=VERTEX_POINT('',#2864);
#809=VERTEX_POINT('',#2866);
#810=VERTEX_POINT('',#2868);
#811=VERTEX_POINT('',#2870);
#812=VERTEX_POINT('',#2875);
#813=VERTEX_POINT('',#2876);
#814=VERTEX_POINT('',#2880);
#815=VERTEX_POINT('',#2882);
#816=VERTEX_POINT('',#2884);
#817=VERTEX_POINT('',#2886);
#818=VERTEX_POINT('',#2891);
#819=VERTEX_POINT('',#2893);
#820=VERTEX_POINT('',#2895);
#821=VERTEX_POINT('',#2897);
#822=VERTEX_POINT('',#2904);
#823=VERTEX_POINT('',#2905);
#824=VERTEX_POINT('',#2911);
#825=VERTEX_POINT('',#2914);
#826=VERTEX_POINT('',#2918);
#827=VERTEX_POINT('',#2920);
#828=VERTEX_POINT('',#2924);
#829=VERTEX_POINT('',#2925);
#830=VERTEX_POINT('',#3007);
#831=VERTEX_POINT('',#3008);
#832=VERTEX_POINT('',#3011);
#833=VERTEX_POINT('',#3015);
#834=VERTEX_POINT('',#3017);
#835=VERTEX_POINT('',#3021);
#836=VERTEX_POINT('',#3022);
#837=VERTEX_POINT('',#3025);
#838=VERTEX_POINT('',#3029);
#839=VERTEX_POINT('',#3031);
#840=VERTEX_POINT('',#3039);
#841=VERTEX_POINT('',#3040);
#842=VERTEX_POINT('',#3042);
#843=VERTEX_POINT('',#3049);
#844=VERTEX_POINT('',#3058);
#845=VERTEX_POINT('',#3059);
#846=VERTEX_POINT('',#3061);
#847=VERTEX_POINT('',#3068);
#848=VERTEX_POINT('',#3077);
#849=VERTEX_POINT('',#3078);
#850=VERTEX_POINT('',#3080);
#851=VERTEX_POINT('',#3082);
#852=VERTEX_POINT('',#3084);
#853=VERTEX_POINT('',#3086);
#854=VERTEX_POINT('',#3091);
#855=VERTEX_POINT('',#3093);
#856=VERTEX_POINT('',#3095);
#857=VERTEX_POINT('',#3097);
#858=VERTEX_POINT('',#3101);
#859=VERTEX_POINT('',#3103);
#860=VERTEX_POINT('',#3109);
#861=VERTEX_POINT('',#3110);
#862=VERTEX_POINT('',#3112);
#863=VERTEX_POINT('',#3114);
#864=VERTEX_POINT('',#3116);
#865=VERTEX_POINT('',#3118);
#866=VERTEX_POINT('',#3120);
#867=VERTEX_POINT('',#3122);
#868=VERTEX_POINT('',#3127);
#869=VERTEX_POINT('',#3129);
#870=VERTEX_POINT('',#3131);
#871=VERTEX_POINT('',#3133);
#872=VERTEX_POINT('',#3141);
#873=VERTEX_POINT('',#3143);
#874=VERTEX_POINT('',#3145);
#875=VERTEX_POINT('',#3147);
#876=VERTEX_POINT('',#3149);
#877=VERTEX_POINT('',#3151);
#878=VERTEX_POINT('',#3156);
#879=VERTEX_POINT('',#3157);
#880=VERTEX_POINT('',#3161);
#881=VERTEX_POINT('',#3163);
#882=VERTEX_POINT('',#3165);
#883=VERTEX_POINT('',#3167);
#884=VERTEX_POINT('',#3171);
#885=VERTEX_POINT('',#3173);
#886=VERTEX_POINT('',#3175);
#887=VERTEX_POINT('',#3177);
#888=VERTEX_POINT('',#3184);
#889=VERTEX_POINT('',#3185);
#890=VERTEX_POINT('',#3190);
#891=VERTEX_POINT('',#3193);
#892=VERTEX_POINT('',#3197);
#893=VERTEX_POINT('',#3199);
#894=VERTEX_POINT('',#3203);
#895=VERTEX_POINT('',#3204);
#896=VERTEX_POINT('',#3284);
#897=VERTEX_POINT('',#3286);
#898=VERTEX_POINT('',#3290);
#899=VERTEX_POINT('',#3292);
#900=VERTEX_POINT('',#3299);
#901=VERTEX_POINT('',#3300);
#902=VERTEX_POINT('',#3302);
#903=VERTEX_POINT('',#3304);
#904=VERTEX_POINT('',#3306);
#905=VERTEX_POINT('',#3308);
#906=VERTEX_POINT('',#3310);
#907=VERTEX_POINT('',#3314);
#908=VERTEX_POINT('',#3316);
#909=VERTEX_POINT('',#3320);
#910=VERTEX_POINT('',#3321);
#911=VERTEX_POINT('',#3324);
#912=VERTEX_POINT('',#3328);
#913=VERTEX_POINT('',#3330);
#914=VERTEX_POINT('',#3336);
#915=VERTEX_POINT('',#3340);
#916=VERTEX_POINT('',#3341);
#917=VERTEX_POINT('',#3343);
#918=VERTEX_POINT('',#3345);
#919=VERTEX_POINT('',#3347);
#920=VERTEX_POINT('',#3349);
#921=VERTEX_POINT('',#3355);
#922=VERTEX_POINT('',#3358);
#923=VERTEX_POINT('',#3363);
#924=VERTEX_POINT('',#3368);
#925=VERTEX_POINT('',#3373);
#926=VERTEX_POINT('',#3378);
#927=EDGE_CURVE('',#764,#764,#648,.T.);
#928=EDGE_CURVE('',#764,#765,#412,.T.);
#929=EDGE_CURVE('',#765,#765,#649,.T.);
#930=EDGE_CURVE('',#766,#767,#650,.T.);
#931=EDGE_CURVE('',#767,#766,#651,.T.);
#932=EDGE_CURVE('',#767,#764,#413,.T.);
#933=EDGE_CURVE('',#766,#768,#414,.T.);
#934=EDGE_CURVE('',#768,#768,#652,.T.);
#935=EDGE_CURVE('',#769,#769,#653,.T.);
#936=EDGE_CURVE('',#769,#770,#415,.T.);
#937=EDGE_CURVE('',#770,#770,#654,.T.);
#938=EDGE_CURVE('',#771,#772,#655,.T.);
#939=EDGE_CURVE('',#772,#771,#656,.T.);
#940=EDGE_CURVE('',#772,#769,#416,.T.);
#941=EDGE_CURVE('',#771,#773,#417,.T.);
#942=EDGE_CURVE('',#773,#773,#657,.T.);
#943=EDGE_CURVE('',#774,#775,#658,.T.);
#944=EDGE_CURVE('',#775,#776,#138,.T.);
#945=EDGE_CURVE('',#776,#777,#126,.T.);
#946=EDGE_CURVE('',#777,#774,#139,.T.);
#947=EDGE_CURVE('',#778,#779,#659,.T.);
#948=EDGE_CURVE('',#779,#780,#140,.T.);
#949=EDGE_CURVE('',#780,#781,#127,.T.);
#950=EDGE_CURVE('',#781,#778,#141,.T.);
#951=EDGE_CURVE('',#782,#783,#418,.T.);
#952=EDGE_CURVE('',#782,#784,#660,.T.);
#953=EDGE_CURVE('',#784,#785,#419,.T.);
#954=EDGE_CURVE('',#785,#786,#661,.T.);
#955=EDGE_CURVE('',#786,#787,#420,.T.);
#956=EDGE_CURVE('',#788,#787,#421,.T.);
#957=EDGE_CURVE('',#789,#788,#81,.T.);
#958=EDGE_CURVE('',#789,#790,#128,.T.);
#959=EDGE_CURVE('',#791,#790,#422,.T.);
#960=EDGE_CURVE('',#791,#792,#129,.T.);
#961=EDGE_CURVE('',#793,#792,#82,.T.);
#962=EDGE_CURVE('',#783,#793,#423,.T.);
#963=EDGE_CURVE('',#794,#795,#424,.T.);
#964=EDGE_CURVE('',#794,#796,#662,.T.);
#965=EDGE_CURVE('',#797,#796,#425,.T.);
#966=EDGE_CURVE('',#798,#797,#426,.T.);
#967=EDGE_CURVE('',#799,#798,#83,.T.);
#968=EDGE_CURVE('',#799,#800,#130,.T.);
#969=EDGE_CURVE('',#801,#800,#427,.T.);
#970=EDGE_CURVE('',#801,#802,#131,.T.);
#971=EDGE_CURVE('',#803,#802,#84,.T.);
#972=EDGE_CURVE('',#804,#803,#428,.T.);
#973=EDGE_CURVE('',#804,#805,#429,.T.);
#974=EDGE_CURVE('',#805,#795,#663,.T.);
#975=EDGE_CURVE('',#796,#806,#430,.T.);
#976=EDGE_CURVE('',#806,#807,#664,.T.);
#977=EDGE_CURVE('',#807,#808,#431,.T.);
#978=EDGE_CURVE('',#808,#809,#665,.T.);
#979=EDGE_CURVE('',#809,#810,#432,.T.);
#980=EDGE_CURVE('',#810,#811,#666,.T.);
#981=EDGE_CURVE('',#811,#782,#433,.T.);
#982=EDGE_CURVE('',#797,#783,#667,.T.);
#983=EDGE_CURVE('',#812,#813,#668,.T.);
#984=EDGE_CURVE('',#813,#805,#434,.T.);
#985=EDGE_CURVE('',#804,#787,#669,.T.);
#986=EDGE_CURVE('',#786,#814,#435,.T.);
#987=EDGE_CURVE('',#814,#815,#670,.T.);
#988=EDGE_CURVE('',#815,#816,#436,.T.);
#989=EDGE_CURVE('',#816,#817,#671,.T.);
#990=EDGE_CURVE('',#817,#812,#437,.T.);
#991=EDGE_CURVE('',#778,#779,#438,.T.);
#992=EDGE_CURVE('',#781,#818,#439,.T.);
#993=EDGE_CURVE('',#818,#819,#672,.T.);
#994=EDGE_CURVE('',#820,#819,#440,.T.);
#995=EDGE_CURVE('',#820,#821,#673,.T.);
#996=EDGE_CURVE('',#821,#780,#441,.T.);
#997=EDGE_CURVE('',#784,#820,#442,.T.);
#998=EDGE_CURVE('',#819,#785,#443,.T.);
#999=EDGE_CURVE('',#822,#823,#444,.T.);
#1000=EDGE_CURVE('',#822,#794,#445,.T.);
#1001=EDGE_CURVE('',#795,#823,#446,.T.);
#1002=EDGE_CURVE('',#775,#774,#447,.T.);
#1003=EDGE_CURVE('',#824,#777,#448,.T.);
#1004=EDGE_CURVE('',#824,#822,#674,.T.);
#1005=EDGE_CURVE('',#823,#825,#675,.T.);
#1006=EDGE_CURVE('',#776,#825,#449,.T.);
#1007=EDGE_CURVE('',#825,#826,#450,.T.);
#1008=EDGE_CURVE('',#827,#826,#451,.T.);
#1009=EDGE_CURVE('',#827,#824,#452,.T.);
#1010=EDGE_CURVE('',#828,#829,#453,.T.);
#1011=EDGE_CURVE('',#828,#827,#676,.T.);
#1012=EDGE_CURVE('',#826,#829,#677,.T.);
#1013=EDGE_CURVE('',#821,#828,#454,.T.);
#1014=EDGE_CURVE('',#829,#818,#455,.T.);
#1015=EDGE_CURVE('',#792,#799,#678,.T.);
#1016=EDGE_CURVE('',#798,#793,#679,.T.);
#1017=EDGE_CURVE('',#790,#801,#680,.T.);
#1018=EDGE_CURVE('',#800,#791,#681,.T.);
#1019=EDGE_CURVE('',#802,#789,#682,.T.);
#1020=EDGE_CURVE('',#803,#788,#683,.T.);
#1021=EDGE_CURVE('',#820,#811,#684,.T.);
#1022=EDGE_CURVE('',#821,#810,#685,.T.);
#1023=EDGE_CURVE('',#828,#809,#686,.T.);
#1024=EDGE_CURVE('',#827,#808,#687,.T.);
#1025=EDGE_CURVE('',#824,#807,#688,.T.);
#1026=EDGE_CURVE('',#822,#806,#689,.T.);
#1027=EDGE_CURVE('',#814,#819,#690,.T.);
#1028=EDGE_CURVE('',#815,#818,#691,.T.);
#1029=EDGE_CURVE('',#816,#829,#692,.T.);
#1030=EDGE_CURVE('',#817,#826,#693,.T.);
#1031=EDGE_CURVE('',#812,#825,#694,.T.);
#1032=EDGE_CURVE('',#813,#823,#695,.T.);
#1033=EDGE_CURVE('',#830,#831,#696,.T.);
#1034=EDGE_CURVE('',#831,#830,#697,.T.);
#1035=EDGE_CURVE('',#831,#832,#456,.T.);
#1036=EDGE_CURVE('',#832,#832,#698,.T.);
#1037=EDGE_CURVE('',#833,#833,#699,.T.);
#1038=EDGE_CURVE('',#833,#834,#457,.T.);
#1039=EDGE_CURVE('',#834,#834,#700,.T.);
#1040=EDGE_CURVE('',#835,#836,#701,.T.);
#1041=EDGE_CURVE('',#836,#835,#702,.T.);
#1042=EDGE_CURVE('',#836,#837,#458,.T.);
#1043=EDGE_CURVE('',#837,#837,#703,.T.);
#1044=EDGE_CURVE('',#838,#838,#704,.T.);
#1045=EDGE_CURVE('',#838,#839,#459,.T.);
#1046=EDGE_CURVE('',#839,#839,#705,.T.);
#1047=EDGE_CURVE('',#835,#838,#460,.T.);
#1048=EDGE_CURVE('',#830,#833,#461,.T.);
#1049=EDGE_CURVE('',#840,#841,#706,.T.);
#1050=EDGE_CURVE('',#841,#842,#142,.T.);
#1051=EDGE_CURVE('',#842,#843,#132,.T.);
#1052=EDGE_CURVE('',#843,#840,#143,.T.);
#1053=EDGE_CURVE('',#844,#845,#707,.T.);
#1054=EDGE_CURVE('',#845,#846,#144,.T.);
#1055=EDGE_CURVE('',#846,#847,#133,.T.);
#1056=EDGE_CURVE('',#847,#844,#145,.T.);
#1057=EDGE_CURVE('',#848,#849,#462,.T.);
#1058=EDGE_CURVE('',#848,#850,#708,.T.);
#1059=EDGE_CURVE('',#851,#850,#463,.T.);
#1060=EDGE_CURVE('',#852,#851,#464,.T.);
#1061=EDGE_CURVE('',#853,#852,#85,.T.);
#1062=EDGE_CURVE('',#853,#854,#134,.T.);
#1063=EDGE_CURVE('',#855,#854,#465,.T.);
#1064=EDGE_CURVE('',#855,#856,#135,.T.);
#1065=EDGE_CURVE('',#857,#856,#86,.T.);
#1066=EDGE_CURVE('',#858,#857,#466,.T.);
#1067=EDGE_CURVE('',#858,#859,#467,.T.);
#1068=EDGE_CURVE('',#859,#849,#709,.T.);
#1069=EDGE_CURVE('',#841,#840,#468,.T.);
#1070=EDGE_CURVE('',#860,#861,#469,.T.);
#1071=EDGE_CURVE('',#860,#862,#710,.T.);
#1072=EDGE_CURVE('',#862,#863,#470,.T.);
#1073=EDGE_CURVE('',#863,#864,#711,.T.);
#1074=EDGE_CURVE('',#864,#865,#471,.T.);
#1075=EDGE_CURVE('',#866,#865,#472,.T.);
#1076=EDGE_CURVE('',#867,#866,#87,.T.);
#1077=EDGE_CURVE('',#867,#868,#136,.T.);
#1078=EDGE_CURVE('',#869,#868,#473,.T.);
#1079=EDGE_CURVE('',#869,#870,#137,.T.);
#1080=EDGE_CURVE('',#871,#870,#88,.T.);
#1081=EDGE_CURVE('',#861,#871,#474,.T.);
#1082=EDGE_CURVE('',#844,#845,#475,.T.);
#1083=EDGE_CURVE('',#850,#872,#476,.T.);
#1084=EDGE_CURVE('',#872,#873,#712,.T.);
#1085=EDGE_CURVE('',#873,#874,#477,.T.);
#1086=EDGE_CURVE('',#874,#875,#713,.T.);
#1087=EDGE_CURVE('',#875,#876,#478,.T.);
#1088=EDGE_CURVE('',#876,#877,#714,.T.);
#1089=EDGE_CURVE('',#877,#860,#479,.T.);
#1090=EDGE_CURVE('',#851,#861,#715,.T.);
#1091=EDGE_CURVE('',#878,#879,#716,.T.);
#1092=EDGE_CURVE('',#879,#859,#480,.T.);
#1093=EDGE_CURVE('',#858,#865,#717,.T.);
#1094=EDGE_CURVE('',#864,#880,#481,.T.);
#1095=EDGE_CURVE('',#880,#881,#718,.T.);
#1096=EDGE_CURVE('',#881,#882,#482,.T.);
#1097=EDGE_CURVE('',#882,#883,#719,.T.);
#1098=EDGE_CURVE('',#883,#878,#483,.T.);
#1099=EDGE_CURVE('',#847,#884,#484,.T.);
#1100=EDGE_CURVE('',#884,#885,#720,.T.);
#1101=EDGE_CURVE('',#886,#885,#485,.T.);
#1102=EDGE_CURVE('',#886,#887,#721,.T.);
#1103=EDGE_CURVE('',#887,#846,#486,.T.);
#1104=EDGE_CURVE('',#862,#886,#487,.T.);
#1105=EDGE_CURVE('',#885,#863,#488,.T.);
#1106=EDGE_CURVE('',#888,#889,#489,.T.);
#1107=EDGE_CURVE('',#888,#848,#490,.T.);
#1108=EDGE_CURVE('',#849,#889,#491,.T.);
#1109=EDGE_CURVE('',#890,#843,#492,.T.);
#1110=EDGE_CURVE('',#890,#888,#722,.T.);
#1111=EDGE_CURVE('',#889,#891,#723,.T.);
#1112=EDGE_CURVE('',#842,#891,#493,.T.);
#1113=EDGE_CURVE('',#891,#892,#494,.T.);
#1114=EDGE_CURVE('',#893,#892,#495,.T.);
#1115=EDGE_CURVE('',#893,#890,#496,.T.);
#1116=EDGE_CURVE('',#894,#895,#497,.T.);
#1117=EDGE_CURVE('',#894,#893,#724,.T.);
#1118=EDGE_CURVE('',#892,#895,#725,.T.);
#1119=EDGE_CURVE('',#887,#894,#498,.T.);
#1120=EDGE_CURVE('',#895,#884,#499,.T.);
#1121=EDGE_CURVE('',#870,#853,#726,.T.);
#1122=EDGE_CURVE('',#852,#871,#727,.T.);
#1123=EDGE_CURVE('',#868,#855,#728,.T.);
#1124=EDGE_CURVE('',#854,#869,#729,.T.);
#1125=EDGE_CURVE('',#856,#867,#730,.T.);
#1126=EDGE_CURVE('',#857,#866,#731,.T.);
#1127=EDGE_CURVE('',#886,#877,#732,.T.);
#1128=EDGE_CURVE('',#887,#876,#733,.T.);
#1129=EDGE_CURVE('',#894,#875,#734,.T.);
#1130=EDGE_CURVE('',#893,#874,#735,.T.);
#1131=EDGE_CURVE('',#890,#873,#736,.T.);
#1132=EDGE_CURVE('',#888,#872,#737,.T.);
#1133=EDGE_CURVE('',#880,#885,#738,.T.);
#1134=EDGE_CURVE('',#881,#884,#739,.T.);
#1135=EDGE_CURVE('',#882,#895,#740,.T.);
#1136=EDGE_CURVE('',#883,#892,#741,.T.);
#1137=EDGE_CURVE('',#878,#891,#742,.T.);
#1138=EDGE_CURVE('',#879,#889,#743,.T.);
#1139=EDGE_CURVE('',#896,#896,#744,.T.);
#1140=EDGE_CURVE('',#896,#897,#500,.T.);
#1141=EDGE_CURVE('',#897,#897,#745,.T.);
#1142=EDGE_CURVE('',#898,#898,#746,.T.);
#1143=EDGE_CURVE('',#898,#899,#501,.T.);
#1144=EDGE_CURVE('',#899,#899,#747,.T.);
#1145=EDGE_CURVE('',#900,#901,#502,.T.);
#1146=EDGE_CURVE('',#901,#902,#748,.T.);
#1147=EDGE_CURVE('',#902,#903,#749,.T.);
#1148=EDGE_CURVE('',#903,#904,#750,.T.);
#1149=EDGE_CURVE('',#904,#905,#751,.T.);
#1150=EDGE_CURVE('',#905,#906,#752,.T.);
#1151=EDGE_CURVE('',#906,#901,#753,.T.);
#1152=EDGE_CURVE('',#907,#907,#754,.T.);
#1153=EDGE_CURVE('',#907,#908,#755,.T.);
#1154=EDGE_CURVE('',#908,#908,#756,.T.);
#1155=EDGE_CURVE('',#909,#910,#757,.T.);
#1156=EDGE_CURVE('',#910,#909,#758,.T.);
#1157=EDGE_CURVE('',#910,#911,#759,.T.);
#1158=EDGE_CURVE('',#911,#911,#760,.T.);
#1159=EDGE_CURVE('',#912,#912,#761,.T.);
#1160=EDGE_CURVE('',#912,#913,#503,.T.);
#1161=EDGE_CURVE('',#913,#913,#762,.T.);
#1162=EDGE_CURVE('',#909,#912,#504,.T.);
#1163=EDGE_CURVE('',#908,#914,#505,.T.);
#1164=EDGE_CURVE('',#914,#914,#763,.T.);
#1165=EDGE_CURVE('',#915,#916,#506,.T.);
#1166=EDGE_CURVE('',#917,#916,#507,.T.);
#1167=EDGE_CURVE('',#917,#918,#508,.T.);
#1168=EDGE_CURVE('',#918,#919,#509,.T.);
#1169=EDGE_CURVE('',#920,#919,#510,.T.);
#1170=EDGE_CURVE('',#915,#920,#511,.T.);
#1171=EDGE_CURVE('',#921,#915,#512,.T.);
#1172=EDGE_CURVE('',#921,#905,#513,.T.);
#1173=EDGE_CURVE('',#905,#922,#514,.T.);
#1174=EDGE_CURVE('',#922,#916,#515,.T.);
#1175=EDGE_CURVE('',#904,#922,#516,.T.);
#1176=EDGE_CURVE('',#923,#904,#517,.T.);
#1177=EDGE_CURVE('',#923,#917,#518,.T.);
#1178=EDGE_CURVE('',#923,#903,#519,.T.);
#1179=EDGE_CURVE('',#903,#924,#520,.T.);
#1180=EDGE_CURVE('',#924,#918,#521,.T.);
#1181=EDGE_CURVE('',#924,#902,#522,.T.);
#1182=EDGE_CURVE('',#902,#925,#523,.T.);
#1183=EDGE_CURVE('',#925,#919,#524,.T.);
#1184=EDGE_CURVE('',#901,#925,#525,.T.);
#1185=EDGE_CURVE('',#926,#901,#526,.T.);
#1186=EDGE_CURVE('',#926,#920,#527,.T.);
#1187=EDGE_CURVE('',#906,#926,#528,.T.);
#1188=EDGE_CURVE('',#921,#906,#529,.T.);
#1189=ORIENTED_EDGE('',*,*,#927,.F.);
#1190=ORIENTED_EDGE('',*,*,#928,.T.);
#1191=ORIENTED_EDGE('',*,*,#929,.T.);
#1192=ORIENTED_EDGE('',*,*,#928,.F.);
#1193=ORIENTED_EDGE('',*,*,#930,.F.);
#1194=ORIENTED_EDGE('',*,*,#931,.F.);
#1195=ORIENTED_EDGE('',*,*,#932,.T.);
#1196=ORIENTED_EDGE('',*,*,#927,.T.);
#1197=ORIENTED_EDGE('',*,*,#932,.F.);
#1198=ORIENTED_EDGE('',*,*,#930,.T.);
#1199=ORIENTED_EDGE('',*,*,#931,.T.);
#1200=ORIENTED_EDGE('',*,*,#933,.T.);
#1201=ORIENTED_EDGE('',*,*,#934,.F.);
#1202=ORIENTED_EDGE('',*,*,#933,.F.);
#1203=ORIENTED_EDGE('',*,*,#935,.F.);
#1204=ORIENTED_EDGE('',*,*,#936,.T.);
#1205=ORIENTED_EDGE('',*,*,#937,.T.);
#1206=ORIENTED_EDGE('',*,*,#936,.F.);
#1207=ORIENTED_EDGE('',*,*,#938,.F.);
#1208=ORIENTED_EDGE('',*,*,#939,.F.);
#1209=ORIENTED_EDGE('',*,*,#940,.T.);
#1210=ORIENTED_EDGE('',*,*,#935,.T.);
#1211=ORIENTED_EDGE('',*,*,#940,.F.);
#1212=ORIENTED_EDGE('',*,*,#938,.T.);
#1213=ORIENTED_EDGE('',*,*,#939,.T.);
#1214=ORIENTED_EDGE('',*,*,#941,.T.);
#1215=ORIENTED_EDGE('',*,*,#942,.F.);
#1216=ORIENTED_EDGE('',*,*,#941,.F.);
#1217=ORIENTED_EDGE('',*,*,#943,.T.);
#1218=ORIENTED_EDGE('',*,*,#944,.T.);
#1219=ORIENTED_EDGE('',*,*,#945,.T.);
#1220=ORIENTED_EDGE('',*,*,#946,.T.);
#1221=ORIENTED_EDGE('',*,*,#947,.T.);
#1222=ORIENTED_EDGE('',*,*,#948,.T.);
#1223=ORIENTED_EDGE('',*,*,#949,.T.);
#1224=ORIENTED_EDGE('',*,*,#950,.T.);
#1225=ORIENTED_EDGE('',*,*,#951,.F.);
#1226=ORIENTED_EDGE('',*,*,#952,.T.);
#1227=ORIENTED_EDGE('',*,*,#953,.T.);
#1228=ORIENTED_EDGE('',*,*,#954,.T.);
#1229=ORIENTED_EDGE('',*,*,#955,.T.);
#1230=ORIENTED_EDGE('',*,*,#956,.F.);
#1231=ORIENTED_EDGE('',*,*,#957,.F.);
#1232=ORIENTED_EDGE('',*,*,#958,.T.);
#1233=ORIENTED_EDGE('',*,*,#959,.F.);
#1234=ORIENTED_EDGE('',*,*,#960,.T.);
#1235=ORIENTED_EDGE('',*,*,#961,.F.);
#1236=ORIENTED_EDGE('',*,*,#962,.F.);
#1237=ORIENTED_EDGE('',*,*,#929,.F.);
#1238=ORIENTED_EDGE('',*,*,#963,.F.);
#1239=ORIENTED_EDGE('',*,*,#964,.T.);
#1240=ORIENTED_EDGE('',*,*,#965,.F.);
#1241=ORIENTED_EDGE('',*,*,#966,.F.);
#1242=ORIENTED_EDGE('',*,*,#967,.F.);
#1243=ORIENTED_EDGE('',*,*,#968,.T.);
#1244=ORIENTED_EDGE('',*,*,#969,.F.);
#1245=ORIENTED_EDGE('',*,*,#970,.T.);
#1246=ORIENTED_EDGE('',*,*,#971,.F.);
#1247=ORIENTED_EDGE('',*,*,#972,.F.);
#1248=ORIENTED_EDGE('',*,*,#973,.T.);
#1249=ORIENTED_EDGE('',*,*,#974,.T.);
#1250=ORIENTED_EDGE('',*,*,#937,.F.);
#1251=ORIENTED_EDGE('',*,*,#965,.T.);
#1252=ORIENTED_EDGE('',*,*,#975,.T.);
#1253=ORIENTED_EDGE('',*,*,#976,.T.);
#1254=ORIENTED_EDGE('',*,*,#977,.T.);
#1255=ORIENTED_EDGE('',*,*,#978,.T.);
#1256=ORIENTED_EDGE('',*,*,#979,.T.);
#1257=ORIENTED_EDGE('',*,*,#980,.T.);
#1258=ORIENTED_EDGE('',*,*,#981,.T.);
#1259=ORIENTED_EDGE('',*,*,#951,.T.);
#1260=ORIENTED_EDGE('',*,*,#982,.F.);
#1261=ORIENTED_EDGE('',*,*,#983,.T.);
#1262=ORIENTED_EDGE('',*,*,#984,.T.);
#1263=ORIENTED_EDGE('',*,*,#973,.F.);
#1264=ORIENTED_EDGE('',*,*,#985,.T.);
#1265=ORIENTED_EDGE('',*,*,#955,.F.);
#1266=ORIENTED_EDGE('',*,*,#986,.T.);
#1267=ORIENTED_EDGE('',*,*,#987,.T.);
#1268=ORIENTED_EDGE('',*,*,#988,.T.);
#1269=ORIENTED_EDGE('',*,*,#989,.T.);
#1270=ORIENTED_EDGE('',*,*,#990,.T.);
#1271=ORIENTED_EDGE('',*,*,#991,.F.);
#1272=ORIENTED_EDGE('',*,*,#950,.F.);
#1273=ORIENTED_EDGE('',*,*,#992,.T.);
#1274=ORIENTED_EDGE('',*,*,#993,.T.);
#1275=ORIENTED_EDGE('',*,*,#994,.F.);
#1276=ORIENTED_EDGE('',*,*,#995,.T.);
#1277=ORIENTED_EDGE('',*,*,#996,.T.);
#1278=ORIENTED_EDGE('',*,*,#948,.F.);
#1279=ORIENTED_EDGE('',*,*,#953,.F.);
#1280=ORIENTED_EDGE('',*,*,#997,.T.);
#1281=ORIENTED_EDGE('',*,*,#994,.T.);
#1282=ORIENTED_EDGE('',*,*,#998,.T.);
#1283=ORIENTED_EDGE('',*,*,#999,.F.);
#1284=ORIENTED_EDGE('',*,*,#1000,.T.);
#1285=ORIENTED_EDGE('',*,*,#963,.T.);
#1286=ORIENTED_EDGE('',*,*,#1001,.T.);
#1287=ORIENTED_EDGE('',*,*,#1002,.T.);
#1288=ORIENTED_EDGE('',*,*,#946,.F.);
#1289=ORIENTED_EDGE('',*,*,#1003,.F.);
#1290=ORIENTED_EDGE('',*,*,#1004,.T.);
#1291=ORIENTED_EDGE('',*,*,#999,.T.);
#1292=ORIENTED_EDGE('',*,*,#1005,.T.);
#1293=ORIENTED_EDGE('',*,*,#1006,.F.);
#1294=ORIENTED_EDGE('',*,*,#944,.F.);
#1295=ORIENTED_EDGE('',*,*,#1003,.T.);
#1296=ORIENTED_EDGE('',*,*,#945,.F.);
#1297=ORIENTED_EDGE('',*,*,#1006,.T.);
#1298=ORIENTED_EDGE('',*,*,#1007,.T.);
#1299=ORIENTED_EDGE('',*,*,#1008,.F.);
#1300=ORIENTED_EDGE('',*,*,#1009,.T.);
#1301=ORIENTED_EDGE('',*,*,#1010,.F.);
#1302=ORIENTED_EDGE('',*,*,#1011,.T.);
#1303=ORIENTED_EDGE('',*,*,#1008,.T.);
#1304=ORIENTED_EDGE('',*,*,#1012,.T.);
#1305=ORIENTED_EDGE('',*,*,#992,.F.);
#1306=ORIENTED_EDGE('',*,*,#949,.F.);
#1307=ORIENTED_EDGE('',*,*,#996,.F.);
#1308=ORIENTED_EDGE('',*,*,#1013,.T.);
#1309=ORIENTED_EDGE('',*,*,#1010,.T.);
#1310=ORIENTED_EDGE('',*,*,#1014,.T.);
#1311=ORIENTED_EDGE('',*,*,#961,.T.);
#1312=ORIENTED_EDGE('',*,*,#1015,.T.);
#1313=ORIENTED_EDGE('',*,*,#967,.T.);
#1314=ORIENTED_EDGE('',*,*,#1016,.T.);
#1315=ORIENTED_EDGE('',*,*,#959,.T.);
#1316=ORIENTED_EDGE('',*,*,#1017,.T.);
#1317=ORIENTED_EDGE('',*,*,#969,.T.);
#1318=ORIENTED_EDGE('',*,*,#1018,.T.);
#1319=ORIENTED_EDGE('',*,*,#971,.T.);
#1320=ORIENTED_EDGE('',*,*,#1019,.T.);
#1321=ORIENTED_EDGE('',*,*,#957,.T.);
#1322=ORIENTED_EDGE('',*,*,#1020,.F.);
#1323=ORIENTED_EDGE('',*,*,#962,.T.);
#1324=ORIENTED_EDGE('',*,*,#1016,.F.);
#1325=ORIENTED_EDGE('',*,*,#966,.T.);
#1326=ORIENTED_EDGE('',*,*,#982,.T.);
#1327=ORIENTED_EDGE('',*,*,#956,.T.);
#1328=ORIENTED_EDGE('',*,*,#985,.F.);
#1329=ORIENTED_EDGE('',*,*,#972,.T.);
#1330=ORIENTED_EDGE('',*,*,#1020,.T.);
#1331=ORIENTED_EDGE('',*,*,#952,.F.);
#1332=ORIENTED_EDGE('',*,*,#981,.F.);
#1333=ORIENTED_EDGE('',*,*,#1021,.F.);
#1334=ORIENTED_EDGE('',*,*,#997,.F.);
#1335=ORIENTED_EDGE('',*,*,#1021,.T.);
#1336=ORIENTED_EDGE('',*,*,#980,.F.);
#1337=ORIENTED_EDGE('',*,*,#1022,.F.);
#1338=ORIENTED_EDGE('',*,*,#995,.F.);
#1339=ORIENTED_EDGE('',*,*,#1022,.T.);
#1340=ORIENTED_EDGE('',*,*,#979,.F.);
#1341=ORIENTED_EDGE('',*,*,#1023,.F.);
#1342=ORIENTED_EDGE('',*,*,#1013,.F.);
#1343=ORIENTED_EDGE('',*,*,#1023,.T.);
#1344=ORIENTED_EDGE('',*,*,#978,.F.);
#1345=ORIENTED_EDGE('',*,*,#1024,.F.);
#1346=ORIENTED_EDGE('',*,*,#1011,.F.);
#1347=ORIENTED_EDGE('',*,*,#1024,.T.);
#1348=ORIENTED_EDGE('',*,*,#977,.F.);
#1349=ORIENTED_EDGE('',*,*,#1025,.F.);
#1350=ORIENTED_EDGE('',*,*,#1009,.F.);
#1351=ORIENTED_EDGE('',*,*,#1025,.T.);
#1352=ORIENTED_EDGE('',*,*,#976,.F.);
#1353=ORIENTED_EDGE('',*,*,#1026,.F.);
#1354=ORIENTED_EDGE('',*,*,#1004,.F.);
#1355=ORIENTED_EDGE('',*,*,#964,.F.);
#1356=ORIENTED_EDGE('',*,*,#1000,.F.);
#1357=ORIENTED_EDGE('',*,*,#1026,.T.);
#1358=ORIENTED_EDGE('',*,*,#975,.F.);
#1359=ORIENTED_EDGE('',*,*,#954,.F.);
#1360=ORIENTED_EDGE('',*,*,#998,.F.);
#1361=ORIENTED_EDGE('',*,*,#1027,.F.);
#1362=ORIENTED_EDGE('',*,*,#986,.F.);
#1363=ORIENTED_EDGE('',*,*,#1027,.T.);
#1364=ORIENTED_EDGE('',*,*,#993,.F.);
#1365=ORIENTED_EDGE('',*,*,#1028,.F.);
#1366=ORIENTED_EDGE('',*,*,#987,.F.);
#1367=ORIENTED_EDGE('',*,*,#1028,.T.);
#1368=ORIENTED_EDGE('',*,*,#1014,.F.);
#1369=ORIENTED_EDGE('',*,*,#1029,.F.);
#1370=ORIENTED_EDGE('',*,*,#988,.F.);
#1371=ORIENTED_EDGE('',*,*,#1029,.T.);
#1372=ORIENTED_EDGE('',*,*,#1012,.F.);
#1373=ORIENTED_EDGE('',*,*,#1030,.F.);
#1374=ORIENTED_EDGE('',*,*,#989,.F.);
#1375=ORIENTED_EDGE('',*,*,#1030,.T.);
#1376=ORIENTED_EDGE('',*,*,#1007,.F.);
#1377=ORIENTED_EDGE('',*,*,#1031,.F.);
#1378=ORIENTED_EDGE('',*,*,#990,.F.);
#1379=ORIENTED_EDGE('',*,*,#1031,.T.);
#1380=ORIENTED_EDGE('',*,*,#1005,.F.);
#1381=ORIENTED_EDGE('',*,*,#1032,.F.);
#1382=ORIENTED_EDGE('',*,*,#983,.F.);
#1383=ORIENTED_EDGE('',*,*,#974,.F.);
#1384=ORIENTED_EDGE('',*,*,#984,.F.);
#1385=ORIENTED_EDGE('',*,*,#1032,.T.);
#1386=ORIENTED_EDGE('',*,*,#1001,.F.);
#1387=ORIENTED_EDGE('',*,*,#970,.F.);
#1388=ORIENTED_EDGE('',*,*,#1017,.F.);
#1389=ORIENTED_EDGE('',*,*,#958,.F.);
#1390=ORIENTED_EDGE('',*,*,#1019,.F.);
#1391=ORIENTED_EDGE('',*,*,#968,.F.);
#1392=ORIENTED_EDGE('',*,*,#1015,.F.);
#1393=ORIENTED_EDGE('',*,*,#960,.F.);
#1394=ORIENTED_EDGE('',*,*,#1018,.F.);
#1395=ORIENTED_EDGE('',*,*,#991,.T.);
#1396=ORIENTED_EDGE('',*,*,#947,.F.);
#1397=ORIENTED_EDGE('',*,*,#934,.T.);
#1398=ORIENTED_EDGE('',*,*,#943,.F.);
#1399=ORIENTED_EDGE('',*,*,#1002,.F.);
#1400=ORIENTED_EDGE('',*,*,#942,.T.);
#1401=ORIENTED_EDGE('',*,*,#1033,.F.);
#1402=ORIENTED_EDGE('',*,*,#1034,.F.);
#1403=ORIENTED_EDGE('',*,*,#1035,.T.);
#1404=ORIENTED_EDGE('',*,*,#1036,.F.);
#1405=ORIENTED_EDGE('',*,*,#1035,.F.);
#1406=ORIENTED_EDGE('',*,*,#1037,.F.);
#1407=ORIENTED_EDGE('',*,*,#1038,.T.);
#1408=ORIENTED_EDGE('',*,*,#1039,.F.);
#1409=ORIENTED_EDGE('',*,*,#1038,.F.);
#1410=ORIENTED_EDGE('',*,*,#1040,.F.);
#1411=ORIENTED_EDGE('',*,*,#1041,.F.);
#1412=ORIENTED_EDGE('',*,*,#1042,.T.);
#1413=ORIENTED_EDGE('',*,*,#1043,.F.);
#1414=ORIENTED_EDGE('',*,*,#1042,.F.);
#1415=ORIENTED_EDGE('',*,*,#1044,.F.);
#1416=ORIENTED_EDGE('',*,*,#1045,.T.);
#1417=ORIENTED_EDGE('',*,*,#1046,.F.);
#1418=ORIENTED_EDGE('',*,*,#1045,.F.);
#1419=ORIENTED_EDGE('',*,*,#1040,.T.);
#1420=ORIENTED_EDGE('',*,*,#1041,.T.);
#1421=ORIENTED_EDGE('',*,*,#1047,.T.);
#1422=ORIENTED_EDGE('',*,*,#1044,.T.);
#1423=ORIENTED_EDGE('',*,*,#1047,.F.);
#1424=ORIENTED_EDGE('',*,*,#1033,.T.);
#1425=ORIENTED_EDGE('',*,*,#1034,.T.);
#1426=ORIENTED_EDGE('',*,*,#1048,.T.);
#1427=ORIENTED_EDGE('',*,*,#1037,.T.);
#1428=ORIENTED_EDGE('',*,*,#1048,.F.);
#1429=ORIENTED_EDGE('',*,*,#1049,.T.);
#1430=ORIENTED_EDGE('',*,*,#1050,.T.);
#1431=ORIENTED_EDGE('',*,*,#1051,.T.);
#1432=ORIENTED_EDGE('',*,*,#1052,.T.);
#1433=ORIENTED_EDGE('',*,*,#1053,.T.);
#1434=ORIENTED_EDGE('',*,*,#1054,.T.);
#1435=ORIENTED_EDGE('',*,*,#1055,.T.);
#1436=ORIENTED_EDGE('',*,*,#1056,.T.);
#1437=ORIENTED_EDGE('',*,*,#1057,.F.);
#1438=ORIENTED_EDGE('',*,*,#1058,.T.);
#1439=ORIENTED_EDGE('',*,*,#1059,.F.);
#1440=ORIENTED_EDGE('',*,*,#1060,.F.);
#1441=ORIENTED_EDGE('',*,*,#1061,.F.);
#1442=ORIENTED_EDGE('',*,*,#1062,.T.);
#1443=ORIENTED_EDGE('',*,*,#1063,.F.);
#1444=ORIENTED_EDGE('',*,*,#1064,.T.);
#1445=ORIENTED_EDGE('',*,*,#1065,.F.);
#1446=ORIENTED_EDGE('',*,*,#1066,.F.);
#1447=ORIENTED_EDGE('',*,*,#1067,.T.);
#1448=ORIENTED_EDGE('',*,*,#1068,.T.);
#1449=ORIENTED_EDGE('',*,*,#1046,.T.);
#1450=ORIENTED_EDGE('',*,*,#1049,.F.);
#1451=ORIENTED_EDGE('',*,*,#1069,.F.);
#1452=ORIENTED_EDGE('',*,*,#1043,.T.);
#1453=ORIENTED_EDGE('',*,*,#1070,.F.);
#1454=ORIENTED_EDGE('',*,*,#1071,.T.);
#1455=ORIENTED_EDGE('',*,*,#1072,.T.);
#1456=ORIENTED_EDGE('',*,*,#1073,.T.);
#1457=ORIENTED_EDGE('',*,*,#1074,.T.);
#1458=ORIENTED_EDGE('',*,*,#1075,.F.);
#1459=ORIENTED_EDGE('',*,*,#1076,.F.);
#1460=ORIENTED_EDGE('',*,*,#1077,.T.);
#1461=ORIENTED_EDGE('',*,*,#1078,.F.);
#1462=ORIENTED_EDGE('',*,*,#1079,.T.);
#1463=ORIENTED_EDGE('',*,*,#1080,.F.);
#1464=ORIENTED_EDGE('',*,*,#1081,.F.);
#1465=ORIENTED_EDGE('',*,*,#1039,.T.);
#1466=ORIENTED_EDGE('',*,*,#1082,.T.);
#1467=ORIENTED_EDGE('',*,*,#1053,.F.);
#1468=ORIENTED_EDGE('',*,*,#1036,.T.);
#1469=ORIENTED_EDGE('',*,*,#1059,.T.);
#1470=ORIENTED_EDGE('',*,*,#1083,.T.);
#1471=ORIENTED_EDGE('',*,*,#1084,.T.);
#1472=ORIENTED_EDGE('',*,*,#1085,.T.);
#1473=ORIENTED_EDGE('',*,*,#1086,.T.);
#1474=ORIENTED_EDGE('',*,*,#1087,.T.);
#1475=ORIENTED_EDGE('',*,*,#1088,.T.);
#1476=ORIENTED_EDGE('',*,*,#1089,.T.);
#1477=ORIENTED_EDGE('',*,*,#1070,.T.);
#1478=ORIENTED_EDGE('',*,*,#1090,.F.);
#1479=ORIENTED_EDGE('',*,*,#1091,.T.);
#1480=ORIENTED_EDGE('',*,*,#1092,.T.);
#1481=ORIENTED_EDGE('',*,*,#1067,.F.);
#1482=ORIENTED_EDGE('',*,*,#1093,.T.);
#1483=ORIENTED_EDGE('',*,*,#1074,.F.);
#1484=ORIENTED_EDGE('',*,*,#1094,.T.);
#1485=ORIENTED_EDGE('',*,*,#1095,.T.);
#1486=ORIENTED_EDGE('',*,*,#1096,.T.);
#1487=ORIENTED_EDGE('',*,*,#1097,.T.);
#1488=ORIENTED_EDGE('',*,*,#1098,.T.);
#1489=ORIENTED_EDGE('',*,*,#1082,.F.);
#1490=ORIENTED_EDGE('',*,*,#1056,.F.);
#1491=ORIENTED_EDGE('',*,*,#1099,.T.);
#1492=ORIENTED_EDGE('',*,*,#1100,.T.);
#1493=ORIENTED_EDGE('',*,*,#1101,.F.);
#1494=ORIENTED_EDGE('',*,*,#1102,.T.);
#1495=ORIENTED_EDGE('',*,*,#1103,.T.);
#1496=ORIENTED_EDGE('',*,*,#1054,.F.);
#1497=ORIENTED_EDGE('',*,*,#1072,.F.);
#1498=ORIENTED_EDGE('',*,*,#1104,.T.);
#1499=ORIENTED_EDGE('',*,*,#1101,.T.);
#1500=ORIENTED_EDGE('',*,*,#1105,.T.);
#1501=ORIENTED_EDGE('',*,*,#1106,.F.);
#1502=ORIENTED_EDGE('',*,*,#1107,.T.);
#1503=ORIENTED_EDGE('',*,*,#1057,.T.);
#1504=ORIENTED_EDGE('',*,*,#1108,.T.);
#1505=ORIENTED_EDGE('',*,*,#1069,.T.);
#1506=ORIENTED_EDGE('',*,*,#1052,.F.);
#1507=ORIENTED_EDGE('',*,*,#1109,.F.);
#1508=ORIENTED_EDGE('',*,*,#1110,.T.);
#1509=ORIENTED_EDGE('',*,*,#1106,.T.);
#1510=ORIENTED_EDGE('',*,*,#1111,.T.);
#1511=ORIENTED_EDGE('',*,*,#1112,.F.);
#1512=ORIENTED_EDGE('',*,*,#1050,.F.);
#1513=ORIENTED_EDGE('',*,*,#1109,.T.);
#1514=ORIENTED_EDGE('',*,*,#1051,.F.);
#1515=ORIENTED_EDGE('',*,*,#1112,.T.);
#1516=ORIENTED_EDGE('',*,*,#1113,.T.);
#1517=ORIENTED_EDGE('',*,*,#1114,.F.);
#1518=ORIENTED_EDGE('',*,*,#1115,.T.);
#1519=ORIENTED_EDGE('',*,*,#1116,.F.);
#1520=ORIENTED_EDGE('',*,*,#1117,.T.);
#1521=ORIENTED_EDGE('',*,*,#1114,.T.);
#1522=ORIENTED_EDGE('',*,*,#1118,.T.);
#1523=ORIENTED_EDGE('',*,*,#1099,.F.);
#1524=ORIENTED_EDGE('',*,*,#1055,.F.);
#1525=ORIENTED_EDGE('',*,*,#1103,.F.);
#1526=ORIENTED_EDGE('',*,*,#1119,.T.);
#1527=ORIENTED_EDGE('',*,*,#1116,.T.);
#1528=ORIENTED_EDGE('',*,*,#1120,.T.);
#1529=ORIENTED_EDGE('',*,*,#1080,.T.);
#1530=ORIENTED_EDGE('',*,*,#1121,.T.);
#1531=ORIENTED_EDGE('',*,*,#1061,.T.);
#1532=ORIENTED_EDGE('',*,*,#1122,.T.);
#1533=ORIENTED_EDGE('',*,*,#1078,.T.);
#1534=ORIENTED_EDGE('',*,*,#1123,.T.);
#1535=ORIENTED_EDGE('',*,*,#1063,.T.);
#1536=ORIENTED_EDGE('',*,*,#1124,.T.);
#1537=ORIENTED_EDGE('',*,*,#1065,.T.);
#1538=ORIENTED_EDGE('',*,*,#1125,.T.);
#1539=ORIENTED_EDGE('',*,*,#1076,.T.);
#1540=ORIENTED_EDGE('',*,*,#1126,.F.);
#1541=ORIENTED_EDGE('',*,*,#1081,.T.);
#1542=ORIENTED_EDGE('',*,*,#1122,.F.);
#1543=ORIENTED_EDGE('',*,*,#1060,.T.);
#1544=ORIENTED_EDGE('',*,*,#1090,.T.);
#1545=ORIENTED_EDGE('',*,*,#1075,.T.);
#1546=ORIENTED_EDGE('',*,*,#1093,.F.);
#1547=ORIENTED_EDGE('',*,*,#1066,.T.);
#1548=ORIENTED_EDGE('',*,*,#1126,.T.);
#1549=ORIENTED_EDGE('',*,*,#1071,.F.);
#1550=ORIENTED_EDGE('',*,*,#1089,.F.);
#1551=ORIENTED_EDGE('',*,*,#1127,.F.);
#1552=ORIENTED_EDGE('',*,*,#1104,.F.);
#1553=ORIENTED_EDGE('',*,*,#1127,.T.);
#1554=ORIENTED_EDGE('',*,*,#1088,.F.);
#1555=ORIENTED_EDGE('',*,*,#1128,.F.);
#1556=ORIENTED_EDGE('',*,*,#1102,.F.);
#1557=ORIENTED_EDGE('',*,*,#1128,.T.);
#1558=ORIENTED_EDGE('',*,*,#1087,.F.);
#1559=ORIENTED_EDGE('',*,*,#1129,.F.);
#1560=ORIENTED_EDGE('',*,*,#1119,.F.);
#1561=ORIENTED_EDGE('',*,*,#1129,.T.);
#1562=ORIENTED_EDGE('',*,*,#1086,.F.);
#1563=ORIENTED_EDGE('',*,*,#1130,.F.);
#1564=ORIENTED_EDGE('',*,*,#1117,.F.);
#1565=ORIENTED_EDGE('',*,*,#1130,.T.);
#1566=ORIENTED_EDGE('',*,*,#1085,.F.);
#1567=ORIENTED_EDGE('',*,*,#1131,.F.);
#1568=ORIENTED_EDGE('',*,*,#1115,.F.);
#1569=ORIENTED_EDGE('',*,*,#1131,.T.);
#1570=ORIENTED_EDGE('',*,*,#1084,.F.);
#1571=ORIENTED_EDGE('',*,*,#1132,.F.);
#1572=ORIENTED_EDGE('',*,*,#1110,.F.);
#1573=ORIENTED_EDGE('',*,*,#1058,.F.);
#1574=ORIENTED_EDGE('',*,*,#1107,.F.);
#1575=ORIENTED_EDGE('',*,*,#1132,.T.);
#1576=ORIENTED_EDGE('',*,*,#1083,.F.);
#1577=ORIENTED_EDGE('',*,*,#1073,.F.);
#1578=ORIENTED_EDGE('',*,*,#1105,.F.);
#1579=ORIENTED_EDGE('',*,*,#1133,.F.);
#1580=ORIENTED_EDGE('',*,*,#1094,.F.);
#1581=ORIENTED_EDGE('',*,*,#1133,.T.);
#1582=ORIENTED_EDGE('',*,*,#1100,.F.);
#1583=ORIENTED_EDGE('',*,*,#1134,.F.);
#1584=ORIENTED_EDGE('',*,*,#1095,.F.);
#1585=ORIENTED_EDGE('',*,*,#1134,.T.);
#1586=ORIENTED_EDGE('',*,*,#1120,.F.);
#1587=ORIENTED_EDGE('',*,*,#1135,.F.);
#1588=ORIENTED_EDGE('',*,*,#1096,.F.);
#1589=ORIENTED_EDGE('',*,*,#1135,.T.);
#1590=ORIENTED_EDGE('',*,*,#1118,.F.);
#1591=ORIENTED_EDGE('',*,*,#1136,.F.);
#1592=ORIENTED_EDGE('',*,*,#1097,.F.);
#1593=ORIENTED_EDGE('',*,*,#1136,.T.);
#1594=ORIENTED_EDGE('',*,*,#1113,.F.);
#1595=ORIENTED_EDGE('',*,*,#1137,.F.);
#1596=ORIENTED_EDGE('',*,*,#1098,.F.);
#1597=ORIENTED_EDGE('',*,*,#1137,.T.);
#1598=ORIENTED_EDGE('',*,*,#1111,.F.);
#1599=ORIENTED_EDGE('',*,*,#1138,.F.);
#1600=ORIENTED_EDGE('',*,*,#1091,.F.);
#1601=ORIENTED_EDGE('',*,*,#1068,.F.);
#1602=ORIENTED_EDGE('',*,*,#1092,.F.);
#1603=ORIENTED_EDGE('',*,*,#1138,.T.);
#1604=ORIENTED_EDGE('',*,*,#1108,.F.);
#1605=ORIENTED_EDGE('',*,*,#1064,.F.);
#1606=ORIENTED_EDGE('',*,*,#1123,.F.);
#1607=ORIENTED_EDGE('',*,*,#1077,.F.);
#1608=ORIENTED_EDGE('',*,*,#1125,.F.);
#1609=ORIENTED_EDGE('',*,*,#1062,.F.);
#1610=ORIENTED_EDGE('',*,*,#1121,.F.);
#1611=ORIENTED_EDGE('',*,*,#1079,.F.);
#1612=ORIENTED_EDGE('',*,*,#1124,.F.);
#1613=ORIENTED_EDGE('',*,*,#1139,.F.);
#1614=ORIENTED_EDGE('',*,*,#1140,.T.);
#1615=ORIENTED_EDGE('',*,*,#1141,.T.);
#1616=ORIENTED_EDGE('',*,*,#1140,.F.);
#1617=ORIENTED_EDGE('',*,*,#1142,.F.);
#1618=ORIENTED_EDGE('',*,*,#1143,.T.);
#1619=ORIENTED_EDGE('',*,*,#1144,.T.);
#1620=ORIENTED_EDGE('',*,*,#1143,.F.);
#1621=ORIENTED_EDGE('',*,*,#1141,.F.);
#1622=ORIENTED_EDGE('',*,*,#1142,.T.);
#1623=ORIENTED_EDGE('',*,*,#1139,.T.);
#1624=ORIENTED_EDGE('',*,*,#1144,.F.);
#1625=ORIENTED_EDGE('',*,*,#1145,.T.);
#1626=ORIENTED_EDGE('',*,*,#1146,.T.);
#1627=ORIENTED_EDGE('',*,*,#1147,.T.);
#1628=ORIENTED_EDGE('',*,*,#1148,.T.);
#1629=ORIENTED_EDGE('',*,*,#1149,.T.);
#1630=ORIENTED_EDGE('',*,*,#1150,.T.);
#1631=ORIENTED_EDGE('',*,*,#1151,.T.);
#1632=ORIENTED_EDGE('',*,*,#1145,.F.);
#1633=ORIENTED_EDGE('',*,*,#1152,.F.);
#1634=ORIENTED_EDGE('',*,*,#1153,.T.);
#1635=ORIENTED_EDGE('',*,*,#1154,.F.);
#1636=ORIENTED_EDGE('',*,*,#1153,.F.);
#1637=ORIENTED_EDGE('',*,*,#1155,.F.);
#1638=ORIENTED_EDGE('',*,*,#1156,.F.);
#1639=ORIENTED_EDGE('',*,*,#1157,.T.);
#1640=ORIENTED_EDGE('',*,*,#1158,.F.);
#1641=ORIENTED_EDGE('',*,*,#1157,.F.);
#1642=ORIENTED_EDGE('',*,*,#1159,.F.);
#1643=ORIENTED_EDGE('',*,*,#1160,.T.);
#1644=ORIENTED_EDGE('',*,*,#1161,.T.);
#1645=ORIENTED_EDGE('',*,*,#1160,.F.);
#1646=ORIENTED_EDGE('',*,*,#1155,.T.);
#1647=ORIENTED_EDGE('',*,*,#1156,.T.);
#1648=ORIENTED_EDGE('',*,*,#1162,.T.);
#1649=ORIENTED_EDGE('',*,*,#1159,.T.);
#1650=ORIENTED_EDGE('',*,*,#1162,.F.);
#1651=ORIENTED_EDGE('',*,*,#1154,.T.);
#1652=ORIENTED_EDGE('',*,*,#1163,.T.);
#1653=ORIENTED_EDGE('',*,*,#1164,.T.);
#1654=ORIENTED_EDGE('',*,*,#1163,.F.);
#1655=ORIENTED_EDGE('',*,*,#1152,.T.);
#1656=ORIENTED_EDGE('',*,*,#1165,.T.);
#1657=ORIENTED_EDGE('',*,*,#1166,.F.);
#1658=ORIENTED_EDGE('',*,*,#1167,.T.);
#1659=ORIENTED_EDGE('',*,*,#1168,.T.);
#1660=ORIENTED_EDGE('',*,*,#1169,.F.);
#1661=ORIENTED_EDGE('',*,*,#1170,.F.);
#1662=ORIENTED_EDGE('',*,*,#1164,.F.);
#1663=ORIENTED_EDGE('',*,*,#1158,.T.);
#1664=ORIENTED_EDGE('',*,*,#1161,.F.);
#1665=ORIENTED_EDGE('',*,*,#1165,.F.);
#1666=ORIENTED_EDGE('',*,*,#1171,.F.);
#1667=ORIENTED_EDGE('',*,*,#1172,.T.);
#1668=ORIENTED_EDGE('',*,*,#1173,.T.);
#1669=ORIENTED_EDGE('',*,*,#1174,.T.);
#1670=ORIENTED_EDGE('',*,*,#1166,.T.);
#1671=ORIENTED_EDGE('',*,*,#1174,.F.);
#1672=ORIENTED_EDGE('',*,*,#1175,.F.);
#1673=ORIENTED_EDGE('',*,*,#1176,.F.);
#1674=ORIENTED_EDGE('',*,*,#1177,.T.);
#1675=ORIENTED_EDGE('',*,*,#1167,.F.);
#1676=ORIENTED_EDGE('',*,*,#1177,.F.);
#1677=ORIENTED_EDGE('',*,*,#1178,.T.);
#1678=ORIENTED_EDGE('',*,*,#1179,.T.);
#1679=ORIENTED_EDGE('',*,*,#1180,.T.);
#1680=ORIENTED_EDGE('',*,*,#1168,.F.);
#1681=ORIENTED_EDGE('',*,*,#1180,.F.);
#1682=ORIENTED_EDGE('',*,*,#1181,.T.);
#1683=ORIENTED_EDGE('',*,*,#1182,.T.);
#1684=ORIENTED_EDGE('',*,*,#1183,.T.);
#1685=ORIENTED_EDGE('',*,*,#1169,.T.);
#1686=ORIENTED_EDGE('',*,*,#1183,.F.);
#1687=ORIENTED_EDGE('',*,*,#1184,.F.);
#1688=ORIENTED_EDGE('',*,*,#1185,.F.);
#1689=ORIENTED_EDGE('',*,*,#1186,.T.);
#1690=ORIENTED_EDGE('',*,*,#1170,.T.);
#1691=ORIENTED_EDGE('',*,*,#1186,.F.);
#1692=ORIENTED_EDGE('',*,*,#1187,.F.);
#1693=ORIENTED_EDGE('',*,*,#1188,.F.);
#1694=ORIENTED_EDGE('',*,*,#1171,.T.);
#1695=ORIENTED_EDGE('',*,*,#1184,.T.);
#1696=ORIENTED_EDGE('',*,*,#1182,.F.);
#1697=ORIENTED_EDGE('',*,*,#1146,.F.);
#1698=ORIENTED_EDGE('',*,*,#1181,.F.);
#1699=ORIENTED_EDGE('',*,*,#1179,.F.);
#1700=ORIENTED_EDGE('',*,*,#1147,.F.);
#1701=ORIENTED_EDGE('',*,*,#1178,.F.);
#1702=ORIENTED_EDGE('',*,*,#1176,.T.);
#1703=ORIENTED_EDGE('',*,*,#1148,.F.);
#1704=ORIENTED_EDGE('',*,*,#1175,.T.);
#1705=ORIENTED_EDGE('',*,*,#1173,.F.);
#1706=ORIENTED_EDGE('',*,*,#1149,.F.);
#1707=ORIENTED_EDGE('',*,*,#1172,.F.);
#1708=ORIENTED_EDGE('',*,*,#1188,.T.);
#1709=ORIENTED_EDGE('',*,*,#1150,.F.);
#1710=ORIENTED_EDGE('',*,*,#1187,.T.);
#1711=ORIENTED_EDGE('',*,*,#1185,.T.);
#1712=ORIENTED_EDGE('',*,*,#1151,.F.);
#1713=CONICAL_SURFACE('',#1891,2.525,0.785398163397444);
#1714=CONICAL_SURFACE('',#1897,2.1,0.785398163397448);
#1715=CONICAL_SURFACE('',#1899,2.525,0.785398163397444);
#1716=CONICAL_SURFACE('',#1905,2.1,0.785398163397448);
#1717=CONICAL_SURFACE('',#1907,5.75,0.0174532925199433);
#1718=CONICAL_SURFACE('',#1910,5.75,0.0174532925199433);
#1719=CONICAL_SURFACE('',#1946,22.5,1.30899693899575);
#1720=CONICAL_SURFACE('',#1952,16.,1.30899693899575);
#1721=CONICAL_SURFACE('',#1984,3.09999999999996,0.785398163397457);
#1722=CONICAL_SURFACE('',#1988,3.09999999999998,0.785398163397451);
#1723=CONICAL_SURFACE('',#1991,2.8,0.785398163397457);
#1724=CONICAL_SURFACE('',#1995,3.09999999999998,0.785398163397451);
#1725=CONICAL_SURFACE('',#2000,5.75,0.0174532925199433);
#1726=CONICAL_SURFACE('',#2003,5.75,0.0174532925199433);
#1727=CONICAL_SURFACE('',#2041,22.5,1.30899693899575);
#1728=CONICAL_SURFACE('',#2047,16.,1.30899693899575);
#1729=CONICAL_SURFACE('',#2086,2.042,1.04719755119659);
#1730=CONICAL_SURFACE('',#2102,2.055,0.785398163397424);
#1731=ADVANCED_FACE('',(#182),#1713,.F.);
#1732=ADVANCED_FACE('',(#183),#146,.F.);
#1733=ADVANCED_FACE('',(#184),#1714,.F.);
#1734=ADVANCED_FACE('',(#185),#1715,.F.);
#1735=ADVANCED_FACE('',(#186),#147,.F.);
#1736=ADVANCED_FACE('',(#187),#1716,.F.);
#1737=ADVANCED_FACE('',(#188),#1717,.F.);
#1738=ADVANCED_FACE('',(#189),#1718,.F.);
#1739=ADVANCED_FACE('',(#190,#69),#89,.F.);
#1740=ADVANCED_FACE('',(#191,#70),#90,.F.);
#1741=ADVANCED_FACE('',(#192),#91,.T.);
#1742=ADVANCED_FACE('',(#193),#92,.F.);
#1743=ADVANCED_FACE('',(#194),#148,.T.);
#1744=ADVANCED_FACE('',(#195),#93,.F.);
#1745=ADVANCED_FACE('',(#196),#94,.F.);
#1746=ADVANCED_FACE('',(#197),#149,.T.);
#1747=ADVANCED_FACE('',(#198),#95,.F.);
#1748=ADVANCED_FACE('',(#199),#150,.T.);
#1749=ADVANCED_FACE('',(#200),#96,.F.);
#1750=ADVANCED_FACE('',(#201),#1719,.F.);
#1751=ADVANCED_FACE('',(#202),#151,.F.);
#1752=ADVANCED_FACE('',(#203),#1720,.F.);
#1753=ADVANCED_FACE('',(#204),#152,.F.);
#1754=ADVANCED_FACE('',(#205),#153,.F.);
#1755=ADVANCED_FACE('',(#206),#154,.T.);
#1756=ADVANCED_FACE('',(#207),#61,.F.);
#1757=ADVANCED_FACE('',(#208),#155,.T.);
#1758=ADVANCED_FACE('',(#209),#51,.T.);
#1759=ADVANCED_FACE('',(#210),#156,.T.);
#1760=ADVANCED_FACE('',(#211),#62,.F.);
#1761=ADVANCED_FACE('',(#212),#157,.T.);
#1762=ADVANCED_FACE('',(#213),#158,.T.);
#1763=ADVANCED_FACE('',(#214),#63,.F.);
#1764=ADVANCED_FACE('',(#215),#159,.T.);
#1765=ADVANCED_FACE('',(#216),#52,.T.);
#1766=ADVANCED_FACE('',(#217),#160,.T.);
#1767=ADVANCED_FACE('',(#218),#64,.F.);
#1768=ADVANCED_FACE('',(#219),#161,.T.);
#1769=ADVANCED_FACE('',(#220),#53,.F.);
#1770=ADVANCED_FACE('',(#221),#54,.F.);
#1771=ADVANCED_FACE('',(#222,#71),#97,.F.);
#1772=ADVANCED_FACE('',(#223,#72),#98,.T.);
#1773=ADVANCED_FACE('',(#224),#1721,.F.);
#1774=ADVANCED_FACE('',(#225),#1722,.F.);
#1775=ADVANCED_FACE('',(#226),#1723,.F.);
#1776=ADVANCED_FACE('',(#227),#1724,.F.);
#1777=ADVANCED_FACE('',(#228),#162,.F.);
#1778=ADVANCED_FACE('',(#229),#163,.F.);
#1779=ADVANCED_FACE('',(#230),#1725,.F.);
#1780=ADVANCED_FACE('',(#231),#1726,.F.);
#1781=ADVANCED_FACE('',(#232,#73),#99,.F.);
#1782=ADVANCED_FACE('',(#233,#74),#100,.T.);
#1783=ADVANCED_FACE('',(#234,#75),#101,.F.);
#1784=ADVANCED_FACE('',(#235,#76),#102,.F.);
#1785=ADVANCED_FACE('',(#236),#103,.T.);
#1786=ADVANCED_FACE('',(#237),#104,.F.);
#1787=ADVANCED_FACE('',(#238),#164,.T.);
#1788=ADVANCED_FACE('',(#239),#105,.F.);
#1789=ADVANCED_FACE('',(#240),#106,.F.);
#1790=ADVANCED_FACE('',(#241),#165,.T.);
#1791=ADVANCED_FACE('',(#242),#107,.F.);
#1792=ADVANCED_FACE('',(#243),#166,.T.);
#1793=ADVANCED_FACE('',(#244),#108,.F.);
#1794=ADVANCED_FACE('',(#245),#1727,.F.);
#1795=ADVANCED_FACE('',(#246),#167,.F.);
#1796=ADVANCED_FACE('',(#247),#1728,.F.);
#1797=ADVANCED_FACE('',(#248),#168,.F.);
#1798=ADVANCED_FACE('',(#249),#169,.F.);
#1799=ADVANCED_FACE('',(#250),#170,.T.);
#1800=ADVANCED_FACE('',(#251),#65,.F.);
#1801=ADVANCED_FACE('',(#252),#171,.T.);
#1802=ADVANCED_FACE('',(#253),#55,.T.);
#1803=ADVANCED_FACE('',(#254),#172,.T.);
#1804=ADVANCED_FACE('',(#255),#66,.F.);
#1805=ADVANCED_FACE('',(#256),#173,.T.);
#1806=ADVANCED_FACE('',(#257),#174,.T.);
#1807=ADVANCED_FACE('',(#258),#67,.F.);
#1808=ADVANCED_FACE('',(#259),#175,.T.);
#1809=ADVANCED_FACE('',(#260),#56,.T.);
#1810=ADVANCED_FACE('',(#261),#176,.T.);
#1811=ADVANCED_FACE('',(#262),#68,.F.);
#1812=ADVANCED_FACE('',(#263),#177,.T.);
#1813=ADVANCED_FACE('',(#264),#57,.F.);
#1814=ADVANCED_FACE('',(#265),#58,.F.);
#1815=ADVANCED_FACE('',(#266),#178,.T.);
#1816=ADVANCED_FACE('',(#267),#179,.F.);
#1817=ADVANCED_FACE('',(#268,#77),#109,.F.);
#1818=ADVANCED_FACE('',(#269,#78),#110,.F.);
#1819=ADVANCED_FACE('',(#270),#1729,.F.);
#1820=ADVANCED_FACE('',(#271),#59,.T.);
#1821=ADVANCED_FACE('',(#272),#60,.F.);
#1822=ADVANCED_FACE('',(#273),#1730,.T.);
#1823=ADVANCED_FACE('',(#274),#180,.T.);
#1824=ADVANCED_FACE('',(#275),#181,.T.);
#1825=ADVANCED_FACE('',(#276,#79),#111,.T.);
#1826=ADVANCED_FACE('',(#277,#80),#112,.T.);
#1827=ADVANCED_FACE('',(#278),#113,.T.);
#1828=ADVANCED_FACE('',(#279),#114,.T.);
#1829=ADVANCED_FACE('',(#280),#115,.F.);
#1830=ADVANCED_FACE('',(#281),#116,.T.);
#1831=ADVANCED_FACE('',(#282),#117,.T.);
#1832=ADVANCED_FACE('',(#283),#118,.F.);
#1833=ADVANCED_FACE('',(#284),#119,.F.);
#1834=ADVANCED_FACE('',(#285),#120,.F.);
#1835=ADVANCED_FACE('',(#286),#121,.F.);
#1836=ADVANCED_FACE('',(#287),#122,.F.);
#1837=ADVANCED_FACE('',(#288),#123,.F.);
#1838=ADVANCED_FACE('',(#289),#124,.F.);
#1839=ADVANCED_FACE('',(#290),#125,.F.);
#1840=CLOSED_SHELL('',(#1731,#1732,#1733,#1734,#1735,#1736,#1737,#1738,
#1739,#1740,#1741,#1742,#1743,#1744,#1745,#1746,#1747,#1748,#1749,#1750,
#1751,#1752,#1753,#1754,#1755,#1756,#1757,#1758,#1759,#1760,#1761,#1762,
#1763,#1764,#1765,#1766,#1767,#1768,#1769,#1770,#1771,#1772));
#1841=CLOSED_SHELL('',(#1773,#1774,#1775,#1776,#1777,#1778,#1779,#1780,
#1781,#1782,#1783,#1784,#1785,#1786,#1787,#1788,#1789,#1790,#1791,#1792,
#1793,#1794,#1795,#1796,#1797,#1798,#1799,#1800,#1801,#1802,#1803,#1804,
#1805,#1806,#1807,#1808,#1809,#1810,#1811,#1812,#1813,#1814));
#1842=CLOSED_SHELL('',(#1815,#1816,#1817,#1818));
#1843=CLOSED_SHELL('',(#1819,#1820,#1821,#1822,#1823,#1824,#1825,#1826,
#1827,#1828,#1829,#1830,#1831,#1832,#1833,#1834,#1835,#1836,#1837,#1838,
#1839));
#1844=DERIVED_UNIT_ELEMENT(#1852,1.);
#1845=DERIVED_UNIT_ELEMENT(#3409,-3.);
#1846=DERIVED_UNIT_ELEMENT(#1852,1.);
#1847=DERIVED_UNIT_ELEMENT(#3409,-3.);
#1848=DERIVED_UNIT_ELEMENT(#1852,1.);
#1849=DERIVED_UNIT_ELEMENT(#3409,-3.);
#1850=DERIVED_UNIT_ELEMENT(#1852,1.);
#1851=DERIVED_UNIT_ELEMENT(#3409,-3.);
#1852=(
MASS_UNIT()
NAMED_UNIT(*)
SI_UNIT(.KILO.,.GRAM.)
);
#1853=DERIVED_UNIT((#1844,#1845));
#1854=DERIVED_UNIT((#1846,#1847));
#1855=DERIVED_UNIT((#1848,#1849));
#1856=DERIVED_UNIT((#1850,#1851));
#1857=MEASURE_REPRESENTATION_ITEM('density measure',
POSITIVE_RATIO_MEASURE(7850.),#1853);
#1858=MEASURE_REPRESENTATION_ITEM('density measure',
POSITIVE_RATIO_MEASURE(7850.),#1854);
#1859=MEASURE_REPRESENTATION_ITEM('density measure',
POSITIVE_RATIO_MEASURE(7850.),#1855);
#1860=MEASURE_REPRESENTATION_ITEM('density measure',
POSITIVE_RATIO_MEASURE(7850.),#1856);
#1861=PROPERTY_DEFINITION_REPRESENTATION(#1881,#1869);
#1862=PROPERTY_DEFINITION_REPRESENTATION(#1882,#1870);
#1863=PROPERTY_DEFINITION_REPRESENTATION(#1883,#1871);
#1864=PROPERTY_DEFINITION_REPRESENTATION(#1884,#1872);
#1865=PROPERTY_DEFINITION_REPRESENTATION(#1885,#1873);
#1866=PROPERTY_DEFINITION_REPRESENTATION(#1886,#1874);
#1867=PROPERTY_DEFINITION_REPRESENTATION(#1887,#1875);
#1868=PROPERTY_DEFINITION_REPRESENTATION(#1888,#1876);
#1869=REPRESENTATION('material name',(#1877),#3403);
#1870=REPRESENTATION('density',(#1857),#3403);
#1871=REPRESENTATION('material name',(#1878),#3404);
#1872=REPRESENTATION('density',(#1858),#3404);
#1873=REPRESENTATION('material name',(#1879),#3405);
#1874=REPRESENTATION('density',(#1859),#3405);
#1875=REPRESENTATION('material name',(#1880),#3406);
#1876=REPRESENTATION('density',(#1860),#3406);
#1877=DESCRIPTIVE_REPRESENTATION_ITEM('Steel','Steel');
#1878=DESCRIPTIVE_REPRESENTATION_ITEM('Steel','Steel');
#1879=DESCRIPTIVE_REPRESENTATION_ITEM('Steel','Steel');
#1880=DESCRIPTIVE_REPRESENTATION_ITEM('Steel','Steel');
#1881=PROPERTY_DEFINITION('material property','material name',#3435);
#1882=PROPERTY_DEFINITION('material property','density of part',#3435);
#1883=PROPERTY_DEFINITION('material property','material name',#3436);
#1884=PROPERTY_DEFINITION('material property','density of part',#3436);
#1885=PROPERTY_DEFINITION('material property','material name',#3437);
#1886=PROPERTY_DEFINITION('material property','density of part',#3437);
#1887=PROPERTY_DEFINITION('material property','material name',#3438);
#1888=PROPERTY_DEFINITION('material property','density of part',#3438);
#1889=AXIS2_PLACEMENT_3D('',#2727,#2129,#2130);
#1890=AXIS2_PLACEMENT_3D('',#2728,#2131,#2132);
#1891=AXIS2_PLACEMENT_3D('',#2729,#2133,#2134);
#1892=AXIS2_PLACEMENT_3D('',#2731,#2135,#2136);
#1893=AXIS2_PLACEMENT_3D('',#2734,#2138,#2139);
#1894=AXIS2_PLACEMENT_3D('',#2735,#2140,#2141);
#1895=AXIS2_PLACEMENT_3D('',#2738,#2142,#2143);
#1896=AXIS2_PLACEMENT_3D('',#2739,#2144,#2145);
#1897=AXIS2_PLACEMENT_3D('',#2741,#2147,#2148);
#1898=AXIS2_PLACEMENT_3D('',#2744,#2150,#2151);
#1899=AXIS2_PLACEMENT_3D('',#2745,#2152,#2153);
#1900=AXIS2_PLACEMENT_3D('',#2747,#2154,#2155);
#1901=AXIS2_PLACEMENT_3D('',#2750,#2157,#2158);
#1902=AXIS2_PLACEMENT_3D('',#2751,#2159,#2160);
#1903=AXIS2_PLACEMENT_3D('',#2754,#2161,#2162);
#1904=AXIS2_PLACEMENT_3D('',#2755,#2163,#2164);
#1905=AXIS2_PLACEMENT_3D('',#2757,#2166,#2167);
#1906=AXIS2_PLACEMENT_3D('',#2760,#2169,#2170);
#1907=AXIS2_PLACEMENT_3D('',#2761,#2171,#2172);
#1908=AXIS2_PLACEMENT_3D('',#2764,#2173,#2174);
#1909=AXIS2_PLACEMENT_3D('',#2773,#2175,#2176);
#1910=AXIS2_PLACEMENT_3D('',#2780,#2177,#2178);
#1911=AXIS2_PLACEMENT_3D('',#2783,#2179,#2180);
#1912=AXIS2_PLACEMENT_3D('',#2792,#2181,#2182);
#1913=AXIS2_PLACEMENT_3D('',#2799,#2183,#2184);
#1914=AXIS2_PLACEMENT_3D('',#2804,#2186,#2187);
#1915=AXIS2_PLACEMENT_3D('',#2808,#2189,#2190);
#1916=AXIS2_PLACEMENT_3D('',#2819,#2193,#2194);
#1917=AXIS2_PLACEMENT_3D('',#2823,#2196,#2197);
#1918=AXIS2_PLACEMENT_3D('',#2829,#2199,#2200);
#1919=AXIS2_PLACEMENT_3D('',#2834,#2202,#2203);
#1920=AXIS2_PLACEMENT_3D('',#2845,#2206,#2207);
#1921=AXIS2_PLACEMENT_3D('',#2849,#2209,#2210);
#1922=AXIS2_PLACEMENT_3D('',#2858,#2213,#2214);
#1923=AXIS2_PLACEMENT_3D('',#2859,#2215,#2216);
#1924=AXIS2_PLACEMENT_3D('',#2863,#2218,#2219);
#1925=AXIS2_PLACEMENT_3D('',#2867,#2221,#2222);
#1926=AXIS2_PLACEMENT_3D('',#2871,#2224,#2225);
#1927=AXIS2_PLACEMENT_3D('',#2873,#2227,#2228);
#1928=AXIS2_PLACEMENT_3D('',#2874,#2229,#2230);
#1929=AXIS2_PLACEMENT_3D('',#2877,#2231,#2232);
#1930=AXIS2_PLACEMENT_3D('',#2879,#2234,#2235);
#1931=AXIS2_PLACEMENT_3D('',#2883,#2237,#2238);
#1932=AXIS2_PLACEMENT_3D('',#2887,#2240,#2241);
#1933=AXIS2_PLACEMENT_3D('',#2889,#2243,#2244);
#1934=AXIS2_PLACEMENT_3D('',#2894,#2247,#2248);
#1935=AXIS2_PLACEMENT_3D('',#2898,#2250,#2251);
#1936=AXIS2_PLACEMENT_3D('',#2900,#2253,#2254);
#1937=AXIS2_PLACEMENT_3D('',#2903,#2257,#2258);
#1938=AXIS2_PLACEMENT_3D('',#2909,#2262,#2263);
#1939=AXIS2_PLACEMENT_3D('',#2913,#2266,#2267);
#1940=AXIS2_PLACEMENT_3D('',#2915,#2268,#2269);
#1941=AXIS2_PLACEMENT_3D('',#2917,#2271,#2272);
#1942=AXIS2_PLACEMENT_3D('',#2923,#2276,#2277);
#1943=AXIS2_PLACEMENT_3D('',#2927,#2279,#2280);
#1944=AXIS2_PLACEMENT_3D('',#2928,#2281,#2282);
#1945=AXIS2_PLACEMENT_3D('',#2929,#2283,#2284);
#1946=AXIS2_PLACEMENT_3D('',#2932,#2287,#2288);
#1947=AXIS2_PLACEMENT_3D('',#2933,#2289,#2290);
#1948=AXIS2_PLACEMENT_3D('',#2934,#2291,#2292);
#1949=AXIS2_PLACEMENT_3D('',#2935,#2293,#2294);
#1950=AXIS2_PLACEMENT_3D('',#2936,#2295,#2296);
#1951=AXIS2_PLACEMENT_3D('',#2937,#2297,#2298);
#1952=AXIS2_PLACEMENT_3D('',#2938,#2299,#2300);
#1953=AXIS2_PLACEMENT_3D('',#2939,#2301,#2302);
#1954=AXIS2_PLACEMENT_3D('',#2940,#2303,#2304);
#1955=AXIS2_PLACEMENT_3D('',#2941,#2305,#2306);
#1956=AXIS2_PLACEMENT_3D('',#2942,#2307,#2308);
#1957=AXIS2_PLACEMENT_3D('',#2943,#2309,#2310);
#1958=AXIS2_PLACEMENT_3D('',#2944,#2311,#2312);
#1959=AXIS2_PLACEMENT_3D('',#2954,#2313,#2314);
#1960=AXIS2_PLACEMENT_3D('',#2955,#2315,#2316);
#1961=AXIS2_PLACEMENT_3D('',#2956,#2317,#2318);
#1962=AXIS2_PLACEMENT_3D('',#2957,#2319,#2320);
#1963=AXIS2_PLACEMENT_3D('',#2958,#2321,#2322);
#1964=AXIS2_PLACEMENT_3D('',#2959,#2323,#2324);
#1965=AXIS2_PLACEMENT_3D('',#2960,#2325,#2326);
#1966=AXIS2_PLACEMENT_3D('',#2970,#2327,#2328);
#1967=AXIS2_PLACEMENT_3D('',#2971,#2329,#2330);
#1968=AXIS2_PLACEMENT_3D('',#2972,#2331,#2332);
#1969=AXIS2_PLACEMENT_3D('',#2973,#2333,#2334);
#1970=AXIS2_PLACEMENT_3D('',#2983,#2335,#2336);
#1971=AXIS2_PLACEMENT_3D('',#2984,#2337,#2338);
#1972=AXIS2_PLACEMENT_3D('',#2985,#2339,#2340);
#1973=AXIS2_PLACEMENT_3D('',#2986,#2341,#2342);
#1974=AXIS2_PLACEMENT_3D('',#2987,#2343,#2344);
#1975=AXIS2_PLACEMENT_3D('',#2988,#2345,#2346);
#1976=AXIS2_PLACEMENT_3D('',#2989,#2347,#2348);
#1977=AXIS2_PLACEMENT_3D('',#2999,#2349,#2350);
#1978=AXIS2_PLACEMENT_3D('',#3000,#2351,#2352);
#1979=AXIS2_PLACEMENT_3D('',#3001,#2353,#2354);
#1980=AXIS2_PLACEMENT_3D('',#3002,#2355,#2356);
#1981=AXIS2_PLACEMENT_3D('',#3003,#2357,#2358);
#1982=AXIS2_PLACEMENT_3D('',#3004,#2359,#2360);
#1983=AXIS2_PLACEMENT_3D('',#3005,#2361,#2362);
#1984=AXIS2_PLACEMENT_3D('',#3006,#2363,#2364);
#1985=AXIS2_PLACEMENT_3D('',#3009,#2365,#2366);
#1986=AXIS2_PLACEMENT_3D('',#3010,#2367,#2368);
#1987=AXIS2_PLACEMENT_3D('',#3013,#2370,#2371);
#1988=AXIS2_PLACEMENT_3D('',#3014,#2372,#2373);
#1989=AXIS2_PLACEMENT_3D('',#3016,#2374,#2375);
#1990=AXIS2_PLACEMENT_3D('',#3019,#2377,#2378);
#1991=AXIS2_PLACEMENT_3D('',#3020,#2379,#2380);
#1992=AXIS2_PLACEMENT_3D('',#3023,#2381,#2382);
#1993=AXIS2_PLACEMENT_3D('',#3024,#2383,#2384);
#1994=AXIS2_PLACEMENT_3D('',#3027,#2386,#2387);
#1995=AXIS2_PLACEMENT_3D('',#3028,#2388,#2389);
#1996=AXIS2_PLACEMENT_3D('',#3030,#2390,#2391);
#1997=AXIS2_PLACEMENT_3D('',#3033,#2393,#2394);
#1998=AXIS2_PLACEMENT_3D('',#3034,#2395,#2396);
#1999=AXIS2_PLACEMENT_3D('',#3036,#2398,#2399);
#2000=AXIS2_PLACEMENT_3D('',#3038,#2401,#2402);
#2001=AXIS2_PLACEMENT_3D('',#3041,#2403,#2404);
#2002=AXIS2_PLACEMENT_3D('',#3050,#2405,#2406);
#2003=AXIS2_PLACEMENT_3D('',#3057,#2407,#2408);
#2004=AXIS2_PLACEMENT_3D('',#3060,#2409,#2410);
#2005=AXIS2_PLACEMENT_3D('',#3069,#2411,#2412);
#2006=AXIS2_PLACEMENT_3D('',#3076,#2413,#2414);
#2007=AXIS2_PLACEMENT_3D('',#3081,#2416,#2417);
#2008=AXIS2_PLACEMENT_3D('',#3092,#2420,#2421);
#2009=AXIS2_PLACEMENT_3D('',#3096,#2423,#2424);
#2010=AXIS2_PLACEMENT_3D('',#3105,#2427,#2428);
#2011=AXIS2_PLACEMENT_3D('',#3106,#2429,#2430);
#2012=AXIS2_PLACEMENT_3D('',#3108,#2432,#2433);
#2013=AXIS2_PLACEMENT_3D('',#3113,#2435,#2436);
#2014=AXIS2_PLACEMENT_3D('',#3117,#2438,#2439);
#2015=AXIS2_PLACEMENT_3D('',#3128,#2442,#2443);
#2016=AXIS2_PLACEMENT_3D('',#3132,#2445,#2446);
#2017=AXIS2_PLACEMENT_3D('',#3138,#2448,#2449);
#2018=AXIS2_PLACEMENT_3D('',#3140,#2451,#2452);
#2019=AXIS2_PLACEMENT_3D('',#3144,#2454,#2455);
#2020=AXIS2_PLACEMENT_3D('',#3148,#2457,#2458);
#2021=AXIS2_PLACEMENT_3D('',#3152,#2460,#2461);
#2022=AXIS2_PLACEMENT_3D('',#3154,#2463,#2464);
#2023=AXIS2_PLACEMENT_3D('',#3155,#2465,#2466);
#2024=AXIS2_PLACEMENT_3D('',#3158,#2467,#2468);
#2025=AXIS2_PLACEMENT_3D('',#3160,#2470,#2471);
#2026=AXIS2_PLACEMENT_3D('',#3164,#2473,#2474);
#2027=AXIS2_PLACEMENT_3D('',#3168,#2476,#2477);
#2028=AXIS2_PLACEMENT_3D('',#3170,#2479,#2480);
#2029=AXIS2_PLACEMENT_3D('',#3174,#2482,#2483);
#2030=AXIS2_PLACEMENT_3D('',#3178,#2485,#2486);
#2031=AXIS2_PLACEMENT_3D('',#3180,#2488,#2489);
#2032=AXIS2_PLACEMENT_3D('',#3183,#2492,#2493);
#2033=AXIS2_PLACEMENT_3D('',#3189,#2497,#2498);
#2034=AXIS2_PLACEMENT_3D('',#3192,#2500,#2501);
#2035=AXIS2_PLACEMENT_3D('',#3194,#2502,#2503);
#2036=AXIS2_PLACEMENT_3D('',#3196,#2505,#2506);
#2037=AXIS2_PLACEMENT_3D('',#3202,#2510,#2511);
#2038=AXIS2_PLACEMENT_3D('',#3206,#2513,#2514);
#2039=AXIS2_PLACEMENT_3D('',#3207,#2515,#2516);
#2040=AXIS2_PLACEMENT_3D('',#3208,#2517,#2518);
#2041=AXIS2_PLACEMENT_3D('',#3211,#2521,#2522);
#2042=AXIS2_PLACEMENT_3D('',#3212,#2523,#2524);
#2043=AXIS2_PLACEMENT_3D('',#3213,#2525,#2526);
#2044=AXIS2_PLACEMENT_3D('',#3214,#2527,#2528);
#2045=AXIS2_PLACEMENT_3D('',#3215,#2529,#2530);
#2046=AXIS2_PLACEMENT_3D('',#3216,#2531,#2532);
#2047=AXIS2_PLACEMENT_3D('',#3217,#2533,#2534);
#2048=AXIS2_PLACEMENT_3D('',#3218,#2535,#2536);
#2049=AXIS2_PLACEMENT_3D('',#3219,#2537,#2538);
#2050=AXIS2_PLACEMENT_3D('',#3220,#2539,#2540);
#2051=AXIS2_PLACEMENT_3D('',#3221,#2541,#2542);
#2052=AXIS2_PLACEMENT_3D('',#3222,#2543,#2544);
#2053=AXIS2_PLACEMENT_3D('',#3223,#2545,#2546);
#2054=AXIS2_PLACEMENT_3D('',#3233,#2547,#2548);
#2055=AXIS2_PLACEMENT_3D('',#3234,#2549,#2550);
#2056=AXIS2_PLACEMENT_3D('',#3235,#2551,#2552);
#2057=AXIS2_PLACEMENT_3D('',#3236,#2553,#2554);
#2058=AXIS2_PLACEMENT_3D('',#3237,#2555,#2556);
#2059=AXIS2_PLACEMENT_3D('',#3238,#2557,#2558);
#2060=AXIS2_PLACEMENT_3D('',#3239,#2559,#2560);
#2061=AXIS2_PLACEMENT_3D('',#3249,#2561,#2562);
#2062=AXIS2_PLACEMENT_3D('',#3250,#2563,#2564);
#2063=AXIS2_PLACEMENT_3D('',#3251,#2565,#2566);
#2064=AXIS2_PLACEMENT_3D('',#3252,#2567,#2568);
#2065=AXIS2_PLACEMENT_3D('',#3262,#2569,#2570);
#2066=AXIS2_PLACEMENT_3D('',#3263,#2571,#2572);
#2067=AXIS2_PLACEMENT_3D('',#3264,#2573,#2574);
#2068=AXIS2_PLACEMENT_3D('',#3265,#2575,#2576);
#2069=AXIS2_PLACEMENT_3D('',#3266,#2577,#2578);
#2070=AXIS2_PLACEMENT_3D('',#3267,#2579,#2580);
#2071=AXIS2_PLACEMENT_3D('',#3268,#2581,#2582);
#2072=AXIS2_PLACEMENT_3D('',#3278,#2583,#2584);
#2073=AXIS2_PLACEMENT_3D('',#3279,#2585,#2586);
#2074=AXIS2_PLACEMENT_3D('',#3280,#2587,#2588);
#2075=AXIS2_PLACEMENT_3D('',#3281,#2589,#2590);
#2076=AXIS2_PLACEMENT_3D('',#3282,#2591,#2592);
#2077=AXIS2_PLACEMENT_3D('',#3283,#2593,#2594);
#2078=AXIS2_PLACEMENT_3D('',#3285,#2595,#2596);
#2079=AXIS2_PLACEMENT_3D('',#3288,#2598,#2599);
#2080=AXIS2_PLACEMENT_3D('',#3289,#2600,#2601);
#2081=AXIS2_PLACEMENT_3D('',#3291,#2602,#2603);
#2082=AXIS2_PLACEMENT_3D('',#3294,#2605,#2606);
#2083=AXIS2_PLACEMENT_3D('',#3295,#2607,#2608);
#2084=AXIS2_PLACEMENT_3D('',#3296,#2609,#2610);
#2085=AXIS2_PLACEMENT_3D('',#3297,#2611,#2612);
#2086=AXIS2_PLACEMENT_3D('',#3298,#2613,#2614);
#2087=AXIS2_PLACEMENT_3D('',#3303,#2616,#2617);
#2088=AXIS2_PLACEMENT_3D('',#3305,#2618,#2619);
#2089=AXIS2_PLACEMENT_3D('',#3307,#2620,#2621);
#2090=AXIS2_PLACEMENT_3D('',#3309,#2622,#2623);
#2091=AXIS2_PLACEMENT_3D('',#3311,#2624,#2625);
#2092=AXIS2_PLACEMENT_3D('',#3312,#2626,#2627);
#2093=AXIS2_PLACEMENT_3D('',#3313,#2628,#2629);
#2094=AXIS2_PLACEMENT_3D('',#3315,#2630,#2631);
#2095=AXIS2_PLACEMENT_3D('',#3317,#2632,#2633);
#2096=AXIS2_PLACEMENT_3D('',#3318,#2634,#2635);
#2097=AXIS2_PLACEMENT_3D('',#3319,#2636,#2637);
#2098=AXIS2_PLACEMENT_3D('',#3322,#2638,#2639);
#2099=AXIS2_PLACEMENT_3D('',#3323,#2640,#2641);
#2100=AXIS2_PLACEMENT_3D('',#3325,#2642,#2643);
#2101=AXIS2_PLACEMENT_3D('',#3326,#2644,#2645);
#2102=AXIS2_PLACEMENT_3D('',#3327,#2646,#2647);
#2103=AXIS2_PLACEMENT_3D('',#3329,#2648,#2649);
#2104=AXIS2_PLACEMENT_3D('',#3332,#2651,#2652);
#2105=AXIS2_PLACEMENT_3D('',#3333,#2653,#2654);
#2106=AXIS2_PLACEMENT_3D('',#3335,#2656,#2657);
#2107=AXIS2_PLACEMENT_3D('',#3338,#2659,#2660);
#2108=AXIS2_PLACEMENT_3D('',#3339,#2661,#2662);
#2109=AXIS2_PLACEMENT_3D('',#3352,#2669,#2670);
#2110=AXIS2_PLACEMENT_3D('',#3353,#2671,#2672);
#2111=AXIS2_PLACEMENT_3D('',#3354,#2673,#2674);
#2112=AXIS2_PLACEMENT_3D('',#3361,#2679,#2680);
#2113=AXIS2_PLACEMENT_3D('',#3366,#2684,#2685);
#2114=AXIS2_PLACEMENT_3D('',#3371,#2689,#2690);
#2115=AXIS2_PLACEMENT_3D('',#3376,#2694,#2695);
#2116=AXIS2_PLACEMENT_3D('',#3381,#2699,#2700);
#2117=AXIS2_PLACEMENT_3D('',#3384,#2703,#2704);
#2118=AXIS2_PLACEMENT_3D('',#3385,#2705,#2706);
#2119=AXIS2_PLACEMENT_3D('',#3386,#2707,#2708);
#2120=AXIS2_PLACEMENT_3D('',#3387,#2709,#2710);
#2121=AXIS2_PLACEMENT_3D('',#3388,#2711,#2712);
#2122=AXIS2_PLACEMENT_3D('',#3389,#2713,#2714);
#2123=AXIS2_PLACEMENT_3D('',#3390,#2715,#2716);
#2124=AXIS2_PLACEMENT_3D('',#3391,#2717,#2718);
#2125=AXIS2_PLACEMENT_3D('',#3392,#2719,#2720);
#2126=AXIS2_PLACEMENT_3D('',#3393,#2721,#2722);
#2127=AXIS2_PLACEMENT_3D('',#3394,#2723,#2724);
#2128=AXIS2_PLACEMENT_3D('',#3395,#2725,#2726);
#2129=DIRECTION('axis',(0.,0.,1.));
#2130=DIRECTION('refdir',(1.,0.,0.));
#2131=DIRECTION('axis',(0.,0.,1.));
#2132=DIRECTION('refdir',(1.,0.,0.));
#2133=DIRECTION('center_axis',(0.,-1.,0.));
#2134=DIRECTION('ref_axis',(0.,0.,-1.));
#2135=DIRECTION('center_axis',(0.,-1.,0.));
#2136=DIRECTION('ref_axis',(0.,0.,-1.));
#2137=DIRECTION('',(-8.65956056235489E-17,-0.70710678118655,0.707106781186545));
#2138=DIRECTION('center_axis',(0.,-1.,0.));
#2139=DIRECTION('ref_axis',(0.,0.,-1.));
#2140=DIRECTION('center_axis',(0.,-1.,0.));
#2141=DIRECTION('ref_axis',(0.,0.,-1.));
#2142=DIRECTION('center_axis',(0.,-1.,0.));
#2143=DIRECTION('ref_axis',(0.,0.,-1.));
#2144=DIRECTION('center_axis',(0.,-1.,0.));
#2145=DIRECTION('ref_axis',(0.,0.,-1.));
#2146=DIRECTION('',(0.,-1.,0.));
#2147=DIRECTION('center_axis',(0.,1.,0.));
#2148=DIRECTION('ref_axis',(0.,0.,1.));
#2149=DIRECTION('',(-8.65956056235493E-17,0.707106781186547,-0.707106781186547));
#2150=DIRECTION('center_axis',(0.,-1.,0.));
#2151=DIRECTION('ref_axis',(0.,0.,-1.));
#2152=DIRECTION('center_axis',(0.,-1.,0.));
#2153=DIRECTION('ref_axis',(0.,0.,-1.));
#2154=DIRECTION('center_axis',(0.,-1.,0.));
#2155=DIRECTION('ref_axis',(0.,0.,-1.));
#2156=DIRECTION('',(-8.65956056235489E-17,-0.70710678118655,0.707106781186545));
#2157=DIRECTION('center_axis',(0.,-1.,0.));
#2158=DIRECTION('ref_axis',(0.,0.,-1.));
#2159=DIRECTION('center_axis',(0.,-1.,0.));
#2160=DIRECTION('ref_axis',(0.,0.,-1.));
#2161=DIRECTION('center_axis',(0.,-1.,0.));
#2162=DIRECTION('ref_axis',(0.,0.,-1.));
#2163=DIRECTION('center_axis',(0.,-1.,0.));
#2164=DIRECTION('ref_axis',(0.,0.,-1.));
#2165=DIRECTION('',(0.,-1.,0.));
#2166=DIRECTION('center_axis',(0.,1.,0.));
#2167=DIRECTION('ref_axis',(0.,0.,1.));
#2168=DIRECTION('',(-8.65956056235493E-17,0.707106781186547,-0.707106781186547));
#2169=DIRECTION('center_axis',(0.,-1.,0.));
#2170=DIRECTION('ref_axis',(0.,0.,-1.));
#2171=DIRECTION('center_axis',(0.,1.,0.));
#2172=DIRECTION('ref_axis',(-1.,0.,-1.83697019872103E-16));
#2173=DIRECTION('center_axis',(0.,-1.,0.));
#2174=DIRECTION('ref_axis',(0.,0.,1.));
#2175=DIRECTION('center_axis',(0.651883557144682,0.758319080548812,0.));
#2176=DIRECTION('ref_axis',(0.758319080548812,-0.651883557144682,-2.46046201705778E-16));
#2177=DIRECTION('center_axis',(0.,1.,0.));
#2178=DIRECTION('ref_axis',(1.,0.,1.83697019872103E-16));
#2179=DIRECTION('center_axis',(0.,-1.,0.));
#2180=DIRECTION('ref_axis',(0.,0.,-1.));
#2181=DIRECTION('center_axis',(-0.651883557144682,0.758319080548812,0.));
#2182=DIRECTION('ref_axis',(0.758319080548812,0.651883557144682,4.92092403411559E-16));
#2183=DIRECTION('center_axis',(0.,1.,0.));
#2184=DIRECTION('ref_axis',(0.,0.,1.));
#2185=DIRECTION('',(1.,0.,0.));
#2186=DIRECTION('center_axis',(0.,-1.,0.));
#2187=DIRECTION('ref_axis',(0.,0.,1.));
#2188=DIRECTION('',(0.,0.,-1.));
#2189=DIRECTION('center_axis',(0.,-1.,0.));
#2190=DIRECTION('ref_axis',(0.,0.,1.));
#2191=DIRECTION('',(1.,0.,0.));
#2192=DIRECTION('',(0.,0.,-1.));
#2193=DIRECTION('center_axis',(-1.16933517025179E-14,1.,-3.52221172683827E-15));
#2194=DIRECTION('ref_axis',(0.999403032524157,1.180805725041E-14,0.0345482066324543));
#2195=DIRECTION('',(0.,0.,-1.));
#2196=DIRECTION('center_axis',(-2.40359218344147E-14,1.,1.38647268169072E-14));
#2197=DIRECTION('ref_axis',(0.999508466473191,2.44587672106707E-14,-0.0313500470240304));
#2198=DIRECTION('',(0.,0.,-1.));
#2199=DIRECTION('center_axis',(0.,1.,0.));
#2200=DIRECTION('ref_axis',(0.,0.,1.));
#2201=DIRECTION('',(0.,0.,-1.));
#2202=DIRECTION('center_axis',(0.,-1.,0.));
#2203=DIRECTION('ref_axis',(0.,0.,1.));
#2204=DIRECTION('',(1.,0.,0.));
#2205=DIRECTION('',(0.,0.,1.));
#2206=DIRECTION('center_axis',(0.,1.,0.));
#2207=DIRECTION('ref_axis',(0.999403032523786,0.,0.0345482066431944));
#2208=DIRECTION('',(0.,0.,1.));
#2209=DIRECTION('center_axis',(3.35311364228928E-16,1.,-1.13883204103895E-16));
#2210=DIRECTION('ref_axis',(0.999508466470215,-3.38716791265202E-16,-0.0313500471189228));
#2211=DIRECTION('',(0.,0.,1.));
#2212=DIRECTION('',(1.,0.,0.));
#2213=DIRECTION('center_axis',(0.,-1.,0.));
#2214=DIRECTION('ref_axis',(0.,0.,1.));
#2215=DIRECTION('center_axis',(0.,0.,1.));
#2216=DIRECTION('ref_axis',(1.,0.,0.));
#2217=DIRECTION('',(0.,1.,0.));
#2218=DIRECTION('center_axis',(0.,0.,1.));
#2219=DIRECTION('ref_axis',(1.,0.,0.));
#2220=DIRECTION('',(-0.758319080548812,0.651883557144682,0.));
#2221=DIRECTION('center_axis',(0.,0.,1.));
#2222=DIRECTION('ref_axis',(1.,0.,0.));
#2223=DIRECTION('',(-0.758319080548812,-0.651883557144682,0.));
#2224=DIRECTION('center_axis',(0.,0.,1.));
#2225=DIRECTION('ref_axis',(1.,0.,0.));
#2226=DIRECTION('',(0.,-1.,0.));
#2227=DIRECTION('center_axis',(0.,0.,1.));
#2228=DIRECTION('ref_axis',(1.,0.,0.));
#2229=DIRECTION('center_axis',(0.,0.,1.));
#2230=DIRECTION('ref_axis',(1.,0.,0.));
#2231=DIRECTION('center_axis',(0.,0.,-1.));
#2232=DIRECTION('ref_axis',(1.,0.,0.));
#2233=DIRECTION('',(0.,-1.,0.));
#2234=DIRECTION('center_axis',(0.,0.,1.));
#2235=DIRECTION('ref_axis',(1.,0.,0.));
#2236=DIRECTION('',(0.,1.,0.));
#2237=DIRECTION('center_axis',(0.,0.,-1.));
#2238=DIRECTION('ref_axis',(1.,0.,0.));
#2239=DIRECTION('',(0.758319080548812,0.651883557144682,0.));
#2240=DIRECTION('center_axis',(0.,0.,-1.));
#2241=DIRECTION('ref_axis',(1.,-8.88178419700125E-16,0.));
#2242=DIRECTION('',(0.758319080548812,-0.651883557144682,0.));
#2243=DIRECTION('center_axis',(0.,0.,-1.));
#2244=DIRECTION('ref_axis',(-1.,0.,0.));
#2245=DIRECTION('',(0.,0.,1.));
#2246=DIRECTION('',(0.,0.,-1.));
#2247=DIRECTION('center_axis',(0.,0.,1.));
#2248=DIRECTION('ref_axis',(1.,0.,0.));
#2249=DIRECTION('',(0.,0.,-1.));
#2250=DIRECTION('center_axis',(0.,0.,-1.));
#2251=DIRECTION('ref_axis',(1.,1.73472347597681E-15,0.));
#2252=DIRECTION('',(0.,0.,-1.));
#2253=DIRECTION('center_axis',(1.,0.,0.));
#2254=DIRECTION('ref_axis',(0.,0.,-1.));
#2255=DIRECTION('',(0.,1.,0.));
#2256=DIRECTION('',(0.,-1.,0.));
#2257=DIRECTION('center_axis',(-1.,0.,0.));
#2258=DIRECTION('ref_axis',(0.,0.,1.));
#2259=DIRECTION('',(0.,0.,-1.));
#2260=DIRECTION('',(0.,-1.,0.));
#2261=DIRECTION('',(0.,1.,0.));
#2262=DIRECTION('center_axis',(0.,0.,-1.));
#2263=DIRECTION('ref_axis',(-1.,0.,0.));
#2264=DIRECTION('',(0.,0.,1.));
#2265=DIRECTION('',(0.,0.,-1.));
#2266=DIRECTION('center_axis',(0.,0.,-1.));
#2267=DIRECTION('ref_axis',(1.,3.46944695195361E-15,0.));
#2268=DIRECTION('center_axis',(0.,0.,1.));
#2269=DIRECTION('ref_axis',(1.,0.,0.));
#2270=DIRECTION('',(0.,0.,-1.));
#2271=DIRECTION('center_axis',(-0.651883557144682,-0.758319080548812,0.));
#2272=DIRECTION('ref_axis',(0.758319080548812,-0.651883557144682,0.));
#2273=DIRECTION('',(-0.758319080548812,0.651883557144682,0.));
#2274=DIRECTION('',(0.,0.,-1.));
#2275=DIRECTION('',(0.758319080548812,-0.651883557144682,0.));
#2276=DIRECTION('center_axis',(0.,0.,-1.));
#2277=DIRECTION('ref_axis',(-1.,0.,0.));
#2278=DIRECTION('',(0.,0.,-1.));
#2279=DIRECTION('center_axis',(0.,0.,-1.));
#2280=DIRECTION('ref_axis',(1.,-1.77635683940025E-15,0.));
#2281=DIRECTION('center_axis',(0.,0.,1.));
#2282=DIRECTION('ref_axis',(1.,0.,0.));
#2283=DIRECTION('center_axis',(0.651883557144682,-0.758319080548812,0.));
#2284=DIRECTION('ref_axis',(0.758319080548812,0.651883557144682,0.));
#2285=DIRECTION('',(0.758319080548812,0.651883557144682,0.));
#2286=DIRECTION('',(-0.758319080548812,-0.651883557144682,0.));
#2287=DIRECTION('center_axis',(0.,0.,-1.));
#2288=DIRECTION('ref_axis',(-1.,0.,0.));
#2289=DIRECTION('center_axis',(0.,0.,-1.));
#2290=DIRECTION('ref_axis',(-1.,0.,0.));
#2291=DIRECTION('center_axis',(0.,0.,1.));
#2292=DIRECTION('ref_axis',(1.,0.,0.));
#2293=DIRECTION('center_axis',(0.,0.,1.));
#2294=DIRECTION('ref_axis',(1.,0.,0.));
#2295=DIRECTION('center_axis',(0.,0.,-1.));
#2296=DIRECTION('ref_axis',(1.,0.,0.));
#2297=DIRECTION('center_axis',(0.,0.,1.));
#2298=DIRECTION('ref_axis',(1.,0.,0.));
#2299=DIRECTION('center_axis',(0.,0.,1.));
#2300=DIRECTION('ref_axis',(1.,0.,0.));
#2301=DIRECTION('center_axis',(0.,0.,1.));
#2302=DIRECTION('ref_axis',(1.,0.,0.));
#2303=DIRECTION('center_axis',(0.,0.,1.));
#2304=DIRECTION('ref_axis',(1.,0.,0.));
#2305=DIRECTION('center_axis',(0.,0.,1.));
#2306=DIRECTION('ref_axis',(1.,0.,0.));
#2307=DIRECTION('center_axis',(0.,0.,1.));
#2308=DIRECTION('ref_axis',(1.,0.,0.));
#2309=DIRECTION('center_axis',(0.,1.,0.));
#2310=DIRECTION('ref_axis',(0.,0.,1.));
#2311=DIRECTION('center_axis',(0.,1.,0.));
#2312=DIRECTION('ref_axis',(0.,0.,1.));
#2313=DIRECTION('center_axis',(0.758319080548812,0.651883557144682,5.65418855091074E-16));
#2314=DIRECTION('ref_axis',(-0.651883557144682,0.758319080548812,-4.93038065763132E-32));
#2315=DIRECTION('center_axis',(0.758319080548812,0.651883557144682,0.));
#2316=DIRECTION('ref_axis',(-0.651883557144682,0.758319080548812,0.));
#2317=DIRECTION('center_axis',(0.758319080548813,0.651883557144682,0.));
#2318=DIRECTION('ref_axis',(-0.651883557144682,0.758319080548813,0.));
#2319=DIRECTION('center_axis',(0.,0.,1.));
#2320=DIRECTION('ref_axis',(1.,0.,0.));
#2321=DIRECTION('center_axis',(0.758319080548813,-0.651883557144682,0.));
#2322=DIRECTION('ref_axis',(0.651883557144682,0.758319080548813,0.));
#2323=DIRECTION('center_axis',(0.758319080548812,-0.651883557144682,0.));
#2324=DIRECTION('ref_axis',(0.651883557144682,0.758319080548812,0.));
#2325=DIRECTION('center_axis',(0.758319080548812,-0.651883557144682,-5.53908603381071E-16));
#2326=DIRECTION('ref_axis',(0.651883557144682,0.758319080548812,-4.93038065763132E-32));
#2327=DIRECTION('center_axis',(0.,-1.,0.));
#2328=DIRECTION('ref_axis',(0.,0.,-1.));
#2329=DIRECTION('center_axis',(0.,-1.,0.));
#2330=DIRECTION('ref_axis',(0.,0.,-1.));
#2331=DIRECTION('center_axis',(0.,-1.,0.));
#2332=DIRECTION('ref_axis',(0.,0.,-1.));
#2333=DIRECTION('center_axis',(0.,1.,0.));
#2334=DIRECTION('ref_axis',(0.,0.,1.));
#2335=DIRECTION('center_axis',(0.758319080548813,0.651883557144682,0.));
#2336=DIRECTION('ref_axis',(-0.651883557144682,0.758319080548813,0.));
#2337=DIRECTION('center_axis',(-0.758319080548812,-0.651883557144682,0.));
#2338=DIRECTION('ref_axis',(0.651883557144682,-0.758319080548812,0.));
#2339=DIRECTION('center_axis',(0.758319080548813,0.651883557144682,0.));
#2340=DIRECTION('ref_axis',(-0.651883557144682,0.758319080548813,0.));
#2341=DIRECTION('center_axis',(0.,0.,1.));
#2342=DIRECTION('ref_axis',(1.,0.,0.));
#2343=DIRECTION('center_axis',(0.758319080548813,-0.651883557144682,0.));
#2344=DIRECTION('ref_axis',(0.651883557144682,0.758319080548813,0.));
#2345=DIRECTION('center_axis',(-0.758319080548812,0.651883557144682,0.));
#2346=DIRECTION('ref_axis',(-0.651883557144682,-0.758319080548812,0.));
#2347=DIRECTION('center_axis',(0.758319080548812,-0.651883557144682,0.));
#2348=DIRECTION('ref_axis',(0.651883557144682,0.758319080548812,0.));
#2349=DIRECTION('center_axis',(0.,-1.,0.));
#2350=DIRECTION('ref_axis',(0.,0.,-1.));
#2351=DIRECTION('center_axis',(0.,1.,0.));
#2352=DIRECTION('ref_axis',(0.,0.,1.));
#2353=DIRECTION('center_axis',(0.,0.,1.));
#2354=DIRECTION('ref_axis',(1.,0.,0.));
#2355=DIRECTION('center_axis',(0.,0.,1.));
#2356=DIRECTION('ref_axis',(1.,0.,0.));
#2357=DIRECTION('center_axis',(0.,-1.,0.));
#2358=DIRECTION('ref_axis',(0.,0.,-1.));
#2359=DIRECTION('center_axis',(0.,1.,0.));
#2360=DIRECTION('ref_axis',(0.,0.,1.));
#2361=DIRECTION('axis',(0.,0.,1.));
#2362=DIRECTION('refdir',(1.,0.,0.));
#2363=DIRECTION('center_axis',(0.,1.,0.));
#2364=DIRECTION('ref_axis',(0.,0.,1.));
#2365=DIRECTION('center_axis',(0.,1.,0.));
#2366=DIRECTION('ref_axis',(0.,0.,-1.));
#2367=DIRECTION('center_axis',(0.,1.,0.));
#2368=DIRECTION('ref_axis',(0.,0.,-1.));
#2369=DIRECTION('',(-8.65956056235501E-17,0.707106781186541,-0.707106781186554));
#2370=DIRECTION('center_axis',(0.,-1.,0.));
#2371=DIRECTION('ref_axis',(0.,0.,-1.));
#2372=DIRECTION('center_axis',(0.,-1.,0.));
#2373=DIRECTION('ref_axis',(0.,0.,-1.));
#2374=DIRECTION('center_axis',(0.,-1.,0.));
#2375=DIRECTION('ref_axis',(0.,0.,1.));
#2376=DIRECTION('',(-8.65956056235496E-17,-0.707106781186545,0.70710678118655));
#2377=DIRECTION('center_axis',(0.,1.,0.));
#2378=DIRECTION('ref_axis',(0.,0.,1.));
#2379=DIRECTION('center_axis',(0.,1.,0.));
#2380=DIRECTION('ref_axis',(0.,0.,1.));
#2381=DIRECTION('center_axis',(0.,1.,0.));
#2382=DIRECTION('ref_axis',(0.,0.,1.));
#2383=DIRECTION('center_axis',(0.,1.,0.));
#2384=DIRECTION('ref_axis',(0.,0.,1.));
#2385=DIRECTION('',(-8.65956056235501E-17,0.707106781186541,-0.707106781186554));
#2386=DIRECTION('center_axis',(0.,-1.,0.));
#2387=DIRECTION('ref_axis',(0.,0.,1.));
#2388=DIRECTION('center_axis',(0.,-1.,0.));
#2389=DIRECTION('ref_axis',(0.,0.,-1.));
#2390=DIRECTION('center_axis',(0.,-1.,0.));
#2391=DIRECTION('ref_axis',(0.,0.,1.));
#2392=DIRECTION('',(-8.65956056235496E-17,-0.707106781186545,0.70710678118655));
#2393=DIRECTION('center_axis',(0.,1.,0.));
#2394=DIRECTION('ref_axis',(0.,0.,1.));
#2395=DIRECTION('center_axis',(0.,-1.,0.));
#2396=DIRECTION('ref_axis',(0.,0.,-1.));
#2397=DIRECTION('',(0.,-1.,0.));
#2398=DIRECTION('center_axis',(0.,-1.,0.));
#2399=DIRECTION('ref_axis',(0.,0.,-1.));
#2400=DIRECTION('',(0.,-1.,0.));
#2401=DIRECTION('center_axis',(0.,1.,0.));
#2402=DIRECTION('ref_axis',(-1.,0.,-1.83697019872103E-16));
#2403=DIRECTION('center_axis',(0.,-1.,0.));
#2404=DIRECTION('ref_axis',(0.,0.,1.));
#2405=DIRECTION('center_axis',(0.651883557144682,0.758319080548812,0.));
#2406=DIRECTION('ref_axis',(0.758319080548812,-0.651883557144682,-2.46046201705778E-16));
#2407=DIRECTION('center_axis',(0.,1.,0.));
#2408=DIRECTION('ref_axis',(1.,0.,1.83697019872103E-16));
#2409=DIRECTION('center_axis',(0.,-1.,0.));
#2410=DIRECTION('ref_axis',(0.,0.,-1.));
#2411=DIRECTION('center_axis',(-0.651883557144682,0.758319080548812,0.));
#2412=DIRECTION('ref_axis',(0.758319080548812,0.651883557144682,4.92092403411559E-16));
#2413=DIRECTION('center_axis',(0.,1.,0.));
#2414=DIRECTION('ref_axis',(0.,0.,1.));
#2415=DIRECTION('',(0.,0.,-1.));
#2416=DIRECTION('center_axis',(0.,-1.,0.));
#2417=DIRECTION('ref_axis',(0.,0.,1.));
#2418=DIRECTION('',(1.,0.,0.));
#2419=DIRECTION('',(0.,0.,1.));
#2420=DIRECTION('center_axis',(0.,1.,0.));
#2421=DIRECTION('ref_axis',(0.999403032523786,0.,0.0345482066431944));
#2422=DIRECTION('',(0.,0.,1.));
#2423=DIRECTION('center_axis',(3.35311364228928E-16,1.,-1.13883204103895E-16));
#2424=DIRECTION('ref_axis',(0.999508466470215,-3.38716791265202E-16,-0.0313500471189228));
#2425=DIRECTION('',(0.,0.,1.));
#2426=DIRECTION('',(1.,0.,0.));
#2427=DIRECTION('center_axis',(0.,-1.,0.));
#2428=DIRECTION('ref_axis',(0.,0.,1.));
#2429=DIRECTION('center_axis',(0.,1.,0.));
#2430=DIRECTION('ref_axis',(0.,0.,1.));
#2431=DIRECTION('',(0.,0.,1.));
#2432=DIRECTION('center_axis',(0.,1.,0.));
#2433=DIRECTION('ref_axis',(0.,0.,1.));
#2434=DIRECTION('',(1.,0.,0.));
#2435=DIRECTION('center_axis',(0.,-1.,0.));
#2436=DIRECTION('ref_axis',(0.,0.,1.));
#2437=DIRECTION('',(0.,0.,-1.));
#2438=DIRECTION('center_axis',(0.,-1.,0.));
#2439=DIRECTION('ref_axis',(0.,0.,1.));
#2440=DIRECTION('',(1.,0.,0.));
#2441=DIRECTION('',(0.,0.,-1.));
#2442=DIRECTION('center_axis',(-1.16933517025179E-14,1.,-3.52221172683827E-15));
#2443=DIRECTION('ref_axis',(0.999403032524157,1.180805725041E-14,0.0345482066324543));
#2444=DIRECTION('',(0.,0.,-1.));
#2445=DIRECTION('center_axis',(-2.40359218344147E-14,1.,1.38647268169072E-14));
#2446=DIRECTION('ref_axis',(0.999508466473191,2.44587672106707E-14,-0.0313500470240304));
#2447=DIRECTION('',(0.,0.,-1.));
#2448=DIRECTION('center_axis',(0.,-1.,0.));
#2449=DIRECTION('ref_axis',(0.,0.,-1.));
#2450=DIRECTION('',(0.,0.,1.));
#2451=DIRECTION('center_axis',(0.,0.,1.));
#2452=DIRECTION('ref_axis',(1.,0.,0.));
#2453=DIRECTION('',(0.,1.,0.));
#2454=DIRECTION('center_axis',(0.,0.,1.));
#2455=DIRECTION('ref_axis',(1.,0.,0.));
#2456=DIRECTION('',(-0.758319080548812,0.651883557144682,0.));
#2457=DIRECTION('center_axis',(0.,0.,1.));
#2458=DIRECTION('ref_axis',(1.,0.,0.));
#2459=DIRECTION('',(-0.758319080548812,-0.651883557144682,0.));
#2460=DIRECTION('center_axis',(0.,0.,1.));
#2461=DIRECTION('ref_axis',(1.,0.,0.));
#2462=DIRECTION('',(0.,-1.,0.));
#2463=DIRECTION('center_axis',(0.,0.,1.));
#2464=DIRECTION('ref_axis',(1.,0.,0.));
#2465=DIRECTION('center_axis',(0.,0.,1.));
#2466=DIRECTION('ref_axis',(1.,0.,0.));
#2467=DIRECTION('center_axis',(0.,0.,-1.));
#2468=DIRECTION('ref_axis',(1.,0.,0.));
#2469=DIRECTION('',(0.,-1.,0.));
#2470=DIRECTION('center_axis',(0.,0.,1.));
#2471=DIRECTION('ref_axis',(1.,0.,0.));
#2472=DIRECTION('',(0.,1.,0.));
#2473=DIRECTION('center_axis',(0.,0.,-1.));
#2474=DIRECTION('ref_axis',(1.,0.,0.));
#2475=DIRECTION('',(0.758319080548812,0.651883557144682,0.));
#2476=DIRECTION('center_axis',(0.,0.,-1.));
#2477=DIRECTION('ref_axis',(1.,-8.88178419700125E-16,0.));
#2478=DIRECTION('',(0.758319080548812,-0.651883557144682,0.));
#2479=DIRECTION('center_axis',(0.,0.,-1.));
#2480=DIRECTION('ref_axis',(-1.,0.,0.));
#2481=DIRECTION('',(0.,0.,-1.));
#2482=DIRECTION('center_axis',(0.,0.,1.));
#2483=DIRECTION('ref_axis',(1.,0.,0.));
#2484=DIRECTION('',(0.,0.,-1.));
#2485=DIRECTION('center_axis',(0.,0.,-1.));
#2486=DIRECTION('ref_axis',(1.,1.73472347597681E-15,0.));
#2487=DIRECTION('',(0.,0.,-1.));
#2488=DIRECTION('center_axis',(1.,0.,0.));
#2489=DIRECTION('ref_axis',(0.,0.,-1.));
#2490=DIRECTION('',(0.,1.,0.));
#2491=DIRECTION('',(0.,-1.,0.));
#2492=DIRECTION('center_axis',(-1.,0.,0.));
#2493=DIRECTION('ref_axis',(0.,0.,1.));
#2494=DIRECTION('',(0.,0.,-1.));
#2495=DIRECTION('',(0.,-1.,0.));
#2496=DIRECTION('',(0.,1.,0.));
#2497=DIRECTION('center_axis',(0.,0.,-1.));
#2498=DIRECTION('ref_axis',(-1.,0.,0.));
#2499=DIRECTION('',(0.,0.,-1.));
#2500=DIRECTION('center_axis',(0.,0.,-1.));
#2501=DIRECTION('ref_axis',(1.,3.46944695195361E-15,0.));
#2502=DIRECTION('center_axis',(0.,0.,1.));
#2503=DIRECTION('ref_axis',(1.,0.,0.));
#2504=DIRECTION('',(0.,0.,-1.));
#2505=DIRECTION('center_axis',(-0.651883557144682,-0.758319080548812,0.));
#2506=DIRECTION('ref_axis',(0.758319080548812,-0.651883557144682,0.));
#2507=DIRECTION('',(-0.758319080548812,0.651883557144682,0.));
#2508=DIRECTION('',(0.,0.,-1.));
#2509=DIRECTION('',(0.758319080548812,-0.651883557144682,0.));
#2510=DIRECTION('center_axis',(0.,0.,-1.));
#2511=DIRECTION('ref_axis',(-1.,0.,0.));
#2512=DIRECTION('',(0.,0.,-1.));
#2513=DIRECTION('center_axis',(0.,0.,-1.));
#2514=DIRECTION('ref_axis',(1.,-1.77635683940025E-15,0.));
#2515=DIRECTION('center_axis',(0.,0.,1.));
#2516=DIRECTION('ref_axis',(1.,0.,0.));
#2517=DIRECTION('center_axis',(0.651883557144682,-0.758319080548812,0.));
#2518=DIRECTION('ref_axis',(0.758319080548812,0.651883557144682,0.));
#2519=DIRECTION('',(0.758319080548812,0.651883557144682,0.));
#2520=DIRECTION('',(-0.758319080548812,-0.651883557144682,0.));
#2521=DIRECTION('center_axis',(0.,0.,-1.));
#2522=DIRECTION('ref_axis',(-1.,0.,0.));
#2523=DIRECTION('center_axis',(0.,0.,-1.));
#2524=DIRECTION('ref_axis',(-1.,0.,0.));
#2525=DIRECTION('center_axis',(0.,0.,1.));
#2526=DIRECTION('ref_axis',(1.,0.,0.));
#2527=DIRECTION('center_axis',(0.,0.,1.));
#2528=DIRECTION('ref_axis',(1.,0.,0.));
#2529=DIRECTION('center_axis',(0.,0.,-1.));
#2530=DIRECTION('ref_axis',(1.,0.,0.));
#2531=DIRECTION('center_axis',(0.,0.,1.));
#2532=DIRECTION('ref_axis',(1.,0.,0.));
#2533=DIRECTION('center_axis',(0.,0.,1.));
#2534=DIRECTION('ref_axis',(1.,0.,0.));
#2535=DIRECTION('center_axis',(0.,0.,1.));
#2536=DIRECTION('ref_axis',(1.,0.,0.));
#2537=DIRECTION('center_axis',(0.,0.,1.));
#2538=DIRECTION('ref_axis',(1.,0.,0.));
#2539=DIRECTION('center_axis',(0.,0.,1.));
#2540=DIRECTION('ref_axis',(1.,0.,0.));
#2541=DIRECTION('center_axis',(0.,0.,1.));
#2542=DIRECTION('ref_axis',(1.,0.,0.));
#2543=DIRECTION('center_axis',(0.,1.,0.));
#2544=DIRECTION('ref_axis',(0.,0.,1.));
#2545=DIRECTION('center_axis',(0.,1.,0.));
#2546=DIRECTION('ref_axis',(0.,0.,1.));
#2547=DIRECTION('center_axis',(0.758319080548812,0.651883557144682,5.65418855091074E-16));
#2548=DIRECTION('ref_axis',(-0.651883557144682,0.758319080548812,-4.93038065763132E-32));
#2549=DIRECTION('center_axis',(0.758319080548812,0.651883557144682,0.));
#2550=DIRECTION('ref_axis',(-0.651883557144682,0.758319080548812,0.));
#2551=DIRECTION('center_axis',(0.758319080548813,0.651883557144682,0.));
#2552=DIRECTION('ref_axis',(-0.651883557144682,0.758319080548813,0.));
#2553=DIRECTION('center_axis',(0.,0.,1.));
#2554=DIRECTION('ref_axis',(1.,0.,0.));
#2555=DIRECTION('center_axis',(0.758319080548813,-0.651883557144682,0.));
#2556=DIRECTION('ref_axis',(0.651883557144682,0.758319080548813,0.));
#2557=DIRECTION('center_axis',(0.758319080548812,-0.651883557144682,0.));
#2558=DIRECTION('ref_axis',(0.651883557144682,0.758319080548812,0.));
#2559=DIRECTION('center_axis',(0.758319080548812,-0.651883557144682,-5.53908603381071E-16));
#2560=DIRECTION('ref_axis',(0.651883557144682,0.758319080548812,-4.93038065763132E-32));
#2561=DIRECTION('center_axis',(0.,-1.,0.));
#2562=DIRECTION('ref_axis',(0.,0.,-1.));
#2563=DIRECTION('center_axis',(0.,-1.,0.));
#2564=DIRECTION('ref_axis',(0.,0.,-1.));
#2565=DIRECTION('center_axis',(0.,-1.,0.));
#2566=DIRECTION('ref_axis',(0.,0.,-1.));
#2567=DIRECTION('center_axis',(0.,1.,0.));
#2568=DIRECTION('ref_axis',(0.,0.,1.));
#2569=DIRECTION('center_axis',(0.758319080548813,0.651883557144682,0.));
#2570=DIRECTION('ref_axis',(-0.651883557144682,0.758319080548813,0.));
#2571=DIRECTION('center_axis',(-0.758319080548812,-0.651883557144682,0.));
#2572=DIRECTION('ref_axis',(0.651883557144682,-0.758319080548812,0.));
#2573=DIRECTION('center_axis',(0.758319080548813,0.651883557144682,0.));
#2574=DIRECTION('ref_axis',(-0.651883557144682,0.758319080548813,0.));
#2575=DIRECTION('center_axis',(0.,0.,1.));
#2576=DIRECTION('ref_axis',(1.,0.,0.));
#2577=DIRECTION('center_axis',(0.758319080548813,-0.651883557144682,0.));
#2578=DIRECTION('ref_axis',(0.651883557144682,0.758319080548813,0.));
#2579=DIRECTION('center_axis',(-0.758319080548812,0.651883557144682,0.));
#2580=DIRECTION('ref_axis',(-0.651883557144682,-0.758319080548812,0.));
#2581=DIRECTION('center_axis',(0.758319080548812,-0.651883557144682,0.));
#2582=DIRECTION('ref_axis',(0.651883557144682,0.758319080548812,0.));
#2583=DIRECTION('center_axis',(0.,-1.,0.));
#2584=DIRECTION('ref_axis',(0.,0.,-1.));
#2585=DIRECTION('center_axis',(0.,1.,0.));
#2586=DIRECTION('ref_axis',(0.,0.,1.));
#2587=DIRECTION('center_axis',(0.,0.,1.));
#2588=DIRECTION('ref_axis',(1.,0.,0.));
#2589=DIRECTION('center_axis',(0.,0.,1.));
#2590=DIRECTION('ref_axis',(1.,0.,0.));
#2591=DIRECTION('axis',(0.,0.,1.));
#2592=DIRECTION('refdir',(1.,0.,0.));
#2593=DIRECTION('center_axis',(-1.,0.,0.));
#2594=DIRECTION('ref_axis',(0.,0.,1.));
#2595=DIRECTION('center_axis',(-1.,0.,0.));
#2596=DIRECTION('ref_axis',(0.,0.,1.));
#2597=DIRECTION('',(1.,0.,0.));
#2598=DIRECTION('center_axis',(-1.,0.,0.));
#2599=DIRECTION('ref_axis',(0.,0.,1.));
#2600=DIRECTION('center_axis',(-1.,0.,0.));
#2601=DIRECTION('ref_axis',(0.,0.,1.));
#2602=DIRECTION('center_axis',(-1.,0.,0.));
#2603=DIRECTION('ref_axis',(0.,0.,1.));
#2604=DIRECTION('',(-1.,0.,0.));
#2605=DIRECTION('center_axis',(-1.,0.,0.));
#2606=DIRECTION('ref_axis',(0.,0.,1.));
#2607=DIRECTION('center_axis',(-1.,0.,0.));
#2608=DIRECTION('ref_axis',(0.,0.,1.));
#2609=DIRECTION('center_axis',(1.,0.,0.));
#2610=DIRECTION('ref_axis',(0.,0.,-1.));
#2611=DIRECTION('axis',(0.,0.,1.));
#2612=DIRECTION('refdir',(1.,0.,0.));
#2613=DIRECTION('center_axis',(-1.,0.,0.));
#2614=DIRECTION('ref_axis',(0.,0.,1.));
#2615=DIRECTION('',(-0.500000000000005,-1.0605752387249E-16,-0.866025403784436));
#2616=DIRECTION('center_axis',(-1.,0.,0.));
#2617=DIRECTION('ref_axis',(0.,0.,1.));
#2618=DIRECTION('center_axis',(-1.,0.,0.));
#2619=DIRECTION('ref_axis',(0.,0.,1.));
#2620=DIRECTION('center_axis',(-1.,0.,0.));
#2621=DIRECTION('ref_axis',(0.,0.,1.));
#2622=DIRECTION('center_axis',(-1.,0.,0.));
#2623=DIRECTION('ref_axis',(0.,0.,1.));
#2624=DIRECTION('center_axis',(-1.,0.,0.));
#2625=DIRECTION('ref_axis',(0.,0.,1.));
#2626=DIRECTION('center_axis',(-1.,0.,0.));
#2627=DIRECTION('ref_axis',(0.,0.,1.));
#2628=DIRECTION('center_axis',(-1.,0.,0.));
#2629=DIRECTION('ref_axis',(0.,0.,1.));
#2630=DIRECTION('center_axis',(-1.,0.,0.));
#2631=DIRECTION('ref_axis',(0.,0.,1.));
#2632=DIRECTION('center_axis',(0.,-1.,1.22464679914735E-16));
#2633=DIRECTION('ref_axis',(0.,-1.22464679914735E-16,-1.));
#2634=DIRECTION('center_axis',(1.,0.,0.));
#2635=DIRECTION('ref_axis',(0.,0.,1.));
#2636=DIRECTION('center_axis',(1.,0.,0.));
#2637=DIRECTION('ref_axis',(0.,0.,-1.));
#2638=DIRECTION('center_axis',(1.,0.,0.));
#2639=DIRECTION('ref_axis',(0.,0.,-1.));
#2640=DIRECTION('center_axis',(1.,0.,0.));
#2641=DIRECTION('ref_axis',(0.,0.,-1.));
#2642=DIRECTION('center_axis',(0.,1.,1.22464679914735E-16));
#2643=DIRECTION('ref_axis',(0.,-1.22464679914735E-16,1.));
#2644=DIRECTION('center_axis',(-1.,0.,0.));
#2645=DIRECTION('ref_axis',(0.,0.,-1.));
#2646=DIRECTION('center_axis',(-1.,0.,0.));
#2647=DIRECTION('ref_axis',(0.,0.,1.));
#2648=DIRECTION('center_axis',(-1.,0.,0.));
#2649=DIRECTION('ref_axis',(0.,0.,1.));
#2650=DIRECTION('',(0.707106781186565,8.65956056235473E-17,0.707106781186531));
#2651=DIRECTION('center_axis',(-1.,0.,0.));
#2652=DIRECTION('ref_axis',(0.,0.,1.));
#2653=DIRECTION('center_axis',(-1.,0.,0.));
#2654=DIRECTION('ref_axis',(0.,0.,1.));
#2655=DIRECTION('',(1.,0.,0.));
#2656=DIRECTION('center_axis',(-1.,0.,0.));
#2657=DIRECTION('ref_axis',(0.,0.,1.));
#2658=DIRECTION('',(1.,0.,0.));
#2659=DIRECTION('center_axis',(-1.,0.,0.));
#2660=DIRECTION('ref_axis',(0.,0.,1.));
#2661=DIRECTION('center_axis',(-1.,0.,0.));
#2662=DIRECTION('ref_axis',(0.,0.,1.));
#2663=DIRECTION('',(0.,-0.499999999999999,0.866025403784439));
#2664=DIRECTION('',(0.,1.,-1.10356116459635E-15));
#2665=DIRECTION('',(0.,-0.500000000000001,-0.866025403784438));
#2666=DIRECTION('',(0.,0.499999999999999,-0.866025403784439));
#2667=DIRECTION('',(0.,-1.,1.10356116459635E-15));
#2668=DIRECTION('',(0.,-0.500000000000001,-0.866025403784438));
#2669=DIRECTION('center_axis',(1.,0.,0.));
#2670=DIRECTION('ref_axis',(0.,0.,-1.));
#2671=DIRECTION('center_axis',(1.,0.,0.));
#2672=DIRECTION('ref_axis',(0.,0.,-1.));
#2673=DIRECTION('center_axis',(0.,-0.866025403784439,-0.499999999999999));
#2674=DIRECTION('ref_axis',(0.,0.499999999999999,-0.866025403784439));
#2675=DIRECTION('',(-1.,0.,0.));
#2676=DIRECTION('',(0.,-0.499999999999999,0.866025403784439));
#2677=DIRECTION('',(0.,-0.499999999999999,0.866025403784439));
#2678=DIRECTION('',(-1.,0.,0.));
#2679=DIRECTION('center_axis',(0.,1.10356116459635E-15,1.));
#2680=DIRECTION('ref_axis',(0.,-1.,1.10356116459635E-15));
#2681=DIRECTION('',(0.,1.,-1.10356116459635E-15));
#2682=DIRECTION('',(0.,1.,-1.10356116459635E-15));
#2683=DIRECTION('',(-1.,0.,0.));
#2684=DIRECTION('center_axis',(0.,0.866025403784438,-0.500000000000001));
#2685=DIRECTION('ref_axis',(0.,0.500000000000001,0.866025403784438));
#2686=DIRECTION('',(0.,-0.500000000000001,-0.866025403784438));
#2687=DIRECTION('',(0.,-0.500000000000001,-0.866025403784438));
#2688=DIRECTION('',(-1.,0.,0.));
#2689=DIRECTION('center_axis',(0.,0.866025403784439,0.499999999999999));
#2690=DIRECTION('ref_axis',(0.,-0.499999999999999,0.866025403784439));
#2691=DIRECTION('',(0.,0.499999999999999,-0.866025403784439));
#2692=DIRECTION('',(0.,0.499999999999999,-0.866025403784439));
#2693=DIRECTION('',(-1.,0.,0.));
#2694=DIRECTION('center_axis',(0.,-1.10356116459635E-15,-1.));
#2695=DIRECTION('ref_axis',(0.,1.,-1.10356116459635E-15));
#2696=DIRECTION('',(0.,-1.,1.10356116459635E-15));
#2697=DIRECTION('',(0.,-1.,1.10356116459635E-15));
#2698=DIRECTION('',(-1.,0.,0.));
#2699=DIRECTION('center_axis',(0.,0.866025403784438,-0.500000000000001));
#2700=DIRECTION('ref_axis',(0.,0.500000000000001,0.866025403784438));
#2701=DIRECTION('',(0.,-0.500000000000001,-0.866025403784438));
#2702=DIRECTION('',(0.,-0.500000000000001,-0.866025403784438));
#2703=DIRECTION('center_axis',(1.,0.,0.));
#2704=DIRECTION('ref_axis',(0.,0.,-1.));
#2705=DIRECTION('center_axis',(1.,0.,0.));
#2706=DIRECTION('ref_axis',(0.,0.,-1.));
#2707=DIRECTION('center_axis',(1.,0.,0.));
#2708=DIRECTION('ref_axis',(0.,0.,-1.));
#2709=DIRECTION('center_axis',(1.,0.,0.));
#2710=DIRECTION('ref_axis',(0.,0.,-1.));
#2711=DIRECTION('center_axis',(1.,0.,0.));
#2712=DIRECTION('ref_axis',(0.,0.,-1.));
#2713=DIRECTION('center_axis',(1.,0.,0.));
#2714=DIRECTION('ref_axis',(0.,0.,-1.));
#2715=DIRECTION('',(0.,0.,-1.));
#2716=DIRECTION('',(1.,-2.77555756156288E-16,0.));
#2717=DIRECTION('',(0.,0.,1.));
#2718=DIRECTION('',(0.,-1.,0.));
#2719=DIRECTION('',(0.,0.,1.));
#2720=DIRECTION('',(1.,0.,0.));
#2721=DIRECTION('',(0.,0.,1.));
#2722=DIRECTION('',(0.,-1.,0.));
#2723=DIRECTION('',(0.,0.,1.));
#2724=DIRECTION('',(0.,-1.,0.));
#2725=DIRECTION('',(0.,0.,1.));
#2726=DIRECTION('',(0.,-1.,0.));
#2727=CARTESIAN_POINT('',(0.,0.,0.));
#2728=CARTESIAN_POINT('',(0.,0.,0.));
#2729=CARTESIAN_POINT('Origin',(-28.,0.999999999999998,0.));
#2730=CARTESIAN_POINT('',(-28.,1.425,2.1));
#2731=CARTESIAN_POINT('Origin',(-28.,1.425,0.));
#2732=CARTESIAN_POINT('',(-28.,0.999999999999998,2.525));
#2733=CARTESIAN_POINT('',(-28.,0.999999999999998,2.525));
#2734=CARTESIAN_POINT('Origin',(-28.,0.999999999999998,0.));
#2735=CARTESIAN_POINT('Origin',(-28.,1.,0.));
#2736=CARTESIAN_POINT('',(-28.,8.575,-2.1));
#2737=CARTESIAN_POINT('',(-28.,8.575,2.1));
#2738=CARTESIAN_POINT('Origin',(-28.,8.575,0.));
#2739=CARTESIAN_POINT('Origin',(-28.,8.575,0.));
#2740=CARTESIAN_POINT('',(-28.,1.,2.1));
#2741=CARTESIAN_POINT('Origin',(-28.,8.575,0.));
#2742=CARTESIAN_POINT('',(-28.,9.,-2.525));
#2743=CARTESIAN_POINT('',(-28.,8.575,-2.1));
#2744=CARTESIAN_POINT('Origin',(-28.,9.,0.));
#2745=CARTESIAN_POINT('Origin',(28.,0.999999999999998,-1.73472347597681E-15));
#2746=CARTESIAN_POINT('',(28.,1.425,2.1));
#2747=CARTESIAN_POINT('Origin',(28.,1.425,-1.73472347597681E-15));
#2748=CARTESIAN_POINT('',(28.,0.999999999999998,2.525));
#2749=CARTESIAN_POINT('',(28.,0.999999999999998,2.525));
#2750=CARTESIAN_POINT('Origin',(28.,0.999999999999998,-1.73472347597681E-15));
#2751=CARTESIAN_POINT('Origin',(28.,1.,-1.73472347597681E-15));
#2752=CARTESIAN_POINT('',(28.,8.575,-2.1));
#2753=CARTESIAN_POINT('',(28.,8.575,2.1));
#2754=CARTESIAN_POINT('Origin',(28.,8.575,-1.73472347597681E-15));
#2755=CARTESIAN_POINT('Origin',(28.,8.575,-1.73472347597681E-15));
#2756=CARTESIAN_POINT('',(28.,1.,2.1));
#2757=CARTESIAN_POINT('Origin',(28.,8.575,-1.73472347597681E-15));
#2758=CARTESIAN_POINT('',(28.,9.,-2.525));
#2759=CARTESIAN_POINT('',(28.,8.575,-2.1));
#2760=CARTESIAN_POINT('Origin',(28.,9.,-1.73472347597681E-15));
#2761=CARTESIAN_POINT('Origin',(28.,9.,6.85802207522518E-15));
#2762=CARTESIAN_POINT('',(32.803614288197,9.,3.16034646363806));
#2763=CARTESIAN_POINT('',(32.803614288197,9.,-3.16034646363804));
#2764=CARTESIAN_POINT('Origin',(28.,9.,6.85802207522518E-15));
#2765=CARTESIAN_POINT('',(31.8575342285787,10.1970232103607,-4.29216129646416));
#2766=CARTESIAN_POINT('Ctrl Pts',(32.803614288197,9.,-3.16034646363805));
#2767=CARTESIAN_POINT('Ctrl Pts',(32.6186523878095,9.35794806704638,-3.45284973089971));
#2768=CARTESIAN_POINT('Ctrl Pts',(32.3793979008291,9.68545236076297,-3.76513063261257));
#2769=CARTESIAN_POINT('Ctrl Pts',(32.0286738574516,10.0432056497217,-4.12971863364269));
#2770=CARTESIAN_POINT('Ctrl Pts',(31.9456847387711,10.1212452566968,-4.21115855670399));
#2771=CARTESIAN_POINT('Ctrl Pts',(31.8575342285787,10.1970232103607,-4.29216129646416));
#2772=CARTESIAN_POINT('',(31.8575342285787,10.1970232103607,4.29216129646417));
#2773=CARTESIAN_POINT('Origin',(27.9125187988524,13.58832742159,6.66133814775094E-15));
#2774=CARTESIAN_POINT('Ctrl Pts',(31.8575342285787,10.1970232103607,4.29216129646418));
#2775=CARTESIAN_POINT('Ctrl Pts',(31.9456847387711,10.1212452566968,4.21115855670401));
#2776=CARTESIAN_POINT('Ctrl Pts',(32.0286738574516,10.0432056497217,4.12971863364271));
#2777=CARTESIAN_POINT('Ctrl Pts',(32.3793979008291,9.68545236076297,3.76513063261258));
#2778=CARTESIAN_POINT('Ctrl Pts',(32.6186523878095,9.35794806704638,3.45284973089972));
#2779=CARTESIAN_POINT('Ctrl Pts',(32.803614288197,9.,3.16034646363806));
#2780=CARTESIAN_POINT('Origin',(-28.,9.,0.));
#2781=CARTESIAN_POINT('',(-32.803614288197,9.,-3.16034646363804));
#2782=CARTESIAN_POINT('',(-32.803614288197,9.,3.16034646363804));
#2783=CARTESIAN_POINT('Origin',(-28.,9.,0.));
#2784=CARTESIAN_POINT('',(-31.8575342285787,10.1970232103607,4.29216129646416));
#2785=CARTESIAN_POINT('Ctrl Pts',(-32.803614288197,9.,3.16034646363805));
#2786=CARTESIAN_POINT('Ctrl Pts',(-32.6186523878095,9.35794806704638,3.45284973089971));
#2787=CARTESIAN_POINT('Ctrl Pts',(-32.3793979008291,9.68545236076297,3.76513063261257));
#2788=CARTESIAN_POINT('Ctrl Pts',(-32.0286738574516,10.0432056497217,4.1297186336427));
#2789=CARTESIAN_POINT('Ctrl Pts',(-31.9456847387711,10.1212452566968,4.211158556704));
#2790=CARTESIAN_POINT('Ctrl Pts',(-31.8575342285787,10.1970232103607,4.29216129646417));
#2791=CARTESIAN_POINT('',(-31.8575342285787,10.1970232103607,-4.29216129646417));
#2792=CARTESIAN_POINT('Origin',(-27.9125187988524,13.58832742159,0.));
#2793=CARTESIAN_POINT('Ctrl Pts',(-31.8575342285787,10.1970232103607,-4.29216129646417));
#2794=CARTESIAN_POINT('Ctrl Pts',(-31.9456847387711,10.1212452566968,-4.211158556704));
#2795=CARTESIAN_POINT('Ctrl Pts',(-32.0286738574516,10.0432056497217,-4.1297186336427));
#2796=CARTESIAN_POINT('Ctrl Pts',(-32.3793979008291,9.68545236076297,-3.76513063261257));
#2797=CARTESIAN_POINT('Ctrl Pts',(-32.6186523878095,9.35794806704637,-3.45284973089971));
#2798=CARTESIAN_POINT('Ctrl Pts',(-32.803614288197,9.,-3.16034646363805));
#2799=CARTESIAN_POINT('Origin',(33.25,1.,9.));
#2800=CARTESIAN_POINT('',(-31.25,1.,9.));
#2801=CARTESIAN_POINT('',(-15.9687194226713,1.,9.));
#2802=CARTESIAN_POINT('',(33.25,1.,9.));
#2803=CARTESIAN_POINT('',(-33.25,1.,7.));
#2804=CARTESIAN_POINT('Origin',(-31.25,1.,7.));
#2805=CARTESIAN_POINT('',(-33.25,1.,-7.));
#2806=CARTESIAN_POINT('',(-33.25,1.,9.));
#2807=CARTESIAN_POINT('',(-31.25,1.,-9.));
#2808=CARTESIAN_POINT('Origin',(-31.25,1.,-7.));
#2809=CARTESIAN_POINT('',(-15.9687194226713,1.,-9.));
#2810=CARTESIAN_POINT('',(33.25,1.,-9.));
#2811=CARTESIAN_POINT('',(-15.9687194226713,1.,-5.99166975080225));
#2812=CARTESIAN_POINT('',(-15.9687194226713,1.,11.5138767261022));
#2813=CARTESIAN_POINT('',(-21.7358277099704,1.,-4.44859883831011));
#2814=CARTESIAN_POINT('Ctrl Pts',(-21.7358277099704,1.,-4.44859883831012));
#2815=CARTESIAN_POINT('Ctrl Pts',(-21.3776421724143,1.,-4.5444729518335));
#2816=CARTESIAN_POINT('Ctrl Pts',(-18.1545956808953,1.,-5.40711104467703));
#2817=CARTESIAN_POINT('Ctrl Pts',(-15.9687194227993,1.,-5.99166975076803));
#2818=CARTESIAN_POINT('',(-22.477766792989,1.,-3.48267301202104));
#2819=CARTESIAN_POINT('Origin',(-21.476670540428,1.00000000000001,-3.48259879610352));
#2820=CARTESIAN_POINT('',(-22.477766792989,1.,3.48267301202103));
#2821=CARTESIAN_POINT('',(-22.477766792989,1.,11.5138767261022));
#2822=CARTESIAN_POINT('',(-21.7358277099674,1.,4.4485988383109));
#2823=CARTESIAN_POINT('Origin',(-21.4766784111101,1.00000000000002,3.4826068929755));
#2824=CARTESIAN_POINT('',(-15.9687194226713,1.,5.99166975080225));
#2825=CARTESIAN_POINT('Ctrl Pts',(-15.9687194226713,1.,5.99166975080225));
#2826=CARTESIAN_POINT('Ctrl Pts',(-18.4124858044144,1.,5.3381446901729));
#2827=CARTESIAN_POINT('Ctrl Pts',(-21.7358277099675,1.,4.44859883831088));
#2828=CARTESIAN_POINT('',(-15.9687194226713,1.,11.5138767261022));
#2829=CARTESIAN_POINT('Origin',(33.25,1.,9.));
#2830=CARTESIAN_POINT('',(33.25,1.,7.));
#2831=CARTESIAN_POINT('',(33.25,1.,-7.));
#2832=CARTESIAN_POINT('',(33.25,1.,9.));
#2833=CARTESIAN_POINT('',(31.25,1.,9.));
#2834=CARTESIAN_POINT('Origin',(31.25,1.,7.));
#2835=CARTESIAN_POINT('',(15.9687194226713,1.,9.));
#2836=CARTESIAN_POINT('',(33.25,1.,9.));
#2837=CARTESIAN_POINT('',(15.9687194226713,1.,5.99166975080225));
#2838=CARTESIAN_POINT('',(15.9687194226713,1.,11.5138767261022));
#2839=CARTESIAN_POINT('',(21.7358277099704,1.,4.4485988383101));
#2840=CARTESIAN_POINT('Ctrl Pts',(21.7358277099704,1.,4.44859883831009));
#2841=CARTESIAN_POINT('Ctrl Pts',(21.3776421724162,1.,4.54447295183295));
#2842=CARTESIAN_POINT('Ctrl Pts',(18.1545956808967,1.,5.40711104467664));
#2843=CARTESIAN_POINT('Ctrl Pts',(15.9687194227993,1.,5.99166975076801));
#2844=CARTESIAN_POINT('',(22.477766792989,1.,3.48267301202103));
#2845=CARTESIAN_POINT('Origin',(21.4766705404279,1.,3.48259879610349));
#2846=CARTESIAN_POINT('',(22.477766792989,1.,-3.48267301202104));
#2847=CARTESIAN_POINT('',(22.477766792989,1.,11.5138767261022));
#2848=CARTESIAN_POINT('',(21.7358277099674,1.,-4.4485988383109));
#2849=CARTESIAN_POINT('Origin',(21.4766784111098,1.,-3.48260689297528));
#2850=CARTESIAN_POINT('',(15.9687194226713,1.,-5.99166975080225));
#2851=CARTESIAN_POINT('Ctrl Pts',(15.9687194226713,1.,-5.99166975080227));
#2852=CARTESIAN_POINT('Ctrl Pts',(18.4124858044145,1.,-5.3381446901729));
#2853=CARTESIAN_POINT('Ctrl Pts',(21.7358277099675,1.,-4.4485988383109));
#2854=CARTESIAN_POINT('',(15.9687194226713,1.,-9.));
#2855=CARTESIAN_POINT('',(15.9687194226713,1.,11.5138767261022));
#2856=CARTESIAN_POINT('',(31.25,1.,-9.));
#2857=CARTESIAN_POINT('',(33.25,1.,-9.));
#2858=CARTESIAN_POINT('Origin',(31.25,1.,-7.));
#2859=CARTESIAN_POINT('Origin',(-29.25,7.16374688816545,9.));
#2860=CARTESIAN_POINT('',(31.25,7.16374688816545,9.));
#2861=CARTESIAN_POINT('',(31.25,7.16374688816545,9.));
#2862=CARTESIAN_POINT('',(30.5537671142894,8.68038504926309,9.));
#2863=CARTESIAN_POINT('Origin',(29.25,7.16374688816545,9.));
#2864=CARTESIAN_POINT('',(17.2749142643341,20.0954556345435,9.));
#2865=CARTESIAN_POINT('',(17.2749142643341,20.0954556345435,9.));
#2866=CARTESIAN_POINT('',(-17.2749142643341,20.0954556345435,9.));
#2867=CARTESIAN_POINT('Origin',(0.,0.,9.));
#2868=CARTESIAN_POINT('',(-30.5537671142894,8.68038504926308,9.));
#2869=CARTESIAN_POINT('',(-30.5537671142894,8.68038504926308,9.));
#2870=CARTESIAN_POINT('',(-31.25,7.16374688816545,9.));
#2871=CARTESIAN_POINT('Origin',(-29.25,7.16374688816545,9.));
#2872=CARTESIAN_POINT('',(-31.25,1.,9.));
#2873=CARTESIAN_POINT('Origin',(0.,0.,9.));
#2874=CARTESIAN_POINT('Origin',(-29.25,7.16374688816545,-9.));
#2875=CARTESIAN_POINT('',(30.5537671142894,8.68038504926308,-9.));
#2876=CARTESIAN_POINT('',(31.25,7.16374688816545,-9.));
#2877=CARTESIAN_POINT('Origin',(29.25,7.16374688816545,-9.));
#2878=CARTESIAN_POINT('',(31.25,7.16374688816545,-9.));
#2879=CARTESIAN_POINT('Origin',(0.,0.,-9.));
#2880=CARTESIAN_POINT('',(-31.25,7.16374688816545,-9.));
#2881=CARTESIAN_POINT('',(-31.25,7.16374688816545,-9.));
#2882=CARTESIAN_POINT('',(-30.5537671142894,8.68038504926307,-9.));
#2883=CARTESIAN_POINT('Origin',(-29.25,7.16374688816545,-9.));
#2884=CARTESIAN_POINT('',(-17.2749142643341,20.0954556345435,-9.));
#2885=CARTESIAN_POINT('',(-30.5537671142894,8.68038504926308,-9.));
#2886=CARTESIAN_POINT('',(17.2749142643341,20.0954556345435,-9.));
#2887=CARTESIAN_POINT('Origin',(0.,0.,-9.));
#2888=CARTESIAN_POINT('',(-3.08653081928778,37.5990258204755,-9.));
#2889=CARTESIAN_POINT('Origin',(-29.25,7.16374688816545,9.));
#2890=CARTESIAN_POINT('',(-32.803614288197,9.,9.));
#2891=CARTESIAN_POINT('',(-31.8575342285787,10.1970232103607,-7.));
#2892=CARTESIAN_POINT('',(-31.8575342285787,10.1970232103607,9.));
#2893=CARTESIAN_POINT('',(-33.25,7.16374688816545,-7.));
#2894=CARTESIAN_POINT('Origin',(-29.25,7.16374688816545,-7.));
#2895=CARTESIAN_POINT('',(-33.25,7.16374688816545,7.));
#2896=CARTESIAN_POINT('',(-33.25,7.16374688816545,9.));
#2897=CARTESIAN_POINT('',(-31.8575342285787,10.1970232103607,7.));
#2898=CARTESIAN_POINT('Origin',(-29.25,7.16374688816545,7.));
#2899=CARTESIAN_POINT('',(-31.8575342285787,10.1970232103607,9.));
#2900=CARTESIAN_POINT('Origin',(-33.25,1.,9.));
#2901=CARTESIAN_POINT('',(-33.25,7.16374688816545,7.));
#2902=CARTESIAN_POINT('',(-33.25,1.,-7.));
#2903=CARTESIAN_POINT('Origin',(33.25,1.,9.));
#2904=CARTESIAN_POINT('',(33.25,7.16374688816545,7.));
#2905=CARTESIAN_POINT('',(33.25,7.16374688816545,-7.));
#2906=CARTESIAN_POINT('',(33.25,7.16374688816545,9.));
#2907=CARTESIAN_POINT('',(33.25,1.,7.));
#2908=CARTESIAN_POINT('',(33.25,1.,-7.));
#2909=CARTESIAN_POINT('Origin',(29.25,7.16374688816545,9.));
#2910=CARTESIAN_POINT('',(32.803614288197,9.,9.));
#2911=CARTESIAN_POINT('',(31.8575342285787,10.1970232103607,7.));
#2912=CARTESIAN_POINT('',(31.8575342285787,10.1970232103607,9.));
#2913=CARTESIAN_POINT('Origin',(29.25,7.16374688816545,7.));
#2914=CARTESIAN_POINT('',(31.8575342285787,10.1970232103607,-7.));
#2915=CARTESIAN_POINT('Origin',(29.25,7.16374688816545,-7.));
#2916=CARTESIAN_POINT('',(31.8575342285787,10.1970232103607,9.));
#2917=CARTESIAN_POINT('Origin',(31.8575342285787,10.1970232103607,9.));
#2918=CARTESIAN_POINT('',(18.5786813786235,21.6120937956411,-7.));
#2919=CARTESIAN_POINT('',(31.8575342285787,10.1970232103607,-7.));
#2920=CARTESIAN_POINT('',(18.5786813786235,21.6120937956411,7.));
#2921=CARTESIAN_POINT('',(18.5786813786235,21.6120937956411,9.));
#2922=CARTESIAN_POINT('',(31.8575342285787,10.1970232103607,7.));
#2923=CARTESIAN_POINT('Origin',(0.,0.,9.));
#2924=CARTESIAN_POINT('',(-18.5786813786235,21.6120937956411,7.));
#2925=CARTESIAN_POINT('',(-18.5786813786235,21.6120937956411,-7.));
#2926=CARTESIAN_POINT('',(-18.5786813786235,21.6120937956411,9.));
#2927=CARTESIAN_POINT('Origin',(0.,0.,7.));
#2928=CARTESIAN_POINT('Origin',(0.,0.,-7.));
#2929=CARTESIAN_POINT('Origin',(-31.8575342285787,10.1970232103607,9.));
#2930=CARTESIAN_POINT('',(-18.5786813786234,21.6120937956411,7.));
#2931=CARTESIAN_POINT('',(-31.8575342285787,10.1970232103607,-7.));
#2932=CARTESIAN_POINT('Origin',(0.,0.,4.25));
#2933=CARTESIAN_POINT('Origin',(0.,0.,4.44859883831011));
#2934=CARTESIAN_POINT('Origin',(0.,0.,5.99166975080225));
#2935=CARTESIAN_POINT('Origin',(0.,0.,11.5138767261022));
#2936=CARTESIAN_POINT('Origin',(0.,0.,-3.48267301202104));
#2937=CARTESIAN_POINT('Origin',(0.,0.,3.48267301202103));
#2938=CARTESIAN_POINT('Origin',(0.,0.,-5.99166975080225));
#2939=CARTESIAN_POINT('Origin',(0.,0.,-4.44859883831009));
#2940=CARTESIAN_POINT('Origin',(0.,0.,-5.99166975080225));
#2941=CARTESIAN_POINT('Origin',(0.,0.,11.5138767261022));
#2942=CARTESIAN_POINT('Origin',(0.,0.,11.5138767261022));
#2943=CARTESIAN_POINT('Origin',(-31.25,7.16374688816545,7.));
#2944=CARTESIAN_POINT('Origin',(-31.25,7.16374688816545,7.));
#2945=CARTESIAN_POINT('Ctrl Pts',(-31.8575342285787,10.1970232103607,7.));
#2946=CARTESIAN_POINT('Ctrl Pts',(-33.25,9.00000000000001,7.));
#2947=CARTESIAN_POINT('Ctrl Pts',(-33.25,7.16374688816545,7.));
#2948=CARTESIAN_POINT('Ctrl Pts',(-31.8575342285787,10.1970232103607,9.));
#2949=CARTESIAN_POINT('Ctrl Pts',(-33.25,9.00000000000001,9.));
#2950=CARTESIAN_POINT('Ctrl Pts',(-33.25,7.16374688816545,9.));
#2951=CARTESIAN_POINT('Ctrl Pts',(-30.5537671142894,8.68038504926307,9.));
#2952=CARTESIAN_POINT('Ctrl Pts',(-31.25,8.08187344408273,9.));
#2953=CARTESIAN_POINT('Ctrl Pts',(-31.25,7.16374688816545,9.));
#2954=CARTESIAN_POINT('Origin',(-30.5537671142894,8.68038504926308,7.));
#2955=CARTESIAN_POINT('Origin',(-30.5537671142894,8.68038504926308,7.));
#2956=CARTESIAN_POINT('Origin',(-17.2749142643341,20.0954556345435,7.));
#2957=CARTESIAN_POINT('Origin',(0.,0.,7.));
#2958=CARTESIAN_POINT('Origin',(17.2749142643341,20.0954556345435,7.));
#2959=CARTESIAN_POINT('Origin',(-3.08653081928778,37.5990258204755,7.));
#2960=CARTESIAN_POINT('Origin',(30.5537671142894,8.68038504926308,7.));
#2961=CARTESIAN_POINT('Ctrl Pts',(33.25,7.16374688816545,7.));
#2962=CARTESIAN_POINT('Ctrl Pts',(33.25,9.00000000000001,7.));
#2963=CARTESIAN_POINT('Ctrl Pts',(31.8575342285787,10.1970232103607,7.));
#2964=CARTESIAN_POINT('Ctrl Pts',(33.25,7.16374688816545,9.));
#2965=CARTESIAN_POINT('Ctrl Pts',(33.25,9.00000000000001,9.));
#2966=CARTESIAN_POINT('Ctrl Pts',(31.8575342285787,10.1970232103607,9.));
#2967=CARTESIAN_POINT('Ctrl Pts',(31.25,7.16374688816545,9.));
#2968=CARTESIAN_POINT('Ctrl Pts',(31.25,8.08187344408273,9.));
#2969=CARTESIAN_POINT('Ctrl Pts',(30.5537671142894,8.68038504926307,9.));
#2970=CARTESIAN_POINT('Origin',(31.25,7.16374688816545,7.));
#2971=CARTESIAN_POINT('Origin',(31.25,7.16374688816545,7.));
#2972=CARTESIAN_POINT('Origin',(-31.25,1.,-7.));
#2973=CARTESIAN_POINT('Origin',(-31.25,7.16374688816545,-7.));
#2974=CARTESIAN_POINT('Ctrl Pts',(-30.5537671142894,8.68038504926307,-9.));
#2975=CARTESIAN_POINT('Ctrl Pts',(-31.25,8.08187344408273,-9.));
#2976=CARTESIAN_POINT('Ctrl Pts',(-31.25,7.16374688816545,-9.));
#2977=CARTESIAN_POINT('Ctrl Pts',(-31.8575342285787,10.1970232103607,-9.00000000000001));
#2978=CARTESIAN_POINT('Ctrl Pts',(-33.25,9.00000000000001,-9.00000000000001));
#2979=CARTESIAN_POINT('Ctrl Pts',(-33.25,7.16374688816545,-9.00000000000001));
#2980=CARTESIAN_POINT('Ctrl Pts',(-31.8575342285787,10.1970232103607,-7.));
#2981=CARTESIAN_POINT('Ctrl Pts',(-33.25,9.00000000000001,-7.));
#2982=CARTESIAN_POINT('Ctrl Pts',(-33.25,7.16374688816545,-7.));
#2983=CARTESIAN_POINT('Origin',(-30.5537671142894,8.68038504926308,-7.));
#2984=CARTESIAN_POINT('Origin',(-30.5537671142894,8.68038504926308,-7.));
#2985=CARTESIAN_POINT('Origin',(-17.2749142643341,20.0954556345435,-7.));
#2986=CARTESIAN_POINT('Origin',(0.,0.,-7.));
#2987=CARTESIAN_POINT('Origin',(17.2749142643341,20.0954556345435,-7.));
#2988=CARTESIAN_POINT('Origin',(30.5537671142894,8.68038504926308,-7.));
#2989=CARTESIAN_POINT('Origin',(30.5537671142894,8.68038504926308,-7.));
#2990=CARTESIAN_POINT('Ctrl Pts',(31.25,7.16374688816545,-9.));
#2991=CARTESIAN_POINT('Ctrl Pts',(31.25,8.08187344408273,-9.));
#2992=CARTESIAN_POINT('Ctrl Pts',(30.5537671142894,8.68038504926307,-9.));
#2993=CARTESIAN_POINT('Ctrl Pts',(33.25,7.16374688816545,-9.00000000000001));
#2994=CARTESIAN_POINT('Ctrl Pts',(33.25,9.00000000000001,-9.00000000000001));
#2995=CARTESIAN_POINT('Ctrl Pts',(31.8575342285787,10.1970232103607,-9.00000000000001));
#2996=CARTESIAN_POINT('Ctrl Pts',(33.25,7.16374688816545,-7.));
#2997=CARTESIAN_POINT('Ctrl Pts',(33.25,9.00000000000001,-7.));
#2998=CARTESIAN_POINT('Ctrl Pts',(31.8575342285787,10.1970232103607,-7.));
#2999=CARTESIAN_POINT('Origin',(31.25,7.16374688816545,-7.));
#3000=CARTESIAN_POINT('Origin',(31.25,1.,-7.));
#3001=CARTESIAN_POINT('Origin',(0.,0.,-3.48267301202104));
#3002=CARTESIAN_POINT('Origin',(0.,0.,3.48267301202103));
#3003=CARTESIAN_POINT('Origin',(-28.,9.,0.));
#3004=CARTESIAN_POINT('Origin',(28.,9.,6.85802207522518E-15));
#3005=CARTESIAN_POINT('',(0.,0.,0.));
#3006=CARTESIAN_POINT('Origin',(-28.,9.,0.));
#3007=CARTESIAN_POINT('',(-28.,8.70000000000004,2.8));
#3008=CARTESIAN_POINT('',(-28.,8.70000000000004,-2.8));
#3009=CARTESIAN_POINT('Origin',(-28.,8.70000000000004,0.));
#3010=CARTESIAN_POINT('Origin',(-28.,8.70000000000004,0.));
#3011=CARTESIAN_POINT('',(-28.,9.,-3.09999999999997));
#3012=CARTESIAN_POINT('',(-28.,9.,-3.09999999999996));
#3013=CARTESIAN_POINT('Origin',(-28.,9.,0.));
#3014=CARTESIAN_POINT('Origin',(-28.,1.,0.));
#3015=CARTESIAN_POINT('',(-28.,1.29999999999999,2.8));
#3016=CARTESIAN_POINT('Origin',(-28.,1.29999999999999,0.));
#3017=CARTESIAN_POINT('',(-28.,1.,3.09999999999998));
#3018=CARTESIAN_POINT('',(-28.,1.,3.09999999999998));
#3019=CARTESIAN_POINT('Origin',(-28.,1.,0.));
#3020=CARTESIAN_POINT('Origin',(28.,8.69999999999995,0.));
#3021=CARTESIAN_POINT('',(28.,8.69999999999995,2.8));
#3022=CARTESIAN_POINT('',(28.,8.69999999999995,-2.8));
#3023=CARTESIAN_POINT('Origin',(28.,8.69999999999995,0.));
#3024=CARTESIAN_POINT('Origin',(28.,8.69999999999995,0.));
#3025=CARTESIAN_POINT('',(28.,9.,-3.10000000000005));
#3026=CARTESIAN_POINT('',(28.,8.69999999999995,-2.8));
#3027=CARTESIAN_POINT('Origin',(28.,9.,0.));
#3028=CARTESIAN_POINT('Origin',(28.,1.,0.));
#3029=CARTESIAN_POINT('',(28.,1.29999999999999,2.8));
#3030=CARTESIAN_POINT('Origin',(28.,1.29999999999999,0.));
#3031=CARTESIAN_POINT('',(28.,1.,3.09999999999998));
#3032=CARTESIAN_POINT('',(28.,1.,3.09999999999998));
#3033=CARTESIAN_POINT('Origin',(28.,1.,0.));
#3034=CARTESIAN_POINT('Origin',(28.,28.501,0.));
#3035=CARTESIAN_POINT('',(28.,28.501,2.8));
#3036=CARTESIAN_POINT('Origin',(-28.,28.501,0.));
#3037=CARTESIAN_POINT('',(-28.,28.501,2.8));
#3038=CARTESIAN_POINT('Origin',(28.,9.,6.85802207522518E-15));
#3039=CARTESIAN_POINT('',(32.803614288197,9.,3.16034646363806));
#3040=CARTESIAN_POINT('',(32.803614288197,9.,-3.16034646363804));
#3041=CARTESIAN_POINT('Origin',(28.,9.,6.85802207522518E-15));
#3042=CARTESIAN_POINT('',(31.8575342285787,10.1970232103607,-4.29216129646416));
#3043=CARTESIAN_POINT('Ctrl Pts',(32.803614288197,9.,-3.16034646363805));
#3044=CARTESIAN_POINT('Ctrl Pts',(32.6186523878095,9.35794806704638,-3.45284973089971));
#3045=CARTESIAN_POINT('Ctrl Pts',(32.3793979008291,9.68545236076297,-3.76513063261257));
#3046=CARTESIAN_POINT('Ctrl Pts',(32.0286738574516,10.0432056497217,-4.12971863364269));
#3047=CARTESIAN_POINT('Ctrl Pts',(31.9456847387711,10.1212452566968,-4.21115855670399));
#3048=CARTESIAN_POINT('Ctrl Pts',(31.8575342285787,10.1970232103607,-4.29216129646416));
#3049=CARTESIAN_POINT('',(31.8575342285787,10.1970232103607,4.29216129646417));
#3050=CARTESIAN_POINT('Origin',(27.9125187988524,13.58832742159,6.66133814775094E-15));
#3051=CARTESIAN_POINT('Ctrl Pts',(31.8575342285787,10.1970232103607,4.29216129646418));
#3052=CARTESIAN_POINT('Ctrl Pts',(31.9456847387711,10.1212452566968,4.21115855670401));
#3053=CARTESIAN_POINT('Ctrl Pts',(32.0286738574516,10.0432056497217,4.12971863364271));
#3054=CARTESIAN_POINT('Ctrl Pts',(32.3793979008291,9.68545236076297,3.76513063261258));
#3055=CARTESIAN_POINT('Ctrl Pts',(32.6186523878095,9.35794806704638,3.45284973089972));
#3056=CARTESIAN_POINT('Ctrl Pts',(32.803614288197,9.,3.16034646363806));
#3057=CARTESIAN_POINT('Origin',(-28.,9.,0.));
#3058=CARTESIAN_POINT('',(-32.803614288197,9.,-3.16034646363804));
#3059=CARTESIAN_POINT('',(-32.803614288197,9.,3.16034646363804));
#3060=CARTESIAN_POINT('Origin',(-28.,9.,0.));
#3061=CARTESIAN_POINT('',(-31.8575342285787,10.1970232103607,4.29216129646416));
#3062=CARTESIAN_POINT('Ctrl Pts',(-32.803614288197,9.,3.16034646363805));
#3063=CARTESIAN_POINT('Ctrl Pts',(-32.6186523878095,9.35794806704638,3.45284973089971));
#3064=CARTESIAN_POINT('Ctrl Pts',(-32.3793979008291,9.68545236076297,3.76513063261257));
#3065=CARTESIAN_POINT('Ctrl Pts',(-32.0286738574516,10.0432056497217,4.1297186336427));
#3066=CARTESIAN_POINT('Ctrl Pts',(-31.9456847387711,10.1212452566968,4.211158556704));
#3067=CARTESIAN_POINT('Ctrl Pts',(-31.8575342285787,10.1970232103607,4.29216129646417));
#3068=CARTESIAN_POINT('',(-31.8575342285787,10.1970232103607,-4.29216129646417));
#3069=CARTESIAN_POINT('Origin',(-27.9125187988524,13.58832742159,0.));
#3070=CARTESIAN_POINT('Ctrl Pts',(-31.8575342285787,10.1970232103607,-4.29216129646417));
#3071=CARTESIAN_POINT('Ctrl Pts',(-31.9456847387711,10.1212452566968,-4.211158556704));
#3072=CARTESIAN_POINT('Ctrl Pts',(-32.0286738574516,10.0432056497217,-4.1297186336427));
#3073=CARTESIAN_POINT('Ctrl Pts',(-32.3793979008291,9.68545236076297,-3.76513063261257));
#3074=CARTESIAN_POINT('Ctrl Pts',(-32.6186523878095,9.35794806704637,-3.45284973089971));
#3075=CARTESIAN_POINT('Ctrl Pts',(-32.803614288197,9.,-3.16034646363805));
#3076=CARTESIAN_POINT('Origin',(33.25,1.,9.));
#3077=CARTESIAN_POINT('',(33.25,1.,7.));
#3078=CARTESIAN_POINT('',(33.25,1.,-7.));
#3079=CARTESIAN_POINT('',(33.25,1.,9.));
#3080=CARTESIAN_POINT('',(31.25,1.,9.));
#3081=CARTESIAN_POINT('Origin',(31.25,1.,7.));
#3082=CARTESIAN_POINT('',(15.9687194226713,1.,9.));
#3083=CARTESIAN_POINT('',(33.25,1.,9.));
#3084=CARTESIAN_POINT('',(15.9687194226713,1.,5.99166975080225));
#3085=CARTESIAN_POINT('',(15.9687194226713,1.,11.5138767261022));
#3086=CARTESIAN_POINT('',(21.7358277099704,1.,4.4485988383101));
#3087=CARTESIAN_POINT('Ctrl Pts',(21.7358277099704,1.,4.44859883831009));
#3088=CARTESIAN_POINT('Ctrl Pts',(21.3776421724162,1.,4.54447295183295));
#3089=CARTESIAN_POINT('Ctrl Pts',(18.1545956808967,1.,5.40711104467664));
#3090=CARTESIAN_POINT('Ctrl Pts',(15.9687194227993,1.,5.99166975076801));
#3091=CARTESIAN_POINT('',(22.477766792989,1.,3.48267301202103));
#3092=CARTESIAN_POINT('Origin',(21.4766705404279,1.,3.48259879610349));
#3093=CARTESIAN_POINT('',(22.477766792989,1.,-3.48267301202104));
#3094=CARTESIAN_POINT('',(22.477766792989,1.,11.5138767261022));
#3095=CARTESIAN_POINT('',(21.7358277099674,1.,-4.4485988383109));
#3096=CARTESIAN_POINT('Origin',(21.4766784111098,1.,-3.48260689297528));
#3097=CARTESIAN_POINT('',(15.9687194226713,1.,-5.99166975080225));
#3098=CARTESIAN_POINT('Ctrl Pts',(15.9687194226713,1.,-5.99166975080227));
#3099=CARTESIAN_POINT('Ctrl Pts',(18.4124858044145,1.,-5.3381446901729));
#3100=CARTESIAN_POINT('Ctrl Pts',(21.7358277099675,1.,-4.4485988383109));
#3101=CARTESIAN_POINT('',(15.9687194226713,1.,-9.));
#3102=CARTESIAN_POINT('',(15.9687194226713,1.,11.5138767261022));
#3103=CARTESIAN_POINT('',(31.25,1.,-9.));
#3104=CARTESIAN_POINT('',(33.25,1.,-9.));
#3105=CARTESIAN_POINT('Origin',(31.25,1.,-7.));
#3106=CARTESIAN_POINT('Origin',(28.,9.,6.85802207522518E-15));
#3107=CARTESIAN_POINT('',(32.803614288197,9.,9.));
#3108=CARTESIAN_POINT('Origin',(33.25,1.,9.));
#3109=CARTESIAN_POINT('',(-31.25,1.,9.));
#3110=CARTESIAN_POINT('',(-15.9687194226713,1.,9.));
#3111=CARTESIAN_POINT('',(33.25,1.,9.));
#3112=CARTESIAN_POINT('',(-33.25,1.,7.));
#3113=CARTESIAN_POINT('Origin',(-31.25,1.,7.));
#3114=CARTESIAN_POINT('',(-33.25,1.,-7.));
#3115=CARTESIAN_POINT('',(-33.25,1.,9.));
#3116=CARTESIAN_POINT('',(-31.25,1.,-9.));
#3117=CARTESIAN_POINT('Origin',(-31.25,1.,-7.));
#3118=CARTESIAN_POINT('',(-15.9687194226713,1.,-9.));
#3119=CARTESIAN_POINT('',(33.25,1.,-9.));
#3120=CARTESIAN_POINT('',(-15.9687194226713,1.,-5.99166975080225));
#3121=CARTESIAN_POINT('',(-15.9687194226713,1.,11.5138767261022));
#3122=CARTESIAN_POINT('',(-21.7358277099704,1.,-4.44859883831011));
#3123=CARTESIAN_POINT('Ctrl Pts',(-21.7358277099704,1.,-4.44859883831012));
#3124=CARTESIAN_POINT('Ctrl Pts',(-21.3776421724143,1.,-4.5444729518335));
#3125=CARTESIAN_POINT('Ctrl Pts',(-18.1545956808953,1.,-5.40711104467703));
#3126=CARTESIAN_POINT('Ctrl Pts',(-15.9687194227993,1.,-5.99166975076803));
#3127=CARTESIAN_POINT('',(-22.477766792989,1.,-3.48267301202104));
#3128=CARTESIAN_POINT('Origin',(-21.476670540428,1.00000000000001,-3.48259879610352));
#3129=CARTESIAN_POINT('',(-22.477766792989,1.,3.48267301202103));
#3130=CARTESIAN_POINT('',(-22.477766792989,1.,11.5138767261022));
#3131=CARTESIAN_POINT('',(-21.7358277099674,1.,4.4485988383109));
#3132=CARTESIAN_POINT('Origin',(-21.4766784111101,1.00000000000002,3.4826068929755));
#3133=CARTESIAN_POINT('',(-15.9687194226713,1.,5.99166975080225));
#3134=CARTESIAN_POINT('Ctrl Pts',(-15.9687194226713,1.,5.99166975080225));
#3135=CARTESIAN_POINT('Ctrl Pts',(-18.4124858044144,1.,5.3381446901729));
#3136=CARTESIAN_POINT('Ctrl Pts',(-21.7358277099675,1.,4.44859883831088));
#3137=CARTESIAN_POINT('',(-15.9687194226713,1.,11.5138767261022));
#3138=CARTESIAN_POINT('Origin',(-28.,9.,0.));
#3139=CARTESIAN_POINT('',(-32.803614288197,9.,9.));
#3140=CARTESIAN_POINT('Origin',(-29.25,7.16374688816545,9.));
#3141=CARTESIAN_POINT('',(31.25,7.16374688816545,9.));
#3142=CARTESIAN_POINT('',(31.25,7.16374688816545,9.));
#3143=CARTESIAN_POINT('',(30.5537671142894,8.68038504926309,9.));
#3144=CARTESIAN_POINT('Origin',(29.25,7.16374688816545,9.));
#3145=CARTESIAN_POINT('',(17.2749142643341,20.0954556345435,9.));
#3146=CARTESIAN_POINT('',(17.2749142643341,20.0954556345435,9.));
#3147=CARTESIAN_POINT('',(-17.2749142643341,20.0954556345435,9.));
#3148=CARTESIAN_POINT('Origin',(0.,0.,9.));
#3149=CARTESIAN_POINT('',(-30.5537671142894,8.68038504926308,9.));
#3150=CARTESIAN_POINT('',(-30.5537671142894,8.68038504926308,9.));
#3151=CARTESIAN_POINT('',(-31.25,7.16374688816545,9.));
#3152=CARTESIAN_POINT('Origin',(-29.25,7.16374688816545,9.));
#3153=CARTESIAN_POINT('',(-31.25,1.,9.));
#3154=CARTESIAN_POINT('Origin',(0.,0.,9.));
#3155=CARTESIAN_POINT('Origin',(-29.25,7.16374688816545,-9.));
#3156=CARTESIAN_POINT('',(30.5537671142894,8.68038504926308,-9.));
#3157=CARTESIAN_POINT('',(31.25,7.16374688816545,-9.));
#3158=CARTESIAN_POINT('Origin',(29.25,7.16374688816545,-9.));
#3159=CARTESIAN_POINT('',(31.25,7.16374688816545,-9.));
#3160=CARTESIAN_POINT('Origin',(0.,0.,-9.));
#3161=CARTESIAN_POINT('',(-31.25,7.16374688816545,-9.));
#3162=CARTESIAN_POINT('',(-31.25,7.16374688816545,-9.));
#3163=CARTESIAN_POINT('',(-30.5537671142894,8.68038504926307,-9.));
#3164=CARTESIAN_POINT('Origin',(-29.25,7.16374688816545,-9.));
#3165=CARTESIAN_POINT('',(-17.2749142643341,20.0954556345435,-9.));
#3166=CARTESIAN_POINT('',(-30.5537671142894,8.68038504926308,-9.));
#3167=CARTESIAN_POINT('',(17.2749142643341,20.0954556345435,-9.));
#3168=CARTESIAN_POINT('Origin',(0.,0.,-9.));
#3169=CARTESIAN_POINT('',(-3.08653081928778,37.5990258204755,-9.));
#3170=CARTESIAN_POINT('Origin',(-29.25,7.16374688816545,9.));
#3171=CARTESIAN_POINT('',(-31.8575342285787,10.1970232103607,-7.));
#3172=CARTESIAN_POINT('',(-31.8575342285787,10.1970232103607,9.));
#3173=CARTESIAN_POINT('',(-33.25,7.16374688816545,-7.));
#3174=CARTESIAN_POINT('Origin',(-29.25,7.16374688816545,-7.));
#3175=CARTESIAN_POINT('',(-33.25,7.16374688816545,7.));
#3176=CARTESIAN_POINT('',(-33.25,7.16374688816545,9.));
#3177=CARTESIAN_POINT('',(-31.8575342285787,10.1970232103607,7.));
#3178=CARTESIAN_POINT('Origin',(-29.25,7.16374688816545,7.));
#3179=CARTESIAN_POINT('',(-31.8575342285787,10.1970232103607,9.));
#3180=CARTESIAN_POINT('Origin',(-33.25,1.,9.));
#3181=CARTESIAN_POINT('',(-33.25,7.16374688816545,7.));
#3182=CARTESIAN_POINT('',(-33.25,1.,-7.));
#3183=CARTESIAN_POINT('Origin',(33.25,1.,9.));
#3184=CARTESIAN_POINT('',(33.25,7.16374688816545,7.));
#3185=CARTESIAN_POINT('',(33.25,7.16374688816545,-7.));
#3186=CARTESIAN_POINT('',(33.25,7.16374688816545,9.));
#3187=CARTESIAN_POINT('',(33.25,1.,7.));
#3188=CARTESIAN_POINT('',(33.25,1.,-7.));
#3189=CARTESIAN_POINT('Origin',(29.25,7.16374688816545,9.));
#3190=CARTESIAN_POINT('',(31.8575342285787,10.1970232103607,7.));
#3191=CARTESIAN_POINT('',(31.8575342285787,10.1970232103607,9.));
#3192=CARTESIAN_POINT('Origin',(29.25,7.16374688816545,7.));
#3193=CARTESIAN_POINT('',(31.8575342285787,10.1970232103607,-7.));
#3194=CARTESIAN_POINT('Origin',(29.25,7.16374688816545,-7.));
#3195=CARTESIAN_POINT('',(31.8575342285787,10.1970232103607,9.));
#3196=CARTESIAN_POINT('Origin',(31.8575342285787,10.1970232103607,9.));
#3197=CARTESIAN_POINT('',(18.5786813786235,21.6120937956411,-7.));
#3198=CARTESIAN_POINT('',(31.8575342285787,10.1970232103607,-7.));
#3199=CARTESIAN_POINT('',(18.5786813786235,21.6120937956411,7.));
#3200=CARTESIAN_POINT('',(18.5786813786235,21.6120937956411,9.));
#3201=CARTESIAN_POINT('',(31.8575342285787,10.1970232103607,7.));
#3202=CARTESIAN_POINT('Origin',(0.,0.,9.));
#3203=CARTESIAN_POINT('',(-18.5786813786235,21.6120937956411,7.));
#3204=CARTESIAN_POINT('',(-18.5786813786235,21.6120937956411,-7.));
#3205=CARTESIAN_POINT('',(-18.5786813786235,21.6120937956411,9.));
#3206=CARTESIAN_POINT('Origin',(0.,0.,7.));
#3207=CARTESIAN_POINT('Origin',(0.,0.,-7.));
#3208=CARTESIAN_POINT('Origin',(-31.8575342285787,10.1970232103607,9.));
#3209=CARTESIAN_POINT('',(-18.5786813786234,21.6120937956411,7.));
#3210=CARTESIAN_POINT('',(-31.8575342285787,10.1970232103607,-7.));
#3211=CARTESIAN_POINT('Origin',(0.,0.,4.25));
#3212=CARTESIAN_POINT('Origin',(0.,0.,4.44859883831011));
#3213=CARTESIAN_POINT('Origin',(0.,0.,5.99166975080225));
#3214=CARTESIAN_POINT('Origin',(0.,0.,11.5138767261022));
#3215=CARTESIAN_POINT('Origin',(0.,0.,-3.48267301202104));
#3216=CARTESIAN_POINT('Origin',(0.,0.,3.48267301202103));
#3217=CARTESIAN_POINT('Origin',(0.,0.,-5.99166975080225));
#3218=CARTESIAN_POINT('Origin',(0.,0.,-4.44859883831009));
#3219=CARTESIAN_POINT('Origin',(0.,0.,-5.99166975080225));
#3220=CARTESIAN_POINT('Origin',(0.,0.,11.5138767261022));
#3221=CARTESIAN_POINT('Origin',(0.,0.,11.5138767261022));
#3222=CARTESIAN_POINT('Origin',(-31.25,7.16374688816545,7.));
#3223=CARTESIAN_POINT('Origin',(-31.25,7.16374688816545,7.));
#3224=CARTESIAN_POINT('Ctrl Pts',(-31.8575342285787,10.1970232103607,7.));
#3225=CARTESIAN_POINT('Ctrl Pts',(-33.25,9.00000000000001,7.));
#3226=CARTESIAN_POINT('Ctrl Pts',(-33.25,7.16374688816545,7.));
#3227=CARTESIAN_POINT('Ctrl Pts',(-31.8575342285787,10.1970232103607,9.));
#3228=CARTESIAN_POINT('Ctrl Pts',(-33.25,9.00000000000001,9.));
#3229=CARTESIAN_POINT('Ctrl Pts',(-33.25,7.16374688816545,9.));
#3230=CARTESIAN_POINT('Ctrl Pts',(-30.5537671142894,8.68038504926307,9.));
#3231=CARTESIAN_POINT('Ctrl Pts',(-31.25,8.08187344408273,9.));
#3232=CARTESIAN_POINT('Ctrl Pts',(-31.25,7.16374688816545,9.));
#3233=CARTESIAN_POINT('Origin',(-30.5537671142894,8.68038504926308,7.));
#3234=CARTESIAN_POINT('Origin',(-30.5537671142894,8.68038504926308,7.));
#3235=CARTESIAN_POINT('Origin',(-17.2749142643341,20.0954556345435,7.));
#3236=CARTESIAN_POINT('Origin',(0.,0.,7.));
#3237=CARTESIAN_POINT('Origin',(17.2749142643341,20.0954556345435,7.));
#3238=CARTESIAN_POINT('Origin',(-3.08653081928778,37.5990258204755,7.));
#3239=CARTESIAN_POINT('Origin',(30.5537671142894,8.68038504926308,7.));
#3240=CARTESIAN_POINT('Ctrl Pts',(33.25,7.16374688816545,7.));
#3241=CARTESIAN_POINT('Ctrl Pts',(33.25,9.00000000000001,7.));
#3242=CARTESIAN_POINT('Ctrl Pts',(31.8575342285787,10.1970232103607,7.));
#3243=CARTESIAN_POINT('Ctrl Pts',(33.25,7.16374688816545,9.));
#3244=CARTESIAN_POINT('Ctrl Pts',(33.25,9.00000000000001,9.));
#3245=CARTESIAN_POINT('Ctrl Pts',(31.8575342285787,10.1970232103607,9.));
#3246=CARTESIAN_POINT('Ctrl Pts',(31.25,7.16374688816545,9.));
#3247=CARTESIAN_POINT('Ctrl Pts',(31.25,8.08187344408273,9.));
#3248=CARTESIAN_POINT('Ctrl Pts',(30.5537671142894,8.68038504926307,9.));
#3249=CARTESIAN_POINT('Origin',(31.25,7.16374688816545,7.));
#3250=CARTESIAN_POINT('Origin',(31.25,7.16374688816545,7.));
#3251=CARTESIAN_POINT('Origin',(-31.25,1.,-7.));
#3252=CARTESIAN_POINT('Origin',(-31.25,7.16374688816545,-7.));
#3253=CARTESIAN_POINT('Ctrl Pts',(-30.5537671142894,8.68038504926307,-9.));
#3254=CARTESIAN_POINT('Ctrl Pts',(-31.25,8.08187344408273,-9.));
#3255=CARTESIAN_POINT('Ctrl Pts',(-31.25,7.16374688816545,-9.));
#3256=CARTESIAN_POINT('Ctrl Pts',(-31.8575342285787,10.1970232103607,-9.00000000000001));
#3257=CARTESIAN_POINT('Ctrl Pts',(-33.25,9.00000000000001,-9.00000000000001));
#3258=CARTESIAN_POINT('Ctrl Pts',(-33.25,7.16374688816545,-9.00000000000001));
#3259=CARTESIAN_POINT('Ctrl Pts',(-31.8575342285787,10.1970232103607,-7.));
#3260=CARTESIAN_POINT('Ctrl Pts',(-33.25,9.00000000000001,-7.));
#3261=CARTESIAN_POINT('Ctrl Pts',(-33.25,7.16374688816545,-7.));
#3262=CARTESIAN_POINT('Origin',(-30.5537671142894,8.68038504926308,-7.));
#3263=CARTESIAN_POINT('Origin',(-30.5537671142894,8.68038504926308,-7.));
#3264=CARTESIAN_POINT('Origin',(-17.2749142643341,20.0954556345435,-7.));
#3265=CARTESIAN_POINT('Origin',(0.,0.,-7.));
#3266=CARTESIAN_POINT('Origin',(17.2749142643341,20.0954556345435,-7.));
#3267=CARTESIAN_POINT('Origin',(30.5537671142894,8.68038504926308,-7.));
#3268=CARTESIAN_POINT('Origin',(30.5537671142894,8.68038504926308,-7.));
#3269=CARTESIAN_POINT('Ctrl Pts',(31.25,7.16374688816545,-9.));
#3270=CARTESIAN_POINT('Ctrl Pts',(31.25,8.08187344408273,-9.));
#3271=CARTESIAN_POINT('Ctrl Pts',(30.5537671142894,8.68038504926307,-9.));
#3272=CARTESIAN_POINT('Ctrl Pts',(33.25,7.16374688816545,-9.00000000000001));
#3273=CARTESIAN_POINT('Ctrl Pts',(33.25,9.00000000000001,-9.00000000000001));
#3274=CARTESIAN_POINT('Ctrl Pts',(31.8575342285787,10.1970232103607,-9.00000000000001));
#3275=CARTESIAN_POINT('Ctrl Pts',(33.25,7.16374688816545,-7.));
#3276=CARTESIAN_POINT('Ctrl Pts',(33.25,9.00000000000001,-7.));
#3277=CARTESIAN_POINT('Ctrl Pts',(31.8575342285787,10.1970232103607,-7.));
#3278=CARTESIAN_POINT('Origin',(31.25,7.16374688816545,-7.));
#3279=CARTESIAN_POINT('Origin',(31.25,1.,-7.));
#3280=CARTESIAN_POINT('Origin',(0.,0.,-3.48267301202104));
#3281=CARTESIAN_POINT('Origin',(0.,0.,3.48267301202103));
#3282=CARTESIAN_POINT('',(0.,0.,0.));
#3283=CARTESIAN_POINT('Origin',(-34.9249999999999,0.,0.));
#3284=CARTESIAN_POINT('',(-1.,-5.51091059616309E-16,-4.5));
#3285=CARTESIAN_POINT('Origin',(-1.,0.,0.));
#3286=CARTESIAN_POINT('',(0.,-5.51091059616309E-16,-4.5));
#3287=CARTESIAN_POINT('',(-34.9249999999999,-5.51091059616309E-16,-4.5));
#3288=CARTESIAN_POINT('Origin',(0.,0.,0.));
#3289=CARTESIAN_POINT('Origin',(-34.9249999999999,0.,0.));
#3290=CARTESIAN_POINT('',(0.,-3.24531401774049E-16,-2.65));
#3291=CARTESIAN_POINT('Origin',(0.,0.,0.));
#3292=CARTESIAN_POINT('',(-1.,-3.24531401774049E-16,-2.65));
#3293=CARTESIAN_POINT('',(-34.9249999999999,-3.24531401774049E-16,-2.65));
#3294=CARTESIAN_POINT('Origin',(-1.,0.,0.));
#3295=CARTESIAN_POINT('Origin',(0.,2.65,0.));
#3296=CARTESIAN_POINT('Origin',(-1.,4.5,0.));
#3297=CARTESIAN_POINT('',(0.,0.,0.));
#3298=CARTESIAN_POINT('Origin',(2.5,0.,0.));
#3299=CARTESIAN_POINT('',(3.67894924968523,0.,0.));
#3300=CARTESIAN_POINT('',(2.5,-2.25347189810574E-15,-2.042));
#3301=CARTESIAN_POINT('',(2.5,-2.50072876385889E-16,-2.042));
#3302=CARTESIAN_POINT('',(2.5,-1.76842387452783,-1.021));
#3303=CARTESIAN_POINT('Origin',(2.5,0.,0.));
#3304=CARTESIAN_POINT('',(2.5,-1.76842387452782,1.021));
#3305=CARTESIAN_POINT('Origin',(2.5,0.,0.));
#3306=CARTESIAN_POINT('',(2.5,2.25347189810574E-15,2.042));
#3307=CARTESIAN_POINT('Origin',(2.5,0.,0.));
#3308=CARTESIAN_POINT('',(2.5,1.76842387452782,1.021));
#3309=CARTESIAN_POINT('Origin',(2.5,0.,0.));
#3310=CARTESIAN_POINT('',(2.5,1.76842387452782,-1.021));
#3311=CARTESIAN_POINT('Origin',(2.5,0.,0.));
#3312=CARTESIAN_POINT('Origin',(2.5,0.,0.));
#3313=CARTESIAN_POINT('Origin',(0.25,0.,0.));
#3314=CARTESIAN_POINT('',(0.,-4.89858719658941E-16,-4.));
#3315=CARTESIAN_POINT('Origin',(0.,0.,0.));
#3316=CARTESIAN_POINT('',(0.25,-5.20474889637625E-16,-4.25));
#3317=CARTESIAN_POINT('Origin',(0.25,-4.89858719658941E-16,-4.));
#3318=CARTESIAN_POINT('Origin',(0.25,0.,0.));
#3319=CARTESIAN_POINT('Origin',(5.2,0.,0.));
#3320=CARTESIAN_POINT('',(5.2,3.06161699786837E-16,-2.49999999999999));
#3321=CARTESIAN_POINT('',(5.2,-3.06161699786837E-16,2.49999999999999));
#3322=CARTESIAN_POINT('Origin',(5.2,0.,0.));
#3323=CARTESIAN_POINT('Origin',(5.2,0.,0.));
#3324=CARTESIAN_POINT('',(5.,-3.30654635769784E-16,2.69999999999999));
#3325=CARTESIAN_POINT('Origin',(5.2,-3.30654635769784E-16,2.69999999999999));
#3326=CARTESIAN_POINT('Origin',(5.,0.,0.));
#3327=CARTESIAN_POINT('Origin',(30.,0.,0.));
#3328=CARTESIAN_POINT('',(29.555,-3.06161699786837E-16,-2.49999999999999));
#3329=CARTESIAN_POINT('Origin',(29.555,0.,0.));
#3330=CARTESIAN_POINT('',(30.,-2.51664917224781E-16,-2.055));
#3331=CARTESIAN_POINT('',(30.,-2.51664917224781E-16,-2.055));
#3332=CARTESIAN_POINT('Origin',(30.,0.,0.));
#3333=CARTESIAN_POINT('Origin',(-31.75,0.,0.));
#3334=CARTESIAN_POINT('',(-31.75,-3.06161699786837E-16,-2.49999999999999));
#3335=CARTESIAN_POINT('Origin',(-31.75,0.,0.));
#3336=CARTESIAN_POINT('',(5.,-5.20474889637625E-16,-4.25));
#3337=CARTESIAN_POINT('',(-31.75,-5.20474889637625E-16,-4.25));
#3338=CARTESIAN_POINT('Origin',(5.,0.,0.));
#3339=CARTESIAN_POINT('Origin',(0.,0.,0.));
#3340=CARTESIAN_POINT('',(0.,2.35789849937043,-5.63785129692462E-15));
#3341=CARTESIAN_POINT('',(0.,1.17894924968522,2.042));
#3342=CARTESIAN_POINT('',(0.,2.35789849937043,-5.63785129692462E-15));
#3343=CARTESIAN_POINT('',(0.,-1.17894924968522,2.042));
#3344=CARTESIAN_POINT('',(0.,-1.17894924968522,2.042));
#3345=CARTESIAN_POINT('',(0.,-2.35789849937044,-2.16840434497101E-16));
#3346=CARTESIAN_POINT('',(0.,-1.17894924968522,2.042));
#3347=CARTESIAN_POINT('',(0.,-1.17894924968522,-2.042));
#3348=CARTESIAN_POINT('',(0.,-2.35789849937044,-2.16840434497101E-16));
#3349=CARTESIAN_POINT('',(0.,1.17894924968521,-2.04200000000001));
#3350=CARTESIAN_POINT('',(0.,1.17894924968521,-2.04200000000001));
#3351=CARTESIAN_POINT('',(0.,2.35789849937043,-5.63785129692462E-15));
#3352=CARTESIAN_POINT('Origin',(5.,4.25,0.));
#3353=CARTESIAN_POINT('Origin',(30.,2.055,0.));
#3354=CARTESIAN_POINT('Origin',(2.5,2.35789849937043,-5.63785129692462E-15));
#3355=CARTESIAN_POINT('',(2.5,2.35789849937043,-5.63785129692462E-15));
#3356=CARTESIAN_POINT('',(2.5,2.35789849937043,-5.63785129692462E-15));
#3357=CARTESIAN_POINT('',(2.5,2.35789849937043,-5.63785129692462E-15));
#3358=CARTESIAN_POINT('',(2.5,1.17894924968522,2.042));
#3359=CARTESIAN_POINT('',(2.5,2.35789849937043,-5.63785129692462E-15));
#3360=CARTESIAN_POINT('',(2.5,1.17894924968522,2.042));
#3361=CARTESIAN_POINT('Origin',(2.5,-1.17894924968522,2.042));
#3362=CARTESIAN_POINT('',(2.5,-1.17894924968522,2.042));
#3363=CARTESIAN_POINT('',(2.5,-1.17894924968522,2.042));
#3364=CARTESIAN_POINT('',(2.5,-1.17894924968522,2.042));
#3365=CARTESIAN_POINT('',(2.5,-1.17894924968522,2.042));
#3366=CARTESIAN_POINT('Origin',(2.5,-1.17894924968522,2.042));
#3367=CARTESIAN_POINT('',(2.5,-1.17894924968522,2.042));
#3368=CARTESIAN_POINT('',(2.5,-2.35789849937044,-2.16840434497101E-16));
#3369=CARTESIAN_POINT('',(2.5,-1.17894924968522,2.042));
#3370=CARTESIAN_POINT('',(2.5,-2.35789849937044,-2.16840434497101E-16));
#3371=CARTESIAN_POINT('Origin',(2.5,-2.35789849937044,-2.16840434497101E-16));
#3372=CARTESIAN_POINT('',(2.5,-2.35789849937044,-2.16840434497101E-16));
#3373=CARTESIAN_POINT('',(2.5,-1.17894924968522,-2.042));
#3374=CARTESIAN_POINT('',(2.5,-2.35789849937044,-2.16840434497101E-16));
#3375=CARTESIAN_POINT('',(2.5,-1.17894924968522,-2.042));
#3376=CARTESIAN_POINT('Origin',(2.5,1.17894924968521,-2.04200000000001));
#3377=CARTESIAN_POINT('',(2.5,1.17894924968521,-2.04200000000001));
#3378=CARTESIAN_POINT('',(2.5,1.17894924968521,-2.04200000000001));
#3379=CARTESIAN_POINT('',(2.5,1.17894924968521,-2.04200000000001));
#3380=CARTESIAN_POINT('',(2.5,1.17894924968521,-2.04200000000001));
#3381=CARTESIAN_POINT('Origin',(2.5,2.35789849937043,-5.63785129692462E-15));
#3382=CARTESIAN_POINT('',(2.5,2.35789849937043,-5.63785129692462E-15));
#3383=CARTESIAN_POINT('',(2.5,2.35789849937043,-5.63785129692462E-15));
#3384=CARTESIAN_POINT('Origin',(2.5,2.35789849937043,-5.63785129692462E-15));
#3385=CARTESIAN_POINT('Origin',(2.5,2.35789849937043,-5.63785129692462E-15));
#3386=CARTESIAN_POINT('Origin',(2.5,2.35789849937043,-5.63785129692462E-15));
#3387=CARTESIAN_POINT('Origin',(2.5,2.35789849937043,-5.63785129692462E-15));
#3388=CARTESIAN_POINT('Origin',(2.5,2.35789849937043,-5.63785129692462E-15));
#3389=CARTESIAN_POINT('Origin',(2.5,2.35789849937043,-5.63785129692462E-15));
#3390=CARTESIAN_POINT('',(0.,0.,0.));
#3391=CARTESIAN_POINT('',(-28.,9.,0.));
#3392=CARTESIAN_POINT('',(0.,0.,0.));
#3393=CARTESIAN_POINT('',(28.,9.,0.));
#3394=CARTESIAN_POINT('',(28.,15.,0.));
#3395=CARTESIAN_POINT('',(-28.,15.,0.));
#3396=UNCERTAINTY_MEASURE_WITH_UNIT(LENGTH_MEASURE(0.01),#3408,
'DISTANCE_ACCURACY_VALUE',
'Maximum model space distance between geometric entities at asserted c
onnectivities');
#3397=UNCERTAINTY_MEASURE_WITH_UNIT(LENGTH_MEASURE(0.01),#3408,
'DISTANCE_ACCURACY_VALUE',
'Maximum model space distance between geometric entities at asserted c
onnectivities');
#3398=UNCERTAINTY_MEASURE_WITH_UNIT(LENGTH_MEASURE(0.01),#3408,
'DISTANCE_ACCURACY_VALUE',
'Maximum model space distance between geometric entities at asserted c
onnectivities');
#3399=UNCERTAINTY_MEASURE_WITH_UNIT(LENGTH_MEASURE(0.01),#3408,
'DISTANCE_ACCURACY_VALUE',
'Maximum model space distance between geometric entities at asserted c
onnectivities');
#3400=UNCERTAINTY_MEASURE_WITH_UNIT(LENGTH_MEASURE(0.01),#3408,
'DISTANCE_ACCURACY_VALUE',
'Maximum model space distance between geometric entities at asserted c
onnectivities');
#3401=UNCERTAINTY_MEASURE_WITH_UNIT(LENGTH_MEASURE(0.01),#3408,
'DISTANCE_ACCURACY_VALUE',
'Maximum model space distance between geometric entities at asserted c
onnectivities');
#3402=(
GEOMETRIC_REPRESENTATION_CONTEXT(3)
GLOBAL_UNCERTAINTY_ASSIGNED_CONTEXT((#3396))
GLOBAL_UNIT_ASSIGNED_CONTEXT((#3408,#3410,#3411))
REPRESENTATION_CONTEXT('','3D')
);
#3403=(
GEOMETRIC_REPRESENTATION_CONTEXT(3)
GLOBAL_UNCERTAINTY_ASSIGNED_CONTEXT((#3397))
GLOBAL_UNIT_ASSIGNED_CONTEXT((#3408,#3410,#3411))
REPRESENTATION_CONTEXT('','3D')
);
#3404=(
GEOMETRIC_REPRESENTATION_CONTEXT(3)
GLOBAL_UNCERTAINTY_ASSIGNED_CONTEXT((#3398))
GLOBAL_UNIT_ASSIGNED_CONTEXT((#3408,#3410,#3411))
REPRESENTATION_CONTEXT('','3D')
);
#3405=(
GEOMETRIC_REPRESENTATION_CONTEXT(3)
GLOBAL_UNCERTAINTY_ASSIGNED_CONTEXT((#3399))
GLOBAL_UNIT_ASSIGNED_CONTEXT((#3408,#3410,#3411))
REPRESENTATION_CONTEXT('','3D')
);
#3406=(
GEOMETRIC_REPRESENTATION_CONTEXT(3)
GLOBAL_UNCERTAINTY_ASSIGNED_CONTEXT((#3400))
GLOBAL_UNIT_ASSIGNED_CONTEXT((#3408,#3410,#3411))
REPRESENTATION_CONTEXT('','3D')
);
#3407=(
GEOMETRIC_REPRESENTATION_CONTEXT(3)
GLOBAL_UNCERTAINTY_ASSIGNED_CONTEXT((#3401))
GLOBAL_UNIT_ASSIGNED_CONTEXT((#3408,#3410,#3411))
REPRESENTATION_CONTEXT('','3D')
);
#3408=(
LENGTH_UNIT()
NAMED_UNIT(*)
SI_UNIT(.MILLI.,.METRE.)
);
#3409=(
LENGTH_UNIT()
NAMED_UNIT(*)
SI_UNIT($,.METRE.)
);
#3410=(
NAMED_UNIT(*)
PLANE_ANGLE_UNIT()
SI_UNIT($,.RADIAN.)
);
#3411=(
NAMED_UNIT(*)
SI_UNIT($,.STERADIAN.)
SOLID_ANGLE_UNIT()
);
#3412=SHAPE_DEFINITION_REPRESENTATION(#3417,#3428);
#3413=SHAPE_DEFINITION_REPRESENTATION(#3418,#3429);
#3414=SHAPE_DEFINITION_REPRESENTATION(#3419,#3430);
#3415=SHAPE_DEFINITION_REPRESENTATION(#3420,#3431);
#3416=SHAPE_DEFINITION_REPRESENTATION(#3421,#3432);
#3417=PRODUCT_DEFINITION_SHAPE('',$,#3434);
#3418=PRODUCT_DEFINITION_SHAPE('',$,#3435);
#3419=PRODUCT_DEFINITION_SHAPE('',$,#3436);
#3420=PRODUCT_DEFINITION_SHAPE('',$,#3437);
#3421=PRODUCT_DEFINITION_SHAPE('',$,#3438);
#3422=PRODUCT_DEFINITION_SHAPE($,$,#29);
#3423=PRODUCT_DEFINITION_SHAPE($,$,#30);
#3424=PRODUCT_DEFINITION_SHAPE($,$,#31);
#3425=PRODUCT_DEFINITION_SHAPE($,$,#32);
#3426=PRODUCT_DEFINITION_SHAPE($,$,#33);
#3427=PRODUCT_DEFINITION_SHAPE($,$,#34);
#3428=SHAPE_REPRESENTATION('',(#1889,#2123,#2124,#2125,#2126,#2127,#2128),
#3402);
#3429=SHAPE_REPRESENTATION('',(#1890),#3403);
#3430=SHAPE_REPRESENTATION('',(#1983),#3404);
#3431=SHAPE_REPRESENTATION('',(#2076),#3405);
#3432=SHAPE_REPRESENTATION('',(#2085),#3406);
#3433=PRODUCT_DEFINITION_CONTEXT('part definition',#3450,'design');
#3434=PRODUCT_DEFINITION('Hositrad_CC25KF','Hositrad_CC25KF v1',#3439,#3433);
#3435=PRODUCT_DEFINITION('KF25_Clamp-Collar_Tapped',
'KF25_Clamp-Collar_Tapped',#3440,#3433);
#3436=PRODUCT_DEFINITION('KF25_Clamp-Collar','KF25_Clamp-Collar',#3441,
#3433);
#3437=PRODUCT_DEFINITION(
'plain washer small grade a_iso_Washer ISO 7092 - 5',
'plain washer small grade a_iso_Washer ISO 7092 - 5',#3442,#3433);
#3438=PRODUCT_DEFINITION(
'socket head cap screw_iso_ISO 4762 M5 x 25 --- 25N',
'socket head cap screw_iso_ISO 4762 M5 x 25 --- 25N',#3443,#3433);
#3439=PRODUCT_DEFINITION_FORMATION('',$,#3452);
#3440=PRODUCT_DEFINITION_FORMATION('',$,#3453);
#3441=PRODUCT_DEFINITION_FORMATION('',$,#3454);
#3442=PRODUCT_DEFINITION_FORMATION('',$,#3455);
#3443=PRODUCT_DEFINITION_FORMATION('',$,#3456);
#3444=PRODUCT_RELATED_PRODUCT_CATEGORY('Hositrad_CC25KF v1',
'Hositrad_CC25KF v1',(#3452));
#3445=PRODUCT_RELATED_PRODUCT_CATEGORY('KF25_Clamp-Collar_Tapped',
'KF25_Clamp-Collar_Tapped',(#3453));
#3446=PRODUCT_RELATED_PRODUCT_CATEGORY('KF25_Clamp-Collar',
'KF25_Clamp-Collar',(#3454));
#3447=PRODUCT_RELATED_PRODUCT_CATEGORY(
'plain washer small grade a_iso_Washer ISO 7092 - 5',
'plain washer small grade a_iso_Washer ISO 7092 - 5',(#3455));
#3448=PRODUCT_RELATED_PRODUCT_CATEGORY(
'socket head cap screw_iso_ISO 4762 M5 x 25 --- 25N',
'socket head cap screw_iso_ISO 4762 M5 x 25 --- 25N',(#3456));
#3449=APPLICATION_PROTOCOL_DEFINITION('international standard',
'automotive_design',2009,#3450);
#3450=APPLICATION_CONTEXT(
'Core Data for Automotive Mechanical Design Process');
#3451=PRODUCT_CONTEXT('part definition',#3450,'mechanical');
#3452=PRODUCT('Hositrad_CC25KF','Hositrad_CC25KF v1',$,(#3451));
#3453=PRODUCT('KF25_Clamp-Collar_Tapped','KF25_Clamp-Collar_Tapped',$,(#3451));
#3454=PRODUCT('KF25_Clamp-Collar','KF25_Clamp-Collar',$,(#3451));
#3455=PRODUCT('plain washer small grade a_iso_Washer ISO 7092 - 5',
'plain washer small grade a_iso_Washer ISO 7092 - 5',$,(#3451));
#3456=PRODUCT('socket head cap screw_iso_ISO 4762 M5 x 25 --- 25N',
'socket head cap screw_iso_ISO 4762 M5 x 25 --- 25N',$,(#3451));
#3457=PRESENTATION_STYLE_ASSIGNMENT((#3460));
#3458=PRESENTATION_STYLE_ASSIGNMENT((#3461));
#3459=PRESENTATION_STYLE_ASSIGNMENT((#3462));
#3460=SURFACE_STYLE_USAGE(.BOTH.,#3463);
#3461=SURFACE_STYLE_USAGE(.BOTH.,#3464);
#3462=SURFACE_STYLE_USAGE(.BOTH.,#3465);
#3463=SURFACE_SIDE_STYLE('',(#3466));
#3464=SURFACE_SIDE_STYLE('',(#3467));
#3465=SURFACE_SIDE_STYLE('',(#3468));
#3466=SURFACE_STYLE_FILL_AREA(#3469);
#3467=SURFACE_STYLE_FILL_AREA(#3470);
#3468=SURFACE_STYLE_FILL_AREA(#3471);
#3469=FILL_AREA_STYLE('Steel - Satin',(#3472));
#3470=FILL_AREA_STYLE('Opaque(221,232,255)',(#3473));
#3471=FILL_AREA_STYLE('Opaque(255,242,232)',(#3474));
#3472=FILL_AREA_STYLE_COLOUR('Steel - Satin',#3475);
#3473=FILL_AREA_STYLE_COLOUR('Opaque(221,232,255)',#3476);
#3474=FILL_AREA_STYLE_COLOUR('Opaque(255,242,232)',#3477);
#3475=COLOUR_RGB('Steel - Satin',0.627450980392157,0.627450980392157,0.627450980392157);
#3476=COLOUR_RGB('Opaque(221,232,255)',0.866666666666667,0.909803921568627,
1.);
#3477=COLOUR_RGB('Opaque(255,242,232)',1.,0.949019607843137,0.909803921568627);
ENDSEC;
END-ISO-10303-21;
