ISO-10303-21;
HEADER;
/* Generated by software containing ST-Developer
 * from STEP Tools, Inc. (www.steptools.com) 
 */

FILE_DESCRIPTION(
/* description */ (''),
/* implementation_level */ '2;1');

FILE_NAME(
/* name */ 'Hositrad_FS100-102R-FullNipple v1.step',
/* time_stamp */ '2024-06-25T14:19:57+02:00',
/* author */ (''),
/* organization */ (''),
/* preprocessor_version */ 'ST-DEVELOPER v20',
/* originating_system */ 'Autodesk Translation Framework v13.14.0.145',

/* authorisation */ '');

FILE_SCHEMA (('AUTOMOTIVE_DESIGN { 1 0 10303 214 3 1 1 }'));
ENDSEC;

DATA;
#10=MECHANICAL_DESIGN_GEOMETRIC_PRESENTATION_REPRESENTATION('',(#122,#123,
#124,#125,#126,#127,#128,#129,#130,#131,#132,#133,#134,#135,#136,#137,#138,
#139,#140,#141,#142,#143,#144,#145,#146,#147,#148,#149,#150,#151,#152,#153,
#154,#155,#156,#157),#5016);
#11=ITEM_DEFINED_TRANSFORMATION($,$,#3053,#3250);
#12=ITEM_DEFINED_TRANSFORMATION($,$,#3224,#3251);
#13=ITEM_DEFINED_TRANSFORMATION($,$,#2866,#3252);
#14=ITEM_DEFINED_TRANSFORMATION($,$,#2875,#3253);
#15=ITEM_DEFINED_TRANSFORMATION($,$,#3052,#3254);
#16=(
REPRESENTATION_RELATIONSHIP($,$,#5042,#5041)
REPRESENTATION_RELATIONSHIP_WITH_TRANSFORMATION(#11)
SHAPE_REPRESENTATION_RELATIONSHIP()
);
#17=(
REPRESENTATION_RELATIONSHIP($,$,#5043,#5041)
REPRESENTATION_RELATIONSHIP_WITH_TRANSFORMATION(#12)
SHAPE_REPRESENTATION_RELATIONSHIP()
);
#18=(
REPRESENTATION_RELATIONSHIP($,$,#5039,#5038)
REPRESENTATION_RELATIONSHIP_WITH_TRANSFORMATION(#13)
SHAPE_REPRESENTATION_RELATIONSHIP()
);
#19=(
REPRESENTATION_RELATIONSHIP($,$,#5040,#5038)
REPRESENTATION_RELATIONSHIP_WITH_TRANSFORMATION(#14)
SHAPE_REPRESENTATION_RELATIONSHIP()
);
#20=(
REPRESENTATION_RELATIONSHIP($,$,#5041,#5038)
REPRESENTATION_RELATIONSHIP_WITH_TRANSFORMATION(#15)
SHAPE_REPRESENTATION_RELATIONSHIP()
);
#21=CONTEXT_DEPENDENT_SHAPE_REPRESENTATION(#16,#5033);
#22=CONTEXT_DEPENDENT_SHAPE_REPRESENTATION(#17,#5034);
#23=CONTEXT_DEPENDENT_SHAPE_REPRESENTATION(#18,#5035);
#24=CONTEXT_DEPENDENT_SHAPE_REPRESENTATION(#19,#5036);
#25=CONTEXT_DEPENDENT_SHAPE_REPRESENTATION(#20,#5037);
#26=NEXT_ASSEMBLY_USAGE_OCCURRENCE('NW100CF-R-Outerring_CF100-108:1',
'NW100CF-R-Outerring_CF100-108:1','NW100CF-R-Outerring_CF100-108:1',#5048,
#5049,'NW100CF-R-Outerring_CF100-108:1');
#27=NEXT_ASSEMBLY_USAGE_OCCURRENCE('NW100CF-R-InnerWeld_CF100-102:1',
'NW100CF-R-InnerWeld_CF100-102:1','NW100CF-R-InnerWeld_CF100-102:1',#5048,
#5050,'NW100CF-R-InnerWeld_CF100-102:1');
#28=NEXT_ASSEMBLY_USAGE_OCCURRENCE('Tube101.6-All_Tube 101:1',
'Tube101.6-All_Tube 101:1','Tube101.6-All_Tube 101:1',#5045,#5046,
'Tube101.6-All_Tube 101:1');
#29=NEXT_ASSEMBLY_USAGE_OCCURRENCE('NW100CF-weld_CF100-102:1',
'NW100CF-weld_CF100-102:1','NW100CF-weld_CF100-102:1',#5045,#5047,
'NW100CF-weld_CF100-102:1');
#30=NEXT_ASSEMBLY_USAGE_OCCURRENCE('NW100CF-R-Weld:1',
'NW100CF-R-Weld:1','NW100CF-R-Weld:1',#5045,#5048,'NW100CF-R-Weld:1');
#31=CONICAL_SURFACE('',#2876,49.2,0.785398163397444);
#32=CONICAL_SURFACE('',#2879,51.75,0.785398163397453);
#33=CONICAL_SURFACE('',#2883,4.69999999999997,0.785398163397442);
#34=CONICAL_SURFACE('',#2887,4.2,0.785398163397447);
#35=CONICAL_SURFACE('',#2890,4.69999999999994,0.785398163397414);
#36=CONICAL_SURFACE('',#2894,4.2,0.785398163397479);
#37=CONICAL_SURFACE('',#2897,4.69999999999995,0.785398163397432);
#38=CONICAL_SURFACE('',#2901,4.2,0.785398163397432);
#39=CONICAL_SURFACE('',#2904,4.69999999999995,0.785398163397428);
#40=CONICAL_SURFACE('',#2908,4.2,0.78539816339746);
#41=CONICAL_SURFACE('',#2911,4.69999999999994,0.785398163397418);
#42=CONICAL_SURFACE('',#2915,4.2,0.785398163397451);
#43=CONICAL_SURFACE('',#2918,4.69999999999992,0.785398163397395);
#44=CONICAL_SURFACE('',#2922,4.2,0.78539816339744);
#45=CONICAL_SURFACE('',#2925,4.69999999999995,0.785398163397432);
#46=CONICAL_SURFACE('',#2929,4.2,0.785398163397432);
#47=CONICAL_SURFACE('',#2932,4.69999999999996,0.78539816339744);
#48=CONICAL_SURFACE('',#2936,4.2,0.785398163397455);
#49=CONICAL_SURFACE('',#2939,4.69999999999995,0.785398163397428);
#50=CONICAL_SURFACE('',#2943,4.2,0.785398163397462);
#51=CONICAL_SURFACE('',#2946,4.69999999999995,0.785398163397425);
#52=CONICAL_SURFACE('',#2950,4.2,0.785398163397469);
#53=CONICAL_SURFACE('',#2953,4.69999999999995,0.785398163397432);
#54=CONICAL_SURFACE('',#2957,4.2,0.785398163397432);
#55=CONICAL_SURFACE('',#2960,4.70000000000002,0.785398163397441);
#56=CONICAL_SURFACE('',#2964,4.2,0.785398163397441);
#57=CONICAL_SURFACE('',#2967,4.69999999999997,0.785398163397449);
#58=CONICAL_SURFACE('',#2971,4.2,0.785398163397423);
#59=CONICAL_SURFACE('',#2974,4.69999999999995,0.785398163397432);
#60=CONICAL_SURFACE('',#2978,4.2,0.785398163397432);
#61=CONICAL_SURFACE('',#2981,4.69999999999994,0.785398163397421);
#62=CONICAL_SURFACE('',#2985,4.2,0.785398163397435);
#63=CONICAL_SURFACE('',#2988,4.69999999999995,0.785398163397423);
#64=CONICAL_SURFACE('',#2992,4.2,0.785398163397451);
#65=CONICAL_SURFACE('',#2995,75.3,0.785398163397435);
#66=CONICAL_SURFACE('',#2999,75.8,0.785398163397448);
#67=CONICAL_SURFACE('',#3032,57.65,1.22173047639603);
#68=CONICAL_SURFACE('',#3035,57.4316178594403,0.349065850398874);
#69=CONICAL_SURFACE('',#3041,75.3,0.785398163397435);
#70=CONICAL_SURFACE('',#3054,60.35,0.785398163397483);
#71=CONICAL_SURFACE('',#3057,55.,0.785398163397448);
#72=CONICAL_SURFACE('',#3060,55.3,0.785398163397448);
#73=CONICAL_SURFACE('',#3064,4.49999999999993,0.785398163397437);
#74=CONICAL_SURFACE('',#3068,4.2,0.785398163397489);
#75=CONICAL_SURFACE('',#3071,4.50000000000002,0.785398163397497);
#76=CONICAL_SURFACE('',#3075,4.2,0.785398163397497);
#77=CONICAL_SURFACE('',#3078,4.5,0.785398163397467);
#78=CONICAL_SURFACE('',#3082,4.2,0.785398163397421);
#79=CONICAL_SURFACE('',#3085,4.49999999999998,0.785398163397466);
#80=CONICAL_SURFACE('',#3089,4.2,0.78539816339747);
#81=CONICAL_SURFACE('',#3092,4.49999999999994,0.785398163397415);
#82=CONICAL_SURFACE('',#3096,4.2,0.785398163397456);
#83=CONICAL_SURFACE('',#3099,4.5,0.785398163397466);
#84=CONICAL_SURFACE('',#3103,4.2,0.785398163397441);
#85=CONICAL_SURFACE('',#3106,4.5,0.785398163397467);
#86=CONICAL_SURFACE('',#3110,4.2,0.785398163397421);
#87=CONICAL_SURFACE('',#3113,4.49999999999999,0.785398163397444);
#88=CONICAL_SURFACE('',#3117,4.2,0.78539816339743);
#89=CONICAL_SURFACE('',#3120,4.49999999999999,0.78539816339745);
#90=CONICAL_SURFACE('',#3124,4.2,0.785398163397474);
#91=CONICAL_SURFACE('',#3127,4.49999999999997,0.785398163397417);
#92=CONICAL_SURFACE('',#3131,4.2,0.785398163397516);
#93=CONICAL_SURFACE('',#3134,4.5,0.785398163397467);
#94=CONICAL_SURFACE('',#3138,4.2,0.785398163397421);
#95=CONICAL_SURFACE('',#3141,4.50000000000001,0.785398163397441);
#96=CONICAL_SURFACE('',#3145,4.2,0.785398163397461);
#97=CONICAL_SURFACE('',#3148,4.49999999999996,0.785398163397454);
#98=CONICAL_SURFACE('',#3152,4.2,0.785398163397417);
#99=CONICAL_SURFACE('',#3155,4.5,0.785398163397467);
#100=CONICAL_SURFACE('',#3159,4.2,0.785398163397421);
#101=CONICAL_SURFACE('',#3162,4.49999999999998,0.785398163397411);
#102=CONICAL_SURFACE('',#3166,4.2,0.785398163397489);
#103=CONICAL_SURFACE('',#3169,4.49999999999999,0.785398163397441);
#104=CONICAL_SURFACE('',#3173,4.2,0.785398163397431);
#105=CONICAL_SURFACE('',#3176,75.3,0.785398163397435);
#106=CONICAL_SURFACE('',#3180,75.8,0.785398163397448);
#107=CONICAL_SURFACE('',#3212,75.3,0.785398163397435);
#108=CONICAL_SURFACE('',#3223,60.35,0.785398163397466);
#109=CONICAL_SURFACE('',#3225,51.25,0.78539816339746);
#110=CONICAL_SURFACE('',#3229,49.2,0.785398163397506);
#111=CONICAL_SURFACE('',#3236,60.25,0.785398163397431);
#112=CONICAL_SURFACE('',#3239,57.4316178594403,0.349065850398864);
#113=CONICAL_SURFACE('',#3243,57.65,1.22173047639603);
#114=SHAPE_REPRESENTATION_RELATIONSHIP('SRR','None',#5039,#118);
#115=SHAPE_REPRESENTATION_RELATIONSHIP('SRR','None',#5040,#119);
#116=SHAPE_REPRESENTATION_RELATIONSHIP('SRR','None',#5042,#120);
#117=SHAPE_REPRESENTATION_RELATIONSHIP('SRR','None',#5043,#121);
#118=ADVANCED_BREP_SHAPE_REPRESENTATION('',(#158),#5011);
#119=ADVANCED_BREP_SHAPE_REPRESENTATION('',(#159),#5012);
#120=ADVANCED_BREP_SHAPE_REPRESENTATION('',(#160),#5014);
#121=ADVANCED_BREP_SHAPE_REPRESENTATION('',(#161),#5015);
#122=STYLED_ITEM('',(#5073),#158);
#123=STYLED_ITEM('',(#5074),#2667);
#124=STYLED_ITEM('',(#5074),#2668);
#125=STYLED_ITEM('',(#5075),#2703);
#126=STYLED_ITEM('',(#5075),#2704);
#127=STYLED_ITEM('',(#5075),#2705);
#128=STYLED_ITEM('',(#5075),#2706);
#129=STYLED_ITEM('',(#5075),#2707);
#130=STYLED_ITEM('',(#5075),#2708);
#131=STYLED_ITEM('',(#5075),#2709);
#132=STYLED_ITEM('',(#5075),#2710);
#133=STYLED_ITEM('',(#5075),#2711);
#134=STYLED_ITEM('',(#5075),#2712);
#135=STYLED_ITEM('',(#5075),#2713);
#136=STYLED_ITEM('',(#5075),#2714);
#137=STYLED_ITEM('',(#5075),#2715);
#138=STYLED_ITEM('',(#5075),#2716);
#139=STYLED_ITEM('',(#5075),#2717);
#140=STYLED_ITEM('',(#5073),#159);
#141=STYLED_ITEM('',(#5075),#2774);
#142=STYLED_ITEM('',(#5075),#2775);
#143=STYLED_ITEM('',(#5075),#2776);
#144=STYLED_ITEM('',(#5075),#2777);
#145=STYLED_ITEM('',(#5075),#2778);
#146=STYLED_ITEM('',(#5075),#2779);
#147=STYLED_ITEM('',(#5075),#2780);
#148=STYLED_ITEM('',(#5075),#2781);
#149=STYLED_ITEM('',(#5075),#2782);
#150=STYLED_ITEM('',(#5075),#2783);
#151=STYLED_ITEM('',(#5075),#2784);
#152=STYLED_ITEM('',(#5075),#2785);
#153=STYLED_ITEM('',(#5075),#2786);
#154=STYLED_ITEM('',(#5075),#2787);
#155=STYLED_ITEM('',(#5075),#2788);
#156=STYLED_ITEM('',(#5073),#160);
#157=STYLED_ITEM('',(#5073),#161);
#158=MANIFOLD_SOLID_BREP('Body1',#2816);
#159=MANIFOLD_SOLID_BREP('Body1',#2817);
#160=MANIFOLD_SOLID_BREP('Body1',#2818);
#161=MANIFOLD_SOLID_BREP('Body1',#2819);
#162=FACE_BOUND('',#418,.T.);
#163=FACE_BOUND('',#420,.T.);
#164=FACE_BOUND('',#480,.T.);
#165=FACE_BOUND('',#481,.T.);
#166=FACE_BOUND('',#482,.T.);
#167=FACE_BOUND('',#483,.T.);
#168=FACE_BOUND('',#484,.T.);
#169=FACE_BOUND('',#485,.T.);
#170=FACE_BOUND('',#486,.T.);
#171=FACE_BOUND('',#487,.T.);
#172=FACE_BOUND('',#490,.T.);
#173=FACE_BOUND('',#492,.T.);
#174=FACE_BOUND('',#493,.T.);
#175=FACE_BOUND('',#494,.T.);
#176=FACE_BOUND('',#495,.T.);
#177=FACE_BOUND('',#496,.T.);
#178=FACE_BOUND('',#497,.T.);
#179=FACE_BOUND('',#498,.T.);
#180=FACE_BOUND('',#499,.T.);
#181=FACE_BOUND('',#501,.T.);
#182=FACE_BOUND('',#502,.T.);
#183=FACE_BOUND('',#503,.T.);
#184=FACE_BOUND('',#504,.T.);
#185=FACE_BOUND('',#505,.T.);
#186=FACE_BOUND('',#506,.T.);
#187=FACE_BOUND('',#507,.T.);
#188=FACE_BOUND('',#508,.T.);
#189=FACE_BOUND('',#509,.T.);
#190=FACE_BOUND('',#510,.T.);
#191=FACE_BOUND('',#511,.T.);
#192=FACE_BOUND('',#512,.T.);
#193=FACE_BOUND('',#513,.T.);
#194=FACE_BOUND('',#514,.T.);
#195=FACE_BOUND('',#515,.T.);
#196=FACE_BOUND('',#516,.T.);
#197=FACE_BOUND('',#517,.T.);
#198=FACE_BOUND('',#519,.T.);
#199=FACE_BOUND('',#583,.T.);
#200=FACE_BOUND('',#584,.T.);
#201=FACE_BOUND('',#585,.T.);
#202=FACE_BOUND('',#586,.T.);
#203=FACE_BOUND('',#587,.T.);
#204=FACE_BOUND('',#588,.T.);
#205=FACE_BOUND('',#589,.T.);
#206=FACE_BOUND('',#590,.T.);
#207=FACE_BOUND('',#593,.T.);
#208=FACE_BOUND('',#594,.T.);
#209=FACE_BOUND('',#595,.T.);
#210=FACE_BOUND('',#596,.T.);
#211=FACE_BOUND('',#597,.T.);
#212=FACE_BOUND('',#598,.T.);
#213=FACE_BOUND('',#599,.T.);
#214=FACE_BOUND('',#600,.T.);
#215=FACE_BOUND('',#602,.T.);
#216=FACE_BOUND('',#603,.T.);
#217=FACE_BOUND('',#604,.T.);
#218=FACE_BOUND('',#605,.T.);
#219=FACE_BOUND('',#606,.T.);
#220=FACE_BOUND('',#607,.T.);
#221=FACE_BOUND('',#608,.T.);
#222=FACE_BOUND('',#609,.T.);
#223=FACE_BOUND('',#610,.T.);
#224=FACE_BOUND('',#611,.T.);
#225=FACE_BOUND('',#612,.T.);
#226=FACE_BOUND('',#613,.T.);
#227=FACE_BOUND('',#614,.T.);
#228=FACE_BOUND('',#615,.T.);
#229=FACE_BOUND('',#616,.T.);
#230=FACE_BOUND('',#617,.T.);
#231=FACE_BOUND('',#618,.T.);
#232=FACE_BOUND('',#620,.T.);
#233=FACE_BOUND('',#637,.T.);
#234=FACE_BOUND('',#639,.T.);
#235=FACE_BOUND('',#641,.T.);
#236=PLANE('',#2873);
#237=PLANE('',#2874);
#238=PLANE('',#3039);
#239=PLANE('',#3042);
#240=PLANE('',#3043);
#241=PLANE('',#3044);
#242=PLANE('',#3045);
#243=PLANE('',#3046);
#244=PLANE('',#3047);
#245=PLANE('',#3048);
#246=PLANE('',#3049);
#247=PLANE('',#3050);
#248=PLANE('',#3051);
#249=PLANE('',#3210);
#250=PLANE('',#3213);
#251=PLANE('',#3215);
#252=PLANE('',#3216);
#253=PLANE('',#3217);
#254=PLANE('',#3218);
#255=PLANE('',#3219);
#256=PLANE('',#3220);
#257=PLANE('',#3221);
#258=PLANE('',#3222);
#259=PLANE('',#3247);
#260=PLANE('',#3248);
#261=PLANE('',#3249);
#262=FACE_OUTER_BOUND('',#415,.T.);
#263=FACE_OUTER_BOUND('',#416,.T.);
#264=FACE_OUTER_BOUND('',#417,.T.);
#265=FACE_OUTER_BOUND('',#419,.T.);
#266=FACE_OUTER_BOUND('',#421,.T.);
#267=FACE_OUTER_BOUND('',#422,.T.);
#268=FACE_OUTER_BOUND('',#423,.T.);
#269=FACE_OUTER_BOUND('',#424,.T.);
#270=FACE_OUTER_BOUND('',#425,.T.);
#271=FACE_OUTER_BOUND('',#426,.T.);
#272=FACE_OUTER_BOUND('',#427,.T.);
#273=FACE_OUTER_BOUND('',#428,.T.);
#274=FACE_OUTER_BOUND('',#429,.T.);
#275=FACE_OUTER_BOUND('',#430,.T.);
#276=FACE_OUTER_BOUND('',#431,.T.);
#277=FACE_OUTER_BOUND('',#432,.T.);
#278=FACE_OUTER_BOUND('',#433,.T.);
#279=FACE_OUTER_BOUND('',#434,.T.);
#280=FACE_OUTER_BOUND('',#435,.T.);
#281=FACE_OUTER_BOUND('',#436,.T.);
#282=FACE_OUTER_BOUND('',#437,.T.);
#283=FACE_OUTER_BOUND('',#438,.T.);
#284=FACE_OUTER_BOUND('',#439,.T.);
#285=FACE_OUTER_BOUND('',#440,.T.);
#286=FACE_OUTER_BOUND('',#441,.T.);
#287=FACE_OUTER_BOUND('',#442,.T.);
#288=FACE_OUTER_BOUND('',#443,.T.);
#289=FACE_OUTER_BOUND('',#444,.T.);
#290=FACE_OUTER_BOUND('',#445,.T.);
#291=FACE_OUTER_BOUND('',#446,.T.);
#292=FACE_OUTER_BOUND('',#447,.T.);
#293=FACE_OUTER_BOUND('',#448,.T.);
#294=FACE_OUTER_BOUND('',#449,.T.);
#295=FACE_OUTER_BOUND('',#450,.T.);
#296=FACE_OUTER_BOUND('',#451,.T.);
#297=FACE_OUTER_BOUND('',#452,.T.);
#298=FACE_OUTER_BOUND('',#453,.T.);
#299=FACE_OUTER_BOUND('',#454,.T.);
#300=FACE_OUTER_BOUND('',#455,.T.);
#301=FACE_OUTER_BOUND('',#456,.T.);
#302=FACE_OUTER_BOUND('',#457,.T.);
#303=FACE_OUTER_BOUND('',#458,.T.);
#304=FACE_OUTER_BOUND('',#459,.T.);
#305=FACE_OUTER_BOUND('',#460,.T.);
#306=FACE_OUTER_BOUND('',#461,.T.);
#307=FACE_OUTER_BOUND('',#462,.T.);
#308=FACE_OUTER_BOUND('',#463,.T.);
#309=FACE_OUTER_BOUND('',#464,.T.);
#310=FACE_OUTER_BOUND('',#465,.T.);
#311=FACE_OUTER_BOUND('',#466,.T.);
#312=FACE_OUTER_BOUND('',#467,.T.);
#313=FACE_OUTER_BOUND('',#468,.T.);
#314=FACE_OUTER_BOUND('',#469,.T.);
#315=FACE_OUTER_BOUND('',#470,.T.);
#316=FACE_OUTER_BOUND('',#471,.T.);
#317=FACE_OUTER_BOUND('',#472,.T.);
#318=FACE_OUTER_BOUND('',#473,.T.);
#319=FACE_OUTER_BOUND('',#474,.T.);
#320=FACE_OUTER_BOUND('',#475,.T.);
#321=FACE_OUTER_BOUND('',#476,.T.);
#322=FACE_OUTER_BOUND('',#477,.T.);
#323=FACE_OUTER_BOUND('',#478,.T.);
#324=FACE_OUTER_BOUND('',#479,.T.);
#325=FACE_OUTER_BOUND('',#488,.T.);
#326=FACE_OUTER_BOUND('',#489,.T.);
#327=FACE_OUTER_BOUND('',#491,.T.);
#328=FACE_OUTER_BOUND('',#500,.T.);
#329=FACE_OUTER_BOUND('',#518,.T.);
#330=FACE_OUTER_BOUND('',#520,.T.);
#331=FACE_OUTER_BOUND('',#521,.T.);
#332=FACE_OUTER_BOUND('',#522,.T.);
#333=FACE_OUTER_BOUND('',#523,.T.);
#334=FACE_OUTER_BOUND('',#524,.T.);
#335=FACE_OUTER_BOUND('',#525,.T.);
#336=FACE_OUTER_BOUND('',#526,.T.);
#337=FACE_OUTER_BOUND('',#527,.T.);
#338=FACE_OUTER_BOUND('',#528,.T.);
#339=FACE_OUTER_BOUND('',#529,.T.);
#340=FACE_OUTER_BOUND('',#530,.T.);
#341=FACE_OUTER_BOUND('',#531,.T.);
#342=FACE_OUTER_BOUND('',#532,.T.);
#343=FACE_OUTER_BOUND('',#533,.T.);
#344=FACE_OUTER_BOUND('',#534,.T.);
#345=FACE_OUTER_BOUND('',#535,.T.);
#346=FACE_OUTER_BOUND('',#536,.T.);
#347=FACE_OUTER_BOUND('',#537,.T.);
#348=FACE_OUTER_BOUND('',#538,.T.);
#349=FACE_OUTER_BOUND('',#539,.T.);
#350=FACE_OUTER_BOUND('',#540,.T.);
#351=FACE_OUTER_BOUND('',#541,.T.);
#352=FACE_OUTER_BOUND('',#542,.T.);
#353=FACE_OUTER_BOUND('',#543,.T.);
#354=FACE_OUTER_BOUND('',#544,.T.);
#355=FACE_OUTER_BOUND('',#545,.T.);
#356=FACE_OUTER_BOUND('',#546,.T.);
#357=FACE_OUTER_BOUND('',#547,.T.);
#358=FACE_OUTER_BOUND('',#548,.T.);
#359=FACE_OUTER_BOUND('',#549,.T.);
#360=FACE_OUTER_BOUND('',#550,.T.);
#361=FACE_OUTER_BOUND('',#551,.T.);
#362=FACE_OUTER_BOUND('',#552,.T.);
#363=FACE_OUTER_BOUND('',#553,.T.);
#364=FACE_OUTER_BOUND('',#554,.T.);
#365=FACE_OUTER_BOUND('',#555,.T.);
#366=FACE_OUTER_BOUND('',#556,.T.);
#367=FACE_OUTER_BOUND('',#557,.T.);
#368=FACE_OUTER_BOUND('',#558,.T.);
#369=FACE_OUTER_BOUND('',#559,.T.);
#370=FACE_OUTER_BOUND('',#560,.T.);
#371=FACE_OUTER_BOUND('',#561,.T.);
#372=FACE_OUTER_BOUND('',#562,.T.);
#373=FACE_OUTER_BOUND('',#563,.T.);
#374=FACE_OUTER_BOUND('',#564,.T.);
#375=FACE_OUTER_BOUND('',#565,.T.);
#376=FACE_OUTER_BOUND('',#566,.T.);
#377=FACE_OUTER_BOUND('',#567,.T.);
#378=FACE_OUTER_BOUND('',#568,.T.);
#379=FACE_OUTER_BOUND('',#569,.T.);
#380=FACE_OUTER_BOUND('',#570,.T.);
#381=FACE_OUTER_BOUND('',#571,.T.);
#382=FACE_OUTER_BOUND('',#572,.T.);
#383=FACE_OUTER_BOUND('',#573,.T.);
#384=FACE_OUTER_BOUND('',#574,.T.);
#385=FACE_OUTER_BOUND('',#575,.T.);
#386=FACE_OUTER_BOUND('',#576,.T.);
#387=FACE_OUTER_BOUND('',#577,.T.);
#388=FACE_OUTER_BOUND('',#578,.T.);
#389=FACE_OUTER_BOUND('',#579,.T.);
#390=FACE_OUTER_BOUND('',#580,.T.);
#391=FACE_OUTER_BOUND('',#581,.T.);
#392=FACE_OUTER_BOUND('',#582,.T.);
#393=FACE_OUTER_BOUND('',#591,.T.);
#394=FACE_OUTER_BOUND('',#592,.T.);
#395=FACE_OUTER_BOUND('',#601,.T.);
#396=FACE_OUTER_BOUND('',#619,.T.);
#397=FACE_OUTER_BOUND('',#621,.T.);
#398=FACE_OUTER_BOUND('',#622,.T.);
#399=FACE_OUTER_BOUND('',#623,.T.);
#400=FACE_OUTER_BOUND('',#624,.T.);
#401=FACE_OUTER_BOUND('',#625,.T.);
#402=FACE_OUTER_BOUND('',#626,.T.);
#403=FACE_OUTER_BOUND('',#627,.T.);
#404=FACE_OUTER_BOUND('',#628,.T.);
#405=FACE_OUTER_BOUND('',#629,.T.);
#406=FACE_OUTER_BOUND('',#630,.T.);
#407=FACE_OUTER_BOUND('',#631,.T.);
#408=FACE_OUTER_BOUND('',#632,.T.);
#409=FACE_OUTER_BOUND('',#633,.T.);
#410=FACE_OUTER_BOUND('',#634,.T.);
#411=FACE_OUTER_BOUND('',#635,.T.);
#412=FACE_OUTER_BOUND('',#636,.T.);
#413=FACE_OUTER_BOUND('',#638,.T.);
#414=FACE_OUTER_BOUND('',#640,.T.);
#415=EDGE_LOOP('',(#1837,#1838,#1839,#1840));
#416=EDGE_LOOP('',(#1841,#1842,#1843,#1844));
#417=EDGE_LOOP('',(#1845));
#418=EDGE_LOOP('',(#1846));
#419=EDGE_LOOP('',(#1847));
#420=EDGE_LOOP('',(#1848));
#421=EDGE_LOOP('',(#1849,#1850,#1851,#1852));
#422=EDGE_LOOP('',(#1853,#1854,#1855,#1856,#1857));
#423=EDGE_LOOP('',(#1858,#1859,#1860,#1861,#1862));
#424=EDGE_LOOP('',(#1863,#1864,#1865,#1866));
#425=EDGE_LOOP('',(#1867,#1868,#1869,#1870,#1871));
#426=EDGE_LOOP('',(#1872,#1873,#1874,#1875));
#427=EDGE_LOOP('',(#1876,#1877,#1878,#1879,#1880));
#428=EDGE_LOOP('',(#1881,#1882,#1883,#1884));
#429=EDGE_LOOP('',(#1885,#1886,#1887,#1888,#1889));
#430=EDGE_LOOP('',(#1890,#1891,#1892,#1893));
#431=EDGE_LOOP('',(#1894,#1895,#1896,#1897,#1898));
#432=EDGE_LOOP('',(#1899,#1900,#1901,#1902));
#433=EDGE_LOOP('',(#1903,#1904,#1905,#1906,#1907));
#434=EDGE_LOOP('',(#1908,#1909,#1910,#1911));
#435=EDGE_LOOP('',(#1912,#1913,#1914,#1915,#1916));
#436=EDGE_LOOP('',(#1917,#1918,#1919,#1920));
#437=EDGE_LOOP('',(#1921,#1922,#1923,#1924,#1925));
#438=EDGE_LOOP('',(#1926,#1927,#1928,#1929));
#439=EDGE_LOOP('',(#1930,#1931,#1932,#1933,#1934));
#440=EDGE_LOOP('',(#1935,#1936,#1937,#1938));
#441=EDGE_LOOP('',(#1939,#1940,#1941,#1942,#1943));
#442=EDGE_LOOP('',(#1944,#1945,#1946,#1947));
#443=EDGE_LOOP('',(#1948,#1949,#1950,#1951,#1952));
#444=EDGE_LOOP('',(#1953,#1954,#1955,#1956));
#445=EDGE_LOOP('',(#1957,#1958,#1959,#1960,#1961));
#446=EDGE_LOOP('',(#1962,#1963,#1964,#1965));
#447=EDGE_LOOP('',(#1966,#1967,#1968,#1969,#1970));
#448=EDGE_LOOP('',(#1971,#1972,#1973,#1974));
#449=EDGE_LOOP('',(#1975,#1976,#1977,#1978,#1979));
#450=EDGE_LOOP('',(#1980,#1981,#1982,#1983));
#451=EDGE_LOOP('',(#1984,#1985,#1986,#1987,#1988));
#452=EDGE_LOOP('',(#1989,#1990,#1991,#1992));
#453=EDGE_LOOP('',(#1993,#1994,#1995,#1996,#1997));
#454=EDGE_LOOP('',(#1998,#1999,#2000,#2001));
#455=EDGE_LOOP('',(#2002,#2003,#2004,#2005,#2006));
#456=EDGE_LOOP('',(#2007,#2008,#2009,#2010));
#457=EDGE_LOOP('',(#2011,#2012,#2013,#2014,#2015));
#458=EDGE_LOOP('',(#2016,#2017,#2018,#2019,#2020));
#459=EDGE_LOOP('',(#2021,#2022,#2023,#2024,#2025));
#460=EDGE_LOOP('',(#2026,#2027,#2028,#2029,#2030));
#461=EDGE_LOOP('',(#2031,#2032,#2033,#2034,#2035));
#462=EDGE_LOOP('',(#2036,#2037,#2038,#2039,#2040));
#463=EDGE_LOOP('',(#2041,#2042,#2043,#2044,#2045));
#464=EDGE_LOOP('',(#2046,#2047,#2048,#2049,#2050));
#465=EDGE_LOOP('',(#2051,#2052,#2053,#2054,#2055));
#466=EDGE_LOOP('',(#2056,#2057,#2058,#2059,#2060));
#467=EDGE_LOOP('',(#2061,#2062,#2063,#2064,#2065));
#468=EDGE_LOOP('',(#2066,#2067,#2068,#2069,#2070));
#469=EDGE_LOOP('',(#2071,#2072,#2073,#2074,#2075));
#470=EDGE_LOOP('',(#2076,#2077,#2078,#2079,#2080));
#471=EDGE_LOOP('',(#2081,#2082,#2083,#2084,#2085));
#472=EDGE_LOOP('',(#2086,#2087,#2088,#2089,#2090));
#473=EDGE_LOOP('',(#2091,#2092,#2093,#2094,#2095));
#474=EDGE_LOOP('',(#2096,#2097,#2098,#2099,#2100,#2101,#2102,#2103,#2104,
#2105,#2106,#2107));
#475=EDGE_LOOP('',(#2108,#2109,#2110,#2111,#2112,#2113,#2114,#2115,#2116,
#2117,#2118,#2119,#2120));
#476=EDGE_LOOP('',(#2121,#2122,#2123,#2124,#2125,#2126));
#477=EDGE_LOOP('',(#2127,#2128,#2129,#2130,#2131));
#478=EDGE_LOOP('',(#2132,#2133,#2134,#2135));
#479=EDGE_LOOP('',(#2136,#2137,#2138,#2139));
#480=EDGE_LOOP('',(#2140));
#481=EDGE_LOOP('',(#2141));
#482=EDGE_LOOP('',(#2142));
#483=EDGE_LOOP('',(#2143));
#484=EDGE_LOOP('',(#2144));
#485=EDGE_LOOP('',(#2145));
#486=EDGE_LOOP('',(#2146));
#487=EDGE_LOOP('',(#2147));
#488=EDGE_LOOP('',(#2148,#2149,#2150,#2151));
#489=EDGE_LOOP('',(#2152));
#490=EDGE_LOOP('',(#2153));
#491=EDGE_LOOP('',(#2154,#2155,#2156,#2157,#2158));
#492=EDGE_LOOP('',(#2159));
#493=EDGE_LOOP('',(#2160));
#494=EDGE_LOOP('',(#2161));
#495=EDGE_LOOP('',(#2162));
#496=EDGE_LOOP('',(#2163));
#497=EDGE_LOOP('',(#2164));
#498=EDGE_LOOP('',(#2165));
#499=EDGE_LOOP('',(#2166));
#500=EDGE_LOOP('',(#2167));
#501=EDGE_LOOP('',(#2168));
#502=EDGE_LOOP('',(#2169));
#503=EDGE_LOOP('',(#2170));
#504=EDGE_LOOP('',(#2171));
#505=EDGE_LOOP('',(#2172));
#506=EDGE_LOOP('',(#2173));
#507=EDGE_LOOP('',(#2174));
#508=EDGE_LOOP('',(#2175));
#509=EDGE_LOOP('',(#2176));
#510=EDGE_LOOP('',(#2177));
#511=EDGE_LOOP('',(#2178));
#512=EDGE_LOOP('',(#2179));
#513=EDGE_LOOP('',(#2180));
#514=EDGE_LOOP('',(#2181));
#515=EDGE_LOOP('',(#2182));
#516=EDGE_LOOP('',(#2183));
#517=EDGE_LOOP('',(#2184));
#518=EDGE_LOOP('',(#2185));
#519=EDGE_LOOP('',(#2186));
#520=EDGE_LOOP('',(#2187,#2188,#2189,#2190,#2191));
#521=EDGE_LOOP('',(#2192,#2193,#2194,#2195,#2196));
#522=EDGE_LOOP('',(#2197,#2198,#2199,#2200));
#523=EDGE_LOOP('',(#2201,#2202,#2203,#2204,#2205));
#524=EDGE_LOOP('',(#2206,#2207,#2208,#2209,#2210));
#525=EDGE_LOOP('',(#2211,#2212,#2213,#2214));
#526=EDGE_LOOP('',(#2215,#2216,#2217,#2218));
#527=EDGE_LOOP('',(#2219,#2220,#2221,#2222));
#528=EDGE_LOOP('',(#2223,#2224,#2225,#2226,#2227));
#529=EDGE_LOOP('',(#2228,#2229,#2230,#2231,#2232));
#530=EDGE_LOOP('',(#2233,#2234,#2235,#2236));
#531=EDGE_LOOP('',(#2237,#2238,#2239,#2240,#2241));
#532=EDGE_LOOP('',(#2242,#2243,#2244,#2245));
#533=EDGE_LOOP('',(#2246,#2247,#2248,#2249,#2250));
#534=EDGE_LOOP('',(#2251,#2252,#2253,#2254));
#535=EDGE_LOOP('',(#2255,#2256,#2257,#2258,#2259));
#536=EDGE_LOOP('',(#2260,#2261,#2262,#2263));
#537=EDGE_LOOP('',(#2264,#2265,#2266,#2267,#2268));
#538=EDGE_LOOP('',(#2269,#2270,#2271,#2272));
#539=EDGE_LOOP('',(#2273,#2274,#2275,#2276,#2277));
#540=EDGE_LOOP('',(#2278,#2279,#2280,#2281));
#541=EDGE_LOOP('',(#2282,#2283,#2284,#2285,#2286));
#542=EDGE_LOOP('',(#2287,#2288,#2289,#2290));
#543=EDGE_LOOP('',(#2291,#2292,#2293,#2294,#2295));
#544=EDGE_LOOP('',(#2296,#2297,#2298,#2299));
#545=EDGE_LOOP('',(#2300,#2301,#2302,#2303,#2304));
#546=EDGE_LOOP('',(#2305,#2306,#2307,#2308));
#547=EDGE_LOOP('',(#2309,#2310,#2311,#2312,#2313));
#548=EDGE_LOOP('',(#2314,#2315,#2316,#2317));
#549=EDGE_LOOP('',(#2318,#2319,#2320,#2321,#2322));
#550=EDGE_LOOP('',(#2323,#2324,#2325,#2326));
#551=EDGE_LOOP('',(#2327,#2328,#2329,#2330,#2331));
#552=EDGE_LOOP('',(#2332,#2333,#2334,#2335));
#553=EDGE_LOOP('',(#2336,#2337,#2338,#2339,#2340));
#554=EDGE_LOOP('',(#2341,#2342,#2343,#2344));
#555=EDGE_LOOP('',(#2345,#2346,#2347,#2348,#2349));
#556=EDGE_LOOP('',(#2350,#2351,#2352,#2353));
#557=EDGE_LOOP('',(#2354,#2355,#2356,#2357,#2358));
#558=EDGE_LOOP('',(#2359,#2360,#2361,#2362));
#559=EDGE_LOOP('',(#2363,#2364,#2365,#2366,#2367));
#560=EDGE_LOOP('',(#2368,#2369,#2370,#2371));
#561=EDGE_LOOP('',(#2372,#2373,#2374,#2375,#2376));
#562=EDGE_LOOP('',(#2377,#2378,#2379,#2380));
#563=EDGE_LOOP('',(#2381,#2382,#2383,#2384,#2385));
#564=EDGE_LOOP('',(#2386,#2387,#2388,#2389,#2390));
#565=EDGE_LOOP('',(#2391,#2392,#2393,#2394,#2395));
#566=EDGE_LOOP('',(#2396,#2397,#2398,#2399,#2400));
#567=EDGE_LOOP('',(#2401,#2402,#2403,#2404,#2405));
#568=EDGE_LOOP('',(#2406,#2407,#2408,#2409,#2410));
#569=EDGE_LOOP('',(#2411,#2412,#2413,#2414,#2415));
#570=EDGE_LOOP('',(#2416,#2417,#2418,#2419,#2420));
#571=EDGE_LOOP('',(#2421,#2422,#2423,#2424,#2425));
#572=EDGE_LOOP('',(#2426,#2427,#2428,#2429,#2430));
#573=EDGE_LOOP('',(#2431,#2432,#2433,#2434,#2435));
#574=EDGE_LOOP('',(#2436,#2437,#2438,#2439,#2440));
#575=EDGE_LOOP('',(#2441,#2442,#2443,#2444,#2445));
#576=EDGE_LOOP('',(#2446,#2447,#2448,#2449,#2450));
#577=EDGE_LOOP('',(#2451,#2452,#2453,#2454,#2455));
#578=EDGE_LOOP('',(#2456,#2457,#2458,#2459,#2460));
#579=EDGE_LOOP('',(#2461,#2462,#2463,#2464,#2465));
#580=EDGE_LOOP('',(#2466,#2467,#2468,#2469,#2470,#2471,#2472,#2473,#2474,
#2475,#2476,#2477));
#581=EDGE_LOOP('',(#2478,#2479,#2480,#2481,#2482,#2483,#2484,#2485,#2486,
#2487,#2488,#2489));
#582=EDGE_LOOP('',(#2490,#2491,#2492,#2493));
#583=EDGE_LOOP('',(#2494));
#584=EDGE_LOOP('',(#2495));
#585=EDGE_LOOP('',(#2496));
#586=EDGE_LOOP('',(#2497));
#587=EDGE_LOOP('',(#2498));
#588=EDGE_LOOP('',(#2499));
#589=EDGE_LOOP('',(#2500));
#590=EDGE_LOOP('',(#2501));
#591=EDGE_LOOP('',(#2502,#2503,#2504,#2505));
#592=EDGE_LOOP('',(#2506,#2507,#2508,#2509));
#593=EDGE_LOOP('',(#2510));
#594=EDGE_LOOP('',(#2511));
#595=EDGE_LOOP('',(#2512));
#596=EDGE_LOOP('',(#2513));
#597=EDGE_LOOP('',(#2514));
#598=EDGE_LOOP('',(#2515));
#599=EDGE_LOOP('',(#2516));
#600=EDGE_LOOP('',(#2517));
#601=EDGE_LOOP('',(#2518));
#602=EDGE_LOOP('',(#2519));
#603=EDGE_LOOP('',(#2520));
#604=EDGE_LOOP('',(#2521));
#605=EDGE_LOOP('',(#2522));
#606=EDGE_LOOP('',(#2523));
#607=EDGE_LOOP('',(#2524));
#608=EDGE_LOOP('',(#2525));
#609=EDGE_LOOP('',(#2526));
#610=EDGE_LOOP('',(#2527));
#611=EDGE_LOOP('',(#2528));
#612=EDGE_LOOP('',(#2529));
#613=EDGE_LOOP('',(#2530));
#614=EDGE_LOOP('',(#2531));
#615=EDGE_LOOP('',(#2532));
#616=EDGE_LOOP('',(#2533));
#617=EDGE_LOOP('',(#2534));
#618=EDGE_LOOP('',(#2535));
#619=EDGE_LOOP('',(#2536));
#620=EDGE_LOOP('',(#2537));
#621=EDGE_LOOP('',(#2538,#2539,#2540,#2541,#2542,#2543));
#622=EDGE_LOOP('',(#2544,#2545,#2546,#2547,#2548,#2549));
#623=EDGE_LOOP('',(#2550,#2551,#2552,#2553));
#624=EDGE_LOOP('',(#2554,#2555,#2556,#2557,#2558,#2559));
#625=EDGE_LOOP('',(#2560,#2561,#2562,#2563,#2564,#2565));
#626=EDGE_LOOP('',(#2566,#2567,#2568,#2569));
#627=EDGE_LOOP('',(#2570,#2571,#2572,#2573,#2574));
#628=EDGE_LOOP('',(#2575,#2576,#2577,#2578,#2579));
#629=EDGE_LOOP('',(#2580,#2581,#2582,#2583));
#630=EDGE_LOOP('',(#2584,#2585,#2586,#2587,#2588));
#631=EDGE_LOOP('',(#2589,#2590,#2591,#2592));
#632=EDGE_LOOP('',(#2593,#2594,#2595,#2596));
#633=EDGE_LOOP('',(#2597,#2598,#2599,#2600,#2601));
#634=EDGE_LOOP('',(#2602,#2603,#2604,#2605,#2606,#2607));
#635=EDGE_LOOP('',(#2608,#2609,#2610,#2611,#2612));
#636=EDGE_LOOP('',(#2613));
#637=EDGE_LOOP('',(#2614));
#638=EDGE_LOOP('',(#2615));
#639=EDGE_LOOP('',(#2616));
#640=EDGE_LOOP('',(#2617));
#641=EDGE_LOOP('',(#2618));
#642=LINE('',#4206,#807);
#643=LINE('',#4212,#808);
#644=LINE('',#4221,#809);
#645=LINE('',#4229,#810);
#646=LINE('',#4237,#811);
#647=LINE('',#4243,#812);
#648=LINE('',#4251,#813);
#649=LINE('',#4257,#814);
#650=LINE('',#4265,#815);
#651=LINE('',#4271,#816);
#652=LINE('',#4279,#817);
#653=LINE('',#4285,#818);
#654=LINE('',#4293,#819);
#655=LINE('',#4299,#820);
#656=LINE('',#4307,#821);
#657=LINE('',#4313,#822);
#658=LINE('',#4321,#823);
#659=LINE('',#4327,#824);
#660=LINE('',#4335,#825);
#661=LINE('',#4341,#826);
#662=LINE('',#4349,#827);
#663=LINE('',#4355,#828);
#664=LINE('',#4363,#829);
#665=LINE('',#4369,#830);
#666=LINE('',#4377,#831);
#667=LINE('',#4383,#832);
#668=LINE('',#4391,#833);
#669=LINE('',#4397,#834);
#670=LINE('',#4405,#835);
#671=LINE('',#4411,#836);
#672=LINE('',#4419,#837);
#673=LINE('',#4425,#838);
#674=LINE('',#4433,#839);
#675=LINE('',#4439,#840);
#676=LINE('',#4447,#841);
#677=LINE('',#4453,#842);
#678=LINE('',#4460,#843);
#679=LINE('',#4465,#844);
#680=LINE('',#4470,#845);
#681=LINE('',#4473,#846);
#682=LINE('',#4475,#847);
#683=LINE('',#4477,#848);
#684=LINE('',#4479,#849);
#685=LINE('',#4481,#850);
#686=LINE('',#4483,#851);
#687=LINE('',#4485,#852);
#688=LINE('',#4487,#853);
#689=LINE('',#4489,#854);
#690=LINE('',#4491,#855);
#691=LINE('',#4493,#856);
#692=LINE('',#4495,#857);
#693=LINE('',#4497,#858);
#694=LINE('',#4499,#859);
#695=LINE('',#4501,#860);
#696=LINE('',#4503,#861);
#697=LINE('',#4506,#862);
#698=LINE('',#4513,#863);
#699=LINE('',#4516,#864);
#700=LINE('',#4517,#865);
#701=LINE('',#4519,#866);
#702=LINE('',#4522,#867);
#703=LINE('',#4529,#868);
#704=LINE('',#4533,#869);
#705=LINE('',#4537,#870);
#706=LINE('',#4541,#871);
#707=LINE('',#4545,#872);
#708=LINE('',#4549,#873);
#709=LINE('',#4556,#874);
#710=LINE('',#4560,#875);
#711=LINE('',#4565,#876);
#712=LINE('',#4566,#877);
#713=LINE('',#4568,#878);
#714=LINE('',#4569,#879);
#715=LINE('',#4572,#880);
#716=LINE('',#4573,#881);
#717=LINE('',#4577,#882);
#718=LINE('',#4579,#883);
#719=LINE('',#4582,#884);
#720=LINE('',#4584,#885);
#721=LINE('',#4593,#886);
#722=LINE('',#4596,#887);
#723=LINE('',#4601,#888);
#724=LINE('',#4609,#889);
#725=LINE('',#4617,#890);
#726=LINE('',#4623,#891);
#727=LINE('',#4631,#892);
#728=LINE('',#4637,#893);
#729=LINE('',#4645,#894);
#730=LINE('',#4651,#895);
#731=LINE('',#4659,#896);
#732=LINE('',#4665,#897);
#733=LINE('',#4673,#898);
#734=LINE('',#4679,#899);
#735=LINE('',#4687,#900);
#736=LINE('',#4693,#901);
#737=LINE('',#4701,#902);
#738=LINE('',#4707,#903);
#739=LINE('',#4715,#904);
#740=LINE('',#4721,#905);
#741=LINE('',#4729,#906);
#742=LINE('',#4735,#907);
#743=LINE('',#4743,#908);
#744=LINE('',#4749,#909);
#745=LINE('',#4757,#910);
#746=LINE('',#4763,#911);
#747=LINE('',#4771,#912);
#748=LINE('',#4777,#913);
#749=LINE('',#4785,#914);
#750=LINE('',#4791,#915);
#751=LINE('',#4799,#916);
#752=LINE('',#4805,#917);
#753=LINE('',#4813,#918);
#754=LINE('',#4819,#919);
#755=LINE('',#4827,#920);
#756=LINE('',#4833,#921);
#757=LINE('',#4840,#922);
#758=LINE('',#4845,#923);
#759=LINE('',#4850,#924);
#760=LINE('',#4853,#925);
#761=LINE('',#4855,#926);
#762=LINE('',#4857,#927);
#763=LINE('',#4859,#928);
#764=LINE('',#4861,#929);
#765=LINE('',#4863,#930);
#766=LINE('',#4865,#931);
#767=LINE('',#4867,#932);
#768=LINE('',#4869,#933);
#769=LINE('',#4871,#934);
#770=LINE('',#4873,#935);
#771=LINE('',#4875,#936);
#772=LINE('',#4877,#937);
#773=LINE('',#4879,#938);
#774=LINE('',#4881,#939);
#775=LINE('',#4883,#940);
#776=LINE('',#4885,#941);
#777=LINE('',#4891,#942);
#778=LINE('',#4894,#943);
#779=LINE('',#4895,#944);
#780=LINE('',#4897,#945);
#781=LINE('',#4900,#946);
#782=LINE('',#4905,#947);
#783=LINE('',#4909,#948);
#784=LINE('',#4912,#949);
#785=LINE('',#4914,#950);
#786=LINE('',#4918,#951);
#787=LINE('',#4922,#952);
#788=LINE('',#4924,#953);
#789=LINE('',#4927,#954);
#790=LINE('',#4928,#955);
#791=LINE('',#4931,#956);
#792=LINE('',#4934,#957);
#793=LINE('',#4938,#958);
#794=LINE('',#4940,#959);
#795=LINE('',#4941,#960);
#796=LINE('',#4944,#961);
#797=LINE('',#4945,#962);
#798=LINE('',#4947,#963);
#799=LINE('',#4957,#964);
#800=LINE('',#4963,#965);
#801=LINE('',#4967,#966);
#802=LINE('',#4972,#967);
#803=LINE('',#4977,#968);
#804=LINE('',#4983,#969);
#805=LINE('',#4991,#970);
#806=LINE('',#4994,#971);
#807=VECTOR('',#3263,48.8);
#808=VECTOR('',#3270,50.8);
#809=VECTOR('',#3283,49.2);
#810=VECTOR('',#3292,51.75);
#811=VECTOR('',#3301,4.69999999999997);
#812=VECTOR('',#3308,4.2);
#813=VECTOR('',#3317,4.69999999999994);
#814=VECTOR('',#3324,4.2);
#815=VECTOR('',#3333,4.69999999999995);
#816=VECTOR('',#3340,4.2);
#817=VECTOR('',#3349,4.69999999999995);
#818=VECTOR('',#3356,4.2);
#819=VECTOR('',#3365,4.69999999999994);
#820=VECTOR('',#3372,4.2);
#821=VECTOR('',#3381,4.69999999999992);
#822=VECTOR('',#3388,4.2);
#823=VECTOR('',#3397,4.69999999999995);
#824=VECTOR('',#3404,4.2);
#825=VECTOR('',#3413,4.69999999999996);
#826=VECTOR('',#3420,4.2);
#827=VECTOR('',#3429,4.69999999999995);
#828=VECTOR('',#3436,4.2);
#829=VECTOR('',#3445,4.69999999999995);
#830=VECTOR('',#3452,4.2);
#831=VECTOR('',#3461,4.69999999999995);
#832=VECTOR('',#3468,4.2);
#833=VECTOR('',#3477,4.70000000000002);
#834=VECTOR('',#3484,4.2);
#835=VECTOR('',#3493,4.69999999999997);
#836=VECTOR('',#3500,4.2);
#837=VECTOR('',#3509,4.69999999999995);
#838=VECTOR('',#3516,4.2);
#839=VECTOR('',#3525,4.69999999999994);
#840=VECTOR('',#3532,4.2);
#841=VECTOR('',#3541,4.69999999999995);
#842=VECTOR('',#3548,4.2);
#843=VECTOR('',#3555,10.);
#844=VECTOR('',#3560,10.);
#845=VECTOR('',#3565,75.8);
#846=VECTOR('',#3570,4.2);
#847=VECTOR('',#3573,4.2);
#848=VECTOR('',#3576,4.2);
#849=VECTOR('',#3579,4.2);
#850=VECTOR('',#3582,4.2);
#851=VECTOR('',#3585,4.2);
#852=VECTOR('',#3588,4.2);
#853=VECTOR('',#3591,4.2);
#854=VECTOR('',#3594,4.2);
#855=VECTOR('',#3597,4.2);
#856=VECTOR('',#3600,4.2);
#857=VECTOR('',#3603,4.2);
#858=VECTOR('',#3606,4.2);
#859=VECTOR('',#3609,4.2);
#860=VECTOR('',#3612,4.2);
#861=VECTOR('',#3615,4.2);
#862=VECTOR('',#3618,50.95);
#863=VECTOR('',#3625,1000.);
#864=VECTOR('',#3628,1000.);
#865=VECTOR('',#3629,75.8);
#866=VECTOR('',#3630,1000.);
#867=VECTOR('',#3633,1000.);
#868=VECTOR('',#3640,60.35);
#869=VECTOR('',#3643,1000.);
#870=VECTOR('',#3646,1000.);
#871=VECTOR('',#3649,1000.);
#872=VECTOR('',#3652,1000.);
#873=VECTOR('',#3657,57.65);
#874=VECTOR('',#3666,57.4316178594403);
#875=VECTOR('',#3671,49.2);
#876=VECTOR('',#3676,1000.);
#877=VECTOR('',#3677,1000.);
#878=VECTOR('',#3680,10.);
#879=VECTOR('',#3681,10.);
#880=VECTOR('',#3686,1000.);
#881=VECTOR('',#3687,1000.);
#882=VECTOR('',#3694,1000.);
#883=VECTOR('',#3697,1000.);
#884=VECTOR('',#3702,1000.);
#885=VECTOR('',#3705,1000.);
#886=VECTOR('',#3716,10.);
#887=VECTOR('',#3719,10.);
#888=VECTOR('',#3724,55.);
#889=VECTOR('',#3733,55.3);
#890=VECTOR('',#3742,4.49999999999993);
#891=VECTOR('',#3749,4.2);
#892=VECTOR('',#3758,4.50000000000002);
#893=VECTOR('',#3765,4.2);
#894=VECTOR('',#3774,4.5);
#895=VECTOR('',#3781,4.2);
#896=VECTOR('',#3790,4.49999999999998);
#897=VECTOR('',#3797,4.2);
#898=VECTOR('',#3806,4.49999999999994);
#899=VECTOR('',#3813,4.2);
#900=VECTOR('',#3822,4.5);
#901=VECTOR('',#3829,4.2);
#902=VECTOR('',#3838,4.5);
#903=VECTOR('',#3845,4.2);
#904=VECTOR('',#3854,4.49999999999999);
#905=VECTOR('',#3861,4.2);
#906=VECTOR('',#3870,4.49999999999999);
#907=VECTOR('',#3877,4.2);
#908=VECTOR('',#3886,4.49999999999997);
#909=VECTOR('',#3893,4.2);
#910=VECTOR('',#3902,4.5);
#911=VECTOR('',#3909,4.2);
#912=VECTOR('',#3918,4.50000000000002);
#913=VECTOR('',#3925,4.2);
#914=VECTOR('',#3934,4.49999999999996);
#915=VECTOR('',#3941,4.2);
#916=VECTOR('',#3950,4.5);
#917=VECTOR('',#3957,4.2);
#918=VECTOR('',#3966,4.49999999999998);
#919=VECTOR('',#3973,4.2);
#920=VECTOR('',#3982,4.49999999999999);
#921=VECTOR('',#3989,4.2);
#922=VECTOR('',#3996,10.);
#923=VECTOR('',#4001,10.);
#924=VECTOR('',#4006,75.8);
#925=VECTOR('',#4011,4.2);
#926=VECTOR('',#4014,4.2);
#927=VECTOR('',#4017,4.2);
#928=VECTOR('',#4020,4.2);
#929=VECTOR('',#4023,4.2);
#930=VECTOR('',#4026,4.2);
#931=VECTOR('',#4029,4.2);
#932=VECTOR('',#4032,4.2);
#933=VECTOR('',#4035,4.2);
#934=VECTOR('',#4038,4.2);
#935=VECTOR('',#4041,4.2);
#936=VECTOR('',#4044,4.2);
#937=VECTOR('',#4047,4.2);
#938=VECTOR('',#4050,4.2);
#939=VECTOR('',#4053,4.2);
#940=VECTOR('',#4056,4.2);
#941=VECTOR('',#4059,55.);
#942=VECTOR('',#4064,1000.);
#943=VECTOR('',#4067,1000.);
#944=VECTOR('',#4068,75.8);
#945=VECTOR('',#4069,1000.);
#946=VECTOR('',#4072,1000.);
#947=VECTOR('',#4077,60.35);
#948=VECTOR('',#4080,1000.);
#949=VECTOR('',#4083,1000.);
#950=VECTOR('',#4084,1000.);
#951=VECTOR('',#4087,1000.);
#952=VECTOR('',#4092,1000.);
#953=VECTOR('',#4093,1000.);
#954=VECTOR('',#4098,10.);
#955=VECTOR('',#4099,10.);
#956=VECTOR('',#4102,1000.);
#957=VECTOR('',#4105,1000.);
#958=VECTOR('',#4112,1000.);
#959=VECTOR('',#4115,10.);
#960=VECTOR('',#4116,1000.);
#961=VECTOR('',#4121,10.);
#962=VECTOR('',#4122,1000.);
#963=VECTOR('',#4125,1000.);
#964=VECTOR('',#4138,51.25);
#965=VECTOR('',#4145,49.2);
#966=VECTOR('',#4150,50.95);
#967=VECTOR('',#4157,49.2);
#968=VECTOR('',#4162,60.25);
#969=VECTOR('',#4169,57.4316178594403);
#970=VECTOR('',#4178,57.65);
#971=VECTOR('',#4183,60.25);
#972=CIRCLE('',#2868,48.8);
#973=CIRCLE('',#2869,48.8);
#974=CIRCLE('',#2871,50.8);
#975=CIRCLE('',#2872,50.8);
#976=CIRCLE('',#2877,49.2);
#977=CIRCLE('',#2878,50.);
#978=CIRCLE('',#2880,50.95);
#979=CIRCLE('',#2881,50.95);
#980=CIRCLE('',#2882,51.75);
#981=CIRCLE('',#2884,4.2);
#982=CIRCLE('',#2885,4.2);
#983=CIRCLE('',#2886,4.69999999999997);
#984=CIRCLE('',#2888,4.2);
#985=CIRCLE('',#2889,4.70000000000005);
#986=CIRCLE('',#2891,4.2);
#987=CIRCLE('',#2892,4.2);
#988=CIRCLE('',#2893,4.69999999999994);
#989=CIRCLE('',#2895,4.2);
#990=CIRCLE('',#2896,4.70000000000006);
#991=CIRCLE('',#2898,4.2);
#992=CIRCLE('',#2899,4.2);
#993=CIRCLE('',#2900,4.69999999999995);
#994=CIRCLE('',#2902,4.2);
#995=CIRCLE('',#2903,4.70000000000001);
#996=CIRCLE('',#2905,4.2);
#997=CIRCLE('',#2906,4.2);
#998=CIRCLE('',#2907,4.69999999999995);
#999=CIRCLE('',#2909,4.2);
#1000=CIRCLE('',#2910,4.70000000000004);
#1001=CIRCLE('',#2912,4.2);
#1002=CIRCLE('',#2913,4.2);
#1003=CIRCLE('',#2914,4.69999999999994);
#1004=CIRCLE('',#2916,4.2);
#1005=CIRCLE('',#2917,4.70000000000003);
#1006=CIRCLE('',#2919,4.2);
#1007=CIRCLE('',#2920,4.2);
#1008=CIRCLE('',#2921,4.69999999999992);
#1009=CIRCLE('',#2923,4.2);
#1010=CIRCLE('',#2924,4.69999999999996);
#1011=CIRCLE('',#2926,4.2);
#1012=CIRCLE('',#2927,4.2);
#1013=CIRCLE('',#2928,4.69999999999995);
#1014=CIRCLE('',#2930,4.2);
#1015=CIRCLE('',#2931,4.70000000000001);
#1016=CIRCLE('',#2933,4.2);
#1017=CIRCLE('',#2934,4.2);
#1018=CIRCLE('',#2935,4.69999999999996);
#1019=CIRCLE('',#2937,4.2);
#1020=CIRCLE('',#2938,4.69999999999998);
#1021=CIRCLE('',#2940,4.2);
#1022=CIRCLE('',#2941,4.2);
#1023=CIRCLE('',#2942,4.69999999999995);
#1024=CIRCLE('',#2944,4.2);
#1025=CIRCLE('',#2945,4.69999999999998);
#1026=CIRCLE('',#2947,4.2);
#1027=CIRCLE('',#2948,4.2);
#1028=CIRCLE('',#2949,4.69999999999995);
#1029=CIRCLE('',#2951,4.2);
#1030=CIRCLE('',#2952,4.69999999999999);
#1031=CIRCLE('',#2954,4.2);
#1032=CIRCLE('',#2955,4.2);
#1033=CIRCLE('',#2956,4.69999999999995);
#1034=CIRCLE('',#2958,4.2);
#1035=CIRCLE('',#2959,4.70000000000001);
#1036=CIRCLE('',#2961,4.2);
#1037=CIRCLE('',#2962,4.2);
#1038=CIRCLE('',#2963,4.70000000000002);
#1039=CIRCLE('',#2965,4.2);
#1040=CIRCLE('',#2966,4.70000000000002);
#1041=CIRCLE('',#2968,4.2);
#1042=CIRCLE('',#2969,4.2);
#1043=CIRCLE('',#2970,4.69999999999997);
#1044=CIRCLE('',#2972,4.2);
#1045=CIRCLE('',#2973,4.7);
#1046=CIRCLE('',#2975,4.2);
#1047=CIRCLE('',#2976,4.2);
#1048=CIRCLE('',#2977,4.69999999999995);
#1049=CIRCLE('',#2979,4.2);
#1050=CIRCLE('',#2980,4.70000000000001);
#1051=CIRCLE('',#2982,4.2);
#1052=CIRCLE('',#2983,4.2);
#1053=CIRCLE('',#2984,4.69999999999994);
#1054=CIRCLE('',#2986,4.2);
#1055=CIRCLE('',#2987,4.69999999999996);
#1056=CIRCLE('',#2989,4.2);
#1057=CIRCLE('',#2990,4.2);
#1058=CIRCLE('',#2991,4.69999999999995);
#1059=CIRCLE('',#2993,4.2);
#1060=CIRCLE('',#2994,4.70000000000003);
#1061=CIRCLE('',#2996,75.3);
#1062=CIRCLE('',#2997,75.8);
#1063=CIRCLE('',#2998,75.8);
#1064=CIRCLE('',#3000,75.8);
#1065=CIRCLE('',#3001,75.3);
#1066=CIRCLE('',#3019,50.95);
#1067=CIRCLE('',#3021,75.8);
#1068=CIRCLE('',#3022,75.8);
#1069=CIRCLE('',#3023,75.8);
#1070=CIRCLE('',#3025,60.35);
#1071=CIRCLE('',#3026,60.35);
#1072=CIRCLE('',#3027,60.35);
#1073=CIRCLE('',#3028,60.35);
#1074=CIRCLE('',#3029,60.35);
#1075=CIRCLE('',#3030,60.35);
#1076=CIRCLE('',#3031,60.35);
#1077=CIRCLE('',#3033,57.65);
#1078=CIRCLE('',#3034,57.65);
#1079=CIRCLE('',#3036,57.4316178594403);
#1080=CIRCLE('',#3038,49.2);
#1081=CIRCLE('',#3040,75.3);
#1082=CIRCLE('',#3055,60.35);
#1083=CIRCLE('',#3056,60.55);
#1084=CIRCLE('',#3058,55.);
#1085=CIRCLE('',#3059,55.2);
#1086=CIRCLE('',#3061,55.);
#1087=CIRCLE('',#3062,55.);
#1088=CIRCLE('',#3063,55.3);
#1089=CIRCLE('',#3065,4.2);
#1090=CIRCLE('',#3066,4.2);
#1091=CIRCLE('',#3067,4.49999999999993);
#1092=CIRCLE('',#3069,4.2);
#1093=CIRCLE('',#3070,4.49999999999998);
#1094=CIRCLE('',#3072,4.2);
#1095=CIRCLE('',#3073,4.2);
#1096=CIRCLE('',#3074,4.50000000000002);
#1097=CIRCLE('',#3076,4.2);
#1098=CIRCLE('',#3077,4.50000000000002);
#1099=CIRCLE('',#3079,4.2);
#1100=CIRCLE('',#3080,4.2);
#1101=CIRCLE('',#3081,4.5);
#1102=CIRCLE('',#3083,4.2);
#1103=CIRCLE('',#3084,4.50000000000003);
#1104=CIRCLE('',#3086,4.2);
#1105=CIRCLE('',#3087,4.2);
#1106=CIRCLE('',#3088,4.49999999999998);
#1107=CIRCLE('',#3090,4.2);
#1108=CIRCLE('',#3091,4.50000000000001);
#1109=CIRCLE('',#3093,4.2);
#1110=CIRCLE('',#3094,4.2);
#1111=CIRCLE('',#3095,4.49999999999994);
#1112=CIRCLE('',#3097,4.2);
#1113=CIRCLE('',#3098,4.50000000000005);
#1114=CIRCLE('',#3100,4.2);
#1115=CIRCLE('',#3101,4.2);
#1116=CIRCLE('',#3102,4.5);
#1117=CIRCLE('',#3104,4.2);
#1118=CIRCLE('',#3105,4.49999999999998);
#1119=CIRCLE('',#3107,4.2);
#1120=CIRCLE('',#3108,4.2);
#1121=CIRCLE('',#3109,4.5);
#1122=CIRCLE('',#3111,4.2);
#1123=CIRCLE('',#3112,4.50000000000003);
#1124=CIRCLE('',#3114,4.2);
#1125=CIRCLE('',#3115,4.2);
#1126=CIRCLE('',#3116,4.49999999999999);
#1127=CIRCLE('',#3118,4.2);
#1128=CIRCLE('',#3119,4.50000000000004);
#1129=CIRCLE('',#3121,4.2);
#1130=CIRCLE('',#3122,4.2);
#1131=CIRCLE('',#3123,4.49999999999999);
#1132=CIRCLE('',#3125,4.2);
#1133=CIRCLE('',#3126,4.50000000000001);
#1134=CIRCLE('',#3128,4.2);
#1135=CIRCLE('',#3129,4.2);
#1136=CIRCLE('',#3130,4.49999999999997);
#1137=CIRCLE('',#3132,4.2);
#1138=CIRCLE('',#3133,4.50000000000003);
#1139=CIRCLE('',#3135,4.2);
#1140=CIRCLE('',#3136,4.2);
#1141=CIRCLE('',#3137,4.5);
#1142=CIRCLE('',#3139,4.2);
#1143=CIRCLE('',#3140,4.50000000000003);
#1144=CIRCLE('',#3142,4.2);
#1145=CIRCLE('',#3143,4.2);
#1146=CIRCLE('',#3144,4.50000000000001);
#1147=CIRCLE('',#3146,4.2);
#1148=CIRCLE('',#3147,4.5);
#1149=CIRCLE('',#3149,4.2);
#1150=CIRCLE('',#3150,4.2);
#1151=CIRCLE('',#3151,4.49999999999996);
#1152=CIRCLE('',#3153,4.2);
#1153=CIRCLE('',#3154,4.50000000000002);
#1154=CIRCLE('',#3156,4.2);
#1155=CIRCLE('',#3157,4.2);
#1156=CIRCLE('',#3158,4.5);
#1157=CIRCLE('',#3160,4.2);
#1158=CIRCLE('',#3161,4.50000000000003);
#1159=CIRCLE('',#3163,4.2);
#1160=CIRCLE('',#3164,4.2);
#1161=CIRCLE('',#3165,4.49999999999998);
#1162=CIRCLE('',#3167,4.2);
#1163=CIRCLE('',#3168,4.50000000000002);
#1164=CIRCLE('',#3170,4.2);
#1165=CIRCLE('',#3171,4.2);
#1166=CIRCLE('',#3172,4.49999999999998);
#1167=CIRCLE('',#3174,4.2);
#1168=CIRCLE('',#3175,4.50000000000003);
#1169=CIRCLE('',#3177,75.3);
#1170=CIRCLE('',#3178,75.8);
#1171=CIRCLE('',#3179,75.8);
#1172=CIRCLE('',#3181,75.8);
#1173=CIRCLE('',#3182,75.3);
#1174=CIRCLE('',#3201,75.8);
#1175=CIRCLE('',#3202,75.8);
#1176=CIRCLE('',#3203,75.8);
#1177=CIRCLE('',#3205,60.35);
#1178=CIRCLE('',#3206,60.35);
#1179=CIRCLE('',#3207,60.35);
#1180=CIRCLE('',#3208,60.35);
#1181=CIRCLE('',#3209,60.35);
#1182=CIRCLE('',#3211,75.3);
#1183=CIRCLE('',#3214,60.55);
#1184=CIRCLE('',#3226,50.95);
#1185=CIRCLE('',#3227,50.95);
#1186=CIRCLE('',#3228,51.25);
#1187=CIRCLE('',#3230,49.2);
#1188=CIRCLE('',#3231,49.5000000000001);
#1189=CIRCLE('',#3233,50.95);
#1190=CIRCLE('',#3235,49.2);
#1191=CIRCLE('',#3237,60.25);
#1192=CIRCLE('',#3238,59.85);
#1193=CIRCLE('',#3240,57.4316178594403);
#1194=CIRCLE('',#3241,57.65);
#1195=CIRCLE('',#3242,57.65);
#1196=CIRCLE('',#3244,60.25);
#1197=CIRCLE('',#3245,60.25);
#1198=VERTEX_POINT('',#4203);
#1199=VERTEX_POINT('',#4205);
#1200=VERTEX_POINT('',#4209);
#1201=VERTEX_POINT('',#4211);
#1202=VERTEX_POINT('',#4218);
#1203=VERTEX_POINT('',#4220);
#1204=VERTEX_POINT('',#4224);
#1205=VERTEX_POINT('',#4225);
#1206=VERTEX_POINT('',#4228);
#1207=VERTEX_POINT('',#4232);
#1208=VERTEX_POINT('',#4233);
#1209=VERTEX_POINT('',#4236);
#1210=VERTEX_POINT('',#4240);
#1211=VERTEX_POINT('',#4242);
#1212=VERTEX_POINT('',#4246);
#1213=VERTEX_POINT('',#4247);
#1214=VERTEX_POINT('',#4250);
#1215=VERTEX_POINT('',#4254);
#1216=VERTEX_POINT('',#4256);
#1217=VERTEX_POINT('',#4260);
#1218=VERTEX_POINT('',#4261);
#1219=VERTEX_POINT('',#4264);
#1220=VERTEX_POINT('',#4268);
#1221=VERTEX_POINT('',#4270);
#1222=VERTEX_POINT('',#4274);
#1223=VERTEX_POINT('',#4275);
#1224=VERTEX_POINT('',#4278);
#1225=VERTEX_POINT('',#4282);
#1226=VERTEX_POINT('',#4284);
#1227=VERTEX_POINT('',#4288);
#1228=VERTEX_POINT('',#4289);
#1229=VERTEX_POINT('',#4292);
#1230=VERTEX_POINT('',#4296);
#1231=VERTEX_POINT('',#4298);
#1232=VERTEX_POINT('',#4302);
#1233=VERTEX_POINT('',#4303);
#1234=VERTEX_POINT('',#4306);
#1235=VERTEX_POINT('',#4310);
#1236=VERTEX_POINT('',#4312);
#1237=VERTEX_POINT('',#4316);
#1238=VERTEX_POINT('',#4317);
#1239=VERTEX_POINT('',#4320);
#1240=VERTEX_POINT('',#4324);
#1241=VERTEX_POINT('',#4326);
#1242=VERTEX_POINT('',#4330);
#1243=VERTEX_POINT('',#4331);
#1244=VERTEX_POINT('',#4334);
#1245=VERTEX_POINT('',#4338);
#1246=VERTEX_POINT('',#4340);
#1247=VERTEX_POINT('',#4344);
#1248=VERTEX_POINT('',#4345);
#1249=VERTEX_POINT('',#4348);
#1250=VERTEX_POINT('',#4352);
#1251=VERTEX_POINT('',#4354);
#1252=VERTEX_POINT('',#4358);
#1253=VERTEX_POINT('',#4359);
#1254=VERTEX_POINT('',#4362);
#1255=VERTEX_POINT('',#4366);
#1256=VERTEX_POINT('',#4368);
#1257=VERTEX_POINT('',#4372);
#1258=VERTEX_POINT('',#4373);
#1259=VERTEX_POINT('',#4376);
#1260=VERTEX_POINT('',#4380);
#1261=VERTEX_POINT('',#4382);
#1262=VERTEX_POINT('',#4386);
#1263=VERTEX_POINT('',#4387);
#1264=VERTEX_POINT('',#4390);
#1265=VERTEX_POINT('',#4394);
#1266=VERTEX_POINT('',#4396);
#1267=VERTEX_POINT('',#4400);
#1268=VERTEX_POINT('',#4401);
#1269=VERTEX_POINT('',#4404);
#1270=VERTEX_POINT('',#4408);
#1271=VERTEX_POINT('',#4410);
#1272=VERTEX_POINT('',#4414);
#1273=VERTEX_POINT('',#4415);
#1274=VERTEX_POINT('',#4418);
#1275=VERTEX_POINT('',#4422);
#1276=VERTEX_POINT('',#4424);
#1277=VERTEX_POINT('',#4428);
#1278=VERTEX_POINT('',#4429);
#1279=VERTEX_POINT('',#4432);
#1280=VERTEX_POINT('',#4436);
#1281=VERTEX_POINT('',#4438);
#1282=VERTEX_POINT('',#4442);
#1283=VERTEX_POINT('',#4443);
#1284=VERTEX_POINT('',#4446);
#1285=VERTEX_POINT('',#4450);
#1286=VERTEX_POINT('',#4452);
#1287=VERTEX_POINT('',#4456);
#1288=VERTEX_POINT('',#4457);
#1289=VERTEX_POINT('',#4459);
#1290=VERTEX_POINT('',#4461);
#1291=VERTEX_POINT('',#4463);
#1292=VERTEX_POINT('',#4467);
#1293=VERTEX_POINT('',#4469);
#1294=VERTEX_POINT('',#4505);
#1295=VERTEX_POINT('',#4509);
#1296=VERTEX_POINT('',#4510);
#1297=VERTEX_POINT('',#4512);
#1298=VERTEX_POINT('',#4514);
#1299=VERTEX_POINT('',#4518);
#1300=VERTEX_POINT('',#4520);
#1301=VERTEX_POINT('',#4524);
#1302=VERTEX_POINT('',#4525);
#1303=VERTEX_POINT('',#4528);
#1304=VERTEX_POINT('',#4530);
#1305=VERTEX_POINT('',#4532);
#1306=VERTEX_POINT('',#4534);
#1307=VERTEX_POINT('',#4536);
#1308=VERTEX_POINT('',#4538);
#1309=VERTEX_POINT('',#4540);
#1310=VERTEX_POINT('',#4542);
#1311=VERTEX_POINT('',#4544);
#1312=VERTEX_POINT('',#4548);
#1313=VERTEX_POINT('',#4550);
#1314=VERTEX_POINT('',#4554);
#1315=VERTEX_POINT('',#4558);
#1316=VERTEX_POINT('',#4562);
#1317=VERTEX_POINT('',#4563);
#1318=VERTEX_POINT('',#4589);
#1319=VERTEX_POINT('',#4590);
#1320=VERTEX_POINT('',#4592);
#1321=VERTEX_POINT('',#4594);
#1322=VERTEX_POINT('',#4598);
#1323=VERTEX_POINT('',#4600);
#1324=VERTEX_POINT('',#4604);
#1325=VERTEX_POINT('',#4605);
#1326=VERTEX_POINT('',#4608);
#1327=VERTEX_POINT('',#4612);
#1328=VERTEX_POINT('',#4613);
#1329=VERTEX_POINT('',#4616);
#1330=VERTEX_POINT('',#4620);
#1331=VERTEX_POINT('',#4622);
#1332=VERTEX_POINT('',#4626);
#1333=VERTEX_POINT('',#4627);
#1334=VERTEX_POINT('',#4630);
#1335=VERTEX_POINT('',#4634);
#1336=VERTEX_POINT('',#4636);
#1337=VERTEX_POINT('',#4640);
#1338=VERTEX_POINT('',#4641);
#1339=VERTEX_POINT('',#4644);
#1340=VERTEX_POINT('',#4648);
#1341=VERTEX_POINT('',#4650);
#1342=VERTEX_POINT('',#4654);
#1343=VERTEX_POINT('',#4655);
#1344=VERTEX_POINT('',#4658);
#1345=VERTEX_POINT('',#4662);
#1346=VERTEX_POINT('',#4664);
#1347=VERTEX_POINT('',#4668);
#1348=VERTEX_POINT('',#4669);
#1349=VERTEX_POINT('',#4672);
#1350=VERTEX_POINT('',#4676);
#1351=VERTEX_POINT('',#4678);
#1352=VERTEX_POINT('',#4682);
#1353=VERTEX_POINT('',#4683);
#1354=VERTEX_POINT('',#4686);
#1355=VERTEX_POINT('',#4690);
#1356=VERTEX_POINT('',#4692);
#1357=VERTEX_POINT('',#4696);
#1358=VERTEX_POINT('',#4697);
#1359=VERTEX_POINT('',#4700);
#1360=VERTEX_POINT('',#4704);
#1361=VERTEX_POINT('',#4706);
#1362=VERTEX_POINT('',#4710);
#1363=VERTEX_POINT('',#4711);
#1364=VERTEX_POINT('',#4714);
#1365=VERTEX_POINT('',#4718);
#1366=VERTEX_POINT('',#4720);
#1367=VERTEX_POINT('',#4724);
#1368=VERTEX_POINT('',#4725);
#1369=VERTEX_POINT('',#4728);
#1370=VERTEX_POINT('',#4732);
#1371=VERTEX_POINT('',#4734);
#1372=VERTEX_POINT('',#4738);
#1373=VERTEX_POINT('',#4739);
#1374=VERTEX_POINT('',#4742);
#1375=VERTEX_POINT('',#4746);
#1376=VERTEX_POINT('',#4748);
#1377=VERTEX_POINT('',#4752);
#1378=VERTEX_POINT('',#4753);
#1379=VERTEX_POINT('',#4756);
#1380=VERTEX_POINT('',#4760);
#1381=VERTEX_POINT('',#4762);
#1382=VERTEX_POINT('',#4766);
#1383=VERTEX_POINT('',#4767);
#1384=VERTEX_POINT('',#4770);
#1385=VERTEX_POINT('',#4774);
#1386=VERTEX_POINT('',#4776);
#1387=VERTEX_POINT('',#4780);
#1388=VERTEX_POINT('',#4781);
#1389=VERTEX_POINT('',#4784);
#1390=VERTEX_POINT('',#4788);
#1391=VERTEX_POINT('',#4790);
#1392=VERTEX_POINT('',#4794);
#1393=VERTEX_POINT('',#4795);
#1394=VERTEX_POINT('',#4798);
#1395=VERTEX_POINT('',#4802);
#1396=VERTEX_POINT('',#4804);
#1397=VERTEX_POINT('',#4808);
#1398=VERTEX_POINT('',#4809);
#1399=VERTEX_POINT('',#4812);
#1400=VERTEX_POINT('',#4816);
#1401=VERTEX_POINT('',#4818);
#1402=VERTEX_POINT('',#4822);
#1403=VERTEX_POINT('',#4823);
#1404=VERTEX_POINT('',#4826);
#1405=VERTEX_POINT('',#4830);
#1406=VERTEX_POINT('',#4832);
#1407=VERTEX_POINT('',#4836);
#1408=VERTEX_POINT('',#4837);
#1409=VERTEX_POINT('',#4839);
#1410=VERTEX_POINT('',#4841);
#1411=VERTEX_POINT('',#4843);
#1412=VERTEX_POINT('',#4847);
#1413=VERTEX_POINT('',#4849);
#1414=VERTEX_POINT('',#4887);
#1415=VERTEX_POINT('',#4888);
#1416=VERTEX_POINT('',#4890);
#1417=VERTEX_POINT('',#4892);
#1418=VERTEX_POINT('',#4896);
#1419=VERTEX_POINT('',#4898);
#1420=VERTEX_POINT('',#4902);
#1421=VERTEX_POINT('',#4904);
#1422=VERTEX_POINT('',#4906);
#1423=VERTEX_POINT('',#4908);
#1424=VERTEX_POINT('',#4910);
#1425=VERTEX_POINT('',#4913);
#1426=VERTEX_POINT('',#4915);
#1427=VERTEX_POINT('',#4917);
#1428=VERTEX_POINT('',#4921);
#1429=VERTEX_POINT('',#4923);
#1430=VERTEX_POINT('',#4930);
#1431=VERTEX_POINT('',#4932);
#1432=VERTEX_POINT('',#4952);
#1433=VERTEX_POINT('',#4953);
#1434=VERTEX_POINT('',#4956);
#1435=VERTEX_POINT('',#4960);
#1436=VERTEX_POINT('',#4962);
#1437=VERTEX_POINT('',#4966);
#1438=VERTEX_POINT('',#4970);
#1439=VERTEX_POINT('',#4974);
#1440=VERTEX_POINT('',#4976);
#1441=VERTEX_POINT('',#4980);
#1442=VERTEX_POINT('',#4982);
#1443=VERTEX_POINT('',#4984);
#1444=VERTEX_POINT('',#4988);
#1445=VERTEX_POINT('',#4989);
#1446=EDGE_CURVE('',#1198,#1198,#972,.T.);
#1447=EDGE_CURVE('',#1198,#1199,#642,.T.);
#1448=EDGE_CURVE('',#1199,#1199,#973,.T.);
#1449=EDGE_CURVE('',#1200,#1200,#974,.T.);
#1450=EDGE_CURVE('',#1200,#1201,#643,.T.);
#1451=EDGE_CURVE('',#1201,#1201,#975,.T.);
#1452=EDGE_CURVE('',#1202,#1202,#976,.T.);
#1453=EDGE_CURVE('',#1202,#1203,#644,.T.);
#1454=EDGE_CURVE('',#1203,#1203,#977,.T.);
#1455=EDGE_CURVE('',#1204,#1205,#978,.T.);
#1456=EDGE_CURVE('',#1205,#1204,#979,.T.);
#1457=EDGE_CURVE('',#1205,#1206,#645,.T.);
#1458=EDGE_CURVE('',#1206,#1206,#980,.T.);
#1459=EDGE_CURVE('',#1207,#1208,#981,.T.);
#1460=EDGE_CURVE('',#1208,#1207,#982,.T.);
#1461=EDGE_CURVE('',#1208,#1209,#646,.T.);
#1462=EDGE_CURVE('',#1209,#1209,#983,.T.);
#1463=EDGE_CURVE('',#1210,#1210,#984,.T.);
#1464=EDGE_CURVE('',#1210,#1211,#647,.T.);
#1465=EDGE_CURVE('',#1211,#1211,#985,.T.);
#1466=EDGE_CURVE('',#1212,#1213,#986,.T.);
#1467=EDGE_CURVE('',#1213,#1212,#987,.T.);
#1468=EDGE_CURVE('',#1213,#1214,#648,.T.);
#1469=EDGE_CURVE('',#1214,#1214,#988,.T.);
#1470=EDGE_CURVE('',#1215,#1215,#989,.T.);
#1471=EDGE_CURVE('',#1215,#1216,#649,.T.);
#1472=EDGE_CURVE('',#1216,#1216,#990,.T.);
#1473=EDGE_CURVE('',#1217,#1218,#991,.T.);
#1474=EDGE_CURVE('',#1218,#1217,#992,.T.);
#1475=EDGE_CURVE('',#1218,#1219,#650,.T.);
#1476=EDGE_CURVE('',#1219,#1219,#993,.T.);
#1477=EDGE_CURVE('',#1220,#1220,#994,.T.);
#1478=EDGE_CURVE('',#1220,#1221,#651,.T.);
#1479=EDGE_CURVE('',#1221,#1221,#995,.T.);
#1480=EDGE_CURVE('',#1222,#1223,#996,.T.);
#1481=EDGE_CURVE('',#1223,#1222,#997,.T.);
#1482=EDGE_CURVE('',#1223,#1224,#652,.T.);
#1483=EDGE_CURVE('',#1224,#1224,#998,.T.);
#1484=EDGE_CURVE('',#1225,#1225,#999,.T.);
#1485=EDGE_CURVE('',#1225,#1226,#653,.T.);
#1486=EDGE_CURVE('',#1226,#1226,#1000,.T.);
#1487=EDGE_CURVE('',#1227,#1228,#1001,.T.);
#1488=EDGE_CURVE('',#1228,#1227,#1002,.T.);
#1489=EDGE_CURVE('',#1228,#1229,#654,.T.);
#1490=EDGE_CURVE('',#1229,#1229,#1003,.T.);
#1491=EDGE_CURVE('',#1230,#1230,#1004,.T.);
#1492=EDGE_CURVE('',#1230,#1231,#655,.T.);
#1493=EDGE_CURVE('',#1231,#1231,#1005,.T.);
#1494=EDGE_CURVE('',#1232,#1233,#1006,.T.);
#1495=EDGE_CURVE('',#1233,#1232,#1007,.T.);
#1496=EDGE_CURVE('',#1233,#1234,#656,.T.);
#1497=EDGE_CURVE('',#1234,#1234,#1008,.T.);
#1498=EDGE_CURVE('',#1235,#1235,#1009,.T.);
#1499=EDGE_CURVE('',#1235,#1236,#657,.T.);
#1500=EDGE_CURVE('',#1236,#1236,#1010,.T.);
#1501=EDGE_CURVE('',#1237,#1238,#1011,.T.);
#1502=EDGE_CURVE('',#1238,#1237,#1012,.T.);
#1503=EDGE_CURVE('',#1238,#1239,#658,.T.);
#1504=EDGE_CURVE('',#1239,#1239,#1013,.T.);
#1505=EDGE_CURVE('',#1240,#1240,#1014,.T.);
#1506=EDGE_CURVE('',#1240,#1241,#659,.T.);
#1507=EDGE_CURVE('',#1241,#1241,#1015,.T.);
#1508=EDGE_CURVE('',#1242,#1243,#1016,.T.);
#1509=EDGE_CURVE('',#1243,#1242,#1017,.T.);
#1510=EDGE_CURVE('',#1243,#1244,#660,.T.);
#1511=EDGE_CURVE('',#1244,#1244,#1018,.T.);
#1512=EDGE_CURVE('',#1245,#1245,#1019,.T.);
#1513=EDGE_CURVE('',#1245,#1246,#661,.T.);
#1514=EDGE_CURVE('',#1246,#1246,#1020,.T.);
#1515=EDGE_CURVE('',#1247,#1248,#1021,.T.);
#1516=EDGE_CURVE('',#1248,#1247,#1022,.T.);
#1517=EDGE_CURVE('',#1248,#1249,#662,.T.);
#1518=EDGE_CURVE('',#1249,#1249,#1023,.T.);
#1519=EDGE_CURVE('',#1250,#1250,#1024,.T.);
#1520=EDGE_CURVE('',#1250,#1251,#663,.T.);
#1521=EDGE_CURVE('',#1251,#1251,#1025,.T.);
#1522=EDGE_CURVE('',#1252,#1253,#1026,.T.);
#1523=EDGE_CURVE('',#1253,#1252,#1027,.T.);
#1524=EDGE_CURVE('',#1253,#1254,#664,.T.);
#1525=EDGE_CURVE('',#1254,#1254,#1028,.T.);
#1526=EDGE_CURVE('',#1255,#1255,#1029,.T.);
#1527=EDGE_CURVE('',#1255,#1256,#665,.T.);
#1528=EDGE_CURVE('',#1256,#1256,#1030,.T.);
#1529=EDGE_CURVE('',#1257,#1258,#1031,.T.);
#1530=EDGE_CURVE('',#1258,#1257,#1032,.T.);
#1531=EDGE_CURVE('',#1258,#1259,#666,.T.);
#1532=EDGE_CURVE('',#1259,#1259,#1033,.T.);
#1533=EDGE_CURVE('',#1260,#1260,#1034,.T.);
#1534=EDGE_CURVE('',#1260,#1261,#667,.T.);
#1535=EDGE_CURVE('',#1261,#1261,#1035,.T.);
#1536=EDGE_CURVE('',#1262,#1263,#1036,.T.);
#1537=EDGE_CURVE('',#1263,#1262,#1037,.T.);
#1538=EDGE_CURVE('',#1263,#1264,#668,.T.);
#1539=EDGE_CURVE('',#1264,#1264,#1038,.T.);
#1540=EDGE_CURVE('',#1265,#1265,#1039,.T.);
#1541=EDGE_CURVE('',#1265,#1266,#669,.T.);
#1542=EDGE_CURVE('',#1266,#1266,#1040,.T.);
#1543=EDGE_CURVE('',#1267,#1268,#1041,.T.);
#1544=EDGE_CURVE('',#1268,#1267,#1042,.T.);
#1545=EDGE_CURVE('',#1268,#1269,#670,.T.);
#1546=EDGE_CURVE('',#1269,#1269,#1043,.T.);
#1547=EDGE_CURVE('',#1270,#1270,#1044,.T.);
#1548=EDGE_CURVE('',#1270,#1271,#671,.T.);
#1549=EDGE_CURVE('',#1271,#1271,#1045,.T.);
#1550=EDGE_CURVE('',#1272,#1273,#1046,.T.);
#1551=EDGE_CURVE('',#1273,#1272,#1047,.T.);
#1552=EDGE_CURVE('',#1273,#1274,#672,.T.);
#1553=EDGE_CURVE('',#1274,#1274,#1048,.T.);
#1554=EDGE_CURVE('',#1275,#1275,#1049,.T.);
#1555=EDGE_CURVE('',#1275,#1276,#673,.T.);
#1556=EDGE_CURVE('',#1276,#1276,#1050,.T.);
#1557=EDGE_CURVE('',#1277,#1278,#1051,.T.);
#1558=EDGE_CURVE('',#1278,#1277,#1052,.T.);
#1559=EDGE_CURVE('',#1278,#1279,#674,.T.);
#1560=EDGE_CURVE('',#1279,#1279,#1053,.T.);
#1561=EDGE_CURVE('',#1280,#1280,#1054,.T.);
#1562=EDGE_CURVE('',#1280,#1281,#675,.T.);
#1563=EDGE_CURVE('',#1281,#1281,#1055,.T.);
#1564=EDGE_CURVE('',#1282,#1283,#1056,.T.);
#1565=EDGE_CURVE('',#1283,#1282,#1057,.T.);
#1566=EDGE_CURVE('',#1283,#1284,#676,.T.);
#1567=EDGE_CURVE('',#1284,#1284,#1058,.T.);
#1568=EDGE_CURVE('',#1285,#1285,#1059,.T.);
#1569=EDGE_CURVE('',#1285,#1286,#677,.T.);
#1570=EDGE_CURVE('',#1286,#1286,#1060,.T.);
#1571=EDGE_CURVE('',#1287,#1288,#1061,.T.);
#1572=EDGE_CURVE('',#1289,#1287,#678,.T.);
#1573=EDGE_CURVE('',#1290,#1289,#1062,.T.);
#1574=EDGE_CURVE('',#1291,#1290,#1063,.T.);
#1575=EDGE_CURVE('',#1291,#1288,#679,.T.);
#1576=EDGE_CURVE('',#1292,#1292,#1064,.T.);
#1577=EDGE_CURVE('',#1292,#1293,#680,.T.);
#1578=EDGE_CURVE('',#1293,#1293,#1065,.T.);
#1579=EDGE_CURVE('',#1277,#1280,#681,.T.);
#1580=EDGE_CURVE('',#1207,#1210,#682,.T.);
#1581=EDGE_CURVE('',#1212,#1215,#683,.T.);
#1582=EDGE_CURVE('',#1217,#1220,#684,.T.);
#1583=EDGE_CURVE('',#1222,#1225,#685,.T.);
#1584=EDGE_CURVE('',#1227,#1230,#686,.T.);
#1585=EDGE_CURVE('',#1232,#1235,#687,.T.);
#1586=EDGE_CURVE('',#1237,#1240,#688,.T.);
#1587=EDGE_CURVE('',#1242,#1245,#689,.T.);
#1588=EDGE_CURVE('',#1247,#1250,#690,.T.);
#1589=EDGE_CURVE('',#1252,#1255,#691,.T.);
#1590=EDGE_CURVE('',#1257,#1260,#692,.T.);
#1591=EDGE_CURVE('',#1262,#1265,#693,.T.);
#1592=EDGE_CURVE('',#1282,#1285,#694,.T.);
#1593=EDGE_CURVE('',#1267,#1270,#695,.T.);
#1594=EDGE_CURVE('',#1272,#1275,#696,.T.);
#1595=EDGE_CURVE('',#1204,#1294,#697,.T.);
#1596=EDGE_CURVE('',#1294,#1294,#1066,.T.);
#1597=EDGE_CURVE('',#1295,#1296,#1067,.T.);
#1598=EDGE_CURVE('',#1297,#1296,#698,.T.);
#1599=EDGE_CURVE('',#1297,#1298,#1068,.T.);
#1600=EDGE_CURVE('',#1298,#1291,#699,.T.);
#1601=EDGE_CURVE('',#1290,#1292,#700,.T.);
#1602=EDGE_CURVE('',#1299,#1289,#701,.T.);
#1603=EDGE_CURVE('',#1299,#1300,#1069,.T.);
#1604=EDGE_CURVE('',#1300,#1295,#702,.T.);
#1605=EDGE_CURVE('',#1301,#1302,#1070,.T.);
#1606=EDGE_CURVE('',#1302,#1301,#1071,.T.);
#1607=EDGE_CURVE('',#1302,#1303,#703,.T.);
#1608=EDGE_CURVE('',#1303,#1304,#1072,.T.);
#1609=EDGE_CURVE('',#1304,#1305,#704,.T.);
#1610=EDGE_CURVE('',#1305,#1306,#1073,.T.);
#1611=EDGE_CURVE('',#1307,#1306,#705,.T.);
#1612=EDGE_CURVE('',#1307,#1308,#1074,.T.);
#1613=EDGE_CURVE('',#1308,#1309,#706,.T.);
#1614=EDGE_CURVE('',#1309,#1310,#1075,.T.);
#1615=EDGE_CURVE('',#1311,#1310,#707,.T.);
#1616=EDGE_CURVE('',#1311,#1303,#1076,.T.);
#1617=EDGE_CURVE('',#1301,#1312,#708,.T.);
#1618=EDGE_CURVE('',#1313,#1312,#1077,.T.);
#1619=EDGE_CURVE('',#1312,#1313,#1078,.T.);
#1620=EDGE_CURVE('',#1314,#1314,#1079,.T.);
#1621=EDGE_CURVE('',#1314,#1313,#709,.T.);
#1622=EDGE_CURVE('',#1315,#1315,#1080,.T.);
#1623=EDGE_CURVE('',#1315,#1202,#710,.T.);
#1624=EDGE_CURVE('',#1316,#1317,#1081,.T.);
#1625=EDGE_CURVE('',#1317,#1308,#711,.T.);
#1626=EDGE_CURVE('',#1316,#1307,#712,.T.);
#1627=EDGE_CURVE('',#1295,#1317,#713,.T.);
#1628=EDGE_CURVE('',#1296,#1316,#714,.T.);
#1629=EDGE_CURVE('',#1287,#1311,#715,.T.);
#1630=EDGE_CURVE('',#1288,#1304,#716,.T.);
#1631=EDGE_CURVE('',#1297,#1306,#717,.T.);
#1632=EDGE_CURVE('',#1298,#1305,#718,.T.);
#1633=EDGE_CURVE('',#1299,#1310,#719,.T.);
#1634=EDGE_CURVE('',#1300,#1309,#720,.T.);
#1635=EDGE_CURVE('',#1318,#1319,#1082,.T.);
#1636=EDGE_CURVE('',#1320,#1318,#721,.T.);
#1637=EDGE_CURVE('',#1321,#1320,#1083,.T.);
#1638=EDGE_CURVE('',#1319,#1321,#722,.T.);
#1639=EDGE_CURVE('',#1322,#1322,#1084,.T.);
#1640=EDGE_CURVE('',#1322,#1323,#723,.T.);
#1641=EDGE_CURVE('',#1323,#1323,#1085,.T.);
#1642=EDGE_CURVE('',#1324,#1325,#1086,.T.);
#1643=EDGE_CURVE('',#1325,#1324,#1087,.T.);
#1644=EDGE_CURVE('',#1325,#1326,#724,.T.);
#1645=EDGE_CURVE('',#1326,#1326,#1088,.T.);
#1646=EDGE_CURVE('',#1327,#1328,#1089,.T.);
#1647=EDGE_CURVE('',#1328,#1327,#1090,.T.);
#1648=EDGE_CURVE('',#1328,#1329,#725,.T.);
#1649=EDGE_CURVE('',#1329,#1329,#1091,.T.);
#1650=EDGE_CURVE('',#1330,#1330,#1092,.T.);
#1651=EDGE_CURVE('',#1330,#1331,#726,.T.);
#1652=EDGE_CURVE('',#1331,#1331,#1093,.T.);
#1653=EDGE_CURVE('',#1332,#1333,#1094,.T.);
#1654=EDGE_CURVE('',#1333,#1332,#1095,.T.);
#1655=EDGE_CURVE('',#1333,#1334,#727,.T.);
#1656=EDGE_CURVE('',#1334,#1334,#1096,.T.);
#1657=EDGE_CURVE('',#1335,#1335,#1097,.T.);
#1658=EDGE_CURVE('',#1335,#1336,#728,.T.);
#1659=EDGE_CURVE('',#1336,#1336,#1098,.T.);
#1660=EDGE_CURVE('',#1337,#1338,#1099,.T.);
#1661=EDGE_CURVE('',#1338,#1337,#1100,.T.);
#1662=EDGE_CURVE('',#1338,#1339,#729,.T.);
#1663=EDGE_CURVE('',#1339,#1339,#1101,.T.);
#1664=EDGE_CURVE('',#1340,#1340,#1102,.T.);
#1665=EDGE_CURVE('',#1340,#1341,#730,.T.);
#1666=EDGE_CURVE('',#1341,#1341,#1103,.T.);
#1667=EDGE_CURVE('',#1342,#1343,#1104,.T.);
#1668=EDGE_CURVE('',#1343,#1342,#1105,.T.);
#1669=EDGE_CURVE('',#1343,#1344,#731,.T.);
#1670=EDGE_CURVE('',#1344,#1344,#1106,.T.);
#1671=EDGE_CURVE('',#1345,#1345,#1107,.T.);
#1672=EDGE_CURVE('',#1345,#1346,#732,.T.);
#1673=EDGE_CURVE('',#1346,#1346,#1108,.T.);
#1674=EDGE_CURVE('',#1347,#1348,#1109,.T.);
#1675=EDGE_CURVE('',#1348,#1347,#1110,.T.);
#1676=EDGE_CURVE('',#1348,#1349,#733,.T.);
#1677=EDGE_CURVE('',#1349,#1349,#1111,.T.);
#1678=EDGE_CURVE('',#1350,#1350,#1112,.T.);
#1679=EDGE_CURVE('',#1350,#1351,#734,.T.);
#1680=EDGE_CURVE('',#1351,#1351,#1113,.T.);
#1681=EDGE_CURVE('',#1352,#1353,#1114,.T.);
#1682=EDGE_CURVE('',#1353,#1352,#1115,.T.);
#1683=EDGE_CURVE('',#1353,#1354,#735,.T.);
#1684=EDGE_CURVE('',#1354,#1354,#1116,.T.);
#1685=EDGE_CURVE('',#1355,#1355,#1117,.T.);
#1686=EDGE_CURVE('',#1355,#1356,#736,.T.);
#1687=EDGE_CURVE('',#1356,#1356,#1118,.T.);
#1688=EDGE_CURVE('',#1357,#1358,#1119,.T.);
#1689=EDGE_CURVE('',#1358,#1357,#1120,.T.);
#1690=EDGE_CURVE('',#1358,#1359,#737,.T.);
#1691=EDGE_CURVE('',#1359,#1359,#1121,.T.);
#1692=EDGE_CURVE('',#1360,#1360,#1122,.T.);
#1693=EDGE_CURVE('',#1360,#1361,#738,.T.);
#1694=EDGE_CURVE('',#1361,#1361,#1123,.T.);
#1695=EDGE_CURVE('',#1362,#1363,#1124,.T.);
#1696=EDGE_CURVE('',#1363,#1362,#1125,.T.);
#1697=EDGE_CURVE('',#1363,#1364,#739,.T.);
#1698=EDGE_CURVE('',#1364,#1364,#1126,.T.);
#1699=EDGE_CURVE('',#1365,#1365,#1127,.T.);
#1700=EDGE_CURVE('',#1365,#1366,#740,.T.);
#1701=EDGE_CURVE('',#1366,#1366,#1128,.T.);
#1702=EDGE_CURVE('',#1367,#1368,#1129,.T.);
#1703=EDGE_CURVE('',#1368,#1367,#1130,.T.);
#1704=EDGE_CURVE('',#1368,#1369,#741,.T.);
#1705=EDGE_CURVE('',#1369,#1369,#1131,.T.);
#1706=EDGE_CURVE('',#1370,#1370,#1132,.T.);
#1707=EDGE_CURVE('',#1370,#1371,#742,.T.);
#1708=EDGE_CURVE('',#1371,#1371,#1133,.T.);
#1709=EDGE_CURVE('',#1372,#1373,#1134,.T.);
#1710=EDGE_CURVE('',#1373,#1372,#1135,.T.);
#1711=EDGE_CURVE('',#1373,#1374,#743,.T.);
#1712=EDGE_CURVE('',#1374,#1374,#1136,.T.);
#1713=EDGE_CURVE('',#1375,#1375,#1137,.T.);
#1714=EDGE_CURVE('',#1375,#1376,#744,.T.);
#1715=EDGE_CURVE('',#1376,#1376,#1138,.T.);
#1716=EDGE_CURVE('',#1377,#1378,#1139,.T.);
#1717=EDGE_CURVE('',#1378,#1377,#1140,.T.);
#1718=EDGE_CURVE('',#1378,#1379,#745,.T.);
#1719=EDGE_CURVE('',#1379,#1379,#1141,.T.);
#1720=EDGE_CURVE('',#1380,#1380,#1142,.T.);
#1721=EDGE_CURVE('',#1380,#1381,#746,.T.);
#1722=EDGE_CURVE('',#1381,#1381,#1143,.T.);
#1723=EDGE_CURVE('',#1382,#1383,#1144,.T.);
#1724=EDGE_CURVE('',#1383,#1382,#1145,.T.);
#1725=EDGE_CURVE('',#1383,#1384,#747,.T.);
#1726=EDGE_CURVE('',#1384,#1384,#1146,.T.);
#1727=EDGE_CURVE('',#1385,#1385,#1147,.T.);
#1728=EDGE_CURVE('',#1385,#1386,#748,.T.);
#1729=EDGE_CURVE('',#1386,#1386,#1148,.T.);
#1730=EDGE_CURVE('',#1387,#1388,#1149,.T.);
#1731=EDGE_CURVE('',#1388,#1387,#1150,.T.);
#1732=EDGE_CURVE('',#1388,#1389,#749,.T.);
#1733=EDGE_CURVE('',#1389,#1389,#1151,.T.);
#1734=EDGE_CURVE('',#1390,#1390,#1152,.T.);
#1735=EDGE_CURVE('',#1390,#1391,#750,.T.);
#1736=EDGE_CURVE('',#1391,#1391,#1153,.T.);
#1737=EDGE_CURVE('',#1392,#1393,#1154,.T.);
#1738=EDGE_CURVE('',#1393,#1392,#1155,.T.);
#1739=EDGE_CURVE('',#1393,#1394,#751,.T.);
#1740=EDGE_CURVE('',#1394,#1394,#1156,.T.);
#1741=EDGE_CURVE('',#1395,#1395,#1157,.T.);
#1742=EDGE_CURVE('',#1395,#1396,#752,.T.);
#1743=EDGE_CURVE('',#1396,#1396,#1158,.T.);
#1744=EDGE_CURVE('',#1397,#1398,#1159,.T.);
#1745=EDGE_CURVE('',#1398,#1397,#1160,.T.);
#1746=EDGE_CURVE('',#1398,#1399,#753,.T.);
#1747=EDGE_CURVE('',#1399,#1399,#1161,.T.);
#1748=EDGE_CURVE('',#1400,#1400,#1162,.T.);
#1749=EDGE_CURVE('',#1400,#1401,#754,.T.);
#1750=EDGE_CURVE('',#1401,#1401,#1163,.T.);
#1751=EDGE_CURVE('',#1402,#1403,#1164,.T.);
#1752=EDGE_CURVE('',#1403,#1402,#1165,.T.);
#1753=EDGE_CURVE('',#1403,#1404,#755,.T.);
#1754=EDGE_CURVE('',#1404,#1404,#1166,.T.);
#1755=EDGE_CURVE('',#1405,#1405,#1167,.T.);
#1756=EDGE_CURVE('',#1405,#1406,#756,.T.);
#1757=EDGE_CURVE('',#1406,#1406,#1168,.T.);
#1758=EDGE_CURVE('',#1407,#1408,#1169,.T.);
#1759=EDGE_CURVE('',#1409,#1407,#757,.T.);
#1760=EDGE_CURVE('',#1410,#1409,#1170,.T.);
#1761=EDGE_CURVE('',#1411,#1410,#1171,.T.);
#1762=EDGE_CURVE('',#1411,#1408,#758,.T.);
#1763=EDGE_CURVE('',#1412,#1412,#1172,.T.);
#1764=EDGE_CURVE('',#1412,#1413,#759,.T.);
#1765=EDGE_CURVE('',#1413,#1413,#1173,.T.);
#1766=EDGE_CURVE('',#1397,#1400,#760,.T.);
#1767=EDGE_CURVE('',#1327,#1330,#761,.T.);
#1768=EDGE_CURVE('',#1332,#1335,#762,.T.);
#1769=EDGE_CURVE('',#1337,#1340,#763,.T.);
#1770=EDGE_CURVE('',#1342,#1345,#764,.T.);
#1771=EDGE_CURVE('',#1347,#1350,#765,.T.);
#1772=EDGE_CURVE('',#1352,#1355,#766,.T.);
#1773=EDGE_CURVE('',#1357,#1360,#767,.T.);
#1774=EDGE_CURVE('',#1362,#1365,#768,.T.);
#1775=EDGE_CURVE('',#1367,#1370,#769,.T.);
#1776=EDGE_CURVE('',#1372,#1375,#770,.T.);
#1777=EDGE_CURVE('',#1377,#1380,#771,.T.);
#1778=EDGE_CURVE('',#1382,#1385,#772,.T.);
#1779=EDGE_CURVE('',#1402,#1405,#773,.T.);
#1780=EDGE_CURVE('',#1387,#1390,#774,.T.);
#1781=EDGE_CURVE('',#1392,#1395,#775,.T.);
#1782=EDGE_CURVE('',#1324,#1322,#776,.T.);
#1783=EDGE_CURVE('',#1414,#1415,#1174,.T.);
#1784=EDGE_CURVE('',#1416,#1415,#777,.T.);
#1785=EDGE_CURVE('',#1416,#1417,#1175,.T.);
#1786=EDGE_CURVE('',#1417,#1411,#778,.T.);
#1787=EDGE_CURVE('',#1410,#1412,#779,.T.);
#1788=EDGE_CURVE('',#1418,#1409,#780,.T.);
#1789=EDGE_CURVE('',#1418,#1419,#1176,.T.);
#1790=EDGE_CURVE('',#1419,#1414,#781,.T.);
#1791=EDGE_CURVE('',#1420,#1420,#1177,.T.);
#1792=EDGE_CURVE('',#1420,#1421,#782,.T.);
#1793=EDGE_CURVE('',#1421,#1422,#1178,.T.);
#1794=EDGE_CURVE('',#1422,#1423,#783,.T.);
#1795=EDGE_CURVE('',#1423,#1424,#1179,.T.);
#1796=EDGE_CURVE('',#1318,#1424,#784,.T.);
#1797=EDGE_CURVE('',#1319,#1425,#785,.T.);
#1798=EDGE_CURVE('',#1425,#1426,#1180,.T.);
#1799=EDGE_CURVE('',#1427,#1426,#786,.T.);
#1800=EDGE_CURVE('',#1427,#1421,#1181,.T.);
#1801=EDGE_CURVE('',#1428,#1321,#787,.T.);
#1802=EDGE_CURVE('',#1429,#1320,#788,.T.);
#1803=EDGE_CURVE('',#1429,#1428,#1182,.T.);
#1804=EDGE_CURVE('',#1414,#1428,#789,.T.);
#1805=EDGE_CURVE('',#1415,#1429,#790,.T.);
#1806=EDGE_CURVE('',#1408,#1430,#791,.T.);
#1807=EDGE_CURVE('',#1430,#1431,#1183,.T.);
#1808=EDGE_CURVE('',#1407,#1431,#792,.T.);
#1809=EDGE_CURVE('',#1416,#1424,#793,.T.);
#1810=EDGE_CURVE('',#1422,#1430,#794,.T.);
#1811=EDGE_CURVE('',#1417,#1423,#795,.T.);
#1812=EDGE_CURVE('',#1431,#1427,#796,.T.);
#1813=EDGE_CURVE('',#1418,#1426,#797,.T.);
#1814=EDGE_CURVE('',#1419,#1425,#798,.T.);
#1815=EDGE_CURVE('',#1432,#1433,#1184,.T.);
#1816=EDGE_CURVE('',#1433,#1432,#1185,.T.);
#1817=EDGE_CURVE('',#1433,#1434,#799,.T.);
#1818=EDGE_CURVE('',#1434,#1434,#1186,.T.);
#1819=EDGE_CURVE('',#1435,#1435,#1187,.T.);
#1820=EDGE_CURVE('',#1435,#1436,#800,.T.);
#1821=EDGE_CURVE('',#1436,#1436,#1188,.T.);
#1822=EDGE_CURVE('',#1432,#1437,#801,.T.);
#1823=EDGE_CURVE('',#1437,#1437,#1189,.T.);
#1824=EDGE_CURVE('',#1438,#1438,#1190,.T.);
#1825=EDGE_CURVE('',#1438,#1435,#802,.T.);
#1826=EDGE_CURVE('',#1439,#1439,#1191,.T.);
#1827=EDGE_CURVE('',#1439,#1440,#803,.T.);
#1828=EDGE_CURVE('',#1440,#1440,#1192,.T.);
#1829=EDGE_CURVE('',#1441,#1441,#1193,.T.);
#1830=EDGE_CURVE('',#1441,#1442,#804,.T.);
#1831=EDGE_CURVE('',#1442,#1443,#1194,.T.);
#1832=EDGE_CURVE('',#1443,#1442,#1195,.T.);
#1833=EDGE_CURVE('',#1444,#1445,#1196,.T.);
#1834=EDGE_CURVE('',#1445,#1443,#805,.T.);
#1835=EDGE_CURVE('',#1445,#1444,#1197,.T.);
#1836=EDGE_CURVE('',#1444,#1439,#806,.T.);
#1837=ORIENTED_EDGE('',*,*,#1446,.T.);
#1838=ORIENTED_EDGE('',*,*,#1447,.T.);
#1839=ORIENTED_EDGE('',*,*,#1448,.F.);
#1840=ORIENTED_EDGE('',*,*,#1447,.F.);
#1841=ORIENTED_EDGE('',*,*,#1449,.T.);
#1842=ORIENTED_EDGE('',*,*,#1450,.T.);
#1843=ORIENTED_EDGE('',*,*,#1451,.F.);
#1844=ORIENTED_EDGE('',*,*,#1450,.F.);
#1845=ORIENTED_EDGE('',*,*,#1451,.T.);
#1846=ORIENTED_EDGE('',*,*,#1446,.F.);
#1847=ORIENTED_EDGE('',*,*,#1449,.F.);
#1848=ORIENTED_EDGE('',*,*,#1448,.T.);
#1849=ORIENTED_EDGE('',*,*,#1452,.F.);
#1850=ORIENTED_EDGE('',*,*,#1453,.T.);
#1851=ORIENTED_EDGE('',*,*,#1454,.F.);
#1852=ORIENTED_EDGE('',*,*,#1453,.F.);
#1853=ORIENTED_EDGE('',*,*,#1455,.F.);
#1854=ORIENTED_EDGE('',*,*,#1456,.F.);
#1855=ORIENTED_EDGE('',*,*,#1457,.T.);
#1856=ORIENTED_EDGE('',*,*,#1458,.F.);
#1857=ORIENTED_EDGE('',*,*,#1457,.F.);
#1858=ORIENTED_EDGE('',*,*,#1459,.F.);
#1859=ORIENTED_EDGE('',*,*,#1460,.F.);
#1860=ORIENTED_EDGE('',*,*,#1461,.T.);
#1861=ORIENTED_EDGE('',*,*,#1462,.F.);
#1862=ORIENTED_EDGE('',*,*,#1461,.F.);
#1863=ORIENTED_EDGE('',*,*,#1463,.F.);
#1864=ORIENTED_EDGE('',*,*,#1464,.T.);
#1865=ORIENTED_EDGE('',*,*,#1465,.F.);
#1866=ORIENTED_EDGE('',*,*,#1464,.F.);
#1867=ORIENTED_EDGE('',*,*,#1466,.F.);
#1868=ORIENTED_EDGE('',*,*,#1467,.F.);
#1869=ORIENTED_EDGE('',*,*,#1468,.T.);
#1870=ORIENTED_EDGE('',*,*,#1469,.F.);
#1871=ORIENTED_EDGE('',*,*,#1468,.F.);
#1872=ORIENTED_EDGE('',*,*,#1470,.F.);
#1873=ORIENTED_EDGE('',*,*,#1471,.T.);
#1874=ORIENTED_EDGE('',*,*,#1472,.F.);
#1875=ORIENTED_EDGE('',*,*,#1471,.F.);
#1876=ORIENTED_EDGE('',*,*,#1473,.F.);
#1877=ORIENTED_EDGE('',*,*,#1474,.F.);
#1878=ORIENTED_EDGE('',*,*,#1475,.T.);
#1879=ORIENTED_EDGE('',*,*,#1476,.F.);
#1880=ORIENTED_EDGE('',*,*,#1475,.F.);
#1881=ORIENTED_EDGE('',*,*,#1477,.F.);
#1882=ORIENTED_EDGE('',*,*,#1478,.T.);
#1883=ORIENTED_EDGE('',*,*,#1479,.F.);
#1884=ORIENTED_EDGE('',*,*,#1478,.F.);
#1885=ORIENTED_EDGE('',*,*,#1480,.F.);
#1886=ORIENTED_EDGE('',*,*,#1481,.F.);
#1887=ORIENTED_EDGE('',*,*,#1482,.T.);
#1888=ORIENTED_EDGE('',*,*,#1483,.F.);
#1889=ORIENTED_EDGE('',*,*,#1482,.F.);
#1890=ORIENTED_EDGE('',*,*,#1484,.F.);
#1891=ORIENTED_EDGE('',*,*,#1485,.T.);
#1892=ORIENTED_EDGE('',*,*,#1486,.F.);
#1893=ORIENTED_EDGE('',*,*,#1485,.F.);
#1894=ORIENTED_EDGE('',*,*,#1487,.F.);
#1895=ORIENTED_EDGE('',*,*,#1488,.F.);
#1896=ORIENTED_EDGE('',*,*,#1489,.T.);
#1897=ORIENTED_EDGE('',*,*,#1490,.F.);
#1898=ORIENTED_EDGE('',*,*,#1489,.F.);
#1899=ORIENTED_EDGE('',*,*,#1491,.F.);
#1900=ORIENTED_EDGE('',*,*,#1492,.T.);
#1901=ORIENTED_EDGE('',*,*,#1493,.F.);
#1902=ORIENTED_EDGE('',*,*,#1492,.F.);
#1903=ORIENTED_EDGE('',*,*,#1494,.F.);
#1904=ORIENTED_EDGE('',*,*,#1495,.F.);
#1905=ORIENTED_EDGE('',*,*,#1496,.T.);
#1906=ORIENTED_EDGE('',*,*,#1497,.F.);
#1907=ORIENTED_EDGE('',*,*,#1496,.F.);
#1908=ORIENTED_EDGE('',*,*,#1498,.F.);
#1909=ORIENTED_EDGE('',*,*,#1499,.T.);
#1910=ORIENTED_EDGE('',*,*,#1500,.F.);
#1911=ORIENTED_EDGE('',*,*,#1499,.F.);
#1912=ORIENTED_EDGE('',*,*,#1501,.F.);
#1913=ORIENTED_EDGE('',*,*,#1502,.F.);
#1914=ORIENTED_EDGE('',*,*,#1503,.T.);
#1915=ORIENTED_EDGE('',*,*,#1504,.F.);
#1916=ORIENTED_EDGE('',*,*,#1503,.F.);
#1917=ORIENTED_EDGE('',*,*,#1505,.F.);
#1918=ORIENTED_EDGE('',*,*,#1506,.T.);
#1919=ORIENTED_EDGE('',*,*,#1507,.F.);
#1920=ORIENTED_EDGE('',*,*,#1506,.F.);
#1921=ORIENTED_EDGE('',*,*,#1508,.F.);
#1922=ORIENTED_EDGE('',*,*,#1509,.F.);
#1923=ORIENTED_EDGE('',*,*,#1510,.T.);
#1924=ORIENTED_EDGE('',*,*,#1511,.F.);
#1925=ORIENTED_EDGE('',*,*,#1510,.F.);
#1926=ORIENTED_EDGE('',*,*,#1512,.F.);
#1927=ORIENTED_EDGE('',*,*,#1513,.T.);
#1928=ORIENTED_EDGE('',*,*,#1514,.F.);
#1929=ORIENTED_EDGE('',*,*,#1513,.F.);
#1930=ORIENTED_EDGE('',*,*,#1515,.F.);
#1931=ORIENTED_EDGE('',*,*,#1516,.F.);
#1932=ORIENTED_EDGE('',*,*,#1517,.T.);
#1933=ORIENTED_EDGE('',*,*,#1518,.F.);
#1934=ORIENTED_EDGE('',*,*,#1517,.F.);
#1935=ORIENTED_EDGE('',*,*,#1519,.F.);
#1936=ORIENTED_EDGE('',*,*,#1520,.T.);
#1937=ORIENTED_EDGE('',*,*,#1521,.F.);
#1938=ORIENTED_EDGE('',*,*,#1520,.F.);
#1939=ORIENTED_EDGE('',*,*,#1522,.F.);
#1940=ORIENTED_EDGE('',*,*,#1523,.F.);
#1941=ORIENTED_EDGE('',*,*,#1524,.T.);
#1942=ORIENTED_EDGE('',*,*,#1525,.F.);
#1943=ORIENTED_EDGE('',*,*,#1524,.F.);
#1944=ORIENTED_EDGE('',*,*,#1526,.F.);
#1945=ORIENTED_EDGE('',*,*,#1527,.T.);
#1946=ORIENTED_EDGE('',*,*,#1528,.F.);
#1947=ORIENTED_EDGE('',*,*,#1527,.F.);
#1948=ORIENTED_EDGE('',*,*,#1529,.F.);
#1949=ORIENTED_EDGE('',*,*,#1530,.F.);
#1950=ORIENTED_EDGE('',*,*,#1531,.T.);
#1951=ORIENTED_EDGE('',*,*,#1532,.F.);
#1952=ORIENTED_EDGE('',*,*,#1531,.F.);
#1953=ORIENTED_EDGE('',*,*,#1533,.F.);
#1954=ORIENTED_EDGE('',*,*,#1534,.T.);
#1955=ORIENTED_EDGE('',*,*,#1535,.F.);
#1956=ORIENTED_EDGE('',*,*,#1534,.F.);
#1957=ORIENTED_EDGE('',*,*,#1536,.F.);
#1958=ORIENTED_EDGE('',*,*,#1537,.F.);
#1959=ORIENTED_EDGE('',*,*,#1538,.T.);
#1960=ORIENTED_EDGE('',*,*,#1539,.F.);
#1961=ORIENTED_EDGE('',*,*,#1538,.F.);
#1962=ORIENTED_EDGE('',*,*,#1540,.F.);
#1963=ORIENTED_EDGE('',*,*,#1541,.T.);
#1964=ORIENTED_EDGE('',*,*,#1542,.F.);
#1965=ORIENTED_EDGE('',*,*,#1541,.F.);
#1966=ORIENTED_EDGE('',*,*,#1543,.F.);
#1967=ORIENTED_EDGE('',*,*,#1544,.F.);
#1968=ORIENTED_EDGE('',*,*,#1545,.T.);
#1969=ORIENTED_EDGE('',*,*,#1546,.F.);
#1970=ORIENTED_EDGE('',*,*,#1545,.F.);
#1971=ORIENTED_EDGE('',*,*,#1547,.F.);
#1972=ORIENTED_EDGE('',*,*,#1548,.T.);
#1973=ORIENTED_EDGE('',*,*,#1549,.F.);
#1974=ORIENTED_EDGE('',*,*,#1548,.F.);
#1975=ORIENTED_EDGE('',*,*,#1550,.F.);
#1976=ORIENTED_EDGE('',*,*,#1551,.F.);
#1977=ORIENTED_EDGE('',*,*,#1552,.T.);
#1978=ORIENTED_EDGE('',*,*,#1553,.F.);
#1979=ORIENTED_EDGE('',*,*,#1552,.F.);
#1980=ORIENTED_EDGE('',*,*,#1554,.F.);
#1981=ORIENTED_EDGE('',*,*,#1555,.T.);
#1982=ORIENTED_EDGE('',*,*,#1556,.F.);
#1983=ORIENTED_EDGE('',*,*,#1555,.F.);
#1984=ORIENTED_EDGE('',*,*,#1557,.F.);
#1985=ORIENTED_EDGE('',*,*,#1558,.F.);
#1986=ORIENTED_EDGE('',*,*,#1559,.T.);
#1987=ORIENTED_EDGE('',*,*,#1560,.F.);
#1988=ORIENTED_EDGE('',*,*,#1559,.F.);
#1989=ORIENTED_EDGE('',*,*,#1561,.F.);
#1990=ORIENTED_EDGE('',*,*,#1562,.T.);
#1991=ORIENTED_EDGE('',*,*,#1563,.F.);
#1992=ORIENTED_EDGE('',*,*,#1562,.F.);
#1993=ORIENTED_EDGE('',*,*,#1564,.F.);
#1994=ORIENTED_EDGE('',*,*,#1565,.F.);
#1995=ORIENTED_EDGE('',*,*,#1566,.T.);
#1996=ORIENTED_EDGE('',*,*,#1567,.F.);
#1997=ORIENTED_EDGE('',*,*,#1566,.F.);
#1998=ORIENTED_EDGE('',*,*,#1568,.F.);
#1999=ORIENTED_EDGE('',*,*,#1569,.T.);
#2000=ORIENTED_EDGE('',*,*,#1570,.F.);
#2001=ORIENTED_EDGE('',*,*,#1569,.F.);
#2002=ORIENTED_EDGE('',*,*,#1571,.F.);
#2003=ORIENTED_EDGE('',*,*,#1572,.F.);
#2004=ORIENTED_EDGE('',*,*,#1573,.F.);
#2005=ORIENTED_EDGE('',*,*,#1574,.F.);
#2006=ORIENTED_EDGE('',*,*,#1575,.T.);
#2007=ORIENTED_EDGE('',*,*,#1576,.F.);
#2008=ORIENTED_EDGE('',*,*,#1577,.T.);
#2009=ORIENTED_EDGE('',*,*,#1578,.F.);
#2010=ORIENTED_EDGE('',*,*,#1577,.F.);
#2011=ORIENTED_EDGE('',*,*,#1557,.T.);
#2012=ORIENTED_EDGE('',*,*,#1558,.T.);
#2013=ORIENTED_EDGE('',*,*,#1579,.T.);
#2014=ORIENTED_EDGE('',*,*,#1561,.T.);
#2015=ORIENTED_EDGE('',*,*,#1579,.F.);
#2016=ORIENTED_EDGE('',*,*,#1459,.T.);
#2017=ORIENTED_EDGE('',*,*,#1460,.T.);
#2018=ORIENTED_EDGE('',*,*,#1580,.T.);
#2019=ORIENTED_EDGE('',*,*,#1463,.T.);
#2020=ORIENTED_EDGE('',*,*,#1580,.F.);
#2021=ORIENTED_EDGE('',*,*,#1466,.T.);
#2022=ORIENTED_EDGE('',*,*,#1467,.T.);
#2023=ORIENTED_EDGE('',*,*,#1581,.T.);
#2024=ORIENTED_EDGE('',*,*,#1470,.T.);
#2025=ORIENTED_EDGE('',*,*,#1581,.F.);
#2026=ORIENTED_EDGE('',*,*,#1473,.T.);
#2027=ORIENTED_EDGE('',*,*,#1474,.T.);
#2028=ORIENTED_EDGE('',*,*,#1582,.T.);
#2029=ORIENTED_EDGE('',*,*,#1477,.T.);
#2030=ORIENTED_EDGE('',*,*,#1582,.F.);
#2031=ORIENTED_EDGE('',*,*,#1480,.T.);
#2032=ORIENTED_EDGE('',*,*,#1481,.T.);
#2033=ORIENTED_EDGE('',*,*,#1583,.T.);
#2034=ORIENTED_EDGE('',*,*,#1484,.T.);
#2035=ORIENTED_EDGE('',*,*,#1583,.F.);
#2036=ORIENTED_EDGE('',*,*,#1487,.T.);
#2037=ORIENTED_EDGE('',*,*,#1488,.T.);
#2038=ORIENTED_EDGE('',*,*,#1584,.T.);
#2039=ORIENTED_EDGE('',*,*,#1491,.T.);
#2040=ORIENTED_EDGE('',*,*,#1584,.F.);
#2041=ORIENTED_EDGE('',*,*,#1494,.T.);
#2042=ORIENTED_EDGE('',*,*,#1495,.T.);
#2043=ORIENTED_EDGE('',*,*,#1585,.T.);
#2044=ORIENTED_EDGE('',*,*,#1498,.T.);
#2045=ORIENTED_EDGE('',*,*,#1585,.F.);
#2046=ORIENTED_EDGE('',*,*,#1501,.T.);
#2047=ORIENTED_EDGE('',*,*,#1502,.T.);
#2048=ORIENTED_EDGE('',*,*,#1586,.T.);
#2049=ORIENTED_EDGE('',*,*,#1505,.T.);
#2050=ORIENTED_EDGE('',*,*,#1586,.F.);
#2051=ORIENTED_EDGE('',*,*,#1508,.T.);
#2052=ORIENTED_EDGE('',*,*,#1509,.T.);
#2053=ORIENTED_EDGE('',*,*,#1587,.T.);
#2054=ORIENTED_EDGE('',*,*,#1512,.T.);
#2055=ORIENTED_EDGE('',*,*,#1587,.F.);
#2056=ORIENTED_EDGE('',*,*,#1515,.T.);
#2057=ORIENTED_EDGE('',*,*,#1516,.T.);
#2058=ORIENTED_EDGE('',*,*,#1588,.T.);
#2059=ORIENTED_EDGE('',*,*,#1519,.T.);
#2060=ORIENTED_EDGE('',*,*,#1588,.F.);
#2061=ORIENTED_EDGE('',*,*,#1522,.T.);
#2062=ORIENTED_EDGE('',*,*,#1523,.T.);
#2063=ORIENTED_EDGE('',*,*,#1589,.T.);
#2064=ORIENTED_EDGE('',*,*,#1526,.T.);
#2065=ORIENTED_EDGE('',*,*,#1589,.F.);
#2066=ORIENTED_EDGE('',*,*,#1529,.T.);
#2067=ORIENTED_EDGE('',*,*,#1530,.T.);
#2068=ORIENTED_EDGE('',*,*,#1590,.T.);
#2069=ORIENTED_EDGE('',*,*,#1533,.T.);
#2070=ORIENTED_EDGE('',*,*,#1590,.F.);
#2071=ORIENTED_EDGE('',*,*,#1536,.T.);
#2072=ORIENTED_EDGE('',*,*,#1537,.T.);
#2073=ORIENTED_EDGE('',*,*,#1591,.T.);
#2074=ORIENTED_EDGE('',*,*,#1540,.T.);
#2075=ORIENTED_EDGE('',*,*,#1591,.F.);
#2076=ORIENTED_EDGE('',*,*,#1564,.T.);
#2077=ORIENTED_EDGE('',*,*,#1565,.T.);
#2078=ORIENTED_EDGE('',*,*,#1592,.T.);
#2079=ORIENTED_EDGE('',*,*,#1568,.T.);
#2080=ORIENTED_EDGE('',*,*,#1592,.F.);
#2081=ORIENTED_EDGE('',*,*,#1543,.T.);
#2082=ORIENTED_EDGE('',*,*,#1544,.T.);
#2083=ORIENTED_EDGE('',*,*,#1593,.T.);
#2084=ORIENTED_EDGE('',*,*,#1547,.T.);
#2085=ORIENTED_EDGE('',*,*,#1593,.F.);
#2086=ORIENTED_EDGE('',*,*,#1550,.T.);
#2087=ORIENTED_EDGE('',*,*,#1551,.T.);
#2088=ORIENTED_EDGE('',*,*,#1594,.T.);
#2089=ORIENTED_EDGE('',*,*,#1554,.T.);
#2090=ORIENTED_EDGE('',*,*,#1594,.F.);
#2091=ORIENTED_EDGE('',*,*,#1455,.T.);
#2092=ORIENTED_EDGE('',*,*,#1456,.T.);
#2093=ORIENTED_EDGE('',*,*,#1595,.T.);
#2094=ORIENTED_EDGE('',*,*,#1596,.T.);
#2095=ORIENTED_EDGE('',*,*,#1595,.F.);
#2096=ORIENTED_EDGE('',*,*,#1597,.T.);
#2097=ORIENTED_EDGE('',*,*,#1598,.F.);
#2098=ORIENTED_EDGE('',*,*,#1599,.T.);
#2099=ORIENTED_EDGE('',*,*,#1600,.T.);
#2100=ORIENTED_EDGE('',*,*,#1574,.T.);
#2101=ORIENTED_EDGE('',*,*,#1601,.T.);
#2102=ORIENTED_EDGE('',*,*,#1576,.T.);
#2103=ORIENTED_EDGE('',*,*,#1601,.F.);
#2104=ORIENTED_EDGE('',*,*,#1573,.T.);
#2105=ORIENTED_EDGE('',*,*,#1602,.F.);
#2106=ORIENTED_EDGE('',*,*,#1603,.T.);
#2107=ORIENTED_EDGE('',*,*,#1604,.T.);
#2108=ORIENTED_EDGE('',*,*,#1605,.F.);
#2109=ORIENTED_EDGE('',*,*,#1606,.F.);
#2110=ORIENTED_EDGE('',*,*,#1607,.T.);
#2111=ORIENTED_EDGE('',*,*,#1608,.T.);
#2112=ORIENTED_EDGE('',*,*,#1609,.T.);
#2113=ORIENTED_EDGE('',*,*,#1610,.T.);
#2114=ORIENTED_EDGE('',*,*,#1611,.F.);
#2115=ORIENTED_EDGE('',*,*,#1612,.T.);
#2116=ORIENTED_EDGE('',*,*,#1613,.T.);
#2117=ORIENTED_EDGE('',*,*,#1614,.T.);
#2118=ORIENTED_EDGE('',*,*,#1615,.F.);
#2119=ORIENTED_EDGE('',*,*,#1616,.T.);
#2120=ORIENTED_EDGE('',*,*,#1607,.F.);
#2121=ORIENTED_EDGE('',*,*,#1605,.T.);
#2122=ORIENTED_EDGE('',*,*,#1606,.T.);
#2123=ORIENTED_EDGE('',*,*,#1617,.T.);
#2124=ORIENTED_EDGE('',*,*,#1618,.F.);
#2125=ORIENTED_EDGE('',*,*,#1619,.F.);
#2126=ORIENTED_EDGE('',*,*,#1617,.F.);
#2127=ORIENTED_EDGE('',*,*,#1620,.F.);
#2128=ORIENTED_EDGE('',*,*,#1621,.T.);
#2129=ORIENTED_EDGE('',*,*,#1618,.T.);
#2130=ORIENTED_EDGE('',*,*,#1619,.T.);
#2131=ORIENTED_EDGE('',*,*,#1621,.F.);
#2132=ORIENTED_EDGE('',*,*,#1622,.F.);
#2133=ORIENTED_EDGE('',*,*,#1623,.T.);
#2134=ORIENTED_EDGE('',*,*,#1452,.T.);
#2135=ORIENTED_EDGE('',*,*,#1623,.F.);
#2136=ORIENTED_EDGE('',*,*,#1624,.T.);
#2137=ORIENTED_EDGE('',*,*,#1625,.T.);
#2138=ORIENTED_EDGE('',*,*,#1612,.F.);
#2139=ORIENTED_EDGE('',*,*,#1626,.F.);
#2140=ORIENTED_EDGE('',*,*,#1507,.T.);
#2141=ORIENTED_EDGE('',*,*,#1514,.T.);
#2142=ORIENTED_EDGE('',*,*,#1521,.T.);
#2143=ORIENTED_EDGE('',*,*,#1528,.T.);
#2144=ORIENTED_EDGE('',*,*,#1535,.T.);
#2145=ORIENTED_EDGE('',*,*,#1542,.T.);
#2146=ORIENTED_EDGE('',*,*,#1549,.T.);
#2147=ORIENTED_EDGE('',*,*,#1570,.T.);
#2148=ORIENTED_EDGE('',*,*,#1597,.F.);
#2149=ORIENTED_EDGE('',*,*,#1627,.T.);
#2150=ORIENTED_EDGE('',*,*,#1624,.F.);
#2151=ORIENTED_EDGE('',*,*,#1628,.F.);
#2152=ORIENTED_EDGE('',*,*,#1620,.T.);
#2153=ORIENTED_EDGE('',*,*,#1454,.T.);
#2154=ORIENTED_EDGE('',*,*,#1629,.F.);
#2155=ORIENTED_EDGE('',*,*,#1571,.T.);
#2156=ORIENTED_EDGE('',*,*,#1630,.T.);
#2157=ORIENTED_EDGE('',*,*,#1608,.F.);
#2158=ORIENTED_EDGE('',*,*,#1616,.F.);
#2159=ORIENTED_EDGE('',*,*,#1563,.T.);
#2160=ORIENTED_EDGE('',*,*,#1556,.T.);
#2161=ORIENTED_EDGE('',*,*,#1500,.T.);
#2162=ORIENTED_EDGE('',*,*,#1493,.T.);
#2163=ORIENTED_EDGE('',*,*,#1486,.T.);
#2164=ORIENTED_EDGE('',*,*,#1479,.T.);
#2165=ORIENTED_EDGE('',*,*,#1472,.T.);
#2166=ORIENTED_EDGE('',*,*,#1465,.T.);
#2167=ORIENTED_EDGE('',*,*,#1578,.T.);
#2168=ORIENTED_EDGE('',*,*,#1458,.T.);
#2169=ORIENTED_EDGE('',*,*,#1567,.T.);
#2170=ORIENTED_EDGE('',*,*,#1560,.T.);
#2171=ORIENTED_EDGE('',*,*,#1553,.T.);
#2172=ORIENTED_EDGE('',*,*,#1546,.T.);
#2173=ORIENTED_EDGE('',*,*,#1539,.T.);
#2174=ORIENTED_EDGE('',*,*,#1532,.T.);
#2175=ORIENTED_EDGE('',*,*,#1525,.T.);
#2176=ORIENTED_EDGE('',*,*,#1518,.T.);
#2177=ORIENTED_EDGE('',*,*,#1511,.T.);
#2178=ORIENTED_EDGE('',*,*,#1504,.T.);
#2179=ORIENTED_EDGE('',*,*,#1497,.T.);
#2180=ORIENTED_EDGE('',*,*,#1490,.T.);
#2181=ORIENTED_EDGE('',*,*,#1483,.T.);
#2182=ORIENTED_EDGE('',*,*,#1476,.T.);
#2183=ORIENTED_EDGE('',*,*,#1469,.T.);
#2184=ORIENTED_EDGE('',*,*,#1462,.T.);
#2185=ORIENTED_EDGE('',*,*,#1596,.F.);
#2186=ORIENTED_EDGE('',*,*,#1622,.T.);
#2187=ORIENTED_EDGE('',*,*,#1611,.T.);
#2188=ORIENTED_EDGE('',*,*,#1631,.F.);
#2189=ORIENTED_EDGE('',*,*,#1598,.T.);
#2190=ORIENTED_EDGE('',*,*,#1628,.T.);
#2191=ORIENTED_EDGE('',*,*,#1626,.T.);
#2192=ORIENTED_EDGE('',*,*,#1630,.F.);
#2193=ORIENTED_EDGE('',*,*,#1575,.F.);
#2194=ORIENTED_EDGE('',*,*,#1600,.F.);
#2195=ORIENTED_EDGE('',*,*,#1632,.T.);
#2196=ORIENTED_EDGE('',*,*,#1609,.F.);
#2197=ORIENTED_EDGE('',*,*,#1632,.F.);
#2198=ORIENTED_EDGE('',*,*,#1599,.F.);
#2199=ORIENTED_EDGE('',*,*,#1631,.T.);
#2200=ORIENTED_EDGE('',*,*,#1610,.F.);
#2201=ORIENTED_EDGE('',*,*,#1615,.T.);
#2202=ORIENTED_EDGE('',*,*,#1633,.F.);
#2203=ORIENTED_EDGE('',*,*,#1602,.T.);
#2204=ORIENTED_EDGE('',*,*,#1572,.T.);
#2205=ORIENTED_EDGE('',*,*,#1629,.T.);
#2206=ORIENTED_EDGE('',*,*,#1625,.F.);
#2207=ORIENTED_EDGE('',*,*,#1627,.F.);
#2208=ORIENTED_EDGE('',*,*,#1604,.F.);
#2209=ORIENTED_EDGE('',*,*,#1634,.T.);
#2210=ORIENTED_EDGE('',*,*,#1613,.F.);
#2211=ORIENTED_EDGE('',*,*,#1634,.F.);
#2212=ORIENTED_EDGE('',*,*,#1603,.F.);
#2213=ORIENTED_EDGE('',*,*,#1633,.T.);
#2214=ORIENTED_EDGE('',*,*,#1614,.F.);
#2215=ORIENTED_EDGE('',*,*,#1635,.F.);
#2216=ORIENTED_EDGE('',*,*,#1636,.F.);
#2217=ORIENTED_EDGE('',*,*,#1637,.F.);
#2218=ORIENTED_EDGE('',*,*,#1638,.F.);
#2219=ORIENTED_EDGE('',*,*,#1639,.F.);
#2220=ORIENTED_EDGE('',*,*,#1640,.T.);
#2221=ORIENTED_EDGE('',*,*,#1641,.F.);
#2222=ORIENTED_EDGE('',*,*,#1640,.F.);
#2223=ORIENTED_EDGE('',*,*,#1642,.F.);
#2224=ORIENTED_EDGE('',*,*,#1643,.F.);
#2225=ORIENTED_EDGE('',*,*,#1644,.T.);
#2226=ORIENTED_EDGE('',*,*,#1645,.F.);
#2227=ORIENTED_EDGE('',*,*,#1644,.F.);
#2228=ORIENTED_EDGE('',*,*,#1646,.F.);
#2229=ORIENTED_EDGE('',*,*,#1647,.F.);
#2230=ORIENTED_EDGE('',*,*,#1648,.T.);
#2231=ORIENTED_EDGE('',*,*,#1649,.F.);
#2232=ORIENTED_EDGE('',*,*,#1648,.F.);
#2233=ORIENTED_EDGE('',*,*,#1650,.F.);
#2234=ORIENTED_EDGE('',*,*,#1651,.T.);
#2235=ORIENTED_EDGE('',*,*,#1652,.F.);
#2236=ORIENTED_EDGE('',*,*,#1651,.F.);
#2237=ORIENTED_EDGE('',*,*,#1653,.F.);
#2238=ORIENTED_EDGE('',*,*,#1654,.F.);
#2239=ORIENTED_EDGE('',*,*,#1655,.T.);
#2240=ORIENTED_EDGE('',*,*,#1656,.F.);
#2241=ORIENTED_EDGE('',*,*,#1655,.F.);
#2242=ORIENTED_EDGE('',*,*,#1657,.F.);
#2243=ORIENTED_EDGE('',*,*,#1658,.T.);
#2244=ORIENTED_EDGE('',*,*,#1659,.F.);
#2245=ORIENTED_EDGE('',*,*,#1658,.F.);
#2246=ORIENTED_EDGE('',*,*,#1660,.F.);
#2247=ORIENTED_EDGE('',*,*,#1661,.F.);
#2248=ORIENTED_EDGE('',*,*,#1662,.T.);
#2249=ORIENTED_EDGE('',*,*,#1663,.F.);
#2250=ORIENTED_EDGE('',*,*,#1662,.F.);
#2251=ORIENTED_EDGE('',*,*,#1664,.F.);
#2252=ORIENTED_EDGE('',*,*,#1665,.T.);
#2253=ORIENTED_EDGE('',*,*,#1666,.F.);
#2254=ORIENTED_EDGE('',*,*,#1665,.F.);
#2255=ORIENTED_EDGE('',*,*,#1667,.F.);
#2256=ORIENTED_EDGE('',*,*,#1668,.F.);
#2257=ORIENTED_EDGE('',*,*,#1669,.T.);
#2258=ORIENTED_EDGE('',*,*,#1670,.F.);
#2259=ORIENTED_EDGE('',*,*,#1669,.F.);
#2260=ORIENTED_EDGE('',*,*,#1671,.F.);
#2261=ORIENTED_EDGE('',*,*,#1672,.T.);
#2262=ORIENTED_EDGE('',*,*,#1673,.F.);
#2263=ORIENTED_EDGE('',*,*,#1672,.F.);
#2264=ORIENTED_EDGE('',*,*,#1674,.F.);
#2265=ORIENTED_EDGE('',*,*,#1675,.F.);
#2266=ORIENTED_EDGE('',*,*,#1676,.T.);
#2267=ORIENTED_EDGE('',*,*,#1677,.F.);
#2268=ORIENTED_EDGE('',*,*,#1676,.F.);
#2269=ORIENTED_EDGE('',*,*,#1678,.F.);
#2270=ORIENTED_EDGE('',*,*,#1679,.T.);
#2271=ORIENTED_EDGE('',*,*,#1680,.F.);
#2272=ORIENTED_EDGE('',*,*,#1679,.F.);
#2273=ORIENTED_EDGE('',*,*,#1681,.F.);
#2274=ORIENTED_EDGE('',*,*,#1682,.F.);
#2275=ORIENTED_EDGE('',*,*,#1683,.T.);
#2276=ORIENTED_EDGE('',*,*,#1684,.F.);
#2277=ORIENTED_EDGE('',*,*,#1683,.F.);
#2278=ORIENTED_EDGE('',*,*,#1685,.F.);
#2279=ORIENTED_EDGE('',*,*,#1686,.T.);
#2280=ORIENTED_EDGE('',*,*,#1687,.F.);
#2281=ORIENTED_EDGE('',*,*,#1686,.F.);
#2282=ORIENTED_EDGE('',*,*,#1688,.F.);
#2283=ORIENTED_EDGE('',*,*,#1689,.F.);
#2284=ORIENTED_EDGE('',*,*,#1690,.T.);
#2285=ORIENTED_EDGE('',*,*,#1691,.F.);
#2286=ORIENTED_EDGE('',*,*,#1690,.F.);
#2287=ORIENTED_EDGE('',*,*,#1692,.F.);
#2288=ORIENTED_EDGE('',*,*,#1693,.T.);
#2289=ORIENTED_EDGE('',*,*,#1694,.F.);
#2290=ORIENTED_EDGE('',*,*,#1693,.F.);
#2291=ORIENTED_EDGE('',*,*,#1695,.F.);
#2292=ORIENTED_EDGE('',*,*,#1696,.F.);
#2293=ORIENTED_EDGE('',*,*,#1697,.T.);
#2294=ORIENTED_EDGE('',*,*,#1698,.F.);
#2295=ORIENTED_EDGE('',*,*,#1697,.F.);
#2296=ORIENTED_EDGE('',*,*,#1699,.F.);
#2297=ORIENTED_EDGE('',*,*,#1700,.T.);
#2298=ORIENTED_EDGE('',*,*,#1701,.F.);
#2299=ORIENTED_EDGE('',*,*,#1700,.F.);
#2300=ORIENTED_EDGE('',*,*,#1702,.F.);
#2301=ORIENTED_EDGE('',*,*,#1703,.F.);
#2302=ORIENTED_EDGE('',*,*,#1704,.T.);
#2303=ORIENTED_EDGE('',*,*,#1705,.F.);
#2304=ORIENTED_EDGE('',*,*,#1704,.F.);
#2305=ORIENTED_EDGE('',*,*,#1706,.F.);
#2306=ORIENTED_EDGE('',*,*,#1707,.T.);
#2307=ORIENTED_EDGE('',*,*,#1708,.F.);
#2308=ORIENTED_EDGE('',*,*,#1707,.F.);
#2309=ORIENTED_EDGE('',*,*,#1709,.F.);
#2310=ORIENTED_EDGE('',*,*,#1710,.F.);
#2311=ORIENTED_EDGE('',*,*,#1711,.T.);
#2312=ORIENTED_EDGE('',*,*,#1712,.F.);
#2313=ORIENTED_EDGE('',*,*,#1711,.F.);
#2314=ORIENTED_EDGE('',*,*,#1713,.F.);
#2315=ORIENTED_EDGE('',*,*,#1714,.T.);
#2316=ORIENTED_EDGE('',*,*,#1715,.F.);
#2317=ORIENTED_EDGE('',*,*,#1714,.F.);
#2318=ORIENTED_EDGE('',*,*,#1716,.F.);
#2319=ORIENTED_EDGE('',*,*,#1717,.F.);
#2320=ORIENTED_EDGE('',*,*,#1718,.T.);
#2321=ORIENTED_EDGE('',*,*,#1719,.F.);
#2322=ORIENTED_EDGE('',*,*,#1718,.F.);
#2323=ORIENTED_EDGE('',*,*,#1720,.F.);
#2324=ORIENTED_EDGE('',*,*,#1721,.T.);
#2325=ORIENTED_EDGE('',*,*,#1722,.F.);
#2326=ORIENTED_EDGE('',*,*,#1721,.F.);
#2327=ORIENTED_EDGE('',*,*,#1723,.F.);
#2328=ORIENTED_EDGE('',*,*,#1724,.F.);
#2329=ORIENTED_EDGE('',*,*,#1725,.T.);
#2330=ORIENTED_EDGE('',*,*,#1726,.F.);
#2331=ORIENTED_EDGE('',*,*,#1725,.F.);
#2332=ORIENTED_EDGE('',*,*,#1727,.F.);
#2333=ORIENTED_EDGE('',*,*,#1728,.T.);
#2334=ORIENTED_EDGE('',*,*,#1729,.F.);
#2335=ORIENTED_EDGE('',*,*,#1728,.F.);
#2336=ORIENTED_EDGE('',*,*,#1730,.F.);
#2337=ORIENTED_EDGE('',*,*,#1731,.F.);
#2338=ORIENTED_EDGE('',*,*,#1732,.T.);
#2339=ORIENTED_EDGE('',*,*,#1733,.F.);
#2340=ORIENTED_EDGE('',*,*,#1732,.F.);
#2341=ORIENTED_EDGE('',*,*,#1734,.F.);
#2342=ORIENTED_EDGE('',*,*,#1735,.T.);
#2343=ORIENTED_EDGE('',*,*,#1736,.F.);
#2344=ORIENTED_EDGE('',*,*,#1735,.F.);
#2345=ORIENTED_EDGE('',*,*,#1737,.F.);
#2346=ORIENTED_EDGE('',*,*,#1738,.F.);
#2347=ORIENTED_EDGE('',*,*,#1739,.T.);
#2348=ORIENTED_EDGE('',*,*,#1740,.F.);
#2349=ORIENTED_EDGE('',*,*,#1739,.F.);
#2350=ORIENTED_EDGE('',*,*,#1741,.F.);
#2351=ORIENTED_EDGE('',*,*,#1742,.T.);
#2352=ORIENTED_EDGE('',*,*,#1743,.F.);
#2353=ORIENTED_EDGE('',*,*,#1742,.F.);
#2354=ORIENTED_EDGE('',*,*,#1744,.F.);
#2355=ORIENTED_EDGE('',*,*,#1745,.F.);
#2356=ORIENTED_EDGE('',*,*,#1746,.T.);
#2357=ORIENTED_EDGE('',*,*,#1747,.F.);
#2358=ORIENTED_EDGE('',*,*,#1746,.F.);
#2359=ORIENTED_EDGE('',*,*,#1748,.F.);
#2360=ORIENTED_EDGE('',*,*,#1749,.T.);
#2361=ORIENTED_EDGE('',*,*,#1750,.F.);
#2362=ORIENTED_EDGE('',*,*,#1749,.F.);
#2363=ORIENTED_EDGE('',*,*,#1751,.F.);
#2364=ORIENTED_EDGE('',*,*,#1752,.F.);
#2365=ORIENTED_EDGE('',*,*,#1753,.T.);
#2366=ORIENTED_EDGE('',*,*,#1754,.F.);
#2367=ORIENTED_EDGE('',*,*,#1753,.F.);
#2368=ORIENTED_EDGE('',*,*,#1755,.F.);
#2369=ORIENTED_EDGE('',*,*,#1756,.T.);
#2370=ORIENTED_EDGE('',*,*,#1757,.F.);
#2371=ORIENTED_EDGE('',*,*,#1756,.F.);
#2372=ORIENTED_EDGE('',*,*,#1758,.F.);
#2373=ORIENTED_EDGE('',*,*,#1759,.F.);
#2374=ORIENTED_EDGE('',*,*,#1760,.F.);
#2375=ORIENTED_EDGE('',*,*,#1761,.F.);
#2376=ORIENTED_EDGE('',*,*,#1762,.T.);
#2377=ORIENTED_EDGE('',*,*,#1763,.F.);
#2378=ORIENTED_EDGE('',*,*,#1764,.T.);
#2379=ORIENTED_EDGE('',*,*,#1765,.F.);
#2380=ORIENTED_EDGE('',*,*,#1764,.F.);
#2381=ORIENTED_EDGE('',*,*,#1744,.T.);
#2382=ORIENTED_EDGE('',*,*,#1745,.T.);
#2383=ORIENTED_EDGE('',*,*,#1766,.T.);
#2384=ORIENTED_EDGE('',*,*,#1748,.T.);
#2385=ORIENTED_EDGE('',*,*,#1766,.F.);
#2386=ORIENTED_EDGE('',*,*,#1646,.T.);
#2387=ORIENTED_EDGE('',*,*,#1647,.T.);
#2388=ORIENTED_EDGE('',*,*,#1767,.T.);
#2389=ORIENTED_EDGE('',*,*,#1650,.T.);
#2390=ORIENTED_EDGE('',*,*,#1767,.F.);
#2391=ORIENTED_EDGE('',*,*,#1653,.T.);
#2392=ORIENTED_EDGE('',*,*,#1654,.T.);
#2393=ORIENTED_EDGE('',*,*,#1768,.T.);
#2394=ORIENTED_EDGE('',*,*,#1657,.T.);
#2395=ORIENTED_EDGE('',*,*,#1768,.F.);
#2396=ORIENTED_EDGE('',*,*,#1660,.T.);
#2397=ORIENTED_EDGE('',*,*,#1661,.T.);
#2398=ORIENTED_EDGE('',*,*,#1769,.T.);
#2399=ORIENTED_EDGE('',*,*,#1664,.T.);
#2400=ORIENTED_EDGE('',*,*,#1769,.F.);
#2401=ORIENTED_EDGE('',*,*,#1667,.T.);
#2402=ORIENTED_EDGE('',*,*,#1668,.T.);
#2403=ORIENTED_EDGE('',*,*,#1770,.T.);
#2404=ORIENTED_EDGE('',*,*,#1671,.T.);
#2405=ORIENTED_EDGE('',*,*,#1770,.F.);
#2406=ORIENTED_EDGE('',*,*,#1674,.T.);
#2407=ORIENTED_EDGE('',*,*,#1675,.T.);
#2408=ORIENTED_EDGE('',*,*,#1771,.T.);
#2409=ORIENTED_EDGE('',*,*,#1678,.T.);
#2410=ORIENTED_EDGE('',*,*,#1771,.F.);
#2411=ORIENTED_EDGE('',*,*,#1681,.T.);
#2412=ORIENTED_EDGE('',*,*,#1682,.T.);
#2413=ORIENTED_EDGE('',*,*,#1772,.T.);
#2414=ORIENTED_EDGE('',*,*,#1685,.T.);
#2415=ORIENTED_EDGE('',*,*,#1772,.F.);
#2416=ORIENTED_EDGE('',*,*,#1688,.T.);
#2417=ORIENTED_EDGE('',*,*,#1689,.T.);
#2418=ORIENTED_EDGE('',*,*,#1773,.T.);
#2419=ORIENTED_EDGE('',*,*,#1692,.T.);
#2420=ORIENTED_EDGE('',*,*,#1773,.F.);
#2421=ORIENTED_EDGE('',*,*,#1695,.T.);
#2422=ORIENTED_EDGE('',*,*,#1696,.T.);
#2423=ORIENTED_EDGE('',*,*,#1774,.T.);
#2424=ORIENTED_EDGE('',*,*,#1699,.T.);
#2425=ORIENTED_EDGE('',*,*,#1774,.F.);
#2426=ORIENTED_EDGE('',*,*,#1702,.T.);
#2427=ORIENTED_EDGE('',*,*,#1703,.T.);
#2428=ORIENTED_EDGE('',*,*,#1775,.T.);
#2429=ORIENTED_EDGE('',*,*,#1706,.T.);
#2430=ORIENTED_EDGE('',*,*,#1775,.F.);
#2431=ORIENTED_EDGE('',*,*,#1709,.T.);
#2432=ORIENTED_EDGE('',*,*,#1710,.T.);
#2433=ORIENTED_EDGE('',*,*,#1776,.T.);
#2434=ORIENTED_EDGE('',*,*,#1713,.T.);
#2435=ORIENTED_EDGE('',*,*,#1776,.F.);
#2436=ORIENTED_EDGE('',*,*,#1716,.T.);
#2437=ORIENTED_EDGE('',*,*,#1717,.T.);
#2438=ORIENTED_EDGE('',*,*,#1777,.T.);
#2439=ORIENTED_EDGE('',*,*,#1720,.T.);
#2440=ORIENTED_EDGE('',*,*,#1777,.F.);
#2441=ORIENTED_EDGE('',*,*,#1723,.T.);
#2442=ORIENTED_EDGE('',*,*,#1724,.T.);
#2443=ORIENTED_EDGE('',*,*,#1778,.T.);
#2444=ORIENTED_EDGE('',*,*,#1727,.T.);
#2445=ORIENTED_EDGE('',*,*,#1778,.F.);
#2446=ORIENTED_EDGE('',*,*,#1751,.T.);
#2447=ORIENTED_EDGE('',*,*,#1752,.T.);
#2448=ORIENTED_EDGE('',*,*,#1779,.T.);
#2449=ORIENTED_EDGE('',*,*,#1755,.T.);
#2450=ORIENTED_EDGE('',*,*,#1779,.F.);
#2451=ORIENTED_EDGE('',*,*,#1730,.T.);
#2452=ORIENTED_EDGE('',*,*,#1731,.T.);
#2453=ORIENTED_EDGE('',*,*,#1780,.T.);
#2454=ORIENTED_EDGE('',*,*,#1734,.T.);
#2455=ORIENTED_EDGE('',*,*,#1780,.F.);
#2456=ORIENTED_EDGE('',*,*,#1737,.T.);
#2457=ORIENTED_EDGE('',*,*,#1738,.T.);
#2458=ORIENTED_EDGE('',*,*,#1781,.T.);
#2459=ORIENTED_EDGE('',*,*,#1741,.T.);
#2460=ORIENTED_EDGE('',*,*,#1781,.F.);
#2461=ORIENTED_EDGE('',*,*,#1642,.T.);
#2462=ORIENTED_EDGE('',*,*,#1643,.T.);
#2463=ORIENTED_EDGE('',*,*,#1782,.T.);
#2464=ORIENTED_EDGE('',*,*,#1639,.T.);
#2465=ORIENTED_EDGE('',*,*,#1782,.F.);
#2466=ORIENTED_EDGE('',*,*,#1783,.T.);
#2467=ORIENTED_EDGE('',*,*,#1784,.F.);
#2468=ORIENTED_EDGE('',*,*,#1785,.T.);
#2469=ORIENTED_EDGE('',*,*,#1786,.T.);
#2470=ORIENTED_EDGE('',*,*,#1761,.T.);
#2471=ORIENTED_EDGE('',*,*,#1787,.T.);
#2472=ORIENTED_EDGE('',*,*,#1763,.T.);
#2473=ORIENTED_EDGE('',*,*,#1787,.F.);
#2474=ORIENTED_EDGE('',*,*,#1760,.T.);
#2475=ORIENTED_EDGE('',*,*,#1788,.F.);
#2476=ORIENTED_EDGE('',*,*,#1789,.T.);
#2477=ORIENTED_EDGE('',*,*,#1790,.T.);
#2478=ORIENTED_EDGE('',*,*,#1791,.F.);
#2479=ORIENTED_EDGE('',*,*,#1792,.T.);
#2480=ORIENTED_EDGE('',*,*,#1793,.T.);
#2481=ORIENTED_EDGE('',*,*,#1794,.T.);
#2482=ORIENTED_EDGE('',*,*,#1795,.T.);
#2483=ORIENTED_EDGE('',*,*,#1796,.F.);
#2484=ORIENTED_EDGE('',*,*,#1635,.T.);
#2485=ORIENTED_EDGE('',*,*,#1797,.T.);
#2486=ORIENTED_EDGE('',*,*,#1798,.T.);
#2487=ORIENTED_EDGE('',*,*,#1799,.F.);
#2488=ORIENTED_EDGE('',*,*,#1800,.T.);
#2489=ORIENTED_EDGE('',*,*,#1792,.F.);
#2490=ORIENTED_EDGE('',*,*,#1801,.T.);
#2491=ORIENTED_EDGE('',*,*,#1637,.T.);
#2492=ORIENTED_EDGE('',*,*,#1802,.F.);
#2493=ORIENTED_EDGE('',*,*,#1803,.T.);
#2494=ORIENTED_EDGE('',*,*,#1694,.T.);
#2495=ORIENTED_EDGE('',*,*,#1701,.T.);
#2496=ORIENTED_EDGE('',*,*,#1708,.T.);
#2497=ORIENTED_EDGE('',*,*,#1715,.T.);
#2498=ORIENTED_EDGE('',*,*,#1722,.T.);
#2499=ORIENTED_EDGE('',*,*,#1729,.T.);
#2500=ORIENTED_EDGE('',*,*,#1736,.T.);
#2501=ORIENTED_EDGE('',*,*,#1757,.T.);
#2502=ORIENTED_EDGE('',*,*,#1783,.F.);
#2503=ORIENTED_EDGE('',*,*,#1804,.T.);
#2504=ORIENTED_EDGE('',*,*,#1803,.F.);
#2505=ORIENTED_EDGE('',*,*,#1805,.F.);
#2506=ORIENTED_EDGE('',*,*,#1806,.T.);
#2507=ORIENTED_EDGE('',*,*,#1807,.T.);
#2508=ORIENTED_EDGE('',*,*,#1808,.F.);
#2509=ORIENTED_EDGE('',*,*,#1758,.T.);
#2510=ORIENTED_EDGE('',*,*,#1750,.T.);
#2511=ORIENTED_EDGE('',*,*,#1743,.T.);
#2512=ORIENTED_EDGE('',*,*,#1687,.T.);
#2513=ORIENTED_EDGE('',*,*,#1680,.T.);
#2514=ORIENTED_EDGE('',*,*,#1673,.T.);
#2515=ORIENTED_EDGE('',*,*,#1666,.T.);
#2516=ORIENTED_EDGE('',*,*,#1659,.T.);
#2517=ORIENTED_EDGE('',*,*,#1652,.T.);
#2518=ORIENTED_EDGE('',*,*,#1765,.T.);
#2519=ORIENTED_EDGE('',*,*,#1645,.T.);
#2520=ORIENTED_EDGE('',*,*,#1754,.T.);
#2521=ORIENTED_EDGE('',*,*,#1747,.T.);
#2522=ORIENTED_EDGE('',*,*,#1740,.T.);
#2523=ORIENTED_EDGE('',*,*,#1733,.T.);
#2524=ORIENTED_EDGE('',*,*,#1726,.T.);
#2525=ORIENTED_EDGE('',*,*,#1719,.T.);
#2526=ORIENTED_EDGE('',*,*,#1712,.T.);
#2527=ORIENTED_EDGE('',*,*,#1705,.T.);
#2528=ORIENTED_EDGE('',*,*,#1698,.T.);
#2529=ORIENTED_EDGE('',*,*,#1691,.T.);
#2530=ORIENTED_EDGE('',*,*,#1684,.T.);
#2531=ORIENTED_EDGE('',*,*,#1677,.T.);
#2532=ORIENTED_EDGE('',*,*,#1670,.T.);
#2533=ORIENTED_EDGE('',*,*,#1663,.T.);
#2534=ORIENTED_EDGE('',*,*,#1656,.T.);
#2535=ORIENTED_EDGE('',*,*,#1649,.T.);
#2536=ORIENTED_EDGE('',*,*,#1791,.T.);
#2537=ORIENTED_EDGE('',*,*,#1641,.T.);
#2538=ORIENTED_EDGE('',*,*,#1802,.T.);
#2539=ORIENTED_EDGE('',*,*,#1636,.T.);
#2540=ORIENTED_EDGE('',*,*,#1796,.T.);
#2541=ORIENTED_EDGE('',*,*,#1809,.F.);
#2542=ORIENTED_EDGE('',*,*,#1784,.T.);
#2543=ORIENTED_EDGE('',*,*,#1805,.T.);
#2544=ORIENTED_EDGE('',*,*,#1794,.F.);
#2545=ORIENTED_EDGE('',*,*,#1810,.T.);
#2546=ORIENTED_EDGE('',*,*,#1806,.F.);
#2547=ORIENTED_EDGE('',*,*,#1762,.F.);
#2548=ORIENTED_EDGE('',*,*,#1786,.F.);
#2549=ORIENTED_EDGE('',*,*,#1811,.T.);
#2550=ORIENTED_EDGE('',*,*,#1811,.F.);
#2551=ORIENTED_EDGE('',*,*,#1785,.F.);
#2552=ORIENTED_EDGE('',*,*,#1809,.T.);
#2553=ORIENTED_EDGE('',*,*,#1795,.F.);
#2554=ORIENTED_EDGE('',*,*,#1808,.T.);
#2555=ORIENTED_EDGE('',*,*,#1812,.T.);
#2556=ORIENTED_EDGE('',*,*,#1799,.T.);
#2557=ORIENTED_EDGE('',*,*,#1813,.F.);
#2558=ORIENTED_EDGE('',*,*,#1788,.T.);
#2559=ORIENTED_EDGE('',*,*,#1759,.T.);
#2560=ORIENTED_EDGE('',*,*,#1797,.F.);
#2561=ORIENTED_EDGE('',*,*,#1638,.T.);
#2562=ORIENTED_EDGE('',*,*,#1801,.F.);
#2563=ORIENTED_EDGE('',*,*,#1804,.F.);
#2564=ORIENTED_EDGE('',*,*,#1790,.F.);
#2565=ORIENTED_EDGE('',*,*,#1814,.T.);
#2566=ORIENTED_EDGE('',*,*,#1814,.F.);
#2567=ORIENTED_EDGE('',*,*,#1789,.F.);
#2568=ORIENTED_EDGE('',*,*,#1813,.T.);
#2569=ORIENTED_EDGE('',*,*,#1798,.F.);
#2570=ORIENTED_EDGE('',*,*,#1812,.F.);
#2571=ORIENTED_EDGE('',*,*,#1807,.F.);
#2572=ORIENTED_EDGE('',*,*,#1810,.F.);
#2573=ORIENTED_EDGE('',*,*,#1793,.F.);
#2574=ORIENTED_EDGE('',*,*,#1800,.F.);
#2575=ORIENTED_EDGE('',*,*,#1815,.F.);
#2576=ORIENTED_EDGE('',*,*,#1816,.F.);
#2577=ORIENTED_EDGE('',*,*,#1817,.T.);
#2578=ORIENTED_EDGE('',*,*,#1818,.F.);
#2579=ORIENTED_EDGE('',*,*,#1817,.F.);
#2580=ORIENTED_EDGE('',*,*,#1819,.F.);
#2581=ORIENTED_EDGE('',*,*,#1820,.T.);
#2582=ORIENTED_EDGE('',*,*,#1821,.F.);
#2583=ORIENTED_EDGE('',*,*,#1820,.F.);
#2584=ORIENTED_EDGE('',*,*,#1815,.T.);
#2585=ORIENTED_EDGE('',*,*,#1816,.T.);
#2586=ORIENTED_EDGE('',*,*,#1822,.T.);
#2587=ORIENTED_EDGE('',*,*,#1823,.T.);
#2588=ORIENTED_EDGE('',*,*,#1822,.F.);
#2589=ORIENTED_EDGE('',*,*,#1824,.T.);
#2590=ORIENTED_EDGE('',*,*,#1825,.T.);
#2591=ORIENTED_EDGE('',*,*,#1819,.T.);
#2592=ORIENTED_EDGE('',*,*,#1825,.F.);
#2593=ORIENTED_EDGE('',*,*,#1826,.F.);
#2594=ORIENTED_EDGE('',*,*,#1827,.T.);
#2595=ORIENTED_EDGE('',*,*,#1828,.F.);
#2596=ORIENTED_EDGE('',*,*,#1827,.F.);
#2597=ORIENTED_EDGE('',*,*,#1829,.F.);
#2598=ORIENTED_EDGE('',*,*,#1830,.T.);
#2599=ORIENTED_EDGE('',*,*,#1831,.T.);
#2600=ORIENTED_EDGE('',*,*,#1832,.T.);
#2601=ORIENTED_EDGE('',*,*,#1830,.F.);
#2602=ORIENTED_EDGE('',*,*,#1833,.T.);
#2603=ORIENTED_EDGE('',*,*,#1834,.T.);
#2604=ORIENTED_EDGE('',*,*,#1831,.F.);
#2605=ORIENTED_EDGE('',*,*,#1832,.F.);
#2606=ORIENTED_EDGE('',*,*,#1834,.F.);
#2607=ORIENTED_EDGE('',*,*,#1835,.T.);
#2608=ORIENTED_EDGE('',*,*,#1833,.F.);
#2609=ORIENTED_EDGE('',*,*,#1836,.T.);
#2610=ORIENTED_EDGE('',*,*,#1826,.T.);
#2611=ORIENTED_EDGE('',*,*,#1836,.F.);
#2612=ORIENTED_EDGE('',*,*,#1835,.F.);
#2613=ORIENTED_EDGE('',*,*,#1828,.T.);
#2614=ORIENTED_EDGE('',*,*,#1818,.T.);
#2615=ORIENTED_EDGE('',*,*,#1829,.T.);
#2616=ORIENTED_EDGE('',*,*,#1821,.T.);
#2617=ORIENTED_EDGE('',*,*,#1823,.F.);
#2618=ORIENTED_EDGE('',*,*,#1824,.F.);
#2619=CYLINDRICAL_SURFACE('',#2867,48.8);
#2620=CYLINDRICAL_SURFACE('',#2870,50.8);
#2621=CYLINDRICAL_SURFACE('',#3002,4.2);
#2622=CYLINDRICAL_SURFACE('',#3003,4.2);
#2623=CYLINDRICAL_SURFACE('',#3004,4.2);
#2624=CYLINDRICAL_SURFACE('',#3005,4.2);
#2625=CYLINDRICAL_SURFACE('',#3006,4.2);
#2626=CYLINDRICAL_SURFACE('',#3007,4.2);
#2627=CYLINDRICAL_SURFACE('',#3008,4.2);
#2628=CYLINDRICAL_SURFACE('',#3009,4.2);
#2629=CYLINDRICAL_SURFACE('',#3010,4.2);
#2630=CYLINDRICAL_SURFACE('',#3011,4.2);
#2631=CYLINDRICAL_SURFACE('',#3012,4.2);
#2632=CYLINDRICAL_SURFACE('',#3013,4.2);
#2633=CYLINDRICAL_SURFACE('',#3014,4.2);
#2634=CYLINDRICAL_SURFACE('',#3015,4.2);
#2635=CYLINDRICAL_SURFACE('',#3016,4.2);
#2636=CYLINDRICAL_SURFACE('',#3017,4.2);
#2637=CYLINDRICAL_SURFACE('',#3018,50.95);
#2638=CYLINDRICAL_SURFACE('',#3020,75.8);
#2639=CYLINDRICAL_SURFACE('',#3024,60.35);
#2640=CYLINDRICAL_SURFACE('',#3037,49.2);
#2641=CYLINDRICAL_SURFACE('',#3183,4.2);
#2642=CYLINDRICAL_SURFACE('',#3184,4.2);
#2643=CYLINDRICAL_SURFACE('',#3185,4.2);
#2644=CYLINDRICAL_SURFACE('',#3186,4.2);
#2645=CYLINDRICAL_SURFACE('',#3187,4.2);
#2646=CYLINDRICAL_SURFACE('',#3188,4.2);
#2647=CYLINDRICAL_SURFACE('',#3189,4.2);
#2648=CYLINDRICAL_SURFACE('',#3190,4.2);
#2649=CYLINDRICAL_SURFACE('',#3191,4.2);
#2650=CYLINDRICAL_SURFACE('',#3192,4.2);
#2651=CYLINDRICAL_SURFACE('',#3193,4.2);
#2652=CYLINDRICAL_SURFACE('',#3194,4.2);
#2653=CYLINDRICAL_SURFACE('',#3195,4.2);
#2654=CYLINDRICAL_SURFACE('',#3196,4.2);
#2655=CYLINDRICAL_SURFACE('',#3197,4.2);
#2656=CYLINDRICAL_SURFACE('',#3198,4.2);
#2657=CYLINDRICAL_SURFACE('',#3199,55.);
#2658=CYLINDRICAL_SURFACE('',#3200,75.8);
#2659=CYLINDRICAL_SURFACE('',#3204,60.35);
#2660=CYLINDRICAL_SURFACE('',#3232,50.95);
#2661=CYLINDRICAL_SURFACE('',#3234,49.2);
#2662=CYLINDRICAL_SURFACE('',#3246,60.25);
#2663=ADVANCED_FACE('',(#262),#2619,.F.);
#2664=ADVANCED_FACE('',(#263),#2620,.T.);
#2665=ADVANCED_FACE('',(#264,#162),#236,.T.);
#2666=ADVANCED_FACE('',(#265,#163),#237,.F.);
#2667=ADVANCED_FACE('',(#266),#31,.F.);
#2668=ADVANCED_FACE('',(#267),#32,.F.);
#2669=ADVANCED_FACE('',(#268),#33,.F.);
#2670=ADVANCED_FACE('',(#269),#34,.F.);
#2671=ADVANCED_FACE('',(#270),#35,.F.);
#2672=ADVANCED_FACE('',(#271),#36,.F.);
#2673=ADVANCED_FACE('',(#272),#37,.F.);
#2674=ADVANCED_FACE('',(#273),#38,.F.);
#2675=ADVANCED_FACE('',(#274),#39,.F.);
#2676=ADVANCED_FACE('',(#275),#40,.F.);
#2677=ADVANCED_FACE('',(#276),#41,.F.);
#2678=ADVANCED_FACE('',(#277),#42,.F.);
#2679=ADVANCED_FACE('',(#278),#43,.F.);
#2680=ADVANCED_FACE('',(#279),#44,.F.);
#2681=ADVANCED_FACE('',(#280),#45,.F.);
#2682=ADVANCED_FACE('',(#281),#46,.F.);
#2683=ADVANCED_FACE('',(#282),#47,.F.);
#2684=ADVANCED_FACE('',(#283),#48,.F.);
#2685=ADVANCED_FACE('',(#284),#49,.F.);
#2686=ADVANCED_FACE('',(#285),#50,.F.);
#2687=ADVANCED_FACE('',(#286),#51,.F.);
#2688=ADVANCED_FACE('',(#287),#52,.F.);
#2689=ADVANCED_FACE('',(#288),#53,.F.);
#2690=ADVANCED_FACE('',(#289),#54,.F.);
#2691=ADVANCED_FACE('',(#290),#55,.F.);
#2692=ADVANCED_FACE('',(#291),#56,.F.);
#2693=ADVANCED_FACE('',(#292),#57,.F.);
#2694=ADVANCED_FACE('',(#293),#58,.F.);
#2695=ADVANCED_FACE('',(#294),#59,.F.);
#2696=ADVANCED_FACE('',(#295),#60,.F.);
#2697=ADVANCED_FACE('',(#296),#61,.F.);
#2698=ADVANCED_FACE('',(#297),#62,.F.);
#2699=ADVANCED_FACE('',(#298),#63,.F.);
#2700=ADVANCED_FACE('',(#299),#64,.F.);
#2701=ADVANCED_FACE('',(#300),#65,.T.);
#2702=ADVANCED_FACE('',(#301),#66,.T.);
#2703=ADVANCED_FACE('',(#302),#2621,.F.);
#2704=ADVANCED_FACE('',(#303),#2622,.F.);
#2705=ADVANCED_FACE('',(#304),#2623,.F.);
#2706=ADVANCED_FACE('',(#305),#2624,.F.);
#2707=ADVANCED_FACE('',(#306),#2625,.F.);
#2708=ADVANCED_FACE('',(#307),#2626,.F.);
#2709=ADVANCED_FACE('',(#308),#2627,.F.);
#2710=ADVANCED_FACE('',(#309),#2628,.F.);
#2711=ADVANCED_FACE('',(#310),#2629,.F.);
#2712=ADVANCED_FACE('',(#311),#2630,.F.);
#2713=ADVANCED_FACE('',(#312),#2631,.F.);
#2714=ADVANCED_FACE('',(#313),#2632,.F.);
#2715=ADVANCED_FACE('',(#314),#2633,.F.);
#2716=ADVANCED_FACE('',(#315),#2634,.F.);
#2717=ADVANCED_FACE('',(#316),#2635,.F.);
#2718=ADVANCED_FACE('',(#317),#2636,.F.);
#2719=ADVANCED_FACE('',(#318),#2637,.F.);
#2720=ADVANCED_FACE('',(#319),#2638,.T.);
#2721=ADVANCED_FACE('',(#320),#2639,.F.);
#2722=ADVANCED_FACE('',(#321),#67,.T.);
#2723=ADVANCED_FACE('',(#322),#68,.F.);
#2724=ADVANCED_FACE('',(#323),#2640,.F.);
#2725=ADVANCED_FACE('',(#324,#164,#165,#166,#167,#168,#169,#170,#171),#238,
 .T.);
#2726=ADVANCED_FACE('',(#325),#69,.T.);
#2727=ADVANCED_FACE('',(#326,#172),#239,.T.);
#2728=ADVANCED_FACE('',(#327,#173,#174,#175,#176,#177,#178,#179,#180),#240,
 .T.);
#2729=ADVANCED_FACE('',(#328,#181,#182,#183,#184,#185,#186,#187,#188,#189,
#190,#191,#192,#193,#194,#195,#196,#197),#241,.T.);
#2730=ADVANCED_FACE('',(#329,#198),#242,.T.);
#2731=ADVANCED_FACE('',(#330),#243,.F.);
#2732=ADVANCED_FACE('',(#331),#244,.T.);
#2733=ADVANCED_FACE('',(#332),#245,.T.);
#2734=ADVANCED_FACE('',(#333),#246,.F.);
#2735=ADVANCED_FACE('',(#334),#247,.T.);
#2736=ADVANCED_FACE('',(#335),#248,.T.);
#2737=ADVANCED_FACE('',(#336),#70,.F.);
#2738=ADVANCED_FACE('',(#337),#71,.F.);
#2739=ADVANCED_FACE('',(#338),#72,.F.);
#2740=ADVANCED_FACE('',(#339),#73,.F.);
#2741=ADVANCED_FACE('',(#340),#74,.F.);
#2742=ADVANCED_FACE('',(#341),#75,.F.);
#2743=ADVANCED_FACE('',(#342),#76,.F.);
#2744=ADVANCED_FACE('',(#343),#77,.F.);
#2745=ADVANCED_FACE('',(#344),#78,.F.);
#2746=ADVANCED_FACE('',(#345),#79,.F.);
#2747=ADVANCED_FACE('',(#346),#80,.F.);
#2748=ADVANCED_FACE('',(#347),#81,.F.);
#2749=ADVANCED_FACE('',(#348),#82,.F.);
#2750=ADVANCED_FACE('',(#349),#83,.F.);
#2751=ADVANCED_FACE('',(#350),#84,.F.);
#2752=ADVANCED_FACE('',(#351),#85,.F.);
#2753=ADVANCED_FACE('',(#352),#86,.F.);
#2754=ADVANCED_FACE('',(#353),#87,.F.);
#2755=ADVANCED_FACE('',(#354),#88,.F.);
#2756=ADVANCED_FACE('',(#355),#89,.F.);
#2757=ADVANCED_FACE('',(#356),#90,.F.);
#2758=ADVANCED_FACE('',(#357),#91,.F.);
#2759=ADVANCED_FACE('',(#358),#92,.F.);
#2760=ADVANCED_FACE('',(#359),#93,.F.);
#2761=ADVANCED_FACE('',(#360),#94,.F.);
#2762=ADVANCED_FACE('',(#361),#95,.F.);
#2763=ADVANCED_FACE('',(#362),#96,.F.);
#2764=ADVANCED_FACE('',(#363),#97,.F.);
#2765=ADVANCED_FACE('',(#364),#98,.F.);
#2766=ADVANCED_FACE('',(#365),#99,.F.);
#2767=ADVANCED_FACE('',(#366),#100,.F.);
#2768=ADVANCED_FACE('',(#367),#101,.F.);
#2769=ADVANCED_FACE('',(#368),#102,.F.);
#2770=ADVANCED_FACE('',(#369),#103,.F.);
#2771=ADVANCED_FACE('',(#370),#104,.F.);
#2772=ADVANCED_FACE('',(#371),#105,.T.);
#2773=ADVANCED_FACE('',(#372),#106,.T.);
#2774=ADVANCED_FACE('',(#373),#2641,.F.);
#2775=ADVANCED_FACE('',(#374),#2642,.F.);
#2776=ADVANCED_FACE('',(#375),#2643,.F.);
#2777=ADVANCED_FACE('',(#376),#2644,.F.);
#2778=ADVANCED_FACE('',(#377),#2645,.F.);
#2779=ADVANCED_FACE('',(#378),#2646,.F.);
#2780=ADVANCED_FACE('',(#379),#2647,.F.);
#2781=ADVANCED_FACE('',(#380),#2648,.F.);
#2782=ADVANCED_FACE('',(#381),#2649,.F.);
#2783=ADVANCED_FACE('',(#382),#2650,.F.);
#2784=ADVANCED_FACE('',(#383),#2651,.F.);
#2785=ADVANCED_FACE('',(#384),#2652,.F.);
#2786=ADVANCED_FACE('',(#385),#2653,.F.);
#2787=ADVANCED_FACE('',(#386),#2654,.F.);
#2788=ADVANCED_FACE('',(#387),#2655,.F.);
#2789=ADVANCED_FACE('',(#388),#2656,.F.);
#2790=ADVANCED_FACE('',(#389),#2657,.F.);
#2791=ADVANCED_FACE('',(#390),#2658,.T.);
#2792=ADVANCED_FACE('',(#391),#2659,.F.);
#2793=ADVANCED_FACE('',(#392,#199,#200,#201,#202,#203,#204,#205,#206),#249,
 .T.);
#2794=ADVANCED_FACE('',(#393),#107,.T.);
#2795=ADVANCED_FACE('',(#394,#207,#208,#209,#210,#211,#212,#213,#214),#250,
 .T.);
#2796=ADVANCED_FACE('',(#395,#215,#216,#217,#218,#219,#220,#221,#222,#223,
#224,#225,#226,#227,#228,#229,#230,#231),#251,.T.);
#2797=ADVANCED_FACE('',(#396,#232),#252,.T.);
#2798=ADVANCED_FACE('',(#397),#253,.F.);
#2799=ADVANCED_FACE('',(#398),#254,.T.);
#2800=ADVANCED_FACE('',(#399),#255,.T.);
#2801=ADVANCED_FACE('',(#400),#256,.F.);
#2802=ADVANCED_FACE('',(#401),#257,.T.);
#2803=ADVANCED_FACE('',(#402),#258,.T.);
#2804=ADVANCED_FACE('',(#403),#108,.F.);
#2805=ADVANCED_FACE('',(#404),#109,.F.);
#2806=ADVANCED_FACE('',(#405),#110,.F.);
#2807=ADVANCED_FACE('',(#406),#2660,.F.);
#2808=ADVANCED_FACE('',(#407),#2661,.F.);
#2809=ADVANCED_FACE('',(#408),#111,.T.);
#2810=ADVANCED_FACE('',(#409),#112,.F.);
#2811=ADVANCED_FACE('',(#410),#113,.T.);
#2812=ADVANCED_FACE('',(#411),#2662,.T.);
#2813=ADVANCED_FACE('',(#412,#233),#259,.T.);
#2814=ADVANCED_FACE('',(#413,#234),#260,.T.);
#2815=ADVANCED_FACE('',(#414,#235),#261,.F.);
#2816=CLOSED_SHELL('',(#2663,#2664,#2665,#2666));
#2817=CLOSED_SHELL('',(#2667,#2668,#2669,#2670,#2671,#2672,#2673,#2674,
#2675,#2676,#2677,#2678,#2679,#2680,#2681,#2682,#2683,#2684,#2685,#2686,
#2687,#2688,#2689,#2690,#2691,#2692,#2693,#2694,#2695,#2696,#2697,#2698,
#2699,#2700,#2701,#2702,#2703,#2704,#2705,#2706,#2707,#2708,#2709,#2710,
#2711,#2712,#2713,#2714,#2715,#2716,#2717,#2718,#2719,#2720,#2721,#2722,
#2723,#2724,#2725,#2726,#2727,#2728,#2729,#2730,#2731,#2732,#2733,#2734,
#2735,#2736));
#2818=CLOSED_SHELL('',(#2737,#2738,#2739,#2740,#2741,#2742,#2743,#2744,
#2745,#2746,#2747,#2748,#2749,#2750,#2751,#2752,#2753,#2754,#2755,#2756,
#2757,#2758,#2759,#2760,#2761,#2762,#2763,#2764,#2765,#2766,#2767,#2768,
#2769,#2770,#2771,#2772,#2773,#2774,#2775,#2776,#2777,#2778,#2779,#2780,
#2781,#2782,#2783,#2784,#2785,#2786,#2787,#2788,#2789,#2790,#2791,#2792,
#2793,#2794,#2795,#2796,#2797,#2798,#2799,#2800,#2801,#2802,#2803,#2804));
#2819=CLOSED_SHELL('',(#2805,#2806,#2807,#2808,#2809,#2810,#2811,#2812,
#2813,#2814,#2815));
#2820=DERIVED_UNIT_ELEMENT(#2828,1.);
#2821=DERIVED_UNIT_ELEMENT(#5018,-3.);
#2822=DERIVED_UNIT_ELEMENT(#2828,1.);
#2823=DERIVED_UNIT_ELEMENT(#5018,-3.);
#2824=DERIVED_UNIT_ELEMENT(#2828,1.);
#2825=DERIVED_UNIT_ELEMENT(#5018,-3.);
#2826=DERIVED_UNIT_ELEMENT(#2828,1.);
#2827=DERIVED_UNIT_ELEMENT(#5018,-3.);
#2828=(
MASS_UNIT()
NAMED_UNIT(*)
SI_UNIT(.KILO.,.GRAM.)
);
#2829=DERIVED_UNIT((#2820,#2821));
#2830=DERIVED_UNIT((#2822,#2823));
#2831=DERIVED_UNIT((#2824,#2825));
#2832=DERIVED_UNIT((#2826,#2827));
#2833=MEASURE_REPRESENTATION_ITEM('density measure',
POSITIVE_RATIO_MEASURE(7850.),#2829);
#2834=MEASURE_REPRESENTATION_ITEM('density measure',
POSITIVE_RATIO_MEASURE(7850.),#2830);
#2835=MEASURE_REPRESENTATION_ITEM('density measure',
POSITIVE_RATIO_MEASURE(7850.),#2831);
#2836=MEASURE_REPRESENTATION_ITEM('density measure',
POSITIVE_RATIO_MEASURE(7850.),#2832);
#2837=PROPERTY_DEFINITION_REPRESENTATION(#2857,#2845);
#2838=PROPERTY_DEFINITION_REPRESENTATION(#2858,#2846);
#2839=PROPERTY_DEFINITION_REPRESENTATION(#2859,#2847);
#2840=PROPERTY_DEFINITION_REPRESENTATION(#2860,#2848);
#2841=PROPERTY_DEFINITION_REPRESENTATION(#2861,#2849);
#2842=PROPERTY_DEFINITION_REPRESENTATION(#2862,#2850);
#2843=PROPERTY_DEFINITION_REPRESENTATION(#2863,#2851);
#2844=PROPERTY_DEFINITION_REPRESENTATION(#2864,#2852);
#2845=REPRESENTATION('material name',(#2853),#5011);
#2846=REPRESENTATION('density',(#2833),#5011);
#2847=REPRESENTATION('material name',(#2854),#5012);
#2848=REPRESENTATION('density',(#2834),#5012);
#2849=REPRESENTATION('material name',(#2855),#5014);
#2850=REPRESENTATION('density',(#2835),#5014);
#2851=REPRESENTATION('material name',(#2856),#5015);
#2852=REPRESENTATION('density',(#2836),#5015);
#2853=DESCRIPTIVE_REPRESENTATION_ITEM('Steel','Steel');
#2854=DESCRIPTIVE_REPRESENTATION_ITEM('Steel','Steel');
#2855=DESCRIPTIVE_REPRESENTATION_ITEM('Steel','Steel');
#2856=DESCRIPTIVE_REPRESENTATION_ITEM('Steel','Steel');
#2857=PROPERTY_DEFINITION('material property','material name',#5046);
#2858=PROPERTY_DEFINITION('material property','density of part',#5046);
#2859=PROPERTY_DEFINITION('material property','material name',#5047);
#2860=PROPERTY_DEFINITION('material property','density of part',#5047);
#2861=PROPERTY_DEFINITION('material property','material name',#5049);
#2862=PROPERTY_DEFINITION('material property','density of part',#5049);
#2863=PROPERTY_DEFINITION('material property','material name',#5050);
#2864=PROPERTY_DEFINITION('material property','density of part',#5050);
#2865=AXIS2_PLACEMENT_3D('',#4200,#3255,#3256);
#2866=AXIS2_PLACEMENT_3D('',#4201,#3257,#3258);
#2867=AXIS2_PLACEMENT_3D('',#4202,#3259,#3260);
#2868=AXIS2_PLACEMENT_3D('',#4204,#3261,#3262);
#2869=AXIS2_PLACEMENT_3D('',#4207,#3264,#3265);
#2870=AXIS2_PLACEMENT_3D('',#4208,#3266,#3267);
#2871=AXIS2_PLACEMENT_3D('',#4210,#3268,#3269);
#2872=AXIS2_PLACEMENT_3D('',#4213,#3271,#3272);
#2873=AXIS2_PLACEMENT_3D('',#4214,#3273,#3274);
#2874=AXIS2_PLACEMENT_3D('',#4215,#3275,#3276);
#2875=AXIS2_PLACEMENT_3D('',#4216,#3277,#3278);
#2876=AXIS2_PLACEMENT_3D('',#4217,#3279,#3280);
#2877=AXIS2_PLACEMENT_3D('',#4219,#3281,#3282);
#2878=AXIS2_PLACEMENT_3D('',#4222,#3284,#3285);
#2879=AXIS2_PLACEMENT_3D('',#4223,#3286,#3287);
#2880=AXIS2_PLACEMENT_3D('',#4226,#3288,#3289);
#2881=AXIS2_PLACEMENT_3D('',#4227,#3290,#3291);
#2882=AXIS2_PLACEMENT_3D('',#4230,#3293,#3294);
#2883=AXIS2_PLACEMENT_3D('',#4231,#3295,#3296);
#2884=AXIS2_PLACEMENT_3D('',#4234,#3297,#3298);
#2885=AXIS2_PLACEMENT_3D('',#4235,#3299,#3300);
#2886=AXIS2_PLACEMENT_3D('',#4238,#3302,#3303);
#2887=AXIS2_PLACEMENT_3D('',#4239,#3304,#3305);
#2888=AXIS2_PLACEMENT_3D('',#4241,#3306,#3307);
#2889=AXIS2_PLACEMENT_3D('',#4244,#3309,#3310);
#2890=AXIS2_PLACEMENT_3D('',#4245,#3311,#3312);
#2891=AXIS2_PLACEMENT_3D('',#4248,#3313,#3314);
#2892=AXIS2_PLACEMENT_3D('',#4249,#3315,#3316);
#2893=AXIS2_PLACEMENT_3D('',#4252,#3318,#3319);
#2894=AXIS2_PLACEMENT_3D('',#4253,#3320,#3321);
#2895=AXIS2_PLACEMENT_3D('',#4255,#3322,#3323);
#2896=AXIS2_PLACEMENT_3D('',#4258,#3325,#3326);
#2897=AXIS2_PLACEMENT_3D('',#4259,#3327,#3328);
#2898=AXIS2_PLACEMENT_3D('',#4262,#3329,#3330);
#2899=AXIS2_PLACEMENT_3D('',#4263,#3331,#3332);
#2900=AXIS2_PLACEMENT_3D('',#4266,#3334,#3335);
#2901=AXIS2_PLACEMENT_3D('',#4267,#3336,#3337);
#2902=AXIS2_PLACEMENT_3D('',#4269,#3338,#3339);
#2903=AXIS2_PLACEMENT_3D('',#4272,#3341,#3342);
#2904=AXIS2_PLACEMENT_3D('',#4273,#3343,#3344);
#2905=AXIS2_PLACEMENT_3D('',#4276,#3345,#3346);
#2906=AXIS2_PLACEMENT_3D('',#4277,#3347,#3348);
#2907=AXIS2_PLACEMENT_3D('',#4280,#3350,#3351);
#2908=AXIS2_PLACEMENT_3D('',#4281,#3352,#3353);
#2909=AXIS2_PLACEMENT_3D('',#4283,#3354,#3355);
#2910=AXIS2_PLACEMENT_3D('',#4286,#3357,#3358);
#2911=AXIS2_PLACEMENT_3D('',#4287,#3359,#3360);
#2912=AXIS2_PLACEMENT_3D('',#4290,#3361,#3362);
#2913=AXIS2_PLACEMENT_3D('',#4291,#3363,#3364);
#2914=AXIS2_PLACEMENT_3D('',#4294,#3366,#3367);
#2915=AXIS2_PLACEMENT_3D('',#4295,#3368,#3369);
#2916=AXIS2_PLACEMENT_3D('',#4297,#3370,#3371);
#2917=AXIS2_PLACEMENT_3D('',#4300,#3373,#3374);
#2918=AXIS2_PLACEMENT_3D('',#4301,#3375,#3376);
#2919=AXIS2_PLACEMENT_3D('',#4304,#3377,#3378);
#2920=AXIS2_PLACEMENT_3D('',#4305,#3379,#3380);
#2921=AXIS2_PLACEMENT_3D('',#4308,#3382,#3383);
#2922=AXIS2_PLACEMENT_3D('',#4309,#3384,#3385);
#2923=AXIS2_PLACEMENT_3D('',#4311,#3386,#3387);
#2924=AXIS2_PLACEMENT_3D('',#4314,#3389,#3390);
#2925=AXIS2_PLACEMENT_3D('',#4315,#3391,#3392);
#2926=AXIS2_PLACEMENT_3D('',#4318,#3393,#3394);
#2927=AXIS2_PLACEMENT_3D('',#4319,#3395,#3396);
#2928=AXIS2_PLACEMENT_3D('',#4322,#3398,#3399);
#2929=AXIS2_PLACEMENT_3D('',#4323,#3400,#3401);
#2930=AXIS2_PLACEMENT_3D('',#4325,#3402,#3403);
#2931=AXIS2_PLACEMENT_3D('',#4328,#3405,#3406);
#2932=AXIS2_PLACEMENT_3D('',#4329,#3407,#3408);
#2933=AXIS2_PLACEMENT_3D('',#4332,#3409,#3410);
#2934=AXIS2_PLACEMENT_3D('',#4333,#3411,#3412);
#2935=AXIS2_PLACEMENT_3D('',#4336,#3414,#3415);
#2936=AXIS2_PLACEMENT_3D('',#4337,#3416,#3417);
#2937=AXIS2_PLACEMENT_3D('',#4339,#3418,#3419);
#2938=AXIS2_PLACEMENT_3D('',#4342,#3421,#3422);
#2939=AXIS2_PLACEMENT_3D('',#4343,#3423,#3424);
#2940=AXIS2_PLACEMENT_3D('',#4346,#3425,#3426);
#2941=AXIS2_PLACEMENT_3D('',#4347,#3427,#3428);
#2942=AXIS2_PLACEMENT_3D('',#4350,#3430,#3431);
#2943=AXIS2_PLACEMENT_3D('',#4351,#3432,#3433);
#2944=AXIS2_PLACEMENT_3D('',#4353,#3434,#3435);
#2945=AXIS2_PLACEMENT_3D('',#4356,#3437,#3438);
#2946=AXIS2_PLACEMENT_3D('',#4357,#3439,#3440);
#2947=AXIS2_PLACEMENT_3D('',#4360,#3441,#3442);
#2948=AXIS2_PLACEMENT_3D('',#4361,#3443,#3444);
#2949=AXIS2_PLACEMENT_3D('',#4364,#3446,#3447);
#2950=AXIS2_PLACEMENT_3D('',#4365,#3448,#3449);
#2951=AXIS2_PLACEMENT_3D('',#4367,#3450,#3451);
#2952=AXIS2_PLACEMENT_3D('',#4370,#3453,#3454);
#2953=AXIS2_PLACEMENT_3D('',#4371,#3455,#3456);
#2954=AXIS2_PLACEMENT_3D('',#4374,#3457,#3458);
#2955=AXIS2_PLACEMENT_3D('',#4375,#3459,#3460);
#2956=AXIS2_PLACEMENT_3D('',#4378,#3462,#3463);
#2957=AXIS2_PLACEMENT_3D('',#4379,#3464,#3465);
#2958=AXIS2_PLACEMENT_3D('',#4381,#3466,#3467);
#2959=AXIS2_PLACEMENT_3D('',#4384,#3469,#3470);
#2960=AXIS2_PLACEMENT_3D('',#4385,#3471,#3472);
#2961=AXIS2_PLACEMENT_3D('',#4388,#3473,#3474);
#2962=AXIS2_PLACEMENT_3D('',#4389,#3475,#3476);
#2963=AXIS2_PLACEMENT_3D('',#4392,#3478,#3479);
#2964=AXIS2_PLACEMENT_3D('',#4393,#3480,#3481);
#2965=AXIS2_PLACEMENT_3D('',#4395,#3482,#3483);
#2966=AXIS2_PLACEMENT_3D('',#4398,#3485,#3486);
#2967=AXIS2_PLACEMENT_3D('',#4399,#3487,#3488);
#2968=AXIS2_PLACEMENT_3D('',#4402,#3489,#3490);
#2969=AXIS2_PLACEMENT_3D('',#4403,#3491,#3492);
#2970=AXIS2_PLACEMENT_3D('',#4406,#3494,#3495);
#2971=AXIS2_PLACEMENT_3D('',#4407,#3496,#3497);
#2972=AXIS2_PLACEMENT_3D('',#4409,#3498,#3499);
#2973=AXIS2_PLACEMENT_3D('',#4412,#3501,#3502);
#2974=AXIS2_PLACEMENT_3D('',#4413,#3503,#3504);
#2975=AXIS2_PLACEMENT_3D('',#4416,#3505,#3506);
#2976=AXIS2_PLACEMENT_3D('',#4417,#3507,#3508);
#2977=AXIS2_PLACEMENT_3D('',#4420,#3510,#3511);
#2978=AXIS2_PLACEMENT_3D('',#4421,#3512,#3513);
#2979=AXIS2_PLACEMENT_3D('',#4423,#3514,#3515);
#2980=AXIS2_PLACEMENT_3D('',#4426,#3517,#3518);
#2981=AXIS2_PLACEMENT_3D('',#4427,#3519,#3520);
#2982=AXIS2_PLACEMENT_3D('',#4430,#3521,#3522);
#2983=AXIS2_PLACEMENT_3D('',#4431,#3523,#3524);
#2984=AXIS2_PLACEMENT_3D('',#4434,#3526,#3527);
#2985=AXIS2_PLACEMENT_3D('',#4435,#3528,#3529);
#2986=AXIS2_PLACEMENT_3D('',#4437,#3530,#3531);
#2987=AXIS2_PLACEMENT_3D('',#4440,#3533,#3534);
#2988=AXIS2_PLACEMENT_3D('',#4441,#3535,#3536);
#2989=AXIS2_PLACEMENT_3D('',#4444,#3537,#3538);
#2990=AXIS2_PLACEMENT_3D('',#4445,#3539,#3540);
#2991=AXIS2_PLACEMENT_3D('',#4448,#3542,#3543);
#2992=AXIS2_PLACEMENT_3D('',#4449,#3544,#3545);
#2993=AXIS2_PLACEMENT_3D('',#4451,#3546,#3547);
#2994=AXIS2_PLACEMENT_3D('',#4454,#3549,#3550);
#2995=AXIS2_PLACEMENT_3D('',#4455,#3551,#3552);
#2996=AXIS2_PLACEMENT_3D('',#4458,#3553,#3554);
#2997=AXIS2_PLACEMENT_3D('',#4462,#3556,#3557);
#2998=AXIS2_PLACEMENT_3D('',#4464,#3558,#3559);
#2999=AXIS2_PLACEMENT_3D('',#4466,#3561,#3562);
#3000=AXIS2_PLACEMENT_3D('',#4468,#3563,#3564);
#3001=AXIS2_PLACEMENT_3D('',#4471,#3566,#3567);
#3002=AXIS2_PLACEMENT_3D('',#4472,#3568,#3569);
#3003=AXIS2_PLACEMENT_3D('',#4474,#3571,#3572);
#3004=AXIS2_PLACEMENT_3D('',#4476,#3574,#3575);
#3005=AXIS2_PLACEMENT_3D('',#4478,#3577,#3578);
#3006=AXIS2_PLACEMENT_3D('',#4480,#3580,#3581);
#3007=AXIS2_PLACEMENT_3D('',#4482,#3583,#3584);
#3008=AXIS2_PLACEMENT_3D('',#4484,#3586,#3587);
#3009=AXIS2_PLACEMENT_3D('',#4486,#3589,#3590);
#3010=AXIS2_PLACEMENT_3D('',#4488,#3592,#3593);
#3011=AXIS2_PLACEMENT_3D('',#4490,#3595,#3596);
#3012=AXIS2_PLACEMENT_3D('',#4492,#3598,#3599);
#3013=AXIS2_PLACEMENT_3D('',#4494,#3601,#3602);
#3014=AXIS2_PLACEMENT_3D('',#4496,#3604,#3605);
#3015=AXIS2_PLACEMENT_3D('',#4498,#3607,#3608);
#3016=AXIS2_PLACEMENT_3D('',#4500,#3610,#3611);
#3017=AXIS2_PLACEMENT_3D('',#4502,#3613,#3614);
#3018=AXIS2_PLACEMENT_3D('',#4504,#3616,#3617);
#3019=AXIS2_PLACEMENT_3D('',#4507,#3619,#3620);
#3020=AXIS2_PLACEMENT_3D('',#4508,#3621,#3622);
#3021=AXIS2_PLACEMENT_3D('',#4511,#3623,#3624);
#3022=AXIS2_PLACEMENT_3D('',#4515,#3626,#3627);
#3023=AXIS2_PLACEMENT_3D('',#4521,#3631,#3632);
#3024=AXIS2_PLACEMENT_3D('',#4523,#3634,#3635);
#3025=AXIS2_PLACEMENT_3D('',#4526,#3636,#3637);
#3026=AXIS2_PLACEMENT_3D('',#4527,#3638,#3639);
#3027=AXIS2_PLACEMENT_3D('',#4531,#3641,#3642);
#3028=AXIS2_PLACEMENT_3D('',#4535,#3644,#3645);
#3029=AXIS2_PLACEMENT_3D('',#4539,#3647,#3648);
#3030=AXIS2_PLACEMENT_3D('',#4543,#3650,#3651);
#3031=AXIS2_PLACEMENT_3D('',#4546,#3653,#3654);
#3032=AXIS2_PLACEMENT_3D('',#4547,#3655,#3656);
#3033=AXIS2_PLACEMENT_3D('',#4551,#3658,#3659);
#3034=AXIS2_PLACEMENT_3D('',#4552,#3660,#3661);
#3035=AXIS2_PLACEMENT_3D('',#4553,#3662,#3663);
#3036=AXIS2_PLACEMENT_3D('',#4555,#3664,#3665);
#3037=AXIS2_PLACEMENT_3D('',#4557,#3667,#3668);
#3038=AXIS2_PLACEMENT_3D('',#4559,#3669,#3670);
#3039=AXIS2_PLACEMENT_3D('',#4561,#3672,#3673);
#3040=AXIS2_PLACEMENT_3D('',#4564,#3674,#3675);
#3041=AXIS2_PLACEMENT_3D('',#4567,#3678,#3679);
#3042=AXIS2_PLACEMENT_3D('',#4570,#3682,#3683);
#3043=AXIS2_PLACEMENT_3D('',#4571,#3684,#3685);
#3044=AXIS2_PLACEMENT_3D('',#4574,#3688,#3689);
#3045=AXIS2_PLACEMENT_3D('',#4575,#3690,#3691);
#3046=AXIS2_PLACEMENT_3D('',#4576,#3692,#3693);
#3047=AXIS2_PLACEMENT_3D('',#4578,#3695,#3696);
#3048=AXIS2_PLACEMENT_3D('',#4580,#3698,#3699);
#3049=AXIS2_PLACEMENT_3D('',#4581,#3700,#3701);
#3050=AXIS2_PLACEMENT_3D('',#4583,#3703,#3704);
#3051=AXIS2_PLACEMENT_3D('',#4585,#3706,#3707);
#3052=AXIS2_PLACEMENT_3D('',#4586,#3708,#3709);
#3053=AXIS2_PLACEMENT_3D('',#4587,#3710,#3711);
#3054=AXIS2_PLACEMENT_3D('',#4588,#3712,#3713);
#3055=AXIS2_PLACEMENT_3D('',#4591,#3714,#3715);
#3056=AXIS2_PLACEMENT_3D('',#4595,#3717,#3718);
#3057=AXIS2_PLACEMENT_3D('',#4597,#3720,#3721);
#3058=AXIS2_PLACEMENT_3D('',#4599,#3722,#3723);
#3059=AXIS2_PLACEMENT_3D('',#4602,#3725,#3726);
#3060=AXIS2_PLACEMENT_3D('',#4603,#3727,#3728);
#3061=AXIS2_PLACEMENT_3D('',#4606,#3729,#3730);
#3062=AXIS2_PLACEMENT_3D('',#4607,#3731,#3732);
#3063=AXIS2_PLACEMENT_3D('',#4610,#3734,#3735);
#3064=AXIS2_PLACEMENT_3D('',#4611,#3736,#3737);
#3065=AXIS2_PLACEMENT_3D('',#4614,#3738,#3739);
#3066=AXIS2_PLACEMENT_3D('',#4615,#3740,#3741);
#3067=AXIS2_PLACEMENT_3D('',#4618,#3743,#3744);
#3068=AXIS2_PLACEMENT_3D('',#4619,#3745,#3746);
#3069=AXIS2_PLACEMENT_3D('',#4621,#3747,#3748);
#3070=AXIS2_PLACEMENT_3D('',#4624,#3750,#3751);
#3071=AXIS2_PLACEMENT_3D('',#4625,#3752,#3753);
#3072=AXIS2_PLACEMENT_3D('',#4628,#3754,#3755);
#3073=AXIS2_PLACEMENT_3D('',#4629,#3756,#3757);
#3074=AXIS2_PLACEMENT_3D('',#4632,#3759,#3760);
#3075=AXIS2_PLACEMENT_3D('',#4633,#3761,#3762);
#3076=AXIS2_PLACEMENT_3D('',#4635,#3763,#3764);
#3077=AXIS2_PLACEMENT_3D('',#4638,#3766,#3767);
#3078=AXIS2_PLACEMENT_3D('',#4639,#3768,#3769);
#3079=AXIS2_PLACEMENT_3D('',#4642,#3770,#3771);
#3080=AXIS2_PLACEMENT_3D('',#4643,#3772,#3773);
#3081=AXIS2_PLACEMENT_3D('',#4646,#3775,#3776);
#3082=AXIS2_PLACEMENT_3D('',#4647,#3777,#3778);
#3083=AXIS2_PLACEMENT_3D('',#4649,#3779,#3780);
#3084=AXIS2_PLACEMENT_3D('',#4652,#3782,#3783);
#3085=AXIS2_PLACEMENT_3D('',#4653,#3784,#3785);
#3086=AXIS2_PLACEMENT_3D('',#4656,#3786,#3787);
#3087=AXIS2_PLACEMENT_3D('',#4657,#3788,#3789);
#3088=AXIS2_PLACEMENT_3D('',#4660,#3791,#3792);
#3089=AXIS2_PLACEMENT_3D('',#4661,#3793,#3794);
#3090=AXIS2_PLACEMENT_3D('',#4663,#3795,#3796);
#3091=AXIS2_PLACEMENT_3D('',#4666,#3798,#3799);
#3092=AXIS2_PLACEMENT_3D('',#4667,#3800,#3801);
#3093=AXIS2_PLACEMENT_3D('',#4670,#3802,#3803);
#3094=AXIS2_PLACEMENT_3D('',#4671,#3804,#3805);
#3095=AXIS2_PLACEMENT_3D('',#4674,#3807,#3808);
#3096=AXIS2_PLACEMENT_3D('',#4675,#3809,#3810);
#3097=AXIS2_PLACEMENT_3D('',#4677,#3811,#3812);
#3098=AXIS2_PLACEMENT_3D('',#4680,#3814,#3815);
#3099=AXIS2_PLACEMENT_3D('',#4681,#3816,#3817);
#3100=AXIS2_PLACEMENT_3D('',#4684,#3818,#3819);
#3101=AXIS2_PLACEMENT_3D('',#4685,#3820,#3821);
#3102=AXIS2_PLACEMENT_3D('',#4688,#3823,#3824);
#3103=AXIS2_PLACEMENT_3D('',#4689,#3825,#3826);
#3104=AXIS2_PLACEMENT_3D('',#4691,#3827,#3828);
#3105=AXIS2_PLACEMENT_3D('',#4694,#3830,#3831);
#3106=AXIS2_PLACEMENT_3D('',#4695,#3832,#3833);
#3107=AXIS2_PLACEMENT_3D('',#4698,#3834,#3835);
#3108=AXIS2_PLACEMENT_3D('',#4699,#3836,#3837);
#3109=AXIS2_PLACEMENT_3D('',#4702,#3839,#3840);
#3110=AXIS2_PLACEMENT_3D('',#4703,#3841,#3842);
#3111=AXIS2_PLACEMENT_3D('',#4705,#3843,#3844);
#3112=AXIS2_PLACEMENT_3D('',#4708,#3846,#3847);
#3113=AXIS2_PLACEMENT_3D('',#4709,#3848,#3849);
#3114=AXIS2_PLACEMENT_3D('',#4712,#3850,#3851);
#3115=AXIS2_PLACEMENT_3D('',#4713,#3852,#3853);
#3116=AXIS2_PLACEMENT_3D('',#4716,#3855,#3856);
#3117=AXIS2_PLACEMENT_3D('',#4717,#3857,#3858);
#3118=AXIS2_PLACEMENT_3D('',#4719,#3859,#3860);
#3119=AXIS2_PLACEMENT_3D('',#4722,#3862,#3863);
#3120=AXIS2_PLACEMENT_3D('',#4723,#3864,#3865);
#3121=AXIS2_PLACEMENT_3D('',#4726,#3866,#3867);
#3122=AXIS2_PLACEMENT_3D('',#4727,#3868,#3869);
#3123=AXIS2_PLACEMENT_3D('',#4730,#3871,#3872);
#3124=AXIS2_PLACEMENT_3D('',#4731,#3873,#3874);
#3125=AXIS2_PLACEMENT_3D('',#4733,#3875,#3876);
#3126=AXIS2_PLACEMENT_3D('',#4736,#3878,#3879);
#3127=AXIS2_PLACEMENT_3D('',#4737,#3880,#3881);
#3128=AXIS2_PLACEMENT_3D('',#4740,#3882,#3883);
#3129=AXIS2_PLACEMENT_3D('',#4741,#3884,#3885);
#3130=AXIS2_PLACEMENT_3D('',#4744,#3887,#3888);
#3131=AXIS2_PLACEMENT_3D('',#4745,#3889,#3890);
#3132=AXIS2_PLACEMENT_3D('',#4747,#3891,#3892);
#3133=AXIS2_PLACEMENT_3D('',#4750,#3894,#3895);
#3134=AXIS2_PLACEMENT_3D('',#4751,#3896,#3897);
#3135=AXIS2_PLACEMENT_3D('',#4754,#3898,#3899);
#3136=AXIS2_PLACEMENT_3D('',#4755,#3900,#3901);
#3137=AXIS2_PLACEMENT_3D('',#4758,#3903,#3904);
#3138=AXIS2_PLACEMENT_3D('',#4759,#3905,#3906);
#3139=AXIS2_PLACEMENT_3D('',#4761,#3907,#3908);
#3140=AXIS2_PLACEMENT_3D('',#4764,#3910,#3911);
#3141=AXIS2_PLACEMENT_3D('',#4765,#3912,#3913);
#3142=AXIS2_PLACEMENT_3D('',#4768,#3914,#3915);
#3143=AXIS2_PLACEMENT_3D('',#4769,#3916,#3917);
#3144=AXIS2_PLACEMENT_3D('',#4772,#3919,#3920);
#3145=AXIS2_PLACEMENT_3D('',#4773,#3921,#3922);
#3146=AXIS2_PLACEMENT_3D('',#4775,#3923,#3924);
#3147=AXIS2_PLACEMENT_3D('',#4778,#3926,#3927);
#3148=AXIS2_PLACEMENT_3D('',#4779,#3928,#3929);
#3149=AXIS2_PLACEMENT_3D('',#4782,#3930,#3931);
#3150=AXIS2_PLACEMENT_3D('',#4783,#3932,#3933);
#3151=AXIS2_PLACEMENT_3D('',#4786,#3935,#3936);
#3152=AXIS2_PLACEMENT_3D('',#4787,#3937,#3938);
#3153=AXIS2_PLACEMENT_3D('',#4789,#3939,#3940);
#3154=AXIS2_PLACEMENT_3D('',#4792,#3942,#3943);
#3155=AXIS2_PLACEMENT_3D('',#4793,#3944,#3945);
#3156=AXIS2_PLACEMENT_3D('',#4796,#3946,#3947);
#3157=AXIS2_PLACEMENT_3D('',#4797,#3948,#3949);
#3158=AXIS2_PLACEMENT_3D('',#4800,#3951,#3952);
#3159=AXIS2_PLACEMENT_3D('',#4801,#3953,#3954);
#3160=AXIS2_PLACEMENT_3D('',#4803,#3955,#3956);
#3161=AXIS2_PLACEMENT_3D('',#4806,#3958,#3959);
#3162=AXIS2_PLACEMENT_3D('',#4807,#3960,#3961);
#3163=AXIS2_PLACEMENT_3D('',#4810,#3962,#3963);
#3164=AXIS2_PLACEMENT_3D('',#4811,#3964,#3965);
#3165=AXIS2_PLACEMENT_3D('',#4814,#3967,#3968);
#3166=AXIS2_PLACEMENT_3D('',#4815,#3969,#3970);
#3167=AXIS2_PLACEMENT_3D('',#4817,#3971,#3972);
#3168=AXIS2_PLACEMENT_3D('',#4820,#3974,#3975);
#3169=AXIS2_PLACEMENT_3D('',#4821,#3976,#3977);
#3170=AXIS2_PLACEMENT_3D('',#4824,#3978,#3979);
#3171=AXIS2_PLACEMENT_3D('',#4825,#3980,#3981);
#3172=AXIS2_PLACEMENT_3D('',#4828,#3983,#3984);
#3173=AXIS2_PLACEMENT_3D('',#4829,#3985,#3986);
#3174=AXIS2_PLACEMENT_3D('',#4831,#3987,#3988);
#3175=AXIS2_PLACEMENT_3D('',#4834,#3990,#3991);
#3176=AXIS2_PLACEMENT_3D('',#4835,#3992,#3993);
#3177=AXIS2_PLACEMENT_3D('',#4838,#3994,#3995);
#3178=AXIS2_PLACEMENT_3D('',#4842,#3997,#3998);
#3179=AXIS2_PLACEMENT_3D('',#4844,#3999,#4000);
#3180=AXIS2_PLACEMENT_3D('',#4846,#4002,#4003);
#3181=AXIS2_PLACEMENT_3D('',#4848,#4004,#4005);
#3182=AXIS2_PLACEMENT_3D('',#4851,#4007,#4008);
#3183=AXIS2_PLACEMENT_3D('',#4852,#4009,#4010);
#3184=AXIS2_PLACEMENT_3D('',#4854,#4012,#4013);
#3185=AXIS2_PLACEMENT_3D('',#4856,#4015,#4016);
#3186=AXIS2_PLACEMENT_3D('',#4858,#4018,#4019);
#3187=AXIS2_PLACEMENT_3D('',#4860,#4021,#4022);
#3188=AXIS2_PLACEMENT_3D('',#4862,#4024,#4025);
#3189=AXIS2_PLACEMENT_3D('',#4864,#4027,#4028);
#3190=AXIS2_PLACEMENT_3D('',#4866,#4030,#4031);
#3191=AXIS2_PLACEMENT_3D('',#4868,#4033,#4034);
#3192=AXIS2_PLACEMENT_3D('',#4870,#4036,#4037);
#3193=AXIS2_PLACEMENT_3D('',#4872,#4039,#4040);
#3194=AXIS2_PLACEMENT_3D('',#4874,#4042,#4043);
#3195=AXIS2_PLACEMENT_3D('',#4876,#4045,#4046);
#3196=AXIS2_PLACEMENT_3D('',#4878,#4048,#4049);
#3197=AXIS2_PLACEMENT_3D('',#4880,#4051,#4052);
#3198=AXIS2_PLACEMENT_3D('',#4882,#4054,#4055);
#3199=AXIS2_PLACEMENT_3D('',#4884,#4057,#4058);
#3200=AXIS2_PLACEMENT_3D('',#4886,#4060,#4061);
#3201=AXIS2_PLACEMENT_3D('',#4889,#4062,#4063);
#3202=AXIS2_PLACEMENT_3D('',#4893,#4065,#4066);
#3203=AXIS2_PLACEMENT_3D('',#4899,#4070,#4071);
#3204=AXIS2_PLACEMENT_3D('',#4901,#4073,#4074);
#3205=AXIS2_PLACEMENT_3D('',#4903,#4075,#4076);
#3206=AXIS2_PLACEMENT_3D('',#4907,#4078,#4079);
#3207=AXIS2_PLACEMENT_3D('',#4911,#4081,#4082);
#3208=AXIS2_PLACEMENT_3D('',#4916,#4085,#4086);
#3209=AXIS2_PLACEMENT_3D('',#4919,#4088,#4089);
#3210=AXIS2_PLACEMENT_3D('',#4920,#4090,#4091);
#3211=AXIS2_PLACEMENT_3D('',#4925,#4094,#4095);
#3212=AXIS2_PLACEMENT_3D('',#4926,#4096,#4097);
#3213=AXIS2_PLACEMENT_3D('',#4929,#4100,#4101);
#3214=AXIS2_PLACEMENT_3D('',#4933,#4103,#4104);
#3215=AXIS2_PLACEMENT_3D('',#4935,#4106,#4107);
#3216=AXIS2_PLACEMENT_3D('',#4936,#4108,#4109);
#3217=AXIS2_PLACEMENT_3D('',#4937,#4110,#4111);
#3218=AXIS2_PLACEMENT_3D('',#4939,#4113,#4114);
#3219=AXIS2_PLACEMENT_3D('',#4942,#4117,#4118);
#3220=AXIS2_PLACEMENT_3D('',#4943,#4119,#4120);
#3221=AXIS2_PLACEMENT_3D('',#4946,#4123,#4124);
#3222=AXIS2_PLACEMENT_3D('',#4948,#4126,#4127);
#3223=AXIS2_PLACEMENT_3D('',#4949,#4128,#4129);
#3224=AXIS2_PLACEMENT_3D('',#4950,#4130,#4131);
#3225=AXIS2_PLACEMENT_3D('',#4951,#4132,#4133);
#3226=AXIS2_PLACEMENT_3D('',#4954,#4134,#4135);
#3227=AXIS2_PLACEMENT_3D('',#4955,#4136,#4137);
#3228=AXIS2_PLACEMENT_3D('',#4958,#4139,#4140);
#3229=AXIS2_PLACEMENT_3D('',#4959,#4141,#4142);
#3230=AXIS2_PLACEMENT_3D('',#4961,#4143,#4144);
#3231=AXIS2_PLACEMENT_3D('',#4964,#4146,#4147);
#3232=AXIS2_PLACEMENT_3D('',#4965,#4148,#4149);
#3233=AXIS2_PLACEMENT_3D('',#4968,#4151,#4152);
#3234=AXIS2_PLACEMENT_3D('',#4969,#4153,#4154);
#3235=AXIS2_PLACEMENT_3D('',#4971,#4155,#4156);
#3236=AXIS2_PLACEMENT_3D('',#4973,#4158,#4159);
#3237=AXIS2_PLACEMENT_3D('',#4975,#4160,#4161);
#3238=AXIS2_PLACEMENT_3D('',#4978,#4163,#4164);
#3239=AXIS2_PLACEMENT_3D('',#4979,#4165,#4166);
#3240=AXIS2_PLACEMENT_3D('',#4981,#4167,#4168);
#3241=AXIS2_PLACEMENT_3D('',#4985,#4170,#4171);
#3242=AXIS2_PLACEMENT_3D('',#4986,#4172,#4173);
#3243=AXIS2_PLACEMENT_3D('',#4987,#4174,#4175);
#3244=AXIS2_PLACEMENT_3D('',#4990,#4176,#4177);
#3245=AXIS2_PLACEMENT_3D('',#4992,#4179,#4180);
#3246=AXIS2_PLACEMENT_3D('',#4993,#4181,#4182);
#3247=AXIS2_PLACEMENT_3D('',#4995,#4184,#4185);
#3248=AXIS2_PLACEMENT_3D('',#4996,#4186,#4187);
#3249=AXIS2_PLACEMENT_3D('',#4997,#4188,#4189);
#3250=AXIS2_PLACEMENT_3D('',#4998,#4190,#4191);
#3251=AXIS2_PLACEMENT_3D('',#4999,#4192,#4193);
#3252=AXIS2_PLACEMENT_3D('',#5000,#4194,#4195);
#3253=AXIS2_PLACEMENT_3D('',#5001,#4196,#4197);
#3254=AXIS2_PLACEMENT_3D('',#5002,#4198,#4199);
#3255=DIRECTION('axis',(0.,0.,1.));
#3256=DIRECTION('refdir',(1.,0.,0.));
#3257=DIRECTION('axis',(0.,0.,1.));
#3258=DIRECTION('refdir',(1.,0.,0.));
#3259=DIRECTION('center_axis',(-1.,0.,0.));
#3260=DIRECTION('ref_axis',(0.,0.,1.));
#3261=DIRECTION('center_axis',(1.,0.,0.));
#3262=DIRECTION('ref_axis',(0.,0.,-1.));
#3263=DIRECTION('',(-1.,0.,0.));
#3264=DIRECTION('center_axis',(1.,0.,0.));
#3265=DIRECTION('ref_axis',(0.,0.,-1.));
#3266=DIRECTION('center_axis',(-1.,0.,0.));
#3267=DIRECTION('ref_axis',(0.,0.,1.));
#3268=DIRECTION('center_axis',(1.,0.,0.));
#3269=DIRECTION('ref_axis',(0.,0.,-1.));
#3270=DIRECTION('',(1.,0.,0.));
#3271=DIRECTION('center_axis',(1.,0.,0.));
#3272=DIRECTION('ref_axis',(0.,0.,-1.));
#3273=DIRECTION('center_axis',(1.,0.,0.));
#3274=DIRECTION('ref_axis',(0.,0.,-1.));
#3275=DIRECTION('center_axis',(1.,0.,0.));
#3276=DIRECTION('ref_axis',(0.,0.,-1.));
#3277=DIRECTION('axis',(0.,0.,1.));
#3278=DIRECTION('refdir',(1.,0.,0.));
#3279=DIRECTION('center_axis',(0.,1.,0.));
#3280=DIRECTION('ref_axis',(0.,0.,1.));
#3281=DIRECTION('center_axis',(0.,1.,0.));
#3282=DIRECTION('ref_axis',(0.,0.,1.));
#3283=DIRECTION('',(-8.6595605623549E-17,0.707106781186551,-0.707106781186544));
#3284=DIRECTION('center_axis',(0.,-1.,0.));
#3285=DIRECTION('ref_axis',(0.,0.,1.));
#3286=DIRECTION('center_axis',(0.,-1.,0.));
#3287=DIRECTION('ref_axis',(0.,0.,-1.));
#3288=DIRECTION('center_axis',(0.,-1.,0.));
#3289=DIRECTION('ref_axis',(0.,0.,-1.));
#3290=DIRECTION('center_axis',(0.,-1.,0.));
#3291=DIRECTION('ref_axis',(0.,0.,-1.));
#3292=DIRECTION('',(-8.65956056235497E-17,-0.707106781186544,0.707106781186551));
#3293=DIRECTION('center_axis',(0.,1.,0.));
#3294=DIRECTION('ref_axis',(0.,0.,-1.));
#3295=DIRECTION('center_axis',(0.,-1.,0.));
#3296=DIRECTION('ref_axis',(0.,0.,-1.));
#3297=DIRECTION('center_axis',(0.,-1.,0.));
#3298=DIRECTION('ref_axis',(0.,0.,-1.));
#3299=DIRECTION('center_axis',(0.,-1.,0.));
#3300=DIRECTION('ref_axis',(0.,0.,-1.));
#3301=DIRECTION('',(-8.65956056235488E-17,-0.707106781186552,0.707106781186543));
#3302=DIRECTION('center_axis',(0.,1.,0.));
#3303=DIRECTION('ref_axis',(0.,0.,-1.));
#3304=DIRECTION('center_axis',(0.,1.,0.));
#3305=DIRECTION('ref_axis',(0.,0.,1.));
#3306=DIRECTION('center_axis',(0.,1.,0.));
#3307=DIRECTION('ref_axis',(0.,0.,1.));
#3308=DIRECTION('',(-8.65956056235493E-17,0.707106781186548,-0.707106781186547));
#3309=DIRECTION('center_axis',(0.,-1.,0.));
#3310=DIRECTION('ref_axis',(0.,0.,1.));
#3311=DIRECTION('center_axis',(0.,-1.,0.));
#3312=DIRECTION('ref_axis',(0.,0.,-1.));
#3313=DIRECTION('center_axis',(0.,-1.,0.));
#3314=DIRECTION('ref_axis',(0.,0.,-1.));
#3315=DIRECTION('center_axis',(0.,-1.,0.));
#3316=DIRECTION('ref_axis',(0.,0.,-1.));
#3317=DIRECTION('',(-8.65956056235463E-17,-0.707106781186572,0.707106781186523));
#3318=DIRECTION('center_axis',(0.,1.,0.));
#3319=DIRECTION('ref_axis',(0.,0.,-1.));
#3320=DIRECTION('center_axis',(0.,1.,0.));
#3321=DIRECTION('ref_axis',(0.,0.,1.));
#3322=DIRECTION('center_axis',(0.,1.,0.));
#3323=DIRECTION('ref_axis',(0.,0.,1.));
#3324=DIRECTION('',(-8.6595605623552E-17,0.707106781186526,-0.707106781186569));
#3325=DIRECTION('center_axis',(0.,-1.,0.));
#3326=DIRECTION('ref_axis',(0.,0.,1.));
#3327=DIRECTION('center_axis',(0.,-1.,0.));
#3328=DIRECTION('ref_axis',(0.,0.,-1.));
#3329=DIRECTION('center_axis',(0.,-1.,0.));
#3330=DIRECTION('ref_axis',(0.,0.,-1.));
#3331=DIRECTION('center_axis',(0.,-1.,0.));
#3332=DIRECTION('ref_axis',(0.,0.,-1.));
#3333=DIRECTION('',(-8.65956056235479E-17,-0.707106781186559,0.707106781186536));
#3334=DIRECTION('center_axis',(0.,1.,0.));
#3335=DIRECTION('ref_axis',(0.,0.,-1.));
#3336=DIRECTION('center_axis',(0.,1.,0.));
#3337=DIRECTION('ref_axis',(0.,0.,1.));
#3338=DIRECTION('center_axis',(0.,1.,0.));
#3339=DIRECTION('ref_axis',(0.,0.,1.));
#3340=DIRECTION('',(-8.65956056235479E-17,0.707106781186559,-0.707106781186536));
#3341=DIRECTION('center_axis',(0.,-1.,0.));
#3342=DIRECTION('ref_axis',(0.,0.,1.));
#3343=DIRECTION('center_axis',(0.,-1.,0.));
#3344=DIRECTION('ref_axis',(0.,0.,-1.));
#3345=DIRECTION('center_axis',(0.,-1.,0.));
#3346=DIRECTION('ref_axis',(0.,0.,-1.));
#3347=DIRECTION('center_axis',(0.,-1.,0.));
#3348=DIRECTION('ref_axis',(0.,0.,-1.));
#3349=DIRECTION('',(-8.65956056235476E-17,-0.707106781186562,0.707106781186533));
#3350=DIRECTION('center_axis',(0.,1.,0.));
#3351=DIRECTION('ref_axis',(0.,0.,-1.));
#3352=DIRECTION('center_axis',(0.,1.,0.));
#3353=DIRECTION('ref_axis',(0.,0.,1.));
#3354=DIRECTION('center_axis',(0.,1.,0.));
#3355=DIRECTION('ref_axis',(0.,0.,1.));
#3356=DIRECTION('',(-8.65956056235504E-17,0.707106781186539,-0.707106781186556));
#3357=DIRECTION('center_axis',(0.,-1.,0.));
#3358=DIRECTION('ref_axis',(0.,0.,1.));
#3359=DIRECTION('center_axis',(0.,-1.,0.));
#3360=DIRECTION('ref_axis',(0.,0.,-1.));
#3361=DIRECTION('center_axis',(0.,-1.,0.));
#3362=DIRECTION('ref_axis',(0.,0.,-1.));
#3363=DIRECTION('center_axis',(0.,-1.,0.));
#3364=DIRECTION('ref_axis',(0.,0.,-1.));
#3365=DIRECTION('',(-8.65956056235467E-17,-0.707106781186569,0.707106781186526));
#3366=DIRECTION('center_axis',(0.,1.,0.));
#3367=DIRECTION('ref_axis',(0.,0.,-1.));
#3368=DIRECTION('center_axis',(0.,1.,0.));
#3369=DIRECTION('ref_axis',(0.,0.,1.));
#3370=DIRECTION('center_axis',(0.,1.,0.));
#3371=DIRECTION('ref_axis',(0.,0.,1.));
#3372=DIRECTION('',(-8.65956056235496E-17,0.707106781186546,-0.707106781186549));
#3373=DIRECTION('center_axis',(0.,-1.,0.));
#3374=DIRECTION('ref_axis',(0.,0.,1.));
#3375=DIRECTION('center_axis',(0.,-1.,0.));
#3376=DIRECTION('ref_axis',(0.,0.,-1.));
#3377=DIRECTION('center_axis',(0.,-1.,0.));
#3378=DIRECTION('ref_axis',(0.,0.,-1.));
#3379=DIRECTION('center_axis',(0.,-1.,0.));
#3380=DIRECTION('ref_axis',(0.,0.,-1.));
#3381=DIRECTION('',(-8.65956056235448E-17,-0.707106781186585,0.70710678118651));
#3382=DIRECTION('center_axis',(0.,1.,0.));
#3383=DIRECTION('ref_axis',(0.,0.,-1.));
#3384=DIRECTION('center_axis',(0.,1.,0.));
#3385=DIRECTION('ref_axis',(0.,0.,1.));
#3386=DIRECTION('center_axis',(0.,1.,0.));
#3387=DIRECTION('ref_axis',(0.,0.,1.));
#3388=DIRECTION('',(-8.65956056235486E-17,0.707106781186554,-0.707106781186541));
#3389=DIRECTION('center_axis',(0.,-1.,0.));
#3390=DIRECTION('ref_axis',(0.,0.,1.));
#3391=DIRECTION('center_axis',(0.,-1.,0.));
#3392=DIRECTION('ref_axis',(0.,0.,-1.));
#3393=DIRECTION('center_axis',(0.,-1.,0.));
#3394=DIRECTION('ref_axis',(0.,0.,-1.));
#3395=DIRECTION('center_axis',(0.,-1.,0.));
#3396=DIRECTION('ref_axis',(0.,0.,-1.));
#3397=DIRECTION('',(-8.65956056235479E-17,-0.707106781186559,0.707106781186536));
#3398=DIRECTION('center_axis',(0.,1.,0.));
#3399=DIRECTION('ref_axis',(0.,0.,-1.));
#3400=DIRECTION('center_axis',(0.,1.,0.));
#3401=DIRECTION('ref_axis',(0.,0.,1.));
#3402=DIRECTION('center_axis',(0.,1.,0.));
#3403=DIRECTION('ref_axis',(0.,0.,1.));
#3404=DIRECTION('',(-8.65956056235479E-17,0.707106781186559,-0.707106781186536));
#3405=DIRECTION('center_axis',(0.,-1.,0.));
#3406=DIRECTION('ref_axis',(0.,0.,1.));
#3407=DIRECTION('center_axis',(0.,-1.,0.));
#3408=DIRECTION('ref_axis',(0.,0.,-1.));
#3409=DIRECTION('center_axis',(0.,-1.,0.));
#3410=DIRECTION('ref_axis',(0.,0.,-1.));
#3411=DIRECTION('center_axis',(0.,-1.,0.));
#3412=DIRECTION('ref_axis',(0.,0.,-1.));
#3413=DIRECTION('',(-8.65956056235486E-17,-0.707106781186554,0.707106781186541));
#3414=DIRECTION('center_axis',(0.,1.,0.));
#3415=DIRECTION('ref_axis',(0.,0.,-1.));
#3416=DIRECTION('center_axis',(0.,1.,0.));
#3417=DIRECTION('ref_axis',(0.,0.,1.));
#3418=DIRECTION('center_axis',(0.,1.,0.));
#3419=DIRECTION('ref_axis',(0.,0.,1.));
#3420=DIRECTION('',(-8.65956056235499E-17,0.707106781186543,-0.707106781186552));
#3421=DIRECTION('center_axis',(0.,-1.,0.));
#3422=DIRECTION('ref_axis',(0.,0.,1.));
#3423=DIRECTION('center_axis',(0.,-1.,0.));
#3424=DIRECTION('ref_axis',(0.,0.,-1.));
#3425=DIRECTION('center_axis',(0.,-1.,0.));
#3426=DIRECTION('ref_axis',(0.,0.,-1.));
#3427=DIRECTION('center_axis',(0.,-1.,0.));
#3428=DIRECTION('ref_axis',(0.,0.,-1.));
#3429=DIRECTION('',(-8.65956056235475E-17,-0.707106781186562,0.707106781186533));
#3430=DIRECTION('center_axis',(0.,1.,0.));
#3431=DIRECTION('ref_axis',(0.,0.,-1.));
#3432=DIRECTION('center_axis',(0.,1.,0.));
#3433=DIRECTION('ref_axis',(0.,0.,1.));
#3434=DIRECTION('center_axis',(0.,1.,0.));
#3435=DIRECTION('ref_axis',(0.,0.,1.));
#3436=DIRECTION('',(-8.65956056235505E-17,0.707106781186538,-0.707106781186557));
#3437=DIRECTION('center_axis',(0.,-1.,0.));
#3438=DIRECTION('ref_axis',(0.,0.,1.));
#3439=DIRECTION('center_axis',(0.,-1.,0.));
#3440=DIRECTION('ref_axis',(0.,0.,-1.));
#3441=DIRECTION('center_axis',(0.,-1.,0.));
#3442=DIRECTION('ref_axis',(0.,0.,-1.));
#3443=DIRECTION('center_axis',(0.,-1.,0.));
#3444=DIRECTION('ref_axis',(0.,0.,-1.));
#3445=DIRECTION('',(-8.65956056235473E-17,-0.707106781186564,0.707106781186531));
#3446=DIRECTION('center_axis',(0.,1.,0.));
#3447=DIRECTION('ref_axis',(0.,0.,-1.));
#3448=DIRECTION('center_axis',(0.,1.,0.));
#3449=DIRECTION('ref_axis',(0.,0.,1.));
#3450=DIRECTION('center_axis',(0.,1.,0.));
#3451=DIRECTION('ref_axis',(0.,0.,1.));
#3452=DIRECTION('',(-8.65956056235511E-17,0.707106781186533,-0.707106781186562));
#3453=DIRECTION('center_axis',(0.,-1.,0.));
#3454=DIRECTION('ref_axis',(0.,0.,1.));
#3455=DIRECTION('center_axis',(0.,-1.,0.));
#3456=DIRECTION('ref_axis',(0.,0.,-1.));
#3457=DIRECTION('center_axis',(0.,-1.,0.));
#3458=DIRECTION('ref_axis',(0.,0.,-1.));
#3459=DIRECTION('center_axis',(0.,-1.,0.));
#3460=DIRECTION('ref_axis',(0.,0.,-1.));
#3461=DIRECTION('',(-8.65956056235479E-17,-0.707106781186559,0.707106781186536));
#3462=DIRECTION('center_axis',(0.,1.,0.));
#3463=DIRECTION('ref_axis',(0.,0.,-1.));
#3464=DIRECTION('center_axis',(0.,1.,0.));
#3465=DIRECTION('ref_axis',(0.,0.,1.));
#3466=DIRECTION('center_axis',(0.,1.,0.));
#3467=DIRECTION('ref_axis',(0.,0.,1.));
#3468=DIRECTION('',(-8.65956056235479E-17,0.707106781186559,-0.707106781186536));
#3469=DIRECTION('center_axis',(0.,-1.,0.));
#3470=DIRECTION('ref_axis',(0.,0.,1.));
#3471=DIRECTION('center_axis',(0.,-1.,0.));
#3472=DIRECTION('ref_axis',(0.,0.,-1.));
#3473=DIRECTION('center_axis',(0.,-1.,0.));
#3474=DIRECTION('ref_axis',(0.,0.,-1.));
#3475=DIRECTION('center_axis',(0.,-1.,0.));
#3476=DIRECTION('ref_axis',(0.,0.,-1.));
#3477=DIRECTION('',(-8.65956056235487E-17,-0.707106781186553,0.707106781186542));
#3478=DIRECTION('center_axis',(0.,1.,0.));
#3479=DIRECTION('ref_axis',(0.,0.,-1.));
#3480=DIRECTION('center_axis',(0.,1.,0.));
#3481=DIRECTION('ref_axis',(0.,0.,1.));
#3482=DIRECTION('center_axis',(0.,1.,0.));
#3483=DIRECTION('ref_axis',(0.,0.,1.));
#3484=DIRECTION('',(-8.65956056235487E-17,0.707106781186553,-0.707106781186542));
#3485=DIRECTION('center_axis',(0.,-1.,0.));
#3486=DIRECTION('ref_axis',(0.,0.,1.));
#3487=DIRECTION('center_axis',(0.,-1.,0.));
#3488=DIRECTION('ref_axis',(0.,0.,-1.));
#3489=DIRECTION('center_axis',(0.,-1.,0.));
#3490=DIRECTION('ref_axis',(0.,0.,-1.));
#3491=DIRECTION('center_axis',(0.,-1.,0.));
#3492=DIRECTION('ref_axis',(0.,0.,-1.));
#3493=DIRECTION('',(-8.65956056235494E-17,-0.707106781186547,0.707106781186548));
#3494=DIRECTION('center_axis',(0.,1.,0.));
#3495=DIRECTION('ref_axis',(0.,0.,-1.));
#3496=DIRECTION('center_axis',(0.,1.,0.));
#3497=DIRECTION('ref_axis',(0.,0.,1.));
#3498=DIRECTION('center_axis',(0.,1.,0.));
#3499=DIRECTION('ref_axis',(0.,0.,1.));
#3500=DIRECTION('',(-8.65956056235471E-17,0.707106781186565,-0.70710678118653));
#3501=DIRECTION('center_axis',(0.,-1.,0.));
#3502=DIRECTION('ref_axis',(0.,0.,1.));
#3503=DIRECTION('center_axis',(0.,-1.,0.));
#3504=DIRECTION('ref_axis',(0.,0.,-1.));
#3505=DIRECTION('center_axis',(0.,-1.,0.));
#3506=DIRECTION('ref_axis',(0.,0.,-1.));
#3507=DIRECTION('center_axis',(0.,-1.,0.));
#3508=DIRECTION('ref_axis',(0.,0.,-1.));
#3509=DIRECTION('',(-8.65956056235479E-17,-0.707106781186559,0.707106781186536));
#3510=DIRECTION('center_axis',(0.,1.,0.));
#3511=DIRECTION('ref_axis',(0.,0.,-1.));
#3512=DIRECTION('center_axis',(0.,1.,0.));
#3513=DIRECTION('ref_axis',(0.,0.,1.));
#3514=DIRECTION('center_axis',(0.,1.,0.));
#3515=DIRECTION('ref_axis',(0.,0.,1.));
#3516=DIRECTION('',(-8.65956056235479E-17,0.707106781186559,-0.707106781186536));
#3517=DIRECTION('center_axis',(0.,-1.,0.));
#3518=DIRECTION('ref_axis',(0.,0.,1.));
#3519=DIRECTION('center_axis',(0.,-1.,0.));
#3520=DIRECTION('ref_axis',(0.,0.,-1.));
#3521=DIRECTION('center_axis',(0.,-1.,0.));
#3522=DIRECTION('ref_axis',(0.,0.,-1.));
#3523=DIRECTION('center_axis',(0.,-1.,0.));
#3524=DIRECTION('ref_axis',(0.,0.,-1.));
#3525=DIRECTION('',(-8.65956056235469E-17,-0.707106781186567,0.707106781186528));
#3526=DIRECTION('center_axis',(0.,1.,0.));
#3527=DIRECTION('ref_axis',(0.,0.,-1.));
#3528=DIRECTION('center_axis',(0.,1.,0.));
#3529=DIRECTION('ref_axis',(0.,0.,1.));
#3530=DIRECTION('center_axis',(0.,1.,0.));
#3531=DIRECTION('ref_axis',(0.,0.,1.));
#3532=DIRECTION('',(-8.65956056235481E-17,0.707106781186557,-0.707106781186538));
#3533=DIRECTION('center_axis',(0.,-1.,0.));
#3534=DIRECTION('ref_axis',(0.,0.,1.));
#3535=DIRECTION('center_axis',(0.,-1.,0.));
#3536=DIRECTION('ref_axis',(0.,0.,-1.));
#3537=DIRECTION('center_axis',(0.,-1.,0.));
#3538=DIRECTION('ref_axis',(0.,0.,-1.));
#3539=DIRECTION('center_axis',(0.,-1.,0.));
#3540=DIRECTION('ref_axis',(0.,0.,-1.));
#3541=DIRECTION('',(-8.65956056235471E-17,-0.707106781186565,0.70710678118653));
#3542=DIRECTION('center_axis',(0.,1.,0.));
#3543=DIRECTION('ref_axis',(0.,0.,-1.));
#3544=DIRECTION('center_axis',(0.,1.,0.));
#3545=DIRECTION('ref_axis',(0.,0.,1.));
#3546=DIRECTION('center_axis',(0.,1.,0.));
#3547=DIRECTION('ref_axis',(0.,0.,1.));
#3548=DIRECTION('',(-8.65956056235496E-17,0.707106781186546,-0.707106781186549));
#3549=DIRECTION('center_axis',(0.,-1.,0.));
#3550=DIRECTION('ref_axis',(0.,0.,1.));
#3551=DIRECTION('center_axis',(0.,-1.,0.));
#3552=DIRECTION('ref_axis',(0.,0.,-1.));
#3553=DIRECTION('center_axis',(0.,1.,0.));
#3554=DIRECTION('ref_axis',(0.,0.,1.));
#3555=DIRECTION('',(-0.137955732258771,0.707075806395308,-0.693550300949665));
#3556=DIRECTION('center_axis',(0.,-1.,0.));
#3557=DIRECTION('ref_axis',(7.105427357601E-15,0.,1.));
#3558=DIRECTION('center_axis',(0.,-1.,0.));
#3559=DIRECTION('ref_axis',(7.105427357601E-15,0.,1.));
#3560=DIRECTION('',(0.137955732258774,0.707075806395327,0.693550300949645));
#3561=DIRECTION('center_axis',(0.,1.,0.));
#3562=DIRECTION('ref_axis',(0.,0.,1.));
#3563=DIRECTION('center_axis',(0.,1.,0.));
#3564=DIRECTION('ref_axis',(0.,0.,-1.));
#3565=DIRECTION('',(8.65956056235494E-17,-0.707106781186548,0.707106781186548));
#3566=DIRECTION('center_axis',(0.,-1.,0.));
#3567=DIRECTION('ref_axis',(0.,0.,-1.));
#3568=DIRECTION('center_axis',(0.,1.,0.));
#3569=DIRECTION('ref_axis',(0.,0.,1.));
#3570=DIRECTION('',(0.,1.,0.));
#3571=DIRECTION('center_axis',(0.,1.,0.));
#3572=DIRECTION('ref_axis',(0.,0.,1.));
#3573=DIRECTION('',(0.,1.,0.));
#3574=DIRECTION('center_axis',(0.,1.,0.));
#3575=DIRECTION('ref_axis',(0.,0.,1.));
#3576=DIRECTION('',(0.,1.,0.));
#3577=DIRECTION('center_axis',(0.,1.,0.));
#3578=DIRECTION('ref_axis',(0.,0.,1.));
#3579=DIRECTION('',(0.,1.,0.));
#3580=DIRECTION('center_axis',(0.,1.,0.));
#3581=DIRECTION('ref_axis',(0.,0.,1.));
#3582=DIRECTION('',(0.,1.,0.));
#3583=DIRECTION('center_axis',(0.,1.,0.));
#3584=DIRECTION('ref_axis',(0.,0.,1.));
#3585=DIRECTION('',(0.,1.,0.));
#3586=DIRECTION('center_axis',(0.,1.,0.));
#3587=DIRECTION('ref_axis',(0.,0.,1.));
#3588=DIRECTION('',(0.,1.,0.));
#3589=DIRECTION('center_axis',(0.,1.,0.));
#3590=DIRECTION('ref_axis',(0.,0.,1.));
#3591=DIRECTION('',(0.,1.,0.));
#3592=DIRECTION('center_axis',(0.,1.,0.));
#3593=DIRECTION('ref_axis',(0.,0.,1.));
#3594=DIRECTION('',(0.,1.,0.));
#3595=DIRECTION('center_axis',(0.,1.,0.));
#3596=DIRECTION('ref_axis',(0.,0.,1.));
#3597=DIRECTION('',(0.,1.,0.));
#3598=DIRECTION('center_axis',(0.,1.,0.));
#3599=DIRECTION('ref_axis',(0.,0.,1.));
#3600=DIRECTION('',(0.,1.,0.));
#3601=DIRECTION('center_axis',(0.,1.,0.));
#3602=DIRECTION('ref_axis',(0.,0.,1.));
#3603=DIRECTION('',(0.,1.,0.));
#3604=DIRECTION('center_axis',(0.,1.,0.));
#3605=DIRECTION('ref_axis',(0.,0.,1.));
#3606=DIRECTION('',(0.,1.,0.));
#3607=DIRECTION('center_axis',(0.,1.,0.));
#3608=DIRECTION('ref_axis',(0.,0.,1.));
#3609=DIRECTION('',(0.,1.,0.));
#3610=DIRECTION('center_axis',(0.,1.,0.));
#3611=DIRECTION('ref_axis',(0.,0.,1.));
#3612=DIRECTION('',(0.,1.,0.));
#3613=DIRECTION('center_axis',(0.,1.,0.));
#3614=DIRECTION('ref_axis',(0.,0.,1.));
#3615=DIRECTION('',(0.,1.,0.));
#3616=DIRECTION('center_axis',(0.,1.,0.));
#3617=DIRECTION('ref_axis',(0.,0.,1.));
#3618=DIRECTION('',(0.,1.,0.));
#3619=DIRECTION('center_axis',(0.,1.,0.));
#3620=DIRECTION('ref_axis',(0.,0.,1.));
#3621=DIRECTION('center_axis',(0.,1.,0.));
#3622=DIRECTION('ref_axis',(0.,0.,1.));
#3623=DIRECTION('center_axis',(0.,-1.,0.));
#3624=DIRECTION('ref_axis',(-1.77635683940025E-15,0.,1.));
#3625=DIRECTION('',(0.,1.,0.));
#3626=DIRECTION('center_axis',(0.,-1.,0.));
#3627=DIRECTION('ref_axis',(-4.9737991503207E-14,0.,1.));
#3628=DIRECTION('',(0.,1.,0.));
#3629=DIRECTION('',(0.,-1.,0.));
#3630=DIRECTION('',(0.,1.,0.));
#3631=DIRECTION('center_axis',(0.,-1.,0.));
#3632=DIRECTION('ref_axis',(9.59232693276135E-14,0.,1.));
#3633=DIRECTION('',(0.,1.,0.));
#3634=DIRECTION('center_axis',(0.,1.,0.));
#3635=DIRECTION('ref_axis',(0.,0.,1.));
#3636=DIRECTION('center_axis',(0.,1.,0.));
#3637=DIRECTION('ref_axis',(0.,0.,1.));
#3638=DIRECTION('center_axis',(0.,1.,0.));
#3639=DIRECTION('ref_axis',(0.,0.,1.));
#3640=DIRECTION('',(0.,1.,0.));
#3641=DIRECTION('center_axis',(0.,1.,0.));
#3642=DIRECTION('ref_axis',(0.,0.,1.));
#3643=DIRECTION('',(0.,-1.,0.));
#3644=DIRECTION('center_axis',(0.,1.,0.));
#3645=DIRECTION('ref_axis',(0.,0.,1.));
#3646=DIRECTION('',(0.,-1.,0.));
#3647=DIRECTION('center_axis',(0.,1.,0.));
#3648=DIRECTION('ref_axis',(0.,0.,1.));
#3649=DIRECTION('',(0.,-1.,0.));
#3650=DIRECTION('center_axis',(0.,1.,0.));
#3651=DIRECTION('ref_axis',(0.,0.,1.));
#3652=DIRECTION('',(0.,-1.,0.));
#3653=DIRECTION('center_axis',(0.,1.,0.));
#3654=DIRECTION('ref_axis',(0.,0.,1.));
#3655=DIRECTION('center_axis',(0.,-1.,0.));
#3656=DIRECTION('ref_axis',(0.,0.,-1.));
#3657=DIRECTION('',(1.15079156022785E-16,0.342020143325673,-0.939692620785907));
#3658=DIRECTION('center_axis',(0.,1.,0.));
#3659=DIRECTION('ref_axis',(0.,0.,1.));
#3660=DIRECTION('center_axis',(0.,1.,0.));
#3661=DIRECTION('ref_axis',(0.,0.,1.));
#3662=DIRECTION('center_axis',(0.,1.,0.));
#3663=DIRECTION('ref_axis',(0.,0.,1.));
#3664=DIRECTION('center_axis',(0.,1.,0.));
#3665=DIRECTION('ref_axis',(0.,0.,1.));
#3666=DIRECTION('',(-4.18853873767708E-17,0.939692620785906,-0.342020143325676));
#3667=DIRECTION('center_axis',(0.,1.,0.));
#3668=DIRECTION('ref_axis',(0.,0.,1.));
#3669=DIRECTION('center_axis',(0.,1.,0.));
#3670=DIRECTION('ref_axis',(0.,0.,1.));
#3671=DIRECTION('',(0.,1.,0.));
#3672=DIRECTION('center_axis',(0.,1.,0.));
#3673=DIRECTION('ref_axis',(0.,0.,1.));
#3674=DIRECTION('center_axis',(0.,1.,0.));
#3675=DIRECTION('ref_axis',(0.,0.,1.));
#3676=DIRECTION('',(-0.195090322016136,0.,-0.980785280403229));
#3677=DIRECTION('',(0.195090322016129,0.,0.98078528040323));
#3678=DIRECTION('center_axis',(0.,-1.,0.));
#3679=DIRECTION('ref_axis',(-0.98078528040323,0.,0.195090322016133));
#3680=DIRECTION('',(-0.137955732258777,0.707075806395307,-0.693550300949665));
#3681=DIRECTION('',(0.137955732258769,0.707075806395304,0.69355030094967));
#3682=DIRECTION('center_axis',(0.,1.,0.));
#3683=DIRECTION('ref_axis',(0.,0.,1.));
#3684=DIRECTION('center_axis',(0.,1.,0.));
#3685=DIRECTION('ref_axis',(0.,0.,1.));
#3686=DIRECTION('',(-0.195090322016136,0.,-0.980785280403229));
#3687=DIRECTION('',(0.195090322016129,0.,0.98078528040323));
#3688=DIRECTION('center_axis',(0.,-1.,0.));
#3689=DIRECTION('ref_axis',(0.,0.,-1.));
#3690=DIRECTION('center_axis',(0.,-1.,0.));
#3691=DIRECTION('ref_axis',(0.,0.,-1.));
#3692=DIRECTION('center_axis',(-0.98078528040323,0.,0.195090322016129));
#3693=DIRECTION('ref_axis',(0.195090322016129,0.,0.98078528040323));
#3694=DIRECTION('',(0.195090322016129,0.,0.98078528040323));
#3695=DIRECTION('center_axis',(-0.98078528040323,0.,0.195090322016129));
#3696=DIRECTION('ref_axis',(0.195090322016129,0.,0.98078528040323));
#3697=DIRECTION('',(0.195090322016129,0.,0.98078528040323));
#3698=DIRECTION('center_axis',(0.,1.,0.));
#3699=DIRECTION('ref_axis',(0.,0.,1.));
#3700=DIRECTION('center_axis',(0.980785280403229,0.,-0.195090322016136));
#3701=DIRECTION('ref_axis',(-0.195090322016136,0.,-0.980785280403229));
#3702=DIRECTION('',(-0.195090322016136,0.,-0.980785280403229));
#3703=DIRECTION('center_axis',(0.980785280403229,0.,-0.195090322016136));
#3704=DIRECTION('ref_axis',(-0.195090322016136,0.,-0.980785280403229));
#3705=DIRECTION('',(-0.195090322016136,0.,-0.980785280403229));
#3706=DIRECTION('center_axis',(0.,1.,0.));
#3707=DIRECTION('ref_axis',(-6.98296267768627E-15,0.,-1.));
#3708=DIRECTION('axis',(0.,0.,1.));
#3709=DIRECTION('refdir',(1.,0.,0.));
#3710=DIRECTION('axis',(0.,0.,1.));
#3711=DIRECTION('refdir',(1.,0.,0.));
#3712=DIRECTION('center_axis',(0.,1.,0.));
#3713=DIRECTION('ref_axis',(0.,0.,1.));
#3714=DIRECTION('center_axis',(0.,1.,0.));
#3715=DIRECTION('ref_axis',(0.,0.,1.));
#3716=DIRECTION('',(0.137959128378487,-0.707058396506187,0.693567374396423));
#3717=DIRECTION('center_axis',(0.,-1.,0.));
#3718=DIRECTION('ref_axis',(-9.76996261670138E-15,0.,1.));
#3719=DIRECTION('',(0.137959128378485,0.707058396506174,0.693567374396436));
#3720=DIRECTION('center_axis',(0.,1.,0.));
#3721=DIRECTION('ref_axis',(0.,0.,1.));
#3722=DIRECTION('center_axis',(0.,1.,0.));
#3723=DIRECTION('ref_axis',(0.,0.,1.));
#3724=DIRECTION('',(-8.65956056235493E-17,0.707106781186547,-0.707106781186547));
#3725=DIRECTION('center_axis',(0.,-1.,0.));
#3726=DIRECTION('ref_axis',(0.,0.,1.));
#3727=DIRECTION('center_axis',(0.,-1.,0.));
#3728=DIRECTION('ref_axis',(0.,0.,-1.));
#3729=DIRECTION('center_axis',(0.,-1.,0.));
#3730=DIRECTION('ref_axis',(0.,0.,-1.));
#3731=DIRECTION('center_axis',(0.,-1.,0.));
#3732=DIRECTION('ref_axis',(0.,0.,-1.));
#3733=DIRECTION('',(-8.65956056235493E-17,-0.707106781186547,0.707106781186547));
#3734=DIRECTION('center_axis',(0.,1.,0.));
#3735=DIRECTION('ref_axis',(0.,0.,-1.));
#3736=DIRECTION('center_axis',(0.,-1.,0.));
#3737=DIRECTION('ref_axis',(0.,0.,-1.));
#3738=DIRECTION('center_axis',(0.,-1.,0.));
#3739=DIRECTION('ref_axis',(0.,0.,-1.));
#3740=DIRECTION('center_axis',(0.,-1.,0.));
#3741=DIRECTION('ref_axis',(0.,0.,-1.));
#3742=DIRECTION('',(-8.65956056235483E-17,-0.707106781186556,0.707106781186539));
#3743=DIRECTION('center_axis',(0.,1.,0.));
#3744=DIRECTION('ref_axis',(0.,0.,-1.));
#3745=DIRECTION('center_axis',(0.,1.,0.));
#3746=DIRECTION('ref_axis',(0.,0.,1.));
#3747=DIRECTION('center_axis',(0.,1.,0.));
#3748=DIRECTION('ref_axis',(0.,0.,1.));
#3749=DIRECTION('',(-8.65956056235528E-17,0.707106781186519,-0.707106781186576));
#3750=DIRECTION('center_axis',(0.,-1.,0.));
#3751=DIRECTION('ref_axis',(0.,0.,1.));
#3752=DIRECTION('center_axis',(0.,-1.,0.));
#3753=DIRECTION('ref_axis',(0.,0.,-1.));
#3754=DIRECTION('center_axis',(0.,-1.,0.));
#3755=DIRECTION('ref_axis',(0.,0.,-1.));
#3756=DIRECTION('center_axis',(0.,-1.,0.));
#3757=DIRECTION('ref_axis',(0.,0.,-1.));
#3758=DIRECTION('',(-8.65956056235536E-17,-0.707106781186513,0.707106781186582));
#3759=DIRECTION('center_axis',(0.,1.,0.));
#3760=DIRECTION('ref_axis',(0.,0.,-1.));
#3761=DIRECTION('center_axis',(0.,1.,0.));
#3762=DIRECTION('ref_axis',(0.,0.,1.));
#3763=DIRECTION('center_axis',(0.,1.,0.));
#3764=DIRECTION('ref_axis',(0.,0.,1.));
#3765=DIRECTION('',(-8.65956056235536E-17,0.707106781186513,-0.707106781186582));
#3766=DIRECTION('center_axis',(0.,-1.,0.));
#3767=DIRECTION('ref_axis',(0.,0.,1.));
#3768=DIRECTION('center_axis',(0.,-1.,0.));
#3769=DIRECTION('ref_axis',(0.,0.,-1.));
#3770=DIRECTION('center_axis',(0.,-1.,0.));
#3771=DIRECTION('ref_axis',(0.,0.,-1.));
#3772=DIRECTION('center_axis',(0.,-1.,0.));
#3773=DIRECTION('ref_axis',(0.,0.,-1.));
#3774=DIRECTION('',(-8.6595605623551E-17,-0.707106781186534,0.707106781186561));
#3775=DIRECTION('center_axis',(0.,1.,0.));
#3776=DIRECTION('ref_axis',(0.,0.,-1.));
#3777=DIRECTION('center_axis',(0.,1.,0.));
#3778=DIRECTION('ref_axis',(0.,0.,1.));
#3779=DIRECTION('center_axis',(0.,1.,0.));
#3780=DIRECTION('ref_axis',(0.,0.,1.));
#3781=DIRECTION('',(-8.6595605623547E-17,0.707106781186567,-0.707106781186528));
#3782=DIRECTION('center_axis',(0.,-1.,0.));
#3783=DIRECTION('ref_axis',(0.,0.,1.));
#3784=DIRECTION('center_axis',(0.,-1.,0.));
#3785=DIRECTION('ref_axis',(0.,0.,-1.));
#3786=DIRECTION('center_axis',(0.,-1.,0.));
#3787=DIRECTION('ref_axis',(0.,0.,-1.));
#3788=DIRECTION('center_axis',(0.,-1.,0.));
#3789=DIRECTION('ref_axis',(0.,0.,-1.));
#3790=DIRECTION('',(-8.65956056235508E-17,-0.707106781186535,0.70710678118656));
#3791=DIRECTION('center_axis',(0.,1.,0.));
#3792=DIRECTION('ref_axis',(0.,0.,-1.));
#3793=DIRECTION('center_axis',(0.,1.,0.));
#3794=DIRECTION('ref_axis',(0.,0.,1.));
#3795=DIRECTION('center_axis',(0.,1.,0.));
#3796=DIRECTION('ref_axis',(0.,0.,1.));
#3797=DIRECTION('',(-8.65956056235512E-17,0.707106781186532,-0.707106781186563));
#3798=DIRECTION('center_axis',(0.,-1.,0.));
#3799=DIRECTION('ref_axis',(0.,0.,1.));
#3800=DIRECTION('center_axis',(0.,-1.,0.));
#3801=DIRECTION('ref_axis',(0.,0.,-1.));
#3802=DIRECTION('center_axis',(0.,-1.,0.));
#3803=DIRECTION('ref_axis',(0.,0.,-1.));
#3804=DIRECTION('center_axis',(0.,-1.,0.));
#3805=DIRECTION('ref_axis',(0.,0.,-1.));
#3806=DIRECTION('',(-8.65956056235465E-17,-0.707106781186571,0.707106781186524));
#3807=DIRECTION('center_axis',(0.,1.,0.));
#3808=DIRECTION('ref_axis',(0.,0.,-1.));
#3809=DIRECTION('center_axis',(0.,1.,0.));
#3810=DIRECTION('ref_axis',(0.,0.,1.));
#3811=DIRECTION('center_axis',(0.,1.,0.));
#3812=DIRECTION('ref_axis',(0.,0.,1.));
#3813=DIRECTION('',(-8.65956056235499E-17,0.707106781186542,-0.707106781186553));
#3814=DIRECTION('center_axis',(0.,-1.,0.));
#3815=DIRECTION('ref_axis',(0.,0.,1.));
#3816=DIRECTION('center_axis',(0.,-1.,0.));
#3817=DIRECTION('ref_axis',(0.,0.,-1.));
#3818=DIRECTION('center_axis',(0.,-1.,0.));
#3819=DIRECTION('ref_axis',(0.,0.,-1.));
#3820=DIRECTION('center_axis',(0.,-1.,0.));
#3821=DIRECTION('ref_axis',(0.,0.,-1.));
#3822=DIRECTION('',(-8.65956056235508E-17,-0.707106781186535,0.70710678118656));
#3823=DIRECTION('center_axis',(0.,1.,0.));
#3824=DIRECTION('ref_axis',(0.,0.,-1.));
#3825=DIRECTION('center_axis',(0.,1.,0.));
#3826=DIRECTION('ref_axis',(0.,0.,1.));
#3827=DIRECTION('center_axis',(0.,1.,0.));
#3828=DIRECTION('ref_axis',(0.,0.,1.));
#3829=DIRECTION('',(-8.65956056235487E-17,0.707106781186553,-0.707106781186542));
#3830=DIRECTION('center_axis',(0.,-1.,0.));
#3831=DIRECTION('ref_axis',(0.,0.,1.));
#3832=DIRECTION('center_axis',(0.,-1.,0.));
#3833=DIRECTION('ref_axis',(0.,0.,-1.));
#3834=DIRECTION('center_axis',(0.,-1.,0.));
#3835=DIRECTION('ref_axis',(0.,0.,-1.));
#3836=DIRECTION('center_axis',(0.,-1.,0.));
#3837=DIRECTION('ref_axis',(0.,0.,-1.));
#3838=DIRECTION('',(-8.6595605623551E-17,-0.707106781186534,0.707106781186561));
#3839=DIRECTION('center_axis',(0.,1.,0.));
#3840=DIRECTION('ref_axis',(0.,0.,-1.));
#3841=DIRECTION('center_axis',(0.,1.,0.));
#3842=DIRECTION('ref_axis',(0.,0.,1.));
#3843=DIRECTION('center_axis',(0.,1.,0.));
#3844=DIRECTION('ref_axis',(0.,0.,1.));
#3845=DIRECTION('',(-8.65956056235469E-17,0.707106781186567,-0.707106781186528));
#3846=DIRECTION('center_axis',(0.,-1.,0.));
#3847=DIRECTION('ref_axis',(0.,0.,1.));
#3848=DIRECTION('center_axis',(0.,-1.,0.));
#3849=DIRECTION('ref_axis',(0.,0.,-1.));
#3850=DIRECTION('center_axis',(0.,-1.,0.));
#3851=DIRECTION('ref_axis',(0.,0.,-1.));
#3852=DIRECTION('center_axis',(0.,-1.,0.));
#3853=DIRECTION('ref_axis',(0.,0.,-1.));
#3854=DIRECTION('',(-8.6595605623549E-17,-0.707106781186551,0.707106781186545));
#3855=DIRECTION('center_axis',(0.,1.,0.));
#3856=DIRECTION('ref_axis',(0.,0.,-1.));
#3857=DIRECTION('center_axis',(0.,1.,0.));
#3858=DIRECTION('ref_axis',(0.,0.,1.));
#3859=DIRECTION('center_axis',(0.,1.,0.));
#3860=DIRECTION('ref_axis',(0.,0.,1.));
#3861=DIRECTION('',(-8.65956056235477E-17,0.707106781186561,-0.707106781186534));
#3862=DIRECTION('center_axis',(0.,-1.,0.));
#3863=DIRECTION('ref_axis',(0.,0.,1.));
#3864=DIRECTION('center_axis',(0.,-1.,0.));
#3865=DIRECTION('ref_axis',(0.,0.,-1.));
#3866=DIRECTION('center_axis',(0.,-1.,0.));
#3867=DIRECTION('ref_axis',(0.,0.,-1.));
#3868=DIRECTION('center_axis',(0.,-1.,0.));
#3869=DIRECTION('ref_axis',(0.,0.,-1.));
#3870=DIRECTION('',(-8.65956056235495E-17,-0.707106781186546,0.707106781186549));
#3871=DIRECTION('center_axis',(0.,1.,0.));
#3872=DIRECTION('ref_axis',(0.,0.,-1.));
#3873=DIRECTION('center_axis',(0.,1.,0.));
#3874=DIRECTION('ref_axis',(0.,0.,1.));
#3875=DIRECTION('center_axis',(0.,1.,0.));
#3876=DIRECTION('ref_axis',(0.,0.,1.));
#3877=DIRECTION('',(-8.65956056235516E-17,0.707106781186529,-0.707106781186566));
#3878=DIRECTION('center_axis',(0.,-1.,0.));
#3879=DIRECTION('ref_axis',(0.,0.,1.));
#3880=DIRECTION('center_axis',(0.,-1.,0.));
#3881=DIRECTION('ref_axis',(0.,0.,-1.));
#3882=DIRECTION('center_axis',(0.,-1.,0.));
#3883=DIRECTION('ref_axis',(0.,0.,-1.));
#3884=DIRECTION('center_axis',(0.,-1.,0.));
#3885=DIRECTION('ref_axis',(0.,0.,-1.));
#3886=DIRECTION('',(-8.65956056235466E-17,-0.70710678118657,0.707106781186525));
#3887=DIRECTION('center_axis',(0.,1.,0.));
#3888=DIRECTION('ref_axis',(0.,0.,-1.));
#3889=DIRECTION('center_axis',(0.,1.,0.));
#3890=DIRECTION('ref_axis',(0.,0.,1.));
#3891=DIRECTION('center_axis',(0.,1.,0.));
#3892=DIRECTION('ref_axis',(0.,0.,1.));
#3893=DIRECTION('',(-8.65956056235552E-17,0.7071067811865,-0.707106781186596));
#3894=DIRECTION('center_axis',(0.,-1.,0.));
#3895=DIRECTION('ref_axis',(0.,0.,1.));
#3896=DIRECTION('center_axis',(0.,-1.,0.));
#3897=DIRECTION('ref_axis',(0.,0.,-1.));
#3898=DIRECTION('center_axis',(0.,-1.,0.));
#3899=DIRECTION('ref_axis',(0.,0.,-1.));
#3900=DIRECTION('center_axis',(0.,-1.,0.));
#3901=DIRECTION('ref_axis',(0.,0.,-1.));
#3902=DIRECTION('',(-8.6595605623551E-17,-0.707106781186534,0.707106781186561));
#3903=DIRECTION('center_axis',(0.,1.,0.));
#3904=DIRECTION('ref_axis',(0.,0.,-1.));
#3905=DIRECTION('center_axis',(0.,1.,0.));
#3906=DIRECTION('ref_axis',(0.,0.,1.));
#3907=DIRECTION('center_axis',(0.,1.,0.));
#3908=DIRECTION('ref_axis',(0.,0.,1.));
#3909=DIRECTION('',(-8.6595605623547E-17,0.707106781186567,-0.707106781186528));
#3910=DIRECTION('center_axis',(0.,-1.,0.));
#3911=DIRECTION('ref_axis',(0.,0.,1.));
#3912=DIRECTION('center_axis',(0.,-1.,0.));
#3913=DIRECTION('ref_axis',(0.,0.,-1.));
#3914=DIRECTION('center_axis',(0.,-1.,0.));
#3915=DIRECTION('ref_axis',(0.,0.,-1.));
#3916=DIRECTION('center_axis',(0.,-1.,0.));
#3917=DIRECTION('ref_axis',(0.,0.,-1.));
#3918=DIRECTION('',(-8.65956056235487E-17,-0.707106781186553,0.707106781186542));
#3919=DIRECTION('center_axis',(0.,1.,0.));
#3920=DIRECTION('ref_axis',(0.,0.,-1.));
#3921=DIRECTION('center_axis',(0.,1.,0.));
#3922=DIRECTION('ref_axis',(0.,0.,1.));
#3923=DIRECTION('center_axis',(0.,1.,0.));
#3924=DIRECTION('ref_axis',(0.,0.,1.));
#3925=DIRECTION('',(-8.65956056235505E-17,0.707106781186538,-0.707106781186557));
#3926=DIRECTION('center_axis',(0.,-1.,0.));
#3927=DIRECTION('ref_axis',(0.,0.,1.));
#3928=DIRECTION('center_axis',(0.,-1.,0.));
#3929=DIRECTION('ref_axis',(0.,0.,-1.));
#3930=DIRECTION('center_axis',(0.,-1.,0.));
#3931=DIRECTION('ref_axis',(0.,0.,-1.));
#3932=DIRECTION('center_axis',(0.,-1.,0.));
#3933=DIRECTION('ref_axis',(0.,0.,-1.));
#3934=DIRECTION('',(-8.65956056235498E-17,-0.707106781186543,0.707106781186552));
#3935=DIRECTION('center_axis',(0.,1.,0.));
#3936=DIRECTION('ref_axis',(0.,0.,-1.));
#3937=DIRECTION('center_axis',(0.,1.,0.));
#3938=DIRECTION('ref_axis',(0.,0.,1.));
#3939=DIRECTION('center_axis',(0.,1.,0.));
#3940=DIRECTION('ref_axis',(0.,0.,1.));
#3941=DIRECTION('',(-8.65956056235466E-17,0.70710678118657,-0.707106781186525));
#3942=DIRECTION('center_axis',(0.,-1.,0.));
#3943=DIRECTION('ref_axis',(0.,0.,1.));
#3944=DIRECTION('center_axis',(0.,-1.,0.));
#3945=DIRECTION('ref_axis',(0.,0.,-1.));
#3946=DIRECTION('center_axis',(0.,-1.,0.));
#3947=DIRECTION('ref_axis',(0.,0.,-1.));
#3948=DIRECTION('center_axis',(0.,-1.,0.));
#3949=DIRECTION('ref_axis',(0.,0.,-1.));
#3950=DIRECTION('',(-8.6595605623551E-17,-0.707106781186534,0.707106781186561));
#3951=DIRECTION('center_axis',(0.,1.,0.));
#3952=DIRECTION('ref_axis',(0.,0.,-1.));
#3953=DIRECTION('center_axis',(0.,1.,0.));
#3954=DIRECTION('ref_axis',(0.,0.,1.));
#3955=DIRECTION('center_axis',(0.,1.,0.));
#3956=DIRECTION('ref_axis',(0.,0.,1.));
#3957=DIRECTION('',(-8.65956056235469E-17,0.707106781186567,-0.707106781186528));
#3958=DIRECTION('center_axis',(0.,-1.,0.));
#3959=DIRECTION('ref_axis',(0.,0.,1.));
#3960=DIRECTION('center_axis',(0.,-1.,0.));
#3961=DIRECTION('ref_axis',(0.,0.,-1.));
#3962=DIRECTION('center_axis',(0.,-1.,0.));
#3963=DIRECTION('ref_axis',(0.,0.,-1.));
#3964=DIRECTION('center_axis',(0.,-1.,0.));
#3965=DIRECTION('ref_axis',(0.,0.,-1.));
#3966=DIRECTION('',(-8.65956056235461E-17,-0.707106781186574,0.707106781186521));
#3967=DIRECTION('center_axis',(0.,1.,0.));
#3968=DIRECTION('ref_axis',(0.,0.,-1.));
#3969=DIRECTION('center_axis',(0.,1.,0.));
#3970=DIRECTION('ref_axis',(0.,0.,1.));
#3971=DIRECTION('center_axis',(0.,1.,0.));
#3972=DIRECTION('ref_axis',(0.,0.,1.));
#3973=DIRECTION('',(-8.65956056235528E-17,0.707106781186519,-0.707106781186576));
#3974=DIRECTION('center_axis',(0.,-1.,0.));
#3975=DIRECTION('ref_axis',(0.,0.,1.));
#3976=DIRECTION('center_axis',(0.,-1.,0.));
#3977=DIRECTION('ref_axis',(0.,0.,-1.));
#3978=DIRECTION('center_axis',(0.,-1.,0.));
#3979=DIRECTION('ref_axis',(0.,0.,-1.));
#3980=DIRECTION('center_axis',(0.,-1.,0.));
#3981=DIRECTION('ref_axis',(0.,0.,-1.));
#3982=DIRECTION('',(-8.65956056235487E-17,-0.707106781186553,0.707106781186542));
#3983=DIRECTION('center_axis',(0.,1.,0.));
#3984=DIRECTION('ref_axis',(0.,0.,-1.));
#3985=DIRECTION('center_axis',(0.,1.,0.));
#3986=DIRECTION('ref_axis',(0.,0.,1.));
#3987=DIRECTION('center_axis',(0.,1.,0.));
#3988=DIRECTION('ref_axis',(0.,0.,1.));
#3989=DIRECTION('',(-8.65956056235478E-17,0.70710678118656,-0.707106781186535));
#3990=DIRECTION('center_axis',(0.,-1.,0.));
#3991=DIRECTION('ref_axis',(0.,0.,1.));
#3992=DIRECTION('center_axis',(0.,-1.,0.));
#3993=DIRECTION('ref_axis',(0.,0.,-1.));
#3994=DIRECTION('center_axis',(0.,1.,0.));
#3995=DIRECTION('ref_axis',(0.,0.,1.));
#3996=DIRECTION('',(-0.137955732258771,0.707075806395308,-0.693550300949665));
#3997=DIRECTION('center_axis',(0.,-1.,0.));
#3998=DIRECTION('ref_axis',(7.105427357601E-15,0.,1.));
#3999=DIRECTION('center_axis',(0.,-1.,0.));
#4000=DIRECTION('ref_axis',(7.105427357601E-15,0.,1.));
#4001=DIRECTION('',(0.137955732258774,0.707075806395327,0.693550300949645));
#4002=DIRECTION('center_axis',(0.,1.,0.));
#4003=DIRECTION('ref_axis',(0.,0.,1.));
#4004=DIRECTION('center_axis',(0.,1.,0.));
#4005=DIRECTION('ref_axis',(0.,0.,-1.));
#4006=DIRECTION('',(8.65956056235494E-17,-0.707106781186548,0.707106781186548));
#4007=DIRECTION('center_axis',(0.,-1.,0.));
#4008=DIRECTION('ref_axis',(0.,0.,-1.));
#4009=DIRECTION('center_axis',(0.,1.,0.));
#4010=DIRECTION('ref_axis',(0.,0.,1.));
#4011=DIRECTION('',(0.,1.,0.));
#4012=DIRECTION('center_axis',(0.,1.,0.));
#4013=DIRECTION('ref_axis',(0.,0.,1.));
#4014=DIRECTION('',(0.,1.,0.));
#4015=DIRECTION('center_axis',(0.,1.,0.));
#4016=DIRECTION('ref_axis',(0.,0.,1.));
#4017=DIRECTION('',(0.,1.,0.));
#4018=DIRECTION('center_axis',(0.,1.,0.));
#4019=DIRECTION('ref_axis',(0.,0.,1.));
#4020=DIRECTION('',(0.,1.,0.));
#4021=DIRECTION('center_axis',(0.,1.,0.));
#4022=DIRECTION('ref_axis',(0.,0.,1.));
#4023=DIRECTION('',(0.,1.,0.));
#4024=DIRECTION('center_axis',(0.,1.,0.));
#4025=DIRECTION('ref_axis',(0.,0.,1.));
#4026=DIRECTION('',(0.,1.,0.));
#4027=DIRECTION('center_axis',(0.,1.,0.));
#4028=DIRECTION('ref_axis',(0.,0.,1.));
#4029=DIRECTION('',(0.,1.,0.));
#4030=DIRECTION('center_axis',(0.,1.,0.));
#4031=DIRECTION('ref_axis',(0.,0.,1.));
#4032=DIRECTION('',(0.,1.,0.));
#4033=DIRECTION('center_axis',(0.,1.,0.));
#4034=DIRECTION('ref_axis',(0.,0.,1.));
#4035=DIRECTION('',(0.,1.,0.));
#4036=DIRECTION('center_axis',(0.,1.,0.));
#4037=DIRECTION('ref_axis',(0.,0.,1.));
#4038=DIRECTION('',(0.,1.,0.));
#4039=DIRECTION('center_axis',(0.,1.,0.));
#4040=DIRECTION('ref_axis',(0.,0.,1.));
#4041=DIRECTION('',(0.,1.,0.));
#4042=DIRECTION('center_axis',(0.,1.,0.));
#4043=DIRECTION('ref_axis',(0.,0.,1.));
#4044=DIRECTION('',(0.,1.,0.));
#4045=DIRECTION('center_axis',(0.,1.,0.));
#4046=DIRECTION('ref_axis',(0.,0.,1.));
#4047=DIRECTION('',(0.,1.,0.));
#4048=DIRECTION('center_axis',(0.,1.,0.));
#4049=DIRECTION('ref_axis',(0.,0.,1.));
#4050=DIRECTION('',(0.,1.,0.));
#4051=DIRECTION('center_axis',(0.,1.,0.));
#4052=DIRECTION('ref_axis',(0.,0.,1.));
#4053=DIRECTION('',(0.,1.,0.));
#4054=DIRECTION('center_axis',(0.,1.,0.));
#4055=DIRECTION('ref_axis',(0.,0.,1.));
#4056=DIRECTION('',(0.,1.,0.));
#4057=DIRECTION('center_axis',(0.,1.,0.));
#4058=DIRECTION('ref_axis',(0.,0.,1.));
#4059=DIRECTION('',(0.,1.,0.));
#4060=DIRECTION('center_axis',(0.,1.,0.));
#4061=DIRECTION('ref_axis',(0.,0.,1.));
#4062=DIRECTION('center_axis',(0.,-1.,0.));
#4063=DIRECTION('ref_axis',(-1.77635683940025E-15,0.,1.));
#4064=DIRECTION('',(0.,1.,0.));
#4065=DIRECTION('center_axis',(0.,-1.,0.));
#4066=DIRECTION('ref_axis',(-4.9737991503207E-14,0.,1.));
#4067=DIRECTION('',(0.,1.,0.));
#4068=DIRECTION('',(0.,-1.,0.));
#4069=DIRECTION('',(0.,1.,0.));
#4070=DIRECTION('center_axis',(0.,-1.,0.));
#4071=DIRECTION('ref_axis',(9.59232693276135E-14,0.,1.));
#4072=DIRECTION('',(0.,1.,0.));
#4073=DIRECTION('center_axis',(0.,1.,0.));
#4074=DIRECTION('ref_axis',(0.,0.,1.));
#4075=DIRECTION('center_axis',(0.,1.,0.));
#4076=DIRECTION('ref_axis',(0.,0.,1.));
#4077=DIRECTION('',(0.,1.,0.));
#4078=DIRECTION('center_axis',(0.,1.,0.));
#4079=DIRECTION('ref_axis',(0.,0.,1.));
#4080=DIRECTION('',(0.,-1.,0.));
#4081=DIRECTION('center_axis',(0.,1.,0.));
#4082=DIRECTION('ref_axis',(0.,0.,1.));
#4083=DIRECTION('',(0.,-1.,0.));
#4084=DIRECTION('',(0.,-1.,0.));
#4085=DIRECTION('center_axis',(0.,1.,0.));
#4086=DIRECTION('ref_axis',(0.,0.,1.));
#4087=DIRECTION('',(0.,-1.,0.));
#4088=DIRECTION('center_axis',(0.,1.,0.));
#4089=DIRECTION('ref_axis',(0.,0.,1.));
#4090=DIRECTION('center_axis',(0.,1.,0.));
#4091=DIRECTION('ref_axis',(0.,0.,1.));
#4092=DIRECTION('',(-0.195090322016136,0.,-0.980785280403229));
#4093=DIRECTION('',(0.195090322016129,0.,0.98078528040323));
#4094=DIRECTION('center_axis',(0.,1.,0.));
#4095=DIRECTION('ref_axis',(0.,0.,1.));
#4096=DIRECTION('center_axis',(0.,-1.,0.));
#4097=DIRECTION('ref_axis',(-0.98078528040323,0.,0.195090322016133));
#4098=DIRECTION('',(-0.137955732258777,0.707075806395307,-0.693550300949665));
#4099=DIRECTION('',(0.137955732258769,0.707075806395304,0.69355030094967));
#4100=DIRECTION('center_axis',(0.,1.,0.));
#4101=DIRECTION('ref_axis',(0.,0.,1.));
#4102=DIRECTION('',(0.195090322016129,0.,0.98078528040323));
#4103=DIRECTION('center_axis',(0.,-1.,0.));
#4104=DIRECTION('ref_axis',(1.77635683940025E-15,0.,1.));
#4105=DIRECTION('',(-0.195090322016136,0.,-0.980785280403229));
#4106=DIRECTION('center_axis',(0.,-1.,0.));
#4107=DIRECTION('ref_axis',(0.,0.,-1.));
#4108=DIRECTION('center_axis',(0.,1.,0.));
#4109=DIRECTION('ref_axis',(0.,0.,1.));
#4110=DIRECTION('center_axis',(-0.98078528040323,0.,0.195090322016129));
#4111=DIRECTION('ref_axis',(0.195090322016129,0.,0.98078528040323));
#4112=DIRECTION('',(0.195090322016129,0.,0.98078528040323));
#4113=DIRECTION('center_axis',(-0.98078528040323,0.,0.195090322016129));
#4114=DIRECTION('ref_axis',(0.195090322016129,0.,0.98078528040323));
#4115=DIRECTION('',(-0.137959128378489,0.707058396506183,-0.693567374396427));
#4116=DIRECTION('',(0.195090322016129,0.,0.98078528040323));
#4117=DIRECTION('center_axis',(0.,1.,0.));
#4118=DIRECTION('ref_axis',(0.,0.,1.));
#4119=DIRECTION('center_axis',(0.980785280403229,0.,-0.195090322016136));
#4120=DIRECTION('ref_axis',(-0.195090322016136,0.,-0.980785280403229));
#4121=DIRECTION('',(-0.13795912837849,-0.707058396506211,-0.693567374396398));
#4122=DIRECTION('',(-0.195090322016136,0.,-0.980785280403229));
#4123=DIRECTION('center_axis',(0.980785280403229,0.,-0.195090322016136));
#4124=DIRECTION('ref_axis',(-0.195090322016136,0.,-0.980785280403229));
#4125=DIRECTION('',(-0.195090322016136,0.,-0.980785280403229));
#4126=DIRECTION('center_axis',(0.,1.,0.));
#4127=DIRECTION('ref_axis',(-6.98296267768627E-15,0.,-1.));
#4128=DIRECTION('center_axis',(0.,1.,0.));
#4129=DIRECTION('ref_axis',(0.98078528040323,0.,-0.195090322016132));
#4130=DIRECTION('axis',(0.,0.,1.));
#4131=DIRECTION('refdir',(1.,0.,0.));
#4132=DIRECTION('center_axis',(0.,-1.,0.));
#4133=DIRECTION('ref_axis',(0.,0.,-1.));
#4134=DIRECTION('center_axis',(0.,-1.,0.));
#4135=DIRECTION('ref_axis',(0.,0.,-1.));
#4136=DIRECTION('center_axis',(0.,-1.,0.));
#4137=DIRECTION('ref_axis',(0.,0.,-1.));
#4138=DIRECTION('',(-8.65956056235503E-17,-0.707106781186539,0.707106781186556));
#4139=DIRECTION('center_axis',(0.,1.,0.));
#4140=DIRECTION('ref_axis',(0.,0.,-1.));
#4141=DIRECTION('center_axis',(0.,1.,0.));
#4142=DIRECTION('ref_axis',(0.,0.,1.));
#4143=DIRECTION('center_axis',(0.,1.,0.));
#4144=DIRECTION('ref_axis',(0.,0.,1.));
#4145=DIRECTION('',(-8.65956056235543E-17,0.707106781186507,-0.707106781186588));
#4146=DIRECTION('center_axis',(0.,-1.,0.));
#4147=DIRECTION('ref_axis',(0.,0.,1.));
#4148=DIRECTION('center_axis',(0.,1.,0.));
#4149=DIRECTION('ref_axis',(0.,0.,1.));
#4150=DIRECTION('',(0.,1.,0.));
#4151=DIRECTION('center_axis',(0.,1.,0.));
#4152=DIRECTION('ref_axis',(0.,0.,1.));
#4153=DIRECTION('center_axis',(0.,1.,0.));
#4154=DIRECTION('ref_axis',(0.,0.,1.));
#4155=DIRECTION('center_axis',(0.,-1.,0.));
#4156=DIRECTION('ref_axis',(0.,0.,1.));
#4157=DIRECTION('',(0.,1.,0.));
#4158=DIRECTION('center_axis',(0.,1.,0.));
#4159=DIRECTION('ref_axis',(0.,0.,1.));
#4160=DIRECTION('center_axis',(0.,1.,0.));
#4161=DIRECTION('ref_axis',(0.,0.,-1.));
#4162=DIRECTION('',(8.65956056235478E-17,-0.70710678118656,0.707106781186535));
#4163=DIRECTION('center_axis',(0.,-1.,0.));
#4164=DIRECTION('ref_axis',(0.,0.,-1.));
#4165=DIRECTION('center_axis',(0.,1.,0.));
#4166=DIRECTION('ref_axis',(0.,0.,1.));
#4167=DIRECTION('center_axis',(0.,1.,0.));
#4168=DIRECTION('ref_axis',(0.,0.,1.));
#4169=DIRECTION('',(-4.18853873767696E-17,0.939692620785909,-0.342020143325667));
#4170=DIRECTION('center_axis',(0.,1.,0.));
#4171=DIRECTION('ref_axis',(0.,0.,1.));
#4172=DIRECTION('center_axis',(0.,1.,0.));
#4173=DIRECTION('ref_axis',(0.,0.,1.));
#4174=DIRECTION('center_axis',(0.,-1.,0.));
#4175=DIRECTION('ref_axis',(0.,0.,-1.));
#4176=DIRECTION('center_axis',(0.,1.,0.));
#4177=DIRECTION('ref_axis',(0.,0.,1.));
#4178=DIRECTION('',(1.15079156022785E-16,0.342020143325669,-0.939692620785908));
#4179=DIRECTION('center_axis',(0.,1.,0.));
#4180=DIRECTION('ref_axis',(0.,0.,1.));
#4181=DIRECTION('center_axis',(0.,1.,0.));
#4182=DIRECTION('ref_axis',(0.,0.,1.));
#4183=DIRECTION('',(0.,-1.,0.));
#4184=DIRECTION('center_axis',(0.,-1.,0.));
#4185=DIRECTION('ref_axis',(0.,0.,-1.));
#4186=DIRECTION('center_axis',(0.,1.,0.));
#4187=DIRECTION('ref_axis',(0.,0.,1.));
#4188=DIRECTION('center_axis',(0.,1.,0.));
#4189=DIRECTION('ref_axis',(0.,0.,1.));
#4190=DIRECTION('',(0.,0.,1.));
#4191=DIRECTION('',(1.,0.,0.));
#4192=DIRECTION('',(-0.236954659762057,0.,0.971520709618198));
#4193=DIRECTION('',(0.971520709618198,0.,0.236954659762057));
#4194=DIRECTION('',(0.,0.,1.));
#4195=DIRECTION('',(1.,0.,0.));
#4196=DIRECTION('',(0.,1.,0.));
#4197=DIRECTION('',(0.,0.,-1.));
#4198=DIRECTION('',(0.,-0.880236789887423,0.474534712880612));
#4199=DIRECTION('',(0.,-0.474534712880612,-0.880236789887423));
#4200=CARTESIAN_POINT('',(0.,0.,0.));
#4201=CARTESIAN_POINT('',(0.,0.,0.));
#4202=CARTESIAN_POINT('Origin',(123.9,0.,0.));
#4203=CARTESIAN_POINT('',(123.9,-5.97627637983908E-15,-48.8));
#4204=CARTESIAN_POINT('Origin',(123.9,0.,0.));
#4205=CARTESIAN_POINT('',(-123.9,-5.97627637983908E-15,-48.8));
#4206=CARTESIAN_POINT('',(123.9,-5.97627637983908E-15,-48.8));
#4207=CARTESIAN_POINT('Origin',(-123.9,0.,0.));
#4208=CARTESIAN_POINT('Origin',(123.9,0.,0.));
#4209=CARTESIAN_POINT('',(-123.9,-6.22120573966855E-15,-50.8));
#4210=CARTESIAN_POINT('Origin',(-123.9,0.,0.));
#4211=CARTESIAN_POINT('',(123.9,-6.22120573966855E-15,-50.8));
#4212=CARTESIAN_POINT('',(123.9,-6.22120573966855E-15,-50.8));
#4213=CARTESIAN_POINT('Origin',(123.9,0.,0.));
#4214=CARTESIAN_POINT('Origin',(123.9,0.,0.));
#4215=CARTESIAN_POINT('Origin',(-123.9,0.,0.));
#4216=CARTESIAN_POINT('',(0.,0.,0.));
#4217=CARTESIAN_POINT('Origin',(0.,-2.,0.));
#4218=CARTESIAN_POINT('',(-6.02526225180498E-15,-2.,-49.2));
#4219=CARTESIAN_POINT('Origin',(0.,-2.,0.));
#4220=CARTESIAN_POINT('',(-6.12323399573676E-15,-1.2,-50.));
#4221=CARTESIAN_POINT('',(-6.02526225180498E-15,-2.,-49.2));
#4222=CARTESIAN_POINT('Origin',(0.,-1.2,0.));
#4223=CARTESIAN_POINT('Origin',(0.,-19.9,0.));
#4224=CARTESIAN_POINT('',(6.23957544165576E-15,-19.1,-50.95));
#4225=CARTESIAN_POINT('',(-6.23957544165576E-15,-19.1,50.95));
#4226=CARTESIAN_POINT('Origin',(0.,-19.1,0.));
#4227=CARTESIAN_POINT('Origin',(0.,-19.1,0.));
#4228=CARTESIAN_POINT('',(-6.33754718558755E-15,-19.9,51.75));
#4229=CARTESIAN_POINT('',(-6.33754718558755E-15,-19.9,51.75));
#4230=CARTESIAN_POINT('Origin',(0.,-19.9,0.));
#4231=CARTESIAN_POINT('Origin',(46.068006794303,-19.9,-46.0680067943041));
#4232=CARTESIAN_POINT('',(46.068006794303,-19.4,-50.2680067943041));
#4233=CARTESIAN_POINT('',(46.068006794303,-19.4,-41.8680067943041));
#4234=CARTESIAN_POINT('Origin',(46.068006794303,-19.4,-46.0680067943041));
#4235=CARTESIAN_POINT('Origin',(46.068006794303,-19.4,-46.0680067943041));
#4236=CARTESIAN_POINT('',(46.068006794303,-19.9,-41.3680067943042));
#4237=CARTESIAN_POINT('',(46.068006794303,-19.9,-41.3680067943042));
#4238=CARTESIAN_POINT('Origin',(46.068006794303,-19.9,-46.0680067943041));
#4239=CARTESIAN_POINT('Origin',(46.068006794303,-0.500000000000056,-46.0680067943041));
#4240=CARTESIAN_POINT('',(46.068006794303,-0.500000000000056,-50.2680067943041));
#4241=CARTESIAN_POINT('Origin',(46.068006794303,-0.500000000000056,-46.0680067943041));
#4242=CARTESIAN_POINT('',(46.068006794303,-4.85722573273506E-16,-50.7680067943042));
#4243=CARTESIAN_POINT('',(46.068006794303,-0.500000000000056,-50.2680067943041));
#4244=CARTESIAN_POINT('Origin',(46.068006794303,-9.64241131330614E-16,-46.0680067943041));
#4245=CARTESIAN_POINT('Origin',(60.1907515431101,-19.9,-24.9318256185863));
#4246=CARTESIAN_POINT('',(60.1907515431101,-19.4,-29.1318256185863));
#4247=CARTESIAN_POINT('',(60.1907515431101,-19.4,-20.7318256185863));
#4248=CARTESIAN_POINT('Origin',(60.1907515431101,-19.4,-24.9318256185863));
#4249=CARTESIAN_POINT('Origin',(60.1907515431101,-19.4,-24.9318256185863));
#4250=CARTESIAN_POINT('',(60.1907515431101,-19.9,-20.2318256185863));
#4251=CARTESIAN_POINT('',(60.1907515431101,-19.9,-20.2318256185863));
#4252=CARTESIAN_POINT('Origin',(60.1907515431101,-19.9,-24.9318256185863));
#4253=CARTESIAN_POINT('Origin',(60.1907515431101,-0.500000000000028,-24.9318256185863));
#4254=CARTESIAN_POINT('',(60.1907515431101,-0.500000000000029,-29.1318256185863));
#4255=CARTESIAN_POINT('Origin',(60.1907515431101,-0.500000000000028,-24.9318256185863));
#4256=CARTESIAN_POINT('',(60.1907515431101,5.55111512312578E-16,-29.6318256185863));
#4257=CARTESIAN_POINT('',(60.1907515431101,-0.500000000000028,-29.1318256185863));
#4258=CARTESIAN_POINT('Origin',(60.1907515431101,-9.64241131330614E-16,
-24.9318256185863));
#4259=CARTESIAN_POINT('Origin',(65.15,-19.9,-6.8241002767689E-13));
#4260=CARTESIAN_POINT('',(65.15,-19.4,-4.20000000000068));
#4261=CARTESIAN_POINT('',(65.15,-19.4,4.19999999999932));
#4262=CARTESIAN_POINT('Origin',(65.15,-19.4,-6.8241002767689E-13));
#4263=CARTESIAN_POINT('Origin',(65.15,-19.4,-6.8241002767689E-13));
#4264=CARTESIAN_POINT('',(65.15,-19.9,4.69999999999927));
#4265=CARTESIAN_POINT('',(65.15,-19.9,4.69999999999927));
#4266=CARTESIAN_POINT('Origin',(65.15,-19.9,-6.8241002767689E-13));
#4267=CARTESIAN_POINT('Origin',(65.15,-0.500000000000028,-6.8241002767689E-13));
#4268=CARTESIAN_POINT('',(65.15,-0.500000000000028,-4.20000000000068));
#4269=CARTESIAN_POINT('Origin',(65.15,-0.500000000000028,-6.8241002767689E-13));
#4270=CARTESIAN_POINT('',(65.15,-6.93889390390723E-17,-4.70000000000069));
#4271=CARTESIAN_POINT('',(65.15,-0.500000000000028,-4.20000000000068));
#4272=CARTESIAN_POINT('Origin',(65.15,-9.64241131330614E-16,-6.8241002767689E-13));
#4273=CARTESIAN_POINT('Origin',(60.1907515431106,-19.9,24.931825618585));
#4274=CARTESIAN_POINT('',(60.1907515431106,-19.4,20.731825618585));
#4275=CARTESIAN_POINT('',(60.1907515431106,-19.4,29.131825618585));
#4276=CARTESIAN_POINT('Origin',(60.1907515431106,-19.4,24.931825618585));
#4277=CARTESIAN_POINT('Origin',(60.1907515431106,-19.4,24.931825618585));
#4278=CARTESIAN_POINT('',(60.1907515431106,-19.9,29.6318256185849));
#4279=CARTESIAN_POINT('',(60.1907515431106,-19.9,29.6318256185849));
#4280=CARTESIAN_POINT('Origin',(60.1907515431106,-19.9,24.931825618585));
#4281=CARTESIAN_POINT('Origin',(60.1907515431106,-0.500000000000028,24.931825618585));
#4282=CARTESIAN_POINT('',(60.1907515431106,-0.500000000000029,20.731825618585));
#4283=CARTESIAN_POINT('Origin',(60.1907515431106,-0.500000000000028,24.931825618585));
#4284=CARTESIAN_POINT('',(60.1907515431106,1.04083408558608E-15,20.231825618585));
#4285=CARTESIAN_POINT('',(60.1907515431106,-0.500000000000028,20.731825618585));
#4286=CARTESIAN_POINT('Origin',(60.1907515431106,-9.64241131330614E-16,
24.931825618585));
#4287=CARTESIAN_POINT('Origin',(46.068006794304,-19.9,46.0680067943032));
#4288=CARTESIAN_POINT('',(46.068006794304,-19.4,41.8680067943032));
#4289=CARTESIAN_POINT('',(46.068006794304,-19.4,50.2680067943032));
#4290=CARTESIAN_POINT('Origin',(46.068006794304,-19.4,46.0680067943032));
#4291=CARTESIAN_POINT('Origin',(46.068006794304,-19.4,46.0680067943032));
#4292=CARTESIAN_POINT('',(46.068006794304,-19.9,50.7680067943031));
#4293=CARTESIAN_POINT('',(46.068006794304,-19.9,50.7680067943031));
#4294=CARTESIAN_POINT('Origin',(46.068006794304,-19.9,46.0680067943032));
#4295=CARTESIAN_POINT('Origin',(46.068006794304,-0.500000000000028,46.0680067943032));
#4296=CARTESIAN_POINT('',(46.068006794304,-0.500000000000029,41.8680067943032));
#4297=CARTESIAN_POINT('Origin',(46.068006794304,-0.500000000000028,46.0680067943032));
#4298=CARTESIAN_POINT('',(46.068006794304,2.70616862252382E-15,41.3680067943031));
#4299=CARTESIAN_POINT('',(46.068006794304,-0.500000000000028,41.8680067943032));
#4300=CARTESIAN_POINT('Origin',(46.068006794304,-9.64241131330614E-16,46.0680067943032));
#4301=CARTESIAN_POINT('Origin',(24.9318256185861,-19.9,60.1907515431101));
#4302=CARTESIAN_POINT('',(24.9318256185861,-19.4,55.9907515431101));
#4303=CARTESIAN_POINT('',(24.9318256185861,-19.4,64.3907515431101));
#4304=CARTESIAN_POINT('Origin',(24.9318256185861,-19.4,60.1907515431101));
#4305=CARTESIAN_POINT('Origin',(24.9318256185861,-19.4,60.1907515431101));
#4306=CARTESIAN_POINT('',(24.9318256185861,-19.9,64.8907515431101));
#4307=CARTESIAN_POINT('',(24.9318256185861,-19.9,64.8907515431101));
#4308=CARTESIAN_POINT('Origin',(24.9318256185861,-19.9,60.1907515431101));
#4309=CARTESIAN_POINT('Origin',(24.9318256185861,-0.499999999999973,60.1907515431101));
#4310=CARTESIAN_POINT('',(24.9318256185861,-0.499999999999974,55.9907515431101));
#4311=CARTESIAN_POINT('Origin',(24.9318256185861,-0.499999999999973,60.1907515431101));
#4312=CARTESIAN_POINT('',(24.9318256185861,-8.32667268468867E-16,55.4907515431102));
#4313=CARTESIAN_POINT('',(24.9318256185861,-0.499999999999973,55.9907515431101));
#4314=CARTESIAN_POINT('Origin',(24.9318256185861,-9.64241131330614E-16,
60.1907515431101));
#4315=CARTESIAN_POINT('Origin',(4.5494001845126E-13,-19.9,65.15));
#4316=CARTESIAN_POINT('',(4.55454370106902E-13,-19.4,60.95));
#4317=CARTESIAN_POINT('',(4.54425666795618E-13,-19.4,69.35));
#4318=CARTESIAN_POINT('Origin',(4.5494001845126E-13,-19.4,65.15));
#4319=CARTESIAN_POINT('Origin',(4.5494001845126E-13,-19.4,65.15));
#4320=CARTESIAN_POINT('',(4.54364434455661E-13,-19.9,69.85));
#4321=CARTESIAN_POINT('',(4.54364434455661E-13,-19.9,69.85));
#4322=CARTESIAN_POINT('Origin',(4.5494001845126E-13,-19.9,65.15));
#4323=CARTESIAN_POINT('Origin',(4.5494001845126E-13,-0.500000000000028,
65.15));
#4324=CARTESIAN_POINT('',(4.54425666795618E-13,-0.500000000000029,60.95));
#4325=CARTESIAN_POINT('Origin',(4.5494001845126E-13,-0.500000000000028,
65.15));
#4326=CARTESIAN_POINT('',(4.54364434455661E-13,1.17961196366423E-15,60.45));
#4327=CARTESIAN_POINT('',(4.54425666795618E-13,-0.500000000000028,60.95));
#4328=CARTESIAN_POINT('Origin',(4.5494001845126E-13,-9.64241131330614E-16,
65.15));
#4329=CARTESIAN_POINT('Origin',(-24.9318256185852,-19.9,60.1907515431105));
#4330=CARTESIAN_POINT('',(-24.9318256185852,-19.4,55.9907515431105));
#4331=CARTESIAN_POINT('',(-24.9318256185852,-19.4,64.3907515431105));
#4332=CARTESIAN_POINT('Origin',(-24.9318256185852,-19.4,60.1907515431105));
#4333=CARTESIAN_POINT('Origin',(-24.9318256185852,-19.4,60.1907515431105));
#4334=CARTESIAN_POINT('',(-24.9318256185852,-19.9,64.8907515431104));
#4335=CARTESIAN_POINT('',(-24.9318256185852,-19.9,64.8907515431104));
#4336=CARTESIAN_POINT('Origin',(-24.9318256185852,-19.9,60.1907515431105));
#4337=CARTESIAN_POINT('Origin',(-24.9318256185852,-0.499999999999973,60.1907515431105));
#4338=CARTESIAN_POINT('',(-24.9318256185852,-0.499999999999974,55.9907515431105));
#4339=CARTESIAN_POINT('Origin',(-24.9318256185852,-0.499999999999973,60.1907515431105));
#4340=CARTESIAN_POINT('',(-24.9318256185852,-3.7470027081099E-15,55.4907515431105));
#4341=CARTESIAN_POINT('',(-24.9318256185852,-0.499999999999973,55.9907515431105));
#4342=CARTESIAN_POINT('Origin',(-24.9318256185852,-9.64241131330614E-16,
60.1907515431105));
#4343=CARTESIAN_POINT('Origin',(-46.0680067943033,-19.9,46.0680067943038));
#4344=CARTESIAN_POINT('',(-46.0680067943033,-19.4,41.8680067943038));
#4345=CARTESIAN_POINT('',(-46.0680067943033,-19.4,50.2680067943038));
#4346=CARTESIAN_POINT('Origin',(-46.0680067943033,-19.4,46.0680067943038));
#4347=CARTESIAN_POINT('Origin',(-46.0680067943033,-19.4,46.0680067943038));
#4348=CARTESIAN_POINT('',(-46.0680067943033,-19.9,50.7680067943038));
#4349=CARTESIAN_POINT('',(-46.0680067943033,-19.9,50.7680067943038));
#4350=CARTESIAN_POINT('Origin',(-46.0680067943033,-19.9,46.0680067943038));
#4351=CARTESIAN_POINT('Origin',(-46.0680067943033,-0.499999999999973,46.0680067943038));
#4352=CARTESIAN_POINT('',(-46.0680067943033,-0.499999999999973,41.8680067943038));
#4353=CARTESIAN_POINT('Origin',(-46.0680067943033,-0.499999999999973,46.0680067943038));
#4354=CARTESIAN_POINT('',(-46.0680067943033,-1.80411241501588E-15,41.3680067943038));
#4355=CARTESIAN_POINT('',(-46.0680067943033,-0.499999999999973,41.8680067943038));
#4356=CARTESIAN_POINT('Origin',(-46.0680067943033,-9.64241131330614E-16,
46.0680067943038));
#4357=CARTESIAN_POINT('Origin',(-60.1907515431102,-19.9,24.9318256185859));
#4358=CARTESIAN_POINT('',(-60.1907515431102,-19.4,20.7318256185859));
#4359=CARTESIAN_POINT('',(-60.1907515431102,-19.4,29.1318256185859));
#4360=CARTESIAN_POINT('Origin',(-60.1907515431102,-19.4,24.9318256185859));
#4361=CARTESIAN_POINT('Origin',(-60.1907515431102,-19.4,24.9318256185859));
#4362=CARTESIAN_POINT('',(-60.1907515431102,-19.9,29.6318256185858));
#4363=CARTESIAN_POINT('',(-60.1907515431102,-19.9,29.6318256185858));
#4364=CARTESIAN_POINT('Origin',(-60.1907515431102,-19.9,24.9318256185859));
#4365=CARTESIAN_POINT('Origin',(-60.1907515431102,-0.499999999999973,24.9318256185859));
#4366=CARTESIAN_POINT('',(-60.1907515431102,-0.499999999999973,20.7318256185859));
#4367=CARTESIAN_POINT('Origin',(-60.1907515431102,-0.499999999999973,24.9318256185859));
#4368=CARTESIAN_POINT('',(-60.1907515431102,-6.93889390390723E-17,20.2318256185859));
#4369=CARTESIAN_POINT('',(-60.1907515431102,-0.499999999999973,20.7318256185859));
#4370=CARTESIAN_POINT('Origin',(-60.1907515431102,-9.64241131330614E-16,
24.9318256185859));
#4371=CARTESIAN_POINT('Origin',(-65.15,-19.9,2.2747000922563E-13));
#4372=CARTESIAN_POINT('',(-65.15,-19.4,-4.19999999999977));
#4373=CARTESIAN_POINT('',(-65.15,-19.4,4.20000000000022));
#4374=CARTESIAN_POINT('Origin',(-65.15,-19.4,2.2747000922563E-13));
#4375=CARTESIAN_POINT('Origin',(-65.15,-19.4,2.2747000922563E-13));
#4376=CARTESIAN_POINT('',(-65.15,-19.9,4.70000000000018));
#4377=CARTESIAN_POINT('',(-65.15,-19.9,4.70000000000018));
#4378=CARTESIAN_POINT('Origin',(-65.15,-19.9,2.2747000922563E-13));
#4379=CARTESIAN_POINT('Origin',(-65.15,-0.500000000000028,2.2747000922563E-13));
#4380=CARTESIAN_POINT('',(-65.15,-0.500000000000028,-4.19999999999977));
#4381=CARTESIAN_POINT('Origin',(-65.15,-0.500000000000028,2.2747000922563E-13));
#4382=CARTESIAN_POINT('',(-65.15,-6.93889390390723E-17,-4.69999999999978));
#4383=CARTESIAN_POINT('',(-65.15,-0.500000000000028,-4.19999999999977));
#4384=CARTESIAN_POINT('Origin',(-65.15,-9.64241131330614E-16,2.2747000922563E-13));
#4385=CARTESIAN_POINT('Origin',(-60.1907515431104,-19.9,-24.9318256185854));
#4386=CARTESIAN_POINT('',(-60.1907515431104,-19.4,-29.1318256185854));
#4387=CARTESIAN_POINT('',(-60.1907515431104,-19.4,-20.7318256185854));
#4388=CARTESIAN_POINT('Origin',(-60.1907515431104,-19.4,-24.9318256185854));
#4389=CARTESIAN_POINT('Origin',(-60.1907515431104,-19.4,-24.9318256185854));
#4390=CARTESIAN_POINT('',(-60.1907515431104,-19.9,-20.2318256185854));
#4391=CARTESIAN_POINT('',(-60.1907515431104,-19.9,-20.2318256185854));
#4392=CARTESIAN_POINT('Origin',(-60.1907515431104,-19.9,-24.9318256185854));
#4393=CARTESIAN_POINT('Origin',(-60.1907515431104,-0.500000000000028,-24.9318256185854));
#4394=CARTESIAN_POINT('',(-60.1907515431104,-0.500000000000029,-29.1318256185854));
#4395=CARTESIAN_POINT('Origin',(-60.1907515431104,-0.500000000000028,-24.9318256185854));
#4396=CARTESIAN_POINT('',(-60.1907515431104,-2.15105711021124E-15,-29.6318256185855));
#4397=CARTESIAN_POINT('',(-60.1907515431104,-0.500000000000028,-29.1318256185854));
#4398=CARTESIAN_POINT('Origin',(-60.1907515431104,-9.64241131330614E-16,
-24.9318256185854));
#4399=CARTESIAN_POINT('Origin',(-24.9318256185857,-19.9,-60.1907515431103));
#4400=CARTESIAN_POINT('',(-24.9318256185857,-19.4,-64.3907515431103));
#4401=CARTESIAN_POINT('',(-24.9318256185857,-19.4,-55.9907515431103));
#4402=CARTESIAN_POINT('Origin',(-24.9318256185857,-19.4,-60.1907515431103));
#4403=CARTESIAN_POINT('Origin',(-24.9318256185857,-19.4,-60.1907515431103));
#4404=CARTESIAN_POINT('',(-24.9318256185857,-19.9,-55.4907515431103));
#4405=CARTESIAN_POINT('',(-24.9318256185857,-19.9,-55.4907515431103));
#4406=CARTESIAN_POINT('Origin',(-24.9318256185857,-19.9,-60.1907515431103));
#4407=CARTESIAN_POINT('Origin',(-24.9318256185857,-0.500000000000028,-60.1907515431103));
#4408=CARTESIAN_POINT('',(-24.9318256185857,-0.500000000000029,-64.3907515431103));
#4409=CARTESIAN_POINT('Origin',(-24.9318256185857,-0.500000000000028,-60.1907515431103));
#4410=CARTESIAN_POINT('',(-24.9318256185857,3.33066907387547E-15,-64.8907515431103));
#4411=CARTESIAN_POINT('',(-24.9318256185857,-0.500000000000028,-64.3907515431103));
#4412=CARTESIAN_POINT('Origin',(-24.9318256185857,-9.64241131330614E-16,
-60.1907515431103));
#4413=CARTESIAN_POINT('Origin',(0.,-19.9,-65.15));
#4414=CARTESIAN_POINT('',(5.14351655641888E-16,-19.4,-69.35));
#4415=CARTESIAN_POINT('',(-5.14351655641888E-16,-19.4,-60.95));
#4416=CARTESIAN_POINT('Origin',(0.,-19.4,-65.15));
#4417=CARTESIAN_POINT('Origin',(0.,-19.4,-65.15));
#4418=CARTESIAN_POINT('',(-5.7558399559925E-16,-19.9,-60.4500000000001));
#4419=CARTESIAN_POINT('',(-5.7558399559925E-16,-19.9,-60.4500000000001));
#4420=CARTESIAN_POINT('Origin',(0.,-19.9,-65.15));
#4421=CARTESIAN_POINT('Origin',(0.,-0.500000000000028,-65.15));
#4422=CARTESIAN_POINT('',(-5.14351655641888E-16,-0.500000000000029,-69.35));
#4423=CARTESIAN_POINT('Origin',(0.,-0.500000000000028,-65.15));
#4424=CARTESIAN_POINT('',(-5.75583995599257E-16,1.17961196366423E-15,-69.85));
#4425=CARTESIAN_POINT('',(-5.14351655641888E-16,-0.500000000000028,-69.35));
#4426=CARTESIAN_POINT('Origin',(0.,-9.64241131330614E-16,-65.15));
#4427=CARTESIAN_POINT('Origin',(24.9318256185848,-19.9,-60.1907515431107));
#4428=CARTESIAN_POINT('',(24.9318256185848,-19.4,-64.3907515431107));
#4429=CARTESIAN_POINT('',(24.9318256185848,-19.4,-55.9907515431107));
#4430=CARTESIAN_POINT('Origin',(24.9318256185848,-19.4,-60.1907515431107));
#4431=CARTESIAN_POINT('Origin',(24.9318256185848,-19.4,-60.1907515431107));
#4432=CARTESIAN_POINT('',(24.9318256185848,-19.9,-55.4907515431107));
#4433=CARTESIAN_POINT('',(24.9318256185848,-19.9,-55.4907515431107));
#4434=CARTESIAN_POINT('Origin',(24.9318256185848,-19.9,-60.1907515431107));
#4435=CARTESIAN_POINT('Origin',(24.9318256185848,-0.499999999999973,-60.1907515431107));
#4436=CARTESIAN_POINT('',(24.9318256185848,-0.499999999999973,-64.3907515431107));
#4437=CARTESIAN_POINT('Origin',(24.9318256185848,-0.499999999999973,-60.1907515431107));
#4438=CARTESIAN_POINT('',(24.9318256185848,3.81639164714898E-15,-64.8907515431106));
#4439=CARTESIAN_POINT('',(24.9318256185848,-0.499999999999973,-64.3907515431107));
#4440=CARTESIAN_POINT('Origin',(24.9318256185848,-9.64241131330614E-16,
-60.1907515431107));
#4441=CARTESIAN_POINT('Origin',(-46.0680067943036,-19.9,-46.0680067943035));
#4442=CARTESIAN_POINT('',(-46.0680067943036,-19.4,-50.2680067943035));
#4443=CARTESIAN_POINT('',(-46.0680067943036,-19.4,-41.8680067943035));
#4444=CARTESIAN_POINT('Origin',(-46.0680067943036,-19.4,-46.0680067943035));
#4445=CARTESIAN_POINT('Origin',(-46.0680067943036,-19.4,-46.0680067943035));
#4446=CARTESIAN_POINT('',(-46.0680067943036,-19.9,-41.3680067943035));
#4447=CARTESIAN_POINT('',(-46.0680067943036,-19.9,-41.3680067943035));
#4448=CARTESIAN_POINT('Origin',(-46.0680067943036,-19.9,-46.0680067943035));
#4449=CARTESIAN_POINT('Origin',(-46.0680067943036,-0.500000000000028,-46.0680067943035));
#4450=CARTESIAN_POINT('',(-46.0680067943036,-0.500000000000029,-50.2680067943035));
#4451=CARTESIAN_POINT('Origin',(-46.0680067943036,-0.500000000000028,-46.0680067943035));
#4452=CARTESIAN_POINT('',(-46.0680067943036,2.70616862252382E-15,-50.7680067943035));
#4453=CARTESIAN_POINT('',(-46.0680067943036,-0.500000000000028,-50.2680067943035));
#4454=CARTESIAN_POINT('Origin',(-46.0680067943036,-9.64241131330614E-16,
-46.0680067943035));
#4455=CARTESIAN_POINT('Origin',(0.,0.,0.));
#4456=CARTESIAN_POINT('',(15.6697910506319,0.,73.6515284867159));
#4457=CARTESIAN_POINT('',(-13.7082204898249,-9.64241131330614E-16,-74.0417091307483));
#4458=CARTESIAN_POINT('Origin',(0.,-9.64241131330614E-16,0.));
#4459=CARTESIAN_POINT('',(15.7673447577528,-0.500000000000063,74.1419640911283));
#4460=CARTESIAN_POINT('',(15.7673447577528,-0.500000000000063,74.1419640911283));
#4461=CARTESIAN_POINT('',(-9.28282273753694E-15,-0.500000000000056,-75.8));
#4462=CARTESIAN_POINT('Origin',(0.,-0.500000000000056,0.));
#4463=CARTESIAN_POINT('',(-13.8057741969459,-0.500000000000056,-74.5321447351607));
#4464=CARTESIAN_POINT('Origin',(0.,-0.500000000000056,0.));
#4465=CARTESIAN_POINT('',(-13.8057741969459,-0.500000000000056,-74.5321447351607));
#4466=CARTESIAN_POINT('Origin',(0.,-19.4,0.));
#4467=CARTESIAN_POINT('',(-9.28282273753694E-15,-19.4,-75.8));
#4468=CARTESIAN_POINT('Origin',(0.,-19.4,0.));
#4469=CARTESIAN_POINT('',(-9.22159039757957E-15,-19.9,-75.3));
#4470=CARTESIAN_POINT('',(-9.28282273753694E-15,-19.4,-75.8));
#4471=CARTESIAN_POINT('Origin',(0.,-19.9,0.));
#4472=CARTESIAN_POINT('Origin',(24.9318256185848,-19.9,-60.1907515431107));
#4473=CARTESIAN_POINT('',(24.9318256185848,-19.9,-64.3907515431107));
#4474=CARTESIAN_POINT('Origin',(46.068006794303,-19.9,-46.0680067943041));
#4475=CARTESIAN_POINT('',(46.068006794303,-19.9,-50.2680067943041));
#4476=CARTESIAN_POINT('Origin',(60.1907515431101,-19.9,-24.9318256185863));
#4477=CARTESIAN_POINT('',(60.1907515431101,-19.9,-29.1318256185863));
#4478=CARTESIAN_POINT('Origin',(65.15,-19.9,-6.8241002767689E-13));
#4479=CARTESIAN_POINT('',(65.15,-19.9,-4.20000000000068));
#4480=CARTESIAN_POINT('Origin',(60.1907515431106,-19.9,24.931825618585));
#4481=CARTESIAN_POINT('',(60.1907515431106,-19.9,20.731825618585));
#4482=CARTESIAN_POINT('Origin',(46.068006794304,-19.9,46.0680067943032));
#4483=CARTESIAN_POINT('',(46.068006794304,-19.9,41.8680067943032));
#4484=CARTESIAN_POINT('Origin',(24.9318256185861,-19.9,60.1907515431101));
#4485=CARTESIAN_POINT('',(24.9318256185861,-19.9,55.9907515431101));
#4486=CARTESIAN_POINT('Origin',(4.5494001845126E-13,-19.9,65.15));
#4487=CARTESIAN_POINT('',(4.54425666795618E-13,-19.9,60.95));
#4488=CARTESIAN_POINT('Origin',(-24.9318256185852,-19.9,60.1907515431105));
#4489=CARTESIAN_POINT('',(-24.9318256185852,-19.9,55.9907515431105));
#4490=CARTESIAN_POINT('Origin',(-46.0680067943033,-19.9,46.0680067943038));
#4491=CARTESIAN_POINT('',(-46.0680067943033,-19.9,41.8680067943038));
#4492=CARTESIAN_POINT('Origin',(-60.1907515431102,-19.9,24.9318256185859));
#4493=CARTESIAN_POINT('',(-60.1907515431102,-19.9,20.7318256185859));
#4494=CARTESIAN_POINT('Origin',(-65.15,-19.9,2.2747000922563E-13));
#4495=CARTESIAN_POINT('',(-65.15,-19.9,-4.19999999999977));
#4496=CARTESIAN_POINT('Origin',(-60.1907515431104,-19.9,-24.9318256185854));
#4497=CARTESIAN_POINT('',(-60.1907515431104,-19.9,-29.1318256185854));
#4498=CARTESIAN_POINT('Origin',(-46.0680067943036,-19.9,-46.0680067943035));
#4499=CARTESIAN_POINT('',(-46.0680067943036,-19.9,-50.2680067943035));
#4500=CARTESIAN_POINT('Origin',(-24.9318256185857,-19.9,-60.1907515431103));
#4501=CARTESIAN_POINT('',(-24.9318256185857,-19.9,-64.3907515431103));
#4502=CARTESIAN_POINT('Origin',(0.,-19.9,-65.15));
#4503=CARTESIAN_POINT('',(-5.14351655641888E-16,-19.9,-69.35));
#4504=CARTESIAN_POINT('Origin',(0.,19.7760692452302,0.));
#4505=CARTESIAN_POINT('',(-6.23957544165576E-15,-11.,-50.95));
#4506=CARTESIAN_POINT('',(-6.23957544165576E-15,19.7760692452302,-50.95));
#4507=CARTESIAN_POINT('Origin',(0.,-11.,0.));
#4508=CARTESIAN_POINT('Origin',(0.,19.7760692452302,0.));
#4509=CARTESIAN_POINT('',(13.8057741969464,-0.500000000000063,74.5321447351606));
#4510=CARTESIAN_POINT('',(-15.7673447577523,-0.500000000000056,-74.1419640911284));
#4511=CARTESIAN_POINT('Origin',(0.,-0.500000000000056,0.));
#4512=CARTESIAN_POINT('',(-15.7673447577523,-1.,-74.1419640911284));
#4513=CARTESIAN_POINT('',(-15.7673447577523,19.7760692452302,-74.1419640911284));
#4514=CARTESIAN_POINT('',(-13.8057741969458,-1.,-74.5321447351607));
#4515=CARTESIAN_POINT('Origin',(0.,-1.,0.));
#4516=CARTESIAN_POINT('',(-13.8057741969459,19.7760692452302,-74.5321447351607));
#4517=CARTESIAN_POINT('',(-9.28282273753694E-15,19.7760692452302,-75.8));
#4518=CARTESIAN_POINT('',(15.7673447577528,-1.,74.1419640911283));
#4519=CARTESIAN_POINT('',(15.7673447577528,19.7760692452302,74.1419640911283));
#4520=CARTESIAN_POINT('',(13.8057741969464,-1.,74.5321447351606));
#4521=CARTESIAN_POINT('Origin',(0.,-1.,0.));
#4522=CARTESIAN_POINT('',(13.8057741969464,19.7760692452302,74.5321447351606));
#4523=CARTESIAN_POINT('Origin',(0.,19.7760692452302,0.));
#4524=CARTESIAN_POINT('',(7.39074343285428E-15,-1.58271963251876,60.35));
#4525=CARTESIAN_POINT('',(-7.39074343285428E-15,-1.58271963251876,-60.35));
#4526=CARTESIAN_POINT('Origin',(0.,-1.58271963251876,0.));
#4527=CARTESIAN_POINT('Origin',(0.,-1.58271963251876,0.));
#4528=CARTESIAN_POINT('',(-7.39074343285428E-15,0.,-60.35));
#4529=CARTESIAN_POINT('',(-7.39074343285428E-15,19.7760692452302,-60.35));
#4530=CARTESIAN_POINT('',(-10.7912992181823,0.,-59.3773556263973));
#4531=CARTESIAN_POINT('Origin',(0.,0.,0.));
#4532=CARTESIAN_POINT('',(-10.7912992181823,-1.,-59.3773556263973));
#4533=CARTESIAN_POINT('',(-10.7912992181823,19.7760692452302,-59.3773556263973));
#4534=CARTESIAN_POINT('',(-12.7528697789887,-1.,-58.9871749823651));
#4535=CARTESIAN_POINT('Origin',(0.,-1.,0.));
#4536=CARTESIAN_POINT('',(-12.7528697789887,0.,-58.9871749823651));
#4537=CARTESIAN_POINT('',(-12.7528697789887,19.7760692452302,-58.9871749823651));
#4538=CARTESIAN_POINT('',(10.7912992181827,0.,59.3773556263973));
#4539=CARTESIAN_POINT('Origin',(0.,0.,0.));
#4540=CARTESIAN_POINT('',(10.7912992181827,-1.,59.3773556263973));
#4541=CARTESIAN_POINT('',(10.7912992181827,19.7760692452302,59.3773556263973));
#4542=CARTESIAN_POINT('',(12.7528697789891,-1.,58.987174982365));
#4543=CARTESIAN_POINT('Origin',(0.,-1.,0.));
#4544=CARTESIAN_POINT('',(12.7528697789891,0.,58.987174982365));
#4545=CARTESIAN_POINT('',(12.7528697789891,19.7760692452302,58.987174982365));
#4546=CARTESIAN_POINT('Origin',(0.,0.,0.));
#4547=CARTESIAN_POINT('Origin',(0.,-0.6,0.));
#4548=CARTESIAN_POINT('',(-7.06008879708449E-15,-0.599999999999998,57.65));
#4549=CARTESIAN_POINT('',(-7.06008879708449E-15,-0.6,57.65));
#4550=CARTESIAN_POINT('',(7.06008879708449E-15,-0.6,-57.65));
#4551=CARTESIAN_POINT('Origin',(0.,-0.6,0.));
#4552=CARTESIAN_POINT('Origin',(0.,-0.6,0.));
#4553=CARTESIAN_POINT('Origin',(0.,-1.2,0.));
#4554=CARTESIAN_POINT('',(-7.03334469814175E-15,-1.2,-57.4316178594403));
#4555=CARTESIAN_POINT('Origin',(0.,-1.2,0.));
#4556=CARTESIAN_POINT('',(-7.03334469814175E-15,-1.2,-57.4316178594403));
#4557=CARTESIAN_POINT('Origin',(0.,19.7760692452302,0.));
#4558=CARTESIAN_POINT('',(-6.02526225180498E-15,-11.,-49.2));
#4559=CARTESIAN_POINT('Origin',(0.,-11.,0.));
#4560=CARTESIAN_POINT('',(-6.02526225180498E-15,19.7760692452302,-49.2));
#4561=CARTESIAN_POINT('Origin',(-60.35,-9.64241131330614E-16,0.));
#4562=CARTESIAN_POINT('',(-15.6697910506314,0.,-73.651528486716));
#4563=CARTESIAN_POINT('',(13.7082204898254,-9.64241131330614E-16,74.0417091307482));
#4564=CARTESIAN_POINT('Origin',(0.,-9.64241131330614E-16,0.));
#4565=CARTESIAN_POINT('',(14.1593470837329,0.,76.3096756722473));
#4566=CARTESIAN_POINT('',(-16.1209176445388,0.,-75.9194950282151));
#4567=CARTESIAN_POINT('Origin',(0.,0.,0.));
#4568=CARTESIAN_POINT('',(13.8057741969464,-0.500000000000063,74.5321447351606));
#4569=CARTESIAN_POINT('',(-15.7673447577523,-0.500000000000056,-74.1419640911284));
#4570=CARTESIAN_POINT('Origin',(-49.2,-1.2,0.));
#4571=CARTESIAN_POINT('Origin',(-60.35,-9.64241131330614E-16,0.));
#4572=CARTESIAN_POINT('',(16.1209176445393,0.,75.919495028215));
#4573=CARTESIAN_POINT('',(-14.1593470837323,0.,-76.3096756722474));
#4574=CARTESIAN_POINT('Origin',(-75.8,-19.9,0.));
#4575=CARTESIAN_POINT('Origin',(-50.95,-11.,0.));
#4576=CARTESIAN_POINT('Origin',(-16.1209176445388,-1.,-75.9194950282151));
#4577=CARTESIAN_POINT('',(-16.1209176445388,-1.,-75.9194950282151));
#4578=CARTESIAN_POINT('Origin',(-14.1593470837323,-1.,-76.3096756722474));
#4579=CARTESIAN_POINT('',(-14.1593470837323,-1.,-76.3096756722474));
#4580=CARTESIAN_POINT('Origin',(-12.6116277480143,-1.,-58.2771033420991));
#4581=CARTESIAN_POINT('Origin',(16.1209176445393,-1.,75.919495028215));
#4582=CARTESIAN_POINT('',(16.1209176445393,-1.,75.919495028215));
#4583=CARTESIAN_POINT('Origin',(14.1593470837329,-1.,76.3096756722473));
#4584=CARTESIAN_POINT('',(14.1593470837329,-1.,76.3096756722473));
#4585=CARTESIAN_POINT('Origin',(12.6116277480147,-1.,58.277103342099));
#4586=CARTESIAN_POINT('',(0.,0.,0.));
#4587=CARTESIAN_POINT('',(0.,0.,0.));
#4588=CARTESIAN_POINT('Origin',(0.,-0.200000000000027,0.));
#4589=CARTESIAN_POINT('',(-12.7528697789887,-0.200000000000019,-58.9871749823651));
#4590=CARTESIAN_POINT('',(10.7912992181827,-0.20000000000003,59.3773556263973));
#4591=CARTESIAN_POINT('Origin',(0.,-0.200000000000027,0.));
#4592=CARTESIAN_POINT('',(-12.791893183296,0.,-59.1833588839561));
#4593=CARTESIAN_POINT('',(-12.791893183296,0.,-59.1833588839561));
#4594=CARTESIAN_POINT('',(10.8303226224899,0.,59.5735395279883));
#4595=CARTESIAN_POINT('Origin',(0.,-9.64241131330614E-16,0.));
#4596=CARTESIAN_POINT('',(10.7912992181827,-0.20000000000003,59.3773556263973));
#4597=CARTESIAN_POINT('Origin',(0.,-14.5,0.));
#4598=CARTESIAN_POINT('',(-6.73555739531044E-15,-14.5,-55.));
#4599=CARTESIAN_POINT('Origin',(0.,-14.5,0.));
#4600=CARTESIAN_POINT('',(-6.76005033129339E-15,-14.3,-55.2));
#4601=CARTESIAN_POINT('',(-6.73555739531044E-15,-14.5,-55.));
#4602=CARTESIAN_POINT('Origin',(0.,-14.3,0.));
#4603=CARTESIAN_POINT('Origin',(0.,-19.9,0.));
#4604=CARTESIAN_POINT('',(6.73555739531044E-15,-19.6,-55.));
#4605=CARTESIAN_POINT('',(-6.73555739531044E-15,-19.6,55.));
#4606=CARTESIAN_POINT('Origin',(0.,-19.6,0.));
#4607=CARTESIAN_POINT('Origin',(0.,-19.6,0.));
#4608=CARTESIAN_POINT('',(-6.77229679928486E-15,-19.9,55.3));
#4609=CARTESIAN_POINT('',(-6.77229679928486E-15,-19.9,55.3));
#4610=CARTESIAN_POINT('Origin',(0.,-19.9,0.));
#4611=CARTESIAN_POINT('Origin',(46.068006794303,-19.9,-46.0680067943041));
#4612=CARTESIAN_POINT('',(46.068006794303,-19.6000000000001,-50.2680067943041));
#4613=CARTESIAN_POINT('',(46.068006794303,-19.6000000000001,-41.8680067943041));
#4614=CARTESIAN_POINT('Origin',(46.068006794303,-19.6000000000001,-46.0680067943041));
#4615=CARTESIAN_POINT('Origin',(46.068006794303,-19.6000000000001,-46.0680067943041));
#4616=CARTESIAN_POINT('',(46.068006794303,-19.9,-41.5680067943042));
#4617=CARTESIAN_POINT('',(46.068006794303,-19.9,-41.5680067943042));
#4618=CARTESIAN_POINT('Origin',(46.068006794303,-19.9,-46.0680067943041));
#4619=CARTESIAN_POINT('Origin',(46.068006794303,-0.299999999999967,-46.0680067943041));
#4620=CARTESIAN_POINT('',(46.068006794303,-0.299999999999967,-50.2680067943041));
#4621=CARTESIAN_POINT('Origin',(46.068006794303,-0.299999999999967,-46.0680067943041));
#4622=CARTESIAN_POINT('',(46.068006794303,-2.08166817117217E-15,-50.5680067943041));
#4623=CARTESIAN_POINT('',(46.068006794303,-0.299999999999967,-50.2680067943041));
#4624=CARTESIAN_POINT('Origin',(46.068006794303,-9.64241131330614E-16,-46.0680067943041));
#4625=CARTESIAN_POINT('Origin',(60.1907515431101,-19.9,-24.9318256185863));
#4626=CARTESIAN_POINT('',(60.1907515431101,-19.6,-29.1318256185863));
#4627=CARTESIAN_POINT('',(60.1907515431101,-19.6,-20.7318256185863));
#4628=CARTESIAN_POINT('Origin',(60.1907515431101,-19.6,-24.9318256185863));
#4629=CARTESIAN_POINT('Origin',(60.1907515431101,-19.6,-24.9318256185863));
#4630=CARTESIAN_POINT('',(60.1907515431101,-19.9,-20.4318256185862));
#4631=CARTESIAN_POINT('',(60.1907515431101,-19.9,-20.4318256185862));
#4632=CARTESIAN_POINT('Origin',(60.1907515431101,-19.9,-24.9318256185863));
#4633=CARTESIAN_POINT('Origin',(60.1907515431101,-0.299999999999995,-24.9318256185863));
#4634=CARTESIAN_POINT('',(60.1907515431101,-0.299999999999995,-29.1318256185863));
#4635=CARTESIAN_POINT('Origin',(60.1907515431101,-0.299999999999995,-24.9318256185863));
#4636=CARTESIAN_POINT('',(60.1907515431101,-2.04697370165263E-15,-29.4318256185863));
#4637=CARTESIAN_POINT('',(60.1907515431101,-0.299999999999995,-29.1318256185863));
#4638=CARTESIAN_POINT('Origin',(60.1907515431101,-9.64241131330614E-16,
-24.9318256185863));
#4639=CARTESIAN_POINT('Origin',(65.15,-19.9,-6.8241002767689E-13));
#4640=CARTESIAN_POINT('',(65.15,-19.6,-4.20000000000068));
#4641=CARTESIAN_POINT('',(65.15,-19.6,4.19999999999932));
#4642=CARTESIAN_POINT('Origin',(65.15,-19.6,-6.8241002767689E-13));
#4643=CARTESIAN_POINT('Origin',(65.15,-19.6,-6.8241002767689E-13));
#4644=CARTESIAN_POINT('',(65.15,-19.9,4.49999999999932));
#4645=CARTESIAN_POINT('',(65.15,-19.9,4.49999999999932));
#4646=CARTESIAN_POINT('Origin',(65.15,-19.9,-6.8241002767689E-13));
#4647=CARTESIAN_POINT('Origin',(65.15,-0.30000000000005,-6.8241002767689E-13));
#4648=CARTESIAN_POINT('',(65.15,-0.300000000000051,-4.20000000000068));
#4649=CARTESIAN_POINT('Origin',(65.15,-0.30000000000005,-6.8241002767689E-13));
#4650=CARTESIAN_POINT('',(65.15,-2.42861286636753E-16,-4.50000000000071));
#4651=CARTESIAN_POINT('',(65.15,-0.30000000000005,-4.20000000000068));
#4652=CARTESIAN_POINT('Origin',(65.15,-9.64241131330614E-16,-6.8241002767689E-13));
#4653=CARTESIAN_POINT('Origin',(60.1907515431106,-19.9,24.931825618585));
#4654=CARTESIAN_POINT('',(60.1907515431106,-19.6,20.731825618585));
#4655=CARTESIAN_POINT('',(60.1907515431106,-19.6,29.131825618585));
#4656=CARTESIAN_POINT('Origin',(60.1907515431106,-19.6,24.931825618585));
#4657=CARTESIAN_POINT('Origin',(60.1907515431106,-19.6,24.931825618585));
#4658=CARTESIAN_POINT('',(60.1907515431106,-19.9,29.431825618585));
#4659=CARTESIAN_POINT('',(60.1907515431106,-19.9,29.431825618585));
#4660=CARTESIAN_POINT('Origin',(60.1907515431106,-19.9,24.931825618585));
#4661=CARTESIAN_POINT('Origin',(60.1907515431106,-0.299999999999995,24.931825618585));
#4662=CARTESIAN_POINT('',(60.1907515431106,-0.299999999999995,20.731825618585));
#4663=CARTESIAN_POINT('Origin',(60.1907515431106,-0.299999999999995,24.931825618585));
#4664=CARTESIAN_POINT('',(60.1907515431106,1.6306400674182E-15,20.431825618585));
#4665=CARTESIAN_POINT('',(60.1907515431106,-0.299999999999995,20.731825618585));
#4666=CARTESIAN_POINT('Origin',(60.1907515431106,-9.64241131330614E-16,
24.931825618585));
#4667=CARTESIAN_POINT('Origin',(46.068006794304,-19.9,46.0680067943032));
#4668=CARTESIAN_POINT('',(46.068006794304,-19.6,41.8680067943032));
#4669=CARTESIAN_POINT('',(46.068006794304,-19.6,50.2680067943032));
#4670=CARTESIAN_POINT('Origin',(46.068006794304,-19.6,46.0680067943032));
#4671=CARTESIAN_POINT('Origin',(46.068006794304,-19.6,46.0680067943032));
#4672=CARTESIAN_POINT('',(46.068006794304,-19.9,50.5680067943031));
#4673=CARTESIAN_POINT('',(46.068006794304,-19.9,50.5680067943031));
#4674=CARTESIAN_POINT('Origin',(46.068006794304,-19.9,46.0680067943032));
#4675=CARTESIAN_POINT('Origin',(46.068006794304,-0.30000000000005,46.0680067943032));
#4676=CARTESIAN_POINT('',(46.068006794304,-0.300000000000051,41.8680067943032));
#4677=CARTESIAN_POINT('Origin',(46.068006794304,-0.30000000000005,46.0680067943032));
#4678=CARTESIAN_POINT('',(46.068006794304,1.87350135405495E-15,41.5680067943031));
#4679=CARTESIAN_POINT('',(46.068006794304,-0.30000000000005,41.8680067943032));
#4680=CARTESIAN_POINT('Origin',(46.068006794304,-9.64241131330614E-16,46.0680067943032));
#4681=CARTESIAN_POINT('Origin',(24.9318256185861,-19.9,60.1907515431101));
#4682=CARTESIAN_POINT('',(24.9318256185861,-19.6,55.9907515431101));
#4683=CARTESIAN_POINT('',(24.9318256185861,-19.6,64.3907515431101));
#4684=CARTESIAN_POINT('Origin',(24.9318256185861,-19.6,60.1907515431101));
#4685=CARTESIAN_POINT('Origin',(24.9318256185861,-19.6,60.1907515431101));
#4686=CARTESIAN_POINT('',(24.9318256185861,-19.9,64.6907515431101));
#4687=CARTESIAN_POINT('',(24.9318256185861,-19.9,64.6907515431101));
#4688=CARTESIAN_POINT('Origin',(24.9318256185861,-19.9,60.1907515431101));
#4689=CARTESIAN_POINT('Origin',(24.9318256185861,-0.299999999999995,60.1907515431101));
#4690=CARTESIAN_POINT('',(24.9318256185861,-0.299999999999996,55.9907515431101));
#4691=CARTESIAN_POINT('Origin',(24.9318256185861,-0.299999999999995,60.1907515431101));
#4692=CARTESIAN_POINT('',(24.9318256185861,-2.91433543964104E-15,55.6907515431102));
#4693=CARTESIAN_POINT('',(24.9318256185861,-0.299999999999995,55.9907515431101));
#4694=CARTESIAN_POINT('Origin',(24.9318256185861,-9.64241131330614E-16,
60.1907515431101));
#4695=CARTESIAN_POINT('Origin',(4.5494001845126E-13,-19.9,65.15));
#4696=CARTESIAN_POINT('',(4.55454370106902E-13,-19.6,60.95));
#4697=CARTESIAN_POINT('',(4.54425666795618E-13,-19.6,69.35));
#4698=CARTESIAN_POINT('Origin',(4.5494001845126E-13,-19.6,65.15));
#4699=CARTESIAN_POINT('Origin',(4.5494001845126E-13,-19.6,65.15));
#4700=CARTESIAN_POINT('',(4.54388927391644E-13,-19.9,69.65));
#4701=CARTESIAN_POINT('',(4.54388927391644E-13,-19.9,69.65));
#4702=CARTESIAN_POINT('Origin',(4.5494001845126E-13,-19.9,65.15));
#4703=CARTESIAN_POINT('Origin',(4.5494001845126E-13,-0.30000000000005,65.15));
#4704=CARTESIAN_POINT('',(4.54425666795618E-13,-0.300000000000051,60.95));
#4705=CARTESIAN_POINT('Origin',(4.5494001845126E-13,-0.30000000000005,65.15));
#4706=CARTESIAN_POINT('',(4.54388927391644E-13,1.14491749414469E-15,60.65));
#4707=CARTESIAN_POINT('',(4.54425666795618E-13,-0.30000000000005,60.95));
#4708=CARTESIAN_POINT('Origin',(4.5494001845126E-13,-9.64241131330614E-16,
65.15));
#4709=CARTESIAN_POINT('Origin',(-24.9318256185852,-19.9,60.1907515431105));
#4710=CARTESIAN_POINT('',(-24.9318256185852,-19.6,55.9907515431105));
#4711=CARTESIAN_POINT('',(-24.9318256185852,-19.6,64.3907515431105));
#4712=CARTESIAN_POINT('Origin',(-24.9318256185852,-19.6,60.1907515431105));
#4713=CARTESIAN_POINT('Origin',(-24.9318256185852,-19.6,60.1907515431105));
#4714=CARTESIAN_POINT('',(-24.9318256185852,-19.9,64.6907515431105));
#4715=CARTESIAN_POINT('',(-24.9318256185852,-19.9,64.6907515431105));
#4716=CARTESIAN_POINT('Origin',(-24.9318256185852,-19.9,60.1907515431105));
#4717=CARTESIAN_POINT('Origin',(-24.9318256185852,-0.30000000000005,60.1907515431105));
#4718=CARTESIAN_POINT('',(-24.9318256185852,-0.300000000000052,55.9907515431105));
#4719=CARTESIAN_POINT('Origin',(-24.9318256185852,-0.30000000000005,60.1907515431105));
#4720=CARTESIAN_POINT('',(-24.9318256185852,-5.20417042793042E-16,55.6907515431104));
#4721=CARTESIAN_POINT('',(-24.9318256185852,-0.30000000000005,55.9907515431105));
#4722=CARTESIAN_POINT('Origin',(-24.9318256185852,-9.64241131330614E-16,
60.1907515431105));
#4723=CARTESIAN_POINT('Origin',(-46.0680067943033,-19.9,46.0680067943038));
#4724=CARTESIAN_POINT('',(-46.0680067943033,-19.6,41.8680067943038));
#4725=CARTESIAN_POINT('',(-46.0680067943033,-19.6,50.2680067943038));
#4726=CARTESIAN_POINT('Origin',(-46.0680067943033,-19.6,46.0680067943038));
#4727=CARTESIAN_POINT('Origin',(-46.0680067943033,-19.6,46.0680067943038));
#4728=CARTESIAN_POINT('',(-46.0680067943033,-19.9,50.5680067943038));
#4729=CARTESIAN_POINT('',(-46.0680067943033,-19.9,50.5680067943038));
#4730=CARTESIAN_POINT('Origin',(-46.0680067943033,-19.9,46.0680067943038));
#4731=CARTESIAN_POINT('Origin',(-46.0680067943033,-0.299999999999995,46.0680067943038));
#4732=CARTESIAN_POINT('',(-46.0680067943033,-0.299999999999995,41.8680067943038));
#4733=CARTESIAN_POINT('Origin',(-46.0680067943033,-0.299999999999995,46.0680067943038));
#4734=CARTESIAN_POINT('',(-46.0680067943033,1.73472347597681E-15,41.5680067943038));
#4735=CARTESIAN_POINT('',(-46.0680067943033,-0.299999999999995,41.8680067943038));
#4736=CARTESIAN_POINT('Origin',(-46.0680067943033,-9.64241131330614E-16,
46.0680067943038));
#4737=CARTESIAN_POINT('Origin',(-60.1907515431102,-19.9,24.9318256185859));
#4738=CARTESIAN_POINT('',(-60.1907515431102,-19.6,20.7318256185859));
#4739=CARTESIAN_POINT('',(-60.1907515431102,-19.6,29.1318256185859));
#4740=CARTESIAN_POINT('Origin',(-60.1907515431102,-19.6,24.9318256185859));
#4741=CARTESIAN_POINT('Origin',(-60.1907515431102,-19.6,24.9318256185859));
#4742=CARTESIAN_POINT('',(-60.1907515431102,-19.9,29.4318256185858));
#4743=CARTESIAN_POINT('',(-60.1907515431102,-19.9,29.4318256185858));
#4744=CARTESIAN_POINT('Origin',(-60.1907515431102,-19.9,24.9318256185859));
#4745=CARTESIAN_POINT('Origin',(-60.1907515431102,-0.299999999999995,24.9318256185859));
#4746=CARTESIAN_POINT('',(-60.1907515431102,-0.299999999999995,20.7318256185859));
#4747=CARTESIAN_POINT('Origin',(-60.1907515431102,-0.299999999999995,24.9318256185859));
#4748=CARTESIAN_POINT('',(-60.1907515431102,-1.14491749414469E-15,20.4318256185858));
#4749=CARTESIAN_POINT('',(-60.1907515431102,-0.299999999999995,20.7318256185859));
#4750=CARTESIAN_POINT('Origin',(-60.1907515431102,-9.64241131330614E-16,
24.9318256185859));
#4751=CARTESIAN_POINT('Origin',(-65.15,-19.9,2.2747000922563E-13));
#4752=CARTESIAN_POINT('',(-65.15,-19.6,-4.19999999999977));
#4753=CARTESIAN_POINT('',(-65.15,-19.6,4.20000000000022));
#4754=CARTESIAN_POINT('Origin',(-65.15,-19.6,2.2747000922563E-13));
#4755=CARTESIAN_POINT('Origin',(-65.15,-19.6,2.2747000922563E-13));
#4756=CARTESIAN_POINT('',(-65.15,-19.9,4.50000000000023));
#4757=CARTESIAN_POINT('',(-65.15,-19.9,4.50000000000023));
#4758=CARTESIAN_POINT('Origin',(-65.15,-19.9,2.2747000922563E-13));
#4759=CARTESIAN_POINT('Origin',(-65.15,-0.30000000000005,2.2747000922563E-13));
#4760=CARTESIAN_POINT('',(-65.15,-0.300000000000051,-4.19999999999977));
#4761=CARTESIAN_POINT('Origin',(-65.15,-0.30000000000005,2.2747000922563E-13));
#4762=CARTESIAN_POINT('',(-65.15,-2.42861286636753E-16,-4.4999999999998));
#4763=CARTESIAN_POINT('',(-65.15,-0.30000000000005,-4.19999999999977));
#4764=CARTESIAN_POINT('Origin',(-65.15,-9.64241131330614E-16,2.2747000922563E-13));
#4765=CARTESIAN_POINT('Origin',(-60.1907515431104,-19.9,-24.9318256185854));
#4766=CARTESIAN_POINT('',(-60.1907515431104,-19.6,-29.1318256185854));
#4767=CARTESIAN_POINT('',(-60.1907515431104,-19.6,-20.7318256185854));
#4768=CARTESIAN_POINT('Origin',(-60.1907515431104,-19.6,-24.9318256185854));
#4769=CARTESIAN_POINT('Origin',(-60.1907515431104,-19.6,-24.9318256185854));
#4770=CARTESIAN_POINT('',(-60.1907515431104,-19.9,-20.4318256185854));
#4771=CARTESIAN_POINT('',(-60.1907515431104,-19.9,-20.4318256185854));
#4772=CARTESIAN_POINT('Origin',(-60.1907515431104,-19.9,-24.9318256185854));
#4773=CARTESIAN_POINT('Origin',(-60.1907515431104,-0.299999999999995,-24.9318256185854));
#4774=CARTESIAN_POINT('',(-60.1907515431104,-0.299999999999995,-29.1318256185854));
#4775=CARTESIAN_POINT('Origin',(-60.1907515431104,-0.299999999999995,-24.9318256185854));
#4776=CARTESIAN_POINT('',(-60.1907515431104,-2.08166817117217E-16,-29.4318256185854));
#4777=CARTESIAN_POINT('',(-60.1907515431104,-0.299999999999995,-29.1318256185854));
#4778=CARTESIAN_POINT('Origin',(-60.1907515431104,-9.64241131330614E-16,
-24.9318256185854));
#4779=CARTESIAN_POINT('Origin',(-24.9318256185857,-19.9,-60.1907515431103));
#4780=CARTESIAN_POINT('',(-24.9318256185857,-19.6,-64.3907515431103));
#4781=CARTESIAN_POINT('',(-24.9318256185857,-19.6,-55.9907515431103));
#4782=CARTESIAN_POINT('Origin',(-24.9318256185857,-19.6,-60.1907515431103));
#4783=CARTESIAN_POINT('Origin',(-24.9318256185857,-19.6,-60.1907515431103));
#4784=CARTESIAN_POINT('',(-24.9318256185857,-19.9,-55.6907515431104));
#4785=CARTESIAN_POINT('',(-24.9318256185857,-19.9,-55.6907515431104));
#4786=CARTESIAN_POINT('Origin',(-24.9318256185857,-19.9,-60.1907515431103));
#4787=CARTESIAN_POINT('Origin',(-24.9318256185857,-0.30000000000005,-60.1907515431103));
#4788=CARTESIAN_POINT('',(-24.9318256185857,-0.300000000000051,-64.3907515431103));
#4789=CARTESIAN_POINT('Origin',(-24.9318256185857,-0.30000000000005,-60.1907515431103));
#4790=CARTESIAN_POINT('',(-24.9318256185857,1.38777878078145E-16,-64.6907515431104));
#4791=CARTESIAN_POINT('',(-24.9318256185857,-0.30000000000005,-64.3907515431103));
#4792=CARTESIAN_POINT('Origin',(-24.9318256185857,-9.64241131330614E-16,
-60.1907515431103));
#4793=CARTESIAN_POINT('Origin',(0.,-19.9,-65.15));
#4794=CARTESIAN_POINT('',(5.14351655641888E-16,-19.6,-69.35));
#4795=CARTESIAN_POINT('',(-5.14351655641888E-16,-19.6,-60.95));
#4796=CARTESIAN_POINT('Origin',(0.,-19.6,-65.15));
#4797=CARTESIAN_POINT('Origin',(0.,-19.6,-65.15));
#4798=CARTESIAN_POINT('',(-5.5109105961631E-16,-19.9,-60.65));
#4799=CARTESIAN_POINT('',(-5.51091059616309E-16,-19.9,-60.65));
#4800=CARTESIAN_POINT('Origin',(0.,-19.9,-65.15));
#4801=CARTESIAN_POINT('Origin',(0.,-0.30000000000005,-65.15));
#4802=CARTESIAN_POINT('',(-5.14351655641888E-16,-0.300000000000051,-69.35));
#4803=CARTESIAN_POINT('Origin',(0.,-0.30000000000005,-65.15));
#4804=CARTESIAN_POINT('',(-5.51091059616313E-16,1.14491749414469E-15,-69.65));
#4805=CARTESIAN_POINT('',(-5.14351655641888E-16,-0.30000000000005,-69.35));
#4806=CARTESIAN_POINT('Origin',(0.,-9.64241131330614E-16,-65.15));
#4807=CARTESIAN_POINT('Origin',(24.9318256185848,-19.9,-60.1907515431107));
#4808=CARTESIAN_POINT('',(24.9318256185848,-19.6,-64.3907515431107));
#4809=CARTESIAN_POINT('',(24.9318256185848,-19.6,-55.9907515431107));
#4810=CARTESIAN_POINT('Origin',(24.9318256185848,-19.6,-60.1907515431107));
#4811=CARTESIAN_POINT('Origin',(24.9318256185848,-19.6,-60.1907515431107));
#4812=CARTESIAN_POINT('',(24.9318256185848,-19.9,-55.6907515431107));
#4813=CARTESIAN_POINT('',(24.9318256185848,-19.9,-55.6907515431107));
#4814=CARTESIAN_POINT('Origin',(24.9318256185848,-19.9,-60.1907515431107));
#4815=CARTESIAN_POINT('Origin',(24.9318256185848,-0.299999999999995,-60.1907515431107));
#4816=CARTESIAN_POINT('',(24.9318256185848,-0.299999999999995,-64.3907515431107));
#4817=CARTESIAN_POINT('Origin',(24.9318256185848,-0.299999999999995,-60.1907515431107));
#4818=CARTESIAN_POINT('',(24.9318256185848,2.63677968348475E-15,-64.6907515431107));
#4819=CARTESIAN_POINT('',(24.9318256185848,-0.299999999999995,-64.3907515431107));
#4820=CARTESIAN_POINT('Origin',(24.9318256185848,-9.64241131330614E-16,
-60.1907515431107));
#4821=CARTESIAN_POINT('Origin',(-46.0680067943036,-19.9,-46.0680067943035));
#4822=CARTESIAN_POINT('',(-46.0680067943036,-19.6,-50.2680067943035));
#4823=CARTESIAN_POINT('',(-46.0680067943036,-19.6,-41.8680067943035));
#4824=CARTESIAN_POINT('Origin',(-46.0680067943036,-19.6,-46.0680067943035));
#4825=CARTESIAN_POINT('Origin',(-46.0680067943036,-19.6,-46.0680067943035));
#4826=CARTESIAN_POINT('',(-46.0680067943036,-19.9,-41.5680067943035));
#4827=CARTESIAN_POINT('',(-46.0680067943036,-19.9,-41.5680067943035));
#4828=CARTESIAN_POINT('Origin',(-46.0680067943036,-19.9,-46.0680067943035));
#4829=CARTESIAN_POINT('Origin',(-46.0680067943036,-0.30000000000005,-46.0680067943035));
#4830=CARTESIAN_POINT('',(-46.0680067943036,-0.300000000000051,-50.2680067943035));
#4831=CARTESIAN_POINT('Origin',(-46.0680067943036,-0.30000000000005,-46.0680067943035));
#4832=CARTESIAN_POINT('',(-46.0680067943036,-4.1286418728248E-15,-50.5680067943035));
#4833=CARTESIAN_POINT('',(-46.0680067943036,-0.30000000000005,-50.2680067943035));
#4834=CARTESIAN_POINT('Origin',(-46.0680067943036,-9.64241131330614E-16,
-46.0680067943035));
#4835=CARTESIAN_POINT('Origin',(0.,0.,0.));
#4836=CARTESIAN_POINT('',(15.6697910506319,0.,73.6515284867159));
#4837=CARTESIAN_POINT('',(-13.7082204898249,-9.64241131330614E-16,-74.0417091307483));
#4838=CARTESIAN_POINT('Origin',(0.,-9.64241131330614E-16,0.));
#4839=CARTESIAN_POINT('',(15.7673447577528,-0.500000000000063,74.1419640911283));
#4840=CARTESIAN_POINT('',(15.7673447577528,-0.500000000000063,74.1419640911283));
#4841=CARTESIAN_POINT('',(-9.28282273753694E-15,-0.500000000000056,-75.8));
#4842=CARTESIAN_POINT('Origin',(0.,-0.500000000000056,0.));
#4843=CARTESIAN_POINT('',(-13.8057741969459,-0.500000000000056,-74.5321447351607));
#4844=CARTESIAN_POINT('Origin',(0.,-0.500000000000056,0.));
#4845=CARTESIAN_POINT('',(-13.8057741969459,-0.500000000000056,-74.5321447351607));
#4846=CARTESIAN_POINT('Origin',(0.,-19.4,0.));
#4847=CARTESIAN_POINT('',(-9.28282273753694E-15,-19.4,-75.8));
#4848=CARTESIAN_POINT('Origin',(0.,-19.4,0.));
#4849=CARTESIAN_POINT('',(-9.22159039757957E-15,-19.9,-75.3));
#4850=CARTESIAN_POINT('',(-9.28282273753694E-15,-19.4,-75.8));
#4851=CARTESIAN_POINT('Origin',(0.,-19.9,0.));
#4852=CARTESIAN_POINT('Origin',(24.9318256185848,-19.9,-60.1907515431107));
#4853=CARTESIAN_POINT('',(24.9318256185848,-19.9,-64.3907515431107));
#4854=CARTESIAN_POINT('Origin',(46.068006794303,-19.9,-46.0680067943041));
#4855=CARTESIAN_POINT('',(46.068006794303,-19.9,-50.2680067943041));
#4856=CARTESIAN_POINT('Origin',(60.1907515431101,-19.9,-24.9318256185863));
#4857=CARTESIAN_POINT('',(60.1907515431101,-19.9,-29.1318256185863));
#4858=CARTESIAN_POINT('Origin',(65.15,-19.9,-6.8241002767689E-13));
#4859=CARTESIAN_POINT('',(65.15,-19.9,-4.20000000000068));
#4860=CARTESIAN_POINT('Origin',(60.1907515431106,-19.9,24.931825618585));
#4861=CARTESIAN_POINT('',(60.1907515431106,-19.9,20.731825618585));
#4862=CARTESIAN_POINT('Origin',(46.068006794304,-19.9,46.0680067943032));
#4863=CARTESIAN_POINT('',(46.068006794304,-19.9,41.8680067943032));
#4864=CARTESIAN_POINT('Origin',(24.9318256185861,-19.9,60.1907515431101));
#4865=CARTESIAN_POINT('',(24.9318256185861,-19.9,55.9907515431101));
#4866=CARTESIAN_POINT('Origin',(4.5494001845126E-13,-19.9,65.15));
#4867=CARTESIAN_POINT('',(4.54425666795618E-13,-19.9,60.95));
#4868=CARTESIAN_POINT('Origin',(-24.9318256185852,-19.9,60.1907515431105));
#4869=CARTESIAN_POINT('',(-24.9318256185852,-19.9,55.9907515431105));
#4870=CARTESIAN_POINT('Origin',(-46.0680067943033,-19.9,46.0680067943038));
#4871=CARTESIAN_POINT('',(-46.0680067943033,-19.9,41.8680067943038));
#4872=CARTESIAN_POINT('Origin',(-60.1907515431102,-19.9,24.9318256185859));
#4873=CARTESIAN_POINT('',(-60.1907515431102,-19.9,20.7318256185859));
#4874=CARTESIAN_POINT('Origin',(-65.15,-19.9,2.2747000922563E-13));
#4875=CARTESIAN_POINT('',(-65.15,-19.9,-4.19999999999977));
#4876=CARTESIAN_POINT('Origin',(-60.1907515431104,-19.9,-24.9318256185854));
#4877=CARTESIAN_POINT('',(-60.1907515431104,-19.9,-29.1318256185854));
#4878=CARTESIAN_POINT('Origin',(-46.0680067943036,-19.9,-46.0680067943035));
#4879=CARTESIAN_POINT('',(-46.0680067943036,-19.9,-50.2680067943035));
#4880=CARTESIAN_POINT('Origin',(-24.9318256185857,-19.9,-60.1907515431103));
#4881=CARTESIAN_POINT('',(-24.9318256185857,-19.9,-64.3907515431103));
#4882=CARTESIAN_POINT('Origin',(0.,-19.9,-65.15));
#4883=CARTESIAN_POINT('',(-5.14351655641888E-16,-19.9,-69.35));
#4884=CARTESIAN_POINT('Origin',(0.,19.7760692452302,0.));
#4885=CARTESIAN_POINT('',(-6.73555739531044E-15,19.7760692452302,-55.));
#4886=CARTESIAN_POINT('Origin',(0.,19.7760692452302,0.));
#4887=CARTESIAN_POINT('',(13.8057741969464,-0.500000000000063,74.5321447351606));
#4888=CARTESIAN_POINT('',(-15.7673447577523,-0.500000000000056,-74.1419640911284));
#4889=CARTESIAN_POINT('Origin',(0.,-0.500000000000056,0.));
#4890=CARTESIAN_POINT('',(-15.7673447577523,-1.,-74.1419640911284));
#4891=CARTESIAN_POINT('',(-15.7673447577523,19.7760692452302,-74.1419640911284));
#4892=CARTESIAN_POINT('',(-13.8057741969458,-1.,-74.5321447351607));
#4893=CARTESIAN_POINT('Origin',(0.,-1.,0.));
#4894=CARTESIAN_POINT('',(-13.8057741969459,19.7760692452302,-74.5321447351607));
#4895=CARTESIAN_POINT('',(-9.28282273753694E-15,19.7760692452302,-75.8));
#4896=CARTESIAN_POINT('',(15.7673447577528,-1.,74.1419640911283));
#4897=CARTESIAN_POINT('',(15.7673447577528,19.7760692452302,74.1419640911283));
#4898=CARTESIAN_POINT('',(13.8057741969464,-1.,74.5321447351606));
#4899=CARTESIAN_POINT('Origin',(0.,-1.,0.));
#4900=CARTESIAN_POINT('',(13.8057741969464,19.7760692452302,74.5321447351606));
#4901=CARTESIAN_POINT('Origin',(0.,19.7760692452302,0.));
#4902=CARTESIAN_POINT('',(-7.39074343285428E-15,-14.3,-60.35));
#4903=CARTESIAN_POINT('Origin',(0.,-14.3,0.));
#4904=CARTESIAN_POINT('',(-7.39074343285428E-15,-0.20000000000002,-60.35));
#4905=CARTESIAN_POINT('',(-7.39074343285428E-15,19.7760692452302,-60.35));
#4906=CARTESIAN_POINT('',(-10.7912992181823,-0.200000000000026,-59.3773556263973));
#4907=CARTESIAN_POINT('Origin',(0.,-0.200000000000033,0.));
#4908=CARTESIAN_POINT('',(-10.7912992181823,-1.,-59.3773556263973));
#4909=CARTESIAN_POINT('',(-10.7912992181823,19.7760692452302,-59.3773556263973));
#4910=CARTESIAN_POINT('',(-12.7528697789887,-1.,-58.9871749823651));
#4911=CARTESIAN_POINT('Origin',(0.,-1.,0.));
#4912=CARTESIAN_POINT('',(-12.7528697789887,19.7760692452302,-58.9871749823651));
#4913=CARTESIAN_POINT('',(10.7912992181827,-1.,59.3773556263973));
#4914=CARTESIAN_POINT('',(10.7912992181827,19.7760692452302,59.3773556263973));
#4915=CARTESIAN_POINT('',(12.7528697789891,-1.,58.987174982365));
#4916=CARTESIAN_POINT('Origin',(0.,-1.,0.));
#4917=CARTESIAN_POINT('',(12.7528697789891,-0.200000000000033,58.987174982365));
#4918=CARTESIAN_POINT('',(12.7528697789891,19.7760692452302,58.987174982365));
#4919=CARTESIAN_POINT('Origin',(0.,-0.200000000000033,0.));
#4920=CARTESIAN_POINT('Origin',(-60.35,-9.64241131330614E-16,0.));
#4921=CARTESIAN_POINT('',(13.7082204898254,-9.64241131330614E-16,74.0417091307482));
#4922=CARTESIAN_POINT('',(14.1593470837329,0.,76.3096756722473));
#4923=CARTESIAN_POINT('',(-15.6697910506314,0.,-73.651528486716));
#4924=CARTESIAN_POINT('',(-16.1209176445388,0.,-75.9194950282151));
#4925=CARTESIAN_POINT('Origin',(0.,-9.64241131330614E-16,0.));
#4926=CARTESIAN_POINT('Origin',(0.,0.,0.));
#4927=CARTESIAN_POINT('',(13.8057741969464,-0.500000000000063,74.5321447351606));
#4928=CARTESIAN_POINT('',(-15.7673447577523,-0.500000000000056,-74.1419640911284));
#4929=CARTESIAN_POINT('Origin',(-60.35,-9.64241131330614E-16,0.));
#4930=CARTESIAN_POINT('',(-10.8303226224895,0.,-59.5735395279884));
#4931=CARTESIAN_POINT('',(-14.1593470837323,0.,-76.3096756722474));
#4932=CARTESIAN_POINT('',(12.7918931832964,0.,59.183358883956));
#4933=CARTESIAN_POINT('Origin',(0.,-9.64241131330614E-16,0.));
#4934=CARTESIAN_POINT('',(16.1209176445393,0.,75.919495028215));
#4935=CARTESIAN_POINT('Origin',(-75.8,-19.9,0.));
#4936=CARTESIAN_POINT('Origin',(-55.,-14.3,0.));
#4937=CARTESIAN_POINT('Origin',(-16.1209176445388,-1.,-75.9194950282151));
#4938=CARTESIAN_POINT('',(-16.1209176445388,-1.,-75.9194950282151));
#4939=CARTESIAN_POINT('Origin',(-14.1593470837323,-1.,-76.3096756722474));
#4940=CARTESIAN_POINT('',(-10.7912992181823,-0.200000000000026,-59.3773556263973));
#4941=CARTESIAN_POINT('',(-14.1593470837323,-1.,-76.3096756722474));
#4942=CARTESIAN_POINT('Origin',(-12.6116277480143,-1.,-58.2771033420991));
#4943=CARTESIAN_POINT('Origin',(16.1209176445393,-1.,75.919495028215));
#4944=CARTESIAN_POINT('',(12.7918931832964,0.,59.183358883956));
#4945=CARTESIAN_POINT('',(16.1209176445393,-1.,75.919495028215));
#4946=CARTESIAN_POINT('Origin',(14.1593470837329,-1.,76.3096756722473));
#4947=CARTESIAN_POINT('',(14.1593470837329,-1.,76.3096756722473));
#4948=CARTESIAN_POINT('Origin',(12.6116277480147,-1.,58.277103342099));
#4949=CARTESIAN_POINT('Origin',(0.,-0.200000000000033,0.));
#4950=CARTESIAN_POINT('',(0.,0.,0.));
#4951=CARTESIAN_POINT('Origin',(0.,-3.6892484824314E-15,0.));
#4952=CARTESIAN_POINT('',(6.23957544165577E-15,0.299999999999963,-50.95));
#4953=CARTESIAN_POINT('',(-6.23957544165577E-15,0.299999999999968,50.95));
#4954=CARTESIAN_POINT('Origin',(0.,0.299999999999963,0.));
#4955=CARTESIAN_POINT('Origin',(0.,0.299999999999963,0.));
#4956=CARTESIAN_POINT('',(-6.27631484563018E-15,-7.63277340456107E-15,51.25));
#4957=CARTESIAN_POINT('',(-6.27631484563018E-15,-3.6892484824314E-15,51.25));
#4958=CARTESIAN_POINT('Origin',(0.,-3.6892484824314E-15,0.));
#4959=CARTESIAN_POINT('Origin',(0.,12.8,0.));
#4960=CARTESIAN_POINT('',(-6.02526225180498E-15,12.8,-49.2));
#4961=CARTESIAN_POINT('Origin',(0.,12.8,0.));
#4962=CARTESIAN_POINT('',(-6.06200165577941E-15,13.1,-49.5000000000001));
#4963=CARTESIAN_POINT('',(-6.02526225180498E-15,12.8,-49.2));
#4964=CARTESIAN_POINT('Origin',(0.,13.1,0.));
#4965=CARTESIAN_POINT('Origin',(0.,-5.20417042793042E-15,0.));
#4966=CARTESIAN_POINT('',(-6.23957544165577E-15,3.29999999999999,-50.95));
#4967=CARTESIAN_POINT('',(-6.23957544165577E-15,-5.20417042793042E-15,-50.95));
#4968=CARTESIAN_POINT('Origin',(0.,3.29999999999999,0.));
#4969=CARTESIAN_POINT('Origin',(0.,-5.20417042793042E-15,0.));
#4970=CARTESIAN_POINT('',(-6.02526225180498E-15,3.29999999999999,-49.2));
#4971=CARTESIAN_POINT('Origin',(0.,3.29999999999999,0.));
#4972=CARTESIAN_POINT('',(-6.02526225180498E-15,-5.20417042793042E-15,-49.2));
#4973=CARTESIAN_POINT('Origin',(0.,0.400000000000015,0.));
#4974=CARTESIAN_POINT('',(-7.3784969648628E-15,0.400000000000017,-60.25));
#4975=CARTESIAN_POINT('Origin',(0.,0.400000000000015,0.));
#4976=CARTESIAN_POINT('',(-7.32951109289691E-15,-8.32667268468867E-15,-59.85));
#4977=CARTESIAN_POINT('',(-7.3784969648628E-15,0.400000000000015,-60.25));
#4978=CARTESIAN_POINT('Origin',(0.,-3.6892484824314E-15,0.));
#4979=CARTESIAN_POINT('Origin',(0.,13.1,0.));
#4980=CARTESIAN_POINT('',(-7.03334469814175E-15,13.1,-57.4316178594403));
#4981=CARTESIAN_POINT('Origin',(0.,13.1,0.));
#4982=CARTESIAN_POINT('',(-7.06008879708449E-15,13.7,-57.65));
#4983=CARTESIAN_POINT('',(-7.03334469814175E-15,13.1,-57.4316178594403));
#4984=CARTESIAN_POINT('',(7.21929288097365E-15,13.7,57.65));
#4985=CARTESIAN_POINT('Origin',(0.,13.7,0.));
#4986=CARTESIAN_POINT('Origin',(0.,13.7,0.));
#4987=CARTESIAN_POINT('Origin',(0.,13.7,0.));
#4988=CARTESIAN_POINT('',(7.3784969648628E-15,12.7536773909079,-60.25));
#4989=CARTESIAN_POINT('',(-7.3784969648628E-15,12.7536773909079,60.25));
#4990=CARTESIAN_POINT('Origin',(0.,12.7536773909079,0.));
#4991=CARTESIAN_POINT('',(-7.06008879708449E-15,13.7,57.65));
#4992=CARTESIAN_POINT('Origin',(0.,12.7536773909079,0.));
#4993=CARTESIAN_POINT('Origin',(0.,19.5851902721824,0.));
#4994=CARTESIAN_POINT('',(-7.3784969648628E-15,19.5851902721824,-60.25));
#4995=CARTESIAN_POINT('Origin',(0.,-3.6892484824314E-15,0.));
#4996=CARTESIAN_POINT('Origin',(-57.4316178594403,13.1,0.));
#4997=CARTESIAN_POINT('Origin',(0.,3.29999999999999,0.));
#4998=CARTESIAN_POINT('',(0.,0.,0.));
#4999=CARTESIAN_POINT('',(0.,-14.3,0.));
#5000=CARTESIAN_POINT('',(0.,0.,0.));
#5001=CARTESIAN_POINT('',(-134.9,0.,0.));
#5002=CARTESIAN_POINT('',(134.9,0.,0.));
#5003=UNCERTAINTY_MEASURE_WITH_UNIT(LENGTH_MEASURE(0.01),#5017,
'DISTANCE_ACCURACY_VALUE',
'Maximum model space distance between geometric entities at asserted c
onnectivities');
#5004=UNCERTAINTY_MEASURE_WITH_UNIT(LENGTH_MEASURE(0.01),#5017,
'DISTANCE_ACCURACY_VALUE',
'Maximum model space distance between geometric entities at asserted c
onnectivities');
#5005=UNCERTAINTY_MEASURE_WITH_UNIT(LENGTH_MEASURE(0.01),#5017,
'DISTANCE_ACCURACY_VALUE',
'Maximum model space distance between geometric entities at asserted c
onnectivities');
#5006=UNCERTAINTY_MEASURE_WITH_UNIT(LENGTH_MEASURE(0.01),#5017,
'DISTANCE_ACCURACY_VALUE',
'Maximum model space distance between geometric entities at asserted c
onnectivities');
#5007=UNCERTAINTY_MEASURE_WITH_UNIT(LENGTH_MEASURE(0.01),#5017,
'DISTANCE_ACCURACY_VALUE',
'Maximum model space distance between geometric entities at asserted c
onnectivities');
#5008=UNCERTAINTY_MEASURE_WITH_UNIT(LENGTH_MEASURE(0.01),#5017,
'DISTANCE_ACCURACY_VALUE',
'Maximum model space distance between geometric entities at asserted c
onnectivities');
#5009=UNCERTAINTY_MEASURE_WITH_UNIT(LENGTH_MEASURE(0.01),#5017,
'DISTANCE_ACCURACY_VALUE',
'Maximum model space distance between geometric entities at asserted c
onnectivities');
#5010=(
GEOMETRIC_REPRESENTATION_CONTEXT(3)
GLOBAL_UNCERTAINTY_ASSIGNED_CONTEXT((#5003))
GLOBAL_UNIT_ASSIGNED_CONTEXT((#5017,#5019,#5020))
REPRESENTATION_CONTEXT('','3D')
);
#5011=(
GEOMETRIC_REPRESENTATION_CONTEXT(3)
GLOBAL_UNCERTAINTY_ASSIGNED_CONTEXT((#5004))
GLOBAL_UNIT_ASSIGNED_CONTEXT((#5017,#5019,#5020))
REPRESENTATION_CONTEXT('','3D')
);
#5012=(
GEOMETRIC_REPRESENTATION_CONTEXT(3)
GLOBAL_UNCERTAINTY_ASSIGNED_CONTEXT((#5005))
GLOBAL_UNIT_ASSIGNED_CONTEXT((#5017,#5019,#5020))
REPRESENTATION_CONTEXT('','3D')
);
#5013=(
GEOMETRIC_REPRESENTATION_CONTEXT(3)
GLOBAL_UNCERTAINTY_ASSIGNED_CONTEXT((#5006))
GLOBAL_UNIT_ASSIGNED_CONTEXT((#5017,#5019,#5020))
REPRESENTATION_CONTEXT('','3D')
);
#5014=(
GEOMETRIC_REPRESENTATION_CONTEXT(3)
GLOBAL_UNCERTAINTY_ASSIGNED_CONTEXT((#5007))
GLOBAL_UNIT_ASSIGNED_CONTEXT((#5017,#5019,#5020))
REPRESENTATION_CONTEXT('','3D')
);
#5015=(
GEOMETRIC_REPRESENTATION_CONTEXT(3)
GLOBAL_UNCERTAINTY_ASSIGNED_CONTEXT((#5008))
GLOBAL_UNIT_ASSIGNED_CONTEXT((#5017,#5019,#5020))
REPRESENTATION_CONTEXT('','3D')
);
#5016=(
GEOMETRIC_REPRESENTATION_CONTEXT(3)
GLOBAL_UNCERTAINTY_ASSIGNED_CONTEXT((#5009))
GLOBAL_UNIT_ASSIGNED_CONTEXT((#5017,#5019,#5020))
REPRESENTATION_CONTEXT('','3D')
);
#5017=(
LENGTH_UNIT()
NAMED_UNIT(*)
SI_UNIT(.MILLI.,.METRE.)
);
#5018=(
LENGTH_UNIT()
NAMED_UNIT(*)
SI_UNIT($,.METRE.)
);
#5019=(
NAMED_UNIT(*)
PLANE_ANGLE_UNIT()
SI_UNIT($,.RADIAN.)
);
#5020=(
NAMED_UNIT(*)
SI_UNIT($,.STERADIAN.)
SOLID_ANGLE_UNIT()
);
#5021=SHAPE_DEFINITION_REPRESENTATION(#5027,#5038);
#5022=SHAPE_DEFINITION_REPRESENTATION(#5028,#5039);
#5023=SHAPE_DEFINITION_REPRESENTATION(#5029,#5040);
#5024=SHAPE_DEFINITION_REPRESENTATION(#5030,#5041);
#5025=SHAPE_DEFINITION_REPRESENTATION(#5031,#5042);
#5026=SHAPE_DEFINITION_REPRESENTATION(#5032,#5043);
#5027=PRODUCT_DEFINITION_SHAPE('',$,#5045);
#5028=PRODUCT_DEFINITION_SHAPE('',$,#5046);
#5029=PRODUCT_DEFINITION_SHAPE('',$,#5047);
#5030=PRODUCT_DEFINITION_SHAPE('',$,#5048);
#5031=PRODUCT_DEFINITION_SHAPE('',$,#5049);
#5032=PRODUCT_DEFINITION_SHAPE('',$,#5050);
#5033=PRODUCT_DEFINITION_SHAPE($,$,#26);
#5034=PRODUCT_DEFINITION_SHAPE($,$,#27);
#5035=PRODUCT_DEFINITION_SHAPE($,$,#28);
#5036=PRODUCT_DEFINITION_SHAPE($,$,#29);
#5037=PRODUCT_DEFINITION_SHAPE($,$,#30);
#5038=SHAPE_REPRESENTATION('',(#2865,#3252,#3253,#3254),#5010);
#5039=SHAPE_REPRESENTATION('',(#2866),#5011);
#5040=SHAPE_REPRESENTATION('',(#2875),#5012);
#5041=SHAPE_REPRESENTATION('',(#3052,#3250,#3251),#5013);
#5042=SHAPE_REPRESENTATION('',(#3053),#5014);
#5043=SHAPE_REPRESENTATION('',(#3224),#5015);
#5044=PRODUCT_DEFINITION_CONTEXT('part definition',#5064,'design');
#5045=PRODUCT_DEFINITION('Hositrad_FS100-102R-FullNipple',
'Hositrad_FS100-102R-FullNipple v1',#5051,#5044);
#5046=PRODUCT_DEFINITION('Tube101.6-All_Tube 101',
'Tube101.6-All_Tube 101',#5052,#5044);
#5047=PRODUCT_DEFINITION('NW100CF-weld_CF100-102',
'NW100CF-weld_CF100-102',#5053,#5044);
#5048=PRODUCT_DEFINITION('NW100CF-R-Weld','NW100CF-R-Weld',#5054,#5044);
#5049=PRODUCT_DEFINITION('NW100CF-R-Outerring_CF100-108',
'NW100CF-R-Outerring_CF100-108',#5055,#5044);
#5050=PRODUCT_DEFINITION('NW100CF-R-InnerWeld_CF100-102',
'NW100CF-R-InnerWeld_CF100-102',#5056,#5044);
#5051=PRODUCT_DEFINITION_FORMATION('',$,#5066);
#5052=PRODUCT_DEFINITION_FORMATION('',$,#5067);
#5053=PRODUCT_DEFINITION_FORMATION('',$,#5068);
#5054=PRODUCT_DEFINITION_FORMATION('',$,#5069);
#5055=PRODUCT_DEFINITION_FORMATION('',$,#5070);
#5056=PRODUCT_DEFINITION_FORMATION('',$,#5071);
#5057=PRODUCT_RELATED_PRODUCT_CATEGORY(
'Hositrad_FS100-102R-FullNipple v1','Hositrad_FS100-102R-FullNipple v1',
(#5066));
#5058=PRODUCT_RELATED_PRODUCT_CATEGORY('Tube101.6-All_Tube 101',
'Tube101.6-All_Tube 101',(#5067));
#5059=PRODUCT_RELATED_PRODUCT_CATEGORY('NW100CF-weld_CF100-102',
'NW100CF-weld_CF100-102',(#5068));
#5060=PRODUCT_RELATED_PRODUCT_CATEGORY('NW100CF-R-Weld',
'NW100CF-R-Weld',(#5069));
#5061=PRODUCT_RELATED_PRODUCT_CATEGORY('NW100CF-R-Outerring_CF100-108',
'NW100CF-R-Outerring_CF100-108',(#5070));
#5062=PRODUCT_RELATED_PRODUCT_CATEGORY('NW100CF-R-InnerWeld_CF100-102',
'NW100CF-R-InnerWeld_CF100-102',(#5071));
#5063=APPLICATION_PROTOCOL_DEFINITION('international standard',
'automotive_design',2009,#5064);
#5064=APPLICATION_CONTEXT(
'Core Data for Automotive Mechanical Design Process');
#5065=PRODUCT_CONTEXT('part definition',#5064,'mechanical');
#5066=PRODUCT('Hositrad_FS100-102R-FullNipple',
'Hositrad_FS100-102R-FullNipple v1',$,(#5065));
#5067=PRODUCT('Tube101.6-All_Tube 101','Tube101.6-All_Tube 101',$,(#5065));
#5068=PRODUCT('NW100CF-weld_CF100-102','NW100CF-weld_CF100-102',$,(#5065));
#5069=PRODUCT('NW100CF-R-Weld','NW100CF-R-Weld',$,(#5065));
#5070=PRODUCT('NW100CF-R-Outerring_CF100-108',
'NW100CF-R-Outerring_CF100-108',$,(#5065));
#5071=PRODUCT('NW100CF-R-InnerWeld_CF100-102',
'NW100CF-R-InnerWeld_CF100-102',$,(#5065));
#5072=PRESENTATION_STYLE_ASSIGNMENT((#5076));
#5073=PRESENTATION_STYLE_ASSIGNMENT((#5077));
#5074=PRESENTATION_STYLE_ASSIGNMENT((#5078));
#5075=PRESENTATION_STYLE_ASSIGNMENT((#5079));
#5076=SURFACE_STYLE_USAGE(.BOTH.,#5080);
#5077=SURFACE_STYLE_USAGE(.BOTH.,#5081);
#5078=SURFACE_STYLE_USAGE(.BOTH.,#5082);
#5079=SURFACE_STYLE_USAGE(.BOTH.,#5083);
#5080=SURFACE_SIDE_STYLE('',(#5084));
#5081=SURFACE_SIDE_STYLE('',(#5085));
#5082=SURFACE_SIDE_STYLE('',(#5086));
#5083=SURFACE_SIDE_STYLE('',(#5087));
#5084=SURFACE_STYLE_FILL_AREA(#5088);
#5085=SURFACE_STYLE_FILL_AREA(#5089);
#5086=SURFACE_STYLE_FILL_AREA(#5090);
#5087=SURFACE_STYLE_FILL_AREA(#5091);
#5088=FILL_AREA_STYLE('Steel - Satin',(#5092));
#5089=FILL_AREA_STYLE('Opaque(165,158,150)',(#5093));
#5090=FILL_AREA_STYLE('Opaque(25,25,25)',(#5094));
#5091=FILL_AREA_STYLE('Opaque(126,126,126)',(#5095));
#5092=FILL_AREA_STYLE_COLOUR('Steel - Satin',#5096);
#5093=FILL_AREA_STYLE_COLOUR('Opaque(165,158,150)',#5097);
#5094=FILL_AREA_STYLE_COLOUR('Opaque(25,25,25)',#5098);
#5095=FILL_AREA_STYLE_COLOUR('Opaque(126,126,126)',#5099);
#5096=COLOUR_RGB('Steel - Satin',0.627450980392157,0.627450980392157,0.627450980392157);
#5097=COLOUR_RGB('Opaque(165,158,150)',0.647058823529412,0.619607843137255,
0.588235294117647);
#5098=COLOUR_RGB('Opaque(25,25,25)',0.0980392156862745,0.0980392156862745,
0.0980392156862745);
#5099=COLOUR_RGB('Opaque(126,126,126)',0.494117647058824,0.494117647058824,
0.494117647058824);
ENDSEC;
END-ISO-10303-21;
