ISO-10303-21;
HEADER;
/* Generated by software containing ST-Developer
 * from STEP Tools, Inc. (www.steptools.com) 
 */

FILE_DESCRIPTION(
/* description */ (''),
/* implementation_level */ '2;1');

FILE_NAME(
/* name */ 'Hositrad_CFA200-38L v2.step',
/* time_stamp */ '2024-06-25T14:13:46+02:00',
/* author */ (''),
/* organization */ (''),
/* preprocessor_version */ 'ST-DEVELOPER v20',
/* originating_system */ 'Autodesk Translation Framework v13.14.0.145',

/* authorisation */ '');

FILE_SCHEMA (('AUTOMOTIVE_DESIGN { 1 0 10303 214 3 1 1 }'));
ENDSEC;

DATA;
#10=MECHANICAL_DESIGN_GEOMETRIC_PRESENTATION_REPRESENTATION('',(#92,#93,
#94),#4019);
#11=ITEM_DEFINED_TRANSFORMATION($,$,#2291,#2602);
#12=ITEM_DEFINED_TRANSFORMATION($,$,#2300,#2603);
#13=ITEM_DEFINED_TRANSFORMATION($,$,#2386,#2604);
#14=(
REPRESENTATION_RELATIONSHIP($,$,#4036,#4035)
REPRESENTATION_RELATIONSHIP_WITH_TRANSFORMATION(#11)
SHAPE_REPRESENTATION_RELATIONSHIP()
);
#15=(
REPRESENTATION_RELATIONSHIP($,$,#4037,#4035)
REPRESENTATION_RELATIONSHIP_WITH_TRANSFORMATION(#12)
SHAPE_REPRESENTATION_RELATIONSHIP()
);
#16=(
REPRESENTATION_RELATIONSHIP($,$,#4038,#4035)
REPRESENTATION_RELATIONSHIP_WITH_TRANSFORMATION(#13)
SHAPE_REPRESENTATION_RELATIONSHIP()
);
#17=CONTEXT_DEPENDENT_SHAPE_REPRESENTATION(#14,#4032);
#18=CONTEXT_DEPENDENT_SHAPE_REPRESENTATION(#15,#4033);
#19=CONTEXT_DEPENDENT_SHAPE_REPRESENTATION(#16,#4034);
#20=NEXT_ASSEMBLY_USAGE_OCCURRENCE(
'CF-Tubulated-Adapters-All_CFA200-38L:1',
'CF-Tubulated-Adapters-All_CFA200-38L:1',
'CF-Tubulated-Adapters-All_CFA200-38L:1',#4040,#4041,
'CF-Tubulated-Adapters-All_CFA200-38L:1');
#21=NEXT_ASSEMBLY_USAGE_OCCURRENCE('NW35CF-Weld-38:1',
'NW35CF-Weld-38:1','NW35CF-Weld-38:1',#4040,#4042,'NW35CF-Weld-38:1');
#22=NEXT_ASSEMBLY_USAGE_OCCURRENCE('NW200CF-Blind_weld hole 38,1:1',
'NW200CF-Blind_weld hole 38,1:1','NW200CF-Blind_weld hole 38,1:1',#4040,
#4043,'NW200CF-Blind_weld hole 38,1:1');
#23=CONICAL_SURFACE('',#2301,17.5,0.785398163397443);
#24=CONICAL_SURFACE('',#2304,19.2,0.785398163397431);
#25=CONICAL_SURFACE('',#2309,3.64999999999998,0.785398163397448);
#26=CONICAL_SURFACE('',#2313,3.35,0.785398163397469);
#27=CONICAL_SURFACE('',#2316,3.65,0.785398163397447);
#28=CONICAL_SURFACE('',#2320,3.35,0.785398163397463);
#29=CONICAL_SURFACE('',#2323,3.64999999999997,0.78539816339743);
#30=CONICAL_SURFACE('',#2327,3.35,0.785398163397453);
#31=CONICAL_SURFACE('',#2330,3.64999999999999,0.785398163397442);
#32=CONICAL_SURFACE('',#2334,3.35,0.785398163397453);
#33=CONICAL_SURFACE('',#2337,3.64999999999998,0.785398163397434);
#34=CONICAL_SURFACE('',#2341,3.35,0.785398163397444);
#35=CONICAL_SURFACE('',#2344,3.64999999999997,0.78539816339743);
#36=CONICAL_SURFACE('',#2348,3.35,0.785398163397453);
#37=CONICAL_SURFACE('',#2351,35.,0.785398163397435);
#38=CONICAL_SURFACE('',#2354,34.6,0.78539816339744);
#39=CONICAL_SURFACE('',#2364,20.7316178594403,0.349065850398869);
#40=CONICAL_SURFACE('',#2368,20.95,1.22173047639603);
#41=CONICAL_SURFACE('',#2390,126.2,0.785398163397518);
#42=CONICAL_SURFACE('',#2394,126.6,0.785398163397414);
#43=CONICAL_SURFACE('',#2397,4.49999999999989,0.785398163397464);
#44=CONICAL_SURFACE('',#2401,4.2,0.785398163397385);
#45=CONICAL_SURFACE('',#2404,4.49999999999992,0.785398163397513);
#46=CONICAL_SURFACE('',#2408,4.2,0.785398163397427);
#47=CONICAL_SURFACE('',#2411,4.49999999999981,0.785398163397434);
#48=CONICAL_SURFACE('',#2415,4.2,0.785398163397568);
#49=CONICAL_SURFACE('',#2418,4.49999999999982,0.785398163397445);
#50=CONICAL_SURFACE('',#2422,4.2,0.78539816339744);
#51=CONICAL_SURFACE('',#2425,4.49999999999984,0.785398163397427);
#52=CONICAL_SURFACE('',#2429,4.2,0.785398163397405);
#53=CONICAL_SURFACE('',#2432,4.49999999999974,0.785398163397453);
#54=CONICAL_SURFACE('',#2436,4.2,0.785398163397405);
#55=CONICAL_SURFACE('',#2439,4.4999999999998,0.785398163397412);
#56=CONICAL_SURFACE('',#2443,4.2,0.785398163397427);
#57=CONICAL_SURFACE('',#2446,4.49999999999992,0.785398163397513);
#58=CONICAL_SURFACE('',#2450,4.2,0.785398163397427);
#59=CONICAL_SURFACE('',#2453,4.49999999999991,0.785398163397453);
#60=CONICAL_SURFACE('',#2457,4.2,0.785398163397406);
#61=CONICAL_SURFACE('',#2460,4.49999999999992,0.785398163397513);
#62=CONICAL_SURFACE('',#2464,4.2,0.785398163397427);
#63=CONICAL_SURFACE('',#2467,4.49999999999998,0.785398163397411);
#64=CONICAL_SURFACE('',#2471,4.2,0.785398163397476);
#65=CONICAL_SURFACE('',#2474,4.49999999999984,0.785398163397422);
#66=CONICAL_SURFACE('',#2478,4.2,0.785398163397437);
#67=CONICAL_SURFACE('',#2481,4.49999999999977,0.78539816339745);
#68=CONICAL_SURFACE('',#2485,4.2,0.78539816339747);
#69=CONICAL_SURFACE('',#2488,4.49999999999981,0.785398163397471);
#70=CONICAL_SURFACE('',#2492,4.2,0.785398163397444);
#71=CONICAL_SURFACE('',#2495,4.49999999999981,0.785398163397425);
#72=CONICAL_SURFACE('',#2499,4.2,0.785398163397425);
#73=CONICAL_SURFACE('',#2502,4.49999999999992,0.785398163397513);
#74=CONICAL_SURFACE('',#2506,4.2,0.785398163397427);
#75=CONICAL_SURFACE('',#2509,4.49999999999982,0.78539816339748);
#76=CONICAL_SURFACE('',#2513,4.2,0.785398163397458);
#77=CONICAL_SURFACE('',#2516,4.49999999999982,0.785398163397428);
#78=CONICAL_SURFACE('',#2520,4.2,0.785398163397444);
#79=CONICAL_SURFACE('',#2523,4.49999999999988,0.785398163397409);
#80=CONICAL_SURFACE('',#2527,4.2,0.785398163397399);
#81=CONICAL_SURFACE('',#2530,4.49999999999981,0.785398163397428);
#82=CONICAL_SURFACE('',#2534,4.2,0.785398163397427);
#83=CONICAL_SURFACE('',#2569,108.23161785944,0.349065850398865);
#84=CONICAL_SURFACE('',#2573,108.45,1.22173047639603);
#85=CONICAL_SURFACE('',#2591,126.6,0.785398163397414);
#86=SHAPE_REPRESENTATION_RELATIONSHIP('SRR','None',#4036,#89);
#87=SHAPE_REPRESENTATION_RELATIONSHIP('SRR','None',#4037,#90);
#88=SHAPE_REPRESENTATION_RELATIONSHIP('SRR','None',#4038,#91);
#89=ADVANCED_BREP_SHAPE_REPRESENTATION('',(#95),#4016);
#90=ADVANCED_BREP_SHAPE_REPRESENTATION('',(#96),#4017);
#91=ADVANCED_BREP_SHAPE_REPRESENTATION('',(#97),#4018);
#92=STYLED_ITEM('',(#4060),#95);
#93=STYLED_ITEM('',(#4060),#96);
#94=STYLED_ITEM('',(#4060),#97);
#95=MANIFOLD_SOLID_BREP('Body1',#2253);
#96=MANIFOLD_SOLID_BREP('Body1',#2254);
#97=MANIFOLD_SOLID_BREP('Body1',#2255);
#98=FACE_BOUND('',#312,.T.);
#99=FACE_BOUND('',#314,.T.);
#100=FACE_BOUND('',#344,.T.);
#101=FACE_BOUND('',#345,.T.);
#102=FACE_BOUND('',#346,.T.);
#103=FACE_BOUND('',#347,.T.);
#104=FACE_BOUND('',#348,.T.);
#105=FACE_BOUND('',#349,.T.);
#106=FACE_BOUND('',#350,.T.);
#107=FACE_BOUND('',#352,.T.);
#108=FACE_BOUND('',#353,.T.);
#109=FACE_BOUND('',#354,.T.);
#110=FACE_BOUND('',#355,.T.);
#111=FACE_BOUND('',#356,.T.);
#112=FACE_BOUND('',#357,.T.);
#113=FACE_BOUND('',#359,.T.);
#114=FACE_BOUND('',#364,.T.);
#115=FACE_BOUND('',#438,.T.);
#116=FACE_BOUND('',#439,.T.);
#117=FACE_BOUND('',#440,.T.);
#118=FACE_BOUND('',#441,.T.);
#119=FACE_BOUND('',#442,.T.);
#120=FACE_BOUND('',#443,.T.);
#121=FACE_BOUND('',#444,.T.);
#122=FACE_BOUND('',#445,.T.);
#123=FACE_BOUND('',#446,.T.);
#124=FACE_BOUND('',#447,.T.);
#125=FACE_BOUND('',#448,.T.);
#126=FACE_BOUND('',#449,.T.);
#127=FACE_BOUND('',#452,.T.);
#128=FACE_BOUND('',#453,.T.);
#129=FACE_BOUND('',#454,.T.);
#130=FACE_BOUND('',#455,.T.);
#131=FACE_BOUND('',#456,.T.);
#132=FACE_BOUND('',#457,.T.);
#133=FACE_BOUND('',#458,.T.);
#134=FACE_BOUND('',#459,.T.);
#135=FACE_BOUND('',#460,.T.);
#136=FACE_BOUND('',#461,.T.);
#137=FACE_BOUND('',#462,.T.);
#138=FACE_BOUND('',#463,.T.);
#139=FACE_BOUND('',#464,.T.);
#140=FACE_BOUND('',#465,.T.);
#141=FACE_BOUND('',#466,.T.);
#142=FACE_BOUND('',#467,.T.);
#143=FACE_BOUND('',#468,.T.);
#144=FACE_BOUND('',#469,.T.);
#145=FACE_BOUND('',#470,.T.);
#146=FACE_BOUND('',#471,.T.);
#147=FACE_BOUND('',#472,.T.);
#148=FACE_BOUND('',#473,.T.);
#149=FACE_BOUND('',#474,.T.);
#150=FACE_BOUND('',#475,.T.);
#151=FACE_BOUND('',#476,.T.);
#152=FACE_BOUND('',#478,.T.);
#153=FACE_BOUND('',#479,.T.);
#154=FACE_BOUND('',#480,.T.);
#155=FACE_BOUND('',#481,.T.);
#156=FACE_BOUND('',#482,.T.);
#157=FACE_BOUND('',#483,.T.);
#158=FACE_BOUND('',#484,.T.);
#159=FACE_BOUND('',#485,.T.);
#160=FACE_BOUND('',#486,.T.);
#161=FACE_BOUND('',#487,.T.);
#162=FACE_BOUND('',#488,.T.);
#163=FACE_BOUND('',#489,.T.);
#164=FACE_BOUND('',#491,.T.);
#165=FACE_BOUND('',#499,.T.);
#166=PLANE('',#2298);
#167=PLANE('',#2299);
#168=PLANE('',#2379);
#169=PLANE('',#2380);
#170=PLANE('',#2381);
#171=PLANE('',#2382);
#172=PLANE('',#2383);
#173=PLANE('',#2384);
#174=PLANE('',#2385);
#175=PLANE('',#2589);
#176=PLANE('',#2592);
#177=PLANE('',#2593);
#178=PLANE('',#2594);
#179=PLANE('',#2595);
#180=PLANE('',#2596);
#181=PLANE('',#2597);
#182=PLANE('',#2598);
#183=PLANE('',#2599);
#184=PLANE('',#2600);
#185=PLANE('',#2601);
#186=FACE_OUTER_BOUND('',#309,.T.);
#187=FACE_OUTER_BOUND('',#310,.T.);
#188=FACE_OUTER_BOUND('',#311,.T.);
#189=FACE_OUTER_BOUND('',#313,.T.);
#190=FACE_OUTER_BOUND('',#315,.T.);
#191=FACE_OUTER_BOUND('',#316,.T.);
#192=FACE_OUTER_BOUND('',#317,.T.);
#193=FACE_OUTER_BOUND('',#318,.T.);
#194=FACE_OUTER_BOUND('',#319,.T.);
#195=FACE_OUTER_BOUND('',#320,.T.);
#196=FACE_OUTER_BOUND('',#321,.T.);
#197=FACE_OUTER_BOUND('',#322,.T.);
#198=FACE_OUTER_BOUND('',#323,.T.);
#199=FACE_OUTER_BOUND('',#324,.T.);
#200=FACE_OUTER_BOUND('',#325,.T.);
#201=FACE_OUTER_BOUND('',#326,.T.);
#202=FACE_OUTER_BOUND('',#327,.T.);
#203=FACE_OUTER_BOUND('',#328,.T.);
#204=FACE_OUTER_BOUND('',#329,.T.);
#205=FACE_OUTER_BOUND('',#330,.T.);
#206=FACE_OUTER_BOUND('',#331,.T.);
#207=FACE_OUTER_BOUND('',#332,.T.);
#208=FACE_OUTER_BOUND('',#333,.T.);
#209=FACE_OUTER_BOUND('',#334,.T.);
#210=FACE_OUTER_BOUND('',#335,.T.);
#211=FACE_OUTER_BOUND('',#336,.T.);
#212=FACE_OUTER_BOUND('',#337,.T.);
#213=FACE_OUTER_BOUND('',#338,.T.);
#214=FACE_OUTER_BOUND('',#339,.T.);
#215=FACE_OUTER_BOUND('',#340,.T.);
#216=FACE_OUTER_BOUND('',#341,.T.);
#217=FACE_OUTER_BOUND('',#342,.T.);
#218=FACE_OUTER_BOUND('',#343,.T.);
#219=FACE_OUTER_BOUND('',#351,.T.);
#220=FACE_OUTER_BOUND('',#358,.T.);
#221=FACE_OUTER_BOUND('',#360,.T.);
#222=FACE_OUTER_BOUND('',#361,.T.);
#223=FACE_OUTER_BOUND('',#362,.T.);
#224=FACE_OUTER_BOUND('',#363,.T.);
#225=FACE_OUTER_BOUND('',#365,.T.);
#226=FACE_OUTER_BOUND('',#366,.T.);
#227=FACE_OUTER_BOUND('',#367,.T.);
#228=FACE_OUTER_BOUND('',#368,.T.);
#229=FACE_OUTER_BOUND('',#369,.T.);
#230=FACE_OUTER_BOUND('',#370,.T.);
#231=FACE_OUTER_BOUND('',#371,.T.);
#232=FACE_OUTER_BOUND('',#372,.T.);
#233=FACE_OUTER_BOUND('',#373,.T.);
#234=FACE_OUTER_BOUND('',#374,.T.);
#235=FACE_OUTER_BOUND('',#375,.T.);
#236=FACE_OUTER_BOUND('',#376,.T.);
#237=FACE_OUTER_BOUND('',#377,.T.);
#238=FACE_OUTER_BOUND('',#378,.T.);
#239=FACE_OUTER_BOUND('',#379,.T.);
#240=FACE_OUTER_BOUND('',#380,.T.);
#241=FACE_OUTER_BOUND('',#381,.T.);
#242=FACE_OUTER_BOUND('',#382,.T.);
#243=FACE_OUTER_BOUND('',#383,.T.);
#244=FACE_OUTER_BOUND('',#384,.T.);
#245=FACE_OUTER_BOUND('',#385,.T.);
#246=FACE_OUTER_BOUND('',#386,.T.);
#247=FACE_OUTER_BOUND('',#387,.T.);
#248=FACE_OUTER_BOUND('',#388,.T.);
#249=FACE_OUTER_BOUND('',#389,.T.);
#250=FACE_OUTER_BOUND('',#390,.T.);
#251=FACE_OUTER_BOUND('',#391,.T.);
#252=FACE_OUTER_BOUND('',#392,.T.);
#253=FACE_OUTER_BOUND('',#393,.T.);
#254=FACE_OUTER_BOUND('',#394,.T.);
#255=FACE_OUTER_BOUND('',#395,.T.);
#256=FACE_OUTER_BOUND('',#396,.T.);
#257=FACE_OUTER_BOUND('',#397,.T.);
#258=FACE_OUTER_BOUND('',#398,.T.);
#259=FACE_OUTER_BOUND('',#399,.T.);
#260=FACE_OUTER_BOUND('',#400,.T.);
#261=FACE_OUTER_BOUND('',#401,.T.);
#262=FACE_OUTER_BOUND('',#402,.T.);
#263=FACE_OUTER_BOUND('',#403,.T.);
#264=FACE_OUTER_BOUND('',#404,.T.);
#265=FACE_OUTER_BOUND('',#405,.T.);
#266=FACE_OUTER_BOUND('',#406,.T.);
#267=FACE_OUTER_BOUND('',#407,.T.);
#268=FACE_OUTER_BOUND('',#408,.T.);
#269=FACE_OUTER_BOUND('',#409,.T.);
#270=FACE_OUTER_BOUND('',#410,.T.);
#271=FACE_OUTER_BOUND('',#411,.T.);
#272=FACE_OUTER_BOUND('',#412,.T.);
#273=FACE_OUTER_BOUND('',#413,.T.);
#274=FACE_OUTER_BOUND('',#414,.T.);
#275=FACE_OUTER_BOUND('',#415,.T.);
#276=FACE_OUTER_BOUND('',#416,.T.);
#277=FACE_OUTER_BOUND('',#417,.T.);
#278=FACE_OUTER_BOUND('',#418,.T.);
#279=FACE_OUTER_BOUND('',#419,.T.);
#280=FACE_OUTER_BOUND('',#420,.T.);
#281=FACE_OUTER_BOUND('',#421,.T.);
#282=FACE_OUTER_BOUND('',#422,.T.);
#283=FACE_OUTER_BOUND('',#423,.T.);
#284=FACE_OUTER_BOUND('',#424,.T.);
#285=FACE_OUTER_BOUND('',#425,.T.);
#286=FACE_OUTER_BOUND('',#426,.T.);
#287=FACE_OUTER_BOUND('',#427,.T.);
#288=FACE_OUTER_BOUND('',#428,.T.);
#289=FACE_OUTER_BOUND('',#429,.T.);
#290=FACE_OUTER_BOUND('',#430,.T.);
#291=FACE_OUTER_BOUND('',#431,.T.);
#292=FACE_OUTER_BOUND('',#432,.T.);
#293=FACE_OUTER_BOUND('',#433,.T.);
#294=FACE_OUTER_BOUND('',#434,.T.);
#295=FACE_OUTER_BOUND('',#435,.T.);
#296=FACE_OUTER_BOUND('',#436,.T.);
#297=FACE_OUTER_BOUND('',#437,.T.);
#298=FACE_OUTER_BOUND('',#450,.T.);
#299=FACE_OUTER_BOUND('',#451,.T.);
#300=FACE_OUTER_BOUND('',#477,.T.);
#301=FACE_OUTER_BOUND('',#490,.T.);
#302=FACE_OUTER_BOUND('',#492,.T.);
#303=FACE_OUTER_BOUND('',#493,.T.);
#304=FACE_OUTER_BOUND('',#494,.T.);
#305=FACE_OUTER_BOUND('',#495,.T.);
#306=FACE_OUTER_BOUND('',#496,.T.);
#307=FACE_OUTER_BOUND('',#497,.T.);
#308=FACE_OUTER_BOUND('',#498,.T.);
#309=EDGE_LOOP('',(#1460,#1461,#1462,#1463));
#310=EDGE_LOOP('',(#1464,#1465,#1466,#1467));
#311=EDGE_LOOP('',(#1468));
#312=EDGE_LOOP('',(#1469));
#313=EDGE_LOOP('',(#1470));
#314=EDGE_LOOP('',(#1471));
#315=EDGE_LOOP('',(#1472,#1473,#1474,#1475));
#316=EDGE_LOOP('',(#1476,#1477,#1478,#1479));
#317=EDGE_LOOP('',(#1480,#1481,#1482,#1483));
#318=EDGE_LOOP('',(#1484,#1485,#1486,#1487,#1488));
#319=EDGE_LOOP('',(#1489,#1490,#1491,#1492));
#320=EDGE_LOOP('',(#1493,#1494,#1495,#1496,#1497));
#321=EDGE_LOOP('',(#1498,#1499,#1500,#1501));
#322=EDGE_LOOP('',(#1502,#1503,#1504,#1505,#1506));
#323=EDGE_LOOP('',(#1507,#1508,#1509,#1510));
#324=EDGE_LOOP('',(#1511,#1512,#1513,#1514,#1515));
#325=EDGE_LOOP('',(#1516,#1517,#1518,#1519));
#326=EDGE_LOOP('',(#1520,#1521,#1522,#1523,#1524));
#327=EDGE_LOOP('',(#1525,#1526,#1527,#1528));
#328=EDGE_LOOP('',(#1529,#1530,#1531,#1532,#1533));
#329=EDGE_LOOP('',(#1534,#1535,#1536,#1537));
#330=EDGE_LOOP('',(#1538,#1539,#1540,#1541));
#331=EDGE_LOOP('',(#1542,#1543,#1544,#1545,#1546));
#332=EDGE_LOOP('',(#1547,#1548,#1549,#1550,#1551));
#333=EDGE_LOOP('',(#1552,#1553,#1554,#1555,#1556));
#334=EDGE_LOOP('',(#1557,#1558,#1559,#1560,#1561));
#335=EDGE_LOOP('',(#1562,#1563,#1564,#1565,#1566));
#336=EDGE_LOOP('',(#1567,#1568,#1569,#1570,#1571));
#337=EDGE_LOOP('',(#1572,#1573,#1574,#1575,#1576));
#338=EDGE_LOOP('',(#1577,#1578,#1579,#1580,#1581));
#339=EDGE_LOOP('',(#1582,#1583,#1584,#1585,#1586,#1587));
#340=EDGE_LOOP('',(#1588,#1589,#1590,#1591,#1592,#1593,#1594,#1595,#1596));
#341=EDGE_LOOP('',(#1597,#1598,#1599,#1600,#1601,#1602,#1603,#1604));
#342=EDGE_LOOP('',(#1605,#1606,#1607,#1608));
#343=EDGE_LOOP('',(#1609));
#344=EDGE_LOOP('',(#1610));
#345=EDGE_LOOP('',(#1611));
#346=EDGE_LOOP('',(#1612));
#347=EDGE_LOOP('',(#1613));
#348=EDGE_LOOP('',(#1614));
#349=EDGE_LOOP('',(#1615));
#350=EDGE_LOOP('',(#1616));
#351=EDGE_LOOP('',(#1617,#1618,#1619,#1620,#1621));
#352=EDGE_LOOP('',(#1622));
#353=EDGE_LOOP('',(#1623));
#354=EDGE_LOOP('',(#1624));
#355=EDGE_LOOP('',(#1625));
#356=EDGE_LOOP('',(#1626));
#357=EDGE_LOOP('',(#1627));
#358=EDGE_LOOP('',(#1628));
#359=EDGE_LOOP('',(#1629));
#360=EDGE_LOOP('',(#1630,#1631,#1632,#1633,#1634));
#361=EDGE_LOOP('',(#1635,#1636,#1637,#1638,#1639));
#362=EDGE_LOOP('',(#1640,#1641,#1642,#1643));
#363=EDGE_LOOP('',(#1644));
#364=EDGE_LOOP('',(#1645));
#365=EDGE_LOOP('',(#1646,#1647,#1648,#1649));
#366=EDGE_LOOP('',(#1650,#1651,#1652,#1653,#1654));
#367=EDGE_LOOP('',(#1655,#1656,#1657,#1658));
#368=EDGE_LOOP('',(#1659,#1660,#1661,#1662,#1663));
#369=EDGE_LOOP('',(#1664,#1665,#1666,#1667));
#370=EDGE_LOOP('',(#1668,#1669,#1670,#1671,#1672));
#371=EDGE_LOOP('',(#1673,#1674,#1675,#1676));
#372=EDGE_LOOP('',(#1677,#1678,#1679,#1680,#1681));
#373=EDGE_LOOP('',(#1682,#1683,#1684,#1685));
#374=EDGE_LOOP('',(#1686,#1687,#1688,#1689,#1690));
#375=EDGE_LOOP('',(#1691,#1692,#1693,#1694));
#376=EDGE_LOOP('',(#1695,#1696,#1697,#1698,#1699));
#377=EDGE_LOOP('',(#1700,#1701,#1702,#1703));
#378=EDGE_LOOP('',(#1704,#1705,#1706,#1707,#1708));
#379=EDGE_LOOP('',(#1709,#1710,#1711,#1712));
#380=EDGE_LOOP('',(#1713,#1714,#1715,#1716,#1717));
#381=EDGE_LOOP('',(#1718,#1719,#1720,#1721));
#382=EDGE_LOOP('',(#1722,#1723,#1724,#1725,#1726));
#383=EDGE_LOOP('',(#1727,#1728,#1729,#1730));
#384=EDGE_LOOP('',(#1731,#1732,#1733,#1734,#1735));
#385=EDGE_LOOP('',(#1736,#1737,#1738,#1739));
#386=EDGE_LOOP('',(#1740,#1741,#1742,#1743,#1744));
#387=EDGE_LOOP('',(#1745,#1746,#1747,#1748));
#388=EDGE_LOOP('',(#1749,#1750,#1751,#1752,#1753));
#389=EDGE_LOOP('',(#1754,#1755,#1756,#1757));
#390=EDGE_LOOP('',(#1758,#1759,#1760,#1761,#1762));
#391=EDGE_LOOP('',(#1763,#1764,#1765,#1766));
#392=EDGE_LOOP('',(#1767,#1768,#1769,#1770,#1771));
#393=EDGE_LOOP('',(#1772,#1773,#1774,#1775));
#394=EDGE_LOOP('',(#1776,#1777,#1778,#1779,#1780));
#395=EDGE_LOOP('',(#1781,#1782,#1783,#1784));
#396=EDGE_LOOP('',(#1785,#1786,#1787,#1788,#1789));
#397=EDGE_LOOP('',(#1790,#1791,#1792,#1793));
#398=EDGE_LOOP('',(#1794,#1795,#1796,#1797,#1798));
#399=EDGE_LOOP('',(#1799,#1800,#1801,#1802));
#400=EDGE_LOOP('',(#1803,#1804,#1805,#1806,#1807));
#401=EDGE_LOOP('',(#1808,#1809,#1810,#1811));
#402=EDGE_LOOP('',(#1812,#1813,#1814,#1815,#1816));
#403=EDGE_LOOP('',(#1817,#1818,#1819,#1820));
#404=EDGE_LOOP('',(#1821,#1822,#1823,#1824,#1825));
#405=EDGE_LOOP('',(#1826,#1827,#1828,#1829));
#406=EDGE_LOOP('',(#1830,#1831,#1832,#1833,#1834));
#407=EDGE_LOOP('',(#1835,#1836,#1837,#1838));
#408=EDGE_LOOP('',(#1839,#1840,#1841,#1842));
#409=EDGE_LOOP('',(#1843,#1844,#1845,#1846));
#410=EDGE_LOOP('',(#1847,#1848,#1849,#1850));
#411=EDGE_LOOP('',(#1851,#1852,#1853,#1854));
#412=EDGE_LOOP('',(#1855,#1856,#1857,#1858,#1859));
#413=EDGE_LOOP('',(#1860,#1861,#1862,#1863,#1864));
#414=EDGE_LOOP('',(#1865,#1866,#1867,#1868,#1869));
#415=EDGE_LOOP('',(#1870,#1871,#1872,#1873,#1874));
#416=EDGE_LOOP('',(#1875,#1876,#1877,#1878,#1879));
#417=EDGE_LOOP('',(#1880,#1881,#1882,#1883,#1884));
#418=EDGE_LOOP('',(#1885,#1886,#1887,#1888,#1889));
#419=EDGE_LOOP('',(#1890,#1891,#1892,#1893,#1894));
#420=EDGE_LOOP('',(#1895,#1896,#1897,#1898,#1899));
#421=EDGE_LOOP('',(#1900,#1901,#1902,#1903,#1904));
#422=EDGE_LOOP('',(#1905,#1906,#1907,#1908,#1909));
#423=EDGE_LOOP('',(#1910,#1911,#1912,#1913,#1914));
#424=EDGE_LOOP('',(#1915,#1916,#1917,#1918,#1919));
#425=EDGE_LOOP('',(#1920,#1921,#1922,#1923,#1924));
#426=EDGE_LOOP('',(#1925,#1926,#1927,#1928,#1929));
#427=EDGE_LOOP('',(#1930,#1931,#1932,#1933,#1934));
#428=EDGE_LOOP('',(#1935,#1936,#1937,#1938,#1939));
#429=EDGE_LOOP('',(#1940,#1941,#1942,#1943,#1944));
#430=EDGE_LOOP('',(#1945,#1946,#1947,#1948,#1949));
#431=EDGE_LOOP('',(#1950,#1951,#1952,#1953,#1954));
#432=EDGE_LOOP('',(#1955,#1956,#1957,#1958,#1959));
#433=EDGE_LOOP('',(#1960,#1961,#1962,#1963,#1964));
#434=EDGE_LOOP('',(#1965,#1966,#1967,#1968,#1969,#1970,#1971,#1972,#1973,
#1974,#1975,#1976));
#435=EDGE_LOOP('',(#1977,#1978,#1979,#1980,#1981,#1982,#1983,#1984,#1985,
#1986,#1987,#1988,#1989));
#436=EDGE_LOOP('',(#1990,#1991,#1992,#1993));
#437=EDGE_LOOP('',(#1994,#1995,#1996,#1997,#1998));
#438=EDGE_LOOP('',(#1999));
#439=EDGE_LOOP('',(#2000));
#440=EDGE_LOOP('',(#2001));
#441=EDGE_LOOP('',(#2002));
#442=EDGE_LOOP('',(#2003));
#443=EDGE_LOOP('',(#2004));
#444=EDGE_LOOP('',(#2005));
#445=EDGE_LOOP('',(#2006));
#446=EDGE_LOOP('',(#2007));
#447=EDGE_LOOP('',(#2008));
#448=EDGE_LOOP('',(#2009));
#449=EDGE_LOOP('',(#2010));
#450=EDGE_LOOP('',(#2011,#2012,#2013,#2014,#2015));
#451=EDGE_LOOP('',(#2016));
#452=EDGE_LOOP('',(#2017));
#453=EDGE_LOOP('',(#2018));
#454=EDGE_LOOP('',(#2019));
#455=EDGE_LOOP('',(#2020));
#456=EDGE_LOOP('',(#2021));
#457=EDGE_LOOP('',(#2022));
#458=EDGE_LOOP('',(#2023));
#459=EDGE_LOOP('',(#2024));
#460=EDGE_LOOP('',(#2025));
#461=EDGE_LOOP('',(#2026));
#462=EDGE_LOOP('',(#2027));
#463=EDGE_LOOP('',(#2028));
#464=EDGE_LOOP('',(#2029));
#465=EDGE_LOOP('',(#2030));
#466=EDGE_LOOP('',(#2031));
#467=EDGE_LOOP('',(#2032));
#468=EDGE_LOOP('',(#2033));
#469=EDGE_LOOP('',(#2034));
#470=EDGE_LOOP('',(#2035));
#471=EDGE_LOOP('',(#2036));
#472=EDGE_LOOP('',(#2037));
#473=EDGE_LOOP('',(#2038));
#474=EDGE_LOOP('',(#2039));
#475=EDGE_LOOP('',(#2040));
#476=EDGE_LOOP('',(#2041));
#477=EDGE_LOOP('',(#2042,#2043,#2044,#2045));
#478=EDGE_LOOP('',(#2046));
#479=EDGE_LOOP('',(#2047));
#480=EDGE_LOOP('',(#2048));
#481=EDGE_LOOP('',(#2049));
#482=EDGE_LOOP('',(#2050));
#483=EDGE_LOOP('',(#2051));
#484=EDGE_LOOP('',(#2052));
#485=EDGE_LOOP('',(#2053));
#486=EDGE_LOOP('',(#2054));
#487=EDGE_LOOP('',(#2055));
#488=EDGE_LOOP('',(#2056));
#489=EDGE_LOOP('',(#2057));
#490=EDGE_LOOP('',(#2058));
#491=EDGE_LOOP('',(#2059));
#492=EDGE_LOOP('',(#2060,#2061,#2062,#2063));
#493=EDGE_LOOP('',(#2064,#2065,#2066,#2067,#2068));
#494=EDGE_LOOP('',(#2069,#2070,#2071,#2072,#2073));
#495=EDGE_LOOP('',(#2074,#2075,#2076,#2077));
#496=EDGE_LOOP('',(#2078,#2079,#2080,#2081,#2082));
#497=EDGE_LOOP('',(#2083,#2084,#2085,#2086,#2087));
#498=EDGE_LOOP('',(#2088));
#499=EDGE_LOOP('',(#2089));
#500=LINE('',#3371,#630);
#501=LINE('',#3377,#631);
#502=LINE('',#3386,#632);
#503=LINE('',#3392,#633);
#504=LINE('',#3397,#634);
#505=LINE('',#3404,#635);
#506=LINE('',#3410,#636);
#507=LINE('',#3418,#637);
#508=LINE('',#3424,#638);
#509=LINE('',#3432,#639);
#510=LINE('',#3438,#640);
#511=LINE('',#3446,#641);
#512=LINE('',#3452,#642);
#513=LINE('',#3460,#643);
#514=LINE('',#3466,#644);
#515=LINE('',#3474,#645);
#516=LINE('',#3480,#646);
#517=LINE('',#3486,#647);
#518=LINE('',#3493,#648);
#519=LINE('',#3498,#649);
#520=LINE('',#3500,#650);
#521=LINE('',#3502,#651);
#522=LINE('',#3504,#652);
#523=LINE('',#3506,#653);
#524=LINE('',#3508,#654);
#525=LINE('',#3510,#655);
#526=LINE('',#3515,#656);
#527=LINE('',#3523,#657);
#528=LINE('',#3527,#658);
#529=LINE('',#3531,#659);
#530=LINE('',#3535,#660);
#531=LINE('',#3538,#661);
#532=LINE('',#3540,#662);
#533=LINE('',#3543,#663);
#534=LINE('',#3547,#664);
#535=LINE('',#3550,#665);
#536=LINE('',#3551,#666);
#537=LINE('',#3554,#667);
#538=LINE('',#3556,#668);
#539=LINE('',#3564,#669);
#540=LINE('',#3572,#670);
#541=LINE('',#3579,#671);
#542=LINE('',#3582,#672);
#543=LINE('',#3589,#673);
#544=LINE('',#3595,#674);
#545=LINE('',#3603,#675);
#546=LINE('',#3609,#676);
#547=LINE('',#3617,#677);
#548=LINE('',#3623,#678);
#549=LINE('',#3631,#679);
#550=LINE('',#3637,#680);
#551=LINE('',#3645,#681);
#552=LINE('',#3651,#682);
#553=LINE('',#3659,#683);
#554=LINE('',#3665,#684);
#555=LINE('',#3673,#685);
#556=LINE('',#3679,#686);
#557=LINE('',#3687,#687);
#558=LINE('',#3693,#688);
#559=LINE('',#3701,#689);
#560=LINE('',#3707,#690);
#561=LINE('',#3715,#691);
#562=LINE('',#3721,#692);
#563=LINE('',#3729,#693);
#564=LINE('',#3735,#694);
#565=LINE('',#3743,#695);
#566=LINE('',#3749,#696);
#567=LINE('',#3757,#697);
#568=LINE('',#3763,#698);
#569=LINE('',#3771,#699);
#570=LINE('',#3777,#700);
#571=LINE('',#3785,#701);
#572=LINE('',#3791,#702);
#573=LINE('',#3799,#703);
#574=LINE('',#3805,#704);
#575=LINE('',#3813,#705);
#576=LINE('',#3819,#706);
#577=LINE('',#3827,#707);
#578=LINE('',#3833,#708);
#579=LINE('',#3841,#709);
#580=LINE('',#3847,#710);
#581=LINE('',#3855,#711);
#582=LINE('',#3861,#712);
#583=LINE('',#3867,#713);
#584=LINE('',#3873,#714);
#585=LINE('',#3879,#715);
#586=LINE('',#3885,#716);
#587=LINE('',#3888,#717);
#588=LINE('',#3890,#718);
#589=LINE('',#3892,#719);
#590=LINE('',#3894,#720);
#591=LINE('',#3896,#721);
#592=LINE('',#3898,#722);
#593=LINE('',#3900,#723);
#594=LINE('',#3902,#724);
#595=LINE('',#3904,#725);
#596=LINE('',#3906,#726);
#597=LINE('',#3908,#727);
#598=LINE('',#3910,#728);
#599=LINE('',#3912,#729);
#600=LINE('',#3914,#730);
#601=LINE('',#3916,#731);
#602=LINE('',#3918,#732);
#603=LINE('',#3920,#733);
#604=LINE('',#3922,#734);
#605=LINE('',#3924,#735);
#606=LINE('',#3926,#736);
#607=LINE('',#3931,#737);
#608=LINE('',#3938,#738);
#609=LINE('',#3944,#739);
#610=LINE('',#3948,#740);
#611=LINE('',#3951,#741);
#612=LINE('',#3955,#742);
#613=LINE('',#3958,#743);
#614=LINE('',#3961,#744);
#615=LINE('',#3965,#745);
#616=LINE('',#3968,#746);
#617=LINE('',#3970,#747);
#618=LINE('',#3974,#748);
#619=LINE('',#3980,#749);
#620=LINE('',#3986,#750);
#621=LINE('',#3987,#751);
#622=LINE('',#3989,#752);
#623=LINE('',#3990,#753);
#624=LINE('',#3993,#754);
#625=LINE('',#3994,#755);
#626=LINE('',#3997,#756);
#627=LINE('',#3998,#757);
#628=LINE('',#4002,#758);
#629=LINE('',#4003,#759);
#630=VECTOR('',#2613,17.55);
#631=VECTOR('',#2620,19.05);
#632=VECTOR('',#2633,17.5);
#633=VECTOR('',#2640,19.2);
#634=VECTOR('',#2647,19.2);
#635=VECTOR('',#2654,3.64999999999999);
#636=VECTOR('',#2661,3.35);
#637=VECTOR('',#2670,3.65);
#638=VECTOR('',#2677,3.35);
#639=VECTOR('',#2686,3.64999999999997);
#640=VECTOR('',#2693,3.35);
#641=VECTOR('',#2702,3.64999999999999);
#642=VECTOR('',#2709,3.35);
#643=VECTOR('',#2718,3.64999999999998);
#644=VECTOR('',#2725,3.35);
#645=VECTOR('',#2734,3.64999999999997);
#646=VECTOR('',#2741,3.35);
#647=VECTOR('',#2748,35.);
#648=VECTOR('',#2755,10.);
#649=VECTOR('',#2760,10.);
#650=VECTOR('',#2763,3.35);
#651=VECTOR('',#2766,3.35);
#652=VECTOR('',#2769,3.35);
#653=VECTOR('',#2772,3.35);
#654=VECTOR('',#2775,3.35);
#655=VECTOR('',#2778,3.35);
#656=VECTOR('',#2783,20.7316178594403);
#657=VECTOR('',#2792,20.95);
#658=VECTOR('',#2797,24.175);
#659=VECTOR('',#2800,1000.);
#660=VECTOR('',#2803,1000.);
#661=VECTOR('',#2808,35.);
#662=VECTOR('',#2809,1000.);
#663=VECTOR('',#2812,1000.);
#664=VECTOR('',#2817,17.5);
#665=VECTOR('',#2822,1000.);
#666=VECTOR('',#2823,1000.);
#667=VECTOR('',#2828,1000.);
#668=VECTOR('',#2831,1000.);
#669=VECTOR('',#2842,19.05);
#670=VECTOR('',#2851,126.2);
#671=VECTOR('',#2858,10.);
#672=VECTOR('',#2861,10.);
#673=VECTOR('',#2868,4.49999999999989);
#674=VECTOR('',#2875,4.2);
#675=VECTOR('',#2884,4.49999999999992);
#676=VECTOR('',#2891,4.2);
#677=VECTOR('',#2900,4.49999999999981);
#678=VECTOR('',#2907,4.2);
#679=VECTOR('',#2916,4.49999999999982);
#680=VECTOR('',#2923,4.2);
#681=VECTOR('',#2932,4.49999999999984);
#682=VECTOR('',#2939,4.2);
#683=VECTOR('',#2948,4.49999999999974);
#684=VECTOR('',#2955,4.2);
#685=VECTOR('',#2964,4.4999999999998);
#686=VECTOR('',#2971,4.2);
#687=VECTOR('',#2980,4.49999999999992);
#688=VECTOR('',#2987,4.2);
#689=VECTOR('',#2996,4.49999999999991);
#690=VECTOR('',#3003,4.2);
#691=VECTOR('',#3012,4.49999999999992);
#692=VECTOR('',#3019,4.2);
#693=VECTOR('',#3028,4.49999999999998);
#694=VECTOR('',#3035,4.2);
#695=VECTOR('',#3044,4.49999999999984);
#696=VECTOR('',#3051,4.2);
#697=VECTOR('',#3060,4.49999999999977);
#698=VECTOR('',#3067,4.2);
#699=VECTOR('',#3076,4.49999999999981);
#700=VECTOR('',#3083,4.2);
#701=VECTOR('',#3092,4.49999999999981);
#702=VECTOR('',#3099,4.2);
#703=VECTOR('',#3108,4.49999999999992);
#704=VECTOR('',#3115,4.2);
#705=VECTOR('',#3124,4.49999999999982);
#706=VECTOR('',#3131,4.2);
#707=VECTOR('',#3140,4.49999999999982);
#708=VECTOR('',#3147,4.2);
#709=VECTOR('',#3156,4.49999999999988);
#710=VECTOR('',#3163,4.2);
#711=VECTOR('',#3172,4.49999999999981);
#712=VECTOR('',#3179,4.2);
#713=VECTOR('',#3186,4.2);
#714=VECTOR('',#3193,4.2);
#715=VECTOR('',#3200,4.2);
#716=VECTOR('',#3207,4.2);
#717=VECTOR('',#3212,4.2);
#718=VECTOR('',#3215,4.2);
#719=VECTOR('',#3218,4.2);
#720=VECTOR('',#3221,4.2);
#721=VECTOR('',#3224,4.2);
#722=VECTOR('',#3227,4.2);
#723=VECTOR('',#3230,4.2);
#724=VECTOR('',#3233,4.2);
#725=VECTOR('',#3236,4.2);
#726=VECTOR('',#3239,4.2);
#727=VECTOR('',#3242,4.2);
#728=VECTOR('',#3245,4.2);
#729=VECTOR('',#3248,4.2);
#730=VECTOR('',#3251,4.2);
#731=VECTOR('',#3254,4.2);
#732=VECTOR('',#3257,4.2);
#733=VECTOR('',#3260,4.2);
#734=VECTOR('',#3263,4.2);
#735=VECTOR('',#3266,4.2);
#736=VECTOR('',#3269,4.2);
#737=VECTOR('',#3274,108.23161785944);
#738=VECTOR('',#3283,108.45);
#739=VECTOR('',#3288,1000.);
#740=VECTOR('',#3291,1000.);
#741=VECTOR('',#3294,111.175);
#742=VECTOR('',#3297,1000.);
#743=VECTOR('',#3300,1000.);
#744=VECTOR('',#3303,126.6);
#745=VECTOR('',#3306,1000.);
#746=VECTOR('',#3309,1000.);
#747=VECTOR('',#3310,1000.);
#748=VECTOR('',#3313,1000.);
#749=VECTOR('',#3320,17.55);
#750=VECTOR('',#3327,1000.);
#751=VECTOR('',#3328,1000.);
#752=VECTOR('',#3331,10.);
#753=VECTOR('',#3332,10.);
#754=VECTOR('',#3337,1000.);
#755=VECTOR('',#3338,1000.);
#756=VECTOR('',#3343,1000.);
#757=VECTOR('',#3344,1000.);
#758=VECTOR('',#3351,1000.);
#759=VECTOR('',#3352,1000.);
#760=CIRCLE('',#2293,17.55);
#761=CIRCLE('',#2294,17.55);
#762=CIRCLE('',#2296,19.05);
#763=CIRCLE('',#2297,19.05);
#764=CIRCLE('',#2302,17.5);
#765=CIRCLE('',#2303,17.8);
#766=CIRCLE('',#2305,19.2);
#767=CIRCLE('',#2306,19.5);
#768=CIRCLE('',#2308,19.2);
#769=CIRCLE('',#2310,3.35);
#770=CIRCLE('',#2311,3.35);
#771=CIRCLE('',#2312,3.64999999999998);
#772=CIRCLE('',#2314,3.35);
#773=CIRCLE('',#2315,3.65000000000003);
#774=CIRCLE('',#2317,3.35);
#775=CIRCLE('',#2318,3.35);
#776=CIRCLE('',#2319,3.65);
#777=CIRCLE('',#2321,3.35);
#778=CIRCLE('',#2322,3.65000000000002);
#779=CIRCLE('',#2324,3.35);
#780=CIRCLE('',#2325,3.35);
#781=CIRCLE('',#2326,3.64999999999997);
#782=CIRCLE('',#2328,3.35);
#783=CIRCLE('',#2329,3.65000000000002);
#784=CIRCLE('',#2331,3.35);
#785=CIRCLE('',#2332,3.35);
#786=CIRCLE('',#2333,3.64999999999999);
#787=CIRCLE('',#2335,3.35);
#788=CIRCLE('',#2336,3.65000000000002);
#789=CIRCLE('',#2338,3.35);
#790=CIRCLE('',#2339,3.35);
#791=CIRCLE('',#2340,3.64999999999998);
#792=CIRCLE('',#2342,3.35);
#793=CIRCLE('',#2343,3.64999999999999);
#794=CIRCLE('',#2345,3.35);
#795=CIRCLE('',#2346,3.35);
#796=CIRCLE('',#2347,3.64999999999997);
#797=CIRCLE('',#2349,3.35);
#798=CIRCLE('',#2350,3.65000000000002);
#799=CIRCLE('',#2352,35.);
#800=CIRCLE('',#2353,34.6);
#801=CIRCLE('',#2355,34.6);
#802=CIRCLE('',#2356,35.);
#803=CIRCLE('',#2357,35.);
#804=CIRCLE('',#2365,20.7316178594403);
#805=CIRCLE('',#2366,20.95);
#806=CIRCLE('',#2367,20.95);
#807=CIRCLE('',#2369,24.175);
#808=CIRCLE('',#2370,24.175);
#809=CIRCLE('',#2372,24.175);
#810=CIRCLE('',#2373,24.175);
#811=CIRCLE('',#2374,24.175);
#812=CIRCLE('',#2376,35.);
#813=CIRCLE('',#2378,17.5);
#814=CIRCLE('',#2388,19.05);
#815=CIRCLE('',#2389,19.05);
#816=CIRCLE('',#2391,126.6);
#817=CIRCLE('',#2392,126.6);
#818=CIRCLE('',#2393,126.2);
#819=CIRCLE('',#2395,126.2);
#820=CIRCLE('',#2396,126.6);
#821=CIRCLE('',#2398,4.2);
#822=CIRCLE('',#2399,4.2);
#823=CIRCLE('',#2400,4.49999999999989);
#824=CIRCLE('',#2402,4.2);
#825=CIRCLE('',#2403,4.50000000000003);
#826=CIRCLE('',#2405,4.2);
#827=CIRCLE('',#2406,4.2);
#828=CIRCLE('',#2407,4.49999999999992);
#829=CIRCLE('',#2409,4.2);
#830=CIRCLE('',#2410,4.50000000000017);
#831=CIRCLE('',#2412,4.2);
#832=CIRCLE('',#2413,4.2);
#833=CIRCLE('',#2414,4.49999999999982);
#834=CIRCLE('',#2416,4.2);
#835=CIRCLE('',#2417,4.5000000000002);
#836=CIRCLE('',#2419,4.2);
#837=CIRCLE('',#2420,4.2);
#838=CIRCLE('',#2421,4.49999999999982);
#839=CIRCLE('',#2423,4.2);
#840=CIRCLE('',#2424,4.50000000000013);
#841=CIRCLE('',#2426,4.2);
#842=CIRCLE('',#2427,4.2);
#843=CIRCLE('',#2428,4.49999999999985);
#844=CIRCLE('',#2430,4.2);
#845=CIRCLE('',#2431,4.5000000000001);
#846=CIRCLE('',#2433,4.2);
#847=CIRCLE('',#2434,4.2);
#848=CIRCLE('',#2435,4.49999999999974);
#849=CIRCLE('',#2437,4.2);
#850=CIRCLE('',#2438,4.50000000000005);
#851=CIRCLE('',#2440,4.2);
#852=CIRCLE('',#2441,4.2);
#853=CIRCLE('',#2442,4.4999999999998);
#854=CIRCLE('',#2444,4.2);
#855=CIRCLE('',#2445,4.50000000000006);
#856=CIRCLE('',#2447,4.2);
#857=CIRCLE('',#2448,4.2);
#858=CIRCLE('',#2449,4.49999999999992);
#859=CIRCLE('',#2451,4.2);
#860=CIRCLE('',#2452,4.50000000000017);
#861=CIRCLE('',#2454,4.2);
#862=CIRCLE('',#2455,4.2);
#863=CIRCLE('',#2456,4.49999999999991);
#864=CIRCLE('',#2458,4.2);
#865=CIRCLE('',#2459,4.50000000000021);
#866=CIRCLE('',#2461,4.2);
#867=CIRCLE('',#2462,4.2);
#868=CIRCLE('',#2463,4.49999999999992);
#869=CIRCLE('',#2465,4.2);
#870=CIRCLE('',#2466,4.50000000000017);
#871=CIRCLE('',#2468,4.2);
#872=CIRCLE('',#2469,4.2);
#873=CIRCLE('',#2470,4.49999999999998);
#874=CIRCLE('',#2472,4.2);
#875=CIRCLE('',#2473,4.5000000000002);
#876=CIRCLE('',#2475,4.2);
#877=CIRCLE('',#2476,4.2);
#878=CIRCLE('',#2477,4.49999999999984);
#879=CIRCLE('',#2479,4.2);
#880=CIRCLE('',#2480,4.50000000000024);
#881=CIRCLE('',#2482,4.2);
#882=CIRCLE('',#2483,4.2);
#883=CIRCLE('',#2484,4.49999999999975);
#884=CIRCLE('',#2486,4.2);
#885=CIRCLE('',#2487,4.50000000000016);
#886=CIRCLE('',#2489,4.2);
#887=CIRCLE('',#2490,4.2);
#888=CIRCLE('',#2491,4.49999999999981);
#889=CIRCLE('',#2493,4.2);
#890=CIRCLE('',#2494,4.50000000000014);
#891=CIRCLE('',#2496,4.2);
#892=CIRCLE('',#2497,4.2);
#893=CIRCLE('',#2498,4.49999999999981);
#894=CIRCLE('',#2500,4.2);
#895=CIRCLE('',#2501,4.50000000000022);
#896=CIRCLE('',#2503,4.2);
#897=CIRCLE('',#2504,4.2);
#898=CIRCLE('',#2505,4.49999999999992);
#899=CIRCLE('',#2507,4.2);
#900=CIRCLE('',#2508,4.50000000000017);
#901=CIRCLE('',#2510,4.2);
#902=CIRCLE('',#2511,4.2);
#903=CIRCLE('',#2512,4.49999999999982);
#904=CIRCLE('',#2514,4.2);
#905=CIRCLE('',#2515,4.50000000000014);
#906=CIRCLE('',#2517,4.2);
#907=CIRCLE('',#2518,4.2);
#908=CIRCLE('',#2519,4.49999999999982);
#909=CIRCLE('',#2521,4.2);
#910=CIRCLE('',#2522,4.50000000000018);
#911=CIRCLE('',#2524,4.2);
#912=CIRCLE('',#2525,4.2);
#913=CIRCLE('',#2526,4.49999999999988);
#914=CIRCLE('',#2528,4.2);
#915=CIRCLE('',#2529,4.50000000000005);
#916=CIRCLE('',#2531,4.2);
#917=CIRCLE('',#2532,4.2);
#918=CIRCLE('',#2533,4.49999999999981);
#919=CIRCLE('',#2535,4.2);
#920=CIRCLE('',#2536,4.50000000000012);
#921=CIRCLE('',#2538,4.2);
#922=CIRCLE('',#2539,4.2);
#923=CIRCLE('',#2541,4.2);
#924=CIRCLE('',#2542,4.2);
#925=CIRCLE('',#2544,4.19999999999999);
#926=CIRCLE('',#2545,4.19999999999999);
#927=CIRCLE('',#2547,4.19999999999999);
#928=CIRCLE('',#2548,4.19999999999999);
#929=CIRCLE('',#2570,108.23161785944);
#930=CIRCLE('',#2571,108.45);
#931=CIRCLE('',#2572,108.45);
#932=CIRCLE('',#2574,111.175);
#933=CIRCLE('',#2576,111.175);
#934=CIRCLE('',#2577,111.175);
#935=CIRCLE('',#2578,111.175);
#936=CIRCLE('',#2579,111.175);
#937=CIRCLE('',#2580,111.175);
#938=CIRCLE('',#2582,126.6);
#939=CIRCLE('',#2583,126.6);
#940=CIRCLE('',#2584,126.6);
#941=CIRCLE('',#2585,126.6);
#942=CIRCLE('',#2587,17.55);
#943=CIRCLE('',#2588,17.55);
#944=CIRCLE('',#2590,126.2);
#945=VERTEX_POINT('',#3368);
#946=VERTEX_POINT('',#3370);
#947=VERTEX_POINT('',#3374);
#948=VERTEX_POINT('',#3376);
#949=VERTEX_POINT('',#3383);
#950=VERTEX_POINT('',#3385);
#951=VERTEX_POINT('',#3389);
#952=VERTEX_POINT('',#3391);
#953=VERTEX_POINT('',#3395);
#954=VERTEX_POINT('',#3399);
#955=VERTEX_POINT('',#3400);
#956=VERTEX_POINT('',#3403);
#957=VERTEX_POINT('',#3407);
#958=VERTEX_POINT('',#3409);
#959=VERTEX_POINT('',#3413);
#960=VERTEX_POINT('',#3414);
#961=VERTEX_POINT('',#3417);
#962=VERTEX_POINT('',#3421);
#963=VERTEX_POINT('',#3423);
#964=VERTEX_POINT('',#3427);
#965=VERTEX_POINT('',#3428);
#966=VERTEX_POINT('',#3431);
#967=VERTEX_POINT('',#3435);
#968=VERTEX_POINT('',#3437);
#969=VERTEX_POINT('',#3441);
#970=VERTEX_POINT('',#3442);
#971=VERTEX_POINT('',#3445);
#972=VERTEX_POINT('',#3449);
#973=VERTEX_POINT('',#3451);
#974=VERTEX_POINT('',#3455);
#975=VERTEX_POINT('',#3456);
#976=VERTEX_POINT('',#3459);
#977=VERTEX_POINT('',#3463);
#978=VERTEX_POINT('',#3465);
#979=VERTEX_POINT('',#3469);
#980=VERTEX_POINT('',#3470);
#981=VERTEX_POINT('',#3473);
#982=VERTEX_POINT('',#3477);
#983=VERTEX_POINT('',#3479);
#984=VERTEX_POINT('',#3483);
#985=VERTEX_POINT('',#3485);
#986=VERTEX_POINT('',#3489);
#987=VERTEX_POINT('',#3490);
#988=VERTEX_POINT('',#3492);
#989=VERTEX_POINT('',#3494);
#990=VERTEX_POINT('',#3496);
#991=VERTEX_POINT('',#3512);
#992=VERTEX_POINT('',#3514);
#993=VERTEX_POINT('',#3516);
#994=VERTEX_POINT('',#3520);
#995=VERTEX_POINT('',#3521);
#996=VERTEX_POINT('',#3526);
#997=VERTEX_POINT('',#3528);
#998=VERTEX_POINT('',#3530);
#999=VERTEX_POINT('',#3532);
#1000=VERTEX_POINT('',#3534);
#1001=VERTEX_POINT('',#3539);
#1002=VERTEX_POINT('',#3541);
#1003=VERTEX_POINT('',#3545);
#1004=VERTEX_POINT('',#3561);
#1005=VERTEX_POINT('',#3563);
#1006=VERTEX_POINT('',#3567);
#1007=VERTEX_POINT('',#3568);
#1008=VERTEX_POINT('',#3571);
#1009=VERTEX_POINT('',#3575);
#1010=VERTEX_POINT('',#3576);
#1011=VERTEX_POINT('',#3578);
#1012=VERTEX_POINT('',#3580);
#1013=VERTEX_POINT('',#3584);
#1014=VERTEX_POINT('',#3585);
#1015=VERTEX_POINT('',#3588);
#1016=VERTEX_POINT('',#3592);
#1017=VERTEX_POINT('',#3594);
#1018=VERTEX_POINT('',#3598);
#1019=VERTEX_POINT('',#3599);
#1020=VERTEX_POINT('',#3602);
#1021=VERTEX_POINT('',#3606);
#1022=VERTEX_POINT('',#3608);
#1023=VERTEX_POINT('',#3612);
#1024=VERTEX_POINT('',#3613);
#1025=VERTEX_POINT('',#3616);
#1026=VERTEX_POINT('',#3620);
#1027=VERTEX_POINT('',#3622);
#1028=VERTEX_POINT('',#3626);
#1029=VERTEX_POINT('',#3627);
#1030=VERTEX_POINT('',#3630);
#1031=VERTEX_POINT('',#3634);
#1032=VERTEX_POINT('',#3636);
#1033=VERTEX_POINT('',#3640);
#1034=VERTEX_POINT('',#3641);
#1035=VERTEX_POINT('',#3644);
#1036=VERTEX_POINT('',#3648);
#1037=VERTEX_POINT('',#3650);
#1038=VERTEX_POINT('',#3654);
#1039=VERTEX_POINT('',#3655);
#1040=VERTEX_POINT('',#3658);
#1041=VERTEX_POINT('',#3662);
#1042=VERTEX_POINT('',#3664);
#1043=VERTEX_POINT('',#3668);
#1044=VERTEX_POINT('',#3669);
#1045=VERTEX_POINT('',#3672);
#1046=VERTEX_POINT('',#3676);
#1047=VERTEX_POINT('',#3678);
#1048=VERTEX_POINT('',#3682);
#1049=VERTEX_POINT('',#3683);
#1050=VERTEX_POINT('',#3686);
#1051=VERTEX_POINT('',#3690);
#1052=VERTEX_POINT('',#3692);
#1053=VERTEX_POINT('',#3696);
#1054=VERTEX_POINT('',#3697);
#1055=VERTEX_POINT('',#3700);
#1056=VERTEX_POINT('',#3704);
#1057=VERTEX_POINT('',#3706);
#1058=VERTEX_POINT('',#3710);
#1059=VERTEX_POINT('',#3711);
#1060=VERTEX_POINT('',#3714);
#1061=VERTEX_POINT('',#3718);
#1062=VERTEX_POINT('',#3720);
#1063=VERTEX_POINT('',#3724);
#1064=VERTEX_POINT('',#3725);
#1065=VERTEX_POINT('',#3728);
#1066=VERTEX_POINT('',#3732);
#1067=VERTEX_POINT('',#3734);
#1068=VERTEX_POINT('',#3738);
#1069=VERTEX_POINT('',#3739);
#1070=VERTEX_POINT('',#3742);
#1071=VERTEX_POINT('',#3746);
#1072=VERTEX_POINT('',#3748);
#1073=VERTEX_POINT('',#3752);
#1074=VERTEX_POINT('',#3753);
#1075=VERTEX_POINT('',#3756);
#1076=VERTEX_POINT('',#3760);
#1077=VERTEX_POINT('',#3762);
#1078=VERTEX_POINT('',#3766);
#1079=VERTEX_POINT('',#3767);
#1080=VERTEX_POINT('',#3770);
#1081=VERTEX_POINT('',#3774);
#1082=VERTEX_POINT('',#3776);
#1083=VERTEX_POINT('',#3780);
#1084=VERTEX_POINT('',#3781);
#1085=VERTEX_POINT('',#3784);
#1086=VERTEX_POINT('',#3788);
#1087=VERTEX_POINT('',#3790);
#1088=VERTEX_POINT('',#3794);
#1089=VERTEX_POINT('',#3795);
#1090=VERTEX_POINT('',#3798);
#1091=VERTEX_POINT('',#3802);
#1092=VERTEX_POINT('',#3804);
#1093=VERTEX_POINT('',#3808);
#1094=VERTEX_POINT('',#3809);
#1095=VERTEX_POINT('',#3812);
#1096=VERTEX_POINT('',#3816);
#1097=VERTEX_POINT('',#3818);
#1098=VERTEX_POINT('',#3822);
#1099=VERTEX_POINT('',#3823);
#1100=VERTEX_POINT('',#3826);
#1101=VERTEX_POINT('',#3830);
#1102=VERTEX_POINT('',#3832);
#1103=VERTEX_POINT('',#3836);
#1104=VERTEX_POINT('',#3837);
#1105=VERTEX_POINT('',#3840);
#1106=VERTEX_POINT('',#3844);
#1107=VERTEX_POINT('',#3846);
#1108=VERTEX_POINT('',#3850);
#1109=VERTEX_POINT('',#3851);
#1110=VERTEX_POINT('',#3854);
#1111=VERTEX_POINT('',#3858);
#1112=VERTEX_POINT('',#3860);
#1113=VERTEX_POINT('',#3864);
#1114=VERTEX_POINT('',#3866);
#1115=VERTEX_POINT('',#3870);
#1116=VERTEX_POINT('',#3872);
#1117=VERTEX_POINT('',#3876);
#1118=VERTEX_POINT('',#3878);
#1119=VERTEX_POINT('',#3882);
#1120=VERTEX_POINT('',#3884);
#1121=VERTEX_POINT('',#3928);
#1122=VERTEX_POINT('',#3930);
#1123=VERTEX_POINT('',#3932);
#1124=VERTEX_POINT('',#3936);
#1125=VERTEX_POINT('',#3940);
#1126=VERTEX_POINT('',#3941);
#1127=VERTEX_POINT('',#3943);
#1128=VERTEX_POINT('',#3945);
#1129=VERTEX_POINT('',#3947);
#1130=VERTEX_POINT('',#3949);
#1131=VERTEX_POINT('',#3952);
#1132=VERTEX_POINT('',#3954);
#1133=VERTEX_POINT('',#3956);
#1134=VERTEX_POINT('',#3960);
#1135=VERTEX_POINT('',#3962);
#1136=VERTEX_POINT('',#3964);
#1137=VERTEX_POINT('',#3966);
#1138=VERTEX_POINT('',#3969);
#1139=VERTEX_POINT('',#3971);
#1140=VERTEX_POINT('',#3973);
#1141=VERTEX_POINT('',#3977);
#1142=VERTEX_POINT('',#3979);
#1143=VERTEX_POINT('',#3983);
#1144=VERTEX_POINT('',#3984);
#1145=EDGE_CURVE('',#945,#945,#760,.T.);
#1146=EDGE_CURVE('',#945,#946,#500,.T.);
#1147=EDGE_CURVE('',#946,#946,#761,.T.);
#1148=EDGE_CURVE('',#947,#947,#762,.T.);
#1149=EDGE_CURVE('',#947,#948,#501,.T.);
#1150=EDGE_CURVE('',#948,#948,#763,.T.);
#1151=EDGE_CURVE('',#949,#949,#764,.T.);
#1152=EDGE_CURVE('',#949,#950,#502,.T.);
#1153=EDGE_CURVE('',#950,#950,#765,.T.);
#1154=EDGE_CURVE('',#951,#951,#766,.T.);
#1155=EDGE_CURVE('',#951,#952,#503,.T.);
#1156=EDGE_CURVE('',#952,#952,#767,.T.);
#1157=EDGE_CURVE('',#953,#953,#768,.T.);
#1158=EDGE_CURVE('',#953,#951,#504,.T.);
#1159=EDGE_CURVE('',#954,#955,#769,.T.);
#1160=EDGE_CURVE('',#955,#954,#770,.T.);
#1161=EDGE_CURVE('',#955,#956,#505,.T.);
#1162=EDGE_CURVE('',#956,#956,#771,.T.);
#1163=EDGE_CURVE('',#957,#957,#772,.T.);
#1164=EDGE_CURVE('',#957,#958,#506,.T.);
#1165=EDGE_CURVE('',#958,#958,#773,.T.);
#1166=EDGE_CURVE('',#959,#960,#774,.T.);
#1167=EDGE_CURVE('',#960,#959,#775,.T.);
#1168=EDGE_CURVE('',#960,#961,#507,.T.);
#1169=EDGE_CURVE('',#961,#961,#776,.T.);
#1170=EDGE_CURVE('',#962,#962,#777,.T.);
#1171=EDGE_CURVE('',#962,#963,#508,.T.);
#1172=EDGE_CURVE('',#963,#963,#778,.T.);
#1173=EDGE_CURVE('',#964,#965,#779,.T.);
#1174=EDGE_CURVE('',#965,#964,#780,.T.);
#1175=EDGE_CURVE('',#965,#966,#509,.T.);
#1176=EDGE_CURVE('',#966,#966,#781,.T.);
#1177=EDGE_CURVE('',#967,#967,#782,.T.);
#1178=EDGE_CURVE('',#967,#968,#510,.T.);
#1179=EDGE_CURVE('',#968,#968,#783,.T.);
#1180=EDGE_CURVE('',#969,#970,#784,.T.);
#1181=EDGE_CURVE('',#970,#969,#785,.T.);
#1182=EDGE_CURVE('',#970,#971,#511,.T.);
#1183=EDGE_CURVE('',#971,#971,#786,.T.);
#1184=EDGE_CURVE('',#972,#972,#787,.T.);
#1185=EDGE_CURVE('',#972,#973,#512,.T.);
#1186=EDGE_CURVE('',#973,#973,#788,.T.);
#1187=EDGE_CURVE('',#974,#975,#789,.T.);
#1188=EDGE_CURVE('',#975,#974,#790,.T.);
#1189=EDGE_CURVE('',#975,#976,#513,.T.);
#1190=EDGE_CURVE('',#976,#976,#791,.T.);
#1191=EDGE_CURVE('',#977,#977,#792,.T.);
#1192=EDGE_CURVE('',#977,#978,#514,.T.);
#1193=EDGE_CURVE('',#978,#978,#793,.T.);
#1194=EDGE_CURVE('',#979,#980,#794,.T.);
#1195=EDGE_CURVE('',#980,#979,#795,.T.);
#1196=EDGE_CURVE('',#980,#981,#515,.T.);
#1197=EDGE_CURVE('',#981,#981,#796,.T.);
#1198=EDGE_CURVE('',#982,#982,#797,.T.);
#1199=EDGE_CURVE('',#982,#983,#516,.T.);
#1200=EDGE_CURVE('',#983,#983,#798,.T.);
#1201=EDGE_CURVE('',#984,#984,#799,.T.);
#1202=EDGE_CURVE('',#984,#985,#517,.T.);
#1203=EDGE_CURVE('',#985,#985,#800,.T.);
#1204=EDGE_CURVE('',#986,#987,#801,.T.);
#1205=EDGE_CURVE('',#988,#986,#518,.T.);
#1206=EDGE_CURVE('',#989,#988,#802,.T.);
#1207=EDGE_CURVE('',#990,#989,#803,.T.);
#1208=EDGE_CURVE('',#987,#990,#519,.T.);
#1209=EDGE_CURVE('',#954,#957,#520,.T.);
#1210=EDGE_CURVE('',#959,#962,#521,.T.);
#1211=EDGE_CURVE('',#964,#967,#522,.T.);
#1212=EDGE_CURVE('',#969,#972,#523,.T.);
#1213=EDGE_CURVE('',#974,#977,#524,.T.);
#1214=EDGE_CURVE('',#979,#982,#525,.T.);
#1215=EDGE_CURVE('',#991,#991,#804,.T.);
#1216=EDGE_CURVE('',#991,#992,#526,.T.);
#1217=EDGE_CURVE('',#992,#993,#805,.T.);
#1218=EDGE_CURVE('',#993,#992,#806,.T.);
#1219=EDGE_CURVE('',#994,#995,#807,.T.);
#1220=EDGE_CURVE('',#995,#993,#527,.T.);
#1221=EDGE_CURVE('',#995,#994,#808,.T.);
#1222=EDGE_CURVE('',#994,#996,#528,.T.);
#1223=EDGE_CURVE('',#996,#997,#809,.T.);
#1224=EDGE_CURVE('',#998,#997,#529,.T.);
#1225=EDGE_CURVE('',#999,#998,#810,.T.);
#1226=EDGE_CURVE('',#1000,#999,#530,.T.);
#1227=EDGE_CURVE('',#1000,#996,#811,.T.);
#1228=EDGE_CURVE('',#989,#984,#531,.T.);
#1229=EDGE_CURVE('',#1001,#988,#532,.T.);
#1230=EDGE_CURVE('',#1002,#1001,#812,.T.);
#1231=EDGE_CURVE('',#990,#1002,#533,.T.);
#1232=EDGE_CURVE('',#1003,#1003,#813,.T.);
#1233=EDGE_CURVE('',#1003,#949,#534,.T.);
#1234=EDGE_CURVE('',#986,#1000,#535,.T.);
#1235=EDGE_CURVE('',#997,#987,#536,.T.);
#1236=EDGE_CURVE('',#1001,#999,#537,.T.);
#1237=EDGE_CURVE('',#998,#1002,#538,.T.);
#1238=EDGE_CURVE('',#1004,#1004,#814,.T.);
#1239=EDGE_CURVE('',#1004,#1005,#539,.T.);
#1240=EDGE_CURVE('',#1005,#1005,#815,.T.);
#1241=EDGE_CURVE('',#1006,#1007,#816,.T.);
#1242=EDGE_CURVE('',#1007,#1006,#817,.T.);
#1243=EDGE_CURVE('',#1007,#1008,#540,.T.);
#1244=EDGE_CURVE('',#1008,#1008,#818,.T.);
#1245=EDGE_CURVE('',#1009,#1010,#819,.T.);
#1246=EDGE_CURVE('',#1011,#1009,#541,.T.);
#1247=EDGE_CURVE('',#1012,#1011,#820,.T.);
#1248=EDGE_CURVE('',#1010,#1012,#542,.T.);
#1249=EDGE_CURVE('',#1013,#1014,#821,.T.);
#1250=EDGE_CURVE('',#1014,#1013,#822,.T.);
#1251=EDGE_CURVE('',#1014,#1015,#543,.T.);
#1252=EDGE_CURVE('',#1015,#1015,#823,.T.);
#1253=EDGE_CURVE('',#1016,#1016,#824,.T.);
#1254=EDGE_CURVE('',#1016,#1017,#544,.T.);
#1255=EDGE_CURVE('',#1017,#1017,#825,.T.);
#1256=EDGE_CURVE('',#1018,#1019,#826,.T.);
#1257=EDGE_CURVE('',#1019,#1018,#827,.T.);
#1258=EDGE_CURVE('',#1019,#1020,#545,.T.);
#1259=EDGE_CURVE('',#1020,#1020,#828,.T.);
#1260=EDGE_CURVE('',#1021,#1021,#829,.T.);
#1261=EDGE_CURVE('',#1021,#1022,#546,.T.);
#1262=EDGE_CURVE('',#1022,#1022,#830,.T.);
#1263=EDGE_CURVE('',#1023,#1024,#831,.T.);
#1264=EDGE_CURVE('',#1024,#1023,#832,.T.);
#1265=EDGE_CURVE('',#1024,#1025,#547,.T.);
#1266=EDGE_CURVE('',#1025,#1025,#833,.T.);
#1267=EDGE_CURVE('',#1026,#1026,#834,.T.);
#1268=EDGE_CURVE('',#1026,#1027,#548,.T.);
#1269=EDGE_CURVE('',#1027,#1027,#835,.T.);
#1270=EDGE_CURVE('',#1028,#1029,#836,.T.);
#1271=EDGE_CURVE('',#1029,#1028,#837,.T.);
#1272=EDGE_CURVE('',#1029,#1030,#549,.T.);
#1273=EDGE_CURVE('',#1030,#1030,#838,.T.);
#1274=EDGE_CURVE('',#1031,#1031,#839,.T.);
#1275=EDGE_CURVE('',#1031,#1032,#550,.T.);
#1276=EDGE_CURVE('',#1032,#1032,#840,.T.);
#1277=EDGE_CURVE('',#1033,#1034,#841,.T.);
#1278=EDGE_CURVE('',#1034,#1033,#842,.T.);
#1279=EDGE_CURVE('',#1034,#1035,#551,.T.);
#1280=EDGE_CURVE('',#1035,#1035,#843,.T.);
#1281=EDGE_CURVE('',#1036,#1036,#844,.T.);
#1282=EDGE_CURVE('',#1036,#1037,#552,.T.);
#1283=EDGE_CURVE('',#1037,#1037,#845,.T.);
#1284=EDGE_CURVE('',#1038,#1039,#846,.T.);
#1285=EDGE_CURVE('',#1039,#1038,#847,.T.);
#1286=EDGE_CURVE('',#1039,#1040,#553,.T.);
#1287=EDGE_CURVE('',#1040,#1040,#848,.T.);
#1288=EDGE_CURVE('',#1041,#1041,#849,.T.);
#1289=EDGE_CURVE('',#1041,#1042,#554,.T.);
#1290=EDGE_CURVE('',#1042,#1042,#850,.T.);
#1291=EDGE_CURVE('',#1043,#1044,#851,.T.);
#1292=EDGE_CURVE('',#1044,#1043,#852,.T.);
#1293=EDGE_CURVE('',#1044,#1045,#555,.T.);
#1294=EDGE_CURVE('',#1045,#1045,#853,.T.);
#1295=EDGE_CURVE('',#1046,#1046,#854,.T.);
#1296=EDGE_CURVE('',#1046,#1047,#556,.T.);
#1297=EDGE_CURVE('',#1047,#1047,#855,.T.);
#1298=EDGE_CURVE('',#1048,#1049,#856,.T.);
#1299=EDGE_CURVE('',#1049,#1048,#857,.T.);
#1300=EDGE_CURVE('',#1049,#1050,#557,.T.);
#1301=EDGE_CURVE('',#1050,#1050,#858,.T.);
#1302=EDGE_CURVE('',#1051,#1051,#859,.T.);
#1303=EDGE_CURVE('',#1051,#1052,#558,.T.);
#1304=EDGE_CURVE('',#1052,#1052,#860,.T.);
#1305=EDGE_CURVE('',#1053,#1054,#861,.T.);
#1306=EDGE_CURVE('',#1054,#1053,#862,.T.);
#1307=EDGE_CURVE('',#1054,#1055,#559,.T.);
#1308=EDGE_CURVE('',#1055,#1055,#863,.T.);
#1309=EDGE_CURVE('',#1056,#1056,#864,.T.);
#1310=EDGE_CURVE('',#1056,#1057,#560,.T.);
#1311=EDGE_CURVE('',#1057,#1057,#865,.T.);
#1312=EDGE_CURVE('',#1058,#1059,#866,.T.);
#1313=EDGE_CURVE('',#1059,#1058,#867,.T.);
#1314=EDGE_CURVE('',#1059,#1060,#561,.T.);
#1315=EDGE_CURVE('',#1060,#1060,#868,.T.);
#1316=EDGE_CURVE('',#1061,#1061,#869,.T.);
#1317=EDGE_CURVE('',#1061,#1062,#562,.T.);
#1318=EDGE_CURVE('',#1062,#1062,#870,.T.);
#1319=EDGE_CURVE('',#1063,#1064,#871,.T.);
#1320=EDGE_CURVE('',#1064,#1063,#872,.T.);
#1321=EDGE_CURVE('',#1064,#1065,#563,.T.);
#1322=EDGE_CURVE('',#1065,#1065,#873,.T.);
#1323=EDGE_CURVE('',#1066,#1066,#874,.T.);
#1324=EDGE_CURVE('',#1066,#1067,#564,.T.);
#1325=EDGE_CURVE('',#1067,#1067,#875,.T.);
#1326=EDGE_CURVE('',#1068,#1069,#876,.T.);
#1327=EDGE_CURVE('',#1069,#1068,#877,.T.);
#1328=EDGE_CURVE('',#1069,#1070,#565,.T.);
#1329=EDGE_CURVE('',#1070,#1070,#878,.T.);
#1330=EDGE_CURVE('',#1071,#1071,#879,.T.);
#1331=EDGE_CURVE('',#1071,#1072,#566,.T.);
#1332=EDGE_CURVE('',#1072,#1072,#880,.T.);
#1333=EDGE_CURVE('',#1073,#1074,#881,.T.);
#1334=EDGE_CURVE('',#1074,#1073,#882,.T.);
#1335=EDGE_CURVE('',#1074,#1075,#567,.T.);
#1336=EDGE_CURVE('',#1075,#1075,#883,.T.);
#1337=EDGE_CURVE('',#1076,#1076,#884,.T.);
#1338=EDGE_CURVE('',#1076,#1077,#568,.T.);
#1339=EDGE_CURVE('',#1077,#1077,#885,.T.);
#1340=EDGE_CURVE('',#1078,#1079,#886,.T.);
#1341=EDGE_CURVE('',#1079,#1078,#887,.T.);
#1342=EDGE_CURVE('',#1079,#1080,#569,.T.);
#1343=EDGE_CURVE('',#1080,#1080,#888,.T.);
#1344=EDGE_CURVE('',#1081,#1081,#889,.T.);
#1345=EDGE_CURVE('',#1081,#1082,#570,.T.);
#1346=EDGE_CURVE('',#1082,#1082,#890,.T.);
#1347=EDGE_CURVE('',#1083,#1084,#891,.T.);
#1348=EDGE_CURVE('',#1084,#1083,#892,.T.);
#1349=EDGE_CURVE('',#1084,#1085,#571,.T.);
#1350=EDGE_CURVE('',#1085,#1085,#893,.T.);
#1351=EDGE_CURVE('',#1086,#1086,#894,.T.);
#1352=EDGE_CURVE('',#1086,#1087,#572,.T.);
#1353=EDGE_CURVE('',#1087,#1087,#895,.T.);
#1354=EDGE_CURVE('',#1088,#1089,#896,.T.);
#1355=EDGE_CURVE('',#1089,#1088,#897,.T.);
#1356=EDGE_CURVE('',#1089,#1090,#573,.T.);
#1357=EDGE_CURVE('',#1090,#1090,#898,.T.);
#1358=EDGE_CURVE('',#1091,#1091,#899,.T.);
#1359=EDGE_CURVE('',#1091,#1092,#574,.T.);
#1360=EDGE_CURVE('',#1092,#1092,#900,.T.);
#1361=EDGE_CURVE('',#1093,#1094,#901,.T.);
#1362=EDGE_CURVE('',#1094,#1093,#902,.T.);
#1363=EDGE_CURVE('',#1094,#1095,#575,.T.);
#1364=EDGE_CURVE('',#1095,#1095,#903,.T.);
#1365=EDGE_CURVE('',#1096,#1096,#904,.T.);
#1366=EDGE_CURVE('',#1096,#1097,#576,.T.);
#1367=EDGE_CURVE('',#1097,#1097,#905,.T.);
#1368=EDGE_CURVE('',#1098,#1099,#906,.T.);
#1369=EDGE_CURVE('',#1099,#1098,#907,.T.);
#1370=EDGE_CURVE('',#1099,#1100,#577,.T.);
#1371=EDGE_CURVE('',#1100,#1100,#908,.T.);
#1372=EDGE_CURVE('',#1101,#1101,#909,.T.);
#1373=EDGE_CURVE('',#1101,#1102,#578,.T.);
#1374=EDGE_CURVE('',#1102,#1102,#910,.T.);
#1375=EDGE_CURVE('',#1103,#1104,#911,.T.);
#1376=EDGE_CURVE('',#1104,#1103,#912,.T.);
#1377=EDGE_CURVE('',#1104,#1105,#579,.T.);
#1378=EDGE_CURVE('',#1105,#1105,#913,.T.);
#1379=EDGE_CURVE('',#1106,#1106,#914,.T.);
#1380=EDGE_CURVE('',#1106,#1107,#580,.T.);
#1381=EDGE_CURVE('',#1107,#1107,#915,.T.);
#1382=EDGE_CURVE('',#1108,#1109,#916,.T.);
#1383=EDGE_CURVE('',#1109,#1108,#917,.T.);
#1384=EDGE_CURVE('',#1109,#1110,#581,.T.);
#1385=EDGE_CURVE('',#1110,#1110,#918,.T.);
#1386=EDGE_CURVE('',#1111,#1111,#919,.T.);
#1387=EDGE_CURVE('',#1111,#1112,#582,.T.);
#1388=EDGE_CURVE('',#1112,#1112,#920,.T.);
#1389=EDGE_CURVE('',#1113,#1113,#921,.T.);
#1390=EDGE_CURVE('',#1113,#1114,#583,.T.);
#1391=EDGE_CURVE('',#1114,#1114,#922,.T.);
#1392=EDGE_CURVE('',#1115,#1115,#923,.T.);
#1393=EDGE_CURVE('',#1115,#1116,#584,.T.);
#1394=EDGE_CURVE('',#1116,#1116,#924,.T.);
#1395=EDGE_CURVE('',#1117,#1117,#925,.T.);
#1396=EDGE_CURVE('',#1117,#1118,#585,.T.);
#1397=EDGE_CURVE('',#1118,#1118,#926,.T.);
#1398=EDGE_CURVE('',#1119,#1119,#927,.T.);
#1399=EDGE_CURVE('',#1119,#1120,#586,.T.);
#1400=EDGE_CURVE('',#1120,#1120,#928,.T.);
#1401=EDGE_CURVE('',#1053,#1056,#587,.T.);
#1402=EDGE_CURVE('',#1048,#1051,#588,.T.);
#1403=EDGE_CURVE('',#1043,#1046,#589,.T.);
#1404=EDGE_CURVE('',#1038,#1041,#590,.T.);
#1405=EDGE_CURVE('',#1033,#1036,#591,.T.);
#1406=EDGE_CURVE('',#1023,#1026,#592,.T.);
#1407=EDGE_CURVE('',#1028,#1031,#593,.T.);
#1408=EDGE_CURVE('',#1018,#1021,#594,.T.);
#1409=EDGE_CURVE('',#1013,#1016,#595,.T.);
#1410=EDGE_CURVE('',#1108,#1111,#596,.T.);
#1411=EDGE_CURVE('',#1103,#1106,#597,.T.);
#1412=EDGE_CURVE('',#1098,#1101,#598,.T.);
#1413=EDGE_CURVE('',#1093,#1096,#599,.T.);
#1414=EDGE_CURVE('',#1088,#1091,#600,.T.);
#1415=EDGE_CURVE('',#1083,#1086,#601,.T.);
#1416=EDGE_CURVE('',#1078,#1081,#602,.T.);
#1417=EDGE_CURVE('',#1073,#1076,#603,.T.);
#1418=EDGE_CURVE('',#1068,#1071,#604,.T.);
#1419=EDGE_CURVE('',#1063,#1066,#605,.T.);
#1420=EDGE_CURVE('',#1058,#1061,#606,.T.);
#1421=EDGE_CURVE('',#1121,#1121,#929,.T.);
#1422=EDGE_CURVE('',#1121,#1122,#607,.T.);
#1423=EDGE_CURVE('',#1123,#1122,#930,.T.);
#1424=EDGE_CURVE('',#1122,#1123,#931,.T.);
#1425=EDGE_CURVE('',#1124,#1124,#932,.T.);
#1426=EDGE_CURVE('',#1124,#1123,#608,.T.);
#1427=EDGE_CURVE('',#1125,#1126,#933,.T.);
#1428=EDGE_CURVE('',#1125,#1127,#609,.T.);
#1429=EDGE_CURVE('',#1128,#1127,#934,.T.);
#1430=EDGE_CURVE('',#1128,#1129,#610,.T.);
#1431=EDGE_CURVE('',#1130,#1129,#935,.T.);
#1432=EDGE_CURVE('',#1130,#1124,#611,.T.);
#1433=EDGE_CURVE('',#1131,#1130,#936,.T.);
#1434=EDGE_CURVE('',#1131,#1132,#612,.T.);
#1435=EDGE_CURVE('',#1133,#1132,#937,.T.);
#1436=EDGE_CURVE('',#1133,#1126,#613,.T.);
#1437=EDGE_CURVE('',#1006,#1134,#614,.T.);
#1438=EDGE_CURVE('',#1134,#1135,#938,.T.);
#1439=EDGE_CURVE('',#1135,#1136,#615,.T.);
#1440=EDGE_CURVE('',#1137,#1136,#939,.T.);
#1441=EDGE_CURVE('',#1137,#1012,#616,.T.);
#1442=EDGE_CURVE('',#1011,#1138,#617,.T.);
#1443=EDGE_CURVE('',#1139,#1138,#940,.T.);
#1444=EDGE_CURVE('',#1139,#1140,#618,.T.);
#1445=EDGE_CURVE('',#1140,#1134,#941,.T.);
#1446=EDGE_CURVE('',#1141,#1141,#942,.T.);
#1447=EDGE_CURVE('',#1141,#1142,#619,.T.);
#1448=EDGE_CURVE('',#1142,#1142,#943,.T.);
#1449=EDGE_CURVE('',#1143,#1144,#944,.T.);
#1450=EDGE_CURVE('',#1131,#1144,#620,.T.);
#1451=EDGE_CURVE('',#1143,#1129,#621,.T.);
#1452=EDGE_CURVE('',#1144,#1140,#622,.T.);
#1453=EDGE_CURVE('',#1135,#1143,#623,.T.);
#1454=EDGE_CURVE('',#1009,#1126,#624,.T.);
#1455=EDGE_CURVE('',#1125,#1010,#625,.T.);
#1456=EDGE_CURVE('',#1136,#1128,#626,.T.);
#1457=EDGE_CURVE('',#1127,#1137,#627,.T.);
#1458=EDGE_CURVE('',#1138,#1133,#628,.T.);
#1459=EDGE_CURVE('',#1132,#1139,#629,.T.);
#1460=ORIENTED_EDGE('',*,*,#1145,.T.);
#1461=ORIENTED_EDGE('',*,*,#1146,.T.);
#1462=ORIENTED_EDGE('',*,*,#1147,.F.);
#1463=ORIENTED_EDGE('',*,*,#1146,.F.);
#1464=ORIENTED_EDGE('',*,*,#1148,.T.);
#1465=ORIENTED_EDGE('',*,*,#1149,.T.);
#1466=ORIENTED_EDGE('',*,*,#1150,.F.);
#1467=ORIENTED_EDGE('',*,*,#1149,.F.);
#1468=ORIENTED_EDGE('',*,*,#1150,.T.);
#1469=ORIENTED_EDGE('',*,*,#1145,.F.);
#1470=ORIENTED_EDGE('',*,*,#1148,.F.);
#1471=ORIENTED_EDGE('',*,*,#1147,.T.);
#1472=ORIENTED_EDGE('',*,*,#1151,.F.);
#1473=ORIENTED_EDGE('',*,*,#1152,.T.);
#1474=ORIENTED_EDGE('',*,*,#1153,.F.);
#1475=ORIENTED_EDGE('',*,*,#1152,.F.);
#1476=ORIENTED_EDGE('',*,*,#1154,.F.);
#1477=ORIENTED_EDGE('',*,*,#1155,.T.);
#1478=ORIENTED_EDGE('',*,*,#1156,.F.);
#1479=ORIENTED_EDGE('',*,*,#1155,.F.);
#1480=ORIENTED_EDGE('',*,*,#1157,.F.);
#1481=ORIENTED_EDGE('',*,*,#1158,.T.);
#1482=ORIENTED_EDGE('',*,*,#1154,.T.);
#1483=ORIENTED_EDGE('',*,*,#1158,.F.);
#1484=ORIENTED_EDGE('',*,*,#1159,.F.);
#1485=ORIENTED_EDGE('',*,*,#1160,.F.);
#1486=ORIENTED_EDGE('',*,*,#1161,.T.);
#1487=ORIENTED_EDGE('',*,*,#1162,.F.);
#1488=ORIENTED_EDGE('',*,*,#1161,.F.);
#1489=ORIENTED_EDGE('',*,*,#1163,.F.);
#1490=ORIENTED_EDGE('',*,*,#1164,.T.);
#1491=ORIENTED_EDGE('',*,*,#1165,.F.);
#1492=ORIENTED_EDGE('',*,*,#1164,.F.);
#1493=ORIENTED_EDGE('',*,*,#1166,.F.);
#1494=ORIENTED_EDGE('',*,*,#1167,.F.);
#1495=ORIENTED_EDGE('',*,*,#1168,.T.);
#1496=ORIENTED_EDGE('',*,*,#1169,.F.);
#1497=ORIENTED_EDGE('',*,*,#1168,.F.);
#1498=ORIENTED_EDGE('',*,*,#1170,.F.);
#1499=ORIENTED_EDGE('',*,*,#1171,.T.);
#1500=ORIENTED_EDGE('',*,*,#1172,.F.);
#1501=ORIENTED_EDGE('',*,*,#1171,.F.);
#1502=ORIENTED_EDGE('',*,*,#1173,.F.);
#1503=ORIENTED_EDGE('',*,*,#1174,.F.);
#1504=ORIENTED_EDGE('',*,*,#1175,.T.);
#1505=ORIENTED_EDGE('',*,*,#1176,.F.);
#1506=ORIENTED_EDGE('',*,*,#1175,.F.);
#1507=ORIENTED_EDGE('',*,*,#1177,.F.);
#1508=ORIENTED_EDGE('',*,*,#1178,.T.);
#1509=ORIENTED_EDGE('',*,*,#1179,.F.);
#1510=ORIENTED_EDGE('',*,*,#1178,.F.);
#1511=ORIENTED_EDGE('',*,*,#1180,.F.);
#1512=ORIENTED_EDGE('',*,*,#1181,.F.);
#1513=ORIENTED_EDGE('',*,*,#1182,.T.);
#1514=ORIENTED_EDGE('',*,*,#1183,.F.);
#1515=ORIENTED_EDGE('',*,*,#1182,.F.);
#1516=ORIENTED_EDGE('',*,*,#1184,.F.);
#1517=ORIENTED_EDGE('',*,*,#1185,.T.);
#1518=ORIENTED_EDGE('',*,*,#1186,.F.);
#1519=ORIENTED_EDGE('',*,*,#1185,.F.);
#1520=ORIENTED_EDGE('',*,*,#1187,.F.);
#1521=ORIENTED_EDGE('',*,*,#1188,.F.);
#1522=ORIENTED_EDGE('',*,*,#1189,.T.);
#1523=ORIENTED_EDGE('',*,*,#1190,.F.);
#1524=ORIENTED_EDGE('',*,*,#1189,.F.);
#1525=ORIENTED_EDGE('',*,*,#1191,.F.);
#1526=ORIENTED_EDGE('',*,*,#1192,.T.);
#1527=ORIENTED_EDGE('',*,*,#1193,.F.);
#1528=ORIENTED_EDGE('',*,*,#1192,.F.);
#1529=ORIENTED_EDGE('',*,*,#1194,.F.);
#1530=ORIENTED_EDGE('',*,*,#1195,.F.);
#1531=ORIENTED_EDGE('',*,*,#1196,.T.);
#1532=ORIENTED_EDGE('',*,*,#1197,.F.);
#1533=ORIENTED_EDGE('',*,*,#1196,.F.);
#1534=ORIENTED_EDGE('',*,*,#1198,.F.);
#1535=ORIENTED_EDGE('',*,*,#1199,.T.);
#1536=ORIENTED_EDGE('',*,*,#1200,.F.);
#1537=ORIENTED_EDGE('',*,*,#1199,.F.);
#1538=ORIENTED_EDGE('',*,*,#1201,.F.);
#1539=ORIENTED_EDGE('',*,*,#1202,.T.);
#1540=ORIENTED_EDGE('',*,*,#1203,.F.);
#1541=ORIENTED_EDGE('',*,*,#1202,.F.);
#1542=ORIENTED_EDGE('',*,*,#1204,.F.);
#1543=ORIENTED_EDGE('',*,*,#1205,.F.);
#1544=ORIENTED_EDGE('',*,*,#1206,.F.);
#1545=ORIENTED_EDGE('',*,*,#1207,.F.);
#1546=ORIENTED_EDGE('',*,*,#1208,.F.);
#1547=ORIENTED_EDGE('',*,*,#1159,.T.);
#1548=ORIENTED_EDGE('',*,*,#1160,.T.);
#1549=ORIENTED_EDGE('',*,*,#1209,.T.);
#1550=ORIENTED_EDGE('',*,*,#1163,.T.);
#1551=ORIENTED_EDGE('',*,*,#1209,.F.);
#1552=ORIENTED_EDGE('',*,*,#1166,.T.);
#1553=ORIENTED_EDGE('',*,*,#1167,.T.);
#1554=ORIENTED_EDGE('',*,*,#1210,.T.);
#1555=ORIENTED_EDGE('',*,*,#1170,.T.);
#1556=ORIENTED_EDGE('',*,*,#1210,.F.);
#1557=ORIENTED_EDGE('',*,*,#1173,.T.);
#1558=ORIENTED_EDGE('',*,*,#1174,.T.);
#1559=ORIENTED_EDGE('',*,*,#1211,.T.);
#1560=ORIENTED_EDGE('',*,*,#1177,.T.);
#1561=ORIENTED_EDGE('',*,*,#1211,.F.);
#1562=ORIENTED_EDGE('',*,*,#1180,.T.);
#1563=ORIENTED_EDGE('',*,*,#1181,.T.);
#1564=ORIENTED_EDGE('',*,*,#1212,.T.);
#1565=ORIENTED_EDGE('',*,*,#1184,.T.);
#1566=ORIENTED_EDGE('',*,*,#1212,.F.);
#1567=ORIENTED_EDGE('',*,*,#1187,.T.);
#1568=ORIENTED_EDGE('',*,*,#1188,.T.);
#1569=ORIENTED_EDGE('',*,*,#1213,.T.);
#1570=ORIENTED_EDGE('',*,*,#1191,.T.);
#1571=ORIENTED_EDGE('',*,*,#1213,.F.);
#1572=ORIENTED_EDGE('',*,*,#1194,.T.);
#1573=ORIENTED_EDGE('',*,*,#1195,.T.);
#1574=ORIENTED_EDGE('',*,*,#1214,.T.);
#1575=ORIENTED_EDGE('',*,*,#1198,.T.);
#1576=ORIENTED_EDGE('',*,*,#1214,.F.);
#1577=ORIENTED_EDGE('',*,*,#1215,.F.);
#1578=ORIENTED_EDGE('',*,*,#1216,.T.);
#1579=ORIENTED_EDGE('',*,*,#1217,.T.);
#1580=ORIENTED_EDGE('',*,*,#1218,.T.);
#1581=ORIENTED_EDGE('',*,*,#1216,.F.);
#1582=ORIENTED_EDGE('',*,*,#1219,.T.);
#1583=ORIENTED_EDGE('',*,*,#1220,.T.);
#1584=ORIENTED_EDGE('',*,*,#1217,.F.);
#1585=ORIENTED_EDGE('',*,*,#1218,.F.);
#1586=ORIENTED_EDGE('',*,*,#1220,.F.);
#1587=ORIENTED_EDGE('',*,*,#1221,.T.);
#1588=ORIENTED_EDGE('',*,*,#1219,.F.);
#1589=ORIENTED_EDGE('',*,*,#1222,.T.);
#1590=ORIENTED_EDGE('',*,*,#1223,.T.);
#1591=ORIENTED_EDGE('',*,*,#1224,.F.);
#1592=ORIENTED_EDGE('',*,*,#1225,.F.);
#1593=ORIENTED_EDGE('',*,*,#1226,.F.);
#1594=ORIENTED_EDGE('',*,*,#1227,.T.);
#1595=ORIENTED_EDGE('',*,*,#1222,.F.);
#1596=ORIENTED_EDGE('',*,*,#1221,.F.);
#1597=ORIENTED_EDGE('',*,*,#1207,.T.);
#1598=ORIENTED_EDGE('',*,*,#1228,.T.);
#1599=ORIENTED_EDGE('',*,*,#1201,.T.);
#1600=ORIENTED_EDGE('',*,*,#1228,.F.);
#1601=ORIENTED_EDGE('',*,*,#1206,.T.);
#1602=ORIENTED_EDGE('',*,*,#1229,.F.);
#1603=ORIENTED_EDGE('',*,*,#1230,.F.);
#1604=ORIENTED_EDGE('',*,*,#1231,.F.);
#1605=ORIENTED_EDGE('',*,*,#1232,.F.);
#1606=ORIENTED_EDGE('',*,*,#1233,.T.);
#1607=ORIENTED_EDGE('',*,*,#1151,.T.);
#1608=ORIENTED_EDGE('',*,*,#1233,.F.);
#1609=ORIENTED_EDGE('',*,*,#1203,.T.);
#1610=ORIENTED_EDGE('',*,*,#1156,.T.);
#1611=ORIENTED_EDGE('',*,*,#1200,.T.);
#1612=ORIENTED_EDGE('',*,*,#1193,.T.);
#1613=ORIENTED_EDGE('',*,*,#1186,.T.);
#1614=ORIENTED_EDGE('',*,*,#1179,.T.);
#1615=ORIENTED_EDGE('',*,*,#1172,.T.);
#1616=ORIENTED_EDGE('',*,*,#1165,.T.);
#1617=ORIENTED_EDGE('',*,*,#1234,.F.);
#1618=ORIENTED_EDGE('',*,*,#1204,.T.);
#1619=ORIENTED_EDGE('',*,*,#1235,.F.);
#1620=ORIENTED_EDGE('',*,*,#1223,.F.);
#1621=ORIENTED_EDGE('',*,*,#1227,.F.);
#1622=ORIENTED_EDGE('',*,*,#1197,.T.);
#1623=ORIENTED_EDGE('',*,*,#1190,.T.);
#1624=ORIENTED_EDGE('',*,*,#1183,.T.);
#1625=ORIENTED_EDGE('',*,*,#1176,.T.);
#1626=ORIENTED_EDGE('',*,*,#1169,.T.);
#1627=ORIENTED_EDGE('',*,*,#1162,.T.);
#1628=ORIENTED_EDGE('',*,*,#1215,.T.);
#1629=ORIENTED_EDGE('',*,*,#1153,.T.);
#1630=ORIENTED_EDGE('',*,*,#1226,.T.);
#1631=ORIENTED_EDGE('',*,*,#1236,.F.);
#1632=ORIENTED_EDGE('',*,*,#1229,.T.);
#1633=ORIENTED_EDGE('',*,*,#1205,.T.);
#1634=ORIENTED_EDGE('',*,*,#1234,.T.);
#1635=ORIENTED_EDGE('',*,*,#1224,.T.);
#1636=ORIENTED_EDGE('',*,*,#1235,.T.);
#1637=ORIENTED_EDGE('',*,*,#1208,.T.);
#1638=ORIENTED_EDGE('',*,*,#1231,.T.);
#1639=ORIENTED_EDGE('',*,*,#1237,.F.);
#1640=ORIENTED_EDGE('',*,*,#1230,.T.);
#1641=ORIENTED_EDGE('',*,*,#1236,.T.);
#1642=ORIENTED_EDGE('',*,*,#1225,.T.);
#1643=ORIENTED_EDGE('',*,*,#1237,.T.);
#1644=ORIENTED_EDGE('',*,*,#1157,.T.);
#1645=ORIENTED_EDGE('',*,*,#1232,.T.);
#1646=ORIENTED_EDGE('',*,*,#1238,.F.);
#1647=ORIENTED_EDGE('',*,*,#1239,.T.);
#1648=ORIENTED_EDGE('',*,*,#1240,.T.);
#1649=ORIENTED_EDGE('',*,*,#1239,.F.);
#1650=ORIENTED_EDGE('',*,*,#1241,.F.);
#1651=ORIENTED_EDGE('',*,*,#1242,.F.);
#1652=ORIENTED_EDGE('',*,*,#1243,.T.);
#1653=ORIENTED_EDGE('',*,*,#1244,.F.);
#1654=ORIENTED_EDGE('',*,*,#1243,.F.);
#1655=ORIENTED_EDGE('',*,*,#1245,.F.);
#1656=ORIENTED_EDGE('',*,*,#1246,.F.);
#1657=ORIENTED_EDGE('',*,*,#1247,.F.);
#1658=ORIENTED_EDGE('',*,*,#1248,.F.);
#1659=ORIENTED_EDGE('',*,*,#1249,.F.);
#1660=ORIENTED_EDGE('',*,*,#1250,.F.);
#1661=ORIENTED_EDGE('',*,*,#1251,.T.);
#1662=ORIENTED_EDGE('',*,*,#1252,.F.);
#1663=ORIENTED_EDGE('',*,*,#1251,.F.);
#1664=ORIENTED_EDGE('',*,*,#1253,.F.);
#1665=ORIENTED_EDGE('',*,*,#1254,.T.);
#1666=ORIENTED_EDGE('',*,*,#1255,.F.);
#1667=ORIENTED_EDGE('',*,*,#1254,.F.);
#1668=ORIENTED_EDGE('',*,*,#1256,.F.);
#1669=ORIENTED_EDGE('',*,*,#1257,.F.);
#1670=ORIENTED_EDGE('',*,*,#1258,.T.);
#1671=ORIENTED_EDGE('',*,*,#1259,.F.);
#1672=ORIENTED_EDGE('',*,*,#1258,.F.);
#1673=ORIENTED_EDGE('',*,*,#1260,.F.);
#1674=ORIENTED_EDGE('',*,*,#1261,.T.);
#1675=ORIENTED_EDGE('',*,*,#1262,.F.);
#1676=ORIENTED_EDGE('',*,*,#1261,.F.);
#1677=ORIENTED_EDGE('',*,*,#1263,.F.);
#1678=ORIENTED_EDGE('',*,*,#1264,.F.);
#1679=ORIENTED_EDGE('',*,*,#1265,.T.);
#1680=ORIENTED_EDGE('',*,*,#1266,.F.);
#1681=ORIENTED_EDGE('',*,*,#1265,.F.);
#1682=ORIENTED_EDGE('',*,*,#1267,.F.);
#1683=ORIENTED_EDGE('',*,*,#1268,.T.);
#1684=ORIENTED_EDGE('',*,*,#1269,.F.);
#1685=ORIENTED_EDGE('',*,*,#1268,.F.);
#1686=ORIENTED_EDGE('',*,*,#1270,.F.);
#1687=ORIENTED_EDGE('',*,*,#1271,.F.);
#1688=ORIENTED_EDGE('',*,*,#1272,.T.);
#1689=ORIENTED_EDGE('',*,*,#1273,.F.);
#1690=ORIENTED_EDGE('',*,*,#1272,.F.);
#1691=ORIENTED_EDGE('',*,*,#1274,.F.);
#1692=ORIENTED_EDGE('',*,*,#1275,.T.);
#1693=ORIENTED_EDGE('',*,*,#1276,.F.);
#1694=ORIENTED_EDGE('',*,*,#1275,.F.);
#1695=ORIENTED_EDGE('',*,*,#1277,.F.);
#1696=ORIENTED_EDGE('',*,*,#1278,.F.);
#1697=ORIENTED_EDGE('',*,*,#1279,.T.);
#1698=ORIENTED_EDGE('',*,*,#1280,.F.);
#1699=ORIENTED_EDGE('',*,*,#1279,.F.);
#1700=ORIENTED_EDGE('',*,*,#1281,.F.);
#1701=ORIENTED_EDGE('',*,*,#1282,.T.);
#1702=ORIENTED_EDGE('',*,*,#1283,.F.);
#1703=ORIENTED_EDGE('',*,*,#1282,.F.);
#1704=ORIENTED_EDGE('',*,*,#1284,.F.);
#1705=ORIENTED_EDGE('',*,*,#1285,.F.);
#1706=ORIENTED_EDGE('',*,*,#1286,.T.);
#1707=ORIENTED_EDGE('',*,*,#1287,.F.);
#1708=ORIENTED_EDGE('',*,*,#1286,.F.);
#1709=ORIENTED_EDGE('',*,*,#1288,.F.);
#1710=ORIENTED_EDGE('',*,*,#1289,.T.);
#1711=ORIENTED_EDGE('',*,*,#1290,.F.);
#1712=ORIENTED_EDGE('',*,*,#1289,.F.);
#1713=ORIENTED_EDGE('',*,*,#1291,.F.);
#1714=ORIENTED_EDGE('',*,*,#1292,.F.);
#1715=ORIENTED_EDGE('',*,*,#1293,.T.);
#1716=ORIENTED_EDGE('',*,*,#1294,.F.);
#1717=ORIENTED_EDGE('',*,*,#1293,.F.);
#1718=ORIENTED_EDGE('',*,*,#1295,.F.);
#1719=ORIENTED_EDGE('',*,*,#1296,.T.);
#1720=ORIENTED_EDGE('',*,*,#1297,.F.);
#1721=ORIENTED_EDGE('',*,*,#1296,.F.);
#1722=ORIENTED_EDGE('',*,*,#1298,.F.);
#1723=ORIENTED_EDGE('',*,*,#1299,.F.);
#1724=ORIENTED_EDGE('',*,*,#1300,.T.);
#1725=ORIENTED_EDGE('',*,*,#1301,.F.);
#1726=ORIENTED_EDGE('',*,*,#1300,.F.);
#1727=ORIENTED_EDGE('',*,*,#1302,.F.);
#1728=ORIENTED_EDGE('',*,*,#1303,.T.);
#1729=ORIENTED_EDGE('',*,*,#1304,.F.);
#1730=ORIENTED_EDGE('',*,*,#1303,.F.);
#1731=ORIENTED_EDGE('',*,*,#1305,.F.);
#1732=ORIENTED_EDGE('',*,*,#1306,.F.);
#1733=ORIENTED_EDGE('',*,*,#1307,.T.);
#1734=ORIENTED_EDGE('',*,*,#1308,.F.);
#1735=ORIENTED_EDGE('',*,*,#1307,.F.);
#1736=ORIENTED_EDGE('',*,*,#1309,.F.);
#1737=ORIENTED_EDGE('',*,*,#1310,.T.);
#1738=ORIENTED_EDGE('',*,*,#1311,.F.);
#1739=ORIENTED_EDGE('',*,*,#1310,.F.);
#1740=ORIENTED_EDGE('',*,*,#1312,.F.);
#1741=ORIENTED_EDGE('',*,*,#1313,.F.);
#1742=ORIENTED_EDGE('',*,*,#1314,.T.);
#1743=ORIENTED_EDGE('',*,*,#1315,.F.);
#1744=ORIENTED_EDGE('',*,*,#1314,.F.);
#1745=ORIENTED_EDGE('',*,*,#1316,.F.);
#1746=ORIENTED_EDGE('',*,*,#1317,.T.);
#1747=ORIENTED_EDGE('',*,*,#1318,.F.);
#1748=ORIENTED_EDGE('',*,*,#1317,.F.);
#1749=ORIENTED_EDGE('',*,*,#1319,.F.);
#1750=ORIENTED_EDGE('',*,*,#1320,.F.);
#1751=ORIENTED_EDGE('',*,*,#1321,.T.);
#1752=ORIENTED_EDGE('',*,*,#1322,.F.);
#1753=ORIENTED_EDGE('',*,*,#1321,.F.);
#1754=ORIENTED_EDGE('',*,*,#1323,.F.);
#1755=ORIENTED_EDGE('',*,*,#1324,.T.);
#1756=ORIENTED_EDGE('',*,*,#1325,.F.);
#1757=ORIENTED_EDGE('',*,*,#1324,.F.);
#1758=ORIENTED_EDGE('',*,*,#1326,.F.);
#1759=ORIENTED_EDGE('',*,*,#1327,.F.);
#1760=ORIENTED_EDGE('',*,*,#1328,.T.);
#1761=ORIENTED_EDGE('',*,*,#1329,.F.);
#1762=ORIENTED_EDGE('',*,*,#1328,.F.);
#1763=ORIENTED_EDGE('',*,*,#1330,.F.);
#1764=ORIENTED_EDGE('',*,*,#1331,.T.);
#1765=ORIENTED_EDGE('',*,*,#1332,.F.);
#1766=ORIENTED_EDGE('',*,*,#1331,.F.);
#1767=ORIENTED_EDGE('',*,*,#1333,.F.);
#1768=ORIENTED_EDGE('',*,*,#1334,.F.);
#1769=ORIENTED_EDGE('',*,*,#1335,.T.);
#1770=ORIENTED_EDGE('',*,*,#1336,.F.);
#1771=ORIENTED_EDGE('',*,*,#1335,.F.);
#1772=ORIENTED_EDGE('',*,*,#1337,.F.);
#1773=ORIENTED_EDGE('',*,*,#1338,.T.);
#1774=ORIENTED_EDGE('',*,*,#1339,.F.);
#1775=ORIENTED_EDGE('',*,*,#1338,.F.);
#1776=ORIENTED_EDGE('',*,*,#1340,.F.);
#1777=ORIENTED_EDGE('',*,*,#1341,.F.);
#1778=ORIENTED_EDGE('',*,*,#1342,.T.);
#1779=ORIENTED_EDGE('',*,*,#1343,.F.);
#1780=ORIENTED_EDGE('',*,*,#1342,.F.);
#1781=ORIENTED_EDGE('',*,*,#1344,.F.);
#1782=ORIENTED_EDGE('',*,*,#1345,.T.);
#1783=ORIENTED_EDGE('',*,*,#1346,.F.);
#1784=ORIENTED_EDGE('',*,*,#1345,.F.);
#1785=ORIENTED_EDGE('',*,*,#1347,.F.);
#1786=ORIENTED_EDGE('',*,*,#1348,.F.);
#1787=ORIENTED_EDGE('',*,*,#1349,.T.);
#1788=ORIENTED_EDGE('',*,*,#1350,.F.);
#1789=ORIENTED_EDGE('',*,*,#1349,.F.);
#1790=ORIENTED_EDGE('',*,*,#1351,.F.);
#1791=ORIENTED_EDGE('',*,*,#1352,.T.);
#1792=ORIENTED_EDGE('',*,*,#1353,.F.);
#1793=ORIENTED_EDGE('',*,*,#1352,.F.);
#1794=ORIENTED_EDGE('',*,*,#1354,.F.);
#1795=ORIENTED_EDGE('',*,*,#1355,.F.);
#1796=ORIENTED_EDGE('',*,*,#1356,.T.);
#1797=ORIENTED_EDGE('',*,*,#1357,.F.);
#1798=ORIENTED_EDGE('',*,*,#1356,.F.);
#1799=ORIENTED_EDGE('',*,*,#1358,.F.);
#1800=ORIENTED_EDGE('',*,*,#1359,.T.);
#1801=ORIENTED_EDGE('',*,*,#1360,.F.);
#1802=ORIENTED_EDGE('',*,*,#1359,.F.);
#1803=ORIENTED_EDGE('',*,*,#1361,.F.);
#1804=ORIENTED_EDGE('',*,*,#1362,.F.);
#1805=ORIENTED_EDGE('',*,*,#1363,.T.);
#1806=ORIENTED_EDGE('',*,*,#1364,.F.);
#1807=ORIENTED_EDGE('',*,*,#1363,.F.);
#1808=ORIENTED_EDGE('',*,*,#1365,.F.);
#1809=ORIENTED_EDGE('',*,*,#1366,.T.);
#1810=ORIENTED_EDGE('',*,*,#1367,.F.);
#1811=ORIENTED_EDGE('',*,*,#1366,.F.);
#1812=ORIENTED_EDGE('',*,*,#1368,.F.);
#1813=ORIENTED_EDGE('',*,*,#1369,.F.);
#1814=ORIENTED_EDGE('',*,*,#1370,.T.);
#1815=ORIENTED_EDGE('',*,*,#1371,.F.);
#1816=ORIENTED_EDGE('',*,*,#1370,.F.);
#1817=ORIENTED_EDGE('',*,*,#1372,.F.);
#1818=ORIENTED_EDGE('',*,*,#1373,.T.);
#1819=ORIENTED_EDGE('',*,*,#1374,.F.);
#1820=ORIENTED_EDGE('',*,*,#1373,.F.);
#1821=ORIENTED_EDGE('',*,*,#1375,.F.);
#1822=ORIENTED_EDGE('',*,*,#1376,.F.);
#1823=ORIENTED_EDGE('',*,*,#1377,.T.);
#1824=ORIENTED_EDGE('',*,*,#1378,.F.);
#1825=ORIENTED_EDGE('',*,*,#1377,.F.);
#1826=ORIENTED_EDGE('',*,*,#1379,.F.);
#1827=ORIENTED_EDGE('',*,*,#1380,.T.);
#1828=ORIENTED_EDGE('',*,*,#1381,.F.);
#1829=ORIENTED_EDGE('',*,*,#1380,.F.);
#1830=ORIENTED_EDGE('',*,*,#1382,.F.);
#1831=ORIENTED_EDGE('',*,*,#1383,.F.);
#1832=ORIENTED_EDGE('',*,*,#1384,.T.);
#1833=ORIENTED_EDGE('',*,*,#1385,.F.);
#1834=ORIENTED_EDGE('',*,*,#1384,.F.);
#1835=ORIENTED_EDGE('',*,*,#1386,.F.);
#1836=ORIENTED_EDGE('',*,*,#1387,.T.);
#1837=ORIENTED_EDGE('',*,*,#1388,.F.);
#1838=ORIENTED_EDGE('',*,*,#1387,.F.);
#1839=ORIENTED_EDGE('',*,*,#1389,.F.);
#1840=ORIENTED_EDGE('',*,*,#1390,.T.);
#1841=ORIENTED_EDGE('',*,*,#1391,.T.);
#1842=ORIENTED_EDGE('',*,*,#1390,.F.);
#1843=ORIENTED_EDGE('',*,*,#1392,.F.);
#1844=ORIENTED_EDGE('',*,*,#1393,.T.);
#1845=ORIENTED_EDGE('',*,*,#1394,.T.);
#1846=ORIENTED_EDGE('',*,*,#1393,.F.);
#1847=ORIENTED_EDGE('',*,*,#1395,.F.);
#1848=ORIENTED_EDGE('',*,*,#1396,.T.);
#1849=ORIENTED_EDGE('',*,*,#1397,.T.);
#1850=ORIENTED_EDGE('',*,*,#1396,.F.);
#1851=ORIENTED_EDGE('',*,*,#1398,.F.);
#1852=ORIENTED_EDGE('',*,*,#1399,.T.);
#1853=ORIENTED_EDGE('',*,*,#1400,.T.);
#1854=ORIENTED_EDGE('',*,*,#1399,.F.);
#1855=ORIENTED_EDGE('',*,*,#1305,.T.);
#1856=ORIENTED_EDGE('',*,*,#1306,.T.);
#1857=ORIENTED_EDGE('',*,*,#1401,.T.);
#1858=ORIENTED_EDGE('',*,*,#1309,.T.);
#1859=ORIENTED_EDGE('',*,*,#1401,.F.);
#1860=ORIENTED_EDGE('',*,*,#1298,.T.);
#1861=ORIENTED_EDGE('',*,*,#1299,.T.);
#1862=ORIENTED_EDGE('',*,*,#1402,.T.);
#1863=ORIENTED_EDGE('',*,*,#1302,.T.);
#1864=ORIENTED_EDGE('',*,*,#1402,.F.);
#1865=ORIENTED_EDGE('',*,*,#1291,.T.);
#1866=ORIENTED_EDGE('',*,*,#1292,.T.);
#1867=ORIENTED_EDGE('',*,*,#1403,.T.);
#1868=ORIENTED_EDGE('',*,*,#1295,.T.);
#1869=ORIENTED_EDGE('',*,*,#1403,.F.);
#1870=ORIENTED_EDGE('',*,*,#1284,.T.);
#1871=ORIENTED_EDGE('',*,*,#1285,.T.);
#1872=ORIENTED_EDGE('',*,*,#1404,.T.);
#1873=ORIENTED_EDGE('',*,*,#1288,.T.);
#1874=ORIENTED_EDGE('',*,*,#1404,.F.);
#1875=ORIENTED_EDGE('',*,*,#1277,.T.);
#1876=ORIENTED_EDGE('',*,*,#1278,.T.);
#1877=ORIENTED_EDGE('',*,*,#1405,.T.);
#1878=ORIENTED_EDGE('',*,*,#1281,.T.);
#1879=ORIENTED_EDGE('',*,*,#1405,.F.);
#1880=ORIENTED_EDGE('',*,*,#1263,.T.);
#1881=ORIENTED_EDGE('',*,*,#1264,.T.);
#1882=ORIENTED_EDGE('',*,*,#1406,.T.);
#1883=ORIENTED_EDGE('',*,*,#1267,.T.);
#1884=ORIENTED_EDGE('',*,*,#1406,.F.);
#1885=ORIENTED_EDGE('',*,*,#1270,.T.);
#1886=ORIENTED_EDGE('',*,*,#1271,.T.);
#1887=ORIENTED_EDGE('',*,*,#1407,.T.);
#1888=ORIENTED_EDGE('',*,*,#1274,.T.);
#1889=ORIENTED_EDGE('',*,*,#1407,.F.);
#1890=ORIENTED_EDGE('',*,*,#1256,.T.);
#1891=ORIENTED_EDGE('',*,*,#1257,.T.);
#1892=ORIENTED_EDGE('',*,*,#1408,.T.);
#1893=ORIENTED_EDGE('',*,*,#1260,.T.);
#1894=ORIENTED_EDGE('',*,*,#1408,.F.);
#1895=ORIENTED_EDGE('',*,*,#1249,.T.);
#1896=ORIENTED_EDGE('',*,*,#1250,.T.);
#1897=ORIENTED_EDGE('',*,*,#1409,.T.);
#1898=ORIENTED_EDGE('',*,*,#1253,.T.);
#1899=ORIENTED_EDGE('',*,*,#1409,.F.);
#1900=ORIENTED_EDGE('',*,*,#1382,.T.);
#1901=ORIENTED_EDGE('',*,*,#1383,.T.);
#1902=ORIENTED_EDGE('',*,*,#1410,.T.);
#1903=ORIENTED_EDGE('',*,*,#1386,.T.);
#1904=ORIENTED_EDGE('',*,*,#1410,.F.);
#1905=ORIENTED_EDGE('',*,*,#1375,.T.);
#1906=ORIENTED_EDGE('',*,*,#1376,.T.);
#1907=ORIENTED_EDGE('',*,*,#1411,.T.);
#1908=ORIENTED_EDGE('',*,*,#1379,.T.);
#1909=ORIENTED_EDGE('',*,*,#1411,.F.);
#1910=ORIENTED_EDGE('',*,*,#1368,.T.);
#1911=ORIENTED_EDGE('',*,*,#1369,.T.);
#1912=ORIENTED_EDGE('',*,*,#1412,.T.);
#1913=ORIENTED_EDGE('',*,*,#1372,.T.);
#1914=ORIENTED_EDGE('',*,*,#1412,.F.);
#1915=ORIENTED_EDGE('',*,*,#1361,.T.);
#1916=ORIENTED_EDGE('',*,*,#1362,.T.);
#1917=ORIENTED_EDGE('',*,*,#1413,.T.);
#1918=ORIENTED_EDGE('',*,*,#1365,.T.);
#1919=ORIENTED_EDGE('',*,*,#1413,.F.);
#1920=ORIENTED_EDGE('',*,*,#1354,.T.);
#1921=ORIENTED_EDGE('',*,*,#1355,.T.);
#1922=ORIENTED_EDGE('',*,*,#1414,.T.);
#1923=ORIENTED_EDGE('',*,*,#1358,.T.);
#1924=ORIENTED_EDGE('',*,*,#1414,.F.);
#1925=ORIENTED_EDGE('',*,*,#1347,.T.);
#1926=ORIENTED_EDGE('',*,*,#1348,.T.);
#1927=ORIENTED_EDGE('',*,*,#1415,.T.);
#1928=ORIENTED_EDGE('',*,*,#1351,.T.);
#1929=ORIENTED_EDGE('',*,*,#1415,.F.);
#1930=ORIENTED_EDGE('',*,*,#1340,.T.);
#1931=ORIENTED_EDGE('',*,*,#1341,.T.);
#1932=ORIENTED_EDGE('',*,*,#1416,.T.);
#1933=ORIENTED_EDGE('',*,*,#1344,.T.);
#1934=ORIENTED_EDGE('',*,*,#1416,.F.);
#1935=ORIENTED_EDGE('',*,*,#1333,.T.);
#1936=ORIENTED_EDGE('',*,*,#1334,.T.);
#1937=ORIENTED_EDGE('',*,*,#1417,.T.);
#1938=ORIENTED_EDGE('',*,*,#1337,.T.);
#1939=ORIENTED_EDGE('',*,*,#1417,.F.);
#1940=ORIENTED_EDGE('',*,*,#1326,.T.);
#1941=ORIENTED_EDGE('',*,*,#1327,.T.);
#1942=ORIENTED_EDGE('',*,*,#1418,.T.);
#1943=ORIENTED_EDGE('',*,*,#1330,.T.);
#1944=ORIENTED_EDGE('',*,*,#1418,.F.);
#1945=ORIENTED_EDGE('',*,*,#1319,.T.);
#1946=ORIENTED_EDGE('',*,*,#1320,.T.);
#1947=ORIENTED_EDGE('',*,*,#1419,.T.);
#1948=ORIENTED_EDGE('',*,*,#1323,.T.);
#1949=ORIENTED_EDGE('',*,*,#1419,.F.);
#1950=ORIENTED_EDGE('',*,*,#1312,.T.);
#1951=ORIENTED_EDGE('',*,*,#1313,.T.);
#1952=ORIENTED_EDGE('',*,*,#1420,.T.);
#1953=ORIENTED_EDGE('',*,*,#1316,.T.);
#1954=ORIENTED_EDGE('',*,*,#1420,.F.);
#1955=ORIENTED_EDGE('',*,*,#1421,.T.);
#1956=ORIENTED_EDGE('',*,*,#1422,.T.);
#1957=ORIENTED_EDGE('',*,*,#1423,.F.);
#1958=ORIENTED_EDGE('',*,*,#1424,.F.);
#1959=ORIENTED_EDGE('',*,*,#1422,.F.);
#1960=ORIENTED_EDGE('',*,*,#1425,.F.);
#1961=ORIENTED_EDGE('',*,*,#1426,.T.);
#1962=ORIENTED_EDGE('',*,*,#1423,.T.);
#1963=ORIENTED_EDGE('',*,*,#1424,.T.);
#1964=ORIENTED_EDGE('',*,*,#1426,.F.);
#1965=ORIENTED_EDGE('',*,*,#1427,.F.);
#1966=ORIENTED_EDGE('',*,*,#1428,.T.);
#1967=ORIENTED_EDGE('',*,*,#1429,.F.);
#1968=ORIENTED_EDGE('',*,*,#1430,.T.);
#1969=ORIENTED_EDGE('',*,*,#1431,.F.);
#1970=ORIENTED_EDGE('',*,*,#1432,.T.);
#1971=ORIENTED_EDGE('',*,*,#1425,.T.);
#1972=ORIENTED_EDGE('',*,*,#1432,.F.);
#1973=ORIENTED_EDGE('',*,*,#1433,.F.);
#1974=ORIENTED_EDGE('',*,*,#1434,.T.);
#1975=ORIENTED_EDGE('',*,*,#1435,.F.);
#1976=ORIENTED_EDGE('',*,*,#1436,.T.);
#1977=ORIENTED_EDGE('',*,*,#1241,.T.);
#1978=ORIENTED_EDGE('',*,*,#1242,.T.);
#1979=ORIENTED_EDGE('',*,*,#1437,.T.);
#1980=ORIENTED_EDGE('',*,*,#1438,.T.);
#1981=ORIENTED_EDGE('',*,*,#1439,.T.);
#1982=ORIENTED_EDGE('',*,*,#1440,.F.);
#1983=ORIENTED_EDGE('',*,*,#1441,.T.);
#1984=ORIENTED_EDGE('',*,*,#1247,.T.);
#1985=ORIENTED_EDGE('',*,*,#1442,.T.);
#1986=ORIENTED_EDGE('',*,*,#1443,.F.);
#1987=ORIENTED_EDGE('',*,*,#1444,.T.);
#1988=ORIENTED_EDGE('',*,*,#1445,.T.);
#1989=ORIENTED_EDGE('',*,*,#1437,.F.);
#1990=ORIENTED_EDGE('',*,*,#1446,.F.);
#1991=ORIENTED_EDGE('',*,*,#1447,.T.);
#1992=ORIENTED_EDGE('',*,*,#1448,.F.);
#1993=ORIENTED_EDGE('',*,*,#1447,.F.);
#1994=ORIENTED_EDGE('',*,*,#1449,.T.);
#1995=ORIENTED_EDGE('',*,*,#1450,.F.);
#1996=ORIENTED_EDGE('',*,*,#1433,.T.);
#1997=ORIENTED_EDGE('',*,*,#1431,.T.);
#1998=ORIENTED_EDGE('',*,*,#1451,.F.);
#1999=ORIENTED_EDGE('',*,*,#1252,.T.);
#2000=ORIENTED_EDGE('',*,*,#1315,.T.);
#2001=ORIENTED_EDGE('',*,*,#1322,.T.);
#2002=ORIENTED_EDGE('',*,*,#1329,.T.);
#2003=ORIENTED_EDGE('',*,*,#1336,.T.);
#2004=ORIENTED_EDGE('',*,*,#1343,.T.);
#2005=ORIENTED_EDGE('',*,*,#1350,.T.);
#2006=ORIENTED_EDGE('',*,*,#1357,.T.);
#2007=ORIENTED_EDGE('',*,*,#1364,.T.);
#2008=ORIENTED_EDGE('',*,*,#1371,.T.);
#2009=ORIENTED_EDGE('',*,*,#1378,.T.);
#2010=ORIENTED_EDGE('',*,*,#1385,.T.);
#2011=ORIENTED_EDGE('',*,*,#1452,.F.);
#2012=ORIENTED_EDGE('',*,*,#1449,.F.);
#2013=ORIENTED_EDGE('',*,*,#1453,.F.);
#2014=ORIENTED_EDGE('',*,*,#1438,.F.);
#2015=ORIENTED_EDGE('',*,*,#1445,.F.);
#2016=ORIENTED_EDGE('',*,*,#1244,.T.);
#2017=ORIENTED_EDGE('',*,*,#1388,.T.);
#2018=ORIENTED_EDGE('',*,*,#1381,.T.);
#2019=ORIENTED_EDGE('',*,*,#1374,.T.);
#2020=ORIENTED_EDGE('',*,*,#1367,.T.);
#2021=ORIENTED_EDGE('',*,*,#1360,.T.);
#2022=ORIENTED_EDGE('',*,*,#1353,.T.);
#2023=ORIENTED_EDGE('',*,*,#1346,.T.);
#2024=ORIENTED_EDGE('',*,*,#1339,.T.);
#2025=ORIENTED_EDGE('',*,*,#1332,.T.);
#2026=ORIENTED_EDGE('',*,*,#1325,.T.);
#2027=ORIENTED_EDGE('',*,*,#1318,.T.);
#2028=ORIENTED_EDGE('',*,*,#1311,.T.);
#2029=ORIENTED_EDGE('',*,*,#1304,.T.);
#2030=ORIENTED_EDGE('',*,*,#1297,.T.);
#2031=ORIENTED_EDGE('',*,*,#1290,.T.);
#2032=ORIENTED_EDGE('',*,*,#1283,.T.);
#2033=ORIENTED_EDGE('',*,*,#1276,.T.);
#2034=ORIENTED_EDGE('',*,*,#1269,.T.);
#2035=ORIENTED_EDGE('',*,*,#1262,.T.);
#2036=ORIENTED_EDGE('',*,*,#1255,.T.);
#2037=ORIENTED_EDGE('',*,*,#1391,.F.);
#2038=ORIENTED_EDGE('',*,*,#1394,.F.);
#2039=ORIENTED_EDGE('',*,*,#1397,.F.);
#2040=ORIENTED_EDGE('',*,*,#1400,.F.);
#2041=ORIENTED_EDGE('',*,*,#1240,.F.);
#2042=ORIENTED_EDGE('',*,*,#1427,.T.);
#2043=ORIENTED_EDGE('',*,*,#1454,.F.);
#2044=ORIENTED_EDGE('',*,*,#1245,.T.);
#2045=ORIENTED_EDGE('',*,*,#1455,.F.);
#2046=ORIENTED_EDGE('',*,*,#1308,.T.);
#2047=ORIENTED_EDGE('',*,*,#1301,.T.);
#2048=ORIENTED_EDGE('',*,*,#1294,.T.);
#2049=ORIENTED_EDGE('',*,*,#1287,.T.);
#2050=ORIENTED_EDGE('',*,*,#1280,.T.);
#2051=ORIENTED_EDGE('',*,*,#1273,.T.);
#2052=ORIENTED_EDGE('',*,*,#1266,.T.);
#2053=ORIENTED_EDGE('',*,*,#1259,.T.);
#2054=ORIENTED_EDGE('',*,*,#1389,.T.);
#2055=ORIENTED_EDGE('',*,*,#1392,.T.);
#2056=ORIENTED_EDGE('',*,*,#1395,.T.);
#2057=ORIENTED_EDGE('',*,*,#1398,.T.);
#2058=ORIENTED_EDGE('',*,*,#1421,.F.);
#2059=ORIENTED_EDGE('',*,*,#1446,.T.);
#2060=ORIENTED_EDGE('',*,*,#1440,.T.);
#2061=ORIENTED_EDGE('',*,*,#1456,.T.);
#2062=ORIENTED_EDGE('',*,*,#1429,.T.);
#2063=ORIENTED_EDGE('',*,*,#1457,.T.);
#2064=ORIENTED_EDGE('',*,*,#1455,.T.);
#2065=ORIENTED_EDGE('',*,*,#1248,.T.);
#2066=ORIENTED_EDGE('',*,*,#1441,.F.);
#2067=ORIENTED_EDGE('',*,*,#1457,.F.);
#2068=ORIENTED_EDGE('',*,*,#1428,.F.);
#2069=ORIENTED_EDGE('',*,*,#1456,.F.);
#2070=ORIENTED_EDGE('',*,*,#1439,.F.);
#2071=ORIENTED_EDGE('',*,*,#1453,.T.);
#2072=ORIENTED_EDGE('',*,*,#1451,.T.);
#2073=ORIENTED_EDGE('',*,*,#1430,.F.);
#2074=ORIENTED_EDGE('',*,*,#1443,.T.);
#2075=ORIENTED_EDGE('',*,*,#1458,.T.);
#2076=ORIENTED_EDGE('',*,*,#1435,.T.);
#2077=ORIENTED_EDGE('',*,*,#1459,.T.);
#2078=ORIENTED_EDGE('',*,*,#1450,.T.);
#2079=ORIENTED_EDGE('',*,*,#1452,.T.);
#2080=ORIENTED_EDGE('',*,*,#1444,.F.);
#2081=ORIENTED_EDGE('',*,*,#1459,.F.);
#2082=ORIENTED_EDGE('',*,*,#1434,.F.);
#2083=ORIENTED_EDGE('',*,*,#1458,.F.);
#2084=ORIENTED_EDGE('',*,*,#1442,.F.);
#2085=ORIENTED_EDGE('',*,*,#1246,.T.);
#2086=ORIENTED_EDGE('',*,*,#1454,.T.);
#2087=ORIENTED_EDGE('',*,*,#1436,.F.);
#2088=ORIENTED_EDGE('',*,*,#1238,.T.);
#2089=ORIENTED_EDGE('',*,*,#1448,.T.);
#2090=CYLINDRICAL_SURFACE('',#2292,17.55);
#2091=CYLINDRICAL_SURFACE('',#2295,19.05);
#2092=CYLINDRICAL_SURFACE('',#2307,19.2);
#2093=CYLINDRICAL_SURFACE('',#2358,3.35);
#2094=CYLINDRICAL_SURFACE('',#2359,3.35);
#2095=CYLINDRICAL_SURFACE('',#2360,3.35);
#2096=CYLINDRICAL_SURFACE('',#2361,3.35);
#2097=CYLINDRICAL_SURFACE('',#2362,3.35);
#2098=CYLINDRICAL_SURFACE('',#2363,3.35);
#2099=CYLINDRICAL_SURFACE('',#2371,24.175);
#2100=CYLINDRICAL_SURFACE('',#2375,35.);
#2101=CYLINDRICAL_SURFACE('',#2377,17.5);
#2102=CYLINDRICAL_SURFACE('',#2387,19.05);
#2103=CYLINDRICAL_SURFACE('',#2537,4.2);
#2104=CYLINDRICAL_SURFACE('',#2540,4.2);
#2105=CYLINDRICAL_SURFACE('',#2543,4.2);
#2106=CYLINDRICAL_SURFACE('',#2546,4.2);
#2107=CYLINDRICAL_SURFACE('',#2549,4.2);
#2108=CYLINDRICAL_SURFACE('',#2550,4.2);
#2109=CYLINDRICAL_SURFACE('',#2551,4.2);
#2110=CYLINDRICAL_SURFACE('',#2552,4.2);
#2111=CYLINDRICAL_SURFACE('',#2553,4.2);
#2112=CYLINDRICAL_SURFACE('',#2554,4.2);
#2113=CYLINDRICAL_SURFACE('',#2555,4.2);
#2114=CYLINDRICAL_SURFACE('',#2556,4.2);
#2115=CYLINDRICAL_SURFACE('',#2557,4.2);
#2116=CYLINDRICAL_SURFACE('',#2558,4.2);
#2117=CYLINDRICAL_SURFACE('',#2559,4.2);
#2118=CYLINDRICAL_SURFACE('',#2560,4.2);
#2119=CYLINDRICAL_SURFACE('',#2561,4.2);
#2120=CYLINDRICAL_SURFACE('',#2562,4.2);
#2121=CYLINDRICAL_SURFACE('',#2563,4.2);
#2122=CYLINDRICAL_SURFACE('',#2564,4.2);
#2123=CYLINDRICAL_SURFACE('',#2565,4.2);
#2124=CYLINDRICAL_SURFACE('',#2566,4.2);
#2125=CYLINDRICAL_SURFACE('',#2567,4.2);
#2126=CYLINDRICAL_SURFACE('',#2568,4.2);
#2127=CYLINDRICAL_SURFACE('',#2575,111.175);
#2128=CYLINDRICAL_SURFACE('',#2581,126.6);
#2129=CYLINDRICAL_SURFACE('',#2586,17.55);
#2130=ADVANCED_FACE('',(#186),#2090,.F.);
#2131=ADVANCED_FACE('',(#187),#2091,.T.);
#2132=ADVANCED_FACE('',(#188,#98),#166,.T.);
#2133=ADVANCED_FACE('',(#189,#99),#167,.F.);
#2134=ADVANCED_FACE('',(#190),#23,.F.);
#2135=ADVANCED_FACE('',(#191),#24,.F.);
#2136=ADVANCED_FACE('',(#192),#2092,.F.);
#2137=ADVANCED_FACE('',(#193),#25,.F.);
#2138=ADVANCED_FACE('',(#194),#26,.F.);
#2139=ADVANCED_FACE('',(#195),#27,.F.);
#2140=ADVANCED_FACE('',(#196),#28,.F.);
#2141=ADVANCED_FACE('',(#197),#29,.F.);
#2142=ADVANCED_FACE('',(#198),#30,.F.);
#2143=ADVANCED_FACE('',(#199),#31,.F.);
#2144=ADVANCED_FACE('',(#200),#32,.F.);
#2145=ADVANCED_FACE('',(#201),#33,.F.);
#2146=ADVANCED_FACE('',(#202),#34,.F.);
#2147=ADVANCED_FACE('',(#203),#35,.F.);
#2148=ADVANCED_FACE('',(#204),#36,.F.);
#2149=ADVANCED_FACE('',(#205),#37,.T.);
#2150=ADVANCED_FACE('',(#206),#38,.T.);
#2151=ADVANCED_FACE('',(#207),#2093,.F.);
#2152=ADVANCED_FACE('',(#208),#2094,.F.);
#2153=ADVANCED_FACE('',(#209),#2095,.F.);
#2154=ADVANCED_FACE('',(#210),#2096,.F.);
#2155=ADVANCED_FACE('',(#211),#2097,.F.);
#2156=ADVANCED_FACE('',(#212),#2098,.F.);
#2157=ADVANCED_FACE('',(#213),#39,.F.);
#2158=ADVANCED_FACE('',(#214),#40,.T.);
#2159=ADVANCED_FACE('',(#215),#2099,.F.);
#2160=ADVANCED_FACE('',(#216),#2100,.T.);
#2161=ADVANCED_FACE('',(#217),#2101,.F.);
#2162=ADVANCED_FACE('',(#218,#100,#101,#102,#103,#104,#105,#106),#168,.T.);
#2163=ADVANCED_FACE('',(#219,#107,#108,#109,#110,#111,#112),#169,.T.);
#2164=ADVANCED_FACE('',(#220,#113),#170,.T.);
#2165=ADVANCED_FACE('',(#221),#171,.F.);
#2166=ADVANCED_FACE('',(#222),#172,.F.);
#2167=ADVANCED_FACE('',(#223),#173,.F.);
#2168=ADVANCED_FACE('',(#224,#114),#174,.T.);
#2169=ADVANCED_FACE('',(#225),#2102,.F.);
#2170=ADVANCED_FACE('',(#226),#41,.T.);
#2171=ADVANCED_FACE('',(#227),#42,.T.);
#2172=ADVANCED_FACE('',(#228),#43,.F.);
#2173=ADVANCED_FACE('',(#229),#44,.F.);
#2174=ADVANCED_FACE('',(#230),#45,.F.);
#2175=ADVANCED_FACE('',(#231),#46,.F.);
#2176=ADVANCED_FACE('',(#232),#47,.F.);
#2177=ADVANCED_FACE('',(#233),#48,.F.);
#2178=ADVANCED_FACE('',(#234),#49,.F.);
#2179=ADVANCED_FACE('',(#235),#50,.F.);
#2180=ADVANCED_FACE('',(#236),#51,.F.);
#2181=ADVANCED_FACE('',(#237),#52,.F.);
#2182=ADVANCED_FACE('',(#238),#53,.F.);
#2183=ADVANCED_FACE('',(#239),#54,.F.);
#2184=ADVANCED_FACE('',(#240),#55,.F.);
#2185=ADVANCED_FACE('',(#241),#56,.F.);
#2186=ADVANCED_FACE('',(#242),#57,.F.);
#2187=ADVANCED_FACE('',(#243),#58,.F.);
#2188=ADVANCED_FACE('',(#244),#59,.F.);
#2189=ADVANCED_FACE('',(#245),#60,.F.);
#2190=ADVANCED_FACE('',(#246),#61,.F.);
#2191=ADVANCED_FACE('',(#247),#62,.F.);
#2192=ADVANCED_FACE('',(#248),#63,.F.);
#2193=ADVANCED_FACE('',(#249),#64,.F.);
#2194=ADVANCED_FACE('',(#250),#65,.F.);
#2195=ADVANCED_FACE('',(#251),#66,.F.);
#2196=ADVANCED_FACE('',(#252),#67,.F.);
#2197=ADVANCED_FACE('',(#253),#68,.F.);
#2198=ADVANCED_FACE('',(#254),#69,.F.);
#2199=ADVANCED_FACE('',(#255),#70,.F.);
#2200=ADVANCED_FACE('',(#256),#71,.F.);
#2201=ADVANCED_FACE('',(#257),#72,.F.);
#2202=ADVANCED_FACE('',(#258),#73,.F.);
#2203=ADVANCED_FACE('',(#259),#74,.F.);
#2204=ADVANCED_FACE('',(#260),#75,.F.);
#2205=ADVANCED_FACE('',(#261),#76,.F.);
#2206=ADVANCED_FACE('',(#262),#77,.F.);
#2207=ADVANCED_FACE('',(#263),#78,.F.);
#2208=ADVANCED_FACE('',(#264),#79,.F.);
#2209=ADVANCED_FACE('',(#265),#80,.F.);
#2210=ADVANCED_FACE('',(#266),#81,.F.);
#2211=ADVANCED_FACE('',(#267),#82,.F.);
#2212=ADVANCED_FACE('',(#268),#2103,.F.);
#2213=ADVANCED_FACE('',(#269),#2104,.F.);
#2214=ADVANCED_FACE('',(#270),#2105,.F.);
#2215=ADVANCED_FACE('',(#271),#2106,.F.);
#2216=ADVANCED_FACE('',(#272),#2107,.F.);
#2217=ADVANCED_FACE('',(#273),#2108,.F.);
#2218=ADVANCED_FACE('',(#274),#2109,.F.);
#2219=ADVANCED_FACE('',(#275),#2110,.F.);
#2220=ADVANCED_FACE('',(#276),#2111,.F.);
#2221=ADVANCED_FACE('',(#277),#2112,.F.);
#2222=ADVANCED_FACE('',(#278),#2113,.F.);
#2223=ADVANCED_FACE('',(#279),#2114,.F.);
#2224=ADVANCED_FACE('',(#280),#2115,.F.);
#2225=ADVANCED_FACE('',(#281),#2116,.F.);
#2226=ADVANCED_FACE('',(#282),#2117,.F.);
#2227=ADVANCED_FACE('',(#283),#2118,.F.);
#2228=ADVANCED_FACE('',(#284),#2119,.F.);
#2229=ADVANCED_FACE('',(#285),#2120,.F.);
#2230=ADVANCED_FACE('',(#286),#2121,.F.);
#2231=ADVANCED_FACE('',(#287),#2122,.F.);
#2232=ADVANCED_FACE('',(#288),#2123,.F.);
#2233=ADVANCED_FACE('',(#289),#2124,.F.);
#2234=ADVANCED_FACE('',(#290),#2125,.F.);
#2235=ADVANCED_FACE('',(#291),#2126,.F.);
#2236=ADVANCED_FACE('',(#292),#83,.F.);
#2237=ADVANCED_FACE('',(#293),#84,.T.);
#2238=ADVANCED_FACE('',(#294),#2127,.F.);
#2239=ADVANCED_FACE('',(#295),#2128,.T.);
#2240=ADVANCED_FACE('',(#296),#2129,.F.);
#2241=ADVANCED_FACE('',(#297,#115,#116,#117,#118,#119,#120,#121,#122,#123,
#124,#125,#126),#175,.F.);
#2242=ADVANCED_FACE('',(#298),#85,.T.);
#2243=ADVANCED_FACE('',(#299,#127,#128,#129,#130,#131,#132,#133,#134,#135,
#136,#137,#138,#139,#140,#141,#142,#143,#144,#145,#146,#147,#148,#149,#150,
#151),#176,.F.);
#2244=ADVANCED_FACE('',(#300,#152,#153,#154,#155,#156,#157,#158,#159,#160,
#161,#162,#163),#177,.F.);
#2245=ADVANCED_FACE('',(#301,#164),#178,.F.);
#2246=ADVANCED_FACE('',(#302),#179,.T.);
#2247=ADVANCED_FACE('',(#303),#180,.F.);
#2248=ADVANCED_FACE('',(#304),#181,.F.);
#2249=ADVANCED_FACE('',(#305),#182,.T.);
#2250=ADVANCED_FACE('',(#306),#183,.F.);
#2251=ADVANCED_FACE('',(#307),#184,.F.);
#2252=ADVANCED_FACE('',(#308,#165),#185,.T.);
#2253=CLOSED_SHELL('',(#2130,#2131,#2132,#2133));
#2254=CLOSED_SHELL('',(#2134,#2135,#2136,#2137,#2138,#2139,#2140,#2141,
#2142,#2143,#2144,#2145,#2146,#2147,#2148,#2149,#2150,#2151,#2152,#2153,
#2154,#2155,#2156,#2157,#2158,#2159,#2160,#2161,#2162,#2163,#2164,#2165,
#2166,#2167,#2168));
#2255=CLOSED_SHELL('',(#2169,#2170,#2171,#2172,#2173,#2174,#2175,#2176,
#2177,#2178,#2179,#2180,#2181,#2182,#2183,#2184,#2185,#2186,#2187,#2188,
#2189,#2190,#2191,#2192,#2193,#2194,#2195,#2196,#2197,#2198,#2199,#2200,
#2201,#2202,#2203,#2204,#2205,#2206,#2207,#2208,#2209,#2210,#2211,#2212,
#2213,#2214,#2215,#2216,#2217,#2218,#2219,#2220,#2221,#2222,#2223,#2224,
#2225,#2226,#2227,#2228,#2229,#2230,#2231,#2232,#2233,#2234,#2235,#2236,
#2237,#2238,#2239,#2240,#2241,#2242,#2243,#2244,#2245,#2246,#2247,#2248,
#2249,#2250,#2251,#2252));
#2256=DERIVED_UNIT_ELEMENT(#2262,1.);
#2257=DERIVED_UNIT_ELEMENT(#4021,-3.);
#2258=DERIVED_UNIT_ELEMENT(#2262,1.);
#2259=DERIVED_UNIT_ELEMENT(#4021,-3.);
#2260=DERIVED_UNIT_ELEMENT(#2262,1.);
#2261=DERIVED_UNIT_ELEMENT(#4021,-3.);
#2262=(
MASS_UNIT()
NAMED_UNIT(*)
SI_UNIT(.KILO.,.GRAM.)
);
#2263=DERIVED_UNIT((#2256,#2257));
#2264=DERIVED_UNIT((#2258,#2259));
#2265=DERIVED_UNIT((#2260,#2261));
#2266=MEASURE_REPRESENTATION_ITEM('density measure',
POSITIVE_RATIO_MEASURE(7850.),#2263);
#2267=MEASURE_REPRESENTATION_ITEM('density measure',
POSITIVE_RATIO_MEASURE(7850.),#2264);
#2268=MEASURE_REPRESENTATION_ITEM('density measure',
POSITIVE_RATIO_MEASURE(7850.),#2265);
#2269=PROPERTY_DEFINITION_REPRESENTATION(#2284,#2275);
#2270=PROPERTY_DEFINITION_REPRESENTATION(#2285,#2276);
#2271=PROPERTY_DEFINITION_REPRESENTATION(#2286,#2277);
#2272=PROPERTY_DEFINITION_REPRESENTATION(#2287,#2278);
#2273=PROPERTY_DEFINITION_REPRESENTATION(#2288,#2279);
#2274=PROPERTY_DEFINITION_REPRESENTATION(#2289,#2280);
#2275=REPRESENTATION('material name',(#2281),#4016);
#2276=REPRESENTATION('density',(#2266),#4016);
#2277=REPRESENTATION('material name',(#2282),#4017);
#2278=REPRESENTATION('density',(#2267),#4017);
#2279=REPRESENTATION('material name',(#2283),#4018);
#2280=REPRESENTATION('density',(#2268),#4018);
#2281=DESCRIPTIVE_REPRESENTATION_ITEM('Steel','Steel');
#2282=DESCRIPTIVE_REPRESENTATION_ITEM('Steel','Steel');
#2283=DESCRIPTIVE_REPRESENTATION_ITEM('Steel','Steel');
#2284=PROPERTY_DEFINITION('material property','material name',#4041);
#2285=PROPERTY_DEFINITION('material property','density of part',#4041);
#2286=PROPERTY_DEFINITION('material property','material name',#4042);
#2287=PROPERTY_DEFINITION('material property','density of part',#4042);
#2288=PROPERTY_DEFINITION('material property','material name',#4043);
#2289=PROPERTY_DEFINITION('material property','density of part',#4043);
#2290=AXIS2_PLACEMENT_3D('',#3365,#2605,#2606);
#2291=AXIS2_PLACEMENT_3D('',#3366,#2607,#2608);
#2292=AXIS2_PLACEMENT_3D('',#3367,#2609,#2610);
#2293=AXIS2_PLACEMENT_3D('',#3369,#2611,#2612);
#2294=AXIS2_PLACEMENT_3D('',#3372,#2614,#2615);
#2295=AXIS2_PLACEMENT_3D('',#3373,#2616,#2617);
#2296=AXIS2_PLACEMENT_3D('',#3375,#2618,#2619);
#2297=AXIS2_PLACEMENT_3D('',#3378,#2621,#2622);
#2298=AXIS2_PLACEMENT_3D('',#3379,#2623,#2624);
#2299=AXIS2_PLACEMENT_3D('',#3380,#2625,#2626);
#2300=AXIS2_PLACEMENT_3D('',#3381,#2627,#2628);
#2301=AXIS2_PLACEMENT_3D('',#3382,#2629,#2630);
#2302=AXIS2_PLACEMENT_3D('',#3384,#2631,#2632);
#2303=AXIS2_PLACEMENT_3D('',#3387,#2634,#2635);
#2304=AXIS2_PLACEMENT_3D('',#3388,#2636,#2637);
#2305=AXIS2_PLACEMENT_3D('',#3390,#2638,#2639);
#2306=AXIS2_PLACEMENT_3D('',#3393,#2641,#2642);
#2307=AXIS2_PLACEMENT_3D('',#3394,#2643,#2644);
#2308=AXIS2_PLACEMENT_3D('',#3396,#2645,#2646);
#2309=AXIS2_PLACEMENT_3D('',#3398,#2648,#2649);
#2310=AXIS2_PLACEMENT_3D('',#3401,#2650,#2651);
#2311=AXIS2_PLACEMENT_3D('',#3402,#2652,#2653);
#2312=AXIS2_PLACEMENT_3D('',#3405,#2655,#2656);
#2313=AXIS2_PLACEMENT_3D('',#3406,#2657,#2658);
#2314=AXIS2_PLACEMENT_3D('',#3408,#2659,#2660);
#2315=AXIS2_PLACEMENT_3D('',#3411,#2662,#2663);
#2316=AXIS2_PLACEMENT_3D('',#3412,#2664,#2665);
#2317=AXIS2_PLACEMENT_3D('',#3415,#2666,#2667);
#2318=AXIS2_PLACEMENT_3D('',#3416,#2668,#2669);
#2319=AXIS2_PLACEMENT_3D('',#3419,#2671,#2672);
#2320=AXIS2_PLACEMENT_3D('',#3420,#2673,#2674);
#2321=AXIS2_PLACEMENT_3D('',#3422,#2675,#2676);
#2322=AXIS2_PLACEMENT_3D('',#3425,#2678,#2679);
#2323=AXIS2_PLACEMENT_3D('',#3426,#2680,#2681);
#2324=AXIS2_PLACEMENT_3D('',#3429,#2682,#2683);
#2325=AXIS2_PLACEMENT_3D('',#3430,#2684,#2685);
#2326=AXIS2_PLACEMENT_3D('',#3433,#2687,#2688);
#2327=AXIS2_PLACEMENT_3D('',#3434,#2689,#2690);
#2328=AXIS2_PLACEMENT_3D('',#3436,#2691,#2692);
#2329=AXIS2_PLACEMENT_3D('',#3439,#2694,#2695);
#2330=AXIS2_PLACEMENT_3D('',#3440,#2696,#2697);
#2331=AXIS2_PLACEMENT_3D('',#3443,#2698,#2699);
#2332=AXIS2_PLACEMENT_3D('',#3444,#2700,#2701);
#2333=AXIS2_PLACEMENT_3D('',#3447,#2703,#2704);
#2334=AXIS2_PLACEMENT_3D('',#3448,#2705,#2706);
#2335=AXIS2_PLACEMENT_3D('',#3450,#2707,#2708);
#2336=AXIS2_PLACEMENT_3D('',#3453,#2710,#2711);
#2337=AXIS2_PLACEMENT_3D('',#3454,#2712,#2713);
#2338=AXIS2_PLACEMENT_3D('',#3457,#2714,#2715);
#2339=AXIS2_PLACEMENT_3D('',#3458,#2716,#2717);
#2340=AXIS2_PLACEMENT_3D('',#3461,#2719,#2720);
#2341=AXIS2_PLACEMENT_3D('',#3462,#2721,#2722);
#2342=AXIS2_PLACEMENT_3D('',#3464,#2723,#2724);
#2343=AXIS2_PLACEMENT_3D('',#3467,#2726,#2727);
#2344=AXIS2_PLACEMENT_3D('',#3468,#2728,#2729);
#2345=AXIS2_PLACEMENT_3D('',#3471,#2730,#2731);
#2346=AXIS2_PLACEMENT_3D('',#3472,#2732,#2733);
#2347=AXIS2_PLACEMENT_3D('',#3475,#2735,#2736);
#2348=AXIS2_PLACEMENT_3D('',#3476,#2737,#2738);
#2349=AXIS2_PLACEMENT_3D('',#3478,#2739,#2740);
#2350=AXIS2_PLACEMENT_3D('',#3481,#2742,#2743);
#2351=AXIS2_PLACEMENT_3D('',#3482,#2744,#2745);
#2352=AXIS2_PLACEMENT_3D('',#3484,#2746,#2747);
#2353=AXIS2_PLACEMENT_3D('',#3487,#2749,#2750);
#2354=AXIS2_PLACEMENT_3D('',#3488,#2751,#2752);
#2355=AXIS2_PLACEMENT_3D('',#3491,#2753,#2754);
#2356=AXIS2_PLACEMENT_3D('',#3495,#2756,#2757);
#2357=AXIS2_PLACEMENT_3D('',#3497,#2758,#2759);
#2358=AXIS2_PLACEMENT_3D('',#3499,#2761,#2762);
#2359=AXIS2_PLACEMENT_3D('',#3501,#2764,#2765);
#2360=AXIS2_PLACEMENT_3D('',#3503,#2767,#2768);
#2361=AXIS2_PLACEMENT_3D('',#3505,#2770,#2771);
#2362=AXIS2_PLACEMENT_3D('',#3507,#2773,#2774);
#2363=AXIS2_PLACEMENT_3D('',#3509,#2776,#2777);
#2364=AXIS2_PLACEMENT_3D('',#3511,#2779,#2780);
#2365=AXIS2_PLACEMENT_3D('',#3513,#2781,#2782);
#2366=AXIS2_PLACEMENT_3D('',#3517,#2784,#2785);
#2367=AXIS2_PLACEMENT_3D('',#3518,#2786,#2787);
#2368=AXIS2_PLACEMENT_3D('',#3519,#2788,#2789);
#2369=AXIS2_PLACEMENT_3D('',#3522,#2790,#2791);
#2370=AXIS2_PLACEMENT_3D('',#3524,#2793,#2794);
#2371=AXIS2_PLACEMENT_3D('',#3525,#2795,#2796);
#2372=AXIS2_PLACEMENT_3D('',#3529,#2798,#2799);
#2373=AXIS2_PLACEMENT_3D('',#3533,#2801,#2802);
#2374=AXIS2_PLACEMENT_3D('',#3536,#2804,#2805);
#2375=AXIS2_PLACEMENT_3D('',#3537,#2806,#2807);
#2376=AXIS2_PLACEMENT_3D('',#3542,#2810,#2811);
#2377=AXIS2_PLACEMENT_3D('',#3544,#2813,#2814);
#2378=AXIS2_PLACEMENT_3D('',#3546,#2815,#2816);
#2379=AXIS2_PLACEMENT_3D('',#3548,#2818,#2819);
#2380=AXIS2_PLACEMENT_3D('',#3549,#2820,#2821);
#2381=AXIS2_PLACEMENT_3D('',#3552,#2824,#2825);
#2382=AXIS2_PLACEMENT_3D('',#3553,#2826,#2827);
#2383=AXIS2_PLACEMENT_3D('',#3555,#2829,#2830);
#2384=AXIS2_PLACEMENT_3D('',#3557,#2832,#2833);
#2385=AXIS2_PLACEMENT_3D('',#3558,#2834,#2835);
#2386=AXIS2_PLACEMENT_3D('',#3559,#2836,#2837);
#2387=AXIS2_PLACEMENT_3D('',#3560,#2838,#2839);
#2388=AXIS2_PLACEMENT_3D('',#3562,#2840,#2841);
#2389=AXIS2_PLACEMENT_3D('',#3565,#2843,#2844);
#2390=AXIS2_PLACEMENT_3D('',#3566,#2845,#2846);
#2391=AXIS2_PLACEMENT_3D('',#3569,#2847,#2848);
#2392=AXIS2_PLACEMENT_3D('',#3570,#2849,#2850);
#2393=AXIS2_PLACEMENT_3D('',#3573,#2852,#2853);
#2394=AXIS2_PLACEMENT_3D('',#3574,#2854,#2855);
#2395=AXIS2_PLACEMENT_3D('',#3577,#2856,#2857);
#2396=AXIS2_PLACEMENT_3D('',#3581,#2859,#2860);
#2397=AXIS2_PLACEMENT_3D('',#3583,#2862,#2863);
#2398=AXIS2_PLACEMENT_3D('',#3586,#2864,#2865);
#2399=AXIS2_PLACEMENT_3D('',#3587,#2866,#2867);
#2400=AXIS2_PLACEMENT_3D('',#3590,#2869,#2870);
#2401=AXIS2_PLACEMENT_3D('',#3591,#2871,#2872);
#2402=AXIS2_PLACEMENT_3D('',#3593,#2873,#2874);
#2403=AXIS2_PLACEMENT_3D('',#3596,#2876,#2877);
#2404=AXIS2_PLACEMENT_3D('',#3597,#2878,#2879);
#2405=AXIS2_PLACEMENT_3D('',#3600,#2880,#2881);
#2406=AXIS2_PLACEMENT_3D('',#3601,#2882,#2883);
#2407=AXIS2_PLACEMENT_3D('',#3604,#2885,#2886);
#2408=AXIS2_PLACEMENT_3D('',#3605,#2887,#2888);
#2409=AXIS2_PLACEMENT_3D('',#3607,#2889,#2890);
#2410=AXIS2_PLACEMENT_3D('',#3610,#2892,#2893);
#2411=AXIS2_PLACEMENT_3D('',#3611,#2894,#2895);
#2412=AXIS2_PLACEMENT_3D('',#3614,#2896,#2897);
#2413=AXIS2_PLACEMENT_3D('',#3615,#2898,#2899);
#2414=AXIS2_PLACEMENT_3D('',#3618,#2901,#2902);
#2415=AXIS2_PLACEMENT_3D('',#3619,#2903,#2904);
#2416=AXIS2_PLACEMENT_3D('',#3621,#2905,#2906);
#2417=AXIS2_PLACEMENT_3D('',#3624,#2908,#2909);
#2418=AXIS2_PLACEMENT_3D('',#3625,#2910,#2911);
#2419=AXIS2_PLACEMENT_3D('',#3628,#2912,#2913);
#2420=AXIS2_PLACEMENT_3D('',#3629,#2914,#2915);
#2421=AXIS2_PLACEMENT_3D('',#3632,#2917,#2918);
#2422=AXIS2_PLACEMENT_3D('',#3633,#2919,#2920);
#2423=AXIS2_PLACEMENT_3D('',#3635,#2921,#2922);
#2424=AXIS2_PLACEMENT_3D('',#3638,#2924,#2925);
#2425=AXIS2_PLACEMENT_3D('',#3639,#2926,#2927);
#2426=AXIS2_PLACEMENT_3D('',#3642,#2928,#2929);
#2427=AXIS2_PLACEMENT_3D('',#3643,#2930,#2931);
#2428=AXIS2_PLACEMENT_3D('',#3646,#2933,#2934);
#2429=AXIS2_PLACEMENT_3D('',#3647,#2935,#2936);
#2430=AXIS2_PLACEMENT_3D('',#3649,#2937,#2938);
#2431=AXIS2_PLACEMENT_3D('',#3652,#2940,#2941);
#2432=AXIS2_PLACEMENT_3D('',#3653,#2942,#2943);
#2433=AXIS2_PLACEMENT_3D('',#3656,#2944,#2945);
#2434=AXIS2_PLACEMENT_3D('',#3657,#2946,#2947);
#2435=AXIS2_PLACEMENT_3D('',#3660,#2949,#2950);
#2436=AXIS2_PLACEMENT_3D('',#3661,#2951,#2952);
#2437=AXIS2_PLACEMENT_3D('',#3663,#2953,#2954);
#2438=AXIS2_PLACEMENT_3D('',#3666,#2956,#2957);
#2439=AXIS2_PLACEMENT_3D('',#3667,#2958,#2959);
#2440=AXIS2_PLACEMENT_3D('',#3670,#2960,#2961);
#2441=AXIS2_PLACEMENT_3D('',#3671,#2962,#2963);
#2442=AXIS2_PLACEMENT_3D('',#3674,#2965,#2966);
#2443=AXIS2_PLACEMENT_3D('',#3675,#2967,#2968);
#2444=AXIS2_PLACEMENT_3D('',#3677,#2969,#2970);
#2445=AXIS2_PLACEMENT_3D('',#3680,#2972,#2973);
#2446=AXIS2_PLACEMENT_3D('',#3681,#2974,#2975);
#2447=AXIS2_PLACEMENT_3D('',#3684,#2976,#2977);
#2448=AXIS2_PLACEMENT_3D('',#3685,#2978,#2979);
#2449=AXIS2_PLACEMENT_3D('',#3688,#2981,#2982);
#2450=AXIS2_PLACEMENT_3D('',#3689,#2983,#2984);
#2451=AXIS2_PLACEMENT_3D('',#3691,#2985,#2986);
#2452=AXIS2_PLACEMENT_3D('',#3694,#2988,#2989);
#2453=AXIS2_PLACEMENT_3D('',#3695,#2990,#2991);
#2454=AXIS2_PLACEMENT_3D('',#3698,#2992,#2993);
#2455=AXIS2_PLACEMENT_3D('',#3699,#2994,#2995);
#2456=AXIS2_PLACEMENT_3D('',#3702,#2997,#2998);
#2457=AXIS2_PLACEMENT_3D('',#3703,#2999,#3000);
#2458=AXIS2_PLACEMENT_3D('',#3705,#3001,#3002);
#2459=AXIS2_PLACEMENT_3D('',#3708,#3004,#3005);
#2460=AXIS2_PLACEMENT_3D('',#3709,#3006,#3007);
#2461=AXIS2_PLACEMENT_3D('',#3712,#3008,#3009);
#2462=AXIS2_PLACEMENT_3D('',#3713,#3010,#3011);
#2463=AXIS2_PLACEMENT_3D('',#3716,#3013,#3014);
#2464=AXIS2_PLACEMENT_3D('',#3717,#3015,#3016);
#2465=AXIS2_PLACEMENT_3D('',#3719,#3017,#3018);
#2466=AXIS2_PLACEMENT_3D('',#3722,#3020,#3021);
#2467=AXIS2_PLACEMENT_3D('',#3723,#3022,#3023);
#2468=AXIS2_PLACEMENT_3D('',#3726,#3024,#3025);
#2469=AXIS2_PLACEMENT_3D('',#3727,#3026,#3027);
#2470=AXIS2_PLACEMENT_3D('',#3730,#3029,#3030);
#2471=AXIS2_PLACEMENT_3D('',#3731,#3031,#3032);
#2472=AXIS2_PLACEMENT_3D('',#3733,#3033,#3034);
#2473=AXIS2_PLACEMENT_3D('',#3736,#3036,#3037);
#2474=AXIS2_PLACEMENT_3D('',#3737,#3038,#3039);
#2475=AXIS2_PLACEMENT_3D('',#3740,#3040,#3041);
#2476=AXIS2_PLACEMENT_3D('',#3741,#3042,#3043);
#2477=AXIS2_PLACEMENT_3D('',#3744,#3045,#3046);
#2478=AXIS2_PLACEMENT_3D('',#3745,#3047,#3048);
#2479=AXIS2_PLACEMENT_3D('',#3747,#3049,#3050);
#2480=AXIS2_PLACEMENT_3D('',#3750,#3052,#3053);
#2481=AXIS2_PLACEMENT_3D('',#3751,#3054,#3055);
#2482=AXIS2_PLACEMENT_3D('',#3754,#3056,#3057);
#2483=AXIS2_PLACEMENT_3D('',#3755,#3058,#3059);
#2484=AXIS2_PLACEMENT_3D('',#3758,#3061,#3062);
#2485=AXIS2_PLACEMENT_3D('',#3759,#3063,#3064);
#2486=AXIS2_PLACEMENT_3D('',#3761,#3065,#3066);
#2487=AXIS2_PLACEMENT_3D('',#3764,#3068,#3069);
#2488=AXIS2_PLACEMENT_3D('',#3765,#3070,#3071);
#2489=AXIS2_PLACEMENT_3D('',#3768,#3072,#3073);
#2490=AXIS2_PLACEMENT_3D('',#3769,#3074,#3075);
#2491=AXIS2_PLACEMENT_3D('',#3772,#3077,#3078);
#2492=AXIS2_PLACEMENT_3D('',#3773,#3079,#3080);
#2493=AXIS2_PLACEMENT_3D('',#3775,#3081,#3082);
#2494=AXIS2_PLACEMENT_3D('',#3778,#3084,#3085);
#2495=AXIS2_PLACEMENT_3D('',#3779,#3086,#3087);
#2496=AXIS2_PLACEMENT_3D('',#3782,#3088,#3089);
#2497=AXIS2_PLACEMENT_3D('',#3783,#3090,#3091);
#2498=AXIS2_PLACEMENT_3D('',#3786,#3093,#3094);
#2499=AXIS2_PLACEMENT_3D('',#3787,#3095,#3096);
#2500=AXIS2_PLACEMENT_3D('',#3789,#3097,#3098);
#2501=AXIS2_PLACEMENT_3D('',#3792,#3100,#3101);
#2502=AXIS2_PLACEMENT_3D('',#3793,#3102,#3103);
#2503=AXIS2_PLACEMENT_3D('',#3796,#3104,#3105);
#2504=AXIS2_PLACEMENT_3D('',#3797,#3106,#3107);
#2505=AXIS2_PLACEMENT_3D('',#3800,#3109,#3110);
#2506=AXIS2_PLACEMENT_3D('',#3801,#3111,#3112);
#2507=AXIS2_PLACEMENT_3D('',#3803,#3113,#3114);
#2508=AXIS2_PLACEMENT_3D('',#3806,#3116,#3117);
#2509=AXIS2_PLACEMENT_3D('',#3807,#3118,#3119);
#2510=AXIS2_PLACEMENT_3D('',#3810,#3120,#3121);
#2511=AXIS2_PLACEMENT_3D('',#3811,#3122,#3123);
#2512=AXIS2_PLACEMENT_3D('',#3814,#3125,#3126);
#2513=AXIS2_PLACEMENT_3D('',#3815,#3127,#3128);
#2514=AXIS2_PLACEMENT_3D('',#3817,#3129,#3130);
#2515=AXIS2_PLACEMENT_3D('',#3820,#3132,#3133);
#2516=AXIS2_PLACEMENT_3D('',#3821,#3134,#3135);
#2517=AXIS2_PLACEMENT_3D('',#3824,#3136,#3137);
#2518=AXIS2_PLACEMENT_3D('',#3825,#3138,#3139);
#2519=AXIS2_PLACEMENT_3D('',#3828,#3141,#3142);
#2520=AXIS2_PLACEMENT_3D('',#3829,#3143,#3144);
#2521=AXIS2_PLACEMENT_3D('',#3831,#3145,#3146);
#2522=AXIS2_PLACEMENT_3D('',#3834,#3148,#3149);
#2523=AXIS2_PLACEMENT_3D('',#3835,#3150,#3151);
#2524=AXIS2_PLACEMENT_3D('',#3838,#3152,#3153);
#2525=AXIS2_PLACEMENT_3D('',#3839,#3154,#3155);
#2526=AXIS2_PLACEMENT_3D('',#3842,#3157,#3158);
#2527=AXIS2_PLACEMENT_3D('',#3843,#3159,#3160);
#2528=AXIS2_PLACEMENT_3D('',#3845,#3161,#3162);
#2529=AXIS2_PLACEMENT_3D('',#3848,#3164,#3165);
#2530=AXIS2_PLACEMENT_3D('',#3849,#3166,#3167);
#2531=AXIS2_PLACEMENT_3D('',#3852,#3168,#3169);
#2532=AXIS2_PLACEMENT_3D('',#3853,#3170,#3171);
#2533=AXIS2_PLACEMENT_3D('',#3856,#3173,#3174);
#2534=AXIS2_PLACEMENT_3D('',#3857,#3175,#3176);
#2535=AXIS2_PLACEMENT_3D('',#3859,#3177,#3178);
#2536=AXIS2_PLACEMENT_3D('',#3862,#3180,#3181);
#2537=AXIS2_PLACEMENT_3D('',#3863,#3182,#3183);
#2538=AXIS2_PLACEMENT_3D('',#3865,#3184,#3185);
#2539=AXIS2_PLACEMENT_3D('',#3868,#3187,#3188);
#2540=AXIS2_PLACEMENT_3D('',#3869,#3189,#3190);
#2541=AXIS2_PLACEMENT_3D('',#3871,#3191,#3192);
#2542=AXIS2_PLACEMENT_3D('',#3874,#3194,#3195);
#2543=AXIS2_PLACEMENT_3D('',#3875,#3196,#3197);
#2544=AXIS2_PLACEMENT_3D('',#3877,#3198,#3199);
#2545=AXIS2_PLACEMENT_3D('',#3880,#3201,#3202);
#2546=AXIS2_PLACEMENT_3D('',#3881,#3203,#3204);
#2547=AXIS2_PLACEMENT_3D('',#3883,#3205,#3206);
#2548=AXIS2_PLACEMENT_3D('',#3886,#3208,#3209);
#2549=AXIS2_PLACEMENT_3D('',#3887,#3210,#3211);
#2550=AXIS2_PLACEMENT_3D('',#3889,#3213,#3214);
#2551=AXIS2_PLACEMENT_3D('',#3891,#3216,#3217);
#2552=AXIS2_PLACEMENT_3D('',#3893,#3219,#3220);
#2553=AXIS2_PLACEMENT_3D('',#3895,#3222,#3223);
#2554=AXIS2_PLACEMENT_3D('',#3897,#3225,#3226);
#2555=AXIS2_PLACEMENT_3D('',#3899,#3228,#3229);
#2556=AXIS2_PLACEMENT_3D('',#3901,#3231,#3232);
#2557=AXIS2_PLACEMENT_3D('',#3903,#3234,#3235);
#2558=AXIS2_PLACEMENT_3D('',#3905,#3237,#3238);
#2559=AXIS2_PLACEMENT_3D('',#3907,#3240,#3241);
#2560=AXIS2_PLACEMENT_3D('',#3909,#3243,#3244);
#2561=AXIS2_PLACEMENT_3D('',#3911,#3246,#3247);
#2562=AXIS2_PLACEMENT_3D('',#3913,#3249,#3250);
#2563=AXIS2_PLACEMENT_3D('',#3915,#3252,#3253);
#2564=AXIS2_PLACEMENT_3D('',#3917,#3255,#3256);
#2565=AXIS2_PLACEMENT_3D('',#3919,#3258,#3259);
#2566=AXIS2_PLACEMENT_3D('',#3921,#3261,#3262);
#2567=AXIS2_PLACEMENT_3D('',#3923,#3264,#3265);
#2568=AXIS2_PLACEMENT_3D('',#3925,#3267,#3268);
#2569=AXIS2_PLACEMENT_3D('',#3927,#3270,#3271);
#2570=AXIS2_PLACEMENT_3D('',#3929,#3272,#3273);
#2571=AXIS2_PLACEMENT_3D('',#3933,#3275,#3276);
#2572=AXIS2_PLACEMENT_3D('',#3934,#3277,#3278);
#2573=AXIS2_PLACEMENT_3D('',#3935,#3279,#3280);
#2574=AXIS2_PLACEMENT_3D('',#3937,#3281,#3282);
#2575=AXIS2_PLACEMENT_3D('',#3939,#3284,#3285);
#2576=AXIS2_PLACEMENT_3D('',#3942,#3286,#3287);
#2577=AXIS2_PLACEMENT_3D('',#3946,#3289,#3290);
#2578=AXIS2_PLACEMENT_3D('',#3950,#3292,#3293);
#2579=AXIS2_PLACEMENT_3D('',#3953,#3295,#3296);
#2580=AXIS2_PLACEMENT_3D('',#3957,#3298,#3299);
#2581=AXIS2_PLACEMENT_3D('',#3959,#3301,#3302);
#2582=AXIS2_PLACEMENT_3D('',#3963,#3304,#3305);
#2583=AXIS2_PLACEMENT_3D('',#3967,#3307,#3308);
#2584=AXIS2_PLACEMENT_3D('',#3972,#3311,#3312);
#2585=AXIS2_PLACEMENT_3D('',#3975,#3314,#3315);
#2586=AXIS2_PLACEMENT_3D('',#3976,#3316,#3317);
#2587=AXIS2_PLACEMENT_3D('',#3978,#3318,#3319);
#2588=AXIS2_PLACEMENT_3D('',#3981,#3321,#3322);
#2589=AXIS2_PLACEMENT_3D('',#3982,#3323,#3324);
#2590=AXIS2_PLACEMENT_3D('',#3985,#3325,#3326);
#2591=AXIS2_PLACEMENT_3D('',#3988,#3329,#3330);
#2592=AXIS2_PLACEMENT_3D('',#3991,#3333,#3334);
#2593=AXIS2_PLACEMENT_3D('',#3992,#3335,#3336);
#2594=AXIS2_PLACEMENT_3D('',#3995,#3339,#3340);
#2595=AXIS2_PLACEMENT_3D('',#3996,#3341,#3342);
#2596=AXIS2_PLACEMENT_3D('',#3999,#3345,#3346);
#2597=AXIS2_PLACEMENT_3D('',#4000,#3347,#3348);
#2598=AXIS2_PLACEMENT_3D('',#4001,#3349,#3350);
#2599=AXIS2_PLACEMENT_3D('',#4004,#3353,#3354);
#2600=AXIS2_PLACEMENT_3D('',#4005,#3355,#3356);
#2601=AXIS2_PLACEMENT_3D('',#4006,#3357,#3358);
#2602=AXIS2_PLACEMENT_3D('',#4007,#3359,#3360);
#2603=AXIS2_PLACEMENT_3D('',#4008,#3361,#3362);
#2604=AXIS2_PLACEMENT_3D('',#4009,#3363,#3364);
#2605=DIRECTION('axis',(0.,0.,1.));
#2606=DIRECTION('refdir',(1.,0.,0.));
#2607=DIRECTION('axis',(0.,0.,1.));
#2608=DIRECTION('refdir',(1.,0.,0.));
#2609=DIRECTION('center_axis',(0.,0.,-1.));
#2610=DIRECTION('ref_axis',(-1.,0.,0.));
#2611=DIRECTION('center_axis',(0.,0.,1.));
#2612=DIRECTION('ref_axis',(1.,0.,0.));
#2613=DIRECTION('',(0.,0.,-1.));
#2614=DIRECTION('center_axis',(0.,0.,1.));
#2615=DIRECTION('ref_axis',(1.,0.,0.));
#2616=DIRECTION('center_axis',(0.,0.,-1.));
#2617=DIRECTION('ref_axis',(-1.,0.,0.));
#2618=DIRECTION('center_axis',(0.,0.,1.));
#2619=DIRECTION('ref_axis',(1.,0.,0.));
#2620=DIRECTION('',(0.,0.,1.));
#2621=DIRECTION('center_axis',(0.,0.,1.));
#2622=DIRECTION('ref_axis',(1.,0.,0.));
#2623=DIRECTION('center_axis',(0.,0.,1.));
#2624=DIRECTION('ref_axis',(1.,0.,0.));
#2625=DIRECTION('center_axis',(0.,0.,1.));
#2626=DIRECTION('ref_axis',(1.,0.,0.));
#2627=DIRECTION('axis',(0.,0.,1.));
#2628=DIRECTION('refdir',(1.,0.,0.));
#2629=DIRECTION('center_axis',(0.,1.,-1.54420742354709E-17));
#2630=DIRECTION('ref_axis',(0.,1.54420742354709E-17,1.));
#2631=DIRECTION('center_axis',(0.,1.,-1.54420742354709E-17));
#2632=DIRECTION('ref_axis',(0.,1.54420742354709E-17,1.));
#2633=DIRECTION('',(-8.65956056235488E-17,0.707106781186552,-0.707106781186543));
#2634=DIRECTION('center_axis',(0.,-1.,1.54420742354709E-17));
#2635=DIRECTION('ref_axis',(0.,1.54420742354709E-17,1.));
#2636=DIRECTION('center_axis',(0.,-1.,1.54420742354709E-17));
#2637=DIRECTION('ref_axis',(0.,-1.54420742354709E-17,-1.));
#2638=DIRECTION('center_axis',(0.,-1.,1.54420742354709E-17));
#2639=DIRECTION('ref_axis',(0.,-1.54420742354709E-17,-1.));
#2640=DIRECTION('',(-8.65956056235478E-17,-0.70710678118656,0.707106781186535));
#2641=DIRECTION('center_axis',(0.,1.,-1.54420742354709E-17));
#2642=DIRECTION('ref_axis',(0.,-1.54420742354709E-17,-1.));
#2643=DIRECTION('center_axis',(0.,-1.,1.54420742354709E-17));
#2644=DIRECTION('ref_axis',(0.,-1.54420742354709E-17,-1.));
#2645=DIRECTION('center_axis',(0.,-1.,1.54420742354709E-17));
#2646=DIRECTION('ref_axis',(0.,-1.54420742354709E-17,-1.));
#2647=DIRECTION('',(0.,-1.,1.54420742354709E-17));
#2648=DIRECTION('center_axis',(0.,1.,0.));
#2649=DIRECTION('ref_axis',(0.,0.,1.));
#2650=DIRECTION('center_axis',(0.,1.,0.));
#2651=DIRECTION('ref_axis',(0.,0.,1.));
#2652=DIRECTION('center_axis',(0.,1.,0.));
#2653=DIRECTION('ref_axis',(0.,0.,1.));
#2654=DIRECTION('',(-8.65956056235493E-17,0.707106781186548,-0.707106781186547));
#2655=DIRECTION('center_axis',(0.,-1.,1.54420742354709E-17));
#2656=DIRECTION('ref_axis',(0.,1.54420742354709E-17,1.));
#2657=DIRECTION('center_axis',(0.,-1.,0.));
#2658=DIRECTION('ref_axis',(0.,0.,-1.));
#2659=DIRECTION('center_axis',(0.,-1.,0.));
#2660=DIRECTION('ref_axis',(0.,0.,-1.));
#2661=DIRECTION('',(-8.65956056235511E-17,-0.707106781186533,0.707106781186562));
#2662=DIRECTION('center_axis',(0.,1.,-1.54420742354709E-17));
#2663=DIRECTION('ref_axis',(0.,-1.54420742354709E-17,-1.));
#2664=DIRECTION('center_axis',(0.,1.,0.));
#2665=DIRECTION('ref_axis',(0.,0.,1.));
#2666=DIRECTION('center_axis',(0.,1.,0.));
#2667=DIRECTION('ref_axis',(0.,0.,1.));
#2668=DIRECTION('center_axis',(0.,1.,0.));
#2669=DIRECTION('ref_axis',(0.,0.,1.));
#2670=DIRECTION('',(-8.65956056235492E-17,0.707106781186548,-0.707106781186547));
#2671=DIRECTION('center_axis',(0.,-1.,1.54420742354709E-17));
#2672=DIRECTION('ref_axis',(0.,1.54420742354709E-17,1.));
#2673=DIRECTION('center_axis',(0.,-1.,0.));
#2674=DIRECTION('ref_axis',(0.,0.,-1.));
#2675=DIRECTION('center_axis',(0.,-1.,0.));
#2676=DIRECTION('ref_axis',(0.,0.,-1.));
#2677=DIRECTION('',(-8.65956056235506E-17,-0.707106781186537,0.707106781186558));
#2678=DIRECTION('center_axis',(0.,1.,-1.54420742354709E-17));
#2679=DIRECTION('ref_axis',(0.,-1.54420742354709E-17,-1.));
#2680=DIRECTION('center_axis',(0.,1.,0.));
#2681=DIRECTION('ref_axis',(0.,0.,1.));
#2682=DIRECTION('center_axis',(0.,1.,0.));
#2683=DIRECTION('ref_axis',(0.,0.,1.));
#2684=DIRECTION('center_axis',(0.,1.,0.));
#2685=DIRECTION('ref_axis',(0.,0.,1.));
#2686=DIRECTION('',(-8.65956056235477E-17,0.707106781186561,-0.707106781186534));
#2687=DIRECTION('center_axis',(0.,-1.,1.54420742354709E-17));
#2688=DIRECTION('ref_axis',(0.,1.54420742354709E-17,1.));
#2689=DIRECTION('center_axis',(0.,-1.,0.));
#2690=DIRECTION('ref_axis',(0.,0.,-1.));
#2691=DIRECTION('center_axis',(0.,-1.,0.));
#2692=DIRECTION('ref_axis',(0.,0.,-1.));
#2693=DIRECTION('',(-8.65956056235497E-17,-0.707106781186545,0.707106781186551));
#2694=DIRECTION('center_axis',(0.,1.,-1.54420742354709E-17));
#2695=DIRECTION('ref_axis',(0.,-1.54420742354709E-17,-1.));
#2696=DIRECTION('center_axis',(0.,1.,0.));
#2697=DIRECTION('ref_axis',(0.,0.,1.));
#2698=DIRECTION('center_axis',(0.,1.,0.));
#2699=DIRECTION('ref_axis',(0.,0.,1.));
#2700=DIRECTION('center_axis',(0.,1.,0.));
#2701=DIRECTION('ref_axis',(0.,0.,1.));
#2702=DIRECTION('',(-8.65956056235488E-17,0.707106781186552,-0.707106781186543));
#2703=DIRECTION('center_axis',(0.,-1.,1.54420742354709E-17));
#2704=DIRECTION('ref_axis',(0.,1.54420742354709E-17,1.));
#2705=DIRECTION('center_axis',(0.,-1.,0.));
#2706=DIRECTION('ref_axis',(0.,0.,-1.));
#2707=DIRECTION('center_axis',(0.,-1.,0.));
#2708=DIRECTION('ref_axis',(0.,0.,-1.));
#2709=DIRECTION('',(-8.65956056235497E-17,-0.707106781186545,0.707106781186551));
#2710=DIRECTION('center_axis',(0.,1.,-1.54420742354709E-17));
#2711=DIRECTION('ref_axis',(0.,-1.54420742354709E-17,-1.));
#2712=DIRECTION('center_axis',(0.,1.,0.));
#2713=DIRECTION('ref_axis',(0.,0.,1.));
#2714=DIRECTION('center_axis',(0.,1.,0.));
#2715=DIRECTION('ref_axis',(0.,0.,1.));
#2716=DIRECTION('center_axis',(0.,1.,0.));
#2717=DIRECTION('ref_axis',(0.,0.,1.));
#2718=DIRECTION('',(-8.65956056235481E-17,0.707106781186558,-0.707106781186537));
#2719=DIRECTION('center_axis',(0.,-1.,1.54420742354709E-17));
#2720=DIRECTION('ref_axis',(0.,1.54420742354709E-17,1.));
#2721=DIRECTION('center_axis',(0.,-1.,0.));
#2722=DIRECTION('ref_axis',(0.,0.,-1.));
#2723=DIRECTION('center_axis',(0.,-1.,0.));
#2724=DIRECTION('ref_axis',(0.,0.,-1.));
#2725=DIRECTION('',(-8.6595605623549E-17,-0.707106781186551,0.707106781186545));
#2726=DIRECTION('center_axis',(0.,1.,-1.54420742354709E-17));
#2727=DIRECTION('ref_axis',(0.,-1.54420742354709E-17,-1.));
#2728=DIRECTION('center_axis',(0.,1.,0.));
#2729=DIRECTION('ref_axis',(0.,0.,1.));
#2730=DIRECTION('center_axis',(0.,1.,0.));
#2731=DIRECTION('ref_axis',(0.,0.,1.));
#2732=DIRECTION('center_axis',(0.,1.,0.));
#2733=DIRECTION('ref_axis',(0.,0.,1.));
#2734=DIRECTION('',(-8.65956056235477E-17,0.707106781186561,-0.707106781186534));
#2735=DIRECTION('center_axis',(0.,-1.,1.54420742354709E-17));
#2736=DIRECTION('ref_axis',(0.,1.54420742354709E-17,1.));
#2737=DIRECTION('center_axis',(0.,-1.,0.));
#2738=DIRECTION('ref_axis',(0.,0.,-1.));
#2739=DIRECTION('center_axis',(0.,-1.,0.));
#2740=DIRECTION('ref_axis',(0.,0.,-1.));
#2741=DIRECTION('',(-8.65956056235497E-17,-0.707106781186545,0.707106781186551));
#2742=DIRECTION('center_axis',(0.,1.,-1.54420742354709E-17));
#2743=DIRECTION('ref_axis',(0.,-1.54420742354709E-17,-1.));
#2744=DIRECTION('center_axis',(0.,1.,-1.54420742354709E-17));
#2745=DIRECTION('ref_axis',(0.,1.54420742354709E-17,1.));
#2746=DIRECTION('center_axis',(0.,1.,-1.54420742354709E-17));
#2747=DIRECTION('ref_axis',(0.,-1.54420742354709E-17,-1.));
#2748=DIRECTION('',(8.65956056235482E-17,-0.707106781186557,0.707106781186538));
#2749=DIRECTION('center_axis',(0.,-1.,1.54420742354709E-17));
#2750=DIRECTION('ref_axis',(0.,-1.54420742354709E-17,-1.));
#2751=DIRECTION('center_axis',(0.,-1.,1.54420742354711E-17));
#2752=DIRECTION('ref_axis',(0.500000000000001,1.33732285750431E-17,0.866025403784438));
#2753=DIRECTION('center_axis',(0.,1.,-1.54420742354709E-17));
#2754=DIRECTION('ref_axis',(0.,1.54420742354709E-17,1.));
#2755=DIRECTION('',(0.353626401105208,0.70696073000241,0.61249889361193));
#2756=DIRECTION('center_axis',(0.,-1.,1.54420742354711E-17));
#2757=DIRECTION('ref_axis',(0.,1.54420742354711E-17,1.));
#2758=DIRECTION('center_axis',(0.,-1.,1.54420742354711E-17));
#2759=DIRECTION('ref_axis',(0.,1.54420742354711E-17,1.));
#2760=DIRECTION('',(-0.353626401105202,-0.7069607300024,-0.612498893611945));
#2761=DIRECTION('center_axis',(0.,-1.,1.54420742354709E-17));
#2762=DIRECTION('ref_axis',(0.,-1.54420742354709E-17,-1.));
#2763=DIRECTION('',(0.,-1.,1.54420742354709E-17));
#2764=DIRECTION('center_axis',(0.,-1.,1.54420742354709E-17));
#2765=DIRECTION('ref_axis',(0.,-1.54420742354709E-17,-1.));
#2766=DIRECTION('',(0.,-1.,1.54420742354709E-17));
#2767=DIRECTION('center_axis',(0.,-1.,1.54420742354709E-17));
#2768=DIRECTION('ref_axis',(0.,-1.54420742354709E-17,-1.));
#2769=DIRECTION('',(0.,-1.,1.54420742354709E-17));
#2770=DIRECTION('center_axis',(3.08148791101958E-33,-1.,1.54420742354709E-17));
#2771=DIRECTION('ref_axis',(4.75845650776704E-50,-1.54420742354709E-17,
-1.));
#2772=DIRECTION('',(3.08148791101958E-33,-1.,1.54420742354709E-17));
#2773=DIRECTION('center_axis',(0.,-1.,1.54420742354709E-17));
#2774=DIRECTION('ref_axis',(0.,-1.54420742354709E-17,-1.));
#2775=DIRECTION('',(0.,-1.,1.54420742354709E-17));
#2776=DIRECTION('center_axis',(0.,-1.,1.54420742354709E-17));
#2777=DIRECTION('ref_axis',(0.,-1.54420742354709E-17,-1.));
#2778=DIRECTION('',(0.,-1.,1.54420742354709E-17));
#2779=DIRECTION('center_axis',(0.,1.,-1.54420742354709E-17));
#2780=DIRECTION('ref_axis',(0.,1.54420742354709E-17,1.));
#2781=DIRECTION('center_axis',(0.,1.,-1.54420742354709E-17));
#2782=DIRECTION('ref_axis',(0.,1.54420742354709E-17,1.));
#2783=DIRECTION('',(-4.18853873767702E-17,0.939692620785907,-0.342020143325671));
#2784=DIRECTION('center_axis',(0.,1.,-1.54420742354709E-17));
#2785=DIRECTION('ref_axis',(0.,1.54420742354709E-17,1.));
#2786=DIRECTION('center_axis',(0.,1.,-1.54420742354709E-17));
#2787=DIRECTION('ref_axis',(0.,1.54420742354709E-17,1.));
#2788=DIRECTION('center_axis',(0.,-1.,1.54420742354709E-17));
#2789=DIRECTION('ref_axis',(0.,-1.54420742354709E-17,-1.));
#2790=DIRECTION('center_axis',(0.,1.,-1.54420742354709E-17));
#2791=DIRECTION('ref_axis',(0.,1.54420742354709E-17,1.));
#2792=DIRECTION('',(1.15079156022785E-16,0.342020143325673,-0.939692620785907));
#2793=DIRECTION('center_axis',(0.,1.,-1.54420742354709E-17));
#2794=DIRECTION('ref_axis',(0.,1.54420742354709E-17,1.));
#2795=DIRECTION('center_axis',(0.,1.,-1.54420742354709E-17));
#2796=DIRECTION('ref_axis',(0.,1.54420742354709E-17,1.));
#2797=DIRECTION('',(0.,1.,-1.54420742354709E-17));
#2798=DIRECTION('center_axis',(0.,1.,-1.54420742354709E-17));
#2799=DIRECTION('ref_axis',(0.,1.54420742354709E-17,1.));
#2800=DIRECTION('',(0.,1.,-1.54420742354709E-17));
#2801=DIRECTION('center_axis',(0.,-1.,0.));
#2802=DIRECTION('ref_axis',(0.,0.,-1.));
#2803=DIRECTION('',(0.,-1.,1.54420742354709E-17));
#2804=DIRECTION('center_axis',(0.,1.,-1.54420742354709E-17));
#2805=DIRECTION('ref_axis',(0.,1.54420742354709E-17,1.));
#2806=DIRECTION('center_axis',(0.,1.,-1.54420742354709E-17));
#2807=DIRECTION('ref_axis',(0.,1.54420742354709E-17,1.));
#2808=DIRECTION('',(0.,-1.,1.54420742354709E-17));
#2809=DIRECTION('',(0.,1.,-1.54420742354709E-17));
#2810=DIRECTION('center_axis',(0.,1.,0.));
#2811=DIRECTION('ref_axis',(8.88178419700125E-16,0.,-1.));
#2812=DIRECTION('',(0.,-1.,1.54420742354709E-17));
#2813=DIRECTION('center_axis',(0.,1.,-1.54420742354709E-17));
#2814=DIRECTION('ref_axis',(0.,1.54420742354709E-17,1.));
#2815=DIRECTION('center_axis',(0.,1.,-1.54420742354709E-17));
#2816=DIRECTION('ref_axis',(0.,-1.54420742354709E-17,-1.));
#2817=DIRECTION('',(0.,1.,-1.54420742354709E-17));
#2818=DIRECTION('center_axis',(0.,-1.,1.54420742354709E-17));
#2819=DIRECTION('ref_axis',(0.,-1.54420742354709E-17,-1.));
#2820=DIRECTION('center_axis',(0.,1.,-1.54420742354709E-17));
#2821=DIRECTION('ref_axis',(0.,1.54420742354709E-17,1.));
#2822=DIRECTION('',(0.5,0.,0.866025403784439));
#2823=DIRECTION('',(-0.5,0.,-0.866025403784439));
#2824=DIRECTION('center_axis',(0.,1.,-1.54420742354709E-17));
#2825=DIRECTION('ref_axis',(0.,1.54420742354709E-17,1.));
#2826=DIRECTION('center_axis',(-0.866025403784439,7.72103711773545E-18,
0.5));
#2827=DIRECTION('ref_axis',(0.5,-3.85185988877447E-34,0.866025403784439));
#2828=DIRECTION('',(0.5,0.,0.866025403784439));
#2829=DIRECTION('center_axis',(0.866025403784439,-7.72103711773545E-18,
-0.5));
#2830=DIRECTION('ref_axis',(-0.5,3.85185988877447E-34,-0.866025403784439));
#2831=DIRECTION('',(-0.5,0.,-0.866025403784439));
#2832=DIRECTION('center_axis',(0.,-1.,0.));
#2833=DIRECTION('ref_axis',(0.,0.,-1.));
#2834=DIRECTION('center_axis',(0.,-1.,1.54420742354709E-17));
#2835=DIRECTION('ref_axis',(0.,-1.54420742354709E-17,-1.));
#2836=DIRECTION('axis',(0.,0.,1.));
#2837=DIRECTION('refdir',(1.,0.,0.));
#2838=DIRECTION('center_axis',(0.,-1.,0.));
#2839=DIRECTION('ref_axis',(0.,0.,-1.));
#2840=DIRECTION('center_axis',(0.,-1.,0.));
#2841=DIRECTION('ref_axis',(0.,0.,-1.));
#2842=DIRECTION('',(0.,-1.,0.));
#2843=DIRECTION('center_axis',(0.,-1.,0.));
#2844=DIRECTION('ref_axis',(0.,0.,-1.));
#2845=DIRECTION('center_axis',(0.,1.,0.));
#2846=DIRECTION('ref_axis',(0.,0.,1.));
#2847=DIRECTION('center_axis',(0.,1.,0.));
#2848=DIRECTION('ref_axis',(0.,0.,1.));
#2849=DIRECTION('center_axis',(0.,1.,0.));
#2850=DIRECTION('ref_axis',(0.,0.,1.));
#2851=DIRECTION('',(8.65956056235553E-17,-0.707106781186499,0.707106781186597));
#2852=DIRECTION('center_axis',(0.,-1.,0.));
#2853=DIRECTION('ref_axis',(0.,0.,1.));
#2854=DIRECTION('center_axis',(0.,-1.,0.));
#2855=DIRECTION('ref_axis',(0.,0.,-1.));
#2856=DIRECTION('center_axis',(0.,1.,0.));
#2857=DIRECTION('ref_axis',(0.,0.,-1.));
#2858=DIRECTION('',(-0.0922992052799219,0.707081883861117,-0.70108206810623));
#2859=DIRECTION('center_axis',(0.,-1.,0.));
#2860=DIRECTION('ref_axis',(0.,0.,-1.));
#2861=DIRECTION('',(-0.0922992052799103,-0.707081883861117,-0.701082068106231));
#2862=DIRECTION('center_axis',(0.,1.,0.));
#2863=DIRECTION('ref_axis',(0.,0.,1.));
#2864=DIRECTION('center_axis',(0.,1.,0.));
#2865=DIRECTION('ref_axis',(0.,0.,-1.));
#2866=DIRECTION('center_axis',(0.,1.,0.));
#2867=DIRECTION('ref_axis',(0.,0.,-1.));
#2868=DIRECTION('',(-8.65956056235507E-17,0.707106781186536,-0.707106781186559));
#2869=DIRECTION('center_axis',(0.,-1.,0.));
#2870=DIRECTION('ref_axis',(0.,0.,-1.));
#2871=DIRECTION('center_axis',(0.,-1.,0.));
#2872=DIRECTION('ref_axis',(0.,0.,-1.));
#2873=DIRECTION('center_axis',(0.,-1.,0.));
#2874=DIRECTION('ref_axis',(0.,0.,1.));
#2875=DIRECTION('',(-8.65956056235438E-17,-0.707106781186593,0.707106781186502));
#2876=DIRECTION('center_axis',(0.,1.,0.));
#2877=DIRECTION('ref_axis',(0.,0.,1.));
#2878=DIRECTION('center_axis',(0.,1.,0.));
#2879=DIRECTION('ref_axis',(0.,0.,1.));
#2880=DIRECTION('center_axis',(0.,1.,0.));
#2881=DIRECTION('ref_axis',(0.,0.,-1.));
#2882=DIRECTION('center_axis',(0.,1.,0.));
#2883=DIRECTION('ref_axis',(0.,0.,-1.));
#2884=DIRECTION('',(-8.6595605623555E-17,0.707106781186501,-0.707106781186594));
#2885=DIRECTION('center_axis',(0.,-1.,0.));
#2886=DIRECTION('ref_axis',(0.,0.,-1.));
#2887=DIRECTION('center_axis',(0.,-1.,0.));
#2888=DIRECTION('ref_axis',(0.,0.,-1.));
#2889=DIRECTION('center_axis',(0.,-1.,0.));
#2890=DIRECTION('ref_axis',(0.,0.,1.));
#2891=DIRECTION('',(-8.65956056235475E-17,-0.707106781186563,0.707106781186532));
#2892=DIRECTION('center_axis',(0.,1.,0.));
#2893=DIRECTION('ref_axis',(0.,0.,1.));
#2894=DIRECTION('center_axis',(0.,1.,0.));
#2895=DIRECTION('ref_axis',(0.,0.,1.));
#2896=DIRECTION('center_axis',(0.,1.,0.));
#2897=DIRECTION('ref_axis',(0.,0.,-1.));
#2898=DIRECTION('center_axis',(0.,1.,0.));
#2899=DIRECTION('ref_axis',(0.,0.,-1.));
#2900=DIRECTION('',(-8.65956056235481E-17,0.707106781186558,-0.707106781186537));
#2901=DIRECTION('center_axis',(0.,-1.,0.));
#2902=DIRECTION('ref_axis',(0.,0.,-1.));
#2903=DIRECTION('center_axis',(0.,-1.,0.));
#2904=DIRECTION('ref_axis',(0.,0.,-1.));
#2905=DIRECTION('center_axis',(0.,-1.,0.));
#2906=DIRECTION('ref_axis',(0.,0.,1.));
#2907=DIRECTION('',(-8.65956056235597E-17,-0.707106781186463,0.707106781186633));
#2908=DIRECTION('center_axis',(0.,1.,0.));
#2909=DIRECTION('ref_axis',(0.,0.,1.));
#2910=DIRECTION('center_axis',(0.,1.,0.));
#2911=DIRECTION('ref_axis',(0.,0.,1.));
#2912=DIRECTION('center_axis',(0.,1.,0.));
#2913=DIRECTION('ref_axis',(0.,0.,-1.));
#2914=DIRECTION('center_axis',(0.,1.,0.));
#2915=DIRECTION('ref_axis',(0.,0.,-1.));
#2916=DIRECTION('',(-8.65956056235491E-17,0.70710678118655,-0.707106781186545));
#2917=DIRECTION('center_axis',(0.,-1.,0.));
#2918=DIRECTION('ref_axis',(0.,0.,-1.));
#2919=DIRECTION('center_axis',(0.,-1.,0.));
#2920=DIRECTION('ref_axis',(0.,0.,-1.));
#2921=DIRECTION('center_axis',(0.,-1.,0.));
#2922=DIRECTION('ref_axis',(0.,0.,1.));
#2923=DIRECTION('',(-8.65956056235486E-17,-0.707106781186554,0.707106781186541));
#2924=DIRECTION('center_axis',(0.,1.,0.));
#2925=DIRECTION('ref_axis',(0.,0.,1.));
#2926=DIRECTION('center_axis',(0.,1.,0.));
#2927=DIRECTION('ref_axis',(0.,0.,1.));
#2928=DIRECTION('center_axis',(0.,1.,0.));
#2929=DIRECTION('ref_axis',(0.,0.,-1.));
#2930=DIRECTION('center_axis',(0.,1.,0.));
#2931=DIRECTION('ref_axis',(0.,0.,-1.));
#2932=DIRECTION('',(-8.65956056235474E-17,0.707106781186563,-0.707106781186532));
#2933=DIRECTION('center_axis',(0.,-1.,0.));
#2934=DIRECTION('ref_axis',(0.,0.,-1.));
#2935=DIRECTION('center_axis',(0.,-1.,0.));
#2936=DIRECTION('ref_axis',(0.,0.,-1.));
#2937=DIRECTION('center_axis',(0.,-1.,0.));
#2938=DIRECTION('ref_axis',(0.,0.,1.));
#2939=DIRECTION('',(-8.65956056235456E-17,-0.707106781186578,0.707106781186517));
#2940=DIRECTION('center_axis',(0.,1.,0.));
#2941=DIRECTION('ref_axis',(0.,0.,1.));
#2942=DIRECTION('center_axis',(0.,1.,0.));
#2943=DIRECTION('ref_axis',(0.,0.,1.));
#2944=DIRECTION('center_axis',(0.,1.,0.));
#2945=DIRECTION('ref_axis',(0.,0.,-1.));
#2946=DIRECTION('center_axis',(0.,1.,0.));
#2947=DIRECTION('ref_axis',(0.,0.,-1.));
#2948=DIRECTION('',(-8.65956056235497E-17,0.707106781186544,-0.707106781186551));
#2949=DIRECTION('center_axis',(0.,-1.,0.));
#2950=DIRECTION('ref_axis',(0.,0.,-1.));
#2951=DIRECTION('center_axis',(0.,-1.,0.));
#2952=DIRECTION('ref_axis',(0.,0.,-1.));
#2953=DIRECTION('center_axis',(0.,-1.,0.));
#2954=DIRECTION('ref_axis',(0.,0.,1.));
#2955=DIRECTION('',(-8.65956056235456E-17,-0.707106781186578,0.707106781186517));
#2956=DIRECTION('center_axis',(0.,1.,0.));
#2957=DIRECTION('ref_axis',(0.,0.,1.));
#2958=DIRECTION('center_axis',(0.,1.,0.));
#2959=DIRECTION('ref_axis',(0.,0.,1.));
#2960=DIRECTION('center_axis',(0.,1.,0.));
#2961=DIRECTION('ref_axis',(0.,0.,-1.));
#2962=DIRECTION('center_axis',(0.,1.,0.));
#2963=DIRECTION('ref_axis',(0.,0.,-1.));
#2964=DIRECTION('',(-8.65956056235462E-17,0.707106781186573,-0.707106781186522));
#2965=DIRECTION('center_axis',(0.,-1.,0.));
#2966=DIRECTION('ref_axis',(0.,0.,-1.));
#2967=DIRECTION('center_axis',(0.,-1.,0.));
#2968=DIRECTION('ref_axis',(0.,0.,-1.));
#2969=DIRECTION('center_axis',(0.,-1.,0.));
#2970=DIRECTION('ref_axis',(0.,0.,1.));
#2971=DIRECTION('',(-8.65956056235475E-17,-0.707106781186563,0.707106781186532));
#2972=DIRECTION('center_axis',(0.,1.,0.));
#2973=DIRECTION('ref_axis',(0.,0.,1.));
#2974=DIRECTION('center_axis',(0.,1.,0.));
#2975=DIRECTION('ref_axis',(0.,0.,1.));
#2976=DIRECTION('center_axis',(0.,1.,0.));
#2977=DIRECTION('ref_axis',(0.,0.,-1.));
#2978=DIRECTION('center_axis',(0.,1.,0.));
#2979=DIRECTION('ref_axis',(0.,0.,-1.));
#2980=DIRECTION('',(-8.6595605623555E-17,0.707106781186501,-0.707106781186594));
#2981=DIRECTION('center_axis',(0.,-1.,0.));
#2982=DIRECTION('ref_axis',(0.,0.,-1.));
#2983=DIRECTION('center_axis',(0.,-1.,0.));
#2984=DIRECTION('ref_axis',(0.,0.,-1.));
#2985=DIRECTION('center_axis',(0.,-1.,0.));
#2986=DIRECTION('ref_axis',(0.,0.,1.));
#2987=DIRECTION('',(-8.65956056235475E-17,-0.707106781186563,0.707106781186532));
#2988=DIRECTION('center_axis',(0.,1.,0.));
#2989=DIRECTION('ref_axis',(0.,0.,1.));
#2990=DIRECTION('center_axis',(0.,1.,0.));
#2991=DIRECTION('ref_axis',(0.,0.,1.));
#2992=DIRECTION('center_axis',(0.,1.,0.));
#2993=DIRECTION('ref_axis',(0.,0.,-1.));
#2994=DIRECTION('center_axis',(0.,1.,0.));
#2995=DIRECTION('ref_axis',(0.,0.,-1.));
#2996=DIRECTION('',(-8.65956056235497E-17,0.707106781186544,-0.707106781186551));
#2997=DIRECTION('center_axis',(0.,-1.,0.));
#2998=DIRECTION('ref_axis',(0.,0.,-1.));
#2999=DIRECTION('center_axis',(0.,-1.,0.));
#3000=DIRECTION('ref_axis',(0.,0.,-1.));
#3001=DIRECTION('center_axis',(0.,-1.,0.));
#3002=DIRECTION('ref_axis',(0.,0.,1.));
#3003=DIRECTION('',(-8.65956056235457E-17,-0.707106781186577,0.707106781186518));
#3004=DIRECTION('center_axis',(0.,1.,0.));
#3005=DIRECTION('ref_axis',(0.,0.,1.));
#3006=DIRECTION('center_axis',(0.,1.,0.));
#3007=DIRECTION('ref_axis',(0.,0.,1.));
#3008=DIRECTION('center_axis',(0.,1.,0.));
#3009=DIRECTION('ref_axis',(0.,0.,-1.));
#3010=DIRECTION('center_axis',(0.,1.,0.));
#3011=DIRECTION('ref_axis',(0.,0.,-1.));
#3012=DIRECTION('',(-8.6595605623555E-17,0.707106781186501,-0.707106781186594));
#3013=DIRECTION('center_axis',(0.,-1.,0.));
#3014=DIRECTION('ref_axis',(0.,0.,-1.));
#3015=DIRECTION('center_axis',(0.,-1.,0.));
#3016=DIRECTION('ref_axis',(0.,0.,-1.));
#3017=DIRECTION('center_axis',(0.,-1.,0.));
#3018=DIRECTION('ref_axis',(0.,0.,1.));
#3019=DIRECTION('',(-8.65956056235475E-17,-0.707106781186563,0.707106781186532));
#3020=DIRECTION('center_axis',(0.,1.,0.));
#3021=DIRECTION('ref_axis',(0.,0.,1.));
#3022=DIRECTION('center_axis',(0.,1.,0.));
#3023=DIRECTION('ref_axis',(0.,0.,1.));
#3024=DIRECTION('center_axis',(0.,1.,0.));
#3025=DIRECTION('ref_axis',(0.,0.,-1.));
#3026=DIRECTION('center_axis',(0.,1.,0.));
#3027=DIRECTION('ref_axis',(0.,0.,-1.));
#3028=DIRECTION('',(-8.65956056235461E-17,0.707106781186574,-0.707106781186521));
#3029=DIRECTION('center_axis',(0.,-1.,0.));
#3030=DIRECTION('ref_axis',(0.,0.,-1.));
#3031=DIRECTION('center_axis',(0.,-1.,0.));
#3032=DIRECTION('ref_axis',(0.,0.,-1.));
#3033=DIRECTION('center_axis',(0.,-1.,0.));
#3034=DIRECTION('ref_axis',(0.,0.,1.));
#3035=DIRECTION('',(-8.65956056235517E-17,-0.707106781186528,0.707106781186567));
#3036=DIRECTION('center_axis',(0.,1.,0.));
#3037=DIRECTION('ref_axis',(0.,0.,1.));
#3038=DIRECTION('center_axis',(0.,1.,0.));
#3039=DIRECTION('ref_axis',(0.,0.,1.));
#3040=DIRECTION('center_axis',(0.,1.,0.));
#3041=DIRECTION('ref_axis',(0.,0.,-1.));
#3042=DIRECTION('center_axis',(0.,1.,0.));
#3043=DIRECTION('ref_axis',(0.,0.,-1.));
#3044=DIRECTION('',(-8.65956056235471E-17,0.707106781186566,-0.707106781186529));
#3045=DIRECTION('center_axis',(0.,-1.,0.));
#3046=DIRECTION('ref_axis',(0.,0.,-1.));
#3047=DIRECTION('center_axis',(0.,-1.,0.));
#3048=DIRECTION('ref_axis',(0.,0.,-1.));
#3049=DIRECTION('center_axis',(0.,-1.,0.));
#3050=DIRECTION('ref_axis',(0.,0.,1.));
#3051=DIRECTION('',(-8.65956056235483E-17,-0.707106781186556,0.707106781186539));
#3052=DIRECTION('center_axis',(0.,1.,0.));
#3053=DIRECTION('ref_axis',(0.,0.,1.));
#3054=DIRECTION('center_axis',(0.,1.,0.));
#3055=DIRECTION('ref_axis',(0.,0.,1.));
#3056=DIRECTION('center_axis',(0.,1.,0.));
#3057=DIRECTION('ref_axis',(0.,0.,-1.));
#3058=DIRECTION('center_axis',(0.,1.,0.));
#3059=DIRECTION('ref_axis',(0.,0.,-1.));
#3060=DIRECTION('',(-8.65956056235495E-17,0.707106781186546,-0.707106781186548));
#3061=DIRECTION('center_axis',(0.,-1.,0.));
#3062=DIRECTION('ref_axis',(0.,0.,-1.));
#3063=DIRECTION('center_axis',(0.,-1.,0.));
#3064=DIRECTION('ref_axis',(0.,0.,-1.));
#3065=DIRECTION('center_axis',(0.,-1.,0.));
#3066=DIRECTION('ref_axis',(0.,0.,1.));
#3067=DIRECTION('',(-8.65956056235512E-17,-0.707106781186532,0.707106781186563));
#3068=DIRECTION('center_axis',(0.,1.,0.));
#3069=DIRECTION('ref_axis',(0.,0.,1.));
#3070=DIRECTION('center_axis',(0.,1.,0.));
#3071=DIRECTION('ref_axis',(0.,0.,1.));
#3072=DIRECTION('center_axis',(0.,1.,0.));
#3073=DIRECTION('ref_axis',(0.,0.,-1.));
#3074=DIRECTION('center_axis',(0.,1.,0.));
#3075=DIRECTION('ref_axis',(0.,0.,-1.));
#3076=DIRECTION('',(-8.65956056235513E-17,0.707106781186531,-0.707106781186564));
#3077=DIRECTION('center_axis',(0.,-1.,0.));
#3078=DIRECTION('ref_axis',(0.,0.,-1.));
#3079=DIRECTION('center_axis',(0.,-1.,0.));
#3080=DIRECTION('ref_axis',(0.,0.,-1.));
#3081=DIRECTION('center_axis',(0.,-1.,0.));
#3082=DIRECTION('ref_axis',(0.,0.,1.));
#3083=DIRECTION('',(-8.65956056235489E-17,-0.70710678118655,0.707106781186544));
#3084=DIRECTION('center_axis',(0.,1.,0.));
#3085=DIRECTION('ref_axis',(0.,0.,1.));
#3086=DIRECTION('center_axis',(0.,1.,0.));
#3087=DIRECTION('ref_axis',(0.,0.,1.));
#3088=DIRECTION('center_axis',(0.,1.,0.));
#3089=DIRECTION('ref_axis',(0.,0.,-1.));
#3090=DIRECTION('center_axis',(0.,1.,0.));
#3091=DIRECTION('ref_axis',(0.,0.,-1.));
#3092=DIRECTION('',(-8.65956056235473E-17,0.707106781186564,-0.707106781186531));
#3093=DIRECTION('center_axis',(0.,-1.,0.));
#3094=DIRECTION('ref_axis',(0.,0.,-1.));
#3095=DIRECTION('center_axis',(0.,-1.,0.));
#3096=DIRECTION('ref_axis',(0.,0.,-1.));
#3097=DIRECTION('center_axis',(0.,-1.,0.));
#3098=DIRECTION('ref_axis',(0.,0.,1.));
#3099=DIRECTION('',(-8.65956056235473E-17,-0.707106781186564,0.707106781186531));
#3100=DIRECTION('center_axis',(0.,1.,0.));
#3101=DIRECTION('ref_axis',(0.,0.,1.));
#3102=DIRECTION('center_axis',(0.,1.,0.));
#3103=DIRECTION('ref_axis',(0.,0.,1.));
#3104=DIRECTION('center_axis',(0.,1.,0.));
#3105=DIRECTION('ref_axis',(0.,0.,-1.));
#3106=DIRECTION('center_axis',(0.,1.,0.));
#3107=DIRECTION('ref_axis',(0.,0.,-1.));
#3108=DIRECTION('',(-8.6595605623555E-17,0.707106781186501,-0.707106781186594));
#3109=DIRECTION('center_axis',(0.,-1.,0.));
#3110=DIRECTION('ref_axis',(0.,0.,-1.));
#3111=DIRECTION('center_axis',(0.,-1.,0.));
#3112=DIRECTION('ref_axis',(0.,0.,-1.));
#3113=DIRECTION('center_axis',(0.,-1.,0.));
#3114=DIRECTION('ref_axis',(0.,0.,1.));
#3115=DIRECTION('',(-8.65956056235475E-17,-0.707106781186563,0.707106781186532));
#3116=DIRECTION('center_axis',(0.,1.,0.));
#3117=DIRECTION('ref_axis',(0.,0.,1.));
#3118=DIRECTION('center_axis',(0.,1.,0.));
#3119=DIRECTION('ref_axis',(0.,0.,1.));
#3120=DIRECTION('center_axis',(0.,1.,0.));
#3121=DIRECTION('ref_axis',(0.,0.,-1.));
#3122=DIRECTION('center_axis',(0.,1.,0.));
#3123=DIRECTION('ref_axis',(0.,0.,-1.));
#3124=DIRECTION('',(-8.65956056235521E-17,0.707106781186525,-0.70710678118657));
#3125=DIRECTION('center_axis',(0.,-1.,0.));
#3126=DIRECTION('ref_axis',(0.,0.,-1.));
#3127=DIRECTION('center_axis',(0.,-1.,0.));
#3128=DIRECTION('ref_axis',(0.,0.,-1.));
#3129=DIRECTION('center_axis',(0.,-1.,0.));
#3130=DIRECTION('ref_axis',(0.,0.,1.));
#3131=DIRECTION('',(-8.65956056235502E-17,-0.70710678118654,0.707106781186555));
#3132=DIRECTION('center_axis',(0.,1.,0.));
#3133=DIRECTION('ref_axis',(0.,0.,1.));
#3134=DIRECTION('center_axis',(0.,1.,0.));
#3135=DIRECTION('ref_axis',(0.,0.,1.));
#3136=DIRECTION('center_axis',(0.,1.,0.));
#3137=DIRECTION('ref_axis',(0.,0.,-1.));
#3138=DIRECTION('center_axis',(0.,1.,0.));
#3139=DIRECTION('ref_axis',(0.,0.,-1.));
#3140=DIRECTION('',(-8.65956056235476E-17,0.707106781186562,-0.707106781186533));
#3141=DIRECTION('center_axis',(0.,-1.,0.));
#3142=DIRECTION('ref_axis',(0.,0.,-1.));
#3143=DIRECTION('center_axis',(0.,-1.,0.));
#3144=DIRECTION('ref_axis',(0.,0.,-1.));
#3145=DIRECTION('center_axis',(0.,-1.,0.));
#3146=DIRECTION('ref_axis',(0.,0.,1.));
#3147=DIRECTION('',(-8.65956056235489E-17,-0.70710678118655,0.707106781186544));
#3148=DIRECTION('center_axis',(0.,1.,0.));
#3149=DIRECTION('ref_axis',(0.,0.,1.));
#3150=DIRECTION('center_axis',(0.,1.,0.));
#3151=DIRECTION('ref_axis',(0.,0.,1.));
#3152=DIRECTION('center_axis',(0.,1.,0.));
#3153=DIRECTION('ref_axis',(0.,0.,-1.));
#3154=DIRECTION('center_axis',(0.,1.,0.));
#3155=DIRECTION('ref_axis',(0.,0.,-1.));
#3156=DIRECTION('',(-8.6595605623546E-17,0.707106781186575,-0.70710678118652));
#3157=DIRECTION('center_axis',(0.,-1.,0.));
#3158=DIRECTION('ref_axis',(0.,0.,-1.));
#3159=DIRECTION('center_axis',(0.,-1.,0.));
#3160=DIRECTION('ref_axis',(0.,0.,-1.));
#3161=DIRECTION('center_axis',(0.,-1.,0.));
#3162=DIRECTION('ref_axis',(0.,0.,1.));
#3163=DIRECTION('',(-8.65956056235451E-17,-0.707106781186582,0.707106781186513));
#3164=DIRECTION('center_axis',(0.,1.,0.));
#3165=DIRECTION('ref_axis',(0.,0.,1.));
#3166=DIRECTION('center_axis',(0.,1.,0.));
#3167=DIRECTION('ref_axis',(0.,0.,1.));
#3168=DIRECTION('center_axis',(0.,1.,0.));
#3169=DIRECTION('ref_axis',(0.,0.,-1.));
#3170=DIRECTION('center_axis',(0.,1.,0.));
#3171=DIRECTION('ref_axis',(0.,0.,-1.));
#3172=DIRECTION('',(-8.65956056235476E-17,0.707106781186562,-0.707106781186533));
#3173=DIRECTION('center_axis',(0.,-1.,0.));
#3174=DIRECTION('ref_axis',(0.,0.,-1.));
#3175=DIRECTION('center_axis',(0.,-1.,0.));
#3176=DIRECTION('ref_axis',(0.,0.,-1.));
#3177=DIRECTION('center_axis',(0.,-1.,0.));
#3178=DIRECTION('ref_axis',(0.,0.,1.));
#3179=DIRECTION('',(-8.65956056235475E-17,-0.707106781186563,0.707106781186532));
#3180=DIRECTION('center_axis',(0.,1.,0.));
#3181=DIRECTION('ref_axis',(0.,0.,1.));
#3182=DIRECTION('center_axis',(0.,-1.,0.));
#3183=DIRECTION('ref_axis',(0.,0.,-1.));
#3184=DIRECTION('center_axis',(0.,-1.,0.));
#3185=DIRECTION('ref_axis',(-0.258819045102507,0.,-0.965925826289072));
#3186=DIRECTION('',(0.,-1.,0.));
#3187=DIRECTION('center_axis',(0.,-1.,0.));
#3188=DIRECTION('ref_axis',(-0.258819045102507,0.,-0.965925826289072));
#3189=DIRECTION('center_axis',(0.,-1.,0.));
#3190=DIRECTION('ref_axis',(0.,0.,-1.));
#3191=DIRECTION('center_axis',(0.,-1.,0.));
#3192=DIRECTION('ref_axis',(-0.499999999999988,0.,-0.866025403784445));
#3193=DIRECTION('',(0.,-1.,0.));
#3194=DIRECTION('center_axis',(0.,-1.,0.));
#3195=DIRECTION('ref_axis',(-0.499999999999988,0.,-0.866025403784445));
#3196=DIRECTION('center_axis',(0.,-1.,0.));
#3197=DIRECTION('ref_axis',(0.,0.,-1.));
#3198=DIRECTION('center_axis',(0.,-1.,0.));
#3199=DIRECTION('ref_axis',(-0.707106781186539,0.,-0.707106781186556));
#3200=DIRECTION('',(0.,-1.,0.));
#3201=DIRECTION('center_axis',(0.,-1.,0.));
#3202=DIRECTION('ref_axis',(-0.707106781186539,0.,-0.707106781186556));
#3203=DIRECTION('center_axis',(0.,-1.,0.));
#3204=DIRECTION('ref_axis',(0.,0.,-1.));
#3205=DIRECTION('center_axis',(0.,-1.,0.));
#3206=DIRECTION('ref_axis',(-0.866025403784433,0.,-0.50000000000001));
#3207=DIRECTION('',(0.,-1.,0.));
#3208=DIRECTION('center_axis',(0.,-1.,0.));
#3209=DIRECTION('ref_axis',(-0.866025403784433,0.,-0.50000000000001));
#3210=DIRECTION('center_axis',(0.,-1.,0.));
#3211=DIRECTION('ref_axis',(0.,0.,-1.));
#3212=DIRECTION('',(0.,-1.,0.));
#3213=DIRECTION('center_axis',(0.,-1.,0.));
#3214=DIRECTION('ref_axis',(0.,0.,-1.));
#3215=DIRECTION('',(0.,-1.,0.));
#3216=DIRECTION('center_axis',(0.,-1.,0.));
#3217=DIRECTION('ref_axis',(0.,0.,-1.));
#3218=DIRECTION('',(0.,-1.,0.));
#3219=DIRECTION('center_axis',(0.,-1.,0.));
#3220=DIRECTION('ref_axis',(0.,0.,-1.));
#3221=DIRECTION('',(0.,-1.,0.));
#3222=DIRECTION('center_axis',(0.,-1.,0.));
#3223=DIRECTION('ref_axis',(0.,0.,-1.));
#3224=DIRECTION('',(0.,-1.,0.));
#3225=DIRECTION('center_axis',(0.,-1.,0.));
#3226=DIRECTION('ref_axis',(0.,0.,-1.));
#3227=DIRECTION('',(0.,-1.,0.));
#3228=DIRECTION('center_axis',(0.,-1.,0.));
#3229=DIRECTION('ref_axis',(0.,0.,-1.));
#3230=DIRECTION('',(0.,-1.,0.));
#3231=DIRECTION('center_axis',(0.,-1.,0.));
#3232=DIRECTION('ref_axis',(0.,0.,-1.));
#3233=DIRECTION('',(0.,-1.,0.));
#3234=DIRECTION('center_axis',(0.,-1.,0.));
#3235=DIRECTION('ref_axis',(0.,0.,-1.));
#3236=DIRECTION('',(0.,-1.,0.));
#3237=DIRECTION('center_axis',(0.,-1.,0.));
#3238=DIRECTION('ref_axis',(0.,0.,-1.));
#3239=DIRECTION('',(0.,-1.,0.));
#3240=DIRECTION('center_axis',(0.,-1.,0.));
#3241=DIRECTION('ref_axis',(0.,0.,-1.));
#3242=DIRECTION('',(0.,-1.,0.));
#3243=DIRECTION('center_axis',(0.,-1.,0.));
#3244=DIRECTION('ref_axis',(0.,0.,-1.));
#3245=DIRECTION('',(0.,-1.,0.));
#3246=DIRECTION('center_axis',(0.,-1.,0.));
#3247=DIRECTION('ref_axis',(0.,0.,-1.));
#3248=DIRECTION('',(0.,-1.,0.));
#3249=DIRECTION('center_axis',(0.,-1.,0.));
#3250=DIRECTION('ref_axis',(0.,0.,-1.));
#3251=DIRECTION('',(0.,-1.,0.));
#3252=DIRECTION('center_axis',(0.,-1.,0.));
#3253=DIRECTION('ref_axis',(0.,0.,-1.));
#3254=DIRECTION('',(0.,-1.,0.));
#3255=DIRECTION('center_axis',(0.,-1.,0.));
#3256=DIRECTION('ref_axis',(0.,0.,-1.));
#3257=DIRECTION('',(0.,-1.,0.));
#3258=DIRECTION('center_axis',(0.,-1.,0.));
#3259=DIRECTION('ref_axis',(0.,0.,-1.));
#3260=DIRECTION('',(0.,-1.,0.));
#3261=DIRECTION('center_axis',(0.,-1.,0.));
#3262=DIRECTION('ref_axis',(0.,0.,-1.));
#3263=DIRECTION('',(0.,-1.,0.));
#3264=DIRECTION('center_axis',(0.,-1.,0.));
#3265=DIRECTION('ref_axis',(0.,0.,-1.));
#3266=DIRECTION('',(0.,-1.,0.));
#3267=DIRECTION('center_axis',(0.,-1.,0.));
#3268=DIRECTION('ref_axis',(0.,0.,-1.));
#3269=DIRECTION('',(0.,-1.,0.));
#3270=DIRECTION('center_axis',(0.,1.,0.));
#3271=DIRECTION('ref_axis',(0.,0.,1.));
#3272=DIRECTION('center_axis',(0.,-1.,0.));
#3273=DIRECTION('ref_axis',(0.,0.,-1.));
#3274=DIRECTION('',(-4.18853873767699E-17,0.939692620785909,-0.342020143325668));
#3275=DIRECTION('center_axis',(0.,-1.,0.));
#3276=DIRECTION('ref_axis',(0.,0.,-1.));
#3277=DIRECTION('center_axis',(0.,-1.,0.));
#3278=DIRECTION('ref_axis',(0.,0.,-1.));
#3279=DIRECTION('center_axis',(0.,-1.,0.));
#3280=DIRECTION('ref_axis',(0.,0.,-1.));
#3281=DIRECTION('center_axis',(0.,-1.,0.));
#3282=DIRECTION('ref_axis',(0.,0.,-1.));
#3283=DIRECTION('',(1.15079156022785E-16,0.342020143325673,-0.939692620785907));
#3284=DIRECTION('center_axis',(0.,-1.,0.));
#3285=DIRECTION('ref_axis',(0.,0.,-1.));
#3286=DIRECTION('center_axis',(0.,-1.,0.));
#3287=DIRECTION('ref_axis',(0.,0.,-1.));
#3288=DIRECTION('',(0.,-1.,0.));
#3289=DIRECTION('center_axis',(0.,-1.,0.));
#3290=DIRECTION('ref_axis',(0.,0.,1.));
#3291=DIRECTION('',(0.,1.,0.));
#3292=DIRECTION('center_axis',(0.,-1.,0.));
#3293=DIRECTION('ref_axis',(0.,0.,-1.));
#3294=DIRECTION('',(0.,-1.,0.));
#3295=DIRECTION('center_axis',(0.,-1.,0.));
#3296=DIRECTION('ref_axis',(0.,0.,-1.));
#3297=DIRECTION('',(0.,-1.,0.));
#3298=DIRECTION('center_axis',(0.,-1.,0.));
#3299=DIRECTION('ref_axis',(7.54951656745106E-14,0.,1.));
#3300=DIRECTION('',(0.,1.,0.));
#3301=DIRECTION('center_axis',(0.,-1.,0.));
#3302=DIRECTION('ref_axis',(0.,0.,-1.));
#3303=DIRECTION('',(0.,1.,0.));
#3304=DIRECTION('center_axis',(0.,-1.,0.));
#3305=DIRECTION('ref_axis',(0.,0.,-1.));
#3306=DIRECTION('',(0.,-1.,0.));
#3307=DIRECTION('center_axis',(0.,1.,0.));
#3308=DIRECTION('ref_axis',(0.,0.,1.));
#3309=DIRECTION('',(0.,1.,0.));
#3310=DIRECTION('',(0.,-1.,0.));
#3311=DIRECTION('center_axis',(0.,1.,0.));
#3312=DIRECTION('ref_axis',(0.,0.,1.));
#3313=DIRECTION('',(0.,1.,0.));
#3314=DIRECTION('center_axis',(0.,-1.,0.));
#3315=DIRECTION('ref_axis',(0.,0.,-1.));
#3316=DIRECTION('center_axis',(0.,-1.,0.));
#3317=DIRECTION('ref_axis',(0.,0.,-1.));
#3318=DIRECTION('center_axis',(0.,-1.,0.));
#3319=DIRECTION('ref_axis',(0.,0.,-1.));
#3320=DIRECTION('',(0.,-1.,0.));
#3321=DIRECTION('center_axis',(0.,1.,0.));
#3322=DIRECTION('ref_axis',(0.,0.,-1.));
#3323=DIRECTION('center_axis',(0.,-1.,0.));
#3324=DIRECTION('ref_axis',(0.,0.,-1.));
#3325=DIRECTION('center_axis',(0.,1.,0.));
#3326=DIRECTION('ref_axis',(0.,0.,-1.));
#3327=DIRECTION('',(0.130526192220046,0.,0.991444861373811));
#3328=DIRECTION('',(0.130526192220045,0.,0.991444861373811));
#3329=DIRECTION('center_axis',(0.,-1.,0.));
#3330=DIRECTION('ref_axis',(-0.991444861373811,0.,0.130526192220045));
#3331=DIRECTION('',(0.0922992052799103,-0.707081883861117,0.701082068106231));
#3332=DIRECTION('',(0.0922992052799219,0.707081883861117,0.70108206810623));
#3333=DIRECTION('center_axis',(0.,1.,0.));
#3334=DIRECTION('ref_axis',(0.,0.,1.));
#3335=DIRECTION('center_axis',(0.,-1.,0.));
#3336=DIRECTION('ref_axis',(0.,0.,-1.));
#3337=DIRECTION('',(-0.130526192220045,0.,-0.991444861373811));
#3338=DIRECTION('',(-0.130526192220046,0.,-0.991444861373811));
#3339=DIRECTION('center_axis',(0.,-1.,0.));
#3340=DIRECTION('ref_axis',(0.,0.,-1.));
#3341=DIRECTION('center_axis',(0.,1.,0.));
#3342=DIRECTION('ref_axis',(0.,0.,1.));
#3343=DIRECTION('',(0.130526192220045,0.,0.991444861373811));
#3344=DIRECTION('',(-0.130526192220046,0.,-0.991444861373811));
#3345=DIRECTION('center_axis',(0.991444861373811,0.,-0.130526192220046));
#3346=DIRECTION('ref_axis',(-0.130526192220046,0.,-0.991444861373811));
#3347=DIRECTION('center_axis',(-0.991444861373811,0.,0.130526192220045));
#3348=DIRECTION('ref_axis',(0.130526192220045,0.,0.991444861373811));
#3349=DIRECTION('center_axis',(0.,1.,0.));
#3350=DIRECTION('ref_axis',(0.,0.,-1.));
#3351=DIRECTION('',(-0.130526192220045,0.,-0.991444861373811));
#3352=DIRECTION('',(0.130526192220046,0.,0.991444861373811));
#3353=DIRECTION('center_axis',(-0.991444861373811,0.,0.130526192220046));
#3354=DIRECTION('ref_axis',(0.130526192220046,0.,0.991444861373811));
#3355=DIRECTION('center_axis',(0.991444861373811,0.,-0.130526192220045));
#3356=DIRECTION('ref_axis',(-0.130526192220045,0.,-0.991444861373811));
#3357=DIRECTION('center_axis',(0.,-1.,0.));
#3358=DIRECTION('ref_axis',(0.,0.,-1.));
#3359=DIRECTION('',(0.,0.,1.));
#3360=DIRECTION('',(1.,0.,0.));
#3361=DIRECTION('',(0.825616783387048,-0.56423127083637,1.54420742354709E-17));
#3362=DIRECTION('',(-0.56423127083637,-0.825616783387048,0.));
#3363=DIRECTION('',(-0.31152359817487,0.950238416283083,0.));
#3364=DIRECTION('',(-0.950238416283083,-0.31152359817487,0.));
#3365=CARTESIAN_POINT('',(0.,0.,0.));
#3366=CARTESIAN_POINT('',(0.,0.,0.));
#3367=CARTESIAN_POINT('Origin',(0.,0.,31.));
#3368=CARTESIAN_POINT('',(17.55,-2.1492551325036E-15,31.));
#3369=CARTESIAN_POINT('Origin',(0.,0.,31.));
#3370=CARTESIAN_POINT('',(17.55,-2.1492551325036E-15,-31.));
#3371=CARTESIAN_POINT('',(17.55,-2.1492551325036E-15,31.));
#3372=CARTESIAN_POINT('Origin',(0.,0.,-31.));
#3373=CARTESIAN_POINT('Origin',(0.,0.,31.));
#3374=CARTESIAN_POINT('',(19.05,-2.33295215237571E-15,-31.));
#3375=CARTESIAN_POINT('Origin',(0.,0.,-31.));
#3376=CARTESIAN_POINT('',(19.05,-2.33295215237571E-15,31.));
#3377=CARTESIAN_POINT('',(19.05,-2.33295215237571E-15,31.));
#3378=CARTESIAN_POINT('Origin',(0.,0.,31.));
#3379=CARTESIAN_POINT('Origin',(0.,0.,31.));
#3380=CARTESIAN_POINT('Origin',(0.,0.,-31.));
#3381=CARTESIAN_POINT('',(0.,0.,0.));
#3382=CARTESIAN_POINT('Origin',(0.,11.2,-6.5771053120632E-16));
#3383=CARTESIAN_POINT('',(-2.14313189850787E-15,11.2,-17.5));
#3384=CARTESIAN_POINT('Origin',(0.,11.2,-6.5771053120632E-16));
#3385=CARTESIAN_POINT('',(-2.17987130248229E-15,11.5,-17.8));
#3386=CARTESIAN_POINT('',(-2.14313189850787E-15,11.2,-17.5));
#3387=CARTESIAN_POINT('Origin',(0.,11.5,-6.62343153476962E-16));
#3388=CARTESIAN_POINT('Origin',(0.,0.300000000000041,-4.63262227064189E-18));
#3389=CARTESIAN_POINT('',(-2.35132185436292E-15,0.300000000000043,19.2));
#3390=CARTESIAN_POINT('Origin',(0.,0.300000000000041,-4.63262227064189E-18));
#3391=CARTESIAN_POINT('',(-2.38806125833734E-15,-4.05925293378573E-15,19.5));
#3392=CARTESIAN_POINT('',(-2.35132185436292E-15,0.300000000000041,19.2));
#3393=CARTESIAN_POINT('Origin',(0.,-2.43864064409175E-15,4.59331500894903E-32));
#3394=CARTESIAN_POINT('Origin',(0.,7.4,-1.14271349342485E-16));
#3395=CARTESIAN_POINT('',(-2.35132185436292E-15,7.4,19.2));
#3396=CARTESIAN_POINT('Origin',(0.,7.4,-1.14271349342485E-16));
#3397=CARTESIAN_POINT('',(-2.35132185436292E-15,7.4,19.2));
#3398=CARTESIAN_POINT('Origin',(-25.4178456010731,12.7,14.6750000000003));
#3399=CARTESIAN_POINT('',(-25.4178456010731,12.4,18.0250000000003));
#3400=CARTESIAN_POINT('',(-25.4178456010731,12.4,11.3250000000003));
#3401=CARTESIAN_POINT('Origin',(-25.4178456010731,12.4,14.6750000000003));
#3402=CARTESIAN_POINT('Origin',(-25.4178456010731,12.4,14.6750000000003));
#3403=CARTESIAN_POINT('',(-25.4178456010731,12.7,11.0250000000003));
#3404=CARTESIAN_POINT('',(-25.4178456010731,12.7,11.0250000000003));
#3405=CARTESIAN_POINT('Origin',(-25.4178456010731,12.7,14.6750000000003));
#3406=CARTESIAN_POINT('Origin',(-25.4178456010731,0.30000000000001,14.6750000000003));
#3407=CARTESIAN_POINT('',(-25.4178456010731,0.300000000000011,18.0250000000003));
#3408=CARTESIAN_POINT('Origin',(-25.4178456010731,0.30000000000001,14.6750000000003));
#3409=CARTESIAN_POINT('',(-25.4178456010731,-2.8796409701215E-15,18.3250000000003));
#3410=CARTESIAN_POINT('',(-25.4178456010731,0.30000000000001,18.0250000000003));
#3411=CARTESIAN_POINT('Origin',(-25.4178456010731,-2.21202820468621E-15,
14.6750000000003));
#3412=CARTESIAN_POINT('Origin',(-25.4178456010734,12.7,-14.6749999999998));
#3413=CARTESIAN_POINT('',(-25.4178456010734,12.4,-11.3249999999998));
#3414=CARTESIAN_POINT('',(-25.4178456010734,12.4,-18.0249999999998));
#3415=CARTESIAN_POINT('Origin',(-25.4178456010734,12.4,-14.6749999999998));
#3416=CARTESIAN_POINT('Origin',(-25.4178456010734,12.4,-14.6749999999998));
#3417=CARTESIAN_POINT('',(-25.4178456010734,12.7,-18.3249999999998));
#3418=CARTESIAN_POINT('',(-25.4178456010734,12.7,-18.3249999999998));
#3419=CARTESIAN_POINT('Origin',(-25.4178456010734,12.7,-14.6749999999998));
#3420=CARTESIAN_POINT('Origin',(-25.4178456010734,0.30000000000001,-14.6749999999998));
#3421=CARTESIAN_POINT('',(-25.4178456010734,0.300000000000011,-11.3249999999998));
#3422=CARTESIAN_POINT('Origin',(-25.4178456010734,0.30000000000001,-14.6749999999998));
#3423=CARTESIAN_POINT('',(-25.4178456010734,-3.40005801291454E-15,-11.0249999999997));
#3424=CARTESIAN_POINT('',(-25.4178456010734,0.30000000000001,-11.3249999999998));
#3425=CARTESIAN_POINT('Origin',(-25.4178456010734,-2.66525308349728E-15,
-14.6749999999998));
#3426=CARTESIAN_POINT('Origin',(-2.04949954590092E-13,12.7,-29.35));
#3427=CARTESIAN_POINT('',(-2.04539697912378E-13,12.4,-26.));
#3428=CARTESIAN_POINT('',(-2.05360211267806E-13,12.4,-32.7));
#3429=CARTESIAN_POINT('Origin',(-2.04949954590092E-13,12.4,-29.35));
#3430=CARTESIAN_POINT('Origin',(-2.04949954590092E-13,12.4,-29.35));
#3431=CARTESIAN_POINT('',(-2.05396950671781E-13,12.7,-33.));
#3432=CARTESIAN_POINT('',(-2.05396950671781E-13,12.7,-33.));
#3433=CARTESIAN_POINT('Origin',(-2.04949954590092E-13,12.7,-29.35));
#3434=CARTESIAN_POINT('Origin',(-2.04949954590092E-13,0.30000000000001,
-29.35));
#3435=CARTESIAN_POINT('',(-2.05360211267806E-13,0.300000000000011,-26.));
#3436=CARTESIAN_POINT('Origin',(-2.04949954590092E-13,0.30000000000001,
-29.35));
#3437=CARTESIAN_POINT('',(-2.05396950671781E-13,-3.15719672627779E-15,-25.7));
#3438=CARTESIAN_POINT('',(-2.05360211267806E-13,0.30000000000001,-26.));
#3439=CARTESIAN_POINT('Origin',(-2.04949954590092E-13,-2.89186552290282E-15,
-29.35));
#3440=CARTESIAN_POINT('Origin',(25.4178456010732,12.7,-14.6750000000001));
#3441=CARTESIAN_POINT('',(25.4178456010732,12.4,-11.3250000000001));
#3442=CARTESIAN_POINT('',(25.4178456010732,12.4,-18.0250000000001));
#3443=CARTESIAN_POINT('Origin',(25.4178456010732,12.4,-14.6750000000001));
#3444=CARTESIAN_POINT('Origin',(25.4178456010732,12.4,-14.6750000000001));
#3445=CARTESIAN_POINT('',(25.4178456010732,12.7,-18.3250000000001));
#3446=CARTESIAN_POINT('',(25.4178456010732,12.7,-18.3250000000001));
#3447=CARTESIAN_POINT('Origin',(25.4178456010732,12.7,-14.6750000000001));
#3448=CARTESIAN_POINT('Origin',(25.4178456010732,0.30000000000001,-14.6750000000001));
#3449=CARTESIAN_POINT('',(25.4178456010732,0.300000000000011,-11.3250000000001));
#3450=CARTESIAN_POINT('Origin',(25.4178456010732,0.30000000000001,-14.6750000000001));
#3451=CARTESIAN_POINT('',(25.4178456010732,-3.12250225675825E-15,-11.0250000000001));
#3452=CARTESIAN_POINT('',(25.4178456010732,0.30000000000001,-11.3250000000001));
#3453=CARTESIAN_POINT('Origin',(25.4178456010732,-2.66525308349729E-15,
-14.6750000000001));
#3454=CARTESIAN_POINT('Origin',(25.4178456010733,12.7,14.6749999999999));
#3455=CARTESIAN_POINT('',(25.4178456010733,12.4,18.0249999999999));
#3456=CARTESIAN_POINT('',(25.4178456010733,12.4,11.3249999999999));
#3457=CARTESIAN_POINT('Origin',(25.4178456010733,12.4,14.6749999999999));
#3458=CARTESIAN_POINT('Origin',(25.4178456010733,12.4,14.6749999999999));
#3459=CARTESIAN_POINT('',(25.4178456010733,12.7,11.025));
#3460=CARTESIAN_POINT('',(25.4178456010733,12.7,11.025));
#3461=CARTESIAN_POINT('Origin',(25.4178456010733,12.7,14.6749999999999));
#3462=CARTESIAN_POINT('Origin',(25.4178456010733,0.299999999999996,14.6749999999999));
#3463=CARTESIAN_POINT('',(25.4178456010733,0.299999999999997,18.0249999999999));
#3464=CARTESIAN_POINT('Origin',(25.4178456010733,0.299999999999996,14.6749999999999));
#3465=CARTESIAN_POINT('',(25.4178456010733,-1.42247325030098E-15,18.3249999999999));
#3466=CARTESIAN_POINT('',(25.4178456010733,0.299999999999996,18.0249999999999));
#3467=CARTESIAN_POINT('Origin',(25.4178456010733,-2.21202820468622E-15,
14.6749999999999));
#3468=CARTESIAN_POINT('Origin',(0.,12.7,29.35));
#3469=CARTESIAN_POINT('',(4.10256677714363E-16,12.4,32.7));
#3470=CARTESIAN_POINT('',(-4.10256677714363E-16,12.4,26.));
#3471=CARTESIAN_POINT('Origin',(0.,12.4,29.35));
#3472=CARTESIAN_POINT('Origin',(0.,12.4,29.35));
#3473=CARTESIAN_POINT('',(-4.46996081688781E-16,12.7,25.7));
#3474=CARTESIAN_POINT('',(-4.46996081688781E-16,12.7,25.7));
#3475=CARTESIAN_POINT('Origin',(0.,12.7,29.35));
#3476=CARTESIAN_POINT('Origin',(0.,0.30000000000001,29.35));
#3477=CARTESIAN_POINT('',(-4.10256677714363E-16,0.300000000000011,32.7));
#3478=CARTESIAN_POINT('Origin',(0.,0.30000000000001,29.35));
#3479=CARTESIAN_POINT('',(-4.46996081688786E-16,-2.70616862252382E-15,33.));
#3480=CARTESIAN_POINT('',(-4.10256677714363E-16,0.30000000000001,32.7));
#3481=CARTESIAN_POINT('Origin',(0.,-1.98541576528068E-15,29.35));
#3482=CARTESIAN_POINT('Origin',(0.,0.400000000000001,-4.90936129463235E-16));
#3483=CARTESIAN_POINT('',(-4.28626379701574E-15,0.400000000000002,-35.));
#3484=CARTESIAN_POINT('Origin',(0.,0.400000000000001,-4.90936129463235E-16));
#3485=CARTESIAN_POINT('',(-4.23727792504984E-15,-1.38777878078145E-15,-34.6));
#3486=CARTESIAN_POINT('',(-4.28626379701574E-15,0.4,-35.));
#3487=CARTESIAN_POINT('Origin',(0.,-2.43864064409175E-15,-4.84759299769047E-16));
#3488=CARTESIAN_POINT('Origin',(0.,12.7,-6.80873642559527E-16));
#3489=CARTESIAN_POINT('',(-18.1587984607583,12.7,-29.4519615384368));
#3490=CARTESIAN_POINT('',(-16.4267476531894,12.7,-30.4519615384368));
#3491=CARTESIAN_POINT('Origin',(0.,12.7,-6.80873642559527E-16));
#3492=CARTESIAN_POINT('',(-18.3588810883204,12.3,-29.7985148150862));
#3493=CARTESIAN_POINT('',(-18.3588810883204,12.3,-29.7985148150862));
#3494=CARTESIAN_POINT('',(-4.28626379701574E-15,12.3,-35.));
#3495=CARTESIAN_POINT('Origin',(0.,12.3,-6.74696812865339E-16));
#3496=CARTESIAN_POINT('',(-16.6268302807515,12.3,-30.7985148150862));
#3497=CARTESIAN_POINT('Origin',(0.,12.3,-6.74696812865339E-16));
#3498=CARTESIAN_POINT('',(-16.4267476531894,12.7,-30.4519615384368));
#3499=CARTESIAN_POINT('Origin',(-25.4178456010731,12.7,14.6750000000003));
#3500=CARTESIAN_POINT('',(-25.4178456010731,12.7,18.0250000000003));
#3501=CARTESIAN_POINT('Origin',(-25.4178456010734,12.7,-14.6749999999998));
#3502=CARTESIAN_POINT('',(-25.4178456010734,12.7,-11.3249999999998));
#3503=CARTESIAN_POINT('Origin',(-2.04949954590092E-13,12.7,-29.35));
#3504=CARTESIAN_POINT('',(-2.05360211267806E-13,12.7,-26.));
#3505=CARTESIAN_POINT('Origin',(25.4178456010732,12.7,-14.6750000000001));
#3506=CARTESIAN_POINT('',(25.4178456010732,12.7,-11.3250000000001));
#3507=CARTESIAN_POINT('Origin',(25.4178456010733,12.7,14.6749999999999));
#3508=CARTESIAN_POINT('',(25.4178456010733,12.7,18.0249999999999));
#3509=CARTESIAN_POINT('Origin',(0.,12.7,29.35));
#3510=CARTESIAN_POINT('',(-4.10256677714363E-16,12.7,32.7));
#3511=CARTESIAN_POINT('Origin',(0.,11.5,-6.62343153476962E-16));
#3512=CARTESIAN_POINT('',(-2.53889094527096E-15,11.5,-20.7316178594403));
#3513=CARTESIAN_POINT('Origin',(0.,11.5,-6.62343153476962E-16));
#3514=CARTESIAN_POINT('',(-2.5656350442137E-15,12.1,-20.95));
#3515=CARTESIAN_POINT('',(-2.53889094527096E-15,11.5,-20.7316178594403));
#3516=CARTESIAN_POINT('',(2.76310934057622E-15,12.1,20.95));
#3517=CARTESIAN_POINT('Origin',(0.,12.1,-6.71608398018245E-16));
#3518=CARTESIAN_POINT('Origin',(0.,12.1,-6.71608398018245E-16));
#3519=CARTESIAN_POINT('Origin',(0.,12.1,-6.71608398018245E-16));
#3520=CARTESIAN_POINT('',(2.96058363693873E-15,10.9261959944915,-24.175));
#3521=CARTESIAN_POINT('',(-2.96058363693873E-15,10.9261959944915,24.175));
#3522=CARTESIAN_POINT('Origin',(0.,10.9261959944915,-6.53482429427289E-16));
#3523=CARTESIAN_POINT('',(-2.5656350442137E-15,12.1,20.95));
#3524=CARTESIAN_POINT('Origin',(0.,10.9261959944915,-6.53482429427289E-16));
#3525=CARTESIAN_POINT('Origin',(0.,31.3921104365332,-9.69518599538093E-16));
#3526=CARTESIAN_POINT('',(-2.96058363693873E-15,12.7,-24.175));
#3527=CARTESIAN_POINT('',(-2.96058363693873E-15,31.3921104365332,-24.175));
#3528=CARTESIAN_POINT('',(-11.211128907145,12.7,-21.4182448773792));
#3529=CARTESIAN_POINT('Origin',(0.,12.7,-6.80873642559527E-16));
#3530=CARTESIAN_POINT('',(-11.211128907145,11.2,-21.4182448773792));
#3531=CARTESIAN_POINT('',(-11.211128907145,31.3921104365332,-21.4182448773792));
#3532=CARTESIAN_POINT('',(-12.9431797147139,11.2,-20.4182448773791));
#3533=CARTESIAN_POINT('Origin',(0.,11.2,-6.57710531206321E-16));
#3534=CARTESIAN_POINT('',(-12.9431797147139,12.7,-20.4182448773791));
#3535=CARTESIAN_POINT('',(-12.9431797147139,31.3921104365332,-20.4182448773792));
#3536=CARTESIAN_POINT('Origin',(0.,12.7,-6.80873642559527E-16));
#3537=CARTESIAN_POINT('Origin',(0.,31.3921104365332,-9.69518599538093E-16));
#3538=CARTESIAN_POINT('',(-4.28626379701574E-15,31.3921104365332,-35.));
#3539=CARTESIAN_POINT('',(-18.3588810883204,11.2,-29.7985148150862));
#3540=CARTESIAN_POINT('',(-18.3588810883204,31.3921104365332,-29.7985148150862));
#3541=CARTESIAN_POINT('',(-16.6268302807515,11.2,-30.7985148150862));
#3542=CARTESIAN_POINT('Origin',(0.,11.2,-6.57710531206321E-16));
#3543=CARTESIAN_POINT('',(-16.6268302807515,31.3921104365332,-30.7985148150862));
#3544=CARTESIAN_POINT('Origin',(0.,-3.46944695195361E-15,-4.84759299769047E-16));
#3545=CARTESIAN_POINT('',(-2.14313189850787E-15,7.4,-17.5));
#3546=CARTESIAN_POINT('Origin',(0.,7.4,-5.99030649111531E-16));
#3547=CARTESIAN_POINT('',(-2.14313189850787E-15,-3.73968325107435E-15,-17.5));
#3548=CARTESIAN_POINT('Origin',(0.,-2.43864064409175E-15,3.76576698597013E-32));
#3549=CARTESIAN_POINT('Origin',(0.,12.7,35.));
#3550=CARTESIAN_POINT('',(-18.7780777094355,12.7,-30.5245846612189));
#3551=CARTESIAN_POINT('',(-17.0460269018667,12.7,-31.5245846612189));
#3552=CARTESIAN_POINT('Origin',(0.,11.5,20.7316178594403));
#3553=CARTESIAN_POINT('Origin',(-18.7780777094355,11.2,-30.5245846612189));
#3554=CARTESIAN_POINT('',(-18.7780777094355,11.2,-30.5245846612189));
#3555=CARTESIAN_POINT('Origin',(-17.0460269018667,11.2,-31.5245846612189));
#3556=CARTESIAN_POINT('',(-17.0460269018667,11.2,-31.5245846612189));
#3557=CARTESIAN_POINT('Origin',(-12.7260463016631,11.2,-20.0421587739544));
#3558=CARTESIAN_POINT('Origin',(0.,7.4,-1.14271349342485E-16));
#3559=CARTESIAN_POINT('',(0.,0.,0.));
#3560=CARTESIAN_POINT('Origin',(0.,11.9,0.));
#3561=CARTESIAN_POINT('',(-2.33295215237571E-15,11.9,19.05));
#3562=CARTESIAN_POINT('Origin',(0.,11.9,0.));
#3563=CARTESIAN_POINT('',(-2.33295215237571E-15,0.,19.05));
#3564=CARTESIAN_POINT('',(-2.33295215237571E-15,11.9,19.05));
#3565=CARTESIAN_POINT('Origin',(0.,0.,0.));
#3566=CARTESIAN_POINT('Origin',(0.,-6.93889390390723E-15,0.));
#3567=CARTESIAN_POINT('',(1.55040284772055E-14,0.399999999999893,126.6));
#3568=CARTESIAN_POINT('',(-1.55040284772055E-14,0.399999999999893,-126.6));
#3569=CARTESIAN_POINT('Origin',(0.,0.399999999999893,0.));
#3570=CARTESIAN_POINT('Origin',(0.,0.399999999999893,0.));
#3571=CARTESIAN_POINT('',(-1.54550426052396E-14,-7.34545407125493E-15,-126.2));
#3572=CARTESIAN_POINT('',(-1.54550426052396E-14,-6.93889390390723E-15,-126.2));
#3573=CARTESIAN_POINT('Origin',(0.,-7.75201423860274E-15,0.));
#3574=CARTESIAN_POINT('Origin',(0.,24.1999999999999,0.));
#3575=CARTESIAN_POINT('',(17.9584091436308,24.6,124.91571374743));
#3576=CARTESIAN_POINT('',(-14.9840745595094,24.6,-125.30729232409));
#3577=CARTESIAN_POINT('Origin',(0.,24.6,0.));
#3578=CARTESIAN_POINT('',(18.0106232972595,24.1999999999999,125.312319619598));
#3579=CARTESIAN_POINT('',(18.0106232972595,24.1999999999999,125.312319619598));
#3580=CARTESIAN_POINT('',(-15.036288713138,24.1999999999999,-125.703898196258));
#3581=CARTESIAN_POINT('Origin',(0.,24.1999999999999,0.));
#3582=CARTESIAN_POINT('',(-14.9840745595094,24.6,-125.30729232409));
#3583=CARTESIAN_POINT('Origin',(-29.9971273273814,24.6,-111.950803266903));
#3584=CARTESIAN_POINT('',(-29.9971273273814,24.3000000000001,-107.750803266903));
#3585=CARTESIAN_POINT('',(-29.9971273273814,24.3000000000001,-116.150803266903));
#3586=CARTESIAN_POINT('Origin',(-29.9971273273814,24.3000000000001,-111.950803266903));
#3587=CARTESIAN_POINT('Origin',(-29.9971273273814,24.3000000000001,-111.950803266903));
#3588=CARTESIAN_POINT('',(-29.9971273273814,24.6,-116.450803266903));
#3589=CARTESIAN_POINT('',(-29.9971273273814,24.6,-116.450803266903));
#3590=CARTESIAN_POINT('Origin',(-29.9971273273814,24.6,-111.950803266903));
#3591=CARTESIAN_POINT('Origin',(-29.9971273273814,0.300000000000068,-111.950803266903));
#3592=CARTESIAN_POINT('',(-29.9971273273814,0.300000000000068,-107.750803266903));
#3593=CARTESIAN_POINT('Origin',(-29.9971273273814,0.300000000000068,-111.950803266903));
#3594=CARTESIAN_POINT('',(-29.9971273273814,-8.36136715420821E-15,-107.450803266903));
#3595=CARTESIAN_POINT('',(-29.9971273273814,0.300000000000068,-107.750803266903));
#3596=CARTESIAN_POINT('Origin',(-29.9971273273814,-7.75201423860274E-15,
-111.950803266903));
#3597=CARTESIAN_POINT('Origin',(8.09325843105155E-13,24.6,-115.9));
#3598=CARTESIAN_POINT('',(8.09840194760797E-13,24.3000000000001,-111.7));
#3599=CARTESIAN_POINT('',(8.08811491449513E-13,24.3000000000001,-120.1));
#3600=CARTESIAN_POINT('Origin',(8.09325843105155E-13,24.3000000000001,-115.9));
#3601=CARTESIAN_POINT('Origin',(8.09325843105155E-13,24.3000000000001,-115.9));
#3602=CARTESIAN_POINT('',(8.08774752045538E-13,24.6,-120.4));
#3603=CARTESIAN_POINT('',(8.08774752045538E-13,24.6,-120.4));
#3604=CARTESIAN_POINT('Origin',(8.09325843105155E-13,24.6,-115.9));
#3605=CARTESIAN_POINT('Origin',(8.09325843105155E-13,0.300000000000179,
-115.9));
#3606=CARTESIAN_POINT('',(8.08811491449513E-13,0.300000000000179,-111.7));
#3607=CARTESIAN_POINT('Origin',(8.09325843105155E-13,0.300000000000179,
-115.9));
#3608=CARTESIAN_POINT('',(8.08774752045538E-13,-8.53483950180589E-15,-111.4));
#3609=CARTESIAN_POINT('',(8.08811491449513E-13,0.300000000000179,-111.7));
#3610=CARTESIAN_POINT('Origin',(8.09325843105155E-13,-7.75201423860274E-15,
-115.9));
#3611=CARTESIAN_POINT('Origin',(57.9500000000008,24.6,-100.372344298616));
#3612=CARTESIAN_POINT('',(57.9500000000008,24.3000000000002,-96.172344298616));
#3613=CARTESIAN_POINT('',(57.9500000000008,24.3000000000002,-104.572344298616));
#3614=CARTESIAN_POINT('Origin',(57.9500000000008,24.3000000000002,-100.372344298616));
#3615=CARTESIAN_POINT('Origin',(57.9500000000008,24.3000000000002,-100.372344298616));
#3616=CARTESIAN_POINT('',(57.9500000000008,24.6,-104.872344298616));
#3617=CARTESIAN_POINT('',(57.9500000000008,24.6,-104.872344298616));
#3618=CARTESIAN_POINT('Origin',(57.9500000000008,24.6,-100.372344298616));
#3619=CARTESIAN_POINT('Origin',(57.9500000000008,0.300000000000123,-100.372344298616));
#3620=CARTESIAN_POINT('',(57.9500000000008,0.300000000000123,-96.172344298616));
#3621=CARTESIAN_POINT('Origin',(57.9500000000008,0.300000000000123,-100.372344298616));
#3622=CARTESIAN_POINT('',(57.9500000000008,-1.14144804719274E-14,-95.8723442986158));
#3623=CARTESIAN_POINT('',(57.9500000000008,0.300000000000123,-96.172344298616));
#3624=CARTESIAN_POINT('Origin',(57.9500000000008,-7.75201423860274E-15,
-100.372344298616));
#3625=CARTESIAN_POINT('Origin',(29.997127327383,24.6,-111.950803266903));
#3626=CARTESIAN_POINT('',(29.997127327383,24.3000000000002,-107.750803266903));
#3627=CARTESIAN_POINT('',(29.997127327383,24.3000000000002,-116.150803266903));
#3628=CARTESIAN_POINT('Origin',(29.997127327383,24.3000000000002,-111.950803266903));
#3629=CARTESIAN_POINT('Origin',(29.997127327383,24.3000000000002,-111.950803266903));
#3630=CARTESIAN_POINT('',(29.997127327383,24.6,-116.450803266903));
#3631=CARTESIAN_POINT('',(29.997127327383,24.6,-116.450803266903));
#3632=CARTESIAN_POINT('Origin',(29.997127327383,24.6,-111.950803266903));
#3633=CARTESIAN_POINT('Origin',(29.997127327383,0.300000000000123,-111.950803266903));
#3634=CARTESIAN_POINT('',(29.997127327383,0.300000000000123,-107.750803266903));
#3635=CARTESIAN_POINT('Origin',(29.997127327383,0.300000000000123,-111.950803266903));
#3636=CARTESIAN_POINT('',(29.997127327383,-1.44675937896466E-14,-107.450803266903));
#3637=CARTESIAN_POINT('',(29.997127327383,0.300000000000123,-107.750803266903));
#3638=CARTESIAN_POINT('Origin',(29.997127327383,-7.75201423860274E-15,-111.950803266903));
#3639=CARTESIAN_POINT('Origin',(81.9536759395216,24.6,-81.9536759395202));
#3640=CARTESIAN_POINT('',(81.9536759395216,24.3000000000001,-77.7536759395201));
#3641=CARTESIAN_POINT('',(81.9536759395216,24.3000000000001,-86.1536759395202));
#3642=CARTESIAN_POINT('Origin',(81.9536759395216,24.3000000000001,-81.9536759395202));
#3643=CARTESIAN_POINT('Origin',(81.9536759395216,24.3000000000001,-81.9536759395202));
#3644=CARTESIAN_POINT('',(81.9536759395216,24.6,-86.45367593952));
#3645=CARTESIAN_POINT('',(81.9536759395216,24.6,-86.45367593952));
#3646=CARTESIAN_POINT('Origin',(81.9536759395216,24.6,-81.9536759395202));
#3647=CARTESIAN_POINT('Origin',(81.9536759395216,0.300000000000123,-81.9536759395202));
#3648=CARTESIAN_POINT('',(81.9536759395216,0.300000000000123,-77.7536759395201));
#3649=CARTESIAN_POINT('Origin',(81.9536759395216,0.300000000000123,-81.9536759395202));
#3650=CARTESIAN_POINT('',(81.9536759395216,-7.11236625150491E-15,-77.4536759395201));
#3651=CARTESIAN_POINT('',(81.9536759395216,0.300000000000123,-77.7536759395201));
#3652=CARTESIAN_POINT('Origin',(81.9536759395216,-7.75201423860274E-15,
-81.9536759395202));
#3653=CARTESIAN_POINT('Origin',(100.372344298617,24.6,-57.9499999999991));
#3654=CARTESIAN_POINT('',(100.372344298617,24.3000000000002,-53.7499999999991));
#3655=CARTESIAN_POINT('',(100.372344298617,24.3000000000002,-62.1499999999991));
#3656=CARTESIAN_POINT('Origin',(100.372344298617,24.3000000000002,-57.9499999999991));
#3657=CARTESIAN_POINT('Origin',(100.372344298617,24.3000000000002,-57.9499999999991));
#3658=CARTESIAN_POINT('',(100.372344298617,24.6,-62.4499999999988));
#3659=CARTESIAN_POINT('',(100.372344298617,24.6,-62.4499999999988));
#3660=CARTESIAN_POINT('Origin',(100.372344298617,24.6,-57.9499999999991));
#3661=CARTESIAN_POINT('Origin',(100.372344298617,0.300000000000068,-57.9499999999991));
#3662=CARTESIAN_POINT('',(100.372344298617,0.300000000000068,-53.7499999999991));
#3663=CARTESIAN_POINT('Origin',(100.372344298617,0.300000000000068,-57.9499999999991));
#3664=CARTESIAN_POINT('',(100.372344298617,-8.22258927613007E-15,-53.449999999999));
#3665=CARTESIAN_POINT('',(100.372344298617,0.300000000000068,-53.7499999999991));
#3666=CARTESIAN_POINT('Origin',(100.372344298617,-7.75201423860274E-15,
-57.9499999999991));
#3667=CARTESIAN_POINT('Origin',(111.950803266903,24.6,-29.9971273273811));
#3668=CARTESIAN_POINT('',(111.950803266903,24.3000000000002,-25.7971273273811));
#3669=CARTESIAN_POINT('',(111.950803266903,24.3000000000002,-34.197127327381));
#3670=CARTESIAN_POINT('Origin',(111.950803266903,24.3000000000002,-29.9971273273811));
#3671=CARTESIAN_POINT('Origin',(111.950803266903,24.3000000000002,-29.9971273273811));
#3672=CARTESIAN_POINT('',(111.950803266903,24.6,-34.4971273273809));
#3673=CARTESIAN_POINT('',(111.950803266903,24.6,-34.4971273273809));
#3674=CARTESIAN_POINT('Origin',(111.950803266903,24.6,-29.9971273273811));
#3675=CARTESIAN_POINT('Origin',(111.950803266903,0.300000000000068,-29.9971273273811));
#3676=CARTESIAN_POINT('',(111.950803266903,0.300000000000068,-25.7971273273811));
#3677=CARTESIAN_POINT('Origin',(111.950803266903,0.300000000000068,-29.9971273273811));
#3678=CARTESIAN_POINT('',(111.950803266903,-9.12464548363801E-15,-25.497127327381));
#3679=CARTESIAN_POINT('',(111.950803266903,0.300000000000068,-25.7971273273811));
#3680=CARTESIAN_POINT('Origin',(111.950803266903,-7.75201423860274E-15,
-29.9971273273811));
#3681=CARTESIAN_POINT('Origin',(115.9,24.6,1.21398876465773E-12));
#3682=CARTESIAN_POINT('',(115.9,24.3000000000001,4.20000000000121));
#3683=CARTESIAN_POINT('',(115.9,24.3000000000001,-4.19999999999878));
#3684=CARTESIAN_POINT('Origin',(115.9,24.3000000000001,1.21398876465773E-12));
#3685=CARTESIAN_POINT('Origin',(115.9,24.3000000000001,1.21398876465773E-12));
#3686=CARTESIAN_POINT('',(115.9,24.6,-4.49999999999871));
#3687=CARTESIAN_POINT('',(115.9,24.6,-4.49999999999871));
#3688=CARTESIAN_POINT('Origin',(115.9,24.6,1.21398876465773E-12));
#3689=CARTESIAN_POINT('Origin',(115.9,0.300000000000179,1.21398876465773E-12));
#3690=CARTESIAN_POINT('',(115.9,0.300000000000179,4.20000000000121));
#3691=CARTESIAN_POINT('Origin',(115.9,0.300000000000179,1.21398876465773E-12));
#3692=CARTESIAN_POINT('',(115.9,-7.32053306862213E-15,4.50000000000139));
#3693=CARTESIAN_POINT('',(115.9,0.300000000000179,4.20000000000121));
#3694=CARTESIAN_POINT('Origin',(115.9,-7.75201423860274E-15,1.21398876465773E-12));
#3695=CARTESIAN_POINT('Origin',(111.950803266903,24.6,29.9971273273834));
#3696=CARTESIAN_POINT('',(111.950803266903,24.3000000000001,34.1971273273834));
#3697=CARTESIAN_POINT('',(111.950803266903,24.3000000000001,25.7971273273834));
#3698=CARTESIAN_POINT('Origin',(111.950803266903,24.3000000000001,29.9971273273834));
#3699=CARTESIAN_POINT('Origin',(111.950803266903,24.3000000000001,29.9971273273834));
#3700=CARTESIAN_POINT('',(111.950803266903,24.6,25.4971273273835));
#3701=CARTESIAN_POINT('',(111.950803266903,24.6,25.4971273273835));
#3702=CARTESIAN_POINT('Origin',(111.950803266903,24.6,29.9971273273834));
#3703=CARTESIAN_POINT('Origin',(111.950803266903,0.300000000000234,29.9971273273834));
#3704=CARTESIAN_POINT('',(111.950803266903,0.300000000000236,34.1971273273834));
#3705=CARTESIAN_POINT('Origin',(111.950803266903,0.300000000000234,29.9971273273834));
#3706=CARTESIAN_POINT('',(111.950803266903,-7.35522753814166E-15,34.4971273273836));
#3707=CARTESIAN_POINT('',(111.950803266903,0.300000000000234,34.1971273273834));
#3708=CARTESIAN_POINT('Origin',(111.950803266903,-7.75201423860274E-15,
29.9971273273834));
#3709=CARTESIAN_POINT('Origin',(0.,24.6,115.9));
#3710=CARTESIAN_POINT('',(5.14351655641888E-16,24.3000000000001,120.1));
#3711=CARTESIAN_POINT('',(-5.14351655641888E-16,24.3000000000001,111.7));
#3712=CARTESIAN_POINT('Origin',(0.,24.3000000000001,115.9));
#3713=CARTESIAN_POINT('Origin',(0.,24.3000000000001,115.9));
#3714=CARTESIAN_POINT('',(-5.51091059616299E-16,24.6,111.4));
#3715=CARTESIAN_POINT('',(-5.51091059616299E-16,24.6,111.4));
#3716=CARTESIAN_POINT('Origin',(0.,24.6,115.9));
#3717=CARTESIAN_POINT('Origin',(0.,0.300000000000179,115.9));
#3718=CARTESIAN_POINT('',(-5.14351655641888E-16,0.300000000000179,120.1));
#3719=CARTESIAN_POINT('Origin',(0.,0.300000000000179,115.9));
#3720=CARTESIAN_POINT('',(-5.5109105961633E-16,-8.53483950180589E-15,120.4));
#3721=CARTESIAN_POINT('',(-5.14351655641888E-16,0.300000000000179,120.1));
#3722=CARTESIAN_POINT('Origin',(0.,-7.75201423860274E-15,115.9));
#3723=CARTESIAN_POINT('Origin',(-29.9971273273822,24.6,111.950803266903));
#3724=CARTESIAN_POINT('',(-29.9971273273822,24.3,116.150803266903));
#3725=CARTESIAN_POINT('',(-29.9971273273822,24.3,107.750803266903));
#3726=CARTESIAN_POINT('Origin',(-29.9971273273822,24.3,111.950803266903));
#3727=CARTESIAN_POINT('Origin',(-29.9971273273822,24.3,111.950803266903));
#3728=CARTESIAN_POINT('',(-29.9971273273822,24.6,107.450803266903));
#3729=CARTESIAN_POINT('',(-29.9971273273822,24.6,107.450803266903));
#3730=CARTESIAN_POINT('Origin',(-29.9971273273822,24.6,111.950803266903));
#3731=CARTESIAN_POINT('Origin',(-29.9971273273822,0.300000000000179,111.950803266903));
#3732=CARTESIAN_POINT('',(-29.9971273273822,0.300000000000179,116.150803266903));
#3733=CARTESIAN_POINT('Origin',(-29.9971273273822,0.300000000000179,111.950803266903));
#3734=CARTESIAN_POINT('',(-29.9971273273822,-1.14144804719274E-14,116.450803266903));
#3735=CARTESIAN_POINT('',(-29.9971273273822,0.300000000000179,116.150803266903));
#3736=CARTESIAN_POINT('Origin',(-29.9971273273822,-7.75201423860274E-15,
111.950803266903));
#3737=CARTESIAN_POINT('Origin',(-57.9500000000001,24.6,100.372344298616));
#3738=CARTESIAN_POINT('',(-57.9500000000001,24.3000000000001,104.572344298616));
#3739=CARTESIAN_POINT('',(-57.9500000000001,24.3000000000001,96.1723442986164));
#3740=CARTESIAN_POINT('Origin',(-57.9500000000001,24.3000000000001,100.372344298616));
#3741=CARTESIAN_POINT('Origin',(-57.9500000000001,24.3000000000001,100.372344298616));
#3742=CARTESIAN_POINT('',(-57.9500000000001,24.6,95.8723442986165));
#3743=CARTESIAN_POINT('',(-57.9500000000001,24.6,95.8723442986165));
#3744=CARTESIAN_POINT('Origin',(-57.9500000000001,24.6,100.372344298616));
#3745=CARTESIAN_POINT('Origin',(-57.9500000000001,0.300000000000234,100.372344298616));
#3746=CARTESIAN_POINT('',(-57.9500000000001,0.300000000000234,104.572344298616));
#3747=CARTESIAN_POINT('Origin',(-57.9500000000001,0.300000000000234,100.372344298616));
#3748=CARTESIAN_POINT('',(-57.9500000000001,-1.30451205393456E-14,104.872344298617));
#3749=CARTESIAN_POINT('',(-57.9500000000001,0.300000000000234,104.572344298616));
#3750=CARTESIAN_POINT('Origin',(-57.9500000000001,-7.75201423860274E-15,
100.372344298616));
#3751=CARTESIAN_POINT('Origin',(-81.953675939521,24.6,81.9536759395207));
#3752=CARTESIAN_POINT('',(-81.953675939521,24.3000000000002,86.1536759395207));
#3753=CARTESIAN_POINT('',(-81.953675939521,24.3000000000002,77.7536759395207));
#3754=CARTESIAN_POINT('Origin',(-81.953675939521,24.3000000000002,81.9536759395207));
#3755=CARTESIAN_POINT('Origin',(-81.953675939521,24.3000000000002,81.9536759395207));
#3756=CARTESIAN_POINT('',(-81.953675939521,24.6,77.4536759395209));
#3757=CARTESIAN_POINT('',(-81.953675939521,24.6,77.4536759395209));
#3758=CARTESIAN_POINT('Origin',(-81.953675939521,24.6,81.9536759395207));
#3759=CARTESIAN_POINT('Origin',(-81.953675939521,0.300000000000123,81.9536759395207));
#3760=CARTESIAN_POINT('',(-81.953675939521,0.300000000000123,86.1536759395207));
#3761=CARTESIAN_POINT('Origin',(-81.953675939521,0.300000000000123,81.9536759395207));
#3762=CARTESIAN_POINT('',(-81.953675939521,-1.41553435639707E-14,86.4536759395209));
#3763=CARTESIAN_POINT('',(-81.953675939521,0.300000000000123,86.1536759395207));
#3764=CARTESIAN_POINT('Origin',(-81.953675939521,-7.75201423860274E-15,
81.9536759395207));
#3765=CARTESIAN_POINT('Origin',(-100.372344298617,24.6,57.9499999999998));
#3766=CARTESIAN_POINT('',(-100.372344298617,24.3000000000002,62.1499999999998));
#3767=CARTESIAN_POINT('',(-100.372344298617,24.3000000000002,53.7499999999998));
#3768=CARTESIAN_POINT('Origin',(-100.372344298617,24.3000000000002,57.9499999999998));
#3769=CARTESIAN_POINT('Origin',(-100.372344298617,24.3000000000002,57.9499999999998));
#3770=CARTESIAN_POINT('',(-100.372344298617,24.6,53.45));
#3771=CARTESIAN_POINT('',(-100.372344298617,24.6,53.45));
#3772=CARTESIAN_POINT('Origin',(-100.372344298617,24.6,57.9499999999998));
#3773=CARTESIAN_POINT('Origin',(-100.372344298617,0.300000000000123,57.9499999999998));
#3774=CARTESIAN_POINT('',(-100.372344298617,0.300000000000123,62.1499999999998));
#3775=CARTESIAN_POINT('Origin',(-100.372344298617,0.300000000000123,57.9499999999998));
#3776=CARTESIAN_POINT('',(-100.372344298617,-1.31492039479042E-14,62.4499999999999));
#3777=CARTESIAN_POINT('',(-100.372344298617,0.300000000000123,62.1499999999998));
#3778=CARTESIAN_POINT('Origin',(-100.372344298617,-7.75201423860274E-15,
57.9499999999998));
#3779=CARTESIAN_POINT('Origin',(-111.950803266903,24.6,29.9971273273818));
#3780=CARTESIAN_POINT('',(-111.950803266903,24.3000000000002,34.1971273273818));
#3781=CARTESIAN_POINT('',(-111.950803266903,24.3000000000002,25.7971273273818));
#3782=CARTESIAN_POINT('Origin',(-111.950803266903,24.3000000000002,29.9971273273818));
#3783=CARTESIAN_POINT('Origin',(-111.950803266903,24.3000000000002,29.9971273273818));
#3784=CARTESIAN_POINT('',(-111.950803266903,24.6,25.497127327382));
#3785=CARTESIAN_POINT('',(-111.950803266903,24.6,25.497127327382));
#3786=CARTESIAN_POINT('Origin',(-111.950803266903,24.6,29.9971273273818));
#3787=CARTESIAN_POINT('Origin',(-111.950803266903,0.300000000000234,29.9971273273818));
#3788=CARTESIAN_POINT('',(-111.950803266903,0.300000000000234,34.1971273273818));
#3789=CARTESIAN_POINT('Origin',(-111.950803266903,0.300000000000234,29.9971273273818));
#3790=CARTESIAN_POINT('',(-111.950803266903,-6.17561557447743E-15,34.4971273273821));
#3791=CARTESIAN_POINT('',(-111.950803266903,0.300000000000234,34.1971273273818));
#3792=CARTESIAN_POINT('Origin',(-111.950803266903,-7.75201423860274E-15,
29.9971273273818));
#3793=CARTESIAN_POINT('Origin',(-115.9,24.6,-4.04662921552577E-13));
#3794=CARTESIAN_POINT('',(-115.9,24.3000000000001,4.19999999999959));
#3795=CARTESIAN_POINT('',(-115.9,24.3000000000001,-4.2000000000004));
#3796=CARTESIAN_POINT('Origin',(-115.9,24.3000000000001,-4.04662921552577E-13));
#3797=CARTESIAN_POINT('Origin',(-115.9,24.3000000000001,-4.04662921552577E-13));
#3798=CARTESIAN_POINT('',(-115.9,24.6,-4.50000000000033));
#3799=CARTESIAN_POINT('',(-115.9,24.6,-4.50000000000033));
#3800=CARTESIAN_POINT('Origin',(-115.9,24.6,-4.04662921552577E-13));
#3801=CARTESIAN_POINT('Origin',(-115.9,0.300000000000179,-4.04662921552577E-13));
#3802=CARTESIAN_POINT('',(-115.9,0.300000000000179,4.19999999999959));
#3803=CARTESIAN_POINT('Origin',(-115.9,0.300000000000179,-4.04662921552577E-13));
#3804=CARTESIAN_POINT('',(-115.9,-7.32053306862213E-15,4.49999999999977));
#3805=CARTESIAN_POINT('',(-115.9,0.300000000000179,4.19999999999959));
#3806=CARTESIAN_POINT('Origin',(-115.9,-7.75201423860274E-15,-4.04662921552577E-13));
#3807=CARTESIAN_POINT('Origin',(-111.950803266903,24.6,-29.9971273273826));
#3808=CARTESIAN_POINT('',(-111.950803266903,24.3000000000002,-25.7971273273826));
#3809=CARTESIAN_POINT('',(-111.950803266903,24.3000000000002,-34.1971273273826));
#3810=CARTESIAN_POINT('Origin',(-111.950803266903,24.3000000000002,-29.9971273273826));
#3811=CARTESIAN_POINT('Origin',(-111.950803266903,24.3000000000002,-29.9971273273826));
#3812=CARTESIAN_POINT('',(-111.950803266903,24.6,-34.4971273273824));
#3813=CARTESIAN_POINT('',(-111.950803266903,24.6,-34.4971273273824));
#3814=CARTESIAN_POINT('Origin',(-111.950803266903,24.6,-29.9971273273826));
#3815=CARTESIAN_POINT('Origin',(-111.950803266903,0.300000000000123,-29.9971273273826));
#3816=CARTESIAN_POINT('',(-111.950803266903,0.300000000000123,-25.7971273273826));
#3817=CARTESIAN_POINT('Origin',(-111.950803266903,0.300000000000123,-29.9971273273826));
#3818=CARTESIAN_POINT('',(-111.950803266903,-9.64506252643105E-15,-25.4971273273825));
#3819=CARTESIAN_POINT('',(-111.950803266903,0.300000000000123,-25.7971273273826));
#3820=CARTESIAN_POINT('Origin',(-111.950803266903,-7.75201423860274E-15,
-29.9971273273826));
#3821=CARTESIAN_POINT('Origin',(-100.372344298616,24.6,-57.9500000000005));
#3822=CARTESIAN_POINT('',(-100.372344298616,24.3000000000002,-53.7500000000005));
#3823=CARTESIAN_POINT('',(-100.372344298616,24.3000000000002,-62.1500000000005));
#3824=CARTESIAN_POINT('Origin',(-100.372344298616,24.3000000000002,-57.9500000000005));
#3825=CARTESIAN_POINT('Origin',(-100.372344298616,24.3000000000002,-57.9500000000005));
#3826=CARTESIAN_POINT('',(-100.372344298616,24.6,-62.4500000000003));
#3827=CARTESIAN_POINT('',(-100.372344298616,24.6,-62.4500000000003));
#3828=CARTESIAN_POINT('Origin',(-100.372344298616,24.6,-57.9500000000005));
#3829=CARTESIAN_POINT('Origin',(-100.372344298616,0.300000000000179,-57.9500000000005));
#3830=CARTESIAN_POINT('',(-100.372344298616,0.300000000000179,-53.7500000000005));
#3831=CARTESIAN_POINT('Origin',(-100.372344298616,0.300000000000179,-57.9500000000005));
#3832=CARTESIAN_POINT('',(-100.372344298616,-7.59808882477842E-15,-53.4500000000003));
#3833=CARTESIAN_POINT('',(-100.372344298616,0.300000000000179,-53.7500000000005));
#3834=CARTESIAN_POINT('Origin',(-100.372344298616,-7.75201423860274E-15,
-57.9500000000005));
#3835=CARTESIAN_POINT('Origin',(-81.9536759395204,24.6,-81.9536759395213));
#3836=CARTESIAN_POINT('',(-81.9536759395204,24.3000000000001,-77.7536759395213));
#3837=CARTESIAN_POINT('',(-81.9536759395204,24.3000000000001,-86.1536759395213));
#3838=CARTESIAN_POINT('Origin',(-81.9536759395204,24.3000000000001,-81.9536759395213));
#3839=CARTESIAN_POINT('Origin',(-81.9536759395204,24.3000000000001,-81.9536759395213));
#3840=CARTESIAN_POINT('',(-81.9536759395204,24.6,-86.4536759395212));
#3841=CARTESIAN_POINT('',(-81.9536759395204,24.6,-86.4536759395212));
#3842=CARTESIAN_POINT('Origin',(-81.9536759395204,24.6,-81.9536759395213));
#3843=CARTESIAN_POINT('Origin',(-81.9536759395204,0.300000000000068,-81.9536759395213));
#3844=CARTESIAN_POINT('',(-81.9536759395204,0.300000000000068,-77.7536759395213));
#3845=CARTESIAN_POINT('Origin',(-81.9536759395204,0.300000000000068,-81.9536759395213));
#3846=CARTESIAN_POINT('',(-81.9536759395204,-9.92261828258734E-15,-77.4536759395212));
#3847=CARTESIAN_POINT('',(-81.9536759395204,0.300000000000068,-77.7536759395213));
#3848=CARTESIAN_POINT('Origin',(-81.9536759395204,-7.75201423860274E-15,
-81.9536759395213));
#3849=CARTESIAN_POINT('Origin',(-57.9499999999994,24.6,-100.372344298617));
#3850=CARTESIAN_POINT('',(-57.9499999999994,24.3000000000002,-96.1723442986168));
#3851=CARTESIAN_POINT('',(-57.9499999999994,24.3000000000002,-104.572344298617));
#3852=CARTESIAN_POINT('Origin',(-57.9499999999994,24.3000000000002,-100.372344298617));
#3853=CARTESIAN_POINT('Origin',(-57.9499999999994,24.3000000000002,-100.372344298617));
#3854=CARTESIAN_POINT('',(-57.9499999999994,24.6,-104.872344298617));
#3855=CARTESIAN_POINT('',(-57.9499999999994,24.6,-104.872344298617));
#3856=CARTESIAN_POINT('Origin',(-57.9499999999994,24.6,-100.372344298617));
#3857=CARTESIAN_POINT('Origin',(-57.9499999999994,0.300000000000123,-100.372344298617));
#3858=CARTESIAN_POINT('',(-57.9499999999994,0.300000000000123,-96.1723442986168));
#3859=CARTESIAN_POINT('Origin',(-57.9499999999994,0.300000000000123,-100.372344298617));
#3860=CARTESIAN_POINT('',(-57.9499999999994,-9.5062846483529E-15,-95.8723442986167));
#3861=CARTESIAN_POINT('',(-57.9499999999994,0.300000000000123,-96.1723442986168));
#3862=CARTESIAN_POINT('Origin',(-57.9499999999994,-7.75201423860274E-15,
-100.372344298617));
#3863=CARTESIAN_POINT('Origin',(29.9971273273807,24.6,111.950803266903));
#3864=CARTESIAN_POINT('',(29.9971273273807,24.6,116.150803266903));
#3865=CARTESIAN_POINT('Origin',(29.9971273273807,24.6,111.950803266903));
#3866=CARTESIAN_POINT('',(29.9971273273807,0.,116.150803266903));
#3867=CARTESIAN_POINT('',(29.9971273273807,24.6,116.150803266903));
#3868=CARTESIAN_POINT('Origin',(29.9971273273807,0.,111.950803266903));
#3869=CARTESIAN_POINT('Origin',(57.9499999999987,24.6,100.372344298617));
#3870=CARTESIAN_POINT('',(57.9499999999987,24.6,104.572344298617));
#3871=CARTESIAN_POINT('Origin',(57.9499999999987,24.6,100.372344298617));
#3872=CARTESIAN_POINT('',(57.9499999999987,0.,104.572344298617));
#3873=CARTESIAN_POINT('',(57.9499999999987,24.6,104.572344298617));
#3874=CARTESIAN_POINT('Origin',(57.9499999999987,0.,100.372344298617));
#3875=CARTESIAN_POINT('Origin',(81.9536759395199,24.6,81.9536759395219));
#3876=CARTESIAN_POINT('',(81.9536759395199,24.6,86.1536759395219));
#3877=CARTESIAN_POINT('Origin',(81.9536759395199,24.6,81.9536759395219));
#3878=CARTESIAN_POINT('',(81.9536759395199,0.,86.1536759395219));
#3879=CARTESIAN_POINT('',(81.9536759395199,24.6,86.1536759395219));
#3880=CARTESIAN_POINT('Origin',(81.9536759395199,0.,81.9536759395219));
#3881=CARTESIAN_POINT('Origin',(100.372344298616,24.6,57.9500000000012));
#3882=CARTESIAN_POINT('',(100.372344298616,24.6,62.1500000000012));
#3883=CARTESIAN_POINT('Origin',(100.372344298616,24.6,57.9500000000012));
#3884=CARTESIAN_POINT('',(100.372344298616,0.,62.1500000000012));
#3885=CARTESIAN_POINT('',(100.372344298616,24.6,62.1500000000012));
#3886=CARTESIAN_POINT('Origin',(100.372344298616,0.,57.9500000000012));
#3887=CARTESIAN_POINT('Origin',(111.950803266903,24.6,29.9971273273834));
#3888=CARTESIAN_POINT('',(111.950803266903,24.6,34.1971273273834));
#3889=CARTESIAN_POINT('Origin',(115.9,24.6,1.21398876465773E-12));
#3890=CARTESIAN_POINT('',(115.9,24.6,4.20000000000121));
#3891=CARTESIAN_POINT('Origin',(111.950803266903,24.6,-29.9971273273811));
#3892=CARTESIAN_POINT('',(111.950803266903,24.6,-25.7971273273811));
#3893=CARTESIAN_POINT('Origin',(100.372344298617,24.6,-57.9499999999991));
#3894=CARTESIAN_POINT('',(100.372344298617,24.6,-53.7499999999991));
#3895=CARTESIAN_POINT('Origin',(81.9536759395216,24.6,-81.9536759395202));
#3896=CARTESIAN_POINT('',(81.9536759395216,24.6,-77.7536759395201));
#3897=CARTESIAN_POINT('Origin',(57.9500000000008,24.6,-100.372344298616));
#3898=CARTESIAN_POINT('',(57.9500000000008,24.6,-96.172344298616));
#3899=CARTESIAN_POINT('Origin',(29.997127327383,24.6,-111.950803266903));
#3900=CARTESIAN_POINT('',(29.997127327383,24.6,-107.750803266903));
#3901=CARTESIAN_POINT('Origin',(8.09325843105155E-13,24.6,-115.9));
#3902=CARTESIAN_POINT('',(8.08811491449513E-13,24.6,-111.7));
#3903=CARTESIAN_POINT('Origin',(-29.9971273273814,24.6,-111.950803266903));
#3904=CARTESIAN_POINT('',(-29.9971273273814,24.6,-107.750803266903));
#3905=CARTESIAN_POINT('Origin',(-57.9499999999994,24.6,-100.372344298617));
#3906=CARTESIAN_POINT('',(-57.9499999999994,24.6,-96.1723442986168));
#3907=CARTESIAN_POINT('Origin',(-81.9536759395204,24.6,-81.9536759395213));
#3908=CARTESIAN_POINT('',(-81.9536759395204,24.6,-77.7536759395213));
#3909=CARTESIAN_POINT('Origin',(-100.372344298616,24.6,-57.9500000000005));
#3910=CARTESIAN_POINT('',(-100.372344298616,24.6,-53.7500000000005));
#3911=CARTESIAN_POINT('Origin',(-111.950803266903,24.6,-29.9971273273826));
#3912=CARTESIAN_POINT('',(-111.950803266903,24.6,-25.7971273273826));
#3913=CARTESIAN_POINT('Origin',(-115.9,24.6,-4.04662921552577E-13));
#3914=CARTESIAN_POINT('',(-115.9,24.6,4.19999999999959));
#3915=CARTESIAN_POINT('Origin',(-111.950803266903,24.6,29.9971273273818));
#3916=CARTESIAN_POINT('',(-111.950803266903,24.6,34.1971273273818));
#3917=CARTESIAN_POINT('Origin',(-100.372344298617,24.6,57.9499999999998));
#3918=CARTESIAN_POINT('',(-100.372344298617,24.6,62.1499999999998));
#3919=CARTESIAN_POINT('Origin',(-81.953675939521,24.6,81.9536759395207));
#3920=CARTESIAN_POINT('',(-81.953675939521,24.6,86.1536759395207));
#3921=CARTESIAN_POINT('Origin',(-57.9500000000001,24.6,100.372344298616));
#3922=CARTESIAN_POINT('',(-57.9500000000001,24.6,104.572344298616));
#3923=CARTESIAN_POINT('Origin',(-29.9971273273822,24.6,111.950803266903));
#3924=CARTESIAN_POINT('',(-29.9971273273822,24.6,116.150803266903));
#3925=CARTESIAN_POINT('Origin',(0.,24.6,115.9));
#3926=CARTESIAN_POINT('',(-5.14351655641888E-16,24.6,120.1));
#3927=CARTESIAN_POINT('Origin',(0.,23.4,0.));
#3928=CARTESIAN_POINT('',(-1.32545504378103E-14,23.4,-108.23161785944));
#3929=CARTESIAN_POINT('Origin',(0.,23.4,0.));
#3930=CARTESIAN_POINT('',(-1.3281294536753E-14,24.,-108.45));
#3931=CARTESIAN_POINT('',(-1.32545504378103E-14,23.4,-108.23161785944));
#3932=CARTESIAN_POINT('',(1.34481526631369E-14,24.,108.45));
#3933=CARTESIAN_POINT('Origin',(0.,24.,0.));
#3934=CARTESIAN_POINT('Origin',(0.,24.,0.));
#3935=CARTESIAN_POINT('Origin',(0.,24.,0.));
#3936=CARTESIAN_POINT('',(-1.36150107895207E-14,23.0081811116246,111.175));
#3937=CARTESIAN_POINT('Origin',(0.,23.0081811116246,0.));
#3938=CARTESIAN_POINT('',(-1.3281294536753E-14,24.,108.45));
#3939=CARTESIAN_POINT('Origin',(0.,-15.0222786264869,0.));
#3940=CARTESIAN_POINT('',(-13.0227612496609,24.6,-110.409638684466));
#3941=CARTESIAN_POINT('',(15.9970958337824,24.6,110.018060107806));
#3942=CARTESIAN_POINT('Origin',(0.,24.6,0.));
#3943=CARTESIAN_POINT('',(-13.0227612496609,23.3,-110.409638684466));
#3944=CARTESIAN_POINT('',(-13.0227612496609,-15.0222786264869,-110.409638684466));
#3945=CARTESIAN_POINT('',(-15.9970958337824,23.3,-110.018060107806));
#3946=CARTESIAN_POINT('Origin',(0.,23.3,0.));
#3947=CARTESIAN_POINT('',(-15.9970958337824,24.6,-110.018060107806));
#3948=CARTESIAN_POINT('',(-15.9970958337824,-15.0222786264869,-110.018060107806));
#3949=CARTESIAN_POINT('',(-1.36150107895207E-14,24.6,111.175));
#3950=CARTESIAN_POINT('Origin',(0.,24.6,0.));
#3951=CARTESIAN_POINT('',(-1.36150107895207E-14,-15.0222786264869,111.175));
#3952=CARTESIAN_POINT('',(13.0227612496609,24.6,110.409638684466));
#3953=CARTESIAN_POINT('Origin',(0.,24.6,0.));
#3954=CARTESIAN_POINT('',(13.0227612496609,23.3,110.409638684466));
#3955=CARTESIAN_POINT('',(13.0227612496609,-15.0222786264869,110.409638684466));
#3956=CARTESIAN_POINT('',(15.9970958337824,23.3,110.018060107806));
#3957=CARTESIAN_POINT('Origin',(0.,23.3,0.));
#3958=CARTESIAN_POINT('',(15.9970958337824,-15.0222786264869,110.018060107806));
#3959=CARTESIAN_POINT('Origin',(0.,-15.0222786264869,0.));
#3960=CARTESIAN_POINT('',(-1.55040284772055E-14,24.1999999999999,126.6));
#3961=CARTESIAN_POINT('',(-1.55040284772055E-14,-15.0222786264869,126.6));
#3962=CARTESIAN_POINT('',(-18.0106232972595,24.1999999999999,-125.312319619598));
#3963=CARTESIAN_POINT('Origin',(0.,24.1999999999999,0.));
#3964=CARTESIAN_POINT('',(-18.0106232972595,23.3,-125.312319619598));
#3965=CARTESIAN_POINT('',(-18.0106232972595,-15.0222786264869,-125.312319619598));
#3966=CARTESIAN_POINT('',(-15.036288713138,23.3,-125.703898196258));
#3967=CARTESIAN_POINT('Origin',(0.,23.3,0.));
#3968=CARTESIAN_POINT('',(-15.036288713138,-15.0222786264869,-125.703898196258));
#3969=CARTESIAN_POINT('',(18.0106232972595,23.3,125.312319619598));
#3970=CARTESIAN_POINT('',(18.0106232972595,-15.0222786264869,125.312319619598));
#3971=CARTESIAN_POINT('',(15.036288713138,23.3,125.703898196258));
#3972=CARTESIAN_POINT('Origin',(0.,23.3,0.));
#3973=CARTESIAN_POINT('',(15.036288713138,24.1999999999999,125.703898196258));
#3974=CARTESIAN_POINT('',(15.036288713138,-15.0222786264869,125.703898196258));
#3975=CARTESIAN_POINT('Origin',(0.,24.1999999999999,0.));
#3976=CARTESIAN_POINT('Origin',(0.,24.6,0.));
#3977=CARTESIAN_POINT('',(-2.1492551325036E-15,23.4,17.55));
#3978=CARTESIAN_POINT('Origin',(0.,23.4,0.));
#3979=CARTESIAN_POINT('',(-2.1492551325036E-15,11.9,17.55));
#3980=CARTESIAN_POINT('',(-2.1492551325036E-15,24.6,17.55));
#3981=CARTESIAN_POINT('Origin',(0.,11.9,0.));
#3982=CARTESIAN_POINT('Origin',(-126.6,24.6,0.));
#3983=CARTESIAN_POINT('',(-17.9584091436308,24.6,-124.91571374743));
#3984=CARTESIAN_POINT('',(14.9840745595094,24.6,125.30729232409));
#3985=CARTESIAN_POINT('Origin',(0.,24.6,0.));
#3986=CARTESIAN_POINT('',(12.9588190318928,24.6,109.923949320877));
#3987=CARTESIAN_POINT('',(-18.152098883755,24.6,-126.386933387571));
#3988=CARTESIAN_POINT('Origin',(0.,24.1999999999999,0.));
#3989=CARTESIAN_POINT('',(14.9840745595094,24.6,125.30729232409));
#3990=CARTESIAN_POINT('',(-18.0106232972595,24.1999999999999,-125.312319619598));
#3991=CARTESIAN_POINT('Origin',(0.,-7.75201423860274E-15,0.));
#3992=CARTESIAN_POINT('Origin',(-126.6,24.6,0.));
#3993=CARTESIAN_POINT('',(18.152098883755,24.6,126.386933387571));
#3994=CARTESIAN_POINT('',(-12.9588190318928,24.6,-109.923949320877));
#3995=CARTESIAN_POINT('Origin',(-108.23161785944,23.4,0.));
#3996=CARTESIAN_POINT('Origin',(0.,23.3,0.));
#3997=CARTESIAN_POINT('',(-18.152098883755,23.3,-126.386933387571));
#3998=CARTESIAN_POINT('',(-12.9588190318928,23.3,-109.923949320877));
#3999=CARTESIAN_POINT('Origin',(-12.9588190318928,23.3,-109.923949320877));
#4000=CARTESIAN_POINT('Origin',(-18.152098883755,23.3,-126.386933387571));
#4001=CARTESIAN_POINT('Origin',(0.,23.3,0.));
#4002=CARTESIAN_POINT('',(18.152098883755,23.3,126.386933387571));
#4003=CARTESIAN_POINT('',(12.9588190318928,23.3,109.923949320877));
#4004=CARTESIAN_POINT('Origin',(12.9588190318928,23.3,109.923949320877));
#4005=CARTESIAN_POINT('Origin',(18.152098883755,23.3,126.386933387571));
#4006=CARTESIAN_POINT('Origin',(0.,11.9,0.));
#4007=CARTESIAN_POINT('',(25.2833210950246,31.7578461431396,46.8665455198819));
#4008=CARTESIAN_POINT('',(25.2833210950246,31.7578461431396,23.2665455198819));
#4009=CARTESIAN_POINT('',(25.2833210950246,31.7578461431396,65.9665455198819));
#4010=UNCERTAINTY_MEASURE_WITH_UNIT(LENGTH_MEASURE(0.01),#4020,
'DISTANCE_ACCURACY_VALUE',
'Maximum model space distance between geometric entities at asserted c
onnectivities');
#4011=UNCERTAINTY_MEASURE_WITH_UNIT(LENGTH_MEASURE(0.01),#4020,
'DISTANCE_ACCURACY_VALUE',
'Maximum model space distance between geometric entities at asserted c
onnectivities');
#4012=UNCERTAINTY_MEASURE_WITH_UNIT(LENGTH_MEASURE(0.01),#4020,
'DISTANCE_ACCURACY_VALUE',
'Maximum model space distance between geometric entities at asserted c
onnectivities');
#4013=UNCERTAINTY_MEASURE_WITH_UNIT(LENGTH_MEASURE(0.01),#4020,
'DISTANCE_ACCURACY_VALUE',
'Maximum model space distance between geometric entities at asserted c
onnectivities');
#4014=UNCERTAINTY_MEASURE_WITH_UNIT(LENGTH_MEASURE(0.01),#4020,
'DISTANCE_ACCURACY_VALUE',
'Maximum model space distance between geometric entities at asserted c
onnectivities');
#4015=(
GEOMETRIC_REPRESENTATION_CONTEXT(3)
GLOBAL_UNCERTAINTY_ASSIGNED_CONTEXT((#4010))
GLOBAL_UNIT_ASSIGNED_CONTEXT((#4020,#4022,#4023))
REPRESENTATION_CONTEXT('','3D')
);
#4016=(
GEOMETRIC_REPRESENTATION_CONTEXT(3)
GLOBAL_UNCERTAINTY_ASSIGNED_CONTEXT((#4011))
GLOBAL_UNIT_ASSIGNED_CONTEXT((#4020,#4022,#4023))
REPRESENTATION_CONTEXT('','3D')
);
#4017=(
GEOMETRIC_REPRESENTATION_CONTEXT(3)
GLOBAL_UNCERTAINTY_ASSIGNED_CONTEXT((#4012))
GLOBAL_UNIT_ASSIGNED_CONTEXT((#4020,#4022,#4023))
REPRESENTATION_CONTEXT('','3D')
);
#4018=(
GEOMETRIC_REPRESENTATION_CONTEXT(3)
GLOBAL_UNCERTAINTY_ASSIGNED_CONTEXT((#4013))
GLOBAL_UNIT_ASSIGNED_CONTEXT((#4020,#4022,#4023))
REPRESENTATION_CONTEXT('','3D')
);
#4019=(
GEOMETRIC_REPRESENTATION_CONTEXT(3)
GLOBAL_UNCERTAINTY_ASSIGNED_CONTEXT((#4014))
GLOBAL_UNIT_ASSIGNED_CONTEXT((#4020,#4022,#4023))
REPRESENTATION_CONTEXT('','3D')
);
#4020=(
LENGTH_UNIT()
NAMED_UNIT(*)
SI_UNIT(.MILLI.,.METRE.)
);
#4021=(
LENGTH_UNIT()
NAMED_UNIT(*)
SI_UNIT($,.METRE.)
);
#4022=(
NAMED_UNIT(*)
PLANE_ANGLE_UNIT()
SI_UNIT($,.RADIAN.)
);
#4023=(
NAMED_UNIT(*)
SI_UNIT($,.STERADIAN.)
SOLID_ANGLE_UNIT()
);
#4024=SHAPE_DEFINITION_REPRESENTATION(#4028,#4035);
#4025=SHAPE_DEFINITION_REPRESENTATION(#4029,#4036);
#4026=SHAPE_DEFINITION_REPRESENTATION(#4030,#4037);
#4027=SHAPE_DEFINITION_REPRESENTATION(#4031,#4038);
#4028=PRODUCT_DEFINITION_SHAPE('',$,#4040);
#4029=PRODUCT_DEFINITION_SHAPE('',$,#4041);
#4030=PRODUCT_DEFINITION_SHAPE('',$,#4042);
#4031=PRODUCT_DEFINITION_SHAPE('',$,#4043);
#4032=PRODUCT_DEFINITION_SHAPE($,$,#20);
#4033=PRODUCT_DEFINITION_SHAPE($,$,#21);
#4034=PRODUCT_DEFINITION_SHAPE($,$,#22);
#4035=SHAPE_REPRESENTATION('',(#2290,#2602,#2603,#2604),#4015);
#4036=SHAPE_REPRESENTATION('',(#2291),#4016);
#4037=SHAPE_REPRESENTATION('',(#2300),#4017);
#4038=SHAPE_REPRESENTATION('',(#2386),#4018);
#4039=PRODUCT_DEFINITION_CONTEXT('part definition',#4053,'design');
#4040=PRODUCT_DEFINITION('Hositrad_CFA200-38L','Hositrad_CFA200-38L v2',
#4044,#4039);
#4041=PRODUCT_DEFINITION('CF-Tubulated-Adapters-All_CFA200-38L',
'CF-Tubulated-Adapters-All_CFA200-38L',#4045,#4039);
#4042=PRODUCT_DEFINITION('NW35CF-Weld-38','NW35CF-Weld-38',#4046,#4039);
#4043=PRODUCT_DEFINITION('NW200CF-Blind_weld hole 38,1',
'NW200CF-Blind_weld hole 38,1',#4047,#4039);
#4044=PRODUCT_DEFINITION_FORMATION('',$,#4055);
#4045=PRODUCT_DEFINITION_FORMATION('',$,#4056);
#4046=PRODUCT_DEFINITION_FORMATION('',$,#4057);
#4047=PRODUCT_DEFINITION_FORMATION('',$,#4058);
#4048=PRODUCT_RELATED_PRODUCT_CATEGORY('Hositrad_CFA200-38L v2',
'Hositrad_CFA200-38L v2',(#4055));
#4049=PRODUCT_RELATED_PRODUCT_CATEGORY(
'CF-Tubulated-Adapters-All_CFA200-38L',
'CF-Tubulated-Adapters-All_CFA200-38L',(#4056));
#4050=PRODUCT_RELATED_PRODUCT_CATEGORY('NW35CF-Weld-38',
'NW35CF-Weld-38',(#4057));
#4051=PRODUCT_RELATED_PRODUCT_CATEGORY('NW200CF-Blind_weld hole 38,1',
'NW200CF-Blind_weld hole 38,1',(#4058));
#4052=APPLICATION_PROTOCOL_DEFINITION('international standard',
'automotive_design',2009,#4053);
#4053=APPLICATION_CONTEXT(
'Core Data for Automotive Mechanical Design Process');
#4054=PRODUCT_CONTEXT('part definition',#4053,'mechanical');
#4055=PRODUCT('Hositrad_CFA200-38L','Hositrad_CFA200-38L v2',$,(#4054));
#4056=PRODUCT('CF-Tubulated-Adapters-All_CFA200-38L',
'CF-Tubulated-Adapters-All_CFA200-38L',$,(#4054));
#4057=PRODUCT('NW35CF-Weld-38','NW35CF-Weld-38',$,(#4054));
#4058=PRODUCT('NW200CF-Blind_weld hole 38,1',
'NW200CF-Blind_weld hole 38,1',$,(#4054));
#4059=PRESENTATION_STYLE_ASSIGNMENT((#4061));
#4060=PRESENTATION_STYLE_ASSIGNMENT((#4062));
#4061=SURFACE_STYLE_USAGE(.BOTH.,#4063);
#4062=SURFACE_STYLE_USAGE(.BOTH.,#4064);
#4063=SURFACE_SIDE_STYLE('',(#4065));
#4064=SURFACE_SIDE_STYLE('',(#4066));
#4065=SURFACE_STYLE_FILL_AREA(#4067);
#4066=SURFACE_STYLE_FILL_AREA(#4068);
#4067=FILL_AREA_STYLE('Steel - Satin',(#4069));
#4068=FILL_AREA_STYLE('Opaque(165,158,150)',(#4070));
#4069=FILL_AREA_STYLE_COLOUR('Steel - Satin',#4071);
#4070=FILL_AREA_STYLE_COLOUR('Opaque(165,158,150)',#4072);
#4071=COLOUR_RGB('Steel - Satin',0.627450980392157,0.627450980392157,0.627450980392157);
#4072=COLOUR_RGB('Opaque(165,158,150)',0.647058823529412,0.619607843137255,
0.588235294117647);
ENDSEC;
END-ISO-10303-21;
