ISO-10303-21;
HEADER;
/* Generated by software containing ST-Developer
 * from STEP Tools, Inc. (www.steptools.com) 
 */

FILE_DESCRIPTION(
/* description */ (''),
/* implementation_level */ '2;1');

FILE_NAME(
/* name */ 'baking lid mid section v32.step',
/* time_stamp */ '2024-06-12T13:32:45+02:00',
/* author */ (''),
/* organization */ (''),
/* preprocessor_version */ 'ST-DEVELOPER v20',
/* originating_system */ 'Autodesk Translation Framework v13.14.0.145',

/* authorisation */ '');

FILE_SCHEMA (('AUTOMOTIVE_DESIGN { 1 0 10303 214 3 1 1 }'));
ENDSEC;

DATA;
#10=MECHANICAL_DESIGN_GEOMETRIC_PRESENTATION_REPRESENTATION('',(#13),#5545);
#11=SHAPE_REPRESENTATION_RELATIONSHIP('SRR','None',#5552,#12);
#12=ADVANCED_BREP_SHAPE_REPRESENTATION('',(#14),#5544);
#13=STYLED_ITEM('',(#5561),#14);
#14=MANIFOLD_SOLID_BREP('Body1',#3269);
#15=FACE_BOUND('',#526,.T.);
#16=FACE_BOUND('',#527,.T.);
#17=FACE_BOUND('',#528,.T.);
#18=FACE_BOUND('',#529,.T.);
#19=FACE_BOUND('',#530,.T.);
#20=FACE_BOUND('',#531,.T.);
#21=FACE_BOUND('',#532,.T.);
#22=FACE_BOUND('',#533,.T.);
#23=FACE_BOUND('',#534,.T.);
#24=FACE_BOUND('',#535,.T.);
#25=FACE_BOUND('',#536,.T.);
#26=FACE_BOUND('',#537,.T.);
#27=FACE_BOUND('',#538,.T.);
#28=FACE_BOUND('',#539,.T.);
#29=FACE_BOUND('',#540,.T.);
#30=FACE_BOUND('',#541,.T.);
#31=FACE_BOUND('',#542,.T.);
#32=FACE_BOUND('',#543,.T.);
#33=FACE_BOUND('',#544,.T.);
#34=FACE_BOUND('',#545,.T.);
#35=FACE_BOUND('',#546,.T.);
#36=FACE_BOUND('',#547,.T.);
#37=FACE_BOUND('',#548,.T.);
#38=FACE_BOUND('',#549,.T.);
#39=FACE_BOUND('',#550,.T.);
#40=FACE_BOUND('',#551,.T.);
#41=FACE_BOUND('',#552,.T.);
#42=FACE_BOUND('',#553,.T.);
#43=FACE_BOUND('',#554,.T.);
#44=FACE_BOUND('',#555,.T.);
#45=FACE_BOUND('',#556,.T.);
#46=FACE_BOUND('',#557,.T.);
#47=FACE_BOUND('',#558,.T.);
#48=FACE_BOUND('',#559,.T.);
#49=FACE_BOUND('',#560,.T.);
#50=FACE_BOUND('',#566,.T.);
#51=FACE_BOUND('',#567,.T.);
#52=FACE_BOUND('',#568,.T.);
#53=FACE_BOUND('',#569,.T.);
#54=FACE_BOUND('',#570,.T.);
#55=FACE_BOUND('',#571,.T.);
#56=FACE_BOUND('',#572,.T.);
#57=FACE_BOUND('',#573,.T.);
#58=FACE_BOUND('',#574,.T.);
#59=FACE_BOUND('',#575,.T.);
#60=FACE_BOUND('',#576,.T.);
#61=FACE_BOUND('',#577,.T.);
#62=FACE_BOUND('',#578,.T.);
#63=FACE_BOUND('',#579,.T.);
#64=FACE_BOUND('',#580,.T.);
#65=FACE_BOUND('',#581,.T.);
#66=FACE_BOUND('',#582,.T.);
#67=FACE_BOUND('',#583,.T.);
#68=FACE_BOUND('',#584,.T.);
#69=FACE_BOUND('',#585,.T.);
#70=FACE_BOUND('',#586,.T.);
#71=FACE_BOUND('',#587,.T.);
#72=FACE_BOUND('',#588,.T.);
#73=FACE_BOUND('',#589,.T.);
#74=FACE_BOUND('',#590,.T.);
#75=FACE_BOUND('',#591,.T.);
#76=FACE_BOUND('',#592,.T.);
#77=FACE_BOUND('',#593,.T.);
#78=FACE_BOUND('',#594,.T.);
#79=FACE_BOUND('',#595,.T.);
#80=FACE_BOUND('',#596,.T.);
#81=FACE_BOUND('',#597,.T.);
#82=FACE_BOUND('',#598,.T.);
#83=FACE_BOUND('',#599,.T.);
#84=FACE_BOUND('',#600,.T.);
#85=FACE_BOUND('',#601,.T.);
#86=FACE_BOUND('',#602,.T.);
#87=FACE_BOUND('',#603,.T.);
#88=FACE_BOUND('',#604,.T.);
#89=FACE_BOUND('',#605,.T.);
#90=FACE_BOUND('',#606,.T.);
#91=FACE_BOUND('',#612,.T.);
#92=FACE_BOUND('',#613,.T.);
#93=FACE_BOUND('',#614,.T.);
#94=FACE_BOUND('',#615,.T.);
#95=FACE_BOUND('',#616,.T.);
#96=FACE_BOUND('',#617,.T.);
#97=FACE_BOUND('',#618,.T.);
#98=FACE_BOUND('',#619,.T.);
#99=FACE_BOUND('',#620,.T.);
#100=FACE_BOUND('',#621,.T.);
#101=FACE_BOUND('',#622,.T.);
#102=FACE_BOUND('',#623,.T.);
#103=FACE_BOUND('',#624,.T.);
#104=FACE_BOUND('',#625,.T.);
#105=FACE_BOUND('',#626,.T.);
#106=FACE_BOUND('',#627,.T.);
#107=FACE_BOUND('',#628,.T.);
#108=FACE_BOUND('',#629,.T.);
#109=FACE_BOUND('',#630,.T.);
#110=FACE_BOUND('',#631,.T.);
#111=FACE_BOUND('',#632,.T.);
#112=FACE_BOUND('',#633,.T.);
#113=FACE_BOUND('',#634,.T.);
#114=FACE_BOUND('',#635,.T.);
#115=FACE_BOUND('',#636,.T.);
#116=FACE_BOUND('',#637,.T.);
#117=FACE_BOUND('',#638,.T.);
#118=FACE_BOUND('',#639,.T.);
#119=FACE_BOUND('',#640,.T.);
#120=FACE_BOUND('',#641,.T.);
#121=FACE_BOUND('',#642,.T.);
#122=FACE_BOUND('',#643,.T.);
#123=FACE_BOUND('',#644,.T.);
#124=FACE_BOUND('',#645,.T.);
#125=FACE_BOUND('',#665,.T.);
#126=FACE_BOUND('',#666,.T.);
#127=FACE_BOUND('',#667,.T.);
#128=FACE_BOUND('',#668,.T.);
#129=FACE_BOUND('',#669,.T.);
#130=FACE_BOUND('',#670,.T.);
#131=FACE_BOUND('',#671,.T.);
#132=FACE_BOUND('',#672,.T.);
#133=FACE_BOUND('',#673,.T.);
#134=FACE_BOUND('',#674,.T.);
#135=FACE_BOUND('',#675,.T.);
#136=FACE_BOUND('',#676,.T.);
#137=FACE_BOUND('',#677,.T.);
#138=FACE_BOUND('',#678,.T.);
#139=FACE_BOUND('',#679,.T.);
#140=FACE_BOUND('',#680,.T.);
#141=FACE_BOUND('',#681,.T.);
#142=FACE_BOUND('',#682,.T.);
#143=FACE_BOUND('',#683,.T.);
#144=FACE_BOUND('',#684,.T.);
#145=FACE_BOUND('',#685,.T.);
#146=FACE_BOUND('',#686,.T.);
#147=FACE_BOUND('',#687,.T.);
#148=FACE_BOUND('',#688,.T.);
#149=FACE_BOUND('',#689,.T.);
#150=FACE_BOUND('',#690,.T.);
#151=FACE_BOUND('',#691,.T.);
#152=FACE_BOUND('',#692,.T.);
#153=FACE_BOUND('',#693,.T.);
#154=FACE_BOUND('',#694,.T.);
#155=FACE_BOUND('',#695,.T.);
#156=FACE_BOUND('',#696,.T.);
#157=FACE_BOUND('',#697,.T.);
#158=FACE_BOUND('',#698,.T.);
#159=FACE_BOUND('',#699,.T.);
#160=FACE_BOUND('',#707,.T.);
#161=FACE_BOUND('',#708,.T.);
#162=FACE_BOUND('',#709,.T.);
#163=FACE_BOUND('',#710,.T.);
#164=FACE_BOUND('',#711,.T.);
#165=FACE_BOUND('',#712,.T.);
#166=FACE_BOUND('',#713,.T.);
#167=FACE_BOUND('',#714,.T.);
#168=FACE_BOUND('',#715,.T.);
#169=FACE_BOUND('',#716,.T.);
#170=FACE_BOUND('',#717,.T.);
#171=FACE_BOUND('',#718,.T.);
#172=FACE_BOUND('',#719,.T.);
#173=FACE_BOUND('',#720,.T.);
#174=FACE_BOUND('',#721,.T.);
#175=FACE_BOUND('',#722,.T.);
#176=FACE_BOUND('',#723,.T.);
#177=FACE_BOUND('',#724,.T.);
#178=FACE_BOUND('',#725,.T.);
#179=FACE_BOUND('',#726,.T.);
#180=FACE_BOUND('',#727,.T.);
#181=FACE_BOUND('',#728,.T.);
#182=FACE_BOUND('',#729,.T.);
#183=FACE_BOUND('',#730,.T.);
#184=FACE_BOUND('',#731,.T.);
#185=FACE_BOUND('',#732,.T.);
#186=FACE_BOUND('',#733,.T.);
#187=FACE_BOUND('',#734,.T.);
#188=FACE_BOUND('',#735,.T.);
#189=FACE_BOUND('',#736,.T.);
#190=FACE_BOUND('',#737,.T.);
#191=FACE_BOUND('',#738,.T.);
#192=FACE_BOUND('',#739,.T.);
#193=FACE_BOUND('',#740,.T.);
#194=FACE_BOUND('',#746,.T.);
#195=FACE_BOUND('',#747,.T.);
#196=FACE_BOUND('',#748,.T.);
#197=FACE_BOUND('',#749,.T.);
#198=FACE_BOUND('',#750,.T.);
#199=FACE_BOUND('',#751,.T.);
#200=FACE_BOUND('',#752,.T.);
#201=FACE_BOUND('',#753,.T.);
#202=FACE_BOUND('',#754,.T.);
#203=FACE_BOUND('',#755,.T.);
#204=FACE_BOUND('',#756,.T.);
#205=FACE_BOUND('',#757,.T.);
#206=FACE_BOUND('',#758,.T.);
#207=FACE_BOUND('',#759,.T.);
#208=FACE_BOUND('',#760,.T.);
#209=FACE_BOUND('',#761,.T.);
#210=FACE_BOUND('',#762,.T.);
#211=FACE_BOUND('',#763,.T.);
#212=FACE_BOUND('',#764,.T.);
#213=FACE_BOUND('',#765,.T.);
#214=FACE_BOUND('',#766,.T.);
#215=FACE_BOUND('',#767,.T.);
#216=FACE_BOUND('',#768,.T.);
#217=FACE_BOUND('',#769,.T.);
#218=FACE_BOUND('',#770,.T.);
#219=FACE_BOUND('',#771,.T.);
#220=FACE_BOUND('',#772,.T.);
#221=FACE_BOUND('',#773,.T.);
#222=FACE_BOUND('',#774,.T.);
#223=FACE_BOUND('',#775,.T.);
#224=FACE_BOUND('',#776,.T.);
#225=FACE_BOUND('',#777,.T.);
#226=FACE_BOUND('',#778,.T.);
#227=FACE_BOUND('',#779,.T.);
#228=FACE_BOUND('',#780,.T.);
#229=FACE_BOUND('',#781,.T.);
#230=FACE_BOUND('',#782,.T.);
#231=FACE_BOUND('',#783,.T.);
#232=FACE_BOUND('',#784,.T.);
#233=FACE_BOUND('',#785,.T.);
#234=FACE_BOUND('',#786,.T.);
#235=PLANE('',#3610);
#236=PLANE('',#3611);
#237=PLANE('',#3619);
#238=PLANE('',#3623);
#239=PLANE('',#3624);
#240=PLANE('',#3629);
#241=PLANE('',#3633);
#242=PLANE('',#3634);
#243=PLANE('',#3639);
#244=PLANE('',#3646);
#245=PLANE('',#3647);
#246=PLANE('',#3652);
#247=PLANE('',#3653);
#248=PLANE('',#3659);
#249=PLANE('',#3660);
#250=PLANE('',#3662);
#251=PLANE('',#3664);
#252=PLANE('',#3666);
#253=PLANE('',#3670);
#254=PLANE('',#3671);
#255=PLANE('',#3673);
#256=PLANE('',#3675);
#257=PLANE('',#3677);
#258=PLANE('',#3678);
#259=PLANE('',#3679);
#260=PLANE('',#3680);
#261=PLANE('',#3681);
#262=PLANE('',#3682);
#263=FACE_OUTER_BOUND('',#415,.T.);
#264=FACE_OUTER_BOUND('',#416,.T.);
#265=FACE_OUTER_BOUND('',#417,.T.);
#266=FACE_OUTER_BOUND('',#418,.T.);
#267=FACE_OUTER_BOUND('',#419,.T.);
#268=FACE_OUTER_BOUND('',#420,.T.);
#269=FACE_OUTER_BOUND('',#421,.T.);
#270=FACE_OUTER_BOUND('',#422,.T.);
#271=FACE_OUTER_BOUND('',#423,.T.);
#272=FACE_OUTER_BOUND('',#424,.T.);
#273=FACE_OUTER_BOUND('',#425,.T.);
#274=FACE_OUTER_BOUND('',#426,.T.);
#275=FACE_OUTER_BOUND('',#427,.T.);
#276=FACE_OUTER_BOUND('',#428,.T.);
#277=FACE_OUTER_BOUND('',#429,.T.);
#278=FACE_OUTER_BOUND('',#430,.T.);
#279=FACE_OUTER_BOUND('',#431,.T.);
#280=FACE_OUTER_BOUND('',#432,.T.);
#281=FACE_OUTER_BOUND('',#433,.T.);
#282=FACE_OUTER_BOUND('',#434,.T.);
#283=FACE_OUTER_BOUND('',#435,.T.);
#284=FACE_OUTER_BOUND('',#436,.T.);
#285=FACE_OUTER_BOUND('',#437,.T.);
#286=FACE_OUTER_BOUND('',#438,.T.);
#287=FACE_OUTER_BOUND('',#439,.T.);
#288=FACE_OUTER_BOUND('',#440,.T.);
#289=FACE_OUTER_BOUND('',#441,.T.);
#290=FACE_OUTER_BOUND('',#442,.T.);
#291=FACE_OUTER_BOUND('',#443,.T.);
#292=FACE_OUTER_BOUND('',#444,.T.);
#293=FACE_OUTER_BOUND('',#445,.T.);
#294=FACE_OUTER_BOUND('',#446,.T.);
#295=FACE_OUTER_BOUND('',#447,.T.);
#296=FACE_OUTER_BOUND('',#448,.T.);
#297=FACE_OUTER_BOUND('',#449,.T.);
#298=FACE_OUTER_BOUND('',#450,.T.);
#299=FACE_OUTER_BOUND('',#451,.T.);
#300=FACE_OUTER_BOUND('',#452,.T.);
#301=FACE_OUTER_BOUND('',#453,.T.);
#302=FACE_OUTER_BOUND('',#454,.T.);
#303=FACE_OUTER_BOUND('',#455,.T.);
#304=FACE_OUTER_BOUND('',#456,.T.);
#305=FACE_OUTER_BOUND('',#457,.T.);
#306=FACE_OUTER_BOUND('',#458,.T.);
#307=FACE_OUTER_BOUND('',#459,.T.);
#308=FACE_OUTER_BOUND('',#460,.T.);
#309=FACE_OUTER_BOUND('',#461,.T.);
#310=FACE_OUTER_BOUND('',#462,.T.);
#311=FACE_OUTER_BOUND('',#463,.T.);
#312=FACE_OUTER_BOUND('',#464,.T.);
#313=FACE_OUTER_BOUND('',#465,.T.);
#314=FACE_OUTER_BOUND('',#466,.T.);
#315=FACE_OUTER_BOUND('',#467,.T.);
#316=FACE_OUTER_BOUND('',#468,.T.);
#317=FACE_OUTER_BOUND('',#469,.T.);
#318=FACE_OUTER_BOUND('',#470,.T.);
#319=FACE_OUTER_BOUND('',#471,.T.);
#320=FACE_OUTER_BOUND('',#472,.T.);
#321=FACE_OUTER_BOUND('',#473,.T.);
#322=FACE_OUTER_BOUND('',#474,.T.);
#323=FACE_OUTER_BOUND('',#475,.T.);
#324=FACE_OUTER_BOUND('',#476,.T.);
#325=FACE_OUTER_BOUND('',#477,.T.);
#326=FACE_OUTER_BOUND('',#478,.T.);
#327=FACE_OUTER_BOUND('',#479,.T.);
#328=FACE_OUTER_BOUND('',#480,.T.);
#329=FACE_OUTER_BOUND('',#481,.T.);
#330=FACE_OUTER_BOUND('',#482,.T.);
#331=FACE_OUTER_BOUND('',#483,.T.);
#332=FACE_OUTER_BOUND('',#484,.T.);
#333=FACE_OUTER_BOUND('',#485,.T.);
#334=FACE_OUTER_BOUND('',#486,.T.);
#335=FACE_OUTER_BOUND('',#487,.T.);
#336=FACE_OUTER_BOUND('',#488,.T.);
#337=FACE_OUTER_BOUND('',#489,.T.);
#338=FACE_OUTER_BOUND('',#490,.T.);
#339=FACE_OUTER_BOUND('',#491,.T.);
#340=FACE_OUTER_BOUND('',#492,.T.);
#341=FACE_OUTER_BOUND('',#493,.T.);
#342=FACE_OUTER_BOUND('',#494,.T.);
#343=FACE_OUTER_BOUND('',#495,.T.);
#344=FACE_OUTER_BOUND('',#496,.T.);
#345=FACE_OUTER_BOUND('',#497,.T.);
#346=FACE_OUTER_BOUND('',#498,.T.);
#347=FACE_OUTER_BOUND('',#499,.T.);
#348=FACE_OUTER_BOUND('',#500,.T.);
#349=FACE_OUTER_BOUND('',#501,.T.);
#350=FACE_OUTER_BOUND('',#502,.T.);
#351=FACE_OUTER_BOUND('',#503,.T.);
#352=FACE_OUTER_BOUND('',#504,.T.);
#353=FACE_OUTER_BOUND('',#505,.T.);
#354=FACE_OUTER_BOUND('',#506,.T.);
#355=FACE_OUTER_BOUND('',#507,.T.);
#356=FACE_OUTER_BOUND('',#508,.T.);
#357=FACE_OUTER_BOUND('',#509,.T.);
#358=FACE_OUTER_BOUND('',#510,.T.);
#359=FACE_OUTER_BOUND('',#511,.T.);
#360=FACE_OUTER_BOUND('',#512,.T.);
#361=FACE_OUTER_BOUND('',#513,.T.);
#362=FACE_OUTER_BOUND('',#514,.T.);
#363=FACE_OUTER_BOUND('',#515,.T.);
#364=FACE_OUTER_BOUND('',#516,.T.);
#365=FACE_OUTER_BOUND('',#517,.T.);
#366=FACE_OUTER_BOUND('',#518,.T.);
#367=FACE_OUTER_BOUND('',#519,.T.);
#368=FACE_OUTER_BOUND('',#520,.T.);
#369=FACE_OUTER_BOUND('',#521,.T.);
#370=FACE_OUTER_BOUND('',#522,.T.);
#371=FACE_OUTER_BOUND('',#523,.T.);
#372=FACE_OUTER_BOUND('',#524,.T.);
#373=FACE_OUTER_BOUND('',#525,.T.);
#374=FACE_OUTER_BOUND('',#561,.T.);
#375=FACE_OUTER_BOUND('',#562,.T.);
#376=FACE_OUTER_BOUND('',#563,.T.);
#377=FACE_OUTER_BOUND('',#564,.T.);
#378=FACE_OUTER_BOUND('',#565,.T.);
#379=FACE_OUTER_BOUND('',#607,.T.);
#380=FACE_OUTER_BOUND('',#608,.T.);
#381=FACE_OUTER_BOUND('',#609,.T.);
#382=FACE_OUTER_BOUND('',#610,.T.);
#383=FACE_OUTER_BOUND('',#611,.T.);
#384=FACE_OUTER_BOUND('',#646,.T.);
#385=FACE_OUTER_BOUND('',#647,.T.);
#386=FACE_OUTER_BOUND('',#648,.T.);
#387=FACE_OUTER_BOUND('',#649,.T.);
#388=FACE_OUTER_BOUND('',#650,.T.);
#389=FACE_OUTER_BOUND('',#651,.T.);
#390=FACE_OUTER_BOUND('',#652,.T.);
#391=FACE_OUTER_BOUND('',#653,.T.);
#392=FACE_OUTER_BOUND('',#654,.T.);
#393=FACE_OUTER_BOUND('',#655,.T.);
#394=FACE_OUTER_BOUND('',#656,.T.);
#395=FACE_OUTER_BOUND('',#657,.T.);
#396=FACE_OUTER_BOUND('',#658,.T.);
#397=FACE_OUTER_BOUND('',#659,.T.);
#398=FACE_OUTER_BOUND('',#660,.T.);
#399=FACE_OUTER_BOUND('',#661,.T.);
#400=FACE_OUTER_BOUND('',#662,.T.);
#401=FACE_OUTER_BOUND('',#663,.T.);
#402=FACE_OUTER_BOUND('',#664,.T.);
#403=FACE_OUTER_BOUND('',#700,.T.);
#404=FACE_OUTER_BOUND('',#701,.T.);
#405=FACE_OUTER_BOUND('',#702,.T.);
#406=FACE_OUTER_BOUND('',#703,.T.);
#407=FACE_OUTER_BOUND('',#704,.T.);
#408=FACE_OUTER_BOUND('',#705,.T.);
#409=FACE_OUTER_BOUND('',#706,.T.);
#410=FACE_OUTER_BOUND('',#741,.T.);
#411=FACE_OUTER_BOUND('',#742,.T.);
#412=FACE_OUTER_BOUND('',#743,.T.);
#413=FACE_OUTER_BOUND('',#744,.T.);
#414=FACE_OUTER_BOUND('',#745,.T.);
#415=EDGE_LOOP('',(#2125,#2126,#2127,#2128));
#416=EDGE_LOOP('',(#2129,#2130,#2131,#2132));
#417=EDGE_LOOP('',(#2133,#2134,#2135,#2136));
#418=EDGE_LOOP('',(#2137,#2138,#2139,#2140));
#419=EDGE_LOOP('',(#2141,#2142,#2143,#2144));
#420=EDGE_LOOP('',(#2145,#2146,#2147,#2148));
#421=EDGE_LOOP('',(#2149,#2150,#2151,#2152));
#422=EDGE_LOOP('',(#2153,#2154,#2155,#2156));
#423=EDGE_LOOP('',(#2157,#2158,#2159,#2160));
#424=EDGE_LOOP('',(#2161,#2162,#2163,#2164));
#425=EDGE_LOOP('',(#2165,#2166,#2167,#2168));
#426=EDGE_LOOP('',(#2169,#2170,#2171,#2172));
#427=EDGE_LOOP('',(#2173,#2174,#2175,#2176));
#428=EDGE_LOOP('',(#2177,#2178,#2179,#2180));
#429=EDGE_LOOP('',(#2181,#2182,#2183,#2184));
#430=EDGE_LOOP('',(#2185,#2186,#2187,#2188));
#431=EDGE_LOOP('',(#2189,#2190,#2191,#2192));
#432=EDGE_LOOP('',(#2193,#2194,#2195,#2196));
#433=EDGE_LOOP('',(#2197,#2198,#2199,#2200));
#434=EDGE_LOOP('',(#2201,#2202,#2203,#2204));
#435=EDGE_LOOP('',(#2205,#2206,#2207,#2208));
#436=EDGE_LOOP('',(#2209,#2210,#2211,#2212));
#437=EDGE_LOOP('',(#2213,#2214,#2215,#2216));
#438=EDGE_LOOP('',(#2217,#2218,#2219,#2220));
#439=EDGE_LOOP('',(#2221,#2222,#2223,#2224));
#440=EDGE_LOOP('',(#2225,#2226,#2227,#2228));
#441=EDGE_LOOP('',(#2229,#2230,#2231,#2232));
#442=EDGE_LOOP('',(#2233,#2234,#2235,#2236));
#443=EDGE_LOOP('',(#2237,#2238,#2239,#2240));
#444=EDGE_LOOP('',(#2241,#2242,#2243,#2244));
#445=EDGE_LOOP('',(#2245,#2246,#2247,#2248));
#446=EDGE_LOOP('',(#2249,#2250,#2251,#2252));
#447=EDGE_LOOP('',(#2253,#2254,#2255,#2256));
#448=EDGE_LOOP('',(#2257,#2258,#2259,#2260));
#449=EDGE_LOOP('',(#2261,#2262,#2263,#2264));
#450=EDGE_LOOP('',(#2265,#2266,#2267,#2268));
#451=EDGE_LOOP('',(#2269,#2270,#2271,#2272));
#452=EDGE_LOOP('',(#2273,#2274,#2275,#2276));
#453=EDGE_LOOP('',(#2277,#2278,#2279,#2280));
#454=EDGE_LOOP('',(#2281,#2282,#2283,#2284));
#455=EDGE_LOOP('',(#2285,#2286,#2287,#2288));
#456=EDGE_LOOP('',(#2289,#2290,#2291,#2292));
#457=EDGE_LOOP('',(#2293,#2294,#2295,#2296));
#458=EDGE_LOOP('',(#2297,#2298,#2299,#2300));
#459=EDGE_LOOP('',(#2301,#2302,#2303,#2304));
#460=EDGE_LOOP('',(#2305,#2306,#2307,#2308));
#461=EDGE_LOOP('',(#2309,#2310,#2311,#2312));
#462=EDGE_LOOP('',(#2313,#2314,#2315,#2316));
#463=EDGE_LOOP('',(#2317,#2318,#2319,#2320));
#464=EDGE_LOOP('',(#2321,#2322,#2323,#2324));
#465=EDGE_LOOP('',(#2325,#2326,#2327,#2328));
#466=EDGE_LOOP('',(#2329,#2330,#2331,#2332));
#467=EDGE_LOOP('',(#2333,#2334,#2335,#2336));
#468=EDGE_LOOP('',(#2337,#2338,#2339,#2340));
#469=EDGE_LOOP('',(#2341,#2342,#2343,#2344));
#470=EDGE_LOOP('',(#2345,#2346,#2347,#2348));
#471=EDGE_LOOP('',(#2349,#2350,#2351,#2352));
#472=EDGE_LOOP('',(#2353,#2354,#2355,#2356));
#473=EDGE_LOOP('',(#2357,#2358,#2359,#2360));
#474=EDGE_LOOP('',(#2361,#2362,#2363,#2364));
#475=EDGE_LOOP('',(#2365,#2366,#2367,#2368));
#476=EDGE_LOOP('',(#2369,#2370,#2371,#2372));
#477=EDGE_LOOP('',(#2373,#2374,#2375,#2376));
#478=EDGE_LOOP('',(#2377,#2378,#2379,#2380));
#479=EDGE_LOOP('',(#2381,#2382,#2383,#2384));
#480=EDGE_LOOP('',(#2385,#2386,#2387,#2388));
#481=EDGE_LOOP('',(#2389,#2390,#2391,#2392));
#482=EDGE_LOOP('',(#2393,#2394,#2395,#2396));
#483=EDGE_LOOP('',(#2397,#2398,#2399,#2400));
#484=EDGE_LOOP('',(#2401,#2402,#2403,#2404));
#485=EDGE_LOOP('',(#2405,#2406,#2407,#2408));
#486=EDGE_LOOP('',(#2409,#2410,#2411,#2412));
#487=EDGE_LOOP('',(#2413,#2414,#2415,#2416));
#488=EDGE_LOOP('',(#2417,#2418,#2419,#2420));
#489=EDGE_LOOP('',(#2421,#2422,#2423,#2424));
#490=EDGE_LOOP('',(#2425,#2426,#2427,#2428));
#491=EDGE_LOOP('',(#2429,#2430,#2431,#2432));
#492=EDGE_LOOP('',(#2433,#2434,#2435,#2436));
#493=EDGE_LOOP('',(#2437,#2438,#2439,#2440));
#494=EDGE_LOOP('',(#2441,#2442,#2443,#2444));
#495=EDGE_LOOP('',(#2445,#2446,#2447,#2448));
#496=EDGE_LOOP('',(#2449,#2450,#2451,#2452));
#497=EDGE_LOOP('',(#2453,#2454,#2455,#2456));
#498=EDGE_LOOP('',(#2457,#2458,#2459,#2460));
#499=EDGE_LOOP('',(#2461,#2462,#2463,#2464));
#500=EDGE_LOOP('',(#2465,#2466,#2467,#2468));
#501=EDGE_LOOP('',(#2469,#2470,#2471,#2472));
#502=EDGE_LOOP('',(#2473,#2474,#2475,#2476));
#503=EDGE_LOOP('',(#2477,#2478,#2479,#2480));
#504=EDGE_LOOP('',(#2481,#2482,#2483,#2484));
#505=EDGE_LOOP('',(#2485,#2486,#2487,#2488));
#506=EDGE_LOOP('',(#2489,#2490,#2491,#2492));
#507=EDGE_LOOP('',(#2493,#2494,#2495,#2496));
#508=EDGE_LOOP('',(#2497,#2498,#2499,#2500));
#509=EDGE_LOOP('',(#2501,#2502,#2503,#2504));
#510=EDGE_LOOP('',(#2505,#2506,#2507,#2508));
#511=EDGE_LOOP('',(#2509,#2510,#2511,#2512));
#512=EDGE_LOOP('',(#2513,#2514,#2515,#2516));
#513=EDGE_LOOP('',(#2517,#2518,#2519,#2520));
#514=EDGE_LOOP('',(#2521,#2522,#2523,#2524));
#515=EDGE_LOOP('',(#2525,#2526,#2527,#2528));
#516=EDGE_LOOP('',(#2529,#2530,#2531,#2532));
#517=EDGE_LOOP('',(#2533,#2534,#2535,#2536));
#518=EDGE_LOOP('',(#2537,#2538,#2539,#2540));
#519=EDGE_LOOP('',(#2541,#2542,#2543,#2544));
#520=EDGE_LOOP('',(#2545,#2546,#2547,#2548));
#521=EDGE_LOOP('',(#2549,#2550,#2551,#2552));
#522=EDGE_LOOP('',(#2553,#2554,#2555,#2556));
#523=EDGE_LOOP('',(#2557,#2558,#2559,#2560));
#524=EDGE_LOOP('',(#2561,#2562,#2563,#2564));
#525=EDGE_LOOP('',(#2565,#2566,#2567,#2568,#2569,#2570,#2571,#2572,#2573,
#2574,#2575,#2576));
#526=EDGE_LOOP('',(#2577));
#527=EDGE_LOOP('',(#2578));
#528=EDGE_LOOP('',(#2579));
#529=EDGE_LOOP('',(#2580));
#530=EDGE_LOOP('',(#2581));
#531=EDGE_LOOP('',(#2582));
#532=EDGE_LOOP('',(#2583));
#533=EDGE_LOOP('',(#2584));
#534=EDGE_LOOP('',(#2585));
#535=EDGE_LOOP('',(#2586));
#536=EDGE_LOOP('',(#2587));
#537=EDGE_LOOP('',(#2588));
#538=EDGE_LOOP('',(#2589));
#539=EDGE_LOOP('',(#2590));
#540=EDGE_LOOP('',(#2591));
#541=EDGE_LOOP('',(#2592));
#542=EDGE_LOOP('',(#2593));
#543=EDGE_LOOP('',(#2594));
#544=EDGE_LOOP('',(#2595));
#545=EDGE_LOOP('',(#2596));
#546=EDGE_LOOP('',(#2597));
#547=EDGE_LOOP('',(#2598));
#548=EDGE_LOOP('',(#2599));
#549=EDGE_LOOP('',(#2600));
#550=EDGE_LOOP('',(#2601));
#551=EDGE_LOOP('',(#2602));
#552=EDGE_LOOP('',(#2603));
#553=EDGE_LOOP('',(#2604));
#554=EDGE_LOOP('',(#2605));
#555=EDGE_LOOP('',(#2606));
#556=EDGE_LOOP('',(#2607));
#557=EDGE_LOOP('',(#2608));
#558=EDGE_LOOP('',(#2609));
#559=EDGE_LOOP('',(#2610));
#560=EDGE_LOOP('',(#2611));
#561=EDGE_LOOP('',(#2612,#2613,#2614,#2615));
#562=EDGE_LOOP('',(#2616,#2617,#2618,#2619));
#563=EDGE_LOOP('',(#2620,#2621,#2622,#2623));
#564=EDGE_LOOP('',(#2624,#2625,#2626,#2627));
#565=EDGE_LOOP('',(#2628,#2629,#2630,#2631,#2632,#2633,#2634,#2635,#2636,
#2637));
#566=EDGE_LOOP('',(#2638));
#567=EDGE_LOOP('',(#2639));
#568=EDGE_LOOP('',(#2640));
#569=EDGE_LOOP('',(#2641));
#570=EDGE_LOOP('',(#2642));
#571=EDGE_LOOP('',(#2643));
#572=EDGE_LOOP('',(#2644));
#573=EDGE_LOOP('',(#2645));
#574=EDGE_LOOP('',(#2646));
#575=EDGE_LOOP('',(#2647));
#576=EDGE_LOOP('',(#2648));
#577=EDGE_LOOP('',(#2649));
#578=EDGE_LOOP('',(#2650));
#579=EDGE_LOOP('',(#2651));
#580=EDGE_LOOP('',(#2652));
#581=EDGE_LOOP('',(#2653));
#582=EDGE_LOOP('',(#2654));
#583=EDGE_LOOP('',(#2655));
#584=EDGE_LOOP('',(#2656));
#585=EDGE_LOOP('',(#2657));
#586=EDGE_LOOP('',(#2658));
#587=EDGE_LOOP('',(#2659));
#588=EDGE_LOOP('',(#2660));
#589=EDGE_LOOP('',(#2661));
#590=EDGE_LOOP('',(#2662));
#591=EDGE_LOOP('',(#2663));
#592=EDGE_LOOP('',(#2664));
#593=EDGE_LOOP('',(#2665));
#594=EDGE_LOOP('',(#2666));
#595=EDGE_LOOP('',(#2667));
#596=EDGE_LOOP('',(#2668));
#597=EDGE_LOOP('',(#2669));
#598=EDGE_LOOP('',(#2670));
#599=EDGE_LOOP('',(#2671));
#600=EDGE_LOOP('',(#2672));
#601=EDGE_LOOP('',(#2673));
#602=EDGE_LOOP('',(#2674));
#603=EDGE_LOOP('',(#2675));
#604=EDGE_LOOP('',(#2676));
#605=EDGE_LOOP('',(#2677));
#606=EDGE_LOOP('',(#2678));
#607=EDGE_LOOP('',(#2679,#2680,#2681,#2682));
#608=EDGE_LOOP('',(#2683,#2684,#2685,#2686));
#609=EDGE_LOOP('',(#2687,#2688,#2689,#2690));
#610=EDGE_LOOP('',(#2691,#2692,#2693,#2694));
#611=EDGE_LOOP('',(#2695,#2696,#2697,#2698,#2699,#2700,#2701,#2702,#2703,
#2704));
#612=EDGE_LOOP('',(#2705));
#613=EDGE_LOOP('',(#2706));
#614=EDGE_LOOP('',(#2707));
#615=EDGE_LOOP('',(#2708));
#616=EDGE_LOOP('',(#2709));
#617=EDGE_LOOP('',(#2710));
#618=EDGE_LOOP('',(#2711));
#619=EDGE_LOOP('',(#2712));
#620=EDGE_LOOP('',(#2713));
#621=EDGE_LOOP('',(#2714));
#622=EDGE_LOOP('',(#2715));
#623=EDGE_LOOP('',(#2716));
#624=EDGE_LOOP('',(#2717));
#625=EDGE_LOOP('',(#2718));
#626=EDGE_LOOP('',(#2719));
#627=EDGE_LOOP('',(#2720));
#628=EDGE_LOOP('',(#2721));
#629=EDGE_LOOP('',(#2722));
#630=EDGE_LOOP('',(#2723));
#631=EDGE_LOOP('',(#2724));
#632=EDGE_LOOP('',(#2725));
#633=EDGE_LOOP('',(#2726));
#634=EDGE_LOOP('',(#2727));
#635=EDGE_LOOP('',(#2728));
#636=EDGE_LOOP('',(#2729));
#637=EDGE_LOOP('',(#2730));
#638=EDGE_LOOP('',(#2731));
#639=EDGE_LOOP('',(#2732));
#640=EDGE_LOOP('',(#2733));
#641=EDGE_LOOP('',(#2734));
#642=EDGE_LOOP('',(#2735));
#643=EDGE_LOOP('',(#2736));
#644=EDGE_LOOP('',(#2737));
#645=EDGE_LOOP('',(#2738));
#646=EDGE_LOOP('',(#2739,#2740,#2741,#2742));
#647=EDGE_LOOP('',(#2743,#2744,#2745,#2746));
#648=EDGE_LOOP('',(#2747,#2748,#2749,#2750));
#649=EDGE_LOOP('',(#2751,#2752,#2753,#2754));
#650=EDGE_LOOP('',(#2755,#2756,#2757,#2758));
#651=EDGE_LOOP('',(#2759,#2760,#2761,#2762));
#652=EDGE_LOOP('',(#2763,#2764,#2765,#2766));
#653=EDGE_LOOP('',(#2767,#2768,#2769,#2770));
#654=EDGE_LOOP('',(#2771,#2772,#2773,#2774));
#655=EDGE_LOOP('',(#2775,#2776,#2777,#2778));
#656=EDGE_LOOP('',(#2779,#2780,#2781,#2782));
#657=EDGE_LOOP('',(#2783,#2784,#2785,#2786));
#658=EDGE_LOOP('',(#2787,#2788,#2789,#2790));
#659=EDGE_LOOP('',(#2791,#2792,#2793,#2794));
#660=EDGE_LOOP('',(#2795,#2796,#2797,#2798));
#661=EDGE_LOOP('',(#2799,#2800,#2801,#2802));
#662=EDGE_LOOP('',(#2803,#2804,#2805,#2806));
#663=EDGE_LOOP('',(#2807,#2808,#2809,#2810));
#664=EDGE_LOOP('',(#2811,#2812,#2813,#2814,#2815,#2816,#2817,#2818,#2819,
#2820,#2821,#2822));
#665=EDGE_LOOP('',(#2823));
#666=EDGE_LOOP('',(#2824));
#667=EDGE_LOOP('',(#2825));
#668=EDGE_LOOP('',(#2826));
#669=EDGE_LOOP('',(#2827));
#670=EDGE_LOOP('',(#2828));
#671=EDGE_LOOP('',(#2829));
#672=EDGE_LOOP('',(#2830));
#673=EDGE_LOOP('',(#2831));
#674=EDGE_LOOP('',(#2832));
#675=EDGE_LOOP('',(#2833));
#676=EDGE_LOOP('',(#2834));
#677=EDGE_LOOP('',(#2835));
#678=EDGE_LOOP('',(#2836));
#679=EDGE_LOOP('',(#2837));
#680=EDGE_LOOP('',(#2838));
#681=EDGE_LOOP('',(#2839));
#682=EDGE_LOOP('',(#2840));
#683=EDGE_LOOP('',(#2841));
#684=EDGE_LOOP('',(#2842));
#685=EDGE_LOOP('',(#2843));
#686=EDGE_LOOP('',(#2844));
#687=EDGE_LOOP('',(#2845));
#688=EDGE_LOOP('',(#2846));
#689=EDGE_LOOP('',(#2847));
#690=EDGE_LOOP('',(#2848));
#691=EDGE_LOOP('',(#2849));
#692=EDGE_LOOP('',(#2850));
#693=EDGE_LOOP('',(#2851));
#694=EDGE_LOOP('',(#2852));
#695=EDGE_LOOP('',(#2853));
#696=EDGE_LOOP('',(#2854));
#697=EDGE_LOOP('',(#2855));
#698=EDGE_LOOP('',(#2856));
#699=EDGE_LOOP('',(#2857));
#700=EDGE_LOOP('',(#2858,#2859,#2860,#2861));
#701=EDGE_LOOP('',(#2862,#2863,#2864,#2865));
#702=EDGE_LOOP('',(#2866,#2867,#2868,#2869));
#703=EDGE_LOOP('',(#2870,#2871,#2872,#2873));
#704=EDGE_LOOP('',(#2874,#2875,#2876,#2877));
#705=EDGE_LOOP('',(#2878,#2879,#2880,#2881));
#706=EDGE_LOOP('',(#2882,#2883,#2884,#2885,#2886,#2887,#2888,#2889,#2890,
#2891));
#707=EDGE_LOOP('',(#2892));
#708=EDGE_LOOP('',(#2893));
#709=EDGE_LOOP('',(#2894));
#710=EDGE_LOOP('',(#2895));
#711=EDGE_LOOP('',(#2896));
#712=EDGE_LOOP('',(#2897));
#713=EDGE_LOOP('',(#2898));
#714=EDGE_LOOP('',(#2899));
#715=EDGE_LOOP('',(#2900));
#716=EDGE_LOOP('',(#2901));
#717=EDGE_LOOP('',(#2902));
#718=EDGE_LOOP('',(#2903));
#719=EDGE_LOOP('',(#2904));
#720=EDGE_LOOP('',(#2905));
#721=EDGE_LOOP('',(#2906));
#722=EDGE_LOOP('',(#2907));
#723=EDGE_LOOP('',(#2908));
#724=EDGE_LOOP('',(#2909));
#725=EDGE_LOOP('',(#2910));
#726=EDGE_LOOP('',(#2911));
#727=EDGE_LOOP('',(#2912));
#728=EDGE_LOOP('',(#2913));
#729=EDGE_LOOP('',(#2914));
#730=EDGE_LOOP('',(#2915));
#731=EDGE_LOOP('',(#2916));
#732=EDGE_LOOP('',(#2917));
#733=EDGE_LOOP('',(#2918));
#734=EDGE_LOOP('',(#2919));
#735=EDGE_LOOP('',(#2920));
#736=EDGE_LOOP('',(#2921));
#737=EDGE_LOOP('',(#2922));
#738=EDGE_LOOP('',(#2923));
#739=EDGE_LOOP('',(#2924));
#740=EDGE_LOOP('',(#2925));
#741=EDGE_LOOP('',(#2926,#2927,#2928,#2929));
#742=EDGE_LOOP('',(#2930,#2931,#2932,#2933));
#743=EDGE_LOOP('',(#2934,#2935,#2936,#2937));
#744=EDGE_LOOP('',(#2938,#2939,#2940,#2941));
#745=EDGE_LOOP('',(#2942,#2943,#2944,#2945,#2946,#2947,#2948,#2949,#2950,
#2951));
#746=EDGE_LOOP('',(#2952));
#747=EDGE_LOOP('',(#2953));
#748=EDGE_LOOP('',(#2954));
#749=EDGE_LOOP('',(#2955));
#750=EDGE_LOOP('',(#2956));
#751=EDGE_LOOP('',(#2957));
#752=EDGE_LOOP('',(#2958));
#753=EDGE_LOOP('',(#2959));
#754=EDGE_LOOP('',(#2960));
#755=EDGE_LOOP('',(#2961));
#756=EDGE_LOOP('',(#2962));
#757=EDGE_LOOP('',(#2963));
#758=EDGE_LOOP('',(#2964));
#759=EDGE_LOOP('',(#2965));
#760=EDGE_LOOP('',(#2966));
#761=EDGE_LOOP('',(#2967));
#762=EDGE_LOOP('',(#2968));
#763=EDGE_LOOP('',(#2969));
#764=EDGE_LOOP('',(#2970));
#765=EDGE_LOOP('',(#2971));
#766=EDGE_LOOP('',(#2972));
#767=EDGE_LOOP('',(#2973));
#768=EDGE_LOOP('',(#2974));
#769=EDGE_LOOP('',(#2975));
#770=EDGE_LOOP('',(#2976));
#771=EDGE_LOOP('',(#2977));
#772=EDGE_LOOP('',(#2978));
#773=EDGE_LOOP('',(#2979));
#774=EDGE_LOOP('',(#2980));
#775=EDGE_LOOP('',(#2981));
#776=EDGE_LOOP('',(#2982));
#777=EDGE_LOOP('',(#2983));
#778=EDGE_LOOP('',(#2984));
#779=EDGE_LOOP('',(#2985));
#780=EDGE_LOOP('',(#2986));
#781=EDGE_LOOP('',(#2987));
#782=EDGE_LOOP('',(#2988));
#783=EDGE_LOOP('',(#2989));
#784=EDGE_LOOP('',(#2990));
#785=EDGE_LOOP('',(#2991));
#786=EDGE_LOOP('',(#2992));
#787=LINE('',#4676,#973);
#788=LINE('',#4682,#974);
#789=LINE('',#4688,#975);
#790=LINE('',#4694,#976);
#791=LINE('',#4700,#977);
#792=LINE('',#4706,#978);
#793=LINE('',#4712,#979);
#794=LINE('',#4718,#980);
#795=LINE('',#4724,#981);
#796=LINE('',#4730,#982);
#797=LINE('',#4736,#983);
#798=LINE('',#4742,#984);
#799=LINE('',#4748,#985);
#800=LINE('',#4754,#986);
#801=LINE('',#4760,#987);
#802=LINE('',#4766,#988);
#803=LINE('',#4772,#989);
#804=LINE('',#4778,#990);
#805=LINE('',#4784,#991);
#806=LINE('',#4790,#992);
#807=LINE('',#4796,#993);
#808=LINE('',#4802,#994);
#809=LINE('',#4808,#995);
#810=LINE('',#4814,#996);
#811=LINE('',#4820,#997);
#812=LINE('',#4826,#998);
#813=LINE('',#4832,#999);
#814=LINE('',#4838,#1000);
#815=LINE('',#4844,#1001);
#816=LINE('',#4850,#1002);
#817=LINE('',#4856,#1003);
#818=LINE('',#4862,#1004);
#819=LINE('',#4868,#1005);
#820=LINE('',#4874,#1006);
#821=LINE('',#4880,#1007);
#822=LINE('',#4886,#1008);
#823=LINE('',#4892,#1009);
#824=LINE('',#4898,#1010);
#825=LINE('',#4904,#1011);
#826=LINE('',#4910,#1012);
#827=LINE('',#4916,#1013);
#828=LINE('',#4922,#1014);
#829=LINE('',#4928,#1015);
#830=LINE('',#4934,#1016);
#831=LINE('',#4940,#1017);
#832=LINE('',#4946,#1018);
#833=LINE('',#4952,#1019);
#834=LINE('',#4958,#1020);
#835=LINE('',#4964,#1021);
#836=LINE('',#4970,#1022);
#837=LINE('',#4976,#1023);
#838=LINE('',#4982,#1024);
#839=LINE('',#4988,#1025);
#840=LINE('',#4994,#1026);
#841=LINE('',#5000,#1027);
#842=LINE('',#5006,#1028);
#843=LINE('',#5012,#1029);
#844=LINE('',#5018,#1030);
#845=LINE('',#5024,#1031);
#846=LINE('',#5030,#1032);
#847=LINE('',#5036,#1033);
#848=LINE('',#5042,#1034);
#849=LINE('',#5048,#1035);
#850=LINE('',#5054,#1036);
#851=LINE('',#5060,#1037);
#852=LINE('',#5066,#1038);
#853=LINE('',#5072,#1039);
#854=LINE('',#5078,#1040);
#855=LINE('',#5084,#1041);
#856=LINE('',#5090,#1042);
#857=LINE('',#5096,#1043);
#858=LINE('',#5102,#1044);
#859=LINE('',#5108,#1045);
#860=LINE('',#5114,#1046);
#861=LINE('',#5120,#1047);
#862=LINE('',#5126,#1048);
#863=LINE('',#5132,#1049);
#864=LINE('',#5138,#1050);
#865=LINE('',#5144,#1051);
#866=LINE('',#5150,#1052);
#867=LINE('',#5156,#1053);
#868=LINE('',#5162,#1054);
#869=LINE('',#5168,#1055);
#870=LINE('',#5174,#1056);
#871=LINE('',#5180,#1057);
#872=LINE('',#5186,#1058);
#873=LINE('',#5192,#1059);
#874=LINE('',#5198,#1060);
#875=LINE('',#5204,#1061);
#876=LINE('',#5210,#1062);
#877=LINE('',#5216,#1063);
#878=LINE('',#5222,#1064);
#879=LINE('',#5228,#1065);
#880=LINE('',#5234,#1066);
#881=LINE('',#5240,#1067);
#882=LINE('',#5246,#1068);
#883=LINE('',#5252,#1069);
#884=LINE('',#5258,#1070);
#885=LINE('',#5264,#1071);
#886=LINE('',#5270,#1072);
#887=LINE('',#5276,#1073);
#888=LINE('',#5282,#1074);
#889=LINE('',#5288,#1075);
#890=LINE('',#5294,#1076);
#891=LINE('',#5300,#1077);
#892=LINE('',#5306,#1078);
#893=LINE('',#5312,#1079);
#894=LINE('',#5318,#1080);
#895=LINE('',#5325,#1081);
#896=LINE('',#5328,#1082);
#897=LINE('',#5331,#1083);
#898=LINE('',#5333,#1084);
#899=LINE('',#5334,#1085);
#900=LINE('',#5338,#1086);
#901=LINE('',#5341,#1087);
#902=LINE('',#5343,#1088);
#903=LINE('',#5345,#1089);
#904=LINE('',#5349,#1090);
#905=LINE('',#5353,#1091);
#906=LINE('',#5361,#1092);
#907=LINE('',#5362,#1093);
#908=LINE('',#5365,#1094);
#909=LINE('',#5366,#1095);
#910=LINE('',#5372,#1096);
#911=LINE('',#5375,#1097);
#912=LINE('',#5378,#1098);
#913=LINE('',#5380,#1099);
#914=LINE('',#5381,#1100);
#915=LINE('',#5384,#1101);
#916=LINE('',#5386,#1102);
#917=LINE('',#5388,#1103);
#918=LINE('',#5390,#1104);
#919=LINE('',#5392,#1105);
#920=LINE('',#5396,#1106);
#921=LINE('',#5397,#1107);
#922=LINE('',#5404,#1108);
#923=LINE('',#5405,#1109);
#924=LINE('',#5408,#1110);
#925=LINE('',#5409,#1111);
#926=LINE('',#5415,#1112);
#927=LINE('',#5418,#1113);
#928=LINE('',#5421,#1114);
#929=LINE('',#5423,#1115);
#930=LINE('',#5424,#1116);
#931=LINE('',#5427,#1117);
#932=LINE('',#5431,#1118);
#933=LINE('',#5435,#1119);
#934=LINE('',#5437,#1120);
#935=LINE('',#5439,#1121);
#936=LINE('',#5440,#1122);
#937=LINE('',#5445,#1123);
#938=LINE('',#5446,#1124);
#939=LINE('',#5449,#1125);
#940=LINE('',#5450,#1126);
#941=LINE('',#5454,#1127);
#942=LINE('',#5458,#1128);
#943=LINE('',#5462,#1129);
#944=LINE('',#5465,#1130);
#945=LINE('',#5466,#1131);
#946=LINE('',#5469,#1132);
#947=LINE('',#5470,#1133);
#948=LINE('',#5475,#1134);
#949=LINE('',#5479,#1135);
#950=LINE('',#5480,#1136);
#951=LINE('',#5483,#1137);
#952=LINE('',#5484,#1138);
#953=LINE('',#5490,#1139);
#954=LINE('',#5494,#1140);
#955=LINE('',#5495,#1141);
#956=LINE('',#5497,#1142);
#957=LINE('',#5502,#1143);
#958=LINE('',#5504,#1144);
#959=LINE('',#5509,#1145);
#960=LINE('',#5513,#1146);
#961=LINE('',#5514,#1147);
#962=LINE('',#5516,#1148);
#963=LINE('',#5519,#1149);
#964=LINE('',#5522,#1150);
#965=LINE('',#5525,#1151);
#966=LINE('',#5527,#1152);
#967=LINE('',#5531,#1153);
#968=LINE('',#5532,#1154);
#969=LINE('',#5535,#1155);
#970=LINE('',#5536,#1156);
#971=LINE('',#5538,#1157);
#972=LINE('',#5540,#1158);
#973=VECTOR('',#3689,2.5);
#974=VECTOR('',#3696,2.5);
#975=VECTOR('',#3703,2.5);
#976=VECTOR('',#3710,2.5);
#977=VECTOR('',#3717,2.5);
#978=VECTOR('',#3724,2.5);
#979=VECTOR('',#3731,2.5);
#980=VECTOR('',#3738,2.5);
#981=VECTOR('',#3745,2.5);
#982=VECTOR('',#3752,2.5);
#983=VECTOR('',#3759,2.5);
#984=VECTOR('',#3766,2.5);
#985=VECTOR('',#3773,2.5);
#986=VECTOR('',#3780,2.5);
#987=VECTOR('',#3787,2.5);
#988=VECTOR('',#3794,2.5);
#989=VECTOR('',#3801,2.5);
#990=VECTOR('',#3808,2.5);
#991=VECTOR('',#3815,2.5);
#992=VECTOR('',#3822,2.5);
#993=VECTOR('',#3829,2.5);
#994=VECTOR('',#3836,2.5);
#995=VECTOR('',#3843,2.5);
#996=VECTOR('',#3850,2.5);
#997=VECTOR('',#3857,2.5);
#998=VECTOR('',#3864,2.5);
#999=VECTOR('',#3871,2.5);
#1000=VECTOR('',#3878,2.5);
#1001=VECTOR('',#3885,2.5);
#1002=VECTOR('',#3892,2.5);
#1003=VECTOR('',#3899,2.5);
#1004=VECTOR('',#3906,2.5);
#1005=VECTOR('',#3913,2.5);
#1006=VECTOR('',#3920,2.5);
#1007=VECTOR('',#3927,2.5);
#1008=VECTOR('',#3934,2.5);
#1009=VECTOR('',#3941,2.5);
#1010=VECTOR('',#3948,2.5);
#1011=VECTOR('',#3955,2.5);
#1012=VECTOR('',#3962,2.5);
#1013=VECTOR('',#3969,2.5);
#1014=VECTOR('',#3976,2.5);
#1015=VECTOR('',#3983,2.5);
#1016=VECTOR('',#3990,2.5);
#1017=VECTOR('',#3997,2.5);
#1018=VECTOR('',#4004,2.5);
#1019=VECTOR('',#4011,2.5);
#1020=VECTOR('',#4018,2.5);
#1021=VECTOR('',#4025,2.5);
#1022=VECTOR('',#4032,2.5);
#1023=VECTOR('',#4039,2.5);
#1024=VECTOR('',#4046,2.5);
#1025=VECTOR('',#4053,2.5);
#1026=VECTOR('',#4060,2.5);
#1027=VECTOR('',#4067,2.5);
#1028=VECTOR('',#4074,2.5);
#1029=VECTOR('',#4081,2.5);
#1030=VECTOR('',#4088,2.5);
#1031=VECTOR('',#4095,2.5);
#1032=VECTOR('',#4102,2.5);
#1033=VECTOR('',#4109,2.5);
#1034=VECTOR('',#4116,2.5);
#1035=VECTOR('',#4123,2.5);
#1036=VECTOR('',#4130,2.5);
#1037=VECTOR('',#4137,2.5);
#1038=VECTOR('',#4144,2.5);
#1039=VECTOR('',#4151,2.5);
#1040=VECTOR('',#4158,2.5);
#1041=VECTOR('',#4165,2.5);
#1042=VECTOR('',#4172,2.5);
#1043=VECTOR('',#4179,2.5);
#1044=VECTOR('',#4186,2.5);
#1045=VECTOR('',#4193,2.5);
#1046=VECTOR('',#4200,2.5);
#1047=VECTOR('',#4207,2.5);
#1048=VECTOR('',#4214,2.5);
#1049=VECTOR('',#4221,2.5);
#1050=VECTOR('',#4228,2.5);
#1051=VECTOR('',#4235,2.5);
#1052=VECTOR('',#4242,2.5);
#1053=VECTOR('',#4249,2.5);
#1054=VECTOR('',#4256,2.5);
#1055=VECTOR('',#4263,2.5);
#1056=VECTOR('',#4270,2.5);
#1057=VECTOR('',#4277,2.5);
#1058=VECTOR('',#4284,2.5);
#1059=VECTOR('',#4291,2.5);
#1060=VECTOR('',#4298,2.5);
#1061=VECTOR('',#4305,2.5);
#1062=VECTOR('',#4312,2.5);
#1063=VECTOR('',#4319,2.5);
#1064=VECTOR('',#4326,2.5);
#1065=VECTOR('',#4333,2.5);
#1066=VECTOR('',#4340,2.5);
#1067=VECTOR('',#4347,2.5);
#1068=VECTOR('',#4354,2.5);
#1069=VECTOR('',#4361,2.5);
#1070=VECTOR('',#4368,2.5);
#1071=VECTOR('',#4375,2.5);
#1072=VECTOR('',#4382,2.5);
#1073=VECTOR('',#4389,2.5);
#1074=VECTOR('',#4396,2.5);
#1075=VECTOR('',#4403,2.5);
#1076=VECTOR('',#4410,2.5);
#1077=VECTOR('',#4417,2.5);
#1078=VECTOR('',#4424,2.5);
#1079=VECTOR('',#4431,2.5);
#1080=VECTOR('',#4438,2.5);
#1081=VECTOR('',#4445,10.);
#1082=VECTOR('',#4448,10.);
#1083=VECTOR('',#4451,10.);
#1084=VECTOR('',#4452,10.);
#1085=VECTOR('',#4453,10.);
#1086=VECTOR('',#4456,10.);
#1087=VECTOR('',#4459,2.15999999999997);
#1088=VECTOR('',#4460,10.);
#1089=VECTOR('',#4461,2.15999999999997);
#1090=VECTOR('',#4464,10.);
#1091=VECTOR('',#4467,10.);
#1092=VECTOR('',#4476,10.);
#1093=VECTOR('',#4477,10.);
#1094=VECTOR('',#4480,10.);
#1095=VECTOR('',#4481,10.);
#1096=VECTOR('',#4486,10.);
#1097=VECTOR('',#4489,10.);
#1098=VECTOR('',#4492,10.);
#1099=VECTOR('',#4493,10.);
#1100=VECTOR('',#4494,10.);
#1101=VECTOR('',#4497,10.);
#1102=VECTOR('',#4498,10.);
#1103=VECTOR('',#4499,10.);
#1104=VECTOR('',#4500,10.);
#1105=VECTOR('',#4501,10.);
#1106=VECTOR('',#4504,10.);
#1107=VECTOR('',#4505,10.);
#1108=VECTOR('',#4512,10.);
#1109=VECTOR('',#4513,10.);
#1110=VECTOR('',#4516,10.);
#1111=VECTOR('',#4517,10.);
#1112=VECTOR('',#4522,10.);
#1113=VECTOR('',#4525,10.);
#1114=VECTOR('',#4528,10.);
#1115=VECTOR('',#4529,10.);
#1116=VECTOR('',#4530,10.);
#1117=VECTOR('',#4533,10.);
#1118=VECTOR('',#4536,10.);
#1119=VECTOR('',#4539,10.);
#1120=VECTOR('',#4540,2.15999999999997);
#1121=VECTOR('',#4541,10.);
#1122=VECTOR('',#4542,2.15999999999997);
#1123=VECTOR('',#4547,10.);
#1124=VECTOR('',#4548,10.);
#1125=VECTOR('',#4551,10.);
#1126=VECTOR('',#4552,10.);
#1127=VECTOR('',#4557,10.);
#1128=VECTOR('',#4562,10.);
#1129=VECTOR('',#4567,25.);
#1130=VECTOR('',#4570,10.);
#1131=VECTOR('',#4571,10.);
#1132=VECTOR('',#4574,10.);
#1133=VECTOR('',#4575,10.);
#1134=VECTOR('',#4582,25.);
#1135=VECTOR('',#4587,10.);
#1136=VECTOR('',#4588,10.);
#1137=VECTOR('',#4591,10.);
#1138=VECTOR('',#4592,10.);
#1139=VECTOR('',#4599,10.);
#1140=VECTOR('',#4606,2.15999999999997);
#1141=VECTOR('',#4607,10.);
#1142=VECTOR('',#4610,10.);
#1143=VECTOR('',#4619,10.);
#1144=VECTOR('',#4622,10.);
#1145=VECTOR('',#4627,10.);
#1146=VECTOR('',#4634,10.);
#1147=VECTOR('',#4635,2.15999999999997);
#1148=VECTOR('',#4638,10.);
#1149=VECTOR('',#4641,10.);
#1150=VECTOR('',#4644,10.);
#1151=VECTOR('',#4649,10.);
#1152=VECTOR('',#4652,10.);
#1153=VECTOR('',#4657,10.);
#1154=VECTOR('',#4658,10.);
#1155=VECTOR('',#4661,10.);
#1156=VECTOR('',#4662,10.);
#1157=VECTOR('',#4665,10.);
#1158=VECTOR('',#4668,10.);
#1159=CIRCLE('',#3284,2.5);
#1160=CIRCLE('',#3285,2.50000000000004);
#1161=CIRCLE('',#3287,2.5);
#1162=CIRCLE('',#3288,2.50000000000004);
#1163=CIRCLE('',#3290,2.5);
#1164=CIRCLE('',#3291,2.50000000000004);
#1165=CIRCLE('',#3293,2.5);
#1166=CIRCLE('',#3294,2.50000000000004);
#1167=CIRCLE('',#3296,2.5);
#1168=CIRCLE('',#3297,2.50000000000004);
#1169=CIRCLE('',#3299,2.5);
#1170=CIRCLE('',#3300,2.50000000000004);
#1171=CIRCLE('',#3302,2.5);
#1172=CIRCLE('',#3303,2.50000000000004);
#1173=CIRCLE('',#3305,2.5);
#1174=CIRCLE('',#3306,2.50000000000004);
#1175=CIRCLE('',#3308,2.5);
#1176=CIRCLE('',#3309,2.50000000000004);
#1177=CIRCLE('',#3311,2.5);
#1178=CIRCLE('',#3312,2.50000000000004);
#1179=CIRCLE('',#3314,2.5);
#1180=CIRCLE('',#3315,2.50000000000004);
#1181=CIRCLE('',#3317,2.5);
#1182=CIRCLE('',#3318,2.50000000000004);
#1183=CIRCLE('',#3320,2.5);
#1184=CIRCLE('',#3321,2.50000000000004);
#1185=CIRCLE('',#3323,2.5);
#1186=CIRCLE('',#3324,2.50000000000004);
#1187=CIRCLE('',#3326,2.5);
#1188=CIRCLE('',#3327,2.50000000000004);
#1189=CIRCLE('',#3329,2.5);
#1190=CIRCLE('',#3330,2.50000000000004);
#1191=CIRCLE('',#3332,2.5);
#1192=CIRCLE('',#3333,2.50000000000004);
#1193=CIRCLE('',#3335,2.5);
#1194=CIRCLE('',#3336,2.50000000000004);
#1195=CIRCLE('',#3338,2.5);
#1196=CIRCLE('',#3339,2.50000000000004);
#1197=CIRCLE('',#3341,2.5);
#1198=CIRCLE('',#3342,2.50000000000004);
#1199=CIRCLE('',#3344,2.5);
#1200=CIRCLE('',#3345,2.50000000000004);
#1201=CIRCLE('',#3347,2.5);
#1202=CIRCLE('',#3348,2.50000000000004);
#1203=CIRCLE('',#3350,2.5);
#1204=CIRCLE('',#3351,2.50000000000004);
#1205=CIRCLE('',#3353,2.5);
#1206=CIRCLE('',#3354,2.50000000000004);
#1207=CIRCLE('',#3356,2.5);
#1208=CIRCLE('',#3357,2.50000000000004);
#1209=CIRCLE('',#3359,2.5);
#1210=CIRCLE('',#3360,2.50000000000004);
#1211=CIRCLE('',#3362,2.5);
#1212=CIRCLE('',#3363,2.50000000000004);
#1213=CIRCLE('',#3365,2.5);
#1214=CIRCLE('',#3366,2.50000000000004);
#1215=CIRCLE('',#3368,2.5);
#1216=CIRCLE('',#3369,2.50000000000004);
#1217=CIRCLE('',#3371,2.5);
#1218=CIRCLE('',#3372,2.50000000000004);
#1219=CIRCLE('',#3374,2.5);
#1220=CIRCLE('',#3375,2.50000000000004);
#1221=CIRCLE('',#3377,2.5);
#1222=CIRCLE('',#3378,2.50000000000004);
#1223=CIRCLE('',#3380,2.5);
#1224=CIRCLE('',#3381,2.50000000000004);
#1225=CIRCLE('',#3383,2.5);
#1226=CIRCLE('',#3384,2.50000000000004);
#1227=CIRCLE('',#3386,2.5);
#1228=CIRCLE('',#3387,2.5);
#1229=CIRCLE('',#3389,2.5);
#1230=CIRCLE('',#3390,2.5);
#1231=CIRCLE('',#3392,2.5);
#1232=CIRCLE('',#3393,2.5);
#1233=CIRCLE('',#3395,2.5);
#1234=CIRCLE('',#3396,2.5);
#1235=CIRCLE('',#3398,2.5);
#1236=CIRCLE('',#3399,2.5);
#1237=CIRCLE('',#3401,2.5);
#1238=CIRCLE('',#3402,2.5);
#1239=CIRCLE('',#3404,2.5);
#1240=CIRCLE('',#3405,2.5);
#1241=CIRCLE('',#3407,2.5);
#1242=CIRCLE('',#3408,2.5);
#1243=CIRCLE('',#3410,2.5);
#1244=CIRCLE('',#3411,2.5);
#1245=CIRCLE('',#3413,2.5);
#1246=CIRCLE('',#3414,2.5);
#1247=CIRCLE('',#3416,2.5);
#1248=CIRCLE('',#3417,2.5);
#1249=CIRCLE('',#3419,2.5);
#1250=CIRCLE('',#3420,2.5);
#1251=CIRCLE('',#3422,2.5);
#1252=CIRCLE('',#3423,2.5);
#1253=CIRCLE('',#3425,2.5);
#1254=CIRCLE('',#3426,2.5);
#1255=CIRCLE('',#3428,2.5);
#1256=CIRCLE('',#3429,2.5);
#1257=CIRCLE('',#3431,2.5);
#1258=CIRCLE('',#3432,2.5);
#1259=CIRCLE('',#3434,2.5);
#1260=CIRCLE('',#3435,2.5);
#1261=CIRCLE('',#3437,2.5);
#1262=CIRCLE('',#3438,2.5);
#1263=CIRCLE('',#3440,2.5);
#1264=CIRCLE('',#3441,2.5);
#1265=CIRCLE('',#3443,2.5);
#1266=CIRCLE('',#3444,2.5);
#1267=CIRCLE('',#3446,2.5);
#1268=CIRCLE('',#3447,2.5);
#1269=CIRCLE('',#3449,2.5);
#1270=CIRCLE('',#3450,2.5);
#1271=CIRCLE('',#3452,2.5);
#1272=CIRCLE('',#3453,2.5);
#1273=CIRCLE('',#3455,2.5);
#1274=CIRCLE('',#3456,2.5);
#1275=CIRCLE('',#3458,2.5);
#1276=CIRCLE('',#3459,2.5);
#1277=CIRCLE('',#3461,2.5);
#1278=CIRCLE('',#3462,2.5);
#1279=CIRCLE('',#3464,2.5);
#1280=CIRCLE('',#3465,2.5);
#1281=CIRCLE('',#3467,2.5);
#1282=CIRCLE('',#3468,2.5);
#1283=CIRCLE('',#3470,2.5);
#1284=CIRCLE('',#3471,2.5);
#1285=CIRCLE('',#3473,2.5);
#1286=CIRCLE('',#3474,2.5);
#1287=CIRCLE('',#3476,2.5);
#1288=CIRCLE('',#3477,2.5);
#1289=CIRCLE('',#3479,2.5);
#1290=CIRCLE('',#3480,2.5);
#1291=CIRCLE('',#3482,2.5);
#1292=CIRCLE('',#3483,2.5);
#1293=CIRCLE('',#3485,2.5);
#1294=CIRCLE('',#3486,2.5);
#1295=CIRCLE('',#3488,2.5);
#1296=CIRCLE('',#3489,2.5);
#1297=CIRCLE('',#3491,2.5);
#1298=CIRCLE('',#3492,2.5);
#1299=CIRCLE('',#3494,2.5);
#1300=CIRCLE('',#3495,2.5);
#1301=CIRCLE('',#3497,2.5);
#1302=CIRCLE('',#3498,2.5);
#1303=CIRCLE('',#3500,2.5);
#1304=CIRCLE('',#3501,2.5);
#1305=CIRCLE('',#3503,2.5);
#1306=CIRCLE('',#3504,2.5);
#1307=CIRCLE('',#3506,2.5);
#1308=CIRCLE('',#3507,2.5);
#1309=CIRCLE('',#3509,2.5);
#1310=CIRCLE('',#3510,2.5);
#1311=CIRCLE('',#3512,2.5);
#1312=CIRCLE('',#3513,2.5);
#1313=CIRCLE('',#3515,2.5);
#1314=CIRCLE('',#3516,2.5);
#1315=CIRCLE('',#3518,2.5);
#1316=CIRCLE('',#3519,2.5);
#1317=CIRCLE('',#3521,2.5);
#1318=CIRCLE('',#3522,2.5);
#1319=CIRCLE('',#3524,2.5);
#1320=CIRCLE('',#3525,2.5);
#1321=CIRCLE('',#3527,2.5);
#1322=CIRCLE('',#3528,2.5);
#1323=CIRCLE('',#3530,2.5);
#1324=CIRCLE('',#3531,2.5);
#1325=CIRCLE('',#3533,2.5);
#1326=CIRCLE('',#3534,2.5);
#1327=CIRCLE('',#3536,2.5);
#1328=CIRCLE('',#3537,2.5);
#1329=CIRCLE('',#3539,2.5);
#1330=CIRCLE('',#3540,2.5);
#1331=CIRCLE('',#3542,2.5);
#1332=CIRCLE('',#3543,2.5);
#1333=CIRCLE('',#3545,2.5);
#1334=CIRCLE('',#3546,2.5);
#1335=CIRCLE('',#3548,2.5);
#1336=CIRCLE('',#3549,2.5);
#1337=CIRCLE('',#3551,2.5);
#1338=CIRCLE('',#3552,2.5);
#1339=CIRCLE('',#3554,2.5);
#1340=CIRCLE('',#3555,2.5);
#1341=CIRCLE('',#3557,2.5);
#1342=CIRCLE('',#3558,2.5);
#1343=CIRCLE('',#3560,2.5);
#1344=CIRCLE('',#3561,2.5);
#1345=CIRCLE('',#3563,2.5);
#1346=CIRCLE('',#3564,2.5);
#1347=CIRCLE('',#3566,2.5);
#1348=CIRCLE('',#3567,2.5);
#1349=CIRCLE('',#3569,2.5);
#1350=CIRCLE('',#3570,2.5);
#1351=CIRCLE('',#3572,2.5);
#1352=CIRCLE('',#3573,2.5);
#1353=CIRCLE('',#3575,2.5);
#1354=CIRCLE('',#3576,2.5);
#1355=CIRCLE('',#3578,2.5);
#1356=CIRCLE('',#3579,2.5);
#1357=CIRCLE('',#3581,2.5);
#1358=CIRCLE('',#3582,2.5);
#1359=CIRCLE('',#3584,2.5);
#1360=CIRCLE('',#3585,2.5);
#1361=CIRCLE('',#3587,2.5);
#1362=CIRCLE('',#3588,2.5);
#1363=CIRCLE('',#3590,2.5);
#1364=CIRCLE('',#3591,2.5);
#1365=CIRCLE('',#3593,2.5);
#1366=CIRCLE('',#3594,2.5);
#1367=CIRCLE('',#3596,2.5);
#1368=CIRCLE('',#3597,2.5);
#1369=CIRCLE('',#3599,2.5);
#1370=CIRCLE('',#3600,2.5);
#1371=CIRCLE('',#3602,2.5);
#1372=CIRCLE('',#3603,2.5);
#1373=CIRCLE('',#3605,2.5);
#1374=CIRCLE('',#3606,2.5);
#1375=CIRCLE('',#3608,10.);
#1376=CIRCLE('',#3609,10.);
#1377=CIRCLE('',#3612,10.);
#1378=CIRCLE('',#3613,10.);
#1379=CIRCLE('',#3614,10.);
#1380=CIRCLE('',#3615,12.5);
#1381=CIRCLE('',#3616,25.);
#1382=CIRCLE('',#3618,10.);
#1383=CIRCLE('',#3621,10.);
#1384=CIRCLE('',#3622,10.);
#1385=CIRCLE('',#3625,10.);
#1386=CIRCLE('',#3626,25.);
#1387=CIRCLE('',#3628,10.);
#1388=CIRCLE('',#3631,10.);
#1389=CIRCLE('',#3632,10.);
#1390=CIRCLE('',#3635,55.);
#1391=CIRCLE('',#3636,10.);
#1392=CIRCLE('',#3638,10.);
#1393=CIRCLE('',#3641,10.);
#1394=CIRCLE('',#3643,10.);
#1395=CIRCLE('',#3645,25.);
#1396=CIRCLE('',#3649,12.5);
#1397=CIRCLE('',#3651,25.);
#1398=CIRCLE('',#3655,55.);
#1399=CIRCLE('',#3657,1.49999999999997);
#1400=CIRCLE('',#3658,1.49999999999997);
#1401=CIRCLE('',#3661,2.99999999999997);
#1402=CIRCLE('',#3663,2.99999999999997);
#1403=CIRCLE('',#3668,1.49999999999999);
#1404=CIRCLE('',#3669,1.49999999999997);
#1405=CIRCLE('',#3672,2.99999999999997);
#1406=CIRCLE('',#3674,2.99999999999997);
#1407=VERTEX_POINT('',#4673);
#1408=VERTEX_POINT('',#4675);
#1409=VERTEX_POINT('',#4679);
#1410=VERTEX_POINT('',#4681);
#1411=VERTEX_POINT('',#4685);
#1412=VERTEX_POINT('',#4687);
#1413=VERTEX_POINT('',#4691);
#1414=VERTEX_POINT('',#4693);
#1415=VERTEX_POINT('',#4697);
#1416=VERTEX_POINT('',#4699);
#1417=VERTEX_POINT('',#4703);
#1418=VERTEX_POINT('',#4705);
#1419=VERTEX_POINT('',#4709);
#1420=VERTEX_POINT('',#4711);
#1421=VERTEX_POINT('',#4715);
#1422=VERTEX_POINT('',#4717);
#1423=VERTEX_POINT('',#4721);
#1424=VERTEX_POINT('',#4723);
#1425=VERTEX_POINT('',#4727);
#1426=VERTEX_POINT('',#4729);
#1427=VERTEX_POINT('',#4733);
#1428=VERTEX_POINT('',#4735);
#1429=VERTEX_POINT('',#4739);
#1430=VERTEX_POINT('',#4741);
#1431=VERTEX_POINT('',#4745);
#1432=VERTEX_POINT('',#4747);
#1433=VERTEX_POINT('',#4751);
#1434=VERTEX_POINT('',#4753);
#1435=VERTEX_POINT('',#4757);
#1436=VERTEX_POINT('',#4759);
#1437=VERTEX_POINT('',#4763);
#1438=VERTEX_POINT('',#4765);
#1439=VERTEX_POINT('',#4769);
#1440=VERTEX_POINT('',#4771);
#1441=VERTEX_POINT('',#4775);
#1442=VERTEX_POINT('',#4777);
#1443=VERTEX_POINT('',#4781);
#1444=VERTEX_POINT('',#4783);
#1445=VERTEX_POINT('',#4787);
#1446=VERTEX_POINT('',#4789);
#1447=VERTEX_POINT('',#4793);
#1448=VERTEX_POINT('',#4795);
#1449=VERTEX_POINT('',#4799);
#1450=VERTEX_POINT('',#4801);
#1451=VERTEX_POINT('',#4805);
#1452=VERTEX_POINT('',#4807);
#1453=VERTEX_POINT('',#4811);
#1454=VERTEX_POINT('',#4813);
#1455=VERTEX_POINT('',#4817);
#1456=VERTEX_POINT('',#4819);
#1457=VERTEX_POINT('',#4823);
#1458=VERTEX_POINT('',#4825);
#1459=VERTEX_POINT('',#4829);
#1460=VERTEX_POINT('',#4831);
#1461=VERTEX_POINT('',#4835);
#1462=VERTEX_POINT('',#4837);
#1463=VERTEX_POINT('',#4841);
#1464=VERTEX_POINT('',#4843);
#1465=VERTEX_POINT('',#4847);
#1466=VERTEX_POINT('',#4849);
#1467=VERTEX_POINT('',#4853);
#1468=VERTEX_POINT('',#4855);
#1469=VERTEX_POINT('',#4859);
#1470=VERTEX_POINT('',#4861);
#1471=VERTEX_POINT('',#4865);
#1472=VERTEX_POINT('',#4867);
#1473=VERTEX_POINT('',#4871);
#1474=VERTEX_POINT('',#4873);
#1475=VERTEX_POINT('',#4877);
#1476=VERTEX_POINT('',#4879);
#1477=VERTEX_POINT('',#4883);
#1478=VERTEX_POINT('',#4885);
#1479=VERTEX_POINT('',#4889);
#1480=VERTEX_POINT('',#4891);
#1481=VERTEX_POINT('',#4895);
#1482=VERTEX_POINT('',#4897);
#1483=VERTEX_POINT('',#4901);
#1484=VERTEX_POINT('',#4903);
#1485=VERTEX_POINT('',#4907);
#1486=VERTEX_POINT('',#4909);
#1487=VERTEX_POINT('',#4913);
#1488=VERTEX_POINT('',#4915);
#1489=VERTEX_POINT('',#4919);
#1490=VERTEX_POINT('',#4921);
#1491=VERTEX_POINT('',#4925);
#1492=VERTEX_POINT('',#4927);
#1493=VERTEX_POINT('',#4931);
#1494=VERTEX_POINT('',#4933);
#1495=VERTEX_POINT('',#4937);
#1496=VERTEX_POINT('',#4939);
#1497=VERTEX_POINT('',#4943);
#1498=VERTEX_POINT('',#4945);
#1499=VERTEX_POINT('',#4949);
#1500=VERTEX_POINT('',#4951);
#1501=VERTEX_POINT('',#4955);
#1502=VERTEX_POINT('',#4957);
#1503=VERTEX_POINT('',#4961);
#1504=VERTEX_POINT('',#4963);
#1505=VERTEX_POINT('',#4967);
#1506=VERTEX_POINT('',#4969);
#1507=VERTEX_POINT('',#4973);
#1508=VERTEX_POINT('',#4975);
#1509=VERTEX_POINT('',#4979);
#1510=VERTEX_POINT('',#4981);
#1511=VERTEX_POINT('',#4985);
#1512=VERTEX_POINT('',#4987);
#1513=VERTEX_POINT('',#4991);
#1514=VERTEX_POINT('',#4993);
#1515=VERTEX_POINT('',#4997);
#1516=VERTEX_POINT('',#4999);
#1517=VERTEX_POINT('',#5003);
#1518=VERTEX_POINT('',#5005);
#1519=VERTEX_POINT('',#5009);
#1520=VERTEX_POINT('',#5011);
#1521=VERTEX_POINT('',#5015);
#1522=VERTEX_POINT('',#5017);
#1523=VERTEX_POINT('',#5021);
#1524=VERTEX_POINT('',#5023);
#1525=VERTEX_POINT('',#5027);
#1526=VERTEX_POINT('',#5029);
#1527=VERTEX_POINT('',#5033);
#1528=VERTEX_POINT('',#5035);
#1529=VERTEX_POINT('',#5039);
#1530=VERTEX_POINT('',#5041);
#1531=VERTEX_POINT('',#5045);
#1532=VERTEX_POINT('',#5047);
#1533=VERTEX_POINT('',#5051);
#1534=VERTEX_POINT('',#5053);
#1535=VERTEX_POINT('',#5057);
#1536=VERTEX_POINT('',#5059);
#1537=VERTEX_POINT('',#5063);
#1538=VERTEX_POINT('',#5065);
#1539=VERTEX_POINT('',#5069);
#1540=VERTEX_POINT('',#5071);
#1541=VERTEX_POINT('',#5075);
#1542=VERTEX_POINT('',#5077);
#1543=VERTEX_POINT('',#5081);
#1544=VERTEX_POINT('',#5083);
#1545=VERTEX_POINT('',#5087);
#1546=VERTEX_POINT('',#5089);
#1547=VERTEX_POINT('',#5093);
#1548=VERTEX_POINT('',#5095);
#1549=VERTEX_POINT('',#5099);
#1550=VERTEX_POINT('',#5101);
#1551=VERTEX_POINT('',#5105);
#1552=VERTEX_POINT('',#5107);
#1553=VERTEX_POINT('',#5111);
#1554=VERTEX_POINT('',#5113);
#1555=VERTEX_POINT('',#5117);
#1556=VERTEX_POINT('',#5119);
#1557=VERTEX_POINT('',#5123);
#1558=VERTEX_POINT('',#5125);
#1559=VERTEX_POINT('',#5129);
#1560=VERTEX_POINT('',#5131);
#1561=VERTEX_POINT('',#5135);
#1562=VERTEX_POINT('',#5137);
#1563=VERTEX_POINT('',#5141);
#1564=VERTEX_POINT('',#5143);
#1565=VERTEX_POINT('',#5147);
#1566=VERTEX_POINT('',#5149);
#1567=VERTEX_POINT('',#5153);
#1568=VERTEX_POINT('',#5155);
#1569=VERTEX_POINT('',#5159);
#1570=VERTEX_POINT('',#5161);
#1571=VERTEX_POINT('',#5165);
#1572=VERTEX_POINT('',#5167);
#1573=VERTEX_POINT('',#5171);
#1574=VERTEX_POINT('',#5173);
#1575=VERTEX_POINT('',#5177);
#1576=VERTEX_POINT('',#5179);
#1577=VERTEX_POINT('',#5183);
#1578=VERTEX_POINT('',#5185);
#1579=VERTEX_POINT('',#5189);
#1580=VERTEX_POINT('',#5191);
#1581=VERTEX_POINT('',#5195);
#1582=VERTEX_POINT('',#5197);
#1583=VERTEX_POINT('',#5201);
#1584=VERTEX_POINT('',#5203);
#1585=VERTEX_POINT('',#5207);
#1586=VERTEX_POINT('',#5209);
#1587=VERTEX_POINT('',#5213);
#1588=VERTEX_POINT('',#5215);
#1589=VERTEX_POINT('',#5219);
#1590=VERTEX_POINT('',#5221);
#1591=VERTEX_POINT('',#5225);
#1592=VERTEX_POINT('',#5227);
#1593=VERTEX_POINT('',#5231);
#1594=VERTEX_POINT('',#5233);
#1595=VERTEX_POINT('',#5237);
#1596=VERTEX_POINT('',#5239);
#1597=VERTEX_POINT('',#5243);
#1598=VERTEX_POINT('',#5245);
#1599=VERTEX_POINT('',#5249);
#1600=VERTEX_POINT('',#5251);
#1601=VERTEX_POINT('',#5255);
#1602=VERTEX_POINT('',#5257);
#1603=VERTEX_POINT('',#5261);
#1604=VERTEX_POINT('',#5263);
#1605=VERTEX_POINT('',#5267);
#1606=VERTEX_POINT('',#5269);
#1607=VERTEX_POINT('',#5273);
#1608=VERTEX_POINT('',#5275);
#1609=VERTEX_POINT('',#5279);
#1610=VERTEX_POINT('',#5281);
#1611=VERTEX_POINT('',#5285);
#1612=VERTEX_POINT('',#5287);
#1613=VERTEX_POINT('',#5291);
#1614=VERTEX_POINT('',#5293);
#1615=VERTEX_POINT('',#5297);
#1616=VERTEX_POINT('',#5299);
#1617=VERTEX_POINT('',#5303);
#1618=VERTEX_POINT('',#5305);
#1619=VERTEX_POINT('',#5309);
#1620=VERTEX_POINT('',#5311);
#1621=VERTEX_POINT('',#5315);
#1622=VERTEX_POINT('',#5317);
#1623=VERTEX_POINT('',#5321);
#1624=VERTEX_POINT('',#5322);
#1625=VERTEX_POINT('',#5324);
#1626=VERTEX_POINT('',#5326);
#1627=VERTEX_POINT('',#5330);
#1628=VERTEX_POINT('',#5332);
#1629=VERTEX_POINT('',#5336);
#1630=VERTEX_POINT('',#5337);
#1631=VERTEX_POINT('',#5340);
#1632=VERTEX_POINT('',#5342);
#1633=VERTEX_POINT('',#5344);
#1634=VERTEX_POINT('',#5346);
#1635=VERTEX_POINT('',#5348);
#1636=VERTEX_POINT('',#5350);
#1637=VERTEX_POINT('',#5352);
#1638=VERTEX_POINT('',#5355);
#1639=VERTEX_POINT('',#5358);
#1640=VERTEX_POINT('',#5359);
#1641=VERTEX_POINT('',#5364);
#1642=VERTEX_POINT('',#5368);
#1643=VERTEX_POINT('',#5369);
#1644=VERTEX_POINT('',#5371);
#1645=VERTEX_POINT('',#5373);
#1646=VERTEX_POINT('',#5377);
#1647=VERTEX_POINT('',#5379);
#1648=VERTEX_POINT('',#5383);
#1649=VERTEX_POINT('',#5385);
#1650=VERTEX_POINT('',#5387);
#1651=VERTEX_POINT('',#5389);
#1652=VERTEX_POINT('',#5391);
#1653=VERTEX_POINT('',#5393);
#1654=VERTEX_POINT('',#5395);
#1655=VERTEX_POINT('',#5398);
#1656=VERTEX_POINT('',#5401);
#1657=VERTEX_POINT('',#5402);
#1658=VERTEX_POINT('',#5407);
#1659=VERTEX_POINT('',#5411);
#1660=VERTEX_POINT('',#5412);
#1661=VERTEX_POINT('',#5414);
#1662=VERTEX_POINT('',#5416);
#1663=VERTEX_POINT('',#5420);
#1664=VERTEX_POINT('',#5422);
#1665=VERTEX_POINT('',#5426);
#1666=VERTEX_POINT('',#5428);
#1667=VERTEX_POINT('',#5430);
#1668=VERTEX_POINT('',#5432);
#1669=VERTEX_POINT('',#5434);
#1670=VERTEX_POINT('',#5436);
#1671=VERTEX_POINT('',#5438);
#1672=VERTEX_POINT('',#5442);
#1673=VERTEX_POINT('',#5443);
#1674=VERTEX_POINT('',#5448);
#1675=VERTEX_POINT('',#5452);
#1676=VERTEX_POINT('',#5456);
#1677=VERTEX_POINT('',#5460);
#1678=VERTEX_POINT('',#5464);
#1679=VERTEX_POINT('',#5468);
#1680=VERTEX_POINT('',#5474);
#1681=VERTEX_POINT('',#5478);
#1682=VERTEX_POINT('',#5482);
#1683=VERTEX_POINT('',#5488);
#1684=VERTEX_POINT('',#5489);
#1685=VERTEX_POINT('',#5507);
#1686=VERTEX_POINT('',#5508);
#1687=VERTEX_POINT('',#5517);
#1688=VERTEX_POINT('',#5521);
#1689=VERTEX_POINT('',#5530);
#1690=VERTEX_POINT('',#5534);
#1691=EDGE_CURVE('',#1407,#1407,#1159,.T.);
#1692=EDGE_CURVE('',#1407,#1408,#787,.T.);
#1693=EDGE_CURVE('',#1408,#1408,#1160,.T.);
#1694=EDGE_CURVE('',#1409,#1409,#1161,.T.);
#1695=EDGE_CURVE('',#1409,#1410,#788,.T.);
#1696=EDGE_CURVE('',#1410,#1410,#1162,.T.);
#1697=EDGE_CURVE('',#1411,#1411,#1163,.T.);
#1698=EDGE_CURVE('',#1411,#1412,#789,.T.);
#1699=EDGE_CURVE('',#1412,#1412,#1164,.T.);
#1700=EDGE_CURVE('',#1413,#1413,#1165,.T.);
#1701=EDGE_CURVE('',#1413,#1414,#790,.T.);
#1702=EDGE_CURVE('',#1414,#1414,#1166,.T.);
#1703=EDGE_CURVE('',#1415,#1415,#1167,.T.);
#1704=EDGE_CURVE('',#1415,#1416,#791,.T.);
#1705=EDGE_CURVE('',#1416,#1416,#1168,.T.);
#1706=EDGE_CURVE('',#1417,#1417,#1169,.T.);
#1707=EDGE_CURVE('',#1417,#1418,#792,.T.);
#1708=EDGE_CURVE('',#1418,#1418,#1170,.T.);
#1709=EDGE_CURVE('',#1419,#1419,#1171,.T.);
#1710=EDGE_CURVE('',#1419,#1420,#793,.T.);
#1711=EDGE_CURVE('',#1420,#1420,#1172,.T.);
#1712=EDGE_CURVE('',#1421,#1421,#1173,.T.);
#1713=EDGE_CURVE('',#1421,#1422,#794,.T.);
#1714=EDGE_CURVE('',#1422,#1422,#1174,.T.);
#1715=EDGE_CURVE('',#1423,#1423,#1175,.T.);
#1716=EDGE_CURVE('',#1423,#1424,#795,.T.);
#1717=EDGE_CURVE('',#1424,#1424,#1176,.T.);
#1718=EDGE_CURVE('',#1425,#1425,#1177,.T.);
#1719=EDGE_CURVE('',#1425,#1426,#796,.T.);
#1720=EDGE_CURVE('',#1426,#1426,#1178,.T.);
#1721=EDGE_CURVE('',#1427,#1427,#1179,.T.);
#1722=EDGE_CURVE('',#1427,#1428,#797,.T.);
#1723=EDGE_CURVE('',#1428,#1428,#1180,.T.);
#1724=EDGE_CURVE('',#1429,#1429,#1181,.T.);
#1725=EDGE_CURVE('',#1429,#1430,#798,.T.);
#1726=EDGE_CURVE('',#1430,#1430,#1182,.T.);
#1727=EDGE_CURVE('',#1431,#1431,#1183,.T.);
#1728=EDGE_CURVE('',#1431,#1432,#799,.T.);
#1729=EDGE_CURVE('',#1432,#1432,#1184,.T.);
#1730=EDGE_CURVE('',#1433,#1433,#1185,.T.);
#1731=EDGE_CURVE('',#1433,#1434,#800,.T.);
#1732=EDGE_CURVE('',#1434,#1434,#1186,.T.);
#1733=EDGE_CURVE('',#1435,#1435,#1187,.T.);
#1734=EDGE_CURVE('',#1435,#1436,#801,.T.);
#1735=EDGE_CURVE('',#1436,#1436,#1188,.T.);
#1736=EDGE_CURVE('',#1437,#1437,#1189,.T.);
#1737=EDGE_CURVE('',#1437,#1438,#802,.T.);
#1738=EDGE_CURVE('',#1438,#1438,#1190,.T.);
#1739=EDGE_CURVE('',#1439,#1439,#1191,.T.);
#1740=EDGE_CURVE('',#1439,#1440,#803,.T.);
#1741=EDGE_CURVE('',#1440,#1440,#1192,.T.);
#1742=EDGE_CURVE('',#1441,#1441,#1193,.T.);
#1743=EDGE_CURVE('',#1441,#1442,#804,.T.);
#1744=EDGE_CURVE('',#1442,#1442,#1194,.T.);
#1745=EDGE_CURVE('',#1443,#1443,#1195,.T.);
#1746=EDGE_CURVE('',#1443,#1444,#805,.T.);
#1747=EDGE_CURVE('',#1444,#1444,#1196,.T.);
#1748=EDGE_CURVE('',#1445,#1445,#1197,.T.);
#1749=EDGE_CURVE('',#1445,#1446,#806,.T.);
#1750=EDGE_CURVE('',#1446,#1446,#1198,.T.);
#1751=EDGE_CURVE('',#1447,#1447,#1199,.T.);
#1752=EDGE_CURVE('',#1447,#1448,#807,.T.);
#1753=EDGE_CURVE('',#1448,#1448,#1200,.T.);
#1754=EDGE_CURVE('',#1449,#1449,#1201,.T.);
#1755=EDGE_CURVE('',#1449,#1450,#808,.T.);
#1756=EDGE_CURVE('',#1450,#1450,#1202,.T.);
#1757=EDGE_CURVE('',#1451,#1451,#1203,.T.);
#1758=EDGE_CURVE('',#1451,#1452,#809,.T.);
#1759=EDGE_CURVE('',#1452,#1452,#1204,.T.);
#1760=EDGE_CURVE('',#1453,#1453,#1205,.T.);
#1761=EDGE_CURVE('',#1453,#1454,#810,.T.);
#1762=EDGE_CURVE('',#1454,#1454,#1206,.T.);
#1763=EDGE_CURVE('',#1455,#1455,#1207,.T.);
#1764=EDGE_CURVE('',#1455,#1456,#811,.T.);
#1765=EDGE_CURVE('',#1456,#1456,#1208,.T.);
#1766=EDGE_CURVE('',#1457,#1457,#1209,.T.);
#1767=EDGE_CURVE('',#1457,#1458,#812,.T.);
#1768=EDGE_CURVE('',#1458,#1458,#1210,.T.);
#1769=EDGE_CURVE('',#1459,#1459,#1211,.T.);
#1770=EDGE_CURVE('',#1459,#1460,#813,.T.);
#1771=EDGE_CURVE('',#1460,#1460,#1212,.T.);
#1772=EDGE_CURVE('',#1461,#1461,#1213,.T.);
#1773=EDGE_CURVE('',#1461,#1462,#814,.T.);
#1774=EDGE_CURVE('',#1462,#1462,#1214,.T.);
#1775=EDGE_CURVE('',#1463,#1463,#1215,.T.);
#1776=EDGE_CURVE('',#1463,#1464,#815,.T.);
#1777=EDGE_CURVE('',#1464,#1464,#1216,.T.);
#1778=EDGE_CURVE('',#1465,#1465,#1217,.T.);
#1779=EDGE_CURVE('',#1465,#1466,#816,.T.);
#1780=EDGE_CURVE('',#1466,#1466,#1218,.T.);
#1781=EDGE_CURVE('',#1467,#1467,#1219,.T.);
#1782=EDGE_CURVE('',#1467,#1468,#817,.T.);
#1783=EDGE_CURVE('',#1468,#1468,#1220,.T.);
#1784=EDGE_CURVE('',#1469,#1469,#1221,.T.);
#1785=EDGE_CURVE('',#1469,#1470,#818,.T.);
#1786=EDGE_CURVE('',#1470,#1470,#1222,.T.);
#1787=EDGE_CURVE('',#1471,#1471,#1223,.T.);
#1788=EDGE_CURVE('',#1471,#1472,#819,.T.);
#1789=EDGE_CURVE('',#1472,#1472,#1224,.T.);
#1790=EDGE_CURVE('',#1473,#1473,#1225,.T.);
#1791=EDGE_CURVE('',#1473,#1474,#820,.T.);
#1792=EDGE_CURVE('',#1474,#1474,#1226,.T.);
#1793=EDGE_CURVE('',#1475,#1475,#1227,.T.);
#1794=EDGE_CURVE('',#1475,#1476,#821,.T.);
#1795=EDGE_CURVE('',#1476,#1476,#1228,.T.);
#1796=EDGE_CURVE('',#1477,#1477,#1229,.T.);
#1797=EDGE_CURVE('',#1477,#1478,#822,.T.);
#1798=EDGE_CURVE('',#1478,#1478,#1230,.T.);
#1799=EDGE_CURVE('',#1479,#1479,#1231,.T.);
#1800=EDGE_CURVE('',#1479,#1480,#823,.T.);
#1801=EDGE_CURVE('',#1480,#1480,#1232,.T.);
#1802=EDGE_CURVE('',#1481,#1481,#1233,.T.);
#1803=EDGE_CURVE('',#1481,#1482,#824,.T.);
#1804=EDGE_CURVE('',#1482,#1482,#1234,.T.);
#1805=EDGE_CURVE('',#1483,#1483,#1235,.T.);
#1806=EDGE_CURVE('',#1483,#1484,#825,.T.);
#1807=EDGE_CURVE('',#1484,#1484,#1236,.T.);
#1808=EDGE_CURVE('',#1485,#1485,#1237,.T.);
#1809=EDGE_CURVE('',#1485,#1486,#826,.T.);
#1810=EDGE_CURVE('',#1486,#1486,#1238,.T.);
#1811=EDGE_CURVE('',#1487,#1487,#1239,.T.);
#1812=EDGE_CURVE('',#1487,#1488,#827,.T.);
#1813=EDGE_CURVE('',#1488,#1488,#1240,.T.);
#1814=EDGE_CURVE('',#1489,#1489,#1241,.T.);
#1815=EDGE_CURVE('',#1489,#1490,#828,.T.);
#1816=EDGE_CURVE('',#1490,#1490,#1242,.T.);
#1817=EDGE_CURVE('',#1491,#1491,#1243,.T.);
#1818=EDGE_CURVE('',#1491,#1492,#829,.T.);
#1819=EDGE_CURVE('',#1492,#1492,#1244,.T.);
#1820=EDGE_CURVE('',#1493,#1493,#1245,.T.);
#1821=EDGE_CURVE('',#1493,#1494,#830,.T.);
#1822=EDGE_CURVE('',#1494,#1494,#1246,.T.);
#1823=EDGE_CURVE('',#1495,#1495,#1247,.T.);
#1824=EDGE_CURVE('',#1495,#1496,#831,.T.);
#1825=EDGE_CURVE('',#1496,#1496,#1248,.T.);
#1826=EDGE_CURVE('',#1497,#1497,#1249,.T.);
#1827=EDGE_CURVE('',#1497,#1498,#832,.T.);
#1828=EDGE_CURVE('',#1498,#1498,#1250,.T.);
#1829=EDGE_CURVE('',#1499,#1499,#1251,.T.);
#1830=EDGE_CURVE('',#1499,#1500,#833,.T.);
#1831=EDGE_CURVE('',#1500,#1500,#1252,.T.);
#1832=EDGE_CURVE('',#1501,#1501,#1253,.T.);
#1833=EDGE_CURVE('',#1501,#1502,#834,.T.);
#1834=EDGE_CURVE('',#1502,#1502,#1254,.T.);
#1835=EDGE_CURVE('',#1503,#1503,#1255,.T.);
#1836=EDGE_CURVE('',#1503,#1504,#835,.T.);
#1837=EDGE_CURVE('',#1504,#1504,#1256,.T.);
#1838=EDGE_CURVE('',#1505,#1505,#1257,.T.);
#1839=EDGE_CURVE('',#1505,#1506,#836,.T.);
#1840=EDGE_CURVE('',#1506,#1506,#1258,.T.);
#1841=EDGE_CURVE('',#1507,#1507,#1259,.T.);
#1842=EDGE_CURVE('',#1507,#1508,#837,.T.);
#1843=EDGE_CURVE('',#1508,#1508,#1260,.T.);
#1844=EDGE_CURVE('',#1509,#1509,#1261,.T.);
#1845=EDGE_CURVE('',#1509,#1510,#838,.T.);
#1846=EDGE_CURVE('',#1510,#1510,#1262,.T.);
#1847=EDGE_CURVE('',#1511,#1511,#1263,.T.);
#1848=EDGE_CURVE('',#1511,#1512,#839,.T.);
#1849=EDGE_CURVE('',#1512,#1512,#1264,.T.);
#1850=EDGE_CURVE('',#1513,#1513,#1265,.T.);
#1851=EDGE_CURVE('',#1513,#1514,#840,.T.);
#1852=EDGE_CURVE('',#1514,#1514,#1266,.T.);
#1853=EDGE_CURVE('',#1515,#1515,#1267,.T.);
#1854=EDGE_CURVE('',#1515,#1516,#841,.T.);
#1855=EDGE_CURVE('',#1516,#1516,#1268,.T.);
#1856=EDGE_CURVE('',#1517,#1517,#1269,.T.);
#1857=EDGE_CURVE('',#1517,#1518,#842,.T.);
#1858=EDGE_CURVE('',#1518,#1518,#1270,.T.);
#1859=EDGE_CURVE('',#1519,#1519,#1271,.T.);
#1860=EDGE_CURVE('',#1519,#1520,#843,.T.);
#1861=EDGE_CURVE('',#1520,#1520,#1272,.T.);
#1862=EDGE_CURVE('',#1521,#1521,#1273,.T.);
#1863=EDGE_CURVE('',#1521,#1522,#844,.T.);
#1864=EDGE_CURVE('',#1522,#1522,#1274,.T.);
#1865=EDGE_CURVE('',#1523,#1523,#1275,.T.);
#1866=EDGE_CURVE('',#1523,#1524,#845,.T.);
#1867=EDGE_CURVE('',#1524,#1524,#1276,.T.);
#1868=EDGE_CURVE('',#1525,#1525,#1277,.T.);
#1869=EDGE_CURVE('',#1525,#1526,#846,.T.);
#1870=EDGE_CURVE('',#1526,#1526,#1278,.T.);
#1871=EDGE_CURVE('',#1527,#1527,#1279,.T.);
#1872=EDGE_CURVE('',#1527,#1528,#847,.T.);
#1873=EDGE_CURVE('',#1528,#1528,#1280,.T.);
#1874=EDGE_CURVE('',#1529,#1529,#1281,.T.);
#1875=EDGE_CURVE('',#1529,#1530,#848,.T.);
#1876=EDGE_CURVE('',#1530,#1530,#1282,.T.);
#1877=EDGE_CURVE('',#1531,#1531,#1283,.T.);
#1878=EDGE_CURVE('',#1531,#1532,#849,.T.);
#1879=EDGE_CURVE('',#1532,#1532,#1284,.T.);
#1880=EDGE_CURVE('',#1533,#1533,#1285,.T.);
#1881=EDGE_CURVE('',#1533,#1534,#850,.T.);
#1882=EDGE_CURVE('',#1534,#1534,#1286,.T.);
#1883=EDGE_CURVE('',#1535,#1535,#1287,.T.);
#1884=EDGE_CURVE('',#1535,#1536,#851,.T.);
#1885=EDGE_CURVE('',#1536,#1536,#1288,.T.);
#1886=EDGE_CURVE('',#1537,#1537,#1289,.T.);
#1887=EDGE_CURVE('',#1537,#1538,#852,.T.);
#1888=EDGE_CURVE('',#1538,#1538,#1290,.T.);
#1889=EDGE_CURVE('',#1539,#1539,#1291,.T.);
#1890=EDGE_CURVE('',#1539,#1540,#853,.T.);
#1891=EDGE_CURVE('',#1540,#1540,#1292,.T.);
#1892=EDGE_CURVE('',#1541,#1541,#1293,.T.);
#1893=EDGE_CURVE('',#1541,#1542,#854,.T.);
#1894=EDGE_CURVE('',#1542,#1542,#1294,.T.);
#1895=EDGE_CURVE('',#1543,#1543,#1295,.T.);
#1896=EDGE_CURVE('',#1543,#1544,#855,.T.);
#1897=EDGE_CURVE('',#1544,#1544,#1296,.T.);
#1898=EDGE_CURVE('',#1545,#1545,#1297,.T.);
#1899=EDGE_CURVE('',#1545,#1546,#856,.T.);
#1900=EDGE_CURVE('',#1546,#1546,#1298,.T.);
#1901=EDGE_CURVE('',#1547,#1547,#1299,.T.);
#1902=EDGE_CURVE('',#1547,#1548,#857,.T.);
#1903=EDGE_CURVE('',#1548,#1548,#1300,.T.);
#1904=EDGE_CURVE('',#1549,#1549,#1301,.T.);
#1905=EDGE_CURVE('',#1549,#1550,#858,.T.);
#1906=EDGE_CURVE('',#1550,#1550,#1302,.T.);
#1907=EDGE_CURVE('',#1551,#1551,#1303,.T.);
#1908=EDGE_CURVE('',#1551,#1552,#859,.T.);
#1909=EDGE_CURVE('',#1552,#1552,#1304,.T.);
#1910=EDGE_CURVE('',#1553,#1553,#1305,.T.);
#1911=EDGE_CURVE('',#1553,#1554,#860,.T.);
#1912=EDGE_CURVE('',#1554,#1554,#1306,.T.);
#1913=EDGE_CURVE('',#1555,#1555,#1307,.T.);
#1914=EDGE_CURVE('',#1555,#1556,#861,.T.);
#1915=EDGE_CURVE('',#1556,#1556,#1308,.T.);
#1916=EDGE_CURVE('',#1557,#1557,#1309,.T.);
#1917=EDGE_CURVE('',#1557,#1558,#862,.T.);
#1918=EDGE_CURVE('',#1558,#1558,#1310,.T.);
#1919=EDGE_CURVE('',#1559,#1559,#1311,.T.);
#1920=EDGE_CURVE('',#1559,#1560,#863,.T.);
#1921=EDGE_CURVE('',#1560,#1560,#1312,.T.);
#1922=EDGE_CURVE('',#1561,#1561,#1313,.T.);
#1923=EDGE_CURVE('',#1561,#1562,#864,.T.);
#1924=EDGE_CURVE('',#1562,#1562,#1314,.T.);
#1925=EDGE_CURVE('',#1563,#1563,#1315,.T.);
#1926=EDGE_CURVE('',#1563,#1564,#865,.T.);
#1927=EDGE_CURVE('',#1564,#1564,#1316,.T.);
#1928=EDGE_CURVE('',#1565,#1565,#1317,.T.);
#1929=EDGE_CURVE('',#1565,#1566,#866,.T.);
#1930=EDGE_CURVE('',#1566,#1566,#1318,.T.);
#1931=EDGE_CURVE('',#1567,#1567,#1319,.T.);
#1932=EDGE_CURVE('',#1567,#1568,#867,.T.);
#1933=EDGE_CURVE('',#1568,#1568,#1320,.T.);
#1934=EDGE_CURVE('',#1569,#1569,#1321,.T.);
#1935=EDGE_CURVE('',#1569,#1570,#868,.T.);
#1936=EDGE_CURVE('',#1570,#1570,#1322,.T.);
#1937=EDGE_CURVE('',#1571,#1571,#1323,.T.);
#1938=EDGE_CURVE('',#1571,#1572,#869,.T.);
#1939=EDGE_CURVE('',#1572,#1572,#1324,.T.);
#1940=EDGE_CURVE('',#1573,#1573,#1325,.T.);
#1941=EDGE_CURVE('',#1573,#1574,#870,.T.);
#1942=EDGE_CURVE('',#1574,#1574,#1326,.T.);
#1943=EDGE_CURVE('',#1575,#1575,#1327,.T.);
#1944=EDGE_CURVE('',#1575,#1576,#871,.T.);
#1945=EDGE_CURVE('',#1576,#1576,#1328,.T.);
#1946=EDGE_CURVE('',#1577,#1577,#1329,.T.);
#1947=EDGE_CURVE('',#1577,#1578,#872,.T.);
#1948=EDGE_CURVE('',#1578,#1578,#1330,.T.);
#1949=EDGE_CURVE('',#1579,#1579,#1331,.T.);
#1950=EDGE_CURVE('',#1579,#1580,#873,.T.);
#1951=EDGE_CURVE('',#1580,#1580,#1332,.T.);
#1952=EDGE_CURVE('',#1581,#1581,#1333,.T.);
#1953=EDGE_CURVE('',#1581,#1582,#874,.T.);
#1954=EDGE_CURVE('',#1582,#1582,#1334,.T.);
#1955=EDGE_CURVE('',#1583,#1583,#1335,.T.);
#1956=EDGE_CURVE('',#1583,#1584,#875,.T.);
#1957=EDGE_CURVE('',#1584,#1584,#1336,.T.);
#1958=EDGE_CURVE('',#1585,#1585,#1337,.T.);
#1959=EDGE_CURVE('',#1585,#1586,#876,.T.);
#1960=EDGE_CURVE('',#1586,#1586,#1338,.T.);
#1961=EDGE_CURVE('',#1587,#1587,#1339,.T.);
#1962=EDGE_CURVE('',#1587,#1588,#877,.T.);
#1963=EDGE_CURVE('',#1588,#1588,#1340,.T.);
#1964=EDGE_CURVE('',#1589,#1589,#1341,.T.);
#1965=EDGE_CURVE('',#1589,#1590,#878,.T.);
#1966=EDGE_CURVE('',#1590,#1590,#1342,.T.);
#1967=EDGE_CURVE('',#1591,#1591,#1343,.T.);
#1968=EDGE_CURVE('',#1591,#1592,#879,.T.);
#1969=EDGE_CURVE('',#1592,#1592,#1344,.T.);
#1970=EDGE_CURVE('',#1593,#1593,#1345,.T.);
#1971=EDGE_CURVE('',#1593,#1594,#880,.T.);
#1972=EDGE_CURVE('',#1594,#1594,#1346,.T.);
#1973=EDGE_CURVE('',#1595,#1595,#1347,.T.);
#1974=EDGE_CURVE('',#1595,#1596,#881,.T.);
#1975=EDGE_CURVE('',#1596,#1596,#1348,.T.);
#1976=EDGE_CURVE('',#1597,#1597,#1349,.T.);
#1977=EDGE_CURVE('',#1597,#1598,#882,.T.);
#1978=EDGE_CURVE('',#1598,#1598,#1350,.T.);
#1979=EDGE_CURVE('',#1599,#1599,#1351,.T.);
#1980=EDGE_CURVE('',#1599,#1600,#883,.T.);
#1981=EDGE_CURVE('',#1600,#1600,#1352,.T.);
#1982=EDGE_CURVE('',#1601,#1601,#1353,.T.);
#1983=EDGE_CURVE('',#1601,#1602,#884,.T.);
#1984=EDGE_CURVE('',#1602,#1602,#1354,.T.);
#1985=EDGE_CURVE('',#1603,#1603,#1355,.T.);
#1986=EDGE_CURVE('',#1603,#1604,#885,.T.);
#1987=EDGE_CURVE('',#1604,#1604,#1356,.T.);
#1988=EDGE_CURVE('',#1605,#1605,#1357,.T.);
#1989=EDGE_CURVE('',#1605,#1606,#886,.T.);
#1990=EDGE_CURVE('',#1606,#1606,#1358,.T.);
#1991=EDGE_CURVE('',#1607,#1607,#1359,.T.);
#1992=EDGE_CURVE('',#1607,#1608,#887,.T.);
#1993=EDGE_CURVE('',#1608,#1608,#1360,.T.);
#1994=EDGE_CURVE('',#1609,#1609,#1361,.T.);
#1995=EDGE_CURVE('',#1609,#1610,#888,.T.);
#1996=EDGE_CURVE('',#1610,#1610,#1362,.T.);
#1997=EDGE_CURVE('',#1611,#1611,#1363,.T.);
#1998=EDGE_CURVE('',#1611,#1612,#889,.T.);
#1999=EDGE_CURVE('',#1612,#1612,#1364,.T.);
#2000=EDGE_CURVE('',#1613,#1613,#1365,.T.);
#2001=EDGE_CURVE('',#1613,#1614,#890,.T.);
#2002=EDGE_CURVE('',#1614,#1614,#1366,.T.);
#2003=EDGE_CURVE('',#1615,#1615,#1367,.T.);
#2004=EDGE_CURVE('',#1615,#1616,#891,.T.);
#2005=EDGE_CURVE('',#1616,#1616,#1368,.T.);
#2006=EDGE_CURVE('',#1617,#1617,#1369,.T.);
#2007=EDGE_CURVE('',#1617,#1618,#892,.T.);
#2008=EDGE_CURVE('',#1618,#1618,#1370,.T.);
#2009=EDGE_CURVE('',#1619,#1619,#1371,.T.);
#2010=EDGE_CURVE('',#1619,#1620,#893,.T.);
#2011=EDGE_CURVE('',#1620,#1620,#1372,.T.);
#2012=EDGE_CURVE('',#1621,#1621,#1373,.T.);
#2013=EDGE_CURVE('',#1621,#1622,#894,.T.);
#2014=EDGE_CURVE('',#1622,#1622,#1374,.T.);
#2015=EDGE_CURVE('',#1623,#1624,#1375,.T.);
#2016=EDGE_CURVE('',#1624,#1625,#895,.T.);
#2017=EDGE_CURVE('',#1625,#1626,#1376,.T.);
#2018=EDGE_CURVE('',#1626,#1623,#896,.T.);
#2019=EDGE_CURVE('',#1627,#1626,#897,.T.);
#2020=EDGE_CURVE('',#1628,#1627,#898,.T.);
#2021=EDGE_CURVE('',#1623,#1628,#899,.T.);
#2022=EDGE_CURVE('',#1629,#1630,#900,.T.);
#2023=EDGE_CURVE('',#1627,#1630,#1377,.T.);
#2024=EDGE_CURVE('',#1631,#1625,#901,.T.);
#2025=EDGE_CURVE('',#1631,#1632,#902,.T.);
#2026=EDGE_CURVE('',#1632,#1633,#903,.T.);
#2027=EDGE_CURVE('',#1634,#1633,#1378,.T.);
#2028=EDGE_CURVE('',#1634,#1635,#904,.T.);
#2029=EDGE_CURVE('',#1636,#1635,#1379,.T.);
#2030=EDGE_CURVE('',#1636,#1637,#905,.T.);
#2031=EDGE_CURVE('',#1637,#1629,#1380,.T.);
#2032=EDGE_CURVE('',#1638,#1638,#1381,.T.);
#2033=EDGE_CURVE('',#1639,#1640,#1382,.T.);
#2034=EDGE_CURVE('',#1640,#1634,#906,.T.);
#2035=EDGE_CURVE('',#1633,#1639,#907,.T.);
#2036=EDGE_CURVE('',#1641,#1640,#908,.T.);
#2037=EDGE_CURVE('',#1635,#1641,#909,.T.);
#2038=EDGE_CURVE('',#1642,#1643,#1383,.T.);
#2039=EDGE_CURVE('',#1643,#1644,#910,.T.);
#2040=EDGE_CURVE('',#1644,#1645,#1384,.T.);
#2041=EDGE_CURVE('',#1645,#1642,#911,.T.);
#2042=EDGE_CURVE('',#1646,#1645,#912,.T.);
#2043=EDGE_CURVE('',#1646,#1647,#913,.T.);
#2044=EDGE_CURVE('',#1642,#1647,#914,.T.);
#2045=EDGE_CURVE('',#1648,#1644,#915,.T.);
#2046=EDGE_CURVE('',#1649,#1648,#916,.T.);
#2047=EDGE_CURVE('',#1649,#1650,#917,.T.);
#2048=EDGE_CURVE('',#1650,#1651,#918,.T.);
#2049=EDGE_CURVE('',#1651,#1652,#919,.T.);
#2050=EDGE_CURVE('',#1653,#1652,#1385,.T.);
#2051=EDGE_CURVE('',#1653,#1654,#920,.T.);
#2052=EDGE_CURVE('',#1654,#1646,#921,.T.);
#2053=EDGE_CURVE('',#1655,#1655,#1386,.T.);
#2054=EDGE_CURVE('',#1656,#1657,#1387,.T.);
#2055=EDGE_CURVE('',#1657,#1653,#922,.T.);
#2056=EDGE_CURVE('',#1652,#1656,#923,.T.);
#2057=EDGE_CURVE('',#1658,#1657,#924,.T.);
#2058=EDGE_CURVE('',#1658,#1654,#925,.T.);
#2059=EDGE_CURVE('',#1659,#1660,#1388,.T.);
#2060=EDGE_CURVE('',#1660,#1661,#926,.T.);
#2061=EDGE_CURVE('',#1661,#1662,#1389,.T.);
#2062=EDGE_CURVE('',#1662,#1659,#927,.T.);
#2063=EDGE_CURVE('',#1663,#1660,#928,.T.);
#2064=EDGE_CURVE('',#1663,#1664,#929,.T.);
#2065=EDGE_CURVE('',#1661,#1664,#930,.T.);
#2066=EDGE_CURVE('',#1659,#1665,#931,.T.);
#2067=EDGE_CURVE('',#1665,#1666,#1390,.T.);
#2068=EDGE_CURVE('',#1666,#1667,#932,.T.);
#2069=EDGE_CURVE('',#1668,#1667,#1391,.T.);
#2070=EDGE_CURVE('',#1668,#1669,#933,.T.);
#2071=EDGE_CURVE('',#1670,#1669,#934,.T.);
#2072=EDGE_CURVE('',#1670,#1671,#935,.T.);
#2073=EDGE_CURVE('',#1671,#1663,#936,.T.);
#2074=EDGE_CURVE('',#1672,#1673,#1392,.T.);
#2075=EDGE_CURVE('',#1673,#1668,#937,.T.);
#2076=EDGE_CURVE('',#1667,#1672,#938,.T.);
#2077=EDGE_CURVE('',#1674,#1673,#939,.T.);
#2078=EDGE_CURVE('',#1669,#1674,#940,.T.);
#2079=EDGE_CURVE('',#1641,#1675,#1393,.T.);
#2080=EDGE_CURVE('',#1675,#1636,#941,.T.);
#2081=EDGE_CURVE('',#1676,#1628,#1394,.T.);
#2082=EDGE_CURVE('',#1630,#1676,#942,.T.);
#2083=EDGE_CURVE('',#1677,#1677,#1395,.T.);
#2084=EDGE_CURVE('',#1677,#1655,#943,.T.);
#2085=EDGE_CURVE('',#1678,#1675,#944,.T.);
#2086=EDGE_CURVE('',#1637,#1678,#945,.T.);
#2087=EDGE_CURVE('',#1629,#1679,#946,.T.);
#2088=EDGE_CURVE('',#1676,#1679,#947,.T.);
#2089=EDGE_CURVE('',#1679,#1678,#1396,.T.);
#2090=EDGE_CURVE('',#1638,#1680,#948,.T.);
#2091=EDGE_CURVE('',#1680,#1680,#1397,.T.);
#2092=EDGE_CURVE('',#1681,#1662,#949,.T.);
#2093=EDGE_CURVE('',#1665,#1681,#950,.T.);
#2094=EDGE_CURVE('',#1666,#1682,#951,.T.);
#2095=EDGE_CURVE('',#1672,#1682,#952,.T.);
#2096=EDGE_CURVE('',#1682,#1681,#1398,.T.);
#2097=EDGE_CURVE('',#1683,#1684,#953,.T.);
#2098=EDGE_CURVE('',#1683,#1646,#1399,.T.);
#2099=EDGE_CURVE('',#1654,#1684,#1400,.T.);
#2100=EDGE_CURVE('',#1684,#1624,#954,.T.);
#2101=EDGE_CURVE('',#1684,#1631,#955,.T.);
#2102=EDGE_CURVE('',#1632,#1683,#956,.T.);
#2103=EDGE_CURVE('',#1647,#1632,#1401,.T.);
#2104=EDGE_CURVE('',#1658,#1631,#1402,.T.);
#2105=EDGE_CURVE('',#1639,#1683,#957,.T.);
#2106=EDGE_CURVE('',#1647,#1658,#958,.T.);
#2107=EDGE_CURVE('',#1685,#1686,#959,.T.);
#2108=EDGE_CURVE('',#1685,#1650,#1403,.T.);
#2109=EDGE_CURVE('',#1649,#1686,#1404,.T.);
#2110=EDGE_CURVE('',#1686,#1670,#960,.T.);
#2111=EDGE_CURVE('',#1686,#1674,#961,.T.);
#2112=EDGE_CURVE('',#1671,#1685,#962,.T.);
#2113=EDGE_CURVE('',#1687,#1671,#1405,.T.);
#2114=EDGE_CURVE('',#1650,#1687,#963,.T.);
#2115=EDGE_CURVE('',#1688,#1649,#964,.T.);
#2116=EDGE_CURVE('',#1688,#1670,#1406,.T.);
#2117=EDGE_CURVE('',#1664,#1685,#965,.T.);
#2118=EDGE_CURVE('',#1687,#1688,#966,.T.);
#2119=EDGE_CURVE('',#1648,#1689,#967,.T.);
#2120=EDGE_CURVE('',#1688,#1689,#968,.T.);
#2121=EDGE_CURVE('',#1690,#1687,#969,.T.);
#2122=EDGE_CURVE('',#1651,#1690,#970,.T.);
#2123=EDGE_CURVE('',#1656,#1690,#971,.T.);
#2124=EDGE_CURVE('',#1689,#1643,#972,.T.);
#2125=ORIENTED_EDGE('',*,*,#1691,.F.);
#2126=ORIENTED_EDGE('',*,*,#1692,.T.);
#2127=ORIENTED_EDGE('',*,*,#1693,.F.);
#2128=ORIENTED_EDGE('',*,*,#1692,.F.);
#2129=ORIENTED_EDGE('',*,*,#1694,.F.);
#2130=ORIENTED_EDGE('',*,*,#1695,.T.);
#2131=ORIENTED_EDGE('',*,*,#1696,.F.);
#2132=ORIENTED_EDGE('',*,*,#1695,.F.);
#2133=ORIENTED_EDGE('',*,*,#1697,.F.);
#2134=ORIENTED_EDGE('',*,*,#1698,.T.);
#2135=ORIENTED_EDGE('',*,*,#1699,.F.);
#2136=ORIENTED_EDGE('',*,*,#1698,.F.);
#2137=ORIENTED_EDGE('',*,*,#1700,.F.);
#2138=ORIENTED_EDGE('',*,*,#1701,.T.);
#2139=ORIENTED_EDGE('',*,*,#1702,.F.);
#2140=ORIENTED_EDGE('',*,*,#1701,.F.);
#2141=ORIENTED_EDGE('',*,*,#1703,.F.);
#2142=ORIENTED_EDGE('',*,*,#1704,.T.);
#2143=ORIENTED_EDGE('',*,*,#1705,.F.);
#2144=ORIENTED_EDGE('',*,*,#1704,.F.);
#2145=ORIENTED_EDGE('',*,*,#1706,.F.);
#2146=ORIENTED_EDGE('',*,*,#1707,.T.);
#2147=ORIENTED_EDGE('',*,*,#1708,.F.);
#2148=ORIENTED_EDGE('',*,*,#1707,.F.);
#2149=ORIENTED_EDGE('',*,*,#1709,.F.);
#2150=ORIENTED_EDGE('',*,*,#1710,.T.);
#2151=ORIENTED_EDGE('',*,*,#1711,.F.);
#2152=ORIENTED_EDGE('',*,*,#1710,.F.);
#2153=ORIENTED_EDGE('',*,*,#1712,.F.);
#2154=ORIENTED_EDGE('',*,*,#1713,.T.);
#2155=ORIENTED_EDGE('',*,*,#1714,.F.);
#2156=ORIENTED_EDGE('',*,*,#1713,.F.);
#2157=ORIENTED_EDGE('',*,*,#1715,.F.);
#2158=ORIENTED_EDGE('',*,*,#1716,.T.);
#2159=ORIENTED_EDGE('',*,*,#1717,.F.);
#2160=ORIENTED_EDGE('',*,*,#1716,.F.);
#2161=ORIENTED_EDGE('',*,*,#1718,.F.);
#2162=ORIENTED_EDGE('',*,*,#1719,.T.);
#2163=ORIENTED_EDGE('',*,*,#1720,.F.);
#2164=ORIENTED_EDGE('',*,*,#1719,.F.);
#2165=ORIENTED_EDGE('',*,*,#1721,.F.);
#2166=ORIENTED_EDGE('',*,*,#1722,.T.);
#2167=ORIENTED_EDGE('',*,*,#1723,.F.);
#2168=ORIENTED_EDGE('',*,*,#1722,.F.);
#2169=ORIENTED_EDGE('',*,*,#1724,.F.);
#2170=ORIENTED_EDGE('',*,*,#1725,.T.);
#2171=ORIENTED_EDGE('',*,*,#1726,.F.);
#2172=ORIENTED_EDGE('',*,*,#1725,.F.);
#2173=ORIENTED_EDGE('',*,*,#1727,.F.);
#2174=ORIENTED_EDGE('',*,*,#1728,.T.);
#2175=ORIENTED_EDGE('',*,*,#1729,.F.);
#2176=ORIENTED_EDGE('',*,*,#1728,.F.);
#2177=ORIENTED_EDGE('',*,*,#1730,.F.);
#2178=ORIENTED_EDGE('',*,*,#1731,.T.);
#2179=ORIENTED_EDGE('',*,*,#1732,.F.);
#2180=ORIENTED_EDGE('',*,*,#1731,.F.);
#2181=ORIENTED_EDGE('',*,*,#1733,.F.);
#2182=ORIENTED_EDGE('',*,*,#1734,.T.);
#2183=ORIENTED_EDGE('',*,*,#1735,.F.);
#2184=ORIENTED_EDGE('',*,*,#1734,.F.);
#2185=ORIENTED_EDGE('',*,*,#1736,.F.);
#2186=ORIENTED_EDGE('',*,*,#1737,.T.);
#2187=ORIENTED_EDGE('',*,*,#1738,.F.);
#2188=ORIENTED_EDGE('',*,*,#1737,.F.);
#2189=ORIENTED_EDGE('',*,*,#1739,.F.);
#2190=ORIENTED_EDGE('',*,*,#1740,.T.);
#2191=ORIENTED_EDGE('',*,*,#1741,.F.);
#2192=ORIENTED_EDGE('',*,*,#1740,.F.);
#2193=ORIENTED_EDGE('',*,*,#1742,.F.);
#2194=ORIENTED_EDGE('',*,*,#1743,.T.);
#2195=ORIENTED_EDGE('',*,*,#1744,.F.);
#2196=ORIENTED_EDGE('',*,*,#1743,.F.);
#2197=ORIENTED_EDGE('',*,*,#1745,.F.);
#2198=ORIENTED_EDGE('',*,*,#1746,.T.);
#2199=ORIENTED_EDGE('',*,*,#1747,.F.);
#2200=ORIENTED_EDGE('',*,*,#1746,.F.);
#2201=ORIENTED_EDGE('',*,*,#1748,.F.);
#2202=ORIENTED_EDGE('',*,*,#1749,.T.);
#2203=ORIENTED_EDGE('',*,*,#1750,.F.);
#2204=ORIENTED_EDGE('',*,*,#1749,.F.);
#2205=ORIENTED_EDGE('',*,*,#1751,.F.);
#2206=ORIENTED_EDGE('',*,*,#1752,.T.);
#2207=ORIENTED_EDGE('',*,*,#1753,.F.);
#2208=ORIENTED_EDGE('',*,*,#1752,.F.);
#2209=ORIENTED_EDGE('',*,*,#1754,.F.);
#2210=ORIENTED_EDGE('',*,*,#1755,.T.);
#2211=ORIENTED_EDGE('',*,*,#1756,.F.);
#2212=ORIENTED_EDGE('',*,*,#1755,.F.);
#2213=ORIENTED_EDGE('',*,*,#1757,.F.);
#2214=ORIENTED_EDGE('',*,*,#1758,.T.);
#2215=ORIENTED_EDGE('',*,*,#1759,.F.);
#2216=ORIENTED_EDGE('',*,*,#1758,.F.);
#2217=ORIENTED_EDGE('',*,*,#1760,.F.);
#2218=ORIENTED_EDGE('',*,*,#1761,.T.);
#2219=ORIENTED_EDGE('',*,*,#1762,.F.);
#2220=ORIENTED_EDGE('',*,*,#1761,.F.);
#2221=ORIENTED_EDGE('',*,*,#1763,.F.);
#2222=ORIENTED_EDGE('',*,*,#1764,.T.);
#2223=ORIENTED_EDGE('',*,*,#1765,.F.);
#2224=ORIENTED_EDGE('',*,*,#1764,.F.);
#2225=ORIENTED_EDGE('',*,*,#1766,.F.);
#2226=ORIENTED_EDGE('',*,*,#1767,.T.);
#2227=ORIENTED_EDGE('',*,*,#1768,.F.);
#2228=ORIENTED_EDGE('',*,*,#1767,.F.);
#2229=ORIENTED_EDGE('',*,*,#1769,.F.);
#2230=ORIENTED_EDGE('',*,*,#1770,.T.);
#2231=ORIENTED_EDGE('',*,*,#1771,.F.);
#2232=ORIENTED_EDGE('',*,*,#1770,.F.);
#2233=ORIENTED_EDGE('',*,*,#1772,.F.);
#2234=ORIENTED_EDGE('',*,*,#1773,.T.);
#2235=ORIENTED_EDGE('',*,*,#1774,.F.);
#2236=ORIENTED_EDGE('',*,*,#1773,.F.);
#2237=ORIENTED_EDGE('',*,*,#1775,.F.);
#2238=ORIENTED_EDGE('',*,*,#1776,.T.);
#2239=ORIENTED_EDGE('',*,*,#1777,.F.);
#2240=ORIENTED_EDGE('',*,*,#1776,.F.);
#2241=ORIENTED_EDGE('',*,*,#1778,.F.);
#2242=ORIENTED_EDGE('',*,*,#1779,.T.);
#2243=ORIENTED_EDGE('',*,*,#1780,.F.);
#2244=ORIENTED_EDGE('',*,*,#1779,.F.);
#2245=ORIENTED_EDGE('',*,*,#1781,.F.);
#2246=ORIENTED_EDGE('',*,*,#1782,.T.);
#2247=ORIENTED_EDGE('',*,*,#1783,.F.);
#2248=ORIENTED_EDGE('',*,*,#1782,.F.);
#2249=ORIENTED_EDGE('',*,*,#1784,.F.);
#2250=ORIENTED_EDGE('',*,*,#1785,.T.);
#2251=ORIENTED_EDGE('',*,*,#1786,.F.);
#2252=ORIENTED_EDGE('',*,*,#1785,.F.);
#2253=ORIENTED_EDGE('',*,*,#1787,.F.);
#2254=ORIENTED_EDGE('',*,*,#1788,.T.);
#2255=ORIENTED_EDGE('',*,*,#1789,.F.);
#2256=ORIENTED_EDGE('',*,*,#1788,.F.);
#2257=ORIENTED_EDGE('',*,*,#1790,.F.);
#2258=ORIENTED_EDGE('',*,*,#1791,.T.);
#2259=ORIENTED_EDGE('',*,*,#1792,.F.);
#2260=ORIENTED_EDGE('',*,*,#1791,.F.);
#2261=ORIENTED_EDGE('',*,*,#1793,.F.);
#2262=ORIENTED_EDGE('',*,*,#1794,.T.);
#2263=ORIENTED_EDGE('',*,*,#1795,.F.);
#2264=ORIENTED_EDGE('',*,*,#1794,.F.);
#2265=ORIENTED_EDGE('',*,*,#1796,.F.);
#2266=ORIENTED_EDGE('',*,*,#1797,.T.);
#2267=ORIENTED_EDGE('',*,*,#1798,.F.);
#2268=ORIENTED_EDGE('',*,*,#1797,.F.);
#2269=ORIENTED_EDGE('',*,*,#1799,.F.);
#2270=ORIENTED_EDGE('',*,*,#1800,.T.);
#2271=ORIENTED_EDGE('',*,*,#1801,.F.);
#2272=ORIENTED_EDGE('',*,*,#1800,.F.);
#2273=ORIENTED_EDGE('',*,*,#1802,.F.);
#2274=ORIENTED_EDGE('',*,*,#1803,.T.);
#2275=ORIENTED_EDGE('',*,*,#1804,.F.);
#2276=ORIENTED_EDGE('',*,*,#1803,.F.);
#2277=ORIENTED_EDGE('',*,*,#1805,.F.);
#2278=ORIENTED_EDGE('',*,*,#1806,.T.);
#2279=ORIENTED_EDGE('',*,*,#1807,.F.);
#2280=ORIENTED_EDGE('',*,*,#1806,.F.);
#2281=ORIENTED_EDGE('',*,*,#1808,.F.);
#2282=ORIENTED_EDGE('',*,*,#1809,.T.);
#2283=ORIENTED_EDGE('',*,*,#1810,.F.);
#2284=ORIENTED_EDGE('',*,*,#1809,.F.);
#2285=ORIENTED_EDGE('',*,*,#1811,.F.);
#2286=ORIENTED_EDGE('',*,*,#1812,.T.);
#2287=ORIENTED_EDGE('',*,*,#1813,.F.);
#2288=ORIENTED_EDGE('',*,*,#1812,.F.);
#2289=ORIENTED_EDGE('',*,*,#1814,.F.);
#2290=ORIENTED_EDGE('',*,*,#1815,.T.);
#2291=ORIENTED_EDGE('',*,*,#1816,.F.);
#2292=ORIENTED_EDGE('',*,*,#1815,.F.);
#2293=ORIENTED_EDGE('',*,*,#1817,.F.);
#2294=ORIENTED_EDGE('',*,*,#1818,.T.);
#2295=ORIENTED_EDGE('',*,*,#1819,.F.);
#2296=ORIENTED_EDGE('',*,*,#1818,.F.);
#2297=ORIENTED_EDGE('',*,*,#1820,.F.);
#2298=ORIENTED_EDGE('',*,*,#1821,.T.);
#2299=ORIENTED_EDGE('',*,*,#1822,.F.);
#2300=ORIENTED_EDGE('',*,*,#1821,.F.);
#2301=ORIENTED_EDGE('',*,*,#1823,.F.);
#2302=ORIENTED_EDGE('',*,*,#1824,.T.);
#2303=ORIENTED_EDGE('',*,*,#1825,.F.);
#2304=ORIENTED_EDGE('',*,*,#1824,.F.);
#2305=ORIENTED_EDGE('',*,*,#1826,.F.);
#2306=ORIENTED_EDGE('',*,*,#1827,.T.);
#2307=ORIENTED_EDGE('',*,*,#1828,.F.);
#2308=ORIENTED_EDGE('',*,*,#1827,.F.);
#2309=ORIENTED_EDGE('',*,*,#1829,.F.);
#2310=ORIENTED_EDGE('',*,*,#1830,.T.);
#2311=ORIENTED_EDGE('',*,*,#1831,.F.);
#2312=ORIENTED_EDGE('',*,*,#1830,.F.);
#2313=ORIENTED_EDGE('',*,*,#1832,.F.);
#2314=ORIENTED_EDGE('',*,*,#1833,.T.);
#2315=ORIENTED_EDGE('',*,*,#1834,.F.);
#2316=ORIENTED_EDGE('',*,*,#1833,.F.);
#2317=ORIENTED_EDGE('',*,*,#1835,.F.);
#2318=ORIENTED_EDGE('',*,*,#1836,.T.);
#2319=ORIENTED_EDGE('',*,*,#1837,.F.);
#2320=ORIENTED_EDGE('',*,*,#1836,.F.);
#2321=ORIENTED_EDGE('',*,*,#1838,.F.);
#2322=ORIENTED_EDGE('',*,*,#1839,.T.);
#2323=ORIENTED_EDGE('',*,*,#1840,.F.);
#2324=ORIENTED_EDGE('',*,*,#1839,.F.);
#2325=ORIENTED_EDGE('',*,*,#1841,.F.);
#2326=ORIENTED_EDGE('',*,*,#1842,.T.);
#2327=ORIENTED_EDGE('',*,*,#1843,.F.);
#2328=ORIENTED_EDGE('',*,*,#1842,.F.);
#2329=ORIENTED_EDGE('',*,*,#1844,.F.);
#2330=ORIENTED_EDGE('',*,*,#1845,.T.);
#2331=ORIENTED_EDGE('',*,*,#1846,.F.);
#2332=ORIENTED_EDGE('',*,*,#1845,.F.);
#2333=ORIENTED_EDGE('',*,*,#1847,.F.);
#2334=ORIENTED_EDGE('',*,*,#1848,.T.);
#2335=ORIENTED_EDGE('',*,*,#1849,.F.);
#2336=ORIENTED_EDGE('',*,*,#1848,.F.);
#2337=ORIENTED_EDGE('',*,*,#1850,.F.);
#2338=ORIENTED_EDGE('',*,*,#1851,.T.);
#2339=ORIENTED_EDGE('',*,*,#1852,.F.);
#2340=ORIENTED_EDGE('',*,*,#1851,.F.);
#2341=ORIENTED_EDGE('',*,*,#1853,.F.);
#2342=ORIENTED_EDGE('',*,*,#1854,.T.);
#2343=ORIENTED_EDGE('',*,*,#1855,.F.);
#2344=ORIENTED_EDGE('',*,*,#1854,.F.);
#2345=ORIENTED_EDGE('',*,*,#1856,.F.);
#2346=ORIENTED_EDGE('',*,*,#1857,.T.);
#2347=ORIENTED_EDGE('',*,*,#1858,.F.);
#2348=ORIENTED_EDGE('',*,*,#1857,.F.);
#2349=ORIENTED_EDGE('',*,*,#1859,.F.);
#2350=ORIENTED_EDGE('',*,*,#1860,.T.);
#2351=ORIENTED_EDGE('',*,*,#1861,.F.);
#2352=ORIENTED_EDGE('',*,*,#1860,.F.);
#2353=ORIENTED_EDGE('',*,*,#1862,.F.);
#2354=ORIENTED_EDGE('',*,*,#1863,.T.);
#2355=ORIENTED_EDGE('',*,*,#1864,.F.);
#2356=ORIENTED_EDGE('',*,*,#1863,.F.);
#2357=ORIENTED_EDGE('',*,*,#1865,.F.);
#2358=ORIENTED_EDGE('',*,*,#1866,.T.);
#2359=ORIENTED_EDGE('',*,*,#1867,.F.);
#2360=ORIENTED_EDGE('',*,*,#1866,.F.);
#2361=ORIENTED_EDGE('',*,*,#1868,.F.);
#2362=ORIENTED_EDGE('',*,*,#1869,.T.);
#2363=ORIENTED_EDGE('',*,*,#1870,.F.);
#2364=ORIENTED_EDGE('',*,*,#1869,.F.);
#2365=ORIENTED_EDGE('',*,*,#1871,.F.);
#2366=ORIENTED_EDGE('',*,*,#1872,.T.);
#2367=ORIENTED_EDGE('',*,*,#1873,.F.);
#2368=ORIENTED_EDGE('',*,*,#1872,.F.);
#2369=ORIENTED_EDGE('',*,*,#1874,.F.);
#2370=ORIENTED_EDGE('',*,*,#1875,.T.);
#2371=ORIENTED_EDGE('',*,*,#1876,.F.);
#2372=ORIENTED_EDGE('',*,*,#1875,.F.);
#2373=ORIENTED_EDGE('',*,*,#1877,.F.);
#2374=ORIENTED_EDGE('',*,*,#1878,.T.);
#2375=ORIENTED_EDGE('',*,*,#1879,.F.);
#2376=ORIENTED_EDGE('',*,*,#1878,.F.);
#2377=ORIENTED_EDGE('',*,*,#1880,.F.);
#2378=ORIENTED_EDGE('',*,*,#1881,.T.);
#2379=ORIENTED_EDGE('',*,*,#1882,.F.);
#2380=ORIENTED_EDGE('',*,*,#1881,.F.);
#2381=ORIENTED_EDGE('',*,*,#1883,.F.);
#2382=ORIENTED_EDGE('',*,*,#1884,.T.);
#2383=ORIENTED_EDGE('',*,*,#1885,.F.);
#2384=ORIENTED_EDGE('',*,*,#1884,.F.);
#2385=ORIENTED_EDGE('',*,*,#1886,.F.);
#2386=ORIENTED_EDGE('',*,*,#1887,.T.);
#2387=ORIENTED_EDGE('',*,*,#1888,.F.);
#2388=ORIENTED_EDGE('',*,*,#1887,.F.);
#2389=ORIENTED_EDGE('',*,*,#1889,.F.);
#2390=ORIENTED_EDGE('',*,*,#1890,.T.);
#2391=ORIENTED_EDGE('',*,*,#1891,.F.);
#2392=ORIENTED_EDGE('',*,*,#1890,.F.);
#2393=ORIENTED_EDGE('',*,*,#1892,.F.);
#2394=ORIENTED_EDGE('',*,*,#1893,.T.);
#2395=ORIENTED_EDGE('',*,*,#1894,.F.);
#2396=ORIENTED_EDGE('',*,*,#1893,.F.);
#2397=ORIENTED_EDGE('',*,*,#1895,.F.);
#2398=ORIENTED_EDGE('',*,*,#1896,.T.);
#2399=ORIENTED_EDGE('',*,*,#1897,.F.);
#2400=ORIENTED_EDGE('',*,*,#1896,.F.);
#2401=ORIENTED_EDGE('',*,*,#1898,.F.);
#2402=ORIENTED_EDGE('',*,*,#1899,.T.);
#2403=ORIENTED_EDGE('',*,*,#1900,.F.);
#2404=ORIENTED_EDGE('',*,*,#1899,.F.);
#2405=ORIENTED_EDGE('',*,*,#1901,.F.);
#2406=ORIENTED_EDGE('',*,*,#1902,.T.);
#2407=ORIENTED_EDGE('',*,*,#1903,.F.);
#2408=ORIENTED_EDGE('',*,*,#1902,.F.);
#2409=ORIENTED_EDGE('',*,*,#1904,.F.);
#2410=ORIENTED_EDGE('',*,*,#1905,.T.);
#2411=ORIENTED_EDGE('',*,*,#1906,.F.);
#2412=ORIENTED_EDGE('',*,*,#1905,.F.);
#2413=ORIENTED_EDGE('',*,*,#1907,.F.);
#2414=ORIENTED_EDGE('',*,*,#1908,.T.);
#2415=ORIENTED_EDGE('',*,*,#1909,.F.);
#2416=ORIENTED_EDGE('',*,*,#1908,.F.);
#2417=ORIENTED_EDGE('',*,*,#1910,.F.);
#2418=ORIENTED_EDGE('',*,*,#1911,.T.);
#2419=ORIENTED_EDGE('',*,*,#1912,.F.);
#2420=ORIENTED_EDGE('',*,*,#1911,.F.);
#2421=ORIENTED_EDGE('',*,*,#1913,.F.);
#2422=ORIENTED_EDGE('',*,*,#1914,.T.);
#2423=ORIENTED_EDGE('',*,*,#1915,.F.);
#2424=ORIENTED_EDGE('',*,*,#1914,.F.);
#2425=ORIENTED_EDGE('',*,*,#1916,.F.);
#2426=ORIENTED_EDGE('',*,*,#1917,.T.);
#2427=ORIENTED_EDGE('',*,*,#1918,.F.);
#2428=ORIENTED_EDGE('',*,*,#1917,.F.);
#2429=ORIENTED_EDGE('',*,*,#1919,.F.);
#2430=ORIENTED_EDGE('',*,*,#1920,.T.);
#2431=ORIENTED_EDGE('',*,*,#1921,.F.);
#2432=ORIENTED_EDGE('',*,*,#1920,.F.);
#2433=ORIENTED_EDGE('',*,*,#1922,.F.);
#2434=ORIENTED_EDGE('',*,*,#1923,.T.);
#2435=ORIENTED_EDGE('',*,*,#1924,.F.);
#2436=ORIENTED_EDGE('',*,*,#1923,.F.);
#2437=ORIENTED_EDGE('',*,*,#1925,.F.);
#2438=ORIENTED_EDGE('',*,*,#1926,.T.);
#2439=ORIENTED_EDGE('',*,*,#1927,.F.);
#2440=ORIENTED_EDGE('',*,*,#1926,.F.);
#2441=ORIENTED_EDGE('',*,*,#1928,.F.);
#2442=ORIENTED_EDGE('',*,*,#1929,.T.);
#2443=ORIENTED_EDGE('',*,*,#1930,.F.);
#2444=ORIENTED_EDGE('',*,*,#1929,.F.);
#2445=ORIENTED_EDGE('',*,*,#1931,.F.);
#2446=ORIENTED_EDGE('',*,*,#1932,.T.);
#2447=ORIENTED_EDGE('',*,*,#1933,.F.);
#2448=ORIENTED_EDGE('',*,*,#1932,.F.);
#2449=ORIENTED_EDGE('',*,*,#1934,.F.);
#2450=ORIENTED_EDGE('',*,*,#1935,.T.);
#2451=ORIENTED_EDGE('',*,*,#1936,.F.);
#2452=ORIENTED_EDGE('',*,*,#1935,.F.);
#2453=ORIENTED_EDGE('',*,*,#1937,.F.);
#2454=ORIENTED_EDGE('',*,*,#1938,.T.);
#2455=ORIENTED_EDGE('',*,*,#1939,.F.);
#2456=ORIENTED_EDGE('',*,*,#1938,.F.);
#2457=ORIENTED_EDGE('',*,*,#1940,.F.);
#2458=ORIENTED_EDGE('',*,*,#1941,.T.);
#2459=ORIENTED_EDGE('',*,*,#1942,.F.);
#2460=ORIENTED_EDGE('',*,*,#1941,.F.);
#2461=ORIENTED_EDGE('',*,*,#1943,.F.);
#2462=ORIENTED_EDGE('',*,*,#1944,.T.);
#2463=ORIENTED_EDGE('',*,*,#1945,.F.);
#2464=ORIENTED_EDGE('',*,*,#1944,.F.);
#2465=ORIENTED_EDGE('',*,*,#1946,.F.);
#2466=ORIENTED_EDGE('',*,*,#1947,.T.);
#2467=ORIENTED_EDGE('',*,*,#1948,.F.);
#2468=ORIENTED_EDGE('',*,*,#1947,.F.);
#2469=ORIENTED_EDGE('',*,*,#1949,.F.);
#2470=ORIENTED_EDGE('',*,*,#1950,.T.);
#2471=ORIENTED_EDGE('',*,*,#1951,.F.);
#2472=ORIENTED_EDGE('',*,*,#1950,.F.);
#2473=ORIENTED_EDGE('',*,*,#1952,.F.);
#2474=ORIENTED_EDGE('',*,*,#1953,.T.);
#2475=ORIENTED_EDGE('',*,*,#1954,.F.);
#2476=ORIENTED_EDGE('',*,*,#1953,.F.);
#2477=ORIENTED_EDGE('',*,*,#1955,.F.);
#2478=ORIENTED_EDGE('',*,*,#1956,.T.);
#2479=ORIENTED_EDGE('',*,*,#1957,.F.);
#2480=ORIENTED_EDGE('',*,*,#1956,.F.);
#2481=ORIENTED_EDGE('',*,*,#1958,.F.);
#2482=ORIENTED_EDGE('',*,*,#1959,.T.);
#2483=ORIENTED_EDGE('',*,*,#1960,.F.);
#2484=ORIENTED_EDGE('',*,*,#1959,.F.);
#2485=ORIENTED_EDGE('',*,*,#1961,.F.);
#2486=ORIENTED_EDGE('',*,*,#1962,.T.);
#2487=ORIENTED_EDGE('',*,*,#1963,.F.);
#2488=ORIENTED_EDGE('',*,*,#1962,.F.);
#2489=ORIENTED_EDGE('',*,*,#1964,.F.);
#2490=ORIENTED_EDGE('',*,*,#1965,.T.);
#2491=ORIENTED_EDGE('',*,*,#1966,.F.);
#2492=ORIENTED_EDGE('',*,*,#1965,.F.);
#2493=ORIENTED_EDGE('',*,*,#1967,.F.);
#2494=ORIENTED_EDGE('',*,*,#1968,.T.);
#2495=ORIENTED_EDGE('',*,*,#1969,.F.);
#2496=ORIENTED_EDGE('',*,*,#1968,.F.);
#2497=ORIENTED_EDGE('',*,*,#1970,.F.);
#2498=ORIENTED_EDGE('',*,*,#1971,.T.);
#2499=ORIENTED_EDGE('',*,*,#1972,.F.);
#2500=ORIENTED_EDGE('',*,*,#1971,.F.);
#2501=ORIENTED_EDGE('',*,*,#1973,.F.);
#2502=ORIENTED_EDGE('',*,*,#1974,.T.);
#2503=ORIENTED_EDGE('',*,*,#1975,.F.);
#2504=ORIENTED_EDGE('',*,*,#1974,.F.);
#2505=ORIENTED_EDGE('',*,*,#1976,.F.);
#2506=ORIENTED_EDGE('',*,*,#1977,.T.);
#2507=ORIENTED_EDGE('',*,*,#1978,.F.);
#2508=ORIENTED_EDGE('',*,*,#1977,.F.);
#2509=ORIENTED_EDGE('',*,*,#1979,.F.);
#2510=ORIENTED_EDGE('',*,*,#1980,.T.);
#2511=ORIENTED_EDGE('',*,*,#1981,.F.);
#2512=ORIENTED_EDGE('',*,*,#1980,.F.);
#2513=ORIENTED_EDGE('',*,*,#1982,.F.);
#2514=ORIENTED_EDGE('',*,*,#1983,.T.);
#2515=ORIENTED_EDGE('',*,*,#1984,.F.);
#2516=ORIENTED_EDGE('',*,*,#1983,.F.);
#2517=ORIENTED_EDGE('',*,*,#1985,.F.);
#2518=ORIENTED_EDGE('',*,*,#1986,.T.);
#2519=ORIENTED_EDGE('',*,*,#1987,.F.);
#2520=ORIENTED_EDGE('',*,*,#1986,.F.);
#2521=ORIENTED_EDGE('',*,*,#1988,.F.);
#2522=ORIENTED_EDGE('',*,*,#1989,.T.);
#2523=ORIENTED_EDGE('',*,*,#1990,.F.);
#2524=ORIENTED_EDGE('',*,*,#1989,.F.);
#2525=ORIENTED_EDGE('',*,*,#1991,.F.);
#2526=ORIENTED_EDGE('',*,*,#1992,.T.);
#2527=ORIENTED_EDGE('',*,*,#1993,.F.);
#2528=ORIENTED_EDGE('',*,*,#1992,.F.);
#2529=ORIENTED_EDGE('',*,*,#1994,.F.);
#2530=ORIENTED_EDGE('',*,*,#1995,.T.);
#2531=ORIENTED_EDGE('',*,*,#1996,.F.);
#2532=ORIENTED_EDGE('',*,*,#1995,.F.);
#2533=ORIENTED_EDGE('',*,*,#1997,.F.);
#2534=ORIENTED_EDGE('',*,*,#1998,.T.);
#2535=ORIENTED_EDGE('',*,*,#1999,.F.);
#2536=ORIENTED_EDGE('',*,*,#1998,.F.);
#2537=ORIENTED_EDGE('',*,*,#2000,.F.);
#2538=ORIENTED_EDGE('',*,*,#2001,.T.);
#2539=ORIENTED_EDGE('',*,*,#2002,.F.);
#2540=ORIENTED_EDGE('',*,*,#2001,.F.);
#2541=ORIENTED_EDGE('',*,*,#2003,.F.);
#2542=ORIENTED_EDGE('',*,*,#2004,.T.);
#2543=ORIENTED_EDGE('',*,*,#2005,.F.);
#2544=ORIENTED_EDGE('',*,*,#2004,.F.);
#2545=ORIENTED_EDGE('',*,*,#2006,.F.);
#2546=ORIENTED_EDGE('',*,*,#2007,.T.);
#2547=ORIENTED_EDGE('',*,*,#2008,.F.);
#2548=ORIENTED_EDGE('',*,*,#2007,.F.);
#2549=ORIENTED_EDGE('',*,*,#2009,.F.);
#2550=ORIENTED_EDGE('',*,*,#2010,.T.);
#2551=ORIENTED_EDGE('',*,*,#2011,.F.);
#2552=ORIENTED_EDGE('',*,*,#2010,.F.);
#2553=ORIENTED_EDGE('',*,*,#2012,.F.);
#2554=ORIENTED_EDGE('',*,*,#2013,.T.);
#2555=ORIENTED_EDGE('',*,*,#2014,.F.);
#2556=ORIENTED_EDGE('',*,*,#2013,.F.);
#2557=ORIENTED_EDGE('',*,*,#2015,.T.);
#2558=ORIENTED_EDGE('',*,*,#2016,.T.);
#2559=ORIENTED_EDGE('',*,*,#2017,.T.);
#2560=ORIENTED_EDGE('',*,*,#2018,.T.);
#2561=ORIENTED_EDGE('',*,*,#2018,.F.);
#2562=ORIENTED_EDGE('',*,*,#2019,.F.);
#2563=ORIENTED_EDGE('',*,*,#2020,.F.);
#2564=ORIENTED_EDGE('',*,*,#2021,.F.);
#2565=ORIENTED_EDGE('',*,*,#2022,.T.);
#2566=ORIENTED_EDGE('',*,*,#2023,.F.);
#2567=ORIENTED_EDGE('',*,*,#2019,.T.);
#2568=ORIENTED_EDGE('',*,*,#2017,.F.);
#2569=ORIENTED_EDGE('',*,*,#2024,.F.);
#2570=ORIENTED_EDGE('',*,*,#2025,.T.);
#2571=ORIENTED_EDGE('',*,*,#2026,.T.);
#2572=ORIENTED_EDGE('',*,*,#2027,.F.);
#2573=ORIENTED_EDGE('',*,*,#2028,.T.);
#2574=ORIENTED_EDGE('',*,*,#2029,.F.);
#2575=ORIENTED_EDGE('',*,*,#2030,.T.);
#2576=ORIENTED_EDGE('',*,*,#2031,.T.);
#2577=ORIENTED_EDGE('',*,*,#1691,.T.);
#2578=ORIENTED_EDGE('',*,*,#1694,.T.);
#2579=ORIENTED_EDGE('',*,*,#1697,.T.);
#2580=ORIENTED_EDGE('',*,*,#1700,.T.);
#2581=ORIENTED_EDGE('',*,*,#1703,.T.);
#2582=ORIENTED_EDGE('',*,*,#1706,.T.);
#2583=ORIENTED_EDGE('',*,*,#1709,.T.);
#2584=ORIENTED_EDGE('',*,*,#1712,.T.);
#2585=ORIENTED_EDGE('',*,*,#1715,.T.);
#2586=ORIENTED_EDGE('',*,*,#1718,.T.);
#2587=ORIENTED_EDGE('',*,*,#1721,.T.);
#2588=ORIENTED_EDGE('',*,*,#1724,.T.);
#2589=ORIENTED_EDGE('',*,*,#1727,.T.);
#2590=ORIENTED_EDGE('',*,*,#1730,.T.);
#2591=ORIENTED_EDGE('',*,*,#1733,.T.);
#2592=ORIENTED_EDGE('',*,*,#1736,.T.);
#2593=ORIENTED_EDGE('',*,*,#1739,.T.);
#2594=ORIENTED_EDGE('',*,*,#1742,.T.);
#2595=ORIENTED_EDGE('',*,*,#1745,.T.);
#2596=ORIENTED_EDGE('',*,*,#1748,.T.);
#2597=ORIENTED_EDGE('',*,*,#1751,.T.);
#2598=ORIENTED_EDGE('',*,*,#1754,.T.);
#2599=ORIENTED_EDGE('',*,*,#1757,.T.);
#2600=ORIENTED_EDGE('',*,*,#1760,.T.);
#2601=ORIENTED_EDGE('',*,*,#1763,.T.);
#2602=ORIENTED_EDGE('',*,*,#1766,.T.);
#2603=ORIENTED_EDGE('',*,*,#1769,.T.);
#2604=ORIENTED_EDGE('',*,*,#1772,.T.);
#2605=ORIENTED_EDGE('',*,*,#1775,.T.);
#2606=ORIENTED_EDGE('',*,*,#1778,.T.);
#2607=ORIENTED_EDGE('',*,*,#1781,.T.);
#2608=ORIENTED_EDGE('',*,*,#1784,.T.);
#2609=ORIENTED_EDGE('',*,*,#1787,.T.);
#2610=ORIENTED_EDGE('',*,*,#1790,.T.);
#2611=ORIENTED_EDGE('',*,*,#2032,.T.);
#2612=ORIENTED_EDGE('',*,*,#2033,.T.);
#2613=ORIENTED_EDGE('',*,*,#2034,.T.);
#2614=ORIENTED_EDGE('',*,*,#2027,.T.);
#2615=ORIENTED_EDGE('',*,*,#2035,.T.);
#2616=ORIENTED_EDGE('',*,*,#2034,.F.);
#2617=ORIENTED_EDGE('',*,*,#2036,.F.);
#2618=ORIENTED_EDGE('',*,*,#2037,.F.);
#2619=ORIENTED_EDGE('',*,*,#2028,.F.);
#2620=ORIENTED_EDGE('',*,*,#2038,.T.);
#2621=ORIENTED_EDGE('',*,*,#2039,.T.);
#2622=ORIENTED_EDGE('',*,*,#2040,.T.);
#2623=ORIENTED_EDGE('',*,*,#2041,.T.);
#2624=ORIENTED_EDGE('',*,*,#2041,.F.);
#2625=ORIENTED_EDGE('',*,*,#2042,.F.);
#2626=ORIENTED_EDGE('',*,*,#2043,.T.);
#2627=ORIENTED_EDGE('',*,*,#2044,.F.);
#2628=ORIENTED_EDGE('',*,*,#2040,.F.);
#2629=ORIENTED_EDGE('',*,*,#2045,.F.);
#2630=ORIENTED_EDGE('',*,*,#2046,.F.);
#2631=ORIENTED_EDGE('',*,*,#2047,.T.);
#2632=ORIENTED_EDGE('',*,*,#2048,.T.);
#2633=ORIENTED_EDGE('',*,*,#2049,.T.);
#2634=ORIENTED_EDGE('',*,*,#2050,.F.);
#2635=ORIENTED_EDGE('',*,*,#2051,.T.);
#2636=ORIENTED_EDGE('',*,*,#2052,.T.);
#2637=ORIENTED_EDGE('',*,*,#2042,.T.);
#2638=ORIENTED_EDGE('',*,*,#1793,.T.);
#2639=ORIENTED_EDGE('',*,*,#1796,.T.);
#2640=ORIENTED_EDGE('',*,*,#1799,.T.);
#2641=ORIENTED_EDGE('',*,*,#1802,.T.);
#2642=ORIENTED_EDGE('',*,*,#1805,.T.);
#2643=ORIENTED_EDGE('',*,*,#1808,.T.);
#2644=ORIENTED_EDGE('',*,*,#1811,.T.);
#2645=ORIENTED_EDGE('',*,*,#1814,.T.);
#2646=ORIENTED_EDGE('',*,*,#1817,.T.);
#2647=ORIENTED_EDGE('',*,*,#1820,.T.);
#2648=ORIENTED_EDGE('',*,*,#1823,.T.);
#2649=ORIENTED_EDGE('',*,*,#1826,.T.);
#2650=ORIENTED_EDGE('',*,*,#1829,.T.);
#2651=ORIENTED_EDGE('',*,*,#1832,.T.);
#2652=ORIENTED_EDGE('',*,*,#1835,.T.);
#2653=ORIENTED_EDGE('',*,*,#1838,.T.);
#2654=ORIENTED_EDGE('',*,*,#1841,.T.);
#2655=ORIENTED_EDGE('',*,*,#1844,.T.);
#2656=ORIENTED_EDGE('',*,*,#1847,.T.);
#2657=ORIENTED_EDGE('',*,*,#1850,.T.);
#2658=ORIENTED_EDGE('',*,*,#1853,.T.);
#2659=ORIENTED_EDGE('',*,*,#1856,.T.);
#2660=ORIENTED_EDGE('',*,*,#1859,.T.);
#2661=ORIENTED_EDGE('',*,*,#1862,.T.);
#2662=ORIENTED_EDGE('',*,*,#1865,.T.);
#2663=ORIENTED_EDGE('',*,*,#1868,.T.);
#2664=ORIENTED_EDGE('',*,*,#1871,.T.);
#2665=ORIENTED_EDGE('',*,*,#1874,.T.);
#2666=ORIENTED_EDGE('',*,*,#1877,.T.);
#2667=ORIENTED_EDGE('',*,*,#1880,.T.);
#2668=ORIENTED_EDGE('',*,*,#1883,.T.);
#2669=ORIENTED_EDGE('',*,*,#1886,.T.);
#2670=ORIENTED_EDGE('',*,*,#1889,.T.);
#2671=ORIENTED_EDGE('',*,*,#1892,.T.);
#2672=ORIENTED_EDGE('',*,*,#1895,.T.);
#2673=ORIENTED_EDGE('',*,*,#1898,.T.);
#2674=ORIENTED_EDGE('',*,*,#1901,.T.);
#2675=ORIENTED_EDGE('',*,*,#1904,.T.);
#2676=ORIENTED_EDGE('',*,*,#1907,.T.);
#2677=ORIENTED_EDGE('',*,*,#1910,.T.);
#2678=ORIENTED_EDGE('',*,*,#2053,.T.);
#2679=ORIENTED_EDGE('',*,*,#2054,.T.);
#2680=ORIENTED_EDGE('',*,*,#2055,.T.);
#2681=ORIENTED_EDGE('',*,*,#2050,.T.);
#2682=ORIENTED_EDGE('',*,*,#2056,.T.);
#2683=ORIENTED_EDGE('',*,*,#2055,.F.);
#2684=ORIENTED_EDGE('',*,*,#2057,.F.);
#2685=ORIENTED_EDGE('',*,*,#2058,.T.);
#2686=ORIENTED_EDGE('',*,*,#2051,.F.);
#2687=ORIENTED_EDGE('',*,*,#2059,.T.);
#2688=ORIENTED_EDGE('',*,*,#2060,.T.);
#2689=ORIENTED_EDGE('',*,*,#2061,.T.);
#2690=ORIENTED_EDGE('',*,*,#2062,.T.);
#2691=ORIENTED_EDGE('',*,*,#2060,.F.);
#2692=ORIENTED_EDGE('',*,*,#2063,.F.);
#2693=ORIENTED_EDGE('',*,*,#2064,.T.);
#2694=ORIENTED_EDGE('',*,*,#2065,.F.);
#2695=ORIENTED_EDGE('',*,*,#2059,.F.);
#2696=ORIENTED_EDGE('',*,*,#2066,.T.);
#2697=ORIENTED_EDGE('',*,*,#2067,.T.);
#2698=ORIENTED_EDGE('',*,*,#2068,.T.);
#2699=ORIENTED_EDGE('',*,*,#2069,.F.);
#2700=ORIENTED_EDGE('',*,*,#2070,.T.);
#2701=ORIENTED_EDGE('',*,*,#2071,.F.);
#2702=ORIENTED_EDGE('',*,*,#2072,.T.);
#2703=ORIENTED_EDGE('',*,*,#2073,.T.);
#2704=ORIENTED_EDGE('',*,*,#2063,.T.);
#2705=ORIENTED_EDGE('',*,*,#1913,.T.);
#2706=ORIENTED_EDGE('',*,*,#1916,.T.);
#2707=ORIENTED_EDGE('',*,*,#1919,.T.);
#2708=ORIENTED_EDGE('',*,*,#1922,.T.);
#2709=ORIENTED_EDGE('',*,*,#1925,.T.);
#2710=ORIENTED_EDGE('',*,*,#1928,.T.);
#2711=ORIENTED_EDGE('',*,*,#1931,.T.);
#2712=ORIENTED_EDGE('',*,*,#1934,.T.);
#2713=ORIENTED_EDGE('',*,*,#1937,.T.);
#2714=ORIENTED_EDGE('',*,*,#1940,.T.);
#2715=ORIENTED_EDGE('',*,*,#1943,.T.);
#2716=ORIENTED_EDGE('',*,*,#1946,.T.);
#2717=ORIENTED_EDGE('',*,*,#1949,.T.);
#2718=ORIENTED_EDGE('',*,*,#1952,.T.);
#2719=ORIENTED_EDGE('',*,*,#1955,.T.);
#2720=ORIENTED_EDGE('',*,*,#1958,.T.);
#2721=ORIENTED_EDGE('',*,*,#1961,.T.);
#2722=ORIENTED_EDGE('',*,*,#1964,.T.);
#2723=ORIENTED_EDGE('',*,*,#1967,.T.);
#2724=ORIENTED_EDGE('',*,*,#1970,.T.);
#2725=ORIENTED_EDGE('',*,*,#1973,.T.);
#2726=ORIENTED_EDGE('',*,*,#1976,.T.);
#2727=ORIENTED_EDGE('',*,*,#1979,.T.);
#2728=ORIENTED_EDGE('',*,*,#1982,.T.);
#2729=ORIENTED_EDGE('',*,*,#1985,.T.);
#2730=ORIENTED_EDGE('',*,*,#1988,.T.);
#2731=ORIENTED_EDGE('',*,*,#1991,.T.);
#2732=ORIENTED_EDGE('',*,*,#1994,.T.);
#2733=ORIENTED_EDGE('',*,*,#1997,.T.);
#2734=ORIENTED_EDGE('',*,*,#2000,.T.);
#2735=ORIENTED_EDGE('',*,*,#2003,.T.);
#2736=ORIENTED_EDGE('',*,*,#2006,.T.);
#2737=ORIENTED_EDGE('',*,*,#2009,.T.);
#2738=ORIENTED_EDGE('',*,*,#2012,.T.);
#2739=ORIENTED_EDGE('',*,*,#2074,.T.);
#2740=ORIENTED_EDGE('',*,*,#2075,.T.);
#2741=ORIENTED_EDGE('',*,*,#2069,.T.);
#2742=ORIENTED_EDGE('',*,*,#2076,.T.);
#2743=ORIENTED_EDGE('',*,*,#2075,.F.);
#2744=ORIENTED_EDGE('',*,*,#2077,.F.);
#2745=ORIENTED_EDGE('',*,*,#2078,.F.);
#2746=ORIENTED_EDGE('',*,*,#2070,.F.);
#2747=ORIENTED_EDGE('',*,*,#2029,.T.);
#2748=ORIENTED_EDGE('',*,*,#2037,.T.);
#2749=ORIENTED_EDGE('',*,*,#2079,.T.);
#2750=ORIENTED_EDGE('',*,*,#2080,.T.);
#2751=ORIENTED_EDGE('',*,*,#2081,.T.);
#2752=ORIENTED_EDGE('',*,*,#2020,.T.);
#2753=ORIENTED_EDGE('',*,*,#2023,.T.);
#2754=ORIENTED_EDGE('',*,*,#2082,.T.);
#2755=ORIENTED_EDGE('',*,*,#2083,.F.);
#2756=ORIENTED_EDGE('',*,*,#2084,.T.);
#2757=ORIENTED_EDGE('',*,*,#2053,.F.);
#2758=ORIENTED_EDGE('',*,*,#2084,.F.);
#2759=ORIENTED_EDGE('',*,*,#2080,.F.);
#2760=ORIENTED_EDGE('',*,*,#2085,.F.);
#2761=ORIENTED_EDGE('',*,*,#2086,.F.);
#2762=ORIENTED_EDGE('',*,*,#2030,.F.);
#2763=ORIENTED_EDGE('',*,*,#2082,.F.);
#2764=ORIENTED_EDGE('',*,*,#2022,.F.);
#2765=ORIENTED_EDGE('',*,*,#2087,.T.);
#2766=ORIENTED_EDGE('',*,*,#2088,.F.);
#2767=ORIENTED_EDGE('',*,*,#2089,.F.);
#2768=ORIENTED_EDGE('',*,*,#2087,.F.);
#2769=ORIENTED_EDGE('',*,*,#2031,.F.);
#2770=ORIENTED_EDGE('',*,*,#2086,.T.);
#2771=ORIENTED_EDGE('',*,*,#2032,.F.);
#2772=ORIENTED_EDGE('',*,*,#2090,.T.);
#2773=ORIENTED_EDGE('',*,*,#2091,.F.);
#2774=ORIENTED_EDGE('',*,*,#2090,.F.);
#2775=ORIENTED_EDGE('',*,*,#2062,.F.);
#2776=ORIENTED_EDGE('',*,*,#2092,.F.);
#2777=ORIENTED_EDGE('',*,*,#2093,.F.);
#2778=ORIENTED_EDGE('',*,*,#2066,.F.);
#2779=ORIENTED_EDGE('',*,*,#2076,.F.);
#2780=ORIENTED_EDGE('',*,*,#2068,.F.);
#2781=ORIENTED_EDGE('',*,*,#2094,.T.);
#2782=ORIENTED_EDGE('',*,*,#2095,.F.);
#2783=ORIENTED_EDGE('',*,*,#2096,.F.);
#2784=ORIENTED_EDGE('',*,*,#2094,.F.);
#2785=ORIENTED_EDGE('',*,*,#2067,.F.);
#2786=ORIENTED_EDGE('',*,*,#2093,.T.);
#2787=ORIENTED_EDGE('',*,*,#2097,.F.);
#2788=ORIENTED_EDGE('',*,*,#2098,.T.);
#2789=ORIENTED_EDGE('',*,*,#2052,.F.);
#2790=ORIENTED_EDGE('',*,*,#2099,.T.);
#2791=ORIENTED_EDGE('',*,*,#2016,.F.);
#2792=ORIENTED_EDGE('',*,*,#2100,.F.);
#2793=ORIENTED_EDGE('',*,*,#2101,.T.);
#2794=ORIENTED_EDGE('',*,*,#2024,.T.);
#2795=ORIENTED_EDGE('',*,*,#2102,.F.);
#2796=ORIENTED_EDGE('',*,*,#2103,.F.);
#2797=ORIENTED_EDGE('',*,*,#2043,.F.);
#2798=ORIENTED_EDGE('',*,*,#2098,.F.);
#2799=ORIENTED_EDGE('',*,*,#2101,.F.);
#2800=ORIENTED_EDGE('',*,*,#2099,.F.);
#2801=ORIENTED_EDGE('',*,*,#2058,.F.);
#2802=ORIENTED_EDGE('',*,*,#2104,.T.);
#2803=ORIENTED_EDGE('',*,*,#2035,.F.);
#2804=ORIENTED_EDGE('',*,*,#2026,.F.);
#2805=ORIENTED_EDGE('',*,*,#2102,.T.);
#2806=ORIENTED_EDGE('',*,*,#2105,.F.);
#2807=ORIENTED_EDGE('',*,*,#2025,.F.);
#2808=ORIENTED_EDGE('',*,*,#2104,.F.);
#2809=ORIENTED_EDGE('',*,*,#2106,.F.);
#2810=ORIENTED_EDGE('',*,*,#2103,.T.);
#2811=ORIENTED_EDGE('',*,*,#2015,.F.);
#2812=ORIENTED_EDGE('',*,*,#2021,.T.);
#2813=ORIENTED_EDGE('',*,*,#2081,.F.);
#2814=ORIENTED_EDGE('',*,*,#2088,.T.);
#2815=ORIENTED_EDGE('',*,*,#2089,.T.);
#2816=ORIENTED_EDGE('',*,*,#2085,.T.);
#2817=ORIENTED_EDGE('',*,*,#2079,.F.);
#2818=ORIENTED_EDGE('',*,*,#2036,.T.);
#2819=ORIENTED_EDGE('',*,*,#2033,.F.);
#2820=ORIENTED_EDGE('',*,*,#2105,.T.);
#2821=ORIENTED_EDGE('',*,*,#2097,.T.);
#2822=ORIENTED_EDGE('',*,*,#2100,.T.);
#2823=ORIENTED_EDGE('',*,*,#1693,.T.);
#2824=ORIENTED_EDGE('',*,*,#1696,.T.);
#2825=ORIENTED_EDGE('',*,*,#1699,.T.);
#2826=ORIENTED_EDGE('',*,*,#1702,.T.);
#2827=ORIENTED_EDGE('',*,*,#1705,.T.);
#2828=ORIENTED_EDGE('',*,*,#1708,.T.);
#2829=ORIENTED_EDGE('',*,*,#1711,.T.);
#2830=ORIENTED_EDGE('',*,*,#1714,.T.);
#2831=ORIENTED_EDGE('',*,*,#1717,.T.);
#2832=ORIENTED_EDGE('',*,*,#1720,.T.);
#2833=ORIENTED_EDGE('',*,*,#1723,.T.);
#2834=ORIENTED_EDGE('',*,*,#1726,.T.);
#2835=ORIENTED_EDGE('',*,*,#1729,.T.);
#2836=ORIENTED_EDGE('',*,*,#1732,.T.);
#2837=ORIENTED_EDGE('',*,*,#1735,.T.);
#2838=ORIENTED_EDGE('',*,*,#1738,.T.);
#2839=ORIENTED_EDGE('',*,*,#1741,.T.);
#2840=ORIENTED_EDGE('',*,*,#1744,.T.);
#2841=ORIENTED_EDGE('',*,*,#1747,.T.);
#2842=ORIENTED_EDGE('',*,*,#1750,.T.);
#2843=ORIENTED_EDGE('',*,*,#1753,.T.);
#2844=ORIENTED_EDGE('',*,*,#1756,.T.);
#2845=ORIENTED_EDGE('',*,*,#1759,.T.);
#2846=ORIENTED_EDGE('',*,*,#1762,.T.);
#2847=ORIENTED_EDGE('',*,*,#1765,.T.);
#2848=ORIENTED_EDGE('',*,*,#1768,.T.);
#2849=ORIENTED_EDGE('',*,*,#1771,.T.);
#2850=ORIENTED_EDGE('',*,*,#1774,.T.);
#2851=ORIENTED_EDGE('',*,*,#1777,.T.);
#2852=ORIENTED_EDGE('',*,*,#1780,.T.);
#2853=ORIENTED_EDGE('',*,*,#1783,.T.);
#2854=ORIENTED_EDGE('',*,*,#1786,.T.);
#2855=ORIENTED_EDGE('',*,*,#1789,.T.);
#2856=ORIENTED_EDGE('',*,*,#1792,.T.);
#2857=ORIENTED_EDGE('',*,*,#2091,.T.);
#2858=ORIENTED_EDGE('',*,*,#2107,.F.);
#2859=ORIENTED_EDGE('',*,*,#2108,.T.);
#2860=ORIENTED_EDGE('',*,*,#2047,.F.);
#2861=ORIENTED_EDGE('',*,*,#2109,.T.);
#2862=ORIENTED_EDGE('',*,*,#2110,.T.);
#2863=ORIENTED_EDGE('',*,*,#2071,.T.);
#2864=ORIENTED_EDGE('',*,*,#2078,.T.);
#2865=ORIENTED_EDGE('',*,*,#2111,.F.);
#2866=ORIENTED_EDGE('',*,*,#2112,.F.);
#2867=ORIENTED_EDGE('',*,*,#2113,.F.);
#2868=ORIENTED_EDGE('',*,*,#2114,.F.);
#2869=ORIENTED_EDGE('',*,*,#2108,.F.);
#2870=ORIENTED_EDGE('',*,*,#2110,.F.);
#2871=ORIENTED_EDGE('',*,*,#2109,.F.);
#2872=ORIENTED_EDGE('',*,*,#2115,.F.);
#2873=ORIENTED_EDGE('',*,*,#2116,.T.);
#2874=ORIENTED_EDGE('',*,*,#2112,.T.);
#2875=ORIENTED_EDGE('',*,*,#2117,.F.);
#2876=ORIENTED_EDGE('',*,*,#2064,.F.);
#2877=ORIENTED_EDGE('',*,*,#2073,.F.);
#2878=ORIENTED_EDGE('',*,*,#2072,.F.);
#2879=ORIENTED_EDGE('',*,*,#2116,.F.);
#2880=ORIENTED_EDGE('',*,*,#2118,.F.);
#2881=ORIENTED_EDGE('',*,*,#2113,.T.);
#2882=ORIENTED_EDGE('',*,*,#2061,.F.);
#2883=ORIENTED_EDGE('',*,*,#2065,.T.);
#2884=ORIENTED_EDGE('',*,*,#2117,.T.);
#2885=ORIENTED_EDGE('',*,*,#2107,.T.);
#2886=ORIENTED_EDGE('',*,*,#2111,.T.);
#2887=ORIENTED_EDGE('',*,*,#2077,.T.);
#2888=ORIENTED_EDGE('',*,*,#2074,.F.);
#2889=ORIENTED_EDGE('',*,*,#2095,.T.);
#2890=ORIENTED_EDGE('',*,*,#2096,.T.);
#2891=ORIENTED_EDGE('',*,*,#2092,.T.);
#2892=ORIENTED_EDGE('',*,*,#1915,.T.);
#2893=ORIENTED_EDGE('',*,*,#1918,.T.);
#2894=ORIENTED_EDGE('',*,*,#1921,.T.);
#2895=ORIENTED_EDGE('',*,*,#1924,.T.);
#2896=ORIENTED_EDGE('',*,*,#1927,.T.);
#2897=ORIENTED_EDGE('',*,*,#1930,.T.);
#2898=ORIENTED_EDGE('',*,*,#1933,.T.);
#2899=ORIENTED_EDGE('',*,*,#1936,.T.);
#2900=ORIENTED_EDGE('',*,*,#1939,.T.);
#2901=ORIENTED_EDGE('',*,*,#1942,.T.);
#2902=ORIENTED_EDGE('',*,*,#1945,.T.);
#2903=ORIENTED_EDGE('',*,*,#1948,.T.);
#2904=ORIENTED_EDGE('',*,*,#1951,.T.);
#2905=ORIENTED_EDGE('',*,*,#1954,.T.);
#2906=ORIENTED_EDGE('',*,*,#1957,.T.);
#2907=ORIENTED_EDGE('',*,*,#1960,.T.);
#2908=ORIENTED_EDGE('',*,*,#1963,.T.);
#2909=ORIENTED_EDGE('',*,*,#1966,.T.);
#2910=ORIENTED_EDGE('',*,*,#1969,.T.);
#2911=ORIENTED_EDGE('',*,*,#1972,.T.);
#2912=ORIENTED_EDGE('',*,*,#1975,.T.);
#2913=ORIENTED_EDGE('',*,*,#1978,.T.);
#2914=ORIENTED_EDGE('',*,*,#1981,.T.);
#2915=ORIENTED_EDGE('',*,*,#1984,.T.);
#2916=ORIENTED_EDGE('',*,*,#1987,.T.);
#2917=ORIENTED_EDGE('',*,*,#1990,.T.);
#2918=ORIENTED_EDGE('',*,*,#1993,.T.);
#2919=ORIENTED_EDGE('',*,*,#1996,.T.);
#2920=ORIENTED_EDGE('',*,*,#1999,.T.);
#2921=ORIENTED_EDGE('',*,*,#2002,.T.);
#2922=ORIENTED_EDGE('',*,*,#2005,.T.);
#2923=ORIENTED_EDGE('',*,*,#2008,.T.);
#2924=ORIENTED_EDGE('',*,*,#2011,.T.);
#2925=ORIENTED_EDGE('',*,*,#2014,.T.);
#2926=ORIENTED_EDGE('',*,*,#2115,.T.);
#2927=ORIENTED_EDGE('',*,*,#2046,.T.);
#2928=ORIENTED_EDGE('',*,*,#2119,.T.);
#2929=ORIENTED_EDGE('',*,*,#2120,.F.);
#2930=ORIENTED_EDGE('',*,*,#2114,.T.);
#2931=ORIENTED_EDGE('',*,*,#2121,.F.);
#2932=ORIENTED_EDGE('',*,*,#2122,.F.);
#2933=ORIENTED_EDGE('',*,*,#2048,.F.);
#2934=ORIENTED_EDGE('',*,*,#2056,.F.);
#2935=ORIENTED_EDGE('',*,*,#2049,.F.);
#2936=ORIENTED_EDGE('',*,*,#2122,.T.);
#2937=ORIENTED_EDGE('',*,*,#2123,.F.);
#2938=ORIENTED_EDGE('',*,*,#2039,.F.);
#2939=ORIENTED_EDGE('',*,*,#2124,.F.);
#2940=ORIENTED_EDGE('',*,*,#2119,.F.);
#2941=ORIENTED_EDGE('',*,*,#2045,.T.);
#2942=ORIENTED_EDGE('',*,*,#2038,.F.);
#2943=ORIENTED_EDGE('',*,*,#2044,.T.);
#2944=ORIENTED_EDGE('',*,*,#2106,.T.);
#2945=ORIENTED_EDGE('',*,*,#2057,.T.);
#2946=ORIENTED_EDGE('',*,*,#2054,.F.);
#2947=ORIENTED_EDGE('',*,*,#2123,.T.);
#2948=ORIENTED_EDGE('',*,*,#2121,.T.);
#2949=ORIENTED_EDGE('',*,*,#2118,.T.);
#2950=ORIENTED_EDGE('',*,*,#2120,.T.);
#2951=ORIENTED_EDGE('',*,*,#2124,.T.);
#2952=ORIENTED_EDGE('',*,*,#1795,.T.);
#2953=ORIENTED_EDGE('',*,*,#1798,.T.);
#2954=ORIENTED_EDGE('',*,*,#1801,.T.);
#2955=ORIENTED_EDGE('',*,*,#1804,.T.);
#2956=ORIENTED_EDGE('',*,*,#1807,.T.);
#2957=ORIENTED_EDGE('',*,*,#1810,.T.);
#2958=ORIENTED_EDGE('',*,*,#1813,.T.);
#2959=ORIENTED_EDGE('',*,*,#1816,.T.);
#2960=ORIENTED_EDGE('',*,*,#1819,.T.);
#2961=ORIENTED_EDGE('',*,*,#1822,.T.);
#2962=ORIENTED_EDGE('',*,*,#1825,.T.);
#2963=ORIENTED_EDGE('',*,*,#1828,.T.);
#2964=ORIENTED_EDGE('',*,*,#1831,.T.);
#2965=ORIENTED_EDGE('',*,*,#1834,.T.);
#2966=ORIENTED_EDGE('',*,*,#1837,.T.);
#2967=ORIENTED_EDGE('',*,*,#1840,.T.);
#2968=ORIENTED_EDGE('',*,*,#1843,.T.);
#2969=ORIENTED_EDGE('',*,*,#1846,.T.);
#2970=ORIENTED_EDGE('',*,*,#1849,.T.);
#2971=ORIENTED_EDGE('',*,*,#1852,.T.);
#2972=ORIENTED_EDGE('',*,*,#1855,.T.);
#2973=ORIENTED_EDGE('',*,*,#1858,.T.);
#2974=ORIENTED_EDGE('',*,*,#1861,.T.);
#2975=ORIENTED_EDGE('',*,*,#1864,.T.);
#2976=ORIENTED_EDGE('',*,*,#1867,.T.);
#2977=ORIENTED_EDGE('',*,*,#1870,.T.);
#2978=ORIENTED_EDGE('',*,*,#1873,.T.);
#2979=ORIENTED_EDGE('',*,*,#1876,.T.);
#2980=ORIENTED_EDGE('',*,*,#1879,.T.);
#2981=ORIENTED_EDGE('',*,*,#1882,.T.);
#2982=ORIENTED_EDGE('',*,*,#1885,.T.);
#2983=ORIENTED_EDGE('',*,*,#1888,.T.);
#2984=ORIENTED_EDGE('',*,*,#1891,.T.);
#2985=ORIENTED_EDGE('',*,*,#1894,.T.);
#2986=ORIENTED_EDGE('',*,*,#1897,.T.);
#2987=ORIENTED_EDGE('',*,*,#1900,.T.);
#2988=ORIENTED_EDGE('',*,*,#1903,.T.);
#2989=ORIENTED_EDGE('',*,*,#1906,.T.);
#2990=ORIENTED_EDGE('',*,*,#1909,.T.);
#2991=ORIENTED_EDGE('',*,*,#1912,.T.);
#2992=ORIENTED_EDGE('',*,*,#2083,.T.);
#2993=CYLINDRICAL_SURFACE('',#3283,2.5);
#2994=CYLINDRICAL_SURFACE('',#3286,2.5);
#2995=CYLINDRICAL_SURFACE('',#3289,2.5);
#2996=CYLINDRICAL_SURFACE('',#3292,2.5);
#2997=CYLINDRICAL_SURFACE('',#3295,2.5);
#2998=CYLINDRICAL_SURFACE('',#3298,2.5);
#2999=CYLINDRICAL_SURFACE('',#3301,2.5);
#3000=CYLINDRICAL_SURFACE('',#3304,2.5);
#3001=CYLINDRICAL_SURFACE('',#3307,2.5);
#3002=CYLINDRICAL_SURFACE('',#3310,2.5);
#3003=CYLINDRICAL_SURFACE('',#3313,2.5);
#3004=CYLINDRICAL_SURFACE('',#3316,2.5);
#3005=CYLINDRICAL_SURFACE('',#3319,2.5);
#3006=CYLINDRICAL_SURFACE('',#3322,2.5);
#3007=CYLINDRICAL_SURFACE('',#3325,2.5);
#3008=CYLINDRICAL_SURFACE('',#3328,2.5);
#3009=CYLINDRICAL_SURFACE('',#3331,2.5);
#3010=CYLINDRICAL_SURFACE('',#3334,2.5);
#3011=CYLINDRICAL_SURFACE('',#3337,2.5);
#3012=CYLINDRICAL_SURFACE('',#3340,2.5);
#3013=CYLINDRICAL_SURFACE('',#3343,2.5);
#3014=CYLINDRICAL_SURFACE('',#3346,2.5);
#3015=CYLINDRICAL_SURFACE('',#3349,2.5);
#3016=CYLINDRICAL_SURFACE('',#3352,2.5);
#3017=CYLINDRICAL_SURFACE('',#3355,2.5);
#3018=CYLINDRICAL_SURFACE('',#3358,2.5);
#3019=CYLINDRICAL_SURFACE('',#3361,2.5);
#3020=CYLINDRICAL_SURFACE('',#3364,2.5);
#3021=CYLINDRICAL_SURFACE('',#3367,2.5);
#3022=CYLINDRICAL_SURFACE('',#3370,2.5);
#3023=CYLINDRICAL_SURFACE('',#3373,2.5);
#3024=CYLINDRICAL_SURFACE('',#3376,2.5);
#3025=CYLINDRICAL_SURFACE('',#3379,2.5);
#3026=CYLINDRICAL_SURFACE('',#3382,2.5);
#3027=CYLINDRICAL_SURFACE('',#3385,2.5);
#3028=CYLINDRICAL_SURFACE('',#3388,2.5);
#3029=CYLINDRICAL_SURFACE('',#3391,2.5);
#3030=CYLINDRICAL_SURFACE('',#3394,2.5);
#3031=CYLINDRICAL_SURFACE('',#3397,2.5);
#3032=CYLINDRICAL_SURFACE('',#3400,2.5);
#3033=CYLINDRICAL_SURFACE('',#3403,2.5);
#3034=CYLINDRICAL_SURFACE('',#3406,2.5);
#3035=CYLINDRICAL_SURFACE('',#3409,2.5);
#3036=CYLINDRICAL_SURFACE('',#3412,2.5);
#3037=CYLINDRICAL_SURFACE('',#3415,2.5);
#3038=CYLINDRICAL_SURFACE('',#3418,2.5);
#3039=CYLINDRICAL_SURFACE('',#3421,2.5);
#3040=CYLINDRICAL_SURFACE('',#3424,2.5);
#3041=CYLINDRICAL_SURFACE('',#3427,2.5);
#3042=CYLINDRICAL_SURFACE('',#3430,2.5);
#3043=CYLINDRICAL_SURFACE('',#3433,2.5);
#3044=CYLINDRICAL_SURFACE('',#3436,2.5);
#3045=CYLINDRICAL_SURFACE('',#3439,2.5);
#3046=CYLINDRICAL_SURFACE('',#3442,2.5);
#3047=CYLINDRICAL_SURFACE('',#3445,2.5);
#3048=CYLINDRICAL_SURFACE('',#3448,2.5);
#3049=CYLINDRICAL_SURFACE('',#3451,2.5);
#3050=CYLINDRICAL_SURFACE('',#3454,2.5);
#3051=CYLINDRICAL_SURFACE('',#3457,2.5);
#3052=CYLINDRICAL_SURFACE('',#3460,2.5);
#3053=CYLINDRICAL_SURFACE('',#3463,2.5);
#3054=CYLINDRICAL_SURFACE('',#3466,2.5);
#3055=CYLINDRICAL_SURFACE('',#3469,2.5);
#3056=CYLINDRICAL_SURFACE('',#3472,2.5);
#3057=CYLINDRICAL_SURFACE('',#3475,2.5);
#3058=CYLINDRICAL_SURFACE('',#3478,2.5);
#3059=CYLINDRICAL_SURFACE('',#3481,2.5);
#3060=CYLINDRICAL_SURFACE('',#3484,2.5);
#3061=CYLINDRICAL_SURFACE('',#3487,2.5);
#3062=CYLINDRICAL_SURFACE('',#3490,2.5);
#3063=CYLINDRICAL_SURFACE('',#3493,2.5);
#3064=CYLINDRICAL_SURFACE('',#3496,2.5);
#3065=CYLINDRICAL_SURFACE('',#3499,2.5);
#3066=CYLINDRICAL_SURFACE('',#3502,2.5);
#3067=CYLINDRICAL_SURFACE('',#3505,2.5);
#3068=CYLINDRICAL_SURFACE('',#3508,2.5);
#3069=CYLINDRICAL_SURFACE('',#3511,2.5);
#3070=CYLINDRICAL_SURFACE('',#3514,2.5);
#3071=CYLINDRICAL_SURFACE('',#3517,2.5);
#3072=CYLINDRICAL_SURFACE('',#3520,2.5);
#3073=CYLINDRICAL_SURFACE('',#3523,2.5);
#3074=CYLINDRICAL_SURFACE('',#3526,2.5);
#3075=CYLINDRICAL_SURFACE('',#3529,2.5);
#3076=CYLINDRICAL_SURFACE('',#3532,2.5);
#3077=CYLINDRICAL_SURFACE('',#3535,2.5);
#3078=CYLINDRICAL_SURFACE('',#3538,2.5);
#3079=CYLINDRICAL_SURFACE('',#3541,2.5);
#3080=CYLINDRICAL_SURFACE('',#3544,2.5);
#3081=CYLINDRICAL_SURFACE('',#3547,2.5);
#3082=CYLINDRICAL_SURFACE('',#3550,2.5);
#3083=CYLINDRICAL_SURFACE('',#3553,2.5);
#3084=CYLINDRICAL_SURFACE('',#3556,2.5);
#3085=CYLINDRICAL_SURFACE('',#3559,2.5);
#3086=CYLINDRICAL_SURFACE('',#3562,2.5);
#3087=CYLINDRICAL_SURFACE('',#3565,2.5);
#3088=CYLINDRICAL_SURFACE('',#3568,2.5);
#3089=CYLINDRICAL_SURFACE('',#3571,2.5);
#3090=CYLINDRICAL_SURFACE('',#3574,2.5);
#3091=CYLINDRICAL_SURFACE('',#3577,2.5);
#3092=CYLINDRICAL_SURFACE('',#3580,2.5);
#3093=CYLINDRICAL_SURFACE('',#3583,2.5);
#3094=CYLINDRICAL_SURFACE('',#3586,2.5);
#3095=CYLINDRICAL_SURFACE('',#3589,2.5);
#3096=CYLINDRICAL_SURFACE('',#3592,2.5);
#3097=CYLINDRICAL_SURFACE('',#3595,2.5);
#3098=CYLINDRICAL_SURFACE('',#3598,2.5);
#3099=CYLINDRICAL_SURFACE('',#3601,2.5);
#3100=CYLINDRICAL_SURFACE('',#3604,2.5);
#3101=CYLINDRICAL_SURFACE('',#3607,10.);
#3102=CYLINDRICAL_SURFACE('',#3617,10.);
#3103=CYLINDRICAL_SURFACE('',#3620,10.);
#3104=CYLINDRICAL_SURFACE('',#3627,10.);
#3105=CYLINDRICAL_SURFACE('',#3630,10.);
#3106=CYLINDRICAL_SURFACE('',#3637,10.);
#3107=CYLINDRICAL_SURFACE('',#3640,10.);
#3108=CYLINDRICAL_SURFACE('',#3642,10.);
#3109=CYLINDRICAL_SURFACE('',#3644,25.);
#3110=CYLINDRICAL_SURFACE('',#3648,12.5);
#3111=CYLINDRICAL_SURFACE('',#3650,25.);
#3112=CYLINDRICAL_SURFACE('',#3654,55.);
#3113=CYLINDRICAL_SURFACE('',#3656,1.49999999999997);
#3114=CYLINDRICAL_SURFACE('',#3665,2.99999999999997);
#3115=CYLINDRICAL_SURFACE('',#3667,1.49999999999999);
#3116=CYLINDRICAL_SURFACE('',#3676,2.99999999999998);
#3117=ADVANCED_FACE('',(#263),#2993,.F.);
#3118=ADVANCED_FACE('',(#264),#2994,.F.);
#3119=ADVANCED_FACE('',(#265),#2995,.F.);
#3120=ADVANCED_FACE('',(#266),#2996,.F.);
#3121=ADVANCED_FACE('',(#267),#2997,.F.);
#3122=ADVANCED_FACE('',(#268),#2998,.F.);
#3123=ADVANCED_FACE('',(#269),#2999,.F.);
#3124=ADVANCED_FACE('',(#270),#3000,.F.);
#3125=ADVANCED_FACE('',(#271),#3001,.F.);
#3126=ADVANCED_FACE('',(#272),#3002,.F.);
#3127=ADVANCED_FACE('',(#273),#3003,.F.);
#3128=ADVANCED_FACE('',(#274),#3004,.F.);
#3129=ADVANCED_FACE('',(#275),#3005,.F.);
#3130=ADVANCED_FACE('',(#276),#3006,.F.);
#3131=ADVANCED_FACE('',(#277),#3007,.F.);
#3132=ADVANCED_FACE('',(#278),#3008,.F.);
#3133=ADVANCED_FACE('',(#279),#3009,.F.);
#3134=ADVANCED_FACE('',(#280),#3010,.F.);
#3135=ADVANCED_FACE('',(#281),#3011,.F.);
#3136=ADVANCED_FACE('',(#282),#3012,.F.);
#3137=ADVANCED_FACE('',(#283),#3013,.F.);
#3138=ADVANCED_FACE('',(#284),#3014,.F.);
#3139=ADVANCED_FACE('',(#285),#3015,.F.);
#3140=ADVANCED_FACE('',(#286),#3016,.F.);
#3141=ADVANCED_FACE('',(#287),#3017,.F.);
#3142=ADVANCED_FACE('',(#288),#3018,.F.);
#3143=ADVANCED_FACE('',(#289),#3019,.F.);
#3144=ADVANCED_FACE('',(#290),#3020,.F.);
#3145=ADVANCED_FACE('',(#291),#3021,.F.);
#3146=ADVANCED_FACE('',(#292),#3022,.F.);
#3147=ADVANCED_FACE('',(#293),#3023,.F.);
#3148=ADVANCED_FACE('',(#294),#3024,.F.);
#3149=ADVANCED_FACE('',(#295),#3025,.F.);
#3150=ADVANCED_FACE('',(#296),#3026,.F.);
#3151=ADVANCED_FACE('',(#297),#3027,.F.);
#3152=ADVANCED_FACE('',(#298),#3028,.F.);
#3153=ADVANCED_FACE('',(#299),#3029,.F.);
#3154=ADVANCED_FACE('',(#300),#3030,.F.);
#3155=ADVANCED_FACE('',(#301),#3031,.F.);
#3156=ADVANCED_FACE('',(#302),#3032,.F.);
#3157=ADVANCED_FACE('',(#303),#3033,.F.);
#3158=ADVANCED_FACE('',(#304),#3034,.F.);
#3159=ADVANCED_FACE('',(#305),#3035,.F.);
#3160=ADVANCED_FACE('',(#306),#3036,.F.);
#3161=ADVANCED_FACE('',(#307),#3037,.F.);
#3162=ADVANCED_FACE('',(#308),#3038,.F.);
#3163=ADVANCED_FACE('',(#309),#3039,.F.);
#3164=ADVANCED_FACE('',(#310),#3040,.F.);
#3165=ADVANCED_FACE('',(#311),#3041,.F.);
#3166=ADVANCED_FACE('',(#312),#3042,.F.);
#3167=ADVANCED_FACE('',(#313),#3043,.F.);
#3168=ADVANCED_FACE('',(#314),#3044,.F.);
#3169=ADVANCED_FACE('',(#315),#3045,.F.);
#3170=ADVANCED_FACE('',(#316),#3046,.F.);
#3171=ADVANCED_FACE('',(#317),#3047,.F.);
#3172=ADVANCED_FACE('',(#318),#3048,.F.);
#3173=ADVANCED_FACE('',(#319),#3049,.F.);
#3174=ADVANCED_FACE('',(#320),#3050,.F.);
#3175=ADVANCED_FACE('',(#321),#3051,.F.);
#3176=ADVANCED_FACE('',(#322),#3052,.F.);
#3177=ADVANCED_FACE('',(#323),#3053,.F.);
#3178=ADVANCED_FACE('',(#324),#3054,.F.);
#3179=ADVANCED_FACE('',(#325),#3055,.F.);
#3180=ADVANCED_FACE('',(#326),#3056,.F.);
#3181=ADVANCED_FACE('',(#327),#3057,.F.);
#3182=ADVANCED_FACE('',(#328),#3058,.F.);
#3183=ADVANCED_FACE('',(#329),#3059,.F.);
#3184=ADVANCED_FACE('',(#330),#3060,.F.);
#3185=ADVANCED_FACE('',(#331),#3061,.F.);
#3186=ADVANCED_FACE('',(#332),#3062,.F.);
#3187=ADVANCED_FACE('',(#333),#3063,.F.);
#3188=ADVANCED_FACE('',(#334),#3064,.F.);
#3189=ADVANCED_FACE('',(#335),#3065,.F.);
#3190=ADVANCED_FACE('',(#336),#3066,.F.);
#3191=ADVANCED_FACE('',(#337),#3067,.F.);
#3192=ADVANCED_FACE('',(#338),#3068,.F.);
#3193=ADVANCED_FACE('',(#339),#3069,.F.);
#3194=ADVANCED_FACE('',(#340),#3070,.F.);
#3195=ADVANCED_FACE('',(#341),#3071,.F.);
#3196=ADVANCED_FACE('',(#342),#3072,.F.);
#3197=ADVANCED_FACE('',(#343),#3073,.F.);
#3198=ADVANCED_FACE('',(#344),#3074,.F.);
#3199=ADVANCED_FACE('',(#345),#3075,.F.);
#3200=ADVANCED_FACE('',(#346),#3076,.F.);
#3201=ADVANCED_FACE('',(#347),#3077,.F.);
#3202=ADVANCED_FACE('',(#348),#3078,.F.);
#3203=ADVANCED_FACE('',(#349),#3079,.F.);
#3204=ADVANCED_FACE('',(#350),#3080,.F.);
#3205=ADVANCED_FACE('',(#351),#3081,.F.);
#3206=ADVANCED_FACE('',(#352),#3082,.F.);
#3207=ADVANCED_FACE('',(#353),#3083,.F.);
#3208=ADVANCED_FACE('',(#354),#3084,.F.);
#3209=ADVANCED_FACE('',(#355),#3085,.F.);
#3210=ADVANCED_FACE('',(#356),#3086,.F.);
#3211=ADVANCED_FACE('',(#357),#3087,.F.);
#3212=ADVANCED_FACE('',(#358),#3088,.F.);
#3213=ADVANCED_FACE('',(#359),#3089,.F.);
#3214=ADVANCED_FACE('',(#360),#3090,.F.);
#3215=ADVANCED_FACE('',(#361),#3091,.F.);
#3216=ADVANCED_FACE('',(#362),#3092,.F.);
#3217=ADVANCED_FACE('',(#363),#3093,.F.);
#3218=ADVANCED_FACE('',(#364),#3094,.F.);
#3219=ADVANCED_FACE('',(#365),#3095,.F.);
#3220=ADVANCED_FACE('',(#366),#3096,.F.);
#3221=ADVANCED_FACE('',(#367),#3097,.F.);
#3222=ADVANCED_FACE('',(#368),#3098,.F.);
#3223=ADVANCED_FACE('',(#369),#3099,.F.);
#3224=ADVANCED_FACE('',(#370),#3100,.F.);
#3225=ADVANCED_FACE('',(#371),#3101,.T.);
#3226=ADVANCED_FACE('',(#372),#235,.T.);
#3227=ADVANCED_FACE('',(#373,#15,#16,#17,#18,#19,#20,#21,#22,#23,#24,#25,
#26,#27,#28,#29,#30,#31,#32,#33,#34,#35,#36,#37,#38,#39,#40,#41,#42,#43,
#44,#45,#46,#47,#48,#49),#236,.T.);
#3228=ADVANCED_FACE('',(#374),#3102,.T.);
#3229=ADVANCED_FACE('',(#375),#237,.T.);
#3230=ADVANCED_FACE('',(#376),#3103,.T.);
#3231=ADVANCED_FACE('',(#377),#238,.T.);
#3232=ADVANCED_FACE('',(#378,#50,#51,#52,#53,#54,#55,#56,#57,#58,#59,#60,
#61,#62,#63,#64,#65,#66,#67,#68,#69,#70,#71,#72,#73,#74,#75,#76,#77,#78,
#79,#80,#81,#82,#83,#84,#85,#86,#87,#88,#89,#90),#239,.F.);
#3233=ADVANCED_FACE('',(#379),#3104,.T.);
#3234=ADVANCED_FACE('',(#380),#240,.T.);
#3235=ADVANCED_FACE('',(#381),#3105,.T.);
#3236=ADVANCED_FACE('',(#382),#241,.T.);
#3237=ADVANCED_FACE('',(#383,#91,#92,#93,#94,#95,#96,#97,#98,#99,#100,#101,
#102,#103,#104,#105,#106,#107,#108,#109,#110,#111,#112,#113,#114,#115,#116,
#117,#118,#119,#120,#121,#122,#123,#124),#242,.F.);
#3238=ADVANCED_FACE('',(#384),#3106,.T.);
#3239=ADVANCED_FACE('',(#385),#243,.T.);
#3240=ADVANCED_FACE('',(#386),#3107,.T.);
#3241=ADVANCED_FACE('',(#387),#3108,.T.);
#3242=ADVANCED_FACE('',(#388),#3109,.F.);
#3243=ADVANCED_FACE('',(#389),#244,.F.);
#3244=ADVANCED_FACE('',(#390),#245,.F.);
#3245=ADVANCED_FACE('',(#391),#3110,.F.);
#3246=ADVANCED_FACE('',(#392),#3111,.F.);
#3247=ADVANCED_FACE('',(#393),#246,.F.);
#3248=ADVANCED_FACE('',(#394),#247,.F.);
#3249=ADVANCED_FACE('',(#395),#3112,.F.);
#3250=ADVANCED_FACE('',(#396),#3113,.F.);
#3251=ADVANCED_FACE('',(#397),#248,.T.);
#3252=ADVANCED_FACE('',(#398),#249,.T.);
#3253=ADVANCED_FACE('',(#399),#250,.T.);
#3254=ADVANCED_FACE('',(#400),#251,.T.);
#3255=ADVANCED_FACE('',(#401),#3114,.T.);
#3256=ADVANCED_FACE('',(#402,#125,#126,#127,#128,#129,#130,#131,#132,#133,
#134,#135,#136,#137,#138,#139,#140,#141,#142,#143,#144,#145,#146,#147,#148,
#149,#150,#151,#152,#153,#154,#155,#156,#157,#158,#159),#252,.T.);
#3257=ADVANCED_FACE('',(#403),#3115,.F.);
#3258=ADVANCED_FACE('',(#404),#253,.T.);
#3259=ADVANCED_FACE('',(#405),#254,.T.);
#3260=ADVANCED_FACE('',(#406),#255,.T.);
#3261=ADVANCED_FACE('',(#407),#256,.T.);
#3262=ADVANCED_FACE('',(#408),#3116,.T.);
#3263=ADVANCED_FACE('',(#409,#160,#161,#162,#163,#164,#165,#166,#167,#168,
#169,#170,#171,#172,#173,#174,#175,#176,#177,#178,#179,#180,#181,#182,#183,
#184,#185,#186,#187,#188,#189,#190,#191,#192,#193),#257,.T.);
#3264=ADVANCED_FACE('',(#410),#258,.T.);
#3265=ADVANCED_FACE('',(#411),#259,.T.);
#3266=ADVANCED_FACE('',(#412),#260,.T.);
#3267=ADVANCED_FACE('',(#413),#261,.T.);
#3268=ADVANCED_FACE('',(#414,#194,#195,#196,#197,#198,#199,#200,#201,#202,
#203,#204,#205,#206,#207,#208,#209,#210,#211,#212,#213,#214,#215,#216,#217,
#218,#219,#220,#221,#222,#223,#224,#225,#226,#227,#228,#229,#230,#231,#232,
#233,#234),#262,.T.);
#3269=CLOSED_SHELL('',(#3117,#3118,#3119,#3120,#3121,#3122,#3123,#3124,
#3125,#3126,#3127,#3128,#3129,#3130,#3131,#3132,#3133,#3134,#3135,#3136,
#3137,#3138,#3139,#3140,#3141,#3142,#3143,#3144,#3145,#3146,#3147,#3148,
#3149,#3150,#3151,#3152,#3153,#3154,#3155,#3156,#3157,#3158,#3159,#3160,
#3161,#3162,#3163,#3164,#3165,#3166,#3167,#3168,#3169,#3170,#3171,#3172,
#3173,#3174,#3175,#3176,#3177,#3178,#3179,#3180,#3181,#3182,#3183,#3184,
#3185,#3186,#3187,#3188,#3189,#3190,#3191,#3192,#3193,#3194,#3195,#3196,
#3197,#3198,#3199,#3200,#3201,#3202,#3203,#3204,#3205,#3206,#3207,#3208,
#3209,#3210,#3211,#3212,#3213,#3214,#3215,#3216,#3217,#3218,#3219,#3220,
#3221,#3222,#3223,#3224,#3225,#3226,#3227,#3228,#3229,#3230,#3231,#3232,
#3233,#3234,#3235,#3236,#3237,#3238,#3239,#3240,#3241,#3242,#3243,#3244,
#3245,#3246,#3247,#3248,#3249,#3250,#3251,#3252,#3253,#3254,#3255,#3256,
#3257,#3258,#3259,#3260,#3261,#3262,#3263,#3264,#3265,#3266,#3267,#3268));
#3270=DERIVED_UNIT_ELEMENT(#3272,1.);
#3271=DERIVED_UNIT_ELEMENT(#5547,-3.);
#3272=(
MASS_UNIT()
NAMED_UNIT(*)
SI_UNIT(.KILO.,.GRAM.)
);
#3273=DERIVED_UNIT((#3270,#3271));
#3274=MEASURE_REPRESENTATION_ITEM('density measure',
POSITIVE_RATIO_MEASURE(8000.),#3273);
#3275=PROPERTY_DEFINITION_REPRESENTATION(#3280,#3277);
#3276=PROPERTY_DEFINITION_REPRESENTATION(#3281,#3278);
#3277=REPRESENTATION('material name',(#3279),#5544);
#3278=REPRESENTATION('density',(#3274),#5544);
#3279=DESCRIPTIVE_REPRESENTATION_ITEM('Stainless Steel AISI 304',
'Stainless Steel AISI 304');
#3280=PROPERTY_DEFINITION('material property','material name',#5554);
#3281=PROPERTY_DEFINITION('material property','density of part',#5554);
#3282=AXIS2_PLACEMENT_3D('',#4671,#3683,#3684);
#3283=AXIS2_PLACEMENT_3D('',#4672,#3685,#3686);
#3284=AXIS2_PLACEMENT_3D('',#4674,#3687,#3688);
#3285=AXIS2_PLACEMENT_3D('',#4677,#3690,#3691);
#3286=AXIS2_PLACEMENT_3D('',#4678,#3692,#3693);
#3287=AXIS2_PLACEMENT_3D('',#4680,#3694,#3695);
#3288=AXIS2_PLACEMENT_3D('',#4683,#3697,#3698);
#3289=AXIS2_PLACEMENT_3D('',#4684,#3699,#3700);
#3290=AXIS2_PLACEMENT_3D('',#4686,#3701,#3702);
#3291=AXIS2_PLACEMENT_3D('',#4689,#3704,#3705);
#3292=AXIS2_PLACEMENT_3D('',#4690,#3706,#3707);
#3293=AXIS2_PLACEMENT_3D('',#4692,#3708,#3709);
#3294=AXIS2_PLACEMENT_3D('',#4695,#3711,#3712);
#3295=AXIS2_PLACEMENT_3D('',#4696,#3713,#3714);
#3296=AXIS2_PLACEMENT_3D('',#4698,#3715,#3716);
#3297=AXIS2_PLACEMENT_3D('',#4701,#3718,#3719);
#3298=AXIS2_PLACEMENT_3D('',#4702,#3720,#3721);
#3299=AXIS2_PLACEMENT_3D('',#4704,#3722,#3723);
#3300=AXIS2_PLACEMENT_3D('',#4707,#3725,#3726);
#3301=AXIS2_PLACEMENT_3D('',#4708,#3727,#3728);
#3302=AXIS2_PLACEMENT_3D('',#4710,#3729,#3730);
#3303=AXIS2_PLACEMENT_3D('',#4713,#3732,#3733);
#3304=AXIS2_PLACEMENT_3D('',#4714,#3734,#3735);
#3305=AXIS2_PLACEMENT_3D('',#4716,#3736,#3737);
#3306=AXIS2_PLACEMENT_3D('',#4719,#3739,#3740);
#3307=AXIS2_PLACEMENT_3D('',#4720,#3741,#3742);
#3308=AXIS2_PLACEMENT_3D('',#4722,#3743,#3744);
#3309=AXIS2_PLACEMENT_3D('',#4725,#3746,#3747);
#3310=AXIS2_PLACEMENT_3D('',#4726,#3748,#3749);
#3311=AXIS2_PLACEMENT_3D('',#4728,#3750,#3751);
#3312=AXIS2_PLACEMENT_3D('',#4731,#3753,#3754);
#3313=AXIS2_PLACEMENT_3D('',#4732,#3755,#3756);
#3314=AXIS2_PLACEMENT_3D('',#4734,#3757,#3758);
#3315=AXIS2_PLACEMENT_3D('',#4737,#3760,#3761);
#3316=AXIS2_PLACEMENT_3D('',#4738,#3762,#3763);
#3317=AXIS2_PLACEMENT_3D('',#4740,#3764,#3765);
#3318=AXIS2_PLACEMENT_3D('',#4743,#3767,#3768);
#3319=AXIS2_PLACEMENT_3D('',#4744,#3769,#3770);
#3320=AXIS2_PLACEMENT_3D('',#4746,#3771,#3772);
#3321=AXIS2_PLACEMENT_3D('',#4749,#3774,#3775);
#3322=AXIS2_PLACEMENT_3D('',#4750,#3776,#3777);
#3323=AXIS2_PLACEMENT_3D('',#4752,#3778,#3779);
#3324=AXIS2_PLACEMENT_3D('',#4755,#3781,#3782);
#3325=AXIS2_PLACEMENT_3D('',#4756,#3783,#3784);
#3326=AXIS2_PLACEMENT_3D('',#4758,#3785,#3786);
#3327=AXIS2_PLACEMENT_3D('',#4761,#3788,#3789);
#3328=AXIS2_PLACEMENT_3D('',#4762,#3790,#3791);
#3329=AXIS2_PLACEMENT_3D('',#4764,#3792,#3793);
#3330=AXIS2_PLACEMENT_3D('',#4767,#3795,#3796);
#3331=AXIS2_PLACEMENT_3D('',#4768,#3797,#3798);
#3332=AXIS2_PLACEMENT_3D('',#4770,#3799,#3800);
#3333=AXIS2_PLACEMENT_3D('',#4773,#3802,#3803);
#3334=AXIS2_PLACEMENT_3D('',#4774,#3804,#3805);
#3335=AXIS2_PLACEMENT_3D('',#4776,#3806,#3807);
#3336=AXIS2_PLACEMENT_3D('',#4779,#3809,#3810);
#3337=AXIS2_PLACEMENT_3D('',#4780,#3811,#3812);
#3338=AXIS2_PLACEMENT_3D('',#4782,#3813,#3814);
#3339=AXIS2_PLACEMENT_3D('',#4785,#3816,#3817);
#3340=AXIS2_PLACEMENT_3D('',#4786,#3818,#3819);
#3341=AXIS2_PLACEMENT_3D('',#4788,#3820,#3821);
#3342=AXIS2_PLACEMENT_3D('',#4791,#3823,#3824);
#3343=AXIS2_PLACEMENT_3D('',#4792,#3825,#3826);
#3344=AXIS2_PLACEMENT_3D('',#4794,#3827,#3828);
#3345=AXIS2_PLACEMENT_3D('',#4797,#3830,#3831);
#3346=AXIS2_PLACEMENT_3D('',#4798,#3832,#3833);
#3347=AXIS2_PLACEMENT_3D('',#4800,#3834,#3835);
#3348=AXIS2_PLACEMENT_3D('',#4803,#3837,#3838);
#3349=AXIS2_PLACEMENT_3D('',#4804,#3839,#3840);
#3350=AXIS2_PLACEMENT_3D('',#4806,#3841,#3842);
#3351=AXIS2_PLACEMENT_3D('',#4809,#3844,#3845);
#3352=AXIS2_PLACEMENT_3D('',#4810,#3846,#3847);
#3353=AXIS2_PLACEMENT_3D('',#4812,#3848,#3849);
#3354=AXIS2_PLACEMENT_3D('',#4815,#3851,#3852);
#3355=AXIS2_PLACEMENT_3D('',#4816,#3853,#3854);
#3356=AXIS2_PLACEMENT_3D('',#4818,#3855,#3856);
#3357=AXIS2_PLACEMENT_3D('',#4821,#3858,#3859);
#3358=AXIS2_PLACEMENT_3D('',#4822,#3860,#3861);
#3359=AXIS2_PLACEMENT_3D('',#4824,#3862,#3863);
#3360=AXIS2_PLACEMENT_3D('',#4827,#3865,#3866);
#3361=AXIS2_PLACEMENT_3D('',#4828,#3867,#3868);
#3362=AXIS2_PLACEMENT_3D('',#4830,#3869,#3870);
#3363=AXIS2_PLACEMENT_3D('',#4833,#3872,#3873);
#3364=AXIS2_PLACEMENT_3D('',#4834,#3874,#3875);
#3365=AXIS2_PLACEMENT_3D('',#4836,#3876,#3877);
#3366=AXIS2_PLACEMENT_3D('',#4839,#3879,#3880);
#3367=AXIS2_PLACEMENT_3D('',#4840,#3881,#3882);
#3368=AXIS2_PLACEMENT_3D('',#4842,#3883,#3884);
#3369=AXIS2_PLACEMENT_3D('',#4845,#3886,#3887);
#3370=AXIS2_PLACEMENT_3D('',#4846,#3888,#3889);
#3371=AXIS2_PLACEMENT_3D('',#4848,#3890,#3891);
#3372=AXIS2_PLACEMENT_3D('',#4851,#3893,#3894);
#3373=AXIS2_PLACEMENT_3D('',#4852,#3895,#3896);
#3374=AXIS2_PLACEMENT_3D('',#4854,#3897,#3898);
#3375=AXIS2_PLACEMENT_3D('',#4857,#3900,#3901);
#3376=AXIS2_PLACEMENT_3D('',#4858,#3902,#3903);
#3377=AXIS2_PLACEMENT_3D('',#4860,#3904,#3905);
#3378=AXIS2_PLACEMENT_3D('',#4863,#3907,#3908);
#3379=AXIS2_PLACEMENT_3D('',#4864,#3909,#3910);
#3380=AXIS2_PLACEMENT_3D('',#4866,#3911,#3912);
#3381=AXIS2_PLACEMENT_3D('',#4869,#3914,#3915);
#3382=AXIS2_PLACEMENT_3D('',#4870,#3916,#3917);
#3383=AXIS2_PLACEMENT_3D('',#4872,#3918,#3919);
#3384=AXIS2_PLACEMENT_3D('',#4875,#3921,#3922);
#3385=AXIS2_PLACEMENT_3D('',#4876,#3923,#3924);
#3386=AXIS2_PLACEMENT_3D('',#4878,#3925,#3926);
#3387=AXIS2_PLACEMENT_3D('',#4881,#3928,#3929);
#3388=AXIS2_PLACEMENT_3D('',#4882,#3930,#3931);
#3389=AXIS2_PLACEMENT_3D('',#4884,#3932,#3933);
#3390=AXIS2_PLACEMENT_3D('',#4887,#3935,#3936);
#3391=AXIS2_PLACEMENT_3D('',#4888,#3937,#3938);
#3392=AXIS2_PLACEMENT_3D('',#4890,#3939,#3940);
#3393=AXIS2_PLACEMENT_3D('',#4893,#3942,#3943);
#3394=AXIS2_PLACEMENT_3D('',#4894,#3944,#3945);
#3395=AXIS2_PLACEMENT_3D('',#4896,#3946,#3947);
#3396=AXIS2_PLACEMENT_3D('',#4899,#3949,#3950);
#3397=AXIS2_PLACEMENT_3D('',#4900,#3951,#3952);
#3398=AXIS2_PLACEMENT_3D('',#4902,#3953,#3954);
#3399=AXIS2_PLACEMENT_3D('',#4905,#3956,#3957);
#3400=AXIS2_PLACEMENT_3D('',#4906,#3958,#3959);
#3401=AXIS2_PLACEMENT_3D('',#4908,#3960,#3961);
#3402=AXIS2_PLACEMENT_3D('',#4911,#3963,#3964);
#3403=AXIS2_PLACEMENT_3D('',#4912,#3965,#3966);
#3404=AXIS2_PLACEMENT_3D('',#4914,#3967,#3968);
#3405=AXIS2_PLACEMENT_3D('',#4917,#3970,#3971);
#3406=AXIS2_PLACEMENT_3D('',#4918,#3972,#3973);
#3407=AXIS2_PLACEMENT_3D('',#4920,#3974,#3975);
#3408=AXIS2_PLACEMENT_3D('',#4923,#3977,#3978);
#3409=AXIS2_PLACEMENT_3D('',#4924,#3979,#3980);
#3410=AXIS2_PLACEMENT_3D('',#4926,#3981,#3982);
#3411=AXIS2_PLACEMENT_3D('',#4929,#3984,#3985);
#3412=AXIS2_PLACEMENT_3D('',#4930,#3986,#3987);
#3413=AXIS2_PLACEMENT_3D('',#4932,#3988,#3989);
#3414=AXIS2_PLACEMENT_3D('',#4935,#3991,#3992);
#3415=AXIS2_PLACEMENT_3D('',#4936,#3993,#3994);
#3416=AXIS2_PLACEMENT_3D('',#4938,#3995,#3996);
#3417=AXIS2_PLACEMENT_3D('',#4941,#3998,#3999);
#3418=AXIS2_PLACEMENT_3D('',#4942,#4000,#4001);
#3419=AXIS2_PLACEMENT_3D('',#4944,#4002,#4003);
#3420=AXIS2_PLACEMENT_3D('',#4947,#4005,#4006);
#3421=AXIS2_PLACEMENT_3D('',#4948,#4007,#4008);
#3422=AXIS2_PLACEMENT_3D('',#4950,#4009,#4010);
#3423=AXIS2_PLACEMENT_3D('',#4953,#4012,#4013);
#3424=AXIS2_PLACEMENT_3D('',#4954,#4014,#4015);
#3425=AXIS2_PLACEMENT_3D('',#4956,#4016,#4017);
#3426=AXIS2_PLACEMENT_3D('',#4959,#4019,#4020);
#3427=AXIS2_PLACEMENT_3D('',#4960,#4021,#4022);
#3428=AXIS2_PLACEMENT_3D('',#4962,#4023,#4024);
#3429=AXIS2_PLACEMENT_3D('',#4965,#4026,#4027);
#3430=AXIS2_PLACEMENT_3D('',#4966,#4028,#4029);
#3431=AXIS2_PLACEMENT_3D('',#4968,#4030,#4031);
#3432=AXIS2_PLACEMENT_3D('',#4971,#4033,#4034);
#3433=AXIS2_PLACEMENT_3D('',#4972,#4035,#4036);
#3434=AXIS2_PLACEMENT_3D('',#4974,#4037,#4038);
#3435=AXIS2_PLACEMENT_3D('',#4977,#4040,#4041);
#3436=AXIS2_PLACEMENT_3D('',#4978,#4042,#4043);
#3437=AXIS2_PLACEMENT_3D('',#4980,#4044,#4045);
#3438=AXIS2_PLACEMENT_3D('',#4983,#4047,#4048);
#3439=AXIS2_PLACEMENT_3D('',#4984,#4049,#4050);
#3440=AXIS2_PLACEMENT_3D('',#4986,#4051,#4052);
#3441=AXIS2_PLACEMENT_3D('',#4989,#4054,#4055);
#3442=AXIS2_PLACEMENT_3D('',#4990,#4056,#4057);
#3443=AXIS2_PLACEMENT_3D('',#4992,#4058,#4059);
#3444=AXIS2_PLACEMENT_3D('',#4995,#4061,#4062);
#3445=AXIS2_PLACEMENT_3D('',#4996,#4063,#4064);
#3446=AXIS2_PLACEMENT_3D('',#4998,#4065,#4066);
#3447=AXIS2_PLACEMENT_3D('',#5001,#4068,#4069);
#3448=AXIS2_PLACEMENT_3D('',#5002,#4070,#4071);
#3449=AXIS2_PLACEMENT_3D('',#5004,#4072,#4073);
#3450=AXIS2_PLACEMENT_3D('',#5007,#4075,#4076);
#3451=AXIS2_PLACEMENT_3D('',#5008,#4077,#4078);
#3452=AXIS2_PLACEMENT_3D('',#5010,#4079,#4080);
#3453=AXIS2_PLACEMENT_3D('',#5013,#4082,#4083);
#3454=AXIS2_PLACEMENT_3D('',#5014,#4084,#4085);
#3455=AXIS2_PLACEMENT_3D('',#5016,#4086,#4087);
#3456=AXIS2_PLACEMENT_3D('',#5019,#4089,#4090);
#3457=AXIS2_PLACEMENT_3D('',#5020,#4091,#4092);
#3458=AXIS2_PLACEMENT_3D('',#5022,#4093,#4094);
#3459=AXIS2_PLACEMENT_3D('',#5025,#4096,#4097);
#3460=AXIS2_PLACEMENT_3D('',#5026,#4098,#4099);
#3461=AXIS2_PLACEMENT_3D('',#5028,#4100,#4101);
#3462=AXIS2_PLACEMENT_3D('',#5031,#4103,#4104);
#3463=AXIS2_PLACEMENT_3D('',#5032,#4105,#4106);
#3464=AXIS2_PLACEMENT_3D('',#5034,#4107,#4108);
#3465=AXIS2_PLACEMENT_3D('',#5037,#4110,#4111);
#3466=AXIS2_PLACEMENT_3D('',#5038,#4112,#4113);
#3467=AXIS2_PLACEMENT_3D('',#5040,#4114,#4115);
#3468=AXIS2_PLACEMENT_3D('',#5043,#4117,#4118);
#3469=AXIS2_PLACEMENT_3D('',#5044,#4119,#4120);
#3470=AXIS2_PLACEMENT_3D('',#5046,#4121,#4122);
#3471=AXIS2_PLACEMENT_3D('',#5049,#4124,#4125);
#3472=AXIS2_PLACEMENT_3D('',#5050,#4126,#4127);
#3473=AXIS2_PLACEMENT_3D('',#5052,#4128,#4129);
#3474=AXIS2_PLACEMENT_3D('',#5055,#4131,#4132);
#3475=AXIS2_PLACEMENT_3D('',#5056,#4133,#4134);
#3476=AXIS2_PLACEMENT_3D('',#5058,#4135,#4136);
#3477=AXIS2_PLACEMENT_3D('',#5061,#4138,#4139);
#3478=AXIS2_PLACEMENT_3D('',#5062,#4140,#4141);
#3479=AXIS2_PLACEMENT_3D('',#5064,#4142,#4143);
#3480=AXIS2_PLACEMENT_3D('',#5067,#4145,#4146);
#3481=AXIS2_PLACEMENT_3D('',#5068,#4147,#4148);
#3482=AXIS2_PLACEMENT_3D('',#5070,#4149,#4150);
#3483=AXIS2_PLACEMENT_3D('',#5073,#4152,#4153);
#3484=AXIS2_PLACEMENT_3D('',#5074,#4154,#4155);
#3485=AXIS2_PLACEMENT_3D('',#5076,#4156,#4157);
#3486=AXIS2_PLACEMENT_3D('',#5079,#4159,#4160);
#3487=AXIS2_PLACEMENT_3D('',#5080,#4161,#4162);
#3488=AXIS2_PLACEMENT_3D('',#5082,#4163,#4164);
#3489=AXIS2_PLACEMENT_3D('',#5085,#4166,#4167);
#3490=AXIS2_PLACEMENT_3D('',#5086,#4168,#4169);
#3491=AXIS2_PLACEMENT_3D('',#5088,#4170,#4171);
#3492=AXIS2_PLACEMENT_3D('',#5091,#4173,#4174);
#3493=AXIS2_PLACEMENT_3D('',#5092,#4175,#4176);
#3494=AXIS2_PLACEMENT_3D('',#5094,#4177,#4178);
#3495=AXIS2_PLACEMENT_3D('',#5097,#4180,#4181);
#3496=AXIS2_PLACEMENT_3D('',#5098,#4182,#4183);
#3497=AXIS2_PLACEMENT_3D('',#5100,#4184,#4185);
#3498=AXIS2_PLACEMENT_3D('',#5103,#4187,#4188);
#3499=AXIS2_PLACEMENT_3D('',#5104,#4189,#4190);
#3500=AXIS2_PLACEMENT_3D('',#5106,#4191,#4192);
#3501=AXIS2_PLACEMENT_3D('',#5109,#4194,#4195);
#3502=AXIS2_PLACEMENT_3D('',#5110,#4196,#4197);
#3503=AXIS2_PLACEMENT_3D('',#5112,#4198,#4199);
#3504=AXIS2_PLACEMENT_3D('',#5115,#4201,#4202);
#3505=AXIS2_PLACEMENT_3D('',#5116,#4203,#4204);
#3506=AXIS2_PLACEMENT_3D('',#5118,#4205,#4206);
#3507=AXIS2_PLACEMENT_3D('',#5121,#4208,#4209);
#3508=AXIS2_PLACEMENT_3D('',#5122,#4210,#4211);
#3509=AXIS2_PLACEMENT_3D('',#5124,#4212,#4213);
#3510=AXIS2_PLACEMENT_3D('',#5127,#4215,#4216);
#3511=AXIS2_PLACEMENT_3D('',#5128,#4217,#4218);
#3512=AXIS2_PLACEMENT_3D('',#5130,#4219,#4220);
#3513=AXIS2_PLACEMENT_3D('',#5133,#4222,#4223);
#3514=AXIS2_PLACEMENT_3D('',#5134,#4224,#4225);
#3515=AXIS2_PLACEMENT_3D('',#5136,#4226,#4227);
#3516=AXIS2_PLACEMENT_3D('',#5139,#4229,#4230);
#3517=AXIS2_PLACEMENT_3D('',#5140,#4231,#4232);
#3518=AXIS2_PLACEMENT_3D('',#5142,#4233,#4234);
#3519=AXIS2_PLACEMENT_3D('',#5145,#4236,#4237);
#3520=AXIS2_PLACEMENT_3D('',#5146,#4238,#4239);
#3521=AXIS2_PLACEMENT_3D('',#5148,#4240,#4241);
#3522=AXIS2_PLACEMENT_3D('',#5151,#4243,#4244);
#3523=AXIS2_PLACEMENT_3D('',#5152,#4245,#4246);
#3524=AXIS2_PLACEMENT_3D('',#5154,#4247,#4248);
#3525=AXIS2_PLACEMENT_3D('',#5157,#4250,#4251);
#3526=AXIS2_PLACEMENT_3D('',#5158,#4252,#4253);
#3527=AXIS2_PLACEMENT_3D('',#5160,#4254,#4255);
#3528=AXIS2_PLACEMENT_3D('',#5163,#4257,#4258);
#3529=AXIS2_PLACEMENT_3D('',#5164,#4259,#4260);
#3530=AXIS2_PLACEMENT_3D('',#5166,#4261,#4262);
#3531=AXIS2_PLACEMENT_3D('',#5169,#4264,#4265);
#3532=AXIS2_PLACEMENT_3D('',#5170,#4266,#4267);
#3533=AXIS2_PLACEMENT_3D('',#5172,#4268,#4269);
#3534=AXIS2_PLACEMENT_3D('',#5175,#4271,#4272);
#3535=AXIS2_PLACEMENT_3D('',#5176,#4273,#4274);
#3536=AXIS2_PLACEMENT_3D('',#5178,#4275,#4276);
#3537=AXIS2_PLACEMENT_3D('',#5181,#4278,#4279);
#3538=AXIS2_PLACEMENT_3D('',#5182,#4280,#4281);
#3539=AXIS2_PLACEMENT_3D('',#5184,#4282,#4283);
#3540=AXIS2_PLACEMENT_3D('',#5187,#4285,#4286);
#3541=AXIS2_PLACEMENT_3D('',#5188,#4287,#4288);
#3542=AXIS2_PLACEMENT_3D('',#5190,#4289,#4290);
#3543=AXIS2_PLACEMENT_3D('',#5193,#4292,#4293);
#3544=AXIS2_PLACEMENT_3D('',#5194,#4294,#4295);
#3545=AXIS2_PLACEMENT_3D('',#5196,#4296,#4297);
#3546=AXIS2_PLACEMENT_3D('',#5199,#4299,#4300);
#3547=AXIS2_PLACEMENT_3D('',#5200,#4301,#4302);
#3548=AXIS2_PLACEMENT_3D('',#5202,#4303,#4304);
#3549=AXIS2_PLACEMENT_3D('',#5205,#4306,#4307);
#3550=AXIS2_PLACEMENT_3D('',#5206,#4308,#4309);
#3551=AXIS2_PLACEMENT_3D('',#5208,#4310,#4311);
#3552=AXIS2_PLACEMENT_3D('',#5211,#4313,#4314);
#3553=AXIS2_PLACEMENT_3D('',#5212,#4315,#4316);
#3554=AXIS2_PLACEMENT_3D('',#5214,#4317,#4318);
#3555=AXIS2_PLACEMENT_3D('',#5217,#4320,#4321);
#3556=AXIS2_PLACEMENT_3D('',#5218,#4322,#4323);
#3557=AXIS2_PLACEMENT_3D('',#5220,#4324,#4325);
#3558=AXIS2_PLACEMENT_3D('',#5223,#4327,#4328);
#3559=AXIS2_PLACEMENT_3D('',#5224,#4329,#4330);
#3560=AXIS2_PLACEMENT_3D('',#5226,#4331,#4332);
#3561=AXIS2_PLACEMENT_3D('',#5229,#4334,#4335);
#3562=AXIS2_PLACEMENT_3D('',#5230,#4336,#4337);
#3563=AXIS2_PLACEMENT_3D('',#5232,#4338,#4339);
#3564=AXIS2_PLACEMENT_3D('',#5235,#4341,#4342);
#3565=AXIS2_PLACEMENT_3D('',#5236,#4343,#4344);
#3566=AXIS2_PLACEMENT_3D('',#5238,#4345,#4346);
#3567=AXIS2_PLACEMENT_3D('',#5241,#4348,#4349);
#3568=AXIS2_PLACEMENT_3D('',#5242,#4350,#4351);
#3569=AXIS2_PLACEMENT_3D('',#5244,#4352,#4353);
#3570=AXIS2_PLACEMENT_3D('',#5247,#4355,#4356);
#3571=AXIS2_PLACEMENT_3D('',#5248,#4357,#4358);
#3572=AXIS2_PLACEMENT_3D('',#5250,#4359,#4360);
#3573=AXIS2_PLACEMENT_3D('',#5253,#4362,#4363);
#3574=AXIS2_PLACEMENT_3D('',#5254,#4364,#4365);
#3575=AXIS2_PLACEMENT_3D('',#5256,#4366,#4367);
#3576=AXIS2_PLACEMENT_3D('',#5259,#4369,#4370);
#3577=AXIS2_PLACEMENT_3D('',#5260,#4371,#4372);
#3578=AXIS2_PLACEMENT_3D('',#5262,#4373,#4374);
#3579=AXIS2_PLACEMENT_3D('',#5265,#4376,#4377);
#3580=AXIS2_PLACEMENT_3D('',#5266,#4378,#4379);
#3581=AXIS2_PLACEMENT_3D('',#5268,#4380,#4381);
#3582=AXIS2_PLACEMENT_3D('',#5271,#4383,#4384);
#3583=AXIS2_PLACEMENT_3D('',#5272,#4385,#4386);
#3584=AXIS2_PLACEMENT_3D('',#5274,#4387,#4388);
#3585=AXIS2_PLACEMENT_3D('',#5277,#4390,#4391);
#3586=AXIS2_PLACEMENT_3D('',#5278,#4392,#4393);
#3587=AXIS2_PLACEMENT_3D('',#5280,#4394,#4395);
#3588=AXIS2_PLACEMENT_3D('',#5283,#4397,#4398);
#3589=AXIS2_PLACEMENT_3D('',#5284,#4399,#4400);
#3590=AXIS2_PLACEMENT_3D('',#5286,#4401,#4402);
#3591=AXIS2_PLACEMENT_3D('',#5289,#4404,#4405);
#3592=AXIS2_PLACEMENT_3D('',#5290,#4406,#4407);
#3593=AXIS2_PLACEMENT_3D('',#5292,#4408,#4409);
#3594=AXIS2_PLACEMENT_3D('',#5295,#4411,#4412);
#3595=AXIS2_PLACEMENT_3D('',#5296,#4413,#4414);
#3596=AXIS2_PLACEMENT_3D('',#5298,#4415,#4416);
#3597=AXIS2_PLACEMENT_3D('',#5301,#4418,#4419);
#3598=AXIS2_PLACEMENT_3D('',#5302,#4420,#4421);
#3599=AXIS2_PLACEMENT_3D('',#5304,#4422,#4423);
#3600=AXIS2_PLACEMENT_3D('',#5307,#4425,#4426);
#3601=AXIS2_PLACEMENT_3D('',#5308,#4427,#4428);
#3602=AXIS2_PLACEMENT_3D('',#5310,#4429,#4430);
#3603=AXIS2_PLACEMENT_3D('',#5313,#4432,#4433);
#3604=AXIS2_PLACEMENT_3D('',#5314,#4434,#4435);
#3605=AXIS2_PLACEMENT_3D('',#5316,#4436,#4437);
#3606=AXIS2_PLACEMENT_3D('',#5319,#4439,#4440);
#3607=AXIS2_PLACEMENT_3D('',#5320,#4441,#4442);
#3608=AXIS2_PLACEMENT_3D('',#5323,#4443,#4444);
#3609=AXIS2_PLACEMENT_3D('',#5327,#4446,#4447);
#3610=AXIS2_PLACEMENT_3D('',#5329,#4449,#4450);
#3611=AXIS2_PLACEMENT_3D('',#5335,#4454,#4455);
#3612=AXIS2_PLACEMENT_3D('',#5339,#4457,#4458);
#3613=AXIS2_PLACEMENT_3D('',#5347,#4462,#4463);
#3614=AXIS2_PLACEMENT_3D('',#5351,#4465,#4466);
#3615=AXIS2_PLACEMENT_3D('',#5354,#4468,#4469);
#3616=AXIS2_PLACEMENT_3D('',#5356,#4470,#4471);
#3617=AXIS2_PLACEMENT_3D('',#5357,#4472,#4473);
#3618=AXIS2_PLACEMENT_3D('',#5360,#4474,#4475);
#3619=AXIS2_PLACEMENT_3D('',#5363,#4478,#4479);
#3620=AXIS2_PLACEMENT_3D('',#5367,#4482,#4483);
#3621=AXIS2_PLACEMENT_3D('',#5370,#4484,#4485);
#3622=AXIS2_PLACEMENT_3D('',#5374,#4487,#4488);
#3623=AXIS2_PLACEMENT_3D('',#5376,#4490,#4491);
#3624=AXIS2_PLACEMENT_3D('',#5382,#4495,#4496);
#3625=AXIS2_PLACEMENT_3D('',#5394,#4502,#4503);
#3626=AXIS2_PLACEMENT_3D('',#5399,#4506,#4507);
#3627=AXIS2_PLACEMENT_3D('',#5400,#4508,#4509);
#3628=AXIS2_PLACEMENT_3D('',#5403,#4510,#4511);
#3629=AXIS2_PLACEMENT_3D('',#5406,#4514,#4515);
#3630=AXIS2_PLACEMENT_3D('',#5410,#4518,#4519);
#3631=AXIS2_PLACEMENT_3D('',#5413,#4520,#4521);
#3632=AXIS2_PLACEMENT_3D('',#5417,#4523,#4524);
#3633=AXIS2_PLACEMENT_3D('',#5419,#4526,#4527);
#3634=AXIS2_PLACEMENT_3D('',#5425,#4531,#4532);
#3635=AXIS2_PLACEMENT_3D('',#5429,#4534,#4535);
#3636=AXIS2_PLACEMENT_3D('',#5433,#4537,#4538);
#3637=AXIS2_PLACEMENT_3D('',#5441,#4543,#4544);
#3638=AXIS2_PLACEMENT_3D('',#5444,#4545,#4546);
#3639=AXIS2_PLACEMENT_3D('',#5447,#4549,#4550);
#3640=AXIS2_PLACEMENT_3D('',#5451,#4553,#4554);
#3641=AXIS2_PLACEMENT_3D('',#5453,#4555,#4556);
#3642=AXIS2_PLACEMENT_3D('',#5455,#4558,#4559);
#3643=AXIS2_PLACEMENT_3D('',#5457,#4560,#4561);
#3644=AXIS2_PLACEMENT_3D('',#5459,#4563,#4564);
#3645=AXIS2_PLACEMENT_3D('',#5461,#4565,#4566);
#3646=AXIS2_PLACEMENT_3D('',#5463,#4568,#4569);
#3647=AXIS2_PLACEMENT_3D('',#5467,#4572,#4573);
#3648=AXIS2_PLACEMENT_3D('',#5471,#4576,#4577);
#3649=AXIS2_PLACEMENT_3D('',#5472,#4578,#4579);
#3650=AXIS2_PLACEMENT_3D('',#5473,#4580,#4581);
#3651=AXIS2_PLACEMENT_3D('',#5476,#4583,#4584);
#3652=AXIS2_PLACEMENT_3D('',#5477,#4585,#4586);
#3653=AXIS2_PLACEMENT_3D('',#5481,#4589,#4590);
#3654=AXIS2_PLACEMENT_3D('',#5485,#4593,#4594);
#3655=AXIS2_PLACEMENT_3D('',#5486,#4595,#4596);
#3656=AXIS2_PLACEMENT_3D('',#5487,#4597,#4598);
#3657=AXIS2_PLACEMENT_3D('',#5491,#4600,#4601);
#3658=AXIS2_PLACEMENT_3D('',#5492,#4602,#4603);
#3659=AXIS2_PLACEMENT_3D('',#5493,#4604,#4605);
#3660=AXIS2_PLACEMENT_3D('',#5496,#4608,#4609);
#3661=AXIS2_PLACEMENT_3D('',#5498,#4611,#4612);
#3662=AXIS2_PLACEMENT_3D('',#5499,#4613,#4614);
#3663=AXIS2_PLACEMENT_3D('',#5500,#4615,#4616);
#3664=AXIS2_PLACEMENT_3D('',#5501,#4617,#4618);
#3665=AXIS2_PLACEMENT_3D('',#5503,#4620,#4621);
#3666=AXIS2_PLACEMENT_3D('',#5505,#4623,#4624);
#3667=AXIS2_PLACEMENT_3D('',#5506,#4625,#4626);
#3668=AXIS2_PLACEMENT_3D('',#5510,#4628,#4629);
#3669=AXIS2_PLACEMENT_3D('',#5511,#4630,#4631);
#3670=AXIS2_PLACEMENT_3D('',#5512,#4632,#4633);
#3671=AXIS2_PLACEMENT_3D('',#5515,#4636,#4637);
#3672=AXIS2_PLACEMENT_3D('',#5518,#4639,#4640);
#3673=AXIS2_PLACEMENT_3D('',#5520,#4642,#4643);
#3674=AXIS2_PLACEMENT_3D('',#5523,#4645,#4646);
#3675=AXIS2_PLACEMENT_3D('',#5524,#4647,#4648);
#3676=AXIS2_PLACEMENT_3D('',#5526,#4650,#4651);
#3677=AXIS2_PLACEMENT_3D('',#5528,#4653,#4654);
#3678=AXIS2_PLACEMENT_3D('',#5529,#4655,#4656);
#3679=AXIS2_PLACEMENT_3D('',#5533,#4659,#4660);
#3680=AXIS2_PLACEMENT_3D('',#5537,#4663,#4664);
#3681=AXIS2_PLACEMENT_3D('',#5539,#4666,#4667);
#3682=AXIS2_PLACEMENT_3D('',#5541,#4669,#4670);
#3683=DIRECTION('axis',(0.,0.,1.));
#3684=DIRECTION('refdir',(1.,0.,0.));
#3685=DIRECTION('center_axis',(3.45991625096935E-33,8.60155619622399E-17,
1.));
#3686=DIRECTION('ref_axis',(-1.,0.,3.45991625096935E-33));
#3687=DIRECTION('center_axis',(-3.00632966928739E-33,-3.06161699786838E-17,
1.));
#3688=DIRECTION('ref_axis',(-1.,0.,3.45991625096935E-33));
#3689=DIRECTION('',(3.45991625096935E-33,8.60155619622399E-17,1.));
#3690=DIRECTION('center_axis',(3.00632966928739E-33,6.12323399573677E-17,
-1.));
#3691=DIRECTION('ref_axis',(-1.,0.,3.45991625096935E-33));
#3692=DIRECTION('center_axis',(3.45991625096935E-33,8.60155619622399E-17,
1.));
#3693=DIRECTION('ref_axis',(-1.,0.,3.45991625096935E-33));
#3694=DIRECTION('center_axis',(-3.00632966928739E-33,-3.06161699786838E-17,
1.));
#3695=DIRECTION('ref_axis',(-1.,0.,3.45991625096935E-33));
#3696=DIRECTION('',(3.45991625096935E-33,8.60155619622399E-17,1.));
#3697=DIRECTION('center_axis',(3.00632966928739E-33,6.12323399573677E-17,
-1.));
#3698=DIRECTION('ref_axis',(-1.,0.,3.45991625096935E-33));
#3699=DIRECTION('center_axis',(3.45991625096935E-33,8.60155619622399E-17,
1.));
#3700=DIRECTION('ref_axis',(-1.,0.,3.45991625096935E-33));
#3701=DIRECTION('center_axis',(-3.00632966928739E-33,-3.06161699786838E-17,
1.));
#3702=DIRECTION('ref_axis',(-1.,0.,3.45991625096935E-33));
#3703=DIRECTION('',(3.45991625096935E-33,8.60155619622399E-17,1.));
#3704=DIRECTION('center_axis',(3.00632966928739E-33,6.12323399573677E-17,
-1.));
#3705=DIRECTION('ref_axis',(-1.,0.,3.45991625096935E-33));
#3706=DIRECTION('center_axis',(3.45991625096935E-33,8.60155619622399E-17,
1.));
#3707=DIRECTION('ref_axis',(-1.,0.,3.45991625096935E-33));
#3708=DIRECTION('center_axis',(-3.00632966928739E-33,-3.06161699786838E-17,
1.));
#3709=DIRECTION('ref_axis',(-1.,0.,3.45991625096935E-33));
#3710=DIRECTION('',(3.45991625096935E-33,8.60155619622399E-17,1.));
#3711=DIRECTION('center_axis',(3.00632966928739E-33,6.12323399573677E-17,
-1.));
#3712=DIRECTION('ref_axis',(-1.,0.,3.45991625096935E-33));
#3713=DIRECTION('center_axis',(3.45991625096935E-33,8.60155619622399E-17,
1.));
#3714=DIRECTION('ref_axis',(-1.,0.,3.45991625096935E-33));
#3715=DIRECTION('center_axis',(-3.00632966928739E-33,-3.06161699786838E-17,
1.));
#3716=DIRECTION('ref_axis',(-1.,0.,3.45991625096935E-33));
#3717=DIRECTION('',(3.45991625096935E-33,8.60155619622399E-17,1.));
#3718=DIRECTION('center_axis',(3.00632966928739E-33,6.12323399573677E-17,
-1.));
#3719=DIRECTION('ref_axis',(-1.,0.,3.45991625096935E-33));
#3720=DIRECTION('center_axis',(3.45991625096935E-33,8.60155619622399E-17,
1.));
#3721=DIRECTION('ref_axis',(-1.,0.,3.45991625096935E-33));
#3722=DIRECTION('center_axis',(-3.00632966928739E-33,-3.06161699786838E-17,
1.));
#3723=DIRECTION('ref_axis',(-1.,0.,3.45991625096935E-33));
#3724=DIRECTION('',(3.45991625096935E-33,8.60155619622399E-17,1.));
#3725=DIRECTION('center_axis',(3.00632966928739E-33,6.12323399573677E-17,
-1.));
#3726=DIRECTION('ref_axis',(-1.,0.,3.45991625096935E-33));
#3727=DIRECTION('center_axis',(3.45991625096935E-33,8.60155619622399E-17,
1.));
#3728=DIRECTION('ref_axis',(-1.,0.,3.45991625096935E-33));
#3729=DIRECTION('center_axis',(-3.00632966928739E-33,-3.06161699786838E-17,
1.));
#3730=DIRECTION('ref_axis',(-1.,0.,3.45991625096935E-33));
#3731=DIRECTION('',(3.45991625096935E-33,8.60155619622399E-17,1.));
#3732=DIRECTION('center_axis',(3.00632966928739E-33,6.12323399573677E-17,
-1.));
#3733=DIRECTION('ref_axis',(-1.,0.,3.45991625096935E-33));
#3734=DIRECTION('center_axis',(3.45991625096935E-33,8.60155619622399E-17,
1.));
#3735=DIRECTION('ref_axis',(-1.,0.,3.45991625096935E-33));
#3736=DIRECTION('center_axis',(-3.00632966928739E-33,-3.06161699786838E-17,
1.));
#3737=DIRECTION('ref_axis',(-1.,0.,3.45991625096935E-33));
#3738=DIRECTION('',(3.45991625096935E-33,8.60155619622399E-17,1.));
#3739=DIRECTION('center_axis',(3.00632966928739E-33,6.12323399573677E-17,
-1.));
#3740=DIRECTION('ref_axis',(-1.,0.,3.45991625096935E-33));
#3741=DIRECTION('center_axis',(3.45991625096935E-33,8.60155619622399E-17,
1.));
#3742=DIRECTION('ref_axis',(-1.,0.,3.45991625096935E-33));
#3743=DIRECTION('center_axis',(-3.00632966928739E-33,-3.06161699786838E-17,
1.));
#3744=DIRECTION('ref_axis',(-1.,0.,3.45991625096935E-33));
#3745=DIRECTION('',(3.45991625096935E-33,8.60155619622399E-17,1.));
#3746=DIRECTION('center_axis',(3.00632966928739E-33,6.12323399573677E-17,
-1.));
#3747=DIRECTION('ref_axis',(-1.,0.,3.45991625096935E-33));
#3748=DIRECTION('center_axis',(3.45991625096935E-33,8.60155619622399E-17,
1.));
#3749=DIRECTION('ref_axis',(-1.,0.,3.45991625096935E-33));
#3750=DIRECTION('center_axis',(-3.00632966928739E-33,-3.06161699786838E-17,
1.));
#3751=DIRECTION('ref_axis',(-1.,0.,3.45991625096935E-33));
#3752=DIRECTION('',(3.45991625096935E-33,8.60155619622399E-17,1.));
#3753=DIRECTION('center_axis',(3.00632966928739E-33,6.12323399573677E-17,
-1.));
#3754=DIRECTION('ref_axis',(-1.,0.,3.45991625096935E-33));
#3755=DIRECTION('center_axis',(3.45991625096935E-33,8.60155619622399E-17,
1.));
#3756=DIRECTION('ref_axis',(-1.,0.,3.45991625096935E-33));
#3757=DIRECTION('center_axis',(-3.00632966928739E-33,-3.06161699786838E-17,
1.));
#3758=DIRECTION('ref_axis',(-1.,0.,3.45991625096935E-33));
#3759=DIRECTION('',(3.45991625096935E-33,8.60155619622399E-17,1.));
#3760=DIRECTION('center_axis',(3.00632966928739E-33,6.12323399573677E-17,
-1.));
#3761=DIRECTION('ref_axis',(-1.,0.,3.45991625096935E-33));
#3762=DIRECTION('center_axis',(3.45991625096935E-33,8.60155619622399E-17,
1.));
#3763=DIRECTION('ref_axis',(-1.,0.,3.45991625096935E-33));
#3764=DIRECTION('center_axis',(-3.00632966928739E-33,-3.06161699786838E-17,
1.));
#3765=DIRECTION('ref_axis',(-1.,0.,3.45991625096935E-33));
#3766=DIRECTION('',(3.45991625096935E-33,8.60155619622399E-17,1.));
#3767=DIRECTION('center_axis',(3.00632966928739E-33,6.12323399573677E-17,
-1.));
#3768=DIRECTION('ref_axis',(-1.,0.,3.45991625096935E-33));
#3769=DIRECTION('center_axis',(3.45991625096935E-33,8.60155619622399E-17,
1.));
#3770=DIRECTION('ref_axis',(-1.,0.,3.45991625096935E-33));
#3771=DIRECTION('center_axis',(-3.00632966928739E-33,-3.06161699786838E-17,
1.));
#3772=DIRECTION('ref_axis',(-1.,0.,3.45991625096935E-33));
#3773=DIRECTION('',(3.45991625096935E-33,8.60155619622399E-17,1.));
#3774=DIRECTION('center_axis',(3.00632966928739E-33,6.12323399573677E-17,
-1.));
#3775=DIRECTION('ref_axis',(-1.,0.,3.45991625096935E-33));
#3776=DIRECTION('center_axis',(3.45991625096935E-33,8.60155619622399E-17,
1.));
#3777=DIRECTION('ref_axis',(-1.,0.,3.45991625096935E-33));
#3778=DIRECTION('center_axis',(-3.00632966928739E-33,-3.06161699786838E-17,
1.));
#3779=DIRECTION('ref_axis',(-1.,0.,3.45991625096935E-33));
#3780=DIRECTION('',(3.45991625096935E-33,8.60155619622399E-17,1.));
#3781=DIRECTION('center_axis',(3.00632966928739E-33,6.12323399573677E-17,
-1.));
#3782=DIRECTION('ref_axis',(-1.,0.,3.45991625096935E-33));
#3783=DIRECTION('center_axis',(3.45991625096935E-33,8.60155619622399E-17,
1.));
#3784=DIRECTION('ref_axis',(-1.,0.,3.45991625096935E-33));
#3785=DIRECTION('center_axis',(-3.00632966928739E-33,-3.06161699786838E-17,
1.));
#3786=DIRECTION('ref_axis',(-1.,0.,3.45991625096935E-33));
#3787=DIRECTION('',(3.45991625096935E-33,8.60155619622399E-17,1.));
#3788=DIRECTION('center_axis',(3.00632966928739E-33,6.12323399573677E-17,
-1.));
#3789=DIRECTION('ref_axis',(-1.,0.,3.45991625096935E-33));
#3790=DIRECTION('center_axis',(3.45991625096935E-33,8.60155619622399E-17,
1.));
#3791=DIRECTION('ref_axis',(-1.,0.,3.45991625096935E-33));
#3792=DIRECTION('center_axis',(-3.00632966928739E-33,-3.06161699786838E-17,
1.));
#3793=DIRECTION('ref_axis',(-1.,0.,3.45991625096935E-33));
#3794=DIRECTION('',(3.45991625096935E-33,8.60155619622399E-17,1.));
#3795=DIRECTION('center_axis',(3.00632966928739E-33,6.12323399573677E-17,
-1.));
#3796=DIRECTION('ref_axis',(-1.,0.,3.45991625096935E-33));
#3797=DIRECTION('center_axis',(3.45991625096935E-33,8.60155619622399E-17,
1.));
#3798=DIRECTION('ref_axis',(-1.,0.,3.45991625096935E-33));
#3799=DIRECTION('center_axis',(-3.00632966928739E-33,-3.06161699786838E-17,
1.));
#3800=DIRECTION('ref_axis',(-1.,0.,3.45991625096935E-33));
#3801=DIRECTION('',(3.45991625096935E-33,8.60155619622399E-17,1.));
#3802=DIRECTION('center_axis',(3.00632966928739E-33,6.12323399573677E-17,
-1.));
#3803=DIRECTION('ref_axis',(-1.,0.,3.45991625096935E-33));
#3804=DIRECTION('center_axis',(3.45991625096935E-33,8.60155619622399E-17,
1.));
#3805=DIRECTION('ref_axis',(-1.,0.,3.45991625096935E-33));
#3806=DIRECTION('center_axis',(-3.00632966928739E-33,-3.06161699786838E-17,
1.));
#3807=DIRECTION('ref_axis',(-1.,0.,3.45991625096935E-33));
#3808=DIRECTION('',(3.45991625096935E-33,8.60155619622399E-17,1.));
#3809=DIRECTION('center_axis',(3.00632966928739E-33,6.12323399573677E-17,
-1.));
#3810=DIRECTION('ref_axis',(-1.,0.,3.45991625096935E-33));
#3811=DIRECTION('center_axis',(3.45991625096935E-33,8.60155619622399E-17,
1.));
#3812=DIRECTION('ref_axis',(-1.,0.,3.45991625096935E-33));
#3813=DIRECTION('center_axis',(-3.00632966928739E-33,-3.06161699786838E-17,
1.));
#3814=DIRECTION('ref_axis',(-1.,0.,3.45991625096935E-33));
#3815=DIRECTION('',(3.45991625096935E-33,8.60155619622399E-17,1.));
#3816=DIRECTION('center_axis',(3.00632966928739E-33,6.12323399573677E-17,
-1.));
#3817=DIRECTION('ref_axis',(-1.,0.,3.45991625096935E-33));
#3818=DIRECTION('center_axis',(3.45991625096935E-33,8.60155619622399E-17,
1.));
#3819=DIRECTION('ref_axis',(-1.,0.,3.45991625096935E-33));
#3820=DIRECTION('center_axis',(-3.00632966928739E-33,-3.06161699786838E-17,
1.));
#3821=DIRECTION('ref_axis',(-1.,0.,3.45991625096935E-33));
#3822=DIRECTION('',(3.45991625096935E-33,8.60155619622399E-17,1.));
#3823=DIRECTION('center_axis',(3.00632966928739E-33,6.12323399573677E-17,
-1.));
#3824=DIRECTION('ref_axis',(-1.,0.,3.45991625096935E-33));
#3825=DIRECTION('center_axis',(3.45991625096935E-33,8.60155619622399E-17,
1.));
#3826=DIRECTION('ref_axis',(-1.,0.,3.45991625096935E-33));
#3827=DIRECTION('center_axis',(-3.00632966928739E-33,-3.06161699786838E-17,
1.));
#3828=DIRECTION('ref_axis',(-1.,0.,3.45991625096935E-33));
#3829=DIRECTION('',(3.45991625096935E-33,8.60155619622399E-17,1.));
#3830=DIRECTION('center_axis',(3.00632966928739E-33,6.12323399573677E-17,
-1.));
#3831=DIRECTION('ref_axis',(-1.,0.,3.45991625096935E-33));
#3832=DIRECTION('center_axis',(3.45991625096935E-33,8.60155619622399E-17,
1.));
#3833=DIRECTION('ref_axis',(-1.,0.,3.45991625096935E-33));
#3834=DIRECTION('center_axis',(-3.00632966928739E-33,-3.06161699786838E-17,
1.));
#3835=DIRECTION('ref_axis',(-1.,0.,3.45991625096935E-33));
#3836=DIRECTION('',(3.45991625096935E-33,8.60155619622399E-17,1.));
#3837=DIRECTION('center_axis',(3.00632966928739E-33,6.12323399573677E-17,
-1.));
#3838=DIRECTION('ref_axis',(-1.,0.,3.45991625096935E-33));
#3839=DIRECTION('center_axis',(3.45991625096935E-33,8.60155619622399E-17,
1.));
#3840=DIRECTION('ref_axis',(-1.,0.,3.45991625096935E-33));
#3841=DIRECTION('center_axis',(-3.00632966928739E-33,-3.06161699786838E-17,
1.));
#3842=DIRECTION('ref_axis',(-1.,0.,3.45991625096935E-33));
#3843=DIRECTION('',(3.45991625096935E-33,8.60155619622399E-17,1.));
#3844=DIRECTION('center_axis',(3.00632966928739E-33,6.12323399573677E-17,
-1.));
#3845=DIRECTION('ref_axis',(-1.,0.,3.45991625096935E-33));
#3846=DIRECTION('center_axis',(3.45991625096935E-33,8.60155619622399E-17,
1.));
#3847=DIRECTION('ref_axis',(-1.,0.,3.45991625096935E-33));
#3848=DIRECTION('center_axis',(-3.00632966928739E-33,-3.06161699786838E-17,
1.));
#3849=DIRECTION('ref_axis',(-1.,0.,3.45991625096935E-33));
#3850=DIRECTION('',(3.45991625096935E-33,8.60155619622399E-17,1.));
#3851=DIRECTION('center_axis',(3.00632966928739E-33,6.12323399573677E-17,
-1.));
#3852=DIRECTION('ref_axis',(-1.,0.,3.45991625096935E-33));
#3853=DIRECTION('center_axis',(3.45991625096935E-33,8.60155619622399E-17,
1.));
#3854=DIRECTION('ref_axis',(-1.,0.,3.45991625096935E-33));
#3855=DIRECTION('center_axis',(-3.00632966928739E-33,-3.06161699786838E-17,
1.));
#3856=DIRECTION('ref_axis',(-1.,0.,3.45991625096935E-33));
#3857=DIRECTION('',(3.45991625096935E-33,8.60155619622399E-17,1.));
#3858=DIRECTION('center_axis',(3.00632966928739E-33,6.12323399573677E-17,
-1.));
#3859=DIRECTION('ref_axis',(-1.,0.,3.45991625096935E-33));
#3860=DIRECTION('center_axis',(3.45991625096935E-33,8.60155619622399E-17,
1.));
#3861=DIRECTION('ref_axis',(-1.,0.,3.45991625096935E-33));
#3862=DIRECTION('center_axis',(-3.00632966928739E-33,-3.06161699786838E-17,
1.));
#3863=DIRECTION('ref_axis',(-1.,0.,3.45991625096935E-33));
#3864=DIRECTION('',(3.45991625096935E-33,8.60155619622399E-17,1.));
#3865=DIRECTION('center_axis',(3.00632966928739E-33,6.12323399573677E-17,
-1.));
#3866=DIRECTION('ref_axis',(-1.,0.,3.45991625096935E-33));
#3867=DIRECTION('center_axis',(3.45991625096935E-33,8.60155619622399E-17,
1.));
#3868=DIRECTION('ref_axis',(-1.,0.,3.45991625096935E-33));
#3869=DIRECTION('center_axis',(-3.00632966928739E-33,-3.06161699786838E-17,
1.));
#3870=DIRECTION('ref_axis',(-1.,0.,3.45991625096935E-33));
#3871=DIRECTION('',(3.45991625096935E-33,8.60155619622399E-17,1.));
#3872=DIRECTION('center_axis',(3.00632966928739E-33,6.12323399573677E-17,
-1.));
#3873=DIRECTION('ref_axis',(-1.,0.,3.45991625096935E-33));
#3874=DIRECTION('center_axis',(3.45991625096935E-33,8.60155619622399E-17,
1.));
#3875=DIRECTION('ref_axis',(-1.,0.,3.45991625096935E-33));
#3876=DIRECTION('center_axis',(-3.00632966928739E-33,-3.06161699786838E-17,
1.));
#3877=DIRECTION('ref_axis',(-1.,0.,3.45991625096935E-33));
#3878=DIRECTION('',(3.45991625096935E-33,8.60155619622399E-17,1.));
#3879=DIRECTION('center_axis',(3.00632966928739E-33,6.12323399573677E-17,
-1.));
#3880=DIRECTION('ref_axis',(-1.,0.,3.45991625096935E-33));
#3881=DIRECTION('center_axis',(3.45991625096935E-33,8.60155619622399E-17,
1.));
#3882=DIRECTION('ref_axis',(-1.,0.,3.45991625096935E-33));
#3883=DIRECTION('center_axis',(-3.00632966928739E-33,-3.06161699786838E-17,
1.));
#3884=DIRECTION('ref_axis',(-1.,0.,3.45991625096935E-33));
#3885=DIRECTION('',(3.45991625096935E-33,8.60155619622399E-17,1.));
#3886=DIRECTION('center_axis',(3.00632966928739E-33,6.12323399573677E-17,
-1.));
#3887=DIRECTION('ref_axis',(-1.,0.,3.45991625096935E-33));
#3888=DIRECTION('center_axis',(3.45991625096935E-33,8.60155619622399E-17,
1.));
#3889=DIRECTION('ref_axis',(-1.,0.,3.45991625096935E-33));
#3890=DIRECTION('center_axis',(-3.00632966928739E-33,-3.06161699786838E-17,
1.));
#3891=DIRECTION('ref_axis',(-1.,0.,3.45991625096935E-33));
#3892=DIRECTION('',(3.45991625096935E-33,8.60155619622399E-17,1.));
#3893=DIRECTION('center_axis',(3.00632966928739E-33,6.12323399573677E-17,
-1.));
#3894=DIRECTION('ref_axis',(-1.,0.,3.45991625096935E-33));
#3895=DIRECTION('center_axis',(3.45991625096935E-33,8.60155619622399E-17,
1.));
#3896=DIRECTION('ref_axis',(-1.,0.,3.45991625096935E-33));
#3897=DIRECTION('center_axis',(-3.00632966928739E-33,-3.06161699786838E-17,
1.));
#3898=DIRECTION('ref_axis',(-1.,0.,3.45991625096935E-33));
#3899=DIRECTION('',(3.45991625096935E-33,8.60155619622399E-17,1.));
#3900=DIRECTION('center_axis',(3.00632966928739E-33,6.12323399573677E-17,
-1.));
#3901=DIRECTION('ref_axis',(-1.,0.,3.45991625096935E-33));
#3902=DIRECTION('center_axis',(3.45991625096935E-33,8.60155619622399E-17,
1.));
#3903=DIRECTION('ref_axis',(-1.,0.,3.45991625096935E-33));
#3904=DIRECTION('center_axis',(-3.00632966928739E-33,-3.06161699786838E-17,
1.));
#3905=DIRECTION('ref_axis',(-1.,0.,3.45991625096935E-33));
#3906=DIRECTION('',(3.45991625096935E-33,8.60155619622399E-17,1.));
#3907=DIRECTION('center_axis',(3.00632966928739E-33,6.12323399573677E-17,
-1.));
#3908=DIRECTION('ref_axis',(-1.,0.,3.45991625096935E-33));
#3909=DIRECTION('center_axis',(3.45991625096935E-33,8.60155619622399E-17,
1.));
#3910=DIRECTION('ref_axis',(-1.,0.,3.45991625096935E-33));
#3911=DIRECTION('center_axis',(-3.00632966928739E-33,-3.06161699786838E-17,
1.));
#3912=DIRECTION('ref_axis',(-1.,0.,3.45991625096935E-33));
#3913=DIRECTION('',(3.45991625096935E-33,8.60155619622399E-17,1.));
#3914=DIRECTION('center_axis',(3.00632966928739E-33,6.12323399573677E-17,
-1.));
#3915=DIRECTION('ref_axis',(-1.,0.,3.45991625096935E-33));
#3916=DIRECTION('center_axis',(3.45991625096935E-33,8.60155619622399E-17,
1.));
#3917=DIRECTION('ref_axis',(-1.,0.,3.45991625096935E-33));
#3918=DIRECTION('center_axis',(-3.00632966928739E-33,-3.06161699786838E-17,
1.));
#3919=DIRECTION('ref_axis',(-1.,0.,3.45991625096935E-33));
#3920=DIRECTION('',(3.45991625096935E-33,8.60155619622399E-17,1.));
#3921=DIRECTION('center_axis',(3.00632966928739E-33,6.12323399573677E-17,
-1.));
#3922=DIRECTION('ref_axis',(-1.,0.,3.45991625096935E-33));
#3923=DIRECTION('center_axis',(0.,1.,0.));
#3924=DIRECTION('ref_axis',(0.,0.,-1.));
#3925=DIRECTION('center_axis',(0.,1.,0.));
#3926=DIRECTION('ref_axis',(0.,0.,-1.));
#3927=DIRECTION('',(0.,1.,0.));
#3928=DIRECTION('center_axis',(0.,-1.,0.));
#3929=DIRECTION('ref_axis',(0.,0.,-1.));
#3930=DIRECTION('center_axis',(0.,1.,0.));
#3931=DIRECTION('ref_axis',(0.,0.,-1.));
#3932=DIRECTION('center_axis',(0.,1.,0.));
#3933=DIRECTION('ref_axis',(0.,0.,-1.));
#3934=DIRECTION('',(0.,1.,0.));
#3935=DIRECTION('center_axis',(0.,-1.,0.));
#3936=DIRECTION('ref_axis',(0.,0.,-1.));
#3937=DIRECTION('center_axis',(0.,1.,0.));
#3938=DIRECTION('ref_axis',(0.,0.,-1.));
#3939=DIRECTION('center_axis',(0.,1.,0.));
#3940=DIRECTION('ref_axis',(0.,0.,-1.));
#3941=DIRECTION('',(0.,1.,0.));
#3942=DIRECTION('center_axis',(0.,-1.,0.));
#3943=DIRECTION('ref_axis',(0.,0.,-1.));
#3944=DIRECTION('center_axis',(0.,1.,0.));
#3945=DIRECTION('ref_axis',(0.,0.,-1.));
#3946=DIRECTION('center_axis',(0.,1.,0.));
#3947=DIRECTION('ref_axis',(0.,0.,-1.));
#3948=DIRECTION('',(0.,1.,0.));
#3949=DIRECTION('center_axis',(0.,-1.,0.));
#3950=DIRECTION('ref_axis',(0.,0.,-1.));
#3951=DIRECTION('center_axis',(0.,1.,0.));
#3952=DIRECTION('ref_axis',(0.,0.,-1.));
#3953=DIRECTION('center_axis',(0.,1.,0.));
#3954=DIRECTION('ref_axis',(0.,0.,-1.));
#3955=DIRECTION('',(0.,1.,0.));
#3956=DIRECTION('center_axis',(0.,-1.,0.));
#3957=DIRECTION('ref_axis',(0.,0.,-1.));
#3958=DIRECTION('center_axis',(0.,1.,0.));
#3959=DIRECTION('ref_axis',(0.,0.,-1.));
#3960=DIRECTION('center_axis',(0.,1.,0.));
#3961=DIRECTION('ref_axis',(0.,0.,-1.));
#3962=DIRECTION('',(0.,1.,0.));
#3963=DIRECTION('center_axis',(0.,-1.,0.));
#3964=DIRECTION('ref_axis',(0.,0.,-1.));
#3965=DIRECTION('center_axis',(0.,1.,0.));
#3966=DIRECTION('ref_axis',(0.,0.,-1.));
#3967=DIRECTION('center_axis',(0.,1.,0.));
#3968=DIRECTION('ref_axis',(0.,0.,-1.));
#3969=DIRECTION('',(0.,1.,0.));
#3970=DIRECTION('center_axis',(0.,-1.,0.));
#3971=DIRECTION('ref_axis',(0.,0.,-1.));
#3972=DIRECTION('center_axis',(0.,1.,0.));
#3973=DIRECTION('ref_axis',(0.,0.,-1.));
#3974=DIRECTION('center_axis',(0.,1.,0.));
#3975=DIRECTION('ref_axis',(0.,0.,-1.));
#3976=DIRECTION('',(0.,1.,0.));
#3977=DIRECTION('center_axis',(0.,-1.,0.));
#3978=DIRECTION('ref_axis',(0.,0.,-1.));
#3979=DIRECTION('center_axis',(0.,1.,0.));
#3980=DIRECTION('ref_axis',(0.,0.,-1.));
#3981=DIRECTION('center_axis',(0.,1.,0.));
#3982=DIRECTION('ref_axis',(0.,0.,-1.));
#3983=DIRECTION('',(0.,1.,0.));
#3984=DIRECTION('center_axis',(0.,-1.,0.));
#3985=DIRECTION('ref_axis',(0.,0.,-1.));
#3986=DIRECTION('center_axis',(0.,1.,0.));
#3987=DIRECTION('ref_axis',(0.,0.,-1.));
#3988=DIRECTION('center_axis',(0.,1.,0.));
#3989=DIRECTION('ref_axis',(0.,0.,-1.));
#3990=DIRECTION('',(0.,1.,0.));
#3991=DIRECTION('center_axis',(0.,-1.,0.));
#3992=DIRECTION('ref_axis',(0.,0.,-1.));
#3993=DIRECTION('center_axis',(0.,1.,0.));
#3994=DIRECTION('ref_axis',(0.,0.,-1.));
#3995=DIRECTION('center_axis',(0.,1.,0.));
#3996=DIRECTION('ref_axis',(0.,0.,-1.));
#3997=DIRECTION('',(0.,1.,0.));
#3998=DIRECTION('center_axis',(0.,-1.,0.));
#3999=DIRECTION('ref_axis',(0.,0.,-1.));
#4000=DIRECTION('center_axis',(0.,1.,0.));
#4001=DIRECTION('ref_axis',(0.,0.,-1.));
#4002=DIRECTION('center_axis',(0.,1.,0.));
#4003=DIRECTION('ref_axis',(0.,0.,-1.));
#4004=DIRECTION('',(0.,1.,0.));
#4005=DIRECTION('center_axis',(0.,-1.,0.));
#4006=DIRECTION('ref_axis',(0.,0.,-1.));
#4007=DIRECTION('center_axis',(0.,1.,0.));
#4008=DIRECTION('ref_axis',(0.,0.,-1.));
#4009=DIRECTION('center_axis',(0.,1.,0.));
#4010=DIRECTION('ref_axis',(0.,0.,-1.));
#4011=DIRECTION('',(0.,1.,0.));
#4012=DIRECTION('center_axis',(0.,-1.,0.));
#4013=DIRECTION('ref_axis',(0.,0.,-1.));
#4014=DIRECTION('center_axis',(0.,1.,0.));
#4015=DIRECTION('ref_axis',(0.,0.,-1.));
#4016=DIRECTION('center_axis',(0.,1.,0.));
#4017=DIRECTION('ref_axis',(0.,0.,-1.));
#4018=DIRECTION('',(0.,1.,0.));
#4019=DIRECTION('center_axis',(0.,-1.,0.));
#4020=DIRECTION('ref_axis',(0.,0.,-1.));
#4021=DIRECTION('center_axis',(0.,1.,0.));
#4022=DIRECTION('ref_axis',(0.,0.,-1.));
#4023=DIRECTION('center_axis',(0.,1.,0.));
#4024=DIRECTION('ref_axis',(0.,0.,-1.));
#4025=DIRECTION('',(0.,1.,0.));
#4026=DIRECTION('center_axis',(0.,-1.,0.));
#4027=DIRECTION('ref_axis',(0.,0.,-1.));
#4028=DIRECTION('center_axis',(0.,1.,0.));
#4029=DIRECTION('ref_axis',(0.,0.,-1.));
#4030=DIRECTION('center_axis',(0.,1.,0.));
#4031=DIRECTION('ref_axis',(0.,0.,-1.));
#4032=DIRECTION('',(0.,1.,0.));
#4033=DIRECTION('center_axis',(0.,-1.,0.));
#4034=DIRECTION('ref_axis',(0.,0.,-1.));
#4035=DIRECTION('center_axis',(0.,1.,0.));
#4036=DIRECTION('ref_axis',(0.,0.,-1.));
#4037=DIRECTION('center_axis',(0.,1.,0.));
#4038=DIRECTION('ref_axis',(0.,0.,-1.));
#4039=DIRECTION('',(0.,1.,0.));
#4040=DIRECTION('center_axis',(0.,-1.,0.));
#4041=DIRECTION('ref_axis',(0.,0.,-1.));
#4042=DIRECTION('center_axis',(0.,1.,0.));
#4043=DIRECTION('ref_axis',(0.,0.,-1.));
#4044=DIRECTION('center_axis',(0.,1.,0.));
#4045=DIRECTION('ref_axis',(0.,0.,-1.));
#4046=DIRECTION('',(0.,1.,0.));
#4047=DIRECTION('center_axis',(0.,-1.,0.));
#4048=DIRECTION('ref_axis',(0.,0.,-1.));
#4049=DIRECTION('center_axis',(0.,1.,0.));
#4050=DIRECTION('ref_axis',(0.,0.,-1.));
#4051=DIRECTION('center_axis',(0.,1.,0.));
#4052=DIRECTION('ref_axis',(0.,0.,-1.));
#4053=DIRECTION('',(0.,1.,0.));
#4054=DIRECTION('center_axis',(0.,-1.,0.));
#4055=DIRECTION('ref_axis',(0.,0.,-1.));
#4056=DIRECTION('center_axis',(0.,1.,0.));
#4057=DIRECTION('ref_axis',(0.,0.,-1.));
#4058=DIRECTION('center_axis',(0.,1.,0.));
#4059=DIRECTION('ref_axis',(0.,0.,-1.));
#4060=DIRECTION('',(0.,1.,0.));
#4061=DIRECTION('center_axis',(0.,-1.,0.));
#4062=DIRECTION('ref_axis',(0.,0.,-1.));
#4063=DIRECTION('center_axis',(0.,1.,0.));
#4064=DIRECTION('ref_axis',(0.,0.,-1.));
#4065=DIRECTION('center_axis',(0.,1.,0.));
#4066=DIRECTION('ref_axis',(0.,0.,-1.));
#4067=DIRECTION('',(0.,1.,0.));
#4068=DIRECTION('center_axis',(0.,-1.,0.));
#4069=DIRECTION('ref_axis',(0.,0.,-1.));
#4070=DIRECTION('center_axis',(0.,1.,0.));
#4071=DIRECTION('ref_axis',(0.,0.,-1.));
#4072=DIRECTION('center_axis',(0.,1.,0.));
#4073=DIRECTION('ref_axis',(0.,0.,-1.));
#4074=DIRECTION('',(0.,1.,0.));
#4075=DIRECTION('center_axis',(0.,-1.,0.));
#4076=DIRECTION('ref_axis',(0.,0.,-1.));
#4077=DIRECTION('center_axis',(0.,1.,0.));
#4078=DIRECTION('ref_axis',(0.,0.,-1.));
#4079=DIRECTION('center_axis',(0.,1.,0.));
#4080=DIRECTION('ref_axis',(0.,0.,-1.));
#4081=DIRECTION('',(0.,1.,0.));
#4082=DIRECTION('center_axis',(0.,-1.,0.));
#4083=DIRECTION('ref_axis',(0.,0.,-1.));
#4084=DIRECTION('center_axis',(0.,1.,0.));
#4085=DIRECTION('ref_axis',(0.,0.,-1.));
#4086=DIRECTION('center_axis',(0.,1.,0.));
#4087=DIRECTION('ref_axis',(0.,0.,-1.));
#4088=DIRECTION('',(0.,1.,0.));
#4089=DIRECTION('center_axis',(0.,-1.,0.));
#4090=DIRECTION('ref_axis',(0.,0.,-1.));
#4091=DIRECTION('center_axis',(0.,1.,0.));
#4092=DIRECTION('ref_axis',(0.,0.,-1.));
#4093=DIRECTION('center_axis',(0.,1.,0.));
#4094=DIRECTION('ref_axis',(0.,0.,-1.));
#4095=DIRECTION('',(0.,1.,0.));
#4096=DIRECTION('center_axis',(0.,-1.,0.));
#4097=DIRECTION('ref_axis',(0.,0.,-1.));
#4098=DIRECTION('center_axis',(0.,1.,0.));
#4099=DIRECTION('ref_axis',(0.,0.,-1.));
#4100=DIRECTION('center_axis',(0.,1.,0.));
#4101=DIRECTION('ref_axis',(0.,0.,-1.));
#4102=DIRECTION('',(0.,1.,0.));
#4103=DIRECTION('center_axis',(0.,-1.,0.));
#4104=DIRECTION('ref_axis',(0.,0.,-1.));
#4105=DIRECTION('center_axis',(0.,1.,0.));
#4106=DIRECTION('ref_axis',(0.,0.,-1.));
#4107=DIRECTION('center_axis',(0.,1.,0.));
#4108=DIRECTION('ref_axis',(0.,0.,-1.));
#4109=DIRECTION('',(0.,1.,0.));
#4110=DIRECTION('center_axis',(0.,-1.,0.));
#4111=DIRECTION('ref_axis',(0.,0.,-1.));
#4112=DIRECTION('center_axis',(0.,1.,0.));
#4113=DIRECTION('ref_axis',(0.,0.,-1.));
#4114=DIRECTION('center_axis',(0.,1.,0.));
#4115=DIRECTION('ref_axis',(0.,0.,-1.));
#4116=DIRECTION('',(0.,1.,0.));
#4117=DIRECTION('center_axis',(0.,-1.,0.));
#4118=DIRECTION('ref_axis',(0.,0.,-1.));
#4119=DIRECTION('center_axis',(0.,1.,0.));
#4120=DIRECTION('ref_axis',(0.,0.,-1.));
#4121=DIRECTION('center_axis',(0.,1.,0.));
#4122=DIRECTION('ref_axis',(0.,0.,-1.));
#4123=DIRECTION('',(0.,1.,0.));
#4124=DIRECTION('center_axis',(0.,-1.,0.));
#4125=DIRECTION('ref_axis',(0.,0.,-1.));
#4126=DIRECTION('center_axis',(0.,1.,0.));
#4127=DIRECTION('ref_axis',(0.,0.,-1.));
#4128=DIRECTION('center_axis',(0.,1.,0.));
#4129=DIRECTION('ref_axis',(0.,0.,-1.));
#4130=DIRECTION('',(0.,1.,0.));
#4131=DIRECTION('center_axis',(0.,-1.,0.));
#4132=DIRECTION('ref_axis',(0.,0.,-1.));
#4133=DIRECTION('center_axis',(0.,1.,0.));
#4134=DIRECTION('ref_axis',(0.,0.,-1.));
#4135=DIRECTION('center_axis',(0.,1.,0.));
#4136=DIRECTION('ref_axis',(0.,0.,-1.));
#4137=DIRECTION('',(0.,1.,0.));
#4138=DIRECTION('center_axis',(0.,-1.,0.));
#4139=DIRECTION('ref_axis',(0.,0.,-1.));
#4140=DIRECTION('center_axis',(0.,1.,0.));
#4141=DIRECTION('ref_axis',(0.,0.,-1.));
#4142=DIRECTION('center_axis',(0.,1.,0.));
#4143=DIRECTION('ref_axis',(0.,0.,-1.));
#4144=DIRECTION('',(0.,1.,0.));
#4145=DIRECTION('center_axis',(0.,-1.,0.));
#4146=DIRECTION('ref_axis',(0.,0.,-1.));
#4147=DIRECTION('center_axis',(0.,1.,0.));
#4148=DIRECTION('ref_axis',(0.,0.,-1.));
#4149=DIRECTION('center_axis',(0.,1.,0.));
#4150=DIRECTION('ref_axis',(0.,0.,-1.));
#4151=DIRECTION('',(0.,1.,0.));
#4152=DIRECTION('center_axis',(0.,-1.,0.));
#4153=DIRECTION('ref_axis',(0.,0.,-1.));
#4154=DIRECTION('center_axis',(0.,1.,0.));
#4155=DIRECTION('ref_axis',(0.,0.,-1.));
#4156=DIRECTION('center_axis',(0.,1.,0.));
#4157=DIRECTION('ref_axis',(0.,0.,-1.));
#4158=DIRECTION('',(0.,1.,0.));
#4159=DIRECTION('center_axis',(0.,-1.,0.));
#4160=DIRECTION('ref_axis',(0.,0.,-1.));
#4161=DIRECTION('center_axis',(0.,1.,0.));
#4162=DIRECTION('ref_axis',(0.,0.,-1.));
#4163=DIRECTION('center_axis',(0.,1.,0.));
#4164=DIRECTION('ref_axis',(0.,0.,-1.));
#4165=DIRECTION('',(0.,1.,0.));
#4166=DIRECTION('center_axis',(0.,-1.,0.));
#4167=DIRECTION('ref_axis',(0.,0.,-1.));
#4168=DIRECTION('center_axis',(0.,1.,0.));
#4169=DIRECTION('ref_axis',(0.,0.,-1.));
#4170=DIRECTION('center_axis',(0.,1.,0.));
#4171=DIRECTION('ref_axis',(0.,0.,-1.));
#4172=DIRECTION('',(0.,1.,0.));
#4173=DIRECTION('center_axis',(0.,-1.,0.));
#4174=DIRECTION('ref_axis',(0.,0.,-1.));
#4175=DIRECTION('center_axis',(0.,1.,0.));
#4176=DIRECTION('ref_axis',(0.,0.,-1.));
#4177=DIRECTION('center_axis',(0.,1.,0.));
#4178=DIRECTION('ref_axis',(0.,0.,-1.));
#4179=DIRECTION('',(0.,1.,0.));
#4180=DIRECTION('center_axis',(0.,-1.,0.));
#4181=DIRECTION('ref_axis',(0.,0.,-1.));
#4182=DIRECTION('center_axis',(0.,1.,0.));
#4183=DIRECTION('ref_axis',(0.,0.,-1.));
#4184=DIRECTION('center_axis',(0.,1.,0.));
#4185=DIRECTION('ref_axis',(0.,0.,-1.));
#4186=DIRECTION('',(0.,1.,0.));
#4187=DIRECTION('center_axis',(0.,-1.,0.));
#4188=DIRECTION('ref_axis',(0.,0.,-1.));
#4189=DIRECTION('center_axis',(0.,1.,0.));
#4190=DIRECTION('ref_axis',(0.,0.,-1.));
#4191=DIRECTION('center_axis',(0.,1.,0.));
#4192=DIRECTION('ref_axis',(0.,0.,-1.));
#4193=DIRECTION('',(0.,1.,0.));
#4194=DIRECTION('center_axis',(0.,-1.,0.));
#4195=DIRECTION('ref_axis',(0.,0.,-1.));
#4196=DIRECTION('center_axis',(0.,1.,0.));
#4197=DIRECTION('ref_axis',(0.,0.,-1.));
#4198=DIRECTION('center_axis',(0.,1.,0.));
#4199=DIRECTION('ref_axis',(0.,0.,-1.));
#4200=DIRECTION('',(0.,1.,0.));
#4201=DIRECTION('center_axis',(0.,-1.,0.));
#4202=DIRECTION('ref_axis',(0.,0.,-1.));
#4203=DIRECTION('center_axis',(0.,-5.35968668817944E-15,-1.));
#4204=DIRECTION('ref_axis',(1.,0.,0.));
#4205=DIRECTION('center_axis',(0.,-5.35968668817944E-15,-1.));
#4206=DIRECTION('ref_axis',(1.,0.,0.));
#4207=DIRECTION('',(0.,-5.35968668817944E-15,-1.));
#4208=DIRECTION('center_axis',(0.,5.39030285815812E-15,1.));
#4209=DIRECTION('ref_axis',(1.,0.,0.));
#4210=DIRECTION('center_axis',(0.,-5.35968668817944E-15,-1.));
#4211=DIRECTION('ref_axis',(1.,0.,0.));
#4212=DIRECTION('center_axis',(0.,-5.35968668817944E-15,-1.));
#4213=DIRECTION('ref_axis',(1.,0.,0.));
#4214=DIRECTION('',(0.,-5.35968668817944E-15,-1.));
#4215=DIRECTION('center_axis',(0.,5.39030285815812E-15,1.));
#4216=DIRECTION('ref_axis',(1.,0.,0.));
#4217=DIRECTION('center_axis',(0.,-5.35968668817944E-15,-1.));
#4218=DIRECTION('ref_axis',(1.,0.,0.));
#4219=DIRECTION('center_axis',(0.,-5.35968668817944E-15,-1.));
#4220=DIRECTION('ref_axis',(1.,0.,0.));
#4221=DIRECTION('',(0.,-5.35968668817944E-15,-1.));
#4222=DIRECTION('center_axis',(0.,5.39030285815812E-15,1.));
#4223=DIRECTION('ref_axis',(1.,0.,0.));
#4224=DIRECTION('center_axis',(0.,-5.35968668817944E-15,-1.));
#4225=DIRECTION('ref_axis',(1.,0.,0.));
#4226=DIRECTION('center_axis',(0.,-5.35968668817944E-15,-1.));
#4227=DIRECTION('ref_axis',(1.,0.,0.));
#4228=DIRECTION('',(0.,-5.35968668817944E-15,-1.));
#4229=DIRECTION('center_axis',(0.,5.39030285815812E-15,1.));
#4230=DIRECTION('ref_axis',(1.,0.,0.));
#4231=DIRECTION('center_axis',(0.,-5.35968668817944E-15,-1.));
#4232=DIRECTION('ref_axis',(1.,0.,0.));
#4233=DIRECTION('center_axis',(0.,-5.35968668817944E-15,-1.));
#4234=DIRECTION('ref_axis',(1.,0.,0.));
#4235=DIRECTION('',(0.,-5.35968668817944E-15,-1.));
#4236=DIRECTION('center_axis',(0.,5.39030285815812E-15,1.));
#4237=DIRECTION('ref_axis',(1.,0.,0.));
#4238=DIRECTION('center_axis',(0.,-5.35968668817944E-15,-1.));
#4239=DIRECTION('ref_axis',(1.,0.,0.));
#4240=DIRECTION('center_axis',(0.,-5.35968668817944E-15,-1.));
#4241=DIRECTION('ref_axis',(1.,0.,0.));
#4242=DIRECTION('',(0.,-5.35968668817944E-15,-1.));
#4243=DIRECTION('center_axis',(0.,5.39030285815812E-15,1.));
#4244=DIRECTION('ref_axis',(1.,0.,0.));
#4245=DIRECTION('center_axis',(0.,-5.35968668817944E-15,-1.));
#4246=DIRECTION('ref_axis',(1.,0.,0.));
#4247=DIRECTION('center_axis',(0.,-5.35968668817944E-15,-1.));
#4248=DIRECTION('ref_axis',(1.,0.,0.));
#4249=DIRECTION('',(0.,-5.35968668817944E-15,-1.));
#4250=DIRECTION('center_axis',(0.,5.39030285815812E-15,1.));
#4251=DIRECTION('ref_axis',(1.,0.,0.));
#4252=DIRECTION('center_axis',(0.,-5.35968668817944E-15,-1.));
#4253=DIRECTION('ref_axis',(1.,0.,0.));
#4254=DIRECTION('center_axis',(0.,-5.35968668817944E-15,-1.));
#4255=DIRECTION('ref_axis',(1.,0.,0.));
#4256=DIRECTION('',(0.,-5.35968668817944E-15,-1.));
#4257=DIRECTION('center_axis',(0.,5.39030285815812E-15,1.));
#4258=DIRECTION('ref_axis',(1.,0.,0.));
#4259=DIRECTION('center_axis',(0.,-5.35968668817944E-15,-1.));
#4260=DIRECTION('ref_axis',(1.,0.,0.));
#4261=DIRECTION('center_axis',(0.,-5.35968668817944E-15,-1.));
#4262=DIRECTION('ref_axis',(1.,0.,0.));
#4263=DIRECTION('',(0.,-5.35968668817944E-15,-1.));
#4264=DIRECTION('center_axis',(0.,5.39030285815812E-15,1.));
#4265=DIRECTION('ref_axis',(1.,0.,0.));
#4266=DIRECTION('center_axis',(0.,-5.35968668817944E-15,-1.));
#4267=DIRECTION('ref_axis',(1.,0.,0.));
#4268=DIRECTION('center_axis',(0.,-5.35968668817944E-15,-1.));
#4269=DIRECTION('ref_axis',(1.,0.,0.));
#4270=DIRECTION('',(0.,-5.35968668817944E-15,-1.));
#4271=DIRECTION('center_axis',(0.,5.39030285815812E-15,1.));
#4272=DIRECTION('ref_axis',(1.,0.,0.));
#4273=DIRECTION('center_axis',(0.,-5.35968668817944E-15,-1.));
#4274=DIRECTION('ref_axis',(1.,0.,0.));
#4275=DIRECTION('center_axis',(0.,-5.35968668817944E-15,-1.));
#4276=DIRECTION('ref_axis',(1.,0.,0.));
#4277=DIRECTION('',(0.,-5.35968668817944E-15,-1.));
#4278=DIRECTION('center_axis',(0.,5.39030285815812E-15,1.));
#4279=DIRECTION('ref_axis',(1.,0.,0.));
#4280=DIRECTION('center_axis',(0.,-5.35968668817944E-15,-1.));
#4281=DIRECTION('ref_axis',(1.,0.,0.));
#4282=DIRECTION('center_axis',(0.,-5.35968668817944E-15,-1.));
#4283=DIRECTION('ref_axis',(1.,0.,0.));
#4284=DIRECTION('',(0.,-5.35968668817944E-15,-1.));
#4285=DIRECTION('center_axis',(0.,5.39030285815812E-15,1.));
#4286=DIRECTION('ref_axis',(1.,0.,0.));
#4287=DIRECTION('center_axis',(0.,-5.35968668817944E-15,-1.));
#4288=DIRECTION('ref_axis',(1.,0.,0.));
#4289=DIRECTION('center_axis',(0.,-5.35968668817944E-15,-1.));
#4290=DIRECTION('ref_axis',(1.,0.,0.));
#4291=DIRECTION('',(0.,-5.35968668817944E-15,-1.));
#4292=DIRECTION('center_axis',(0.,5.39030285815812E-15,1.));
#4293=DIRECTION('ref_axis',(1.,0.,0.));
#4294=DIRECTION('center_axis',(0.,-5.35968668817944E-15,-1.));
#4295=DIRECTION('ref_axis',(1.,0.,0.));
#4296=DIRECTION('center_axis',(0.,-5.35968668817944E-15,-1.));
#4297=DIRECTION('ref_axis',(1.,0.,0.));
#4298=DIRECTION('',(0.,-5.35968668817944E-15,-1.));
#4299=DIRECTION('center_axis',(0.,5.39030285815812E-15,1.));
#4300=DIRECTION('ref_axis',(1.,0.,0.));
#4301=DIRECTION('center_axis',(0.,-5.35968668817944E-15,-1.));
#4302=DIRECTION('ref_axis',(1.,0.,0.));
#4303=DIRECTION('center_axis',(0.,-5.35968668817944E-15,-1.));
#4304=DIRECTION('ref_axis',(1.,0.,0.));
#4305=DIRECTION('',(0.,-5.35968668817944E-15,-1.));
#4306=DIRECTION('center_axis',(0.,5.39030285815812E-15,1.));
#4307=DIRECTION('ref_axis',(1.,0.,0.));
#4308=DIRECTION('center_axis',(0.,-5.35968668817944E-15,-1.));
#4309=DIRECTION('ref_axis',(1.,0.,0.));
#4310=DIRECTION('center_axis',(0.,-5.35968668817944E-15,-1.));
#4311=DIRECTION('ref_axis',(1.,0.,0.));
#4312=DIRECTION('',(0.,-5.35968668817944E-15,-1.));
#4313=DIRECTION('center_axis',(0.,5.39030285815812E-15,1.));
#4314=DIRECTION('ref_axis',(1.,0.,0.));
#4315=DIRECTION('center_axis',(0.,-5.35968668817944E-15,-1.));
#4316=DIRECTION('ref_axis',(1.,0.,0.));
#4317=DIRECTION('center_axis',(0.,-5.35968668817944E-15,-1.));
#4318=DIRECTION('ref_axis',(1.,0.,0.));
#4319=DIRECTION('',(0.,-5.35968668817944E-15,-1.));
#4320=DIRECTION('center_axis',(0.,5.39030285815812E-15,1.));
#4321=DIRECTION('ref_axis',(1.,0.,0.));
#4322=DIRECTION('center_axis',(0.,-5.35968668817944E-15,-1.));
#4323=DIRECTION('ref_axis',(1.,0.,0.));
#4324=DIRECTION('center_axis',(0.,-5.35968668817944E-15,-1.));
#4325=DIRECTION('ref_axis',(1.,0.,0.));
#4326=DIRECTION('',(0.,-5.35968668817944E-15,-1.));
#4327=DIRECTION('center_axis',(0.,5.39030285815812E-15,1.));
#4328=DIRECTION('ref_axis',(1.,0.,0.));
#4329=DIRECTION('center_axis',(0.,-5.35968668817944E-15,-1.));
#4330=DIRECTION('ref_axis',(1.,0.,0.));
#4331=DIRECTION('center_axis',(0.,-5.35968668817944E-15,-1.));
#4332=DIRECTION('ref_axis',(1.,0.,0.));
#4333=DIRECTION('',(0.,-5.35968668817944E-15,-1.));
#4334=DIRECTION('center_axis',(0.,5.39030285815812E-15,1.));
#4335=DIRECTION('ref_axis',(1.,0.,0.));
#4336=DIRECTION('center_axis',(0.,-5.35968668817944E-15,-1.));
#4337=DIRECTION('ref_axis',(1.,0.,0.));
#4338=DIRECTION('center_axis',(0.,-5.35968668817944E-15,-1.));
#4339=DIRECTION('ref_axis',(1.,0.,0.));
#4340=DIRECTION('',(0.,-5.35968668817944E-15,-1.));
#4341=DIRECTION('center_axis',(0.,5.39030285815812E-15,1.));
#4342=DIRECTION('ref_axis',(1.,0.,0.));
#4343=DIRECTION('center_axis',(0.,-5.35968668817944E-15,-1.));
#4344=DIRECTION('ref_axis',(1.,0.,0.));
#4345=DIRECTION('center_axis',(0.,-5.35968668817944E-15,-1.));
#4346=DIRECTION('ref_axis',(1.,0.,0.));
#4347=DIRECTION('',(0.,-5.35968668817944E-15,-1.));
#4348=DIRECTION('center_axis',(0.,5.39030285815812E-15,1.));
#4349=DIRECTION('ref_axis',(1.,0.,0.));
#4350=DIRECTION('center_axis',(0.,-5.35968668817944E-15,-1.));
#4351=DIRECTION('ref_axis',(1.,0.,0.));
#4352=DIRECTION('center_axis',(0.,-5.35968668817944E-15,-1.));
#4353=DIRECTION('ref_axis',(1.,0.,0.));
#4354=DIRECTION('',(0.,-5.35968668817944E-15,-1.));
#4355=DIRECTION('center_axis',(0.,5.39030285815812E-15,1.));
#4356=DIRECTION('ref_axis',(1.,0.,0.));
#4357=DIRECTION('center_axis',(0.,-5.35968668817944E-15,-1.));
#4358=DIRECTION('ref_axis',(1.,0.,0.));
#4359=DIRECTION('center_axis',(0.,-5.35968668817944E-15,-1.));
#4360=DIRECTION('ref_axis',(1.,0.,0.));
#4361=DIRECTION('',(0.,-5.35968668817944E-15,-1.));
#4362=DIRECTION('center_axis',(0.,5.39030285815812E-15,1.));
#4363=DIRECTION('ref_axis',(1.,0.,0.));
#4364=DIRECTION('center_axis',(0.,-5.35968668817944E-15,-1.));
#4365=DIRECTION('ref_axis',(1.,0.,0.));
#4366=DIRECTION('center_axis',(0.,-5.35968668817944E-15,-1.));
#4367=DIRECTION('ref_axis',(1.,0.,0.));
#4368=DIRECTION('',(0.,-5.35968668817944E-15,-1.));
#4369=DIRECTION('center_axis',(0.,5.39030285815812E-15,1.));
#4370=DIRECTION('ref_axis',(1.,0.,0.));
#4371=DIRECTION('center_axis',(0.,-5.35968668817944E-15,-1.));
#4372=DIRECTION('ref_axis',(1.,0.,0.));
#4373=DIRECTION('center_axis',(0.,-5.35968668817944E-15,-1.));
#4374=DIRECTION('ref_axis',(1.,0.,0.));
#4375=DIRECTION('',(0.,-5.35968668817944E-15,-1.));
#4376=DIRECTION('center_axis',(0.,5.39030285815812E-15,1.));
#4377=DIRECTION('ref_axis',(1.,0.,0.));
#4378=DIRECTION('center_axis',(0.,-5.35968668817944E-15,-1.));
#4379=DIRECTION('ref_axis',(1.,0.,0.));
#4380=DIRECTION('center_axis',(0.,-5.35968668817944E-15,-1.));
#4381=DIRECTION('ref_axis',(1.,0.,0.));
#4382=DIRECTION('',(0.,-5.35968668817944E-15,-1.));
#4383=DIRECTION('center_axis',(0.,5.39030285815812E-15,1.));
#4384=DIRECTION('ref_axis',(1.,0.,0.));
#4385=DIRECTION('center_axis',(0.,-5.35968668817944E-15,-1.));
#4386=DIRECTION('ref_axis',(1.,0.,0.));
#4387=DIRECTION('center_axis',(0.,-5.35968668817944E-15,-1.));
#4388=DIRECTION('ref_axis',(1.,0.,0.));
#4389=DIRECTION('',(0.,-5.35968668817944E-15,-1.));
#4390=DIRECTION('center_axis',(0.,5.39030285815812E-15,1.));
#4391=DIRECTION('ref_axis',(1.,0.,0.));
#4392=DIRECTION('center_axis',(0.,-5.35968668817944E-15,-1.));
#4393=DIRECTION('ref_axis',(1.,0.,0.));
#4394=DIRECTION('center_axis',(0.,-5.35968668817944E-15,-1.));
#4395=DIRECTION('ref_axis',(1.,0.,0.));
#4396=DIRECTION('',(0.,-5.35968668817944E-15,-1.));
#4397=DIRECTION('center_axis',(0.,5.39030285815812E-15,1.));
#4398=DIRECTION('ref_axis',(1.,0.,0.));
#4399=DIRECTION('center_axis',(0.,-5.35968668817944E-15,-1.));
#4400=DIRECTION('ref_axis',(1.,0.,0.));
#4401=DIRECTION('center_axis',(0.,-5.35968668817944E-15,-1.));
#4402=DIRECTION('ref_axis',(1.,0.,0.));
#4403=DIRECTION('',(0.,-5.35968668817944E-15,-1.));
#4404=DIRECTION('center_axis',(0.,5.39030285815812E-15,1.));
#4405=DIRECTION('ref_axis',(1.,0.,0.));
#4406=DIRECTION('center_axis',(0.,-5.35968668817944E-15,-1.));
#4407=DIRECTION('ref_axis',(1.,0.,0.));
#4408=DIRECTION('center_axis',(0.,-5.35968668817944E-15,-1.));
#4409=DIRECTION('ref_axis',(1.,0.,0.));
#4410=DIRECTION('',(0.,-5.35968668817944E-15,-1.));
#4411=DIRECTION('center_axis',(0.,5.39030285815812E-15,1.));
#4412=DIRECTION('ref_axis',(1.,0.,0.));
#4413=DIRECTION('center_axis',(0.,-5.35968668817944E-15,-1.));
#4414=DIRECTION('ref_axis',(1.,0.,0.));
#4415=DIRECTION('center_axis',(0.,-5.35968668817944E-15,-1.));
#4416=DIRECTION('ref_axis',(1.,0.,0.));
#4417=DIRECTION('',(0.,-5.35968668817944E-15,-1.));
#4418=DIRECTION('center_axis',(0.,5.39030285815812E-15,1.));
#4419=DIRECTION('ref_axis',(1.,0.,0.));
#4420=DIRECTION('center_axis',(0.,-5.35968668817944E-15,-1.));
#4421=DIRECTION('ref_axis',(1.,0.,0.));
#4422=DIRECTION('center_axis',(0.,-5.35968668817944E-15,-1.));
#4423=DIRECTION('ref_axis',(1.,0.,0.));
#4424=DIRECTION('',(0.,-5.35968668817944E-15,-1.));
#4425=DIRECTION('center_axis',(0.,5.39030285815812E-15,1.));
#4426=DIRECTION('ref_axis',(1.,0.,0.));
#4427=DIRECTION('center_axis',(0.,-5.35968668817944E-15,-1.));
#4428=DIRECTION('ref_axis',(1.,0.,0.));
#4429=DIRECTION('center_axis',(0.,-5.35968668817944E-15,-1.));
#4430=DIRECTION('ref_axis',(1.,0.,0.));
#4431=DIRECTION('',(0.,-5.35968668817944E-15,-1.));
#4432=DIRECTION('center_axis',(0.,5.39030285815812E-15,1.));
#4433=DIRECTION('ref_axis',(1.,0.,0.));
#4434=DIRECTION('center_axis',(0.,-5.35968668817944E-15,-1.));
#4435=DIRECTION('ref_axis',(1.,0.,0.));
#4436=DIRECTION('center_axis',(0.,-5.35968668817944E-15,-1.));
#4437=DIRECTION('ref_axis',(1.,0.,0.));
#4438=DIRECTION('',(0.,-5.35968668817944E-15,-1.));
#4439=DIRECTION('center_axis',(0.,5.39030285815812E-15,1.));
#4440=DIRECTION('ref_axis',(1.,0.,0.));
#4441=DIRECTION('center_axis',(-3.00632966928739E-33,-6.12323399573677E-17,
1.));
#4442=DIRECTION('ref_axis',(-0.707106781186547,-0.707106781186547,-4.32978028117746E-17));
#4443=DIRECTION('center_axis',(3.00632966928739E-33,6.12323399573677E-17,
-1.));
#4444=DIRECTION('ref_axis',(-0.707106781186547,-0.707106781186547,-4.32978028117746E-17));
#4445=DIRECTION('',(3.00632966928739E-33,6.12323399573677E-17,-1.));
#4446=DIRECTION('center_axis',(-3.00632966928739E-33,-3.06161699786838E-17,
1.));
#4447=DIRECTION('ref_axis',(-0.707106781186547,-0.707106781186547,-4.32978028117746E-17));
#4448=DIRECTION('',(-3.00632966928739E-33,-6.12323399573677E-17,1.));
#4449=DIRECTION('center_axis',(-3.00632966928739E-33,-1.,-6.12323399573677E-17));
#4450=DIRECTION('ref_axis',(1.,-3.00632966928739E-33,3.00632966928739E-33));
#4451=DIRECTION('',(-1.,3.00632966928739E-33,-3.00632966928739E-33));
#4452=DIRECTION('',(1.40349014033227E-32,6.12323399573677E-17,-1.));
#4453=DIRECTION('',(1.,-3.00632966928739E-33,3.00632966928739E-33));
#4454=DIRECTION('center_axis',(3.00632966928739E-33,3.06161699786838E-17,
-1.));
#4455=DIRECTION('ref_axis',(3.00632966928739E-33,1.,3.06161699786838E-17));
#4456=DIRECTION('',(-2.29207334116161E-16,-1.,-3.06161699786838E-17));
#4457=DIRECTION('center_axis',(-3.00632966928739E-33,-3.06161699786838E-17,
1.));
#4458=DIRECTION('ref_axis',(0.707106781186547,-0.707106781186547,-4.32978028117746E-17));
#4459=DIRECTION('',(3.95965142235886E-49,-1.,0.));
#4460=DIRECTION('',(1.,0.,3.00632966928739E-33));
#4461=DIRECTION('',(3.95965142235886E-49,-1.,0.));
#4462=DIRECTION('center_axis',(-3.00632966928739E-33,-3.06161699786838E-17,
1.));
#4463=DIRECTION('ref_axis',(0.707106781186547,-0.707106781186547,-4.32978028117746E-17));
#4464=DIRECTION('',(-1.,3.00632966928739E-33,-3.00632966928739E-33));
#4465=DIRECTION('center_axis',(-3.00632966928739E-33,-3.06161699786838E-17,
1.));
#4466=DIRECTION('ref_axis',(-0.707106781186547,-0.707106781186547,-4.32978028117747E-17));
#4467=DIRECTION('',(-2.97606640669415E-49,1.,3.06161699786838E-17));
#4468=DIRECTION('center_axis',(-3.00632966928739E-33,-3.06161699786838E-17,
1.));
#4469=DIRECTION('ref_axis',(-1.,0.,0.));
#4470=DIRECTION('center_axis',(-3.00632966928739E-33,-3.06161699786838E-17,
1.));
#4471=DIRECTION('ref_axis',(-1.,0.,0.));
#4472=DIRECTION('center_axis',(-3.00632966928739E-33,-6.12323399573677E-17,
1.));
#4473=DIRECTION('ref_axis',(0.707106781186547,-0.707106781186547,-4.32978028117746E-17));
#4474=DIRECTION('center_axis',(3.00632966928739E-33,6.12323399573677E-17,
-1.));
#4475=DIRECTION('ref_axis',(0.707106781186547,-0.707106781186547,-4.32978028117746E-17));
#4476=DIRECTION('',(3.00632966928739E-33,6.12323399573677E-17,-1.));
#4477=DIRECTION('',(-3.00632966928739E-33,-6.12323399573677E-17,1.));
#4478=DIRECTION('center_axis',(-3.00632966928739E-33,-1.,-6.12323399573677E-17));
#4479=DIRECTION('ref_axis',(1.,-3.00632966928739E-33,3.00632966928739E-33));
#4480=DIRECTION('',(1.,-3.00632966928739E-33,3.00632966928739E-33));
#4481=DIRECTION('',(1.82231509950398E-65,-6.12323399573677E-17,1.));
#4482=DIRECTION('center_axis',(0.,1.,0.));
#4483=DIRECTION('ref_axis',(0.707106781186547,0.,0.707106781186547));
#4484=DIRECTION('center_axis',(0.,-1.,0.));
#4485=DIRECTION('ref_axis',(0.707106781186547,0.,0.707106781186547));
#4486=DIRECTION('',(0.,-1.,0.));
#4487=DIRECTION('center_axis',(0.,1.,0.));
#4488=DIRECTION('ref_axis',(0.707106781186547,0.,0.707106781186547));
#4489=DIRECTION('',(0.,1.,0.));
#4490=DIRECTION('center_axis',(1.,0.,0.));
#4491=DIRECTION('ref_axis',(0.,0.,-1.));
#4492=DIRECTION('',(0.,0.,1.));
#4493=DIRECTION('',(0.,1.,0.));
#4494=DIRECTION('',(0.,0.,-1.));
#4495=DIRECTION('center_axis',(0.,1.,0.));
#4496=DIRECTION('ref_axis',(1.,0.,0.));
#4497=DIRECTION('',(1.,0.,4.44089209850063E-16));
#4498=DIRECTION('',(0.,0.,-1.));
#4499=DIRECTION('',(-1.,0.,0.));
#4500=DIRECTION('',(0.,0.,-1.));
#4501=DIRECTION('',(-1.,0.,0.));
#4502=DIRECTION('center_axis',(0.,1.,0.));
#4503=DIRECTION('ref_axis',(-0.707106781186547,0.,0.707106781186547));
#4504=DIRECTION('',(-7.2505597906343E-34,0.,-1.));
#4505=DIRECTION('',(1.,0.,0.));
#4506=DIRECTION('center_axis',(0.,1.,0.));
#4507=DIRECTION('ref_axis',(-1.,0.,0.));
#4508=DIRECTION('center_axis',(0.,1.,0.));
#4509=DIRECTION('ref_axis',(-0.707106781186547,0.,0.707106781186547));
#4510=DIRECTION('center_axis',(0.,-1.,0.));
#4511=DIRECTION('ref_axis',(-0.707106781186547,0.,0.707106781186547));
#4512=DIRECTION('',(0.,-1.,0.));
#4513=DIRECTION('',(0.,1.,0.));
#4514=DIRECTION('center_axis',(-1.,0.,7.2505597906343E-34));
#4515=DIRECTION('ref_axis',(7.2505597906343E-34,0.,1.));
#4516=DIRECTION('',(7.2505597906343E-34,0.,1.));
#4517=DIRECTION('',(0.,-1.,0.));
#4518=DIRECTION('center_axis',(3.02292951111429E-32,5.39030285815812E-15,
1.));
#4519=DIRECTION('ref_axis',(0.707106781186547,-0.707106781186547,0.));
#4520=DIRECTION('center_axis',(0.,-5.35968668817944E-15,-1.));
#4521=DIRECTION('ref_axis',(0.707106781186547,-0.707106781186547,0.));
#4522=DIRECTION('',(-3.02292951111429E-32,-5.39030285815812E-15,-1.));
#4523=DIRECTION('center_axis',(0.,5.39030285815812E-15,1.));
#4524=DIRECTION('ref_axis',(0.707106781186547,-0.707106781186547,0.));
#4525=DIRECTION('',(3.02292951111429E-32,5.39030285815812E-15,1.));
#4526=DIRECTION('center_axis',(0.,-1.,5.39030285815812E-15));
#4527=DIRECTION('ref_axis',(-1.,0.,0.));
#4528=DIRECTION('',(1.,0.,0.));
#4529=DIRECTION('',(0.,-5.39030285815812E-15,-1.));
#4530=DIRECTION('',(-1.,0.,0.));
#4531=DIRECTION('center_axis',(0.,-5.35968668817944E-15,-1.));
#4532=DIRECTION('ref_axis',(0.,1.,-5.35968668817944E-15));
#4533=DIRECTION('',(-2.22044604925031E-16,1.,-5.35968668817944E-15));
#4534=DIRECTION('center_axis',(0.,-5.35968668817944E-15,-1.));
#4535=DIRECTION('ref_axis',(1.,0.,0.));
#4536=DIRECTION('',(1.33226762955019E-15,-1.,5.35968668817944E-15));
#4537=DIRECTION('center_axis',(0.,-5.35968668817944E-15,-1.));
#4538=DIRECTION('ref_axis',(-0.707106781186547,-0.707106781186547,0.));
#4539=DIRECTION('',(1.,0.,0.));
#4540=DIRECTION('',(0.,-1.,5.32907051820075E-15));
#4541=DIRECTION('',(-1.,0.,0.));
#4542=DIRECTION('',(0.,-1.,5.32907051820075E-15));
#4543=DIRECTION('center_axis',(-1.81375770666858E-31,-5.39030285815812E-15,
-1.));
#4544=DIRECTION('ref_axis',(-0.707106781186547,-0.707106781186547,0.));
#4545=DIRECTION('center_axis',(0.,5.39030285815812E-15,1.));
#4546=DIRECTION('ref_axis',(-0.707106781186547,-0.707106781186547,0.));
#4547=DIRECTION('',(1.81375770666858E-31,5.39030285815812E-15,1.));
#4548=DIRECTION('',(-1.81375770666858E-31,-5.39030285815812E-15,-1.));
#4549=DIRECTION('center_axis',(0.,-1.,5.39030285815812E-15));
#4550=DIRECTION('ref_axis',(-1.,0.,0.));
#4551=DIRECTION('',(-1.,0.,0.));
#4552=DIRECTION('',(0.,-5.39030285815812E-15,-1.));
#4553=DIRECTION('center_axis',(-1.82231509950398E-65,6.12323399573677E-17,
-1.));
#4554=DIRECTION('ref_axis',(-0.707106781186547,-0.707106781186547,-4.32978028117747E-17));
#4555=DIRECTION('center_axis',(3.00632966928739E-33,6.12323399573677E-17,
-1.));
#4556=DIRECTION('ref_axis',(-0.707106781186547,-0.707106781186547,-4.32978028117747E-17));
#4557=DIRECTION('',(-1.82231509950398E-65,6.12323399573677E-17,-1.));
#4558=DIRECTION('center_axis',(-1.40349014033227E-32,-6.12323399573677E-17,
1.));
#4559=DIRECTION('ref_axis',(0.707106781186547,-0.707106781186547,-4.32978028117746E-17));
#4560=DIRECTION('center_axis',(3.00632966928739E-33,6.12323399573677E-17,
-1.));
#4561=DIRECTION('ref_axis',(0.707106781186547,-0.707106781186547,-4.32978028117746E-17));
#4562=DIRECTION('',(-1.40349014033227E-32,-6.12323399573677E-17,1.));
#4563=DIRECTION('center_axis',(0.,-1.,0.));
#4564=DIRECTION('ref_axis',(-1.,0.,0.));
#4565=DIRECTION('center_axis',(0.,-1.,0.));
#4566=DIRECTION('ref_axis',(-1.,0.,0.));
#4567=DIRECTION('',(0.,-1.,0.));
#4568=DIRECTION('center_axis',(1.,2.97606640669415E-49,0.));
#4569=DIRECTION('ref_axis',(-2.97606640669415E-49,1.,-8.60155619622399E-17));
#4570=DIRECTION('',(2.97606640669415E-49,-1.,-6.12323399573677E-17));
#4571=DIRECTION('',(0.,0.,1.));
#4572=DIRECTION('center_axis',(-1.,2.29207334116161E-16,0.));
#4573=DIRECTION('ref_axis',(-2.29207334116161E-16,-1.,8.60155619622399E-17));
#4574=DIRECTION('',(0.,0.,1.));
#4575=DIRECTION('',(2.29207334116161E-16,1.,6.12323399573677E-17));
#4576=DIRECTION('center_axis',(0.,0.,1.));
#4577=DIRECTION('ref_axis',(-1.,0.,0.));
#4578=DIRECTION('center_axis',(3.00632966928739E-33,6.12323399573677E-17,
-1.));
#4579=DIRECTION('ref_axis',(-1.,0.,0.));
#4580=DIRECTION('center_axis',(0.,0.,1.));
#4581=DIRECTION('ref_axis',(-1.,0.,0.));
#4582=DIRECTION('',(0.,0.,1.));
#4583=DIRECTION('center_axis',(3.00632966928739E-33,6.12323399573677E-17,
-1.));
#4584=DIRECTION('ref_axis',(-1.,0.,0.));
#4585=DIRECTION('center_axis',(-1.,-2.22044604925031E-16,1.22711696367713E-30));
#4586=DIRECTION('ref_axis',(-2.22044604925031E-16,1.,-5.35968668817944E-15));
#4587=DIRECTION('',(2.22044604925031E-16,-1.,5.39030285815812E-15));
#4588=DIRECTION('',(0.,-5.52644350035633E-15,-1.));
#4589=DIRECTION('center_axis',(1.,1.33226762955019E-15,-7.36270178206278E-30));
#4590=DIRECTION('ref_axis',(1.33226762955019E-15,-1.,5.35968668817944E-15));
#4591=DIRECTION('',(0.,-5.52644350035633E-15,-1.));
#4592=DIRECTION('',(-1.33226762955019E-15,1.,-5.39030285815812E-15));
#4593=DIRECTION('center_axis',(0.,-5.52644350035633E-15,-1.));
#4594=DIRECTION('ref_axis',(1.,0.,0.));
#4595=DIRECTION('center_axis',(0.,5.39030285815812E-15,1.));
#4596=DIRECTION('ref_axis',(1.,0.,0.));
#4597=DIRECTION('center_axis',(-1.,0.,-3.00632966928739E-33));
#4598=DIRECTION('ref_axis',(0.,1.,0.));
#4599=DIRECTION('',(-1.,0.,-3.00632966928739E-33));
#4600=DIRECTION('center_axis',(1.,0.,3.00632966928739E-33));
#4601=DIRECTION('ref_axis',(0.,0.,-1.));
#4602=DIRECTION('center_axis',(-1.,0.,-3.00632966928739E-33));
#4603=DIRECTION('ref_axis',(0.,1.,3.70074341541726E-16));
#4604=DIRECTION('center_axis',(-1.,-3.42113882891801E-49,-3.00632966928739E-33));
#4605=DIRECTION('ref_axis',(3.42113882891801E-49,-1.,0.));
#4606=DIRECTION('',(3.95965142235886E-49,-1.,0.));
#4607=DIRECTION('',(3.00632966928739E-33,6.12323399573677E-17,-1.));
#4608=DIRECTION('center_axis',(1.,0.,3.00632966928739E-33));
#4609=DIRECTION('ref_axis',(3.00632966928739E-33,0.,-1.));
#4610=DIRECTION('',(-3.00632966928739E-33,-6.12323399573677E-17,1.));
#4611=DIRECTION('center_axis',(-1.,0.,-3.00632966928739E-33));
#4612=DIRECTION('ref_axis',(0.,1.,1.85037170770861E-16));
#4613=DIRECTION('center_axis',(-1.,0.,-3.00632966928739E-33));
#4614=DIRECTION('ref_axis',(-3.00632966928739E-33,0.,1.));
#4615=DIRECTION('center_axis',(-1.,0.,-3.00632966928739E-33));
#4616=DIRECTION('ref_axis',(0.,1.,1.85037170770861E-16));
#4617=DIRECTION('center_axis',(1.,0.,3.00632966928739E-33));
#4618=DIRECTION('ref_axis',(-3.42113882891801E-49,1.,6.12323399573677E-17));
#4619=DIRECTION('',(-3.42113882891801E-49,1.,6.12323399573677E-17));
#4620=DIRECTION('center_axis',(-1.,0.,-3.00632966928739E-33));
#4621=DIRECTION('ref_axis',(0.,1.,0.));
#4622=DIRECTION('',(-1.,0.,0.));
#4623=DIRECTION('center_axis',(-3.00632966928739E-33,-6.12323399573677E-17,
1.));
#4624=DIRECTION('ref_axis',(-3.00632966928739E-33,-1.,-6.12323399573677E-17));
#4625=DIRECTION('center_axis',(1.,0.,0.));
#4626=DIRECTION('ref_axis',(0.,1.,0.));
#4627=DIRECTION('',(1.,0.,0.));
#4628=DIRECTION('center_axis',(-1.,0.,0.));
#4629=DIRECTION('ref_axis',(0.,5.36607795235497E-15,1.));
#4630=DIRECTION('center_axis',(1.,0.,0.));
#4631=DIRECTION('ref_axis',(0.,1.,0.));
#4632=DIRECTION('center_axis',(1.,0.,0.));
#4633=DIRECTION('ref_axis',(0.,-1.,5.32907051820075E-15));
#4634=DIRECTION('',(0.,5.39030285815812E-15,1.));
#4635=DIRECTION('',(0.,-1.,5.32907051820075E-15));
#4636=DIRECTION('center_axis',(-1.,0.,0.));
#4637=DIRECTION('ref_axis',(0.,0.,1.));
#4638=DIRECTION('',(0.,-5.39030285815812E-15,-1.));
#4639=DIRECTION('center_axis',(1.,0.,0.));
#4640=DIRECTION('ref_axis',(0.,1.,0.));
#4641=DIRECTION('',(0.,1.,0.));
#4642=DIRECTION('center_axis',(1.,0.,0.));
#4643=DIRECTION('ref_axis',(0.,0.,-1.));
#4644=DIRECTION('',(0.,-1.,0.));
#4645=DIRECTION('center_axis',(1.,0.,0.));
#4646=DIRECTION('ref_axis',(0.,1.,0.));
#4647=DIRECTION('center_axis',(-1.,0.,0.));
#4648=DIRECTION('ref_axis',(0.,1.,-5.39030285815812E-15));
#4649=DIRECTION('',(0.,1.,-5.39030285815812E-15));
#4650=DIRECTION('center_axis',(1.,0.,0.));
#4651=DIRECTION('ref_axis',(0.,1.,0.));
#4652=DIRECTION('',(1.,0.,0.));
#4653=DIRECTION('center_axis',(0.,-5.39030285815812E-15,-1.));
#4654=DIRECTION('ref_axis',(0.,1.,-5.39030285815812E-15));
#4655=DIRECTION('center_axis',(1.,0.,0.));
#4656=DIRECTION('ref_axis',(0.,0.,-1.));
#4657=DIRECTION('',(0.,1.,0.));
#4658=DIRECTION('',(0.,0.,-1.));
#4659=DIRECTION('center_axis',(-1.,0.,0.));
#4660=DIRECTION('ref_axis',(0.,0.,1.));
#4661=DIRECTION('',(0.,0.,1.));
#4662=DIRECTION('',(0.,1.,0.));
#4663=DIRECTION('center_axis',(0.,0.,1.));
#4664=DIRECTION('ref_axis',(1.,0.,0.));
#4665=DIRECTION('',(1.,0.,0.));
#4666=DIRECTION('center_axis',(-4.44089209850063E-16,0.,1.));
#4667=DIRECTION('ref_axis',(1.,0.,4.44089209850063E-16));
#4668=DIRECTION('',(1.,0.,4.44089209850063E-16));
#4669=DIRECTION('center_axis',(0.,1.,0.));
#4670=DIRECTION('ref_axis',(0.,0.,1.));
#4671=CARTESIAN_POINT('',(0.,0.,0.));
#4672=CARTESIAN_POINT('Origin',(12.5,-527.058823529412,0.75000000000003));
#4673=CARTESIAN_POINT('',(15.,-527.058823529412,3.88578058618805E-15));
#4674=CARTESIAN_POINT('Origin',(12.5,-527.058823529412,4.30211422042248E-15));
#4675=CARTESIAN_POINT('',(15.,-527.058823529412,1.5));
#4676=CARTESIAN_POINT('',(15.,-527.058823529412,0.75000000000003));
#4677=CARTESIAN_POINT('Origin',(12.5,-527.058823529412,1.5));
#4678=CARTESIAN_POINT('Origin',(12.5,-560.,0.750000000000032));
#4679=CARTESIAN_POINT('',(15.,-560.,6.66133814775094E-15));
#4680=CARTESIAN_POINT('Origin',(12.5,-560.,7.07767178198537E-15));
#4681=CARTESIAN_POINT('',(15.,-560.,1.50000000000001));
#4682=CARTESIAN_POINT('',(15.,-560.,0.750000000000032));
#4683=CARTESIAN_POINT('Origin',(12.5,-560.,1.50000000000001));
#4684=CARTESIAN_POINT('Origin',(12.5,-263.529411764706,0.750000000000007));
#4685=CARTESIAN_POINT('',(15.,-263.529411764706,-1.87350135405495E-14));
#4686=CARTESIAN_POINT('Origin',(12.5,-263.529411764706,-1.83186799063151E-14));
#4687=CARTESIAN_POINT('',(15.,-263.529411764706,1.49999999999998));
#4688=CARTESIAN_POINT('',(15.,-263.529411764706,0.750000000000007));
#4689=CARTESIAN_POINT('Origin',(12.5,-263.529411764706,1.49999999999998));
#4690=CARTESIAN_POINT('Origin',(12.5,-494.117647058823,0.750000000000027));
#4691=CARTESIAN_POINT('',(15.,-494.117647058823,1.11022302462516E-15));
#4692=CARTESIAN_POINT('Origin',(12.5,-494.117647058823,1.52655665885959E-15));
#4693=CARTESIAN_POINT('',(15.,-494.117647058823,1.5));
#4694=CARTESIAN_POINT('',(15.,-494.117647058823,0.750000000000027));
#4695=CARTESIAN_POINT('Origin',(12.5,-494.117647058823,1.5));
#4696=CARTESIAN_POINT('Origin',(12.5,-197.647058823529,0.750000000000001));
#4697=CARTESIAN_POINT('',(15.,-197.647058823529,-2.44249065417534E-14));
#4698=CARTESIAN_POINT('Origin',(12.5,-197.647058823529,-2.4008572907519E-14));
#4699=CARTESIAN_POINT('',(15.,-197.647058823529,1.49999999999998));
#4700=CARTESIAN_POINT('',(15.,-197.647058823529,0.750000000000001));
#4701=CARTESIAN_POINT('Origin',(12.5,-197.647058823529,1.49999999999998));
#4702=CARTESIAN_POINT('Origin',(12.5,-164.705882352941,0.749999999999998));
#4703=CARTESIAN_POINT('',(15.,-164.705882352941,-2.73392419813945E-14));
#4704=CARTESIAN_POINT('Origin',(12.5,-164.705882352941,-2.692290834716E-14));
#4705=CARTESIAN_POINT('',(15.,-164.705882352941,1.49999999999997));
#4706=CARTESIAN_POINT('',(15.,-164.705882352941,0.749999999999998));
#4707=CARTESIAN_POINT('Origin',(12.5,-164.705882352941,1.49999999999997));
#4708=CARTESIAN_POINT('Origin',(12.5,-230.588235294118,0.750000000000004));
#4709=CARTESIAN_POINT('',(15.,-230.588235294118,-2.16493489801906E-14));
#4710=CARTESIAN_POINT('Origin',(12.5,-230.588235294118,-2.12330153459561E-14));
#4711=CARTESIAN_POINT('',(15.,-230.588235294118,1.49999999999998));
#4712=CARTESIAN_POINT('',(15.,-230.588235294118,0.750000000000004));
#4713=CARTESIAN_POINT('Origin',(12.5,-230.588235294118,1.49999999999998));
#4714=CARTESIAN_POINT('Origin',(12.5,-362.352941176471,0.750000000000015));
#4715=CARTESIAN_POINT('',(15.,-362.352941176471,-1.02695629777827E-14));
#4716=CARTESIAN_POINT('Origin',(12.5,-362.352941176471,-9.85322934354826E-15));
#4717=CARTESIAN_POINT('',(15.,-362.352941176471,1.49999999999999));
#4718=CARTESIAN_POINT('',(15.,-362.352941176471,0.750000000000015));
#4719=CARTESIAN_POINT('Origin',(12.5,-362.352941176471,1.49999999999999));
#4720=CARTESIAN_POINT('Origin',(602.5,-263.529411764706,0.750000000000007));
#4721=CARTESIAN_POINT('',(605.,-263.529411764706,-1.87350135405495E-14));
#4722=CARTESIAN_POINT('Origin',(602.5,-263.529411764706,-1.83186799063151E-14));
#4723=CARTESIAN_POINT('',(605.,-263.529411764706,1.49999999999998));
#4724=CARTESIAN_POINT('',(605.,-263.529411764706,0.750000000000007));
#4725=CARTESIAN_POINT('Origin',(602.5,-263.529411764706,1.49999999999998));
#4726=CARTESIAN_POINT('Origin',(602.5,-296.470588235294,0.75000000000001));
#4727=CARTESIAN_POINT('',(605.,-296.470588235294,-1.59594559789866E-14));
#4728=CARTESIAN_POINT('Origin',(602.5,-296.470588235294,-1.55431223447522E-14));
#4729=CARTESIAN_POINT('',(605.,-296.470588235294,1.49999999999998));
#4730=CARTESIAN_POINT('',(605.,-296.470588235294,0.75000000000001));
#4731=CARTESIAN_POINT('Origin',(602.5,-296.470588235294,1.49999999999998));
#4732=CARTESIAN_POINT('Origin',(602.5,-560.,0.750000000000032));
#4733=CARTESIAN_POINT('',(605.,-560.,6.66133814775094E-15));
#4734=CARTESIAN_POINT('Origin',(602.5,-560.,7.07767178198537E-15));
#4735=CARTESIAN_POINT('',(605.,-560.,1.50000000000001));
#4736=CARTESIAN_POINT('',(605.,-560.,0.750000000000032));
#4737=CARTESIAN_POINT('Origin',(602.5,-560.,1.50000000000001));
#4738=CARTESIAN_POINT('Origin',(602.5,-230.588235294118,0.750000000000004));
#4739=CARTESIAN_POINT('',(605.,-230.588235294118,-2.16493489801906E-14));
#4740=CARTESIAN_POINT('Origin',(602.5,-230.588235294118,-2.12330153459561E-14));
#4741=CARTESIAN_POINT('',(605.,-230.588235294118,1.49999999999998));
#4742=CARTESIAN_POINT('',(605.,-230.588235294118,0.750000000000004));
#4743=CARTESIAN_POINT('Origin',(602.5,-230.588235294118,1.49999999999998));
#4744=CARTESIAN_POINT('Origin',(602.5,-395.294117647059,0.750000000000018));
#4745=CARTESIAN_POINT('',(605.,-395.294117647059,-7.49400541621981E-15));
#4746=CARTESIAN_POINT('Origin',(602.5,-395.294117647059,-7.07767178198537E-15));
#4747=CARTESIAN_POINT('',(605.,-395.294117647059,1.49999999999999));
#4748=CARTESIAN_POINT('',(605.,-395.294117647059,0.750000000000018));
#4749=CARTESIAN_POINT('Origin',(602.5,-395.294117647059,1.49999999999999));
#4750=CARTESIAN_POINT('Origin',(602.5,-494.117647058823,0.750000000000027));
#4751=CARTESIAN_POINT('',(605.,-494.117647058823,1.11022302462516E-15));
#4752=CARTESIAN_POINT('Origin',(602.5,-494.117647058823,1.52655665885959E-15));
#4753=CARTESIAN_POINT('',(605.,-494.117647058823,1.5));
#4754=CARTESIAN_POINT('',(605.,-494.117647058823,0.750000000000027));
#4755=CARTESIAN_POINT('Origin',(602.5,-494.117647058823,1.5));
#4756=CARTESIAN_POINT('Origin',(602.5,-164.705882352941,0.749999999999998));
#4757=CARTESIAN_POINT('',(605.,-164.705882352941,-2.73392419813945E-14));
#4758=CARTESIAN_POINT('Origin',(602.5,-164.705882352941,-2.692290834716E-14));
#4759=CARTESIAN_POINT('',(605.,-164.705882352941,1.49999999999997));
#4760=CARTESIAN_POINT('',(605.,-164.705882352941,0.749999999999998));
#4761=CARTESIAN_POINT('Origin',(602.5,-164.705882352941,1.49999999999997));
#4762=CARTESIAN_POINT('Origin',(602.5,-65.8823529411765,0.74999999999999));
#4763=CARTESIAN_POINT('',(605.,-65.8823529411765,-3.58046925441613E-14));
#4764=CARTESIAN_POINT('Origin',(602.5,-65.8823529411765,-3.53883589099269E-14));
#4765=CARTESIAN_POINT('',(605.,-65.8823529411765,1.49999999999997));
#4766=CARTESIAN_POINT('',(605.,-65.8823529411765,0.74999999999999));
#4767=CARTESIAN_POINT('Origin',(602.5,-65.8823529411765,1.49999999999996));
#4768=CARTESIAN_POINT('Origin',(602.5,-197.647058823529,0.750000000000001));
#4769=CARTESIAN_POINT('',(605.,-197.647058823529,-2.44249065417534E-14));
#4770=CARTESIAN_POINT('Origin',(602.5,-197.647058823529,-2.4008572907519E-14));
#4771=CARTESIAN_POINT('',(605.,-197.647058823529,1.49999999999998));
#4772=CARTESIAN_POINT('',(605.,-197.647058823529,0.750000000000001));
#4773=CARTESIAN_POINT('Origin',(602.5,-197.647058823529,1.49999999999998));
#4774=CARTESIAN_POINT('Origin',(602.5,-527.058823529412,0.75000000000003));
#4775=CARTESIAN_POINT('',(605.,-527.058823529412,3.88578058618805E-15));
#4776=CARTESIAN_POINT('Origin',(602.5,-527.058823529412,4.30211422042248E-15));
#4777=CARTESIAN_POINT('',(605.,-527.058823529412,1.5));
#4778=CARTESIAN_POINT('',(605.,-527.058823529412,0.75000000000003));
#4779=CARTESIAN_POINT('Origin',(602.5,-527.058823529412,1.5));
#4780=CARTESIAN_POINT('Origin',(602.5,-98.8235294117647,0.749999999999993));
#4781=CARTESIAN_POINT('',(605.,-98.8235294117647,-3.28903571045203E-14));
#4782=CARTESIAN_POINT('Origin',(602.5,-98.8235294117647,-3.24740234702858E-14));
#4783=CARTESIAN_POINT('',(605.,-98.8235294117647,1.49999999999997));
#4784=CARTESIAN_POINT('',(605.,-98.8235294117647,0.749999999999993));
#4785=CARTESIAN_POINT('Origin',(602.5,-98.8235294117647,1.49999999999997));
#4786=CARTESIAN_POINT('Origin',(602.5,-461.176470588235,0.750000000000024));
#4787=CARTESIAN_POINT('',(605.,-461.176470588235,-1.80411241501588E-15));
#4788=CARTESIAN_POINT('Origin',(602.5,-461.176470588235,-1.38777878078145E-15));
#4789=CARTESIAN_POINT('',(605.,-461.176470588235,1.5));
#4790=CARTESIAN_POINT('',(605.,-461.176470588235,0.750000000000024));
#4791=CARTESIAN_POINT('Origin',(602.5,-461.176470588235,1.5));
#4792=CARTESIAN_POINT('Origin',(602.5,-329.411764705882,0.750000000000012));
#4793=CARTESIAN_POINT('',(605.,-329.411764705882,-1.30451205393456E-14));
#4794=CARTESIAN_POINT('Origin',(602.5,-329.411764705882,-1.26287869051112E-14));
#4795=CARTESIAN_POINT('',(605.,-329.411764705882,1.49999999999999));
#4796=CARTESIAN_POINT('',(605.,-329.411764705882,0.750000000000012));
#4797=CARTESIAN_POINT('Origin',(602.5,-329.411764705882,1.49999999999999));
#4798=CARTESIAN_POINT('Origin',(602.5,-428.235294117647,0.750000000000021));
#4799=CARTESIAN_POINT('',(605.,-428.235294117647,-4.57966997657877E-15));
#4800=CARTESIAN_POINT('Origin',(602.5,-428.235294117647,-4.16333634234434E-15));
#4801=CARTESIAN_POINT('',(605.,-428.235294117647,1.5));
#4802=CARTESIAN_POINT('',(605.,-428.235294117647,0.750000000000021));
#4803=CARTESIAN_POINT('Origin',(602.5,-428.235294117647,1.5));
#4804=CARTESIAN_POINT('Origin',(602.5,-131.764705882353,0.749999999999996));
#4805=CARTESIAN_POINT('',(605.,-131.764705882353,-3.01147995429574E-14));
#4806=CARTESIAN_POINT('Origin',(602.5,-131.764705882353,-2.96984659087229E-14));
#4807=CARTESIAN_POINT('',(605.,-131.764705882353,1.49999999999997));
#4808=CARTESIAN_POINT('',(605.,-131.764705882353,0.749999999999996));
#4809=CARTESIAN_POINT('Origin',(602.5,-131.764705882353,1.49999999999997));
#4810=CARTESIAN_POINT('Origin',(602.5,-362.352941176471,0.750000000000015));
#4811=CARTESIAN_POINT('',(605.,-362.352941176471,-1.02695629777827E-14));
#4812=CARTESIAN_POINT('Origin',(602.5,-362.352941176471,-9.85322934354826E-15));
#4813=CARTESIAN_POINT('',(605.,-362.352941176471,1.49999999999999));
#4814=CARTESIAN_POINT('',(605.,-362.352941176471,0.750000000000015));
#4815=CARTESIAN_POINT('Origin',(602.5,-362.352941176471,1.49999999999999));
#4816=CARTESIAN_POINT('Origin',(602.5,-32.9411764705882,0.749999999999987));
#4817=CARTESIAN_POINT('',(605.,-32.9411764705882,-3.85802501057242E-14));
#4818=CARTESIAN_POINT('Origin',(602.5,-32.9411764705882,-3.81639164714898E-14));
#4819=CARTESIAN_POINT('',(605.,-32.9411764705882,1.49999999999996));
#4820=CARTESIAN_POINT('',(605.,-32.9411764705882,0.749999999999987));
#4821=CARTESIAN_POINT('Origin',(602.5,-32.9411764705882,1.49999999999996));
#4822=CARTESIAN_POINT('Origin',(12.5,-461.176470588235,0.750000000000024));
#4823=CARTESIAN_POINT('',(15.,-461.176470588235,-1.80411241501588E-15));
#4824=CARTESIAN_POINT('Origin',(12.5,-461.176470588235,-1.38777878078145E-15));
#4825=CARTESIAN_POINT('',(15.,-461.176470588235,1.5));
#4826=CARTESIAN_POINT('',(15.,-461.176470588235,0.750000000000024));
#4827=CARTESIAN_POINT('Origin',(12.5,-461.176470588235,1.5));
#4828=CARTESIAN_POINT('Origin',(12.5,-32.9411764705882,0.749999999999987));
#4829=CARTESIAN_POINT('',(15.,-32.9411764705882,-3.85802501057242E-14));
#4830=CARTESIAN_POINT('Origin',(12.5,-32.9411764705882,-3.81639164714898E-14));
#4831=CARTESIAN_POINT('',(15.,-32.9411764705882,1.49999999999996));
#4832=CARTESIAN_POINT('',(15.,-32.9411764705882,0.749999999999987));
#4833=CARTESIAN_POINT('Origin',(12.5,-32.9411764705882,1.49999999999996));
#4834=CARTESIAN_POINT('Origin',(12.5,-65.8823529411765,0.74999999999999));
#4835=CARTESIAN_POINT('',(15.,-65.8823529411765,-3.58046925441613E-14));
#4836=CARTESIAN_POINT('Origin',(12.5,-65.8823529411765,-3.53883589099269E-14));
#4837=CARTESIAN_POINT('',(15.,-65.8823529411765,1.49999999999997));
#4838=CARTESIAN_POINT('',(15.,-65.8823529411765,0.74999999999999));
#4839=CARTESIAN_POINT('Origin',(12.5,-65.8823529411765,1.49999999999996));
#4840=CARTESIAN_POINT('Origin',(12.5,-395.294117647059,0.750000000000018));
#4841=CARTESIAN_POINT('',(15.,-395.294117647059,-7.49400541621981E-15));
#4842=CARTESIAN_POINT('Origin',(12.5,-395.294117647059,-7.07767178198537E-15));
#4843=CARTESIAN_POINT('',(15.,-395.294117647059,1.49999999999999));
#4844=CARTESIAN_POINT('',(15.,-395.294117647059,0.750000000000018));
#4845=CARTESIAN_POINT('Origin',(12.5,-395.294117647059,1.49999999999999));
#4846=CARTESIAN_POINT('Origin',(12.5,-98.8235294117647,0.749999999999993));
#4847=CARTESIAN_POINT('',(15.,-98.8235294117647,-3.28903571045203E-14));
#4848=CARTESIAN_POINT('Origin',(12.5,-98.8235294117647,-3.24740234702858E-14));
#4849=CARTESIAN_POINT('',(15.,-98.8235294117647,1.49999999999997));
#4850=CARTESIAN_POINT('',(15.,-98.8235294117647,0.749999999999993));
#4851=CARTESIAN_POINT('Origin',(12.5,-98.8235294117647,1.49999999999997));
#4852=CARTESIAN_POINT('Origin',(12.5,-131.764705882353,0.749999999999996));
#4853=CARTESIAN_POINT('',(15.,-131.764705882353,-3.01147995429574E-14));
#4854=CARTESIAN_POINT('Origin',(12.5,-131.764705882353,-2.96984659087229E-14));
#4855=CARTESIAN_POINT('',(15.,-131.764705882353,1.49999999999997));
#4856=CARTESIAN_POINT('',(15.,-131.764705882353,0.749999999999996));
#4857=CARTESIAN_POINT('Origin',(12.5,-131.764705882353,1.49999999999997));
#4858=CARTESIAN_POINT('Origin',(12.5,-329.411764705882,0.750000000000012));
#4859=CARTESIAN_POINT('',(15.,-329.411764705882,-1.30451205393456E-14));
#4860=CARTESIAN_POINT('Origin',(12.5,-329.411764705882,-1.26287869051112E-14));
#4861=CARTESIAN_POINT('',(15.,-329.411764705882,1.49999999999999));
#4862=CARTESIAN_POINT('',(15.,-329.411764705882,0.750000000000012));
#4863=CARTESIAN_POINT('Origin',(12.5,-329.411764705882,1.49999999999999));
#4864=CARTESIAN_POINT('Origin',(12.5,-296.470588235294,0.75000000000001));
#4865=CARTESIAN_POINT('',(15.,-296.470588235294,-1.59594559789866E-14));
#4866=CARTESIAN_POINT('Origin',(12.5,-296.470588235294,-1.55431223447522E-14));
#4867=CARTESIAN_POINT('',(15.,-296.470588235294,1.49999999999998));
#4868=CARTESIAN_POINT('',(15.,-296.470588235294,0.75000000000001));
#4869=CARTESIAN_POINT('Origin',(12.5,-296.470588235294,1.49999999999998));
#4870=CARTESIAN_POINT('Origin',(12.5,-428.235294117647,0.750000000000021));
#4871=CARTESIAN_POINT('',(15.,-428.235294117647,-4.57966997657877E-15));
#4872=CARTESIAN_POINT('Origin',(12.5,-428.235294117647,-4.16333634234434E-15));
#4873=CARTESIAN_POINT('',(15.,-428.235294117647,1.5));
#4874=CARTESIAN_POINT('',(15.,-428.235294117647,0.750000000000021));
#4875=CARTESIAN_POINT('Origin',(12.5,-428.235294117647,1.5));
#4876=CARTESIAN_POINT('Origin',(602.5,0.75,192.692307692308));
#4877=CARTESIAN_POINT('',(602.5,0.,195.192307692308));
#4878=CARTESIAN_POINT('Origin',(602.5,0.,192.692307692308));
#4879=CARTESIAN_POINT('',(602.5,1.5,195.192307692308));
#4880=CARTESIAN_POINT('',(602.5,0.75,195.192307692308));
#4881=CARTESIAN_POINT('Origin',(602.5,1.5,192.692307692308));
#4882=CARTESIAN_POINT('Origin',(602.5,0.75,385.384615384615));
#4883=CARTESIAN_POINT('',(602.5,0.,387.884615384615));
#4884=CARTESIAN_POINT('Origin',(602.5,0.,385.384615384615));
#4885=CARTESIAN_POINT('',(602.5,1.5,387.884615384615));
#4886=CARTESIAN_POINT('',(602.5,0.75,387.884615384615));
#4887=CARTESIAN_POINT('Origin',(602.5,1.5,385.384615384615));
#4888=CARTESIAN_POINT('Origin',(602.5,0.75,224.807692307692));
#4889=CARTESIAN_POINT('',(602.5,0.,227.307692307692));
#4890=CARTESIAN_POINT('Origin',(602.5,0.,224.807692307692));
#4891=CARTESIAN_POINT('',(602.5,1.5,227.307692307692));
#4892=CARTESIAN_POINT('',(602.5,0.75,227.307692307692));
#4893=CARTESIAN_POINT('Origin',(602.5,1.5,224.807692307692));
#4894=CARTESIAN_POINT('Origin',(602.5,0.75,256.923076923077));
#4895=CARTESIAN_POINT('',(602.5,0.,259.423076923077));
#4896=CARTESIAN_POINT('Origin',(602.5,0.,256.923076923077));
#4897=CARTESIAN_POINT('',(602.5,1.5,259.423076923077));
#4898=CARTESIAN_POINT('',(602.5,0.75,259.423076923077));
#4899=CARTESIAN_POINT('Origin',(602.5,1.5,256.923076923077));
#4900=CARTESIAN_POINT('Origin',(602.5,0.75,96.3461538461539));
#4901=CARTESIAN_POINT('',(602.5,0.,98.8461538461539));
#4902=CARTESIAN_POINT('Origin',(602.5,0.,96.3461538461539));
#4903=CARTESIAN_POINT('',(602.5,1.5,98.8461538461539));
#4904=CARTESIAN_POINT('',(602.5,0.75,98.8461538461539));
#4905=CARTESIAN_POINT('Origin',(602.5,1.5,96.3461538461539));
#4906=CARTESIAN_POINT('Origin',(602.5,0.75,64.2307692307692));
#4907=CARTESIAN_POINT('',(602.5,0.,66.7307692307692));
#4908=CARTESIAN_POINT('Origin',(602.5,0.,64.2307692307692));
#4909=CARTESIAN_POINT('',(602.5,1.5,66.7307692307692));
#4910=CARTESIAN_POINT('',(602.5,0.75,66.7307692307692));
#4911=CARTESIAN_POINT('Origin',(602.5,1.5,64.2307692307692));
#4912=CARTESIAN_POINT('Origin',(522.5,0.75,417.5));
#4913=CARTESIAN_POINT('',(522.5,0.,420.));
#4914=CARTESIAN_POINT('Origin',(522.5,0.,417.5));
#4915=CARTESIAN_POINT('',(522.5,1.5,420.));
#4916=CARTESIAN_POINT('',(522.5,0.75,420.));
#4917=CARTESIAN_POINT('Origin',(522.5,1.5,417.5));
#4918=CARTESIAN_POINT('Origin',(482.5,0.75,417.5));
#4919=CARTESIAN_POINT('',(482.5,0.,420.));
#4920=CARTESIAN_POINT('Origin',(482.5,0.,417.5));
#4921=CARTESIAN_POINT('',(482.5,1.5,420.));
#4922=CARTESIAN_POINT('',(482.5,0.75,420.));
#4923=CARTESIAN_POINT('Origin',(482.5,1.5,417.5));
#4924=CARTESIAN_POINT('Origin',(442.5,0.75,445.));
#4925=CARTESIAN_POINT('',(442.5,0.,447.5));
#4926=CARTESIAN_POINT('Origin',(442.5,0.,445.));
#4927=CARTESIAN_POINT('',(442.5,1.5,447.5));
#4928=CARTESIAN_POINT('',(442.5,0.75,447.5));
#4929=CARTESIAN_POINT('Origin',(442.5,1.5,445.));
#4930=CARTESIAN_POINT('Origin',(12.5,0.75,224.807692307692));
#4931=CARTESIAN_POINT('',(12.5,0.,227.307692307692));
#4932=CARTESIAN_POINT('Origin',(12.5,0.,224.807692307692));
#4933=CARTESIAN_POINT('',(12.5,1.5,227.307692307692));
#4934=CARTESIAN_POINT('',(12.5,0.75,227.307692307692));
#4935=CARTESIAN_POINT('Origin',(12.5,1.5,224.807692307692));
#4936=CARTESIAN_POINT('Origin',(12.5,0.75,321.153846153846));
#4937=CARTESIAN_POINT('',(12.5,0.,323.653846153846));
#4938=CARTESIAN_POINT('Origin',(12.5,0.,321.153846153846));
#4939=CARTESIAN_POINT('',(12.5,1.5,323.653846153846));
#4940=CARTESIAN_POINT('',(12.5,0.75,323.653846153846));
#4941=CARTESIAN_POINT('Origin',(12.5,1.5,321.153846153846));
#4942=CARTESIAN_POINT('Origin',(12.5,0.75,96.3461538461539));
#4943=CARTESIAN_POINT('',(12.5,0.,98.8461538461539));
#4944=CARTESIAN_POINT('Origin',(12.5,0.,96.3461538461539));
#4945=CARTESIAN_POINT('',(12.5,1.5,98.8461538461539));
#4946=CARTESIAN_POINT('',(12.5,0.75,98.8461538461539));
#4947=CARTESIAN_POINT('Origin',(12.5,1.5,96.3461538461539));
#4948=CARTESIAN_POINT('Origin',(12.5,0.75,128.461538461538));
#4949=CARTESIAN_POINT('',(12.5,0.,130.961538461538));
#4950=CARTESIAN_POINT('Origin',(12.5,0.,128.461538461538));
#4951=CARTESIAN_POINT('',(12.5,1.5,130.961538461538));
#4952=CARTESIAN_POINT('',(12.5,0.75,130.961538461538));
#4953=CARTESIAN_POINT('Origin',(12.5,1.5,128.461538461538));
#4954=CARTESIAN_POINT('Origin',(12.5,0.75,64.2307692307692));
#4955=CARTESIAN_POINT('',(12.5,0.,66.7307692307692));
#4956=CARTESIAN_POINT('Origin',(12.5,0.,64.2307692307692));
#4957=CARTESIAN_POINT('',(12.5,1.5,66.7307692307692));
#4958=CARTESIAN_POINT('',(12.5,0.75,66.7307692307692));
#4959=CARTESIAN_POINT('Origin',(12.5,1.5,64.2307692307692));
#4960=CARTESIAN_POINT('Origin',(12.5,0.75,192.692307692308));
#4961=CARTESIAN_POINT('',(12.5,0.,195.192307692308));
#4962=CARTESIAN_POINT('Origin',(12.5,0.,192.692307692308));
#4963=CARTESIAN_POINT('',(12.5,1.5,195.192307692308));
#4964=CARTESIAN_POINT('',(12.5,0.75,195.192307692308));
#4965=CARTESIAN_POINT('Origin',(12.5,1.5,192.692307692308));
#4966=CARTESIAN_POINT('Origin',(92.5,0.75,417.5));
#4967=CARTESIAN_POINT('',(92.5,0.,420.));
#4968=CARTESIAN_POINT('Origin',(92.5,0.,417.5));
#4969=CARTESIAN_POINT('',(92.5,1.5,420.));
#4970=CARTESIAN_POINT('',(92.5,0.75,420.));
#4971=CARTESIAN_POINT('Origin',(92.5,1.5,417.5));
#4972=CARTESIAN_POINT('Origin',(52.5,0.75,417.5));
#4973=CARTESIAN_POINT('',(52.5,0.,420.));
#4974=CARTESIAN_POINT('Origin',(52.5,0.,417.5));
#4975=CARTESIAN_POINT('',(52.5,1.5,420.));
#4976=CARTESIAN_POINT('',(52.5,0.75,420.));
#4977=CARTESIAN_POINT('Origin',(52.5,1.5,417.5));
#4978=CARTESIAN_POINT('Origin',(172.5,0.75,417.5));
#4979=CARTESIAN_POINT('',(172.5,0.,420.));
#4980=CARTESIAN_POINT('Origin',(172.5,0.,417.5));
#4981=CARTESIAN_POINT('',(172.5,1.5,420.));
#4982=CARTESIAN_POINT('',(172.5,0.75,420.));
#4983=CARTESIAN_POINT('Origin',(172.5,1.5,417.5));
#4984=CARTESIAN_POINT('Origin',(172.5,0.75,445.));
#4985=CARTESIAN_POINT('',(172.5,0.,447.5));
#4986=CARTESIAN_POINT('Origin',(172.5,0.,445.));
#4987=CARTESIAN_POINT('',(172.5,1.5,447.5));
#4988=CARTESIAN_POINT('',(172.5,0.75,447.5));
#4989=CARTESIAN_POINT('Origin',(172.5,1.5,445.));
#4990=CARTESIAN_POINT('Origin',(172.5,0.75,472.5));
#4991=CARTESIAN_POINT('',(172.5,0.,475.));
#4992=CARTESIAN_POINT('Origin',(172.5,0.,472.5));
#4993=CARTESIAN_POINT('',(172.5,1.5,475.));
#4994=CARTESIAN_POINT('',(172.5,0.75,475.));
#4995=CARTESIAN_POINT('Origin',(172.5,1.5,472.5));
#4996=CARTESIAN_POINT('Origin',(172.5,0.75,500.));
#4997=CARTESIAN_POINT('',(172.5,0.,502.5));
#4998=CARTESIAN_POINT('Origin',(172.5,0.,500.));
#4999=CARTESIAN_POINT('',(172.5,1.5,502.5));
#5000=CARTESIAN_POINT('',(172.5,0.75,502.5));
#5001=CARTESIAN_POINT('Origin',(172.5,1.5,500.));
#5002=CARTESIAN_POINT('Origin',(132.5,0.75,417.5));
#5003=CARTESIAN_POINT('',(132.5,0.,420.));
#5004=CARTESIAN_POINT('Origin',(132.5,0.,417.5));
#5005=CARTESIAN_POINT('',(132.5,1.5,420.));
#5006=CARTESIAN_POINT('',(132.5,0.75,420.));
#5007=CARTESIAN_POINT('Origin',(132.5,1.5,417.5));
#5008=CARTESIAN_POINT('Origin',(12.5,0.75,417.5));
#5009=CARTESIAN_POINT('',(12.5,0.,420.));
#5010=CARTESIAN_POINT('Origin',(12.5,0.,417.5));
#5011=CARTESIAN_POINT('',(12.5,1.5,420.));
#5012=CARTESIAN_POINT('',(12.5,0.75,420.));
#5013=CARTESIAN_POINT('Origin',(12.5,1.5,417.5));
#5014=CARTESIAN_POINT('Origin',(12.5,0.75,353.269230769231));
#5015=CARTESIAN_POINT('',(12.5,0.,355.769230769231));
#5016=CARTESIAN_POINT('Origin',(12.5,0.,353.269230769231));
#5017=CARTESIAN_POINT('',(12.5,1.5,355.769230769231));
#5018=CARTESIAN_POINT('',(12.5,0.75,355.769230769231));
#5019=CARTESIAN_POINT('Origin',(12.5,1.5,353.269230769231));
#5020=CARTESIAN_POINT('Origin',(12.5,0.75,385.384615384615));
#5021=CARTESIAN_POINT('',(12.5,0.,387.884615384615));
#5022=CARTESIAN_POINT('Origin',(12.5,0.,385.384615384615));
#5023=CARTESIAN_POINT('',(12.5,1.5,387.884615384615));
#5024=CARTESIAN_POINT('',(12.5,0.75,387.884615384615));
#5025=CARTESIAN_POINT('Origin',(12.5,1.5,385.384615384615));
#5026=CARTESIAN_POINT('Origin',(12.5,0.75,160.576923076923));
#5027=CARTESIAN_POINT('',(12.5,0.,163.076923076923));
#5028=CARTESIAN_POINT('Origin',(12.5,0.,160.576923076923));
#5029=CARTESIAN_POINT('',(12.5,1.5,163.076923076923));
#5030=CARTESIAN_POINT('',(12.5,0.75,163.076923076923));
#5031=CARTESIAN_POINT('Origin',(12.5,1.5,160.576923076923));
#5032=CARTESIAN_POINT('Origin',(12.5,0.75,32.1153846153846));
#5033=CARTESIAN_POINT('',(12.5,0.,34.6153846153846));
#5034=CARTESIAN_POINT('Origin',(12.5,0.,32.1153846153846));
#5035=CARTESIAN_POINT('',(12.5,1.5,34.6153846153846));
#5036=CARTESIAN_POINT('',(12.5,0.75,34.6153846153846));
#5037=CARTESIAN_POINT('Origin',(12.5,1.5,32.1153846153846));
#5038=CARTESIAN_POINT('Origin',(12.5,0.75,256.923076923077));
#5039=CARTESIAN_POINT('',(12.5,0.,259.423076923077));
#5040=CARTESIAN_POINT('Origin',(12.5,0.,256.923076923077));
#5041=CARTESIAN_POINT('',(12.5,1.5,259.423076923077));
#5042=CARTESIAN_POINT('',(12.5,0.75,259.423076923077));
#5043=CARTESIAN_POINT('Origin',(12.5,1.5,256.923076923077));
#5044=CARTESIAN_POINT('Origin',(12.5,0.75,289.038461538462));
#5045=CARTESIAN_POINT('',(12.5,0.,291.538461538462));
#5046=CARTESIAN_POINT('Origin',(12.5,0.,289.038461538462));
#5047=CARTESIAN_POINT('',(12.5,1.5,291.538461538462));
#5048=CARTESIAN_POINT('',(12.5,0.75,291.538461538462));
#5049=CARTESIAN_POINT('Origin',(12.5,1.5,289.038461538462));
#5050=CARTESIAN_POINT('Origin',(442.5,0.75,500.));
#5051=CARTESIAN_POINT('',(442.5,0.,502.5));
#5052=CARTESIAN_POINT('Origin',(442.5,0.,500.));
#5053=CARTESIAN_POINT('',(442.5,1.5,502.5));
#5054=CARTESIAN_POINT('',(442.5,0.75,502.5));
#5055=CARTESIAN_POINT('Origin',(442.5,1.5,500.));
#5056=CARTESIAN_POINT('Origin',(442.5,0.75,472.5));
#5057=CARTESIAN_POINT('',(442.5,0.,475.));
#5058=CARTESIAN_POINT('Origin',(442.5,0.,472.5));
#5059=CARTESIAN_POINT('',(442.5,1.5,475.));
#5060=CARTESIAN_POINT('',(442.5,0.75,475.));
#5061=CARTESIAN_POINT('Origin',(442.5,1.5,472.5));
#5062=CARTESIAN_POINT('Origin',(562.5,0.75,417.5));
#5063=CARTESIAN_POINT('',(562.5,0.,420.));
#5064=CARTESIAN_POINT('Origin',(562.5,0.,417.5));
#5065=CARTESIAN_POINT('',(562.5,1.5,420.));
#5066=CARTESIAN_POINT('',(562.5,0.75,420.));
#5067=CARTESIAN_POINT('Origin',(562.5,1.5,417.5));
#5068=CARTESIAN_POINT('Origin',(602.5,0.75,128.461538461538));
#5069=CARTESIAN_POINT('',(602.5,0.,130.961538461538));
#5070=CARTESIAN_POINT('Origin',(602.5,0.,128.461538461538));
#5071=CARTESIAN_POINT('',(602.5,1.5,130.961538461538));
#5072=CARTESIAN_POINT('',(602.5,0.75,130.961538461538));
#5073=CARTESIAN_POINT('Origin',(602.5,1.5,128.461538461538));
#5074=CARTESIAN_POINT('Origin',(602.5,0.75,32.1153846153846));
#5075=CARTESIAN_POINT('',(602.5,0.,34.6153846153846));
#5076=CARTESIAN_POINT('Origin',(602.5,0.,32.1153846153846));
#5077=CARTESIAN_POINT('',(602.5,1.5,34.6153846153846));
#5078=CARTESIAN_POINT('',(602.5,0.75,34.6153846153846));
#5079=CARTESIAN_POINT('Origin',(602.5,1.5,32.1153846153846));
#5080=CARTESIAN_POINT('Origin',(602.5,0.75,417.5));
#5081=CARTESIAN_POINT('',(602.5,0.,420.));
#5082=CARTESIAN_POINT('Origin',(602.5,0.,417.5));
#5083=CARTESIAN_POINT('',(602.5,1.5,420.));
#5084=CARTESIAN_POINT('',(602.5,0.75,420.));
#5085=CARTESIAN_POINT('Origin',(602.5,1.5,417.5));
#5086=CARTESIAN_POINT('Origin',(602.5,0.75,321.153846153846));
#5087=CARTESIAN_POINT('',(602.5,0.,323.653846153846));
#5088=CARTESIAN_POINT('Origin',(602.5,0.,321.153846153846));
#5089=CARTESIAN_POINT('',(602.5,1.5,323.653846153846));
#5090=CARTESIAN_POINT('',(602.5,0.75,323.653846153846));
#5091=CARTESIAN_POINT('Origin',(602.5,1.5,321.153846153846));
#5092=CARTESIAN_POINT('Origin',(602.5,0.75,289.038461538462));
#5093=CARTESIAN_POINT('',(602.5,0.,291.538461538462));
#5094=CARTESIAN_POINT('Origin',(602.5,0.,289.038461538462));
#5095=CARTESIAN_POINT('',(602.5,1.5,291.538461538462));
#5096=CARTESIAN_POINT('',(602.5,0.75,291.538461538462));
#5097=CARTESIAN_POINT('Origin',(602.5,1.5,289.038461538462));
#5098=CARTESIAN_POINT('Origin',(602.5,0.75,353.269230769231));
#5099=CARTESIAN_POINT('',(602.5,0.,355.769230769231));
#5100=CARTESIAN_POINT('Origin',(602.5,0.,353.269230769231));
#5101=CARTESIAN_POINT('',(602.5,1.5,355.769230769231));
#5102=CARTESIAN_POINT('',(602.5,0.75,355.769230769231));
#5103=CARTESIAN_POINT('Origin',(602.5,1.5,353.269230769231));
#5104=CARTESIAN_POINT('Origin',(602.5,0.75,160.576923076923));
#5105=CARTESIAN_POINT('',(602.5,0.,163.076923076923));
#5106=CARTESIAN_POINT('Origin',(602.5,0.,160.576923076923));
#5107=CARTESIAN_POINT('',(602.5,1.5,163.076923076923));
#5108=CARTESIAN_POINT('',(602.5,0.75,163.076923076923));
#5109=CARTESIAN_POINT('Origin',(602.5,1.5,160.576923076923));
#5110=CARTESIAN_POINT('Origin',(442.5,0.75,417.5));
#5111=CARTESIAN_POINT('',(442.5,0.,420.));
#5112=CARTESIAN_POINT('Origin',(442.5,0.,417.5));
#5113=CARTESIAN_POINT('',(442.5,1.5,420.));
#5114=CARTESIAN_POINT('',(442.5,0.75,420.));
#5115=CARTESIAN_POINT('Origin',(442.5,1.5,417.5));
#5116=CARTESIAN_POINT('Origin',(442.5,-428.235294117647,502.500000000002));
#5117=CARTESIAN_POINT('',(440.,-428.235294117647,510.000000000002));
#5118=CARTESIAN_POINT('Origin',(442.5,-428.235294117647,510.000000000002));
#5119=CARTESIAN_POINT('',(440.,-428.235294117647,508.500000000002));
#5120=CARTESIAN_POINT('',(440.,-428.235294117647,502.500000000002));
#5121=CARTESIAN_POINT('Origin',(442.5,-428.235294117647,508.500000000002));
#5122=CARTESIAN_POINT('Origin',(442.5,-527.058823529411,502.500000000003));
#5123=CARTESIAN_POINT('',(440.,-527.058823529411,510.000000000003));
#5124=CARTESIAN_POINT('Origin',(442.5,-527.058823529411,510.000000000003));
#5125=CARTESIAN_POINT('',(440.,-527.058823529411,508.500000000003));
#5126=CARTESIAN_POINT('',(440.,-527.058823529411,502.500000000003));
#5127=CARTESIAN_POINT('Origin',(442.5,-527.058823529411,508.500000000003));
#5128=CARTESIAN_POINT('Origin',(442.5,-494.117647058823,502.500000000003));
#5129=CARTESIAN_POINT('',(440.,-494.117647058823,510.000000000003));
#5130=CARTESIAN_POINT('Origin',(442.5,-494.117647058823,510.000000000003));
#5131=CARTESIAN_POINT('',(440.,-494.117647058823,508.500000000003));
#5132=CARTESIAN_POINT('',(440.,-494.117647058823,502.500000000003));
#5133=CARTESIAN_POINT('Origin',(442.5,-494.117647058823,508.500000000003));
#5134=CARTESIAN_POINT('Origin',(442.5,-98.8235294117646,502.5));
#5135=CARTESIAN_POINT('',(440.,-98.8235294117645,510.000000000001));
#5136=CARTESIAN_POINT('Origin',(442.5,-98.8235294117645,510.000000000001));
#5137=CARTESIAN_POINT('',(440.,-98.8235294117645,508.500000000001));
#5138=CARTESIAN_POINT('',(440.,-98.8235294117646,502.5));
#5139=CARTESIAN_POINT('Origin',(442.5,-98.8235294117645,508.500000000001));
#5140=CARTESIAN_POINT('Origin',(442.5,-461.176470588235,502.500000000002));
#5141=CARTESIAN_POINT('',(440.,-461.176470588235,510.000000000002));
#5142=CARTESIAN_POINT('Origin',(442.5,-461.176470588235,510.000000000002));
#5143=CARTESIAN_POINT('',(440.,-461.176470588235,508.500000000002));
#5144=CARTESIAN_POINT('',(440.,-461.176470588235,502.500000000002));
#5145=CARTESIAN_POINT('Origin',(442.5,-461.176470588235,508.500000000002));
#5146=CARTESIAN_POINT('Origin',(442.5,-395.294117647059,502.500000000002));
#5147=CARTESIAN_POINT('',(440.,-395.294117647059,510.000000000002));
#5148=CARTESIAN_POINT('Origin',(442.5,-395.294117647059,510.000000000002));
#5149=CARTESIAN_POINT('',(440.,-395.294117647059,508.500000000002));
#5150=CARTESIAN_POINT('',(440.,-395.294117647059,502.500000000002));
#5151=CARTESIAN_POINT('Origin',(442.5,-395.294117647059,508.500000000002));
#5152=CARTESIAN_POINT('Origin',(442.5,-263.529411764706,502.500000000001));
#5153=CARTESIAN_POINT('',(440.,-263.529411764706,510.000000000001));
#5154=CARTESIAN_POINT('Origin',(442.5,-263.529411764706,510.000000000001));
#5155=CARTESIAN_POINT('',(440.,-263.529411764706,508.500000000001));
#5156=CARTESIAN_POINT('',(440.,-263.529411764706,502.500000000001));
#5157=CARTESIAN_POINT('Origin',(442.5,-263.529411764706,508.500000000001));
#5158=CARTESIAN_POINT('Origin',(442.5,-362.35294117647,502.500000000002));
#5159=CARTESIAN_POINT('',(440.,-362.35294117647,510.000000000002));
#5160=CARTESIAN_POINT('Origin',(442.5,-362.35294117647,510.000000000002));
#5161=CARTESIAN_POINT('',(440.,-362.35294117647,508.500000000002));
#5162=CARTESIAN_POINT('',(440.,-362.35294117647,502.500000000002));
#5163=CARTESIAN_POINT('Origin',(442.5,-362.35294117647,508.500000000002));
#5164=CARTESIAN_POINT('Origin',(172.5,-461.176470588235,502.500000000002));
#5165=CARTESIAN_POINT('',(170.,-461.176470588235,510.000000000002));
#5166=CARTESIAN_POINT('Origin',(172.5,-461.176470588235,510.000000000002));
#5167=CARTESIAN_POINT('',(170.,-461.176470588235,508.500000000002));
#5168=CARTESIAN_POINT('',(170.,-461.176470588235,502.500000000002));
#5169=CARTESIAN_POINT('Origin',(172.5,-461.176470588235,508.500000000002));
#5170=CARTESIAN_POINT('Origin',(172.5,-197.647058823529,502.500000000001));
#5171=CARTESIAN_POINT('',(170.,-197.647058823529,510.000000000001));
#5172=CARTESIAN_POINT('Origin',(172.5,-197.647058823529,510.000000000001));
#5173=CARTESIAN_POINT('',(170.,-197.647058823529,508.500000000001));
#5174=CARTESIAN_POINT('',(170.,-197.647058823529,502.500000000001));
#5175=CARTESIAN_POINT('Origin',(172.5,-197.647058823529,508.500000000001));
#5176=CARTESIAN_POINT('Origin',(172.5,-32.9411764705881,502.5));
#5177=CARTESIAN_POINT('',(170.,-32.9411764705881,510.));
#5178=CARTESIAN_POINT('Origin',(172.5,-32.9411764705881,510.));
#5179=CARTESIAN_POINT('',(170.,-32.9411764705881,508.5));
#5180=CARTESIAN_POINT('',(170.,-32.9411764705881,502.5));
#5181=CARTESIAN_POINT('Origin',(172.5,-32.9411764705881,508.5));
#5182=CARTESIAN_POINT('Origin',(172.5,-296.470588235294,502.500000000001));
#5183=CARTESIAN_POINT('',(170.,-296.470588235294,510.000000000002));
#5184=CARTESIAN_POINT('Origin',(172.5,-296.470588235294,510.000000000002));
#5185=CARTESIAN_POINT('',(170.,-296.470588235294,508.500000000002));
#5186=CARTESIAN_POINT('',(170.,-296.470588235294,502.500000000001));
#5187=CARTESIAN_POINT('Origin',(172.5,-296.470588235294,508.500000000002));
#5188=CARTESIAN_POINT('Origin',(172.5,-428.235294117647,502.500000000002));
#5189=CARTESIAN_POINT('',(170.,-428.235294117647,510.000000000002));
#5190=CARTESIAN_POINT('Origin',(172.5,-428.235294117647,510.000000000002));
#5191=CARTESIAN_POINT('',(170.,-428.235294117647,508.500000000002));
#5192=CARTESIAN_POINT('',(170.,-428.235294117647,502.500000000002));
#5193=CARTESIAN_POINT('Origin',(172.5,-428.235294117647,508.500000000002));
#5194=CARTESIAN_POINT('Origin',(172.5,-263.529411764706,502.500000000001));
#5195=CARTESIAN_POINT('',(170.,-263.529411764706,510.000000000001));
#5196=CARTESIAN_POINT('Origin',(172.5,-263.529411764706,510.000000000001));
#5197=CARTESIAN_POINT('',(170.,-263.529411764706,508.500000000001));
#5198=CARTESIAN_POINT('',(170.,-263.529411764706,502.500000000001));
#5199=CARTESIAN_POINT('Origin',(172.5,-263.529411764706,508.500000000001));
#5200=CARTESIAN_POINT('Origin',(172.5,-230.588235294117,502.500000000001));
#5201=CARTESIAN_POINT('',(170.,-230.588235294117,510.000000000001));
#5202=CARTESIAN_POINT('Origin',(172.5,-230.588235294117,510.000000000001));
#5203=CARTESIAN_POINT('',(170.,-230.588235294117,508.500000000001));
#5204=CARTESIAN_POINT('',(170.,-230.588235294117,502.500000000001));
#5205=CARTESIAN_POINT('Origin',(172.5,-230.588235294117,508.500000000001));
#5206=CARTESIAN_POINT('Origin',(172.5,-98.8235294117646,502.5));
#5207=CARTESIAN_POINT('',(170.,-98.8235294117645,510.000000000001));
#5208=CARTESIAN_POINT('Origin',(172.5,-98.8235294117645,510.000000000001));
#5209=CARTESIAN_POINT('',(170.,-98.8235294117645,508.500000000001));
#5210=CARTESIAN_POINT('',(170.,-98.8235294117646,502.5));
#5211=CARTESIAN_POINT('Origin',(172.5,-98.8235294117645,508.500000000001));
#5212=CARTESIAN_POINT('Origin',(172.5,-560.,502.500000000003));
#5213=CARTESIAN_POINT('',(170.,-560.,510.000000000003));
#5214=CARTESIAN_POINT('Origin',(172.5,-560.,510.000000000003));
#5215=CARTESIAN_POINT('',(170.,-560.,508.500000000003));
#5216=CARTESIAN_POINT('',(170.,-560.,502.500000000003));
#5217=CARTESIAN_POINT('Origin',(172.5,-560.,508.500000000003));
#5218=CARTESIAN_POINT('Origin',(172.5,-527.058823529411,502.500000000003));
#5219=CARTESIAN_POINT('',(170.,-527.058823529411,510.000000000003));
#5220=CARTESIAN_POINT('Origin',(172.5,-527.058823529411,510.000000000003));
#5221=CARTESIAN_POINT('',(170.,-527.058823529411,508.500000000003));
#5222=CARTESIAN_POINT('',(170.,-527.058823529411,502.500000000003));
#5223=CARTESIAN_POINT('Origin',(172.5,-527.058823529411,508.500000000003));
#5224=CARTESIAN_POINT('Origin',(172.5,-131.764705882353,502.500000000001));
#5225=CARTESIAN_POINT('',(170.,-131.764705882353,510.000000000001));
#5226=CARTESIAN_POINT('Origin',(172.5,-131.764705882353,510.000000000001));
#5227=CARTESIAN_POINT('',(170.,-131.764705882353,508.500000000001));
#5228=CARTESIAN_POINT('',(170.,-131.764705882353,502.500000000001));
#5229=CARTESIAN_POINT('Origin',(172.5,-131.764705882353,508.500000000001));
#5230=CARTESIAN_POINT('Origin',(172.5,-395.294117647059,502.500000000002));
#5231=CARTESIAN_POINT('',(170.,-395.294117647059,510.000000000002));
#5232=CARTESIAN_POINT('Origin',(172.5,-395.294117647059,510.000000000002));
#5233=CARTESIAN_POINT('',(170.,-395.294117647059,508.500000000002));
#5234=CARTESIAN_POINT('',(170.,-395.294117647059,502.500000000002));
#5235=CARTESIAN_POINT('Origin',(172.5,-395.294117647059,508.500000000002));
#5236=CARTESIAN_POINT('Origin',(172.5,-164.705882352941,502.500000000001));
#5237=CARTESIAN_POINT('',(170.,-164.705882352941,510.000000000001));
#5238=CARTESIAN_POINT('Origin',(172.5,-164.705882352941,510.000000000001));
#5239=CARTESIAN_POINT('',(170.,-164.705882352941,508.500000000001));
#5240=CARTESIAN_POINT('',(170.,-164.705882352941,502.500000000001));
#5241=CARTESIAN_POINT('Origin',(172.5,-164.705882352941,508.500000000001));
#5242=CARTESIAN_POINT('Origin',(172.5,-494.117647058823,502.500000000003));
#5243=CARTESIAN_POINT('',(170.,-494.117647058823,510.000000000003));
#5244=CARTESIAN_POINT('Origin',(172.5,-494.117647058823,510.000000000003));
#5245=CARTESIAN_POINT('',(170.,-494.117647058823,508.500000000003));
#5246=CARTESIAN_POINT('',(170.,-494.117647058823,502.500000000003));
#5247=CARTESIAN_POINT('Origin',(172.5,-494.117647058823,508.500000000003));
#5248=CARTESIAN_POINT('Origin',(172.5,-65.8823529411763,502.5));
#5249=CARTESIAN_POINT('',(170.,-65.8823529411763,510.));
#5250=CARTESIAN_POINT('Origin',(172.5,-65.8823529411763,510.));
#5251=CARTESIAN_POINT('',(170.,-65.8823529411763,508.5));
#5252=CARTESIAN_POINT('',(170.,-65.8823529411763,502.5));
#5253=CARTESIAN_POINT('Origin',(172.5,-65.8823529411763,508.5));
#5254=CARTESIAN_POINT('Origin',(172.5,-362.35294117647,502.500000000002));
#5255=CARTESIAN_POINT('',(170.,-362.35294117647,510.000000000002));
#5256=CARTESIAN_POINT('Origin',(172.5,-362.35294117647,510.000000000002));
#5257=CARTESIAN_POINT('',(170.,-362.35294117647,508.500000000002));
#5258=CARTESIAN_POINT('',(170.,-362.35294117647,502.500000000002));
#5259=CARTESIAN_POINT('Origin',(172.5,-362.35294117647,508.500000000002));
#5260=CARTESIAN_POINT('Origin',(172.5,-329.411764705882,502.500000000002));
#5261=CARTESIAN_POINT('',(170.,-329.411764705882,510.000000000002));
#5262=CARTESIAN_POINT('Origin',(172.5,-329.411764705882,510.000000000002));
#5263=CARTESIAN_POINT('',(170.,-329.411764705882,508.500000000002));
#5264=CARTESIAN_POINT('',(170.,-329.411764705882,502.500000000002));
#5265=CARTESIAN_POINT('Origin',(172.5,-329.411764705882,508.500000000002));
#5266=CARTESIAN_POINT('Origin',(442.5,-560.,502.500000000003));
#5267=CARTESIAN_POINT('',(440.,-560.,510.000000000003));
#5268=CARTESIAN_POINT('Origin',(442.5,-560.,510.000000000003));
#5269=CARTESIAN_POINT('',(440.,-560.,508.500000000003));
#5270=CARTESIAN_POINT('',(440.,-560.,502.500000000003));
#5271=CARTESIAN_POINT('Origin',(442.5,-560.,508.500000000003));
#5272=CARTESIAN_POINT('Origin',(442.5,-230.588235294117,502.500000000001));
#5273=CARTESIAN_POINT('',(440.,-230.588235294117,510.000000000001));
#5274=CARTESIAN_POINT('Origin',(442.5,-230.588235294117,510.000000000001));
#5275=CARTESIAN_POINT('',(440.,-230.588235294117,508.500000000001));
#5276=CARTESIAN_POINT('',(440.,-230.588235294117,502.500000000001));
#5277=CARTESIAN_POINT('Origin',(442.5,-230.588235294117,508.500000000001));
#5278=CARTESIAN_POINT('Origin',(442.5,-131.764705882353,502.500000000001));
#5279=CARTESIAN_POINT('',(440.,-131.764705882353,510.000000000001));
#5280=CARTESIAN_POINT('Origin',(442.5,-131.764705882353,510.000000000001));
#5281=CARTESIAN_POINT('',(440.,-131.764705882353,508.500000000001));
#5282=CARTESIAN_POINT('',(440.,-131.764705882353,502.500000000001));
#5283=CARTESIAN_POINT('Origin',(442.5,-131.764705882353,508.500000000001));
#5284=CARTESIAN_POINT('Origin',(442.5,-164.705882352941,502.500000000001));
#5285=CARTESIAN_POINT('',(440.,-164.705882352941,510.000000000001));
#5286=CARTESIAN_POINT('Origin',(442.5,-164.705882352941,510.000000000001));
#5287=CARTESIAN_POINT('',(440.,-164.705882352941,508.500000000001));
#5288=CARTESIAN_POINT('',(440.,-164.705882352941,502.500000000001));
#5289=CARTESIAN_POINT('Origin',(442.5,-164.705882352941,508.500000000001));
#5290=CARTESIAN_POINT('Origin',(442.5,-32.9411764705881,502.5));
#5291=CARTESIAN_POINT('',(440.,-32.9411764705881,510.));
#5292=CARTESIAN_POINT('Origin',(442.5,-32.9411764705881,510.));
#5293=CARTESIAN_POINT('',(440.,-32.9411764705881,508.5));
#5294=CARTESIAN_POINT('',(440.,-32.9411764705881,502.5));
#5295=CARTESIAN_POINT('Origin',(442.5,-32.9411764705881,508.5));
#5296=CARTESIAN_POINT('Origin',(442.5,-329.411764705882,502.500000000002));
#5297=CARTESIAN_POINT('',(440.,-329.411764705882,510.000000000002));
#5298=CARTESIAN_POINT('Origin',(442.5,-329.411764705882,510.000000000002));
#5299=CARTESIAN_POINT('',(440.,-329.411764705882,508.500000000002));
#5300=CARTESIAN_POINT('',(440.,-329.411764705882,502.500000000002));
#5301=CARTESIAN_POINT('Origin',(442.5,-329.411764705882,508.500000000002));
#5302=CARTESIAN_POINT('Origin',(442.5,-65.8823529411763,502.5));
#5303=CARTESIAN_POINT('',(440.,-65.8823529411763,510.));
#5304=CARTESIAN_POINT('Origin',(442.5,-65.8823529411763,510.));
#5305=CARTESIAN_POINT('',(440.,-65.8823529411763,508.5));
#5306=CARTESIAN_POINT('',(440.,-65.8823529411763,502.5));
#5307=CARTESIAN_POINT('Origin',(442.5,-65.8823529411763,508.5));
#5308=CARTESIAN_POINT('Origin',(442.5,-197.647058823529,502.500000000001));
#5309=CARTESIAN_POINT('',(440.,-197.647058823529,510.000000000001));
#5310=CARTESIAN_POINT('Origin',(442.5,-197.647058823529,510.000000000001));
#5311=CARTESIAN_POINT('',(440.,-197.647058823529,508.500000000001));
#5312=CARTESIAN_POINT('',(440.,-197.647058823529,502.500000000001));
#5313=CARTESIAN_POINT('Origin',(442.5,-197.647058823529,508.500000000001));
#5314=CARTESIAN_POINT('Origin',(442.5,-296.470588235294,502.500000000001));
#5315=CARTESIAN_POINT('',(440.,-296.470588235294,510.000000000002));
#5316=CARTESIAN_POINT('Origin',(442.5,-296.470588235294,510.000000000002));
#5317=CARTESIAN_POINT('',(440.,-296.470588235294,508.500000000002));
#5318=CARTESIAN_POINT('',(440.,-296.470588235294,502.500000000001));
#5319=CARTESIAN_POINT('Origin',(442.5,-296.470588235294,508.500000000002));
#5320=CARTESIAN_POINT('Origin',(10.,-558.5,-3.37818243213347E-14));
#5321=CARTESIAN_POINT('',(10.,-568.5,1.49999999999997));
#5322=CARTESIAN_POINT('',(1.92192252674286E-32,-558.5,1.5));
#5323=CARTESIAN_POINT('Origin',(10.,-558.5,1.49999999999997));
#5324=CARTESIAN_POINT('',(2.37287197713597E-32,-558.5,2.77555756156289E-16));
#5325=CARTESIAN_POINT('',(0.,-558.5,-3.37818243213347E-14));
#5326=CARTESIAN_POINT('',(10.,-568.5,-3.44169137633799E-14));
#5327=CARTESIAN_POINT('Origin',(10.,-558.5,-3.35042685651784E-14));
#5328=CARTESIAN_POINT('',(10.,-568.5,-3.43941477209083E-14));
#5329=CARTESIAN_POINT('Origin',(-1.70126067523372E-30,-568.5,-3.44169137633799E-14));
#5330=CARTESIAN_POINT('',(163.,-568.5,-3.44169137633799E-14));
#5331=CARTESIAN_POINT('',(615.,-568.5,-3.44169137633799E-14));
#5332=CARTESIAN_POINT('',(163.,-568.5,1.49999999999997));
#5333=CARTESIAN_POINT('',(163.,-568.5,-1.21426826932745E-14));
#5334=CARTESIAN_POINT('',(615.,-568.5,1.49999999999997));
#5335=CARTESIAN_POINT('Origin',(307.5,-283.303539967061,-1.66533453693773E-14));
#5336=CARTESIAN_POINT('',(173.,-413.5,1.96225610702229E-14));
#5337=CARTESIAN_POINT('',(173.,-558.5,-2.50788069672779E-14));
#5338=CARTESIAN_POINT('',(173.,-348.401769983531,-1.8646403844873E-14));
#5339=CARTESIAN_POINT('Origin',(163.,-558.5,-3.35042685651784E-14));
#5340=CARTESIAN_POINT('',(2.37287197713595E-32,-1.5,2.77555756156289E-16));
#5341=CARTESIAN_POINT('',(2.37287197713594E-32,5.28584013175386,2.77555756156289E-16));
#5342=CARTESIAN_POINT('',(615.,-1.5,2.77555756156289E-16));
#5343=CARTESIAN_POINT('',(307.5,-1.50000000000001,-8.04911692853238E-15));
#5344=CARTESIAN_POINT('',(615.,-558.5,2.77555756156289E-16));
#5345=CARTESIAN_POINT('',(615.,5.28584013175386,2.77555756156289E-16));
#5346=CARTESIAN_POINT('',(605.,-568.5,-3.44169137633799E-14));
#5347=CARTESIAN_POINT('Origin',(605.,-558.5,-3.35042685651784E-14));
#5348=CARTESIAN_POINT('',(208.,-568.5,-3.44169137633799E-14));
#5349=CARTESIAN_POINT('',(615.,-568.5,-3.44169137633799E-14));
#5350=CARTESIAN_POINT('',(198.,-558.5,-2.50788069672779E-14));
#5351=CARTESIAN_POINT('Origin',(208.,-558.5,-3.35042685651784E-14));
#5352=CARTESIAN_POINT('',(198.,-413.5,1.96225610702229E-14));
#5353=CARTESIAN_POINT('',(198.,-425.901769983531,-2.1019157018221E-14));
#5354=CARTESIAN_POINT('Origin',(185.5,-413.5,-1.66533453693773E-14));
#5355=CARTESIAN_POINT('',(489.999999999973,-518.5,2.86541950762581E-14));
#5356=CARTESIAN_POINT('Origin',(464.999999999973,-518.5,-1.66533453693773E-14));
#5357=CARTESIAN_POINT('Origin',(605.,-558.5,-3.38045903638062E-14));
#5358=CARTESIAN_POINT('',(615.,-558.5,1.49999999999997));
#5359=CARTESIAN_POINT('',(605.,-568.5,1.49999999999997));
#5360=CARTESIAN_POINT('Origin',(605.,-558.5,1.49999999999997));
#5361=CARTESIAN_POINT('',(605.,-568.5,-3.44169137633799E-14));
#5362=CARTESIAN_POINT('',(615.,-558.5,-3.38045903638062E-14));
#5363=CARTESIAN_POINT('Origin',(-1.70126067523372E-30,-568.5,-3.44169137633799E-14));
#5364=CARTESIAN_POINT('',(208.,-568.5,1.49999999999997));
#5365=CARTESIAN_POINT('',(615.,-568.5,1.49999999999997));
#5366=CARTESIAN_POINT('',(208.,-568.5,-7.30970294504875E-16));
#5367=CARTESIAN_POINT('Origin',(605.,0.,420.));
#5368=CARTESIAN_POINT('',(615.,1.5,420.));
#5369=CARTESIAN_POINT('',(605.,1.5,430.));
#5370=CARTESIAN_POINT('Origin',(605.,1.5,420.));
#5371=CARTESIAN_POINT('',(605.,0.,430.));
#5372=CARTESIAN_POINT('',(605.,0.,430.));
#5373=CARTESIAN_POINT('',(615.,0.,420.));
#5374=CARTESIAN_POINT('Origin',(605.,0.,420.));
#5375=CARTESIAN_POINT('',(615.,0.,420.));
#5376=CARTESIAN_POINT('Origin',(615.,0.,430.));
#5377=CARTESIAN_POINT('',(615.,0.,2.99999999999997));
#5378=CARTESIAN_POINT('',(615.,0.,1.84889274661175E-30));
#5379=CARTESIAN_POINT('',(615.,1.5,2.99999999999997));
#5380=CARTESIAN_POINT('',(615.,0.75,2.99999999999997));
#5381=CARTESIAN_POINT('',(615.,1.5,1.84889274661175E-30));
#5382=CARTESIAN_POINT('Origin',(307.5,0.,255.));
#5383=CARTESIAN_POINT('',(455.,0.,430.));
#5384=CARTESIAN_POINT('',(455.,0.,430.));
#5385=CARTESIAN_POINT('',(455.,0.,507.));
#5386=CARTESIAN_POINT('',(455.,0.,510.));
#5387=CARTESIAN_POINT('',(160.,0.,507.));
#5388=CARTESIAN_POINT('',(233.75,0.,507.));
#5389=CARTESIAN_POINT('',(160.,0.,430.));
#5390=CARTESIAN_POINT('',(160.,0.,510.));
#5391=CARTESIAN_POINT('',(10.,0.,430.));
#5392=CARTESIAN_POINT('',(160.,0.,430.));
#5393=CARTESIAN_POINT('',(3.04523511206641E-31,0.,420.));
#5394=CARTESIAN_POINT('Origin',(10.,0.,420.));
#5395=CARTESIAN_POINT('',(0.,0.,2.99999999999997));
#5396=CARTESIAN_POINT('',(3.69778549322349E-31,0.,510.));
#5397=CARTESIAN_POINT('',(461.25,0.,2.99999999999997));
#5398=CARTESIAN_POINT('',(490.,0.,50.));
#5399=CARTESIAN_POINT('Origin',(465.,0.,50.));
#5400=CARTESIAN_POINT('Origin',(10.,0.,420.));
#5401=CARTESIAN_POINT('',(10.,1.5,430.));
#5402=CARTESIAN_POINT('',(3.04523511206641E-31,1.5,420.));
#5403=CARTESIAN_POINT('Origin',(10.,1.5,420.));
#5404=CARTESIAN_POINT('',(0.,0.,420.));
#5405=CARTESIAN_POINT('',(10.,0.,430.));
#5406=CARTESIAN_POINT('Origin',(0.,0.,0.));
#5407=CARTESIAN_POINT('',(-9.01898900786209E-33,1.5,2.99999999999997));
#5408=CARTESIAN_POINT('',(3.69778549322349E-31,1.5,510.));
#5409=CARTESIAN_POINT('',(0.,0.75,2.99999999999997));
#5410=CARTESIAN_POINT('Origin',(257.,-558.5,510.000000000003));
#5411=CARTESIAN_POINT('',(267.,-558.5,510.000000000003));
#5412=CARTESIAN_POINT('',(257.,-568.5,510.000000000003));
#5413=CARTESIAN_POINT('Origin',(257.,-558.5,510.000000000003));
#5414=CARTESIAN_POINT('',(257.,-568.5,508.500000000003));
#5415=CARTESIAN_POINT('',(257.,-568.5,510.000000000003));
#5416=CARTESIAN_POINT('',(267.,-558.5,508.500000000003));
#5417=CARTESIAN_POINT('Origin',(257.,-558.5,508.500000000003));
#5418=CARTESIAN_POINT('',(267.,-558.5,510.000000000003));
#5419=CARTESIAN_POINT('Origin',(455.,-568.5,510.000000000003));
#5420=CARTESIAN_POINT('',(160.,-568.5,510.000000000003));
#5421=CARTESIAN_POINT('',(160.,-568.5,510.000000000003));
#5422=CARTESIAN_POINT('',(160.,-568.5,508.500000000003));
#5423=CARTESIAN_POINT('',(160.,-568.5,510.000000000003));
#5424=CARTESIAN_POINT('',(160.,-568.5,508.500000000003));
#5425=CARTESIAN_POINT('Origin',(307.5,-283.303539967062,510.000000000001));
#5426=CARTESIAN_POINT('',(267.,-408.5,510.000000000002));
#5427=CARTESIAN_POINT('',(267.,-425.901769983531,510.000000000002));
#5428=CARTESIAN_POINT('',(377.,-408.5,510.000000000002));
#5429=CARTESIAN_POINT('Origin',(322.,-408.5,510.000000000002));
#5430=CARTESIAN_POINT('',(377.,-558.5,510.000000000003));
#5431=CARTESIAN_POINT('',(377.,-345.901769983531,510.000000000002));
#5432=CARTESIAN_POINT('',(387.,-568.5,510.000000000003));
#5433=CARTESIAN_POINT('Origin',(387.,-558.5,510.000000000003));
#5434=CARTESIAN_POINT('',(455.,-568.5,510.000000000003));
#5435=CARTESIAN_POINT('',(160.,-568.5,510.000000000003));
#5436=CARTESIAN_POINT('',(455.,-1.49999999999999,510.));
#5437=CARTESIAN_POINT('',(455.,5.28584013175383,510.));
#5438=CARTESIAN_POINT('',(160.,-1.49999999999999,510.));
#5439=CARTESIAN_POINT('',(307.5,-1.50000000000006,510.));
#5440=CARTESIAN_POINT('',(160.,5.28584013175383,510.));
#5441=CARTESIAN_POINT('Origin',(387.,-558.5,510.000000000003));
#5442=CARTESIAN_POINT('',(377.,-558.5,508.500000000003));
#5443=CARTESIAN_POINT('',(387.,-568.5,508.500000000003));
#5444=CARTESIAN_POINT('Origin',(387.,-558.5,508.500000000003));
#5445=CARTESIAN_POINT('',(387.,-568.5,510.000000000003));
#5446=CARTESIAN_POINT('',(377.,-558.5,510.000000000003));
#5447=CARTESIAN_POINT('Origin',(455.,-568.5,510.000000000003));
#5448=CARTESIAN_POINT('',(455.,-568.5,508.500000000003));
#5449=CARTESIAN_POINT('',(160.,-568.5,508.500000000003));
#5450=CARTESIAN_POINT('',(455.,-568.5,510.000000000003));
#5451=CARTESIAN_POINT('Origin',(208.,-558.5,-1.18646894931198E-16));
#5452=CARTESIAN_POINT('',(198.,-558.5,1.49999999999997));
#5453=CARTESIAN_POINT('Origin',(208.,-558.5,1.49999999999997));
#5454=CARTESIAN_POINT('',(198.,-558.5,-1.18646894931198E-16));
#5455=CARTESIAN_POINT('Origin',(163.,-558.5,-1.15303592937008E-14));
#5456=CARTESIAN_POINT('',(173.,-558.5,1.49999999999997));
#5457=CARTESIAN_POINT('Origin',(163.,-558.5,1.49999999999997));
#5458=CARTESIAN_POINT('',(173.,-558.5,-1.15303592937008E-14));
#5459=CARTESIAN_POINT('Origin',(465.,1.5,50.));
#5460=CARTESIAN_POINT('',(490.,1.5,50.));
#5461=CARTESIAN_POINT('Origin',(465.,1.5,50.));
#5462=CARTESIAN_POINT('',(490.,1.5,50.));
#5463=CARTESIAN_POINT('Origin',(198.,-568.5,3.29549731743701E-14));
#5464=CARTESIAN_POINT('',(198.,-413.5,1.49999999999998));
#5465=CARTESIAN_POINT('',(198.,-425.901769983531,1.49999999999997));
#5466=CARTESIAN_POINT('',(198.,-413.5,1.96225610702229E-14));
#5467=CARTESIAN_POINT('Origin',(173.,-413.5,1.96225610702229E-14));
#5468=CARTESIAN_POINT('',(173.,-413.5,1.49999999999998));
#5469=CARTESIAN_POINT('',(173.,-413.5,1.96225610702229E-14));
#5470=CARTESIAN_POINT('',(173.,-348.401769983531,1.49999999999998));
#5471=CARTESIAN_POINT('Origin',(185.5,-413.5,1.96225610702229E-14));
#5472=CARTESIAN_POINT('Origin',(185.5,-413.5,1.49999999999998));
#5473=CARTESIAN_POINT('Origin',(464.999999999973,-518.5,2.86541950762581E-14));
#5474=CARTESIAN_POINT('',(489.999999999973,-518.5,1.49999999999998));
#5475=CARTESIAN_POINT('',(489.999999999973,-518.5,2.86541950762581E-14));
#5476=CARTESIAN_POINT('Origin',(464.999999999973,-518.5,1.49999999999998));
#5477=CARTESIAN_POINT('Origin',(267.,-568.5,510.000000000003));
#5478=CARTESIAN_POINT('',(267.,-408.5,508.500000000002));
#5479=CARTESIAN_POINT('',(267.,-425.901769983531,508.500000000002));
#5480=CARTESIAN_POINT('',(267.,-408.5,510.000000000002));
#5481=CARTESIAN_POINT('Origin',(377.,-408.5,510.000000000002));
#5482=CARTESIAN_POINT('',(377.,-408.5,508.500000000002));
#5483=CARTESIAN_POINT('',(377.,-408.5,510.000000000002));
#5484=CARTESIAN_POINT('',(377.,-345.901769983531,508.500000000002));
#5485=CARTESIAN_POINT('Origin',(322.,-408.5,510.000000000002));
#5486=CARTESIAN_POINT('Origin',(322.,-408.5,508.500000000002));
#5487=CARTESIAN_POINT('Origin',(307.5,-1.5,2.99999999999997));
#5488=CARTESIAN_POINT('',(615.,-1.5,1.5));
#5489=CARTESIAN_POINT('',(1.92192252674284E-32,-1.5,1.5));
#5490=CARTESIAN_POINT('',(307.5,-1.50000000000001,1.5));
#5491=CARTESIAN_POINT('Origin',(615.,-1.5,2.99999999999997));
#5492=CARTESIAN_POINT('Origin',(0.,-1.5,2.99999999999997));
#5493=CARTESIAN_POINT('Origin',(2.37287197713594E-32,1.89292006587693,5.55111512312578E-16));
#5494=CARTESIAN_POINT('',(1.92192252674284E-32,5.28584013175386,1.5));
#5495=CARTESIAN_POINT('',(2.06558879112604E-33,-1.5,0.42));
#5496=CARTESIAN_POINT('Origin',(615.,-1.5,0.));
#5497=CARTESIAN_POINT('',(615.,-1.49999999999998,0.42));
#5498=CARTESIAN_POINT('Origin',(615.,-1.5,2.99999999999997));
#5499=CARTESIAN_POINT('Origin',(0.,-1.5,1.5));
#5500=CARTESIAN_POINT('Origin',(0.,-1.5,2.99999999999997));
#5501=CARTESIAN_POINT('Origin',(615.,-568.5,-3.44169137633799E-14));
#5502=CARTESIAN_POINT('',(615.,-1.5,1.5));
#5503=CARTESIAN_POINT('Origin',(307.5,-1.5,2.99999999999997));
#5504=CARTESIAN_POINT('',(461.25,1.5,2.99999999999997));
#5505=CARTESIAN_POINT('Origin',(307.5,-283.303539967061,1.49999999999998));
#5506=CARTESIAN_POINT('Origin',(307.5,-1.5,507.));
#5507=CARTESIAN_POINT('',(160.,-1.49999999999999,508.5));
#5508=CARTESIAN_POINT('',(455.,-1.49999999999999,508.5));
#5509=CARTESIAN_POINT('',(307.5,-1.50000000000006,508.5));
#5510=CARTESIAN_POINT('Origin',(160.,-1.5,507.));
#5511=CARTESIAN_POINT('Origin',(455.,-1.5,507.));
#5512=CARTESIAN_POINT('Origin',(455.,1.89292006587692,510.));
#5513=CARTESIAN_POINT('',(455.,-1.50000000000006,509.58));
#5514=CARTESIAN_POINT('',(455.,5.28584013175383,508.5));
#5515=CARTESIAN_POINT('Origin',(160.,-1.49999999999998,510.));
#5516=CARTESIAN_POINT('',(160.,-1.49999999999991,509.58));
#5517=CARTESIAN_POINT('',(160.,1.5,507.));
#5518=CARTESIAN_POINT('Origin',(160.,-1.5,507.));
#5519=CARTESIAN_POINT('',(160.,0.75,507.));
#5520=CARTESIAN_POINT('Origin',(455.,-1.49999999999999,508.5));
#5521=CARTESIAN_POINT('',(455.,1.5,507.));
#5522=CARTESIAN_POINT('',(455.,0.75,507.));
#5523=CARTESIAN_POINT('Origin',(455.,-1.5,507.));
#5524=CARTESIAN_POINT('Origin',(160.,-568.5,510.000000000003));
#5525=CARTESIAN_POINT('',(160.,-1.49999999999999,508.5));
#5526=CARTESIAN_POINT('Origin',(307.5,-1.5,507.));
#5527=CARTESIAN_POINT('',(233.75,1.5,507.));
#5528=CARTESIAN_POINT('Origin',(307.5,-283.303539967062,508.500000000001));
#5529=CARTESIAN_POINT('Origin',(455.,0.,510.));
#5530=CARTESIAN_POINT('',(455.,1.5,430.));
#5531=CARTESIAN_POINT('',(455.,0.,430.));
#5532=CARTESIAN_POINT('',(455.,1.5,510.));
#5533=CARTESIAN_POINT('Origin',(160.,0.,430.));
#5534=CARTESIAN_POINT('',(160.,1.5,430.));
#5535=CARTESIAN_POINT('',(160.,1.5,510.));
#5536=CARTESIAN_POINT('',(160.,0.,430.));
#5537=CARTESIAN_POINT('Origin',(0.,0.,430.));
#5538=CARTESIAN_POINT('',(160.,1.5,430.));
#5539=CARTESIAN_POINT('Origin',(455.,0.,430.));
#5540=CARTESIAN_POINT('',(455.,1.5,430.));
#5541=CARTESIAN_POINT('Origin',(307.5,1.5,255.));
#5542=UNCERTAINTY_MEASURE_WITH_UNIT(LENGTH_MEASURE(0.01),#5546,
'DISTANCE_ACCURACY_VALUE',
'Maximum model space distance between geometric entities at asserted c
onnectivities');
#5543=UNCERTAINTY_MEASURE_WITH_UNIT(LENGTH_MEASURE(0.01),#5546,
'DISTANCE_ACCURACY_VALUE',
'Maximum model space distance between geometric entities at asserted c
onnectivities');
#5544=(
GEOMETRIC_REPRESENTATION_CONTEXT(3)
GLOBAL_UNCERTAINTY_ASSIGNED_CONTEXT((#5542))
GLOBAL_UNIT_ASSIGNED_CONTEXT((#5546,#5548,#5549))
REPRESENTATION_CONTEXT('','3D')
);
#5545=(
GEOMETRIC_REPRESENTATION_CONTEXT(3)
GLOBAL_UNCERTAINTY_ASSIGNED_CONTEXT((#5543))
GLOBAL_UNIT_ASSIGNED_CONTEXT((#5546,#5548,#5549))
REPRESENTATION_CONTEXT('','3D')
);
#5546=(
LENGTH_UNIT()
NAMED_UNIT(*)
SI_UNIT(.MILLI.,.METRE.)
);
#5547=(
LENGTH_UNIT()
NAMED_UNIT(*)
SI_UNIT($,.METRE.)
);
#5548=(
NAMED_UNIT(*)
PLANE_ANGLE_UNIT()
SI_UNIT($,.RADIAN.)
);
#5549=(
NAMED_UNIT(*)
SI_UNIT($,.STERADIAN.)
SOLID_ANGLE_UNIT()
);
#5550=SHAPE_DEFINITION_REPRESENTATION(#5551,#5552);
#5551=PRODUCT_DEFINITION_SHAPE('',$,#5554);
#5552=SHAPE_REPRESENTATION('',(#3282),#5544);
#5553=PRODUCT_DEFINITION_CONTEXT('part definition',#5558,'design');
#5554=PRODUCT_DEFINITION('baking lid mid section',
'baking lid mid section v32',#5555,#5553);
#5555=PRODUCT_DEFINITION_FORMATION('',$,#5560);
#5556=PRODUCT_RELATED_PRODUCT_CATEGORY('baking lid mid section v32',
'baking lid mid section v32',(#5560));
#5557=APPLICATION_PROTOCOL_DEFINITION('international standard',
'automotive_design',2009,#5558);
#5558=APPLICATION_CONTEXT(
'Core Data for Automotive Mechanical Design Process');
#5559=PRODUCT_CONTEXT('part definition',#5558,'mechanical');
#5560=PRODUCT('baking lid mid section','baking lid mid section v32',$,(#5559));
#5561=PRESENTATION_STYLE_ASSIGNMENT((#5562));
#5562=SURFACE_STYLE_USAGE(.BOTH.,#5563);
#5563=SURFACE_SIDE_STYLE('',(#5564));
#5564=SURFACE_STYLE_FILL_AREA(#5565);
#5565=FILL_AREA_STYLE('Stainless Steel - Satin',(#5566));
#5566=FILL_AREA_STYLE_COLOUR('Stainless Steel - Satin',#5567);
#5567=COLOUR_RGB('Stainless Steel - Satin',0.796078431372549,0.796078431372549,
0.796078431372549);
ENDSEC;
END-ISO-10303-21;
