ISO-10303-21;
HEADER;
/* Generated by software containing ST-Developer
 * from STEP Tools, Inc. (www.steptools.com) 
 */

FILE_DESCRIPTION(
/* description */ (''),
/* implementation_level */ '2;1');

FILE_NAME(
/* name */ 'D1000 NEG Flange v7.step',
/* time_stamp */ '2024-06-14T13:23:10+02:00',
/* author */ (''),
/* organization */ (''),
/* preprocessor_version */ 'ST-DEVELOPER v20',
/* originating_system */ 'Autodesk Translation Framework v13.14.0.145',

/* authorisation */ '');

FILE_SCHEMA (('AUTOMOTIVE_DESIGN { 1 0 10303 214 3 1 1 }'));
ENDSEC;

DATA;
#10=MECHANICAL_DESIGN_GEOMETRIC_PRESENTATION_REPRESENTATION('',(#29,#30,
#31),#5543);
#11=ITEM_DEFINED_TRANSFORMATION($,$,#3153,#3585);
#12=ITEM_DEFINED_TRANSFORMATION($,$,#3359,#3586);
#13=ITEM_DEFINED_TRANSFORMATION($,$,#3472,#3587);
#14=(
REPRESENTATION_RELATIONSHIP($,$,#5560,#5559)
REPRESENTATION_RELATIONSHIP_WITH_TRANSFORMATION(#11)
SHAPE_REPRESENTATION_RELATIONSHIP()
);
#15=(
REPRESENTATION_RELATIONSHIP($,$,#5561,#5559)
REPRESENTATION_RELATIONSHIP_WITH_TRANSFORMATION(#12)
SHAPE_REPRESENTATION_RELATIONSHIP()
);
#16=(
REPRESENTATION_RELATIONSHIP($,$,#5562,#5559)
REPRESENTATION_RELATIONSHIP_WITH_TRANSFORMATION(#13)
SHAPE_REPRESENTATION_RELATIONSHIP()
);
#17=CONTEXT_DEPENDENT_SHAPE_REPRESENTATION(#14,#5556);
#18=CONTEXT_DEPENDENT_SHAPE_REPRESENTATION(#15,#5557);
#19=CONTEXT_DEPENDENT_SHAPE_REPRESENTATION(#16,#5558);
#20=NEXT_ASSEMBLY_USAGE_OCCURRENCE('Hositrad_CF200-B v1:1',
'Hositrad_CF200-B v1:1','Hositrad_CF200-B v1:1',#5564,#5565,
'Hositrad_CF200-B v1:1');
#21=NEXT_ASSEMBLY_USAGE_OCCURRENCE('Hositrad_CF63-70-Weldflange v1:1',
'Hositrad_CF63-70-Weldflange v1:1','Hositrad_CF63-70-Weldflange v1:1',#5564,
#5566,'Hositrad_CF63-70-Weldflange v1:1');
#22=NEXT_ASSEMBLY_USAGE_OCCURRENCE(
'Hositrad_CF63-70-Weldflange v1 (1):2',
'Hositrad_CF63-70-Weldflange v1 (1):2',
'Hositrad_CF63-70-Weldflange v1 (1):2',#5564,#5567,
'Hositrad_CF63-70-Weldflange v1 (1):2');
#23=SHAPE_REPRESENTATION_RELATIONSHIP('SRR','None',#5560,#26);
#24=SHAPE_REPRESENTATION_RELATIONSHIP('SRR','None',#5561,#27);
#25=SHAPE_REPRESENTATION_RELATIONSHIP('SRR','None',#5562,#28);
#26=ADVANCED_BREP_SHAPE_REPRESENTATION('',(#32),#5540);
#27=ADVANCED_BREP_SHAPE_REPRESENTATION('',(#33),#5541);
#28=ADVANCED_BREP_SHAPE_REPRESENTATION('',(#34),#5542);
#29=STYLED_ITEM('',(#5584),#32);
#30=STYLED_ITEM('',(#5584),#33);
#31=STYLED_ITEM('',(#5584),#34);
#32=MANIFOLD_SOLID_BREP('Body1',#3115);
#33=MANIFOLD_SOLID_BREP('Body1',#3116);
#34=MANIFOLD_SOLID_BREP('Body1',#3117);
#35=CONICAL_SURFACE('',#3168,126.2,0.785398163397483);
#36=CONICAL_SURFACE('',#3172,126.6,0.785398163397414);
#37=CONICAL_SURFACE('',#3175,4.49999999999989,0.785398163397464);
#38=CONICAL_SURFACE('',#3179,4.2,0.785398163397385);
#39=CONICAL_SURFACE('',#3182,4.49999999999992,0.785398163397513);
#40=CONICAL_SURFACE('',#3186,4.2,0.785398163397427);
#41=CONICAL_SURFACE('',#3189,4.49999999999981,0.785398163397434);
#42=CONICAL_SURFACE('',#3193,4.2,0.785398163397568);
#43=CONICAL_SURFACE('',#3196,4.49999999999982,0.785398163397445);
#44=CONICAL_SURFACE('',#3200,4.2,0.78539816339744);
#45=CONICAL_SURFACE('',#3203,4.49999999999984,0.785398163397427);
#46=CONICAL_SURFACE('',#3207,4.2,0.785398163397405);
#47=CONICAL_SURFACE('',#3210,4.49999999999974,0.785398163397453);
#48=CONICAL_SURFACE('',#3214,4.2,0.785398163397405);
#49=CONICAL_SURFACE('',#3217,4.4999999999998,0.785398163397412);
#50=CONICAL_SURFACE('',#3221,4.2,0.785398163397427);
#51=CONICAL_SURFACE('',#3224,4.49999999999992,0.785398163397513);
#52=CONICAL_SURFACE('',#3228,4.2,0.785398163397427);
#53=CONICAL_SURFACE('',#3231,4.49999999999991,0.785398163397453);
#54=CONICAL_SURFACE('',#3235,4.2,0.785398163397406);
#55=CONICAL_SURFACE('',#3238,4.49999999999992,0.785398163397513);
#56=CONICAL_SURFACE('',#3242,4.2,0.785398163397427);
#57=CONICAL_SURFACE('',#3245,4.49999999999998,0.785398163397411);
#58=CONICAL_SURFACE('',#3249,4.2,0.785398163397476);
#59=CONICAL_SURFACE('',#3252,4.49999999999984,0.785398163397422);
#60=CONICAL_SURFACE('',#3256,4.2,0.785398163397437);
#61=CONICAL_SURFACE('',#3259,4.49999999999977,0.78539816339745);
#62=CONICAL_SURFACE('',#3263,4.2,0.78539816339747);
#63=CONICAL_SURFACE('',#3266,4.49999999999981,0.785398163397471);
#64=CONICAL_SURFACE('',#3270,4.2,0.785398163397444);
#65=CONICAL_SURFACE('',#3273,4.49999999999981,0.785398163397425);
#66=CONICAL_SURFACE('',#3277,4.2,0.785398163397425);
#67=CONICAL_SURFACE('',#3280,4.49999999999992,0.785398163397513);
#68=CONICAL_SURFACE('',#3284,4.2,0.785398163397427);
#69=CONICAL_SURFACE('',#3287,4.49999999999982,0.78539816339748);
#70=CONICAL_SURFACE('',#3291,4.2,0.785398163397458);
#71=CONICAL_SURFACE('',#3294,4.49999999999982,0.785398163397428);
#72=CONICAL_SURFACE('',#3298,4.2,0.785398163397444);
#73=CONICAL_SURFACE('',#3301,4.49999999999988,0.785398163397409);
#74=CONICAL_SURFACE('',#3305,4.2,0.785398163397399);
#75=CONICAL_SURFACE('',#3308,4.49999999999981,0.785398163397428);
#76=CONICAL_SURFACE('',#3312,4.2,0.785398163397427);
#77=CONICAL_SURFACE('',#3347,108.23161785944,0.349065850398865);
#78=CONICAL_SURFACE('',#3351,108.45,1.22173047639603);
#79=CONICAL_SURFACE('',#3360,4.59999999999998,0.785398163397469);
#80=CONICAL_SURFACE('',#3364,4.2,0.785398163397452);
#81=CONICAL_SURFACE('',#3367,4.60000000000003,0.785398163397431);
#82=CONICAL_SURFACE('',#3371,4.2,0.785398163397448);
#83=CONICAL_SURFACE('',#3374,4.60000000000001,0.785398163397454);
#84=CONICAL_SURFACE('',#3378,4.2,0.785398163397436);
#85=CONICAL_SURFACE('',#3381,4.60000000000003,0.785398163397431);
#86=CONICAL_SURFACE('',#3385,4.2,0.785398163397448);
#87=CONICAL_SURFACE('',#3388,4.59999999999999,0.785398163397475);
#88=CONICAL_SURFACE('',#3392,4.2,0.785398163397458);
#89=CONICAL_SURFACE('',#3395,4.60000000000003,0.785398163397431);
#90=CONICAL_SURFACE('',#3399,4.2,0.785398163397448);
#91=CONICAL_SURFACE('',#3402,4.60000000000001,0.785398163397464);
#92=CONICAL_SURFACE('',#3406,4.2,0.785398163397464);
#93=CONICAL_SURFACE('',#3409,4.60000000000003,0.785398163397431);
#94=CONICAL_SURFACE('',#3413,4.2,0.785398163397448);
#95=CONICAL_SURFACE('',#3416,34.,0.785398163397435);
#96=CONICAL_SURFACE('',#3420,35.15,0.785398163397455);
#97=CONICAL_SURFACE('',#3423,56.25,0.785398163397428);
#98=CONICAL_SURFACE('',#3427,56.75,0.785398163397462);
#99=CONICAL_SURFACE('',#3442,38.3816178594403,0.349065850398874);
#100=CONICAL_SURFACE('',#3446,38.6,1.22173047639603);
#101=CONICAL_SURFACE('',#3461,56.75,0.785398163397462);
#102=CONICAL_SURFACE('',#3473,4.59999999999998,0.785398163397469);
#103=CONICAL_SURFACE('',#3477,4.2,0.785398163397452);
#104=CONICAL_SURFACE('',#3480,4.60000000000003,0.785398163397431);
#105=CONICAL_SURFACE('',#3484,4.2,0.785398163397448);
#106=CONICAL_SURFACE('',#3487,4.60000000000001,0.785398163397454);
#107=CONICAL_SURFACE('',#3491,4.2,0.785398163397436);
#108=CONICAL_SURFACE('',#3494,4.60000000000003,0.785398163397431);
#109=CONICAL_SURFACE('',#3498,4.2,0.785398163397448);
#110=CONICAL_SURFACE('',#3501,4.59999999999999,0.785398163397475);
#111=CONICAL_SURFACE('',#3505,4.2,0.785398163397458);
#112=CONICAL_SURFACE('',#3508,4.60000000000003,0.785398163397431);
#113=CONICAL_SURFACE('',#3512,4.2,0.785398163397448);
#114=CONICAL_SURFACE('',#3515,4.60000000000001,0.785398163397464);
#115=CONICAL_SURFACE('',#3519,4.2,0.785398163397464);
#116=CONICAL_SURFACE('',#3522,4.60000000000003,0.785398163397431);
#117=CONICAL_SURFACE('',#3526,4.2,0.785398163397448);
#118=CONICAL_SURFACE('',#3529,34.,0.785398163397435);
#119=CONICAL_SURFACE('',#3533,35.15,0.785398163397455);
#120=CONICAL_SURFACE('',#3536,56.25,0.785398163397428);
#121=CONICAL_SURFACE('',#3540,56.75,0.785398163397462);
#122=CONICAL_SURFACE('',#3555,38.3816178594403,0.349065850398874);
#123=CONICAL_SURFACE('',#3559,38.6,1.22173047639603);
#124=CONICAL_SURFACE('',#3574,56.75,0.785398163397462);
#125=FACE_BOUND('',#418,.T.);
#126=FACE_BOUND('',#421,.T.);
#127=FACE_BOUND('',#495,.T.);
#128=FACE_BOUND('',#496,.T.);
#129=FACE_BOUND('',#497,.T.);
#130=FACE_BOUND('',#498,.T.);
#131=FACE_BOUND('',#499,.T.);
#132=FACE_BOUND('',#500,.T.);
#133=FACE_BOUND('',#501,.T.);
#134=FACE_BOUND('',#502,.T.);
#135=FACE_BOUND('',#503,.T.);
#136=FACE_BOUND('',#504,.T.);
#137=FACE_BOUND('',#505,.T.);
#138=FACE_BOUND('',#506,.T.);
#139=FACE_BOUND('',#507,.T.);
#140=FACE_BOUND('',#508,.T.);
#141=FACE_BOUND('',#509,.T.);
#142=FACE_BOUND('',#510,.T.);
#143=FACE_BOUND('',#511,.T.);
#144=FACE_BOUND('',#512,.T.);
#145=FACE_BOUND('',#513,.T.);
#146=FACE_BOUND('',#514,.T.);
#147=FACE_BOUND('',#515,.T.);
#148=FACE_BOUND('',#516,.T.);
#149=FACE_BOUND('',#517,.T.);
#150=FACE_BOUND('',#518,.T.);
#151=FACE_BOUND('',#519,.T.);
#152=FACE_BOUND('',#520,.T.);
#153=FACE_BOUND('',#522,.T.);
#154=FACE_BOUND('',#523,.T.);
#155=FACE_BOUND('',#524,.T.);
#156=FACE_BOUND('',#525,.T.);
#157=FACE_BOUND('',#526,.T.);
#158=FACE_BOUND('',#527,.T.);
#159=FACE_BOUND('',#528,.T.);
#160=FACE_BOUND('',#529,.T.);
#161=FACE_BOUND('',#530,.T.);
#162=FACE_BOUND('',#531,.T.);
#163=FACE_BOUND('',#532,.T.);
#164=FACE_BOUND('',#533,.T.);
#165=FACE_BOUND('',#534,.T.);
#166=FACE_BOUND('',#535,.T.);
#167=FACE_BOUND('',#536,.T.);
#168=FACE_BOUND('',#537,.T.);
#169=FACE_BOUND('',#538,.T.);
#170=FACE_BOUND('',#539,.T.);
#171=FACE_BOUND('',#540,.T.);
#172=FACE_BOUND('',#541,.T.);
#173=FACE_BOUND('',#542,.T.);
#174=FACE_BOUND('',#543,.T.);
#175=FACE_BOUND('',#544,.T.);
#176=FACE_BOUND('',#545,.T.);
#177=FACE_BOUND('',#546,.T.);
#178=FACE_BOUND('',#548,.T.);
#179=FACE_BOUND('',#549,.T.);
#180=FACE_BOUND('',#585,.T.);
#181=FACE_BOUND('',#586,.T.);
#182=FACE_BOUND('',#587,.T.);
#183=FACE_BOUND('',#588,.T.);
#184=FACE_BOUND('',#591,.T.);
#185=FACE_BOUND('',#592,.T.);
#186=FACE_BOUND('',#593,.T.);
#187=FACE_BOUND('',#594,.T.);
#188=FACE_BOUND('',#596,.T.);
#189=FACE_BOUND('',#598,.T.);
#190=FACE_BOUND('',#600,.T.);
#191=FACE_BOUND('',#601,.T.);
#192=FACE_BOUND('',#602,.T.);
#193=FACE_BOUND('',#603,.T.);
#194=FACE_BOUND('',#604,.T.);
#195=FACE_BOUND('',#605,.T.);
#196=FACE_BOUND('',#606,.T.);
#197=FACE_BOUND('',#607,.T.);
#198=FACE_BOUND('',#608,.T.);
#199=FACE_BOUND('',#650,.T.);
#200=FACE_BOUND('',#651,.T.);
#201=FACE_BOUND('',#652,.T.);
#202=FACE_BOUND('',#653,.T.);
#203=FACE_BOUND('',#656,.T.);
#204=FACE_BOUND('',#657,.T.);
#205=FACE_BOUND('',#658,.T.);
#206=FACE_BOUND('',#659,.T.);
#207=FACE_BOUND('',#661,.T.);
#208=FACE_BOUND('',#663,.T.);
#209=FACE_BOUND('',#665,.T.);
#210=FACE_BOUND('',#666,.T.);
#211=FACE_BOUND('',#667,.T.);
#212=FACE_BOUND('',#668,.T.);
#213=FACE_BOUND('',#669,.T.);
#214=FACE_BOUND('',#670,.T.);
#215=FACE_BOUND('',#671,.T.);
#216=FACE_BOUND('',#672,.T.);
#217=FACE_BOUND('',#673,.T.);
#218=PLANE('',#3157);
#219=PLANE('',#3162);
#220=PLANE('',#3356);
#221=PLANE('',#3357);
#222=PLANE('',#3358);
#223=PLANE('',#3459);
#224=PLANE('',#3462);
#225=PLANE('',#3463);
#226=PLANE('',#3464);
#227=PLANE('',#3465);
#228=PLANE('',#3466);
#229=PLANE('',#3467);
#230=PLANE('',#3468);
#231=PLANE('',#3469);
#232=PLANE('',#3470);
#233=PLANE('',#3471);
#234=PLANE('',#3572);
#235=PLANE('',#3575);
#236=PLANE('',#3576);
#237=PLANE('',#3577);
#238=PLANE('',#3578);
#239=PLANE('',#3579);
#240=PLANE('',#3580);
#241=PLANE('',#3581);
#242=PLANE('',#3582);
#243=PLANE('',#3583);
#244=PLANE('',#3584);
#245=FACE_OUTER_BOUND('',#416,.T.);
#246=FACE_OUTER_BOUND('',#417,.T.);
#247=FACE_OUTER_BOUND('',#419,.T.);
#248=FACE_OUTER_BOUND('',#420,.T.);
#249=FACE_OUTER_BOUND('',#422,.T.);
#250=FACE_OUTER_BOUND('',#423,.T.);
#251=FACE_OUTER_BOUND('',#424,.T.);
#252=FACE_OUTER_BOUND('',#425,.T.);
#253=FACE_OUTER_BOUND('',#426,.T.);
#254=FACE_OUTER_BOUND('',#427,.T.);
#255=FACE_OUTER_BOUND('',#428,.T.);
#256=FACE_OUTER_BOUND('',#429,.T.);
#257=FACE_OUTER_BOUND('',#430,.T.);
#258=FACE_OUTER_BOUND('',#431,.T.);
#259=FACE_OUTER_BOUND('',#432,.T.);
#260=FACE_OUTER_BOUND('',#433,.T.);
#261=FACE_OUTER_BOUND('',#434,.T.);
#262=FACE_OUTER_BOUND('',#435,.T.);
#263=FACE_OUTER_BOUND('',#436,.T.);
#264=FACE_OUTER_BOUND('',#437,.T.);
#265=FACE_OUTER_BOUND('',#438,.T.);
#266=FACE_OUTER_BOUND('',#439,.T.);
#267=FACE_OUTER_BOUND('',#440,.T.);
#268=FACE_OUTER_BOUND('',#441,.T.);
#269=FACE_OUTER_BOUND('',#442,.T.);
#270=FACE_OUTER_BOUND('',#443,.T.);
#271=FACE_OUTER_BOUND('',#444,.T.);
#272=FACE_OUTER_BOUND('',#445,.T.);
#273=FACE_OUTER_BOUND('',#446,.T.);
#274=FACE_OUTER_BOUND('',#447,.T.);
#275=FACE_OUTER_BOUND('',#448,.T.);
#276=FACE_OUTER_BOUND('',#449,.T.);
#277=FACE_OUTER_BOUND('',#450,.T.);
#278=FACE_OUTER_BOUND('',#451,.T.);
#279=FACE_OUTER_BOUND('',#452,.T.);
#280=FACE_OUTER_BOUND('',#453,.T.);
#281=FACE_OUTER_BOUND('',#454,.T.);
#282=FACE_OUTER_BOUND('',#455,.T.);
#283=FACE_OUTER_BOUND('',#456,.T.);
#284=FACE_OUTER_BOUND('',#457,.T.);
#285=FACE_OUTER_BOUND('',#458,.T.);
#286=FACE_OUTER_BOUND('',#459,.T.);
#287=FACE_OUTER_BOUND('',#460,.T.);
#288=FACE_OUTER_BOUND('',#461,.T.);
#289=FACE_OUTER_BOUND('',#462,.T.);
#290=FACE_OUTER_BOUND('',#463,.T.);
#291=FACE_OUTER_BOUND('',#464,.T.);
#292=FACE_OUTER_BOUND('',#465,.T.);
#293=FACE_OUTER_BOUND('',#466,.T.);
#294=FACE_OUTER_BOUND('',#467,.T.);
#295=FACE_OUTER_BOUND('',#468,.T.);
#296=FACE_OUTER_BOUND('',#469,.T.);
#297=FACE_OUTER_BOUND('',#470,.T.);
#298=FACE_OUTER_BOUND('',#471,.T.);
#299=FACE_OUTER_BOUND('',#472,.T.);
#300=FACE_OUTER_BOUND('',#473,.T.);
#301=FACE_OUTER_BOUND('',#474,.T.);
#302=FACE_OUTER_BOUND('',#475,.T.);
#303=FACE_OUTER_BOUND('',#476,.T.);
#304=FACE_OUTER_BOUND('',#477,.T.);
#305=FACE_OUTER_BOUND('',#478,.T.);
#306=FACE_OUTER_BOUND('',#479,.T.);
#307=FACE_OUTER_BOUND('',#480,.T.);
#308=FACE_OUTER_BOUND('',#481,.T.);
#309=FACE_OUTER_BOUND('',#482,.T.);
#310=FACE_OUTER_BOUND('',#483,.T.);
#311=FACE_OUTER_BOUND('',#484,.T.);
#312=FACE_OUTER_BOUND('',#485,.T.);
#313=FACE_OUTER_BOUND('',#486,.T.);
#314=FACE_OUTER_BOUND('',#487,.T.);
#315=FACE_OUTER_BOUND('',#488,.T.);
#316=FACE_OUTER_BOUND('',#489,.T.);
#317=FACE_OUTER_BOUND('',#490,.T.);
#318=FACE_OUTER_BOUND('',#491,.T.);
#319=FACE_OUTER_BOUND('',#492,.T.);
#320=FACE_OUTER_BOUND('',#493,.T.);
#321=FACE_OUTER_BOUND('',#494,.T.);
#322=FACE_OUTER_BOUND('',#521,.T.);
#323=FACE_OUTER_BOUND('',#547,.T.);
#324=FACE_OUTER_BOUND('',#550,.T.);
#325=FACE_OUTER_BOUND('',#551,.T.);
#326=FACE_OUTER_BOUND('',#552,.T.);
#327=FACE_OUTER_BOUND('',#553,.T.);
#328=FACE_OUTER_BOUND('',#554,.T.);
#329=FACE_OUTER_BOUND('',#555,.T.);
#330=FACE_OUTER_BOUND('',#556,.T.);
#331=FACE_OUTER_BOUND('',#557,.T.);
#332=FACE_OUTER_BOUND('',#558,.T.);
#333=FACE_OUTER_BOUND('',#559,.T.);
#334=FACE_OUTER_BOUND('',#560,.T.);
#335=FACE_OUTER_BOUND('',#561,.T.);
#336=FACE_OUTER_BOUND('',#562,.T.);
#337=FACE_OUTER_BOUND('',#563,.T.);
#338=FACE_OUTER_BOUND('',#564,.T.);
#339=FACE_OUTER_BOUND('',#565,.T.);
#340=FACE_OUTER_BOUND('',#566,.T.);
#341=FACE_OUTER_BOUND('',#567,.T.);
#342=FACE_OUTER_BOUND('',#568,.T.);
#343=FACE_OUTER_BOUND('',#569,.T.);
#344=FACE_OUTER_BOUND('',#570,.T.);
#345=FACE_OUTER_BOUND('',#571,.T.);
#346=FACE_OUTER_BOUND('',#572,.T.);
#347=FACE_OUTER_BOUND('',#573,.T.);
#348=FACE_OUTER_BOUND('',#574,.T.);
#349=FACE_OUTER_BOUND('',#575,.T.);
#350=FACE_OUTER_BOUND('',#576,.T.);
#351=FACE_OUTER_BOUND('',#577,.T.);
#352=FACE_OUTER_BOUND('',#578,.T.);
#353=FACE_OUTER_BOUND('',#579,.T.);
#354=FACE_OUTER_BOUND('',#580,.T.);
#355=FACE_OUTER_BOUND('',#581,.T.);
#356=FACE_OUTER_BOUND('',#582,.T.);
#357=FACE_OUTER_BOUND('',#583,.T.);
#358=FACE_OUTER_BOUND('',#584,.T.);
#359=FACE_OUTER_BOUND('',#589,.T.);
#360=FACE_OUTER_BOUND('',#590,.T.);
#361=FACE_OUTER_BOUND('',#595,.T.);
#362=FACE_OUTER_BOUND('',#597,.T.);
#363=FACE_OUTER_BOUND('',#599,.T.);
#364=FACE_OUTER_BOUND('',#609,.T.);
#365=FACE_OUTER_BOUND('',#610,.T.);
#366=FACE_OUTER_BOUND('',#611,.T.);
#367=FACE_OUTER_BOUND('',#612,.T.);
#368=FACE_OUTER_BOUND('',#613,.T.);
#369=FACE_OUTER_BOUND('',#614,.T.);
#370=FACE_OUTER_BOUND('',#615,.T.);
#371=FACE_OUTER_BOUND('',#616,.T.);
#372=FACE_OUTER_BOUND('',#617,.T.);
#373=FACE_OUTER_BOUND('',#618,.T.);
#374=FACE_OUTER_BOUND('',#619,.T.);
#375=FACE_OUTER_BOUND('',#620,.T.);
#376=FACE_OUTER_BOUND('',#621,.T.);
#377=FACE_OUTER_BOUND('',#622,.T.);
#378=FACE_OUTER_BOUND('',#623,.T.);
#379=FACE_OUTER_BOUND('',#624,.T.);
#380=FACE_OUTER_BOUND('',#625,.T.);
#381=FACE_OUTER_BOUND('',#626,.T.);
#382=FACE_OUTER_BOUND('',#627,.T.);
#383=FACE_OUTER_BOUND('',#628,.T.);
#384=FACE_OUTER_BOUND('',#629,.T.);
#385=FACE_OUTER_BOUND('',#630,.T.);
#386=FACE_OUTER_BOUND('',#631,.T.);
#387=FACE_OUTER_BOUND('',#632,.T.);
#388=FACE_OUTER_BOUND('',#633,.T.);
#389=FACE_OUTER_BOUND('',#634,.T.);
#390=FACE_OUTER_BOUND('',#635,.T.);
#391=FACE_OUTER_BOUND('',#636,.T.);
#392=FACE_OUTER_BOUND('',#637,.T.);
#393=FACE_OUTER_BOUND('',#638,.T.);
#394=FACE_OUTER_BOUND('',#639,.T.);
#395=FACE_OUTER_BOUND('',#640,.T.);
#396=FACE_OUTER_BOUND('',#641,.T.);
#397=FACE_OUTER_BOUND('',#642,.T.);
#398=FACE_OUTER_BOUND('',#643,.T.);
#399=FACE_OUTER_BOUND('',#644,.T.);
#400=FACE_OUTER_BOUND('',#645,.T.);
#401=FACE_OUTER_BOUND('',#646,.T.);
#402=FACE_OUTER_BOUND('',#647,.T.);
#403=FACE_OUTER_BOUND('',#648,.T.);
#404=FACE_OUTER_BOUND('',#649,.T.);
#405=FACE_OUTER_BOUND('',#654,.T.);
#406=FACE_OUTER_BOUND('',#655,.T.);
#407=FACE_OUTER_BOUND('',#660,.T.);
#408=FACE_OUTER_BOUND('',#662,.T.);
#409=FACE_OUTER_BOUND('',#664,.T.);
#410=FACE_OUTER_BOUND('',#674,.T.);
#411=FACE_OUTER_BOUND('',#675,.T.);
#412=FACE_OUTER_BOUND('',#676,.T.);
#413=FACE_OUTER_BOUND('',#677,.T.);
#414=FACE_OUTER_BOUND('',#678,.T.);
#415=FACE_OUTER_BOUND('',#679,.T.);
#416=EDGE_LOOP('',(#2014,#2015,#2016,#2017));
#417=EDGE_LOOP('',(#2018));
#418=EDGE_LOOP('',(#2019));
#419=EDGE_LOOP('',(#2020,#2021,#2022,#2023));
#420=EDGE_LOOP('',(#2024));
#421=EDGE_LOOP('',(#2025));
#422=EDGE_LOOP('',(#2026,#2027,#2028,#2029));
#423=EDGE_LOOP('',(#2030,#2031,#2032,#2033));
#424=EDGE_LOOP('',(#2034,#2035,#2036,#2037,#2038));
#425=EDGE_LOOP('',(#2039,#2040,#2041,#2042));
#426=EDGE_LOOP('',(#2043,#2044,#2045,#2046,#2047));
#427=EDGE_LOOP('',(#2048,#2049,#2050,#2051));
#428=EDGE_LOOP('',(#2052,#2053,#2054,#2055,#2056));
#429=EDGE_LOOP('',(#2057,#2058,#2059,#2060));
#430=EDGE_LOOP('',(#2061,#2062,#2063,#2064,#2065));
#431=EDGE_LOOP('',(#2066,#2067,#2068,#2069));
#432=EDGE_LOOP('',(#2070,#2071,#2072,#2073,#2074));
#433=EDGE_LOOP('',(#2075,#2076,#2077,#2078));
#434=EDGE_LOOP('',(#2079,#2080,#2081,#2082,#2083));
#435=EDGE_LOOP('',(#2084,#2085,#2086,#2087));
#436=EDGE_LOOP('',(#2088,#2089,#2090,#2091,#2092));
#437=EDGE_LOOP('',(#2093,#2094,#2095,#2096));
#438=EDGE_LOOP('',(#2097,#2098,#2099,#2100,#2101));
#439=EDGE_LOOP('',(#2102,#2103,#2104,#2105));
#440=EDGE_LOOP('',(#2106,#2107,#2108,#2109,#2110));
#441=EDGE_LOOP('',(#2111,#2112,#2113,#2114));
#442=EDGE_LOOP('',(#2115,#2116,#2117,#2118,#2119));
#443=EDGE_LOOP('',(#2120,#2121,#2122,#2123));
#444=EDGE_LOOP('',(#2124,#2125,#2126,#2127,#2128));
#445=EDGE_LOOP('',(#2129,#2130,#2131,#2132));
#446=EDGE_LOOP('',(#2133,#2134,#2135,#2136,#2137));
#447=EDGE_LOOP('',(#2138,#2139,#2140,#2141));
#448=EDGE_LOOP('',(#2142,#2143,#2144,#2145,#2146));
#449=EDGE_LOOP('',(#2147,#2148,#2149,#2150));
#450=EDGE_LOOP('',(#2151,#2152,#2153,#2154,#2155));
#451=EDGE_LOOP('',(#2156,#2157,#2158,#2159));
#452=EDGE_LOOP('',(#2160,#2161,#2162,#2163,#2164));
#453=EDGE_LOOP('',(#2165,#2166,#2167,#2168));
#454=EDGE_LOOP('',(#2169,#2170,#2171,#2172,#2173));
#455=EDGE_LOOP('',(#2174,#2175,#2176,#2177));
#456=EDGE_LOOP('',(#2178,#2179,#2180,#2181,#2182));
#457=EDGE_LOOP('',(#2183,#2184,#2185,#2186));
#458=EDGE_LOOP('',(#2187,#2188,#2189,#2190,#2191));
#459=EDGE_LOOP('',(#2192,#2193,#2194,#2195));
#460=EDGE_LOOP('',(#2196,#2197,#2198,#2199,#2200));
#461=EDGE_LOOP('',(#2201,#2202,#2203,#2204));
#462=EDGE_LOOP('',(#2205,#2206,#2207,#2208,#2209));
#463=EDGE_LOOP('',(#2210,#2211,#2212,#2213));
#464=EDGE_LOOP('',(#2214,#2215,#2216,#2217,#2218));
#465=EDGE_LOOP('',(#2219,#2220,#2221,#2222));
#466=EDGE_LOOP('',(#2223,#2224,#2225,#2226));
#467=EDGE_LOOP('',(#2227,#2228,#2229,#2230));
#468=EDGE_LOOP('',(#2231,#2232,#2233,#2234));
#469=EDGE_LOOP('',(#2235,#2236,#2237,#2238));
#470=EDGE_LOOP('',(#2239,#2240,#2241,#2242,#2243));
#471=EDGE_LOOP('',(#2244,#2245,#2246,#2247,#2248));
#472=EDGE_LOOP('',(#2249,#2250,#2251,#2252,#2253));
#473=EDGE_LOOP('',(#2254,#2255,#2256,#2257,#2258));
#474=EDGE_LOOP('',(#2259,#2260,#2261,#2262,#2263));
#475=EDGE_LOOP('',(#2264,#2265,#2266,#2267,#2268));
#476=EDGE_LOOP('',(#2269,#2270,#2271,#2272,#2273));
#477=EDGE_LOOP('',(#2274,#2275,#2276,#2277,#2278));
#478=EDGE_LOOP('',(#2279,#2280,#2281,#2282,#2283));
#479=EDGE_LOOP('',(#2284,#2285,#2286,#2287,#2288));
#480=EDGE_LOOP('',(#2289,#2290,#2291,#2292,#2293));
#481=EDGE_LOOP('',(#2294,#2295,#2296,#2297,#2298));
#482=EDGE_LOOP('',(#2299,#2300,#2301,#2302,#2303));
#483=EDGE_LOOP('',(#2304,#2305,#2306,#2307,#2308));
#484=EDGE_LOOP('',(#2309,#2310,#2311,#2312,#2313));
#485=EDGE_LOOP('',(#2314,#2315,#2316,#2317,#2318));
#486=EDGE_LOOP('',(#2319,#2320,#2321,#2322,#2323));
#487=EDGE_LOOP('',(#2324,#2325,#2326,#2327,#2328));
#488=EDGE_LOOP('',(#2329,#2330,#2331,#2332,#2333));
#489=EDGE_LOOP('',(#2334,#2335,#2336,#2337,#2338));
#490=EDGE_LOOP('',(#2339,#2340,#2341,#2342,#2343));
#491=EDGE_LOOP('',(#2344,#2345,#2346,#2347,#2348));
#492=EDGE_LOOP('',(#2349,#2350,#2351,#2352));
#493=EDGE_LOOP('',(#2353,#2354,#2355,#2356,#2357));
#494=EDGE_LOOP('',(#2358));
#495=EDGE_LOOP('',(#2359));
#496=EDGE_LOOP('',(#2360));
#497=EDGE_LOOP('',(#2361));
#498=EDGE_LOOP('',(#2362));
#499=EDGE_LOOP('',(#2363));
#500=EDGE_LOOP('',(#2364));
#501=EDGE_LOOP('',(#2365));
#502=EDGE_LOOP('',(#2366));
#503=EDGE_LOOP('',(#2367));
#504=EDGE_LOOP('',(#2368));
#505=EDGE_LOOP('',(#2369));
#506=EDGE_LOOP('',(#2370));
#507=EDGE_LOOP('',(#2371));
#508=EDGE_LOOP('',(#2372));
#509=EDGE_LOOP('',(#2373));
#510=EDGE_LOOP('',(#2374));
#511=EDGE_LOOP('',(#2375));
#512=EDGE_LOOP('',(#2376));
#513=EDGE_LOOP('',(#2377));
#514=EDGE_LOOP('',(#2378));
#515=EDGE_LOOP('',(#2379));
#516=EDGE_LOOP('',(#2380));
#517=EDGE_LOOP('',(#2381));
#518=EDGE_LOOP('',(#2382));
#519=EDGE_LOOP('',(#2383));
#520=EDGE_LOOP('',(#2384));
#521=EDGE_LOOP('',(#2385));
#522=EDGE_LOOP('',(#2386));
#523=EDGE_LOOP('',(#2387));
#524=EDGE_LOOP('',(#2388));
#525=EDGE_LOOP('',(#2389));
#526=EDGE_LOOP('',(#2390));
#527=EDGE_LOOP('',(#2391));
#528=EDGE_LOOP('',(#2392));
#529=EDGE_LOOP('',(#2393));
#530=EDGE_LOOP('',(#2394));
#531=EDGE_LOOP('',(#2395));
#532=EDGE_LOOP('',(#2396));
#533=EDGE_LOOP('',(#2397));
#534=EDGE_LOOP('',(#2398));
#535=EDGE_LOOP('',(#2399));
#536=EDGE_LOOP('',(#2400));
#537=EDGE_LOOP('',(#2401));
#538=EDGE_LOOP('',(#2402));
#539=EDGE_LOOP('',(#2403));
#540=EDGE_LOOP('',(#2404));
#541=EDGE_LOOP('',(#2405));
#542=EDGE_LOOP('',(#2406));
#543=EDGE_LOOP('',(#2407));
#544=EDGE_LOOP('',(#2408));
#545=EDGE_LOOP('',(#2409));
#546=EDGE_LOOP('',(#2410));
#547=EDGE_LOOP('',(#2411));
#548=EDGE_LOOP('',(#2412));
#549=EDGE_LOOP('',(#2413));
#550=EDGE_LOOP('',(#2414,#2415,#2416,#2417,#2418));
#551=EDGE_LOOP('',(#2419,#2420,#2421,#2422));
#552=EDGE_LOOP('',(#2423,#2424,#2425,#2426,#2427));
#553=EDGE_LOOP('',(#2428,#2429,#2430,#2431));
#554=EDGE_LOOP('',(#2432,#2433,#2434,#2435,#2436));
#555=EDGE_LOOP('',(#2437,#2438,#2439,#2440));
#556=EDGE_LOOP('',(#2441,#2442,#2443,#2444,#2445));
#557=EDGE_LOOP('',(#2446,#2447,#2448,#2449));
#558=EDGE_LOOP('',(#2450,#2451,#2452,#2453,#2454));
#559=EDGE_LOOP('',(#2455,#2456,#2457,#2458));
#560=EDGE_LOOP('',(#2459,#2460,#2461,#2462,#2463));
#561=EDGE_LOOP('',(#2464,#2465,#2466,#2467));
#562=EDGE_LOOP('',(#2468,#2469,#2470,#2471,#2472));
#563=EDGE_LOOP('',(#2473,#2474,#2475,#2476));
#564=EDGE_LOOP('',(#2477,#2478,#2479,#2480,#2481));
#565=EDGE_LOOP('',(#2482,#2483,#2484,#2485));
#566=EDGE_LOOP('',(#2486,#2487,#2488,#2489,#2490));
#567=EDGE_LOOP('',(#2491,#2492,#2493,#2494));
#568=EDGE_LOOP('',(#2495,#2496,#2497,#2498,#2499));
#569=EDGE_LOOP('',(#2500,#2501,#2502,#2503));
#570=EDGE_LOOP('',(#2504,#2505,#2506,#2507,#2508));
#571=EDGE_LOOP('',(#2509,#2510,#2511,#2512,#2513));
#572=EDGE_LOOP('',(#2514,#2515,#2516,#2517,#2518));
#573=EDGE_LOOP('',(#2519,#2520,#2521,#2522,#2523));
#574=EDGE_LOOP('',(#2524,#2525,#2526,#2527,#2528));
#575=EDGE_LOOP('',(#2529,#2530,#2531,#2532,#2533));
#576=EDGE_LOOP('',(#2534,#2535,#2536,#2537,#2538));
#577=EDGE_LOOP('',(#2539,#2540,#2541,#2542,#2543));
#578=EDGE_LOOP('',(#2544,#2545,#2546,#2547));
#579=EDGE_LOOP('',(#2548,#2549,#2550,#2551,#2552));
#580=EDGE_LOOP('',(#2553,#2554,#2555,#2556,#2557));
#581=EDGE_LOOP('',(#2558,#2559,#2560,#2561,#2562));
#582=EDGE_LOOP('',(#2563,#2564,#2565,#2566,#2567,#2568,#2569,#2570,#2571,
#2572,#2573,#2574));
#583=EDGE_LOOP('',(#2575,#2576,#2577,#2578,#2579,#2580,#2581,#2582,#2583,
#2584,#2585,#2586,#2587));
#584=EDGE_LOOP('',(#2588,#2589,#2590,#2591,#2592));
#585=EDGE_LOOP('',(#2593));
#586=EDGE_LOOP('',(#2594));
#587=EDGE_LOOP('',(#2595));
#588=EDGE_LOOP('',(#2596));
#589=EDGE_LOOP('',(#2597,#2598,#2599,#2600,#2601));
#590=EDGE_LOOP('',(#2602,#2603,#2604,#2605));
#591=EDGE_LOOP('',(#2606));
#592=EDGE_LOOP('',(#2607));
#593=EDGE_LOOP('',(#2608));
#594=EDGE_LOOP('',(#2609));
#595=EDGE_LOOP('',(#2610));
#596=EDGE_LOOP('',(#2611));
#597=EDGE_LOOP('',(#2612));
#598=EDGE_LOOP('',(#2613));
#599=EDGE_LOOP('',(#2614));
#600=EDGE_LOOP('',(#2615));
#601=EDGE_LOOP('',(#2616));
#602=EDGE_LOOP('',(#2617));
#603=EDGE_LOOP('',(#2618));
#604=EDGE_LOOP('',(#2619));
#605=EDGE_LOOP('',(#2620));
#606=EDGE_LOOP('',(#2621));
#607=EDGE_LOOP('',(#2622));
#608=EDGE_LOOP('',(#2623));
#609=EDGE_LOOP('',(#2624,#2625,#2626,#2627));
#610=EDGE_LOOP('',(#2628,#2629,#2630,#2631,#2632));
#611=EDGE_LOOP('',(#2633,#2634,#2635,#2636,#2637));
#612=EDGE_LOOP('',(#2638,#2639,#2640,#2641));
#613=EDGE_LOOP('',(#2642,#2643,#2644,#2645,#2646));
#614=EDGE_LOOP('',(#2647,#2648,#2649,#2650,#2651));
#615=EDGE_LOOP('',(#2652,#2653,#2654,#2655,#2656));
#616=EDGE_LOOP('',(#2657,#2658,#2659,#2660));
#617=EDGE_LOOP('',(#2661,#2662,#2663,#2664,#2665));
#618=EDGE_LOOP('',(#2666,#2667,#2668,#2669));
#619=EDGE_LOOP('',(#2670,#2671,#2672,#2673,#2674));
#620=EDGE_LOOP('',(#2675,#2676,#2677,#2678));
#621=EDGE_LOOP('',(#2679,#2680,#2681,#2682,#2683));
#622=EDGE_LOOP('',(#2684,#2685,#2686,#2687));
#623=EDGE_LOOP('',(#2688,#2689,#2690,#2691,#2692));
#624=EDGE_LOOP('',(#2693,#2694,#2695,#2696));
#625=EDGE_LOOP('',(#2697,#2698,#2699,#2700,#2701));
#626=EDGE_LOOP('',(#2702,#2703,#2704,#2705));
#627=EDGE_LOOP('',(#2706,#2707,#2708,#2709,#2710));
#628=EDGE_LOOP('',(#2711,#2712,#2713,#2714));
#629=EDGE_LOOP('',(#2715,#2716,#2717,#2718,#2719));
#630=EDGE_LOOP('',(#2720,#2721,#2722,#2723));
#631=EDGE_LOOP('',(#2724,#2725,#2726,#2727,#2728));
#632=EDGE_LOOP('',(#2729,#2730,#2731,#2732));
#633=EDGE_LOOP('',(#2733,#2734,#2735,#2736,#2737));
#634=EDGE_LOOP('',(#2738,#2739,#2740,#2741));
#635=EDGE_LOOP('',(#2742,#2743,#2744,#2745,#2746));
#636=EDGE_LOOP('',(#2747,#2748,#2749,#2750,#2751));
#637=EDGE_LOOP('',(#2752,#2753,#2754,#2755,#2756));
#638=EDGE_LOOP('',(#2757,#2758,#2759,#2760,#2761));
#639=EDGE_LOOP('',(#2762,#2763,#2764,#2765,#2766));
#640=EDGE_LOOP('',(#2767,#2768,#2769,#2770,#2771));
#641=EDGE_LOOP('',(#2772,#2773,#2774,#2775,#2776));
#642=EDGE_LOOP('',(#2777,#2778,#2779,#2780,#2781));
#643=EDGE_LOOP('',(#2782,#2783,#2784,#2785));
#644=EDGE_LOOP('',(#2786,#2787,#2788,#2789,#2790));
#645=EDGE_LOOP('',(#2791,#2792,#2793,#2794,#2795));
#646=EDGE_LOOP('',(#2796,#2797,#2798,#2799,#2800));
#647=EDGE_LOOP('',(#2801,#2802,#2803,#2804,#2805,#2806,#2807,#2808,#2809,
#2810,#2811,#2812));
#648=EDGE_LOOP('',(#2813,#2814,#2815,#2816,#2817,#2818,#2819,#2820,#2821,
#2822,#2823,#2824,#2825));
#649=EDGE_LOOP('',(#2826,#2827,#2828,#2829,#2830));
#650=EDGE_LOOP('',(#2831));
#651=EDGE_LOOP('',(#2832));
#652=EDGE_LOOP('',(#2833));
#653=EDGE_LOOP('',(#2834));
#654=EDGE_LOOP('',(#2835,#2836,#2837,#2838,#2839));
#655=EDGE_LOOP('',(#2840,#2841,#2842,#2843));
#656=EDGE_LOOP('',(#2844));
#657=EDGE_LOOP('',(#2845));
#658=EDGE_LOOP('',(#2846));
#659=EDGE_LOOP('',(#2847));
#660=EDGE_LOOP('',(#2848));
#661=EDGE_LOOP('',(#2849));
#662=EDGE_LOOP('',(#2850));
#663=EDGE_LOOP('',(#2851));
#664=EDGE_LOOP('',(#2852));
#665=EDGE_LOOP('',(#2853));
#666=EDGE_LOOP('',(#2854));
#667=EDGE_LOOP('',(#2855));
#668=EDGE_LOOP('',(#2856));
#669=EDGE_LOOP('',(#2857));
#670=EDGE_LOOP('',(#2858));
#671=EDGE_LOOP('',(#2859));
#672=EDGE_LOOP('',(#2860));
#673=EDGE_LOOP('',(#2861));
#674=EDGE_LOOP('',(#2862,#2863,#2864,#2865));
#675=EDGE_LOOP('',(#2866,#2867,#2868,#2869,#2870));
#676=EDGE_LOOP('',(#2871,#2872,#2873,#2874,#2875));
#677=EDGE_LOOP('',(#2876,#2877,#2878,#2879));
#678=EDGE_LOOP('',(#2880,#2881,#2882,#2883,#2884));
#679=EDGE_LOOP('',(#2885,#2886,#2887,#2888,#2889));
#680=LINE('',#4646,#860);
#681=LINE('',#4655,#861);
#682=LINE('',#4663,#862);
#683=LINE('',#4667,#863);
#684=LINE('',#4674,#864);
#685=LINE('',#4680,#865);
#686=LINE('',#4688,#866);
#687=LINE('',#4694,#867);
#688=LINE('',#4702,#868);
#689=LINE('',#4708,#869);
#690=LINE('',#4716,#870);
#691=LINE('',#4722,#871);
#692=LINE('',#4730,#872);
#693=LINE('',#4736,#873);
#694=LINE('',#4744,#874);
#695=LINE('',#4750,#875);
#696=LINE('',#4758,#876);
#697=LINE('',#4764,#877);
#698=LINE('',#4772,#878);
#699=LINE('',#4778,#879);
#700=LINE('',#4786,#880);
#701=LINE('',#4792,#881);
#702=LINE('',#4800,#882);
#703=LINE('',#4806,#883);
#704=LINE('',#4814,#884);
#705=LINE('',#4820,#885);
#706=LINE('',#4828,#886);
#707=LINE('',#4834,#887);
#708=LINE('',#4842,#888);
#709=LINE('',#4848,#889);
#710=LINE('',#4856,#890);
#711=LINE('',#4862,#891);
#712=LINE('',#4870,#892);
#713=LINE('',#4876,#893);
#714=LINE('',#4884,#894);
#715=LINE('',#4890,#895);
#716=LINE('',#4898,#896);
#717=LINE('',#4904,#897);
#718=LINE('',#4912,#898);
#719=LINE('',#4918,#899);
#720=LINE('',#4926,#900);
#721=LINE('',#4932,#901);
#722=LINE('',#4940,#902);
#723=LINE('',#4946,#903);
#724=LINE('',#4954,#904);
#725=LINE('',#4960,#905);
#726=LINE('',#4966,#906);
#727=LINE('',#4972,#907);
#728=LINE('',#4978,#908);
#729=LINE('',#4984,#909);
#730=LINE('',#4987,#910);
#731=LINE('',#4989,#911);
#732=LINE('',#4991,#912);
#733=LINE('',#4993,#913);
#734=LINE('',#4995,#914);
#735=LINE('',#4997,#915);
#736=LINE('',#4999,#916);
#737=LINE('',#5001,#917);
#738=LINE('',#5003,#918);
#739=LINE('',#5005,#919);
#740=LINE('',#5007,#920);
#741=LINE('',#5009,#921);
#742=LINE('',#5011,#922);
#743=LINE('',#5013,#923);
#744=LINE('',#5015,#924);
#745=LINE('',#5017,#925);
#746=LINE('',#5019,#926);
#747=LINE('',#5021,#927);
#748=LINE('',#5023,#928);
#749=LINE('',#5025,#929);
#750=LINE('',#5030,#930);
#751=LINE('',#5037,#931);
#752=LINE('',#5041,#932);
#753=LINE('',#5043,#933);
#754=LINE('',#5054,#934);
#755=LINE('',#5060,#935);
#756=LINE('',#5068,#936);
#757=LINE('',#5074,#937);
#758=LINE('',#5082,#938);
#759=LINE('',#5088,#939);
#760=LINE('',#5096,#940);
#761=LINE('',#5102,#941);
#762=LINE('',#5110,#942);
#763=LINE('',#5116,#943);
#764=LINE('',#5124,#944);
#765=LINE('',#5130,#945);
#766=LINE('',#5138,#946);
#767=LINE('',#5144,#947);
#768=LINE('',#5152,#948);
#769=LINE('',#5158,#949);
#770=LINE('',#5166,#950);
#771=LINE('',#5172,#951);
#772=LINE('',#5180,#952);
#773=LINE('',#5187,#953);
#774=LINE('',#5190,#954);
#775=LINE('',#5192,#955);
#776=LINE('',#5194,#956);
#777=LINE('',#5196,#957);
#778=LINE('',#5198,#958);
#779=LINE('',#5200,#959);
#780=LINE('',#5202,#960);
#781=LINE('',#5204,#961);
#782=LINE('',#5206,#962);
#783=LINE('',#5210,#963);
#784=LINE('',#5213,#964);
#785=LINE('',#5219,#965);
#786=LINE('',#5226,#966);
#787=LINE('',#5232,#967);
#788=LINE('',#5236,#968);
#789=LINE('',#5239,#969);
#790=LINE('',#5243,#970);
#791=LINE('',#5246,#971);
#792=LINE('',#5249,#972);
#793=LINE('',#5253,#973);
#794=LINE('',#5256,#974);
#795=LINE('',#5258,#975);
#796=LINE('',#5262,#976);
#797=LINE('',#5268,#977);
#798=LINE('',#5269,#978);
#799=LINE('',#5271,#979);
#800=LINE('',#5272,#980);
#801=LINE('',#5274,#981);
#802=LINE('',#5275,#982);
#803=LINE('',#5280,#983);
#804=LINE('',#5281,#984);
#805=LINE('',#5285,#985);
#806=LINE('',#5286,#986);
#807=LINE('',#5296,#987);
#808=LINE('',#5302,#988);
#809=LINE('',#5310,#989);
#810=LINE('',#5316,#990);
#811=LINE('',#5324,#991);
#812=LINE('',#5330,#992);
#813=LINE('',#5338,#993);
#814=LINE('',#5344,#994);
#815=LINE('',#5352,#995);
#816=LINE('',#5358,#996);
#817=LINE('',#5366,#997);
#818=LINE('',#5372,#998);
#819=LINE('',#5380,#999);
#820=LINE('',#5386,#1000);
#821=LINE('',#5394,#1001);
#822=LINE('',#5400,#1002);
#823=LINE('',#5408,#1003);
#824=LINE('',#5414,#1004);
#825=LINE('',#5422,#1005);
#826=LINE('',#5429,#1006);
#827=LINE('',#5432,#1007);
#828=LINE('',#5434,#1008);
#829=LINE('',#5436,#1009);
#830=LINE('',#5438,#1010);
#831=LINE('',#5440,#1011);
#832=LINE('',#5442,#1012);
#833=LINE('',#5444,#1013);
#834=LINE('',#5446,#1014);
#835=LINE('',#5448,#1015);
#836=LINE('',#5452,#1016);
#837=LINE('',#5455,#1017);
#838=LINE('',#5461,#1018);
#839=LINE('',#5468,#1019);
#840=LINE('',#5474,#1020);
#841=LINE('',#5478,#1021);
#842=LINE('',#5481,#1022);
#843=LINE('',#5485,#1023);
#844=LINE('',#5488,#1024);
#845=LINE('',#5491,#1025);
#846=LINE('',#5495,#1026);
#847=LINE('',#5498,#1027);
#848=LINE('',#5500,#1028);
#849=LINE('',#5504,#1029);
#850=LINE('',#5510,#1030);
#851=LINE('',#5511,#1031);
#852=LINE('',#5513,#1032);
#853=LINE('',#5514,#1033);
#854=LINE('',#5516,#1034);
#855=LINE('',#5517,#1035);
#856=LINE('',#5522,#1036);
#857=LINE('',#5523,#1037);
#858=LINE('',#5527,#1038);
#859=LINE('',#5528,#1039);
#860=VECTOR('',#3596,35.);
#861=VECTOR('',#3607,35.);
#862=VECTOR('',#3618,33.);
#863=VECTOR('',#3623,33.);
#864=VECTOR('',#3630,126.2);
#865=VECTOR('',#3637,126.6);
#866=VECTOR('',#3646,4.49999999999989);
#867=VECTOR('',#3653,4.2);
#868=VECTOR('',#3662,4.49999999999992);
#869=VECTOR('',#3669,4.2);
#870=VECTOR('',#3678,4.49999999999981);
#871=VECTOR('',#3685,4.2);
#872=VECTOR('',#3694,4.49999999999982);
#873=VECTOR('',#3701,4.2);
#874=VECTOR('',#3710,4.49999999999984);
#875=VECTOR('',#3717,4.2);
#876=VECTOR('',#3726,4.49999999999974);
#877=VECTOR('',#3733,4.2);
#878=VECTOR('',#3742,4.4999999999998);
#879=VECTOR('',#3749,4.2);
#880=VECTOR('',#3758,4.49999999999992);
#881=VECTOR('',#3765,4.2);
#882=VECTOR('',#3774,4.49999999999991);
#883=VECTOR('',#3781,4.2);
#884=VECTOR('',#3790,4.49999999999992);
#885=VECTOR('',#3797,4.2);
#886=VECTOR('',#3806,4.49999999999998);
#887=VECTOR('',#3813,4.2);
#888=VECTOR('',#3822,4.49999999999984);
#889=VECTOR('',#3829,4.2);
#890=VECTOR('',#3838,4.49999999999977);
#891=VECTOR('',#3845,4.2);
#892=VECTOR('',#3854,4.49999999999981);
#893=VECTOR('',#3861,4.2);
#894=VECTOR('',#3870,4.49999999999981);
#895=VECTOR('',#3877,4.2);
#896=VECTOR('',#3886,4.49999999999992);
#897=VECTOR('',#3893,4.2);
#898=VECTOR('',#3902,4.49999999999982);
#899=VECTOR('',#3909,4.2);
#900=VECTOR('',#3918,4.49999999999982);
#901=VECTOR('',#3925,4.2);
#902=VECTOR('',#3934,4.49999999999988);
#903=VECTOR('',#3941,4.2);
#904=VECTOR('',#3950,4.49999999999981);
#905=VECTOR('',#3957,4.2);
#906=VECTOR('',#3964,4.2);
#907=VECTOR('',#3971,4.2);
#908=VECTOR('',#3978,4.2);
#909=VECTOR('',#3985,4.2);
#910=VECTOR('',#3990,4.2);
#911=VECTOR('',#3993,4.2);
#912=VECTOR('',#3996,4.2);
#913=VECTOR('',#3999,4.2);
#914=VECTOR('',#4002,4.2);
#915=VECTOR('',#4005,4.2);
#916=VECTOR('',#4008,4.2);
#917=VECTOR('',#4011,4.2);
#918=VECTOR('',#4014,4.2);
#919=VECTOR('',#4017,4.2);
#920=VECTOR('',#4020,4.2);
#921=VECTOR('',#4023,4.2);
#922=VECTOR('',#4026,4.2);
#923=VECTOR('',#4029,4.2);
#924=VECTOR('',#4032,4.2);
#925=VECTOR('',#4035,4.2);
#926=VECTOR('',#4038,4.2);
#927=VECTOR('',#4041,4.2);
#928=VECTOR('',#4044,4.2);
#929=VECTOR('',#4047,4.2);
#930=VECTOR('',#4052,108.23161785944);
#931=VECTOR('',#4061,108.45);
#932=VECTOR('',#4066,111.175);
#933=VECTOR('',#4069,126.6);
#934=VECTOR('',#4084,4.59999999999998);
#935=VECTOR('',#4091,4.2);
#936=VECTOR('',#4100,4.60000000000003);
#937=VECTOR('',#4107,4.2);
#938=VECTOR('',#4116,4.60000000000001);
#939=VECTOR('',#4123,4.2);
#940=VECTOR('',#4132,4.60000000000003);
#941=VECTOR('',#4139,4.2);
#942=VECTOR('',#4148,4.59999999999999);
#943=VECTOR('',#4155,4.2);
#944=VECTOR('',#4164,4.60000000000003);
#945=VECTOR('',#4171,4.2);
#946=VECTOR('',#4180,4.60000000000001);
#947=VECTOR('',#4187,4.2);
#948=VECTOR('',#4196,4.60000000000003);
#949=VECTOR('',#4203,4.2);
#950=VECTOR('',#4212,34.);
#951=VECTOR('',#4219,35.15);
#952=VECTOR('',#4228,56.25);
#953=VECTOR('',#4235,10.);
#954=VECTOR('',#4238,10.);
#955=VECTOR('',#4241,4.2);
#956=VECTOR('',#4244,4.2);
#957=VECTOR('',#4247,4.2);
#958=VECTOR('',#4250,4.2);
#959=VECTOR('',#4253,4.2);
#960=VECTOR('',#4256,4.2);
#961=VECTOR('',#4259,4.2);
#962=VECTOR('',#4262,4.2);
#963=VECTOR('',#4267,35.15);
#964=VECTOR('',#4270,33.5);
#965=VECTOR('',#4277,38.3816178594403);
#966=VECTOR('',#4286,38.6);
#967=VECTOR('',#4291,1000.);
#968=VECTOR('',#4294,1000.);
#969=VECTOR('',#4297,41.275);
#970=VECTOR('',#4300,1000.);
#971=VECTOR('',#4303,1000.);
#972=VECTOR('',#4306,56.75);
#973=VECTOR('',#4309,1000.);
#974=VECTOR('',#4312,1000.);
#975=VECTOR('',#4313,1000.);
#976=VECTOR('',#4316,1000.);
#977=VECTOR('',#4323,1000.);
#978=VECTOR('',#4324,1000.);
#979=VECTOR('',#4327,10.);
#980=VECTOR('',#4328,10.);
#981=VECTOR('',#4331,1000.);
#982=VECTOR('',#4332,1000.);
#983=VECTOR('',#4341,1000.);
#984=VECTOR('',#4342,1000.);
#985=VECTOR('',#4349,1000.);
#986=VECTOR('',#4350,1000.);
#987=VECTOR('',#4363,4.59999999999998);
#988=VECTOR('',#4370,4.2);
#989=VECTOR('',#4379,4.60000000000003);
#990=VECTOR('',#4386,4.2);
#991=VECTOR('',#4395,4.60000000000001);
#992=VECTOR('',#4402,4.2);
#993=VECTOR('',#4411,4.60000000000003);
#994=VECTOR('',#4418,4.2);
#995=VECTOR('',#4427,4.59999999999999);
#996=VECTOR('',#4434,4.2);
#997=VECTOR('',#4443,4.60000000000003);
#998=VECTOR('',#4450,4.2);
#999=VECTOR('',#4459,4.60000000000001);
#1000=VECTOR('',#4466,4.2);
#1001=VECTOR('',#4475,4.60000000000003);
#1002=VECTOR('',#4482,4.2);
#1003=VECTOR('',#4491,34.);
#1004=VECTOR('',#4498,35.15);
#1005=VECTOR('',#4507,56.25);
#1006=VECTOR('',#4514,10.);
#1007=VECTOR('',#4517,10.);
#1008=VECTOR('',#4520,4.2);
#1009=VECTOR('',#4523,4.2);
#1010=VECTOR('',#4526,4.2);
#1011=VECTOR('',#4529,4.2);
#1012=VECTOR('',#4532,4.2);
#1013=VECTOR('',#4535,4.2);
#1014=VECTOR('',#4538,4.2);
#1015=VECTOR('',#4541,4.2);
#1016=VECTOR('',#4546,35.15);
#1017=VECTOR('',#4549,33.5);
#1018=VECTOR('',#4556,38.3816178594403);
#1019=VECTOR('',#4565,38.6);
#1020=VECTOR('',#4570,1000.);
#1021=VECTOR('',#4573,1000.);
#1022=VECTOR('',#4576,41.275);
#1023=VECTOR('',#4579,1000.);
#1024=VECTOR('',#4582,1000.);
#1025=VECTOR('',#4585,56.75);
#1026=VECTOR('',#4588,1000.);
#1027=VECTOR('',#4591,1000.);
#1028=VECTOR('',#4592,1000.);
#1029=VECTOR('',#4595,1000.);
#1030=VECTOR('',#4602,1000.);
#1031=VECTOR('',#4603,1000.);
#1032=VECTOR('',#4606,10.);
#1033=VECTOR('',#4607,10.);
#1034=VECTOR('',#4610,1000.);
#1035=VECTOR('',#4611,1000.);
#1036=VECTOR('',#4620,1000.);
#1037=VECTOR('',#4621,1000.);
#1038=VECTOR('',#4628,1000.);
#1039=VECTOR('',#4629,1000.);
#1040=CIRCLE('',#3155,35.);
#1041=CIRCLE('',#3156,35.);
#1042=CIRCLE('',#3158,33.);
#1043=CIRCLE('',#3160,35.);
#1044=CIRCLE('',#3161,35.);
#1045=CIRCLE('',#3163,33.);
#1046=CIRCLE('',#3165,33.);
#1047=CIRCLE('',#3167,33.);
#1048=CIRCLE('',#3169,126.6);
#1049=CIRCLE('',#3170,126.6);
#1050=CIRCLE('',#3171,126.2);
#1051=CIRCLE('',#3173,126.6);
#1052=CIRCLE('',#3174,126.2);
#1053=CIRCLE('',#3176,4.2);
#1054=CIRCLE('',#3177,4.2);
#1055=CIRCLE('',#3178,4.49999999999989);
#1056=CIRCLE('',#3180,4.2);
#1057=CIRCLE('',#3181,4.50000000000003);
#1058=CIRCLE('',#3183,4.2);
#1059=CIRCLE('',#3184,4.2);
#1060=CIRCLE('',#3185,4.49999999999992);
#1061=CIRCLE('',#3187,4.2);
#1062=CIRCLE('',#3188,4.50000000000017);
#1063=CIRCLE('',#3190,4.2);
#1064=CIRCLE('',#3191,4.2);
#1065=CIRCLE('',#3192,4.49999999999982);
#1066=CIRCLE('',#3194,4.2);
#1067=CIRCLE('',#3195,4.5000000000002);
#1068=CIRCLE('',#3197,4.2);
#1069=CIRCLE('',#3198,4.2);
#1070=CIRCLE('',#3199,4.49999999999982);
#1071=CIRCLE('',#3201,4.2);
#1072=CIRCLE('',#3202,4.50000000000013);
#1073=CIRCLE('',#3204,4.2);
#1074=CIRCLE('',#3205,4.2);
#1075=CIRCLE('',#3206,4.49999999999985);
#1076=CIRCLE('',#3208,4.2);
#1077=CIRCLE('',#3209,4.5000000000001);
#1078=CIRCLE('',#3211,4.2);
#1079=CIRCLE('',#3212,4.2);
#1080=CIRCLE('',#3213,4.49999999999974);
#1081=CIRCLE('',#3215,4.2);
#1082=CIRCLE('',#3216,4.50000000000005);
#1083=CIRCLE('',#3218,4.2);
#1084=CIRCLE('',#3219,4.2);
#1085=CIRCLE('',#3220,4.4999999999998);
#1086=CIRCLE('',#3222,4.2);
#1087=CIRCLE('',#3223,4.50000000000006);
#1088=CIRCLE('',#3225,4.2);
#1089=CIRCLE('',#3226,4.2);
#1090=CIRCLE('',#3227,4.49999999999992);
#1091=CIRCLE('',#3229,4.2);
#1092=CIRCLE('',#3230,4.50000000000017);
#1093=CIRCLE('',#3232,4.2);
#1094=CIRCLE('',#3233,4.2);
#1095=CIRCLE('',#3234,4.49999999999991);
#1096=CIRCLE('',#3236,4.2);
#1097=CIRCLE('',#3237,4.50000000000021);
#1098=CIRCLE('',#3239,4.2);
#1099=CIRCLE('',#3240,4.2);
#1100=CIRCLE('',#3241,4.49999999999992);
#1101=CIRCLE('',#3243,4.2);
#1102=CIRCLE('',#3244,4.50000000000017);
#1103=CIRCLE('',#3246,4.2);
#1104=CIRCLE('',#3247,4.2);
#1105=CIRCLE('',#3248,4.49999999999998);
#1106=CIRCLE('',#3250,4.2);
#1107=CIRCLE('',#3251,4.5000000000002);
#1108=CIRCLE('',#3253,4.2);
#1109=CIRCLE('',#3254,4.2);
#1110=CIRCLE('',#3255,4.49999999999984);
#1111=CIRCLE('',#3257,4.2);
#1112=CIRCLE('',#3258,4.50000000000024);
#1113=CIRCLE('',#3260,4.2);
#1114=CIRCLE('',#3261,4.2);
#1115=CIRCLE('',#3262,4.49999999999975);
#1116=CIRCLE('',#3264,4.2);
#1117=CIRCLE('',#3265,4.50000000000016);
#1118=CIRCLE('',#3267,4.2);
#1119=CIRCLE('',#3268,4.2);
#1120=CIRCLE('',#3269,4.49999999999981);
#1121=CIRCLE('',#3271,4.2);
#1122=CIRCLE('',#3272,4.50000000000014);
#1123=CIRCLE('',#3274,4.2);
#1124=CIRCLE('',#3275,4.2);
#1125=CIRCLE('',#3276,4.49999999999981);
#1126=CIRCLE('',#3278,4.2);
#1127=CIRCLE('',#3279,4.50000000000022);
#1128=CIRCLE('',#3281,4.2);
#1129=CIRCLE('',#3282,4.2);
#1130=CIRCLE('',#3283,4.49999999999992);
#1131=CIRCLE('',#3285,4.2);
#1132=CIRCLE('',#3286,4.50000000000017);
#1133=CIRCLE('',#3288,4.2);
#1134=CIRCLE('',#3289,4.2);
#1135=CIRCLE('',#3290,4.49999999999982);
#1136=CIRCLE('',#3292,4.2);
#1137=CIRCLE('',#3293,4.50000000000014);
#1138=CIRCLE('',#3295,4.2);
#1139=CIRCLE('',#3296,4.2);
#1140=CIRCLE('',#3297,4.49999999999982);
#1141=CIRCLE('',#3299,4.2);
#1142=CIRCLE('',#3300,4.50000000000018);
#1143=CIRCLE('',#3302,4.2);
#1144=CIRCLE('',#3303,4.2);
#1145=CIRCLE('',#3304,4.49999999999988);
#1146=CIRCLE('',#3306,4.2);
#1147=CIRCLE('',#3307,4.50000000000005);
#1148=CIRCLE('',#3309,4.2);
#1149=CIRCLE('',#3310,4.2);
#1150=CIRCLE('',#3311,4.49999999999981);
#1151=CIRCLE('',#3313,4.2);
#1152=CIRCLE('',#3314,4.50000000000012);
#1153=CIRCLE('',#3316,4.2);
#1154=CIRCLE('',#3317,4.2);
#1155=CIRCLE('',#3319,4.2);
#1156=CIRCLE('',#3320,4.2);
#1157=CIRCLE('',#3322,4.19999999999999);
#1158=CIRCLE('',#3323,4.19999999999999);
#1159=CIRCLE('',#3325,4.19999999999999);
#1160=CIRCLE('',#3326,4.19999999999999);
#1161=CIRCLE('',#3348,108.23161785944);
#1162=CIRCLE('',#3349,108.45);
#1163=CIRCLE('',#3350,108.45);
#1164=CIRCLE('',#3352,111.175);
#1165=CIRCLE('',#3354,111.175);
#1166=CIRCLE('',#3361,4.2);
#1167=CIRCLE('',#3362,4.2);
#1168=CIRCLE('',#3363,4.59999999999998);
#1169=CIRCLE('',#3365,4.2);
#1170=CIRCLE('',#3366,4.59999999999998);
#1171=CIRCLE('',#3368,4.2);
#1172=CIRCLE('',#3369,4.2);
#1173=CIRCLE('',#3370,4.60000000000003);
#1174=CIRCLE('',#3372,4.2);
#1175=CIRCLE('',#3373,4.59999999999998);
#1176=CIRCLE('',#3375,4.2);
#1177=CIRCLE('',#3376,4.2);
#1178=CIRCLE('',#3377,4.60000000000001);
#1179=CIRCLE('',#3379,4.2);
#1180=CIRCLE('',#3380,4.60000000000001);
#1181=CIRCLE('',#3382,4.2);
#1182=CIRCLE('',#3383,4.2);
#1183=CIRCLE('',#3384,4.60000000000003);
#1184=CIRCLE('',#3386,4.2);
#1185=CIRCLE('',#3387,4.59999999999998);
#1186=CIRCLE('',#3389,4.2);
#1187=CIRCLE('',#3390,4.2);
#1188=CIRCLE('',#3391,4.59999999999999);
#1189=CIRCLE('',#3393,4.2);
#1190=CIRCLE('',#3394,4.59999999999999);
#1191=CIRCLE('',#3396,4.2);
#1192=CIRCLE('',#3397,4.2);
#1193=CIRCLE('',#3398,4.60000000000003);
#1194=CIRCLE('',#3400,4.2);
#1195=CIRCLE('',#3401,4.59999999999998);
#1196=CIRCLE('',#3403,4.2);
#1197=CIRCLE('',#3404,4.2);
#1198=CIRCLE('',#3405,4.60000000000001);
#1199=CIRCLE('',#3407,4.2);
#1200=CIRCLE('',#3408,4.60000000000001);
#1201=CIRCLE('',#3410,4.2);
#1202=CIRCLE('',#3411,4.2);
#1203=CIRCLE('',#3412,4.60000000000003);
#1204=CIRCLE('',#3414,4.2);
#1205=CIRCLE('',#3415,4.59999999999998);
#1206=CIRCLE('',#3417,33.5);
#1207=CIRCLE('',#3418,33.5);
#1208=CIRCLE('',#3419,34.);
#1209=CIRCLE('',#3421,35.15);
#1210=CIRCLE('',#3422,35.65);
#1211=CIRCLE('',#3424,56.75);
#1212=CIRCLE('',#3425,56.75);
#1213=CIRCLE('',#3426,56.25);
#1214=CIRCLE('',#3428,56.25);
#1215=CIRCLE('',#3429,56.75);
#1216=CIRCLE('',#3439,35.15);
#1217=CIRCLE('',#3441,33.5);
#1218=CIRCLE('',#3443,38.3816178594403);
#1219=CIRCLE('',#3444,38.6);
#1220=CIRCLE('',#3445,38.6);
#1221=CIRCLE('',#3447,41.275);
#1222=CIRCLE('',#3449,41.275);
#1223=CIRCLE('',#3450,41.275);
#1224=CIRCLE('',#3451,41.275);
#1225=CIRCLE('',#3452,41.275);
#1226=CIRCLE('',#3453,41.275);
#1227=CIRCLE('',#3455,56.75);
#1228=CIRCLE('',#3456,56.75);
#1229=CIRCLE('',#3457,56.75);
#1230=CIRCLE('',#3458,56.75);
#1231=CIRCLE('',#3460,56.25);
#1232=CIRCLE('',#3474,4.2);
#1233=CIRCLE('',#3475,4.2);
#1234=CIRCLE('',#3476,4.59999999999998);
#1235=CIRCLE('',#3478,4.2);
#1236=CIRCLE('',#3479,4.59999999999998);
#1237=CIRCLE('',#3481,4.2);
#1238=CIRCLE('',#3482,4.2);
#1239=CIRCLE('',#3483,4.60000000000003);
#1240=CIRCLE('',#3485,4.2);
#1241=CIRCLE('',#3486,4.59999999999998);
#1242=CIRCLE('',#3488,4.2);
#1243=CIRCLE('',#3489,4.2);
#1244=CIRCLE('',#3490,4.60000000000001);
#1245=CIRCLE('',#3492,4.2);
#1246=CIRCLE('',#3493,4.60000000000001);
#1247=CIRCLE('',#3495,4.2);
#1248=CIRCLE('',#3496,4.2);
#1249=CIRCLE('',#3497,4.60000000000003);
#1250=CIRCLE('',#3499,4.2);
#1251=CIRCLE('',#3500,4.59999999999998);
#1252=CIRCLE('',#3502,4.2);
#1253=CIRCLE('',#3503,4.2);
#1254=CIRCLE('',#3504,4.59999999999999);
#1255=CIRCLE('',#3506,4.2);
#1256=CIRCLE('',#3507,4.59999999999999);
#1257=CIRCLE('',#3509,4.2);
#1258=CIRCLE('',#3510,4.2);
#1259=CIRCLE('',#3511,4.60000000000003);
#1260=CIRCLE('',#3513,4.2);
#1261=CIRCLE('',#3514,4.59999999999998);
#1262=CIRCLE('',#3516,4.2);
#1263=CIRCLE('',#3517,4.2);
#1264=CIRCLE('',#3518,4.60000000000001);
#1265=CIRCLE('',#3520,4.2);
#1266=CIRCLE('',#3521,4.60000000000001);
#1267=CIRCLE('',#3523,4.2);
#1268=CIRCLE('',#3524,4.2);
#1269=CIRCLE('',#3525,4.60000000000003);
#1270=CIRCLE('',#3527,4.2);
#1271=CIRCLE('',#3528,4.59999999999998);
#1272=CIRCLE('',#3530,33.5);
#1273=CIRCLE('',#3531,33.5);
#1274=CIRCLE('',#3532,34.);
#1275=CIRCLE('',#3534,35.15);
#1276=CIRCLE('',#3535,35.65);
#1277=CIRCLE('',#3537,56.75);
#1278=CIRCLE('',#3538,56.75);
#1279=CIRCLE('',#3539,56.25);
#1280=CIRCLE('',#3541,56.25);
#1281=CIRCLE('',#3542,56.75);
#1282=CIRCLE('',#3552,35.15);
#1283=CIRCLE('',#3554,33.5);
#1284=CIRCLE('',#3556,38.3816178594403);
#1285=CIRCLE('',#3557,38.6);
#1286=CIRCLE('',#3558,38.6);
#1287=CIRCLE('',#3560,41.275);
#1288=CIRCLE('',#3562,41.275);
#1289=CIRCLE('',#3563,41.275);
#1290=CIRCLE('',#3564,41.275);
#1291=CIRCLE('',#3565,41.275);
#1292=CIRCLE('',#3566,41.275);
#1293=CIRCLE('',#3568,56.75);
#1294=CIRCLE('',#3569,56.75);
#1295=CIRCLE('',#3570,56.75);
#1296=CIRCLE('',#3571,56.75);
#1297=CIRCLE('',#3573,56.25);
#1298=VERTEX_POINT('',#4643);
#1299=VERTEX_POINT('',#4645);
#1300=VERTEX_POINT('',#4649);
#1301=VERTEX_POINT('',#4652);
#1302=VERTEX_POINT('',#4654);
#1303=VERTEX_POINT('',#4658);
#1304=VERTEX_POINT('',#4661);
#1305=VERTEX_POINT('',#4665);
#1306=VERTEX_POINT('',#4669);
#1307=VERTEX_POINT('',#4670);
#1308=VERTEX_POINT('',#4673);
#1309=VERTEX_POINT('',#4677);
#1310=VERTEX_POINT('',#4679);
#1311=VERTEX_POINT('',#4683);
#1312=VERTEX_POINT('',#4684);
#1313=VERTEX_POINT('',#4687);
#1314=VERTEX_POINT('',#4691);
#1315=VERTEX_POINT('',#4693);
#1316=VERTEX_POINT('',#4697);
#1317=VERTEX_POINT('',#4698);
#1318=VERTEX_POINT('',#4701);
#1319=VERTEX_POINT('',#4705);
#1320=VERTEX_POINT('',#4707);
#1321=VERTEX_POINT('',#4711);
#1322=VERTEX_POINT('',#4712);
#1323=VERTEX_POINT('',#4715);
#1324=VERTEX_POINT('',#4719);
#1325=VERTEX_POINT('',#4721);
#1326=VERTEX_POINT('',#4725);
#1327=VERTEX_POINT('',#4726);
#1328=VERTEX_POINT('',#4729);
#1329=VERTEX_POINT('',#4733);
#1330=VERTEX_POINT('',#4735);
#1331=VERTEX_POINT('',#4739);
#1332=VERTEX_POINT('',#4740);
#1333=VERTEX_POINT('',#4743);
#1334=VERTEX_POINT('',#4747);
#1335=VERTEX_POINT('',#4749);
#1336=VERTEX_POINT('',#4753);
#1337=VERTEX_POINT('',#4754);
#1338=VERTEX_POINT('',#4757);
#1339=VERTEX_POINT('',#4761);
#1340=VERTEX_POINT('',#4763);
#1341=VERTEX_POINT('',#4767);
#1342=VERTEX_POINT('',#4768);
#1343=VERTEX_POINT('',#4771);
#1344=VERTEX_POINT('',#4775);
#1345=VERTEX_POINT('',#4777);
#1346=VERTEX_POINT('',#4781);
#1347=VERTEX_POINT('',#4782);
#1348=VERTEX_POINT('',#4785);
#1349=VERTEX_POINT('',#4789);
#1350=VERTEX_POINT('',#4791);
#1351=VERTEX_POINT('',#4795);
#1352=VERTEX_POINT('',#4796);
#1353=VERTEX_POINT('',#4799);
#1354=VERTEX_POINT('',#4803);
#1355=VERTEX_POINT('',#4805);
#1356=VERTEX_POINT('',#4809);
#1357=VERTEX_POINT('',#4810);
#1358=VERTEX_POINT('',#4813);
#1359=VERTEX_POINT('',#4817);
#1360=VERTEX_POINT('',#4819);
#1361=VERTEX_POINT('',#4823);
#1362=VERTEX_POINT('',#4824);
#1363=VERTEX_POINT('',#4827);
#1364=VERTEX_POINT('',#4831);
#1365=VERTEX_POINT('',#4833);
#1366=VERTEX_POINT('',#4837);
#1367=VERTEX_POINT('',#4838);
#1368=VERTEX_POINT('',#4841);
#1369=VERTEX_POINT('',#4845);
#1370=VERTEX_POINT('',#4847);
#1371=VERTEX_POINT('',#4851);
#1372=VERTEX_POINT('',#4852);
#1373=VERTEX_POINT('',#4855);
#1374=VERTEX_POINT('',#4859);
#1375=VERTEX_POINT('',#4861);
#1376=VERTEX_POINT('',#4865);
#1377=VERTEX_POINT('',#4866);
#1378=VERTEX_POINT('',#4869);
#1379=VERTEX_POINT('',#4873);
#1380=VERTEX_POINT('',#4875);
#1381=VERTEX_POINT('',#4879);
#1382=VERTEX_POINT('',#4880);
#1383=VERTEX_POINT('',#4883);
#1384=VERTEX_POINT('',#4887);
#1385=VERTEX_POINT('',#4889);
#1386=VERTEX_POINT('',#4893);
#1387=VERTEX_POINT('',#4894);
#1388=VERTEX_POINT('',#4897);
#1389=VERTEX_POINT('',#4901);
#1390=VERTEX_POINT('',#4903);
#1391=VERTEX_POINT('',#4907);
#1392=VERTEX_POINT('',#4908);
#1393=VERTEX_POINT('',#4911);
#1394=VERTEX_POINT('',#4915);
#1395=VERTEX_POINT('',#4917);
#1396=VERTEX_POINT('',#4921);
#1397=VERTEX_POINT('',#4922);
#1398=VERTEX_POINT('',#4925);
#1399=VERTEX_POINT('',#4929);
#1400=VERTEX_POINT('',#4931);
#1401=VERTEX_POINT('',#4935);
#1402=VERTEX_POINT('',#4936);
#1403=VERTEX_POINT('',#4939);
#1404=VERTEX_POINT('',#4943);
#1405=VERTEX_POINT('',#4945);
#1406=VERTEX_POINT('',#4949);
#1407=VERTEX_POINT('',#4950);
#1408=VERTEX_POINT('',#4953);
#1409=VERTEX_POINT('',#4957);
#1410=VERTEX_POINT('',#4959);
#1411=VERTEX_POINT('',#4963);
#1412=VERTEX_POINT('',#4965);
#1413=VERTEX_POINT('',#4969);
#1414=VERTEX_POINT('',#4971);
#1415=VERTEX_POINT('',#4975);
#1416=VERTEX_POINT('',#4977);
#1417=VERTEX_POINT('',#4981);
#1418=VERTEX_POINT('',#4983);
#1419=VERTEX_POINT('',#5027);
#1420=VERTEX_POINT('',#5029);
#1421=VERTEX_POINT('',#5031);
#1422=VERTEX_POINT('',#5035);
#1423=VERTEX_POINT('',#5039);
#1424=VERTEX_POINT('',#5049);
#1425=VERTEX_POINT('',#5050);
#1426=VERTEX_POINT('',#5053);
#1427=VERTEX_POINT('',#5057);
#1428=VERTEX_POINT('',#5059);
#1429=VERTEX_POINT('',#5063);
#1430=VERTEX_POINT('',#5064);
#1431=VERTEX_POINT('',#5067);
#1432=VERTEX_POINT('',#5071);
#1433=VERTEX_POINT('',#5073);
#1434=VERTEX_POINT('',#5077);
#1435=VERTEX_POINT('',#5078);
#1436=VERTEX_POINT('',#5081);
#1437=VERTEX_POINT('',#5085);
#1438=VERTEX_POINT('',#5087);
#1439=VERTEX_POINT('',#5091);
#1440=VERTEX_POINT('',#5092);
#1441=VERTEX_POINT('',#5095);
#1442=VERTEX_POINT('',#5099);
#1443=VERTEX_POINT('',#5101);
#1444=VERTEX_POINT('',#5105);
#1445=VERTEX_POINT('',#5106);
#1446=VERTEX_POINT('',#5109);
#1447=VERTEX_POINT('',#5113);
#1448=VERTEX_POINT('',#5115);
#1449=VERTEX_POINT('',#5119);
#1450=VERTEX_POINT('',#5120);
#1451=VERTEX_POINT('',#5123);
#1452=VERTEX_POINT('',#5127);
#1453=VERTEX_POINT('',#5129);
#1454=VERTEX_POINT('',#5133);
#1455=VERTEX_POINT('',#5134);
#1456=VERTEX_POINT('',#5137);
#1457=VERTEX_POINT('',#5141);
#1458=VERTEX_POINT('',#5143);
#1459=VERTEX_POINT('',#5147);
#1460=VERTEX_POINT('',#5148);
#1461=VERTEX_POINT('',#5151);
#1462=VERTEX_POINT('',#5155);
#1463=VERTEX_POINT('',#5157);
#1464=VERTEX_POINT('',#5161);
#1465=VERTEX_POINT('',#5162);
#1466=VERTEX_POINT('',#5165);
#1467=VERTEX_POINT('',#5169);
#1468=VERTEX_POINT('',#5171);
#1469=VERTEX_POINT('',#5175);
#1470=VERTEX_POINT('',#5176);
#1471=VERTEX_POINT('',#5179);
#1472=VERTEX_POINT('',#5183);
#1473=VERTEX_POINT('',#5184);
#1474=VERTEX_POINT('',#5186);
#1475=VERTEX_POINT('',#5188);
#1476=VERTEX_POINT('',#5208);
#1477=VERTEX_POINT('',#5212);
#1478=VERTEX_POINT('',#5216);
#1479=VERTEX_POINT('',#5218);
#1480=VERTEX_POINT('',#5220);
#1481=VERTEX_POINT('',#5224);
#1482=VERTEX_POINT('',#5228);
#1483=VERTEX_POINT('',#5229);
#1484=VERTEX_POINT('',#5231);
#1485=VERTEX_POINT('',#5233);
#1486=VERTEX_POINT('',#5235);
#1487=VERTEX_POINT('',#5237);
#1488=VERTEX_POINT('',#5240);
#1489=VERTEX_POINT('',#5242);
#1490=VERTEX_POINT('',#5244);
#1491=VERTEX_POINT('',#5248);
#1492=VERTEX_POINT('',#5250);
#1493=VERTEX_POINT('',#5252);
#1494=VERTEX_POINT('',#5254);
#1495=VERTEX_POINT('',#5257);
#1496=VERTEX_POINT('',#5259);
#1497=VERTEX_POINT('',#5261);
#1498=VERTEX_POINT('',#5265);
#1499=VERTEX_POINT('',#5266);
#1500=VERTEX_POINT('',#5291);
#1501=VERTEX_POINT('',#5292);
#1502=VERTEX_POINT('',#5295);
#1503=VERTEX_POINT('',#5299);
#1504=VERTEX_POINT('',#5301);
#1505=VERTEX_POINT('',#5305);
#1506=VERTEX_POINT('',#5306);
#1507=VERTEX_POINT('',#5309);
#1508=VERTEX_POINT('',#5313);
#1509=VERTEX_POINT('',#5315);
#1510=VERTEX_POINT('',#5319);
#1511=VERTEX_POINT('',#5320);
#1512=VERTEX_POINT('',#5323);
#1513=VERTEX_POINT('',#5327);
#1514=VERTEX_POINT('',#5329);
#1515=VERTEX_POINT('',#5333);
#1516=VERTEX_POINT('',#5334);
#1517=VERTEX_POINT('',#5337);
#1518=VERTEX_POINT('',#5341);
#1519=VERTEX_POINT('',#5343);
#1520=VERTEX_POINT('',#5347);
#1521=VERTEX_POINT('',#5348);
#1522=VERTEX_POINT('',#5351);
#1523=VERTEX_POINT('',#5355);
#1524=VERTEX_POINT('',#5357);
#1525=VERTEX_POINT('',#5361);
#1526=VERTEX_POINT('',#5362);
#1527=VERTEX_POINT('',#5365);
#1528=VERTEX_POINT('',#5369);
#1529=VERTEX_POINT('',#5371);
#1530=VERTEX_POINT('',#5375);
#1531=VERTEX_POINT('',#5376);
#1532=VERTEX_POINT('',#5379);
#1533=VERTEX_POINT('',#5383);
#1534=VERTEX_POINT('',#5385);
#1535=VERTEX_POINT('',#5389);
#1536=VERTEX_POINT('',#5390);
#1537=VERTEX_POINT('',#5393);
#1538=VERTEX_POINT('',#5397);
#1539=VERTEX_POINT('',#5399);
#1540=VERTEX_POINT('',#5403);
#1541=VERTEX_POINT('',#5404);
#1542=VERTEX_POINT('',#5407);
#1543=VERTEX_POINT('',#5411);
#1544=VERTEX_POINT('',#5413);
#1545=VERTEX_POINT('',#5417);
#1546=VERTEX_POINT('',#5418);
#1547=VERTEX_POINT('',#5421);
#1548=VERTEX_POINT('',#5425);
#1549=VERTEX_POINT('',#5426);
#1550=VERTEX_POINT('',#5428);
#1551=VERTEX_POINT('',#5430);
#1552=VERTEX_POINT('',#5450);
#1553=VERTEX_POINT('',#5454);
#1554=VERTEX_POINT('',#5458);
#1555=VERTEX_POINT('',#5460);
#1556=VERTEX_POINT('',#5462);
#1557=VERTEX_POINT('',#5466);
#1558=VERTEX_POINT('',#5470);
#1559=VERTEX_POINT('',#5471);
#1560=VERTEX_POINT('',#5473);
#1561=VERTEX_POINT('',#5475);
#1562=VERTEX_POINT('',#5477);
#1563=VERTEX_POINT('',#5479);
#1564=VERTEX_POINT('',#5482);
#1565=VERTEX_POINT('',#5484);
#1566=VERTEX_POINT('',#5486);
#1567=VERTEX_POINT('',#5490);
#1568=VERTEX_POINT('',#5492);
#1569=VERTEX_POINT('',#5494);
#1570=VERTEX_POINT('',#5496);
#1571=VERTEX_POINT('',#5499);
#1572=VERTEX_POINT('',#5501);
#1573=VERTEX_POINT('',#5503);
#1574=VERTEX_POINT('',#5507);
#1575=VERTEX_POINT('',#5508);
#1576=EDGE_CURVE('',#1298,#1298,#1040,.T.);
#1577=EDGE_CURVE('',#1298,#1299,#680,.T.);
#1578=EDGE_CURVE('',#1299,#1299,#1041,.T.);
#1579=EDGE_CURVE('',#1300,#1300,#1042,.T.);
#1580=EDGE_CURVE('',#1301,#1301,#1043,.T.);
#1581=EDGE_CURVE('',#1301,#1302,#681,.T.);
#1582=EDGE_CURVE('',#1302,#1302,#1044,.T.);
#1583=EDGE_CURVE('',#1303,#1303,#1045,.T.);
#1584=EDGE_CURVE('',#1304,#1304,#1046,.T.);
#1585=EDGE_CURVE('',#1304,#1303,#682,.T.);
#1586=EDGE_CURVE('',#1305,#1305,#1047,.T.);
#1587=EDGE_CURVE('',#1305,#1300,#683,.T.);
#1588=EDGE_CURVE('',#1306,#1307,#1048,.T.);
#1589=EDGE_CURVE('',#1307,#1306,#1049,.T.);
#1590=EDGE_CURVE('',#1307,#1308,#684,.T.);
#1591=EDGE_CURVE('',#1308,#1308,#1050,.T.);
#1592=EDGE_CURVE('',#1309,#1309,#1051,.T.);
#1593=EDGE_CURVE('',#1309,#1310,#685,.T.);
#1594=EDGE_CURVE('',#1310,#1310,#1052,.T.);
#1595=EDGE_CURVE('',#1311,#1312,#1053,.T.);
#1596=EDGE_CURVE('',#1312,#1311,#1054,.T.);
#1597=EDGE_CURVE('',#1312,#1313,#686,.T.);
#1598=EDGE_CURVE('',#1313,#1313,#1055,.T.);
#1599=EDGE_CURVE('',#1314,#1314,#1056,.T.);
#1600=EDGE_CURVE('',#1314,#1315,#687,.T.);
#1601=EDGE_CURVE('',#1315,#1315,#1057,.T.);
#1602=EDGE_CURVE('',#1316,#1317,#1058,.T.);
#1603=EDGE_CURVE('',#1317,#1316,#1059,.T.);
#1604=EDGE_CURVE('',#1317,#1318,#688,.T.);
#1605=EDGE_CURVE('',#1318,#1318,#1060,.T.);
#1606=EDGE_CURVE('',#1319,#1319,#1061,.T.);
#1607=EDGE_CURVE('',#1319,#1320,#689,.T.);
#1608=EDGE_CURVE('',#1320,#1320,#1062,.T.);
#1609=EDGE_CURVE('',#1321,#1322,#1063,.T.);
#1610=EDGE_CURVE('',#1322,#1321,#1064,.T.);
#1611=EDGE_CURVE('',#1322,#1323,#690,.T.);
#1612=EDGE_CURVE('',#1323,#1323,#1065,.T.);
#1613=EDGE_CURVE('',#1324,#1324,#1066,.T.);
#1614=EDGE_CURVE('',#1324,#1325,#691,.T.);
#1615=EDGE_CURVE('',#1325,#1325,#1067,.T.);
#1616=EDGE_CURVE('',#1326,#1327,#1068,.T.);
#1617=EDGE_CURVE('',#1327,#1326,#1069,.T.);
#1618=EDGE_CURVE('',#1327,#1328,#692,.T.);
#1619=EDGE_CURVE('',#1328,#1328,#1070,.T.);
#1620=EDGE_CURVE('',#1329,#1329,#1071,.T.);
#1621=EDGE_CURVE('',#1329,#1330,#693,.T.);
#1622=EDGE_CURVE('',#1330,#1330,#1072,.T.);
#1623=EDGE_CURVE('',#1331,#1332,#1073,.T.);
#1624=EDGE_CURVE('',#1332,#1331,#1074,.T.);
#1625=EDGE_CURVE('',#1332,#1333,#694,.T.);
#1626=EDGE_CURVE('',#1333,#1333,#1075,.T.);
#1627=EDGE_CURVE('',#1334,#1334,#1076,.T.);
#1628=EDGE_CURVE('',#1334,#1335,#695,.T.);
#1629=EDGE_CURVE('',#1335,#1335,#1077,.T.);
#1630=EDGE_CURVE('',#1336,#1337,#1078,.T.);
#1631=EDGE_CURVE('',#1337,#1336,#1079,.T.);
#1632=EDGE_CURVE('',#1337,#1338,#696,.T.);
#1633=EDGE_CURVE('',#1338,#1338,#1080,.T.);
#1634=EDGE_CURVE('',#1339,#1339,#1081,.T.);
#1635=EDGE_CURVE('',#1339,#1340,#697,.T.);
#1636=EDGE_CURVE('',#1340,#1340,#1082,.T.);
#1637=EDGE_CURVE('',#1341,#1342,#1083,.T.);
#1638=EDGE_CURVE('',#1342,#1341,#1084,.T.);
#1639=EDGE_CURVE('',#1342,#1343,#698,.T.);
#1640=EDGE_CURVE('',#1343,#1343,#1085,.T.);
#1641=EDGE_CURVE('',#1344,#1344,#1086,.T.);
#1642=EDGE_CURVE('',#1344,#1345,#699,.T.);
#1643=EDGE_CURVE('',#1345,#1345,#1087,.T.);
#1644=EDGE_CURVE('',#1346,#1347,#1088,.T.);
#1645=EDGE_CURVE('',#1347,#1346,#1089,.T.);
#1646=EDGE_CURVE('',#1347,#1348,#700,.T.);
#1647=EDGE_CURVE('',#1348,#1348,#1090,.T.);
#1648=EDGE_CURVE('',#1349,#1349,#1091,.T.);
#1649=EDGE_CURVE('',#1349,#1350,#701,.T.);
#1650=EDGE_CURVE('',#1350,#1350,#1092,.T.);
#1651=EDGE_CURVE('',#1351,#1352,#1093,.T.);
#1652=EDGE_CURVE('',#1352,#1351,#1094,.T.);
#1653=EDGE_CURVE('',#1352,#1353,#702,.T.);
#1654=EDGE_CURVE('',#1353,#1353,#1095,.T.);
#1655=EDGE_CURVE('',#1354,#1354,#1096,.T.);
#1656=EDGE_CURVE('',#1354,#1355,#703,.T.);
#1657=EDGE_CURVE('',#1355,#1355,#1097,.T.);
#1658=EDGE_CURVE('',#1356,#1357,#1098,.T.);
#1659=EDGE_CURVE('',#1357,#1356,#1099,.T.);
#1660=EDGE_CURVE('',#1357,#1358,#704,.T.);
#1661=EDGE_CURVE('',#1358,#1358,#1100,.T.);
#1662=EDGE_CURVE('',#1359,#1359,#1101,.T.);
#1663=EDGE_CURVE('',#1359,#1360,#705,.T.);
#1664=EDGE_CURVE('',#1360,#1360,#1102,.T.);
#1665=EDGE_CURVE('',#1361,#1362,#1103,.T.);
#1666=EDGE_CURVE('',#1362,#1361,#1104,.T.);
#1667=EDGE_CURVE('',#1362,#1363,#706,.T.);
#1668=EDGE_CURVE('',#1363,#1363,#1105,.T.);
#1669=EDGE_CURVE('',#1364,#1364,#1106,.T.);
#1670=EDGE_CURVE('',#1364,#1365,#707,.T.);
#1671=EDGE_CURVE('',#1365,#1365,#1107,.T.);
#1672=EDGE_CURVE('',#1366,#1367,#1108,.T.);
#1673=EDGE_CURVE('',#1367,#1366,#1109,.T.);
#1674=EDGE_CURVE('',#1367,#1368,#708,.T.);
#1675=EDGE_CURVE('',#1368,#1368,#1110,.T.);
#1676=EDGE_CURVE('',#1369,#1369,#1111,.T.);
#1677=EDGE_CURVE('',#1369,#1370,#709,.T.);
#1678=EDGE_CURVE('',#1370,#1370,#1112,.T.);
#1679=EDGE_CURVE('',#1371,#1372,#1113,.T.);
#1680=EDGE_CURVE('',#1372,#1371,#1114,.T.);
#1681=EDGE_CURVE('',#1372,#1373,#710,.T.);
#1682=EDGE_CURVE('',#1373,#1373,#1115,.T.);
#1683=EDGE_CURVE('',#1374,#1374,#1116,.T.);
#1684=EDGE_CURVE('',#1374,#1375,#711,.T.);
#1685=EDGE_CURVE('',#1375,#1375,#1117,.T.);
#1686=EDGE_CURVE('',#1376,#1377,#1118,.T.);
#1687=EDGE_CURVE('',#1377,#1376,#1119,.T.);
#1688=EDGE_CURVE('',#1377,#1378,#712,.T.);
#1689=EDGE_CURVE('',#1378,#1378,#1120,.T.);
#1690=EDGE_CURVE('',#1379,#1379,#1121,.T.);
#1691=EDGE_CURVE('',#1379,#1380,#713,.T.);
#1692=EDGE_CURVE('',#1380,#1380,#1122,.T.);
#1693=EDGE_CURVE('',#1381,#1382,#1123,.T.);
#1694=EDGE_CURVE('',#1382,#1381,#1124,.T.);
#1695=EDGE_CURVE('',#1382,#1383,#714,.T.);
#1696=EDGE_CURVE('',#1383,#1383,#1125,.T.);
#1697=EDGE_CURVE('',#1384,#1384,#1126,.T.);
#1698=EDGE_CURVE('',#1384,#1385,#715,.T.);
#1699=EDGE_CURVE('',#1385,#1385,#1127,.T.);
#1700=EDGE_CURVE('',#1386,#1387,#1128,.T.);
#1701=EDGE_CURVE('',#1387,#1386,#1129,.T.);
#1702=EDGE_CURVE('',#1387,#1388,#716,.T.);
#1703=EDGE_CURVE('',#1388,#1388,#1130,.T.);
#1704=EDGE_CURVE('',#1389,#1389,#1131,.T.);
#1705=EDGE_CURVE('',#1389,#1390,#717,.T.);
#1706=EDGE_CURVE('',#1390,#1390,#1132,.T.);
#1707=EDGE_CURVE('',#1391,#1392,#1133,.T.);
#1708=EDGE_CURVE('',#1392,#1391,#1134,.T.);
#1709=EDGE_CURVE('',#1392,#1393,#718,.T.);
#1710=EDGE_CURVE('',#1393,#1393,#1135,.T.);
#1711=EDGE_CURVE('',#1394,#1394,#1136,.T.);
#1712=EDGE_CURVE('',#1394,#1395,#719,.T.);
#1713=EDGE_CURVE('',#1395,#1395,#1137,.T.);
#1714=EDGE_CURVE('',#1396,#1397,#1138,.T.);
#1715=EDGE_CURVE('',#1397,#1396,#1139,.T.);
#1716=EDGE_CURVE('',#1397,#1398,#720,.T.);
#1717=EDGE_CURVE('',#1398,#1398,#1140,.T.);
#1718=EDGE_CURVE('',#1399,#1399,#1141,.T.);
#1719=EDGE_CURVE('',#1399,#1400,#721,.T.);
#1720=EDGE_CURVE('',#1400,#1400,#1142,.T.);
#1721=EDGE_CURVE('',#1401,#1402,#1143,.T.);
#1722=EDGE_CURVE('',#1402,#1401,#1144,.T.);
#1723=EDGE_CURVE('',#1402,#1403,#722,.T.);
#1724=EDGE_CURVE('',#1403,#1403,#1145,.T.);
#1725=EDGE_CURVE('',#1404,#1404,#1146,.T.);
#1726=EDGE_CURVE('',#1404,#1405,#723,.T.);
#1727=EDGE_CURVE('',#1405,#1405,#1147,.T.);
#1728=EDGE_CURVE('',#1406,#1407,#1148,.T.);
#1729=EDGE_CURVE('',#1407,#1406,#1149,.T.);
#1730=EDGE_CURVE('',#1407,#1408,#724,.T.);
#1731=EDGE_CURVE('',#1408,#1408,#1150,.T.);
#1732=EDGE_CURVE('',#1409,#1409,#1151,.T.);
#1733=EDGE_CURVE('',#1409,#1410,#725,.T.);
#1734=EDGE_CURVE('',#1410,#1410,#1152,.T.);
#1735=EDGE_CURVE('',#1411,#1411,#1153,.T.);
#1736=EDGE_CURVE('',#1411,#1412,#726,.T.);
#1737=EDGE_CURVE('',#1412,#1412,#1154,.T.);
#1738=EDGE_CURVE('',#1413,#1413,#1155,.T.);
#1739=EDGE_CURVE('',#1413,#1414,#727,.T.);
#1740=EDGE_CURVE('',#1414,#1414,#1156,.T.);
#1741=EDGE_CURVE('',#1415,#1415,#1157,.T.);
#1742=EDGE_CURVE('',#1415,#1416,#728,.T.);
#1743=EDGE_CURVE('',#1416,#1416,#1158,.T.);
#1744=EDGE_CURVE('',#1417,#1417,#1159,.T.);
#1745=EDGE_CURVE('',#1417,#1418,#729,.T.);
#1746=EDGE_CURVE('',#1418,#1418,#1160,.T.);
#1747=EDGE_CURVE('',#1351,#1354,#730,.T.);
#1748=EDGE_CURVE('',#1346,#1349,#731,.T.);
#1749=EDGE_CURVE('',#1341,#1344,#732,.T.);
#1750=EDGE_CURVE('',#1336,#1339,#733,.T.);
#1751=EDGE_CURVE('',#1331,#1334,#734,.T.);
#1752=EDGE_CURVE('',#1321,#1324,#735,.T.);
#1753=EDGE_CURVE('',#1326,#1329,#736,.T.);
#1754=EDGE_CURVE('',#1316,#1319,#737,.T.);
#1755=EDGE_CURVE('',#1311,#1314,#738,.T.);
#1756=EDGE_CURVE('',#1406,#1409,#739,.T.);
#1757=EDGE_CURVE('',#1401,#1404,#740,.T.);
#1758=EDGE_CURVE('',#1396,#1399,#741,.T.);
#1759=EDGE_CURVE('',#1391,#1394,#742,.T.);
#1760=EDGE_CURVE('',#1386,#1389,#743,.T.);
#1761=EDGE_CURVE('',#1381,#1384,#744,.T.);
#1762=EDGE_CURVE('',#1376,#1379,#745,.T.);
#1763=EDGE_CURVE('',#1371,#1374,#746,.T.);
#1764=EDGE_CURVE('',#1366,#1369,#747,.T.);
#1765=EDGE_CURVE('',#1361,#1364,#748,.T.);
#1766=EDGE_CURVE('',#1356,#1359,#749,.T.);
#1767=EDGE_CURVE('',#1419,#1419,#1161,.T.);
#1768=EDGE_CURVE('',#1419,#1420,#750,.T.);
#1769=EDGE_CURVE('',#1421,#1420,#1162,.T.);
#1770=EDGE_CURVE('',#1420,#1421,#1163,.T.);
#1771=EDGE_CURVE('',#1422,#1422,#1164,.T.);
#1772=EDGE_CURVE('',#1422,#1421,#751,.T.);
#1773=EDGE_CURVE('',#1423,#1423,#1165,.T.);
#1774=EDGE_CURVE('',#1423,#1422,#752,.T.);
#1775=EDGE_CURVE('',#1306,#1309,#753,.T.);
#1776=EDGE_CURVE('',#1424,#1425,#1166,.T.);
#1777=EDGE_CURVE('',#1425,#1424,#1167,.T.);
#1778=EDGE_CURVE('',#1425,#1426,#754,.T.);
#1779=EDGE_CURVE('',#1426,#1426,#1168,.T.);
#1780=EDGE_CURVE('',#1427,#1427,#1169,.T.);
#1781=EDGE_CURVE('',#1427,#1428,#755,.T.);
#1782=EDGE_CURVE('',#1428,#1428,#1170,.T.);
#1783=EDGE_CURVE('',#1429,#1430,#1171,.T.);
#1784=EDGE_CURVE('',#1430,#1429,#1172,.T.);
#1785=EDGE_CURVE('',#1430,#1431,#756,.T.);
#1786=EDGE_CURVE('',#1431,#1431,#1173,.T.);
#1787=EDGE_CURVE('',#1432,#1432,#1174,.T.);
#1788=EDGE_CURVE('',#1432,#1433,#757,.T.);
#1789=EDGE_CURVE('',#1433,#1433,#1175,.T.);
#1790=EDGE_CURVE('',#1434,#1435,#1176,.T.);
#1791=EDGE_CURVE('',#1435,#1434,#1177,.T.);
#1792=EDGE_CURVE('',#1435,#1436,#758,.T.);
#1793=EDGE_CURVE('',#1436,#1436,#1178,.T.);
#1794=EDGE_CURVE('',#1437,#1437,#1179,.T.);
#1795=EDGE_CURVE('',#1437,#1438,#759,.T.);
#1796=EDGE_CURVE('',#1438,#1438,#1180,.T.);
#1797=EDGE_CURVE('',#1439,#1440,#1181,.T.);
#1798=EDGE_CURVE('',#1440,#1439,#1182,.T.);
#1799=EDGE_CURVE('',#1440,#1441,#760,.T.);
#1800=EDGE_CURVE('',#1441,#1441,#1183,.T.);
#1801=EDGE_CURVE('',#1442,#1442,#1184,.T.);
#1802=EDGE_CURVE('',#1442,#1443,#761,.T.);
#1803=EDGE_CURVE('',#1443,#1443,#1185,.T.);
#1804=EDGE_CURVE('',#1444,#1445,#1186,.T.);
#1805=EDGE_CURVE('',#1445,#1444,#1187,.T.);
#1806=EDGE_CURVE('',#1445,#1446,#762,.T.);
#1807=EDGE_CURVE('',#1446,#1446,#1188,.T.);
#1808=EDGE_CURVE('',#1447,#1447,#1189,.T.);
#1809=EDGE_CURVE('',#1447,#1448,#763,.T.);
#1810=EDGE_CURVE('',#1448,#1448,#1190,.T.);
#1811=EDGE_CURVE('',#1449,#1450,#1191,.T.);
#1812=EDGE_CURVE('',#1450,#1449,#1192,.T.);
#1813=EDGE_CURVE('',#1450,#1451,#764,.T.);
#1814=EDGE_CURVE('',#1451,#1451,#1193,.T.);
#1815=EDGE_CURVE('',#1452,#1452,#1194,.T.);
#1816=EDGE_CURVE('',#1452,#1453,#765,.T.);
#1817=EDGE_CURVE('',#1453,#1453,#1195,.T.);
#1818=EDGE_CURVE('',#1454,#1455,#1196,.T.);
#1819=EDGE_CURVE('',#1455,#1454,#1197,.T.);
#1820=EDGE_CURVE('',#1455,#1456,#766,.T.);
#1821=EDGE_CURVE('',#1456,#1456,#1198,.T.);
#1822=EDGE_CURVE('',#1457,#1457,#1199,.T.);
#1823=EDGE_CURVE('',#1457,#1458,#767,.T.);
#1824=EDGE_CURVE('',#1458,#1458,#1200,.T.);
#1825=EDGE_CURVE('',#1459,#1460,#1201,.T.);
#1826=EDGE_CURVE('',#1460,#1459,#1202,.T.);
#1827=EDGE_CURVE('',#1460,#1461,#768,.T.);
#1828=EDGE_CURVE('',#1461,#1461,#1203,.T.);
#1829=EDGE_CURVE('',#1462,#1462,#1204,.T.);
#1830=EDGE_CURVE('',#1462,#1463,#769,.T.);
#1831=EDGE_CURVE('',#1463,#1463,#1205,.T.);
#1832=EDGE_CURVE('',#1464,#1465,#1206,.T.);
#1833=EDGE_CURVE('',#1465,#1464,#1207,.T.);
#1834=EDGE_CURVE('',#1465,#1466,#770,.T.);
#1835=EDGE_CURVE('',#1466,#1466,#1208,.T.);
#1836=EDGE_CURVE('',#1467,#1467,#1209,.T.);
#1837=EDGE_CURVE('',#1467,#1468,#771,.T.);
#1838=EDGE_CURVE('',#1468,#1468,#1210,.T.);
#1839=EDGE_CURVE('',#1469,#1470,#1211,.T.);
#1840=EDGE_CURVE('',#1470,#1469,#1212,.T.);
#1841=EDGE_CURVE('',#1470,#1471,#772,.T.);
#1842=EDGE_CURVE('',#1471,#1471,#1213,.T.);
#1843=EDGE_CURVE('',#1472,#1473,#1214,.T.);
#1844=EDGE_CURVE('',#1474,#1472,#773,.T.);
#1845=EDGE_CURVE('',#1475,#1474,#1215,.T.);
#1846=EDGE_CURVE('',#1473,#1475,#774,.T.);
#1847=EDGE_CURVE('',#1444,#1447,#775,.T.);
#1848=EDGE_CURVE('',#1439,#1442,#776,.T.);
#1849=EDGE_CURVE('',#1434,#1437,#777,.T.);
#1850=EDGE_CURVE('',#1429,#1432,#778,.T.);
#1851=EDGE_CURVE('',#1424,#1427,#779,.T.);
#1852=EDGE_CURVE('',#1459,#1462,#780,.T.);
#1853=EDGE_CURVE('',#1454,#1457,#781,.T.);
#1854=EDGE_CURVE('',#1449,#1452,#782,.T.);
#1855=EDGE_CURVE('',#1476,#1476,#1216,.T.);
#1856=EDGE_CURVE('',#1476,#1467,#783,.T.);
#1857=EDGE_CURVE('',#1464,#1477,#784,.T.);
#1858=EDGE_CURVE('',#1477,#1477,#1217,.T.);
#1859=EDGE_CURVE('',#1478,#1478,#1218,.T.);
#1860=EDGE_CURVE('',#1478,#1479,#785,.T.);
#1861=EDGE_CURVE('',#1480,#1479,#1219,.T.);
#1862=EDGE_CURVE('',#1479,#1480,#1220,.T.);
#1863=EDGE_CURVE('',#1481,#1481,#1221,.T.);
#1864=EDGE_CURVE('',#1481,#1480,#786,.T.);
#1865=EDGE_CURVE('',#1482,#1483,#1222,.T.);
#1866=EDGE_CURVE('',#1482,#1484,#787,.T.);
#1867=EDGE_CURVE('',#1485,#1484,#1223,.T.);
#1868=EDGE_CURVE('',#1485,#1486,#788,.T.);
#1869=EDGE_CURVE('',#1487,#1486,#1224,.T.);
#1870=EDGE_CURVE('',#1487,#1481,#789,.T.);
#1871=EDGE_CURVE('',#1488,#1487,#1225,.T.);
#1872=EDGE_CURVE('',#1488,#1489,#790,.T.);
#1873=EDGE_CURVE('',#1489,#1490,#1226,.T.);
#1874=EDGE_CURVE('',#1490,#1483,#791,.T.);
#1875=EDGE_CURVE('',#1469,#1491,#792,.T.);
#1876=EDGE_CURVE('',#1491,#1492,#1227,.T.);
#1877=EDGE_CURVE('',#1492,#1493,#793,.T.);
#1878=EDGE_CURVE('',#1494,#1493,#1228,.T.);
#1879=EDGE_CURVE('',#1494,#1475,#794,.T.);
#1880=EDGE_CURVE('',#1474,#1495,#795,.T.);
#1881=EDGE_CURVE('',#1495,#1496,#1229,.T.);
#1882=EDGE_CURVE('',#1496,#1497,#796,.T.);
#1883=EDGE_CURVE('',#1497,#1491,#1230,.T.);
#1884=EDGE_CURVE('',#1498,#1499,#1231,.T.);
#1885=EDGE_CURVE('',#1488,#1499,#797,.T.);
#1886=EDGE_CURVE('',#1498,#1486,#798,.T.);
#1887=EDGE_CURVE('',#1499,#1497,#799,.T.);
#1888=EDGE_CURVE('',#1492,#1498,#800,.T.);
#1889=EDGE_CURVE('',#1472,#1483,#801,.T.);
#1890=EDGE_CURVE('',#1482,#1473,#802,.T.);
#1891=EDGE_CURVE('',#1493,#1485,#803,.T.);
#1892=EDGE_CURVE('',#1484,#1494,#804,.T.);
#1893=EDGE_CURVE('',#1495,#1490,#805,.T.);
#1894=EDGE_CURVE('',#1489,#1496,#806,.T.);
#1895=EDGE_CURVE('',#1500,#1501,#1232,.T.);
#1896=EDGE_CURVE('',#1501,#1500,#1233,.T.);
#1897=EDGE_CURVE('',#1501,#1502,#807,.T.);
#1898=EDGE_CURVE('',#1502,#1502,#1234,.T.);
#1899=EDGE_CURVE('',#1503,#1503,#1235,.T.);
#1900=EDGE_CURVE('',#1503,#1504,#808,.T.);
#1901=EDGE_CURVE('',#1504,#1504,#1236,.T.);
#1902=EDGE_CURVE('',#1505,#1506,#1237,.T.);
#1903=EDGE_CURVE('',#1506,#1505,#1238,.T.);
#1904=EDGE_CURVE('',#1506,#1507,#809,.T.);
#1905=EDGE_CURVE('',#1507,#1507,#1239,.T.);
#1906=EDGE_CURVE('',#1508,#1508,#1240,.T.);
#1907=EDGE_CURVE('',#1508,#1509,#810,.T.);
#1908=EDGE_CURVE('',#1509,#1509,#1241,.T.);
#1909=EDGE_CURVE('',#1510,#1511,#1242,.T.);
#1910=EDGE_CURVE('',#1511,#1510,#1243,.T.);
#1911=EDGE_CURVE('',#1511,#1512,#811,.T.);
#1912=EDGE_CURVE('',#1512,#1512,#1244,.T.);
#1913=EDGE_CURVE('',#1513,#1513,#1245,.T.);
#1914=EDGE_CURVE('',#1513,#1514,#812,.T.);
#1915=EDGE_CURVE('',#1514,#1514,#1246,.T.);
#1916=EDGE_CURVE('',#1515,#1516,#1247,.T.);
#1917=EDGE_CURVE('',#1516,#1515,#1248,.T.);
#1918=EDGE_CURVE('',#1516,#1517,#813,.T.);
#1919=EDGE_CURVE('',#1517,#1517,#1249,.T.);
#1920=EDGE_CURVE('',#1518,#1518,#1250,.T.);
#1921=EDGE_CURVE('',#1518,#1519,#814,.T.);
#1922=EDGE_CURVE('',#1519,#1519,#1251,.T.);
#1923=EDGE_CURVE('',#1520,#1521,#1252,.T.);
#1924=EDGE_CURVE('',#1521,#1520,#1253,.T.);
#1925=EDGE_CURVE('',#1521,#1522,#815,.T.);
#1926=EDGE_CURVE('',#1522,#1522,#1254,.T.);
#1927=EDGE_CURVE('',#1523,#1523,#1255,.T.);
#1928=EDGE_CURVE('',#1523,#1524,#816,.T.);
#1929=EDGE_CURVE('',#1524,#1524,#1256,.T.);
#1930=EDGE_CURVE('',#1525,#1526,#1257,.T.);
#1931=EDGE_CURVE('',#1526,#1525,#1258,.T.);
#1932=EDGE_CURVE('',#1526,#1527,#817,.T.);
#1933=EDGE_CURVE('',#1527,#1527,#1259,.T.);
#1934=EDGE_CURVE('',#1528,#1528,#1260,.T.);
#1935=EDGE_CURVE('',#1528,#1529,#818,.T.);
#1936=EDGE_CURVE('',#1529,#1529,#1261,.T.);
#1937=EDGE_CURVE('',#1530,#1531,#1262,.T.);
#1938=EDGE_CURVE('',#1531,#1530,#1263,.T.);
#1939=EDGE_CURVE('',#1531,#1532,#819,.T.);
#1940=EDGE_CURVE('',#1532,#1532,#1264,.T.);
#1941=EDGE_CURVE('',#1533,#1533,#1265,.T.);
#1942=EDGE_CURVE('',#1533,#1534,#820,.T.);
#1943=EDGE_CURVE('',#1534,#1534,#1266,.T.);
#1944=EDGE_CURVE('',#1535,#1536,#1267,.T.);
#1945=EDGE_CURVE('',#1536,#1535,#1268,.T.);
#1946=EDGE_CURVE('',#1536,#1537,#821,.T.);
#1947=EDGE_CURVE('',#1537,#1537,#1269,.T.);
#1948=EDGE_CURVE('',#1538,#1538,#1270,.T.);
#1949=EDGE_CURVE('',#1538,#1539,#822,.T.);
#1950=EDGE_CURVE('',#1539,#1539,#1271,.T.);
#1951=EDGE_CURVE('',#1540,#1541,#1272,.T.);
#1952=EDGE_CURVE('',#1541,#1540,#1273,.T.);
#1953=EDGE_CURVE('',#1541,#1542,#823,.T.);
#1954=EDGE_CURVE('',#1542,#1542,#1274,.T.);
#1955=EDGE_CURVE('',#1543,#1543,#1275,.T.);
#1956=EDGE_CURVE('',#1543,#1544,#824,.T.);
#1957=EDGE_CURVE('',#1544,#1544,#1276,.T.);
#1958=EDGE_CURVE('',#1545,#1546,#1277,.T.);
#1959=EDGE_CURVE('',#1546,#1545,#1278,.T.);
#1960=EDGE_CURVE('',#1546,#1547,#825,.T.);
#1961=EDGE_CURVE('',#1547,#1547,#1279,.T.);
#1962=EDGE_CURVE('',#1548,#1549,#1280,.T.);
#1963=EDGE_CURVE('',#1550,#1548,#826,.T.);
#1964=EDGE_CURVE('',#1551,#1550,#1281,.T.);
#1965=EDGE_CURVE('',#1549,#1551,#827,.T.);
#1966=EDGE_CURVE('',#1520,#1523,#828,.T.);
#1967=EDGE_CURVE('',#1515,#1518,#829,.T.);
#1968=EDGE_CURVE('',#1510,#1513,#830,.T.);
#1969=EDGE_CURVE('',#1505,#1508,#831,.T.);
#1970=EDGE_CURVE('',#1500,#1503,#832,.T.);
#1971=EDGE_CURVE('',#1535,#1538,#833,.T.);
#1972=EDGE_CURVE('',#1530,#1533,#834,.T.);
#1973=EDGE_CURVE('',#1525,#1528,#835,.T.);
#1974=EDGE_CURVE('',#1552,#1552,#1282,.T.);
#1975=EDGE_CURVE('',#1552,#1543,#836,.T.);
#1976=EDGE_CURVE('',#1540,#1553,#837,.T.);
#1977=EDGE_CURVE('',#1553,#1553,#1283,.T.);
#1978=EDGE_CURVE('',#1554,#1554,#1284,.T.);
#1979=EDGE_CURVE('',#1554,#1555,#838,.T.);
#1980=EDGE_CURVE('',#1556,#1555,#1285,.T.);
#1981=EDGE_CURVE('',#1555,#1556,#1286,.T.);
#1982=EDGE_CURVE('',#1557,#1557,#1287,.T.);
#1983=EDGE_CURVE('',#1557,#1556,#839,.T.);
#1984=EDGE_CURVE('',#1558,#1559,#1288,.T.);
#1985=EDGE_CURVE('',#1558,#1560,#840,.T.);
#1986=EDGE_CURVE('',#1561,#1560,#1289,.T.);
#1987=EDGE_CURVE('',#1561,#1562,#841,.T.);
#1988=EDGE_CURVE('',#1563,#1562,#1290,.T.);
#1989=EDGE_CURVE('',#1563,#1557,#842,.T.);
#1990=EDGE_CURVE('',#1564,#1563,#1291,.T.);
#1991=EDGE_CURVE('',#1564,#1565,#843,.T.);
#1992=EDGE_CURVE('',#1565,#1566,#1292,.T.);
#1993=EDGE_CURVE('',#1566,#1559,#844,.T.);
#1994=EDGE_CURVE('',#1545,#1567,#845,.T.);
#1995=EDGE_CURVE('',#1567,#1568,#1293,.T.);
#1996=EDGE_CURVE('',#1568,#1569,#846,.T.);
#1997=EDGE_CURVE('',#1570,#1569,#1294,.T.);
#1998=EDGE_CURVE('',#1570,#1551,#847,.T.);
#1999=EDGE_CURVE('',#1550,#1571,#848,.T.);
#2000=EDGE_CURVE('',#1571,#1572,#1295,.T.);
#2001=EDGE_CURVE('',#1572,#1573,#849,.T.);
#2002=EDGE_CURVE('',#1573,#1567,#1296,.T.);
#2003=EDGE_CURVE('',#1574,#1575,#1297,.T.);
#2004=EDGE_CURVE('',#1564,#1575,#850,.T.);
#2005=EDGE_CURVE('',#1574,#1562,#851,.T.);
#2006=EDGE_CURVE('',#1575,#1573,#852,.T.);
#2007=EDGE_CURVE('',#1568,#1574,#853,.T.);
#2008=EDGE_CURVE('',#1548,#1559,#854,.T.);
#2009=EDGE_CURVE('',#1558,#1549,#855,.T.);
#2010=EDGE_CURVE('',#1569,#1561,#856,.T.);
#2011=EDGE_CURVE('',#1560,#1570,#857,.T.);
#2012=EDGE_CURVE('',#1571,#1566,#858,.T.);
#2013=EDGE_CURVE('',#1565,#1572,#859,.T.);
#2014=ORIENTED_EDGE('',*,*,#1576,.F.);
#2015=ORIENTED_EDGE('',*,*,#1577,.T.);
#2016=ORIENTED_EDGE('',*,*,#1578,.F.);
#2017=ORIENTED_EDGE('',*,*,#1577,.F.);
#2018=ORIENTED_EDGE('',*,*,#1576,.T.);
#2019=ORIENTED_EDGE('',*,*,#1579,.T.);
#2020=ORIENTED_EDGE('',*,*,#1580,.F.);
#2021=ORIENTED_EDGE('',*,*,#1581,.T.);
#2022=ORIENTED_EDGE('',*,*,#1582,.F.);
#2023=ORIENTED_EDGE('',*,*,#1581,.F.);
#2024=ORIENTED_EDGE('',*,*,#1580,.T.);
#2025=ORIENTED_EDGE('',*,*,#1583,.T.);
#2026=ORIENTED_EDGE('',*,*,#1584,.F.);
#2027=ORIENTED_EDGE('',*,*,#1585,.T.);
#2028=ORIENTED_EDGE('',*,*,#1583,.F.);
#2029=ORIENTED_EDGE('',*,*,#1585,.F.);
#2030=ORIENTED_EDGE('',*,*,#1586,.F.);
#2031=ORIENTED_EDGE('',*,*,#1587,.T.);
#2032=ORIENTED_EDGE('',*,*,#1579,.F.);
#2033=ORIENTED_EDGE('',*,*,#1587,.F.);
#2034=ORIENTED_EDGE('',*,*,#1588,.F.);
#2035=ORIENTED_EDGE('',*,*,#1589,.F.);
#2036=ORIENTED_EDGE('',*,*,#1590,.T.);
#2037=ORIENTED_EDGE('',*,*,#1591,.F.);
#2038=ORIENTED_EDGE('',*,*,#1590,.F.);
#2039=ORIENTED_EDGE('',*,*,#1592,.F.);
#2040=ORIENTED_EDGE('',*,*,#1593,.T.);
#2041=ORIENTED_EDGE('',*,*,#1594,.F.);
#2042=ORIENTED_EDGE('',*,*,#1593,.F.);
#2043=ORIENTED_EDGE('',*,*,#1595,.F.);
#2044=ORIENTED_EDGE('',*,*,#1596,.F.);
#2045=ORIENTED_EDGE('',*,*,#1597,.T.);
#2046=ORIENTED_EDGE('',*,*,#1598,.F.);
#2047=ORIENTED_EDGE('',*,*,#1597,.F.);
#2048=ORIENTED_EDGE('',*,*,#1599,.F.);
#2049=ORIENTED_EDGE('',*,*,#1600,.T.);
#2050=ORIENTED_EDGE('',*,*,#1601,.F.);
#2051=ORIENTED_EDGE('',*,*,#1600,.F.);
#2052=ORIENTED_EDGE('',*,*,#1602,.F.);
#2053=ORIENTED_EDGE('',*,*,#1603,.F.);
#2054=ORIENTED_EDGE('',*,*,#1604,.T.);
#2055=ORIENTED_EDGE('',*,*,#1605,.F.);
#2056=ORIENTED_EDGE('',*,*,#1604,.F.);
#2057=ORIENTED_EDGE('',*,*,#1606,.F.);
#2058=ORIENTED_EDGE('',*,*,#1607,.T.);
#2059=ORIENTED_EDGE('',*,*,#1608,.F.);
#2060=ORIENTED_EDGE('',*,*,#1607,.F.);
#2061=ORIENTED_EDGE('',*,*,#1609,.F.);
#2062=ORIENTED_EDGE('',*,*,#1610,.F.);
#2063=ORIENTED_EDGE('',*,*,#1611,.T.);
#2064=ORIENTED_EDGE('',*,*,#1612,.F.);
#2065=ORIENTED_EDGE('',*,*,#1611,.F.);
#2066=ORIENTED_EDGE('',*,*,#1613,.F.);
#2067=ORIENTED_EDGE('',*,*,#1614,.T.);
#2068=ORIENTED_EDGE('',*,*,#1615,.F.);
#2069=ORIENTED_EDGE('',*,*,#1614,.F.);
#2070=ORIENTED_EDGE('',*,*,#1616,.F.);
#2071=ORIENTED_EDGE('',*,*,#1617,.F.);
#2072=ORIENTED_EDGE('',*,*,#1618,.T.);
#2073=ORIENTED_EDGE('',*,*,#1619,.F.);
#2074=ORIENTED_EDGE('',*,*,#1618,.F.);
#2075=ORIENTED_EDGE('',*,*,#1620,.F.);
#2076=ORIENTED_EDGE('',*,*,#1621,.T.);
#2077=ORIENTED_EDGE('',*,*,#1622,.F.);
#2078=ORIENTED_EDGE('',*,*,#1621,.F.);
#2079=ORIENTED_EDGE('',*,*,#1623,.F.);
#2080=ORIENTED_EDGE('',*,*,#1624,.F.);
#2081=ORIENTED_EDGE('',*,*,#1625,.T.);
#2082=ORIENTED_EDGE('',*,*,#1626,.F.);
#2083=ORIENTED_EDGE('',*,*,#1625,.F.);
#2084=ORIENTED_EDGE('',*,*,#1627,.F.);
#2085=ORIENTED_EDGE('',*,*,#1628,.T.);
#2086=ORIENTED_EDGE('',*,*,#1629,.F.);
#2087=ORIENTED_EDGE('',*,*,#1628,.F.);
#2088=ORIENTED_EDGE('',*,*,#1630,.F.);
#2089=ORIENTED_EDGE('',*,*,#1631,.F.);
#2090=ORIENTED_EDGE('',*,*,#1632,.T.);
#2091=ORIENTED_EDGE('',*,*,#1633,.F.);
#2092=ORIENTED_EDGE('',*,*,#1632,.F.);
#2093=ORIENTED_EDGE('',*,*,#1634,.F.);
#2094=ORIENTED_EDGE('',*,*,#1635,.T.);
#2095=ORIENTED_EDGE('',*,*,#1636,.F.);
#2096=ORIENTED_EDGE('',*,*,#1635,.F.);
#2097=ORIENTED_EDGE('',*,*,#1637,.F.);
#2098=ORIENTED_EDGE('',*,*,#1638,.F.);
#2099=ORIENTED_EDGE('',*,*,#1639,.T.);
#2100=ORIENTED_EDGE('',*,*,#1640,.F.);
#2101=ORIENTED_EDGE('',*,*,#1639,.F.);
#2102=ORIENTED_EDGE('',*,*,#1641,.F.);
#2103=ORIENTED_EDGE('',*,*,#1642,.T.);
#2104=ORIENTED_EDGE('',*,*,#1643,.F.);
#2105=ORIENTED_EDGE('',*,*,#1642,.F.);
#2106=ORIENTED_EDGE('',*,*,#1644,.F.);
#2107=ORIENTED_EDGE('',*,*,#1645,.F.);
#2108=ORIENTED_EDGE('',*,*,#1646,.T.);
#2109=ORIENTED_EDGE('',*,*,#1647,.F.);
#2110=ORIENTED_EDGE('',*,*,#1646,.F.);
#2111=ORIENTED_EDGE('',*,*,#1648,.F.);
#2112=ORIENTED_EDGE('',*,*,#1649,.T.);
#2113=ORIENTED_EDGE('',*,*,#1650,.F.);
#2114=ORIENTED_EDGE('',*,*,#1649,.F.);
#2115=ORIENTED_EDGE('',*,*,#1651,.F.);
#2116=ORIENTED_EDGE('',*,*,#1652,.F.);
#2117=ORIENTED_EDGE('',*,*,#1653,.T.);
#2118=ORIENTED_EDGE('',*,*,#1654,.F.);
#2119=ORIENTED_EDGE('',*,*,#1653,.F.);
#2120=ORIENTED_EDGE('',*,*,#1655,.F.);
#2121=ORIENTED_EDGE('',*,*,#1656,.T.);
#2122=ORIENTED_EDGE('',*,*,#1657,.F.);
#2123=ORIENTED_EDGE('',*,*,#1656,.F.);
#2124=ORIENTED_EDGE('',*,*,#1658,.F.);
#2125=ORIENTED_EDGE('',*,*,#1659,.F.);
#2126=ORIENTED_EDGE('',*,*,#1660,.T.);
#2127=ORIENTED_EDGE('',*,*,#1661,.F.);
#2128=ORIENTED_EDGE('',*,*,#1660,.F.);
#2129=ORIENTED_EDGE('',*,*,#1662,.F.);
#2130=ORIENTED_EDGE('',*,*,#1663,.T.);
#2131=ORIENTED_EDGE('',*,*,#1664,.F.);
#2132=ORIENTED_EDGE('',*,*,#1663,.F.);
#2133=ORIENTED_EDGE('',*,*,#1665,.F.);
#2134=ORIENTED_EDGE('',*,*,#1666,.F.);
#2135=ORIENTED_EDGE('',*,*,#1667,.T.);
#2136=ORIENTED_EDGE('',*,*,#1668,.F.);
#2137=ORIENTED_EDGE('',*,*,#1667,.F.);
#2138=ORIENTED_EDGE('',*,*,#1669,.F.);
#2139=ORIENTED_EDGE('',*,*,#1670,.T.);
#2140=ORIENTED_EDGE('',*,*,#1671,.F.);
#2141=ORIENTED_EDGE('',*,*,#1670,.F.);
#2142=ORIENTED_EDGE('',*,*,#1672,.F.);
#2143=ORIENTED_EDGE('',*,*,#1673,.F.);
#2144=ORIENTED_EDGE('',*,*,#1674,.T.);
#2145=ORIENTED_EDGE('',*,*,#1675,.F.);
#2146=ORIENTED_EDGE('',*,*,#1674,.F.);
#2147=ORIENTED_EDGE('',*,*,#1676,.F.);
#2148=ORIENTED_EDGE('',*,*,#1677,.T.);
#2149=ORIENTED_EDGE('',*,*,#1678,.F.);
#2150=ORIENTED_EDGE('',*,*,#1677,.F.);
#2151=ORIENTED_EDGE('',*,*,#1679,.F.);
#2152=ORIENTED_EDGE('',*,*,#1680,.F.);
#2153=ORIENTED_EDGE('',*,*,#1681,.T.);
#2154=ORIENTED_EDGE('',*,*,#1682,.F.);
#2155=ORIENTED_EDGE('',*,*,#1681,.F.);
#2156=ORIENTED_EDGE('',*,*,#1683,.F.);
#2157=ORIENTED_EDGE('',*,*,#1684,.T.);
#2158=ORIENTED_EDGE('',*,*,#1685,.F.);
#2159=ORIENTED_EDGE('',*,*,#1684,.F.);
#2160=ORIENTED_EDGE('',*,*,#1686,.F.);
#2161=ORIENTED_EDGE('',*,*,#1687,.F.);
#2162=ORIENTED_EDGE('',*,*,#1688,.T.);
#2163=ORIENTED_EDGE('',*,*,#1689,.F.);
#2164=ORIENTED_EDGE('',*,*,#1688,.F.);
#2165=ORIENTED_EDGE('',*,*,#1690,.F.);
#2166=ORIENTED_EDGE('',*,*,#1691,.T.);
#2167=ORIENTED_EDGE('',*,*,#1692,.F.);
#2168=ORIENTED_EDGE('',*,*,#1691,.F.);
#2169=ORIENTED_EDGE('',*,*,#1693,.F.);
#2170=ORIENTED_EDGE('',*,*,#1694,.F.);
#2171=ORIENTED_EDGE('',*,*,#1695,.T.);
#2172=ORIENTED_EDGE('',*,*,#1696,.F.);
#2173=ORIENTED_EDGE('',*,*,#1695,.F.);
#2174=ORIENTED_EDGE('',*,*,#1697,.F.);
#2175=ORIENTED_EDGE('',*,*,#1698,.T.);
#2176=ORIENTED_EDGE('',*,*,#1699,.F.);
#2177=ORIENTED_EDGE('',*,*,#1698,.F.);
#2178=ORIENTED_EDGE('',*,*,#1700,.F.);
#2179=ORIENTED_EDGE('',*,*,#1701,.F.);
#2180=ORIENTED_EDGE('',*,*,#1702,.T.);
#2181=ORIENTED_EDGE('',*,*,#1703,.F.);
#2182=ORIENTED_EDGE('',*,*,#1702,.F.);
#2183=ORIENTED_EDGE('',*,*,#1704,.F.);
#2184=ORIENTED_EDGE('',*,*,#1705,.T.);
#2185=ORIENTED_EDGE('',*,*,#1706,.F.);
#2186=ORIENTED_EDGE('',*,*,#1705,.F.);
#2187=ORIENTED_EDGE('',*,*,#1707,.F.);
#2188=ORIENTED_EDGE('',*,*,#1708,.F.);
#2189=ORIENTED_EDGE('',*,*,#1709,.T.);
#2190=ORIENTED_EDGE('',*,*,#1710,.F.);
#2191=ORIENTED_EDGE('',*,*,#1709,.F.);
#2192=ORIENTED_EDGE('',*,*,#1711,.F.);
#2193=ORIENTED_EDGE('',*,*,#1712,.T.);
#2194=ORIENTED_EDGE('',*,*,#1713,.F.);
#2195=ORIENTED_EDGE('',*,*,#1712,.F.);
#2196=ORIENTED_EDGE('',*,*,#1714,.F.);
#2197=ORIENTED_EDGE('',*,*,#1715,.F.);
#2198=ORIENTED_EDGE('',*,*,#1716,.T.);
#2199=ORIENTED_EDGE('',*,*,#1717,.F.);
#2200=ORIENTED_EDGE('',*,*,#1716,.F.);
#2201=ORIENTED_EDGE('',*,*,#1718,.F.);
#2202=ORIENTED_EDGE('',*,*,#1719,.T.);
#2203=ORIENTED_EDGE('',*,*,#1720,.F.);
#2204=ORIENTED_EDGE('',*,*,#1719,.F.);
#2205=ORIENTED_EDGE('',*,*,#1721,.F.);
#2206=ORIENTED_EDGE('',*,*,#1722,.F.);
#2207=ORIENTED_EDGE('',*,*,#1723,.T.);
#2208=ORIENTED_EDGE('',*,*,#1724,.F.);
#2209=ORIENTED_EDGE('',*,*,#1723,.F.);
#2210=ORIENTED_EDGE('',*,*,#1725,.F.);
#2211=ORIENTED_EDGE('',*,*,#1726,.T.);
#2212=ORIENTED_EDGE('',*,*,#1727,.F.);
#2213=ORIENTED_EDGE('',*,*,#1726,.F.);
#2214=ORIENTED_EDGE('',*,*,#1728,.F.);
#2215=ORIENTED_EDGE('',*,*,#1729,.F.);
#2216=ORIENTED_EDGE('',*,*,#1730,.T.);
#2217=ORIENTED_EDGE('',*,*,#1731,.F.);
#2218=ORIENTED_EDGE('',*,*,#1730,.F.);
#2219=ORIENTED_EDGE('',*,*,#1732,.F.);
#2220=ORIENTED_EDGE('',*,*,#1733,.T.);
#2221=ORIENTED_EDGE('',*,*,#1734,.F.);
#2222=ORIENTED_EDGE('',*,*,#1733,.F.);
#2223=ORIENTED_EDGE('',*,*,#1735,.F.);
#2224=ORIENTED_EDGE('',*,*,#1736,.T.);
#2225=ORIENTED_EDGE('',*,*,#1737,.T.);
#2226=ORIENTED_EDGE('',*,*,#1736,.F.);
#2227=ORIENTED_EDGE('',*,*,#1738,.F.);
#2228=ORIENTED_EDGE('',*,*,#1739,.T.);
#2229=ORIENTED_EDGE('',*,*,#1740,.T.);
#2230=ORIENTED_EDGE('',*,*,#1739,.F.);
#2231=ORIENTED_EDGE('',*,*,#1741,.F.);
#2232=ORIENTED_EDGE('',*,*,#1742,.T.);
#2233=ORIENTED_EDGE('',*,*,#1743,.T.);
#2234=ORIENTED_EDGE('',*,*,#1742,.F.);
#2235=ORIENTED_EDGE('',*,*,#1744,.F.);
#2236=ORIENTED_EDGE('',*,*,#1745,.T.);
#2237=ORIENTED_EDGE('',*,*,#1746,.T.);
#2238=ORIENTED_EDGE('',*,*,#1745,.F.);
#2239=ORIENTED_EDGE('',*,*,#1651,.T.);
#2240=ORIENTED_EDGE('',*,*,#1652,.T.);
#2241=ORIENTED_EDGE('',*,*,#1747,.T.);
#2242=ORIENTED_EDGE('',*,*,#1655,.T.);
#2243=ORIENTED_EDGE('',*,*,#1747,.F.);
#2244=ORIENTED_EDGE('',*,*,#1644,.T.);
#2245=ORIENTED_EDGE('',*,*,#1645,.T.);
#2246=ORIENTED_EDGE('',*,*,#1748,.T.);
#2247=ORIENTED_EDGE('',*,*,#1648,.T.);
#2248=ORIENTED_EDGE('',*,*,#1748,.F.);
#2249=ORIENTED_EDGE('',*,*,#1637,.T.);
#2250=ORIENTED_EDGE('',*,*,#1638,.T.);
#2251=ORIENTED_EDGE('',*,*,#1749,.T.);
#2252=ORIENTED_EDGE('',*,*,#1641,.T.);
#2253=ORIENTED_EDGE('',*,*,#1749,.F.);
#2254=ORIENTED_EDGE('',*,*,#1630,.T.);
#2255=ORIENTED_EDGE('',*,*,#1631,.T.);
#2256=ORIENTED_EDGE('',*,*,#1750,.T.);
#2257=ORIENTED_EDGE('',*,*,#1634,.T.);
#2258=ORIENTED_EDGE('',*,*,#1750,.F.);
#2259=ORIENTED_EDGE('',*,*,#1623,.T.);
#2260=ORIENTED_EDGE('',*,*,#1624,.T.);
#2261=ORIENTED_EDGE('',*,*,#1751,.T.);
#2262=ORIENTED_EDGE('',*,*,#1627,.T.);
#2263=ORIENTED_EDGE('',*,*,#1751,.F.);
#2264=ORIENTED_EDGE('',*,*,#1609,.T.);
#2265=ORIENTED_EDGE('',*,*,#1610,.T.);
#2266=ORIENTED_EDGE('',*,*,#1752,.T.);
#2267=ORIENTED_EDGE('',*,*,#1613,.T.);
#2268=ORIENTED_EDGE('',*,*,#1752,.F.);
#2269=ORIENTED_EDGE('',*,*,#1616,.T.);
#2270=ORIENTED_EDGE('',*,*,#1617,.T.);
#2271=ORIENTED_EDGE('',*,*,#1753,.T.);
#2272=ORIENTED_EDGE('',*,*,#1620,.T.);
#2273=ORIENTED_EDGE('',*,*,#1753,.F.);
#2274=ORIENTED_EDGE('',*,*,#1602,.T.);
#2275=ORIENTED_EDGE('',*,*,#1603,.T.);
#2276=ORIENTED_EDGE('',*,*,#1754,.T.);
#2277=ORIENTED_EDGE('',*,*,#1606,.T.);
#2278=ORIENTED_EDGE('',*,*,#1754,.F.);
#2279=ORIENTED_EDGE('',*,*,#1595,.T.);
#2280=ORIENTED_EDGE('',*,*,#1596,.T.);
#2281=ORIENTED_EDGE('',*,*,#1755,.T.);
#2282=ORIENTED_EDGE('',*,*,#1599,.T.);
#2283=ORIENTED_EDGE('',*,*,#1755,.F.);
#2284=ORIENTED_EDGE('',*,*,#1728,.T.);
#2285=ORIENTED_EDGE('',*,*,#1729,.T.);
#2286=ORIENTED_EDGE('',*,*,#1756,.T.);
#2287=ORIENTED_EDGE('',*,*,#1732,.T.);
#2288=ORIENTED_EDGE('',*,*,#1756,.F.);
#2289=ORIENTED_EDGE('',*,*,#1721,.T.);
#2290=ORIENTED_EDGE('',*,*,#1722,.T.);
#2291=ORIENTED_EDGE('',*,*,#1757,.T.);
#2292=ORIENTED_EDGE('',*,*,#1725,.T.);
#2293=ORIENTED_EDGE('',*,*,#1757,.F.);
#2294=ORIENTED_EDGE('',*,*,#1714,.T.);
#2295=ORIENTED_EDGE('',*,*,#1715,.T.);
#2296=ORIENTED_EDGE('',*,*,#1758,.T.);
#2297=ORIENTED_EDGE('',*,*,#1718,.T.);
#2298=ORIENTED_EDGE('',*,*,#1758,.F.);
#2299=ORIENTED_EDGE('',*,*,#1707,.T.);
#2300=ORIENTED_EDGE('',*,*,#1708,.T.);
#2301=ORIENTED_EDGE('',*,*,#1759,.T.);
#2302=ORIENTED_EDGE('',*,*,#1711,.T.);
#2303=ORIENTED_EDGE('',*,*,#1759,.F.);
#2304=ORIENTED_EDGE('',*,*,#1700,.T.);
#2305=ORIENTED_EDGE('',*,*,#1701,.T.);
#2306=ORIENTED_EDGE('',*,*,#1760,.T.);
#2307=ORIENTED_EDGE('',*,*,#1704,.T.);
#2308=ORIENTED_EDGE('',*,*,#1760,.F.);
#2309=ORIENTED_EDGE('',*,*,#1693,.T.);
#2310=ORIENTED_EDGE('',*,*,#1694,.T.);
#2311=ORIENTED_EDGE('',*,*,#1761,.T.);
#2312=ORIENTED_EDGE('',*,*,#1697,.T.);
#2313=ORIENTED_EDGE('',*,*,#1761,.F.);
#2314=ORIENTED_EDGE('',*,*,#1686,.T.);
#2315=ORIENTED_EDGE('',*,*,#1687,.T.);
#2316=ORIENTED_EDGE('',*,*,#1762,.T.);
#2317=ORIENTED_EDGE('',*,*,#1690,.T.);
#2318=ORIENTED_EDGE('',*,*,#1762,.F.);
#2319=ORIENTED_EDGE('',*,*,#1679,.T.);
#2320=ORIENTED_EDGE('',*,*,#1680,.T.);
#2321=ORIENTED_EDGE('',*,*,#1763,.T.);
#2322=ORIENTED_EDGE('',*,*,#1683,.T.);
#2323=ORIENTED_EDGE('',*,*,#1763,.F.);
#2324=ORIENTED_EDGE('',*,*,#1672,.T.);
#2325=ORIENTED_EDGE('',*,*,#1673,.T.);
#2326=ORIENTED_EDGE('',*,*,#1764,.T.);
#2327=ORIENTED_EDGE('',*,*,#1676,.T.);
#2328=ORIENTED_EDGE('',*,*,#1764,.F.);
#2329=ORIENTED_EDGE('',*,*,#1665,.T.);
#2330=ORIENTED_EDGE('',*,*,#1666,.T.);
#2331=ORIENTED_EDGE('',*,*,#1765,.T.);
#2332=ORIENTED_EDGE('',*,*,#1669,.T.);
#2333=ORIENTED_EDGE('',*,*,#1765,.F.);
#2334=ORIENTED_EDGE('',*,*,#1658,.T.);
#2335=ORIENTED_EDGE('',*,*,#1659,.T.);
#2336=ORIENTED_EDGE('',*,*,#1766,.T.);
#2337=ORIENTED_EDGE('',*,*,#1662,.T.);
#2338=ORIENTED_EDGE('',*,*,#1766,.F.);
#2339=ORIENTED_EDGE('',*,*,#1767,.T.);
#2340=ORIENTED_EDGE('',*,*,#1768,.T.);
#2341=ORIENTED_EDGE('',*,*,#1769,.F.);
#2342=ORIENTED_EDGE('',*,*,#1770,.F.);
#2343=ORIENTED_EDGE('',*,*,#1768,.F.);
#2344=ORIENTED_EDGE('',*,*,#1771,.F.);
#2345=ORIENTED_EDGE('',*,*,#1772,.T.);
#2346=ORIENTED_EDGE('',*,*,#1769,.T.);
#2347=ORIENTED_EDGE('',*,*,#1770,.T.);
#2348=ORIENTED_EDGE('',*,*,#1772,.F.);
#2349=ORIENTED_EDGE('',*,*,#1773,.F.);
#2350=ORIENTED_EDGE('',*,*,#1774,.T.);
#2351=ORIENTED_EDGE('',*,*,#1771,.T.);
#2352=ORIENTED_EDGE('',*,*,#1774,.F.);
#2353=ORIENTED_EDGE('',*,*,#1588,.T.);
#2354=ORIENTED_EDGE('',*,*,#1589,.T.);
#2355=ORIENTED_EDGE('',*,*,#1775,.T.);
#2356=ORIENTED_EDGE('',*,*,#1592,.T.);
#2357=ORIENTED_EDGE('',*,*,#1775,.F.);
#2358=ORIENTED_EDGE('',*,*,#1591,.T.);
#2359=ORIENTED_EDGE('',*,*,#1578,.T.);
#2360=ORIENTED_EDGE('',*,*,#1582,.T.);
#2361=ORIENTED_EDGE('',*,*,#1734,.T.);
#2362=ORIENTED_EDGE('',*,*,#1727,.T.);
#2363=ORIENTED_EDGE('',*,*,#1720,.T.);
#2364=ORIENTED_EDGE('',*,*,#1713,.T.);
#2365=ORIENTED_EDGE('',*,*,#1706,.T.);
#2366=ORIENTED_EDGE('',*,*,#1699,.T.);
#2367=ORIENTED_EDGE('',*,*,#1692,.T.);
#2368=ORIENTED_EDGE('',*,*,#1685,.T.);
#2369=ORIENTED_EDGE('',*,*,#1678,.T.);
#2370=ORIENTED_EDGE('',*,*,#1671,.T.);
#2371=ORIENTED_EDGE('',*,*,#1664,.T.);
#2372=ORIENTED_EDGE('',*,*,#1657,.T.);
#2373=ORIENTED_EDGE('',*,*,#1650,.T.);
#2374=ORIENTED_EDGE('',*,*,#1643,.T.);
#2375=ORIENTED_EDGE('',*,*,#1636,.T.);
#2376=ORIENTED_EDGE('',*,*,#1629,.T.);
#2377=ORIENTED_EDGE('',*,*,#1622,.T.);
#2378=ORIENTED_EDGE('',*,*,#1615,.T.);
#2379=ORIENTED_EDGE('',*,*,#1608,.T.);
#2380=ORIENTED_EDGE('',*,*,#1601,.T.);
#2381=ORIENTED_EDGE('',*,*,#1737,.F.);
#2382=ORIENTED_EDGE('',*,*,#1740,.F.);
#2383=ORIENTED_EDGE('',*,*,#1743,.F.);
#2384=ORIENTED_EDGE('',*,*,#1746,.F.);
#2385=ORIENTED_EDGE('',*,*,#1594,.T.);
#2386=ORIENTED_EDGE('',*,*,#1731,.T.);
#2387=ORIENTED_EDGE('',*,*,#1724,.T.);
#2388=ORIENTED_EDGE('',*,*,#1717,.T.);
#2389=ORIENTED_EDGE('',*,*,#1710,.T.);
#2390=ORIENTED_EDGE('',*,*,#1703,.T.);
#2391=ORIENTED_EDGE('',*,*,#1696,.T.);
#2392=ORIENTED_EDGE('',*,*,#1689,.T.);
#2393=ORIENTED_EDGE('',*,*,#1682,.T.);
#2394=ORIENTED_EDGE('',*,*,#1675,.T.);
#2395=ORIENTED_EDGE('',*,*,#1668,.T.);
#2396=ORIENTED_EDGE('',*,*,#1661,.T.);
#2397=ORIENTED_EDGE('',*,*,#1654,.T.);
#2398=ORIENTED_EDGE('',*,*,#1647,.T.);
#2399=ORIENTED_EDGE('',*,*,#1640,.T.);
#2400=ORIENTED_EDGE('',*,*,#1633,.T.);
#2401=ORIENTED_EDGE('',*,*,#1626,.T.);
#2402=ORIENTED_EDGE('',*,*,#1619,.T.);
#2403=ORIENTED_EDGE('',*,*,#1612,.T.);
#2404=ORIENTED_EDGE('',*,*,#1605,.T.);
#2405=ORIENTED_EDGE('',*,*,#1598,.T.);
#2406=ORIENTED_EDGE('',*,*,#1735,.T.);
#2407=ORIENTED_EDGE('',*,*,#1738,.T.);
#2408=ORIENTED_EDGE('',*,*,#1741,.T.);
#2409=ORIENTED_EDGE('',*,*,#1744,.T.);
#2410=ORIENTED_EDGE('',*,*,#1773,.T.);
#2411=ORIENTED_EDGE('',*,*,#1767,.F.);
#2412=ORIENTED_EDGE('',*,*,#1584,.T.);
#2413=ORIENTED_EDGE('',*,*,#1586,.T.);
#2414=ORIENTED_EDGE('',*,*,#1776,.F.);
#2415=ORIENTED_EDGE('',*,*,#1777,.F.);
#2416=ORIENTED_EDGE('',*,*,#1778,.T.);
#2417=ORIENTED_EDGE('',*,*,#1779,.F.);
#2418=ORIENTED_EDGE('',*,*,#1778,.F.);
#2419=ORIENTED_EDGE('',*,*,#1780,.F.);
#2420=ORIENTED_EDGE('',*,*,#1781,.T.);
#2421=ORIENTED_EDGE('',*,*,#1782,.F.);
#2422=ORIENTED_EDGE('',*,*,#1781,.F.);
#2423=ORIENTED_EDGE('',*,*,#1783,.F.);
#2424=ORIENTED_EDGE('',*,*,#1784,.F.);
#2425=ORIENTED_EDGE('',*,*,#1785,.T.);
#2426=ORIENTED_EDGE('',*,*,#1786,.F.);
#2427=ORIENTED_EDGE('',*,*,#1785,.F.);
#2428=ORIENTED_EDGE('',*,*,#1787,.F.);
#2429=ORIENTED_EDGE('',*,*,#1788,.T.);
#2430=ORIENTED_EDGE('',*,*,#1789,.F.);
#2431=ORIENTED_EDGE('',*,*,#1788,.F.);
#2432=ORIENTED_EDGE('',*,*,#1790,.F.);
#2433=ORIENTED_EDGE('',*,*,#1791,.F.);
#2434=ORIENTED_EDGE('',*,*,#1792,.T.);
#2435=ORIENTED_EDGE('',*,*,#1793,.F.);
#2436=ORIENTED_EDGE('',*,*,#1792,.F.);
#2437=ORIENTED_EDGE('',*,*,#1794,.F.);
#2438=ORIENTED_EDGE('',*,*,#1795,.T.);
#2439=ORIENTED_EDGE('',*,*,#1796,.F.);
#2440=ORIENTED_EDGE('',*,*,#1795,.F.);
#2441=ORIENTED_EDGE('',*,*,#1797,.F.);
#2442=ORIENTED_EDGE('',*,*,#1798,.F.);
#2443=ORIENTED_EDGE('',*,*,#1799,.T.);
#2444=ORIENTED_EDGE('',*,*,#1800,.F.);
#2445=ORIENTED_EDGE('',*,*,#1799,.F.);
#2446=ORIENTED_EDGE('',*,*,#1801,.F.);
#2447=ORIENTED_EDGE('',*,*,#1802,.T.);
#2448=ORIENTED_EDGE('',*,*,#1803,.F.);
#2449=ORIENTED_EDGE('',*,*,#1802,.F.);
#2450=ORIENTED_EDGE('',*,*,#1804,.F.);
#2451=ORIENTED_EDGE('',*,*,#1805,.F.);
#2452=ORIENTED_EDGE('',*,*,#1806,.T.);
#2453=ORIENTED_EDGE('',*,*,#1807,.F.);
#2454=ORIENTED_EDGE('',*,*,#1806,.F.);
#2455=ORIENTED_EDGE('',*,*,#1808,.F.);
#2456=ORIENTED_EDGE('',*,*,#1809,.T.);
#2457=ORIENTED_EDGE('',*,*,#1810,.F.);
#2458=ORIENTED_EDGE('',*,*,#1809,.F.);
#2459=ORIENTED_EDGE('',*,*,#1811,.F.);
#2460=ORIENTED_EDGE('',*,*,#1812,.F.);
#2461=ORIENTED_EDGE('',*,*,#1813,.T.);
#2462=ORIENTED_EDGE('',*,*,#1814,.F.);
#2463=ORIENTED_EDGE('',*,*,#1813,.F.);
#2464=ORIENTED_EDGE('',*,*,#1815,.F.);
#2465=ORIENTED_EDGE('',*,*,#1816,.T.);
#2466=ORIENTED_EDGE('',*,*,#1817,.F.);
#2467=ORIENTED_EDGE('',*,*,#1816,.F.);
#2468=ORIENTED_EDGE('',*,*,#1818,.F.);
#2469=ORIENTED_EDGE('',*,*,#1819,.F.);
#2470=ORIENTED_EDGE('',*,*,#1820,.T.);
#2471=ORIENTED_EDGE('',*,*,#1821,.F.);
#2472=ORIENTED_EDGE('',*,*,#1820,.F.);
#2473=ORIENTED_EDGE('',*,*,#1822,.F.);
#2474=ORIENTED_EDGE('',*,*,#1823,.T.);
#2475=ORIENTED_EDGE('',*,*,#1824,.F.);
#2476=ORIENTED_EDGE('',*,*,#1823,.F.);
#2477=ORIENTED_EDGE('',*,*,#1825,.F.);
#2478=ORIENTED_EDGE('',*,*,#1826,.F.);
#2479=ORIENTED_EDGE('',*,*,#1827,.T.);
#2480=ORIENTED_EDGE('',*,*,#1828,.F.);
#2481=ORIENTED_EDGE('',*,*,#1827,.F.);
#2482=ORIENTED_EDGE('',*,*,#1829,.F.);
#2483=ORIENTED_EDGE('',*,*,#1830,.T.);
#2484=ORIENTED_EDGE('',*,*,#1831,.F.);
#2485=ORIENTED_EDGE('',*,*,#1830,.F.);
#2486=ORIENTED_EDGE('',*,*,#1832,.F.);
#2487=ORIENTED_EDGE('',*,*,#1833,.F.);
#2488=ORIENTED_EDGE('',*,*,#1834,.T.);
#2489=ORIENTED_EDGE('',*,*,#1835,.F.);
#2490=ORIENTED_EDGE('',*,*,#1834,.F.);
#2491=ORIENTED_EDGE('',*,*,#1836,.F.);
#2492=ORIENTED_EDGE('',*,*,#1837,.T.);
#2493=ORIENTED_EDGE('',*,*,#1838,.F.);
#2494=ORIENTED_EDGE('',*,*,#1837,.F.);
#2495=ORIENTED_EDGE('',*,*,#1839,.F.);
#2496=ORIENTED_EDGE('',*,*,#1840,.F.);
#2497=ORIENTED_EDGE('',*,*,#1841,.T.);
#2498=ORIENTED_EDGE('',*,*,#1842,.F.);
#2499=ORIENTED_EDGE('',*,*,#1841,.F.);
#2500=ORIENTED_EDGE('',*,*,#1843,.F.);
#2501=ORIENTED_EDGE('',*,*,#1844,.F.);
#2502=ORIENTED_EDGE('',*,*,#1845,.F.);
#2503=ORIENTED_EDGE('',*,*,#1846,.F.);
#2504=ORIENTED_EDGE('',*,*,#1804,.T.);
#2505=ORIENTED_EDGE('',*,*,#1805,.T.);
#2506=ORIENTED_EDGE('',*,*,#1847,.T.);
#2507=ORIENTED_EDGE('',*,*,#1808,.T.);
#2508=ORIENTED_EDGE('',*,*,#1847,.F.);
#2509=ORIENTED_EDGE('',*,*,#1797,.T.);
#2510=ORIENTED_EDGE('',*,*,#1798,.T.);
#2511=ORIENTED_EDGE('',*,*,#1848,.T.);
#2512=ORIENTED_EDGE('',*,*,#1801,.T.);
#2513=ORIENTED_EDGE('',*,*,#1848,.F.);
#2514=ORIENTED_EDGE('',*,*,#1790,.T.);
#2515=ORIENTED_EDGE('',*,*,#1791,.T.);
#2516=ORIENTED_EDGE('',*,*,#1849,.T.);
#2517=ORIENTED_EDGE('',*,*,#1794,.T.);
#2518=ORIENTED_EDGE('',*,*,#1849,.F.);
#2519=ORIENTED_EDGE('',*,*,#1783,.T.);
#2520=ORIENTED_EDGE('',*,*,#1784,.T.);
#2521=ORIENTED_EDGE('',*,*,#1850,.T.);
#2522=ORIENTED_EDGE('',*,*,#1787,.T.);
#2523=ORIENTED_EDGE('',*,*,#1850,.F.);
#2524=ORIENTED_EDGE('',*,*,#1776,.T.);
#2525=ORIENTED_EDGE('',*,*,#1777,.T.);
#2526=ORIENTED_EDGE('',*,*,#1851,.T.);
#2527=ORIENTED_EDGE('',*,*,#1780,.T.);
#2528=ORIENTED_EDGE('',*,*,#1851,.F.);
#2529=ORIENTED_EDGE('',*,*,#1825,.T.);
#2530=ORIENTED_EDGE('',*,*,#1826,.T.);
#2531=ORIENTED_EDGE('',*,*,#1852,.T.);
#2532=ORIENTED_EDGE('',*,*,#1829,.T.);
#2533=ORIENTED_EDGE('',*,*,#1852,.F.);
#2534=ORIENTED_EDGE('',*,*,#1818,.T.);
#2535=ORIENTED_EDGE('',*,*,#1819,.T.);
#2536=ORIENTED_EDGE('',*,*,#1853,.T.);
#2537=ORIENTED_EDGE('',*,*,#1822,.T.);
#2538=ORIENTED_EDGE('',*,*,#1853,.F.);
#2539=ORIENTED_EDGE('',*,*,#1811,.T.);
#2540=ORIENTED_EDGE('',*,*,#1812,.T.);
#2541=ORIENTED_EDGE('',*,*,#1854,.T.);
#2542=ORIENTED_EDGE('',*,*,#1815,.T.);
#2543=ORIENTED_EDGE('',*,*,#1854,.F.);
#2544=ORIENTED_EDGE('',*,*,#1855,.F.);
#2545=ORIENTED_EDGE('',*,*,#1856,.T.);
#2546=ORIENTED_EDGE('',*,*,#1836,.T.);
#2547=ORIENTED_EDGE('',*,*,#1856,.F.);
#2548=ORIENTED_EDGE('',*,*,#1832,.T.);
#2549=ORIENTED_EDGE('',*,*,#1833,.T.);
#2550=ORIENTED_EDGE('',*,*,#1857,.T.);
#2551=ORIENTED_EDGE('',*,*,#1858,.T.);
#2552=ORIENTED_EDGE('',*,*,#1857,.F.);
#2553=ORIENTED_EDGE('',*,*,#1859,.T.);
#2554=ORIENTED_EDGE('',*,*,#1860,.T.);
#2555=ORIENTED_EDGE('',*,*,#1861,.F.);
#2556=ORIENTED_EDGE('',*,*,#1862,.F.);
#2557=ORIENTED_EDGE('',*,*,#1860,.F.);
#2558=ORIENTED_EDGE('',*,*,#1863,.F.);
#2559=ORIENTED_EDGE('',*,*,#1864,.T.);
#2560=ORIENTED_EDGE('',*,*,#1861,.T.);
#2561=ORIENTED_EDGE('',*,*,#1862,.T.);
#2562=ORIENTED_EDGE('',*,*,#1864,.F.);
#2563=ORIENTED_EDGE('',*,*,#1865,.F.);
#2564=ORIENTED_EDGE('',*,*,#1866,.T.);
#2565=ORIENTED_EDGE('',*,*,#1867,.F.);
#2566=ORIENTED_EDGE('',*,*,#1868,.T.);
#2567=ORIENTED_EDGE('',*,*,#1869,.F.);
#2568=ORIENTED_EDGE('',*,*,#1870,.T.);
#2569=ORIENTED_EDGE('',*,*,#1863,.T.);
#2570=ORIENTED_EDGE('',*,*,#1870,.F.);
#2571=ORIENTED_EDGE('',*,*,#1871,.F.);
#2572=ORIENTED_EDGE('',*,*,#1872,.T.);
#2573=ORIENTED_EDGE('',*,*,#1873,.T.);
#2574=ORIENTED_EDGE('',*,*,#1874,.T.);
#2575=ORIENTED_EDGE('',*,*,#1839,.T.);
#2576=ORIENTED_EDGE('',*,*,#1840,.T.);
#2577=ORIENTED_EDGE('',*,*,#1875,.T.);
#2578=ORIENTED_EDGE('',*,*,#1876,.T.);
#2579=ORIENTED_EDGE('',*,*,#1877,.T.);
#2580=ORIENTED_EDGE('',*,*,#1878,.F.);
#2581=ORIENTED_EDGE('',*,*,#1879,.T.);
#2582=ORIENTED_EDGE('',*,*,#1845,.T.);
#2583=ORIENTED_EDGE('',*,*,#1880,.T.);
#2584=ORIENTED_EDGE('',*,*,#1881,.T.);
#2585=ORIENTED_EDGE('',*,*,#1882,.T.);
#2586=ORIENTED_EDGE('',*,*,#1883,.T.);
#2587=ORIENTED_EDGE('',*,*,#1875,.F.);
#2588=ORIENTED_EDGE('',*,*,#1884,.T.);
#2589=ORIENTED_EDGE('',*,*,#1885,.F.);
#2590=ORIENTED_EDGE('',*,*,#1871,.T.);
#2591=ORIENTED_EDGE('',*,*,#1869,.T.);
#2592=ORIENTED_EDGE('',*,*,#1886,.F.);
#2593=ORIENTED_EDGE('',*,*,#1789,.T.);
#2594=ORIENTED_EDGE('',*,*,#1796,.T.);
#2595=ORIENTED_EDGE('',*,*,#1803,.T.);
#2596=ORIENTED_EDGE('',*,*,#1810,.T.);
#2597=ORIENTED_EDGE('',*,*,#1887,.F.);
#2598=ORIENTED_EDGE('',*,*,#1884,.F.);
#2599=ORIENTED_EDGE('',*,*,#1888,.F.);
#2600=ORIENTED_EDGE('',*,*,#1876,.F.);
#2601=ORIENTED_EDGE('',*,*,#1883,.F.);
#2602=ORIENTED_EDGE('',*,*,#1865,.T.);
#2603=ORIENTED_EDGE('',*,*,#1889,.F.);
#2604=ORIENTED_EDGE('',*,*,#1843,.T.);
#2605=ORIENTED_EDGE('',*,*,#1890,.F.);
#2606=ORIENTED_EDGE('',*,*,#1831,.T.);
#2607=ORIENTED_EDGE('',*,*,#1824,.T.);
#2608=ORIENTED_EDGE('',*,*,#1817,.T.);
#2609=ORIENTED_EDGE('',*,*,#1782,.T.);
#2610=ORIENTED_EDGE('',*,*,#1859,.F.);
#2611=ORIENTED_EDGE('',*,*,#1835,.T.);
#2612=ORIENTED_EDGE('',*,*,#1855,.T.);
#2613=ORIENTED_EDGE('',*,*,#1858,.F.);
#2614=ORIENTED_EDGE('',*,*,#1842,.T.);
#2615=ORIENTED_EDGE('',*,*,#1838,.T.);
#2616=ORIENTED_EDGE('',*,*,#1828,.T.);
#2617=ORIENTED_EDGE('',*,*,#1821,.T.);
#2618=ORIENTED_EDGE('',*,*,#1814,.T.);
#2619=ORIENTED_EDGE('',*,*,#1807,.T.);
#2620=ORIENTED_EDGE('',*,*,#1800,.T.);
#2621=ORIENTED_EDGE('',*,*,#1793,.T.);
#2622=ORIENTED_EDGE('',*,*,#1786,.T.);
#2623=ORIENTED_EDGE('',*,*,#1779,.T.);
#2624=ORIENTED_EDGE('',*,*,#1878,.T.);
#2625=ORIENTED_EDGE('',*,*,#1891,.T.);
#2626=ORIENTED_EDGE('',*,*,#1867,.T.);
#2627=ORIENTED_EDGE('',*,*,#1892,.T.);
#2628=ORIENTED_EDGE('',*,*,#1891,.F.);
#2629=ORIENTED_EDGE('',*,*,#1877,.F.);
#2630=ORIENTED_EDGE('',*,*,#1888,.T.);
#2631=ORIENTED_EDGE('',*,*,#1886,.T.);
#2632=ORIENTED_EDGE('',*,*,#1868,.F.);
#2633=ORIENTED_EDGE('',*,*,#1890,.T.);
#2634=ORIENTED_EDGE('',*,*,#1846,.T.);
#2635=ORIENTED_EDGE('',*,*,#1879,.F.);
#2636=ORIENTED_EDGE('',*,*,#1892,.F.);
#2637=ORIENTED_EDGE('',*,*,#1866,.F.);
#2638=ORIENTED_EDGE('',*,*,#1893,.T.);
#2639=ORIENTED_EDGE('',*,*,#1873,.F.);
#2640=ORIENTED_EDGE('',*,*,#1894,.T.);
#2641=ORIENTED_EDGE('',*,*,#1881,.F.);
#2642=ORIENTED_EDGE('',*,*,#1885,.T.);
#2643=ORIENTED_EDGE('',*,*,#1887,.T.);
#2644=ORIENTED_EDGE('',*,*,#1882,.F.);
#2645=ORIENTED_EDGE('',*,*,#1894,.F.);
#2646=ORIENTED_EDGE('',*,*,#1872,.F.);
#2647=ORIENTED_EDGE('',*,*,#1893,.F.);
#2648=ORIENTED_EDGE('',*,*,#1880,.F.);
#2649=ORIENTED_EDGE('',*,*,#1844,.T.);
#2650=ORIENTED_EDGE('',*,*,#1889,.T.);
#2651=ORIENTED_EDGE('',*,*,#1874,.F.);
#2652=ORIENTED_EDGE('',*,*,#1895,.F.);
#2653=ORIENTED_EDGE('',*,*,#1896,.F.);
#2654=ORIENTED_EDGE('',*,*,#1897,.T.);
#2655=ORIENTED_EDGE('',*,*,#1898,.F.);
#2656=ORIENTED_EDGE('',*,*,#1897,.F.);
#2657=ORIENTED_EDGE('',*,*,#1899,.F.);
#2658=ORIENTED_EDGE('',*,*,#1900,.T.);
#2659=ORIENTED_EDGE('',*,*,#1901,.F.);
#2660=ORIENTED_EDGE('',*,*,#1900,.F.);
#2661=ORIENTED_EDGE('',*,*,#1902,.F.);
#2662=ORIENTED_EDGE('',*,*,#1903,.F.);
#2663=ORIENTED_EDGE('',*,*,#1904,.T.);
#2664=ORIENTED_EDGE('',*,*,#1905,.F.);
#2665=ORIENTED_EDGE('',*,*,#1904,.F.);
#2666=ORIENTED_EDGE('',*,*,#1906,.F.);
#2667=ORIENTED_EDGE('',*,*,#1907,.T.);
#2668=ORIENTED_EDGE('',*,*,#1908,.F.);
#2669=ORIENTED_EDGE('',*,*,#1907,.F.);
#2670=ORIENTED_EDGE('',*,*,#1909,.F.);
#2671=ORIENTED_EDGE('',*,*,#1910,.F.);
#2672=ORIENTED_EDGE('',*,*,#1911,.T.);
#2673=ORIENTED_EDGE('',*,*,#1912,.F.);
#2674=ORIENTED_EDGE('',*,*,#1911,.F.);
#2675=ORIENTED_EDGE('',*,*,#1913,.F.);
#2676=ORIENTED_EDGE('',*,*,#1914,.T.);
#2677=ORIENTED_EDGE('',*,*,#1915,.F.);
#2678=ORIENTED_EDGE('',*,*,#1914,.F.);
#2679=ORIENTED_EDGE('',*,*,#1916,.F.);
#2680=ORIENTED_EDGE('',*,*,#1917,.F.);
#2681=ORIENTED_EDGE('',*,*,#1918,.T.);
#2682=ORIENTED_EDGE('',*,*,#1919,.F.);
#2683=ORIENTED_EDGE('',*,*,#1918,.F.);
#2684=ORIENTED_EDGE('',*,*,#1920,.F.);
#2685=ORIENTED_EDGE('',*,*,#1921,.T.);
#2686=ORIENTED_EDGE('',*,*,#1922,.F.);
#2687=ORIENTED_EDGE('',*,*,#1921,.F.);
#2688=ORIENTED_EDGE('',*,*,#1923,.F.);
#2689=ORIENTED_EDGE('',*,*,#1924,.F.);
#2690=ORIENTED_EDGE('',*,*,#1925,.T.);
#2691=ORIENTED_EDGE('',*,*,#1926,.F.);
#2692=ORIENTED_EDGE('',*,*,#1925,.F.);
#2693=ORIENTED_EDGE('',*,*,#1927,.F.);
#2694=ORIENTED_EDGE('',*,*,#1928,.T.);
#2695=ORIENTED_EDGE('',*,*,#1929,.F.);
#2696=ORIENTED_EDGE('',*,*,#1928,.F.);
#2697=ORIENTED_EDGE('',*,*,#1930,.F.);
#2698=ORIENTED_EDGE('',*,*,#1931,.F.);
#2699=ORIENTED_EDGE('',*,*,#1932,.T.);
#2700=ORIENTED_EDGE('',*,*,#1933,.F.);
#2701=ORIENTED_EDGE('',*,*,#1932,.F.);
#2702=ORIENTED_EDGE('',*,*,#1934,.F.);
#2703=ORIENTED_EDGE('',*,*,#1935,.T.);
#2704=ORIENTED_EDGE('',*,*,#1936,.F.);
#2705=ORIENTED_EDGE('',*,*,#1935,.F.);
#2706=ORIENTED_EDGE('',*,*,#1937,.F.);
#2707=ORIENTED_EDGE('',*,*,#1938,.F.);
#2708=ORIENTED_EDGE('',*,*,#1939,.T.);
#2709=ORIENTED_EDGE('',*,*,#1940,.F.);
#2710=ORIENTED_EDGE('',*,*,#1939,.F.);
#2711=ORIENTED_EDGE('',*,*,#1941,.F.);
#2712=ORIENTED_EDGE('',*,*,#1942,.T.);
#2713=ORIENTED_EDGE('',*,*,#1943,.F.);
#2714=ORIENTED_EDGE('',*,*,#1942,.F.);
#2715=ORIENTED_EDGE('',*,*,#1944,.F.);
#2716=ORIENTED_EDGE('',*,*,#1945,.F.);
#2717=ORIENTED_EDGE('',*,*,#1946,.T.);
#2718=ORIENTED_EDGE('',*,*,#1947,.F.);
#2719=ORIENTED_EDGE('',*,*,#1946,.F.);
#2720=ORIENTED_EDGE('',*,*,#1948,.F.);
#2721=ORIENTED_EDGE('',*,*,#1949,.T.);
#2722=ORIENTED_EDGE('',*,*,#1950,.F.);
#2723=ORIENTED_EDGE('',*,*,#1949,.F.);
#2724=ORIENTED_EDGE('',*,*,#1951,.F.);
#2725=ORIENTED_EDGE('',*,*,#1952,.F.);
#2726=ORIENTED_EDGE('',*,*,#1953,.T.);
#2727=ORIENTED_EDGE('',*,*,#1954,.F.);
#2728=ORIENTED_EDGE('',*,*,#1953,.F.);
#2729=ORIENTED_EDGE('',*,*,#1955,.F.);
#2730=ORIENTED_EDGE('',*,*,#1956,.T.);
#2731=ORIENTED_EDGE('',*,*,#1957,.F.);
#2732=ORIENTED_EDGE('',*,*,#1956,.F.);
#2733=ORIENTED_EDGE('',*,*,#1958,.F.);
#2734=ORIENTED_EDGE('',*,*,#1959,.F.);
#2735=ORIENTED_EDGE('',*,*,#1960,.T.);
#2736=ORIENTED_EDGE('',*,*,#1961,.F.);
#2737=ORIENTED_EDGE('',*,*,#1960,.F.);
#2738=ORIENTED_EDGE('',*,*,#1962,.F.);
#2739=ORIENTED_EDGE('',*,*,#1963,.F.);
#2740=ORIENTED_EDGE('',*,*,#1964,.F.);
#2741=ORIENTED_EDGE('',*,*,#1965,.F.);
#2742=ORIENTED_EDGE('',*,*,#1923,.T.);
#2743=ORIENTED_EDGE('',*,*,#1924,.T.);
#2744=ORIENTED_EDGE('',*,*,#1966,.T.);
#2745=ORIENTED_EDGE('',*,*,#1927,.T.);
#2746=ORIENTED_EDGE('',*,*,#1966,.F.);
#2747=ORIENTED_EDGE('',*,*,#1916,.T.);
#2748=ORIENTED_EDGE('',*,*,#1917,.T.);
#2749=ORIENTED_EDGE('',*,*,#1967,.T.);
#2750=ORIENTED_EDGE('',*,*,#1920,.T.);
#2751=ORIENTED_EDGE('',*,*,#1967,.F.);
#2752=ORIENTED_EDGE('',*,*,#1909,.T.);
#2753=ORIENTED_EDGE('',*,*,#1910,.T.);
#2754=ORIENTED_EDGE('',*,*,#1968,.T.);
#2755=ORIENTED_EDGE('',*,*,#1913,.T.);
#2756=ORIENTED_EDGE('',*,*,#1968,.F.);
#2757=ORIENTED_EDGE('',*,*,#1902,.T.);
#2758=ORIENTED_EDGE('',*,*,#1903,.T.);
#2759=ORIENTED_EDGE('',*,*,#1969,.T.);
#2760=ORIENTED_EDGE('',*,*,#1906,.T.);
#2761=ORIENTED_EDGE('',*,*,#1969,.F.);
#2762=ORIENTED_EDGE('',*,*,#1895,.T.);
#2763=ORIENTED_EDGE('',*,*,#1896,.T.);
#2764=ORIENTED_EDGE('',*,*,#1970,.T.);
#2765=ORIENTED_EDGE('',*,*,#1899,.T.);
#2766=ORIENTED_EDGE('',*,*,#1970,.F.);
#2767=ORIENTED_EDGE('',*,*,#1944,.T.);
#2768=ORIENTED_EDGE('',*,*,#1945,.T.);
#2769=ORIENTED_EDGE('',*,*,#1971,.T.);
#2770=ORIENTED_EDGE('',*,*,#1948,.T.);
#2771=ORIENTED_EDGE('',*,*,#1971,.F.);
#2772=ORIENTED_EDGE('',*,*,#1937,.T.);
#2773=ORIENTED_EDGE('',*,*,#1938,.T.);
#2774=ORIENTED_EDGE('',*,*,#1972,.T.);
#2775=ORIENTED_EDGE('',*,*,#1941,.T.);
#2776=ORIENTED_EDGE('',*,*,#1972,.F.);
#2777=ORIENTED_EDGE('',*,*,#1930,.T.);
#2778=ORIENTED_EDGE('',*,*,#1931,.T.);
#2779=ORIENTED_EDGE('',*,*,#1973,.T.);
#2780=ORIENTED_EDGE('',*,*,#1934,.T.);
#2781=ORIENTED_EDGE('',*,*,#1973,.F.);
#2782=ORIENTED_EDGE('',*,*,#1974,.F.);
#2783=ORIENTED_EDGE('',*,*,#1975,.T.);
#2784=ORIENTED_EDGE('',*,*,#1955,.T.);
#2785=ORIENTED_EDGE('',*,*,#1975,.F.);
#2786=ORIENTED_EDGE('',*,*,#1951,.T.);
#2787=ORIENTED_EDGE('',*,*,#1952,.T.);
#2788=ORIENTED_EDGE('',*,*,#1976,.T.);
#2789=ORIENTED_EDGE('',*,*,#1977,.T.);
#2790=ORIENTED_EDGE('',*,*,#1976,.F.);
#2791=ORIENTED_EDGE('',*,*,#1978,.T.);
#2792=ORIENTED_EDGE('',*,*,#1979,.T.);
#2793=ORIENTED_EDGE('',*,*,#1980,.F.);
#2794=ORIENTED_EDGE('',*,*,#1981,.F.);
#2795=ORIENTED_EDGE('',*,*,#1979,.F.);
#2796=ORIENTED_EDGE('',*,*,#1982,.F.);
#2797=ORIENTED_EDGE('',*,*,#1983,.T.);
#2798=ORIENTED_EDGE('',*,*,#1980,.T.);
#2799=ORIENTED_EDGE('',*,*,#1981,.T.);
#2800=ORIENTED_EDGE('',*,*,#1983,.F.);
#2801=ORIENTED_EDGE('',*,*,#1984,.F.);
#2802=ORIENTED_EDGE('',*,*,#1985,.T.);
#2803=ORIENTED_EDGE('',*,*,#1986,.F.);
#2804=ORIENTED_EDGE('',*,*,#1987,.T.);
#2805=ORIENTED_EDGE('',*,*,#1988,.F.);
#2806=ORIENTED_EDGE('',*,*,#1989,.T.);
#2807=ORIENTED_EDGE('',*,*,#1982,.T.);
#2808=ORIENTED_EDGE('',*,*,#1989,.F.);
#2809=ORIENTED_EDGE('',*,*,#1990,.F.);
#2810=ORIENTED_EDGE('',*,*,#1991,.T.);
#2811=ORIENTED_EDGE('',*,*,#1992,.T.);
#2812=ORIENTED_EDGE('',*,*,#1993,.T.);
#2813=ORIENTED_EDGE('',*,*,#1958,.T.);
#2814=ORIENTED_EDGE('',*,*,#1959,.T.);
#2815=ORIENTED_EDGE('',*,*,#1994,.T.);
#2816=ORIENTED_EDGE('',*,*,#1995,.T.);
#2817=ORIENTED_EDGE('',*,*,#1996,.T.);
#2818=ORIENTED_EDGE('',*,*,#1997,.F.);
#2819=ORIENTED_EDGE('',*,*,#1998,.T.);
#2820=ORIENTED_EDGE('',*,*,#1964,.T.);
#2821=ORIENTED_EDGE('',*,*,#1999,.T.);
#2822=ORIENTED_EDGE('',*,*,#2000,.T.);
#2823=ORIENTED_EDGE('',*,*,#2001,.T.);
#2824=ORIENTED_EDGE('',*,*,#2002,.T.);
#2825=ORIENTED_EDGE('',*,*,#1994,.F.);
#2826=ORIENTED_EDGE('',*,*,#2003,.T.);
#2827=ORIENTED_EDGE('',*,*,#2004,.F.);
#2828=ORIENTED_EDGE('',*,*,#1990,.T.);
#2829=ORIENTED_EDGE('',*,*,#1988,.T.);
#2830=ORIENTED_EDGE('',*,*,#2005,.F.);
#2831=ORIENTED_EDGE('',*,*,#1908,.T.);
#2832=ORIENTED_EDGE('',*,*,#1915,.T.);
#2833=ORIENTED_EDGE('',*,*,#1922,.T.);
#2834=ORIENTED_EDGE('',*,*,#1929,.T.);
#2835=ORIENTED_EDGE('',*,*,#2006,.F.);
#2836=ORIENTED_EDGE('',*,*,#2003,.F.);
#2837=ORIENTED_EDGE('',*,*,#2007,.F.);
#2838=ORIENTED_EDGE('',*,*,#1995,.F.);
#2839=ORIENTED_EDGE('',*,*,#2002,.F.);
#2840=ORIENTED_EDGE('',*,*,#1984,.T.);
#2841=ORIENTED_EDGE('',*,*,#2008,.F.);
#2842=ORIENTED_EDGE('',*,*,#1962,.T.);
#2843=ORIENTED_EDGE('',*,*,#2009,.F.);
#2844=ORIENTED_EDGE('',*,*,#1950,.T.);
#2845=ORIENTED_EDGE('',*,*,#1943,.T.);
#2846=ORIENTED_EDGE('',*,*,#1936,.T.);
#2847=ORIENTED_EDGE('',*,*,#1901,.T.);
#2848=ORIENTED_EDGE('',*,*,#1978,.F.);
#2849=ORIENTED_EDGE('',*,*,#1954,.T.);
#2850=ORIENTED_EDGE('',*,*,#1974,.T.);
#2851=ORIENTED_EDGE('',*,*,#1977,.F.);
#2852=ORIENTED_EDGE('',*,*,#1961,.T.);
#2853=ORIENTED_EDGE('',*,*,#1957,.T.);
#2854=ORIENTED_EDGE('',*,*,#1947,.T.);
#2855=ORIENTED_EDGE('',*,*,#1940,.T.);
#2856=ORIENTED_EDGE('',*,*,#1933,.T.);
#2857=ORIENTED_EDGE('',*,*,#1926,.T.);
#2858=ORIENTED_EDGE('',*,*,#1919,.T.);
#2859=ORIENTED_EDGE('',*,*,#1912,.T.);
#2860=ORIENTED_EDGE('',*,*,#1905,.T.);
#2861=ORIENTED_EDGE('',*,*,#1898,.T.);
#2862=ORIENTED_EDGE('',*,*,#1997,.T.);
#2863=ORIENTED_EDGE('',*,*,#2010,.T.);
#2864=ORIENTED_EDGE('',*,*,#1986,.T.);
#2865=ORIENTED_EDGE('',*,*,#2011,.T.);
#2866=ORIENTED_EDGE('',*,*,#2010,.F.);
#2867=ORIENTED_EDGE('',*,*,#1996,.F.);
#2868=ORIENTED_EDGE('',*,*,#2007,.T.);
#2869=ORIENTED_EDGE('',*,*,#2005,.T.);
#2870=ORIENTED_EDGE('',*,*,#1987,.F.);
#2871=ORIENTED_EDGE('',*,*,#2009,.T.);
#2872=ORIENTED_EDGE('',*,*,#1965,.T.);
#2873=ORIENTED_EDGE('',*,*,#1998,.F.);
#2874=ORIENTED_EDGE('',*,*,#2011,.F.);
#2875=ORIENTED_EDGE('',*,*,#1985,.F.);
#2876=ORIENTED_EDGE('',*,*,#2012,.T.);
#2877=ORIENTED_EDGE('',*,*,#1992,.F.);
#2878=ORIENTED_EDGE('',*,*,#2013,.T.);
#2879=ORIENTED_EDGE('',*,*,#2000,.F.);
#2880=ORIENTED_EDGE('',*,*,#2004,.T.);
#2881=ORIENTED_EDGE('',*,*,#2006,.T.);
#2882=ORIENTED_EDGE('',*,*,#2001,.F.);
#2883=ORIENTED_EDGE('',*,*,#2013,.F.);
#2884=ORIENTED_EDGE('',*,*,#1991,.F.);
#2885=ORIENTED_EDGE('',*,*,#2012,.F.);
#2886=ORIENTED_EDGE('',*,*,#1999,.F.);
#2887=ORIENTED_EDGE('',*,*,#1963,.T.);
#2888=ORIENTED_EDGE('',*,*,#2008,.T.);
#2889=ORIENTED_EDGE('',*,*,#1993,.F.);
#2890=CYLINDRICAL_SURFACE('',#3154,35.);
#2891=CYLINDRICAL_SURFACE('',#3159,35.);
#2892=CYLINDRICAL_SURFACE('',#3164,33.);
#2893=CYLINDRICAL_SURFACE('',#3166,33.);
#2894=CYLINDRICAL_SURFACE('',#3315,4.2);
#2895=CYLINDRICAL_SURFACE('',#3318,4.2);
#2896=CYLINDRICAL_SURFACE('',#3321,4.2);
#2897=CYLINDRICAL_SURFACE('',#3324,4.2);
#2898=CYLINDRICAL_SURFACE('',#3327,4.2);
#2899=CYLINDRICAL_SURFACE('',#3328,4.2);
#2900=CYLINDRICAL_SURFACE('',#3329,4.2);
#2901=CYLINDRICAL_SURFACE('',#3330,4.2);
#2902=CYLINDRICAL_SURFACE('',#3331,4.2);
#2903=CYLINDRICAL_SURFACE('',#3332,4.2);
#2904=CYLINDRICAL_SURFACE('',#3333,4.2);
#2905=CYLINDRICAL_SURFACE('',#3334,4.2);
#2906=CYLINDRICAL_SURFACE('',#3335,4.2);
#2907=CYLINDRICAL_SURFACE('',#3336,4.2);
#2908=CYLINDRICAL_SURFACE('',#3337,4.2);
#2909=CYLINDRICAL_SURFACE('',#3338,4.2);
#2910=CYLINDRICAL_SURFACE('',#3339,4.2);
#2911=CYLINDRICAL_SURFACE('',#3340,4.2);
#2912=CYLINDRICAL_SURFACE('',#3341,4.2);
#2913=CYLINDRICAL_SURFACE('',#3342,4.2);
#2914=CYLINDRICAL_SURFACE('',#3343,4.2);
#2915=CYLINDRICAL_SURFACE('',#3344,4.2);
#2916=CYLINDRICAL_SURFACE('',#3345,4.2);
#2917=CYLINDRICAL_SURFACE('',#3346,4.2);
#2918=CYLINDRICAL_SURFACE('',#3353,111.175);
#2919=CYLINDRICAL_SURFACE('',#3355,126.6);
#2920=CYLINDRICAL_SURFACE('',#3430,4.2);
#2921=CYLINDRICAL_SURFACE('',#3431,4.2);
#2922=CYLINDRICAL_SURFACE('',#3432,4.2);
#2923=CYLINDRICAL_SURFACE('',#3433,4.2);
#2924=CYLINDRICAL_SURFACE('',#3434,4.2);
#2925=CYLINDRICAL_SURFACE('',#3435,4.2);
#2926=CYLINDRICAL_SURFACE('',#3436,4.2);
#2927=CYLINDRICAL_SURFACE('',#3437,4.2);
#2928=CYLINDRICAL_SURFACE('',#3438,35.15);
#2929=CYLINDRICAL_SURFACE('',#3440,33.5);
#2930=CYLINDRICAL_SURFACE('',#3448,41.275);
#2931=CYLINDRICAL_SURFACE('',#3454,56.75);
#2932=CYLINDRICAL_SURFACE('',#3543,4.2);
#2933=CYLINDRICAL_SURFACE('',#3544,4.2);
#2934=CYLINDRICAL_SURFACE('',#3545,4.2);
#2935=CYLINDRICAL_SURFACE('',#3546,4.2);
#2936=CYLINDRICAL_SURFACE('',#3547,4.2);
#2937=CYLINDRICAL_SURFACE('',#3548,4.2);
#2938=CYLINDRICAL_SURFACE('',#3549,4.2);
#2939=CYLINDRICAL_SURFACE('',#3550,4.2);
#2940=CYLINDRICAL_SURFACE('',#3551,35.15);
#2941=CYLINDRICAL_SURFACE('',#3553,33.5);
#2942=CYLINDRICAL_SURFACE('',#3561,41.275);
#2943=CYLINDRICAL_SURFACE('',#3567,56.75);
#2944=ADVANCED_FACE('',(#245),#2890,.T.);
#2945=ADVANCED_FACE('',(#246,#125),#218,.T.);
#2946=ADVANCED_FACE('',(#247),#2891,.T.);
#2947=ADVANCED_FACE('',(#248,#126),#219,.T.);
#2948=ADVANCED_FACE('',(#249),#2892,.F.);
#2949=ADVANCED_FACE('',(#250),#2893,.F.);
#2950=ADVANCED_FACE('',(#251),#35,.T.);
#2951=ADVANCED_FACE('',(#252),#36,.T.);
#2952=ADVANCED_FACE('',(#253),#37,.F.);
#2953=ADVANCED_FACE('',(#254),#38,.F.);
#2954=ADVANCED_FACE('',(#255),#39,.F.);
#2955=ADVANCED_FACE('',(#256),#40,.F.);
#2956=ADVANCED_FACE('',(#257),#41,.F.);
#2957=ADVANCED_FACE('',(#258),#42,.F.);
#2958=ADVANCED_FACE('',(#259),#43,.F.);
#2959=ADVANCED_FACE('',(#260),#44,.F.);
#2960=ADVANCED_FACE('',(#261),#45,.F.);
#2961=ADVANCED_FACE('',(#262),#46,.F.);
#2962=ADVANCED_FACE('',(#263),#47,.F.);
#2963=ADVANCED_FACE('',(#264),#48,.F.);
#2964=ADVANCED_FACE('',(#265),#49,.F.);
#2965=ADVANCED_FACE('',(#266),#50,.F.);
#2966=ADVANCED_FACE('',(#267),#51,.F.);
#2967=ADVANCED_FACE('',(#268),#52,.F.);
#2968=ADVANCED_FACE('',(#269),#53,.F.);
#2969=ADVANCED_FACE('',(#270),#54,.F.);
#2970=ADVANCED_FACE('',(#271),#55,.F.);
#2971=ADVANCED_FACE('',(#272),#56,.F.);
#2972=ADVANCED_FACE('',(#273),#57,.F.);
#2973=ADVANCED_FACE('',(#274),#58,.F.);
#2974=ADVANCED_FACE('',(#275),#59,.F.);
#2975=ADVANCED_FACE('',(#276),#60,.F.);
#2976=ADVANCED_FACE('',(#277),#61,.F.);
#2977=ADVANCED_FACE('',(#278),#62,.F.);
#2978=ADVANCED_FACE('',(#279),#63,.F.);
#2979=ADVANCED_FACE('',(#280),#64,.F.);
#2980=ADVANCED_FACE('',(#281),#65,.F.);
#2981=ADVANCED_FACE('',(#282),#66,.F.);
#2982=ADVANCED_FACE('',(#283),#67,.F.);
#2983=ADVANCED_FACE('',(#284),#68,.F.);
#2984=ADVANCED_FACE('',(#285),#69,.F.);
#2985=ADVANCED_FACE('',(#286),#70,.F.);
#2986=ADVANCED_FACE('',(#287),#71,.F.);
#2987=ADVANCED_FACE('',(#288),#72,.F.);
#2988=ADVANCED_FACE('',(#289),#73,.F.);
#2989=ADVANCED_FACE('',(#290),#74,.F.);
#2990=ADVANCED_FACE('',(#291),#75,.F.);
#2991=ADVANCED_FACE('',(#292),#76,.F.);
#2992=ADVANCED_FACE('',(#293),#2894,.F.);
#2993=ADVANCED_FACE('',(#294),#2895,.F.);
#2994=ADVANCED_FACE('',(#295),#2896,.F.);
#2995=ADVANCED_FACE('',(#296),#2897,.F.);
#2996=ADVANCED_FACE('',(#297),#2898,.F.);
#2997=ADVANCED_FACE('',(#298),#2899,.F.);
#2998=ADVANCED_FACE('',(#299),#2900,.F.);
#2999=ADVANCED_FACE('',(#300),#2901,.F.);
#3000=ADVANCED_FACE('',(#301),#2902,.F.);
#3001=ADVANCED_FACE('',(#302),#2903,.F.);
#3002=ADVANCED_FACE('',(#303),#2904,.F.);
#3003=ADVANCED_FACE('',(#304),#2905,.F.);
#3004=ADVANCED_FACE('',(#305),#2906,.F.);
#3005=ADVANCED_FACE('',(#306),#2907,.F.);
#3006=ADVANCED_FACE('',(#307),#2908,.F.);
#3007=ADVANCED_FACE('',(#308),#2909,.F.);
#3008=ADVANCED_FACE('',(#309),#2910,.F.);
#3009=ADVANCED_FACE('',(#310),#2911,.F.);
#3010=ADVANCED_FACE('',(#311),#2912,.F.);
#3011=ADVANCED_FACE('',(#312),#2913,.F.);
#3012=ADVANCED_FACE('',(#313),#2914,.F.);
#3013=ADVANCED_FACE('',(#314),#2915,.F.);
#3014=ADVANCED_FACE('',(#315),#2916,.F.);
#3015=ADVANCED_FACE('',(#316),#2917,.F.);
#3016=ADVANCED_FACE('',(#317),#77,.F.);
#3017=ADVANCED_FACE('',(#318),#78,.T.);
#3018=ADVANCED_FACE('',(#319),#2918,.F.);
#3019=ADVANCED_FACE('',(#320),#2919,.T.);
#3020=ADVANCED_FACE('',(#321,#127,#128,#129,#130,#131,#132,#133,#134,#135,
#136,#137,#138,#139,#140,#141,#142,#143,#144,#145,#146,#147,#148,#149,#150,
#151,#152),#220,.F.);
#3021=ADVANCED_FACE('',(#322,#153,#154,#155,#156,#157,#158,#159,#160,#161,
#162,#163,#164,#165,#166,#167,#168,#169,#170,#171,#172,#173,#174,#175,#176,
#177),#221,.F.);
#3022=ADVANCED_FACE('',(#323,#178,#179),#222,.F.);
#3023=ADVANCED_FACE('',(#324),#79,.F.);
#3024=ADVANCED_FACE('',(#325),#80,.F.);
#3025=ADVANCED_FACE('',(#326),#81,.F.);
#3026=ADVANCED_FACE('',(#327),#82,.F.);
#3027=ADVANCED_FACE('',(#328),#83,.F.);
#3028=ADVANCED_FACE('',(#329),#84,.F.);
#3029=ADVANCED_FACE('',(#330),#85,.F.);
#3030=ADVANCED_FACE('',(#331),#86,.F.);
#3031=ADVANCED_FACE('',(#332),#87,.F.);
#3032=ADVANCED_FACE('',(#333),#88,.F.);
#3033=ADVANCED_FACE('',(#334),#89,.F.);
#3034=ADVANCED_FACE('',(#335),#90,.F.);
#3035=ADVANCED_FACE('',(#336),#91,.F.);
#3036=ADVANCED_FACE('',(#337),#92,.F.);
#3037=ADVANCED_FACE('',(#338),#93,.F.);
#3038=ADVANCED_FACE('',(#339),#94,.F.);
#3039=ADVANCED_FACE('',(#340),#95,.F.);
#3040=ADVANCED_FACE('',(#341),#96,.F.);
#3041=ADVANCED_FACE('',(#342),#97,.T.);
#3042=ADVANCED_FACE('',(#343),#98,.T.);
#3043=ADVANCED_FACE('',(#344),#2920,.F.);
#3044=ADVANCED_FACE('',(#345),#2921,.F.);
#3045=ADVANCED_FACE('',(#346),#2922,.F.);
#3046=ADVANCED_FACE('',(#347),#2923,.F.);
#3047=ADVANCED_FACE('',(#348),#2924,.F.);
#3048=ADVANCED_FACE('',(#349),#2925,.F.);
#3049=ADVANCED_FACE('',(#350),#2926,.F.);
#3050=ADVANCED_FACE('',(#351),#2927,.F.);
#3051=ADVANCED_FACE('',(#352),#2928,.F.);
#3052=ADVANCED_FACE('',(#353),#2929,.F.);
#3053=ADVANCED_FACE('',(#354),#99,.F.);
#3054=ADVANCED_FACE('',(#355),#100,.T.);
#3055=ADVANCED_FACE('',(#356),#2930,.F.);
#3056=ADVANCED_FACE('',(#357),#2931,.T.);
#3057=ADVANCED_FACE('',(#358,#180,#181,#182,#183),#223,.F.);
#3058=ADVANCED_FACE('',(#359),#101,.T.);
#3059=ADVANCED_FACE('',(#360,#184,#185,#186,#187),#224,.F.);
#3060=ADVANCED_FACE('',(#361,#188),#225,.F.);
#3061=ADVANCED_FACE('',(#362,#189),#226,.F.);
#3062=ADVANCED_FACE('',(#363,#190,#191,#192,#193,#194,#195,#196,#197,#198),
#227,.F.);
#3063=ADVANCED_FACE('',(#364),#228,.T.);
#3064=ADVANCED_FACE('',(#365),#229,.F.);
#3065=ADVANCED_FACE('',(#366),#230,.F.);
#3066=ADVANCED_FACE('',(#367),#231,.F.);
#3067=ADVANCED_FACE('',(#368),#232,.F.);
#3068=ADVANCED_FACE('',(#369),#233,.F.);
#3069=ADVANCED_FACE('',(#370),#102,.F.);
#3070=ADVANCED_FACE('',(#371),#103,.F.);
#3071=ADVANCED_FACE('',(#372),#104,.F.);
#3072=ADVANCED_FACE('',(#373),#105,.F.);
#3073=ADVANCED_FACE('',(#374),#106,.F.);
#3074=ADVANCED_FACE('',(#375),#107,.F.);
#3075=ADVANCED_FACE('',(#376),#108,.F.);
#3076=ADVANCED_FACE('',(#377),#109,.F.);
#3077=ADVANCED_FACE('',(#378),#110,.F.);
#3078=ADVANCED_FACE('',(#379),#111,.F.);
#3079=ADVANCED_FACE('',(#380),#112,.F.);
#3080=ADVANCED_FACE('',(#381),#113,.F.);
#3081=ADVANCED_FACE('',(#382),#114,.F.);
#3082=ADVANCED_FACE('',(#383),#115,.F.);
#3083=ADVANCED_FACE('',(#384),#116,.F.);
#3084=ADVANCED_FACE('',(#385),#117,.F.);
#3085=ADVANCED_FACE('',(#386),#118,.F.);
#3086=ADVANCED_FACE('',(#387),#119,.F.);
#3087=ADVANCED_FACE('',(#388),#120,.T.);
#3088=ADVANCED_FACE('',(#389),#121,.T.);
#3089=ADVANCED_FACE('',(#390),#2932,.F.);
#3090=ADVANCED_FACE('',(#391),#2933,.F.);
#3091=ADVANCED_FACE('',(#392),#2934,.F.);
#3092=ADVANCED_FACE('',(#393),#2935,.F.);
#3093=ADVANCED_FACE('',(#394),#2936,.F.);
#3094=ADVANCED_FACE('',(#395),#2937,.F.);
#3095=ADVANCED_FACE('',(#396),#2938,.F.);
#3096=ADVANCED_FACE('',(#397),#2939,.F.);
#3097=ADVANCED_FACE('',(#398),#2940,.F.);
#3098=ADVANCED_FACE('',(#399),#2941,.F.);
#3099=ADVANCED_FACE('',(#400),#122,.F.);
#3100=ADVANCED_FACE('',(#401),#123,.T.);
#3101=ADVANCED_FACE('',(#402),#2942,.F.);
#3102=ADVANCED_FACE('',(#403),#2943,.T.);
#3103=ADVANCED_FACE('',(#404,#199,#200,#201,#202),#234,.F.);
#3104=ADVANCED_FACE('',(#405),#124,.T.);
#3105=ADVANCED_FACE('',(#406,#203,#204,#205,#206),#235,.F.);
#3106=ADVANCED_FACE('',(#407,#207),#236,.F.);
#3107=ADVANCED_FACE('',(#408,#208),#237,.F.);
#3108=ADVANCED_FACE('',(#409,#209,#210,#211,#212,#213,#214,#215,#216,#217),
#238,.F.);
#3109=ADVANCED_FACE('',(#410),#239,.T.);
#3110=ADVANCED_FACE('',(#411),#240,.F.);
#3111=ADVANCED_FACE('',(#412),#241,.F.);
#3112=ADVANCED_FACE('',(#413),#242,.F.);
#3113=ADVANCED_FACE('',(#414),#243,.F.);
#3114=ADVANCED_FACE('',(#415),#244,.F.);
#3115=CLOSED_SHELL('',(#2944,#2945,#2946,#2947,#2948,#2949,#2950,#2951,
#2952,#2953,#2954,#2955,#2956,#2957,#2958,#2959,#2960,#2961,#2962,#2963,
#2964,#2965,#2966,#2967,#2968,#2969,#2970,#2971,#2972,#2973,#2974,#2975,
#2976,#2977,#2978,#2979,#2980,#2981,#2982,#2983,#2984,#2985,#2986,#2987,
#2988,#2989,#2990,#2991,#2992,#2993,#2994,#2995,#2996,#2997,#2998,#2999,
#3000,#3001,#3002,#3003,#3004,#3005,#3006,#3007,#3008,#3009,#3010,#3011,
#3012,#3013,#3014,#3015,#3016,#3017,#3018,#3019,#3020,#3021,#3022));
#3116=CLOSED_SHELL('',(#3023,#3024,#3025,#3026,#3027,#3028,#3029,#3030,
#3031,#3032,#3033,#3034,#3035,#3036,#3037,#3038,#3039,#3040,#3041,#3042,
#3043,#3044,#3045,#3046,#3047,#3048,#3049,#3050,#3051,#3052,#3053,#3054,
#3055,#3056,#3057,#3058,#3059,#3060,#3061,#3062,#3063,#3064,#3065,#3066,
#3067,#3068));
#3117=CLOSED_SHELL('',(#3069,#3070,#3071,#3072,#3073,#3074,#3075,#3076,
#3077,#3078,#3079,#3080,#3081,#3082,#3083,#3084,#3085,#3086,#3087,#3088,
#3089,#3090,#3091,#3092,#3093,#3094,#3095,#3096,#3097,#3098,#3099,#3100,
#3101,#3102,#3103,#3104,#3105,#3106,#3107,#3108,#3109,#3110,#3111,#3112,
#3113,#3114));
#3118=DERIVED_UNIT_ELEMENT(#3124,1.);
#3119=DERIVED_UNIT_ELEMENT(#5545,-3.);
#3120=DERIVED_UNIT_ELEMENT(#3124,1.);
#3121=DERIVED_UNIT_ELEMENT(#5545,-3.);
#3122=DERIVED_UNIT_ELEMENT(#3124,1.);
#3123=DERIVED_UNIT_ELEMENT(#5545,-3.);
#3124=(
MASS_UNIT()
NAMED_UNIT(*)
SI_UNIT(.KILO.,.GRAM.)
);
#3125=DERIVED_UNIT((#3118,#3119));
#3126=DERIVED_UNIT((#3120,#3121));
#3127=DERIVED_UNIT((#3122,#3123));
#3128=MEASURE_REPRESENTATION_ITEM('density measure',
POSITIVE_RATIO_MEASURE(7850.),#3125);
#3129=MEASURE_REPRESENTATION_ITEM('density measure',
POSITIVE_RATIO_MEASURE(7850.),#3126);
#3130=MEASURE_REPRESENTATION_ITEM('density measure',
POSITIVE_RATIO_MEASURE(7850.),#3127);
#3131=PROPERTY_DEFINITION_REPRESENTATION(#3146,#3137);
#3132=PROPERTY_DEFINITION_REPRESENTATION(#3147,#3138);
#3133=PROPERTY_DEFINITION_REPRESENTATION(#3148,#3139);
#3134=PROPERTY_DEFINITION_REPRESENTATION(#3149,#3140);
#3135=PROPERTY_DEFINITION_REPRESENTATION(#3150,#3141);
#3136=PROPERTY_DEFINITION_REPRESENTATION(#3151,#3142);
#3137=REPRESENTATION('material name',(#3143),#5540);
#3138=REPRESENTATION('density',(#3128),#5540);
#3139=REPRESENTATION('material name',(#3144),#5541);
#3140=REPRESENTATION('density',(#3129),#5541);
#3141=REPRESENTATION('material name',(#3145),#5542);
#3142=REPRESENTATION('density',(#3130),#5542);
#3143=DESCRIPTIVE_REPRESENTATION_ITEM('Steel','Steel');
#3144=DESCRIPTIVE_REPRESENTATION_ITEM('Steel','Steel');
#3145=DESCRIPTIVE_REPRESENTATION_ITEM('Steel','Steel');
#3146=PROPERTY_DEFINITION('material property','material name',#5565);
#3147=PROPERTY_DEFINITION('material property','density of part',#5565);
#3148=PROPERTY_DEFINITION('material property','material name',#5566);
#3149=PROPERTY_DEFINITION('material property','density of part',#5566);
#3150=PROPERTY_DEFINITION('material property','material name',#5567);
#3151=PROPERTY_DEFINITION('material property','density of part',#5567);
#3152=AXIS2_PLACEMENT_3D('',#4640,#3588,#3589);
#3153=AXIS2_PLACEMENT_3D('',#4641,#3590,#3591);
#3154=AXIS2_PLACEMENT_3D('',#4642,#3592,#3593);
#3155=AXIS2_PLACEMENT_3D('',#4644,#3594,#3595);
#3156=AXIS2_PLACEMENT_3D('',#4647,#3597,#3598);
#3157=AXIS2_PLACEMENT_3D('',#4648,#3599,#3600);
#3158=AXIS2_PLACEMENT_3D('',#4650,#3601,#3602);
#3159=AXIS2_PLACEMENT_3D('',#4651,#3603,#3604);
#3160=AXIS2_PLACEMENT_3D('',#4653,#3605,#3606);
#3161=AXIS2_PLACEMENT_3D('',#4656,#3608,#3609);
#3162=AXIS2_PLACEMENT_3D('',#4657,#3610,#3611);
#3163=AXIS2_PLACEMENT_3D('',#4659,#3612,#3613);
#3164=AXIS2_PLACEMENT_3D('',#4660,#3614,#3615);
#3165=AXIS2_PLACEMENT_3D('',#4662,#3616,#3617);
#3166=AXIS2_PLACEMENT_3D('',#4664,#3619,#3620);
#3167=AXIS2_PLACEMENT_3D('',#4666,#3621,#3622);
#3168=AXIS2_PLACEMENT_3D('',#4668,#3624,#3625);
#3169=AXIS2_PLACEMENT_3D('',#4671,#3626,#3627);
#3170=AXIS2_PLACEMENT_3D('',#4672,#3628,#3629);
#3171=AXIS2_PLACEMENT_3D('',#4675,#3631,#3632);
#3172=AXIS2_PLACEMENT_3D('',#4676,#3633,#3634);
#3173=AXIS2_PLACEMENT_3D('',#4678,#3635,#3636);
#3174=AXIS2_PLACEMENT_3D('',#4681,#3638,#3639);
#3175=AXIS2_PLACEMENT_3D('',#4682,#3640,#3641);
#3176=AXIS2_PLACEMENT_3D('',#4685,#3642,#3643);
#3177=AXIS2_PLACEMENT_3D('',#4686,#3644,#3645);
#3178=AXIS2_PLACEMENT_3D('',#4689,#3647,#3648);
#3179=AXIS2_PLACEMENT_3D('',#4690,#3649,#3650);
#3180=AXIS2_PLACEMENT_3D('',#4692,#3651,#3652);
#3181=AXIS2_PLACEMENT_3D('',#4695,#3654,#3655);
#3182=AXIS2_PLACEMENT_3D('',#4696,#3656,#3657);
#3183=AXIS2_PLACEMENT_3D('',#4699,#3658,#3659);
#3184=AXIS2_PLACEMENT_3D('',#4700,#3660,#3661);
#3185=AXIS2_PLACEMENT_3D('',#4703,#3663,#3664);
#3186=AXIS2_PLACEMENT_3D('',#4704,#3665,#3666);
#3187=AXIS2_PLACEMENT_3D('',#4706,#3667,#3668);
#3188=AXIS2_PLACEMENT_3D('',#4709,#3670,#3671);
#3189=AXIS2_PLACEMENT_3D('',#4710,#3672,#3673);
#3190=AXIS2_PLACEMENT_3D('',#4713,#3674,#3675);
#3191=AXIS2_PLACEMENT_3D('',#4714,#3676,#3677);
#3192=AXIS2_PLACEMENT_3D('',#4717,#3679,#3680);
#3193=AXIS2_PLACEMENT_3D('',#4718,#3681,#3682);
#3194=AXIS2_PLACEMENT_3D('',#4720,#3683,#3684);
#3195=AXIS2_PLACEMENT_3D('',#4723,#3686,#3687);
#3196=AXIS2_PLACEMENT_3D('',#4724,#3688,#3689);
#3197=AXIS2_PLACEMENT_3D('',#4727,#3690,#3691);
#3198=AXIS2_PLACEMENT_3D('',#4728,#3692,#3693);
#3199=AXIS2_PLACEMENT_3D('',#4731,#3695,#3696);
#3200=AXIS2_PLACEMENT_3D('',#4732,#3697,#3698);
#3201=AXIS2_PLACEMENT_3D('',#4734,#3699,#3700);
#3202=AXIS2_PLACEMENT_3D('',#4737,#3702,#3703);
#3203=AXIS2_PLACEMENT_3D('',#4738,#3704,#3705);
#3204=AXIS2_PLACEMENT_3D('',#4741,#3706,#3707);
#3205=AXIS2_PLACEMENT_3D('',#4742,#3708,#3709);
#3206=AXIS2_PLACEMENT_3D('',#4745,#3711,#3712);
#3207=AXIS2_PLACEMENT_3D('',#4746,#3713,#3714);
#3208=AXIS2_PLACEMENT_3D('',#4748,#3715,#3716);
#3209=AXIS2_PLACEMENT_3D('',#4751,#3718,#3719);
#3210=AXIS2_PLACEMENT_3D('',#4752,#3720,#3721);
#3211=AXIS2_PLACEMENT_3D('',#4755,#3722,#3723);
#3212=AXIS2_PLACEMENT_3D('',#4756,#3724,#3725);
#3213=AXIS2_PLACEMENT_3D('',#4759,#3727,#3728);
#3214=AXIS2_PLACEMENT_3D('',#4760,#3729,#3730);
#3215=AXIS2_PLACEMENT_3D('',#4762,#3731,#3732);
#3216=AXIS2_PLACEMENT_3D('',#4765,#3734,#3735);
#3217=AXIS2_PLACEMENT_3D('',#4766,#3736,#3737);
#3218=AXIS2_PLACEMENT_3D('',#4769,#3738,#3739);
#3219=AXIS2_PLACEMENT_3D('',#4770,#3740,#3741);
#3220=AXIS2_PLACEMENT_3D('',#4773,#3743,#3744);
#3221=AXIS2_PLACEMENT_3D('',#4774,#3745,#3746);
#3222=AXIS2_PLACEMENT_3D('',#4776,#3747,#3748);
#3223=AXIS2_PLACEMENT_3D('',#4779,#3750,#3751);
#3224=AXIS2_PLACEMENT_3D('',#4780,#3752,#3753);
#3225=AXIS2_PLACEMENT_3D('',#4783,#3754,#3755);
#3226=AXIS2_PLACEMENT_3D('',#4784,#3756,#3757);
#3227=AXIS2_PLACEMENT_3D('',#4787,#3759,#3760);
#3228=AXIS2_PLACEMENT_3D('',#4788,#3761,#3762);
#3229=AXIS2_PLACEMENT_3D('',#4790,#3763,#3764);
#3230=AXIS2_PLACEMENT_3D('',#4793,#3766,#3767);
#3231=AXIS2_PLACEMENT_3D('',#4794,#3768,#3769);
#3232=AXIS2_PLACEMENT_3D('',#4797,#3770,#3771);
#3233=AXIS2_PLACEMENT_3D('',#4798,#3772,#3773);
#3234=AXIS2_PLACEMENT_3D('',#4801,#3775,#3776);
#3235=AXIS2_PLACEMENT_3D('',#4802,#3777,#3778);
#3236=AXIS2_PLACEMENT_3D('',#4804,#3779,#3780);
#3237=AXIS2_PLACEMENT_3D('',#4807,#3782,#3783);
#3238=AXIS2_PLACEMENT_3D('',#4808,#3784,#3785);
#3239=AXIS2_PLACEMENT_3D('',#4811,#3786,#3787);
#3240=AXIS2_PLACEMENT_3D('',#4812,#3788,#3789);
#3241=AXIS2_PLACEMENT_3D('',#4815,#3791,#3792);
#3242=AXIS2_PLACEMENT_3D('',#4816,#3793,#3794);
#3243=AXIS2_PLACEMENT_3D('',#4818,#3795,#3796);
#3244=AXIS2_PLACEMENT_3D('',#4821,#3798,#3799);
#3245=AXIS2_PLACEMENT_3D('',#4822,#3800,#3801);
#3246=AXIS2_PLACEMENT_3D('',#4825,#3802,#3803);
#3247=AXIS2_PLACEMENT_3D('',#4826,#3804,#3805);
#3248=AXIS2_PLACEMENT_3D('',#4829,#3807,#3808);
#3249=AXIS2_PLACEMENT_3D('',#4830,#3809,#3810);
#3250=AXIS2_PLACEMENT_3D('',#4832,#3811,#3812);
#3251=AXIS2_PLACEMENT_3D('',#4835,#3814,#3815);
#3252=AXIS2_PLACEMENT_3D('',#4836,#3816,#3817);
#3253=AXIS2_PLACEMENT_3D('',#4839,#3818,#3819);
#3254=AXIS2_PLACEMENT_3D('',#4840,#3820,#3821);
#3255=AXIS2_PLACEMENT_3D('',#4843,#3823,#3824);
#3256=AXIS2_PLACEMENT_3D('',#4844,#3825,#3826);
#3257=AXIS2_PLACEMENT_3D('',#4846,#3827,#3828);
#3258=AXIS2_PLACEMENT_3D('',#4849,#3830,#3831);
#3259=AXIS2_PLACEMENT_3D('',#4850,#3832,#3833);
#3260=AXIS2_PLACEMENT_3D('',#4853,#3834,#3835);
#3261=AXIS2_PLACEMENT_3D('',#4854,#3836,#3837);
#3262=AXIS2_PLACEMENT_3D('',#4857,#3839,#3840);
#3263=AXIS2_PLACEMENT_3D('',#4858,#3841,#3842);
#3264=AXIS2_PLACEMENT_3D('',#4860,#3843,#3844);
#3265=AXIS2_PLACEMENT_3D('',#4863,#3846,#3847);
#3266=AXIS2_PLACEMENT_3D('',#4864,#3848,#3849);
#3267=AXIS2_PLACEMENT_3D('',#4867,#3850,#3851);
#3268=AXIS2_PLACEMENT_3D('',#4868,#3852,#3853);
#3269=AXIS2_PLACEMENT_3D('',#4871,#3855,#3856);
#3270=AXIS2_PLACEMENT_3D('',#4872,#3857,#3858);
#3271=AXIS2_PLACEMENT_3D('',#4874,#3859,#3860);
#3272=AXIS2_PLACEMENT_3D('',#4877,#3862,#3863);
#3273=AXIS2_PLACEMENT_3D('',#4878,#3864,#3865);
#3274=AXIS2_PLACEMENT_3D('',#4881,#3866,#3867);
#3275=AXIS2_PLACEMENT_3D('',#4882,#3868,#3869);
#3276=AXIS2_PLACEMENT_3D('',#4885,#3871,#3872);
#3277=AXIS2_PLACEMENT_3D('',#4886,#3873,#3874);
#3278=AXIS2_PLACEMENT_3D('',#4888,#3875,#3876);
#3279=AXIS2_PLACEMENT_3D('',#4891,#3878,#3879);
#3280=AXIS2_PLACEMENT_3D('',#4892,#3880,#3881);
#3281=AXIS2_PLACEMENT_3D('',#4895,#3882,#3883);
#3282=AXIS2_PLACEMENT_3D('',#4896,#3884,#3885);
#3283=AXIS2_PLACEMENT_3D('',#4899,#3887,#3888);
#3284=AXIS2_PLACEMENT_3D('',#4900,#3889,#3890);
#3285=AXIS2_PLACEMENT_3D('',#4902,#3891,#3892);
#3286=AXIS2_PLACEMENT_3D('',#4905,#3894,#3895);
#3287=AXIS2_PLACEMENT_3D('',#4906,#3896,#3897);
#3288=AXIS2_PLACEMENT_3D('',#4909,#3898,#3899);
#3289=AXIS2_PLACEMENT_3D('',#4910,#3900,#3901);
#3290=AXIS2_PLACEMENT_3D('',#4913,#3903,#3904);
#3291=AXIS2_PLACEMENT_3D('',#4914,#3905,#3906);
#3292=AXIS2_PLACEMENT_3D('',#4916,#3907,#3908);
#3293=AXIS2_PLACEMENT_3D('',#4919,#3910,#3911);
#3294=AXIS2_PLACEMENT_3D('',#4920,#3912,#3913);
#3295=AXIS2_PLACEMENT_3D('',#4923,#3914,#3915);
#3296=AXIS2_PLACEMENT_3D('',#4924,#3916,#3917);
#3297=AXIS2_PLACEMENT_3D('',#4927,#3919,#3920);
#3298=AXIS2_PLACEMENT_3D('',#4928,#3921,#3922);
#3299=AXIS2_PLACEMENT_3D('',#4930,#3923,#3924);
#3300=AXIS2_PLACEMENT_3D('',#4933,#3926,#3927);
#3301=AXIS2_PLACEMENT_3D('',#4934,#3928,#3929);
#3302=AXIS2_PLACEMENT_3D('',#4937,#3930,#3931);
#3303=AXIS2_PLACEMENT_3D('',#4938,#3932,#3933);
#3304=AXIS2_PLACEMENT_3D('',#4941,#3935,#3936);
#3305=AXIS2_PLACEMENT_3D('',#4942,#3937,#3938);
#3306=AXIS2_PLACEMENT_3D('',#4944,#3939,#3940);
#3307=AXIS2_PLACEMENT_3D('',#4947,#3942,#3943);
#3308=AXIS2_PLACEMENT_3D('',#4948,#3944,#3945);
#3309=AXIS2_PLACEMENT_3D('',#4951,#3946,#3947);
#3310=AXIS2_PLACEMENT_3D('',#4952,#3948,#3949);
#3311=AXIS2_PLACEMENT_3D('',#4955,#3951,#3952);
#3312=AXIS2_PLACEMENT_3D('',#4956,#3953,#3954);
#3313=AXIS2_PLACEMENT_3D('',#4958,#3955,#3956);
#3314=AXIS2_PLACEMENT_3D('',#4961,#3958,#3959);
#3315=AXIS2_PLACEMENT_3D('',#4962,#3960,#3961);
#3316=AXIS2_PLACEMENT_3D('',#4964,#3962,#3963);
#3317=AXIS2_PLACEMENT_3D('',#4967,#3965,#3966);
#3318=AXIS2_PLACEMENT_3D('',#4968,#3967,#3968);
#3319=AXIS2_PLACEMENT_3D('',#4970,#3969,#3970);
#3320=AXIS2_PLACEMENT_3D('',#4973,#3972,#3973);
#3321=AXIS2_PLACEMENT_3D('',#4974,#3974,#3975);
#3322=AXIS2_PLACEMENT_3D('',#4976,#3976,#3977);
#3323=AXIS2_PLACEMENT_3D('',#4979,#3979,#3980);
#3324=AXIS2_PLACEMENT_3D('',#4980,#3981,#3982);
#3325=AXIS2_PLACEMENT_3D('',#4982,#3983,#3984);
#3326=AXIS2_PLACEMENT_3D('',#4985,#3986,#3987);
#3327=AXIS2_PLACEMENT_3D('',#4986,#3988,#3989);
#3328=AXIS2_PLACEMENT_3D('',#4988,#3991,#3992);
#3329=AXIS2_PLACEMENT_3D('',#4990,#3994,#3995);
#3330=AXIS2_PLACEMENT_3D('',#4992,#3997,#3998);
#3331=AXIS2_PLACEMENT_3D('',#4994,#4000,#4001);
#3332=AXIS2_PLACEMENT_3D('',#4996,#4003,#4004);
#3333=AXIS2_PLACEMENT_3D('',#4998,#4006,#4007);
#3334=AXIS2_PLACEMENT_3D('',#5000,#4009,#4010);
#3335=AXIS2_PLACEMENT_3D('',#5002,#4012,#4013);
#3336=AXIS2_PLACEMENT_3D('',#5004,#4015,#4016);
#3337=AXIS2_PLACEMENT_3D('',#5006,#4018,#4019);
#3338=AXIS2_PLACEMENT_3D('',#5008,#4021,#4022);
#3339=AXIS2_PLACEMENT_3D('',#5010,#4024,#4025);
#3340=AXIS2_PLACEMENT_3D('',#5012,#4027,#4028);
#3341=AXIS2_PLACEMENT_3D('',#5014,#4030,#4031);
#3342=AXIS2_PLACEMENT_3D('',#5016,#4033,#4034);
#3343=AXIS2_PLACEMENT_3D('',#5018,#4036,#4037);
#3344=AXIS2_PLACEMENT_3D('',#5020,#4039,#4040);
#3345=AXIS2_PLACEMENT_3D('',#5022,#4042,#4043);
#3346=AXIS2_PLACEMENT_3D('',#5024,#4045,#4046);
#3347=AXIS2_PLACEMENT_3D('',#5026,#4048,#4049);
#3348=AXIS2_PLACEMENT_3D('',#5028,#4050,#4051);
#3349=AXIS2_PLACEMENT_3D('',#5032,#4053,#4054);
#3350=AXIS2_PLACEMENT_3D('',#5033,#4055,#4056);
#3351=AXIS2_PLACEMENT_3D('',#5034,#4057,#4058);
#3352=AXIS2_PLACEMENT_3D('',#5036,#4059,#4060);
#3353=AXIS2_PLACEMENT_3D('',#5038,#4062,#4063);
#3354=AXIS2_PLACEMENT_3D('',#5040,#4064,#4065);
#3355=AXIS2_PLACEMENT_3D('',#5042,#4067,#4068);
#3356=AXIS2_PLACEMENT_3D('',#5044,#4070,#4071);
#3357=AXIS2_PLACEMENT_3D('',#5045,#4072,#4073);
#3358=AXIS2_PLACEMENT_3D('',#5046,#4074,#4075);
#3359=AXIS2_PLACEMENT_3D('',#5047,#4076,#4077);
#3360=AXIS2_PLACEMENT_3D('',#5048,#4078,#4079);
#3361=AXIS2_PLACEMENT_3D('',#5051,#4080,#4081);
#3362=AXIS2_PLACEMENT_3D('',#5052,#4082,#4083);
#3363=AXIS2_PLACEMENT_3D('',#5055,#4085,#4086);
#3364=AXIS2_PLACEMENT_3D('',#5056,#4087,#4088);
#3365=AXIS2_PLACEMENT_3D('',#5058,#4089,#4090);
#3366=AXIS2_PLACEMENT_3D('',#5061,#4092,#4093);
#3367=AXIS2_PLACEMENT_3D('',#5062,#4094,#4095);
#3368=AXIS2_PLACEMENT_3D('',#5065,#4096,#4097);
#3369=AXIS2_PLACEMENT_3D('',#5066,#4098,#4099);
#3370=AXIS2_PLACEMENT_3D('',#5069,#4101,#4102);
#3371=AXIS2_PLACEMENT_3D('',#5070,#4103,#4104);
#3372=AXIS2_PLACEMENT_3D('',#5072,#4105,#4106);
#3373=AXIS2_PLACEMENT_3D('',#5075,#4108,#4109);
#3374=AXIS2_PLACEMENT_3D('',#5076,#4110,#4111);
#3375=AXIS2_PLACEMENT_3D('',#5079,#4112,#4113);
#3376=AXIS2_PLACEMENT_3D('',#5080,#4114,#4115);
#3377=AXIS2_PLACEMENT_3D('',#5083,#4117,#4118);
#3378=AXIS2_PLACEMENT_3D('',#5084,#4119,#4120);
#3379=AXIS2_PLACEMENT_3D('',#5086,#4121,#4122);
#3380=AXIS2_PLACEMENT_3D('',#5089,#4124,#4125);
#3381=AXIS2_PLACEMENT_3D('',#5090,#4126,#4127);
#3382=AXIS2_PLACEMENT_3D('',#5093,#4128,#4129);
#3383=AXIS2_PLACEMENT_3D('',#5094,#4130,#4131);
#3384=AXIS2_PLACEMENT_3D('',#5097,#4133,#4134);
#3385=AXIS2_PLACEMENT_3D('',#5098,#4135,#4136);
#3386=AXIS2_PLACEMENT_3D('',#5100,#4137,#4138);
#3387=AXIS2_PLACEMENT_3D('',#5103,#4140,#4141);
#3388=AXIS2_PLACEMENT_3D('',#5104,#4142,#4143);
#3389=AXIS2_PLACEMENT_3D('',#5107,#4144,#4145);
#3390=AXIS2_PLACEMENT_3D('',#5108,#4146,#4147);
#3391=AXIS2_PLACEMENT_3D('',#5111,#4149,#4150);
#3392=AXIS2_PLACEMENT_3D('',#5112,#4151,#4152);
#3393=AXIS2_PLACEMENT_3D('',#5114,#4153,#4154);
#3394=AXIS2_PLACEMENT_3D('',#5117,#4156,#4157);
#3395=AXIS2_PLACEMENT_3D('',#5118,#4158,#4159);
#3396=AXIS2_PLACEMENT_3D('',#5121,#4160,#4161);
#3397=AXIS2_PLACEMENT_3D('',#5122,#4162,#4163);
#3398=AXIS2_PLACEMENT_3D('',#5125,#4165,#4166);
#3399=AXIS2_PLACEMENT_3D('',#5126,#4167,#4168);
#3400=AXIS2_PLACEMENT_3D('',#5128,#4169,#4170);
#3401=AXIS2_PLACEMENT_3D('',#5131,#4172,#4173);
#3402=AXIS2_PLACEMENT_3D('',#5132,#4174,#4175);
#3403=AXIS2_PLACEMENT_3D('',#5135,#4176,#4177);
#3404=AXIS2_PLACEMENT_3D('',#5136,#4178,#4179);
#3405=AXIS2_PLACEMENT_3D('',#5139,#4181,#4182);
#3406=AXIS2_PLACEMENT_3D('',#5140,#4183,#4184);
#3407=AXIS2_PLACEMENT_3D('',#5142,#4185,#4186);
#3408=AXIS2_PLACEMENT_3D('',#5145,#4188,#4189);
#3409=AXIS2_PLACEMENT_3D('',#5146,#4190,#4191);
#3410=AXIS2_PLACEMENT_3D('',#5149,#4192,#4193);
#3411=AXIS2_PLACEMENT_3D('',#5150,#4194,#4195);
#3412=AXIS2_PLACEMENT_3D('',#5153,#4197,#4198);
#3413=AXIS2_PLACEMENT_3D('',#5154,#4199,#4200);
#3414=AXIS2_PLACEMENT_3D('',#5156,#4201,#4202);
#3415=AXIS2_PLACEMENT_3D('',#5159,#4204,#4205);
#3416=AXIS2_PLACEMENT_3D('',#5160,#4206,#4207);
#3417=AXIS2_PLACEMENT_3D('',#5163,#4208,#4209);
#3418=AXIS2_PLACEMENT_3D('',#5164,#4210,#4211);
#3419=AXIS2_PLACEMENT_3D('',#5167,#4213,#4214);
#3420=AXIS2_PLACEMENT_3D('',#5168,#4215,#4216);
#3421=AXIS2_PLACEMENT_3D('',#5170,#4217,#4218);
#3422=AXIS2_PLACEMENT_3D('',#5173,#4220,#4221);
#3423=AXIS2_PLACEMENT_3D('',#5174,#4222,#4223);
#3424=AXIS2_PLACEMENT_3D('',#5177,#4224,#4225);
#3425=AXIS2_PLACEMENT_3D('',#5178,#4226,#4227);
#3426=AXIS2_PLACEMENT_3D('',#5181,#4229,#4230);
#3427=AXIS2_PLACEMENT_3D('',#5182,#4231,#4232);
#3428=AXIS2_PLACEMENT_3D('',#5185,#4233,#4234);
#3429=AXIS2_PLACEMENT_3D('',#5189,#4236,#4237);
#3430=AXIS2_PLACEMENT_3D('',#5191,#4239,#4240);
#3431=AXIS2_PLACEMENT_3D('',#5193,#4242,#4243);
#3432=AXIS2_PLACEMENT_3D('',#5195,#4245,#4246);
#3433=AXIS2_PLACEMENT_3D('',#5197,#4248,#4249);
#3434=AXIS2_PLACEMENT_3D('',#5199,#4251,#4252);
#3435=AXIS2_PLACEMENT_3D('',#5201,#4254,#4255);
#3436=AXIS2_PLACEMENT_3D('',#5203,#4257,#4258);
#3437=AXIS2_PLACEMENT_3D('',#5205,#4260,#4261);
#3438=AXIS2_PLACEMENT_3D('',#5207,#4263,#4264);
#3439=AXIS2_PLACEMENT_3D('',#5209,#4265,#4266);
#3440=AXIS2_PLACEMENT_3D('',#5211,#4268,#4269);
#3441=AXIS2_PLACEMENT_3D('',#5214,#4271,#4272);
#3442=AXIS2_PLACEMENT_3D('',#5215,#4273,#4274);
#3443=AXIS2_PLACEMENT_3D('',#5217,#4275,#4276);
#3444=AXIS2_PLACEMENT_3D('',#5221,#4278,#4279);
#3445=AXIS2_PLACEMENT_3D('',#5222,#4280,#4281);
#3446=AXIS2_PLACEMENT_3D('',#5223,#4282,#4283);
#3447=AXIS2_PLACEMENT_3D('',#5225,#4284,#4285);
#3448=AXIS2_PLACEMENT_3D('',#5227,#4287,#4288);
#3449=AXIS2_PLACEMENT_3D('',#5230,#4289,#4290);
#3450=AXIS2_PLACEMENT_3D('',#5234,#4292,#4293);
#3451=AXIS2_PLACEMENT_3D('',#5238,#4295,#4296);
#3452=AXIS2_PLACEMENT_3D('',#5241,#4298,#4299);
#3453=AXIS2_PLACEMENT_3D('',#5245,#4301,#4302);
#3454=AXIS2_PLACEMENT_3D('',#5247,#4304,#4305);
#3455=AXIS2_PLACEMENT_3D('',#5251,#4307,#4308);
#3456=AXIS2_PLACEMENT_3D('',#5255,#4310,#4311);
#3457=AXIS2_PLACEMENT_3D('',#5260,#4314,#4315);
#3458=AXIS2_PLACEMENT_3D('',#5263,#4317,#4318);
#3459=AXIS2_PLACEMENT_3D('',#5264,#4319,#4320);
#3460=AXIS2_PLACEMENT_3D('',#5267,#4321,#4322);
#3461=AXIS2_PLACEMENT_3D('',#5270,#4325,#4326);
#3462=AXIS2_PLACEMENT_3D('',#5273,#4329,#4330);
#3463=AXIS2_PLACEMENT_3D('',#5276,#4333,#4334);
#3464=AXIS2_PLACEMENT_3D('',#5277,#4335,#4336);
#3465=AXIS2_PLACEMENT_3D('',#5278,#4337,#4338);
#3466=AXIS2_PLACEMENT_3D('',#5279,#4339,#4340);
#3467=AXIS2_PLACEMENT_3D('',#5282,#4343,#4344);
#3468=AXIS2_PLACEMENT_3D('',#5283,#4345,#4346);
#3469=AXIS2_PLACEMENT_3D('',#5284,#4347,#4348);
#3470=AXIS2_PLACEMENT_3D('',#5287,#4351,#4352);
#3471=AXIS2_PLACEMENT_3D('',#5288,#4353,#4354);
#3472=AXIS2_PLACEMENT_3D('',#5289,#4355,#4356);
#3473=AXIS2_PLACEMENT_3D('',#5290,#4357,#4358);
#3474=AXIS2_PLACEMENT_3D('',#5293,#4359,#4360);
#3475=AXIS2_PLACEMENT_3D('',#5294,#4361,#4362);
#3476=AXIS2_PLACEMENT_3D('',#5297,#4364,#4365);
#3477=AXIS2_PLACEMENT_3D('',#5298,#4366,#4367);
#3478=AXIS2_PLACEMENT_3D('',#5300,#4368,#4369);
#3479=AXIS2_PLACEMENT_3D('',#5303,#4371,#4372);
#3480=AXIS2_PLACEMENT_3D('',#5304,#4373,#4374);
#3481=AXIS2_PLACEMENT_3D('',#5307,#4375,#4376);
#3482=AXIS2_PLACEMENT_3D('',#5308,#4377,#4378);
#3483=AXIS2_PLACEMENT_3D('',#5311,#4380,#4381);
#3484=AXIS2_PLACEMENT_3D('',#5312,#4382,#4383);
#3485=AXIS2_PLACEMENT_3D('',#5314,#4384,#4385);
#3486=AXIS2_PLACEMENT_3D('',#5317,#4387,#4388);
#3487=AXIS2_PLACEMENT_3D('',#5318,#4389,#4390);
#3488=AXIS2_PLACEMENT_3D('',#5321,#4391,#4392);
#3489=AXIS2_PLACEMENT_3D('',#5322,#4393,#4394);
#3490=AXIS2_PLACEMENT_3D('',#5325,#4396,#4397);
#3491=AXIS2_PLACEMENT_3D('',#5326,#4398,#4399);
#3492=AXIS2_PLACEMENT_3D('',#5328,#4400,#4401);
#3493=AXIS2_PLACEMENT_3D('',#5331,#4403,#4404);
#3494=AXIS2_PLACEMENT_3D('',#5332,#4405,#4406);
#3495=AXIS2_PLACEMENT_3D('',#5335,#4407,#4408);
#3496=AXIS2_PLACEMENT_3D('',#5336,#4409,#4410);
#3497=AXIS2_PLACEMENT_3D('',#5339,#4412,#4413);
#3498=AXIS2_PLACEMENT_3D('',#5340,#4414,#4415);
#3499=AXIS2_PLACEMENT_3D('',#5342,#4416,#4417);
#3500=AXIS2_PLACEMENT_3D('',#5345,#4419,#4420);
#3501=AXIS2_PLACEMENT_3D('',#5346,#4421,#4422);
#3502=AXIS2_PLACEMENT_3D('',#5349,#4423,#4424);
#3503=AXIS2_PLACEMENT_3D('',#5350,#4425,#4426);
#3504=AXIS2_PLACEMENT_3D('',#5353,#4428,#4429);
#3505=AXIS2_PLACEMENT_3D('',#5354,#4430,#4431);
#3506=AXIS2_PLACEMENT_3D('',#5356,#4432,#4433);
#3507=AXIS2_PLACEMENT_3D('',#5359,#4435,#4436);
#3508=AXIS2_PLACEMENT_3D('',#5360,#4437,#4438);
#3509=AXIS2_PLACEMENT_3D('',#5363,#4439,#4440);
#3510=AXIS2_PLACEMENT_3D('',#5364,#4441,#4442);
#3511=AXIS2_PLACEMENT_3D('',#5367,#4444,#4445);
#3512=AXIS2_PLACEMENT_3D('',#5368,#4446,#4447);
#3513=AXIS2_PLACEMENT_3D('',#5370,#4448,#4449);
#3514=AXIS2_PLACEMENT_3D('',#5373,#4451,#4452);
#3515=AXIS2_PLACEMENT_3D('',#5374,#4453,#4454);
#3516=AXIS2_PLACEMENT_3D('',#5377,#4455,#4456);
#3517=AXIS2_PLACEMENT_3D('',#5378,#4457,#4458);
#3518=AXIS2_PLACEMENT_3D('',#5381,#4460,#4461);
#3519=AXIS2_PLACEMENT_3D('',#5382,#4462,#4463);
#3520=AXIS2_PLACEMENT_3D('',#5384,#4464,#4465);
#3521=AXIS2_PLACEMENT_3D('',#5387,#4467,#4468);
#3522=AXIS2_PLACEMENT_3D('',#5388,#4469,#4470);
#3523=AXIS2_PLACEMENT_3D('',#5391,#4471,#4472);
#3524=AXIS2_PLACEMENT_3D('',#5392,#4473,#4474);
#3525=AXIS2_PLACEMENT_3D('',#5395,#4476,#4477);
#3526=AXIS2_PLACEMENT_3D('',#5396,#4478,#4479);
#3527=AXIS2_PLACEMENT_3D('',#5398,#4480,#4481);
#3528=AXIS2_PLACEMENT_3D('',#5401,#4483,#4484);
#3529=AXIS2_PLACEMENT_3D('',#5402,#4485,#4486);
#3530=AXIS2_PLACEMENT_3D('',#5405,#4487,#4488);
#3531=AXIS2_PLACEMENT_3D('',#5406,#4489,#4490);
#3532=AXIS2_PLACEMENT_3D('',#5409,#4492,#4493);
#3533=AXIS2_PLACEMENT_3D('',#5410,#4494,#4495);
#3534=AXIS2_PLACEMENT_3D('',#5412,#4496,#4497);
#3535=AXIS2_PLACEMENT_3D('',#5415,#4499,#4500);
#3536=AXIS2_PLACEMENT_3D('',#5416,#4501,#4502);
#3537=AXIS2_PLACEMENT_3D('',#5419,#4503,#4504);
#3538=AXIS2_PLACEMENT_3D('',#5420,#4505,#4506);
#3539=AXIS2_PLACEMENT_3D('',#5423,#4508,#4509);
#3540=AXIS2_PLACEMENT_3D('',#5424,#4510,#4511);
#3541=AXIS2_PLACEMENT_3D('',#5427,#4512,#4513);
#3542=AXIS2_PLACEMENT_3D('',#5431,#4515,#4516);
#3543=AXIS2_PLACEMENT_3D('',#5433,#4518,#4519);
#3544=AXIS2_PLACEMENT_3D('',#5435,#4521,#4522);
#3545=AXIS2_PLACEMENT_3D('',#5437,#4524,#4525);
#3546=AXIS2_PLACEMENT_3D('',#5439,#4527,#4528);
#3547=AXIS2_PLACEMENT_3D('',#5441,#4530,#4531);
#3548=AXIS2_PLACEMENT_3D('',#5443,#4533,#4534);
#3549=AXIS2_PLACEMENT_3D('',#5445,#4536,#4537);
#3550=AXIS2_PLACEMENT_3D('',#5447,#4539,#4540);
#3551=AXIS2_PLACEMENT_3D('',#5449,#4542,#4543);
#3552=AXIS2_PLACEMENT_3D('',#5451,#4544,#4545);
#3553=AXIS2_PLACEMENT_3D('',#5453,#4547,#4548);
#3554=AXIS2_PLACEMENT_3D('',#5456,#4550,#4551);
#3555=AXIS2_PLACEMENT_3D('',#5457,#4552,#4553);
#3556=AXIS2_PLACEMENT_3D('',#5459,#4554,#4555);
#3557=AXIS2_PLACEMENT_3D('',#5463,#4557,#4558);
#3558=AXIS2_PLACEMENT_3D('',#5464,#4559,#4560);
#3559=AXIS2_PLACEMENT_3D('',#5465,#4561,#4562);
#3560=AXIS2_PLACEMENT_3D('',#5467,#4563,#4564);
#3561=AXIS2_PLACEMENT_3D('',#5469,#4566,#4567);
#3562=AXIS2_PLACEMENT_3D('',#5472,#4568,#4569);
#3563=AXIS2_PLACEMENT_3D('',#5476,#4571,#4572);
#3564=AXIS2_PLACEMENT_3D('',#5480,#4574,#4575);
#3565=AXIS2_PLACEMENT_3D('',#5483,#4577,#4578);
#3566=AXIS2_PLACEMENT_3D('',#5487,#4580,#4581);
#3567=AXIS2_PLACEMENT_3D('',#5489,#4583,#4584);
#3568=AXIS2_PLACEMENT_3D('',#5493,#4586,#4587);
#3569=AXIS2_PLACEMENT_3D('',#5497,#4589,#4590);
#3570=AXIS2_PLACEMENT_3D('',#5502,#4593,#4594);
#3571=AXIS2_PLACEMENT_3D('',#5505,#4596,#4597);
#3572=AXIS2_PLACEMENT_3D('',#5506,#4598,#4599);
#3573=AXIS2_PLACEMENT_3D('',#5509,#4600,#4601);
#3574=AXIS2_PLACEMENT_3D('',#5512,#4604,#4605);
#3575=AXIS2_PLACEMENT_3D('',#5515,#4608,#4609);
#3576=AXIS2_PLACEMENT_3D('',#5518,#4612,#4613);
#3577=AXIS2_PLACEMENT_3D('',#5519,#4614,#4615);
#3578=AXIS2_PLACEMENT_3D('',#5520,#4616,#4617);
#3579=AXIS2_PLACEMENT_3D('',#5521,#4618,#4619);
#3580=AXIS2_PLACEMENT_3D('',#5524,#4622,#4623);
#3581=AXIS2_PLACEMENT_3D('',#5525,#4624,#4625);
#3582=AXIS2_PLACEMENT_3D('',#5526,#4626,#4627);
#3583=AXIS2_PLACEMENT_3D('',#5529,#4630,#4631);
#3584=AXIS2_PLACEMENT_3D('',#5530,#4632,#4633);
#3585=AXIS2_PLACEMENT_3D('',#5531,#4634,#4635);
#3586=AXIS2_PLACEMENT_3D('',#5532,#4636,#4637);
#3587=AXIS2_PLACEMENT_3D('',#5533,#4638,#4639);
#3588=DIRECTION('axis',(0.,0.,1.));
#3589=DIRECTION('refdir',(1.,0.,0.));
#3590=DIRECTION('axis',(0.,0.,1.));
#3591=DIRECTION('refdir',(1.,0.,0.));
#3592=DIRECTION('center_axis',(0.,-1.,0.));
#3593=DIRECTION('ref_axis',(-1.,0.,0.));
#3594=DIRECTION('center_axis',(0.,-1.,0.));
#3595=DIRECTION('ref_axis',(-1.,0.,0.));
#3596=DIRECTION('',(0.,1.,0.));
#3597=DIRECTION('center_axis',(0.,1.,0.));
#3598=DIRECTION('ref_axis',(-1.,0.,0.));
#3599=DIRECTION('center_axis',(0.,-1.,0.));
#3600=DIRECTION('ref_axis',(0.,0.,-1.));
#3601=DIRECTION('center_axis',(0.,1.,0.));
#3602=DIRECTION('ref_axis',(-1.,0.,0.));
#3603=DIRECTION('center_axis',(0.,-1.,0.));
#3604=DIRECTION('ref_axis',(-1.,0.,0.));
#3605=DIRECTION('center_axis',(0.,-1.,0.));
#3606=DIRECTION('ref_axis',(-1.,0.,0.));
#3607=DIRECTION('',(0.,1.,0.));
#3608=DIRECTION('center_axis',(0.,1.,0.));
#3609=DIRECTION('ref_axis',(-1.,0.,0.));
#3610=DIRECTION('center_axis',(0.,-1.,0.));
#3611=DIRECTION('ref_axis',(0.,0.,-1.));
#3612=DIRECTION('center_axis',(0.,1.,0.));
#3613=DIRECTION('ref_axis',(-1.,0.,0.));
#3614=DIRECTION('center_axis',(0.,-1.,0.));
#3615=DIRECTION('ref_axis',(-1.,0.,0.));
#3616=DIRECTION('center_axis',(0.,-1.,0.));
#3617=DIRECTION('ref_axis',(-1.,0.,0.));
#3618=DIRECTION('',(0.,-1.,0.));
#3619=DIRECTION('center_axis',(0.,-1.,0.));
#3620=DIRECTION('ref_axis',(-1.,0.,0.));
#3621=DIRECTION('center_axis',(0.,-1.,0.));
#3622=DIRECTION('ref_axis',(-1.,0.,0.));
#3623=DIRECTION('',(0.,-1.,0.));
#3624=DIRECTION('center_axis',(0.,1.,0.));
#3625=DIRECTION('ref_axis',(0.,0.,1.));
#3626=DIRECTION('center_axis',(0.,1.,0.));
#3627=DIRECTION('ref_axis',(0.,0.,1.));
#3628=DIRECTION('center_axis',(0.,1.,0.));
#3629=DIRECTION('ref_axis',(0.,0.,1.));
#3630=DIRECTION('',(8.65956056235523E-17,-0.707106781186523,0.707106781186572));
#3631=DIRECTION('center_axis',(0.,-1.,0.));
#3632=DIRECTION('ref_axis',(0.,0.,1.));
#3633=DIRECTION('center_axis',(0.,-1.,0.));
#3634=DIRECTION('ref_axis',(0.,0.,-1.));
#3635=DIRECTION('center_axis',(0.,-1.,0.));
#3636=DIRECTION('ref_axis',(0.,0.,-1.));
#3637=DIRECTION('',(8.65956056235463E-17,0.707106781186572,-0.707106781186523));
#3638=DIRECTION('center_axis',(0.,1.,0.));
#3639=DIRECTION('ref_axis',(0.,0.,-1.));
#3640=DIRECTION('center_axis',(0.,1.,0.));
#3641=DIRECTION('ref_axis',(0.,0.,1.));
#3642=DIRECTION('center_axis',(0.,1.,0.));
#3643=DIRECTION('ref_axis',(0.,0.,-1.));
#3644=DIRECTION('center_axis',(0.,1.,0.));
#3645=DIRECTION('ref_axis',(0.,0.,-1.));
#3646=DIRECTION('',(-8.65956056235507E-17,0.707106781186536,-0.707106781186559));
#3647=DIRECTION('center_axis',(0.,-1.,0.));
#3648=DIRECTION('ref_axis',(0.,0.,-1.));
#3649=DIRECTION('center_axis',(0.,-1.,0.));
#3650=DIRECTION('ref_axis',(0.,0.,-1.));
#3651=DIRECTION('center_axis',(0.,-1.,0.));
#3652=DIRECTION('ref_axis',(0.,0.,1.));
#3653=DIRECTION('',(-8.65956056235438E-17,-0.707106781186593,0.707106781186502));
#3654=DIRECTION('center_axis',(0.,1.,0.));
#3655=DIRECTION('ref_axis',(0.,0.,1.));
#3656=DIRECTION('center_axis',(0.,1.,0.));
#3657=DIRECTION('ref_axis',(0.,0.,1.));
#3658=DIRECTION('center_axis',(0.,1.,0.));
#3659=DIRECTION('ref_axis',(0.,0.,-1.));
#3660=DIRECTION('center_axis',(0.,1.,0.));
#3661=DIRECTION('ref_axis',(0.,0.,-1.));
#3662=DIRECTION('',(-8.6595605623555E-17,0.707106781186501,-0.707106781186594));
#3663=DIRECTION('center_axis',(0.,-1.,0.));
#3664=DIRECTION('ref_axis',(0.,0.,-1.));
#3665=DIRECTION('center_axis',(0.,-1.,0.));
#3666=DIRECTION('ref_axis',(0.,0.,-1.));
#3667=DIRECTION('center_axis',(0.,-1.,0.));
#3668=DIRECTION('ref_axis',(0.,0.,1.));
#3669=DIRECTION('',(-8.65956056235474E-17,-0.707106781186563,0.707106781186532));
#3670=DIRECTION('center_axis',(0.,1.,0.));
#3671=DIRECTION('ref_axis',(0.,0.,1.));
#3672=DIRECTION('center_axis',(0.,1.,0.));
#3673=DIRECTION('ref_axis',(0.,0.,1.));
#3674=DIRECTION('center_axis',(0.,1.,0.));
#3675=DIRECTION('ref_axis',(0.,0.,-1.));
#3676=DIRECTION('center_axis',(0.,1.,0.));
#3677=DIRECTION('ref_axis',(0.,0.,-1.));
#3678=DIRECTION('',(-8.65956056235481E-17,0.707106781186558,-0.707106781186537));
#3679=DIRECTION('center_axis',(0.,-1.,0.));
#3680=DIRECTION('ref_axis',(0.,0.,-1.));
#3681=DIRECTION('center_axis',(0.,-1.,0.));
#3682=DIRECTION('ref_axis',(0.,0.,-1.));
#3683=DIRECTION('center_axis',(0.,-1.,0.));
#3684=DIRECTION('ref_axis',(0.,0.,1.));
#3685=DIRECTION('',(-8.65956056235597E-17,-0.707106781186463,0.707106781186633));
#3686=DIRECTION('center_axis',(0.,1.,0.));
#3687=DIRECTION('ref_axis',(0.,0.,1.));
#3688=DIRECTION('center_axis',(0.,1.,0.));
#3689=DIRECTION('ref_axis',(0.,0.,1.));
#3690=DIRECTION('center_axis',(0.,1.,0.));
#3691=DIRECTION('ref_axis',(0.,0.,-1.));
#3692=DIRECTION('center_axis',(0.,1.,0.));
#3693=DIRECTION('ref_axis',(0.,0.,-1.));
#3694=DIRECTION('',(-8.65956056235491E-17,0.70710678118655,-0.707106781186545));
#3695=DIRECTION('center_axis',(0.,-1.,0.));
#3696=DIRECTION('ref_axis',(0.,0.,-1.));
#3697=DIRECTION('center_axis',(0.,-1.,0.));
#3698=DIRECTION('ref_axis',(0.,0.,-1.));
#3699=DIRECTION('center_axis',(0.,-1.,0.));
#3700=DIRECTION('ref_axis',(0.,0.,1.));
#3701=DIRECTION('',(-8.65956056235486E-17,-0.707106781186554,0.707106781186541));
#3702=DIRECTION('center_axis',(0.,1.,0.));
#3703=DIRECTION('ref_axis',(0.,0.,1.));
#3704=DIRECTION('center_axis',(0.,1.,0.));
#3705=DIRECTION('ref_axis',(0.,0.,1.));
#3706=DIRECTION('center_axis',(0.,1.,0.));
#3707=DIRECTION('ref_axis',(0.,0.,-1.));
#3708=DIRECTION('center_axis',(0.,1.,0.));
#3709=DIRECTION('ref_axis',(0.,0.,-1.));
#3710=DIRECTION('',(-8.65956056235474E-17,0.707106781186563,-0.707106781186532));
#3711=DIRECTION('center_axis',(0.,-1.,0.));
#3712=DIRECTION('ref_axis',(0.,0.,-1.));
#3713=DIRECTION('center_axis',(0.,-1.,0.));
#3714=DIRECTION('ref_axis',(0.,0.,-1.));
#3715=DIRECTION('center_axis',(0.,-1.,0.));
#3716=DIRECTION('ref_axis',(0.,0.,1.));
#3717=DIRECTION('',(-8.65956056235456E-17,-0.707106781186578,0.707106781186517));
#3718=DIRECTION('center_axis',(0.,1.,0.));
#3719=DIRECTION('ref_axis',(0.,0.,1.));
#3720=DIRECTION('center_axis',(0.,1.,0.));
#3721=DIRECTION('ref_axis',(0.,0.,1.));
#3722=DIRECTION('center_axis',(0.,1.,0.));
#3723=DIRECTION('ref_axis',(0.,0.,-1.));
#3724=DIRECTION('center_axis',(0.,1.,0.));
#3725=DIRECTION('ref_axis',(0.,0.,-1.));
#3726=DIRECTION('',(-8.65956056235497E-17,0.707106781186544,-0.707106781186551));
#3727=DIRECTION('center_axis',(0.,-1.,0.));
#3728=DIRECTION('ref_axis',(0.,0.,-1.));
#3729=DIRECTION('center_axis',(0.,-1.,0.));
#3730=DIRECTION('ref_axis',(0.,0.,-1.));
#3731=DIRECTION('center_axis',(0.,-1.,0.));
#3732=DIRECTION('ref_axis',(0.,0.,1.));
#3733=DIRECTION('',(-8.65956056235456E-17,-0.707106781186578,0.707106781186517));
#3734=DIRECTION('center_axis',(0.,1.,0.));
#3735=DIRECTION('ref_axis',(0.,0.,1.));
#3736=DIRECTION('center_axis',(0.,1.,0.));
#3737=DIRECTION('ref_axis',(0.,0.,1.));
#3738=DIRECTION('center_axis',(0.,1.,0.));
#3739=DIRECTION('ref_axis',(0.,0.,-1.));
#3740=DIRECTION('center_axis',(0.,1.,0.));
#3741=DIRECTION('ref_axis',(0.,0.,-1.));
#3742=DIRECTION('',(-8.65956056235462E-17,0.707106781186573,-0.707106781186522));
#3743=DIRECTION('center_axis',(0.,-1.,0.));
#3744=DIRECTION('ref_axis',(0.,0.,-1.));
#3745=DIRECTION('center_axis',(0.,-1.,0.));
#3746=DIRECTION('ref_axis',(0.,0.,-1.));
#3747=DIRECTION('center_axis',(0.,-1.,0.));
#3748=DIRECTION('ref_axis',(0.,0.,1.));
#3749=DIRECTION('',(-8.65956056235475E-17,-0.707106781186563,0.707106781186532));
#3750=DIRECTION('center_axis',(0.,1.,0.));
#3751=DIRECTION('ref_axis',(0.,0.,1.));
#3752=DIRECTION('center_axis',(0.,1.,0.));
#3753=DIRECTION('ref_axis',(0.,0.,1.));
#3754=DIRECTION('center_axis',(0.,1.,0.));
#3755=DIRECTION('ref_axis',(0.,0.,-1.));
#3756=DIRECTION('center_axis',(0.,1.,0.));
#3757=DIRECTION('ref_axis',(0.,0.,-1.));
#3758=DIRECTION('',(-8.6595605623555E-17,0.707106781186501,-0.707106781186594));
#3759=DIRECTION('center_axis',(0.,-1.,0.));
#3760=DIRECTION('ref_axis',(0.,0.,-1.));
#3761=DIRECTION('center_axis',(0.,-1.,0.));
#3762=DIRECTION('ref_axis',(0.,0.,-1.));
#3763=DIRECTION('center_axis',(0.,-1.,0.));
#3764=DIRECTION('ref_axis',(0.,0.,1.));
#3765=DIRECTION('',(-8.65956056235475E-17,-0.707106781186563,0.707106781186532));
#3766=DIRECTION('center_axis',(0.,1.,0.));
#3767=DIRECTION('ref_axis',(0.,0.,1.));
#3768=DIRECTION('center_axis',(0.,1.,0.));
#3769=DIRECTION('ref_axis',(0.,0.,1.));
#3770=DIRECTION('center_axis',(0.,1.,0.));
#3771=DIRECTION('ref_axis',(0.,0.,-1.));
#3772=DIRECTION('center_axis',(0.,1.,0.));
#3773=DIRECTION('ref_axis',(0.,0.,-1.));
#3774=DIRECTION('',(-8.65956056235497E-17,0.707106781186544,-0.707106781186551));
#3775=DIRECTION('center_axis',(0.,-1.,0.));
#3776=DIRECTION('ref_axis',(0.,0.,-1.));
#3777=DIRECTION('center_axis',(0.,-1.,0.));
#3778=DIRECTION('ref_axis',(0.,0.,-1.));
#3779=DIRECTION('center_axis',(0.,-1.,0.));
#3780=DIRECTION('ref_axis',(0.,0.,1.));
#3781=DIRECTION('',(-8.65956056235457E-17,-0.707106781186577,0.707106781186518));
#3782=DIRECTION('center_axis',(0.,1.,0.));
#3783=DIRECTION('ref_axis',(0.,0.,1.));
#3784=DIRECTION('center_axis',(0.,1.,0.));
#3785=DIRECTION('ref_axis',(0.,0.,1.));
#3786=DIRECTION('center_axis',(0.,1.,0.));
#3787=DIRECTION('ref_axis',(0.,0.,-1.));
#3788=DIRECTION('center_axis',(0.,1.,0.));
#3789=DIRECTION('ref_axis',(0.,0.,-1.));
#3790=DIRECTION('',(-8.6595605623555E-17,0.707106781186501,-0.707106781186594));
#3791=DIRECTION('center_axis',(0.,-1.,0.));
#3792=DIRECTION('ref_axis',(0.,0.,-1.));
#3793=DIRECTION('center_axis',(0.,-1.,0.));
#3794=DIRECTION('ref_axis',(0.,0.,-1.));
#3795=DIRECTION('center_axis',(0.,-1.,0.));
#3796=DIRECTION('ref_axis',(0.,0.,1.));
#3797=DIRECTION('',(-8.65956056235474E-17,-0.707106781186563,0.707106781186532));
#3798=DIRECTION('center_axis',(0.,1.,0.));
#3799=DIRECTION('ref_axis',(0.,0.,1.));
#3800=DIRECTION('center_axis',(0.,1.,0.));
#3801=DIRECTION('ref_axis',(0.,0.,1.));
#3802=DIRECTION('center_axis',(0.,1.,0.));
#3803=DIRECTION('ref_axis',(0.,0.,-1.));
#3804=DIRECTION('center_axis',(0.,1.,0.));
#3805=DIRECTION('ref_axis',(0.,0.,-1.));
#3806=DIRECTION('',(-8.65956056235461E-17,0.707106781186574,-0.707106781186521));
#3807=DIRECTION('center_axis',(0.,-1.,0.));
#3808=DIRECTION('ref_axis',(0.,0.,-1.));
#3809=DIRECTION('center_axis',(0.,-1.,0.));
#3810=DIRECTION('ref_axis',(0.,0.,-1.));
#3811=DIRECTION('center_axis',(0.,-1.,0.));
#3812=DIRECTION('ref_axis',(0.,0.,1.));
#3813=DIRECTION('',(-8.65956056235517E-17,-0.707106781186528,0.707106781186567));
#3814=DIRECTION('center_axis',(0.,1.,0.));
#3815=DIRECTION('ref_axis',(0.,0.,1.));
#3816=DIRECTION('center_axis',(0.,1.,0.));
#3817=DIRECTION('ref_axis',(0.,0.,1.));
#3818=DIRECTION('center_axis',(0.,1.,0.));
#3819=DIRECTION('ref_axis',(0.,0.,-1.));
#3820=DIRECTION('center_axis',(0.,1.,0.));
#3821=DIRECTION('ref_axis',(0.,0.,-1.));
#3822=DIRECTION('',(-8.65956056235471E-17,0.707106781186566,-0.707106781186529));
#3823=DIRECTION('center_axis',(0.,-1.,0.));
#3824=DIRECTION('ref_axis',(0.,0.,-1.));
#3825=DIRECTION('center_axis',(0.,-1.,0.));
#3826=DIRECTION('ref_axis',(0.,0.,-1.));
#3827=DIRECTION('center_axis',(0.,-1.,0.));
#3828=DIRECTION('ref_axis',(0.,0.,1.));
#3829=DIRECTION('',(-8.65956056235483E-17,-0.707106781186556,0.707106781186539));
#3830=DIRECTION('center_axis',(0.,1.,0.));
#3831=DIRECTION('ref_axis',(0.,0.,1.));
#3832=DIRECTION('center_axis',(0.,1.,0.));
#3833=DIRECTION('ref_axis',(0.,0.,1.));
#3834=DIRECTION('center_axis',(0.,1.,0.));
#3835=DIRECTION('ref_axis',(0.,0.,-1.));
#3836=DIRECTION('center_axis',(0.,1.,0.));
#3837=DIRECTION('ref_axis',(0.,0.,-1.));
#3838=DIRECTION('',(-8.65956056235495E-17,0.707106781186546,-0.707106781186548));
#3839=DIRECTION('center_axis',(0.,-1.,0.));
#3840=DIRECTION('ref_axis',(0.,0.,-1.));
#3841=DIRECTION('center_axis',(0.,-1.,0.));
#3842=DIRECTION('ref_axis',(0.,0.,-1.));
#3843=DIRECTION('center_axis',(0.,-1.,0.));
#3844=DIRECTION('ref_axis',(0.,0.,1.));
#3845=DIRECTION('',(-8.65956056235512E-17,-0.707106781186532,0.707106781186563));
#3846=DIRECTION('center_axis',(0.,1.,0.));
#3847=DIRECTION('ref_axis',(0.,0.,1.));
#3848=DIRECTION('center_axis',(0.,1.,0.));
#3849=DIRECTION('ref_axis',(0.,0.,1.));
#3850=DIRECTION('center_axis',(0.,1.,0.));
#3851=DIRECTION('ref_axis',(0.,0.,-1.));
#3852=DIRECTION('center_axis',(0.,1.,0.));
#3853=DIRECTION('ref_axis',(0.,0.,-1.));
#3854=DIRECTION('',(-8.65956056235513E-17,0.707106781186531,-0.707106781186564));
#3855=DIRECTION('center_axis',(0.,-1.,0.));
#3856=DIRECTION('ref_axis',(0.,0.,-1.));
#3857=DIRECTION('center_axis',(0.,-1.,0.));
#3858=DIRECTION('ref_axis',(0.,0.,-1.));
#3859=DIRECTION('center_axis',(0.,-1.,0.));
#3860=DIRECTION('ref_axis',(0.,0.,1.));
#3861=DIRECTION('',(-8.65956056235489E-17,-0.70710678118655,0.707106781186544));
#3862=DIRECTION('center_axis',(0.,1.,0.));
#3863=DIRECTION('ref_axis',(0.,0.,1.));
#3864=DIRECTION('center_axis',(0.,1.,0.));
#3865=DIRECTION('ref_axis',(0.,0.,1.));
#3866=DIRECTION('center_axis',(0.,1.,0.));
#3867=DIRECTION('ref_axis',(0.,0.,-1.));
#3868=DIRECTION('center_axis',(0.,1.,0.));
#3869=DIRECTION('ref_axis',(0.,0.,-1.));
#3870=DIRECTION('',(-8.65956056235473E-17,0.707106781186564,-0.707106781186531));
#3871=DIRECTION('center_axis',(0.,-1.,0.));
#3872=DIRECTION('ref_axis',(0.,0.,-1.));
#3873=DIRECTION('center_axis',(0.,-1.,0.));
#3874=DIRECTION('ref_axis',(0.,0.,-1.));
#3875=DIRECTION('center_axis',(0.,-1.,0.));
#3876=DIRECTION('ref_axis',(0.,0.,1.));
#3877=DIRECTION('',(-8.65956056235473E-17,-0.707106781186564,0.707106781186531));
#3878=DIRECTION('center_axis',(0.,1.,0.));
#3879=DIRECTION('ref_axis',(0.,0.,1.));
#3880=DIRECTION('center_axis',(0.,1.,0.));
#3881=DIRECTION('ref_axis',(0.,0.,1.));
#3882=DIRECTION('center_axis',(0.,1.,0.));
#3883=DIRECTION('ref_axis',(0.,0.,-1.));
#3884=DIRECTION('center_axis',(0.,1.,0.));
#3885=DIRECTION('ref_axis',(0.,0.,-1.));
#3886=DIRECTION('',(-8.6595605623555E-17,0.707106781186501,-0.707106781186594));
#3887=DIRECTION('center_axis',(0.,-1.,0.));
#3888=DIRECTION('ref_axis',(0.,0.,-1.));
#3889=DIRECTION('center_axis',(0.,-1.,0.));
#3890=DIRECTION('ref_axis',(0.,0.,-1.));
#3891=DIRECTION('center_axis',(0.,-1.,0.));
#3892=DIRECTION('ref_axis',(0.,0.,1.));
#3893=DIRECTION('',(-8.65956056235475E-17,-0.707106781186563,0.707106781186532));
#3894=DIRECTION('center_axis',(0.,1.,0.));
#3895=DIRECTION('ref_axis',(0.,0.,1.));
#3896=DIRECTION('center_axis',(0.,1.,0.));
#3897=DIRECTION('ref_axis',(0.,0.,1.));
#3898=DIRECTION('center_axis',(0.,1.,0.));
#3899=DIRECTION('ref_axis',(0.,0.,-1.));
#3900=DIRECTION('center_axis',(0.,1.,0.));
#3901=DIRECTION('ref_axis',(0.,0.,-1.));
#3902=DIRECTION('',(-8.65956056235521E-17,0.707106781186525,-0.70710678118657));
#3903=DIRECTION('center_axis',(0.,-1.,0.));
#3904=DIRECTION('ref_axis',(0.,0.,-1.));
#3905=DIRECTION('center_axis',(0.,-1.,0.));
#3906=DIRECTION('ref_axis',(0.,0.,-1.));
#3907=DIRECTION('center_axis',(0.,-1.,0.));
#3908=DIRECTION('ref_axis',(0.,0.,1.));
#3909=DIRECTION('',(-8.65956056235502E-17,-0.70710678118654,0.707106781186555));
#3910=DIRECTION('center_axis',(0.,1.,0.));
#3911=DIRECTION('ref_axis',(0.,0.,1.));
#3912=DIRECTION('center_axis',(0.,1.,0.));
#3913=DIRECTION('ref_axis',(0.,0.,1.));
#3914=DIRECTION('center_axis',(0.,1.,0.));
#3915=DIRECTION('ref_axis',(0.,0.,-1.));
#3916=DIRECTION('center_axis',(0.,1.,0.));
#3917=DIRECTION('ref_axis',(0.,0.,-1.));
#3918=DIRECTION('',(-8.65956056235476E-17,0.707106781186562,-0.707106781186533));
#3919=DIRECTION('center_axis',(0.,-1.,0.));
#3920=DIRECTION('ref_axis',(0.,0.,-1.));
#3921=DIRECTION('center_axis',(0.,-1.,0.));
#3922=DIRECTION('ref_axis',(0.,0.,-1.));
#3923=DIRECTION('center_axis',(0.,-1.,0.));
#3924=DIRECTION('ref_axis',(0.,0.,1.));
#3925=DIRECTION('',(-8.65956056235489E-17,-0.70710678118655,0.707106781186544));
#3926=DIRECTION('center_axis',(0.,1.,0.));
#3927=DIRECTION('ref_axis',(0.,0.,1.));
#3928=DIRECTION('center_axis',(0.,1.,0.));
#3929=DIRECTION('ref_axis',(0.,0.,1.));
#3930=DIRECTION('center_axis',(0.,1.,0.));
#3931=DIRECTION('ref_axis',(0.,0.,-1.));
#3932=DIRECTION('center_axis',(0.,1.,0.));
#3933=DIRECTION('ref_axis',(0.,0.,-1.));
#3934=DIRECTION('',(-8.6595605623546E-17,0.707106781186575,-0.70710678118652));
#3935=DIRECTION('center_axis',(0.,-1.,0.));
#3936=DIRECTION('ref_axis',(0.,0.,-1.));
#3937=DIRECTION('center_axis',(0.,-1.,0.));
#3938=DIRECTION('ref_axis',(0.,0.,-1.));
#3939=DIRECTION('center_axis',(0.,-1.,0.));
#3940=DIRECTION('ref_axis',(0.,0.,1.));
#3941=DIRECTION('',(-8.65956056235451E-17,-0.707106781186582,0.707106781186513));
#3942=DIRECTION('center_axis',(0.,1.,0.));
#3943=DIRECTION('ref_axis',(0.,0.,1.));
#3944=DIRECTION('center_axis',(0.,1.,0.));
#3945=DIRECTION('ref_axis',(0.,0.,1.));
#3946=DIRECTION('center_axis',(0.,1.,0.));
#3947=DIRECTION('ref_axis',(0.,0.,-1.));
#3948=DIRECTION('center_axis',(0.,1.,0.));
#3949=DIRECTION('ref_axis',(0.,0.,-1.));
#3950=DIRECTION('',(-8.65956056235476E-17,0.707106781186562,-0.707106781186533));
#3951=DIRECTION('center_axis',(0.,-1.,0.));
#3952=DIRECTION('ref_axis',(0.,0.,-1.));
#3953=DIRECTION('center_axis',(0.,-1.,0.));
#3954=DIRECTION('ref_axis',(0.,0.,-1.));
#3955=DIRECTION('center_axis',(0.,-1.,0.));
#3956=DIRECTION('ref_axis',(0.,0.,1.));
#3957=DIRECTION('',(-8.65956056235474E-17,-0.707106781186563,0.707106781186532));
#3958=DIRECTION('center_axis',(0.,1.,0.));
#3959=DIRECTION('ref_axis',(0.,0.,1.));
#3960=DIRECTION('center_axis',(0.,-1.,0.));
#3961=DIRECTION('ref_axis',(0.,0.,-1.));
#3962=DIRECTION('center_axis',(0.,-1.,0.));
#3963=DIRECTION('ref_axis',(-0.258819045102507,0.,-0.965925826289072));
#3964=DIRECTION('',(0.,-1.,0.));
#3965=DIRECTION('center_axis',(0.,-1.,0.));
#3966=DIRECTION('ref_axis',(-0.258819045102507,0.,-0.965925826289072));
#3967=DIRECTION('center_axis',(0.,-1.,0.));
#3968=DIRECTION('ref_axis',(0.,0.,-1.));
#3969=DIRECTION('center_axis',(0.,-1.,0.));
#3970=DIRECTION('ref_axis',(-0.499999999999988,0.,-0.866025403784445));
#3971=DIRECTION('',(0.,-1.,0.));
#3972=DIRECTION('center_axis',(0.,-1.,0.));
#3973=DIRECTION('ref_axis',(-0.499999999999988,0.,-0.866025403784445));
#3974=DIRECTION('center_axis',(0.,-1.,0.));
#3975=DIRECTION('ref_axis',(0.,0.,-1.));
#3976=DIRECTION('center_axis',(0.,-1.,0.));
#3977=DIRECTION('ref_axis',(-0.707106781186539,0.,-0.707106781186556));
#3978=DIRECTION('',(0.,-1.,0.));
#3979=DIRECTION('center_axis',(0.,-1.,0.));
#3980=DIRECTION('ref_axis',(-0.707106781186539,0.,-0.707106781186556));
#3981=DIRECTION('center_axis',(0.,-1.,0.));
#3982=DIRECTION('ref_axis',(0.,0.,-1.));
#3983=DIRECTION('center_axis',(0.,-1.,0.));
#3984=DIRECTION('ref_axis',(-0.866025403784433,0.,-0.50000000000001));
#3985=DIRECTION('',(0.,-1.,0.));
#3986=DIRECTION('center_axis',(0.,-1.,0.));
#3987=DIRECTION('ref_axis',(-0.866025403784433,0.,-0.50000000000001));
#3988=DIRECTION('center_axis',(0.,-1.,0.));
#3989=DIRECTION('ref_axis',(0.,0.,-1.));
#3990=DIRECTION('',(0.,-1.,0.));
#3991=DIRECTION('center_axis',(0.,-1.,0.));
#3992=DIRECTION('ref_axis',(0.,0.,-1.));
#3993=DIRECTION('',(0.,-1.,0.));
#3994=DIRECTION('center_axis',(0.,-1.,0.));
#3995=DIRECTION('ref_axis',(0.,0.,-1.));
#3996=DIRECTION('',(0.,-1.,0.));
#3997=DIRECTION('center_axis',(0.,-1.,0.));
#3998=DIRECTION('ref_axis',(0.,0.,-1.));
#3999=DIRECTION('',(0.,-1.,0.));
#4000=DIRECTION('center_axis',(0.,-1.,0.));
#4001=DIRECTION('ref_axis',(0.,0.,-1.));
#4002=DIRECTION('',(0.,-1.,0.));
#4003=DIRECTION('center_axis',(0.,-1.,0.));
#4004=DIRECTION('ref_axis',(0.,0.,-1.));
#4005=DIRECTION('',(0.,-1.,0.));
#4006=DIRECTION('center_axis',(0.,-1.,0.));
#4007=DIRECTION('ref_axis',(0.,0.,-1.));
#4008=DIRECTION('',(0.,-1.,0.));
#4009=DIRECTION('center_axis',(0.,-1.,0.));
#4010=DIRECTION('ref_axis',(0.,0.,-1.));
#4011=DIRECTION('',(0.,-1.,0.));
#4012=DIRECTION('center_axis',(0.,-1.,0.));
#4013=DIRECTION('ref_axis',(0.,0.,-1.));
#4014=DIRECTION('',(0.,-1.,0.));
#4015=DIRECTION('center_axis',(0.,-1.,0.));
#4016=DIRECTION('ref_axis',(0.,0.,-1.));
#4017=DIRECTION('',(0.,-1.,0.));
#4018=DIRECTION('center_axis',(0.,-1.,0.));
#4019=DIRECTION('ref_axis',(0.,0.,-1.));
#4020=DIRECTION('',(0.,-1.,0.));
#4021=DIRECTION('center_axis',(0.,-1.,0.));
#4022=DIRECTION('ref_axis',(0.,0.,-1.));
#4023=DIRECTION('',(0.,-1.,0.));
#4024=DIRECTION('center_axis',(0.,-1.,0.));
#4025=DIRECTION('ref_axis',(0.,0.,-1.));
#4026=DIRECTION('',(0.,-1.,0.));
#4027=DIRECTION('center_axis',(0.,-1.,0.));
#4028=DIRECTION('ref_axis',(0.,0.,-1.));
#4029=DIRECTION('',(0.,-1.,0.));
#4030=DIRECTION('center_axis',(0.,-1.,0.));
#4031=DIRECTION('ref_axis',(0.,0.,-1.));
#4032=DIRECTION('',(0.,-1.,0.));
#4033=DIRECTION('center_axis',(0.,-1.,0.));
#4034=DIRECTION('ref_axis',(0.,0.,-1.));
#4035=DIRECTION('',(0.,-1.,0.));
#4036=DIRECTION('center_axis',(0.,-1.,0.));
#4037=DIRECTION('ref_axis',(0.,0.,-1.));
#4038=DIRECTION('',(0.,-1.,0.));
#4039=DIRECTION('center_axis',(0.,-1.,0.));
#4040=DIRECTION('ref_axis',(0.,0.,-1.));
#4041=DIRECTION('',(0.,-1.,0.));
#4042=DIRECTION('center_axis',(0.,-1.,0.));
#4043=DIRECTION('ref_axis',(0.,0.,-1.));
#4044=DIRECTION('',(0.,-1.,0.));
#4045=DIRECTION('center_axis',(0.,-1.,0.));
#4046=DIRECTION('ref_axis',(0.,0.,-1.));
#4047=DIRECTION('',(0.,-1.,0.));
#4048=DIRECTION('center_axis',(0.,1.,0.));
#4049=DIRECTION('ref_axis',(0.,0.,1.));
#4050=DIRECTION('center_axis',(0.,-1.,0.));
#4051=DIRECTION('ref_axis',(0.,0.,-1.));
#4052=DIRECTION('',(-4.18853873767699E-17,0.939692620785909,-0.342020143325668));
#4053=DIRECTION('center_axis',(0.,-1.,0.));
#4054=DIRECTION('ref_axis',(0.,0.,-1.));
#4055=DIRECTION('center_axis',(0.,-1.,0.));
#4056=DIRECTION('ref_axis',(0.,0.,-1.));
#4057=DIRECTION('center_axis',(0.,-1.,0.));
#4058=DIRECTION('ref_axis',(0.,0.,-1.));
#4059=DIRECTION('center_axis',(0.,-1.,0.));
#4060=DIRECTION('ref_axis',(0.,0.,-1.));
#4061=DIRECTION('',(1.15079156022785E-16,0.342020143325673,-0.939692620785907));
#4062=DIRECTION('center_axis',(0.,-1.,0.));
#4063=DIRECTION('ref_axis',(0.,0.,-1.));
#4064=DIRECTION('center_axis',(0.,-1.,0.));
#4065=DIRECTION('ref_axis',(0.,0.,-1.));
#4066=DIRECTION('',(0.,-1.,0.));
#4067=DIRECTION('center_axis',(0.,-1.,0.));
#4068=DIRECTION('ref_axis',(0.,0.,-1.));
#4069=DIRECTION('',(0.,1.,0.));
#4070=DIRECTION('center_axis',(0.,1.,0.));
#4071=DIRECTION('ref_axis',(0.,0.,1.));
#4072=DIRECTION('center_axis',(0.,-1.,0.));
#4073=DIRECTION('ref_axis',(0.,0.,-1.));
#4074=DIRECTION('center_axis',(0.,-1.,0.));
#4075=DIRECTION('ref_axis',(0.,0.,-1.));
#4076=DIRECTION('axis',(0.,0.,1.));
#4077=DIRECTION('refdir',(1.,0.,0.));
#4078=DIRECTION('center_axis',(0.,-1.,0.));
#4079=DIRECTION('ref_axis',(0.,0.,-1.));
#4080=DIRECTION('center_axis',(0.,-1.,0.));
#4081=DIRECTION('ref_axis',(0.,0.,1.));
#4082=DIRECTION('center_axis',(0.,-1.,0.));
#4083=DIRECTION('ref_axis',(0.,0.,1.));
#4084=DIRECTION('',(-8.65956056235511E-17,-0.707106781186533,0.707106781186562));
#4085=DIRECTION('center_axis',(0.,1.,0.));
#4086=DIRECTION('ref_axis',(0.,0.,1.));
#4087=DIRECTION('center_axis',(0.,1.,0.));
#4088=DIRECTION('ref_axis',(0.,0.,1.));
#4089=DIRECTION('center_axis',(0.,1.,0.));
#4090=DIRECTION('ref_axis',(0.,0.,-1.));
#4091=DIRECTION('',(-8.65956056235496E-17,0.707106781186545,-0.70710678118655));
#4092=DIRECTION('center_axis',(0.,-1.,0.));
#4093=DIRECTION('ref_axis',(0.,0.,-1.));
#4094=DIRECTION('center_axis',(0.,-1.,0.));
#4095=DIRECTION('ref_axis',(0.,0.,-1.));
#4096=DIRECTION('center_axis',(0.,-1.,0.));
#4097=DIRECTION('ref_axis',(0.,0.,1.));
#4098=DIRECTION('center_axis',(0.,-1.,0.));
#4099=DIRECTION('ref_axis',(0.,0.,1.));
#4100=DIRECTION('',(-8.65956056235478E-17,-0.70710678118656,0.707106781186535));
#4101=DIRECTION('center_axis',(0.,1.,0.));
#4102=DIRECTION('ref_axis',(0.,0.,1.));
#4103=DIRECTION('center_axis',(0.,1.,0.));
#4104=DIRECTION('ref_axis',(0.,0.,1.));
#4105=DIRECTION('center_axis',(0.,1.,0.));
#4106=DIRECTION('ref_axis',(0.,0.,-1.));
#4107=DIRECTION('',(-8.65956056235494E-17,0.707106781186548,-0.707106781186548));
#4108=DIRECTION('center_axis',(0.,-1.,0.));
#4109=DIRECTION('ref_axis',(0.,0.,-1.));
#4110=DIRECTION('center_axis',(0.,-1.,0.));
#4111=DIRECTION('ref_axis',(0.,0.,-1.));
#4112=DIRECTION('center_axis',(0.,-1.,0.));
#4113=DIRECTION('ref_axis',(0.,0.,1.));
#4114=DIRECTION('center_axis',(0.,-1.,0.));
#4115=DIRECTION('ref_axis',(0.,0.,1.));
#4116=DIRECTION('',(-8.65956056235498E-17,-0.707106781186544,0.707106781186551));
#4117=DIRECTION('center_axis',(0.,1.,0.));
#4118=DIRECTION('ref_axis',(0.,0.,1.));
#4119=DIRECTION('center_axis',(0.,1.,0.));
#4120=DIRECTION('ref_axis',(0.,0.,1.));
#4121=DIRECTION('center_axis',(0.,1.,0.));
#4122=DIRECTION('ref_axis',(0.,0.,-1.));
#4123=DIRECTION('',(-8.65956056235483E-17,0.707106781186556,-0.707106781186539));
#4124=DIRECTION('center_axis',(0.,-1.,0.));
#4125=DIRECTION('ref_axis',(0.,0.,-1.));
#4126=DIRECTION('center_axis',(0.,-1.,0.));
#4127=DIRECTION('ref_axis',(0.,0.,-1.));
#4128=DIRECTION('center_axis',(0.,-1.,0.));
#4129=DIRECTION('ref_axis',(0.,0.,1.));
#4130=DIRECTION('center_axis',(0.,-1.,0.));
#4131=DIRECTION('ref_axis',(0.,0.,1.));
#4132=DIRECTION('',(-8.65956056235478E-17,-0.70710678118656,0.707106781186535));
#4133=DIRECTION('center_axis',(0.,1.,0.));
#4134=DIRECTION('ref_axis',(0.,0.,1.));
#4135=DIRECTION('center_axis',(0.,1.,0.));
#4136=DIRECTION('ref_axis',(0.,0.,1.));
#4137=DIRECTION('center_axis',(0.,1.,0.));
#4138=DIRECTION('ref_axis',(0.,0.,-1.));
#4139=DIRECTION('',(-8.65956056235494E-17,0.707106781186548,-0.707106781186548));
#4140=DIRECTION('center_axis',(0.,-1.,0.));
#4141=DIRECTION('ref_axis',(0.,0.,-1.));
#4142=DIRECTION('center_axis',(0.,-1.,0.));
#4143=DIRECTION('ref_axis',(0.,0.,-1.));
#4144=DIRECTION('center_axis',(0.,-1.,0.));
#4145=DIRECTION('ref_axis',(0.,0.,1.));
#4146=DIRECTION('center_axis',(0.,-1.,0.));
#4147=DIRECTION('ref_axis',(0.,0.,1.));
#4148=DIRECTION('',(-8.65956056235517E-17,-0.707106781186528,0.707106781186567));
#4149=DIRECTION('center_axis',(0.,1.,0.));
#4150=DIRECTION('ref_axis',(0.,0.,1.));
#4151=DIRECTION('center_axis',(0.,1.,0.));
#4152=DIRECTION('ref_axis',(0.,0.,1.));
#4153=DIRECTION('center_axis',(0.,1.,0.));
#4154=DIRECTION('ref_axis',(0.,0.,-1.));
#4155=DIRECTION('',(-8.65956056235502E-17,0.707106781186541,-0.707106781186554));
#4156=DIRECTION('center_axis',(0.,-1.,0.));
#4157=DIRECTION('ref_axis',(0.,0.,-1.));
#4158=DIRECTION('center_axis',(0.,-1.,0.));
#4159=DIRECTION('ref_axis',(0.,0.,-1.));
#4160=DIRECTION('center_axis',(0.,-1.,0.));
#4161=DIRECTION('ref_axis',(0.,0.,1.));
#4162=DIRECTION('center_axis',(0.,-1.,0.));
#4163=DIRECTION('ref_axis',(0.,0.,1.));
#4164=DIRECTION('',(-8.65956056235478E-17,-0.70710678118656,0.707106781186535));
#4165=DIRECTION('center_axis',(0.,1.,0.));
#4166=DIRECTION('ref_axis',(0.,0.,1.));
#4167=DIRECTION('center_axis',(0.,1.,0.));
#4168=DIRECTION('ref_axis',(0.,0.,1.));
#4169=DIRECTION('center_axis',(0.,1.,0.));
#4170=DIRECTION('ref_axis',(0.,0.,-1.));
#4171=DIRECTION('',(-8.65956056235494E-17,0.707106781186548,-0.707106781186548));
#4172=DIRECTION('center_axis',(0.,-1.,0.));
#4173=DIRECTION('ref_axis',(0.,0.,-1.));
#4174=DIRECTION('center_axis',(0.,-1.,0.));
#4175=DIRECTION('ref_axis',(0.,0.,-1.));
#4176=DIRECTION('center_axis',(0.,-1.,0.));
#4177=DIRECTION('ref_axis',(0.,0.,1.));
#4178=DIRECTION('center_axis',(0.,-1.,0.));
#4179=DIRECTION('ref_axis',(0.,0.,1.));
#4180=DIRECTION('',(-8.65956056235507E-17,-0.707106781186536,0.707106781186559));
#4181=DIRECTION('center_axis',(0.,1.,0.));
#4182=DIRECTION('ref_axis',(0.,0.,1.));
#4183=DIRECTION('center_axis',(0.,1.,0.));
#4184=DIRECTION('ref_axis',(0.,0.,1.));
#4185=DIRECTION('center_axis',(0.,1.,0.));
#4186=DIRECTION('ref_axis',(0.,0.,-1.));
#4187=DIRECTION('',(-8.65956056235507E-17,0.707106781186536,-0.707106781186559));
#4188=DIRECTION('center_axis',(0.,-1.,0.));
#4189=DIRECTION('ref_axis',(0.,0.,-1.));
#4190=DIRECTION('center_axis',(0.,-1.,0.));
#4191=DIRECTION('ref_axis',(0.,0.,-1.));
#4192=DIRECTION('center_axis',(0.,-1.,0.));
#4193=DIRECTION('ref_axis',(0.,0.,1.));
#4194=DIRECTION('center_axis',(0.,-1.,0.));
#4195=DIRECTION('ref_axis',(0.,0.,1.));
#4196=DIRECTION('',(-8.65956056235478E-17,-0.70710678118656,0.707106781186535));
#4197=DIRECTION('center_axis',(0.,1.,0.));
#4198=DIRECTION('ref_axis',(0.,0.,1.));
#4199=DIRECTION('center_axis',(0.,1.,0.));
#4200=DIRECTION('ref_axis',(0.,0.,1.));
#4201=DIRECTION('center_axis',(0.,1.,0.));
#4202=DIRECTION('ref_axis',(0.,0.,-1.));
#4203=DIRECTION('',(-8.65956056235494E-17,0.707106781186548,-0.707106781186548));
#4204=DIRECTION('center_axis',(0.,-1.,0.));
#4205=DIRECTION('ref_axis',(0.,0.,-1.));
#4206=DIRECTION('center_axis',(0.,1.,0.));
#4207=DIRECTION('ref_axis',(0.,0.,1.));
#4208=DIRECTION('center_axis',(0.,1.,0.));
#4209=DIRECTION('ref_axis',(0.,0.,-1.));
#4210=DIRECTION('center_axis',(0.,1.,0.));
#4211=DIRECTION('ref_axis',(0.,0.,-1.));
#4212=DIRECTION('',(-8.65956056235481E-17,0.707106781186557,-0.707106781186538));
#4213=DIRECTION('center_axis',(0.,-1.,0.));
#4214=DIRECTION('ref_axis',(0.,0.,-1.));
#4215=DIRECTION('center_axis',(0.,-1.,0.));
#4216=DIRECTION('ref_axis',(0.,0.,-1.));
#4217=DIRECTION('center_axis',(0.,-1.,0.));
#4218=DIRECTION('ref_axis',(0.,0.,1.));
#4219=DIRECTION('',(-8.65956056235499E-17,-0.707106781186543,0.707106781186552));
#4220=DIRECTION('center_axis',(0.,1.,0.));
#4221=DIRECTION('ref_axis',(0.,0.,1.));
#4222=DIRECTION('center_axis',(0.,1.,0.));
#4223=DIRECTION('ref_axis',(0.,0.,1.));
#4224=DIRECTION('center_axis',(0.,1.,0.));
#4225=DIRECTION('ref_axis',(0.,0.,1.));
#4226=DIRECTION('center_axis',(0.,1.,0.));
#4227=DIRECTION('ref_axis',(0.,0.,1.));
#4228=DIRECTION('',(8.65956056235475E-17,-0.707106781186562,0.707106781186533));
#4229=DIRECTION('center_axis',(0.,-1.,0.));
#4230=DIRECTION('ref_axis',(0.,0.,1.));
#4231=DIRECTION('center_axis',(0.,-1.,0.));
#4232=DIRECTION('ref_axis',(0.,0.,-1.));
#4233=DIRECTION('center_axis',(0.,1.,0.));
#4234=DIRECTION('ref_axis',(0.,0.,-1.));
#4235=DIRECTION('',(-0.270645745156559,0.706982125955772,-0.65339662855551));
#4236=DIRECTION('center_axis',(0.,-1.,0.));
#4237=DIRECTION('ref_axis',(0.,0.,-1.));
#4238=DIRECTION('',(-0.270645745156551,-0.706982125955788,-0.653396628555497));
#4239=DIRECTION('center_axis',(0.,1.,0.));
#4240=DIRECTION('ref_axis',(0.,0.,1.));
#4241=DIRECTION('',(0.,1.,0.));
#4242=DIRECTION('center_axis',(0.,1.,0.));
#4243=DIRECTION('ref_axis',(0.,0.,1.));
#4244=DIRECTION('',(0.,1.,0.));
#4245=DIRECTION('center_axis',(0.,1.,0.));
#4246=DIRECTION('ref_axis',(0.,0.,1.));
#4247=DIRECTION('',(0.,1.,0.));
#4248=DIRECTION('center_axis',(0.,1.,0.));
#4249=DIRECTION('ref_axis',(0.,0.,1.));
#4250=DIRECTION('',(0.,1.,0.));
#4251=DIRECTION('center_axis',(0.,1.,0.));
#4252=DIRECTION('ref_axis',(0.,0.,1.));
#4253=DIRECTION('',(0.,1.,0.));
#4254=DIRECTION('center_axis',(0.,1.,0.));
#4255=DIRECTION('ref_axis',(0.,0.,1.));
#4256=DIRECTION('',(0.,1.,0.));
#4257=DIRECTION('center_axis',(0.,1.,0.));
#4258=DIRECTION('ref_axis',(0.,0.,1.));
#4259=DIRECTION('',(0.,1.,0.));
#4260=DIRECTION('center_axis',(0.,1.,0.));
#4261=DIRECTION('ref_axis',(0.,0.,1.));
#4262=DIRECTION('',(0.,1.,0.));
#4263=DIRECTION('center_axis',(0.,-1.,0.));
#4264=DIRECTION('ref_axis',(0.,0.,-1.));
#4265=DIRECTION('center_axis',(0.,-1.,0.));
#4266=DIRECTION('ref_axis',(0.,0.,-1.));
#4267=DIRECTION('',(0.,-1.,0.));
#4268=DIRECTION('center_axis',(0.,-1.,0.));
#4269=DIRECTION('ref_axis',(0.,0.,-1.));
#4270=DIRECTION('',(0.,-1.,0.));
#4271=DIRECTION('center_axis',(0.,-1.,0.));
#4272=DIRECTION('ref_axis',(0.,0.,-1.));
#4273=DIRECTION('center_axis',(0.,1.,0.));
#4274=DIRECTION('ref_axis',(0.,0.,1.));
#4275=DIRECTION('center_axis',(0.,-1.,0.));
#4276=DIRECTION('ref_axis',(0.,0.,-1.));
#4277=DIRECTION('',(-4.18853873767708E-17,0.939692620785906,-0.342020143325676));
#4278=DIRECTION('center_axis',(0.,-1.,0.));
#4279=DIRECTION('ref_axis',(0.,0.,-1.));
#4280=DIRECTION('center_axis',(0.,-1.,0.));
#4281=DIRECTION('ref_axis',(0.,0.,-1.));
#4282=DIRECTION('center_axis',(0.,-1.,0.));
#4283=DIRECTION('ref_axis',(0.,0.,-1.));
#4284=DIRECTION('center_axis',(0.,-1.,0.));
#4285=DIRECTION('ref_axis',(0.,0.,-1.));
#4286=DIRECTION('',(1.15079156022785E-16,0.342020143325674,-0.939692620785907));
#4287=DIRECTION('center_axis',(0.,-1.,0.));
#4288=DIRECTION('ref_axis',(0.,0.,-1.));
#4289=DIRECTION('center_axis',(0.,-1.,0.));
#4290=DIRECTION('ref_axis',(0.,0.,-1.));
#4291=DIRECTION('',(0.,-1.,0.));
#4292=DIRECTION('center_axis',(0.,-1.,0.));
#4293=DIRECTION('ref_axis',(0.,0.,1.));
#4294=DIRECTION('',(0.,1.,0.));
#4295=DIRECTION('center_axis',(0.,-1.,0.));
#4296=DIRECTION('ref_axis',(0.,0.,-1.));
#4297=DIRECTION('',(0.,-1.,0.));
#4298=DIRECTION('center_axis',(0.,-1.,0.));
#4299=DIRECTION('ref_axis',(0.,0.,-1.));
#4300=DIRECTION('',(0.,-1.,0.));
#4301=DIRECTION('center_axis',(0.,1.,0.));
#4302=DIRECTION('ref_axis',(0.,0.,-1.));
#4303=DIRECTION('',(0.,1.,0.));
#4304=DIRECTION('center_axis',(0.,-1.,0.));
#4305=DIRECTION('ref_axis',(0.,0.,-1.));
#4306=DIRECTION('',(0.,1.,0.));
#4307=DIRECTION('center_axis',(0.,-1.,0.));
#4308=DIRECTION('ref_axis',(0.,0.,-1.));
#4309=DIRECTION('',(0.,-1.,0.));
#4310=DIRECTION('center_axis',(0.,1.,0.));
#4311=DIRECTION('ref_axis',(0.,0.,1.));
#4312=DIRECTION('',(0.,1.,0.));
#4313=DIRECTION('',(0.,-1.,0.));
#4314=DIRECTION('center_axis',(0.,-1.,0.));
#4315=DIRECTION('ref_axis',(0.,0.,-1.));
#4316=DIRECTION('',(0.,1.,0.));
#4317=DIRECTION('center_axis',(0.,-1.,0.));
#4318=DIRECTION('ref_axis',(0.,0.,-1.));
#4319=DIRECTION('center_axis',(0.,-1.,0.));
#4320=DIRECTION('ref_axis',(0.,0.,-1.));
#4321=DIRECTION('center_axis',(0.,1.,0.));
#4322=DIRECTION('ref_axis',(0.,0.,-1.));
#4323=DIRECTION('',(0.38268343236509,0.,0.923879532511287));
#4324=DIRECTION('',(0.382683432365091,0.,0.923879532511286));
#4325=DIRECTION('center_axis',(0.,-1.,0.));
#4326=DIRECTION('ref_axis',(-0.923879532511287,0.,0.38268343236509));
#4327=DIRECTION('',(0.270603348281582,-0.70709293602951,0.653294273444949));
#4328=DIRECTION('',(0.27060334828158,0.707092936029503,0.653294273444958));
#4329=DIRECTION('center_axis',(0.,-1.,0.));
#4330=DIRECTION('ref_axis',(0.,0.,-1.));
#4331=DIRECTION('',(-0.382683432365091,0.,-0.923879532511286));
#4332=DIRECTION('',(-0.382683432365091,0.,-0.923879532511286));
#4333=DIRECTION('center_axis',(0.,-1.,0.));
#4334=DIRECTION('ref_axis',(0.,0.,-1.));
#4335=DIRECTION('center_axis',(0.,1.,0.));
#4336=DIRECTION('ref_axis',(0.,0.,1.));
#4337=DIRECTION('center_axis',(0.,1.,0.));
#4338=DIRECTION('ref_axis',(0.,0.,1.));
#4339=DIRECTION('center_axis',(0.,1.,0.));
#4340=DIRECTION('ref_axis',(0.,0.,1.));
#4341=DIRECTION('',(0.382683432365091,0.,0.923879532511286));
#4342=DIRECTION('',(-0.382683432365091,0.,-0.923879532511286));
#4343=DIRECTION('center_axis',(-0.923879532511286,0.,0.382683432365091));
#4344=DIRECTION('ref_axis',(0.382683432365091,0.,0.923879532511286));
#4345=DIRECTION('center_axis',(0.923879532511286,0.,-0.382683432365091));
#4346=DIRECTION('ref_axis',(-0.382683432365091,0.,-0.923879532511286));
#4347=DIRECTION('center_axis',(0.,-1.,0.));
#4348=DIRECTION('ref_axis',(0.,0.,-1.));
#4349=DIRECTION('',(-0.382683432365091,0.,-0.923879532511286));
#4350=DIRECTION('',(0.38268343236509,0.,0.923879532511287));
#4351=DIRECTION('center_axis',(-0.923879532511287,0.,0.38268343236509));
#4352=DIRECTION('ref_axis',(0.38268343236509,0.,0.923879532511287));
#4353=DIRECTION('center_axis',(0.923879532511286,0.,-0.382683432365091));
#4354=DIRECTION('ref_axis',(-0.382683432365091,0.,-0.923879532511286));
#4355=DIRECTION('axis',(0.,0.,1.));
#4356=DIRECTION('refdir',(1.,0.,0.));
#4357=DIRECTION('center_axis',(0.,-1.,0.));
#4358=DIRECTION('ref_axis',(0.,0.,-1.));
#4359=DIRECTION('center_axis',(0.,-1.,0.));
#4360=DIRECTION('ref_axis',(0.,0.,1.));
#4361=DIRECTION('center_axis',(0.,-1.,0.));
#4362=DIRECTION('ref_axis',(0.,0.,1.));
#4363=DIRECTION('',(-8.65956056235511E-17,-0.707106781186533,0.707106781186562));
#4364=DIRECTION('center_axis',(0.,1.,0.));
#4365=DIRECTION('ref_axis',(0.,0.,1.));
#4366=DIRECTION('center_axis',(0.,1.,0.));
#4367=DIRECTION('ref_axis',(0.,0.,1.));
#4368=DIRECTION('center_axis',(0.,1.,0.));
#4369=DIRECTION('ref_axis',(0.,0.,-1.));
#4370=DIRECTION('',(-8.65956056235496E-17,0.707106781186545,-0.70710678118655));
#4371=DIRECTION('center_axis',(0.,-1.,0.));
#4372=DIRECTION('ref_axis',(0.,0.,-1.));
#4373=DIRECTION('center_axis',(0.,-1.,0.));
#4374=DIRECTION('ref_axis',(0.,0.,-1.));
#4375=DIRECTION('center_axis',(0.,-1.,0.));
#4376=DIRECTION('ref_axis',(0.,0.,1.));
#4377=DIRECTION('center_axis',(0.,-1.,0.));
#4378=DIRECTION('ref_axis',(0.,0.,1.));
#4379=DIRECTION('',(-8.65956056235478E-17,-0.70710678118656,0.707106781186535));
#4380=DIRECTION('center_axis',(0.,1.,0.));
#4381=DIRECTION('ref_axis',(0.,0.,1.));
#4382=DIRECTION('center_axis',(0.,1.,0.));
#4383=DIRECTION('ref_axis',(0.,0.,1.));
#4384=DIRECTION('center_axis',(0.,1.,0.));
#4385=DIRECTION('ref_axis',(0.,0.,-1.));
#4386=DIRECTION('',(-8.65956056235494E-17,0.707106781186548,-0.707106781186548));
#4387=DIRECTION('center_axis',(0.,-1.,0.));
#4388=DIRECTION('ref_axis',(0.,0.,-1.));
#4389=DIRECTION('center_axis',(0.,-1.,0.));
#4390=DIRECTION('ref_axis',(0.,0.,-1.));
#4391=DIRECTION('center_axis',(0.,-1.,0.));
#4392=DIRECTION('ref_axis',(0.,0.,1.));
#4393=DIRECTION('center_axis',(0.,-1.,0.));
#4394=DIRECTION('ref_axis',(0.,0.,1.));
#4395=DIRECTION('',(-8.65956056235498E-17,-0.707106781186544,0.707106781186551));
#4396=DIRECTION('center_axis',(0.,1.,0.));
#4397=DIRECTION('ref_axis',(0.,0.,1.));
#4398=DIRECTION('center_axis',(0.,1.,0.));
#4399=DIRECTION('ref_axis',(0.,0.,1.));
#4400=DIRECTION('center_axis',(0.,1.,0.));
#4401=DIRECTION('ref_axis',(0.,0.,-1.));
#4402=DIRECTION('',(-8.65956056235483E-17,0.707106781186556,-0.707106781186539));
#4403=DIRECTION('center_axis',(0.,-1.,0.));
#4404=DIRECTION('ref_axis',(0.,0.,-1.));
#4405=DIRECTION('center_axis',(0.,-1.,0.));
#4406=DIRECTION('ref_axis',(0.,0.,-1.));
#4407=DIRECTION('center_axis',(0.,-1.,0.));
#4408=DIRECTION('ref_axis',(0.,0.,1.));
#4409=DIRECTION('center_axis',(0.,-1.,0.));
#4410=DIRECTION('ref_axis',(0.,0.,1.));
#4411=DIRECTION('',(-8.65956056235478E-17,-0.70710678118656,0.707106781186535));
#4412=DIRECTION('center_axis',(0.,1.,0.));
#4413=DIRECTION('ref_axis',(0.,0.,1.));
#4414=DIRECTION('center_axis',(0.,1.,0.));
#4415=DIRECTION('ref_axis',(0.,0.,1.));
#4416=DIRECTION('center_axis',(0.,1.,0.));
#4417=DIRECTION('ref_axis',(0.,0.,-1.));
#4418=DIRECTION('',(-8.65956056235494E-17,0.707106781186548,-0.707106781186548));
#4419=DIRECTION('center_axis',(0.,-1.,0.));
#4420=DIRECTION('ref_axis',(0.,0.,-1.));
#4421=DIRECTION('center_axis',(0.,-1.,0.));
#4422=DIRECTION('ref_axis',(0.,0.,-1.));
#4423=DIRECTION('center_axis',(0.,-1.,0.));
#4424=DIRECTION('ref_axis',(0.,0.,1.));
#4425=DIRECTION('center_axis',(0.,-1.,0.));
#4426=DIRECTION('ref_axis',(0.,0.,1.));
#4427=DIRECTION('',(-8.65956056235517E-17,-0.707106781186528,0.707106781186567));
#4428=DIRECTION('center_axis',(0.,1.,0.));
#4429=DIRECTION('ref_axis',(0.,0.,1.));
#4430=DIRECTION('center_axis',(0.,1.,0.));
#4431=DIRECTION('ref_axis',(0.,0.,1.));
#4432=DIRECTION('center_axis',(0.,1.,0.));
#4433=DIRECTION('ref_axis',(0.,0.,-1.));
#4434=DIRECTION('',(-8.65956056235502E-17,0.707106781186541,-0.707106781186554));
#4435=DIRECTION('center_axis',(0.,-1.,0.));
#4436=DIRECTION('ref_axis',(0.,0.,-1.));
#4437=DIRECTION('center_axis',(0.,-1.,0.));
#4438=DIRECTION('ref_axis',(0.,0.,-1.));
#4439=DIRECTION('center_axis',(0.,-1.,0.));
#4440=DIRECTION('ref_axis',(0.,0.,1.));
#4441=DIRECTION('center_axis',(0.,-1.,0.));
#4442=DIRECTION('ref_axis',(0.,0.,1.));
#4443=DIRECTION('',(-8.65956056235478E-17,-0.70710678118656,0.707106781186535));
#4444=DIRECTION('center_axis',(0.,1.,0.));
#4445=DIRECTION('ref_axis',(0.,0.,1.));
#4446=DIRECTION('center_axis',(0.,1.,0.));
#4447=DIRECTION('ref_axis',(0.,0.,1.));
#4448=DIRECTION('center_axis',(0.,1.,0.));
#4449=DIRECTION('ref_axis',(0.,0.,-1.));
#4450=DIRECTION('',(-8.65956056235494E-17,0.707106781186548,-0.707106781186548));
#4451=DIRECTION('center_axis',(0.,-1.,0.));
#4452=DIRECTION('ref_axis',(0.,0.,-1.));
#4453=DIRECTION('center_axis',(0.,-1.,0.));
#4454=DIRECTION('ref_axis',(0.,0.,-1.));
#4455=DIRECTION('center_axis',(0.,-1.,0.));
#4456=DIRECTION('ref_axis',(0.,0.,1.));
#4457=DIRECTION('center_axis',(0.,-1.,0.));
#4458=DIRECTION('ref_axis',(0.,0.,1.));
#4459=DIRECTION('',(-8.65956056235507E-17,-0.707106781186536,0.707106781186559));
#4460=DIRECTION('center_axis',(0.,1.,0.));
#4461=DIRECTION('ref_axis',(0.,0.,1.));
#4462=DIRECTION('center_axis',(0.,1.,0.));
#4463=DIRECTION('ref_axis',(0.,0.,1.));
#4464=DIRECTION('center_axis',(0.,1.,0.));
#4465=DIRECTION('ref_axis',(0.,0.,-1.));
#4466=DIRECTION('',(-8.65956056235507E-17,0.707106781186536,-0.707106781186559));
#4467=DIRECTION('center_axis',(0.,-1.,0.));
#4468=DIRECTION('ref_axis',(0.,0.,-1.));
#4469=DIRECTION('center_axis',(0.,-1.,0.));
#4470=DIRECTION('ref_axis',(0.,0.,-1.));
#4471=DIRECTION('center_axis',(0.,-1.,0.));
#4472=DIRECTION('ref_axis',(0.,0.,1.));
#4473=DIRECTION('center_axis',(0.,-1.,0.));
#4474=DIRECTION('ref_axis',(0.,0.,1.));
#4475=DIRECTION('',(-8.65956056235478E-17,-0.70710678118656,0.707106781186535));
#4476=DIRECTION('center_axis',(0.,1.,0.));
#4477=DIRECTION('ref_axis',(0.,0.,1.));
#4478=DIRECTION('center_axis',(0.,1.,0.));
#4479=DIRECTION('ref_axis',(0.,0.,1.));
#4480=DIRECTION('center_axis',(0.,1.,0.));
#4481=DIRECTION('ref_axis',(0.,0.,-1.));
#4482=DIRECTION('',(-8.65956056235494E-17,0.707106781186548,-0.707106781186548));
#4483=DIRECTION('center_axis',(0.,-1.,0.));
#4484=DIRECTION('ref_axis',(0.,0.,-1.));
#4485=DIRECTION('center_axis',(0.,1.,0.));
#4486=DIRECTION('ref_axis',(0.,0.,1.));
#4487=DIRECTION('center_axis',(0.,1.,0.));
#4488=DIRECTION('ref_axis',(0.,0.,-1.));
#4489=DIRECTION('center_axis',(0.,1.,0.));
#4490=DIRECTION('ref_axis',(0.,0.,-1.));
#4491=DIRECTION('',(-8.65956056235481E-17,0.707106781186557,-0.707106781186538));
#4492=DIRECTION('center_axis',(0.,-1.,0.));
#4493=DIRECTION('ref_axis',(0.,0.,-1.));
#4494=DIRECTION('center_axis',(0.,-1.,0.));
#4495=DIRECTION('ref_axis',(0.,0.,-1.));
#4496=DIRECTION('center_axis',(0.,-1.,0.));
#4497=DIRECTION('ref_axis',(0.,0.,1.));
#4498=DIRECTION('',(-8.65956056235499E-17,-0.707106781186543,0.707106781186552));
#4499=DIRECTION('center_axis',(0.,1.,0.));
#4500=DIRECTION('ref_axis',(0.,0.,1.));
#4501=DIRECTION('center_axis',(0.,1.,0.));
#4502=DIRECTION('ref_axis',(0.,0.,1.));
#4503=DIRECTION('center_axis',(0.,1.,0.));
#4504=DIRECTION('ref_axis',(0.,0.,1.));
#4505=DIRECTION('center_axis',(0.,1.,0.));
#4506=DIRECTION('ref_axis',(0.,0.,1.));
#4507=DIRECTION('',(8.65956056235475E-17,-0.707106781186562,0.707106781186533));
#4508=DIRECTION('center_axis',(0.,-1.,0.));
#4509=DIRECTION('ref_axis',(0.,0.,1.));
#4510=DIRECTION('center_axis',(0.,-1.,0.));
#4511=DIRECTION('ref_axis',(0.,0.,-1.));
#4512=DIRECTION('center_axis',(0.,1.,0.));
#4513=DIRECTION('ref_axis',(0.,0.,-1.));
#4514=DIRECTION('',(-0.270645745156559,0.706982125955772,-0.65339662855551));
#4515=DIRECTION('center_axis',(0.,-1.,0.));
#4516=DIRECTION('ref_axis',(0.,0.,-1.));
#4517=DIRECTION('',(-0.270645745156551,-0.706982125955788,-0.653396628555497));
#4518=DIRECTION('center_axis',(0.,1.,0.));
#4519=DIRECTION('ref_axis',(0.,0.,1.));
#4520=DIRECTION('',(0.,1.,0.));
#4521=DIRECTION('center_axis',(0.,1.,0.));
#4522=DIRECTION('ref_axis',(0.,0.,1.));
#4523=DIRECTION('',(0.,1.,0.));
#4524=DIRECTION('center_axis',(0.,1.,0.));
#4525=DIRECTION('ref_axis',(0.,0.,1.));
#4526=DIRECTION('',(0.,1.,0.));
#4527=DIRECTION('center_axis',(0.,1.,0.));
#4528=DIRECTION('ref_axis',(0.,0.,1.));
#4529=DIRECTION('',(0.,1.,0.));
#4530=DIRECTION('center_axis',(0.,1.,0.));
#4531=DIRECTION('ref_axis',(0.,0.,1.));
#4532=DIRECTION('',(0.,1.,0.));
#4533=DIRECTION('center_axis',(0.,1.,0.));
#4534=DIRECTION('ref_axis',(0.,0.,1.));
#4535=DIRECTION('',(0.,1.,0.));
#4536=DIRECTION('center_axis',(0.,1.,0.));
#4537=DIRECTION('ref_axis',(0.,0.,1.));
#4538=DIRECTION('',(0.,1.,0.));
#4539=DIRECTION('center_axis',(0.,1.,0.));
#4540=DIRECTION('ref_axis',(0.,0.,1.));
#4541=DIRECTION('',(0.,1.,0.));
#4542=DIRECTION('center_axis',(0.,-1.,0.));
#4543=DIRECTION('ref_axis',(0.,0.,-1.));
#4544=DIRECTION('center_axis',(0.,-1.,0.));
#4545=DIRECTION('ref_axis',(0.,0.,-1.));
#4546=DIRECTION('',(0.,-1.,0.));
#4547=DIRECTION('center_axis',(0.,-1.,0.));
#4548=DIRECTION('ref_axis',(0.,0.,-1.));
#4549=DIRECTION('',(0.,-1.,0.));
#4550=DIRECTION('center_axis',(0.,-1.,0.));
#4551=DIRECTION('ref_axis',(0.,0.,-1.));
#4552=DIRECTION('center_axis',(0.,1.,0.));
#4553=DIRECTION('ref_axis',(0.,0.,1.));
#4554=DIRECTION('center_axis',(0.,-1.,0.));
#4555=DIRECTION('ref_axis',(0.,0.,-1.));
#4556=DIRECTION('',(-4.18853873767708E-17,0.939692620785906,-0.342020143325676));
#4557=DIRECTION('center_axis',(0.,-1.,0.));
#4558=DIRECTION('ref_axis',(0.,0.,-1.));
#4559=DIRECTION('center_axis',(0.,-1.,0.));
#4560=DIRECTION('ref_axis',(0.,0.,-1.));
#4561=DIRECTION('center_axis',(0.,-1.,0.));
#4562=DIRECTION('ref_axis',(0.,0.,-1.));
#4563=DIRECTION('center_axis',(0.,-1.,0.));
#4564=DIRECTION('ref_axis',(0.,0.,-1.));
#4565=DIRECTION('',(1.15079156022785E-16,0.342020143325674,-0.939692620785907));
#4566=DIRECTION('center_axis',(0.,-1.,0.));
#4567=DIRECTION('ref_axis',(0.,0.,-1.));
#4568=DIRECTION('center_axis',(0.,-1.,0.));
#4569=DIRECTION('ref_axis',(0.,0.,-1.));
#4570=DIRECTION('',(0.,-1.,0.));
#4571=DIRECTION('center_axis',(0.,-1.,0.));
#4572=DIRECTION('ref_axis',(0.,0.,1.));
#4573=DIRECTION('',(0.,1.,0.));
#4574=DIRECTION('center_axis',(0.,-1.,0.));
#4575=DIRECTION('ref_axis',(0.,0.,-1.));
#4576=DIRECTION('',(0.,-1.,0.));
#4577=DIRECTION('center_axis',(0.,-1.,0.));
#4578=DIRECTION('ref_axis',(0.,0.,-1.));
#4579=DIRECTION('',(0.,-1.,0.));
#4580=DIRECTION('center_axis',(0.,1.,0.));
#4581=DIRECTION('ref_axis',(0.,0.,-1.));
#4582=DIRECTION('',(0.,1.,0.));
#4583=DIRECTION('center_axis',(0.,-1.,0.));
#4584=DIRECTION('ref_axis',(0.,0.,-1.));
#4585=DIRECTION('',(0.,1.,0.));
#4586=DIRECTION('center_axis',(0.,-1.,0.));
#4587=DIRECTION('ref_axis',(0.,0.,-1.));
#4588=DIRECTION('',(0.,-1.,0.));
#4589=DIRECTION('center_axis',(0.,1.,0.));
#4590=DIRECTION('ref_axis',(0.,0.,1.));
#4591=DIRECTION('',(0.,1.,0.));
#4592=DIRECTION('',(0.,-1.,0.));
#4593=DIRECTION('center_axis',(0.,-1.,0.));
#4594=DIRECTION('ref_axis',(0.,0.,-1.));
#4595=DIRECTION('',(0.,1.,0.));
#4596=DIRECTION('center_axis',(0.,-1.,0.));
#4597=DIRECTION('ref_axis',(0.,0.,-1.));
#4598=DIRECTION('center_axis',(0.,-1.,0.));
#4599=DIRECTION('ref_axis',(0.,0.,-1.));
#4600=DIRECTION('center_axis',(0.,1.,0.));
#4601=DIRECTION('ref_axis',(0.,0.,-1.));
#4602=DIRECTION('',(0.38268343236509,0.,0.923879532511287));
#4603=DIRECTION('',(0.382683432365091,0.,0.923879532511286));
#4604=DIRECTION('center_axis',(0.,-1.,0.));
#4605=DIRECTION('ref_axis',(-0.923879532511287,0.,0.38268343236509));
#4606=DIRECTION('',(0.270603348281582,-0.70709293602951,0.653294273444949));
#4607=DIRECTION('',(0.27060334828158,0.707092936029503,0.653294273444958));
#4608=DIRECTION('center_axis',(0.,-1.,0.));
#4609=DIRECTION('ref_axis',(0.,0.,-1.));
#4610=DIRECTION('',(-0.382683432365091,0.,-0.923879532511286));
#4611=DIRECTION('',(-0.382683432365091,0.,-0.923879532511286));
#4612=DIRECTION('center_axis',(0.,-1.,0.));
#4613=DIRECTION('ref_axis',(0.,0.,-1.));
#4614=DIRECTION('center_axis',(0.,1.,0.));
#4615=DIRECTION('ref_axis',(0.,0.,1.));
#4616=DIRECTION('center_axis',(0.,1.,0.));
#4617=DIRECTION('ref_axis',(0.,0.,1.));
#4618=DIRECTION('center_axis',(0.,1.,0.));
#4619=DIRECTION('ref_axis',(0.,0.,1.));
#4620=DIRECTION('',(0.382683432365091,0.,0.923879532511286));
#4621=DIRECTION('',(-0.382683432365091,0.,-0.923879532511286));
#4622=DIRECTION('center_axis',(-0.923879532511286,0.,0.382683432365091));
#4623=DIRECTION('ref_axis',(0.382683432365091,0.,0.923879532511286));
#4624=DIRECTION('center_axis',(0.923879532511286,0.,-0.382683432365091));
#4625=DIRECTION('ref_axis',(-0.382683432365091,0.,-0.923879532511286));
#4626=DIRECTION('center_axis',(0.,-1.,0.));
#4627=DIRECTION('ref_axis',(0.,0.,-1.));
#4628=DIRECTION('',(-0.382683432365091,0.,-0.923879532511286));
#4629=DIRECTION('',(0.38268343236509,0.,0.923879532511287));
#4630=DIRECTION('center_axis',(-0.923879532511287,0.,0.38268343236509));
#4631=DIRECTION('ref_axis',(0.38268343236509,0.,0.923879532511287));
#4632=DIRECTION('center_axis',(0.923879532511286,0.,-0.382683432365091));
#4633=DIRECTION('ref_axis',(-0.382683432365091,0.,-0.923879532511286));
#4634=DIRECTION('',(0.,0.,1.));
#4635=DIRECTION('',(1.,0.,0.));
#4636=DIRECTION('',(0.,0.,-1.));
#4637=DIRECTION('',(1.,0.,0.));
#4638=DIRECTION('',(0.,0.,-1.));
#4639=DIRECTION('',(1.,0.,0.));
#4640=CARTESIAN_POINT('',(0.,0.,0.));
#4641=CARTESIAN_POINT('',(0.,0.,0.));
#4642=CARTESIAN_POINT('Origin',(57.5,-8.88178419700125E-15,0.));
#4643=CARTESIAN_POINT('',(92.5,-25.,-4.28626379701574E-15));
#4644=CARTESIAN_POINT('Origin',(57.5,-25.,0.));
#4645=CARTESIAN_POINT('',(92.5,-8.88178419700125E-15,-4.28626379701574E-15));
#4646=CARTESIAN_POINT('',(92.5,-8.88178419700125E-15,4.28626379701574E-15));
#4647=CARTESIAN_POINT('Origin',(57.5,-7.75201423860274E-15,0.));
#4648=CARTESIAN_POINT('Origin',(0.,-25.,0.));
#4649=CARTESIAN_POINT('',(90.5,-25.,4.04133443718627E-15));
#4650=CARTESIAN_POINT('Origin',(57.5,-25.,0.));
#4651=CARTESIAN_POINT('Origin',(-57.5,-8.88178419700125E-15,0.));
#4652=CARTESIAN_POINT('',(-22.5,-25.,-4.28626379701574E-15));
#4653=CARTESIAN_POINT('Origin',(-57.5,-25.,0.));
#4654=CARTESIAN_POINT('',(-22.5,-8.88178419700125E-15,-4.28626379701574E-15));
#4655=CARTESIAN_POINT('',(-22.5,-8.88178419700125E-15,4.28626379701574E-15));
#4656=CARTESIAN_POINT('Origin',(-57.5,-7.75201423860274E-15,0.));
#4657=CARTESIAN_POINT('Origin',(0.,-25.,0.));
#4658=CARTESIAN_POINT('',(-24.5,-25.,4.04133443718627E-15));
#4659=CARTESIAN_POINT('Origin',(-57.5,-25.,0.));
#4660=CARTESIAN_POINT('Origin',(-57.5,24.6,0.));
#4661=CARTESIAN_POINT('',(-24.5,23.4,4.04133443718627E-15));
#4662=CARTESIAN_POINT('Origin',(-57.5,23.4,0.));
#4663=CARTESIAN_POINT('',(-24.5,24.6,4.04133443718627E-15));
#4664=CARTESIAN_POINT('Origin',(57.5,24.6,0.));
#4665=CARTESIAN_POINT('',(90.5,23.4,4.04133443718627E-15));
#4666=CARTESIAN_POINT('Origin',(57.5,23.4,0.));
#4667=CARTESIAN_POINT('',(90.5,24.6,4.04133443718627E-15));
#4668=CARTESIAN_POINT('Origin',(0.,-6.93889390390723E-15,0.));
#4669=CARTESIAN_POINT('',(1.55040284772055E-14,0.399999999999977,126.6));
#4670=CARTESIAN_POINT('',(-1.55040284772055E-14,0.399999999999984,-126.6));
#4671=CARTESIAN_POINT('Origin',(0.,0.399999999999977,0.));
#4672=CARTESIAN_POINT('Origin',(0.,0.399999999999977,0.));
#4673=CARTESIAN_POINT('',(-1.54550426052396E-14,-7.34545407125496E-15,-126.2));
#4674=CARTESIAN_POINT('',(-1.54550426052396E-14,-6.93889390390723E-15,-126.2));
#4675=CARTESIAN_POINT('Origin',(0.,-7.75201423860274E-15,0.));
#4676=CARTESIAN_POINT('Origin',(0.,24.2,0.));
#4677=CARTESIAN_POINT('',(-1.55040284772055E-14,24.2,126.6));
#4678=CARTESIAN_POINT('Origin',(0.,24.2,0.));
#4679=CARTESIAN_POINT('',(-1.54550426052396E-14,24.6,126.2));
#4680=CARTESIAN_POINT('',(-1.55040284772055E-14,24.2,126.6));
#4681=CARTESIAN_POINT('Origin',(0.,24.6,0.));
#4682=CARTESIAN_POINT('Origin',(-29.9971273273814,24.6,-111.950803266903));
#4683=CARTESIAN_POINT('',(-29.9971273273814,24.3000000000001,-107.750803266903));
#4684=CARTESIAN_POINT('',(-29.9971273273814,24.3000000000001,-116.150803266903));
#4685=CARTESIAN_POINT('Origin',(-29.9971273273814,24.3000000000001,-111.950803266903));
#4686=CARTESIAN_POINT('Origin',(-29.9971273273814,24.3000000000001,-111.950803266903));
#4687=CARTESIAN_POINT('',(-29.9971273273814,24.6,-116.450803266903));
#4688=CARTESIAN_POINT('',(-29.9971273273814,24.6,-116.450803266903));
#4689=CARTESIAN_POINT('Origin',(-29.9971273273814,24.6,-111.950803266903));
#4690=CARTESIAN_POINT('Origin',(-29.9971273273814,0.300000000000068,-111.950803266903));
#4691=CARTESIAN_POINT('',(-29.9971273273814,0.300000000000068,-107.750803266903));
#4692=CARTESIAN_POINT('Origin',(-29.9971273273814,0.300000000000068,-111.950803266903));
#4693=CARTESIAN_POINT('',(-29.9971273273814,-8.36136715420821E-15,-107.450803266903));
#4694=CARTESIAN_POINT('',(-29.9971273273814,0.300000000000068,-107.750803266903));
#4695=CARTESIAN_POINT('Origin',(-29.9971273273814,-7.75201423860274E-15,
-111.950803266903));
#4696=CARTESIAN_POINT('Origin',(8.09325843105155E-13,24.6,-115.9));
#4697=CARTESIAN_POINT('',(8.09840194760797E-13,24.3000000000001,-111.7));
#4698=CARTESIAN_POINT('',(8.08811491449513E-13,24.3000000000001,-120.1));
#4699=CARTESIAN_POINT('Origin',(8.09325843105155E-13,24.3000000000001,-115.9));
#4700=CARTESIAN_POINT('Origin',(8.09325843105155E-13,24.3000000000001,-115.9));
#4701=CARTESIAN_POINT('',(8.08774752045538E-13,24.6,-120.4));
#4702=CARTESIAN_POINT('',(8.08774752045538E-13,24.6,-120.4));
#4703=CARTESIAN_POINT('Origin',(8.09325843105155E-13,24.6,-115.9));
#4704=CARTESIAN_POINT('Origin',(8.09325843105155E-13,0.300000000000179,
-115.9));
#4705=CARTESIAN_POINT('',(8.08811491449513E-13,0.300000000000179,-111.7));
#4706=CARTESIAN_POINT('Origin',(8.09325843105155E-13,0.300000000000179,
-115.9));
#4707=CARTESIAN_POINT('',(8.08774752045538E-13,-8.6389229103645E-15,-111.4));
#4708=CARTESIAN_POINT('',(8.08811491449513E-13,0.300000000000179,-111.7));
#4709=CARTESIAN_POINT('Origin',(8.09325843105155E-13,-7.75201423860274E-15,
-115.9));
#4710=CARTESIAN_POINT('Origin',(57.9500000000008,24.6,-100.372344298616));
#4711=CARTESIAN_POINT('',(57.9500000000008,24.3000000000002,-96.172344298616));
#4712=CARTESIAN_POINT('',(57.9500000000008,24.3000000000002,-104.572344298616));
#4713=CARTESIAN_POINT('Origin',(57.9500000000008,24.3000000000002,-100.372344298616));
#4714=CARTESIAN_POINT('Origin',(57.9500000000008,24.3000000000002,-100.372344298616));
#4715=CARTESIAN_POINT('',(57.9500000000008,24.6,-104.872344298616));
#4716=CARTESIAN_POINT('',(57.9500000000008,24.6,-104.872344298616));
#4717=CARTESIAN_POINT('Origin',(57.9500000000008,24.6,-100.372344298616));
#4718=CARTESIAN_POINT('Origin',(57.9500000000008,0.300000000000123,-100.372344298616));
#4719=CARTESIAN_POINT('',(57.9500000000008,0.300000000000123,-96.172344298616));
#4720=CARTESIAN_POINT('Origin',(57.9500000000008,0.300000000000123,-100.372344298616));
#4721=CARTESIAN_POINT('',(57.9500000000008,-1.14144804719274E-14,-95.8723442986158));
#4722=CARTESIAN_POINT('',(57.9500000000008,0.300000000000123,-96.172344298616));
#4723=CARTESIAN_POINT('Origin',(57.9500000000008,-7.75201423860274E-15,
-100.372344298616));
#4724=CARTESIAN_POINT('Origin',(29.997127327383,24.6,-111.950803266903));
#4725=CARTESIAN_POINT('',(29.997127327383,24.3000000000002,-107.750803266903));
#4726=CARTESIAN_POINT('',(29.997127327383,24.3000000000002,-116.150803266903));
#4727=CARTESIAN_POINT('Origin',(29.997127327383,24.3000000000002,-111.950803266903));
#4728=CARTESIAN_POINT('Origin',(29.997127327383,24.3000000000002,-111.950803266903));
#4729=CARTESIAN_POINT('',(29.997127327383,24.6,-116.450803266903));
#4730=CARTESIAN_POINT('',(29.997127327383,24.6,-116.450803266903));
#4731=CARTESIAN_POINT('Origin',(29.997127327383,24.6,-111.950803266903));
#4732=CARTESIAN_POINT('Origin',(29.997127327383,0.300000000000123,-111.950803266903));
#4733=CARTESIAN_POINT('',(29.997127327383,0.300000000000123,-107.750803266903));
#4734=CARTESIAN_POINT('Origin',(29.997127327383,0.300000000000123,-111.950803266903));
#4735=CARTESIAN_POINT('',(29.997127327383,-1.44675937896466E-14,-107.450803266903));
#4736=CARTESIAN_POINT('',(29.997127327383,0.300000000000123,-107.750803266903));
#4737=CARTESIAN_POINT('Origin',(29.997127327383,-7.75201423860274E-15,-111.950803266903));
#4738=CARTESIAN_POINT('Origin',(81.9536759395216,24.6,-81.9536759395202));
#4739=CARTESIAN_POINT('',(81.9536759395216,24.3000000000001,-77.7536759395201));
#4740=CARTESIAN_POINT('',(81.9536759395216,24.3000000000001,-86.1536759395202));
#4741=CARTESIAN_POINT('Origin',(81.9536759395216,24.3000000000001,-81.9536759395202));
#4742=CARTESIAN_POINT('Origin',(81.9536759395216,24.3000000000001,-81.9536759395202));
#4743=CARTESIAN_POINT('',(81.9536759395216,24.6,-86.45367593952));
#4744=CARTESIAN_POINT('',(81.9536759395216,24.6,-86.45367593952));
#4745=CARTESIAN_POINT('Origin',(81.9536759395216,24.6,-81.9536759395202));
#4746=CARTESIAN_POINT('Origin',(81.9536759395216,0.300000000000123,-81.9536759395202));
#4747=CARTESIAN_POINT('',(81.9536759395216,0.300000000000123,-77.7536759395201));
#4748=CARTESIAN_POINT('Origin',(81.9536759395216,0.300000000000123,-81.9536759395202));
#4749=CARTESIAN_POINT('',(81.9536759395216,-7.11236625150491E-15,-77.4536759395201));
#4750=CARTESIAN_POINT('',(81.9536759395216,0.300000000000123,-77.7536759395201));
#4751=CARTESIAN_POINT('Origin',(81.9536759395216,-7.75201423860274E-15,
-81.9536759395202));
#4752=CARTESIAN_POINT('Origin',(100.372344298617,24.6,-57.9499999999991));
#4753=CARTESIAN_POINT('',(100.372344298617,24.3000000000002,-53.7499999999991));
#4754=CARTESIAN_POINT('',(100.372344298617,24.3000000000002,-62.1499999999991));
#4755=CARTESIAN_POINT('Origin',(100.372344298617,24.3000000000002,-57.9499999999991));
#4756=CARTESIAN_POINT('Origin',(100.372344298617,24.3000000000002,-57.9499999999991));
#4757=CARTESIAN_POINT('',(100.372344298617,24.6,-62.4499999999988));
#4758=CARTESIAN_POINT('',(100.372344298617,24.6,-62.4499999999988));
#4759=CARTESIAN_POINT('Origin',(100.372344298617,24.6,-57.9499999999991));
#4760=CARTESIAN_POINT('Origin',(100.372344298617,0.300000000000068,-57.9499999999991));
#4761=CARTESIAN_POINT('',(100.372344298617,0.300000000000068,-53.7499999999991));
#4762=CARTESIAN_POINT('Origin',(100.372344298617,0.300000000000068,-57.9499999999991));
#4763=CARTESIAN_POINT('',(100.372344298617,-8.22258927613007E-15,-53.449999999999));
#4764=CARTESIAN_POINT('',(100.372344298617,0.300000000000068,-53.7499999999991));
#4765=CARTESIAN_POINT('Origin',(100.372344298617,-7.75201423860274E-15,
-57.9499999999991));
#4766=CARTESIAN_POINT('Origin',(111.950803266903,24.6,-29.9971273273811));
#4767=CARTESIAN_POINT('',(111.950803266903,24.3000000000002,-25.7971273273811));
#4768=CARTESIAN_POINT('',(111.950803266903,24.3000000000002,-34.197127327381));
#4769=CARTESIAN_POINT('Origin',(111.950803266903,24.3000000000002,-29.9971273273811));
#4770=CARTESIAN_POINT('Origin',(111.950803266903,24.3000000000002,-29.9971273273811));
#4771=CARTESIAN_POINT('',(111.950803266903,24.6,-34.4971273273809));
#4772=CARTESIAN_POINT('',(111.950803266903,24.6,-34.4971273273809));
#4773=CARTESIAN_POINT('Origin',(111.950803266903,24.6,-29.9971273273811));
#4774=CARTESIAN_POINT('Origin',(111.950803266903,0.300000000000068,-29.9971273273811));
#4775=CARTESIAN_POINT('',(111.950803266903,0.300000000000068,-25.7971273273811));
#4776=CARTESIAN_POINT('Origin',(111.950803266903,0.300000000000068,-29.9971273273811));
#4777=CARTESIAN_POINT('',(111.950803266903,-9.12464548363801E-15,-25.497127327381));
#4778=CARTESIAN_POINT('',(111.950803266903,0.300000000000068,-25.7971273273811));
#4779=CARTESIAN_POINT('Origin',(111.950803266903,-7.75201423860274E-15,
-29.9971273273811));
#4780=CARTESIAN_POINT('Origin',(115.9,24.6,1.21398876465773E-12));
#4781=CARTESIAN_POINT('',(115.9,24.3000000000001,4.20000000000121));
#4782=CARTESIAN_POINT('',(115.9,24.3000000000001,-4.19999999999878));
#4783=CARTESIAN_POINT('Origin',(115.9,24.3000000000001,1.21398876465773E-12));
#4784=CARTESIAN_POINT('Origin',(115.9,24.3000000000001,1.21398876465773E-12));
#4785=CARTESIAN_POINT('',(115.9,24.6,-4.49999999999871));
#4786=CARTESIAN_POINT('',(115.9,24.6,-4.49999999999871));
#4787=CARTESIAN_POINT('Origin',(115.9,24.6,1.21398876465773E-12));
#4788=CARTESIAN_POINT('Origin',(115.9,0.300000000000179,1.21398876465773E-12));
#4789=CARTESIAN_POINT('',(115.9,0.300000000000179,4.20000000000121));
#4790=CARTESIAN_POINT('Origin',(115.9,0.300000000000179,1.21398876465773E-12));
#4791=CARTESIAN_POINT('',(115.9,-7.28583859910259E-15,4.50000000000139));
#4792=CARTESIAN_POINT('',(115.9,0.300000000000179,4.20000000000121));
#4793=CARTESIAN_POINT('Origin',(115.9,-7.75201423860274E-15,1.21398876465773E-12));
#4794=CARTESIAN_POINT('Origin',(111.950803266903,24.6,29.9971273273834));
#4795=CARTESIAN_POINT('',(111.950803266903,24.3000000000001,34.1971273273834));
#4796=CARTESIAN_POINT('',(111.950803266903,24.3000000000001,25.7971273273834));
#4797=CARTESIAN_POINT('Origin',(111.950803266903,24.3000000000001,29.9971273273834));
#4798=CARTESIAN_POINT('Origin',(111.950803266903,24.3000000000001,29.9971273273834));
#4799=CARTESIAN_POINT('',(111.950803266903,24.6,25.4971273273835));
#4800=CARTESIAN_POINT('',(111.950803266903,24.6,25.4971273273835));
#4801=CARTESIAN_POINT('Origin',(111.950803266903,24.6,29.9971273273834));
#4802=CARTESIAN_POINT('Origin',(111.950803266903,0.300000000000234,29.9971273273834));
#4803=CARTESIAN_POINT('',(111.950803266903,0.300000000000236,34.1971273273834));
#4804=CARTESIAN_POINT('Origin',(111.950803266903,0.300000000000234,29.9971273273834));
#4805=CARTESIAN_POINT('',(111.950803266903,-7.35522753814166E-15,34.4971273273836));
#4806=CARTESIAN_POINT('',(111.950803266903,0.300000000000234,34.1971273273834));
#4807=CARTESIAN_POINT('Origin',(111.950803266903,-7.75201423860274E-15,
29.9971273273834));
#4808=CARTESIAN_POINT('Origin',(0.,24.6,115.9));
#4809=CARTESIAN_POINT('',(5.14351655641888E-16,24.3000000000001,120.1));
#4810=CARTESIAN_POINT('',(-5.14351655641888E-16,24.3000000000001,111.7));
#4811=CARTESIAN_POINT('Origin',(0.,24.3000000000001,115.9));
#4812=CARTESIAN_POINT('Origin',(0.,24.3000000000001,115.9));
#4813=CARTESIAN_POINT('',(-5.51091059616299E-16,24.6,111.4));
#4814=CARTESIAN_POINT('',(-5.51091059616299E-16,24.6,111.4));
#4815=CARTESIAN_POINT('Origin',(0.,24.6,115.9));
#4816=CARTESIAN_POINT('Origin',(0.,0.300000000000179,115.9));
#4817=CARTESIAN_POINT('',(-5.14351655641888E-16,0.300000000000179,120.1));
#4818=CARTESIAN_POINT('Origin',(0.,0.300000000000179,115.9));
#4819=CARTESIAN_POINT('',(-5.5109105961633E-16,-8.6389229103645E-15,120.4));
#4820=CARTESIAN_POINT('',(-5.14351655641888E-16,0.300000000000179,120.1));
#4821=CARTESIAN_POINT('Origin',(0.,-7.75201423860274E-15,115.9));
#4822=CARTESIAN_POINT('Origin',(-29.9971273273822,24.6,111.950803266903));
#4823=CARTESIAN_POINT('',(-29.9971273273822,24.3,116.150803266903));
#4824=CARTESIAN_POINT('',(-29.9971273273822,24.3,107.750803266903));
#4825=CARTESIAN_POINT('Origin',(-29.9971273273822,24.3,111.950803266903));
#4826=CARTESIAN_POINT('Origin',(-29.9971273273822,24.3,111.950803266903));
#4827=CARTESIAN_POINT('',(-29.9971273273822,24.6,107.450803266903));
#4828=CARTESIAN_POINT('',(-29.9971273273822,24.6,107.450803266903));
#4829=CARTESIAN_POINT('Origin',(-29.9971273273822,24.6,111.950803266903));
#4830=CARTESIAN_POINT('Origin',(-29.9971273273822,0.300000000000179,111.950803266903));
#4831=CARTESIAN_POINT('',(-29.9971273273822,0.300000000000179,116.150803266903));
#4832=CARTESIAN_POINT('Origin',(-29.9971273273822,0.300000000000179,111.950803266903));
#4833=CARTESIAN_POINT('',(-29.9971273273822,-1.14144804719274E-14,116.450803266903));
#4834=CARTESIAN_POINT('',(-29.9971273273822,0.300000000000179,116.150803266903));
#4835=CARTESIAN_POINT('Origin',(-29.9971273273822,-7.75201423860274E-15,
111.950803266903));
#4836=CARTESIAN_POINT('Origin',(-57.9500000000001,24.6,100.372344298616));
#4837=CARTESIAN_POINT('',(-57.9500000000001,24.3000000000001,104.572344298616));
#4838=CARTESIAN_POINT('',(-57.9500000000001,24.3000000000001,96.1723442986164));
#4839=CARTESIAN_POINT('Origin',(-57.9500000000001,24.3000000000001,100.372344298616));
#4840=CARTESIAN_POINT('Origin',(-57.9500000000001,24.3000000000001,100.372344298616));
#4841=CARTESIAN_POINT('',(-57.9500000000001,24.6,95.8723442986165));
#4842=CARTESIAN_POINT('',(-57.9500000000001,24.6,95.8723442986165));
#4843=CARTESIAN_POINT('Origin',(-57.9500000000001,24.6,100.372344298616));
#4844=CARTESIAN_POINT('Origin',(-57.9500000000001,0.300000000000234,100.372344298616));
#4845=CARTESIAN_POINT('',(-57.9500000000001,0.300000000000234,104.572344298616));
#4846=CARTESIAN_POINT('Origin',(-57.9500000000001,0.300000000000234,100.372344298616));
#4847=CARTESIAN_POINT('',(-57.9500000000001,-1.30451205393456E-14,104.872344298617));
#4848=CARTESIAN_POINT('',(-57.9500000000001,0.300000000000234,104.572344298616));
#4849=CARTESIAN_POINT('Origin',(-57.9500000000001,-7.75201423860274E-15,
100.372344298616));
#4850=CARTESIAN_POINT('Origin',(-81.953675939521,24.6,81.9536759395207));
#4851=CARTESIAN_POINT('',(-81.953675939521,24.3000000000002,86.1536759395207));
#4852=CARTESIAN_POINT('',(-81.953675939521,24.3000000000002,77.7536759395207));
#4853=CARTESIAN_POINT('Origin',(-81.953675939521,24.3000000000002,81.9536759395207));
#4854=CARTESIAN_POINT('Origin',(-81.953675939521,24.3000000000002,81.9536759395207));
#4855=CARTESIAN_POINT('',(-81.953675939521,24.6,77.4536759395209));
#4856=CARTESIAN_POINT('',(-81.953675939521,24.6,77.4536759395209));
#4857=CARTESIAN_POINT('Origin',(-81.953675939521,24.6,81.9536759395207));
#4858=CARTESIAN_POINT('Origin',(-81.953675939521,0.300000000000123,81.9536759395207));
#4859=CARTESIAN_POINT('',(-81.953675939521,0.300000000000123,86.1536759395207));
#4860=CARTESIAN_POINT('Origin',(-81.953675939521,0.300000000000123,81.9536759395207));
#4861=CARTESIAN_POINT('',(-81.953675939521,-1.41553435639707E-14,86.4536759395209));
#4862=CARTESIAN_POINT('',(-81.953675939521,0.300000000000123,86.1536759395207));
#4863=CARTESIAN_POINT('Origin',(-81.953675939521,-7.75201423860274E-15,
81.9536759395207));
#4864=CARTESIAN_POINT('Origin',(-100.372344298617,24.6,57.9499999999998));
#4865=CARTESIAN_POINT('',(-100.372344298617,24.3000000000002,62.1499999999998));
#4866=CARTESIAN_POINT('',(-100.372344298617,24.3000000000002,53.7499999999998));
#4867=CARTESIAN_POINT('Origin',(-100.372344298617,24.3000000000002,57.9499999999998));
#4868=CARTESIAN_POINT('Origin',(-100.372344298617,24.3000000000002,57.9499999999998));
#4869=CARTESIAN_POINT('',(-100.372344298617,24.6,53.45));
#4870=CARTESIAN_POINT('',(-100.372344298617,24.6,53.45));
#4871=CARTESIAN_POINT('Origin',(-100.372344298617,24.6,57.9499999999998));
#4872=CARTESIAN_POINT('Origin',(-100.372344298617,0.300000000000123,57.9499999999998));
#4873=CARTESIAN_POINT('',(-100.372344298617,0.300000000000123,62.1499999999998));
#4874=CARTESIAN_POINT('Origin',(-100.372344298617,0.300000000000123,57.9499999999998));
#4875=CARTESIAN_POINT('',(-100.372344298617,-1.31492039479042E-14,62.4499999999999));
#4876=CARTESIAN_POINT('',(-100.372344298617,0.300000000000123,62.1499999999998));
#4877=CARTESIAN_POINT('Origin',(-100.372344298617,-7.75201423860274E-15,
57.9499999999998));
#4878=CARTESIAN_POINT('Origin',(-111.950803266903,24.6,29.9971273273818));
#4879=CARTESIAN_POINT('',(-111.950803266903,24.3000000000002,34.1971273273818));
#4880=CARTESIAN_POINT('',(-111.950803266903,24.3000000000002,25.7971273273818));
#4881=CARTESIAN_POINT('Origin',(-111.950803266903,24.3000000000002,29.9971273273818));
#4882=CARTESIAN_POINT('Origin',(-111.950803266903,24.3000000000002,29.9971273273818));
#4883=CARTESIAN_POINT('',(-111.950803266903,24.6,25.497127327382));
#4884=CARTESIAN_POINT('',(-111.950803266903,24.6,25.497127327382));
#4885=CARTESIAN_POINT('Origin',(-111.950803266903,24.6,29.9971273273818));
#4886=CARTESIAN_POINT('Origin',(-111.950803266903,0.300000000000234,29.9971273273818));
#4887=CARTESIAN_POINT('',(-111.950803266903,0.300000000000234,34.1971273273818));
#4888=CARTESIAN_POINT('Origin',(-111.950803266903,0.300000000000234,29.9971273273818));
#4889=CARTESIAN_POINT('',(-111.950803266903,-6.17561557447743E-15,34.4971273273821));
#4890=CARTESIAN_POINT('',(-111.950803266903,0.300000000000234,34.1971273273818));
#4891=CARTESIAN_POINT('Origin',(-111.950803266903,-7.75201423860274E-15,
29.9971273273818));
#4892=CARTESIAN_POINT('Origin',(-115.9,24.6,-4.04662921552577E-13));
#4893=CARTESIAN_POINT('',(-115.9,24.3000000000001,4.19999999999959));
#4894=CARTESIAN_POINT('',(-115.9,24.3000000000001,-4.2000000000004));
#4895=CARTESIAN_POINT('Origin',(-115.9,24.3000000000001,-4.04662921552577E-13));
#4896=CARTESIAN_POINT('Origin',(-115.9,24.3000000000001,-4.04662921552577E-13));
#4897=CARTESIAN_POINT('',(-115.9,24.6,-4.50000000000033));
#4898=CARTESIAN_POINT('',(-115.9,24.6,-4.50000000000033));
#4899=CARTESIAN_POINT('Origin',(-115.9,24.6,-4.04662921552577E-13));
#4900=CARTESIAN_POINT('Origin',(-115.9,0.300000000000179,-4.04662921552577E-13));
#4901=CARTESIAN_POINT('',(-115.9,0.300000000000179,4.19999999999959));
#4902=CARTESIAN_POINT('Origin',(-115.9,0.300000000000179,-4.04662921552577E-13));
#4903=CARTESIAN_POINT('',(-115.9,-7.28583859910259E-15,4.49999999999977));
#4904=CARTESIAN_POINT('',(-115.9,0.300000000000179,4.19999999999959));
#4905=CARTESIAN_POINT('Origin',(-115.9,-7.75201423860274E-15,-4.04662921552577E-13));
#4906=CARTESIAN_POINT('Origin',(-111.950803266903,24.6,-29.9971273273826));
#4907=CARTESIAN_POINT('',(-111.950803266903,24.3000000000002,-25.7971273273826));
#4908=CARTESIAN_POINT('',(-111.950803266903,24.3000000000002,-34.1971273273826));
#4909=CARTESIAN_POINT('Origin',(-111.950803266903,24.3000000000002,-29.9971273273826));
#4910=CARTESIAN_POINT('Origin',(-111.950803266903,24.3000000000002,-29.9971273273826));
#4911=CARTESIAN_POINT('',(-111.950803266903,24.6,-34.4971273273824));
#4912=CARTESIAN_POINT('',(-111.950803266903,24.6,-34.4971273273824));
#4913=CARTESIAN_POINT('Origin',(-111.950803266903,24.6,-29.9971273273826));
#4914=CARTESIAN_POINT('Origin',(-111.950803266903,0.300000000000123,-29.9971273273826));
#4915=CARTESIAN_POINT('',(-111.950803266903,0.300000000000123,-25.7971273273826));
#4916=CARTESIAN_POINT('Origin',(-111.950803266903,0.300000000000123,-29.9971273273826));
#4917=CARTESIAN_POINT('',(-111.950803266903,-9.64506252643105E-15,-25.4971273273825));
#4918=CARTESIAN_POINT('',(-111.950803266903,0.300000000000123,-25.7971273273826));
#4919=CARTESIAN_POINT('Origin',(-111.950803266903,-7.75201423860274E-15,
-29.9971273273826));
#4920=CARTESIAN_POINT('Origin',(-100.372344298616,24.6,-57.9500000000005));
#4921=CARTESIAN_POINT('',(-100.372344298616,24.3000000000002,-53.7500000000005));
#4922=CARTESIAN_POINT('',(-100.372344298616,24.3000000000002,-62.1500000000005));
#4923=CARTESIAN_POINT('Origin',(-100.372344298616,24.3000000000002,-57.9500000000005));
#4924=CARTESIAN_POINT('Origin',(-100.372344298616,24.3000000000002,-57.9500000000005));
#4925=CARTESIAN_POINT('',(-100.372344298616,24.6,-62.4500000000003));
#4926=CARTESIAN_POINT('',(-100.372344298616,24.6,-62.4500000000003));
#4927=CARTESIAN_POINT('Origin',(-100.372344298616,24.6,-57.9500000000005));
#4928=CARTESIAN_POINT('Origin',(-100.372344298616,0.300000000000179,-57.9500000000005));
#4929=CARTESIAN_POINT('',(-100.372344298616,0.300000000000179,-53.7500000000005));
#4930=CARTESIAN_POINT('Origin',(-100.372344298616,0.300000000000179,-57.9500000000005));
#4931=CARTESIAN_POINT('',(-100.372344298616,-7.59808882477842E-15,-53.4500000000003));
#4932=CARTESIAN_POINT('',(-100.372344298616,0.300000000000179,-53.7500000000005));
#4933=CARTESIAN_POINT('Origin',(-100.372344298616,-7.75201423860274E-15,
-57.9500000000005));
#4934=CARTESIAN_POINT('Origin',(-81.9536759395204,24.6,-81.9536759395213));
#4935=CARTESIAN_POINT('',(-81.9536759395204,24.3000000000001,-77.7536759395213));
#4936=CARTESIAN_POINT('',(-81.9536759395204,24.3000000000001,-86.1536759395213));
#4937=CARTESIAN_POINT('Origin',(-81.9536759395204,24.3000000000001,-81.9536759395213));
#4938=CARTESIAN_POINT('Origin',(-81.9536759395204,24.3000000000001,-81.9536759395213));
#4939=CARTESIAN_POINT('',(-81.9536759395204,24.6,-86.4536759395212));
#4940=CARTESIAN_POINT('',(-81.9536759395204,24.6,-86.4536759395212));
#4941=CARTESIAN_POINT('Origin',(-81.9536759395204,24.6,-81.9536759395213));
#4942=CARTESIAN_POINT('Origin',(-81.9536759395204,0.300000000000068,-81.9536759395213));
#4943=CARTESIAN_POINT('',(-81.9536759395204,0.300000000000068,-77.7536759395213));
#4944=CARTESIAN_POINT('Origin',(-81.9536759395204,0.300000000000068,-81.9536759395213));
#4945=CARTESIAN_POINT('',(-81.9536759395204,-9.92261828258734E-15,-77.4536759395212));
#4946=CARTESIAN_POINT('',(-81.9536759395204,0.300000000000068,-77.7536759395213));
#4947=CARTESIAN_POINT('Origin',(-81.9536759395204,-7.75201423860274E-15,
-81.9536759395213));
#4948=CARTESIAN_POINT('Origin',(-57.9499999999994,24.6,-100.372344298617));
#4949=CARTESIAN_POINT('',(-57.9499999999994,24.3000000000002,-96.1723442986168));
#4950=CARTESIAN_POINT('',(-57.9499999999994,24.3000000000002,-104.572344298617));
#4951=CARTESIAN_POINT('Origin',(-57.9499999999994,24.3000000000002,-100.372344298617));
#4952=CARTESIAN_POINT('Origin',(-57.9499999999994,24.3000000000002,-100.372344298617));
#4953=CARTESIAN_POINT('',(-57.9499999999994,24.6,-104.872344298617));
#4954=CARTESIAN_POINT('',(-57.9499999999994,24.6,-104.872344298617));
#4955=CARTESIAN_POINT('Origin',(-57.9499999999994,24.6,-100.372344298617));
#4956=CARTESIAN_POINT('Origin',(-57.9499999999994,0.300000000000123,-100.372344298617));
#4957=CARTESIAN_POINT('',(-57.9499999999994,0.300000000000123,-96.1723442986168));
#4958=CARTESIAN_POINT('Origin',(-57.9499999999994,0.300000000000123,-100.372344298617));
#4959=CARTESIAN_POINT('',(-57.9499999999994,-9.43689570931383E-15,-95.8723442986167));
#4960=CARTESIAN_POINT('',(-57.9499999999994,0.300000000000123,-96.1723442986168));
#4961=CARTESIAN_POINT('Origin',(-57.9499999999994,-7.75201423860274E-15,
-100.372344298617));
#4962=CARTESIAN_POINT('Origin',(29.9971273273807,24.6,111.950803266903));
#4963=CARTESIAN_POINT('',(29.9971273273807,24.6,116.150803266903));
#4964=CARTESIAN_POINT('Origin',(29.9971273273807,24.6,111.950803266903));
#4965=CARTESIAN_POINT('',(29.9971273273807,0.,116.150803266903));
#4966=CARTESIAN_POINT('',(29.9971273273807,24.6,116.150803266903));
#4967=CARTESIAN_POINT('Origin',(29.9971273273807,0.,111.950803266903));
#4968=CARTESIAN_POINT('Origin',(57.9499999999987,24.6,100.372344298617));
#4969=CARTESIAN_POINT('',(57.9499999999987,24.6,104.572344298617));
#4970=CARTESIAN_POINT('Origin',(57.9499999999987,24.6,100.372344298617));
#4971=CARTESIAN_POINT('',(57.9499999999987,0.,104.572344298617));
#4972=CARTESIAN_POINT('',(57.9499999999987,24.6,104.572344298617));
#4973=CARTESIAN_POINT('Origin',(57.9499999999987,0.,100.372344298617));
#4974=CARTESIAN_POINT('Origin',(81.9536759395199,24.6,81.9536759395219));
#4975=CARTESIAN_POINT('',(81.9536759395199,24.6,86.1536759395219));
#4976=CARTESIAN_POINT('Origin',(81.9536759395199,24.6,81.9536759395219));
#4977=CARTESIAN_POINT('',(81.9536759395199,0.,86.1536759395219));
#4978=CARTESIAN_POINT('',(81.9536759395199,24.6,86.1536759395219));
#4979=CARTESIAN_POINT('Origin',(81.9536759395199,0.,81.9536759395219));
#4980=CARTESIAN_POINT('Origin',(100.372344298616,24.6,57.9500000000012));
#4981=CARTESIAN_POINT('',(100.372344298616,24.6,62.1500000000012));
#4982=CARTESIAN_POINT('Origin',(100.372344298616,24.6,57.9500000000012));
#4983=CARTESIAN_POINT('',(100.372344298616,0.,62.1500000000012));
#4984=CARTESIAN_POINT('',(100.372344298616,24.6,62.1500000000012));
#4985=CARTESIAN_POINT('Origin',(100.372344298616,0.,57.9500000000012));
#4986=CARTESIAN_POINT('Origin',(111.950803266903,24.6,29.9971273273834));
#4987=CARTESIAN_POINT('',(111.950803266903,24.6,34.1971273273834));
#4988=CARTESIAN_POINT('Origin',(115.9,24.6,1.21398876465773E-12));
#4989=CARTESIAN_POINT('',(115.9,24.6,4.20000000000121));
#4990=CARTESIAN_POINT('Origin',(111.950803266903,24.6,-29.9971273273811));
#4991=CARTESIAN_POINT('',(111.950803266903,24.6,-25.7971273273811));
#4992=CARTESIAN_POINT('Origin',(100.372344298617,24.6,-57.9499999999991));
#4993=CARTESIAN_POINT('',(100.372344298617,24.6,-53.7499999999991));
#4994=CARTESIAN_POINT('Origin',(81.9536759395216,24.6,-81.9536759395202));
#4995=CARTESIAN_POINT('',(81.9536759395216,24.6,-77.7536759395201));
#4996=CARTESIAN_POINT('Origin',(57.9500000000008,24.6,-100.372344298616));
#4997=CARTESIAN_POINT('',(57.9500000000008,24.6,-96.172344298616));
#4998=CARTESIAN_POINT('Origin',(29.997127327383,24.6,-111.950803266903));
#4999=CARTESIAN_POINT('',(29.997127327383,24.6,-107.750803266903));
#5000=CARTESIAN_POINT('Origin',(8.09325843105155E-13,24.6,-115.9));
#5001=CARTESIAN_POINT('',(8.08811491449513E-13,24.6,-111.7));
#5002=CARTESIAN_POINT('Origin',(-29.9971273273814,24.6,-111.950803266903));
#5003=CARTESIAN_POINT('',(-29.9971273273814,24.6,-107.750803266903));
#5004=CARTESIAN_POINT('Origin',(-57.9499999999994,24.6,-100.372344298617));
#5005=CARTESIAN_POINT('',(-57.9499999999994,24.6,-96.1723442986168));
#5006=CARTESIAN_POINT('Origin',(-81.9536759395204,24.6,-81.9536759395213));
#5007=CARTESIAN_POINT('',(-81.9536759395204,24.6,-77.7536759395213));
#5008=CARTESIAN_POINT('Origin',(-100.372344298616,24.6,-57.9500000000005));
#5009=CARTESIAN_POINT('',(-100.372344298616,24.6,-53.7500000000005));
#5010=CARTESIAN_POINT('Origin',(-111.950803266903,24.6,-29.9971273273826));
#5011=CARTESIAN_POINT('',(-111.950803266903,24.6,-25.7971273273826));
#5012=CARTESIAN_POINT('Origin',(-115.9,24.6,-4.04662921552577E-13));
#5013=CARTESIAN_POINT('',(-115.9,24.6,4.19999999999959));
#5014=CARTESIAN_POINT('Origin',(-111.950803266903,24.6,29.9971273273818));
#5015=CARTESIAN_POINT('',(-111.950803266903,24.6,34.1971273273818));
#5016=CARTESIAN_POINT('Origin',(-100.372344298617,24.6,57.9499999999998));
#5017=CARTESIAN_POINT('',(-100.372344298617,24.6,62.1499999999998));
#5018=CARTESIAN_POINT('Origin',(-81.953675939521,24.6,81.9536759395207));
#5019=CARTESIAN_POINT('',(-81.953675939521,24.6,86.1536759395207));
#5020=CARTESIAN_POINT('Origin',(-57.9500000000001,24.6,100.372344298616));
#5021=CARTESIAN_POINT('',(-57.9500000000001,24.6,104.572344298616));
#5022=CARTESIAN_POINT('Origin',(-29.9971273273822,24.6,111.950803266903));
#5023=CARTESIAN_POINT('',(-29.9971273273822,24.6,116.150803266903));
#5024=CARTESIAN_POINT('Origin',(0.,24.6,115.9));
#5025=CARTESIAN_POINT('',(-5.14351655641888E-16,24.6,120.1));
#5026=CARTESIAN_POINT('Origin',(0.,23.4,0.));
#5027=CARTESIAN_POINT('',(-1.32545504378103E-14,23.4,-108.23161785944));
#5028=CARTESIAN_POINT('Origin',(0.,23.4,0.));
#5029=CARTESIAN_POINT('',(-1.3281294536753E-14,24.,-108.45));
#5030=CARTESIAN_POINT('',(-1.32545504378103E-14,23.4,-108.23161785944));
#5031=CARTESIAN_POINT('',(1.34481526631369E-14,24.,108.45));
#5032=CARTESIAN_POINT('Origin',(0.,24.,0.));
#5033=CARTESIAN_POINT('Origin',(0.,24.,0.));
#5034=CARTESIAN_POINT('Origin',(0.,24.,0.));
#5035=CARTESIAN_POINT('',(-1.36150107895207E-14,23.0081811116246,111.175));
#5036=CARTESIAN_POINT('Origin',(0.,23.0081811116246,0.));
#5037=CARTESIAN_POINT('',(-1.3281294536753E-14,24.,108.45));
#5038=CARTESIAN_POINT('Origin',(0.,-15.0222786264869,0.));
#5039=CARTESIAN_POINT('',(-1.36150107895207E-14,24.6,111.175));
#5040=CARTESIAN_POINT('Origin',(0.,24.6,0.));
#5041=CARTESIAN_POINT('',(-1.36150107895207E-14,-15.0222786264869,111.175));
#5042=CARTESIAN_POINT('Origin',(0.,-15.0222786264869,0.));
#5043=CARTESIAN_POINT('',(-1.55040284772055E-14,-15.0222786264869,126.6));
#5044=CARTESIAN_POINT('Origin',(0.,-7.75201423860274E-15,0.));
#5045=CARTESIAN_POINT('Origin',(-126.6,24.6,0.));
#5046=CARTESIAN_POINT('Origin',(-108.23161785944,23.4,0.));
#5047=CARTESIAN_POINT('',(0.,0.,0.));
#5048=CARTESIAN_POINT('Origin',(32.5622672736403,-17.5,32.5622672736407));
#5049=CARTESIAN_POINT('',(32.5622672736403,-17.1,28.3622672736407));
#5050=CARTESIAN_POINT('',(32.5622672736403,-17.1,36.7622672736407));
#5051=CARTESIAN_POINT('Origin',(32.5622672736403,-17.1,32.5622672736407));
#5052=CARTESIAN_POINT('Origin',(32.5622672736403,-17.1,32.5622672736407));
#5053=CARTESIAN_POINT('',(32.5622672736403,-17.5,37.1622672736407));
#5054=CARTESIAN_POINT('',(32.5622672736403,-17.5,37.1622672736407));
#5055=CARTESIAN_POINT('Origin',(32.5622672736403,-17.5,32.5622672736407));
#5056=CARTESIAN_POINT('Origin',(32.5622672736403,-0.399999999999977,32.5622672736407));
#5057=CARTESIAN_POINT('',(32.5622672736403,-0.399999999999977,28.3622672736407));
#5058=CARTESIAN_POINT('Origin',(32.5622672736403,-0.399999999999977,32.5622672736407));
#5059=CARTESIAN_POINT('',(32.5622672736403,2.77555756156289E-16,27.9622672736407));
#5060=CARTESIAN_POINT('',(32.5622672736403,-0.399999999999977,28.3622672736407));
#5061=CARTESIAN_POINT('Origin',(32.5622672736403,0.,32.5622672736407));
#5062=CARTESIAN_POINT('Origin',(-3.21565617558174E-13,-17.5,46.05));
#5063=CARTESIAN_POINT('',(-3.21051265902532E-13,-17.1,41.85));
#5064=CARTESIAN_POINT('',(-3.22079969213816E-13,-17.1,50.25));
#5065=CARTESIAN_POINT('Origin',(-3.21565617558174E-13,-17.1,46.05));
#5066=CARTESIAN_POINT('Origin',(-3.21565617558174E-13,-17.1,46.05));
#5067=CARTESIAN_POINT('',(-3.22128955085782E-13,-17.5,50.65));
#5068=CARTESIAN_POINT('',(-3.22128955085782E-13,-17.5,50.65));
#5069=CARTESIAN_POINT('Origin',(-3.21565617558174E-13,-17.5,46.05));
#5070=CARTESIAN_POINT('Origin',(-3.21565617558174E-13,-0.399999999999977,
46.05));
#5071=CARTESIAN_POINT('',(-3.22079969213816E-13,-0.399999999999978,41.85));
#5072=CARTESIAN_POINT('Origin',(-3.21565617558174E-13,-0.399999999999977,
46.05));
#5073=CARTESIAN_POINT('',(-3.22128955085782E-13,3.12250225675825E-15,41.45));
#5074=CARTESIAN_POINT('',(-3.22079969213816E-13,-0.399999999999977,41.85));
#5075=CARTESIAN_POINT('Origin',(-3.21565617558174E-13,0.,46.05));
#5076=CARTESIAN_POINT('Origin',(-32.5622672736408,-17.5,32.5622672736402));
#5077=CARTESIAN_POINT('',(-32.5622672736408,-17.1,28.3622672736402));
#5078=CARTESIAN_POINT('',(-32.5622672736408,-17.1,36.7622672736402));
#5079=CARTESIAN_POINT('Origin',(-32.5622672736408,-17.1,32.5622672736402));
#5080=CARTESIAN_POINT('Origin',(-32.5622672736408,-17.1,32.5622672736402));
#5081=CARTESIAN_POINT('',(-32.5622672736408,-17.5,37.1622672736402));
#5082=CARTESIAN_POINT('',(-32.5622672736408,-17.5,37.1622672736402));
#5083=CARTESIAN_POINT('Origin',(-32.5622672736408,-17.5,32.5622672736402));
#5084=CARTESIAN_POINT('Origin',(-32.5622672736408,-0.400000000000018,32.5622672736402));
#5085=CARTESIAN_POINT('',(-32.5622672736408,-0.400000000000019,28.3622672736402));
#5086=CARTESIAN_POINT('Origin',(-32.5622672736408,-0.400000000000018,32.5622672736402));
#5087=CARTESIAN_POINT('',(-32.5622672736408,9.0205620750794E-16,27.9622672736402));
#5088=CARTESIAN_POINT('',(-32.5622672736408,-0.400000000000018,28.3622672736402));
#5089=CARTESIAN_POINT('Origin',(-32.5622672736408,0.,32.5622672736402));
#5090=CARTESIAN_POINT('Origin',(-46.05,-17.5,-4.82348426337261E-13));
#5091=CARTESIAN_POINT('',(-46.05,-17.1,-4.20000000000048));
#5092=CARTESIAN_POINT('',(-46.05,-17.1,4.19999999999952));
#5093=CARTESIAN_POINT('Origin',(-46.05,-17.1,-4.82348426337261E-13));
#5094=CARTESIAN_POINT('Origin',(-46.05,-17.1,-4.82348426337261E-13));
#5095=CARTESIAN_POINT('',(-46.05,-17.5,4.59999999999955));
#5096=CARTESIAN_POINT('',(-46.05,-17.5,4.59999999999955));
#5097=CARTESIAN_POINT('Origin',(-46.05,-17.5,-4.82348426337261E-13));
#5098=CARTESIAN_POINT('Origin',(-46.05,-0.399999999999977,-4.82348426337261E-13));
#5099=CARTESIAN_POINT('',(-46.05,-0.399999999999977,-4.20000000000048));
#5100=CARTESIAN_POINT('Origin',(-46.05,-0.399999999999977,-4.82348426337261E-13));
#5101=CARTESIAN_POINT('',(-46.05,3.12250225675825E-15,-4.60000000000046));
#5102=CARTESIAN_POINT('',(-46.05,-0.399999999999977,-4.20000000000048));
#5103=CARTESIAN_POINT('Origin',(-46.05,0.,-4.82348426337261E-13));
#5104=CARTESIAN_POINT('Origin',(-32.5622672736401,-17.5,-32.5622672736409));
#5105=CARTESIAN_POINT('',(-32.5622672736401,-17.1,-36.7622672736409));
#5106=CARTESIAN_POINT('',(-32.5622672736401,-17.1,-28.3622672736409));
#5107=CARTESIAN_POINT('Origin',(-32.5622672736401,-17.1,-32.5622672736409));
#5108=CARTESIAN_POINT('Origin',(-32.5622672736401,-17.1,-32.5622672736409));
#5109=CARTESIAN_POINT('',(-32.5622672736401,-17.5,-27.9622672736409));
#5110=CARTESIAN_POINT('',(-32.5622672736401,-17.5,-27.9622672736409));
#5111=CARTESIAN_POINT('Origin',(-32.5622672736401,-17.5,-32.5622672736409));
#5112=CARTESIAN_POINT('Origin',(-32.5622672736401,-0.399999999999977,-32.5622672736409));
#5113=CARTESIAN_POINT('',(-32.5622672736401,-0.399999999999977,-36.7622672736409));
#5114=CARTESIAN_POINT('Origin',(-32.5622672736401,-0.399999999999977,-32.5622672736409));
#5115=CARTESIAN_POINT('',(-32.5622672736401,-1.38777878078145E-16,-37.1622672736409));
#5116=CARTESIAN_POINT('',(-32.5622672736401,-0.399999999999977,-36.7622672736409));
#5117=CARTESIAN_POINT('Origin',(-32.5622672736401,0.,-32.5622672736409));
#5118=CARTESIAN_POINT('Origin',(0.,-17.5,-46.05));
#5119=CARTESIAN_POINT('',(5.14351655641889E-16,-17.1,-50.25));
#5120=CARTESIAN_POINT('',(-5.14351655641889E-16,-17.1,-41.85));
#5121=CARTESIAN_POINT('Origin',(0.,-17.1,-46.05));
#5122=CARTESIAN_POINT('Origin',(0.,-17.1,-46.05));
#5123=CARTESIAN_POINT('',(-5.63337527607787E-16,-17.5,-41.45));
#5124=CARTESIAN_POINT('',(-5.63337527607787E-16,-17.5,-41.45));
#5125=CARTESIAN_POINT('Origin',(0.,-17.5,-46.05));
#5126=CARTESIAN_POINT('Origin',(0.,-0.399999999999977,-46.05));
#5127=CARTESIAN_POINT('',(-5.14351655641888E-16,-0.399999999999978,-50.25));
#5128=CARTESIAN_POINT('Origin',(0.,-0.399999999999977,-46.05));
#5129=CARTESIAN_POINT('',(-5.6333752760778E-16,3.12250225675825E-15,-50.65));
#5130=CARTESIAN_POINT('',(-5.14351655641889E-16,-0.399999999999977,-50.25));
#5131=CARTESIAN_POINT('Origin',(0.,0.,-46.05));
#5132=CARTESIAN_POINT('Origin',(32.5622672736406,-17.5,-32.5622672736405));
#5133=CARTESIAN_POINT('',(32.5622672736406,-17.1,-36.7622672736405));
#5134=CARTESIAN_POINT('',(32.5622672736406,-17.1,-28.3622672736404));
#5135=CARTESIAN_POINT('Origin',(32.5622672736406,-17.1,-32.5622672736405));
#5136=CARTESIAN_POINT('Origin',(32.5622672736406,-17.1,-32.5622672736405));
#5137=CARTESIAN_POINT('',(32.5622672736406,-17.5,-27.9622672736404));
#5138=CARTESIAN_POINT('',(32.5622672736406,-17.5,-27.9622672736404));
#5139=CARTESIAN_POINT('Origin',(32.5622672736406,-17.5,-32.5622672736405));
#5140=CARTESIAN_POINT('Origin',(32.5622672736406,-0.399999999999991,-32.5622672736405));
#5141=CARTESIAN_POINT('',(32.5622672736406,-0.399999999999991,-36.7622672736405));
#5142=CARTESIAN_POINT('Origin',(32.5622672736406,-0.399999999999991,-32.5622672736405));
#5143=CARTESIAN_POINT('',(32.5622672736406,1.45716771982052E-15,-37.1622672736405));
#5144=CARTESIAN_POINT('',(32.5622672736406,-0.399999999999991,-36.7622672736405));
#5145=CARTESIAN_POINT('Origin',(32.5622672736406,0.,-32.5622672736405));
#5146=CARTESIAN_POINT('Origin',(46.05,-17.5,1.60782808779087E-13));
#5147=CARTESIAN_POINT('',(46.05,-17.1,-4.19999999999984));
#5148=CARTESIAN_POINT('',(46.05,-17.1,4.20000000000016));
#5149=CARTESIAN_POINT('Origin',(46.05,-17.1,1.60782808779087E-13));
#5150=CARTESIAN_POINT('Origin',(46.05,-17.1,1.60782808779087E-13));
#5151=CARTESIAN_POINT('',(46.05,-17.5,4.6000000000002));
#5152=CARTESIAN_POINT('',(46.05,-17.5,4.6000000000002));
#5153=CARTESIAN_POINT('Origin',(46.05,-17.5,1.60782808779087E-13));
#5154=CARTESIAN_POINT('Origin',(46.05,-0.399999999999977,1.60782808779087E-13));
#5155=CARTESIAN_POINT('',(46.05,-0.399999999999977,-4.19999999999984));
#5156=CARTESIAN_POINT('Origin',(46.05,-0.399999999999977,1.60782808779087E-13));
#5157=CARTESIAN_POINT('',(46.05,3.12250225675825E-15,-4.59999999999982));
#5158=CARTESIAN_POINT('',(46.05,-0.399999999999977,-4.19999999999984));
#5159=CARTESIAN_POINT('Origin',(46.05,0.,1.60782808779087E-13));
#5160=CARTESIAN_POINT('Origin',(0.,-1.2,0.));
#5161=CARTESIAN_POINT('',(4.10256677714363E-15,-1.7,33.5));
#5162=CARTESIAN_POINT('',(-4.10256677714363E-15,-1.7,-33.5));
#5163=CARTESIAN_POINT('Origin',(0.,-1.7,0.));
#5164=CARTESIAN_POINT('Origin',(0.,-1.7,0.));
#5165=CARTESIAN_POINT('',(-4.163799117101E-15,-1.2,-34.));
#5166=CARTESIAN_POINT('',(-4.163799117101E-15,-1.2,-34.));
#5167=CARTESIAN_POINT('Origin',(0.,-1.2,0.));
#5168=CARTESIAN_POINT('Origin',(0.,-17.,0.));
#5169=CARTESIAN_POINT('',(-4.30463349900295E-15,-17.,35.15));
#5170=CARTESIAN_POINT('Origin',(0.,-17.,0.));
#5171=CARTESIAN_POINT('',(-4.36586583896031E-15,-17.5,35.65));
#5172=CARTESIAN_POINT('',(-4.30463349900295E-15,-17.,35.15));
#5173=CARTESIAN_POINT('Origin',(0.,-17.5,0.));
#5174=CARTESIAN_POINT('Origin',(0.,-17.5,0.));
#5175=CARTESIAN_POINT('',(6.94987058516123E-15,-17.,56.75));
#5176=CARTESIAN_POINT('',(-6.94987058516123E-15,-17.,-56.75));
#5177=CARTESIAN_POINT('Origin',(0.,-17.,0.));
#5178=CARTESIAN_POINT('Origin',(0.,-17.,0.));
#5179=CARTESIAN_POINT('',(-6.88863824520386E-15,-17.5,-56.25));
#5180=CARTESIAN_POINT('',(-6.88863824520386E-15,-17.5,-56.25));
#5181=CARTESIAN_POINT('Origin',(0.,-17.5,0.));
#5182=CARTESIAN_POINT('Origin',(0.,-0.499999999999973,0.));
#5183=CARTESIAN_POINT('',(22.9041073395198,0.,51.3757176784885));
#5184=CARTESIAN_POINT('',(-20.1324687419859,0.,-52.5237679755838));
#5185=CARTESIAN_POINT('Origin',(0.,0.,0.));
#5186=CARTESIAN_POINT('',(23.0955165245757,-0.499999999999973,51.8378203290132));
#5187=CARTESIAN_POINT('',(23.0955165245757,-0.499999999999973,51.8378203290132));
#5188=CARTESIAN_POINT('',(-20.3238779270418,-0.499999999999975,-52.9858706261085));
#5189=CARTESIAN_POINT('Origin',(0.,-0.499999999999973,0.));
#5190=CARTESIAN_POINT('',(-20.1324687419859,0.,-52.5237679755838));
#5191=CARTESIAN_POINT('Origin',(-32.5622672736401,-17.5,-32.5622672736409));
#5192=CARTESIAN_POINT('',(-32.5622672736401,-17.5,-36.7622672736409));
#5193=CARTESIAN_POINT('Origin',(-46.05,-17.5,-4.82348426337261E-13));
#5194=CARTESIAN_POINT('',(-46.05,-17.5,-4.20000000000048));
#5195=CARTESIAN_POINT('Origin',(-32.5622672736408,-17.5,32.5622672736402));
#5196=CARTESIAN_POINT('',(-32.5622672736408,-17.5,28.3622672736402));
#5197=CARTESIAN_POINT('Origin',(-3.21565617558174E-13,-17.5,46.05));
#5198=CARTESIAN_POINT('',(-3.22079969213816E-13,-17.5,41.85));
#5199=CARTESIAN_POINT('Origin',(32.5622672736403,-17.5,32.5622672736407));
#5200=CARTESIAN_POINT('',(32.5622672736403,-17.5,28.3622672736407));
#5201=CARTESIAN_POINT('Origin',(46.05,-17.5,1.60782808779087E-13));
#5202=CARTESIAN_POINT('',(46.05,-17.5,-4.19999999999984));
#5203=CARTESIAN_POINT('Origin',(32.5622672736406,-17.5,-32.5622672736405));
#5204=CARTESIAN_POINT('',(32.5622672736406,-17.5,-36.7622672736405));
#5205=CARTESIAN_POINT('Origin',(0.,-17.5,-46.05));
#5206=CARTESIAN_POINT('',(-5.14351655641889E-16,-17.5,-50.25));
#5207=CARTESIAN_POINT('Origin',(0.,-24.5739145046165,0.));
#5208=CARTESIAN_POINT('',(-4.30463349900295E-15,-9.5,35.15));
#5209=CARTESIAN_POINT('Origin',(0.,-9.5,0.));
#5210=CARTESIAN_POINT('',(-4.30463349900295E-15,-24.5739145046165,35.15));
#5211=CARTESIAN_POINT('Origin',(0.,-24.5739145046165,0.));
#5212=CARTESIAN_POINT('',(-4.10256677714363E-15,-9.5,33.5));
#5213=CARTESIAN_POINT('',(-4.10256677714363E-15,-24.5739145046165,33.5));
#5214=CARTESIAN_POINT('Origin',(0.,-9.5,0.));
#5215=CARTESIAN_POINT('Origin',(0.,-1.2,0.));
#5216=CARTESIAN_POINT('',(-4.70039254576604E-15,-1.2,-38.3816178594403));
#5217=CARTESIAN_POINT('Origin',(0.,-1.2,0.));
#5218=CARTESIAN_POINT('',(-4.72713664470878E-15,-0.599999999999999,-38.6));
#5219=CARTESIAN_POINT('',(-4.70039254576604E-15,-1.2,-38.3816178594403));
#5220=CARTESIAN_POINT('',(4.89093315409474E-15,-0.6,38.6));
#5221=CARTESIAN_POINT('Origin',(0.,-0.6,0.));
#5222=CARTESIAN_POINT('Origin',(0.,-0.6,0.));
#5223=CARTESIAN_POINT('Origin',(0.,-0.6,0.));
#5224=CARTESIAN_POINT('',(-5.0547296634807E-15,-1.57362037666211,41.275));
#5225=CARTESIAN_POINT('Origin',(0.,-1.57362037666211,0.));
#5226=CARTESIAN_POINT('',(-4.72713664470878E-15,-0.6,38.6));
#5227=CARTESIAN_POINT('Origin',(0.,-24.5739145046165,0.));
#5228=CARTESIAN_POINT('',(-14.3990054265349,0.,-38.6819630800534));
#5229=CARTESIAN_POINT('',(17.1706440240688,0.,37.5339127829582));
#5230=CARTESIAN_POINT('Origin',(0.,0.,0.));
#5231=CARTESIAN_POINT('',(-14.3990054265349,-1.,-38.6819630800534));
#5232=CARTESIAN_POINT('',(-14.3990054265349,-24.5739145046165,-38.6819630800534));
#5233=CARTESIAN_POINT('',(-16.2560394502298,-1.,-37.9389879463405));
#5234=CARTESIAN_POINT('Origin',(0.,-1.,0.));
#5235=CARTESIAN_POINT('',(-16.2560394502298,0.,-37.9389879463405));
#5236=CARTESIAN_POINT('',(-16.2560394502298,-24.5739145046165,-37.9389879463405));
#5237=CARTESIAN_POINT('',(-5.0547296634807E-15,0.,41.275));
#5238=CARTESIAN_POINT('Origin',(0.,0.,0.));
#5239=CARTESIAN_POINT('',(-5.0547296634807E-15,-24.5739145046165,41.275));
#5240=CARTESIAN_POINT('',(15.3321599177186,0.,38.3216713787056));
#5241=CARTESIAN_POINT('Origin',(0.,0.,0.));
#5242=CARTESIAN_POINT('',(15.3321599177186,-1.,38.3216713787056));
#5243=CARTESIAN_POINT('',(15.3321599177186,-24.5739145046165,38.3216713787056));
#5244=CARTESIAN_POINT('',(17.1706440240688,-1.,37.5339127829582));
#5245=CARTESIAN_POINT('Origin',(0.,-1.,0.));
#5246=CARTESIAN_POINT('',(17.1706440240688,-24.5739145046165,37.5339127829582));
#5247=CARTESIAN_POINT('Origin',(0.,-24.5739145046165,0.));
#5248=CARTESIAN_POINT('',(-6.94987058516123E-15,-0.499999999999972,56.75));
#5249=CARTESIAN_POINT('',(-6.94987058516123E-15,-24.5739145046165,56.75));
#5250=CARTESIAN_POINT('',(-22.1783816215666,-0.499999999999973,-52.2367867373957));
#5251=CARTESIAN_POINT('Origin',(0.,-0.499999999999973,0.));
#5252=CARTESIAN_POINT('',(-22.1783816215666,-1.,-52.2367867373957));
#5253=CARTESIAN_POINT('',(-22.1783816215666,-24.5739145046165,-52.2367867373957));
#5254=CARTESIAN_POINT('',(-20.3238779270418,-1.,-52.9858706261085));
#5255=CARTESIAN_POINT('Origin',(0.,-1.,0.));
#5256=CARTESIAN_POINT('',(-20.3238779270418,-24.5739145046165,-52.9858706261085));
#5257=CARTESIAN_POINT('',(23.0955165245756,-1.,51.8378203290132));
#5258=CARTESIAN_POINT('',(23.0955165245757,-24.5739145046165,51.8378203290132));
#5259=CARTESIAN_POINT('',(21.2545020890553,-1.,52.6194701697608));
#5260=CARTESIAN_POINT('Origin',(0.,-1.,0.));
#5261=CARTESIAN_POINT('',(21.2545020890553,-0.499999999999975,52.6194701697608));
#5262=CARTESIAN_POINT('',(21.2545020890553,-24.5739145046165,52.6194701697608));
#5263=CARTESIAN_POINT('Origin',(0.,-0.499999999999973,0.));
#5264=CARTESIAN_POINT('Origin',(-56.75,0.,0.));
#5265=CARTESIAN_POINT('',(-21.9870324123657,0.,-51.7748288813935));
#5266=CARTESIAN_POINT('',(21.0631528798544,0.,52.1575123137586));
#5267=CARTESIAN_POINT('Origin',(0.,0.,0.));
#5268=CARTESIAN_POINT('',(21.7336993109196,0.,53.7763546018371));
#5269=CARTESIAN_POINT('',(-22.6575788434309,0.,-53.3936711694721));
#5270=CARTESIAN_POINT('Origin',(0.,-0.499999999999973,0.));
#5271=CARTESIAN_POINT('',(21.0631528798544,0.,52.1575123137586));
#5272=CARTESIAN_POINT('',(-22.1783816215666,-0.499999999999973,-52.2367867373957));
#5273=CARTESIAN_POINT('Origin',(-56.75,0.,0.));
#5274=CARTESIAN_POINT('',(17.0758400257356,0.,37.3050356844151));
#5275=CARTESIAN_POINT('',(-14.3042014282018,0.,-38.4530859815104));
#5276=CARTESIAN_POINT('Origin',(-38.3816178594403,-1.2,0.));
#5277=CARTESIAN_POINT('Origin',(-33.5,-9.5,0.));
#5278=CARTESIAN_POINT('Origin',(-35.15,-17.5,0.));
#5279=CARTESIAN_POINT('Origin',(-16.1519604932244,-1.,-37.6877191167802));
#5280=CARTESIAN_POINT('',(-22.6575788434309,-1.,-53.3936711694721));
#5281=CARTESIAN_POINT('',(-14.3042014282018,-1.,-38.4530859815104));
#5282=CARTESIAN_POINT('Origin',(-22.6575788434309,-1.,-53.3936711694721));
#5283=CARTESIAN_POINT('Origin',(-14.3042014282018,-1.,-38.4530859815104));
#5284=CARTESIAN_POINT('Origin',(15.2280809607131,-1.,38.0704025491453));
#5285=CARTESIAN_POINT('',(17.0758400257356,-1.,37.3050356844151));
#5286=CARTESIAN_POINT('',(21.7336993109196,-1.,53.7763546018371));
#5287=CARTESIAN_POINT('Origin',(21.7336993109196,-1.,53.7763546018371));
#5288=CARTESIAN_POINT('Origin',(17.0758400257356,-1.,37.3050356844151));
#5289=CARTESIAN_POINT('',(0.,0.,0.));
#5290=CARTESIAN_POINT('Origin',(32.5622672736403,-17.5,32.5622672736407));
#5291=CARTESIAN_POINT('',(32.5622672736403,-17.1,28.3622672736407));
#5292=CARTESIAN_POINT('',(32.5622672736403,-17.1,36.7622672736407));
#5293=CARTESIAN_POINT('Origin',(32.5622672736403,-17.1,32.5622672736407));
#5294=CARTESIAN_POINT('Origin',(32.5622672736403,-17.1,32.5622672736407));
#5295=CARTESIAN_POINT('',(32.5622672736403,-17.5,37.1622672736407));
#5296=CARTESIAN_POINT('',(32.5622672736403,-17.5,37.1622672736407));
#5297=CARTESIAN_POINT('Origin',(32.5622672736403,-17.5,32.5622672736407));
#5298=CARTESIAN_POINT('Origin',(32.5622672736403,-0.399999999999977,32.5622672736407));
#5299=CARTESIAN_POINT('',(32.5622672736403,-0.399999999999977,28.3622672736407));
#5300=CARTESIAN_POINT('Origin',(32.5622672736403,-0.399999999999977,32.5622672736407));
#5301=CARTESIAN_POINT('',(32.5622672736403,2.77555756156289E-16,27.9622672736407));
#5302=CARTESIAN_POINT('',(32.5622672736403,-0.399999999999977,28.3622672736407));
#5303=CARTESIAN_POINT('Origin',(32.5622672736403,0.,32.5622672736407));
#5304=CARTESIAN_POINT('Origin',(-3.21565617558174E-13,-17.5,46.05));
#5305=CARTESIAN_POINT('',(-3.21051265902532E-13,-17.1,41.85));
#5306=CARTESIAN_POINT('',(-3.22079969213816E-13,-17.1,50.25));
#5307=CARTESIAN_POINT('Origin',(-3.21565617558174E-13,-17.1,46.05));
#5308=CARTESIAN_POINT('Origin',(-3.21565617558174E-13,-17.1,46.05));
#5309=CARTESIAN_POINT('',(-3.22128955085782E-13,-17.5,50.65));
#5310=CARTESIAN_POINT('',(-3.22128955085782E-13,-17.5,50.65));
#5311=CARTESIAN_POINT('Origin',(-3.21565617558174E-13,-17.5,46.05));
#5312=CARTESIAN_POINT('Origin',(-3.21565617558174E-13,-0.399999999999977,
46.05));
#5313=CARTESIAN_POINT('',(-3.22079969213816E-13,-0.399999999999978,41.85));
#5314=CARTESIAN_POINT('Origin',(-3.21565617558174E-13,-0.399999999999977,
46.05));
#5315=CARTESIAN_POINT('',(-3.22128955085782E-13,3.12250225675825E-15,41.45));
#5316=CARTESIAN_POINT('',(-3.22079969213816E-13,-0.399999999999977,41.85));
#5317=CARTESIAN_POINT('Origin',(-3.21565617558174E-13,0.,46.05));
#5318=CARTESIAN_POINT('Origin',(-32.5622672736408,-17.5,32.5622672736402));
#5319=CARTESIAN_POINT('',(-32.5622672736408,-17.1,28.3622672736402));
#5320=CARTESIAN_POINT('',(-32.5622672736408,-17.1,36.7622672736402));
#5321=CARTESIAN_POINT('Origin',(-32.5622672736408,-17.1,32.5622672736402));
#5322=CARTESIAN_POINT('Origin',(-32.5622672736408,-17.1,32.5622672736402));
#5323=CARTESIAN_POINT('',(-32.5622672736408,-17.5,37.1622672736402));
#5324=CARTESIAN_POINT('',(-32.5622672736408,-17.5,37.1622672736402));
#5325=CARTESIAN_POINT('Origin',(-32.5622672736408,-17.5,32.5622672736402));
#5326=CARTESIAN_POINT('Origin',(-32.5622672736408,-0.400000000000018,32.5622672736402));
#5327=CARTESIAN_POINT('',(-32.5622672736408,-0.400000000000019,28.3622672736402));
#5328=CARTESIAN_POINT('Origin',(-32.5622672736408,-0.400000000000018,32.5622672736402));
#5329=CARTESIAN_POINT('',(-32.5622672736408,9.0205620750794E-16,27.9622672736402));
#5330=CARTESIAN_POINT('',(-32.5622672736408,-0.400000000000018,28.3622672736402));
#5331=CARTESIAN_POINT('Origin',(-32.5622672736408,0.,32.5622672736402));
#5332=CARTESIAN_POINT('Origin',(-46.05,-17.5,-4.82348426337261E-13));
#5333=CARTESIAN_POINT('',(-46.05,-17.1,-4.20000000000048));
#5334=CARTESIAN_POINT('',(-46.05,-17.1,4.19999999999952));
#5335=CARTESIAN_POINT('Origin',(-46.05,-17.1,-4.82348426337261E-13));
#5336=CARTESIAN_POINT('Origin',(-46.05,-17.1,-4.82348426337261E-13));
#5337=CARTESIAN_POINT('',(-46.05,-17.5,4.59999999999955));
#5338=CARTESIAN_POINT('',(-46.05,-17.5,4.59999999999955));
#5339=CARTESIAN_POINT('Origin',(-46.05,-17.5,-4.82348426337261E-13));
#5340=CARTESIAN_POINT('Origin',(-46.05,-0.399999999999977,-4.82348426337261E-13));
#5341=CARTESIAN_POINT('',(-46.05,-0.399999999999977,-4.20000000000048));
#5342=CARTESIAN_POINT('Origin',(-46.05,-0.399999999999977,-4.82348426337261E-13));
#5343=CARTESIAN_POINT('',(-46.05,3.12250225675825E-15,-4.60000000000046));
#5344=CARTESIAN_POINT('',(-46.05,-0.399999999999977,-4.20000000000048));
#5345=CARTESIAN_POINT('Origin',(-46.05,0.,-4.82348426337261E-13));
#5346=CARTESIAN_POINT('Origin',(-32.5622672736401,-17.5,-32.5622672736409));
#5347=CARTESIAN_POINT('',(-32.5622672736401,-17.1,-36.7622672736409));
#5348=CARTESIAN_POINT('',(-32.5622672736401,-17.1,-28.3622672736409));
#5349=CARTESIAN_POINT('Origin',(-32.5622672736401,-17.1,-32.5622672736409));
#5350=CARTESIAN_POINT('Origin',(-32.5622672736401,-17.1,-32.5622672736409));
#5351=CARTESIAN_POINT('',(-32.5622672736401,-17.5,-27.9622672736409));
#5352=CARTESIAN_POINT('',(-32.5622672736401,-17.5,-27.9622672736409));
#5353=CARTESIAN_POINT('Origin',(-32.5622672736401,-17.5,-32.5622672736409));
#5354=CARTESIAN_POINT('Origin',(-32.5622672736401,-0.399999999999977,-32.5622672736409));
#5355=CARTESIAN_POINT('',(-32.5622672736401,-0.399999999999977,-36.7622672736409));
#5356=CARTESIAN_POINT('Origin',(-32.5622672736401,-0.399999999999977,-32.5622672736409));
#5357=CARTESIAN_POINT('',(-32.5622672736401,-1.38777878078145E-16,-37.1622672736409));
#5358=CARTESIAN_POINT('',(-32.5622672736401,-0.399999999999977,-36.7622672736409));
#5359=CARTESIAN_POINT('Origin',(-32.5622672736401,0.,-32.5622672736409));
#5360=CARTESIAN_POINT('Origin',(0.,-17.5,-46.05));
#5361=CARTESIAN_POINT('',(5.14351655641889E-16,-17.1,-50.25));
#5362=CARTESIAN_POINT('',(-5.14351655641889E-16,-17.1,-41.85));
#5363=CARTESIAN_POINT('Origin',(0.,-17.1,-46.05));
#5364=CARTESIAN_POINT('Origin',(0.,-17.1,-46.05));
#5365=CARTESIAN_POINT('',(-5.63337527607787E-16,-17.5,-41.45));
#5366=CARTESIAN_POINT('',(-5.63337527607787E-16,-17.5,-41.45));
#5367=CARTESIAN_POINT('Origin',(0.,-17.5,-46.05));
#5368=CARTESIAN_POINT('Origin',(0.,-0.399999999999977,-46.05));
#5369=CARTESIAN_POINT('',(-5.14351655641888E-16,-0.399999999999978,-50.25));
#5370=CARTESIAN_POINT('Origin',(0.,-0.399999999999977,-46.05));
#5371=CARTESIAN_POINT('',(-5.6333752760778E-16,3.12250225675825E-15,-50.65));
#5372=CARTESIAN_POINT('',(-5.14351655641889E-16,-0.399999999999977,-50.25));
#5373=CARTESIAN_POINT('Origin',(0.,0.,-46.05));
#5374=CARTESIAN_POINT('Origin',(32.5622672736406,-17.5,-32.5622672736405));
#5375=CARTESIAN_POINT('',(32.5622672736406,-17.1,-36.7622672736405));
#5376=CARTESIAN_POINT('',(32.5622672736406,-17.1,-28.3622672736404));
#5377=CARTESIAN_POINT('Origin',(32.5622672736406,-17.1,-32.5622672736405));
#5378=CARTESIAN_POINT('Origin',(32.5622672736406,-17.1,-32.5622672736405));
#5379=CARTESIAN_POINT('',(32.5622672736406,-17.5,-27.9622672736404));
#5380=CARTESIAN_POINT('',(32.5622672736406,-17.5,-27.9622672736404));
#5381=CARTESIAN_POINT('Origin',(32.5622672736406,-17.5,-32.5622672736405));
#5382=CARTESIAN_POINT('Origin',(32.5622672736406,-0.399999999999991,-32.5622672736405));
#5383=CARTESIAN_POINT('',(32.5622672736406,-0.399999999999991,-36.7622672736405));
#5384=CARTESIAN_POINT('Origin',(32.5622672736406,-0.399999999999991,-32.5622672736405));
#5385=CARTESIAN_POINT('',(32.5622672736406,1.45716771982052E-15,-37.1622672736405));
#5386=CARTESIAN_POINT('',(32.5622672736406,-0.399999999999991,-36.7622672736405));
#5387=CARTESIAN_POINT('Origin',(32.5622672736406,0.,-32.5622672736405));
#5388=CARTESIAN_POINT('Origin',(46.05,-17.5,1.60782808779087E-13));
#5389=CARTESIAN_POINT('',(46.05,-17.1,-4.19999999999984));
#5390=CARTESIAN_POINT('',(46.05,-17.1,4.20000000000016));
#5391=CARTESIAN_POINT('Origin',(46.05,-17.1,1.60782808779087E-13));
#5392=CARTESIAN_POINT('Origin',(46.05,-17.1,1.60782808779087E-13));
#5393=CARTESIAN_POINT('',(46.05,-17.5,4.6000000000002));
#5394=CARTESIAN_POINT('',(46.05,-17.5,4.6000000000002));
#5395=CARTESIAN_POINT('Origin',(46.05,-17.5,1.60782808779087E-13));
#5396=CARTESIAN_POINT('Origin',(46.05,-0.399999999999977,1.60782808779087E-13));
#5397=CARTESIAN_POINT('',(46.05,-0.399999999999977,-4.19999999999984));
#5398=CARTESIAN_POINT('Origin',(46.05,-0.399999999999977,1.60782808779087E-13));
#5399=CARTESIAN_POINT('',(46.05,3.12250225675825E-15,-4.59999999999982));
#5400=CARTESIAN_POINT('',(46.05,-0.399999999999977,-4.19999999999984));
#5401=CARTESIAN_POINT('Origin',(46.05,0.,1.60782808779087E-13));
#5402=CARTESIAN_POINT('Origin',(0.,-1.2,0.));
#5403=CARTESIAN_POINT('',(4.10256677714363E-15,-1.7,33.5));
#5404=CARTESIAN_POINT('',(-4.10256677714363E-15,-1.7,-33.5));
#5405=CARTESIAN_POINT('Origin',(0.,-1.7,0.));
#5406=CARTESIAN_POINT('Origin',(0.,-1.7,0.));
#5407=CARTESIAN_POINT('',(-4.163799117101E-15,-1.2,-34.));
#5408=CARTESIAN_POINT('',(-4.163799117101E-15,-1.2,-34.));
#5409=CARTESIAN_POINT('Origin',(0.,-1.2,0.));
#5410=CARTESIAN_POINT('Origin',(0.,-17.,0.));
#5411=CARTESIAN_POINT('',(-4.30463349900295E-15,-17.,35.15));
#5412=CARTESIAN_POINT('Origin',(0.,-17.,0.));
#5413=CARTESIAN_POINT('',(-4.36586583896031E-15,-17.5,35.65));
#5414=CARTESIAN_POINT('',(-4.30463349900295E-15,-17.,35.15));
#5415=CARTESIAN_POINT('Origin',(0.,-17.5,0.));
#5416=CARTESIAN_POINT('Origin',(0.,-17.5,0.));
#5417=CARTESIAN_POINT('',(6.94987058516123E-15,-17.,56.75));
#5418=CARTESIAN_POINT('',(-6.94987058516123E-15,-17.,-56.75));
#5419=CARTESIAN_POINT('Origin',(0.,-17.,0.));
#5420=CARTESIAN_POINT('Origin',(0.,-17.,0.));
#5421=CARTESIAN_POINT('',(-6.88863824520386E-15,-17.5,-56.25));
#5422=CARTESIAN_POINT('',(-6.88863824520386E-15,-17.5,-56.25));
#5423=CARTESIAN_POINT('Origin',(0.,-17.5,0.));
#5424=CARTESIAN_POINT('Origin',(0.,-0.499999999999973,0.));
#5425=CARTESIAN_POINT('',(22.9041073395198,0.,51.3757176784885));
#5426=CARTESIAN_POINT('',(-20.1324687419859,0.,-52.5237679755838));
#5427=CARTESIAN_POINT('Origin',(0.,0.,0.));
#5428=CARTESIAN_POINT('',(23.0955165245757,-0.499999999999973,51.8378203290132));
#5429=CARTESIAN_POINT('',(23.0955165245757,-0.499999999999973,51.8378203290132));
#5430=CARTESIAN_POINT('',(-20.3238779270418,-0.499999999999975,-52.9858706261085));
#5431=CARTESIAN_POINT('Origin',(0.,-0.499999999999973,0.));
#5432=CARTESIAN_POINT('',(-20.1324687419859,0.,-52.5237679755838));
#5433=CARTESIAN_POINT('Origin',(-32.5622672736401,-17.5,-32.5622672736409));
#5434=CARTESIAN_POINT('',(-32.5622672736401,-17.5,-36.7622672736409));
#5435=CARTESIAN_POINT('Origin',(-46.05,-17.5,-4.82348426337261E-13));
#5436=CARTESIAN_POINT('',(-46.05,-17.5,-4.20000000000048));
#5437=CARTESIAN_POINT('Origin',(-32.5622672736408,-17.5,32.5622672736402));
#5438=CARTESIAN_POINT('',(-32.5622672736408,-17.5,28.3622672736402));
#5439=CARTESIAN_POINT('Origin',(-3.21565617558174E-13,-17.5,46.05));
#5440=CARTESIAN_POINT('',(-3.22079969213816E-13,-17.5,41.85));
#5441=CARTESIAN_POINT('Origin',(32.5622672736403,-17.5,32.5622672736407));
#5442=CARTESIAN_POINT('',(32.5622672736403,-17.5,28.3622672736407));
#5443=CARTESIAN_POINT('Origin',(46.05,-17.5,1.60782808779087E-13));
#5444=CARTESIAN_POINT('',(46.05,-17.5,-4.19999999999984));
#5445=CARTESIAN_POINT('Origin',(32.5622672736406,-17.5,-32.5622672736405));
#5446=CARTESIAN_POINT('',(32.5622672736406,-17.5,-36.7622672736405));
#5447=CARTESIAN_POINT('Origin',(0.,-17.5,-46.05));
#5448=CARTESIAN_POINT('',(-5.14351655641889E-16,-17.5,-50.25));
#5449=CARTESIAN_POINT('Origin',(0.,-24.5739145046165,0.));
#5450=CARTESIAN_POINT('',(-4.30463349900295E-15,-9.5,35.15));
#5451=CARTESIAN_POINT('Origin',(0.,-9.5,0.));
#5452=CARTESIAN_POINT('',(-4.30463349900295E-15,-24.5739145046165,35.15));
#5453=CARTESIAN_POINT('Origin',(0.,-24.5739145046165,0.));
#5454=CARTESIAN_POINT('',(-4.10256677714363E-15,-9.5,33.5));
#5455=CARTESIAN_POINT('',(-4.10256677714363E-15,-24.5739145046165,33.5));
#5456=CARTESIAN_POINT('Origin',(0.,-9.5,0.));
#5457=CARTESIAN_POINT('Origin',(0.,-1.2,0.));
#5458=CARTESIAN_POINT('',(-4.70039254576604E-15,-1.2,-38.3816178594403));
#5459=CARTESIAN_POINT('Origin',(0.,-1.2,0.));
#5460=CARTESIAN_POINT('',(-4.72713664470878E-15,-0.599999999999999,-38.6));
#5461=CARTESIAN_POINT('',(-4.70039254576604E-15,-1.2,-38.3816178594403));
#5462=CARTESIAN_POINT('',(4.89093315409474E-15,-0.6,38.6));
#5463=CARTESIAN_POINT('Origin',(0.,-0.6,0.));
#5464=CARTESIAN_POINT('Origin',(0.,-0.6,0.));
#5465=CARTESIAN_POINT('Origin',(0.,-0.6,0.));
#5466=CARTESIAN_POINT('',(-5.0547296634807E-15,-1.57362037666211,41.275));
#5467=CARTESIAN_POINT('Origin',(0.,-1.57362037666211,0.));
#5468=CARTESIAN_POINT('',(-4.72713664470878E-15,-0.6,38.6));
#5469=CARTESIAN_POINT('Origin',(0.,-24.5739145046165,0.));
#5470=CARTESIAN_POINT('',(-14.3990054265349,0.,-38.6819630800534));
#5471=CARTESIAN_POINT('',(17.1706440240688,0.,37.5339127829582));
#5472=CARTESIAN_POINT('Origin',(0.,0.,0.));
#5473=CARTESIAN_POINT('',(-14.3990054265349,-1.,-38.6819630800534));
#5474=CARTESIAN_POINT('',(-14.3990054265349,-24.5739145046165,-38.6819630800534));
#5475=CARTESIAN_POINT('',(-16.2560394502298,-1.,-37.9389879463405));
#5476=CARTESIAN_POINT('Origin',(0.,-1.,0.));
#5477=CARTESIAN_POINT('',(-16.2560394502298,0.,-37.9389879463405));
#5478=CARTESIAN_POINT('',(-16.2560394502298,-24.5739145046165,-37.9389879463405));
#5479=CARTESIAN_POINT('',(-5.0547296634807E-15,0.,41.275));
#5480=CARTESIAN_POINT('Origin',(0.,0.,0.));
#5481=CARTESIAN_POINT('',(-5.0547296634807E-15,-24.5739145046165,41.275));
#5482=CARTESIAN_POINT('',(15.3321599177186,0.,38.3216713787056));
#5483=CARTESIAN_POINT('Origin',(0.,0.,0.));
#5484=CARTESIAN_POINT('',(15.3321599177186,-1.,38.3216713787056));
#5485=CARTESIAN_POINT('',(15.3321599177186,-24.5739145046165,38.3216713787056));
#5486=CARTESIAN_POINT('',(17.1706440240688,-1.,37.5339127829582));
#5487=CARTESIAN_POINT('Origin',(0.,-1.,0.));
#5488=CARTESIAN_POINT('',(17.1706440240688,-24.5739145046165,37.5339127829582));
#5489=CARTESIAN_POINT('Origin',(0.,-24.5739145046165,0.));
#5490=CARTESIAN_POINT('',(-6.94987058516123E-15,-0.499999999999972,56.75));
#5491=CARTESIAN_POINT('',(-6.94987058516123E-15,-24.5739145046165,56.75));
#5492=CARTESIAN_POINT('',(-22.1783816215666,-0.499999999999973,-52.2367867373957));
#5493=CARTESIAN_POINT('Origin',(0.,-0.499999999999973,0.));
#5494=CARTESIAN_POINT('',(-22.1783816215666,-1.,-52.2367867373957));
#5495=CARTESIAN_POINT('',(-22.1783816215666,-24.5739145046165,-52.2367867373957));
#5496=CARTESIAN_POINT('',(-20.3238779270418,-1.,-52.9858706261085));
#5497=CARTESIAN_POINT('Origin',(0.,-1.,0.));
#5498=CARTESIAN_POINT('',(-20.3238779270418,-24.5739145046165,-52.9858706261085));
#5499=CARTESIAN_POINT('',(23.0955165245756,-1.,51.8378203290132));
#5500=CARTESIAN_POINT('',(23.0955165245757,-24.5739145046165,51.8378203290132));
#5501=CARTESIAN_POINT('',(21.2545020890553,-1.,52.6194701697608));
#5502=CARTESIAN_POINT('Origin',(0.,-1.,0.));
#5503=CARTESIAN_POINT('',(21.2545020890553,-0.499999999999975,52.6194701697608));
#5504=CARTESIAN_POINT('',(21.2545020890553,-24.5739145046165,52.6194701697608));
#5505=CARTESIAN_POINT('Origin',(0.,-0.499999999999973,0.));
#5506=CARTESIAN_POINT('Origin',(-56.75,0.,0.));
#5507=CARTESIAN_POINT('',(-21.9870324123657,0.,-51.7748288813935));
#5508=CARTESIAN_POINT('',(21.0631528798544,0.,52.1575123137586));
#5509=CARTESIAN_POINT('Origin',(0.,0.,0.));
#5510=CARTESIAN_POINT('',(21.7336993109196,0.,53.7763546018371));
#5511=CARTESIAN_POINT('',(-22.6575788434309,0.,-53.3936711694721));
#5512=CARTESIAN_POINT('Origin',(0.,-0.499999999999973,0.));
#5513=CARTESIAN_POINT('',(21.0631528798544,0.,52.1575123137586));
#5514=CARTESIAN_POINT('',(-22.1783816215666,-0.499999999999973,-52.2367867373957));
#5515=CARTESIAN_POINT('Origin',(-56.75,0.,0.));
#5516=CARTESIAN_POINT('',(17.0758400257356,0.,37.3050356844151));
#5517=CARTESIAN_POINT('',(-14.3042014282018,0.,-38.4530859815104));
#5518=CARTESIAN_POINT('Origin',(-38.3816178594403,-1.2,0.));
#5519=CARTESIAN_POINT('Origin',(-33.5,-9.5,0.));
#5520=CARTESIAN_POINT('Origin',(-35.15,-17.5,0.));
#5521=CARTESIAN_POINT('Origin',(-16.1519604932244,-1.,-37.6877191167802));
#5522=CARTESIAN_POINT('',(-22.6575788434309,-1.,-53.3936711694721));
#5523=CARTESIAN_POINT('',(-14.3042014282018,-1.,-38.4530859815104));
#5524=CARTESIAN_POINT('Origin',(-22.6575788434309,-1.,-53.3936711694721));
#5525=CARTESIAN_POINT('Origin',(-14.3042014282018,-1.,-38.4530859815104));
#5526=CARTESIAN_POINT('Origin',(15.2280809607131,-1.,38.0704025491453));
#5527=CARTESIAN_POINT('',(17.0758400257356,-1.,37.3050356844151));
#5528=CARTESIAN_POINT('',(21.7336993109196,-1.,53.7763546018371));
#5529=CARTESIAN_POINT('Origin',(21.7336993109196,-1.,53.7763546018371));
#5530=CARTESIAN_POINT('Origin',(17.0758400257356,-1.,37.3050356844151));
#5531=CARTESIAN_POINT('',(0.,0.,0.));
#5532=CARTESIAN_POINT('',(-57.5,-34.5,0.));
#5533=CARTESIAN_POINT('',(57.5,-34.5,0.));
#5534=UNCERTAINTY_MEASURE_WITH_UNIT(LENGTH_MEASURE(0.01),#5544,
'DISTANCE_ACCURACY_VALUE',
'Maximum model space distance between geometric entities at asserted c
onnectivities');
#5535=UNCERTAINTY_MEASURE_WITH_UNIT(LENGTH_MEASURE(0.01),#5544,
'DISTANCE_ACCURACY_VALUE',
'Maximum model space distance between geometric entities at asserted c
onnectivities');
#5536=UNCERTAINTY_MEASURE_WITH_UNIT(LENGTH_MEASURE(0.01),#5544,
'DISTANCE_ACCURACY_VALUE',
'Maximum model space distance between geometric entities at asserted c
onnectivities');
#5537=UNCERTAINTY_MEASURE_WITH_UNIT(LENGTH_MEASURE(0.01),#5544,
'DISTANCE_ACCURACY_VALUE',
'Maximum model space distance between geometric entities at asserted c
onnectivities');
#5538=UNCERTAINTY_MEASURE_WITH_UNIT(LENGTH_MEASURE(0.01),#5544,
'DISTANCE_ACCURACY_VALUE',
'Maximum model space distance between geometric entities at asserted c
onnectivities');
#5539=(
GEOMETRIC_REPRESENTATION_CONTEXT(3)
GLOBAL_UNCERTAINTY_ASSIGNED_CONTEXT((#5534))
GLOBAL_UNIT_ASSIGNED_CONTEXT((#5544,#5546,#5547))
REPRESENTATION_CONTEXT('','3D')
);
#5540=(
GEOMETRIC_REPRESENTATION_CONTEXT(3)
GLOBAL_UNCERTAINTY_ASSIGNED_CONTEXT((#5535))
GLOBAL_UNIT_ASSIGNED_CONTEXT((#5544,#5546,#5547))
REPRESENTATION_CONTEXT('','3D')
);
#5541=(
GEOMETRIC_REPRESENTATION_CONTEXT(3)
GLOBAL_UNCERTAINTY_ASSIGNED_CONTEXT((#5536))
GLOBAL_UNIT_ASSIGNED_CONTEXT((#5544,#5546,#5547))
REPRESENTATION_CONTEXT('','3D')
);
#5542=(
GEOMETRIC_REPRESENTATION_CONTEXT(3)
GLOBAL_UNCERTAINTY_ASSIGNED_CONTEXT((#5537))
GLOBAL_UNIT_ASSIGNED_CONTEXT((#5544,#5546,#5547))
REPRESENTATION_CONTEXT('','3D')
);
#5543=(
GEOMETRIC_REPRESENTATION_CONTEXT(3)
GLOBAL_UNCERTAINTY_ASSIGNED_CONTEXT((#5538))
GLOBAL_UNIT_ASSIGNED_CONTEXT((#5544,#5546,#5547))
REPRESENTATION_CONTEXT('','3D')
);
#5544=(
LENGTH_UNIT()
NAMED_UNIT(*)
SI_UNIT(.MILLI.,.METRE.)
);
#5545=(
LENGTH_UNIT()
NAMED_UNIT(*)
SI_UNIT($,.METRE.)
);
#5546=(
NAMED_UNIT(*)
PLANE_ANGLE_UNIT()
SI_UNIT($,.RADIAN.)
);
#5547=(
NAMED_UNIT(*)
SI_UNIT($,.STERADIAN.)
SOLID_ANGLE_UNIT()
);
#5548=SHAPE_DEFINITION_REPRESENTATION(#5552,#5559);
#5549=SHAPE_DEFINITION_REPRESENTATION(#5553,#5560);
#5550=SHAPE_DEFINITION_REPRESENTATION(#5554,#5561);
#5551=SHAPE_DEFINITION_REPRESENTATION(#5555,#5562);
#5552=PRODUCT_DEFINITION_SHAPE('',$,#5564);
#5553=PRODUCT_DEFINITION_SHAPE('',$,#5565);
#5554=PRODUCT_DEFINITION_SHAPE('',$,#5566);
#5555=PRODUCT_DEFINITION_SHAPE('',$,#5567);
#5556=PRODUCT_DEFINITION_SHAPE($,$,#20);
#5557=PRODUCT_DEFINITION_SHAPE($,$,#21);
#5558=PRODUCT_DEFINITION_SHAPE($,$,#22);
#5559=SHAPE_REPRESENTATION('',(#3152,#3585,#3586,#3587),#5539);
#5560=SHAPE_REPRESENTATION('',(#3153),#5540);
#5561=SHAPE_REPRESENTATION('',(#3359),#5541);
#5562=SHAPE_REPRESENTATION('',(#3472),#5542);
#5563=PRODUCT_DEFINITION_CONTEXT('part definition',#5577,'design');
#5564=PRODUCT_DEFINITION('D1000 NEG Flange','D1000 NEG Flange v7',#5568,
#5563);
#5565=PRODUCT_DEFINITION('Hositrad_CF200-B v1','Hositrad_CF200-B v1',#5569,
#5563);
#5566=PRODUCT_DEFINITION('Hositrad_CF63-70-Weldflange v1',
'Hositrad_CF63-70-Weldflange v1',#5570,#5563);
#5567=PRODUCT_DEFINITION('Hositrad_CF63-70-Weldflange v1 (1)',
'Hositrad_CF63-70-Weldflange v1 (1)',#5571,#5563);
#5568=PRODUCT_DEFINITION_FORMATION('',$,#5579);
#5569=PRODUCT_DEFINITION_FORMATION('',$,#5580);
#5570=PRODUCT_DEFINITION_FORMATION('',$,#5581);
#5571=PRODUCT_DEFINITION_FORMATION('',$,#5582);
#5572=PRODUCT_RELATED_PRODUCT_CATEGORY('D1000 NEG Flange v7',
'D1000 NEG Flange v7',(#5579));
#5573=PRODUCT_RELATED_PRODUCT_CATEGORY('Hositrad_CF200-B v1',
'Hositrad_CF200-B v1',(#5580));
#5574=PRODUCT_RELATED_PRODUCT_CATEGORY('Hositrad_CF63-70-Weldflange v1',
'Hositrad_CF63-70-Weldflange v1',(#5581));
#5575=PRODUCT_RELATED_PRODUCT_CATEGORY(
'Hositrad_CF63-70-Weldflange v1 (1)',
'Hositrad_CF63-70-Weldflange v1 (1)',(#5582));
#5576=APPLICATION_PROTOCOL_DEFINITION('international standard',
'automotive_design',2009,#5577);
#5577=APPLICATION_CONTEXT(
'Core Data for Automotive Mechanical Design Process');
#5578=PRODUCT_CONTEXT('part definition',#5577,'mechanical');
#5579=PRODUCT('D1000 NEG Flange','D1000 NEG Flange v7',$,(#5578));
#5580=PRODUCT('Hositrad_CF200-B v1','Hositrad_CF200-B v1',$,(#5578));
#5581=PRODUCT('Hositrad_CF63-70-Weldflange v1',
'Hositrad_CF63-70-Weldflange v1',$,(#5578));
#5582=PRODUCT('Hositrad_CF63-70-Weldflange v1 (1)',
'Hositrad_CF63-70-Weldflange v1 (1)',$,(#5578));
#5583=PRESENTATION_STYLE_ASSIGNMENT((#5585));
#5584=PRESENTATION_STYLE_ASSIGNMENT((#5586));
#5585=SURFACE_STYLE_USAGE(.BOTH.,#5587);
#5586=SURFACE_STYLE_USAGE(.BOTH.,#5588);
#5587=SURFACE_SIDE_STYLE('',(#5589));
#5588=SURFACE_SIDE_STYLE('',(#5590));
#5589=SURFACE_STYLE_FILL_AREA(#5591);
#5590=SURFACE_STYLE_FILL_AREA(#5592);
#5591=FILL_AREA_STYLE('Steel - Satin',(#5593));
#5592=FILL_AREA_STYLE('Opaque(165,158,150)',(#5594));
#5593=FILL_AREA_STYLE_COLOUR('Steel - Satin',#5595);
#5594=FILL_AREA_STYLE_COLOUR('Opaque(165,158,150)',#5596);
#5595=COLOUR_RGB('Steel - Satin',0.627450980392157,0.627450980392157,0.627450980392157);
#5596=COLOUR_RGB('Opaque(165,158,150)',0.647058823529412,0.619607843137255,
0.588235294117647);
ENDSEC;
END-ISO-10303-21;
