ISO-10303-21;
HEADER;
/* Generated by software containing ST-Developer
 * from STEP Tools, Inc. (www.steptools.com) 
 */

FILE_DESCRIPTION(
/* description */ (''),
/* implementation_level */ '2;1');

FILE_NAME(
/* name */ 'MC lid NEG Laser v12.step',
/* time_stamp */ '2024-06-14T13:37:59+02:00',
/* author */ (''),
/* organization */ (''),
/* preprocessor_version */ 'ST-DEVELOPER v20',
/* originating_system */ 'Autodesk Translation Framework v13.14.0.145',

/* authorisation */ '');

FILE_SCHEMA (('AUTOMOTIVE_DESIGN { 1 0 10303 214 3 1 1 }'));
ENDSEC;

DATA;
#10=MECHANICAL_DESIGN_GEOMETRIC_PRESENTATION_REPRESENTATION('',(#274,#275,
#276,#277,#278,#279,#280,#281,#282,#283,#284,#285,#286,#287,#288,#289,#290,
#291,#292,#293,#294,#295,#296,#297,#298),#13902);
#11=ITEM_DEFINED_TRANSFORMATION($,$,#7915,#8982);
#12=ITEM_DEFINED_TRANSFORMATION($,$,#8277,#8983);
#13=ITEM_DEFINED_TRANSFORMATION($,$,#8454,#8984);
#14=ITEM_DEFINED_TRANSFORMATION($,$,#8463,#8985);
#15=ITEM_DEFINED_TRANSFORMATION($,$,#8554,#8986);
#16=ITEM_DEFINED_TRANSFORMATION($,$,#8634,#8987);
#17=ITEM_DEFINED_TRANSFORMATION($,$,#8714,#8988);
#18=ITEM_DEFINED_TRANSFORMATION($,$,#8794,#8989);
#19=ITEM_DEFINED_TRANSFORMATION($,$,#8874,#8990);
#20=(
REPRESENTATION_RELATIONSHIP($,$,#13937,#13936)
REPRESENTATION_RELATIONSHIP_WITH_TRANSFORMATION(#11)
SHAPE_REPRESENTATION_RELATIONSHIP()
);
#21=(
REPRESENTATION_RELATIONSHIP($,$,#13938,#13936)
REPRESENTATION_RELATIONSHIP_WITH_TRANSFORMATION(#12)
SHAPE_REPRESENTATION_RELATIONSHIP()
);
#22=(
REPRESENTATION_RELATIONSHIP($,$,#13939,#13936)
REPRESENTATION_RELATIONSHIP_WITH_TRANSFORMATION(#13)
SHAPE_REPRESENTATION_RELATIONSHIP()
);
#23=(
REPRESENTATION_RELATIONSHIP($,$,#13940,#13936)
REPRESENTATION_RELATIONSHIP_WITH_TRANSFORMATION(#14)
SHAPE_REPRESENTATION_RELATIONSHIP()
);
#24=(
REPRESENTATION_RELATIONSHIP($,$,#13941,#13936)
REPRESENTATION_RELATIONSHIP_WITH_TRANSFORMATION(#15)
SHAPE_REPRESENTATION_RELATIONSHIP()
);
#25=(
REPRESENTATION_RELATIONSHIP($,$,#13942,#13936)
REPRESENTATION_RELATIONSHIP_WITH_TRANSFORMATION(#16)
SHAPE_REPRESENTATION_RELATIONSHIP()
);
#26=(
REPRESENTATION_RELATIONSHIP($,$,#13943,#13936)
REPRESENTATION_RELATIONSHIP_WITH_TRANSFORMATION(#17)
SHAPE_REPRESENTATION_RELATIONSHIP()
);
#27=(
REPRESENTATION_RELATIONSHIP($,$,#13944,#13936)
REPRESENTATION_RELATIONSHIP_WITH_TRANSFORMATION(#18)
SHAPE_REPRESENTATION_RELATIONSHIP()
);
#28=(
REPRESENTATION_RELATIONSHIP($,$,#13945,#13936)
REPRESENTATION_RELATIONSHIP_WITH_TRANSFORMATION(#19)
SHAPE_REPRESENTATION_RELATIONSHIP()
);
#29=CONTEXT_DEPENDENT_SHAPE_REPRESENTATION(#20,#13927);
#30=CONTEXT_DEPENDENT_SHAPE_REPRESENTATION(#21,#13928);
#31=CONTEXT_DEPENDENT_SHAPE_REPRESENTATION(#22,#13929);
#32=CONTEXT_DEPENDENT_SHAPE_REPRESENTATION(#23,#13930);
#33=CONTEXT_DEPENDENT_SHAPE_REPRESENTATION(#24,#13931);
#34=CONTEXT_DEPENDENT_SHAPE_REPRESENTATION(#25,#13932);
#35=CONTEXT_DEPENDENT_SHAPE_REPRESENTATION(#26,#13933);
#36=CONTEXT_DEPENDENT_SHAPE_REPRESENTATION(#27,#13934);
#37=CONTEXT_DEPENDENT_SHAPE_REPRESENTATION(#28,#13935);
#38=NEXT_ASSEMBLY_USAGE_OCCURRENCE('CF200:1','CF200:1','CF200:1',#13947,
#13948,'CF200:1');
#39=NEXT_ASSEMBLY_USAGE_OCCURRENCE('CF100-102-WeldflangE:1',
'CF100-102-WeldflangE:1','CF100-102-WeldflangE:1',#13947,#13949,
'CF100-102-WeldflangE:1');
#40=NEXT_ASSEMBLY_USAGE_OCCURRENCE('cf63:1','cf63:1','cf63:1',#13947,#13950,
'cf63:1');
#41=NEXT_ASSEMBLY_USAGE_OCCURRENCE('CF40:3','CF40:3','CF40:3',#13947,#13951,
'CF40:3');
#42=NEXT_ASSEMBLY_USAGE_OCCURRENCE('CF16:1','CF16:1','CF16:1',#13947,#13952,
'CF16:1');
#43=NEXT_ASSEMBLY_USAGE_OCCURRENCE('CF16 (1):2','CF16 (1):2',
'CF16 (1):2',#13947,#13953,'CF16 (1):2');
#44=NEXT_ASSEMBLY_USAGE_OCCURRENCE('CF16 (2):3','CF16 (2):3',
'CF16 (2):3',#13947,#13954,'CF16 (2):3');
#45=NEXT_ASSEMBLY_USAGE_OCCURRENCE('CF16 (3):4','CF16 (3):4',
'CF16 (3):4',#13947,#13955,'CF16 (3):4');
#46=NEXT_ASSEMBLY_USAGE_OCCURRENCE('CF63:1','CF63:1','CF63:1',#13947,#13956,
'CF63:1');
#47=TOROIDAL_SURFACE('',#8304,60.15,0.2);
#48=TOROIDAL_SURFACE('',#8514,23.975,0.2);
#49=SHAPE_REPRESENTATION_RELATIONSHIP('SRR','None',#13937,#58);
#50=SHAPE_REPRESENTATION_RELATIONSHIP('SRR','None',#13938,#59);
#51=SHAPE_REPRESENTATION_RELATIONSHIP('SRR','None',#13939,#60);
#52=SHAPE_REPRESENTATION_RELATIONSHIP('SRR','None',#13940,#61);
#53=SHAPE_REPRESENTATION_RELATIONSHIP('SRR','None',#13941,#62);
#54=SHAPE_REPRESENTATION_RELATIONSHIP('SRR','None',#13942,#63);
#55=SHAPE_REPRESENTATION_RELATIONSHIP('SRR','None',#13943,#64);
#56=SHAPE_REPRESENTATION_RELATIONSHIP('SRR','None',#13944,#65);
#57=SHAPE_REPRESENTATION_RELATIONSHIP('SRR','None',#13945,#66);
#58=ADVANCED_BREP_SHAPE_REPRESENTATION('',(#299,#300),#13893);
#59=ADVANCED_BREP_SHAPE_REPRESENTATION('',(#301),#13894);
#60=ADVANCED_BREP_SHAPE_REPRESENTATION('',(#302),#13895);
#61=ADVANCED_BREP_SHAPE_REPRESENTATION('',(#303),#13896);
#62=ADVANCED_BREP_SHAPE_REPRESENTATION('',(#304),#13897);
#63=ADVANCED_BREP_SHAPE_REPRESENTATION('',(#305),#13898);
#64=ADVANCED_BREP_SHAPE_REPRESENTATION('',(#306),#13899);
#65=ADVANCED_BREP_SHAPE_REPRESENTATION('',(#307),#13900);
#66=ADVANCED_BREP_SHAPE_REPRESENTATION('',(#308),#13901);
#67=B_SPLINE_CURVE_WITH_KNOTS('',3,(#11993,#11994,#11995,#11996,#11997,
#11998,#11999,#12000,#12001,#12002,#12003,#12004),.UNSPECIFIED.,.F.,.F.,
(4,2,2,2,2,4),(2.79486659600742,2.82357065274582,3.42202510091412,3.72125232499827,
4.02047954908242,4.15000322210888),.UNSPECIFIED.);
#68=B_SPLINE_CURVE_WITH_KNOTS('',3,(#12005,#12006,#12007,#12008,#12009,
#12010,#12011,#12012,#12013,#12014),.UNSPECIFIED.,.F.,.F.,(4,2,2,2,4),(4.15000322210888,
4.31611615081655,4.61175275255068,5.20302595601894,5.33644423822854),
 .UNSPECIFIED.);
#69=CONICAL_SURFACE('',#8000,1.69493368394535,1.02974425867665);
#70=CONICAL_SURFACE('',#8003,1.69493368394535,1.02974425867665);
#71=CONICAL_SURFACE('',#8006,1.69493368394535,1.02974425867665);
#72=CONICAL_SURFACE('',#8047,1.69493368394535,1.02974425867665);
#73=CONICAL_SURFACE('',#8050,1.69493368394535,1.02974425867665);
#74=CONICAL_SURFACE('',#8053,1.69493368394535,1.02974425867665);
#75=CONICAL_SURFACE('',#8088,126.2,0.785398163397483);
#76=CONICAL_SURFACE('',#8092,126.6,0.785398163397414);
#77=CONICAL_SURFACE('',#8095,4.49999999999989,0.785398163397464);
#78=CONICAL_SURFACE('',#8099,4.2,0.785398163397385);
#79=CONICAL_SURFACE('',#8102,4.49999999999992,0.785398163397513);
#80=CONICAL_SURFACE('',#8106,4.2,0.785398163397427);
#81=CONICAL_SURFACE('',#8109,4.49999999999981,0.785398163397434);
#82=CONICAL_SURFACE('',#8113,4.2,0.785398163397568);
#83=CONICAL_SURFACE('',#8116,4.49999999999982,0.785398163397445);
#84=CONICAL_SURFACE('',#8120,4.2,0.78539816339744);
#85=CONICAL_SURFACE('',#8123,4.49999999999984,0.785398163397427);
#86=CONICAL_SURFACE('',#8127,4.2,0.785398163397405);
#87=CONICAL_SURFACE('',#8130,4.49999999999974,0.785398163397453);
#88=CONICAL_SURFACE('',#8134,4.2,0.785398163397405);
#89=CONICAL_SURFACE('',#8137,4.4999999999998,0.785398163397412);
#90=CONICAL_SURFACE('',#8141,4.2,0.785398163397427);
#91=CONICAL_SURFACE('',#8144,4.49999999999992,0.785398163397513);
#92=CONICAL_SURFACE('',#8148,4.2,0.785398163397427);
#93=CONICAL_SURFACE('',#8151,4.49999999999991,0.785398163397453);
#94=CONICAL_SURFACE('',#8155,4.2,0.785398163397406);
#95=CONICAL_SURFACE('',#8158,4.49999999999992,0.785398163397513);
#96=CONICAL_SURFACE('',#8162,4.2,0.785398163397427);
#97=CONICAL_SURFACE('',#8165,4.49999999999998,0.785398163397411);
#98=CONICAL_SURFACE('',#8169,4.2,0.785398163397476);
#99=CONICAL_SURFACE('',#8172,4.49999999999984,0.785398163397422);
#100=CONICAL_SURFACE('',#8176,4.2,0.785398163397437);
#101=CONICAL_SURFACE('',#8179,4.49999999999977,0.78539816339745);
#102=CONICAL_SURFACE('',#8183,4.2,0.78539816339747);
#103=CONICAL_SURFACE('',#8186,4.49999999999981,0.785398163397471);
#104=CONICAL_SURFACE('',#8190,4.2,0.785398163397444);
#105=CONICAL_SURFACE('',#8193,4.49999999999981,0.785398163397425);
#106=CONICAL_SURFACE('',#8197,4.2,0.785398163397425);
#107=CONICAL_SURFACE('',#8200,4.49999999999992,0.785398163397513);
#108=CONICAL_SURFACE('',#8204,4.2,0.785398163397427);
#109=CONICAL_SURFACE('',#8207,4.49999999999982,0.78539816339748);
#110=CONICAL_SURFACE('',#8211,4.2,0.785398163397458);
#111=CONICAL_SURFACE('',#8214,4.49999999999982,0.785398163397428);
#112=CONICAL_SURFACE('',#8218,4.2,0.785398163397444);
#113=CONICAL_SURFACE('',#8221,4.49999999999988,0.785398163397409);
#114=CONICAL_SURFACE('',#8225,4.2,0.785398163397399);
#115=CONICAL_SURFACE('',#8228,4.49999999999981,0.785398163397428);
#116=CONICAL_SURFACE('',#8232,4.2,0.785398163397427);
#117=CONICAL_SURFACE('',#8267,108.23161785944,0.349065850398865);
#118=CONICAL_SURFACE('',#8270,108.45,1.22173047639603);
#119=CONICAL_SURFACE('',#8278,52.5,0.785398163397434);
#120=CONICAL_SURFACE('',#8309,4.70000000000002,0.785398163397446);
#121=CONICAL_SURFACE('',#8312,4.2,0.785398163397436);
#122=CONICAL_SURFACE('',#8315,4.70000000000006,0.785398163397479);
#123=CONICAL_SURFACE('',#8318,4.2,0.785398163397473);
#124=CONICAL_SURFACE('',#8321,4.70000000000004,0.78539816339746);
#125=CONICAL_SURFACE('',#8324,4.2,0.785398163397459);
#126=CONICAL_SURFACE('',#8327,4.70000000000007,0.785398163397462);
#127=CONICAL_SURFACE('',#8330,4.2,0.78539816339746);
#128=CONICAL_SURFACE('',#8333,4.70000000000002,0.785398163397441);
#129=CONICAL_SURFACE('',#8336,4.2,0.785398163397472);
#130=CONICAL_SURFACE('',#8339,4.70000000000004,0.78539816339746);
#131=CONICAL_SURFACE('',#8342,4.2,0.785398163397469);
#132=CONICAL_SURFACE('',#8345,4.70000000000004,0.78539816339746);
#133=CONICAL_SURFACE('',#8348,4.2,0.785398163397459);
#134=CONICAL_SURFACE('',#8351,4.69999999999999,0.785398163397469);
#135=CONICAL_SURFACE('',#8354,4.2,0.78539816339746);
#136=CONICAL_SURFACE('',#8357,4.7,0.785398163397416);
#137=CONICAL_SURFACE('',#8360,4.2,0.785398163397447);
#138=CONICAL_SURFACE('',#8363,4.69999999999995,0.785398163397425);
#139=CONICAL_SURFACE('',#8366,4.2,0.785398163397469);
#140=CONICAL_SURFACE('',#8369,4.70000000000004,0.78539816339746);
#141=CONICAL_SURFACE('',#8372,4.2,0.785398163397459);
#142=CONICAL_SURFACE('',#8375,4.69999999999996,0.785398163397435);
#143=CONICAL_SURFACE('',#8378,4.2,0.785398163397441);
#144=CONICAL_SURFACE('',#8381,4.7,0.785398163397451);
#145=CONICAL_SURFACE('',#8384,4.2,0.785398163397421);
#146=CONICAL_SURFACE('',#8387,4.70000000000004,0.78539816339746);
#147=CONICAL_SURFACE('',#8390,4.2,0.785398163397459);
#148=CONICAL_SURFACE('',#8393,4.70000000000001,0.785398163397481);
#149=CONICAL_SURFACE('',#8396,4.2,0.78539816339744);
#150=CONICAL_SURFACE('',#8399,4.69999999999999,0.785398163397439);
#151=CONICAL_SURFACE('',#8402,4.2,0.785398163397462);
#152=CONICAL_SURFACE('',#8405,75.3,0.785398163397448);
#153=CONICAL_SURFACE('',#8409,75.8,0.785398163397448);
#154=CONICAL_SURFACE('',#8439,57.65,1.22173047639603);
#155=CONICAL_SURFACE('',#8442,57.4316178594403,0.349065850398874);
#156=CONICAL_SURFACE('',#8445,75.3,0.785398163397448);
#157=CONICAL_SURFACE('',#8464,17.5,0.785398163397448);
#158=CONICAL_SURFACE('',#8467,19.2,0.785398163397437);
#159=CONICAL_SURFACE('',#8472,3.64999999999997,0.785398163397474);
#160=CONICAL_SURFACE('',#8476,3.35,0.785398163397453);
#161=CONICAL_SURFACE('',#8479,3.65,0.785398163397455);
#162=CONICAL_SURFACE('',#8483,3.35,0.785398163397444);
#163=CONICAL_SURFACE('',#8486,3.64999999999999,0.785398163397453);
#164=CONICAL_SURFACE('',#8490,3.35,0.785398163397453);
#165=CONICAL_SURFACE('',#8493,3.64999999999998,0.785398163397449);
#166=CONICAL_SURFACE('',#8497,3.35,0.785398163397434);
#167=CONICAL_SURFACE('',#8500,3.65,0.785398163397452);
#168=CONICAL_SURFACE('',#8504,3.35,0.785398163397421);
#169=CONICAL_SURFACE('',#8507,3.64999999999999,0.785398163397453);
#170=CONICAL_SURFACE('',#8511,3.35,0.785398163397453);
#171=CONICAL_SURFACE('',#8523,35.,0.785398163397453);
#172=CONICAL_SURFACE('',#8526,34.6,0.785398163397448);
#173=CONICAL_SURFACE('',#8536,20.7316178594403,0.349065850398869);
#174=CONICAL_SURFACE('',#8540,20.95,1.22173047639603);
#175=CONICAL_SURFACE('',#8555,8.2,0.785398163397448);
#176=CONICAL_SURFACE('',#8558,9.6,0.785398163397454);
#177=CONICAL_SURFACE('',#8563,2.49999999999998,0.785398163397442);
#178=CONICAL_SURFACE('',#8567,2.2,0.785398163397447);
#179=CONICAL_SURFACE('',#8570,2.49999999999998,0.785398163397445);
#180=CONICAL_SURFACE('',#8574,2.2,0.785398163397446);
#181=CONICAL_SURFACE('',#8577,2.49999999999997,0.785398163397446);
#182=CONICAL_SURFACE('',#8581,2.2,0.785398163397453);
#183=CONICAL_SURFACE('',#8584,2.49999999999999,0.785398163397451);
#184=CONICAL_SURFACE('',#8588,2.2,0.785398163397457);
#185=CONICAL_SURFACE('',#8591,2.49999999999998,0.785398163397445);
#186=CONICAL_SURFACE('',#8595,2.2,0.785398163397446);
#187=CONICAL_SURFACE('',#8598,2.49999999999999,0.785398163397454);
#188=CONICAL_SURFACE('',#8602,2.2,0.785398163397458);
#189=CONICAL_SURFACE('',#8611,17.,0.785398163397454);
#190=CONICAL_SURFACE('',#8614,16.7,0.78539816339746);
#191=CONICAL_SURFACE('',#8618,8.93161785944027,0.349065850398873);
#192=CONICAL_SURFACE('',#8622,9.15,1.22173047639602);
#193=CONICAL_SURFACE('',#8635,8.2,0.785398163397448);
#194=CONICAL_SURFACE('',#8638,9.6,0.785398163397454);
#195=CONICAL_SURFACE('',#8643,2.49999999999998,0.785398163397442);
#196=CONICAL_SURFACE('',#8647,2.2,0.785398163397447);
#197=CONICAL_SURFACE('',#8650,2.49999999999998,0.785398163397445);
#198=CONICAL_SURFACE('',#8654,2.2,0.785398163397446);
#199=CONICAL_SURFACE('',#8657,2.49999999999997,0.785398163397446);
#200=CONICAL_SURFACE('',#8661,2.2,0.785398163397453);
#201=CONICAL_SURFACE('',#8664,2.49999999999999,0.785398163397451);
#202=CONICAL_SURFACE('',#8668,2.2,0.785398163397457);
#203=CONICAL_SURFACE('',#8671,2.49999999999998,0.785398163397445);
#204=CONICAL_SURFACE('',#8675,2.2,0.785398163397446);
#205=CONICAL_SURFACE('',#8678,2.49999999999999,0.785398163397454);
#206=CONICAL_SURFACE('',#8682,2.2,0.785398163397458);
#207=CONICAL_SURFACE('',#8691,17.,0.785398163397454);
#208=CONICAL_SURFACE('',#8694,16.7,0.78539816339746);
#209=CONICAL_SURFACE('',#8698,8.93161785944027,0.349065850398873);
#210=CONICAL_SURFACE('',#8702,9.15,1.22173047639602);
#211=CONICAL_SURFACE('',#8715,8.2,0.785398163397448);
#212=CONICAL_SURFACE('',#8718,9.6,0.785398163397454);
#213=CONICAL_SURFACE('',#8723,2.49999999999998,0.785398163397442);
#214=CONICAL_SURFACE('',#8727,2.2,0.785398163397447);
#215=CONICAL_SURFACE('',#8730,2.49999999999998,0.785398163397445);
#216=CONICAL_SURFACE('',#8734,2.2,0.785398163397446);
#217=CONICAL_SURFACE('',#8737,2.49999999999997,0.785398163397446);
#218=CONICAL_SURFACE('',#8741,2.2,0.785398163397453);
#219=CONICAL_SURFACE('',#8744,2.49999999999999,0.785398163397451);
#220=CONICAL_SURFACE('',#8748,2.2,0.785398163397457);
#221=CONICAL_SURFACE('',#8751,2.49999999999998,0.785398163397445);
#222=CONICAL_SURFACE('',#8755,2.2,0.785398163397446);
#223=CONICAL_SURFACE('',#8758,2.49999999999999,0.785398163397454);
#224=CONICAL_SURFACE('',#8762,2.2,0.785398163397458);
#225=CONICAL_SURFACE('',#8771,17.,0.785398163397454);
#226=CONICAL_SURFACE('',#8774,16.7,0.78539816339746);
#227=CONICAL_SURFACE('',#8778,8.93161785944027,0.349065850398873);
#228=CONICAL_SURFACE('',#8782,9.15,1.22173047639602);
#229=CONICAL_SURFACE('',#8795,8.2,0.785398163397448);
#230=CONICAL_SURFACE('',#8798,9.6,0.785398163397454);
#231=CONICAL_SURFACE('',#8803,2.49999999999998,0.785398163397442);
#232=CONICAL_SURFACE('',#8807,2.2,0.785398163397447);
#233=CONICAL_SURFACE('',#8810,2.49999999999998,0.785398163397445);
#234=CONICAL_SURFACE('',#8814,2.2,0.785398163397446);
#235=CONICAL_SURFACE('',#8817,2.49999999999997,0.785398163397446);
#236=CONICAL_SURFACE('',#8821,2.2,0.785398163397453);
#237=CONICAL_SURFACE('',#8824,2.49999999999999,0.785398163397451);
#238=CONICAL_SURFACE('',#8828,2.2,0.785398163397457);
#239=CONICAL_SURFACE('',#8831,2.49999999999998,0.785398163397445);
#240=CONICAL_SURFACE('',#8835,2.2,0.785398163397446);
#241=CONICAL_SURFACE('',#8838,2.49999999999999,0.785398163397454);
#242=CONICAL_SURFACE('',#8842,2.2,0.785398163397458);
#243=CONICAL_SURFACE('',#8851,17.,0.785398163397454);
#244=CONICAL_SURFACE('',#8854,16.7,0.78539816339746);
#245=CONICAL_SURFACE('',#8858,8.93161785944027,0.349065850398873);
#246=CONICAL_SURFACE('',#8862,9.15,1.22173047639602);
#247=CONICAL_SURFACE('',#8889,4.59999999999998,0.785398163397469);
#248=CONICAL_SURFACE('',#8892,4.2,0.785398163397452);
#249=CONICAL_SURFACE('',#8895,4.60000000000003,0.785398163397431);
#250=CONICAL_SURFACE('',#8898,4.2,0.785398163397448);
#251=CONICAL_SURFACE('',#8901,4.60000000000001,0.785398163397454);
#252=CONICAL_SURFACE('',#8904,4.2,0.785398163397436);
#253=CONICAL_SURFACE('',#8907,4.60000000000003,0.785398163397431);
#254=CONICAL_SURFACE('',#8910,4.2,0.785398163397448);
#255=CONICAL_SURFACE('',#8913,4.59999999999999,0.785398163397475);
#256=CONICAL_SURFACE('',#8916,4.2,0.785398163397458);
#257=CONICAL_SURFACE('',#8919,4.60000000000003,0.785398163397431);
#258=CONICAL_SURFACE('',#8922,4.2,0.785398163397448);
#259=CONICAL_SURFACE('',#8925,4.60000000000001,0.785398163397464);
#260=CONICAL_SURFACE('',#8928,4.2,0.785398163397464);
#261=CONICAL_SURFACE('',#8931,4.60000000000003,0.785398163397431);
#262=CONICAL_SURFACE('',#8934,4.2,0.785398163397448);
#263=CONICAL_SURFACE('',#8937,56.25,0.785398163397428);
#264=CONICAL_SURFACE('',#8940,56.75,0.785398163397462);
#265=CONICAL_SURFACE('',#8955,38.3816178594403,0.349065850398874);
#266=CONICAL_SURFACE('',#8958,38.6,1.22173047639603);
#267=CONICAL_SURFACE('',#8973,56.75,0.785398163397462);
#268=ELLIPSE('',#7968,40.4145188432739,35.0000000000001);
#269=ELLIPSE('',#8055,40.4145188432739,35.0000000000001);
#270=ELLIPSE('',#8456,40.4145188432739,35.0000000000001);
#271=ELLIPSE('',#8457,38.1051177665153,33.);
#272=ELLIPSE('',#8519,0.199835935098418,0.199825855324089);
#273=ELLIPSE('',#8521,0.199835952617481,0.199825871462866);
#274=STYLED_ITEM('',(#13991),#299);
#275=STYLED_ITEM('',(#13991),#300);
#276=STYLED_ITEM('',(#13992),#7561);
#277=STYLED_ITEM('',(#13992),#7562);
#278=STYLED_ITEM('',(#13992),#7563);
#279=STYLED_ITEM('',(#13992),#7564);
#280=STYLED_ITEM('',(#13992),#7565);
#281=STYLED_ITEM('',(#13992),#7566);
#282=STYLED_ITEM('',(#13992),#7567);
#283=STYLED_ITEM('',(#13992),#7568);
#284=STYLED_ITEM('',(#13992),#7569);
#285=STYLED_ITEM('',(#13992),#7570);
#286=STYLED_ITEM('',(#13992),#7571);
#287=STYLED_ITEM('',(#13992),#7572);
#288=STYLED_ITEM('',(#13992),#7573);
#289=STYLED_ITEM('',(#13992),#7574);
#290=STYLED_ITEM('',(#13992),#7575);
#291=STYLED_ITEM('',(#13991),#301);
#292=STYLED_ITEM('',(#13993),#302);
#293=STYLED_ITEM('',(#13991),#303);
#294=STYLED_ITEM('',(#13991),#304);
#295=STYLED_ITEM('',(#13991),#305);
#296=STYLED_ITEM('',(#13991),#306);
#297=STYLED_ITEM('',(#13991),#307);
#298=STYLED_ITEM('',(#13991),#308);
#299=MANIFOLD_SOLID_BREP('Body1',#7804);
#300=MANIFOLD_SOLID_BREP('Body2',#7805);
#301=MANIFOLD_SOLID_BREP('Body1',#7806);
#302=MANIFOLD_SOLID_BREP('cf63',#7807);
#303=MANIFOLD_SOLID_BREP('Body1',#7808);
#304=MANIFOLD_SOLID_BREP('Body1',#7809);
#305=MANIFOLD_SOLID_BREP('Body1',#7810);
#306=MANIFOLD_SOLID_BREP('Body1',#7811);
#307=MANIFOLD_SOLID_BREP('Body1',#7812);
#308=MANIFOLD_SOLID_BREP('Body1',#7813);
#309=FACE_BOUND('',#1050,.T.);
#310=FACE_BOUND('',#1053,.T.);
#311=FACE_BOUND('',#1079,.T.);
#312=FACE_BOUND('',#1080,.T.);
#313=FACE_BOUND('',#1081,.T.);
#314=FACE_BOUND('',#1082,.T.);
#315=FACE_BOUND('',#1083,.T.);
#316=FACE_BOUND('',#1084,.T.);
#317=FACE_BOUND('',#1085,.T.);
#318=FACE_BOUND('',#1086,.T.);
#319=FACE_BOUND('',#1087,.T.);
#320=FACE_BOUND('',#1088,.T.);
#321=FACE_BOUND('',#1089,.T.);
#322=FACE_BOUND('',#1090,.T.);
#323=FACE_BOUND('',#1130,.T.);
#324=FACE_BOUND('',#1133,.T.);
#325=FACE_BOUND('',#1136,.T.);
#326=FACE_BOUND('',#1139,.T.);
#327=FACE_BOUND('',#1142,.T.);
#328=FACE_BOUND('',#1220,.T.);
#329=FACE_BOUND('',#1221,.T.);
#330=FACE_BOUND('',#1222,.T.);
#331=FACE_BOUND('',#1223,.T.);
#332=FACE_BOUND('',#1224,.T.);
#333=FACE_BOUND('',#1225,.T.);
#334=FACE_BOUND('',#1226,.T.);
#335=FACE_BOUND('',#1227,.T.);
#336=FACE_BOUND('',#1228,.T.);
#337=FACE_BOUND('',#1229,.T.);
#338=FACE_BOUND('',#1230,.T.);
#339=FACE_BOUND('',#1231,.T.);
#340=FACE_BOUND('',#1232,.T.);
#341=FACE_BOUND('',#1233,.T.);
#342=FACE_BOUND('',#1234,.T.);
#343=FACE_BOUND('',#1235,.T.);
#344=FACE_BOUND('',#1236,.T.);
#345=FACE_BOUND('',#1237,.T.);
#346=FACE_BOUND('',#1238,.T.);
#347=FACE_BOUND('',#1239,.T.);
#348=FACE_BOUND('',#1240,.T.);
#349=FACE_BOUND('',#1241,.T.);
#350=FACE_BOUND('',#1242,.T.);
#351=FACE_BOUND('',#1243,.T.);
#352=FACE_BOUND('',#1244,.T.);
#353=FACE_BOUND('',#1245,.T.);
#354=FACE_BOUND('',#1246,.T.);
#355=FACE_BOUND('',#1247,.T.);
#356=FACE_BOUND('',#1248,.T.);
#357=FACE_BOUND('',#1249,.T.);
#358=FACE_BOUND('',#1250,.T.);
#359=FACE_BOUND('',#1252,.T.);
#360=FACE_BOUND('',#1253,.T.);
#361=FACE_BOUND('',#1254,.T.);
#362=FACE_BOUND('',#1255,.T.);
#363=FACE_BOUND('',#1256,.T.);
#364=FACE_BOUND('',#1257,.T.);
#365=FACE_BOUND('',#1258,.T.);
#366=FACE_BOUND('',#1259,.T.);
#367=FACE_BOUND('',#1260,.T.);
#368=FACE_BOUND('',#1261,.T.);
#369=FACE_BOUND('',#1262,.T.);
#370=FACE_BOUND('',#1263,.T.);
#371=FACE_BOUND('',#1264,.T.);
#372=FACE_BOUND('',#1265,.T.);
#373=FACE_BOUND('',#1266,.T.);
#374=FACE_BOUND('',#1267,.T.);
#375=FACE_BOUND('',#1268,.T.);
#376=FACE_BOUND('',#1269,.T.);
#377=FACE_BOUND('',#1270,.T.);
#378=FACE_BOUND('',#1271,.T.);
#379=FACE_BOUND('',#1272,.T.);
#380=FACE_BOUND('',#1273,.T.);
#381=FACE_BOUND('',#1274,.T.);
#382=FACE_BOUND('',#1275,.T.);
#383=FACE_BOUND('',#1276,.T.);
#384=FACE_BOUND('',#1280,.T.);
#385=FACE_BOUND('',#1282,.T.);
#386=FACE_BOUND('',#1283,.T.);
#387=FACE_BOUND('',#1284,.T.);
#388=FACE_BOUND('',#1285,.T.);
#389=FACE_BOUND('',#1286,.T.);
#390=FACE_BOUND('',#1287,.T.);
#391=FACE_BOUND('',#1288,.T.);
#392=FACE_BOUND('',#1289,.T.);
#393=FACE_BOUND('',#1290,.T.);
#394=FACE_BOUND('',#1291,.T.);
#395=FACE_BOUND('',#1292,.T.);
#396=FACE_BOUND('',#1293,.T.);
#397=FACE_BOUND('',#1294,.T.);
#398=FACE_BOUND('',#1295,.T.);
#399=FACE_BOUND('',#1296,.T.);
#400=FACE_BOUND('',#1297,.T.);
#401=FACE_BOUND('',#1298,.T.);
#402=FACE_BOUND('',#1356,.T.);
#403=FACE_BOUND('',#1357,.T.);
#404=FACE_BOUND('',#1358,.T.);
#405=FACE_BOUND('',#1359,.T.);
#406=FACE_BOUND('',#1360,.T.);
#407=FACE_BOUND('',#1361,.T.);
#408=FACE_BOUND('',#1362,.T.);
#409=FACE_BOUND('',#1363,.T.);
#410=FACE_BOUND('',#1366,.T.);
#411=FACE_BOUND('',#1367,.T.);
#412=FACE_BOUND('',#1368,.T.);
#413=FACE_BOUND('',#1369,.T.);
#414=FACE_BOUND('',#1370,.T.);
#415=FACE_BOUND('',#1371,.T.);
#416=FACE_BOUND('',#1372,.T.);
#417=FACE_BOUND('',#1373,.T.);
#418=FACE_BOUND('',#1375,.T.);
#419=FACE_BOUND('',#1383,.T.);
#420=FACE_BOUND('',#1386,.T.);
#421=FACE_BOUND('',#1418,.T.);
#422=FACE_BOUND('',#1419,.T.);
#423=FACE_BOUND('',#1420,.T.);
#424=FACE_BOUND('',#1421,.T.);
#425=FACE_BOUND('',#1422,.T.);
#426=FACE_BOUND('',#1423,.T.);
#427=FACE_BOUND('',#1424,.T.);
#428=FACE_BOUND('',#1426,.T.);
#429=FACE_BOUND('',#1427,.T.);
#430=FACE_BOUND('',#1428,.T.);
#431=FACE_BOUND('',#1429,.T.);
#432=FACE_BOUND('',#1430,.T.);
#433=FACE_BOUND('',#1431,.T.);
#434=FACE_BOUND('',#1433,.T.);
#435=FACE_BOUND('',#1438,.T.);
#436=FACE_BOUND('',#1468,.T.);
#437=FACE_BOUND('',#1469,.T.);
#438=FACE_BOUND('',#1470,.T.);
#439=FACE_BOUND('',#1471,.T.);
#440=FACE_BOUND('',#1472,.T.);
#441=FACE_BOUND('',#1473,.T.);
#442=FACE_BOUND('',#1474,.T.);
#443=FACE_BOUND('',#1476,.T.);
#444=FACE_BOUND('',#1477,.T.);
#445=FACE_BOUND('',#1478,.T.);
#446=FACE_BOUND('',#1479,.T.);
#447=FACE_BOUND('',#1480,.T.);
#448=FACE_BOUND('',#1481,.T.);
#449=FACE_BOUND('',#1482,.T.);
#450=FACE_BOUND('',#1484,.T.);
#451=FACE_BOUND('',#1486,.T.);
#452=FACE_BOUND('',#1516,.T.);
#453=FACE_BOUND('',#1517,.T.);
#454=FACE_BOUND('',#1518,.T.);
#455=FACE_BOUND('',#1519,.T.);
#456=FACE_BOUND('',#1520,.T.);
#457=FACE_BOUND('',#1521,.T.);
#458=FACE_BOUND('',#1522,.T.);
#459=FACE_BOUND('',#1524,.T.);
#460=FACE_BOUND('',#1525,.T.);
#461=FACE_BOUND('',#1526,.T.);
#462=FACE_BOUND('',#1527,.T.);
#463=FACE_BOUND('',#1528,.T.);
#464=FACE_BOUND('',#1529,.T.);
#465=FACE_BOUND('',#1530,.T.);
#466=FACE_BOUND('',#1532,.T.);
#467=FACE_BOUND('',#1534,.T.);
#468=FACE_BOUND('',#1564,.T.);
#469=FACE_BOUND('',#1565,.T.);
#470=FACE_BOUND('',#1566,.T.);
#471=FACE_BOUND('',#1567,.T.);
#472=FACE_BOUND('',#1568,.T.);
#473=FACE_BOUND('',#1569,.T.);
#474=FACE_BOUND('',#1570,.T.);
#475=FACE_BOUND('',#1572,.T.);
#476=FACE_BOUND('',#1573,.T.);
#477=FACE_BOUND('',#1574,.T.);
#478=FACE_BOUND('',#1575,.T.);
#479=FACE_BOUND('',#1576,.T.);
#480=FACE_BOUND('',#1577,.T.);
#481=FACE_BOUND('',#1578,.T.);
#482=FACE_BOUND('',#1580,.T.);
#483=FACE_BOUND('',#1582,.T.);
#484=FACE_BOUND('',#1612,.T.);
#485=FACE_BOUND('',#1613,.T.);
#486=FACE_BOUND('',#1614,.T.);
#487=FACE_BOUND('',#1615,.T.);
#488=FACE_BOUND('',#1616,.T.);
#489=FACE_BOUND('',#1617,.T.);
#490=FACE_BOUND('',#1618,.T.);
#491=FACE_BOUND('',#1620,.T.);
#492=FACE_BOUND('',#1621,.T.);
#493=FACE_BOUND('',#1622,.T.);
#494=FACE_BOUND('',#1623,.T.);
#495=FACE_BOUND('',#1624,.T.);
#496=FACE_BOUND('',#1625,.T.);
#497=FACE_BOUND('',#1626,.T.);
#498=FACE_BOUND('',#1628,.T.);
#499=FACE_BOUND('',#1630,.T.);
#500=FACE_BOUND('',#1632,.T.);
#501=FACE_BOUND('',#1634,.T.);
#502=FACE_BOUND('',#1635,.T.);
#503=FACE_BOUND('',#1636,.T.);
#504=FACE_BOUND('',#1637,.T.);
#505=FACE_BOUND('',#1638,.T.);
#506=FACE_BOUND('',#1639,.T.);
#507=FACE_BOUND('',#1640,.T.);
#508=FACE_BOUND('',#1641,.T.);
#509=FACE_BOUND('',#1642,.T.);
#510=FACE_BOUND('',#1676,.T.);
#511=FACE_BOUND('',#1677,.T.);
#512=FACE_BOUND('',#1678,.T.);
#513=FACE_BOUND('',#1679,.T.);
#514=FACE_BOUND('',#1682,.T.);
#515=FACE_BOUND('',#1683,.T.);
#516=FACE_BOUND('',#1684,.T.);
#517=FACE_BOUND('',#1685,.T.);
#518=FACE_BOUND('',#1687,.T.);
#519=PLANE('',#7919);
#520=PLANE('',#7923);
#521=PLANE('',#7927);
#522=PLANE('',#7928);
#523=PLANE('',#7929);
#524=PLANE('',#7930);
#525=PLANE('',#7933);
#526=PLANE('',#7936);
#527=PLANE('',#7941);
#528=PLANE('',#7942);
#529=PLANE('',#7943);
#530=PLANE('',#7944);
#531=PLANE('',#7947);
#532=PLANE('',#7950);
#533=PLANE('',#7955);
#534=PLANE('',#7956);
#535=PLANE('',#7957);
#536=PLANE('',#7958);
#537=PLANE('',#7961);
#538=PLANE('',#7964);
#539=PLANE('',#7966);
#540=PLANE('',#8009);
#541=PLANE('',#8010);
#542=PLANE('',#8011);
#543=PLANE('',#8014);
#544=PLANE('',#8017);
#545=PLANE('',#8019);
#546=PLANE('',#8025);
#547=PLANE('',#8026);
#548=PLANE('',#8029);
#549=PLANE('',#8030);
#550=PLANE('',#8032);
#551=PLANE('',#8033);
#552=PLANE('',#8037);
#553=PLANE('',#8038);
#554=PLANE('',#8039);
#555=PLANE('',#8040);
#556=PLANE('',#8043);
#557=PLANE('',#8045);
#558=PLANE('',#8059);
#559=PLANE('',#8064);
#560=PLANE('',#8069);
#561=PLANE('',#8074);
#562=PLANE('',#8079);
#563=PLANE('',#8275);
#564=PLANE('',#8276);
#565=PLANE('',#8283);
#566=PLANE('',#8285);
#567=PLANE('',#8443);
#568=PLANE('',#8446);
#569=PLANE('',#8447);
#570=PLANE('',#8448);
#571=PLANE('',#8449);
#572=PLANE('',#8450);
#573=PLANE('',#8451);
#574=PLANE('',#8452);
#575=PLANE('',#8453);
#576=PLANE('',#8455);
#577=PLANE('',#8460);
#578=PLANE('',#8547);
#579=PLANE('',#8548);
#580=PLANE('',#8549);
#581=PLANE('',#8550);
#582=PLANE('',#8551);
#583=PLANE('',#8552);
#584=PLANE('',#8553);
#585=PLANE('',#8630);
#586=PLANE('',#8631);
#587=PLANE('',#8632);
#588=PLANE('',#8633);
#589=PLANE('',#8710);
#590=PLANE('',#8711);
#591=PLANE('',#8712);
#592=PLANE('',#8713);
#593=PLANE('',#8790);
#594=PLANE('',#8791);
#595=PLANE('',#8792);
#596=PLANE('',#8793);
#597=PLANE('',#8870);
#598=PLANE('',#8871);
#599=PLANE('',#8872);
#600=PLANE('',#8873);
#601=PLANE('',#8875);
#602=PLANE('',#8878);
#603=PLANE('',#8971);
#604=PLANE('',#8974);
#605=PLANE('',#8975);
#606=PLANE('',#8976);
#607=PLANE('',#8977);
#608=PLANE('',#8978);
#609=PLANE('',#8979);
#610=PLANE('',#8980);
#611=PLANE('',#8981);
#612=FACE_OUTER_BOUND('',#1048,.T.);
#613=FACE_OUTER_BOUND('',#1049,.T.);
#614=FACE_OUTER_BOUND('',#1051,.T.);
#615=FACE_OUTER_BOUND('',#1052,.T.);
#616=FACE_OUTER_BOUND('',#1054,.T.);
#617=FACE_OUTER_BOUND('',#1055,.T.);
#618=FACE_OUTER_BOUND('',#1056,.T.);
#619=FACE_OUTER_BOUND('',#1057,.T.);
#620=FACE_OUTER_BOUND('',#1058,.T.);
#621=FACE_OUTER_BOUND('',#1059,.T.);
#622=FACE_OUTER_BOUND('',#1060,.T.);
#623=FACE_OUTER_BOUND('',#1061,.T.);
#624=FACE_OUTER_BOUND('',#1062,.T.);
#625=FACE_OUTER_BOUND('',#1063,.T.);
#626=FACE_OUTER_BOUND('',#1064,.T.);
#627=FACE_OUTER_BOUND('',#1065,.T.);
#628=FACE_OUTER_BOUND('',#1066,.T.);
#629=FACE_OUTER_BOUND('',#1067,.T.);
#630=FACE_OUTER_BOUND('',#1068,.T.);
#631=FACE_OUTER_BOUND('',#1069,.T.);
#632=FACE_OUTER_BOUND('',#1070,.T.);
#633=FACE_OUTER_BOUND('',#1071,.T.);
#634=FACE_OUTER_BOUND('',#1072,.T.);
#635=FACE_OUTER_BOUND('',#1073,.T.);
#636=FACE_OUTER_BOUND('',#1074,.T.);
#637=FACE_OUTER_BOUND('',#1075,.T.);
#638=FACE_OUTER_BOUND('',#1076,.T.);
#639=FACE_OUTER_BOUND('',#1077,.T.);
#640=FACE_OUTER_BOUND('',#1078,.T.);
#641=FACE_OUTER_BOUND('',#1091,.T.);
#642=FACE_OUTER_BOUND('',#1092,.T.);
#643=FACE_OUTER_BOUND('',#1093,.T.);
#644=FACE_OUTER_BOUND('',#1094,.T.);
#645=FACE_OUTER_BOUND('',#1095,.T.);
#646=FACE_OUTER_BOUND('',#1096,.T.);
#647=FACE_OUTER_BOUND('',#1097,.T.);
#648=FACE_OUTER_BOUND('',#1098,.T.);
#649=FACE_OUTER_BOUND('',#1099,.T.);
#650=FACE_OUTER_BOUND('',#1100,.T.);
#651=FACE_OUTER_BOUND('',#1101,.T.);
#652=FACE_OUTER_BOUND('',#1102,.T.);
#653=FACE_OUTER_BOUND('',#1103,.T.);
#654=FACE_OUTER_BOUND('',#1104,.T.);
#655=FACE_OUTER_BOUND('',#1105,.T.);
#656=FACE_OUTER_BOUND('',#1106,.T.);
#657=FACE_OUTER_BOUND('',#1107,.T.);
#658=FACE_OUTER_BOUND('',#1108,.T.);
#659=FACE_OUTER_BOUND('',#1109,.T.);
#660=FACE_OUTER_BOUND('',#1110,.T.);
#661=FACE_OUTER_BOUND('',#1111,.T.);
#662=FACE_OUTER_BOUND('',#1112,.T.);
#663=FACE_OUTER_BOUND('',#1113,.T.);
#664=FACE_OUTER_BOUND('',#1114,.T.);
#665=FACE_OUTER_BOUND('',#1115,.T.);
#666=FACE_OUTER_BOUND('',#1116,.T.);
#667=FACE_OUTER_BOUND('',#1117,.T.);
#668=FACE_OUTER_BOUND('',#1118,.T.);
#669=FACE_OUTER_BOUND('',#1119,.T.);
#670=FACE_OUTER_BOUND('',#1120,.T.);
#671=FACE_OUTER_BOUND('',#1121,.T.);
#672=FACE_OUTER_BOUND('',#1122,.T.);
#673=FACE_OUTER_BOUND('',#1123,.T.);
#674=FACE_OUTER_BOUND('',#1124,.T.);
#675=FACE_OUTER_BOUND('',#1125,.T.);
#676=FACE_OUTER_BOUND('',#1126,.T.);
#677=FACE_OUTER_BOUND('',#1127,.T.);
#678=FACE_OUTER_BOUND('',#1128,.T.);
#679=FACE_OUTER_BOUND('',#1129,.T.);
#680=FACE_OUTER_BOUND('',#1131,.T.);
#681=FACE_OUTER_BOUND('',#1132,.T.);
#682=FACE_OUTER_BOUND('',#1134,.T.);
#683=FACE_OUTER_BOUND('',#1135,.T.);
#684=FACE_OUTER_BOUND('',#1137,.T.);
#685=FACE_OUTER_BOUND('',#1138,.T.);
#686=FACE_OUTER_BOUND('',#1140,.T.);
#687=FACE_OUTER_BOUND('',#1141,.T.);
#688=FACE_OUTER_BOUND('',#1143,.T.);
#689=FACE_OUTER_BOUND('',#1144,.T.);
#690=FACE_OUTER_BOUND('',#1145,.T.);
#691=FACE_OUTER_BOUND('',#1146,.T.);
#692=FACE_OUTER_BOUND('',#1147,.T.);
#693=FACE_OUTER_BOUND('',#1148,.T.);
#694=FACE_OUTER_BOUND('',#1149,.T.);
#695=FACE_OUTER_BOUND('',#1150,.T.);
#696=FACE_OUTER_BOUND('',#1151,.T.);
#697=FACE_OUTER_BOUND('',#1152,.T.);
#698=FACE_OUTER_BOUND('',#1153,.T.);
#699=FACE_OUTER_BOUND('',#1154,.T.);
#700=FACE_OUTER_BOUND('',#1155,.T.);
#701=FACE_OUTER_BOUND('',#1156,.T.);
#702=FACE_OUTER_BOUND('',#1157,.T.);
#703=FACE_OUTER_BOUND('',#1158,.T.);
#704=FACE_OUTER_BOUND('',#1159,.T.);
#705=FACE_OUTER_BOUND('',#1160,.T.);
#706=FACE_OUTER_BOUND('',#1161,.T.);
#707=FACE_OUTER_BOUND('',#1162,.T.);
#708=FACE_OUTER_BOUND('',#1163,.T.);
#709=FACE_OUTER_BOUND('',#1164,.T.);
#710=FACE_OUTER_BOUND('',#1165,.T.);
#711=FACE_OUTER_BOUND('',#1166,.T.);
#712=FACE_OUTER_BOUND('',#1167,.T.);
#713=FACE_OUTER_BOUND('',#1168,.T.);
#714=FACE_OUTER_BOUND('',#1169,.T.);
#715=FACE_OUTER_BOUND('',#1170,.T.);
#716=FACE_OUTER_BOUND('',#1171,.T.);
#717=FACE_OUTER_BOUND('',#1172,.T.);
#718=FACE_OUTER_BOUND('',#1173,.T.);
#719=FACE_OUTER_BOUND('',#1174,.T.);
#720=FACE_OUTER_BOUND('',#1175,.T.);
#721=FACE_OUTER_BOUND('',#1176,.T.);
#722=FACE_OUTER_BOUND('',#1177,.T.);
#723=FACE_OUTER_BOUND('',#1178,.T.);
#724=FACE_OUTER_BOUND('',#1179,.T.);
#725=FACE_OUTER_BOUND('',#1180,.T.);
#726=FACE_OUTER_BOUND('',#1181,.T.);
#727=FACE_OUTER_BOUND('',#1182,.T.);
#728=FACE_OUTER_BOUND('',#1183,.T.);
#729=FACE_OUTER_BOUND('',#1184,.T.);
#730=FACE_OUTER_BOUND('',#1185,.T.);
#731=FACE_OUTER_BOUND('',#1186,.T.);
#732=FACE_OUTER_BOUND('',#1187,.T.);
#733=FACE_OUTER_BOUND('',#1188,.T.);
#734=FACE_OUTER_BOUND('',#1189,.T.);
#735=FACE_OUTER_BOUND('',#1190,.T.);
#736=FACE_OUTER_BOUND('',#1191,.T.);
#737=FACE_OUTER_BOUND('',#1192,.T.);
#738=FACE_OUTER_BOUND('',#1193,.T.);
#739=FACE_OUTER_BOUND('',#1194,.T.);
#740=FACE_OUTER_BOUND('',#1195,.T.);
#741=FACE_OUTER_BOUND('',#1196,.T.);
#742=FACE_OUTER_BOUND('',#1197,.T.);
#743=FACE_OUTER_BOUND('',#1198,.T.);
#744=FACE_OUTER_BOUND('',#1199,.T.);
#745=FACE_OUTER_BOUND('',#1200,.T.);
#746=FACE_OUTER_BOUND('',#1201,.T.);
#747=FACE_OUTER_BOUND('',#1202,.T.);
#748=FACE_OUTER_BOUND('',#1203,.T.);
#749=FACE_OUTER_BOUND('',#1204,.T.);
#750=FACE_OUTER_BOUND('',#1205,.T.);
#751=FACE_OUTER_BOUND('',#1206,.T.);
#752=FACE_OUTER_BOUND('',#1207,.T.);
#753=FACE_OUTER_BOUND('',#1208,.T.);
#754=FACE_OUTER_BOUND('',#1209,.T.);
#755=FACE_OUTER_BOUND('',#1210,.T.);
#756=FACE_OUTER_BOUND('',#1211,.T.);
#757=FACE_OUTER_BOUND('',#1212,.T.);
#758=FACE_OUTER_BOUND('',#1213,.T.);
#759=FACE_OUTER_BOUND('',#1214,.T.);
#760=FACE_OUTER_BOUND('',#1215,.T.);
#761=FACE_OUTER_BOUND('',#1216,.T.);
#762=FACE_OUTER_BOUND('',#1217,.T.);
#763=FACE_OUTER_BOUND('',#1218,.T.);
#764=FACE_OUTER_BOUND('',#1219,.T.);
#765=FACE_OUTER_BOUND('',#1251,.T.);
#766=FACE_OUTER_BOUND('',#1277,.T.);
#767=FACE_OUTER_BOUND('',#1278,.T.);
#768=FACE_OUTER_BOUND('',#1279,.T.);
#769=FACE_OUTER_BOUND('',#1281,.T.);
#770=FACE_OUTER_BOUND('',#1299,.T.);
#771=FACE_OUTER_BOUND('',#1300,.T.);
#772=FACE_OUTER_BOUND('',#1301,.T.);
#773=FACE_OUTER_BOUND('',#1302,.T.);
#774=FACE_OUTER_BOUND('',#1303,.T.);
#775=FACE_OUTER_BOUND('',#1304,.T.);
#776=FACE_OUTER_BOUND('',#1305,.T.);
#777=FACE_OUTER_BOUND('',#1306,.T.);
#778=FACE_OUTER_BOUND('',#1307,.T.);
#779=FACE_OUTER_BOUND('',#1308,.T.);
#780=FACE_OUTER_BOUND('',#1309,.T.);
#781=FACE_OUTER_BOUND('',#1310,.T.);
#782=FACE_OUTER_BOUND('',#1311,.T.);
#783=FACE_OUTER_BOUND('',#1312,.T.);
#784=FACE_OUTER_BOUND('',#1313,.T.);
#785=FACE_OUTER_BOUND('',#1314,.T.);
#786=FACE_OUTER_BOUND('',#1315,.T.);
#787=FACE_OUTER_BOUND('',#1316,.T.);
#788=FACE_OUTER_BOUND('',#1317,.T.);
#789=FACE_OUTER_BOUND('',#1318,.T.);
#790=FACE_OUTER_BOUND('',#1319,.T.);
#791=FACE_OUTER_BOUND('',#1320,.T.);
#792=FACE_OUTER_BOUND('',#1321,.T.);
#793=FACE_OUTER_BOUND('',#1322,.T.);
#794=FACE_OUTER_BOUND('',#1323,.T.);
#795=FACE_OUTER_BOUND('',#1324,.T.);
#796=FACE_OUTER_BOUND('',#1325,.T.);
#797=FACE_OUTER_BOUND('',#1326,.T.);
#798=FACE_OUTER_BOUND('',#1327,.T.);
#799=FACE_OUTER_BOUND('',#1328,.T.);
#800=FACE_OUTER_BOUND('',#1329,.T.);
#801=FACE_OUTER_BOUND('',#1330,.T.);
#802=FACE_OUTER_BOUND('',#1331,.T.);
#803=FACE_OUTER_BOUND('',#1332,.T.);
#804=FACE_OUTER_BOUND('',#1333,.T.);
#805=FACE_OUTER_BOUND('',#1334,.T.);
#806=FACE_OUTER_BOUND('',#1335,.T.);
#807=FACE_OUTER_BOUND('',#1336,.T.);
#808=FACE_OUTER_BOUND('',#1337,.T.);
#809=FACE_OUTER_BOUND('',#1338,.T.);
#810=FACE_OUTER_BOUND('',#1339,.T.);
#811=FACE_OUTER_BOUND('',#1340,.T.);
#812=FACE_OUTER_BOUND('',#1341,.T.);
#813=FACE_OUTER_BOUND('',#1342,.T.);
#814=FACE_OUTER_BOUND('',#1343,.T.);
#815=FACE_OUTER_BOUND('',#1344,.T.);
#816=FACE_OUTER_BOUND('',#1345,.T.);
#817=FACE_OUTER_BOUND('',#1346,.T.);
#818=FACE_OUTER_BOUND('',#1347,.T.);
#819=FACE_OUTER_BOUND('',#1348,.T.);
#820=FACE_OUTER_BOUND('',#1349,.T.);
#821=FACE_OUTER_BOUND('',#1350,.T.);
#822=FACE_OUTER_BOUND('',#1351,.T.);
#823=FACE_OUTER_BOUND('',#1352,.T.);
#824=FACE_OUTER_BOUND('',#1353,.T.);
#825=FACE_OUTER_BOUND('',#1354,.T.);
#826=FACE_OUTER_BOUND('',#1355,.T.);
#827=FACE_OUTER_BOUND('',#1364,.T.);
#828=FACE_OUTER_BOUND('',#1365,.T.);
#829=FACE_OUTER_BOUND('',#1374,.T.);
#830=FACE_OUTER_BOUND('',#1376,.T.);
#831=FACE_OUTER_BOUND('',#1377,.T.);
#832=FACE_OUTER_BOUND('',#1378,.T.);
#833=FACE_OUTER_BOUND('',#1379,.T.);
#834=FACE_OUTER_BOUND('',#1380,.T.);
#835=FACE_OUTER_BOUND('',#1381,.T.);
#836=FACE_OUTER_BOUND('',#1382,.T.);
#837=FACE_OUTER_BOUND('',#1384,.T.);
#838=FACE_OUTER_BOUND('',#1385,.T.);
#839=FACE_OUTER_BOUND('',#1387,.T.);
#840=FACE_OUTER_BOUND('',#1388,.T.);
#841=FACE_OUTER_BOUND('',#1389,.T.);
#842=FACE_OUTER_BOUND('',#1390,.T.);
#843=FACE_OUTER_BOUND('',#1391,.T.);
#844=FACE_OUTER_BOUND('',#1392,.T.);
#845=FACE_OUTER_BOUND('',#1393,.T.);
#846=FACE_OUTER_BOUND('',#1394,.T.);
#847=FACE_OUTER_BOUND('',#1395,.T.);
#848=FACE_OUTER_BOUND('',#1396,.T.);
#849=FACE_OUTER_BOUND('',#1397,.T.);
#850=FACE_OUTER_BOUND('',#1398,.T.);
#851=FACE_OUTER_BOUND('',#1399,.T.);
#852=FACE_OUTER_BOUND('',#1400,.T.);
#853=FACE_OUTER_BOUND('',#1401,.T.);
#854=FACE_OUTER_BOUND('',#1402,.T.);
#855=FACE_OUTER_BOUND('',#1403,.T.);
#856=FACE_OUTER_BOUND('',#1404,.T.);
#857=FACE_OUTER_BOUND('',#1405,.T.);
#858=FACE_OUTER_BOUND('',#1406,.T.);
#859=FACE_OUTER_BOUND('',#1407,.T.);
#860=FACE_OUTER_BOUND('',#1408,.T.);
#861=FACE_OUTER_BOUND('',#1409,.T.);
#862=FACE_OUTER_BOUND('',#1410,.T.);
#863=FACE_OUTER_BOUND('',#1411,.T.);
#864=FACE_OUTER_BOUND('',#1412,.T.);
#865=FACE_OUTER_BOUND('',#1413,.T.);
#866=FACE_OUTER_BOUND('',#1414,.T.);
#867=FACE_OUTER_BOUND('',#1415,.T.);
#868=FACE_OUTER_BOUND('',#1416,.T.);
#869=FACE_OUTER_BOUND('',#1417,.T.);
#870=FACE_OUTER_BOUND('',#1425,.T.);
#871=FACE_OUTER_BOUND('',#1432,.T.);
#872=FACE_OUTER_BOUND('',#1434,.T.);
#873=FACE_OUTER_BOUND('',#1435,.T.);
#874=FACE_OUTER_BOUND('',#1436,.T.);
#875=FACE_OUTER_BOUND('',#1437,.T.);
#876=FACE_OUTER_BOUND('',#1439,.T.);
#877=FACE_OUTER_BOUND('',#1440,.T.);
#878=FACE_OUTER_BOUND('',#1441,.T.);
#879=FACE_OUTER_BOUND('',#1442,.T.);
#880=FACE_OUTER_BOUND('',#1443,.T.);
#881=FACE_OUTER_BOUND('',#1444,.T.);
#882=FACE_OUTER_BOUND('',#1445,.T.);
#883=FACE_OUTER_BOUND('',#1446,.T.);
#884=FACE_OUTER_BOUND('',#1447,.T.);
#885=FACE_OUTER_BOUND('',#1448,.T.);
#886=FACE_OUTER_BOUND('',#1449,.T.);
#887=FACE_OUTER_BOUND('',#1450,.T.);
#888=FACE_OUTER_BOUND('',#1451,.T.);
#889=FACE_OUTER_BOUND('',#1452,.T.);
#890=FACE_OUTER_BOUND('',#1453,.T.);
#891=FACE_OUTER_BOUND('',#1454,.T.);
#892=FACE_OUTER_BOUND('',#1455,.T.);
#893=FACE_OUTER_BOUND('',#1456,.T.);
#894=FACE_OUTER_BOUND('',#1457,.T.);
#895=FACE_OUTER_BOUND('',#1458,.T.);
#896=FACE_OUTER_BOUND('',#1459,.T.);
#897=FACE_OUTER_BOUND('',#1460,.T.);
#898=FACE_OUTER_BOUND('',#1461,.T.);
#899=FACE_OUTER_BOUND('',#1462,.T.);
#900=FACE_OUTER_BOUND('',#1463,.T.);
#901=FACE_OUTER_BOUND('',#1464,.T.);
#902=FACE_OUTER_BOUND('',#1465,.T.);
#903=FACE_OUTER_BOUND('',#1466,.T.);
#904=FACE_OUTER_BOUND('',#1467,.T.);
#905=FACE_OUTER_BOUND('',#1475,.T.);
#906=FACE_OUTER_BOUND('',#1483,.T.);
#907=FACE_OUTER_BOUND('',#1485,.T.);
#908=FACE_OUTER_BOUND('',#1487,.T.);
#909=FACE_OUTER_BOUND('',#1488,.T.);
#910=FACE_OUTER_BOUND('',#1489,.T.);
#911=FACE_OUTER_BOUND('',#1490,.T.);
#912=FACE_OUTER_BOUND('',#1491,.T.);
#913=FACE_OUTER_BOUND('',#1492,.T.);
#914=FACE_OUTER_BOUND('',#1493,.T.);
#915=FACE_OUTER_BOUND('',#1494,.T.);
#916=FACE_OUTER_BOUND('',#1495,.T.);
#917=FACE_OUTER_BOUND('',#1496,.T.);
#918=FACE_OUTER_BOUND('',#1497,.T.);
#919=FACE_OUTER_BOUND('',#1498,.T.);
#920=FACE_OUTER_BOUND('',#1499,.T.);
#921=FACE_OUTER_BOUND('',#1500,.T.);
#922=FACE_OUTER_BOUND('',#1501,.T.);
#923=FACE_OUTER_BOUND('',#1502,.T.);
#924=FACE_OUTER_BOUND('',#1503,.T.);
#925=FACE_OUTER_BOUND('',#1504,.T.);
#926=FACE_OUTER_BOUND('',#1505,.T.);
#927=FACE_OUTER_BOUND('',#1506,.T.);
#928=FACE_OUTER_BOUND('',#1507,.T.);
#929=FACE_OUTER_BOUND('',#1508,.T.);
#930=FACE_OUTER_BOUND('',#1509,.T.);
#931=FACE_OUTER_BOUND('',#1510,.T.);
#932=FACE_OUTER_BOUND('',#1511,.T.);
#933=FACE_OUTER_BOUND('',#1512,.T.);
#934=FACE_OUTER_BOUND('',#1513,.T.);
#935=FACE_OUTER_BOUND('',#1514,.T.);
#936=FACE_OUTER_BOUND('',#1515,.T.);
#937=FACE_OUTER_BOUND('',#1523,.T.);
#938=FACE_OUTER_BOUND('',#1531,.T.);
#939=FACE_OUTER_BOUND('',#1533,.T.);
#940=FACE_OUTER_BOUND('',#1535,.T.);
#941=FACE_OUTER_BOUND('',#1536,.T.);
#942=FACE_OUTER_BOUND('',#1537,.T.);
#943=FACE_OUTER_BOUND('',#1538,.T.);
#944=FACE_OUTER_BOUND('',#1539,.T.);
#945=FACE_OUTER_BOUND('',#1540,.T.);
#946=FACE_OUTER_BOUND('',#1541,.T.);
#947=FACE_OUTER_BOUND('',#1542,.T.);
#948=FACE_OUTER_BOUND('',#1543,.T.);
#949=FACE_OUTER_BOUND('',#1544,.T.);
#950=FACE_OUTER_BOUND('',#1545,.T.);
#951=FACE_OUTER_BOUND('',#1546,.T.);
#952=FACE_OUTER_BOUND('',#1547,.T.);
#953=FACE_OUTER_BOUND('',#1548,.T.);
#954=FACE_OUTER_BOUND('',#1549,.T.);
#955=FACE_OUTER_BOUND('',#1550,.T.);
#956=FACE_OUTER_BOUND('',#1551,.T.);
#957=FACE_OUTER_BOUND('',#1552,.T.);
#958=FACE_OUTER_BOUND('',#1553,.T.);
#959=FACE_OUTER_BOUND('',#1554,.T.);
#960=FACE_OUTER_BOUND('',#1555,.T.);
#961=FACE_OUTER_BOUND('',#1556,.T.);
#962=FACE_OUTER_BOUND('',#1557,.T.);
#963=FACE_OUTER_BOUND('',#1558,.T.);
#964=FACE_OUTER_BOUND('',#1559,.T.);
#965=FACE_OUTER_BOUND('',#1560,.T.);
#966=FACE_OUTER_BOUND('',#1561,.T.);
#967=FACE_OUTER_BOUND('',#1562,.T.);
#968=FACE_OUTER_BOUND('',#1563,.T.);
#969=FACE_OUTER_BOUND('',#1571,.T.);
#970=FACE_OUTER_BOUND('',#1579,.T.);
#971=FACE_OUTER_BOUND('',#1581,.T.);
#972=FACE_OUTER_BOUND('',#1583,.T.);
#973=FACE_OUTER_BOUND('',#1584,.T.);
#974=FACE_OUTER_BOUND('',#1585,.T.);
#975=FACE_OUTER_BOUND('',#1586,.T.);
#976=FACE_OUTER_BOUND('',#1587,.T.);
#977=FACE_OUTER_BOUND('',#1588,.T.);
#978=FACE_OUTER_BOUND('',#1589,.T.);
#979=FACE_OUTER_BOUND('',#1590,.T.);
#980=FACE_OUTER_BOUND('',#1591,.T.);
#981=FACE_OUTER_BOUND('',#1592,.T.);
#982=FACE_OUTER_BOUND('',#1593,.T.);
#983=FACE_OUTER_BOUND('',#1594,.T.);
#984=FACE_OUTER_BOUND('',#1595,.T.);
#985=FACE_OUTER_BOUND('',#1596,.T.);
#986=FACE_OUTER_BOUND('',#1597,.T.);
#987=FACE_OUTER_BOUND('',#1598,.T.);
#988=FACE_OUTER_BOUND('',#1599,.T.);
#989=FACE_OUTER_BOUND('',#1600,.T.);
#990=FACE_OUTER_BOUND('',#1601,.T.);
#991=FACE_OUTER_BOUND('',#1602,.T.);
#992=FACE_OUTER_BOUND('',#1603,.T.);
#993=FACE_OUTER_BOUND('',#1604,.T.);
#994=FACE_OUTER_BOUND('',#1605,.T.);
#995=FACE_OUTER_BOUND('',#1606,.T.);
#996=FACE_OUTER_BOUND('',#1607,.T.);
#997=FACE_OUTER_BOUND('',#1608,.T.);
#998=FACE_OUTER_BOUND('',#1609,.T.);
#999=FACE_OUTER_BOUND('',#1610,.T.);
#1000=FACE_OUTER_BOUND('',#1611,.T.);
#1001=FACE_OUTER_BOUND('',#1619,.T.);
#1002=FACE_OUTER_BOUND('',#1627,.T.);
#1003=FACE_OUTER_BOUND('',#1629,.T.);
#1004=FACE_OUTER_BOUND('',#1631,.T.);
#1005=FACE_OUTER_BOUND('',#1633,.T.);
#1006=FACE_OUTER_BOUND('',#1643,.T.);
#1007=FACE_OUTER_BOUND('',#1644,.T.);
#1008=FACE_OUTER_BOUND('',#1645,.T.);
#1009=FACE_OUTER_BOUND('',#1646,.T.);
#1010=FACE_OUTER_BOUND('',#1647,.T.);
#1011=FACE_OUTER_BOUND('',#1648,.T.);
#1012=FACE_OUTER_BOUND('',#1649,.T.);
#1013=FACE_OUTER_BOUND('',#1650,.T.);
#1014=FACE_OUTER_BOUND('',#1651,.T.);
#1015=FACE_OUTER_BOUND('',#1652,.T.);
#1016=FACE_OUTER_BOUND('',#1653,.T.);
#1017=FACE_OUTER_BOUND('',#1654,.T.);
#1018=FACE_OUTER_BOUND('',#1655,.T.);
#1019=FACE_OUTER_BOUND('',#1656,.T.);
#1020=FACE_OUTER_BOUND('',#1657,.T.);
#1021=FACE_OUTER_BOUND('',#1658,.T.);
#1022=FACE_OUTER_BOUND('',#1659,.T.);
#1023=FACE_OUTER_BOUND('',#1660,.T.);
#1024=FACE_OUTER_BOUND('',#1661,.T.);
#1025=FACE_OUTER_BOUND('',#1662,.T.);
#1026=FACE_OUTER_BOUND('',#1663,.T.);
#1027=FACE_OUTER_BOUND('',#1664,.T.);
#1028=FACE_OUTER_BOUND('',#1665,.T.);
#1029=FACE_OUTER_BOUND('',#1666,.T.);
#1030=FACE_OUTER_BOUND('',#1667,.T.);
#1031=FACE_OUTER_BOUND('',#1668,.T.);
#1032=FACE_OUTER_BOUND('',#1669,.T.);
#1033=FACE_OUTER_BOUND('',#1670,.T.);
#1034=FACE_OUTER_BOUND('',#1671,.T.);
#1035=FACE_OUTER_BOUND('',#1672,.T.);
#1036=FACE_OUTER_BOUND('',#1673,.T.);
#1037=FACE_OUTER_BOUND('',#1674,.T.);
#1038=FACE_OUTER_BOUND('',#1675,.T.);
#1039=FACE_OUTER_BOUND('',#1680,.T.);
#1040=FACE_OUTER_BOUND('',#1681,.T.);
#1041=FACE_OUTER_BOUND('',#1686,.T.);
#1042=FACE_OUTER_BOUND('',#1688,.T.);
#1043=FACE_OUTER_BOUND('',#1689,.T.);
#1044=FACE_OUTER_BOUND('',#1690,.T.);
#1045=FACE_OUTER_BOUND('',#1691,.T.);
#1046=FACE_OUTER_BOUND('',#1692,.T.);
#1047=FACE_OUTER_BOUND('',#1693,.T.);
#1048=EDGE_LOOP('',(#5040,#5041,#5042,#5043));
#1049=EDGE_LOOP('',(#5044));
#1050=EDGE_LOOP('',(#5045));
#1051=EDGE_LOOP('',(#5046,#5047,#5048,#5049));
#1052=EDGE_LOOP('',(#5050));
#1053=EDGE_LOOP('',(#5051));
#1054=EDGE_LOOP('',(#5052,#5053,#5054,#5055));
#1055=EDGE_LOOP('',(#5056,#5057,#5058,#5059));
#1056=EDGE_LOOP('',(#5060,#5061,#5062,#5063));
#1057=EDGE_LOOP('',(#5064,#5065,#5066,#5067));
#1058=EDGE_LOOP('',(#5068,#5069,#5070,#5071));
#1059=EDGE_LOOP('',(#5072,#5073,#5074,#5075));
#1060=EDGE_LOOP('',(#5076,#5077,#5078,#5079));
#1061=EDGE_LOOP('',(#5080,#5081,#5082,#5083));
#1062=EDGE_LOOP('',(#5084,#5085,#5086,#5087));
#1063=EDGE_LOOP('',(#5088,#5089,#5090,#5091));
#1064=EDGE_LOOP('',(#5092,#5093,#5094,#5095));
#1065=EDGE_LOOP('',(#5096,#5097,#5098,#5099));
#1066=EDGE_LOOP('',(#5100,#5101,#5102,#5103));
#1067=EDGE_LOOP('',(#5104,#5105,#5106,#5107));
#1068=EDGE_LOOP('',(#5108,#5109,#5110,#5111));
#1069=EDGE_LOOP('',(#5112,#5113,#5114,#5115));
#1070=EDGE_LOOP('',(#5116,#5117,#5118,#5119));
#1071=EDGE_LOOP('',(#5120,#5121,#5122,#5123));
#1072=EDGE_LOOP('',(#5124,#5125,#5126,#5127));
#1073=EDGE_LOOP('',(#5128,#5129,#5130,#5131));
#1074=EDGE_LOOP('',(#5132,#5133,#5134,#5135));
#1075=EDGE_LOOP('',(#5136,#5137,#5138,#5139));
#1076=EDGE_LOOP('',(#5140,#5141,#5142,#5143));
#1077=EDGE_LOOP('',(#5144,#5145,#5146,#5147));
#1078=EDGE_LOOP('',(#5148));
#1079=EDGE_LOOP('',(#5149,#5150,#5151));
#1080=EDGE_LOOP('',(#5152));
#1081=EDGE_LOOP('',(#5153));
#1082=EDGE_LOOP('',(#5154));
#1083=EDGE_LOOP('',(#5155));
#1084=EDGE_LOOP('',(#5156));
#1085=EDGE_LOOP('',(#5157,#5158,#5159,#5160,#5161,#5162,#5163,#5164,#5165));
#1086=EDGE_LOOP('',(#5166,#5167,#5168,#5169,#5170,#5171,#5172,#5173,#5174));
#1087=EDGE_LOOP('',(#5175,#5176,#5177,#5178,#5179,#5180,#5181,#5182,#5183));
#1088=EDGE_LOOP('',(#5184,#5185,#5186,#5187,#5188,#5189,#5190,#5191,#5192));
#1089=EDGE_LOOP('',(#5193,#5194,#5195,#5196,#5197,#5198,#5199,#5200,#5201));
#1090=EDGE_LOOP('',(#5202,#5203,#5204,#5205,#5206,#5207,#5208,#5209,#5210));
#1091=EDGE_LOOP('',(#5211,#5212,#5213));
#1092=EDGE_LOOP('',(#5214,#5215,#5216,#5217,#5218,#5219,#5220,#5221,#5222,
#5223,#5224,#5225));
#1093=EDGE_LOOP('',(#5226,#5227,#5228));
#1094=EDGE_LOOP('',(#5229,#5230,#5231,#5232,#5233,#5234,#5235,#5236,#5237,
#5238,#5239,#5240));
#1095=EDGE_LOOP('',(#5241,#5242,#5243));
#1096=EDGE_LOOP('',(#5244,#5245,#5246,#5247,#5248,#5249,#5250,#5251,#5252,
#5253,#5254,#5255));
#1097=EDGE_LOOP('',(#5256,#5257,#5258,#5259));
#1098=EDGE_LOOP('',(#5260,#5261,#5262,#5263));
#1099=EDGE_LOOP('',(#5264,#5265,#5266,#5267));
#1100=EDGE_LOOP('',(#5268,#5269,#5270,#5271));
#1101=EDGE_LOOP('',(#5272,#5273,#5274,#5275));
#1102=EDGE_LOOP('',(#5276,#5277,#5278,#5279));
#1103=EDGE_LOOP('',(#5280,#5281,#5282,#5283));
#1104=EDGE_LOOP('',(#5284,#5285,#5286,#5287));
#1105=EDGE_LOOP('',(#5288,#5289,#5290,#5291,#5292,#5293,#5294,#5295,#5296,
#5297,#5298,#5299));
#1106=EDGE_LOOP('',(#5300,#5301,#5302,#5303));
#1107=EDGE_LOOP('',(#5304,#5305,#5306,#5307));
#1108=EDGE_LOOP('',(#5308,#5309,#5310,#5311));
#1109=EDGE_LOOP('',(#5312,#5313,#5314,#5315));
#1110=EDGE_LOOP('',(#5316,#5317,#5318,#5319));
#1111=EDGE_LOOP('',(#5320,#5321,#5322,#5323));
#1112=EDGE_LOOP('',(#5324,#5325,#5326,#5327));
#1113=EDGE_LOOP('',(#5328,#5329,#5330,#5331));
#1114=EDGE_LOOP('',(#5332,#5333,#5334,#5335));
#1115=EDGE_LOOP('',(#5336,#5337,#5338,#5339));
#1116=EDGE_LOOP('',(#5340,#5341,#5342,#5343));
#1117=EDGE_LOOP('',(#5344,#5345,#5346,#5347));
#1118=EDGE_LOOP('',(#5348,#5349,#5350,#5351));
#1119=EDGE_LOOP('',(#5352,#5353,#5354,#5355));
#1120=EDGE_LOOP('',(#5356,#5357,#5358,#5359));
#1121=EDGE_LOOP('',(#5360,#5361,#5362,#5363));
#1122=EDGE_LOOP('',(#5364,#5365,#5366));
#1123=EDGE_LOOP('',(#5367,#5368,#5369,#5370,#5371,#5372,#5373,#5374,#5375,
#5376,#5377,#5378));
#1124=EDGE_LOOP('',(#5379,#5380,#5381));
#1125=EDGE_LOOP('',(#5382,#5383,#5384,#5385,#5386,#5387,#5388,#5389,#5390,
#5391,#5392,#5393));
#1126=EDGE_LOOP('',(#5394,#5395,#5396));
#1127=EDGE_LOOP('',(#5397,#5398,#5399,#5400,#5401,#5402));
#1128=EDGE_LOOP('',(#5403,#5404,#5405,#5406));
#1129=EDGE_LOOP('',(#5407));
#1130=EDGE_LOOP('',(#5408));
#1131=EDGE_LOOP('',(#5409,#5410,#5411,#5412));
#1132=EDGE_LOOP('',(#5413));
#1133=EDGE_LOOP('',(#5414));
#1134=EDGE_LOOP('',(#5415,#5416,#5417,#5418));
#1135=EDGE_LOOP('',(#5419));
#1136=EDGE_LOOP('',(#5420));
#1137=EDGE_LOOP('',(#5421,#5422,#5423,#5424));
#1138=EDGE_LOOP('',(#5425));
#1139=EDGE_LOOP('',(#5426));
#1140=EDGE_LOOP('',(#5427,#5428,#5429,#5430));
#1141=EDGE_LOOP('',(#5431));
#1142=EDGE_LOOP('',(#5432));
#1143=EDGE_LOOP('',(#5433,#5434,#5435,#5436,#5437,#5438,#5439));
#1144=EDGE_LOOP('',(#5440,#5441,#5442,#5443));
#1145=EDGE_LOOP('',(#5444,#5445,#5446,#5447));
#1146=EDGE_LOOP('',(#5448,#5449,#5450,#5451));
#1147=EDGE_LOOP('',(#5452,#5453,#5454,#5455));
#1148=EDGE_LOOP('',(#5456,#5457,#5458,#5459));
#1149=EDGE_LOOP('',(#5460,#5461,#5462,#5463,#5464));
#1150=EDGE_LOOP('',(#5465,#5466,#5467,#5468));
#1151=EDGE_LOOP('',(#5469,#5470,#5471,#5472,#5473));
#1152=EDGE_LOOP('',(#5474,#5475,#5476,#5477));
#1153=EDGE_LOOP('',(#5478,#5479,#5480,#5481,#5482));
#1154=EDGE_LOOP('',(#5483,#5484,#5485,#5486));
#1155=EDGE_LOOP('',(#5487,#5488,#5489,#5490,#5491));
#1156=EDGE_LOOP('',(#5492,#5493,#5494,#5495));
#1157=EDGE_LOOP('',(#5496,#5497,#5498,#5499,#5500));
#1158=EDGE_LOOP('',(#5501,#5502,#5503,#5504));
#1159=EDGE_LOOP('',(#5505,#5506,#5507,#5508,#5509));
#1160=EDGE_LOOP('',(#5510,#5511,#5512,#5513));
#1161=EDGE_LOOP('',(#5514,#5515,#5516,#5517,#5518));
#1162=EDGE_LOOP('',(#5519,#5520,#5521,#5522));
#1163=EDGE_LOOP('',(#5523,#5524,#5525,#5526,#5527));
#1164=EDGE_LOOP('',(#5528,#5529,#5530,#5531));
#1165=EDGE_LOOP('',(#5532,#5533,#5534,#5535,#5536));
#1166=EDGE_LOOP('',(#5537,#5538,#5539,#5540));
#1167=EDGE_LOOP('',(#5541,#5542,#5543,#5544,#5545));
#1168=EDGE_LOOP('',(#5546,#5547,#5548,#5549));
#1169=EDGE_LOOP('',(#5550,#5551,#5552,#5553,#5554));
#1170=EDGE_LOOP('',(#5555,#5556,#5557,#5558));
#1171=EDGE_LOOP('',(#5559,#5560,#5561,#5562,#5563));
#1172=EDGE_LOOP('',(#5564,#5565,#5566,#5567));
#1173=EDGE_LOOP('',(#5568,#5569,#5570,#5571,#5572));
#1174=EDGE_LOOP('',(#5573,#5574,#5575,#5576));
#1175=EDGE_LOOP('',(#5577,#5578,#5579,#5580,#5581));
#1176=EDGE_LOOP('',(#5582,#5583,#5584,#5585));
#1177=EDGE_LOOP('',(#5586,#5587,#5588,#5589,#5590));
#1178=EDGE_LOOP('',(#5591,#5592,#5593,#5594));
#1179=EDGE_LOOP('',(#5595,#5596,#5597,#5598,#5599));
#1180=EDGE_LOOP('',(#5600,#5601,#5602,#5603));
#1181=EDGE_LOOP('',(#5604,#5605,#5606,#5607,#5608));
#1182=EDGE_LOOP('',(#5609,#5610,#5611,#5612));
#1183=EDGE_LOOP('',(#5613,#5614,#5615,#5616,#5617));
#1184=EDGE_LOOP('',(#5618,#5619,#5620,#5621));
#1185=EDGE_LOOP('',(#5622,#5623,#5624,#5625,#5626));
#1186=EDGE_LOOP('',(#5627,#5628,#5629,#5630));
#1187=EDGE_LOOP('',(#5631,#5632,#5633,#5634,#5635));
#1188=EDGE_LOOP('',(#5636,#5637,#5638,#5639));
#1189=EDGE_LOOP('',(#5640,#5641,#5642,#5643,#5644));
#1190=EDGE_LOOP('',(#5645,#5646,#5647,#5648));
#1191=EDGE_LOOP('',(#5649,#5650,#5651,#5652));
#1192=EDGE_LOOP('',(#5653,#5654,#5655,#5656));
#1193=EDGE_LOOP('',(#5657,#5658,#5659,#5660));
#1194=EDGE_LOOP('',(#5661,#5662,#5663,#5664));
#1195=EDGE_LOOP('',(#5665,#5666,#5667,#5668,#5669));
#1196=EDGE_LOOP('',(#5670,#5671,#5672,#5673,#5674));
#1197=EDGE_LOOP('',(#5675,#5676,#5677,#5678,#5679));
#1198=EDGE_LOOP('',(#5680,#5681,#5682,#5683,#5684));
#1199=EDGE_LOOP('',(#5685,#5686,#5687,#5688,#5689));
#1200=EDGE_LOOP('',(#5690,#5691,#5692,#5693,#5694));
#1201=EDGE_LOOP('',(#5695,#5696,#5697,#5698,#5699));
#1202=EDGE_LOOP('',(#5700,#5701,#5702,#5703,#5704));
#1203=EDGE_LOOP('',(#5705,#5706,#5707,#5708,#5709));
#1204=EDGE_LOOP('',(#5710,#5711,#5712,#5713,#5714));
#1205=EDGE_LOOP('',(#5715,#5716,#5717,#5718,#5719));
#1206=EDGE_LOOP('',(#5720,#5721,#5722,#5723,#5724));
#1207=EDGE_LOOP('',(#5725,#5726,#5727,#5728,#5729));
#1208=EDGE_LOOP('',(#5730,#5731,#5732,#5733,#5734));
#1209=EDGE_LOOP('',(#5735,#5736,#5737,#5738,#5739));
#1210=EDGE_LOOP('',(#5740,#5741,#5742,#5743,#5744));
#1211=EDGE_LOOP('',(#5745,#5746,#5747,#5748,#5749));
#1212=EDGE_LOOP('',(#5750,#5751,#5752,#5753,#5754));
#1213=EDGE_LOOP('',(#5755,#5756,#5757,#5758,#5759));
#1214=EDGE_LOOP('',(#5760,#5761,#5762,#5763,#5764));
#1215=EDGE_LOOP('',(#5765,#5766,#5767,#5768,#5769));
#1216=EDGE_LOOP('',(#5770,#5771,#5772,#5773,#5774));
#1217=EDGE_LOOP('',(#5775,#5776,#5777,#5778));
#1218=EDGE_LOOP('',(#5779,#5780,#5781,#5782,#5783));
#1219=EDGE_LOOP('',(#5784));
#1220=EDGE_LOOP('',(#5785));
#1221=EDGE_LOOP('',(#5786));
#1222=EDGE_LOOP('',(#5787));
#1223=EDGE_LOOP('',(#5788));
#1224=EDGE_LOOP('',(#5789));
#1225=EDGE_LOOP('',(#5790));
#1226=EDGE_LOOP('',(#5791));
#1227=EDGE_LOOP('',(#5792));
#1228=EDGE_LOOP('',(#5793));
#1229=EDGE_LOOP('',(#5794));
#1230=EDGE_LOOP('',(#5795));
#1231=EDGE_LOOP('',(#5796));
#1232=EDGE_LOOP('',(#5797));
#1233=EDGE_LOOP('',(#5798));
#1234=EDGE_LOOP('',(#5799));
#1235=EDGE_LOOP('',(#5800));
#1236=EDGE_LOOP('',(#5801));
#1237=EDGE_LOOP('',(#5802));
#1238=EDGE_LOOP('',(#5803));
#1239=EDGE_LOOP('',(#5804));
#1240=EDGE_LOOP('',(#5805));
#1241=EDGE_LOOP('',(#5806));
#1242=EDGE_LOOP('',(#5807));
#1243=EDGE_LOOP('',(#5808));
#1244=EDGE_LOOP('',(#5809));
#1245=EDGE_LOOP('',(#5810));
#1246=EDGE_LOOP('',(#5811));
#1247=EDGE_LOOP('',(#5812));
#1248=EDGE_LOOP('',(#5813));
#1249=EDGE_LOOP('',(#5814));
#1250=EDGE_LOOP('',(#5815));
#1251=EDGE_LOOP('',(#5816));
#1252=EDGE_LOOP('',(#5817));
#1253=EDGE_LOOP('',(#5818));
#1254=EDGE_LOOP('',(#5819));
#1255=EDGE_LOOP('',(#5820));
#1256=EDGE_LOOP('',(#5821));
#1257=EDGE_LOOP('',(#5822));
#1258=EDGE_LOOP('',(#5823));
#1259=EDGE_LOOP('',(#5824));
#1260=EDGE_LOOP('',(#5825));
#1261=EDGE_LOOP('',(#5826));
#1262=EDGE_LOOP('',(#5827));
#1263=EDGE_LOOP('',(#5828));
#1264=EDGE_LOOP('',(#5829));
#1265=EDGE_LOOP('',(#5830));
#1266=EDGE_LOOP('',(#5831));
#1267=EDGE_LOOP('',(#5832));
#1268=EDGE_LOOP('',(#5833));
#1269=EDGE_LOOP('',(#5834));
#1270=EDGE_LOOP('',(#5835));
#1271=EDGE_LOOP('',(#5836));
#1272=EDGE_LOOP('',(#5837));
#1273=EDGE_LOOP('',(#5838));
#1274=EDGE_LOOP('',(#5839));
#1275=EDGE_LOOP('',(#5840));
#1276=EDGE_LOOP('',(#5841));
#1277=EDGE_LOOP('',(#5842,#5843,#5844,#5845));
#1278=EDGE_LOOP('',(#5846,#5847,#5848,#5849));
#1279=EDGE_LOOP('',(#5850));
#1280=EDGE_LOOP('',(#5851));
#1281=EDGE_LOOP('',(#5852));
#1282=EDGE_LOOP('',(#5853));
#1283=EDGE_LOOP('',(#5854));
#1284=EDGE_LOOP('',(#5855));
#1285=EDGE_LOOP('',(#5856));
#1286=EDGE_LOOP('',(#5857));
#1287=EDGE_LOOP('',(#5858));
#1288=EDGE_LOOP('',(#5859));
#1289=EDGE_LOOP('',(#5860));
#1290=EDGE_LOOP('',(#5861));
#1291=EDGE_LOOP('',(#5862));
#1292=EDGE_LOOP('',(#5863));
#1293=EDGE_LOOP('',(#5864));
#1294=EDGE_LOOP('',(#5865));
#1295=EDGE_LOOP('',(#5866));
#1296=EDGE_LOOP('',(#5867));
#1297=EDGE_LOOP('',(#5868));
#1298=EDGE_LOOP('',(#5869));
#1299=EDGE_LOOP('',(#5870,#5871,#5872,#5873,#5874));
#1300=EDGE_LOOP('',(#5875,#5876,#5877,#5878,#5879));
#1301=EDGE_LOOP('',(#5880,#5881,#5882,#5883));
#1302=EDGE_LOOP('',(#5884,#5885,#5886,#5887,#5888));
#1303=EDGE_LOOP('',(#5889,#5890,#5891,#5892));
#1304=EDGE_LOOP('',(#5893,#5894,#5895,#5896,#5897));
#1305=EDGE_LOOP('',(#5898,#5899,#5900,#5901));
#1306=EDGE_LOOP('',(#5902,#5903,#5904,#5905,#5906));
#1307=EDGE_LOOP('',(#5907,#5908,#5909,#5910));
#1308=EDGE_LOOP('',(#5911,#5912,#5913,#5914,#5915));
#1309=EDGE_LOOP('',(#5916,#5917,#5918,#5919));
#1310=EDGE_LOOP('',(#5920,#5921,#5922,#5923,#5924));
#1311=EDGE_LOOP('',(#5925,#5926,#5927,#5928));
#1312=EDGE_LOOP('',(#5929,#5930,#5931,#5932,#5933));
#1313=EDGE_LOOP('',(#5934,#5935,#5936,#5937));
#1314=EDGE_LOOP('',(#5938,#5939,#5940,#5941,#5942));
#1315=EDGE_LOOP('',(#5943,#5944,#5945,#5946));
#1316=EDGE_LOOP('',(#5947,#5948,#5949,#5950,#5951));
#1317=EDGE_LOOP('',(#5952,#5953,#5954,#5955));
#1318=EDGE_LOOP('',(#5956,#5957,#5958,#5959,#5960));
#1319=EDGE_LOOP('',(#5961,#5962,#5963,#5964));
#1320=EDGE_LOOP('',(#5965,#5966,#5967,#5968,#5969));
#1321=EDGE_LOOP('',(#5970,#5971,#5972,#5973));
#1322=EDGE_LOOP('',(#5974,#5975,#5976,#5977,#5978));
#1323=EDGE_LOOP('',(#5979,#5980,#5981,#5982));
#1324=EDGE_LOOP('',(#5983,#5984,#5985,#5986,#5987));
#1325=EDGE_LOOP('',(#5988,#5989,#5990,#5991));
#1326=EDGE_LOOP('',(#5992,#5993,#5994,#5995,#5996));
#1327=EDGE_LOOP('',(#5997,#5998,#5999,#6000));
#1328=EDGE_LOOP('',(#6001,#6002,#6003,#6004,#6005));
#1329=EDGE_LOOP('',(#6006,#6007,#6008,#6009));
#1330=EDGE_LOOP('',(#6010,#6011,#6012,#6013,#6014));
#1331=EDGE_LOOP('',(#6015,#6016,#6017,#6018));
#1332=EDGE_LOOP('',(#6019,#6020,#6021,#6022,#6023));
#1333=EDGE_LOOP('',(#6024,#6025,#6026,#6027));
#1334=EDGE_LOOP('',(#6028,#6029,#6030,#6031,#6032));
#1335=EDGE_LOOP('',(#6033,#6034,#6035,#6036,#6037));
#1336=EDGE_LOOP('',(#6038,#6039,#6040,#6041,#6042));
#1337=EDGE_LOOP('',(#6043,#6044,#6045,#6046,#6047));
#1338=EDGE_LOOP('',(#6048,#6049,#6050,#6051,#6052));
#1339=EDGE_LOOP('',(#6053,#6054,#6055,#6056,#6057));
#1340=EDGE_LOOP('',(#6058,#6059,#6060,#6061,#6062));
#1341=EDGE_LOOP('',(#6063,#6064,#6065,#6066,#6067));
#1342=EDGE_LOOP('',(#6068,#6069,#6070,#6071,#6072));
#1343=EDGE_LOOP('',(#6073,#6074,#6075,#6076,#6077));
#1344=EDGE_LOOP('',(#6078,#6079,#6080,#6081,#6082));
#1345=EDGE_LOOP('',(#6083,#6084,#6085,#6086,#6087));
#1346=EDGE_LOOP('',(#6088,#6089,#6090,#6091,#6092));
#1347=EDGE_LOOP('',(#6093,#6094,#6095,#6096,#6097));
#1348=EDGE_LOOP('',(#6098,#6099,#6100,#6101,#6102));
#1349=EDGE_LOOP('',(#6103,#6104,#6105,#6106,#6107));
#1350=EDGE_LOOP('',(#6108,#6109,#6110,#6111));
#1351=EDGE_LOOP('',(#6112,#6113,#6114,#6115,#6116,#6117,#6118,#6119,#6120,
#6121,#6122,#6123));
#1352=EDGE_LOOP('',(#6124,#6125,#6126,#6127,#6128,#6129,#6130,#6131,#6132,
#6133,#6134,#6135));
#1353=EDGE_LOOP('',(#6136,#6137,#6138,#6139,#6140,#6141));
#1354=EDGE_LOOP('',(#6142,#6143,#6144,#6145,#6146));
#1355=EDGE_LOOP('',(#6147,#6148,#6149,#6150));
#1356=EDGE_LOOP('',(#6151));
#1357=EDGE_LOOP('',(#6152));
#1358=EDGE_LOOP('',(#6153));
#1359=EDGE_LOOP('',(#6154));
#1360=EDGE_LOOP('',(#6155));
#1361=EDGE_LOOP('',(#6156));
#1362=EDGE_LOOP('',(#6157));
#1363=EDGE_LOOP('',(#6158));
#1364=EDGE_LOOP('',(#6159,#6160,#6161,#6162));
#1365=EDGE_LOOP('',(#6163,#6164,#6165,#6166,#6167));
#1366=EDGE_LOOP('',(#6168));
#1367=EDGE_LOOP('',(#6169));
#1368=EDGE_LOOP('',(#6170));
#1369=EDGE_LOOP('',(#6171));
#1370=EDGE_LOOP('',(#6172));
#1371=EDGE_LOOP('',(#6173));
#1372=EDGE_LOOP('',(#6174));
#1373=EDGE_LOOP('',(#6175));
#1374=EDGE_LOOP('',(#6176));
#1375=EDGE_LOOP('',(#6177));
#1376=EDGE_LOOP('',(#6178,#6179,#6180,#6181,#6182));
#1377=EDGE_LOOP('',(#6183,#6184,#6185,#6186,#6187));
#1378=EDGE_LOOP('',(#6188,#6189,#6190,#6191));
#1379=EDGE_LOOP('',(#6192,#6193,#6194,#6195,#6196));
#1380=EDGE_LOOP('',(#6197,#6198,#6199,#6200,#6201));
#1381=EDGE_LOOP('',(#6202,#6203,#6204,#6205));
#1382=EDGE_LOOP('',(#6206));
#1383=EDGE_LOOP('',(#6207));
#1384=EDGE_LOOP('',(#6208,#6209,#6210,#6211));
#1385=EDGE_LOOP('',(#6212));
#1386=EDGE_LOOP('',(#6213));
#1387=EDGE_LOOP('',(#6214,#6215,#6216,#6217));
#1388=EDGE_LOOP('',(#6218,#6219,#6220,#6221));
#1389=EDGE_LOOP('',(#6222,#6223,#6224,#6225));
#1390=EDGE_LOOP('',(#6226,#6227,#6228,#6229));
#1391=EDGE_LOOP('',(#6230,#6231,#6232,#6233,#6234));
#1392=EDGE_LOOP('',(#6235,#6236,#6237,#6238));
#1393=EDGE_LOOP('',(#6239,#6240,#6241,#6242,#6243));
#1394=EDGE_LOOP('',(#6244,#6245,#6246,#6247));
#1395=EDGE_LOOP('',(#6248,#6249,#6250,#6251,#6252));
#1396=EDGE_LOOP('',(#6253,#6254,#6255,#6256));
#1397=EDGE_LOOP('',(#6257,#6258,#6259,#6260,#6261));
#1398=EDGE_LOOP('',(#6262,#6263,#6264,#6265));
#1399=EDGE_LOOP('',(#6266,#6267,#6268,#6269,#6270));
#1400=EDGE_LOOP('',(#6271,#6272,#6273,#6274));
#1401=EDGE_LOOP('',(#6275,#6276,#6277,#6278,#6279));
#1402=EDGE_LOOP('',(#6280,#6281,#6282,#6283));
#1403=EDGE_LOOP('',(#6284,#6285,#6286,#6287,#6288,#6289,#6290,#6291,#6292));
#1404=EDGE_LOOP('',(#6293,#6294,#6295,#6296));
#1405=EDGE_LOOP('',(#6297,#6298,#6299,#6300,#6301));
#1406=EDGE_LOOP('',(#6302,#6303,#6304,#6305,#6306));
#1407=EDGE_LOOP('',(#6307,#6308,#6309,#6310,#6311));
#1408=EDGE_LOOP('',(#6312,#6313,#6314,#6315,#6316));
#1409=EDGE_LOOP('',(#6317,#6318,#6319,#6320,#6321));
#1410=EDGE_LOOP('',(#6322,#6323,#6324,#6325,#6326));
#1411=EDGE_LOOP('',(#6327,#6328,#6329,#6330,#6331));
#1412=EDGE_LOOP('',(#6332,#6333,#6334,#6335,#6336));
#1413=EDGE_LOOP('',(#6337,#6338,#6339,#6340,#6341,#6342));
#1414=EDGE_LOOP('',(#6343,#6344,#6345,#6346,#6347));
#1415=EDGE_LOOP('',(#6348,#6349,#6350,#6351,#6352,#6353,#6354,#6355));
#1416=EDGE_LOOP('',(#6356,#6357,#6358,#6359));
#1417=EDGE_LOOP('',(#6360));
#1418=EDGE_LOOP('',(#6361));
#1419=EDGE_LOOP('',(#6362));
#1420=EDGE_LOOP('',(#6363));
#1421=EDGE_LOOP('',(#6364));
#1422=EDGE_LOOP('',(#6365));
#1423=EDGE_LOOP('',(#6366));
#1424=EDGE_LOOP('',(#6367));
#1425=EDGE_LOOP('',(#6368,#6369,#6370,#6371));
#1426=EDGE_LOOP('',(#6372));
#1427=EDGE_LOOP('',(#6373));
#1428=EDGE_LOOP('',(#6374));
#1429=EDGE_LOOP('',(#6375));
#1430=EDGE_LOOP('',(#6376));
#1431=EDGE_LOOP('',(#6377));
#1432=EDGE_LOOP('',(#6378));
#1433=EDGE_LOOP('',(#6379));
#1434=EDGE_LOOP('',(#6380,#6381,#6382,#6383));
#1435=EDGE_LOOP('',(#6384,#6385,#6386,#6387,#6388,#6389));
#1436=EDGE_LOOP('',(#6390,#6391,#6392,#6393,#6394,#6395));
#1437=EDGE_LOOP('',(#6396));
#1438=EDGE_LOOP('',(#6397));
#1439=EDGE_LOOP('',(#6398,#6399,#6400,#6401));
#1440=EDGE_LOOP('',(#6402,#6403,#6404,#6405));
#1441=EDGE_LOOP('',(#6406,#6407,#6408,#6409));
#1442=EDGE_LOOP('',(#6410,#6411,#6412,#6413,#6414));
#1443=EDGE_LOOP('',(#6415,#6416,#6417,#6418));
#1444=EDGE_LOOP('',(#6419,#6420,#6421,#6422,#6423));
#1445=EDGE_LOOP('',(#6424,#6425,#6426,#6427));
#1446=EDGE_LOOP('',(#6428,#6429,#6430,#6431,#6432));
#1447=EDGE_LOOP('',(#6433,#6434,#6435,#6436));
#1448=EDGE_LOOP('',(#6437,#6438,#6439,#6440,#6441));
#1449=EDGE_LOOP('',(#6442,#6443,#6444,#6445));
#1450=EDGE_LOOP('',(#6446,#6447,#6448,#6449,#6450));
#1451=EDGE_LOOP('',(#6451,#6452,#6453,#6454));
#1452=EDGE_LOOP('',(#6455,#6456,#6457,#6458,#6459));
#1453=EDGE_LOOP('',(#6460,#6461,#6462,#6463));
#1454=EDGE_LOOP('',(#6464,#6465,#6466,#6467,#6468));
#1455=EDGE_LOOP('',(#6469,#6470,#6471,#6472,#6473));
#1456=EDGE_LOOP('',(#6474,#6475,#6476,#6477,#6478));
#1457=EDGE_LOOP('',(#6479,#6480,#6481,#6482,#6483));
#1458=EDGE_LOOP('',(#6484,#6485,#6486,#6487,#6488));
#1459=EDGE_LOOP('',(#6489,#6490,#6491,#6492,#6493));
#1460=EDGE_LOOP('',(#6494,#6495,#6496,#6497));
#1461=EDGE_LOOP('',(#6498,#6499,#6500,#6501,#6502));
#1462=EDGE_LOOP('',(#6503,#6504,#6505,#6506,#6507));
#1463=EDGE_LOOP('',(#6508,#6509,#6510,#6511,#6512,#6513));
#1464=EDGE_LOOP('',(#6514,#6515,#6516,#6517,#6518));
#1465=EDGE_LOOP('',(#6519,#6520,#6521,#6522,#6523));
#1466=EDGE_LOOP('',(#6524,#6525,#6526,#6527));
#1467=EDGE_LOOP('',(#6528));
#1468=EDGE_LOOP('',(#6529));
#1469=EDGE_LOOP('',(#6530));
#1470=EDGE_LOOP('',(#6531));
#1471=EDGE_LOOP('',(#6532));
#1472=EDGE_LOOP('',(#6533));
#1473=EDGE_LOOP('',(#6534));
#1474=EDGE_LOOP('',(#6535));
#1475=EDGE_LOOP('',(#6536));
#1476=EDGE_LOOP('',(#6537));
#1477=EDGE_LOOP('',(#6538));
#1478=EDGE_LOOP('',(#6539));
#1479=EDGE_LOOP('',(#6540));
#1480=EDGE_LOOP('',(#6541));
#1481=EDGE_LOOP('',(#6542));
#1482=EDGE_LOOP('',(#6543));
#1483=EDGE_LOOP('',(#6544));
#1484=EDGE_LOOP('',(#6545));
#1485=EDGE_LOOP('',(#6546));
#1486=EDGE_LOOP('',(#6547));
#1487=EDGE_LOOP('',(#6548,#6549,#6550,#6551));
#1488=EDGE_LOOP('',(#6552,#6553,#6554,#6555));
#1489=EDGE_LOOP('',(#6556,#6557,#6558,#6559));
#1490=EDGE_LOOP('',(#6560,#6561,#6562,#6563,#6564));
#1491=EDGE_LOOP('',(#6565,#6566,#6567,#6568));
#1492=EDGE_LOOP('',(#6569,#6570,#6571,#6572,#6573));
#1493=EDGE_LOOP('',(#6574,#6575,#6576,#6577));
#1494=EDGE_LOOP('',(#6578,#6579,#6580,#6581,#6582));
#1495=EDGE_LOOP('',(#6583,#6584,#6585,#6586));
#1496=EDGE_LOOP('',(#6587,#6588,#6589,#6590,#6591));
#1497=EDGE_LOOP('',(#6592,#6593,#6594,#6595));
#1498=EDGE_LOOP('',(#6596,#6597,#6598,#6599,#6600));
#1499=EDGE_LOOP('',(#6601,#6602,#6603,#6604));
#1500=EDGE_LOOP('',(#6605,#6606,#6607,#6608,#6609));
#1501=EDGE_LOOP('',(#6610,#6611,#6612,#6613));
#1502=EDGE_LOOP('',(#6614,#6615,#6616,#6617,#6618));
#1503=EDGE_LOOP('',(#6619,#6620,#6621,#6622,#6623));
#1504=EDGE_LOOP('',(#6624,#6625,#6626,#6627,#6628));
#1505=EDGE_LOOP('',(#6629,#6630,#6631,#6632,#6633));
#1506=EDGE_LOOP('',(#6634,#6635,#6636,#6637,#6638));
#1507=EDGE_LOOP('',(#6639,#6640,#6641,#6642,#6643));
#1508=EDGE_LOOP('',(#6644,#6645,#6646,#6647));
#1509=EDGE_LOOP('',(#6648,#6649,#6650,#6651,#6652));
#1510=EDGE_LOOP('',(#6653,#6654,#6655,#6656,#6657));
#1511=EDGE_LOOP('',(#6658,#6659,#6660,#6661,#6662,#6663));
#1512=EDGE_LOOP('',(#6664,#6665,#6666,#6667,#6668));
#1513=EDGE_LOOP('',(#6669,#6670,#6671,#6672,#6673));
#1514=EDGE_LOOP('',(#6674,#6675,#6676,#6677));
#1515=EDGE_LOOP('',(#6678));
#1516=EDGE_LOOP('',(#6679));
#1517=EDGE_LOOP('',(#6680));
#1518=EDGE_LOOP('',(#6681));
#1519=EDGE_LOOP('',(#6682));
#1520=EDGE_LOOP('',(#6683));
#1521=EDGE_LOOP('',(#6684));
#1522=EDGE_LOOP('',(#6685));
#1523=EDGE_LOOP('',(#6686));
#1524=EDGE_LOOP('',(#6687));
#1525=EDGE_LOOP('',(#6688));
#1526=EDGE_LOOP('',(#6689));
#1527=EDGE_LOOP('',(#6690));
#1528=EDGE_LOOP('',(#6691));
#1529=EDGE_LOOP('',(#6692));
#1530=EDGE_LOOP('',(#6693));
#1531=EDGE_LOOP('',(#6694));
#1532=EDGE_LOOP('',(#6695));
#1533=EDGE_LOOP('',(#6696));
#1534=EDGE_LOOP('',(#6697));
#1535=EDGE_LOOP('',(#6698,#6699,#6700,#6701));
#1536=EDGE_LOOP('',(#6702,#6703,#6704,#6705));
#1537=EDGE_LOOP('',(#6706,#6707,#6708,#6709));
#1538=EDGE_LOOP('',(#6710,#6711,#6712,#6713,#6714));
#1539=EDGE_LOOP('',(#6715,#6716,#6717,#6718));
#1540=EDGE_LOOP('',(#6719,#6720,#6721,#6722,#6723));
#1541=EDGE_LOOP('',(#6724,#6725,#6726,#6727));
#1542=EDGE_LOOP('',(#6728,#6729,#6730,#6731,#6732));
#1543=EDGE_LOOP('',(#6733,#6734,#6735,#6736));
#1544=EDGE_LOOP('',(#6737,#6738,#6739,#6740,#6741));
#1545=EDGE_LOOP('',(#6742,#6743,#6744,#6745));
#1546=EDGE_LOOP('',(#6746,#6747,#6748,#6749,#6750));
#1547=EDGE_LOOP('',(#6751,#6752,#6753,#6754));
#1548=EDGE_LOOP('',(#6755,#6756,#6757,#6758,#6759));
#1549=EDGE_LOOP('',(#6760,#6761,#6762,#6763));
#1550=EDGE_LOOP('',(#6764,#6765,#6766,#6767,#6768));
#1551=EDGE_LOOP('',(#6769,#6770,#6771,#6772,#6773));
#1552=EDGE_LOOP('',(#6774,#6775,#6776,#6777,#6778));
#1553=EDGE_LOOP('',(#6779,#6780,#6781,#6782,#6783));
#1554=EDGE_LOOP('',(#6784,#6785,#6786,#6787,#6788));
#1555=EDGE_LOOP('',(#6789,#6790,#6791,#6792,#6793));
#1556=EDGE_LOOP('',(#6794,#6795,#6796,#6797));
#1557=EDGE_LOOP('',(#6798,#6799,#6800,#6801,#6802));
#1558=EDGE_LOOP('',(#6803,#6804,#6805,#6806,#6807));
#1559=EDGE_LOOP('',(#6808,#6809,#6810,#6811,#6812,#6813));
#1560=EDGE_LOOP('',(#6814,#6815,#6816,#6817,#6818));
#1561=EDGE_LOOP('',(#6819,#6820,#6821,#6822,#6823));
#1562=EDGE_LOOP('',(#6824,#6825,#6826,#6827));
#1563=EDGE_LOOP('',(#6828));
#1564=EDGE_LOOP('',(#6829));
#1565=EDGE_LOOP('',(#6830));
#1566=EDGE_LOOP('',(#6831));
#1567=EDGE_LOOP('',(#6832));
#1568=EDGE_LOOP('',(#6833));
#1569=EDGE_LOOP('',(#6834));
#1570=EDGE_LOOP('',(#6835));
#1571=EDGE_LOOP('',(#6836));
#1572=EDGE_LOOP('',(#6837));
#1573=EDGE_LOOP('',(#6838));
#1574=EDGE_LOOP('',(#6839));
#1575=EDGE_LOOP('',(#6840));
#1576=EDGE_LOOP('',(#6841));
#1577=EDGE_LOOP('',(#6842));
#1578=EDGE_LOOP('',(#6843));
#1579=EDGE_LOOP('',(#6844));
#1580=EDGE_LOOP('',(#6845));
#1581=EDGE_LOOP('',(#6846));
#1582=EDGE_LOOP('',(#6847));
#1583=EDGE_LOOP('',(#6848,#6849,#6850,#6851));
#1584=EDGE_LOOP('',(#6852,#6853,#6854,#6855));
#1585=EDGE_LOOP('',(#6856,#6857,#6858,#6859));
#1586=EDGE_LOOP('',(#6860,#6861,#6862,#6863,#6864));
#1587=EDGE_LOOP('',(#6865,#6866,#6867,#6868));
#1588=EDGE_LOOP('',(#6869,#6870,#6871,#6872,#6873));
#1589=EDGE_LOOP('',(#6874,#6875,#6876,#6877));
#1590=EDGE_LOOP('',(#6878,#6879,#6880,#6881,#6882));
#1591=EDGE_LOOP('',(#6883,#6884,#6885,#6886));
#1592=EDGE_LOOP('',(#6887,#6888,#6889,#6890,#6891));
#1593=EDGE_LOOP('',(#6892,#6893,#6894,#6895));
#1594=EDGE_LOOP('',(#6896,#6897,#6898,#6899,#6900));
#1595=EDGE_LOOP('',(#6901,#6902,#6903,#6904));
#1596=EDGE_LOOP('',(#6905,#6906,#6907,#6908,#6909));
#1597=EDGE_LOOP('',(#6910,#6911,#6912,#6913));
#1598=EDGE_LOOP('',(#6914,#6915,#6916,#6917,#6918));
#1599=EDGE_LOOP('',(#6919,#6920,#6921,#6922,#6923));
#1600=EDGE_LOOP('',(#6924,#6925,#6926,#6927,#6928));
#1601=EDGE_LOOP('',(#6929,#6930,#6931,#6932,#6933));
#1602=EDGE_LOOP('',(#6934,#6935,#6936,#6937,#6938));
#1603=EDGE_LOOP('',(#6939,#6940,#6941,#6942,#6943));
#1604=EDGE_LOOP('',(#6944,#6945,#6946,#6947));
#1605=EDGE_LOOP('',(#6948,#6949,#6950,#6951,#6952));
#1606=EDGE_LOOP('',(#6953,#6954,#6955,#6956,#6957));
#1607=EDGE_LOOP('',(#6958,#6959,#6960,#6961,#6962,#6963));
#1608=EDGE_LOOP('',(#6964,#6965,#6966,#6967,#6968));
#1609=EDGE_LOOP('',(#6969,#6970,#6971,#6972,#6973));
#1610=EDGE_LOOP('',(#6974,#6975,#6976,#6977));
#1611=EDGE_LOOP('',(#6978));
#1612=EDGE_LOOP('',(#6979));
#1613=EDGE_LOOP('',(#6980));
#1614=EDGE_LOOP('',(#6981));
#1615=EDGE_LOOP('',(#6982));
#1616=EDGE_LOOP('',(#6983));
#1617=EDGE_LOOP('',(#6984));
#1618=EDGE_LOOP('',(#6985));
#1619=EDGE_LOOP('',(#6986));
#1620=EDGE_LOOP('',(#6987));
#1621=EDGE_LOOP('',(#6988));
#1622=EDGE_LOOP('',(#6989));
#1623=EDGE_LOOP('',(#6990));
#1624=EDGE_LOOP('',(#6991));
#1625=EDGE_LOOP('',(#6992));
#1626=EDGE_LOOP('',(#6993));
#1627=EDGE_LOOP('',(#6994));
#1628=EDGE_LOOP('',(#6995));
#1629=EDGE_LOOP('',(#6996));
#1630=EDGE_LOOP('',(#6997));
#1631=EDGE_LOOP('',(#6998));
#1632=EDGE_LOOP('',(#6999));
#1633=EDGE_LOOP('',(#7000));
#1634=EDGE_LOOP('',(#7001));
#1635=EDGE_LOOP('',(#7002));
#1636=EDGE_LOOP('',(#7003));
#1637=EDGE_LOOP('',(#7004));
#1638=EDGE_LOOP('',(#7005));
#1639=EDGE_LOOP('',(#7006));
#1640=EDGE_LOOP('',(#7007));
#1641=EDGE_LOOP('',(#7008));
#1642=EDGE_LOOP('',(#7009));
#1643=EDGE_LOOP('',(#7010,#7011,#7012,#7013,#7014));
#1644=EDGE_LOOP('',(#7015,#7016,#7017,#7018));
#1645=EDGE_LOOP('',(#7019,#7020,#7021,#7022,#7023));
#1646=EDGE_LOOP('',(#7024,#7025,#7026,#7027));
#1647=EDGE_LOOP('',(#7028,#7029,#7030,#7031,#7032));
#1648=EDGE_LOOP('',(#7033,#7034,#7035,#7036));
#1649=EDGE_LOOP('',(#7037,#7038,#7039,#7040,#7041));
#1650=EDGE_LOOP('',(#7042,#7043,#7044,#7045));
#1651=EDGE_LOOP('',(#7046,#7047,#7048,#7049,#7050));
#1652=EDGE_LOOP('',(#7051,#7052,#7053,#7054));
#1653=EDGE_LOOP('',(#7055,#7056,#7057,#7058,#7059));
#1654=EDGE_LOOP('',(#7060,#7061,#7062,#7063));
#1655=EDGE_LOOP('',(#7064,#7065,#7066,#7067,#7068));
#1656=EDGE_LOOP('',(#7069,#7070,#7071,#7072));
#1657=EDGE_LOOP('',(#7073,#7074,#7075,#7076,#7077));
#1658=EDGE_LOOP('',(#7078,#7079,#7080,#7081));
#1659=EDGE_LOOP('',(#7082,#7083,#7084,#7085,#7086));
#1660=EDGE_LOOP('',(#7087,#7088,#7089,#7090));
#1661=EDGE_LOOP('',(#7091,#7092,#7093,#7094,#7095));
#1662=EDGE_LOOP('',(#7096,#7097,#7098,#7099,#7100));
#1663=EDGE_LOOP('',(#7101,#7102,#7103,#7104,#7105));
#1664=EDGE_LOOP('',(#7106,#7107,#7108,#7109,#7110));
#1665=EDGE_LOOP('',(#7111,#7112,#7113,#7114,#7115));
#1666=EDGE_LOOP('',(#7116,#7117,#7118,#7119,#7120));
#1667=EDGE_LOOP('',(#7121,#7122,#7123,#7124,#7125));
#1668=EDGE_LOOP('',(#7126,#7127,#7128,#7129,#7130));
#1669=EDGE_LOOP('',(#7131,#7132,#7133,#7134));
#1670=EDGE_LOOP('',(#7135,#7136,#7137,#7138));
#1671=EDGE_LOOP('',(#7139,#7140,#7141,#7142,#7143));
#1672=EDGE_LOOP('',(#7144,#7145,#7146,#7147,#7148));
#1673=EDGE_LOOP('',(#7149,#7150,#7151,#7152,#7153,#7154,#7155,#7156,#7157,
#7158,#7159,#7160));
#1674=EDGE_LOOP('',(#7161,#7162,#7163,#7164,#7165,#7166,#7167,#7168,#7169,
#7170,#7171,#7172,#7173));
#1675=EDGE_LOOP('',(#7174,#7175,#7176,#7177,#7178));
#1676=EDGE_LOOP('',(#7179));
#1677=EDGE_LOOP('',(#7180));
#1678=EDGE_LOOP('',(#7181));
#1679=EDGE_LOOP('',(#7182));
#1680=EDGE_LOOP('',(#7183,#7184,#7185,#7186,#7187));
#1681=EDGE_LOOP('',(#7188,#7189,#7190,#7191));
#1682=EDGE_LOOP('',(#7192));
#1683=EDGE_LOOP('',(#7193));
#1684=EDGE_LOOP('',(#7194));
#1685=EDGE_LOOP('',(#7195));
#1686=EDGE_LOOP('',(#7196));
#1687=EDGE_LOOP('',(#7197));
#1688=EDGE_LOOP('',(#7198,#7199,#7200,#7201));
#1689=EDGE_LOOP('',(#7202,#7203,#7204,#7205,#7206));
#1690=EDGE_LOOP('',(#7207,#7208,#7209,#7210,#7211));
#1691=EDGE_LOOP('',(#7212,#7213,#7214,#7215));
#1692=EDGE_LOOP('',(#7216,#7217,#7218,#7219,#7220));
#1693=EDGE_LOOP('',(#7221,#7222,#7223,#7224,#7225));
#1694=LINE('',#11620,#2163);
#1695=LINE('',#11627,#2164);
#1696=LINE('',#11635,#2165);
#1697=LINE('',#11638,#2166);
#1698=LINE('',#11642,#2167);
#1699=LINE('',#11644,#2168);
#1700=LINE('',#11646,#2169);
#1701=LINE('',#11647,#2170);
#1702=LINE('',#11651,#2171);
#1703=LINE('',#11653,#2172);
#1704=LINE('',#11655,#2173);
#1705=LINE('',#11656,#2174);
#1706=LINE('',#11659,#2175);
#1707=LINE('',#11661,#2176);
#1708=LINE('',#11662,#2177);
#1709=LINE('',#11668,#2178);
#1710=LINE('',#11670,#2179);
#1711=LINE('',#11671,#2180);
#1712=LINE('',#11681,#2181);
#1713=LINE('',#11684,#2182);
#1714=LINE('',#11688,#2183);
#1715=LINE('',#11690,#2184);
#1716=LINE('',#11692,#2185);
#1717=LINE('',#11693,#2186);
#1718=LINE('',#11697,#2187);
#1719=LINE('',#11699,#2188);
#1720=LINE('',#11701,#2189);
#1721=LINE('',#11702,#2190);
#1722=LINE('',#11705,#2191);
#1723=LINE('',#11707,#2192);
#1724=LINE('',#11708,#2193);
#1725=LINE('',#11714,#2194);
#1726=LINE('',#11716,#2195);
#1727=LINE('',#11717,#2196);
#1728=LINE('',#11727,#2197);
#1729=LINE('',#11730,#2198);
#1730=LINE('',#11734,#2199);
#1731=LINE('',#11736,#2200);
#1732=LINE('',#11738,#2201);
#1733=LINE('',#11739,#2202);
#1734=LINE('',#11743,#2203);
#1735=LINE('',#11745,#2204);
#1736=LINE('',#11747,#2205);
#1737=LINE('',#11748,#2206);
#1738=LINE('',#11751,#2207);
#1739=LINE('',#11753,#2208);
#1740=LINE('',#11754,#2209);
#1741=LINE('',#11760,#2210);
#1742=LINE('',#11762,#2211);
#1743=LINE('',#11763,#2212);
#1744=LINE('',#11789,#2213);
#1745=LINE('',#11793,#2214);
#1746=LINE('',#11797,#2215);
#1747=LINE('',#11801,#2216);
#1748=LINE('',#11807,#2217);
#1749=LINE('',#11811,#2218);
#1750=LINE('',#11817,#2219);
#1751=LINE('',#11821,#2220);
#1752=LINE('',#11825,#2221);
#1753=LINE('',#11831,#2222);
#1754=LINE('',#11835,#2223);
#1755=LINE('',#11839,#2224);
#1756=LINE('',#11857,#2225);
#1757=LINE('',#11859,#2226);
#1758=LINE('',#11864,#2227);
#1759=LINE('',#11866,#2228);
#1760=LINE('',#11871,#2229);
#1761=LINE('',#11873,#2230);
#1762=LINE('',#11876,#2231);
#1763=LINE('',#11878,#2232);
#1764=LINE('',#11879,#2233);
#1765=LINE('',#11882,#2234);
#1766=LINE('',#11884,#2235);
#1767=LINE('',#11885,#2236);
#1768=LINE('',#11891,#2237);
#1769=LINE('',#11896,#2238);
#1770=LINE('',#11899,#2239);
#1771=LINE('',#11900,#2240);
#1772=LINE('',#11902,#2241);
#1773=LINE('',#11904,#2242);
#1774=LINE('',#11908,#2243);
#1775=LINE('',#11912,#2244);
#1776=LINE('',#11915,#2245);
#1777=LINE('',#11918,#2246);
#1778=LINE('',#11920,#2247);
#1779=LINE('',#11921,#2248);
#1780=LINE('',#11926,#2249);
#1781=LINE('',#11929,#2250);
#1782=LINE('',#11930,#2251);
#1783=LINE('',#11933,#2252);
#1784=LINE('',#11934,#2253);
#1785=LINE('',#11938,#2254);
#1786=LINE('',#11939,#2255);
#1787=LINE('',#11944,#2256);
#1788=LINE('',#11947,#2257);
#1789=LINE('',#11950,#2258);
#1790=LINE('',#11952,#2259);
#1791=LINE('',#11953,#2260);
#1792=LINE('',#11956,#2261);
#1793=LINE('',#11958,#2262);
#1794=LINE('',#11959,#2263);
#1795=LINE('',#11962,#2264);
#1796=LINE('',#11963,#2265);
#1797=LINE('',#11969,#2266);
#1798=LINE('',#11970,#2267);
#1799=LINE('',#11978,#2268);
#1800=LINE('',#11980,#2269);
#1801=LINE('',#11985,#2270);
#1802=LINE('',#11987,#2271);
#1803=LINE('',#11990,#2272);
#1804=LINE('',#12016,#2273);
#1805=LINE('',#12022,#2274);
#1806=LINE('',#12031,#2275);
#1807=LINE('',#12040,#2276);
#1808=LINE('',#12049,#2277);
#1809=LINE('',#12058,#2278);
#1810=LINE('',#12065,#2279);
#1811=LINE('',#12068,#2280);
#1812=LINE('',#12070,#2281);
#1813=LINE('',#12072,#2282);
#1814=LINE('',#12074,#2283);
#1815=LINE('',#12076,#2284);
#1816=LINE('',#12083,#2285);
#1817=LINE('',#12089,#2286);
#1818=LINE('',#12097,#2287);
#1819=LINE('',#12103,#2288);
#1820=LINE('',#12111,#2289);
#1821=LINE('',#12117,#2290);
#1822=LINE('',#12125,#2291);
#1823=LINE('',#12131,#2292);
#1824=LINE('',#12139,#2293);
#1825=LINE('',#12145,#2294);
#1826=LINE('',#12153,#2295);
#1827=LINE('',#12159,#2296);
#1828=LINE('',#12167,#2297);
#1829=LINE('',#12173,#2298);
#1830=LINE('',#12181,#2299);
#1831=LINE('',#12187,#2300);
#1832=LINE('',#12195,#2301);
#1833=LINE('',#12201,#2302);
#1834=LINE('',#12209,#2303);
#1835=LINE('',#12215,#2304);
#1836=LINE('',#12223,#2305);
#1837=LINE('',#12229,#2306);
#1838=LINE('',#12237,#2307);
#1839=LINE('',#12243,#2308);
#1840=LINE('',#12251,#2309);
#1841=LINE('',#12257,#2310);
#1842=LINE('',#12265,#2311);
#1843=LINE('',#12271,#2312);
#1844=LINE('',#12279,#2313);
#1845=LINE('',#12285,#2314);
#1846=LINE('',#12293,#2315);
#1847=LINE('',#12299,#2316);
#1848=LINE('',#12307,#2317);
#1849=LINE('',#12313,#2318);
#1850=LINE('',#12321,#2319);
#1851=LINE('',#12327,#2320);
#1852=LINE('',#12335,#2321);
#1853=LINE('',#12341,#2322);
#1854=LINE('',#12349,#2323);
#1855=LINE('',#12355,#2324);
#1856=LINE('',#12363,#2325);
#1857=LINE('',#12369,#2326);
#1858=LINE('',#12375,#2327);
#1859=LINE('',#12381,#2328);
#1860=LINE('',#12387,#2329);
#1861=LINE('',#12393,#2330);
#1862=LINE('',#12396,#2331);
#1863=LINE('',#12398,#2332);
#1864=LINE('',#12400,#2333);
#1865=LINE('',#12402,#2334);
#1866=LINE('',#12404,#2335);
#1867=LINE('',#12406,#2336);
#1868=LINE('',#12408,#2337);
#1869=LINE('',#12410,#2338);
#1870=LINE('',#12412,#2339);
#1871=LINE('',#12414,#2340);
#1872=LINE('',#12416,#2341);
#1873=LINE('',#12418,#2342);
#1874=LINE('',#12420,#2343);
#1875=LINE('',#12422,#2344);
#1876=LINE('',#12424,#2345);
#1877=LINE('',#12426,#2346);
#1878=LINE('',#12428,#2347);
#1879=LINE('',#12430,#2348);
#1880=LINE('',#12432,#2349);
#1881=LINE('',#12434,#2350);
#1882=LINE('',#12437,#2351);
#1883=LINE('',#12444,#2352);
#1884=LINE('',#12448,#2353);
#1885=LINE('',#12450,#2354);
#1886=LINE('',#12458,#2355);
#1887=LINE('',#12463,#2356);
#1888=LINE('',#12517,#2357);
#1889=LINE('',#12522,#2358);
#1890=LINE('',#12529,#2359);
#1891=LINE('',#12534,#2360);
#1892=LINE('',#12541,#2361);
#1893=LINE('',#12546,#2362);
#1894=LINE('',#12553,#2363);
#1895=LINE('',#12558,#2364);
#1896=LINE('',#12565,#2365);
#1897=LINE('',#12570,#2366);
#1898=LINE('',#12577,#2367);
#1899=LINE('',#12582,#2368);
#1900=LINE('',#12589,#2369);
#1901=LINE('',#12594,#2370);
#1902=LINE('',#12601,#2371);
#1903=LINE('',#12606,#2372);
#1904=LINE('',#12613,#2373);
#1905=LINE('',#12618,#2374);
#1906=LINE('',#12625,#2375);
#1907=LINE('',#12630,#2376);
#1908=LINE('',#12637,#2377);
#1909=LINE('',#12642,#2378);
#1910=LINE('',#12649,#2379);
#1911=LINE('',#12654,#2380);
#1912=LINE('',#12661,#2381);
#1913=LINE('',#12666,#2382);
#1914=LINE('',#12673,#2383);
#1915=LINE('',#12678,#2384);
#1916=LINE('',#12685,#2385);
#1917=LINE('',#12690,#2386);
#1918=LINE('',#12697,#2387);
#1919=LINE('',#12702,#2388);
#1920=LINE('',#12709,#2389);
#1921=LINE('',#12714,#2390);
#1922=LINE('',#12718,#2391);
#1923=LINE('',#12720,#2392);
#1924=LINE('',#12722,#2393);
#1925=LINE('',#12724,#2394);
#1926=LINE('',#12726,#2395);
#1927=LINE('',#12728,#2396);
#1928=LINE('',#12730,#2397);
#1929=LINE('',#12732,#2398);
#1930=LINE('',#12734,#2399);
#1931=LINE('',#12736,#2400);
#1932=LINE('',#12738,#2401);
#1933=LINE('',#12740,#2402);
#1934=LINE('',#12742,#2403);
#1935=LINE('',#12744,#2404);
#1936=LINE('',#12746,#2405);
#1937=LINE('',#12748,#2406);
#1938=LINE('',#12750,#2407);
#1939=LINE('',#12753,#2408);
#1940=LINE('',#12760,#2409);
#1941=LINE('',#12763,#2410);
#1942=LINE('',#12764,#2411);
#1943=LINE('',#12766,#2412);
#1944=LINE('',#12769,#2413);
#1945=LINE('',#12772,#2414);
#1946=LINE('',#12776,#2415);
#1947=LINE('',#12780,#2416);
#1948=LINE('',#12784,#2417);
#1949=LINE('',#12788,#2418);
#1950=LINE('',#12792,#2419);
#1951=LINE('',#12797,#2420);
#1952=LINE('',#12802,#2421);
#1953=LINE('',#12803,#2422);
#1954=LINE('',#12805,#2423);
#1955=LINE('',#12806,#2424);
#1956=LINE('',#12808,#2425);
#1957=LINE('',#12809,#2426);
#1958=LINE('',#12812,#2427);
#1959=LINE('',#12814,#2428);
#1960=LINE('',#12817,#2429);
#1961=LINE('',#12819,#2430);
#1962=LINE('',#12830,#2431);
#1963=LINE('',#12835,#2432);
#1964=LINE('',#12841,#2433);
#1965=LINE('',#12847,#2434);
#1966=LINE('',#12852,#2435);
#1967=LINE('',#12859,#2436);
#1968=LINE('',#12865,#2437);
#1969=LINE('',#12873,#2438);
#1970=LINE('',#12879,#2439);
#1971=LINE('',#12887,#2440);
#1972=LINE('',#12893,#2441);
#1973=LINE('',#12901,#2442);
#1974=LINE('',#12907,#2443);
#1975=LINE('',#12915,#2444);
#1976=LINE('',#12921,#2445);
#1977=LINE('',#12929,#2446);
#1978=LINE('',#12935,#2447);
#1979=LINE('',#12957,#2448);
#1980=LINE('',#12964,#2449);
#1981=LINE('',#12969,#2450);
#1982=LINE('',#12971,#2451);
#1983=LINE('',#12973,#2452);
#1984=LINE('',#12975,#2453);
#1985=LINE('',#12977,#2454);
#1986=LINE('',#12979,#2455);
#1987=LINE('',#12981,#2456);
#1988=LINE('',#12986,#2457);
#1989=LINE('',#12991,#2458);
#1990=LINE('',#12994,#2459);
#1991=LINE('',#12997,#2460);
#1992=LINE('',#12999,#2461);
#1993=LINE('',#13001,#2462);
#1994=LINE('',#13004,#2463);
#1995=LINE('',#13008,#2464);
#1996=LINE('',#13011,#2465);
#1997=LINE('',#13012,#2466);
#1998=LINE('',#13015,#2467);
#1999=LINE('',#13016,#2468);
#2000=LINE('',#13025,#2469);
#2001=LINE('',#13031,#2470);
#2002=LINE('',#13036,#2471);
#2003=LINE('',#13043,#2472);
#2004=LINE('',#13049,#2473);
#2005=LINE('',#13057,#2474);
#2006=LINE('',#13063,#2475);
#2007=LINE('',#13071,#2476);
#2008=LINE('',#13077,#2477);
#2009=LINE('',#13085,#2478);
#2010=LINE('',#13091,#2479);
#2011=LINE('',#13099,#2480);
#2012=LINE('',#13105,#2481);
#2013=LINE('',#13113,#2482);
#2014=LINE('',#13119,#2483);
#2015=LINE('',#13122,#2484);
#2016=LINE('',#13124,#2485);
#2017=LINE('',#13126,#2486);
#2018=LINE('',#13128,#2487);
#2019=LINE('',#13130,#2488);
#2020=LINE('',#13132,#2489);
#2021=LINE('',#13137,#2490);
#2022=LINE('',#13145,#2491);
#2023=LINE('',#13151,#2492);
#2024=LINE('',#13159,#2493);
#2025=LINE('',#13163,#2494);
#2026=LINE('',#13166,#2495);
#2027=LINE('',#13170,#2496);
#2028=LINE('',#13180,#2497);
#2029=LINE('',#13186,#2498);
#2030=LINE('',#13191,#2499);
#2031=LINE('',#13198,#2500);
#2032=LINE('',#13204,#2501);
#2033=LINE('',#13212,#2502);
#2034=LINE('',#13218,#2503);
#2035=LINE('',#13226,#2504);
#2036=LINE('',#13232,#2505);
#2037=LINE('',#13240,#2506);
#2038=LINE('',#13246,#2507);
#2039=LINE('',#13254,#2508);
#2040=LINE('',#13260,#2509);
#2041=LINE('',#13268,#2510);
#2042=LINE('',#13274,#2511);
#2043=LINE('',#13277,#2512);
#2044=LINE('',#13279,#2513);
#2045=LINE('',#13281,#2514);
#2046=LINE('',#13283,#2515);
#2047=LINE('',#13285,#2516);
#2048=LINE('',#13287,#2517);
#2049=LINE('',#13292,#2518);
#2050=LINE('',#13300,#2519);
#2051=LINE('',#13306,#2520);
#2052=LINE('',#13314,#2521);
#2053=LINE('',#13318,#2522);
#2054=LINE('',#13321,#2523);
#2055=LINE('',#13325,#2524);
#2056=LINE('',#13335,#2525);
#2057=LINE('',#13341,#2526);
#2058=LINE('',#13346,#2527);
#2059=LINE('',#13353,#2528);
#2060=LINE('',#13359,#2529);
#2061=LINE('',#13367,#2530);
#2062=LINE('',#13373,#2531);
#2063=LINE('',#13381,#2532);
#2064=LINE('',#13387,#2533);
#2065=LINE('',#13395,#2534);
#2066=LINE('',#13401,#2535);
#2067=LINE('',#13409,#2536);
#2068=LINE('',#13415,#2537);
#2069=LINE('',#13423,#2538);
#2070=LINE('',#13429,#2539);
#2071=LINE('',#13432,#2540);
#2072=LINE('',#13434,#2541);
#2073=LINE('',#13436,#2542);
#2074=LINE('',#13438,#2543);
#2075=LINE('',#13440,#2544);
#2076=LINE('',#13442,#2545);
#2077=LINE('',#13447,#2546);
#2078=LINE('',#13455,#2547);
#2079=LINE('',#13461,#2548);
#2080=LINE('',#13469,#2549);
#2081=LINE('',#13473,#2550);
#2082=LINE('',#13476,#2551);
#2083=LINE('',#13480,#2552);
#2084=LINE('',#13490,#2553);
#2085=LINE('',#13496,#2554);
#2086=LINE('',#13501,#2555);
#2087=LINE('',#13508,#2556);
#2088=LINE('',#13514,#2557);
#2089=LINE('',#13522,#2558);
#2090=LINE('',#13528,#2559);
#2091=LINE('',#13536,#2560);
#2092=LINE('',#13542,#2561);
#2093=LINE('',#13550,#2562);
#2094=LINE('',#13556,#2563);
#2095=LINE('',#13564,#2564);
#2096=LINE('',#13570,#2565);
#2097=LINE('',#13578,#2566);
#2098=LINE('',#13584,#2567);
#2099=LINE('',#13587,#2568);
#2100=LINE('',#13589,#2569);
#2101=LINE('',#13591,#2570);
#2102=LINE('',#13593,#2571);
#2103=LINE('',#13595,#2572);
#2104=LINE('',#13597,#2573);
#2105=LINE('',#13602,#2574);
#2106=LINE('',#13610,#2575);
#2107=LINE('',#13616,#2576);
#2108=LINE('',#13624,#2577);
#2109=LINE('',#13628,#2578);
#2110=LINE('',#13631,#2579);
#2111=LINE('',#13635,#2580);
#2112=LINE('',#13672,#2581);
#2113=LINE('',#13677,#2582);
#2114=LINE('',#13684,#2583);
#2115=LINE('',#13689,#2584);
#2116=LINE('',#13696,#2585);
#2117=LINE('',#13701,#2586);
#2118=LINE('',#13708,#2587);
#2119=LINE('',#13713,#2588);
#2120=LINE('',#13720,#2589);
#2121=LINE('',#13725,#2590);
#2122=LINE('',#13732,#2591);
#2123=LINE('',#13737,#2592);
#2124=LINE('',#13744,#2593);
#2125=LINE('',#13749,#2594);
#2126=LINE('',#13756,#2595);
#2127=LINE('',#13761,#2596);
#2128=LINE('',#13768,#2597);
#2129=LINE('',#13774,#2598);
#2130=LINE('',#13777,#2599);
#2131=LINE('',#13779,#2600);
#2132=LINE('',#13781,#2601);
#2133=LINE('',#13783,#2602);
#2134=LINE('',#13785,#2603);
#2135=LINE('',#13787,#2604);
#2136=LINE('',#13789,#2605);
#2137=LINE('',#13791,#2606);
#2138=LINE('',#13793,#2607);
#2139=LINE('',#13797,#2608);
#2140=LINE('',#13800,#2609);
#2141=LINE('',#13804,#2610);
#2142=LINE('',#13811,#2611);
#2143=LINE('',#13817,#2612);
#2144=LINE('',#13821,#2613);
#2145=LINE('',#13824,#2614);
#2146=LINE('',#13828,#2615);
#2147=LINE('',#13831,#2616);
#2148=LINE('',#13834,#2617);
#2149=LINE('',#13838,#2618);
#2150=LINE('',#13841,#2619);
#2151=LINE('',#13843,#2620);
#2152=LINE('',#13847,#2621);
#2153=LINE('',#13853,#2622);
#2154=LINE('',#13854,#2623);
#2155=LINE('',#13856,#2624);
#2156=LINE('',#13857,#2625);
#2157=LINE('',#13859,#2626);
#2158=LINE('',#13860,#2627);
#2159=LINE('',#13863,#2628);
#2160=LINE('',#13864,#2629);
#2161=LINE('',#13868,#2630);
#2162=LINE('',#13869,#2631);
#2163=VECTOR('',#8999,51.);
#2164=VECTOR('',#9008,53.);
#2165=VECTOR('',#9017,10.);
#2166=VECTOR('',#9020,10.);
#2167=VECTOR('',#9023,10.);
#2168=VECTOR('',#9024,10.);
#2169=VECTOR('',#9025,10.);
#2170=VECTOR('',#9026,10.);
#2171=VECTOR('',#9029,10.);
#2172=VECTOR('',#9030,10.);
#2173=VECTOR('',#9031,10.);
#2174=VECTOR('',#9032,10.);
#2175=VECTOR('',#9035,10.);
#2176=VECTOR('',#9036,10.);
#2177=VECTOR('',#9037,10.);
#2178=VECTOR('',#9046,10.);
#2179=VECTOR('',#9047,10.);
#2180=VECTOR('',#9048,10.);
#2181=VECTOR('',#9061,10.);
#2182=VECTOR('',#9064,10.);
#2183=VECTOR('',#9067,10.);
#2184=VECTOR('',#9068,10.);
#2185=VECTOR('',#9069,10.);
#2186=VECTOR('',#9070,10.);
#2187=VECTOR('',#9073,10.);
#2188=VECTOR('',#9074,10.);
#2189=VECTOR('',#9075,10.);
#2190=VECTOR('',#9076,10.);
#2191=VECTOR('',#9079,10.);
#2192=VECTOR('',#9080,10.);
#2193=VECTOR('',#9081,10.);
#2194=VECTOR('',#9090,10.);
#2195=VECTOR('',#9091,10.);
#2196=VECTOR('',#9092,10.);
#2197=VECTOR('',#9105,10.);
#2198=VECTOR('',#9108,10.);
#2199=VECTOR('',#9111,10.);
#2200=VECTOR('',#9112,10.);
#2201=VECTOR('',#9113,10.);
#2202=VECTOR('',#9114,10.);
#2203=VECTOR('',#9117,10.);
#2204=VECTOR('',#9118,10.);
#2205=VECTOR('',#9119,10.);
#2206=VECTOR('',#9120,10.);
#2207=VECTOR('',#9123,10.);
#2208=VECTOR('',#9124,10.);
#2209=VECTOR('',#9125,10.);
#2210=VECTOR('',#9134,10.);
#2211=VECTOR('',#9135,10.);
#2212=VECTOR('',#9136,10.);
#2213=VECTOR('',#9165,10.);
#2214=VECTOR('',#9168,10.);
#2215=VECTOR('',#9171,10.);
#2216=VECTOR('',#9174,10.);
#2217=VECTOR('',#9179,10.);
#2218=VECTOR('',#9182,10.);
#2219=VECTOR('',#9187,10.);
#2220=VECTOR('',#9190,10.);
#2221=VECTOR('',#9193,10.);
#2222=VECTOR('',#9198,10.);
#2223=VECTOR('',#9201,10.);
#2224=VECTOR('',#9204,10.);
#2225=VECTOR('',#9229,1.695);
#2226=VECTOR('',#9232,3.39);
#2227=VECTOR('',#9237,1.695);
#2228=VECTOR('',#9240,3.39);
#2229=VECTOR('',#9245,1.695);
#2230=VECTOR('',#9248,3.39);
#2231=VECTOR('',#9251,10.);
#2232=VECTOR('',#9252,10.);
#2233=VECTOR('',#9253,10.);
#2234=VECTOR('',#9256,10.);
#2235=VECTOR('',#9257,10.);
#2236=VECTOR('',#9258,10.);
#2237=VECTOR('',#9265,10.);
#2238=VECTOR('',#9270,10.);
#2239=VECTOR('',#9275,10.);
#2240=VECTOR('',#9276,10.);
#2241=VECTOR('',#9279,10.);
#2242=VECTOR('',#9282,10.);
#2243=VECTOR('',#9287,3.39);
#2244=VECTOR('',#9292,10.);
#2245=VECTOR('',#9295,10.);
#2246=VECTOR('',#9298,10.);
#2247=VECTOR('',#9299,10.);
#2248=VECTOR('',#9300,10.);
#2249=VECTOR('',#9305,10.);
#2250=VECTOR('',#9310,10.);
#2251=VECTOR('',#9311,10.);
#2252=VECTOR('',#9314,10.);
#2253=VECTOR('',#9315,10.);
#2254=VECTOR('',#9320,10.);
#2255=VECTOR('',#9321,10.);
#2256=VECTOR('',#9328,10.);
#2257=VECTOR('',#9331,10.);
#2258=VECTOR('',#9334,10.);
#2259=VECTOR('',#9335,10.);
#2260=VECTOR('',#9336,10.);
#2261=VECTOR('',#9339,10.);
#2262=VECTOR('',#9340,10.);
#2263=VECTOR('',#9341,10.);
#2264=VECTOR('',#9344,10.);
#2265=VECTOR('',#9345,10.);
#2266=VECTOR('',#9354,10.);
#2267=VECTOR('',#9355,10.);
#2268=VECTOR('',#9366,1.695);
#2269=VECTOR('',#9369,3.39);
#2270=VECTOR('',#9374,1.695);
#2271=VECTOR('',#9377,3.39);
#2272=VECTOR('',#9380,1.695);
#2273=VECTOR('',#9383,35.0000000000001);
#2274=VECTOR('',#9390,9.5);
#2275=VECTOR('',#9401,9.50000000000001);
#2276=VECTOR('',#9412,9.5);
#2277=VECTOR('',#9423,9.5);
#2278=VECTOR('',#9434,19.);
#2279=VECTOR('',#9443,53.);
#2280=VECTOR('',#9448,7.5);
#2281=VECTOR('',#9451,7.5);
#2282=VECTOR('',#9454,17.);
#2283=VECTOR('',#9457,7.5);
#2284=VECTOR('',#9460,7.5);
#2285=VECTOR('',#9467,126.2);
#2286=VECTOR('',#9474,126.6);
#2287=VECTOR('',#9483,4.49999999999989);
#2288=VECTOR('',#9490,4.2);
#2289=VECTOR('',#9499,4.49999999999992);
#2290=VECTOR('',#9506,4.2);
#2291=VECTOR('',#9515,4.49999999999981);
#2292=VECTOR('',#9522,4.2);
#2293=VECTOR('',#9531,4.49999999999982);
#2294=VECTOR('',#9538,4.2);
#2295=VECTOR('',#9547,4.49999999999984);
#2296=VECTOR('',#9554,4.2);
#2297=VECTOR('',#9563,4.49999999999974);
#2298=VECTOR('',#9570,4.2);
#2299=VECTOR('',#9579,4.4999999999998);
#2300=VECTOR('',#9586,4.2);
#2301=VECTOR('',#9595,4.49999999999992);
#2302=VECTOR('',#9602,4.2);
#2303=VECTOR('',#9611,4.49999999999991);
#2304=VECTOR('',#9618,4.2);
#2305=VECTOR('',#9627,4.49999999999992);
#2306=VECTOR('',#9634,4.2);
#2307=VECTOR('',#9643,4.49999999999998);
#2308=VECTOR('',#9650,4.2);
#2309=VECTOR('',#9659,4.49999999999984);
#2310=VECTOR('',#9666,4.2);
#2311=VECTOR('',#9675,4.49999999999977);
#2312=VECTOR('',#9682,4.2);
#2313=VECTOR('',#9691,4.49999999999981);
#2314=VECTOR('',#9698,4.2);
#2315=VECTOR('',#9707,4.49999999999981);
#2316=VECTOR('',#9714,4.2);
#2317=VECTOR('',#9723,4.49999999999992);
#2318=VECTOR('',#9730,4.2);
#2319=VECTOR('',#9739,4.49999999999982);
#2320=VECTOR('',#9746,4.2);
#2321=VECTOR('',#9755,4.49999999999982);
#2322=VECTOR('',#9762,4.2);
#2323=VECTOR('',#9771,4.49999999999988);
#2324=VECTOR('',#9778,4.2);
#2325=VECTOR('',#9787,4.49999999999981);
#2326=VECTOR('',#9794,4.2);
#2327=VECTOR('',#9801,4.2);
#2328=VECTOR('',#9808,4.2);
#2329=VECTOR('',#9815,4.2);
#2330=VECTOR('',#9822,4.2);
#2331=VECTOR('',#9827,4.2);
#2332=VECTOR('',#9830,4.2);
#2333=VECTOR('',#9833,4.2);
#2334=VECTOR('',#9836,4.2);
#2335=VECTOR('',#9839,4.2);
#2336=VECTOR('',#9842,4.2);
#2337=VECTOR('',#9845,4.2);
#2338=VECTOR('',#9848,4.2);
#2339=VECTOR('',#9851,4.2);
#2340=VECTOR('',#9854,4.2);
#2341=VECTOR('',#9857,4.2);
#2342=VECTOR('',#9860,4.2);
#2343=VECTOR('',#9863,4.2);
#2344=VECTOR('',#9866,4.2);
#2345=VECTOR('',#9869,4.2);
#2346=VECTOR('',#9872,4.2);
#2347=VECTOR('',#9875,4.2);
#2348=VECTOR('',#9878,4.2);
#2349=VECTOR('',#9881,4.2);
#2350=VECTOR('',#9884,4.2);
#2351=VECTOR('',#9887,108.23161785944);
#2352=VECTOR('',#9896,108.45);
#2353=VECTOR('',#9901,111.175);
#2354=VECTOR('',#9904,126.6);
#2355=VECTOR('',#9915,52.5000000000004);
#2356=VECTOR('',#9922,51.);
#2357=VECTOR('',#9981,4.70000000000002);
#2358=VECTOR('',#9986,4.2);
#2359=VECTOR('',#9995,4.70000000000006);
#2360=VECTOR('',#10000,4.2);
#2361=VECTOR('',#10009,4.70000000000004);
#2362=VECTOR('',#10014,4.2);
#2363=VECTOR('',#10023,4.70000000000007);
#2364=VECTOR('',#10028,4.2);
#2365=VECTOR('',#10037,4.70000000000002);
#2366=VECTOR('',#10042,4.2);
#2367=VECTOR('',#10051,4.70000000000004);
#2368=VECTOR('',#10056,4.2);
#2369=VECTOR('',#10065,4.70000000000004);
#2370=VECTOR('',#10070,4.2);
#2371=VECTOR('',#10079,4.69999999999999);
#2372=VECTOR('',#10084,4.2);
#2373=VECTOR('',#10093,4.7);
#2374=VECTOR('',#10098,4.2);
#2375=VECTOR('',#10107,4.69999999999995);
#2376=VECTOR('',#10112,4.2);
#2377=VECTOR('',#10121,4.70000000000004);
#2378=VECTOR('',#10126,4.2);
#2379=VECTOR('',#10135,4.69999999999996);
#2380=VECTOR('',#10140,4.2);
#2381=VECTOR('',#10149,4.7);
#2382=VECTOR('',#10154,4.2);
#2383=VECTOR('',#10163,4.70000000000004);
#2384=VECTOR('',#10168,4.2);
#2385=VECTOR('',#10177,4.70000000000001);
#2386=VECTOR('',#10182,4.2);
#2387=VECTOR('',#10191,4.69999999999999);
#2388=VECTOR('',#10196,4.2);
#2389=VECTOR('',#10203,10.);
#2390=VECTOR('',#10208,10.);
#2391=VECTOR('',#10213,75.8);
#2392=VECTOR('',#10216,4.2);
#2393=VECTOR('',#10219,4.2);
#2394=VECTOR('',#10222,4.2);
#2395=VECTOR('',#10225,4.2);
#2396=VECTOR('',#10228,4.2);
#2397=VECTOR('',#10231,4.2);
#2398=VECTOR('',#10234,4.2);
#2399=VECTOR('',#10237,4.2);
#2400=VECTOR('',#10240,4.2);
#2401=VECTOR('',#10243,4.2);
#2402=VECTOR('',#10246,4.2);
#2403=VECTOR('',#10249,4.2);
#2404=VECTOR('',#10252,4.2);
#2405=VECTOR('',#10255,4.2);
#2406=VECTOR('',#10258,4.2);
#2407=VECTOR('',#10261,4.2);
#2408=VECTOR('',#10264,50.95);
#2409=VECTOR('',#10271,1000.);
#2410=VECTOR('',#10274,1000.);
#2411=VECTOR('',#10275,75.8);
#2412=VECTOR('',#10276,1000.);
#2413=VECTOR('',#10279,1000.);
#2414=VECTOR('',#10282,60.35);
#2415=VECTOR('',#10285,1000.);
#2416=VECTOR('',#10288,1000.);
#2417=VECTOR('',#10291,1000.);
#2418=VECTOR('',#10294,1000.);
#2419=VECTOR('',#10299,57.65);
#2420=VECTOR('',#10306,57.4316178594403);
#2421=VECTOR('',#10311,1000.);
#2422=VECTOR('',#10312,1000.);
#2423=VECTOR('',#10315,10.);
#2424=VECTOR('',#10316,10.);
#2425=VECTOR('',#10319,1000.);
#2426=VECTOR('',#10320,1000.);
#2427=VECTOR('',#10325,1000.);
#2428=VECTOR('',#10328,1000.);
#2429=VECTOR('',#10333,1000.);
#2430=VECTOR('',#10336,1000.);
#2431=VECTOR('',#10351,35.0000000000001);
#2432=VECTOR('',#10358,33.);
#2433=VECTOR('',#10365,17.5);
#2434=VECTOR('',#10372,19.2);
#2435=VECTOR('',#10379,19.2);
#2436=VECTOR('',#10386,3.64999999999997);
#2437=VECTOR('',#10393,3.35);
#2438=VECTOR('',#10402,3.65);
#2439=VECTOR('',#10409,3.35);
#2440=VECTOR('',#10418,3.64999999999999);
#2441=VECTOR('',#10425,3.35);
#2442=VECTOR('',#10434,3.64999999999999);
#2443=VECTOR('',#10441,3.35);
#2444=VECTOR('',#10450,3.65);
#2445=VECTOR('',#10457,3.35);
#2446=VECTOR('',#10466,3.64999999999999);
#2447=VECTOR('',#10473,3.35);
#2448=VECTOR('',#10498,35.);
#2449=VECTOR('',#10505,10.);
#2450=VECTOR('',#10510,10.);
#2451=VECTOR('',#10513,3.35);
#2452=VECTOR('',#10516,3.35);
#2453=VECTOR('',#10519,3.35);
#2454=VECTOR('',#10522,3.35);
#2455=VECTOR('',#10525,3.35);
#2456=VECTOR('',#10528,3.35);
#2457=VECTOR('',#10533,20.7316178594403);
#2458=VECTOR('',#10540,20.95);
#2459=VECTOR('',#10543,1000.);
#2460=VECTOR('',#10546,1000.);
#2461=VECTOR('',#10549,35.);
#2462=VECTOR('',#10550,1000.);
#2463=VECTOR('',#10553,1000.);
#2464=VECTOR('',#10558,17.5);
#2465=VECTOR('',#10563,1000.);
#2466=VECTOR('',#10564,1000.);
#2467=VECTOR('',#10569,1000.);
#2468=VECTOR('',#10570,1000.);
#2469=VECTOR('',#10583,8.2);
#2470=VECTOR('',#10590,9.6);
#2471=VECTOR('',#10597,9.6);
#2472=VECTOR('',#10604,2.49999999999998);
#2473=VECTOR('',#10611,2.2);
#2474=VECTOR('',#10620,2.49999999999998);
#2475=VECTOR('',#10627,2.2);
#2476=VECTOR('',#10636,2.49999999999997);
#2477=VECTOR('',#10643,2.2);
#2478=VECTOR('',#10652,2.49999999999999);
#2479=VECTOR('',#10659,2.2);
#2480=VECTOR('',#10668,2.49999999999998);
#2481=VECTOR('',#10675,2.2);
#2482=VECTOR('',#10684,2.49999999999999);
#2483=VECTOR('',#10691,2.2);
#2484=VECTOR('',#10696,2.2);
#2485=VECTOR('',#10699,2.2);
#2486=VECTOR('',#10702,2.2);
#2487=VECTOR('',#10705,2.2);
#2488=VECTOR('',#10708,2.2);
#2489=VECTOR('',#10711,2.2);
#2490=VECTOR('',#10716,17.);
#2491=VECTOR('',#10725,16.7);
#2492=VECTOR('',#10732,8.93161785944027);
#2493=VECTOR('',#10741,9.15);
#2494=VECTOR('',#10746,10.75);
#2495=VECTOR('',#10751,17.);
#2496=VECTOR('',#10756,8.2);
#2497=VECTOR('',#10771,8.2);
#2498=VECTOR('',#10778,9.6);
#2499=VECTOR('',#10785,9.6);
#2500=VECTOR('',#10792,2.49999999999998);
#2501=VECTOR('',#10799,2.2);
#2502=VECTOR('',#10808,2.49999999999998);
#2503=VECTOR('',#10815,2.2);
#2504=VECTOR('',#10824,2.49999999999997);
#2505=VECTOR('',#10831,2.2);
#2506=VECTOR('',#10840,2.49999999999999);
#2507=VECTOR('',#10847,2.2);
#2508=VECTOR('',#10856,2.49999999999998);
#2509=VECTOR('',#10863,2.2);
#2510=VECTOR('',#10872,2.49999999999999);
#2511=VECTOR('',#10879,2.2);
#2512=VECTOR('',#10884,2.2);
#2513=VECTOR('',#10887,2.2);
#2514=VECTOR('',#10890,2.2);
#2515=VECTOR('',#10893,2.2);
#2516=VECTOR('',#10896,2.2);
#2517=VECTOR('',#10899,2.2);
#2518=VECTOR('',#10904,17.);
#2519=VECTOR('',#10913,16.7);
#2520=VECTOR('',#10920,8.93161785944027);
#2521=VECTOR('',#10929,9.15);
#2522=VECTOR('',#10934,10.75);
#2523=VECTOR('',#10939,17.);
#2524=VECTOR('',#10944,8.2);
#2525=VECTOR('',#10959,8.2);
#2526=VECTOR('',#10966,9.6);
#2527=VECTOR('',#10973,9.6);
#2528=VECTOR('',#10980,2.49999999999998);
#2529=VECTOR('',#10987,2.2);
#2530=VECTOR('',#10996,2.49999999999998);
#2531=VECTOR('',#11003,2.2);
#2532=VECTOR('',#11012,2.49999999999997);
#2533=VECTOR('',#11019,2.2);
#2534=VECTOR('',#11028,2.49999999999999);
#2535=VECTOR('',#11035,2.2);
#2536=VECTOR('',#11044,2.49999999999998);
#2537=VECTOR('',#11051,2.2);
#2538=VECTOR('',#11060,2.49999999999999);
#2539=VECTOR('',#11067,2.2);
#2540=VECTOR('',#11072,2.2);
#2541=VECTOR('',#11075,2.2);
#2542=VECTOR('',#11078,2.2);
#2543=VECTOR('',#11081,2.2);
#2544=VECTOR('',#11084,2.2);
#2545=VECTOR('',#11087,2.2);
#2546=VECTOR('',#11092,17.);
#2547=VECTOR('',#11101,16.7);
#2548=VECTOR('',#11108,8.93161785944027);
#2549=VECTOR('',#11117,9.15);
#2550=VECTOR('',#11122,10.75);
#2551=VECTOR('',#11127,17.);
#2552=VECTOR('',#11132,8.2);
#2553=VECTOR('',#11147,8.2);
#2554=VECTOR('',#11154,9.6);
#2555=VECTOR('',#11161,9.6);
#2556=VECTOR('',#11168,2.49999999999998);
#2557=VECTOR('',#11175,2.2);
#2558=VECTOR('',#11184,2.49999999999998);
#2559=VECTOR('',#11191,2.2);
#2560=VECTOR('',#11200,2.49999999999997);
#2561=VECTOR('',#11207,2.2);
#2562=VECTOR('',#11216,2.49999999999999);
#2563=VECTOR('',#11223,2.2);
#2564=VECTOR('',#11232,2.49999999999998);
#2565=VECTOR('',#11239,2.2);
#2566=VECTOR('',#11248,2.49999999999999);
#2567=VECTOR('',#11255,2.2);
#2568=VECTOR('',#11260,2.2);
#2569=VECTOR('',#11263,2.2);
#2570=VECTOR('',#11266,2.2);
#2571=VECTOR('',#11269,2.2);
#2572=VECTOR('',#11272,2.2);
#2573=VECTOR('',#11275,2.2);
#2574=VECTOR('',#11280,17.);
#2575=VECTOR('',#11289,16.7);
#2576=VECTOR('',#11296,8.93161785944027);
#2577=VECTOR('',#11305,9.15);
#2578=VECTOR('',#11310,10.75);
#2579=VECTOR('',#11315,17.);
#2580=VECTOR('',#11320,8.2);
#2581=VECTOR('',#11365,4.59999999999998);
#2582=VECTOR('',#11370,4.2);
#2583=VECTOR('',#11379,4.60000000000003);
#2584=VECTOR('',#11384,4.2);
#2585=VECTOR('',#11393,4.60000000000001);
#2586=VECTOR('',#11398,4.2);
#2587=VECTOR('',#11407,4.60000000000003);
#2588=VECTOR('',#11412,4.2);
#2589=VECTOR('',#11421,4.59999999999999);
#2590=VECTOR('',#11426,4.2);
#2591=VECTOR('',#11435,4.60000000000003);
#2592=VECTOR('',#11440,4.2);
#2593=VECTOR('',#11449,4.60000000000001);
#2594=VECTOR('',#11454,4.2);
#2595=VECTOR('',#11463,4.60000000000003);
#2596=VECTOR('',#11468,4.2);
#2597=VECTOR('',#11477,56.25);
#2598=VECTOR('',#11482,10.);
#2599=VECTOR('',#11485,10.);
#2600=VECTOR('',#11488,4.2);
#2601=VECTOR('',#11491,4.2);
#2602=VECTOR('',#11494,4.2);
#2603=VECTOR('',#11497,4.2);
#2604=VECTOR('',#11500,4.2);
#2605=VECTOR('',#11503,4.2);
#2606=VECTOR('',#11506,4.2);
#2607=VECTOR('',#11509,4.2);
#2608=VECTOR('',#11514,31.8);
#2609=VECTOR('',#11517,30.15);
#2610=VECTOR('',#11522,38.3816178594403);
#2611=VECTOR('',#11531,38.6);
#2612=VECTOR('',#11536,1000.);
#2613=VECTOR('',#11539,1000.);
#2614=VECTOR('',#11542,41.275);
#2615=VECTOR('',#11545,1000.);
#2616=VECTOR('',#11548,1000.);
#2617=VECTOR('',#11551,56.75);
#2618=VECTOR('',#11554,1000.);
#2619=VECTOR('',#11557,1000.);
#2620=VECTOR('',#11558,1000.);
#2621=VECTOR('',#11561,1000.);
#2622=VECTOR('',#11568,1000.);
#2623=VECTOR('',#11569,1000.);
#2624=VECTOR('',#11572,10.);
#2625=VECTOR('',#11573,10.);
#2626=VECTOR('',#11576,1000.);
#2627=VECTOR('',#11577,1000.);
#2628=VECTOR('',#11582,1000.);
#2629=VECTOR('',#11583,1000.);
#2630=VECTOR('',#11590,1000.);
#2631=VECTOR('',#11591,1000.);
#2632=CIRCLE('',#7917,51.);
#2633=CIRCLE('',#7918,51.);
#2634=CIRCLE('',#7920,53.);
#2635=CIRCLE('',#7922,53.);
#2636=CIRCLE('',#7925,1.5);
#2637=CIRCLE('',#7926,1.5);
#2638=CIRCLE('',#7931,3.38975);
#2639=CIRCLE('',#7932,1.5);
#2640=CIRCLE('',#7935,1.5);
#2641=CIRCLE('',#7937,3.38975);
#2642=CIRCLE('',#7939,1.5);
#2643=CIRCLE('',#7940,1.5);
#2644=CIRCLE('',#7945,3.38975);
#2645=CIRCLE('',#7946,1.5);
#2646=CIRCLE('',#7949,1.5);
#2647=CIRCLE('',#7951,3.38975);
#2648=CIRCLE('',#7953,1.5);
#2649=CIRCLE('',#7954,1.5);
#2650=CIRCLE('',#7959,3.38975);
#2651=CIRCLE('',#7960,1.5);
#2652=CIRCLE('',#7963,1.5);
#2653=CIRCLE('',#7965,3.38975);
#2654=CIRCLE('',#7967,108.23161785944);
#2655=CIRCLE('',#7969,53.);
#2656=CIRCLE('',#7970,53.);
#2657=CIRCLE('',#7971,7.5);
#2658=CIRCLE('',#7972,7.5);
#2659=CIRCLE('',#7973,17.);
#2660=CIRCLE('',#7974,7.5);
#2661=CIRCLE('',#7975,7.5);
#2662=CIRCLE('',#7976,1.5);
#2663=CIRCLE('',#7977,3.38975);
#2664=CIRCLE('',#7978,1.5);
#2665=CIRCLE('',#7979,3.38975);
#2666=CIRCLE('',#7980,3.38975);
#2667=CIRCLE('',#7981,1.49999999999999);
#2668=CIRCLE('',#7982,3.38975);
#2669=CIRCLE('',#7983,3.38975);
#2670=CIRCLE('',#7984,1.5);
#2671=CIRCLE('',#7985,3.38975);
#2672=CIRCLE('',#7986,3.38975);
#2673=CIRCLE('',#7987,3.38975);
#2674=CIRCLE('',#7988,1.49999999999999);
#2675=CIRCLE('',#7989,3.38975);
#2676=CIRCLE('',#7990,1.5);
#2677=CIRCLE('',#7991,3.38975);
#2678=CIRCLE('',#7992,3.38975);
#2679=CIRCLE('',#7993,3.38975);
#2680=CIRCLE('',#7994,3.38975);
#2681=CIRCLE('',#7995,3.38975);
#2682=CIRCLE('',#7996,3.38975);
#2683=CIRCLE('',#7997,3.38975);
#2684=CIRCLE('',#7998,3.38975);
#2685=CIRCLE('',#7999,3.38975);
#2686=CIRCLE('',#8001,3.38975);
#2687=CIRCLE('',#8004,3.38975);
#2688=CIRCLE('',#8007,3.38975);
#2689=CIRCLE('',#8012,3.38975);
#2690=CIRCLE('',#8013,1.49999999999999);
#2691=CIRCLE('',#8015,3.38975);
#2692=CIRCLE('',#8016,1.5);
#2693=CIRCLE('',#8022,3.38975);
#2694=CIRCLE('',#8024,1.5);
#2695=CIRCLE('',#8027,3.38975);
#2696=CIRCLE('',#8028,1.5);
#2697=CIRCLE('',#8034,3.38975);
#2698=CIRCLE('',#8036,1.49999999999999);
#2699=CIRCLE('',#8041,3.38975);
#2700=CIRCLE('',#8042,1.5);
#2701=CIRCLE('',#8046,3.38975);
#2702=CIRCLE('',#8048,3.38975);
#2703=CIRCLE('',#8051,3.38975);
#2704=CIRCLE('',#8057,9.5);
#2705=CIRCLE('',#8058,9.5);
#2706=CIRCLE('',#8060,7.5);
#2707=CIRCLE('',#8062,9.50000000000001);
#2708=CIRCLE('',#8063,9.50000000000001);
#2709=CIRCLE('',#8065,7.5);
#2710=CIRCLE('',#8067,9.5);
#2711=CIRCLE('',#8068,9.5);
#2712=CIRCLE('',#8070,7.5);
#2713=CIRCLE('',#8072,9.5);
#2714=CIRCLE('',#8073,9.5);
#2715=CIRCLE('',#8075,7.5);
#2716=CIRCLE('',#8077,19.);
#2717=CIRCLE('',#8078,19.);
#2718=CIRCLE('',#8080,17.);
#2719=CIRCLE('',#8082,53.);
#2720=CIRCLE('',#8089,126.6);
#2721=CIRCLE('',#8090,126.6);
#2722=CIRCLE('',#8091,126.2);
#2723=CIRCLE('',#8093,126.6);
#2724=CIRCLE('',#8094,126.2);
#2725=CIRCLE('',#8096,4.2);
#2726=CIRCLE('',#8097,4.2);
#2727=CIRCLE('',#8098,4.49999999999989);
#2728=CIRCLE('',#8100,4.2);
#2729=CIRCLE('',#8101,4.50000000000003);
#2730=CIRCLE('',#8103,4.2);
#2731=CIRCLE('',#8104,4.2);
#2732=CIRCLE('',#8105,4.49999999999992);
#2733=CIRCLE('',#8107,4.2);
#2734=CIRCLE('',#8108,4.50000000000017);
#2735=CIRCLE('',#8110,4.2);
#2736=CIRCLE('',#8111,4.2);
#2737=CIRCLE('',#8112,4.49999999999982);
#2738=CIRCLE('',#8114,4.2);
#2739=CIRCLE('',#8115,4.5000000000002);
#2740=CIRCLE('',#8117,4.2);
#2741=CIRCLE('',#8118,4.2);
#2742=CIRCLE('',#8119,4.49999999999982);
#2743=CIRCLE('',#8121,4.2);
#2744=CIRCLE('',#8122,4.50000000000013);
#2745=CIRCLE('',#8124,4.2);
#2746=CIRCLE('',#8125,4.2);
#2747=CIRCLE('',#8126,4.49999999999985);
#2748=CIRCLE('',#8128,4.2);
#2749=CIRCLE('',#8129,4.5000000000001);
#2750=CIRCLE('',#8131,4.2);
#2751=CIRCLE('',#8132,4.2);
#2752=CIRCLE('',#8133,4.49999999999974);
#2753=CIRCLE('',#8135,4.2);
#2754=CIRCLE('',#8136,4.50000000000005);
#2755=CIRCLE('',#8138,4.2);
#2756=CIRCLE('',#8139,4.2);
#2757=CIRCLE('',#8140,4.4999999999998);
#2758=CIRCLE('',#8142,4.2);
#2759=CIRCLE('',#8143,4.50000000000006);
#2760=CIRCLE('',#8145,4.2);
#2761=CIRCLE('',#8146,4.2);
#2762=CIRCLE('',#8147,4.49999999999992);
#2763=CIRCLE('',#8149,4.2);
#2764=CIRCLE('',#8150,4.50000000000017);
#2765=CIRCLE('',#8152,4.2);
#2766=CIRCLE('',#8153,4.2);
#2767=CIRCLE('',#8154,4.49999999999991);
#2768=CIRCLE('',#8156,4.2);
#2769=CIRCLE('',#8157,4.50000000000021);
#2770=CIRCLE('',#8159,4.2);
#2771=CIRCLE('',#8160,4.2);
#2772=CIRCLE('',#8161,4.49999999999992);
#2773=CIRCLE('',#8163,4.2);
#2774=CIRCLE('',#8164,4.50000000000017);
#2775=CIRCLE('',#8166,4.2);
#2776=CIRCLE('',#8167,4.2);
#2777=CIRCLE('',#8168,4.49999999999998);
#2778=CIRCLE('',#8170,4.2);
#2779=CIRCLE('',#8171,4.5000000000002);
#2780=CIRCLE('',#8173,4.2);
#2781=CIRCLE('',#8174,4.2);
#2782=CIRCLE('',#8175,4.49999999999984);
#2783=CIRCLE('',#8177,4.2);
#2784=CIRCLE('',#8178,4.50000000000024);
#2785=CIRCLE('',#8180,4.2);
#2786=CIRCLE('',#8181,4.2);
#2787=CIRCLE('',#8182,4.49999999999975);
#2788=CIRCLE('',#8184,4.2);
#2789=CIRCLE('',#8185,4.50000000000016);
#2790=CIRCLE('',#8187,4.2);
#2791=CIRCLE('',#8188,4.2);
#2792=CIRCLE('',#8189,4.49999999999981);
#2793=CIRCLE('',#8191,4.2);
#2794=CIRCLE('',#8192,4.50000000000014);
#2795=CIRCLE('',#8194,4.2);
#2796=CIRCLE('',#8195,4.2);
#2797=CIRCLE('',#8196,4.49999999999981);
#2798=CIRCLE('',#8198,4.2);
#2799=CIRCLE('',#8199,4.50000000000022);
#2800=CIRCLE('',#8201,4.2);
#2801=CIRCLE('',#8202,4.2);
#2802=CIRCLE('',#8203,4.49999999999992);
#2803=CIRCLE('',#8205,4.2);
#2804=CIRCLE('',#8206,4.50000000000017);
#2805=CIRCLE('',#8208,4.2);
#2806=CIRCLE('',#8209,4.2);
#2807=CIRCLE('',#8210,4.49999999999982);
#2808=CIRCLE('',#8212,4.2);
#2809=CIRCLE('',#8213,4.50000000000014);
#2810=CIRCLE('',#8215,4.2);
#2811=CIRCLE('',#8216,4.2);
#2812=CIRCLE('',#8217,4.49999999999982);
#2813=CIRCLE('',#8219,4.2);
#2814=CIRCLE('',#8220,4.50000000000018);
#2815=CIRCLE('',#8222,4.2);
#2816=CIRCLE('',#8223,4.2);
#2817=CIRCLE('',#8224,4.49999999999988);
#2818=CIRCLE('',#8226,4.2);
#2819=CIRCLE('',#8227,4.50000000000005);
#2820=CIRCLE('',#8229,4.2);
#2821=CIRCLE('',#8230,4.2);
#2822=CIRCLE('',#8231,4.49999999999981);
#2823=CIRCLE('',#8233,4.2);
#2824=CIRCLE('',#8234,4.50000000000012);
#2825=CIRCLE('',#8236,4.2);
#2826=CIRCLE('',#8237,4.2);
#2827=CIRCLE('',#8239,4.2);
#2828=CIRCLE('',#8240,4.2);
#2829=CIRCLE('',#8242,4.19999999999999);
#2830=CIRCLE('',#8243,4.19999999999999);
#2831=CIRCLE('',#8245,4.19999999999999);
#2832=CIRCLE('',#8246,4.19999999999999);
#2833=CIRCLE('',#8268,108.45);
#2834=CIRCLE('',#8269,108.45);
#2835=CIRCLE('',#8271,111.175);
#2836=CIRCLE('',#8273,111.175);
#2837=CIRCLE('',#8279,54.);
#2838=CIRCLE('',#8280,51.);
#2839=CIRCLE('',#8282,51.);
#2840=CIRCLE('',#8284,57.4316178594403);
#2841=CIRCLE('',#8286,75.3);
#2842=CIRCLE('',#8287,4.70000000000002);
#2843=CIRCLE('',#8288,4.70000000000006);
#2844=CIRCLE('',#8289,4.70000000000004);
#2845=CIRCLE('',#8290,4.70000000000007);
#2846=CIRCLE('',#8291,4.70000000000002);
#2847=CIRCLE('',#8292,4.70000000000004);
#2848=CIRCLE('',#8293,4.70000000000004);
#2849=CIRCLE('',#8294,4.7);
#2850=CIRCLE('',#8295,4.7);
#2851=CIRCLE('',#8296,4.69999999999995);
#2852=CIRCLE('',#8297,4.70000000000004);
#2853=CIRCLE('',#8298,4.69999999999996);
#2854=CIRCLE('',#8299,4.7);
#2855=CIRCLE('',#8300,4.70000000000004);
#2856=CIRCLE('',#8301,4.70000000000001);
#2857=CIRCLE('',#8302,4.69999999999999);
#2858=CIRCLE('',#8303,53.);
#2859=CIRCLE('',#8305,60.0815959713349);
#2860=CIRCLE('',#8306,60.0815959713349);
#2861=CIRCLE('',#8307,0.2);
#2862=CIRCLE('',#8308,60.35);
#2863=CIRCLE('',#8310,4.2);
#2864=CIRCLE('',#8311,4.2);
#2865=CIRCLE('',#8313,4.2);
#2866=CIRCLE('',#8314,4.70000000000001);
#2867=CIRCLE('',#8316,4.2);
#2868=CIRCLE('',#8317,4.2);
#2869=CIRCLE('',#8319,4.2);
#2870=CIRCLE('',#8320,4.69999999999999);
#2871=CIRCLE('',#8322,4.2);
#2872=CIRCLE('',#8323,4.2);
#2873=CIRCLE('',#8325,4.2);
#2874=CIRCLE('',#8326,4.70000000000001);
#2875=CIRCLE('',#8328,4.2);
#2876=CIRCLE('',#8329,4.2);
#2877=CIRCLE('',#8331,4.2);
#2878=CIRCLE('',#8332,4.70000000000004);
#2879=CIRCLE('',#8334,4.2);
#2880=CIRCLE('',#8335,4.2);
#2881=CIRCLE('',#8337,4.2);
#2882=CIRCLE('',#8338,4.69999999999999);
#2883=CIRCLE('',#8340,4.2);
#2884=CIRCLE('',#8341,4.2);
#2885=CIRCLE('',#8343,4.2);
#2886=CIRCLE('',#8344,4.69999999999999);
#2887=CIRCLE('',#8346,4.2);
#2888=CIRCLE('',#8347,4.2);
#2889=CIRCLE('',#8349,4.2);
#2890=CIRCLE('',#8350,4.70000000000001);
#2891=CIRCLE('',#8352,4.2);
#2892=CIRCLE('',#8353,4.2);
#2893=CIRCLE('',#8355,4.2);
#2894=CIRCLE('',#8356,4.70000000000004);
#2895=CIRCLE('',#8358,4.2);
#2896=CIRCLE('',#8359,4.2);
#2897=CIRCLE('',#8361,4.2);
#2898=CIRCLE('',#8362,4.70000000000004);
#2899=CIRCLE('',#8364,4.2);
#2900=CIRCLE('',#8365,4.2);
#2901=CIRCLE('',#8367,4.2);
#2902=CIRCLE('',#8368,4.69999999999999);
#2903=CIRCLE('',#8370,4.2);
#2904=CIRCLE('',#8371,4.2);
#2905=CIRCLE('',#8373,4.2);
#2906=CIRCLE('',#8374,4.70000000000001);
#2907=CIRCLE('',#8376,4.2);
#2908=CIRCLE('',#8377,4.2);
#2909=CIRCLE('',#8379,4.2);
#2910=CIRCLE('',#8380,4.70000000000002);
#2911=CIRCLE('',#8382,4.2);
#2912=CIRCLE('',#8383,4.2);
#2913=CIRCLE('',#8385,4.2);
#2914=CIRCLE('',#8386,4.69999999999997);
#2915=CIRCLE('',#8388,4.2);
#2916=CIRCLE('',#8389,4.2);
#2917=CIRCLE('',#8391,4.2);
#2918=CIRCLE('',#8392,4.70000000000001);
#2919=CIRCLE('',#8394,4.2);
#2920=CIRCLE('',#8395,4.2);
#2921=CIRCLE('',#8397,4.2);
#2922=CIRCLE('',#8398,4.70000000000002);
#2923=CIRCLE('',#8400,4.2);
#2924=CIRCLE('',#8401,4.2);
#2925=CIRCLE('',#8403,4.2);
#2926=CIRCLE('',#8404,4.69999999999998);
#2927=CIRCLE('',#8406,75.3);
#2928=CIRCLE('',#8407,75.8);
#2929=CIRCLE('',#8408,75.8);
#2930=CIRCLE('',#8410,75.8);
#2931=CIRCLE('',#8428,53.);
#2932=CIRCLE('',#8430,75.8);
#2933=CIRCLE('',#8431,75.8);
#2934=CIRCLE('',#8432,75.8);
#2935=CIRCLE('',#8434,60.35);
#2936=CIRCLE('',#8435,60.35);
#2937=CIRCLE('',#8436,60.35);
#2938=CIRCLE('',#8437,60.35);
#2939=CIRCLE('',#8438,60.35);
#2940=CIRCLE('',#8440,57.65);
#2941=CIRCLE('',#8441,57.65);
#2942=CIRCLE('',#8444,75.3);
#2943=CIRCLE('',#8459,35.0000000000001);
#2944=CIRCLE('',#8461,33.);
#2945=CIRCLE('',#8465,17.5);
#2946=CIRCLE('',#8466,17.8);
#2947=CIRCLE('',#8468,19.2);
#2948=CIRCLE('',#8469,19.5);
#2949=CIRCLE('',#8471,19.2);
#2950=CIRCLE('',#8473,3.35);
#2951=CIRCLE('',#8474,3.35);
#2952=CIRCLE('',#8475,3.64999999999998);
#2953=CIRCLE('',#8477,3.35);
#2954=CIRCLE('',#8478,3.65);
#2955=CIRCLE('',#8480,3.35);
#2956=CIRCLE('',#8481,3.35);
#2957=CIRCLE('',#8482,3.65);
#2958=CIRCLE('',#8484,3.35);
#2959=CIRCLE('',#8485,3.65);
#2960=CIRCLE('',#8487,3.35);
#2961=CIRCLE('',#8488,3.35);
#2962=CIRCLE('',#8489,3.64999999999999);
#2963=CIRCLE('',#8491,3.35);
#2964=CIRCLE('',#8492,3.65);
#2965=CIRCLE('',#8494,3.35);
#2966=CIRCLE('',#8495,3.35);
#2967=CIRCLE('',#8496,3.64999999999998);
#2968=CIRCLE('',#8498,3.35);
#2969=CIRCLE('',#8499,3.64999999999999);
#2970=CIRCLE('',#8501,3.35);
#2971=CIRCLE('',#8502,3.35);
#2972=CIRCLE('',#8503,3.65);
#2973=CIRCLE('',#8505,3.35);
#2974=CIRCLE('',#8506,3.64999999999997);
#2975=CIRCLE('',#8508,3.35);
#2976=CIRCLE('',#8509,3.35);
#2977=CIRCLE('',#8510,3.64999999999999);
#2978=CIRCLE('',#8512,3.35);
#2979=CIRCLE('',#8513,3.65);
#2980=CIRCLE('',#8515,23.9065959713349);
#2981=CIRCLE('',#8516,23.9065959713349);
#2982=CIRCLE('',#8517,0.2);
#2983=CIRCLE('',#8518,24.175);
#2984=CIRCLE('',#8520,24.1746500821012);
#2985=CIRCLE('',#8522,24.175);
#2986=CIRCLE('',#8524,35.);
#2987=CIRCLE('',#8525,34.6);
#2988=CIRCLE('',#8527,34.6);
#2989=CIRCLE('',#8528,35.);
#2990=CIRCLE('',#8529,35.);
#2991=CIRCLE('',#8537,20.7316178594403);
#2992=CIRCLE('',#8538,20.95);
#2993=CIRCLE('',#8539,20.95);
#2994=CIRCLE('',#8542,24.175);
#2995=CIRCLE('',#8544,35.);
#2996=CIRCLE('',#8546,17.5);
#2997=CIRCLE('',#8556,8.2);
#2998=CIRCLE('',#8557,8.39999999999999);
#2999=CIRCLE('',#8559,9.6);
#3000=CIRCLE('',#8560,9.89999999999999);
#3001=CIRCLE('',#8562,9.6);
#3002=CIRCLE('',#8564,2.2);
#3003=CIRCLE('',#8565,2.2);
#3004=CIRCLE('',#8566,2.49999999999998);
#3005=CIRCLE('',#8568,2.2);
#3006=CIRCLE('',#8569,2.50000000000003);
#3007=CIRCLE('',#8571,2.2);
#3008=CIRCLE('',#8572,2.2);
#3009=CIRCLE('',#8573,2.49999999999998);
#3010=CIRCLE('',#8575,2.2);
#3011=CIRCLE('',#8576,2.50000000000003);
#3012=CIRCLE('',#8578,2.2);
#3013=CIRCLE('',#8579,2.2);
#3014=CIRCLE('',#8580,2.49999999999997);
#3015=CIRCLE('',#8582,2.2);
#3016=CIRCLE('',#8583,2.50000000000003);
#3017=CIRCLE('',#8585,2.2);
#3018=CIRCLE('',#8586,2.2);
#3019=CIRCLE('',#8587,2.49999999999999);
#3020=CIRCLE('',#8589,2.2);
#3021=CIRCLE('',#8590,2.50000000000003);
#3022=CIRCLE('',#8592,2.2);
#3023=CIRCLE('',#8593,2.2);
#3024=CIRCLE('',#8594,2.49999999999998);
#3025=CIRCLE('',#8596,2.2);
#3026=CIRCLE('',#8597,2.50000000000003);
#3027=CIRCLE('',#8599,2.2);
#3028=CIRCLE('',#8600,2.2);
#3029=CIRCLE('',#8601,2.49999999999998);
#3030=CIRCLE('',#8603,2.2);
#3031=CIRCLE('',#8604,2.50000000000002);
#3032=CIRCLE('',#8612,17.);
#3033=CIRCLE('',#8613,16.7);
#3034=CIRCLE('',#8615,17.);
#3035=CIRCLE('',#8616,17.);
#3036=CIRCLE('',#8617,16.7);
#3037=CIRCLE('',#8619,8.93161785944027);
#3038=CIRCLE('',#8620,9.15);
#3039=CIRCLE('',#8621,9.15);
#3040=CIRCLE('',#8623,10.75);
#3041=CIRCLE('',#8624,10.75);
#3042=CIRCLE('',#8626,10.75);
#3043=CIRCLE('',#8629,8.2);
#3044=CIRCLE('',#8636,8.2);
#3045=CIRCLE('',#8637,8.39999999999999);
#3046=CIRCLE('',#8639,9.6);
#3047=CIRCLE('',#8640,9.89999999999999);
#3048=CIRCLE('',#8642,9.6);
#3049=CIRCLE('',#8644,2.2);
#3050=CIRCLE('',#8645,2.2);
#3051=CIRCLE('',#8646,2.49999999999998);
#3052=CIRCLE('',#8648,2.2);
#3053=CIRCLE('',#8649,2.50000000000003);
#3054=CIRCLE('',#8651,2.2);
#3055=CIRCLE('',#8652,2.2);
#3056=CIRCLE('',#8653,2.49999999999998);
#3057=CIRCLE('',#8655,2.2);
#3058=CIRCLE('',#8656,2.50000000000003);
#3059=CIRCLE('',#8658,2.2);
#3060=CIRCLE('',#8659,2.2);
#3061=CIRCLE('',#8660,2.49999999999997);
#3062=CIRCLE('',#8662,2.2);
#3063=CIRCLE('',#8663,2.50000000000003);
#3064=CIRCLE('',#8665,2.2);
#3065=CIRCLE('',#8666,2.2);
#3066=CIRCLE('',#8667,2.49999999999999);
#3067=CIRCLE('',#8669,2.2);
#3068=CIRCLE('',#8670,2.50000000000003);
#3069=CIRCLE('',#8672,2.2);
#3070=CIRCLE('',#8673,2.2);
#3071=CIRCLE('',#8674,2.49999999999998);
#3072=CIRCLE('',#8676,2.2);
#3073=CIRCLE('',#8677,2.50000000000003);
#3074=CIRCLE('',#8679,2.2);
#3075=CIRCLE('',#8680,2.2);
#3076=CIRCLE('',#8681,2.49999999999998);
#3077=CIRCLE('',#8683,2.2);
#3078=CIRCLE('',#8684,2.50000000000002);
#3079=CIRCLE('',#8692,17.);
#3080=CIRCLE('',#8693,16.7);
#3081=CIRCLE('',#8695,17.);
#3082=CIRCLE('',#8696,17.);
#3083=CIRCLE('',#8697,16.7);
#3084=CIRCLE('',#8699,8.93161785944027);
#3085=CIRCLE('',#8700,9.15);
#3086=CIRCLE('',#8701,9.15);
#3087=CIRCLE('',#8703,10.75);
#3088=CIRCLE('',#8704,10.75);
#3089=CIRCLE('',#8706,10.75);
#3090=CIRCLE('',#8709,8.2);
#3091=CIRCLE('',#8716,8.2);
#3092=CIRCLE('',#8717,8.39999999999999);
#3093=CIRCLE('',#8719,9.6);
#3094=CIRCLE('',#8720,9.89999999999999);
#3095=CIRCLE('',#8722,9.6);
#3096=CIRCLE('',#8724,2.2);
#3097=CIRCLE('',#8725,2.2);
#3098=CIRCLE('',#8726,2.49999999999998);
#3099=CIRCLE('',#8728,2.2);
#3100=CIRCLE('',#8729,2.50000000000003);
#3101=CIRCLE('',#8731,2.2);
#3102=CIRCLE('',#8732,2.2);
#3103=CIRCLE('',#8733,2.49999999999998);
#3104=CIRCLE('',#8735,2.2);
#3105=CIRCLE('',#8736,2.50000000000003);
#3106=CIRCLE('',#8738,2.2);
#3107=CIRCLE('',#8739,2.2);
#3108=CIRCLE('',#8740,2.49999999999997);
#3109=CIRCLE('',#8742,2.2);
#3110=CIRCLE('',#8743,2.50000000000003);
#3111=CIRCLE('',#8745,2.2);
#3112=CIRCLE('',#8746,2.2);
#3113=CIRCLE('',#8747,2.49999999999999);
#3114=CIRCLE('',#8749,2.2);
#3115=CIRCLE('',#8750,2.50000000000003);
#3116=CIRCLE('',#8752,2.2);
#3117=CIRCLE('',#8753,2.2);
#3118=CIRCLE('',#8754,2.49999999999998);
#3119=CIRCLE('',#8756,2.2);
#3120=CIRCLE('',#8757,2.50000000000003);
#3121=CIRCLE('',#8759,2.2);
#3122=CIRCLE('',#8760,2.2);
#3123=CIRCLE('',#8761,2.49999999999998);
#3124=CIRCLE('',#8763,2.2);
#3125=CIRCLE('',#8764,2.50000000000002);
#3126=CIRCLE('',#8772,17.);
#3127=CIRCLE('',#8773,16.7);
#3128=CIRCLE('',#8775,17.);
#3129=CIRCLE('',#8776,17.);
#3130=CIRCLE('',#8777,16.7);
#3131=CIRCLE('',#8779,8.93161785944027);
#3132=CIRCLE('',#8780,9.15);
#3133=CIRCLE('',#8781,9.15);
#3134=CIRCLE('',#8783,10.75);
#3135=CIRCLE('',#8784,10.75);
#3136=CIRCLE('',#8786,10.75);
#3137=CIRCLE('',#8789,8.2);
#3138=CIRCLE('',#8796,8.2);
#3139=CIRCLE('',#8797,8.39999999999999);
#3140=CIRCLE('',#8799,9.6);
#3141=CIRCLE('',#8800,9.89999999999999);
#3142=CIRCLE('',#8802,9.6);
#3143=CIRCLE('',#8804,2.2);
#3144=CIRCLE('',#8805,2.2);
#3145=CIRCLE('',#8806,2.49999999999998);
#3146=CIRCLE('',#8808,2.2);
#3147=CIRCLE('',#8809,2.50000000000003);
#3148=CIRCLE('',#8811,2.2);
#3149=CIRCLE('',#8812,2.2);
#3150=CIRCLE('',#8813,2.49999999999998);
#3151=CIRCLE('',#8815,2.2);
#3152=CIRCLE('',#8816,2.50000000000003);
#3153=CIRCLE('',#8818,2.2);
#3154=CIRCLE('',#8819,2.2);
#3155=CIRCLE('',#8820,2.49999999999997);
#3156=CIRCLE('',#8822,2.2);
#3157=CIRCLE('',#8823,2.50000000000003);
#3158=CIRCLE('',#8825,2.2);
#3159=CIRCLE('',#8826,2.2);
#3160=CIRCLE('',#8827,2.49999999999999);
#3161=CIRCLE('',#8829,2.2);
#3162=CIRCLE('',#8830,2.50000000000003);
#3163=CIRCLE('',#8832,2.2);
#3164=CIRCLE('',#8833,2.2);
#3165=CIRCLE('',#8834,2.49999999999998);
#3166=CIRCLE('',#8836,2.2);
#3167=CIRCLE('',#8837,2.50000000000003);
#3168=CIRCLE('',#8839,2.2);
#3169=CIRCLE('',#8840,2.2);
#3170=CIRCLE('',#8841,2.49999999999998);
#3171=CIRCLE('',#8843,2.2);
#3172=CIRCLE('',#8844,2.50000000000002);
#3173=CIRCLE('',#8852,17.);
#3174=CIRCLE('',#8853,16.7);
#3175=CIRCLE('',#8855,17.);
#3176=CIRCLE('',#8856,17.);
#3177=CIRCLE('',#8857,16.7);
#3178=CIRCLE('',#8859,8.93161785944027);
#3179=CIRCLE('',#8860,9.15);
#3180=CIRCLE('',#8861,9.15);
#3181=CIRCLE('',#8863,10.75);
#3182=CIRCLE('',#8864,10.75);
#3183=CIRCLE('',#8866,10.75);
#3184=CIRCLE('',#8869,8.2);
#3185=CIRCLE('',#8876,38.3816178594403);
#3186=CIRCLE('',#8877,33.);
#3187=CIRCLE('',#8879,56.25);
#3188=CIRCLE('',#8880,4.59999999999998);
#3189=CIRCLE('',#8881,4.60000000000003);
#3190=CIRCLE('',#8882,4.60000000000001);
#3191=CIRCLE('',#8883,4.60000000000003);
#3192=CIRCLE('',#8884,4.59999999999999);
#3193=CIRCLE('',#8885,4.60000000000003);
#3194=CIRCLE('',#8886,4.60000000000001);
#3195=CIRCLE('',#8887,4.60000000000003);
#3196=CIRCLE('',#8888,36.);
#3197=CIRCLE('',#8890,4.2);
#3198=CIRCLE('',#8891,4.2);
#3199=CIRCLE('',#8893,4.2);
#3200=CIRCLE('',#8894,4.59999999999998);
#3201=CIRCLE('',#8896,4.2);
#3202=CIRCLE('',#8897,4.2);
#3203=CIRCLE('',#8899,4.2);
#3204=CIRCLE('',#8900,4.59999999999998);
#3205=CIRCLE('',#8902,4.2);
#3206=CIRCLE('',#8903,4.2);
#3207=CIRCLE('',#8905,4.2);
#3208=CIRCLE('',#8906,4.60000000000001);
#3209=CIRCLE('',#8908,4.2);
#3210=CIRCLE('',#8909,4.2);
#3211=CIRCLE('',#8911,4.2);
#3212=CIRCLE('',#8912,4.59999999999998);
#3213=CIRCLE('',#8914,4.2);
#3214=CIRCLE('',#8915,4.2);
#3215=CIRCLE('',#8917,4.2);
#3216=CIRCLE('',#8918,4.59999999999999);
#3217=CIRCLE('',#8920,4.2);
#3218=CIRCLE('',#8921,4.2);
#3219=CIRCLE('',#8923,4.2);
#3220=CIRCLE('',#8924,4.59999999999998);
#3221=CIRCLE('',#8926,4.2);
#3222=CIRCLE('',#8927,4.2);
#3223=CIRCLE('',#8929,4.2);
#3224=CIRCLE('',#8930,4.60000000000001);
#3225=CIRCLE('',#8932,4.2);
#3226=CIRCLE('',#8933,4.2);
#3227=CIRCLE('',#8935,4.2);
#3228=CIRCLE('',#8936,4.59999999999998);
#3229=CIRCLE('',#8938,56.75);
#3230=CIRCLE('',#8939,56.75);
#3231=CIRCLE('',#8941,56.25);
#3232=CIRCLE('',#8942,56.75);
#3233=CIRCLE('',#8952,36.);
#3234=CIRCLE('',#8954,33.);
#3235=CIRCLE('',#8956,38.6);
#3236=CIRCLE('',#8957,38.6);
#3237=CIRCLE('',#8959,41.275);
#3238=CIRCLE('',#8961,41.275);
#3239=CIRCLE('',#8962,41.275);
#3240=CIRCLE('',#8963,41.275);
#3241=CIRCLE('',#8964,41.275);
#3242=CIRCLE('',#8965,41.275);
#3243=CIRCLE('',#8967,56.75);
#3244=CIRCLE('',#8968,56.75);
#3245=CIRCLE('',#8969,56.75);
#3246=CIRCLE('',#8970,56.75);
#3247=CIRCLE('',#8972,56.25);
#3248=VERTEX_POINT('',#11617);
#3249=VERTEX_POINT('',#11619);
#3250=VERTEX_POINT('',#11623);
#3251=VERTEX_POINT('',#11626);
#3252=VERTEX_POINT('',#11631);
#3253=VERTEX_POINT('',#11632);
#3254=VERTEX_POINT('',#11634);
#3255=VERTEX_POINT('',#11636);
#3256=VERTEX_POINT('',#11640);
#3257=VERTEX_POINT('',#11641);
#3258=VERTEX_POINT('',#11643);
#3259=VERTEX_POINT('',#11645);
#3260=VERTEX_POINT('',#11649);
#3261=VERTEX_POINT('',#11650);
#3262=VERTEX_POINT('',#11652);
#3263=VERTEX_POINT('',#11654);
#3264=VERTEX_POINT('',#11658);
#3265=VERTEX_POINT('',#11660);
#3266=VERTEX_POINT('',#11667);
#3267=VERTEX_POINT('',#11669);
#3268=VERTEX_POINT('',#11677);
#3269=VERTEX_POINT('',#11678);
#3270=VERTEX_POINT('',#11680);
#3271=VERTEX_POINT('',#11682);
#3272=VERTEX_POINT('',#11686);
#3273=VERTEX_POINT('',#11687);
#3274=VERTEX_POINT('',#11689);
#3275=VERTEX_POINT('',#11691);
#3276=VERTEX_POINT('',#11695);
#3277=VERTEX_POINT('',#11696);
#3278=VERTEX_POINT('',#11698);
#3279=VERTEX_POINT('',#11700);
#3280=VERTEX_POINT('',#11704);
#3281=VERTEX_POINT('',#11706);
#3282=VERTEX_POINT('',#11713);
#3283=VERTEX_POINT('',#11715);
#3284=VERTEX_POINT('',#11723);
#3285=VERTEX_POINT('',#11724);
#3286=VERTEX_POINT('',#11726);
#3287=VERTEX_POINT('',#11728);
#3288=VERTEX_POINT('',#11732);
#3289=VERTEX_POINT('',#11733);
#3290=VERTEX_POINT('',#11735);
#3291=VERTEX_POINT('',#11737);
#3292=VERTEX_POINT('',#11741);
#3293=VERTEX_POINT('',#11742);
#3294=VERTEX_POINT('',#11744);
#3295=VERTEX_POINT('',#11746);
#3296=VERTEX_POINT('',#11750);
#3297=VERTEX_POINT('',#11752);
#3298=VERTEX_POINT('',#11759);
#3299=VERTEX_POINT('',#11761);
#3300=VERTEX_POINT('',#11769);
#3301=VERTEX_POINT('',#11771);
#3302=VERTEX_POINT('',#11772);
#3303=VERTEX_POINT('',#11774);
#3304=VERTEX_POINT('',#11777);
#3305=VERTEX_POINT('',#11779);
#3306=VERTEX_POINT('',#11781);
#3307=VERTEX_POINT('',#11783);
#3308=VERTEX_POINT('',#11785);
#3309=VERTEX_POINT('',#11787);
#3310=VERTEX_POINT('',#11788);
#3311=VERTEX_POINT('',#11790);
#3312=VERTEX_POINT('',#11792);
#3313=VERTEX_POINT('',#11794);
#3314=VERTEX_POINT('',#11796);
#3315=VERTEX_POINT('',#11798);
#3316=VERTEX_POINT('',#11800);
#3317=VERTEX_POINT('',#11802);
#3318=VERTEX_POINT('',#11805);
#3319=VERTEX_POINT('',#11806);
#3320=VERTEX_POINT('',#11808);
#3321=VERTEX_POINT('',#11810);
#3322=VERTEX_POINT('',#11812);
#3323=VERTEX_POINT('',#11814);
#3324=VERTEX_POINT('',#11816);
#3325=VERTEX_POINT('',#11818);
#3326=VERTEX_POINT('',#11820);
#3327=VERTEX_POINT('',#11823);
#3328=VERTEX_POINT('',#11824);
#3329=VERTEX_POINT('',#11826);
#3330=VERTEX_POINT('',#11828);
#3331=VERTEX_POINT('',#11830);
#3332=VERTEX_POINT('',#11832);
#3333=VERTEX_POINT('',#11834);
#3334=VERTEX_POINT('',#11836);
#3335=VERTEX_POINT('',#11838);
#3336=VERTEX_POINT('',#11841);
#3337=VERTEX_POINT('',#11845);
#3338=VERTEX_POINT('',#11849);
#3339=VERTEX_POINT('',#11854);
#3340=VERTEX_POINT('',#11856);
#3341=VERTEX_POINT('',#11861);
#3342=VERTEX_POINT('',#11863);
#3343=VERTEX_POINT('',#11868);
#3344=VERTEX_POINT('',#11870);
#3345=VERTEX_POINT('',#11875);
#3346=VERTEX_POINT('',#11877);
#3347=VERTEX_POINT('',#11881);
#3348=VERTEX_POINT('',#11883);
#3349=VERTEX_POINT('',#11887);
#3350=VERTEX_POINT('',#11889);
#3351=VERTEX_POINT('',#11893);
#3352=VERTEX_POINT('',#11895);
#3353=VERTEX_POINT('',#11907);
#3354=VERTEX_POINT('',#11911);
#3355=VERTEX_POINT('',#11913);
#3356=VERTEX_POINT('',#11917);
#3357=VERTEX_POINT('',#11919);
#3358=VERTEX_POINT('',#11923);
#3359=VERTEX_POINT('',#11925);
#3360=VERTEX_POINT('',#11932);
#3361=VERTEX_POINT('',#11937);
#3362=VERTEX_POINT('',#11943);
#3363=VERTEX_POINT('',#11945);
#3364=VERTEX_POINT('',#11949);
#3365=VERTEX_POINT('',#11951);
#3366=VERTEX_POINT('',#11955);
#3367=VERTEX_POINT('',#11957);
#3368=VERTEX_POINT('',#11961);
#3369=VERTEX_POINT('',#11968);
#3370=VERTEX_POINT('',#11975);
#3371=VERTEX_POINT('',#11977);
#3372=VERTEX_POINT('',#11982);
#3373=VERTEX_POINT('',#11984);
#3374=VERTEX_POINT('',#11989);
#3375=VERTEX_POINT('',#11992);
#3376=VERTEX_POINT('',#12015);
#3377=VERTEX_POINT('',#12019);
#3378=VERTEX_POINT('',#12021);
#3379=VERTEX_POINT('',#12025);
#3380=VERTEX_POINT('',#12028);
#3381=VERTEX_POINT('',#12030);
#3382=VERTEX_POINT('',#12034);
#3383=VERTEX_POINT('',#12037);
#3384=VERTEX_POINT('',#12039);
#3385=VERTEX_POINT('',#12043);
#3386=VERTEX_POINT('',#12046);
#3387=VERTEX_POINT('',#12048);
#3388=VERTEX_POINT('',#12052);
#3389=VERTEX_POINT('',#12055);
#3390=VERTEX_POINT('',#12057);
#3391=VERTEX_POINT('',#12061);
#3392=VERTEX_POINT('',#12064);
#3393=VERTEX_POINT('',#12078);
#3394=VERTEX_POINT('',#12079);
#3395=VERTEX_POINT('',#12082);
#3396=VERTEX_POINT('',#12086);
#3397=VERTEX_POINT('',#12088);
#3398=VERTEX_POINT('',#12092);
#3399=VERTEX_POINT('',#12093);
#3400=VERTEX_POINT('',#12096);
#3401=VERTEX_POINT('',#12100);
#3402=VERTEX_POINT('',#12102);
#3403=VERTEX_POINT('',#12106);
#3404=VERTEX_POINT('',#12107);
#3405=VERTEX_POINT('',#12110);
#3406=VERTEX_POINT('',#12114);
#3407=VERTEX_POINT('',#12116);
#3408=VERTEX_POINT('',#12120);
#3409=VERTEX_POINT('',#12121);
#3410=VERTEX_POINT('',#12124);
#3411=VERTEX_POINT('',#12128);
#3412=VERTEX_POINT('',#12130);
#3413=VERTEX_POINT('',#12134);
#3414=VERTEX_POINT('',#12135);
#3415=VERTEX_POINT('',#12138);
#3416=VERTEX_POINT('',#12142);
#3417=VERTEX_POINT('',#12144);
#3418=VERTEX_POINT('',#12148);
#3419=VERTEX_POINT('',#12149);
#3420=VERTEX_POINT('',#12152);
#3421=VERTEX_POINT('',#12156);
#3422=VERTEX_POINT('',#12158);
#3423=VERTEX_POINT('',#12162);
#3424=VERTEX_POINT('',#12163);
#3425=VERTEX_POINT('',#12166);
#3426=VERTEX_POINT('',#12170);
#3427=VERTEX_POINT('',#12172);
#3428=VERTEX_POINT('',#12176);
#3429=VERTEX_POINT('',#12177);
#3430=VERTEX_POINT('',#12180);
#3431=VERTEX_POINT('',#12184);
#3432=VERTEX_POINT('',#12186);
#3433=VERTEX_POINT('',#12190);
#3434=VERTEX_POINT('',#12191);
#3435=VERTEX_POINT('',#12194);
#3436=VERTEX_POINT('',#12198);
#3437=VERTEX_POINT('',#12200);
#3438=VERTEX_POINT('',#12204);
#3439=VERTEX_POINT('',#12205);
#3440=VERTEX_POINT('',#12208);
#3441=VERTEX_POINT('',#12212);
#3442=VERTEX_POINT('',#12214);
#3443=VERTEX_POINT('',#12218);
#3444=VERTEX_POINT('',#12219);
#3445=VERTEX_POINT('',#12222);
#3446=VERTEX_POINT('',#12226);
#3447=VERTEX_POINT('',#12228);
#3448=VERTEX_POINT('',#12232);
#3449=VERTEX_POINT('',#12233);
#3450=VERTEX_POINT('',#12236);
#3451=VERTEX_POINT('',#12240);
#3452=VERTEX_POINT('',#12242);
#3453=VERTEX_POINT('',#12246);
#3454=VERTEX_POINT('',#12247);
#3455=VERTEX_POINT('',#12250);
#3456=VERTEX_POINT('',#12254);
#3457=VERTEX_POINT('',#12256);
#3458=VERTEX_POINT('',#12260);
#3459=VERTEX_POINT('',#12261);
#3460=VERTEX_POINT('',#12264);
#3461=VERTEX_POINT('',#12268);
#3462=VERTEX_POINT('',#12270);
#3463=VERTEX_POINT('',#12274);
#3464=VERTEX_POINT('',#12275);
#3465=VERTEX_POINT('',#12278);
#3466=VERTEX_POINT('',#12282);
#3467=VERTEX_POINT('',#12284);
#3468=VERTEX_POINT('',#12288);
#3469=VERTEX_POINT('',#12289);
#3470=VERTEX_POINT('',#12292);
#3471=VERTEX_POINT('',#12296);
#3472=VERTEX_POINT('',#12298);
#3473=VERTEX_POINT('',#12302);
#3474=VERTEX_POINT('',#12303);
#3475=VERTEX_POINT('',#12306);
#3476=VERTEX_POINT('',#12310);
#3477=VERTEX_POINT('',#12312);
#3478=VERTEX_POINT('',#12316);
#3479=VERTEX_POINT('',#12317);
#3480=VERTEX_POINT('',#12320);
#3481=VERTEX_POINT('',#12324);
#3482=VERTEX_POINT('',#12326);
#3483=VERTEX_POINT('',#12330);
#3484=VERTEX_POINT('',#12331);
#3485=VERTEX_POINT('',#12334);
#3486=VERTEX_POINT('',#12338);
#3487=VERTEX_POINT('',#12340);
#3488=VERTEX_POINT('',#12344);
#3489=VERTEX_POINT('',#12345);
#3490=VERTEX_POINT('',#12348);
#3491=VERTEX_POINT('',#12352);
#3492=VERTEX_POINT('',#12354);
#3493=VERTEX_POINT('',#12358);
#3494=VERTEX_POINT('',#12359);
#3495=VERTEX_POINT('',#12362);
#3496=VERTEX_POINT('',#12366);
#3497=VERTEX_POINT('',#12368);
#3498=VERTEX_POINT('',#12372);
#3499=VERTEX_POINT('',#12374);
#3500=VERTEX_POINT('',#12378);
#3501=VERTEX_POINT('',#12380);
#3502=VERTEX_POINT('',#12384);
#3503=VERTEX_POINT('',#12386);
#3504=VERTEX_POINT('',#12390);
#3505=VERTEX_POINT('',#12392);
#3506=VERTEX_POINT('',#12436);
#3507=VERTEX_POINT('',#12438);
#3508=VERTEX_POINT('',#12442);
#3509=VERTEX_POINT('',#12446);
#3510=VERTEX_POINT('',#12455);
#3511=VERTEX_POINT('',#12457);
#3512=VERTEX_POINT('',#12461);
#3513=VERTEX_POINT('',#12465);
#3514=VERTEX_POINT('',#12468);
#3515=VERTEX_POINT('',#12470);
#3516=VERTEX_POINT('',#12472);
#3517=VERTEX_POINT('',#12474);
#3518=VERTEX_POINT('',#12476);
#3519=VERTEX_POINT('',#12478);
#3520=VERTEX_POINT('',#12480);
#3521=VERTEX_POINT('',#12482);
#3522=VERTEX_POINT('',#12484);
#3523=VERTEX_POINT('',#12486);
#3524=VERTEX_POINT('',#12488);
#3525=VERTEX_POINT('',#12490);
#3526=VERTEX_POINT('',#12492);
#3527=VERTEX_POINT('',#12494);
#3528=VERTEX_POINT('',#12496);
#3529=VERTEX_POINT('',#12498);
#3530=VERTEX_POINT('',#12500);
#3531=VERTEX_POINT('',#12502);
#3532=VERTEX_POINT('',#12505);
#3533=VERTEX_POINT('',#12506);
#3534=VERTEX_POINT('',#12509);
#3535=VERTEX_POINT('',#12513);
#3536=VERTEX_POINT('',#12514);
#3537=VERTEX_POINT('',#12519);
#3538=VERTEX_POINT('',#12521);
#3539=VERTEX_POINT('',#12525);
#3540=VERTEX_POINT('',#12526);
#3541=VERTEX_POINT('',#12531);
#3542=VERTEX_POINT('',#12533);
#3543=VERTEX_POINT('',#12537);
#3544=VERTEX_POINT('',#12538);
#3545=VERTEX_POINT('',#12543);
#3546=VERTEX_POINT('',#12545);
#3547=VERTEX_POINT('',#12549);
#3548=VERTEX_POINT('',#12550);
#3549=VERTEX_POINT('',#12555);
#3550=VERTEX_POINT('',#12557);
#3551=VERTEX_POINT('',#12561);
#3552=VERTEX_POINT('',#12562);
#3553=VERTEX_POINT('',#12567);
#3554=VERTEX_POINT('',#12569);
#3555=VERTEX_POINT('',#12573);
#3556=VERTEX_POINT('',#12574);
#3557=VERTEX_POINT('',#12579);
#3558=VERTEX_POINT('',#12581);
#3559=VERTEX_POINT('',#12585);
#3560=VERTEX_POINT('',#12586);
#3561=VERTEX_POINT('',#12591);
#3562=VERTEX_POINT('',#12593);
#3563=VERTEX_POINT('',#12597);
#3564=VERTEX_POINT('',#12598);
#3565=VERTEX_POINT('',#12603);
#3566=VERTEX_POINT('',#12605);
#3567=VERTEX_POINT('',#12609);
#3568=VERTEX_POINT('',#12610);
#3569=VERTEX_POINT('',#12615);
#3570=VERTEX_POINT('',#12617);
#3571=VERTEX_POINT('',#12621);
#3572=VERTEX_POINT('',#12622);
#3573=VERTEX_POINT('',#12627);
#3574=VERTEX_POINT('',#12629);
#3575=VERTEX_POINT('',#12633);
#3576=VERTEX_POINT('',#12634);
#3577=VERTEX_POINT('',#12639);
#3578=VERTEX_POINT('',#12641);
#3579=VERTEX_POINT('',#12645);
#3580=VERTEX_POINT('',#12646);
#3581=VERTEX_POINT('',#12651);
#3582=VERTEX_POINT('',#12653);
#3583=VERTEX_POINT('',#12657);
#3584=VERTEX_POINT('',#12658);
#3585=VERTEX_POINT('',#12663);
#3586=VERTEX_POINT('',#12665);
#3587=VERTEX_POINT('',#12669);
#3588=VERTEX_POINT('',#12670);
#3589=VERTEX_POINT('',#12675);
#3590=VERTEX_POINT('',#12677);
#3591=VERTEX_POINT('',#12681);
#3592=VERTEX_POINT('',#12682);
#3593=VERTEX_POINT('',#12687);
#3594=VERTEX_POINT('',#12689);
#3595=VERTEX_POINT('',#12693);
#3596=VERTEX_POINT('',#12694);
#3597=VERTEX_POINT('',#12699);
#3598=VERTEX_POINT('',#12701);
#3599=VERTEX_POINT('',#12705);
#3600=VERTEX_POINT('',#12706);
#3601=VERTEX_POINT('',#12708);
#3602=VERTEX_POINT('',#12710);
#3603=VERTEX_POINT('',#12712);
#3604=VERTEX_POINT('',#12716);
#3605=VERTEX_POINT('',#12752);
#3606=VERTEX_POINT('',#12756);
#3607=VERTEX_POINT('',#12757);
#3608=VERTEX_POINT('',#12759);
#3609=VERTEX_POINT('',#12761);
#3610=VERTEX_POINT('',#12765);
#3611=VERTEX_POINT('',#12767);
#3612=VERTEX_POINT('',#12771);
#3613=VERTEX_POINT('',#12773);
#3614=VERTEX_POINT('',#12775);
#3615=VERTEX_POINT('',#12777);
#3616=VERTEX_POINT('',#12779);
#3617=VERTEX_POINT('',#12781);
#3618=VERTEX_POINT('',#12783);
#3619=VERTEX_POINT('',#12785);
#3620=VERTEX_POINT('',#12787);
#3621=VERTEX_POINT('',#12791);
#3622=VERTEX_POINT('',#12793);
#3623=VERTEX_POINT('',#12799);
#3624=VERTEX_POINT('',#12800);
#3625=VERTEX_POINT('',#12823);
#3626=VERTEX_POINT('',#12825);
#3627=VERTEX_POINT('',#12828);
#3628=VERTEX_POINT('',#12832);
#3629=VERTEX_POINT('',#12838);
#3630=VERTEX_POINT('',#12840);
#3631=VERTEX_POINT('',#12844);
#3632=VERTEX_POINT('',#12846);
#3633=VERTEX_POINT('',#12850);
#3634=VERTEX_POINT('',#12854);
#3635=VERTEX_POINT('',#12855);
#3636=VERTEX_POINT('',#12858);
#3637=VERTEX_POINT('',#12862);
#3638=VERTEX_POINT('',#12864);
#3639=VERTEX_POINT('',#12868);
#3640=VERTEX_POINT('',#12869);
#3641=VERTEX_POINT('',#12872);
#3642=VERTEX_POINT('',#12876);
#3643=VERTEX_POINT('',#12878);
#3644=VERTEX_POINT('',#12882);
#3645=VERTEX_POINT('',#12883);
#3646=VERTEX_POINT('',#12886);
#3647=VERTEX_POINT('',#12890);
#3648=VERTEX_POINT('',#12892);
#3649=VERTEX_POINT('',#12896);
#3650=VERTEX_POINT('',#12897);
#3651=VERTEX_POINT('',#12900);
#3652=VERTEX_POINT('',#12904);
#3653=VERTEX_POINT('',#12906);
#3654=VERTEX_POINT('',#12910);
#3655=VERTEX_POINT('',#12911);
#3656=VERTEX_POINT('',#12914);
#3657=VERTEX_POINT('',#12918);
#3658=VERTEX_POINT('',#12920);
#3659=VERTEX_POINT('',#12924);
#3660=VERTEX_POINT('',#12925);
#3661=VERTEX_POINT('',#12928);
#3662=VERTEX_POINT('',#12932);
#3663=VERTEX_POINT('',#12934);
#3664=VERTEX_POINT('',#12938);
#3665=VERTEX_POINT('',#12939);
#3666=VERTEX_POINT('',#12942);
#3667=VERTEX_POINT('',#12944);
#3668=VERTEX_POINT('',#12946);
#3669=VERTEX_POINT('',#12948);
#3670=VERTEX_POINT('',#12950);
#3671=VERTEX_POINT('',#12954);
#3672=VERTEX_POINT('',#12956);
#3673=VERTEX_POINT('',#12960);
#3674=VERTEX_POINT('',#12961);
#3675=VERTEX_POINT('',#12963);
#3676=VERTEX_POINT('',#12965);
#3677=VERTEX_POINT('',#12967);
#3678=VERTEX_POINT('',#12983);
#3679=VERTEX_POINT('',#12985);
#3680=VERTEX_POINT('',#12987);
#3681=VERTEX_POINT('',#12993);
#3682=VERTEX_POINT('',#12995);
#3683=VERTEX_POINT('',#13000);
#3684=VERTEX_POINT('',#13002);
#3685=VERTEX_POINT('',#13006);
#3686=VERTEX_POINT('',#13022);
#3687=VERTEX_POINT('',#13024);
#3688=VERTEX_POINT('',#13028);
#3689=VERTEX_POINT('',#13030);
#3690=VERTEX_POINT('',#13034);
#3691=VERTEX_POINT('',#13038);
#3692=VERTEX_POINT('',#13039);
#3693=VERTEX_POINT('',#13042);
#3694=VERTEX_POINT('',#13046);
#3695=VERTEX_POINT('',#13048);
#3696=VERTEX_POINT('',#13052);
#3697=VERTEX_POINT('',#13053);
#3698=VERTEX_POINT('',#13056);
#3699=VERTEX_POINT('',#13060);
#3700=VERTEX_POINT('',#13062);
#3701=VERTEX_POINT('',#13066);
#3702=VERTEX_POINT('',#13067);
#3703=VERTEX_POINT('',#13070);
#3704=VERTEX_POINT('',#13074);
#3705=VERTEX_POINT('',#13076);
#3706=VERTEX_POINT('',#13080);
#3707=VERTEX_POINT('',#13081);
#3708=VERTEX_POINT('',#13084);
#3709=VERTEX_POINT('',#13088);
#3710=VERTEX_POINT('',#13090);
#3711=VERTEX_POINT('',#13094);
#3712=VERTEX_POINT('',#13095);
#3713=VERTEX_POINT('',#13098);
#3714=VERTEX_POINT('',#13102);
#3715=VERTEX_POINT('',#13104);
#3716=VERTEX_POINT('',#13108);
#3717=VERTEX_POINT('',#13109);
#3718=VERTEX_POINT('',#13112);
#3719=VERTEX_POINT('',#13116);
#3720=VERTEX_POINT('',#13118);
#3721=VERTEX_POINT('',#13134);
#3722=VERTEX_POINT('',#13136);
#3723=VERTEX_POINT('',#13140);
#3724=VERTEX_POINT('',#13141);
#3725=VERTEX_POINT('',#13144);
#3726=VERTEX_POINT('',#13148);
#3727=VERTEX_POINT('',#13150);
#3728=VERTEX_POINT('',#13152);
#3729=VERTEX_POINT('',#13156);
#3730=VERTEX_POINT('',#13157);
#3731=VERTEX_POINT('',#13162);
#3732=VERTEX_POINT('',#13168);
#3733=VERTEX_POINT('',#13177);
#3734=VERTEX_POINT('',#13179);
#3735=VERTEX_POINT('',#13183);
#3736=VERTEX_POINT('',#13185);
#3737=VERTEX_POINT('',#13189);
#3738=VERTEX_POINT('',#13193);
#3739=VERTEX_POINT('',#13194);
#3740=VERTEX_POINT('',#13197);
#3741=VERTEX_POINT('',#13201);
#3742=VERTEX_POINT('',#13203);
#3743=VERTEX_POINT('',#13207);
#3744=VERTEX_POINT('',#13208);
#3745=VERTEX_POINT('',#13211);
#3746=VERTEX_POINT('',#13215);
#3747=VERTEX_POINT('',#13217);
#3748=VERTEX_POINT('',#13221);
#3749=VERTEX_POINT('',#13222);
#3750=VERTEX_POINT('',#13225);
#3751=VERTEX_POINT('',#13229);
#3752=VERTEX_POINT('',#13231);
#3753=VERTEX_POINT('',#13235);
#3754=VERTEX_POINT('',#13236);
#3755=VERTEX_POINT('',#13239);
#3756=VERTEX_POINT('',#13243);
#3757=VERTEX_POINT('',#13245);
#3758=VERTEX_POINT('',#13249);
#3759=VERTEX_POINT('',#13250);
#3760=VERTEX_POINT('',#13253);
#3761=VERTEX_POINT('',#13257);
#3762=VERTEX_POINT('',#13259);
#3763=VERTEX_POINT('',#13263);
#3764=VERTEX_POINT('',#13264);
#3765=VERTEX_POINT('',#13267);
#3766=VERTEX_POINT('',#13271);
#3767=VERTEX_POINT('',#13273);
#3768=VERTEX_POINT('',#13289);
#3769=VERTEX_POINT('',#13291);
#3770=VERTEX_POINT('',#13295);
#3771=VERTEX_POINT('',#13296);
#3772=VERTEX_POINT('',#13299);
#3773=VERTEX_POINT('',#13303);
#3774=VERTEX_POINT('',#13305);
#3775=VERTEX_POINT('',#13307);
#3776=VERTEX_POINT('',#13311);
#3777=VERTEX_POINT('',#13312);
#3778=VERTEX_POINT('',#13317);
#3779=VERTEX_POINT('',#13323);
#3780=VERTEX_POINT('',#13332);
#3781=VERTEX_POINT('',#13334);
#3782=VERTEX_POINT('',#13338);
#3783=VERTEX_POINT('',#13340);
#3784=VERTEX_POINT('',#13344);
#3785=VERTEX_POINT('',#13348);
#3786=VERTEX_POINT('',#13349);
#3787=VERTEX_POINT('',#13352);
#3788=VERTEX_POINT('',#13356);
#3789=VERTEX_POINT('',#13358);
#3790=VERTEX_POINT('',#13362);
#3791=VERTEX_POINT('',#13363);
#3792=VERTEX_POINT('',#13366);
#3793=VERTEX_POINT('',#13370);
#3794=VERTEX_POINT('',#13372);
#3795=VERTEX_POINT('',#13376);
#3796=VERTEX_POINT('',#13377);
#3797=VERTEX_POINT('',#13380);
#3798=VERTEX_POINT('',#13384);
#3799=VERTEX_POINT('',#13386);
#3800=VERTEX_POINT('',#13390);
#3801=VERTEX_POINT('',#13391);
#3802=VERTEX_POINT('',#13394);
#3803=VERTEX_POINT('',#13398);
#3804=VERTEX_POINT('',#13400);
#3805=VERTEX_POINT('',#13404);
#3806=VERTEX_POINT('',#13405);
#3807=VERTEX_POINT('',#13408);
#3808=VERTEX_POINT('',#13412);
#3809=VERTEX_POINT('',#13414);
#3810=VERTEX_POINT('',#13418);
#3811=VERTEX_POINT('',#13419);
#3812=VERTEX_POINT('',#13422);
#3813=VERTEX_POINT('',#13426);
#3814=VERTEX_POINT('',#13428);
#3815=VERTEX_POINT('',#13444);
#3816=VERTEX_POINT('',#13446);
#3817=VERTEX_POINT('',#13450);
#3818=VERTEX_POINT('',#13451);
#3819=VERTEX_POINT('',#13454);
#3820=VERTEX_POINT('',#13458);
#3821=VERTEX_POINT('',#13460);
#3822=VERTEX_POINT('',#13462);
#3823=VERTEX_POINT('',#13466);
#3824=VERTEX_POINT('',#13467);
#3825=VERTEX_POINT('',#13472);
#3826=VERTEX_POINT('',#13478);
#3827=VERTEX_POINT('',#13487);
#3828=VERTEX_POINT('',#13489);
#3829=VERTEX_POINT('',#13493);
#3830=VERTEX_POINT('',#13495);
#3831=VERTEX_POINT('',#13499);
#3832=VERTEX_POINT('',#13503);
#3833=VERTEX_POINT('',#13504);
#3834=VERTEX_POINT('',#13507);
#3835=VERTEX_POINT('',#13511);
#3836=VERTEX_POINT('',#13513);
#3837=VERTEX_POINT('',#13517);
#3838=VERTEX_POINT('',#13518);
#3839=VERTEX_POINT('',#13521);
#3840=VERTEX_POINT('',#13525);
#3841=VERTEX_POINT('',#13527);
#3842=VERTEX_POINT('',#13531);
#3843=VERTEX_POINT('',#13532);
#3844=VERTEX_POINT('',#13535);
#3845=VERTEX_POINT('',#13539);
#3846=VERTEX_POINT('',#13541);
#3847=VERTEX_POINT('',#13545);
#3848=VERTEX_POINT('',#13546);
#3849=VERTEX_POINT('',#13549);
#3850=VERTEX_POINT('',#13553);
#3851=VERTEX_POINT('',#13555);
#3852=VERTEX_POINT('',#13559);
#3853=VERTEX_POINT('',#13560);
#3854=VERTEX_POINT('',#13563);
#3855=VERTEX_POINT('',#13567);
#3856=VERTEX_POINT('',#13569);
#3857=VERTEX_POINT('',#13573);
#3858=VERTEX_POINT('',#13574);
#3859=VERTEX_POINT('',#13577);
#3860=VERTEX_POINT('',#13581);
#3861=VERTEX_POINT('',#13583);
#3862=VERTEX_POINT('',#13599);
#3863=VERTEX_POINT('',#13601);
#3864=VERTEX_POINT('',#13605);
#3865=VERTEX_POINT('',#13606);
#3866=VERTEX_POINT('',#13609);
#3867=VERTEX_POINT('',#13613);
#3868=VERTEX_POINT('',#13615);
#3869=VERTEX_POINT('',#13617);
#3870=VERTEX_POINT('',#13621);
#3871=VERTEX_POINT('',#13622);
#3872=VERTEX_POINT('',#13627);
#3873=VERTEX_POINT('',#13633);
#3874=VERTEX_POINT('',#13642);
#3875=VERTEX_POINT('',#13644);
#3876=VERTEX_POINT('',#13647);
#3877=VERTEX_POINT('',#13649);
#3878=VERTEX_POINT('',#13651);
#3879=VERTEX_POINT('',#13653);
#3880=VERTEX_POINT('',#13655);
#3881=VERTEX_POINT('',#13657);
#3882=VERTEX_POINT('',#13659);
#3883=VERTEX_POINT('',#13661);
#3884=VERTEX_POINT('',#13663);
#3885=VERTEX_POINT('',#13665);
#3886=VERTEX_POINT('',#13668);
#3887=VERTEX_POINT('',#13669);
#3888=VERTEX_POINT('',#13674);
#3889=VERTEX_POINT('',#13676);
#3890=VERTEX_POINT('',#13680);
#3891=VERTEX_POINT('',#13681);
#3892=VERTEX_POINT('',#13686);
#3893=VERTEX_POINT('',#13688);
#3894=VERTEX_POINT('',#13692);
#3895=VERTEX_POINT('',#13693);
#3896=VERTEX_POINT('',#13698);
#3897=VERTEX_POINT('',#13700);
#3898=VERTEX_POINT('',#13704);
#3899=VERTEX_POINT('',#13705);
#3900=VERTEX_POINT('',#13710);
#3901=VERTEX_POINT('',#13712);
#3902=VERTEX_POINT('',#13716);
#3903=VERTEX_POINT('',#13717);
#3904=VERTEX_POINT('',#13722);
#3905=VERTEX_POINT('',#13724);
#3906=VERTEX_POINT('',#13728);
#3907=VERTEX_POINT('',#13729);
#3908=VERTEX_POINT('',#13734);
#3909=VERTEX_POINT('',#13736);
#3910=VERTEX_POINT('',#13740);
#3911=VERTEX_POINT('',#13741);
#3912=VERTEX_POINT('',#13746);
#3913=VERTEX_POINT('',#13748);
#3914=VERTEX_POINT('',#13752);
#3915=VERTEX_POINT('',#13753);
#3916=VERTEX_POINT('',#13758);
#3917=VERTEX_POINT('',#13760);
#3918=VERTEX_POINT('',#13764);
#3919=VERTEX_POINT('',#13765);
#3920=VERTEX_POINT('',#13770);
#3921=VERTEX_POINT('',#13771);
#3922=VERTEX_POINT('',#13773);
#3923=VERTEX_POINT('',#13775);
#3924=VERTEX_POINT('',#13795);
#3925=VERTEX_POINT('',#13799);
#3926=VERTEX_POINT('',#13803);
#3927=VERTEX_POINT('',#13805);
#3928=VERTEX_POINT('',#13809);
#3929=VERTEX_POINT('',#13813);
#3930=VERTEX_POINT('',#13814);
#3931=VERTEX_POINT('',#13816);
#3932=VERTEX_POINT('',#13818);
#3933=VERTEX_POINT('',#13820);
#3934=VERTEX_POINT('',#13822);
#3935=VERTEX_POINT('',#13825);
#3936=VERTEX_POINT('',#13827);
#3937=VERTEX_POINT('',#13829);
#3938=VERTEX_POINT('',#13833);
#3939=VERTEX_POINT('',#13835);
#3940=VERTEX_POINT('',#13837);
#3941=VERTEX_POINT('',#13839);
#3942=VERTEX_POINT('',#13842);
#3943=VERTEX_POINT('',#13844);
#3944=VERTEX_POINT('',#13846);
#3945=VERTEX_POINT('',#13850);
#3946=VERTEX_POINT('',#13851);
#3947=EDGE_CURVE('',#3248,#3248,#2632,.T.);
#3948=EDGE_CURVE('',#3248,#3249,#1694,.T.);
#3949=EDGE_CURVE('',#3249,#3249,#2633,.T.);
#3950=EDGE_CURVE('',#3250,#3250,#2634,.T.);
#3951=EDGE_CURVE('',#3250,#3251,#1695,.T.);
#3952=EDGE_CURVE('',#3251,#3251,#2635,.T.);
#3953=EDGE_CURVE('',#3252,#3253,#2636,.T.);
#3954=EDGE_CURVE('',#3252,#3254,#1696,.T.);
#3955=EDGE_CURVE('',#3254,#3255,#2637,.T.);
#3956=EDGE_CURVE('',#3253,#3255,#1697,.T.);
#3957=EDGE_CURVE('',#3256,#3257,#1698,.T.);
#3958=EDGE_CURVE('',#3256,#3258,#1699,.T.);
#3959=EDGE_CURVE('',#3258,#3259,#1700,.T.);
#3960=EDGE_CURVE('',#3257,#3259,#1701,.T.);
#3961=EDGE_CURVE('',#3260,#3261,#1702,.T.);
#3962=EDGE_CURVE('',#3262,#3260,#1703,.T.);
#3963=EDGE_CURVE('',#3262,#3263,#1704,.T.);
#3964=EDGE_CURVE('',#3261,#3263,#1705,.T.);
#3965=EDGE_CURVE('',#3253,#3264,#1706,.T.);
#3966=EDGE_CURVE('',#3255,#3265,#1707,.T.);
#3967=EDGE_CURVE('',#3264,#3265,#1708,.T.);
#3968=EDGE_CURVE('',#3259,#3262,#2638,.T.);
#3969=EDGE_CURVE('',#3263,#3258,#2639,.T.);
#3970=EDGE_CURVE('',#3266,#3252,#1709,.T.);
#3971=EDGE_CURVE('',#3267,#3266,#1710,.T.);
#3972=EDGE_CURVE('',#3267,#3254,#1711,.T.);
#3973=EDGE_CURVE('',#3261,#3256,#2640,.T.);
#3974=EDGE_CURVE('',#3265,#3267,#2641,.T.);
#3975=EDGE_CURVE('',#3268,#3269,#2642,.T.);
#3976=EDGE_CURVE('',#3268,#3270,#1712,.T.);
#3977=EDGE_CURVE('',#3270,#3271,#2643,.T.);
#3978=EDGE_CURVE('',#3269,#3271,#1713,.T.);
#3979=EDGE_CURVE('',#3272,#3273,#1714,.T.);
#3980=EDGE_CURVE('',#3272,#3274,#1715,.T.);
#3981=EDGE_CURVE('',#3274,#3275,#1716,.T.);
#3982=EDGE_CURVE('',#3273,#3275,#1717,.T.);
#3983=EDGE_CURVE('',#3276,#3277,#1718,.T.);
#3984=EDGE_CURVE('',#3278,#3276,#1719,.T.);
#3985=EDGE_CURVE('',#3278,#3279,#1720,.T.);
#3986=EDGE_CURVE('',#3277,#3279,#1721,.T.);
#3987=EDGE_CURVE('',#3269,#3280,#1722,.T.);
#3988=EDGE_CURVE('',#3271,#3281,#1723,.T.);
#3989=EDGE_CURVE('',#3280,#3281,#1724,.T.);
#3990=EDGE_CURVE('',#3275,#3278,#2644,.T.);
#3991=EDGE_CURVE('',#3279,#3274,#2645,.T.);
#3992=EDGE_CURVE('',#3282,#3268,#1725,.T.);
#3993=EDGE_CURVE('',#3283,#3282,#1726,.T.);
#3994=EDGE_CURVE('',#3283,#3270,#1727,.T.);
#3995=EDGE_CURVE('',#3277,#3272,#2646,.T.);
#3996=EDGE_CURVE('',#3281,#3283,#2647,.T.);
#3997=EDGE_CURVE('',#3284,#3285,#2648,.T.);
#3998=EDGE_CURVE('',#3284,#3286,#1728,.T.);
#3999=EDGE_CURVE('',#3286,#3287,#2649,.T.);
#4000=EDGE_CURVE('',#3285,#3287,#1729,.T.);
#4001=EDGE_CURVE('',#3288,#3289,#1730,.T.);
#4002=EDGE_CURVE('',#3288,#3290,#1731,.T.);
#4003=EDGE_CURVE('',#3290,#3291,#1732,.T.);
#4004=EDGE_CURVE('',#3289,#3291,#1733,.T.);
#4005=EDGE_CURVE('',#3292,#3293,#1734,.T.);
#4006=EDGE_CURVE('',#3294,#3292,#1735,.T.);
#4007=EDGE_CURVE('',#3294,#3295,#1736,.T.);
#4008=EDGE_CURVE('',#3293,#3295,#1737,.T.);
#4009=EDGE_CURVE('',#3285,#3296,#1738,.T.);
#4010=EDGE_CURVE('',#3287,#3297,#1739,.T.);
#4011=EDGE_CURVE('',#3296,#3297,#1740,.T.);
#4012=EDGE_CURVE('',#3291,#3294,#2650,.T.);
#4013=EDGE_CURVE('',#3295,#3290,#2651,.T.);
#4014=EDGE_CURVE('',#3298,#3284,#1741,.T.);
#4015=EDGE_CURVE('',#3299,#3298,#1742,.T.);
#4016=EDGE_CURVE('',#3299,#3286,#1743,.T.);
#4017=EDGE_CURVE('',#3293,#3288,#2652,.T.);
#4018=EDGE_CURVE('',#3297,#3299,#2653,.T.);
#4019=EDGE_CURVE('',#3300,#3300,#2654,.T.);
#4020=EDGE_CURVE('',#3301,#3302,#268,.T.);
#4021=EDGE_CURVE('',#3302,#3303,#2655,.T.);
#4022=EDGE_CURVE('',#3303,#3301,#2656,.T.);
#4023=EDGE_CURVE('',#3304,#3304,#2657,.T.);
#4024=EDGE_CURVE('',#3305,#3305,#2658,.T.);
#4025=EDGE_CURVE('',#3306,#3306,#2659,.T.);
#4026=EDGE_CURVE('',#3307,#3307,#2660,.T.);
#4027=EDGE_CURVE('',#3308,#3308,#2661,.T.);
#4028=EDGE_CURVE('',#3309,#3310,#1744,.T.);
#4029=EDGE_CURVE('',#3310,#3311,#2662,.T.);
#4030=EDGE_CURVE('',#3311,#3312,#1745,.T.);
#4031=EDGE_CURVE('',#3312,#3313,#2663,.F.);
#4032=EDGE_CURVE('',#3313,#3314,#1746,.T.);
#4033=EDGE_CURVE('',#3314,#3315,#2664,.T.);
#4034=EDGE_CURVE('',#3315,#3316,#1747,.T.);
#4035=EDGE_CURVE('',#3316,#3317,#2665,.F.);
#4036=EDGE_CURVE('',#3317,#3309,#2666,.F.);
#4037=EDGE_CURVE('',#3318,#3319,#1748,.T.);
#4038=EDGE_CURVE('',#3319,#3320,#2667,.T.);
#4039=EDGE_CURVE('',#3320,#3321,#1749,.T.);
#4040=EDGE_CURVE('',#3321,#3322,#2668,.F.);
#4041=EDGE_CURVE('',#3322,#3323,#2669,.F.);
#4042=EDGE_CURVE('',#3323,#3324,#1750,.T.);
#4043=EDGE_CURVE('',#3324,#3325,#2670,.T.);
#4044=EDGE_CURVE('',#3325,#3326,#1751,.T.);
#4045=EDGE_CURVE('',#3326,#3318,#2671,.F.);
#4046=EDGE_CURVE('',#3327,#3328,#1752,.T.);
#4047=EDGE_CURVE('',#3328,#3329,#2672,.F.);
#4048=EDGE_CURVE('',#3329,#3330,#2673,.F.);
#4049=EDGE_CURVE('',#3330,#3331,#1753,.T.);
#4050=EDGE_CURVE('',#3331,#3332,#2674,.T.);
#4051=EDGE_CURVE('',#3332,#3333,#1754,.T.);
#4052=EDGE_CURVE('',#3333,#3334,#2675,.F.);
#4053=EDGE_CURVE('',#3334,#3335,#1755,.T.);
#4054=EDGE_CURVE('',#3335,#3327,#2676,.T.);
#4055=EDGE_CURVE('',#3296,#3336,#2677,.F.);
#4056=EDGE_CURVE('',#3336,#3292,#2678,.F.);
#4057=EDGE_CURVE('',#3289,#3298,#2679,.F.);
#4058=EDGE_CURVE('',#3280,#3337,#2680,.F.);
#4059=EDGE_CURVE('',#3337,#3276,#2681,.F.);
#4060=EDGE_CURVE('',#3273,#3282,#2682,.F.);
#4061=EDGE_CURVE('',#3264,#3338,#2683,.F.);
#4062=EDGE_CURVE('',#3338,#3260,#2684,.F.);
#4063=EDGE_CURVE('',#3257,#3266,#2685,.F.);
#4064=EDGE_CURVE('',#3339,#3339,#2686,.T.);
#4065=EDGE_CURVE('',#3339,#3340,#1756,.T.);
#4066=EDGE_CURVE('',#3337,#3339,#1757,.T.);
#4067=EDGE_CURVE('',#3341,#3341,#2687,.T.);
#4068=EDGE_CURVE('',#3341,#3342,#1758,.T.);
#4069=EDGE_CURVE('',#3338,#3341,#1759,.T.);
#4070=EDGE_CURVE('',#3343,#3343,#2688,.T.);
#4071=EDGE_CURVE('',#3343,#3344,#1760,.T.);
#4072=EDGE_CURVE('',#3336,#3343,#1761,.T.);
#4073=EDGE_CURVE('',#3333,#3345,#1762,.T.);
#4074=EDGE_CURVE('',#3332,#3346,#1763,.T.);
#4075=EDGE_CURVE('',#3345,#3346,#1764,.T.);
#4076=EDGE_CURVE('',#3347,#3334,#1765,.T.);
#4077=EDGE_CURVE('',#3348,#3347,#1766,.T.);
#4078=EDGE_CURVE('',#3335,#3348,#1767,.T.);
#4079=EDGE_CURVE('',#3345,#3349,#2689,.T.);
#4080=EDGE_CURVE('',#3346,#3350,#2690,.T.);
#4081=EDGE_CURVE('',#3350,#3349,#1768,.T.);
#4082=EDGE_CURVE('',#3351,#3347,#2691,.T.);
#4083=EDGE_CURVE('',#3351,#3352,#1769,.T.);
#4084=EDGE_CURVE('',#3352,#3348,#2692,.T.);
#4085=EDGE_CURVE('',#3349,#3330,#1770,.T.);
#4086=EDGE_CURVE('',#3331,#3350,#1771,.T.);
#4087=EDGE_CURVE('',#3327,#3352,#1772,.T.);
#4088=EDGE_CURVE('',#3328,#3351,#1773,.T.);
#4089=EDGE_CURVE('',#3329,#3353,#1774,.T.);
#4090=EDGE_CURVE('',#3353,#3353,#2693,.T.);
#4091=EDGE_CURVE('',#3310,#3354,#1775,.T.);
#4092=EDGE_CURVE('',#3354,#3355,#2694,.T.);
#4093=EDGE_CURVE('',#3311,#3355,#1776,.T.);
#4094=EDGE_CURVE('',#3356,#3313,#1777,.T.);
#4095=EDGE_CURVE('',#3356,#3357,#1778,.T.);
#4096=EDGE_CURVE('',#3314,#3357,#1779,.T.);
#4097=EDGE_CURVE('',#3358,#3356,#2695,.T.);
#4098=EDGE_CURVE('',#3359,#3358,#1780,.T.);
#4099=EDGE_CURVE('',#3357,#3359,#2696,.T.);
#4100=EDGE_CURVE('',#3316,#3358,#1781,.T.);
#4101=EDGE_CURVE('',#3315,#3359,#1782,.T.);
#4102=EDGE_CURVE('',#3360,#3309,#1783,.T.);
#4103=EDGE_CURVE('',#3360,#3354,#1784,.T.);
#4104=EDGE_CURVE('',#3312,#3361,#1785,.T.);
#4105=EDGE_CURVE('',#3355,#3361,#1786,.T.);
#4106=EDGE_CURVE('',#3361,#3360,#2697,.T.);
#4107=EDGE_CURVE('',#3319,#3362,#1787,.T.);
#4108=EDGE_CURVE('',#3362,#3363,#2698,.T.);
#4109=EDGE_CURVE('',#3320,#3363,#1788,.T.);
#4110=EDGE_CURVE('',#3325,#3364,#1789,.T.);
#4111=EDGE_CURVE('',#3364,#3365,#1790,.T.);
#4112=EDGE_CURVE('',#3326,#3365,#1791,.T.);
#4113=EDGE_CURVE('',#3366,#3323,#1792,.T.);
#4114=EDGE_CURVE('',#3366,#3367,#1793,.T.);
#4115=EDGE_CURVE('',#3324,#3367,#1794,.T.);
#4116=EDGE_CURVE('',#3363,#3368,#1795,.T.);
#4117=EDGE_CURVE('',#3321,#3368,#1796,.T.);
#4118=EDGE_CURVE('',#3365,#3366,#2699,.T.);
#4119=EDGE_CURVE('',#3367,#3364,#2700,.T.);
#4120=EDGE_CURVE('',#3369,#3318,#1797,.T.);
#4121=EDGE_CURVE('',#3369,#3362,#1798,.T.);
#4122=EDGE_CURVE('',#3368,#3369,#2701,.T.);
#4123=EDGE_CURVE('',#3370,#3370,#2702,.T.);
#4124=EDGE_CURVE('',#3370,#3371,#1799,.T.);
#4125=EDGE_CURVE('',#3317,#3370,#1800,.T.);
#4126=EDGE_CURVE('',#3372,#3372,#2703,.T.);
#4127=EDGE_CURVE('',#3372,#3373,#1801,.T.);
#4128=EDGE_CURVE('',#3322,#3372,#1802,.T.);
#4129=EDGE_CURVE('',#3353,#3374,#1803,.T.);
#4130=EDGE_CURVE('',#3302,#3375,#67,.T.);
#4131=EDGE_CURVE('',#3375,#3301,#68,.T.);
#4132=EDGE_CURVE('',#3375,#3376,#1804,.T.);
#4133=EDGE_CURVE('',#3376,#3376,#269,.T.);
#4134=EDGE_CURVE('',#3377,#3377,#2704,.T.);
#4135=EDGE_CURVE('',#3377,#3378,#1805,.T.);
#4136=EDGE_CURVE('',#3378,#3378,#2705,.T.);
#4137=EDGE_CURVE('',#3379,#3379,#2706,.T.);
#4138=EDGE_CURVE('',#3380,#3380,#2707,.T.);
#4139=EDGE_CURVE('',#3380,#3381,#1806,.T.);
#4140=EDGE_CURVE('',#3381,#3381,#2708,.T.);
#4141=EDGE_CURVE('',#3382,#3382,#2709,.T.);
#4142=EDGE_CURVE('',#3383,#3383,#2710,.T.);
#4143=EDGE_CURVE('',#3383,#3384,#1807,.T.);
#4144=EDGE_CURVE('',#3384,#3384,#2711,.T.);
#4145=EDGE_CURVE('',#3385,#3385,#2712,.T.);
#4146=EDGE_CURVE('',#3386,#3386,#2713,.T.);
#4147=EDGE_CURVE('',#3386,#3387,#1808,.T.);
#4148=EDGE_CURVE('',#3387,#3387,#2714,.T.);
#4149=EDGE_CURVE('',#3388,#3388,#2715,.T.);
#4150=EDGE_CURVE('',#3389,#3389,#2716,.T.);
#4151=EDGE_CURVE('',#3389,#3390,#1809,.T.);
#4152=EDGE_CURVE('',#3390,#3390,#2717,.T.);
#4153=EDGE_CURVE('',#3391,#3391,#2718,.T.);
#4154=EDGE_CURVE('',#3303,#3392,#1810,.T.);
#4155=EDGE_CURVE('',#3392,#3392,#2719,.T.);
#4156=EDGE_CURVE('',#3304,#3385,#1811,.T.);
#4157=EDGE_CURVE('',#3305,#3382,#1812,.T.);
#4158=EDGE_CURVE('',#3306,#3391,#1813,.T.);
#4159=EDGE_CURVE('',#3307,#3388,#1814,.T.);
#4160=EDGE_CURVE('',#3308,#3379,#1815,.T.);
#4161=EDGE_CURVE('',#3393,#3394,#2720,.T.);
#4162=EDGE_CURVE('',#3394,#3393,#2721,.T.);
#4163=EDGE_CURVE('',#3394,#3395,#1816,.T.);
#4164=EDGE_CURVE('',#3395,#3395,#2722,.T.);
#4165=EDGE_CURVE('',#3396,#3396,#2723,.T.);
#4166=EDGE_CURVE('',#3396,#3397,#1817,.T.);
#4167=EDGE_CURVE('',#3397,#3397,#2724,.T.);
#4168=EDGE_CURVE('',#3398,#3399,#2725,.T.);
#4169=EDGE_CURVE('',#3399,#3398,#2726,.T.);
#4170=EDGE_CURVE('',#3399,#3400,#1818,.T.);
#4171=EDGE_CURVE('',#3400,#3400,#2727,.T.);
#4172=EDGE_CURVE('',#3401,#3401,#2728,.T.);
#4173=EDGE_CURVE('',#3401,#3402,#1819,.T.);
#4174=EDGE_CURVE('',#3402,#3402,#2729,.T.);
#4175=EDGE_CURVE('',#3403,#3404,#2730,.T.);
#4176=EDGE_CURVE('',#3404,#3403,#2731,.T.);
#4177=EDGE_CURVE('',#3404,#3405,#1820,.T.);
#4178=EDGE_CURVE('',#3405,#3405,#2732,.T.);
#4179=EDGE_CURVE('',#3406,#3406,#2733,.T.);
#4180=EDGE_CURVE('',#3406,#3407,#1821,.T.);
#4181=EDGE_CURVE('',#3407,#3407,#2734,.T.);
#4182=EDGE_CURVE('',#3408,#3409,#2735,.T.);
#4183=EDGE_CURVE('',#3409,#3408,#2736,.T.);
#4184=EDGE_CURVE('',#3409,#3410,#1822,.T.);
#4185=EDGE_CURVE('',#3410,#3410,#2737,.T.);
#4186=EDGE_CURVE('',#3411,#3411,#2738,.T.);
#4187=EDGE_CURVE('',#3411,#3412,#1823,.T.);
#4188=EDGE_CURVE('',#3412,#3412,#2739,.T.);
#4189=EDGE_CURVE('',#3413,#3414,#2740,.T.);
#4190=EDGE_CURVE('',#3414,#3413,#2741,.T.);
#4191=EDGE_CURVE('',#3414,#3415,#1824,.T.);
#4192=EDGE_CURVE('',#3415,#3415,#2742,.T.);
#4193=EDGE_CURVE('',#3416,#3416,#2743,.T.);
#4194=EDGE_CURVE('',#3416,#3417,#1825,.T.);
#4195=EDGE_CURVE('',#3417,#3417,#2744,.T.);
#4196=EDGE_CURVE('',#3418,#3419,#2745,.T.);
#4197=EDGE_CURVE('',#3419,#3418,#2746,.T.);
#4198=EDGE_CURVE('',#3419,#3420,#1826,.T.);
#4199=EDGE_CURVE('',#3420,#3420,#2747,.T.);
#4200=EDGE_CURVE('',#3421,#3421,#2748,.T.);
#4201=EDGE_CURVE('',#3421,#3422,#1827,.T.);
#4202=EDGE_CURVE('',#3422,#3422,#2749,.T.);
#4203=EDGE_CURVE('',#3423,#3424,#2750,.T.);
#4204=EDGE_CURVE('',#3424,#3423,#2751,.T.);
#4205=EDGE_CURVE('',#3424,#3425,#1828,.T.);
#4206=EDGE_CURVE('',#3425,#3425,#2752,.T.);
#4207=EDGE_CURVE('',#3426,#3426,#2753,.T.);
#4208=EDGE_CURVE('',#3426,#3427,#1829,.T.);
#4209=EDGE_CURVE('',#3427,#3427,#2754,.T.);
#4210=EDGE_CURVE('',#3428,#3429,#2755,.T.);
#4211=EDGE_CURVE('',#3429,#3428,#2756,.T.);
#4212=EDGE_CURVE('',#3429,#3430,#1830,.T.);
#4213=EDGE_CURVE('',#3430,#3430,#2757,.T.);
#4214=EDGE_CURVE('',#3431,#3431,#2758,.T.);
#4215=EDGE_CURVE('',#3431,#3432,#1831,.T.);
#4216=EDGE_CURVE('',#3432,#3432,#2759,.T.);
#4217=EDGE_CURVE('',#3433,#3434,#2760,.T.);
#4218=EDGE_CURVE('',#3434,#3433,#2761,.T.);
#4219=EDGE_CURVE('',#3434,#3435,#1832,.T.);
#4220=EDGE_CURVE('',#3435,#3435,#2762,.T.);
#4221=EDGE_CURVE('',#3436,#3436,#2763,.T.);
#4222=EDGE_CURVE('',#3436,#3437,#1833,.T.);
#4223=EDGE_CURVE('',#3437,#3437,#2764,.T.);
#4224=EDGE_CURVE('',#3438,#3439,#2765,.T.);
#4225=EDGE_CURVE('',#3439,#3438,#2766,.T.);
#4226=EDGE_CURVE('',#3439,#3440,#1834,.T.);
#4227=EDGE_CURVE('',#3440,#3440,#2767,.T.);
#4228=EDGE_CURVE('',#3441,#3441,#2768,.T.);
#4229=EDGE_CURVE('',#3441,#3442,#1835,.T.);
#4230=EDGE_CURVE('',#3442,#3442,#2769,.T.);
#4231=EDGE_CURVE('',#3443,#3444,#2770,.T.);
#4232=EDGE_CURVE('',#3444,#3443,#2771,.T.);
#4233=EDGE_CURVE('',#3444,#3445,#1836,.T.);
#4234=EDGE_CURVE('',#3445,#3445,#2772,.T.);
#4235=EDGE_CURVE('',#3446,#3446,#2773,.T.);
#4236=EDGE_CURVE('',#3446,#3447,#1837,.T.);
#4237=EDGE_CURVE('',#3447,#3447,#2774,.T.);
#4238=EDGE_CURVE('',#3448,#3449,#2775,.T.);
#4239=EDGE_CURVE('',#3449,#3448,#2776,.T.);
#4240=EDGE_CURVE('',#3449,#3450,#1838,.T.);
#4241=EDGE_CURVE('',#3450,#3450,#2777,.T.);
#4242=EDGE_CURVE('',#3451,#3451,#2778,.T.);
#4243=EDGE_CURVE('',#3451,#3452,#1839,.T.);
#4244=EDGE_CURVE('',#3452,#3452,#2779,.T.);
#4245=EDGE_CURVE('',#3453,#3454,#2780,.T.);
#4246=EDGE_CURVE('',#3454,#3453,#2781,.T.);
#4247=EDGE_CURVE('',#3454,#3455,#1840,.T.);
#4248=EDGE_CURVE('',#3455,#3455,#2782,.T.);
#4249=EDGE_CURVE('',#3456,#3456,#2783,.T.);
#4250=EDGE_CURVE('',#3456,#3457,#1841,.T.);
#4251=EDGE_CURVE('',#3457,#3457,#2784,.T.);
#4252=EDGE_CURVE('',#3458,#3459,#2785,.T.);
#4253=EDGE_CURVE('',#3459,#3458,#2786,.T.);
#4254=EDGE_CURVE('',#3459,#3460,#1842,.T.);
#4255=EDGE_CURVE('',#3460,#3460,#2787,.T.);
#4256=EDGE_CURVE('',#3461,#3461,#2788,.T.);
#4257=EDGE_CURVE('',#3461,#3462,#1843,.T.);
#4258=EDGE_CURVE('',#3462,#3462,#2789,.T.);
#4259=EDGE_CURVE('',#3463,#3464,#2790,.T.);
#4260=EDGE_CURVE('',#3464,#3463,#2791,.T.);
#4261=EDGE_CURVE('',#3464,#3465,#1844,.T.);
#4262=EDGE_CURVE('',#3465,#3465,#2792,.T.);
#4263=EDGE_CURVE('',#3466,#3466,#2793,.T.);
#4264=EDGE_CURVE('',#3466,#3467,#1845,.T.);
#4265=EDGE_CURVE('',#3467,#3467,#2794,.T.);
#4266=EDGE_CURVE('',#3468,#3469,#2795,.T.);
#4267=EDGE_CURVE('',#3469,#3468,#2796,.T.);
#4268=EDGE_CURVE('',#3469,#3470,#1846,.T.);
#4269=EDGE_CURVE('',#3470,#3470,#2797,.T.);
#4270=EDGE_CURVE('',#3471,#3471,#2798,.T.);
#4271=EDGE_CURVE('',#3471,#3472,#1847,.T.);
#4272=EDGE_CURVE('',#3472,#3472,#2799,.T.);
#4273=EDGE_CURVE('',#3473,#3474,#2800,.T.);
#4274=EDGE_CURVE('',#3474,#3473,#2801,.T.);
#4275=EDGE_CURVE('',#3474,#3475,#1848,.T.);
#4276=EDGE_CURVE('',#3475,#3475,#2802,.T.);
#4277=EDGE_CURVE('',#3476,#3476,#2803,.T.);
#4278=EDGE_CURVE('',#3476,#3477,#1849,.T.);
#4279=EDGE_CURVE('',#3477,#3477,#2804,.T.);
#4280=EDGE_CURVE('',#3478,#3479,#2805,.T.);
#4281=EDGE_CURVE('',#3479,#3478,#2806,.T.);
#4282=EDGE_CURVE('',#3479,#3480,#1850,.T.);
#4283=EDGE_CURVE('',#3480,#3480,#2807,.T.);
#4284=EDGE_CURVE('',#3481,#3481,#2808,.T.);
#4285=EDGE_CURVE('',#3481,#3482,#1851,.T.);
#4286=EDGE_CURVE('',#3482,#3482,#2809,.T.);
#4287=EDGE_CURVE('',#3483,#3484,#2810,.T.);
#4288=EDGE_CURVE('',#3484,#3483,#2811,.T.);
#4289=EDGE_CURVE('',#3484,#3485,#1852,.T.);
#4290=EDGE_CURVE('',#3485,#3485,#2812,.T.);
#4291=EDGE_CURVE('',#3486,#3486,#2813,.T.);
#4292=EDGE_CURVE('',#3486,#3487,#1853,.T.);
#4293=EDGE_CURVE('',#3487,#3487,#2814,.T.);
#4294=EDGE_CURVE('',#3488,#3489,#2815,.T.);
#4295=EDGE_CURVE('',#3489,#3488,#2816,.T.);
#4296=EDGE_CURVE('',#3489,#3490,#1854,.T.);
#4297=EDGE_CURVE('',#3490,#3490,#2817,.T.);
#4298=EDGE_CURVE('',#3491,#3491,#2818,.T.);
#4299=EDGE_CURVE('',#3491,#3492,#1855,.T.);
#4300=EDGE_CURVE('',#3492,#3492,#2819,.T.);
#4301=EDGE_CURVE('',#3493,#3494,#2820,.T.);
#4302=EDGE_CURVE('',#3494,#3493,#2821,.T.);
#4303=EDGE_CURVE('',#3494,#3495,#1856,.T.);
#4304=EDGE_CURVE('',#3495,#3495,#2822,.T.);
#4305=EDGE_CURVE('',#3496,#3496,#2823,.T.);
#4306=EDGE_CURVE('',#3496,#3497,#1857,.T.);
#4307=EDGE_CURVE('',#3497,#3497,#2824,.T.);
#4308=EDGE_CURVE('',#3498,#3498,#2825,.T.);
#4309=EDGE_CURVE('',#3498,#3499,#1858,.T.);
#4310=EDGE_CURVE('',#3499,#3499,#2826,.T.);
#4311=EDGE_CURVE('',#3500,#3500,#2827,.T.);
#4312=EDGE_CURVE('',#3500,#3501,#1859,.T.);
#4313=EDGE_CURVE('',#3501,#3501,#2828,.T.);
#4314=EDGE_CURVE('',#3502,#3502,#2829,.T.);
#4315=EDGE_CURVE('',#3502,#3503,#1860,.T.);
#4316=EDGE_CURVE('',#3503,#3503,#2830,.T.);
#4317=EDGE_CURVE('',#3504,#3504,#2831,.T.);
#4318=EDGE_CURVE('',#3504,#3505,#1861,.T.);
#4319=EDGE_CURVE('',#3505,#3505,#2832,.T.);
#4320=EDGE_CURVE('',#3438,#3441,#1862,.T.);
#4321=EDGE_CURVE('',#3433,#3436,#1863,.T.);
#4322=EDGE_CURVE('',#3428,#3431,#1864,.T.);
#4323=EDGE_CURVE('',#3423,#3426,#1865,.T.);
#4324=EDGE_CURVE('',#3418,#3421,#1866,.T.);
#4325=EDGE_CURVE('',#3408,#3411,#1867,.T.);
#4326=EDGE_CURVE('',#3413,#3416,#1868,.T.);
#4327=EDGE_CURVE('',#3403,#3406,#1869,.T.);
#4328=EDGE_CURVE('',#3398,#3401,#1870,.T.);
#4329=EDGE_CURVE('',#3493,#3496,#1871,.T.);
#4330=EDGE_CURVE('',#3488,#3491,#1872,.T.);
#4331=EDGE_CURVE('',#3483,#3486,#1873,.T.);
#4332=EDGE_CURVE('',#3478,#3481,#1874,.T.);
#4333=EDGE_CURVE('',#3473,#3476,#1875,.T.);
#4334=EDGE_CURVE('',#3468,#3471,#1876,.T.);
#4335=EDGE_CURVE('',#3463,#3466,#1877,.T.);
#4336=EDGE_CURVE('',#3458,#3461,#1878,.T.);
#4337=EDGE_CURVE('',#3453,#3456,#1879,.T.);
#4338=EDGE_CURVE('',#3448,#3451,#1880,.T.);
#4339=EDGE_CURVE('',#3443,#3446,#1881,.T.);
#4340=EDGE_CURVE('',#3300,#3506,#1882,.T.);
#4341=EDGE_CURVE('',#3507,#3506,#2833,.T.);
#4342=EDGE_CURVE('',#3506,#3507,#2834,.T.);
#4343=EDGE_CURVE('',#3508,#3508,#2835,.T.);
#4344=EDGE_CURVE('',#3508,#3507,#1883,.T.);
#4345=EDGE_CURVE('',#3509,#3509,#2836,.T.);
#4346=EDGE_CURVE('',#3509,#3508,#1884,.T.);
#4347=EDGE_CURVE('',#3393,#3396,#1885,.T.);
#4348=EDGE_CURVE('',#3510,#3510,#2837,.T.);
#4349=EDGE_CURVE('',#3510,#3511,#1886,.T.);
#4350=EDGE_CURVE('',#3511,#3511,#2838,.T.);
#4351=EDGE_CURVE('',#3512,#3512,#2839,.T.);
#4352=EDGE_CURVE('',#3512,#3511,#1887,.T.);
#4353=EDGE_CURVE('',#3513,#3513,#2840,.T.);
#4354=EDGE_CURVE('',#3514,#3514,#2841,.T.);
#4355=EDGE_CURVE('',#3515,#3515,#2842,.T.);
#4356=EDGE_CURVE('',#3516,#3516,#2843,.T.);
#4357=EDGE_CURVE('',#3517,#3517,#2844,.T.);
#4358=EDGE_CURVE('',#3518,#3518,#2845,.T.);
#4359=EDGE_CURVE('',#3519,#3519,#2846,.T.);
#4360=EDGE_CURVE('',#3520,#3520,#2847,.T.);
#4361=EDGE_CURVE('',#3521,#3521,#2848,.T.);
#4362=EDGE_CURVE('',#3522,#3522,#2849,.T.);
#4363=EDGE_CURVE('',#3523,#3523,#2850,.T.);
#4364=EDGE_CURVE('',#3524,#3524,#2851,.T.);
#4365=EDGE_CURVE('',#3525,#3525,#2852,.T.);
#4366=EDGE_CURVE('',#3526,#3526,#2853,.T.);
#4367=EDGE_CURVE('',#3527,#3527,#2854,.T.);
#4368=EDGE_CURVE('',#3528,#3528,#2855,.T.);
#4369=EDGE_CURVE('',#3529,#3529,#2856,.T.);
#4370=EDGE_CURVE('',#3530,#3530,#2857,.T.);
#4371=EDGE_CURVE('',#3531,#3531,#2858,.T.);
#4372=EDGE_CURVE('',#3532,#3533,#2859,.T.);
#4373=EDGE_CURVE('',#3533,#3532,#2860,.T.);
#4374=EDGE_CURVE('',#3533,#3534,#2861,.T.);
#4375=EDGE_CURVE('',#3534,#3534,#2862,.T.);
#4376=EDGE_CURVE('',#3535,#3536,#2863,.T.);
#4377=EDGE_CURVE('',#3536,#3535,#2864,.T.);
#4378=EDGE_CURVE('',#3536,#3515,#1888,.T.);
#4379=EDGE_CURVE('',#3537,#3537,#2865,.T.);
#4380=EDGE_CURVE('',#3537,#3538,#1889,.T.);
#4381=EDGE_CURVE('',#3538,#3538,#2866,.T.);
#4382=EDGE_CURVE('',#3539,#3540,#2867,.T.);
#4383=EDGE_CURVE('',#3540,#3539,#2868,.T.);
#4384=EDGE_CURVE('',#3540,#3516,#1890,.T.);
#4385=EDGE_CURVE('',#3541,#3541,#2869,.T.);
#4386=EDGE_CURVE('',#3541,#3542,#1891,.T.);
#4387=EDGE_CURVE('',#3542,#3542,#2870,.T.);
#4388=EDGE_CURVE('',#3543,#3544,#2871,.T.);
#4389=EDGE_CURVE('',#3544,#3543,#2872,.T.);
#4390=EDGE_CURVE('',#3544,#3517,#1892,.T.);
#4391=EDGE_CURVE('',#3545,#3545,#2873,.T.);
#4392=EDGE_CURVE('',#3545,#3546,#1893,.T.);
#4393=EDGE_CURVE('',#3546,#3546,#2874,.T.);
#4394=EDGE_CURVE('',#3547,#3548,#2875,.T.);
#4395=EDGE_CURVE('',#3548,#3547,#2876,.T.);
#4396=EDGE_CURVE('',#3548,#3518,#1894,.T.);
#4397=EDGE_CURVE('',#3549,#3549,#2877,.T.);
#4398=EDGE_CURVE('',#3549,#3550,#1895,.T.);
#4399=EDGE_CURVE('',#3550,#3550,#2878,.T.);
#4400=EDGE_CURVE('',#3551,#3552,#2879,.T.);
#4401=EDGE_CURVE('',#3552,#3551,#2880,.T.);
#4402=EDGE_CURVE('',#3552,#3519,#1896,.T.);
#4403=EDGE_CURVE('',#3553,#3553,#2881,.T.);
#4404=EDGE_CURVE('',#3553,#3554,#1897,.T.);
#4405=EDGE_CURVE('',#3554,#3554,#2882,.T.);
#4406=EDGE_CURVE('',#3555,#3556,#2883,.T.);
#4407=EDGE_CURVE('',#3556,#3555,#2884,.T.);
#4408=EDGE_CURVE('',#3556,#3520,#1898,.T.);
#4409=EDGE_CURVE('',#3557,#3557,#2885,.T.);
#4410=EDGE_CURVE('',#3557,#3558,#1899,.T.);
#4411=EDGE_CURVE('',#3558,#3558,#2886,.T.);
#4412=EDGE_CURVE('',#3559,#3560,#2887,.T.);
#4413=EDGE_CURVE('',#3560,#3559,#2888,.T.);
#4414=EDGE_CURVE('',#3560,#3521,#1900,.T.);
#4415=EDGE_CURVE('',#3561,#3561,#2889,.T.);
#4416=EDGE_CURVE('',#3561,#3562,#1901,.T.);
#4417=EDGE_CURVE('',#3562,#3562,#2890,.T.);
#4418=EDGE_CURVE('',#3563,#3564,#2891,.T.);
#4419=EDGE_CURVE('',#3564,#3563,#2892,.T.);
#4420=EDGE_CURVE('',#3564,#3522,#1902,.T.);
#4421=EDGE_CURVE('',#3565,#3565,#2893,.T.);
#4422=EDGE_CURVE('',#3565,#3566,#1903,.T.);
#4423=EDGE_CURVE('',#3566,#3566,#2894,.T.);
#4424=EDGE_CURVE('',#3567,#3568,#2895,.T.);
#4425=EDGE_CURVE('',#3568,#3567,#2896,.T.);
#4426=EDGE_CURVE('',#3568,#3523,#1904,.T.);
#4427=EDGE_CURVE('',#3569,#3569,#2897,.T.);
#4428=EDGE_CURVE('',#3569,#3570,#1905,.T.);
#4429=EDGE_CURVE('',#3570,#3570,#2898,.T.);
#4430=EDGE_CURVE('',#3571,#3572,#2899,.T.);
#4431=EDGE_CURVE('',#3572,#3571,#2900,.T.);
#4432=EDGE_CURVE('',#3572,#3524,#1906,.T.);
#4433=EDGE_CURVE('',#3573,#3573,#2901,.T.);
#4434=EDGE_CURVE('',#3573,#3574,#1907,.T.);
#4435=EDGE_CURVE('',#3574,#3574,#2902,.T.);
#4436=EDGE_CURVE('',#3575,#3576,#2903,.T.);
#4437=EDGE_CURVE('',#3576,#3575,#2904,.T.);
#4438=EDGE_CURVE('',#3576,#3525,#1908,.T.);
#4439=EDGE_CURVE('',#3577,#3577,#2905,.T.);
#4440=EDGE_CURVE('',#3577,#3578,#1909,.T.);
#4441=EDGE_CURVE('',#3578,#3578,#2906,.T.);
#4442=EDGE_CURVE('',#3579,#3580,#2907,.T.);
#4443=EDGE_CURVE('',#3580,#3579,#2908,.T.);
#4444=EDGE_CURVE('',#3580,#3526,#1910,.T.);
#4445=EDGE_CURVE('',#3581,#3581,#2909,.T.);
#4446=EDGE_CURVE('',#3581,#3582,#1911,.T.);
#4447=EDGE_CURVE('',#3582,#3582,#2910,.T.);
#4448=EDGE_CURVE('',#3583,#3584,#2911,.T.);
#4449=EDGE_CURVE('',#3584,#3583,#2912,.T.);
#4450=EDGE_CURVE('',#3584,#3527,#1912,.T.);
#4451=EDGE_CURVE('',#3585,#3585,#2913,.T.);
#4452=EDGE_CURVE('',#3585,#3586,#1913,.T.);
#4453=EDGE_CURVE('',#3586,#3586,#2914,.T.);
#4454=EDGE_CURVE('',#3587,#3588,#2915,.T.);
#4455=EDGE_CURVE('',#3588,#3587,#2916,.T.);
#4456=EDGE_CURVE('',#3588,#3528,#1914,.T.);
#4457=EDGE_CURVE('',#3589,#3589,#2917,.T.);
#4458=EDGE_CURVE('',#3589,#3590,#1915,.T.);
#4459=EDGE_CURVE('',#3590,#3590,#2918,.T.);
#4460=EDGE_CURVE('',#3591,#3592,#2919,.T.);
#4461=EDGE_CURVE('',#3592,#3591,#2920,.T.);
#4462=EDGE_CURVE('',#3592,#3529,#1916,.T.);
#4463=EDGE_CURVE('',#3593,#3593,#2921,.T.);
#4464=EDGE_CURVE('',#3593,#3594,#1917,.T.);
#4465=EDGE_CURVE('',#3594,#3594,#2922,.T.);
#4466=EDGE_CURVE('',#3595,#3596,#2923,.T.);
#4467=EDGE_CURVE('',#3596,#3595,#2924,.T.);
#4468=EDGE_CURVE('',#3596,#3530,#1918,.T.);
#4469=EDGE_CURVE('',#3597,#3597,#2925,.T.);
#4470=EDGE_CURVE('',#3597,#3598,#1919,.T.);
#4471=EDGE_CURVE('',#3598,#3598,#2926,.T.);
#4472=EDGE_CURVE('',#3599,#3600,#2927,.T.);
#4473=EDGE_CURVE('',#3601,#3599,#1920,.T.);
#4474=EDGE_CURVE('',#3602,#3601,#2928,.T.);
#4475=EDGE_CURVE('',#3603,#3602,#2929,.T.);
#4476=EDGE_CURVE('',#3603,#3600,#1921,.T.);
#4477=EDGE_CURVE('',#3604,#3604,#2930,.T.);
#4478=EDGE_CURVE('',#3604,#3514,#1922,.T.);
#4479=EDGE_CURVE('',#3591,#3593,#1923,.T.);
#4480=EDGE_CURVE('',#3535,#3537,#1924,.T.);
#4481=EDGE_CURVE('',#3539,#3541,#1925,.T.);
#4482=EDGE_CURVE('',#3543,#3545,#1926,.T.);
#4483=EDGE_CURVE('',#3547,#3549,#1927,.T.);
#4484=EDGE_CURVE('',#3551,#3553,#1928,.T.);
#4485=EDGE_CURVE('',#3555,#3557,#1929,.T.);
#4486=EDGE_CURVE('',#3559,#3561,#1930,.T.);
#4487=EDGE_CURVE('',#3563,#3565,#1931,.T.);
#4488=EDGE_CURVE('',#3567,#3569,#1932,.T.);
#4489=EDGE_CURVE('',#3571,#3573,#1933,.T.);
#4490=EDGE_CURVE('',#3575,#3577,#1934,.T.);
#4491=EDGE_CURVE('',#3579,#3581,#1935,.T.);
#4492=EDGE_CURVE('',#3595,#3597,#1936,.T.);
#4493=EDGE_CURVE('',#3583,#3585,#1937,.T.);
#4494=EDGE_CURVE('',#3587,#3589,#1938,.T.);
#4495=EDGE_CURVE('',#3531,#3605,#1939,.T.);
#4496=EDGE_CURVE('',#3605,#3605,#2931,.T.);
#4497=EDGE_CURVE('',#3606,#3607,#2932,.T.);
#4498=EDGE_CURVE('',#3608,#3607,#1940,.T.);
#4499=EDGE_CURVE('',#3608,#3609,#2933,.T.);
#4500=EDGE_CURVE('',#3609,#3603,#1941,.T.);
#4501=EDGE_CURVE('',#3602,#3604,#1942,.T.);
#4502=EDGE_CURVE('',#3610,#3601,#1943,.T.);
#4503=EDGE_CURVE('',#3610,#3611,#2934,.T.);
#4504=EDGE_CURVE('',#3611,#3606,#1944,.T.);
#4505=EDGE_CURVE('',#3534,#3612,#1945,.T.);
#4506=EDGE_CURVE('',#3612,#3613,#2935,.T.);
#4507=EDGE_CURVE('',#3613,#3614,#1946,.T.);
#4508=EDGE_CURVE('',#3614,#3615,#2936,.T.);
#4509=EDGE_CURVE('',#3616,#3615,#1947,.T.);
#4510=EDGE_CURVE('',#3616,#3617,#2937,.T.);
#4511=EDGE_CURVE('',#3617,#3618,#1948,.T.);
#4512=EDGE_CURVE('',#3618,#3619,#2938,.T.);
#4513=EDGE_CURVE('',#3620,#3619,#1949,.T.);
#4514=EDGE_CURVE('',#3620,#3612,#2939,.T.);
#4515=EDGE_CURVE('',#3532,#3621,#1950,.T.);
#4516=EDGE_CURVE('',#3622,#3621,#2940,.T.);
#4517=EDGE_CURVE('',#3621,#3622,#2941,.T.);
#4518=EDGE_CURVE('',#3513,#3622,#1951,.T.);
#4519=EDGE_CURVE('',#3623,#3624,#2942,.T.);
#4520=EDGE_CURVE('',#3624,#3617,#1952,.T.);
#4521=EDGE_CURVE('',#3623,#3616,#1953,.T.);
#4522=EDGE_CURVE('',#3606,#3624,#1954,.T.);
#4523=EDGE_CURVE('',#3607,#3623,#1955,.T.);
#4524=EDGE_CURVE('',#3599,#3620,#1956,.T.);
#4525=EDGE_CURVE('',#3600,#3613,#1957,.T.);
#4526=EDGE_CURVE('',#3608,#3615,#1958,.T.);
#4527=EDGE_CURVE('',#3609,#3614,#1959,.T.);
#4528=EDGE_CURVE('',#3610,#3619,#1960,.T.);
#4529=EDGE_CURVE('',#3611,#3618,#1961,.T.);
#4530=EDGE_CURVE('',#3625,#3625,#270,.T.);
#4531=EDGE_CURVE('',#3626,#3626,#271,.T.);
#4532=EDGE_CURVE('',#3627,#3627,#2943,.T.);
#4533=EDGE_CURVE('',#3627,#3625,#1962,.T.);
#4534=EDGE_CURVE('',#3628,#3628,#2944,.T.);
#4535=EDGE_CURVE('',#3628,#3626,#1963,.T.);
#4536=EDGE_CURVE('',#3629,#3629,#2945,.T.);
#4537=EDGE_CURVE('',#3629,#3630,#1964,.T.);
#4538=EDGE_CURVE('',#3630,#3630,#2946,.T.);
#4539=EDGE_CURVE('',#3631,#3631,#2947,.T.);
#4540=EDGE_CURVE('',#3631,#3632,#1965,.T.);
#4541=EDGE_CURVE('',#3632,#3632,#2948,.T.);
#4542=EDGE_CURVE('',#3633,#3633,#2949,.T.);
#4543=EDGE_CURVE('',#3633,#3631,#1966,.T.);
#4544=EDGE_CURVE('',#3634,#3635,#2950,.T.);
#4545=EDGE_CURVE('',#3635,#3634,#2951,.T.);
#4546=EDGE_CURVE('',#3635,#3636,#1967,.T.);
#4547=EDGE_CURVE('',#3636,#3636,#2952,.T.);
#4548=EDGE_CURVE('',#3637,#3637,#2953,.T.);
#4549=EDGE_CURVE('',#3637,#3638,#1968,.T.);
#4550=EDGE_CURVE('',#3638,#3638,#2954,.T.);
#4551=EDGE_CURVE('',#3639,#3640,#2955,.T.);
#4552=EDGE_CURVE('',#3640,#3639,#2956,.T.);
#4553=EDGE_CURVE('',#3640,#3641,#1969,.T.);
#4554=EDGE_CURVE('',#3641,#3641,#2957,.T.);
#4555=EDGE_CURVE('',#3642,#3642,#2958,.T.);
#4556=EDGE_CURVE('',#3642,#3643,#1970,.T.);
#4557=EDGE_CURVE('',#3643,#3643,#2959,.T.);
#4558=EDGE_CURVE('',#3644,#3645,#2960,.T.);
#4559=EDGE_CURVE('',#3645,#3644,#2961,.T.);
#4560=EDGE_CURVE('',#3645,#3646,#1971,.T.);
#4561=EDGE_CURVE('',#3646,#3646,#2962,.T.);
#4562=EDGE_CURVE('',#3647,#3647,#2963,.T.);
#4563=EDGE_CURVE('',#3647,#3648,#1972,.T.);
#4564=EDGE_CURVE('',#3648,#3648,#2964,.T.);
#4565=EDGE_CURVE('',#3649,#3650,#2965,.T.);
#4566=EDGE_CURVE('',#3650,#3649,#2966,.T.);
#4567=EDGE_CURVE('',#3650,#3651,#1973,.T.);
#4568=EDGE_CURVE('',#3651,#3651,#2967,.T.);
#4569=EDGE_CURVE('',#3652,#3652,#2968,.T.);
#4570=EDGE_CURVE('',#3652,#3653,#1974,.T.);
#4571=EDGE_CURVE('',#3653,#3653,#2969,.T.);
#4572=EDGE_CURVE('',#3654,#3655,#2970,.T.);
#4573=EDGE_CURVE('',#3655,#3654,#2971,.T.);
#4574=EDGE_CURVE('',#3655,#3656,#1975,.T.);
#4575=EDGE_CURVE('',#3656,#3656,#2972,.T.);
#4576=EDGE_CURVE('',#3657,#3657,#2973,.T.);
#4577=EDGE_CURVE('',#3657,#3658,#1976,.T.);
#4578=EDGE_CURVE('',#3658,#3658,#2974,.T.);
#4579=EDGE_CURVE('',#3659,#3660,#2975,.T.);
#4580=EDGE_CURVE('',#3660,#3659,#2976,.T.);
#4581=EDGE_CURVE('',#3660,#3661,#1977,.T.);
#4582=EDGE_CURVE('',#3661,#3661,#2977,.T.);
#4583=EDGE_CURVE('',#3662,#3662,#2978,.T.);
#4584=EDGE_CURVE('',#3662,#3663,#1978,.T.);
#4585=EDGE_CURVE('',#3663,#3663,#2979,.T.);
#4586=EDGE_CURVE('',#3664,#3665,#2980,.T.);
#4587=EDGE_CURVE('',#3665,#3664,#2981,.T.);
#4588=EDGE_CURVE('',#3665,#3666,#2982,.T.);
#4589=EDGE_CURVE('',#3667,#3666,#2983,.T.);
#4590=EDGE_CURVE('',#3667,#3668,#272,.T.);
#4591=EDGE_CURVE('',#3668,#3669,#2984,.T.);
#4592=EDGE_CURVE('',#3669,#3670,#273,.T.);
#4593=EDGE_CURVE('',#3666,#3670,#2985,.T.);
#4594=EDGE_CURVE('',#3671,#3671,#2986,.T.);
#4595=EDGE_CURVE('',#3671,#3672,#1979,.T.);
#4596=EDGE_CURVE('',#3672,#3672,#2987,.T.);
#4597=EDGE_CURVE('',#3673,#3674,#2988,.T.);
#4598=EDGE_CURVE('',#3675,#3673,#1980,.T.);
#4599=EDGE_CURVE('',#3676,#3675,#2989,.T.);
#4600=EDGE_CURVE('',#3677,#3676,#2990,.T.);
#4601=EDGE_CURVE('',#3674,#3677,#1981,.T.);
#4602=EDGE_CURVE('',#3634,#3637,#1982,.T.);
#4603=EDGE_CURVE('',#3639,#3642,#1983,.T.);
#4604=EDGE_CURVE('',#3644,#3647,#1984,.T.);
#4605=EDGE_CURVE('',#3649,#3652,#1985,.T.);
#4606=EDGE_CURVE('',#3654,#3657,#1986,.T.);
#4607=EDGE_CURVE('',#3659,#3662,#1987,.T.);
#4608=EDGE_CURVE('',#3678,#3678,#2991,.T.);
#4609=EDGE_CURVE('',#3678,#3679,#1988,.T.);
#4610=EDGE_CURVE('',#3679,#3680,#2992,.T.);
#4611=EDGE_CURVE('',#3680,#3679,#2993,.T.);
#4612=EDGE_CURVE('',#3664,#3680,#1989,.T.);
#4613=EDGE_CURVE('',#3681,#3670,#1990,.T.);
#4614=EDGE_CURVE('',#3681,#3682,#2994,.T.);
#4615=EDGE_CURVE('',#3667,#3682,#1991,.T.);
#4616=EDGE_CURVE('',#3676,#3671,#1992,.T.);
#4617=EDGE_CURVE('',#3683,#3675,#1993,.T.);
#4618=EDGE_CURVE('',#3684,#3683,#2995,.T.);
#4619=EDGE_CURVE('',#3677,#3684,#1994,.T.);
#4620=EDGE_CURVE('',#3685,#3685,#2996,.T.);
#4621=EDGE_CURVE('',#3685,#3629,#1995,.T.);
#4622=EDGE_CURVE('',#3673,#3681,#1996,.T.);
#4623=EDGE_CURVE('',#3682,#3674,#1997,.T.);
#4624=EDGE_CURVE('',#3683,#3669,#1998,.T.);
#4625=EDGE_CURVE('',#3668,#3684,#1999,.T.);
#4626=EDGE_CURVE('',#3686,#3686,#2997,.T.);
#4627=EDGE_CURVE('',#3686,#3687,#2000,.T.);
#4628=EDGE_CURVE('',#3687,#3687,#2998,.T.);
#4629=EDGE_CURVE('',#3688,#3688,#2999,.T.);
#4630=EDGE_CURVE('',#3688,#3689,#2001,.T.);
#4631=EDGE_CURVE('',#3689,#3689,#3000,.T.);
#4632=EDGE_CURVE('',#3690,#3690,#3001,.T.);
#4633=EDGE_CURVE('',#3690,#3688,#2002,.T.);
#4634=EDGE_CURVE('',#3691,#3692,#3002,.T.);
#4635=EDGE_CURVE('',#3692,#3691,#3003,.T.);
#4636=EDGE_CURVE('',#3692,#3693,#2003,.T.);
#4637=EDGE_CURVE('',#3693,#3693,#3004,.T.);
#4638=EDGE_CURVE('',#3694,#3694,#3005,.T.);
#4639=EDGE_CURVE('',#3694,#3695,#2004,.T.);
#4640=EDGE_CURVE('',#3695,#3695,#3006,.T.);
#4641=EDGE_CURVE('',#3696,#3697,#3007,.T.);
#4642=EDGE_CURVE('',#3697,#3696,#3008,.T.);
#4643=EDGE_CURVE('',#3697,#3698,#2005,.T.);
#4644=EDGE_CURVE('',#3698,#3698,#3009,.T.);
#4645=EDGE_CURVE('',#3699,#3699,#3010,.T.);
#4646=EDGE_CURVE('',#3699,#3700,#2006,.T.);
#4647=EDGE_CURVE('',#3700,#3700,#3011,.T.);
#4648=EDGE_CURVE('',#3701,#3702,#3012,.T.);
#4649=EDGE_CURVE('',#3702,#3701,#3013,.T.);
#4650=EDGE_CURVE('',#3702,#3703,#2007,.T.);
#4651=EDGE_CURVE('',#3703,#3703,#3014,.T.);
#4652=EDGE_CURVE('',#3704,#3704,#3015,.T.);
#4653=EDGE_CURVE('',#3704,#3705,#2008,.T.);
#4654=EDGE_CURVE('',#3705,#3705,#3016,.T.);
#4655=EDGE_CURVE('',#3706,#3707,#3017,.T.);
#4656=EDGE_CURVE('',#3707,#3706,#3018,.T.);
#4657=EDGE_CURVE('',#3707,#3708,#2009,.T.);
#4658=EDGE_CURVE('',#3708,#3708,#3019,.T.);
#4659=EDGE_CURVE('',#3709,#3709,#3020,.T.);
#4660=EDGE_CURVE('',#3709,#3710,#2010,.T.);
#4661=EDGE_CURVE('',#3710,#3710,#3021,.T.);
#4662=EDGE_CURVE('',#3711,#3712,#3022,.T.);
#4663=EDGE_CURVE('',#3712,#3711,#3023,.T.);
#4664=EDGE_CURVE('',#3712,#3713,#2011,.T.);
#4665=EDGE_CURVE('',#3713,#3713,#3024,.T.);
#4666=EDGE_CURVE('',#3714,#3714,#3025,.T.);
#4667=EDGE_CURVE('',#3714,#3715,#2012,.T.);
#4668=EDGE_CURVE('',#3715,#3715,#3026,.T.);
#4669=EDGE_CURVE('',#3716,#3717,#3027,.T.);
#4670=EDGE_CURVE('',#3717,#3716,#3028,.T.);
#4671=EDGE_CURVE('',#3717,#3718,#2013,.T.);
#4672=EDGE_CURVE('',#3718,#3718,#3029,.T.);
#4673=EDGE_CURVE('',#3719,#3719,#3030,.T.);
#4674=EDGE_CURVE('',#3719,#3720,#2014,.T.);
#4675=EDGE_CURVE('',#3720,#3720,#3031,.T.);
#4676=EDGE_CURVE('',#3701,#3704,#2015,.T.);
#4677=EDGE_CURVE('',#3706,#3709,#2016,.T.);
#4678=EDGE_CURVE('',#3711,#3714,#2017,.T.);
#4679=EDGE_CURVE('',#3716,#3719,#2018,.T.);
#4680=EDGE_CURVE('',#3691,#3694,#2019,.T.);
#4681=EDGE_CURVE('',#3696,#3699,#2020,.T.);
#4682=EDGE_CURVE('',#3721,#3721,#3032,.T.);
#4683=EDGE_CURVE('',#3721,#3722,#2021,.T.);
#4684=EDGE_CURVE('',#3722,#3722,#3033,.T.);
#4685=EDGE_CURVE('',#3723,#3724,#3034,.T.);
#4686=EDGE_CURVE('',#3724,#3723,#3035,.T.);
#4687=EDGE_CURVE('',#3724,#3725,#2022,.T.);
#4688=EDGE_CURVE('',#3725,#3725,#3036,.T.);
#4689=EDGE_CURVE('',#3726,#3726,#3037,.T.);
#4690=EDGE_CURVE('',#3726,#3727,#2023,.T.);
#4691=EDGE_CURVE('',#3727,#3728,#3038,.T.);
#4692=EDGE_CURVE('',#3728,#3727,#3039,.T.);
#4693=EDGE_CURVE('',#3729,#3730,#3040,.T.);
#4694=EDGE_CURVE('',#3730,#3728,#2024,.T.);
#4695=EDGE_CURVE('',#3730,#3729,#3041,.T.);
#4696=EDGE_CURVE('',#3729,#3731,#2025,.T.);
#4697=EDGE_CURVE('',#3731,#3731,#3042,.T.);
#4698=EDGE_CURVE('',#3723,#3721,#2026,.T.);
#4699=EDGE_CURVE('',#3732,#3732,#3043,.T.);
#4700=EDGE_CURVE('',#3732,#3686,#2027,.T.);
#4701=EDGE_CURVE('',#3733,#3733,#3044,.T.);
#4702=EDGE_CURVE('',#3733,#3734,#2028,.T.);
#4703=EDGE_CURVE('',#3734,#3734,#3045,.T.);
#4704=EDGE_CURVE('',#3735,#3735,#3046,.T.);
#4705=EDGE_CURVE('',#3735,#3736,#2029,.T.);
#4706=EDGE_CURVE('',#3736,#3736,#3047,.T.);
#4707=EDGE_CURVE('',#3737,#3737,#3048,.T.);
#4708=EDGE_CURVE('',#3737,#3735,#2030,.T.);
#4709=EDGE_CURVE('',#3738,#3739,#3049,.T.);
#4710=EDGE_CURVE('',#3739,#3738,#3050,.T.);
#4711=EDGE_CURVE('',#3739,#3740,#2031,.T.);
#4712=EDGE_CURVE('',#3740,#3740,#3051,.T.);
#4713=EDGE_CURVE('',#3741,#3741,#3052,.T.);
#4714=EDGE_CURVE('',#3741,#3742,#2032,.T.);
#4715=EDGE_CURVE('',#3742,#3742,#3053,.T.);
#4716=EDGE_CURVE('',#3743,#3744,#3054,.T.);
#4717=EDGE_CURVE('',#3744,#3743,#3055,.T.);
#4718=EDGE_CURVE('',#3744,#3745,#2033,.T.);
#4719=EDGE_CURVE('',#3745,#3745,#3056,.T.);
#4720=EDGE_CURVE('',#3746,#3746,#3057,.T.);
#4721=EDGE_CURVE('',#3746,#3747,#2034,.T.);
#4722=EDGE_CURVE('',#3747,#3747,#3058,.T.);
#4723=EDGE_CURVE('',#3748,#3749,#3059,.T.);
#4724=EDGE_CURVE('',#3749,#3748,#3060,.T.);
#4725=EDGE_CURVE('',#3749,#3750,#2035,.T.);
#4726=EDGE_CURVE('',#3750,#3750,#3061,.T.);
#4727=EDGE_CURVE('',#3751,#3751,#3062,.T.);
#4728=EDGE_CURVE('',#3751,#3752,#2036,.T.);
#4729=EDGE_CURVE('',#3752,#3752,#3063,.T.);
#4730=EDGE_CURVE('',#3753,#3754,#3064,.T.);
#4731=EDGE_CURVE('',#3754,#3753,#3065,.T.);
#4732=EDGE_CURVE('',#3754,#3755,#2037,.T.);
#4733=EDGE_CURVE('',#3755,#3755,#3066,.T.);
#4734=EDGE_CURVE('',#3756,#3756,#3067,.T.);
#4735=EDGE_CURVE('',#3756,#3757,#2038,.T.);
#4736=EDGE_CURVE('',#3757,#3757,#3068,.T.);
#4737=EDGE_CURVE('',#3758,#3759,#3069,.T.);
#4738=EDGE_CURVE('',#3759,#3758,#3070,.T.);
#4739=EDGE_CURVE('',#3759,#3760,#2039,.T.);
#4740=EDGE_CURVE('',#3760,#3760,#3071,.T.);
#4741=EDGE_CURVE('',#3761,#3761,#3072,.T.);
#4742=EDGE_CURVE('',#3761,#3762,#2040,.T.);
#4743=EDGE_CURVE('',#3762,#3762,#3073,.T.);
#4744=EDGE_CURVE('',#3763,#3764,#3074,.T.);
#4745=EDGE_CURVE('',#3764,#3763,#3075,.T.);
#4746=EDGE_CURVE('',#3764,#3765,#2041,.T.);
#4747=EDGE_CURVE('',#3765,#3765,#3076,.T.);
#4748=EDGE_CURVE('',#3766,#3766,#3077,.T.);
#4749=EDGE_CURVE('',#3766,#3767,#2042,.T.);
#4750=EDGE_CURVE('',#3767,#3767,#3078,.T.);
#4751=EDGE_CURVE('',#3748,#3751,#2043,.T.);
#4752=EDGE_CURVE('',#3753,#3756,#2044,.T.);
#4753=EDGE_CURVE('',#3758,#3761,#2045,.T.);
#4754=EDGE_CURVE('',#3763,#3766,#2046,.T.);
#4755=EDGE_CURVE('',#3738,#3741,#2047,.T.);
#4756=EDGE_CURVE('',#3743,#3746,#2048,.T.);
#4757=EDGE_CURVE('',#3768,#3768,#3079,.T.);
#4758=EDGE_CURVE('',#3768,#3769,#2049,.T.);
#4759=EDGE_CURVE('',#3769,#3769,#3080,.T.);
#4760=EDGE_CURVE('',#3770,#3771,#3081,.T.);
#4761=EDGE_CURVE('',#3771,#3770,#3082,.T.);
#4762=EDGE_CURVE('',#3771,#3772,#2050,.T.);
#4763=EDGE_CURVE('',#3772,#3772,#3083,.T.);
#4764=EDGE_CURVE('',#3773,#3773,#3084,.T.);
#4765=EDGE_CURVE('',#3773,#3774,#2051,.T.);
#4766=EDGE_CURVE('',#3774,#3775,#3085,.T.);
#4767=EDGE_CURVE('',#3775,#3774,#3086,.T.);
#4768=EDGE_CURVE('',#3776,#3777,#3087,.T.);
#4769=EDGE_CURVE('',#3777,#3775,#2052,.T.);
#4770=EDGE_CURVE('',#3777,#3776,#3088,.T.);
#4771=EDGE_CURVE('',#3776,#3778,#2053,.T.);
#4772=EDGE_CURVE('',#3778,#3778,#3089,.T.);
#4773=EDGE_CURVE('',#3770,#3768,#2054,.T.);
#4774=EDGE_CURVE('',#3779,#3779,#3090,.T.);
#4775=EDGE_CURVE('',#3779,#3733,#2055,.T.);
#4776=EDGE_CURVE('',#3780,#3780,#3091,.T.);
#4777=EDGE_CURVE('',#3780,#3781,#2056,.T.);
#4778=EDGE_CURVE('',#3781,#3781,#3092,.T.);
#4779=EDGE_CURVE('',#3782,#3782,#3093,.T.);
#4780=EDGE_CURVE('',#3782,#3783,#2057,.T.);
#4781=EDGE_CURVE('',#3783,#3783,#3094,.T.);
#4782=EDGE_CURVE('',#3784,#3784,#3095,.T.);
#4783=EDGE_CURVE('',#3784,#3782,#2058,.T.);
#4784=EDGE_CURVE('',#3785,#3786,#3096,.T.);
#4785=EDGE_CURVE('',#3786,#3785,#3097,.T.);
#4786=EDGE_CURVE('',#3786,#3787,#2059,.T.);
#4787=EDGE_CURVE('',#3787,#3787,#3098,.T.);
#4788=EDGE_CURVE('',#3788,#3788,#3099,.T.);
#4789=EDGE_CURVE('',#3788,#3789,#2060,.T.);
#4790=EDGE_CURVE('',#3789,#3789,#3100,.T.);
#4791=EDGE_CURVE('',#3790,#3791,#3101,.T.);
#4792=EDGE_CURVE('',#3791,#3790,#3102,.T.);
#4793=EDGE_CURVE('',#3791,#3792,#2061,.T.);
#4794=EDGE_CURVE('',#3792,#3792,#3103,.T.);
#4795=EDGE_CURVE('',#3793,#3793,#3104,.T.);
#4796=EDGE_CURVE('',#3793,#3794,#2062,.T.);
#4797=EDGE_CURVE('',#3794,#3794,#3105,.T.);
#4798=EDGE_CURVE('',#3795,#3796,#3106,.T.);
#4799=EDGE_CURVE('',#3796,#3795,#3107,.T.);
#4800=EDGE_CURVE('',#3796,#3797,#2063,.T.);
#4801=EDGE_CURVE('',#3797,#3797,#3108,.T.);
#4802=EDGE_CURVE('',#3798,#3798,#3109,.T.);
#4803=EDGE_CURVE('',#3798,#3799,#2064,.T.);
#4804=EDGE_CURVE('',#3799,#3799,#3110,.T.);
#4805=EDGE_CURVE('',#3800,#3801,#3111,.T.);
#4806=EDGE_CURVE('',#3801,#3800,#3112,.T.);
#4807=EDGE_CURVE('',#3801,#3802,#2065,.T.);
#4808=EDGE_CURVE('',#3802,#3802,#3113,.T.);
#4809=EDGE_CURVE('',#3803,#3803,#3114,.T.);
#4810=EDGE_CURVE('',#3803,#3804,#2066,.T.);
#4811=EDGE_CURVE('',#3804,#3804,#3115,.T.);
#4812=EDGE_CURVE('',#3805,#3806,#3116,.T.);
#4813=EDGE_CURVE('',#3806,#3805,#3117,.T.);
#4814=EDGE_CURVE('',#3806,#3807,#2067,.T.);
#4815=EDGE_CURVE('',#3807,#3807,#3118,.T.);
#4816=EDGE_CURVE('',#3808,#3808,#3119,.T.);
#4817=EDGE_CURVE('',#3808,#3809,#2068,.T.);
#4818=EDGE_CURVE('',#3809,#3809,#3120,.T.);
#4819=EDGE_CURVE('',#3810,#3811,#3121,.T.);
#4820=EDGE_CURVE('',#3811,#3810,#3122,.T.);
#4821=EDGE_CURVE('',#3811,#3812,#2069,.T.);
#4822=EDGE_CURVE('',#3812,#3812,#3123,.T.);
#4823=EDGE_CURVE('',#3813,#3813,#3124,.T.);
#4824=EDGE_CURVE('',#3813,#3814,#2070,.T.);
#4825=EDGE_CURVE('',#3814,#3814,#3125,.T.);
#4826=EDGE_CURVE('',#3795,#3798,#2071,.T.);
#4827=EDGE_CURVE('',#3800,#3803,#2072,.T.);
#4828=EDGE_CURVE('',#3805,#3808,#2073,.T.);
#4829=EDGE_CURVE('',#3810,#3813,#2074,.T.);
#4830=EDGE_CURVE('',#3785,#3788,#2075,.T.);
#4831=EDGE_CURVE('',#3790,#3793,#2076,.T.);
#4832=EDGE_CURVE('',#3815,#3815,#3126,.T.);
#4833=EDGE_CURVE('',#3815,#3816,#2077,.T.);
#4834=EDGE_CURVE('',#3816,#3816,#3127,.T.);
#4835=EDGE_CURVE('',#3817,#3818,#3128,.T.);
#4836=EDGE_CURVE('',#3818,#3817,#3129,.T.);
#4837=EDGE_CURVE('',#3818,#3819,#2078,.T.);
#4838=EDGE_CURVE('',#3819,#3819,#3130,.T.);
#4839=EDGE_CURVE('',#3820,#3820,#3131,.T.);
#4840=EDGE_CURVE('',#3820,#3821,#2079,.T.);
#4841=EDGE_CURVE('',#3821,#3822,#3132,.T.);
#4842=EDGE_CURVE('',#3822,#3821,#3133,.T.);
#4843=EDGE_CURVE('',#3823,#3824,#3134,.T.);
#4844=EDGE_CURVE('',#3824,#3822,#2080,.T.);
#4845=EDGE_CURVE('',#3824,#3823,#3135,.T.);
#4846=EDGE_CURVE('',#3823,#3825,#2081,.T.);
#4847=EDGE_CURVE('',#3825,#3825,#3136,.T.);
#4848=EDGE_CURVE('',#3817,#3815,#2082,.T.);
#4849=EDGE_CURVE('',#3826,#3826,#3137,.T.);
#4850=EDGE_CURVE('',#3826,#3780,#2083,.T.);
#4851=EDGE_CURVE('',#3827,#3827,#3138,.T.);
#4852=EDGE_CURVE('',#3827,#3828,#2084,.T.);
#4853=EDGE_CURVE('',#3828,#3828,#3139,.T.);
#4854=EDGE_CURVE('',#3829,#3829,#3140,.T.);
#4855=EDGE_CURVE('',#3829,#3830,#2085,.T.);
#4856=EDGE_CURVE('',#3830,#3830,#3141,.T.);
#4857=EDGE_CURVE('',#3831,#3831,#3142,.T.);
#4858=EDGE_CURVE('',#3831,#3829,#2086,.T.);
#4859=EDGE_CURVE('',#3832,#3833,#3143,.T.);
#4860=EDGE_CURVE('',#3833,#3832,#3144,.T.);
#4861=EDGE_CURVE('',#3833,#3834,#2087,.T.);
#4862=EDGE_CURVE('',#3834,#3834,#3145,.T.);
#4863=EDGE_CURVE('',#3835,#3835,#3146,.T.);
#4864=EDGE_CURVE('',#3835,#3836,#2088,.T.);
#4865=EDGE_CURVE('',#3836,#3836,#3147,.T.);
#4866=EDGE_CURVE('',#3837,#3838,#3148,.T.);
#4867=EDGE_CURVE('',#3838,#3837,#3149,.T.);
#4868=EDGE_CURVE('',#3838,#3839,#2089,.T.);
#4869=EDGE_CURVE('',#3839,#3839,#3150,.T.);
#4870=EDGE_CURVE('',#3840,#3840,#3151,.T.);
#4871=EDGE_CURVE('',#3840,#3841,#2090,.T.);
#4872=EDGE_CURVE('',#3841,#3841,#3152,.T.);
#4873=EDGE_CURVE('',#3842,#3843,#3153,.T.);
#4874=EDGE_CURVE('',#3843,#3842,#3154,.T.);
#4875=EDGE_CURVE('',#3843,#3844,#2091,.T.);
#4876=EDGE_CURVE('',#3844,#3844,#3155,.T.);
#4877=EDGE_CURVE('',#3845,#3845,#3156,.T.);
#4878=EDGE_CURVE('',#3845,#3846,#2092,.T.);
#4879=EDGE_CURVE('',#3846,#3846,#3157,.T.);
#4880=EDGE_CURVE('',#3847,#3848,#3158,.T.);
#4881=EDGE_CURVE('',#3848,#3847,#3159,.T.);
#4882=EDGE_CURVE('',#3848,#3849,#2093,.T.);
#4883=EDGE_CURVE('',#3849,#3849,#3160,.T.);
#4884=EDGE_CURVE('',#3850,#3850,#3161,.T.);
#4885=EDGE_CURVE('',#3850,#3851,#2094,.T.);
#4886=EDGE_CURVE('',#3851,#3851,#3162,.T.);
#4887=EDGE_CURVE('',#3852,#3853,#3163,.T.);
#4888=EDGE_CURVE('',#3853,#3852,#3164,.T.);
#4889=EDGE_CURVE('',#3853,#3854,#2095,.T.);
#4890=EDGE_CURVE('',#3854,#3854,#3165,.T.);
#4891=EDGE_CURVE('',#3855,#3855,#3166,.T.);
#4892=EDGE_CURVE('',#3855,#3856,#2096,.T.);
#4893=EDGE_CURVE('',#3856,#3856,#3167,.T.);
#4894=EDGE_CURVE('',#3857,#3858,#3168,.T.);
#4895=EDGE_CURVE('',#3858,#3857,#3169,.T.);
#4896=EDGE_CURVE('',#3858,#3859,#2097,.T.);
#4897=EDGE_CURVE('',#3859,#3859,#3170,.T.);
#4898=EDGE_CURVE('',#3860,#3860,#3171,.T.);
#4899=EDGE_CURVE('',#3860,#3861,#2098,.T.);
#4900=EDGE_CURVE('',#3861,#3861,#3172,.T.);
#4901=EDGE_CURVE('',#3842,#3845,#2099,.T.);
#4902=EDGE_CURVE('',#3847,#3850,#2100,.T.);
#4903=EDGE_CURVE('',#3852,#3855,#2101,.T.);
#4904=EDGE_CURVE('',#3857,#3860,#2102,.T.);
#4905=EDGE_CURVE('',#3832,#3835,#2103,.T.);
#4906=EDGE_CURVE('',#3837,#3840,#2104,.T.);
#4907=EDGE_CURVE('',#3862,#3862,#3173,.T.);
#4908=EDGE_CURVE('',#3862,#3863,#2105,.T.);
#4909=EDGE_CURVE('',#3863,#3863,#3174,.T.);
#4910=EDGE_CURVE('',#3864,#3865,#3175,.T.);
#4911=EDGE_CURVE('',#3865,#3864,#3176,.T.);
#4912=EDGE_CURVE('',#3865,#3866,#2106,.T.);
#4913=EDGE_CURVE('',#3866,#3866,#3177,.T.);
#4914=EDGE_CURVE('',#3867,#3867,#3178,.T.);
#4915=EDGE_CURVE('',#3867,#3868,#2107,.T.);
#4916=EDGE_CURVE('',#3868,#3869,#3179,.T.);
#4917=EDGE_CURVE('',#3869,#3868,#3180,.T.);
#4918=EDGE_CURVE('',#3870,#3871,#3181,.T.);
#4919=EDGE_CURVE('',#3871,#3869,#2108,.T.);
#4920=EDGE_CURVE('',#3871,#3870,#3182,.T.);
#4921=EDGE_CURVE('',#3870,#3872,#2109,.T.);
#4922=EDGE_CURVE('',#3872,#3872,#3183,.T.);
#4923=EDGE_CURVE('',#3864,#3862,#2110,.T.);
#4924=EDGE_CURVE('',#3873,#3873,#3184,.T.);
#4925=EDGE_CURVE('',#3873,#3827,#2111,.T.);
#4926=EDGE_CURVE('',#3874,#3874,#3185,.T.);
#4927=EDGE_CURVE('',#3875,#3875,#3186,.T.);
#4928=EDGE_CURVE('',#3876,#3876,#3187,.T.);
#4929=EDGE_CURVE('',#3877,#3877,#3188,.T.);
#4930=EDGE_CURVE('',#3878,#3878,#3189,.T.);
#4931=EDGE_CURVE('',#3879,#3879,#3190,.T.);
#4932=EDGE_CURVE('',#3880,#3880,#3191,.T.);
#4933=EDGE_CURVE('',#3881,#3881,#3192,.T.);
#4934=EDGE_CURVE('',#3882,#3882,#3193,.T.);
#4935=EDGE_CURVE('',#3883,#3883,#3194,.T.);
#4936=EDGE_CURVE('',#3884,#3884,#3195,.T.);
#4937=EDGE_CURVE('',#3885,#3885,#3196,.T.);
#4938=EDGE_CURVE('',#3886,#3887,#3197,.T.);
#4939=EDGE_CURVE('',#3887,#3886,#3198,.T.);
#4940=EDGE_CURVE('',#3887,#3877,#2112,.T.);
#4941=EDGE_CURVE('',#3888,#3888,#3199,.T.);
#4942=EDGE_CURVE('',#3888,#3889,#2113,.T.);
#4943=EDGE_CURVE('',#3889,#3889,#3200,.T.);
#4944=EDGE_CURVE('',#3890,#3891,#3201,.T.);
#4945=EDGE_CURVE('',#3891,#3890,#3202,.T.);
#4946=EDGE_CURVE('',#3891,#3878,#2114,.T.);
#4947=EDGE_CURVE('',#3892,#3892,#3203,.T.);
#4948=EDGE_CURVE('',#3892,#3893,#2115,.T.);
#4949=EDGE_CURVE('',#3893,#3893,#3204,.T.);
#4950=EDGE_CURVE('',#3894,#3895,#3205,.T.);
#4951=EDGE_CURVE('',#3895,#3894,#3206,.T.);
#4952=EDGE_CURVE('',#3895,#3879,#2116,.T.);
#4953=EDGE_CURVE('',#3896,#3896,#3207,.T.);
#4954=EDGE_CURVE('',#3896,#3897,#2117,.T.);
#4955=EDGE_CURVE('',#3897,#3897,#3208,.T.);
#4956=EDGE_CURVE('',#3898,#3899,#3209,.T.);
#4957=EDGE_CURVE('',#3899,#3898,#3210,.T.);
#4958=EDGE_CURVE('',#3899,#3880,#2118,.T.);
#4959=EDGE_CURVE('',#3900,#3900,#3211,.T.);
#4960=EDGE_CURVE('',#3900,#3901,#2119,.T.);
#4961=EDGE_CURVE('',#3901,#3901,#3212,.T.);
#4962=EDGE_CURVE('',#3902,#3903,#3213,.T.);
#4963=EDGE_CURVE('',#3903,#3902,#3214,.T.);
#4964=EDGE_CURVE('',#3903,#3881,#2120,.T.);
#4965=EDGE_CURVE('',#3904,#3904,#3215,.T.);
#4966=EDGE_CURVE('',#3904,#3905,#2121,.T.);
#4967=EDGE_CURVE('',#3905,#3905,#3216,.T.);
#4968=EDGE_CURVE('',#3906,#3907,#3217,.T.);
#4969=EDGE_CURVE('',#3907,#3906,#3218,.T.);
#4970=EDGE_CURVE('',#3907,#3882,#2122,.T.);
#4971=EDGE_CURVE('',#3908,#3908,#3219,.T.);
#4972=EDGE_CURVE('',#3908,#3909,#2123,.T.);
#4973=EDGE_CURVE('',#3909,#3909,#3220,.T.);
#4974=EDGE_CURVE('',#3910,#3911,#3221,.T.);
#4975=EDGE_CURVE('',#3911,#3910,#3222,.T.);
#4976=EDGE_CURVE('',#3911,#3883,#2124,.T.);
#4977=EDGE_CURVE('',#3912,#3912,#3223,.T.);
#4978=EDGE_CURVE('',#3912,#3913,#2125,.T.);
#4979=EDGE_CURVE('',#3913,#3913,#3224,.T.);
#4980=EDGE_CURVE('',#3914,#3915,#3225,.T.);
#4981=EDGE_CURVE('',#3915,#3914,#3226,.T.);
#4982=EDGE_CURVE('',#3915,#3884,#2126,.T.);
#4983=EDGE_CURVE('',#3916,#3916,#3227,.T.);
#4984=EDGE_CURVE('',#3916,#3917,#2127,.T.);
#4985=EDGE_CURVE('',#3917,#3917,#3228,.T.);
#4986=EDGE_CURVE('',#3918,#3919,#3229,.T.);
#4987=EDGE_CURVE('',#3919,#3918,#3230,.T.);
#4988=EDGE_CURVE('',#3919,#3876,#2128,.T.);
#4989=EDGE_CURVE('',#3920,#3921,#3231,.T.);
#4990=EDGE_CURVE('',#3922,#3920,#2129,.T.);
#4991=EDGE_CURVE('',#3923,#3922,#3232,.T.);
#4992=EDGE_CURVE('',#3921,#3923,#2130,.T.);
#4993=EDGE_CURVE('',#3902,#3904,#2131,.T.);
#4994=EDGE_CURVE('',#3898,#3900,#2132,.T.);
#4995=EDGE_CURVE('',#3894,#3896,#2133,.T.);
#4996=EDGE_CURVE('',#3890,#3892,#2134,.T.);
#4997=EDGE_CURVE('',#3886,#3888,#2135,.T.);
#4998=EDGE_CURVE('',#3914,#3916,#2136,.T.);
#4999=EDGE_CURVE('',#3910,#3912,#2137,.T.);
#5000=EDGE_CURVE('',#3906,#3908,#2138,.T.);
#5001=EDGE_CURVE('',#3924,#3924,#3233,.T.);
#5002=EDGE_CURVE('',#3924,#3885,#2139,.T.);
#5003=EDGE_CURVE('',#3875,#3925,#2140,.T.);
#5004=EDGE_CURVE('',#3925,#3925,#3234,.T.);
#5005=EDGE_CURVE('',#3874,#3926,#2141,.T.);
#5006=EDGE_CURVE('',#3927,#3926,#3235,.T.);
#5007=EDGE_CURVE('',#3926,#3927,#3236,.T.);
#5008=EDGE_CURVE('',#3928,#3928,#3237,.T.);
#5009=EDGE_CURVE('',#3928,#3927,#2142,.T.);
#5010=EDGE_CURVE('',#3929,#3930,#3238,.T.);
#5011=EDGE_CURVE('',#3929,#3931,#2143,.T.);
#5012=EDGE_CURVE('',#3932,#3931,#3239,.T.);
#5013=EDGE_CURVE('',#3932,#3933,#2144,.T.);
#5014=EDGE_CURVE('',#3934,#3933,#3240,.T.);
#5015=EDGE_CURVE('',#3934,#3928,#2145,.T.);
#5016=EDGE_CURVE('',#3935,#3934,#3241,.T.);
#5017=EDGE_CURVE('',#3935,#3936,#2146,.T.);
#5018=EDGE_CURVE('',#3936,#3937,#3242,.T.);
#5019=EDGE_CURVE('',#3937,#3930,#2147,.T.);
#5020=EDGE_CURVE('',#3918,#3938,#2148,.T.);
#5021=EDGE_CURVE('',#3938,#3939,#3243,.T.);
#5022=EDGE_CURVE('',#3939,#3940,#2149,.T.);
#5023=EDGE_CURVE('',#3941,#3940,#3244,.T.);
#5024=EDGE_CURVE('',#3941,#3923,#2150,.T.);
#5025=EDGE_CURVE('',#3922,#3942,#2151,.T.);
#5026=EDGE_CURVE('',#3942,#3943,#3245,.T.);
#5027=EDGE_CURVE('',#3943,#3944,#2152,.T.);
#5028=EDGE_CURVE('',#3944,#3938,#3246,.T.);
#5029=EDGE_CURVE('',#3945,#3946,#3247,.T.);
#5030=EDGE_CURVE('',#3935,#3946,#2153,.T.);
#5031=EDGE_CURVE('',#3945,#3933,#2154,.T.);
#5032=EDGE_CURVE('',#3946,#3944,#2155,.T.);
#5033=EDGE_CURVE('',#3939,#3945,#2156,.T.);
#5034=EDGE_CURVE('',#3920,#3930,#2157,.T.);
#5035=EDGE_CURVE('',#3929,#3921,#2158,.T.);
#5036=EDGE_CURVE('',#3940,#3932,#2159,.T.);
#5037=EDGE_CURVE('',#3931,#3941,#2160,.T.);
#5038=EDGE_CURVE('',#3942,#3937,#2161,.T.);
#5039=EDGE_CURVE('',#3936,#3943,#2162,.T.);
#5040=ORIENTED_EDGE('',*,*,#3947,.T.);
#5041=ORIENTED_EDGE('',*,*,#3948,.T.);
#5042=ORIENTED_EDGE('',*,*,#3949,.F.);
#5043=ORIENTED_EDGE('',*,*,#3948,.F.);
#5044=ORIENTED_EDGE('',*,*,#3950,.T.);
#5045=ORIENTED_EDGE('',*,*,#3949,.T.);
#5046=ORIENTED_EDGE('',*,*,#3950,.F.);
#5047=ORIENTED_EDGE('',*,*,#3951,.T.);
#5048=ORIENTED_EDGE('',*,*,#3952,.T.);
#5049=ORIENTED_EDGE('',*,*,#3951,.F.);
#5050=ORIENTED_EDGE('',*,*,#3952,.F.);
#5051=ORIENTED_EDGE('',*,*,#3947,.F.);
#5052=ORIENTED_EDGE('',*,*,#3953,.F.);
#5053=ORIENTED_EDGE('',*,*,#3954,.T.);
#5054=ORIENTED_EDGE('',*,*,#3955,.T.);
#5055=ORIENTED_EDGE('',*,*,#3956,.F.);
#5056=ORIENTED_EDGE('',*,*,#3957,.F.);
#5057=ORIENTED_EDGE('',*,*,#3958,.T.);
#5058=ORIENTED_EDGE('',*,*,#3959,.T.);
#5059=ORIENTED_EDGE('',*,*,#3960,.F.);
#5060=ORIENTED_EDGE('',*,*,#3961,.F.);
#5061=ORIENTED_EDGE('',*,*,#3962,.F.);
#5062=ORIENTED_EDGE('',*,*,#3963,.T.);
#5063=ORIENTED_EDGE('',*,*,#3964,.F.);
#5064=ORIENTED_EDGE('',*,*,#3965,.F.);
#5065=ORIENTED_EDGE('',*,*,#3956,.T.);
#5066=ORIENTED_EDGE('',*,*,#3966,.T.);
#5067=ORIENTED_EDGE('',*,*,#3967,.F.);
#5068=ORIENTED_EDGE('',*,*,#3968,.F.);
#5069=ORIENTED_EDGE('',*,*,#3959,.F.);
#5070=ORIENTED_EDGE('',*,*,#3969,.F.);
#5071=ORIENTED_EDGE('',*,*,#3963,.F.);
#5072=ORIENTED_EDGE('',*,*,#3970,.F.);
#5073=ORIENTED_EDGE('',*,*,#3971,.F.);
#5074=ORIENTED_EDGE('',*,*,#3972,.T.);
#5075=ORIENTED_EDGE('',*,*,#3954,.F.);
#5076=ORIENTED_EDGE('',*,*,#3973,.F.);
#5077=ORIENTED_EDGE('',*,*,#3964,.T.);
#5078=ORIENTED_EDGE('',*,*,#3969,.T.);
#5079=ORIENTED_EDGE('',*,*,#3958,.F.);
#5080=ORIENTED_EDGE('',*,*,#3974,.F.);
#5081=ORIENTED_EDGE('',*,*,#3966,.F.);
#5082=ORIENTED_EDGE('',*,*,#3955,.F.);
#5083=ORIENTED_EDGE('',*,*,#3972,.F.);
#5084=ORIENTED_EDGE('',*,*,#3975,.F.);
#5085=ORIENTED_EDGE('',*,*,#3976,.T.);
#5086=ORIENTED_EDGE('',*,*,#3977,.T.);
#5087=ORIENTED_EDGE('',*,*,#3978,.F.);
#5088=ORIENTED_EDGE('',*,*,#3979,.F.);
#5089=ORIENTED_EDGE('',*,*,#3980,.T.);
#5090=ORIENTED_EDGE('',*,*,#3981,.T.);
#5091=ORIENTED_EDGE('',*,*,#3982,.F.);
#5092=ORIENTED_EDGE('',*,*,#3983,.F.);
#5093=ORIENTED_EDGE('',*,*,#3984,.F.);
#5094=ORIENTED_EDGE('',*,*,#3985,.T.);
#5095=ORIENTED_EDGE('',*,*,#3986,.F.);
#5096=ORIENTED_EDGE('',*,*,#3987,.F.);
#5097=ORIENTED_EDGE('',*,*,#3978,.T.);
#5098=ORIENTED_EDGE('',*,*,#3988,.T.);
#5099=ORIENTED_EDGE('',*,*,#3989,.F.);
#5100=ORIENTED_EDGE('',*,*,#3990,.F.);
#5101=ORIENTED_EDGE('',*,*,#3981,.F.);
#5102=ORIENTED_EDGE('',*,*,#3991,.F.);
#5103=ORIENTED_EDGE('',*,*,#3985,.F.);
#5104=ORIENTED_EDGE('',*,*,#3992,.F.);
#5105=ORIENTED_EDGE('',*,*,#3993,.F.);
#5106=ORIENTED_EDGE('',*,*,#3994,.T.);
#5107=ORIENTED_EDGE('',*,*,#3976,.F.);
#5108=ORIENTED_EDGE('',*,*,#3995,.F.);
#5109=ORIENTED_EDGE('',*,*,#3986,.T.);
#5110=ORIENTED_EDGE('',*,*,#3991,.T.);
#5111=ORIENTED_EDGE('',*,*,#3980,.F.);
#5112=ORIENTED_EDGE('',*,*,#3996,.F.);
#5113=ORIENTED_EDGE('',*,*,#3988,.F.);
#5114=ORIENTED_EDGE('',*,*,#3977,.F.);
#5115=ORIENTED_EDGE('',*,*,#3994,.F.);
#5116=ORIENTED_EDGE('',*,*,#3997,.F.);
#5117=ORIENTED_EDGE('',*,*,#3998,.T.);
#5118=ORIENTED_EDGE('',*,*,#3999,.T.);
#5119=ORIENTED_EDGE('',*,*,#4000,.F.);
#5120=ORIENTED_EDGE('',*,*,#4001,.F.);
#5121=ORIENTED_EDGE('',*,*,#4002,.T.);
#5122=ORIENTED_EDGE('',*,*,#4003,.T.);
#5123=ORIENTED_EDGE('',*,*,#4004,.F.);
#5124=ORIENTED_EDGE('',*,*,#4005,.F.);
#5125=ORIENTED_EDGE('',*,*,#4006,.F.);
#5126=ORIENTED_EDGE('',*,*,#4007,.T.);
#5127=ORIENTED_EDGE('',*,*,#4008,.F.);
#5128=ORIENTED_EDGE('',*,*,#4009,.F.);
#5129=ORIENTED_EDGE('',*,*,#4000,.T.);
#5130=ORIENTED_EDGE('',*,*,#4010,.T.);
#5131=ORIENTED_EDGE('',*,*,#4011,.F.);
#5132=ORIENTED_EDGE('',*,*,#4012,.F.);
#5133=ORIENTED_EDGE('',*,*,#4003,.F.);
#5134=ORIENTED_EDGE('',*,*,#4013,.F.);
#5135=ORIENTED_EDGE('',*,*,#4007,.F.);
#5136=ORIENTED_EDGE('',*,*,#4014,.F.);
#5137=ORIENTED_EDGE('',*,*,#4015,.F.);
#5138=ORIENTED_EDGE('',*,*,#4016,.T.);
#5139=ORIENTED_EDGE('',*,*,#3998,.F.);
#5140=ORIENTED_EDGE('',*,*,#4017,.F.);
#5141=ORIENTED_EDGE('',*,*,#4008,.T.);
#5142=ORIENTED_EDGE('',*,*,#4013,.T.);
#5143=ORIENTED_EDGE('',*,*,#4002,.F.);
#5144=ORIENTED_EDGE('',*,*,#4018,.F.);
#5145=ORIENTED_EDGE('',*,*,#4010,.F.);
#5146=ORIENTED_EDGE('',*,*,#3999,.F.);
#5147=ORIENTED_EDGE('',*,*,#4016,.F.);
#5148=ORIENTED_EDGE('',*,*,#4019,.F.);
#5149=ORIENTED_EDGE('',*,*,#4020,.T.);
#5150=ORIENTED_EDGE('',*,*,#4021,.T.);
#5151=ORIENTED_EDGE('',*,*,#4022,.T.);
#5152=ORIENTED_EDGE('',*,*,#4023,.T.);
#5153=ORIENTED_EDGE('',*,*,#4024,.T.);
#5154=ORIENTED_EDGE('',*,*,#4025,.T.);
#5155=ORIENTED_EDGE('',*,*,#4026,.T.);
#5156=ORIENTED_EDGE('',*,*,#4027,.T.);
#5157=ORIENTED_EDGE('',*,*,#4028,.T.);
#5158=ORIENTED_EDGE('',*,*,#4029,.T.);
#5159=ORIENTED_EDGE('',*,*,#4030,.T.);
#5160=ORIENTED_EDGE('',*,*,#4031,.T.);
#5161=ORIENTED_EDGE('',*,*,#4032,.T.);
#5162=ORIENTED_EDGE('',*,*,#4033,.T.);
#5163=ORIENTED_EDGE('',*,*,#4034,.T.);
#5164=ORIENTED_EDGE('',*,*,#4035,.T.);
#5165=ORIENTED_EDGE('',*,*,#4036,.T.);
#5166=ORIENTED_EDGE('',*,*,#4037,.T.);
#5167=ORIENTED_EDGE('',*,*,#4038,.T.);
#5168=ORIENTED_EDGE('',*,*,#4039,.T.);
#5169=ORIENTED_EDGE('',*,*,#4040,.T.);
#5170=ORIENTED_EDGE('',*,*,#4041,.T.);
#5171=ORIENTED_EDGE('',*,*,#4042,.T.);
#5172=ORIENTED_EDGE('',*,*,#4043,.T.);
#5173=ORIENTED_EDGE('',*,*,#4044,.T.);
#5174=ORIENTED_EDGE('',*,*,#4045,.T.);
#5175=ORIENTED_EDGE('',*,*,#4046,.T.);
#5176=ORIENTED_EDGE('',*,*,#4047,.T.);
#5177=ORIENTED_EDGE('',*,*,#4048,.T.);
#5178=ORIENTED_EDGE('',*,*,#4049,.T.);
#5179=ORIENTED_EDGE('',*,*,#4050,.T.);
#5180=ORIENTED_EDGE('',*,*,#4051,.T.);
#5181=ORIENTED_EDGE('',*,*,#4052,.T.);
#5182=ORIENTED_EDGE('',*,*,#4053,.T.);
#5183=ORIENTED_EDGE('',*,*,#4054,.T.);
#5184=ORIENTED_EDGE('',*,*,#4014,.T.);
#5185=ORIENTED_EDGE('',*,*,#3997,.T.);
#5186=ORIENTED_EDGE('',*,*,#4009,.T.);
#5187=ORIENTED_EDGE('',*,*,#4055,.T.);
#5188=ORIENTED_EDGE('',*,*,#4056,.T.);
#5189=ORIENTED_EDGE('',*,*,#4005,.T.);
#5190=ORIENTED_EDGE('',*,*,#4017,.T.);
#5191=ORIENTED_EDGE('',*,*,#4001,.T.);
#5192=ORIENTED_EDGE('',*,*,#4057,.T.);
#5193=ORIENTED_EDGE('',*,*,#3992,.T.);
#5194=ORIENTED_EDGE('',*,*,#3975,.T.);
#5195=ORIENTED_EDGE('',*,*,#3987,.T.);
#5196=ORIENTED_EDGE('',*,*,#4058,.T.);
#5197=ORIENTED_EDGE('',*,*,#4059,.T.);
#5198=ORIENTED_EDGE('',*,*,#3983,.T.);
#5199=ORIENTED_EDGE('',*,*,#3995,.T.);
#5200=ORIENTED_EDGE('',*,*,#3979,.T.);
#5201=ORIENTED_EDGE('',*,*,#4060,.T.);
#5202=ORIENTED_EDGE('',*,*,#3970,.T.);
#5203=ORIENTED_EDGE('',*,*,#3953,.T.);
#5204=ORIENTED_EDGE('',*,*,#3965,.T.);
#5205=ORIENTED_EDGE('',*,*,#4061,.T.);
#5206=ORIENTED_EDGE('',*,*,#4062,.T.);
#5207=ORIENTED_EDGE('',*,*,#3961,.T.);
#5208=ORIENTED_EDGE('',*,*,#3973,.T.);
#5209=ORIENTED_EDGE('',*,*,#3957,.T.);
#5210=ORIENTED_EDGE('',*,*,#4063,.T.);
#5211=ORIENTED_EDGE('',*,*,#4064,.F.);
#5212=ORIENTED_EDGE('',*,*,#4065,.T.);
#5213=ORIENTED_EDGE('',*,*,#4065,.F.);
#5214=ORIENTED_EDGE('',*,*,#3993,.T.);
#5215=ORIENTED_EDGE('',*,*,#4060,.F.);
#5216=ORIENTED_EDGE('',*,*,#3982,.T.);
#5217=ORIENTED_EDGE('',*,*,#3990,.T.);
#5218=ORIENTED_EDGE('',*,*,#3984,.T.);
#5219=ORIENTED_EDGE('',*,*,#4059,.F.);
#5220=ORIENTED_EDGE('',*,*,#4066,.T.);
#5221=ORIENTED_EDGE('',*,*,#4064,.T.);
#5222=ORIENTED_EDGE('',*,*,#4066,.F.);
#5223=ORIENTED_EDGE('',*,*,#4058,.F.);
#5224=ORIENTED_EDGE('',*,*,#3989,.T.);
#5225=ORIENTED_EDGE('',*,*,#3996,.T.);
#5226=ORIENTED_EDGE('',*,*,#4067,.F.);
#5227=ORIENTED_EDGE('',*,*,#4068,.T.);
#5228=ORIENTED_EDGE('',*,*,#4068,.F.);
#5229=ORIENTED_EDGE('',*,*,#3971,.T.);
#5230=ORIENTED_EDGE('',*,*,#4063,.F.);
#5231=ORIENTED_EDGE('',*,*,#3960,.T.);
#5232=ORIENTED_EDGE('',*,*,#3968,.T.);
#5233=ORIENTED_EDGE('',*,*,#3962,.T.);
#5234=ORIENTED_EDGE('',*,*,#4062,.F.);
#5235=ORIENTED_EDGE('',*,*,#4069,.T.);
#5236=ORIENTED_EDGE('',*,*,#4067,.T.);
#5237=ORIENTED_EDGE('',*,*,#4069,.F.);
#5238=ORIENTED_EDGE('',*,*,#4061,.F.);
#5239=ORIENTED_EDGE('',*,*,#3967,.T.);
#5240=ORIENTED_EDGE('',*,*,#3974,.T.);
#5241=ORIENTED_EDGE('',*,*,#4070,.F.);
#5242=ORIENTED_EDGE('',*,*,#4071,.T.);
#5243=ORIENTED_EDGE('',*,*,#4071,.F.);
#5244=ORIENTED_EDGE('',*,*,#4015,.T.);
#5245=ORIENTED_EDGE('',*,*,#4057,.F.);
#5246=ORIENTED_EDGE('',*,*,#4004,.T.);
#5247=ORIENTED_EDGE('',*,*,#4012,.T.);
#5248=ORIENTED_EDGE('',*,*,#4006,.T.);
#5249=ORIENTED_EDGE('',*,*,#4056,.F.);
#5250=ORIENTED_EDGE('',*,*,#4072,.T.);
#5251=ORIENTED_EDGE('',*,*,#4070,.T.);
#5252=ORIENTED_EDGE('',*,*,#4072,.F.);
#5253=ORIENTED_EDGE('',*,*,#4055,.F.);
#5254=ORIENTED_EDGE('',*,*,#4011,.T.);
#5255=ORIENTED_EDGE('',*,*,#4018,.T.);
#5256=ORIENTED_EDGE('',*,*,#4073,.F.);
#5257=ORIENTED_EDGE('',*,*,#4051,.F.);
#5258=ORIENTED_EDGE('',*,*,#4074,.T.);
#5259=ORIENTED_EDGE('',*,*,#4075,.F.);
#5260=ORIENTED_EDGE('',*,*,#4076,.F.);
#5261=ORIENTED_EDGE('',*,*,#4077,.F.);
#5262=ORIENTED_EDGE('',*,*,#4078,.F.);
#5263=ORIENTED_EDGE('',*,*,#4053,.F.);
#5264=ORIENTED_EDGE('',*,*,#4079,.F.);
#5265=ORIENTED_EDGE('',*,*,#4075,.T.);
#5266=ORIENTED_EDGE('',*,*,#4080,.T.);
#5267=ORIENTED_EDGE('',*,*,#4081,.T.);
#5268=ORIENTED_EDGE('',*,*,#4082,.F.);
#5269=ORIENTED_EDGE('',*,*,#4083,.T.);
#5270=ORIENTED_EDGE('',*,*,#4084,.T.);
#5271=ORIENTED_EDGE('',*,*,#4077,.T.);
#5272=ORIENTED_EDGE('',*,*,#4085,.F.);
#5273=ORIENTED_EDGE('',*,*,#4081,.F.);
#5274=ORIENTED_EDGE('',*,*,#4086,.F.);
#5275=ORIENTED_EDGE('',*,*,#4049,.F.);
#5276=ORIENTED_EDGE('',*,*,#4054,.F.);
#5277=ORIENTED_EDGE('',*,*,#4078,.T.);
#5278=ORIENTED_EDGE('',*,*,#4084,.F.);
#5279=ORIENTED_EDGE('',*,*,#4087,.F.);
#5280=ORIENTED_EDGE('',*,*,#4088,.F.);
#5281=ORIENTED_EDGE('',*,*,#4046,.F.);
#5282=ORIENTED_EDGE('',*,*,#4087,.T.);
#5283=ORIENTED_EDGE('',*,*,#4083,.F.);
#5284=ORIENTED_EDGE('',*,*,#4050,.F.);
#5285=ORIENTED_EDGE('',*,*,#4086,.T.);
#5286=ORIENTED_EDGE('',*,*,#4080,.F.);
#5287=ORIENTED_EDGE('',*,*,#4074,.F.);
#5288=ORIENTED_EDGE('',*,*,#4088,.T.);
#5289=ORIENTED_EDGE('',*,*,#4082,.T.);
#5290=ORIENTED_EDGE('',*,*,#4076,.T.);
#5291=ORIENTED_EDGE('',*,*,#4052,.F.);
#5292=ORIENTED_EDGE('',*,*,#4073,.T.);
#5293=ORIENTED_EDGE('',*,*,#4079,.T.);
#5294=ORIENTED_EDGE('',*,*,#4085,.T.);
#5295=ORIENTED_EDGE('',*,*,#4048,.F.);
#5296=ORIENTED_EDGE('',*,*,#4089,.T.);
#5297=ORIENTED_EDGE('',*,*,#4090,.T.);
#5298=ORIENTED_EDGE('',*,*,#4089,.F.);
#5299=ORIENTED_EDGE('',*,*,#4047,.F.);
#5300=ORIENTED_EDGE('',*,*,#4029,.F.);
#5301=ORIENTED_EDGE('',*,*,#4091,.T.);
#5302=ORIENTED_EDGE('',*,*,#4092,.T.);
#5303=ORIENTED_EDGE('',*,*,#4093,.F.);
#5304=ORIENTED_EDGE('',*,*,#4094,.F.);
#5305=ORIENTED_EDGE('',*,*,#4095,.T.);
#5306=ORIENTED_EDGE('',*,*,#4096,.F.);
#5307=ORIENTED_EDGE('',*,*,#4032,.F.);
#5308=ORIENTED_EDGE('',*,*,#4097,.F.);
#5309=ORIENTED_EDGE('',*,*,#4098,.F.);
#5310=ORIENTED_EDGE('',*,*,#4099,.F.);
#5311=ORIENTED_EDGE('',*,*,#4095,.F.);
#5312=ORIENTED_EDGE('',*,*,#4100,.F.);
#5313=ORIENTED_EDGE('',*,*,#4034,.F.);
#5314=ORIENTED_EDGE('',*,*,#4101,.T.);
#5315=ORIENTED_EDGE('',*,*,#4098,.T.);
#5316=ORIENTED_EDGE('',*,*,#4102,.F.);
#5317=ORIENTED_EDGE('',*,*,#4103,.T.);
#5318=ORIENTED_EDGE('',*,*,#4091,.F.);
#5319=ORIENTED_EDGE('',*,*,#4028,.F.);
#5320=ORIENTED_EDGE('',*,*,#4033,.F.);
#5321=ORIENTED_EDGE('',*,*,#4096,.T.);
#5322=ORIENTED_EDGE('',*,*,#4099,.T.);
#5323=ORIENTED_EDGE('',*,*,#4101,.F.);
#5324=ORIENTED_EDGE('',*,*,#4104,.F.);
#5325=ORIENTED_EDGE('',*,*,#4030,.F.);
#5326=ORIENTED_EDGE('',*,*,#4093,.T.);
#5327=ORIENTED_EDGE('',*,*,#4105,.T.);
#5328=ORIENTED_EDGE('',*,*,#4106,.F.);
#5329=ORIENTED_EDGE('',*,*,#4105,.F.);
#5330=ORIENTED_EDGE('',*,*,#4092,.F.);
#5331=ORIENTED_EDGE('',*,*,#4103,.F.);
#5332=ORIENTED_EDGE('',*,*,#4038,.F.);
#5333=ORIENTED_EDGE('',*,*,#4107,.T.);
#5334=ORIENTED_EDGE('',*,*,#4108,.T.);
#5335=ORIENTED_EDGE('',*,*,#4109,.F.);
#5336=ORIENTED_EDGE('',*,*,#4044,.F.);
#5337=ORIENTED_EDGE('',*,*,#4110,.T.);
#5338=ORIENTED_EDGE('',*,*,#4111,.T.);
#5339=ORIENTED_EDGE('',*,*,#4112,.F.);
#5340=ORIENTED_EDGE('',*,*,#4042,.F.);
#5341=ORIENTED_EDGE('',*,*,#4113,.F.);
#5342=ORIENTED_EDGE('',*,*,#4114,.T.);
#5343=ORIENTED_EDGE('',*,*,#4115,.F.);
#5344=ORIENTED_EDGE('',*,*,#4039,.F.);
#5345=ORIENTED_EDGE('',*,*,#4109,.T.);
#5346=ORIENTED_EDGE('',*,*,#4116,.T.);
#5347=ORIENTED_EDGE('',*,*,#4117,.F.);
#5348=ORIENTED_EDGE('',*,*,#4118,.F.);
#5349=ORIENTED_EDGE('',*,*,#4111,.F.);
#5350=ORIENTED_EDGE('',*,*,#4119,.F.);
#5351=ORIENTED_EDGE('',*,*,#4114,.F.);
#5352=ORIENTED_EDGE('',*,*,#4037,.F.);
#5353=ORIENTED_EDGE('',*,*,#4120,.F.);
#5354=ORIENTED_EDGE('',*,*,#4121,.T.);
#5355=ORIENTED_EDGE('',*,*,#4107,.F.);
#5356=ORIENTED_EDGE('',*,*,#4043,.F.);
#5357=ORIENTED_EDGE('',*,*,#4115,.T.);
#5358=ORIENTED_EDGE('',*,*,#4119,.T.);
#5359=ORIENTED_EDGE('',*,*,#4110,.F.);
#5360=ORIENTED_EDGE('',*,*,#4122,.F.);
#5361=ORIENTED_EDGE('',*,*,#4116,.F.);
#5362=ORIENTED_EDGE('',*,*,#4108,.F.);
#5363=ORIENTED_EDGE('',*,*,#4121,.F.);
#5364=ORIENTED_EDGE('',*,*,#4123,.F.);
#5365=ORIENTED_EDGE('',*,*,#4124,.T.);
#5366=ORIENTED_EDGE('',*,*,#4124,.F.);
#5367=ORIENTED_EDGE('',*,*,#4102,.T.);
#5368=ORIENTED_EDGE('',*,*,#4036,.F.);
#5369=ORIENTED_EDGE('',*,*,#4125,.T.);
#5370=ORIENTED_EDGE('',*,*,#4123,.T.);
#5371=ORIENTED_EDGE('',*,*,#4125,.F.);
#5372=ORIENTED_EDGE('',*,*,#4035,.F.);
#5373=ORIENTED_EDGE('',*,*,#4100,.T.);
#5374=ORIENTED_EDGE('',*,*,#4097,.T.);
#5375=ORIENTED_EDGE('',*,*,#4094,.T.);
#5376=ORIENTED_EDGE('',*,*,#4031,.F.);
#5377=ORIENTED_EDGE('',*,*,#4104,.T.);
#5378=ORIENTED_EDGE('',*,*,#4106,.T.);
#5379=ORIENTED_EDGE('',*,*,#4126,.F.);
#5380=ORIENTED_EDGE('',*,*,#4127,.T.);
#5381=ORIENTED_EDGE('',*,*,#4127,.F.);
#5382=ORIENTED_EDGE('',*,*,#4120,.T.);
#5383=ORIENTED_EDGE('',*,*,#4045,.F.);
#5384=ORIENTED_EDGE('',*,*,#4112,.T.);
#5385=ORIENTED_EDGE('',*,*,#4118,.T.);
#5386=ORIENTED_EDGE('',*,*,#4113,.T.);
#5387=ORIENTED_EDGE('',*,*,#4041,.F.);
#5388=ORIENTED_EDGE('',*,*,#4128,.T.);
#5389=ORIENTED_EDGE('',*,*,#4126,.T.);
#5390=ORIENTED_EDGE('',*,*,#4128,.F.);
#5391=ORIENTED_EDGE('',*,*,#4040,.F.);
#5392=ORIENTED_EDGE('',*,*,#4117,.T.);
#5393=ORIENTED_EDGE('',*,*,#4122,.T.);
#5394=ORIENTED_EDGE('',*,*,#4090,.F.);
#5395=ORIENTED_EDGE('',*,*,#4129,.T.);
#5396=ORIENTED_EDGE('',*,*,#4129,.F.);
#5397=ORIENTED_EDGE('',*,*,#4130,.F.);
#5398=ORIENTED_EDGE('',*,*,#4020,.F.);
#5399=ORIENTED_EDGE('',*,*,#4131,.F.);
#5400=ORIENTED_EDGE('',*,*,#4132,.T.);
#5401=ORIENTED_EDGE('',*,*,#4133,.F.);
#5402=ORIENTED_EDGE('',*,*,#4132,.F.);
#5403=ORIENTED_EDGE('',*,*,#4134,.F.);
#5404=ORIENTED_EDGE('',*,*,#4135,.T.);
#5405=ORIENTED_EDGE('',*,*,#4136,.F.);
#5406=ORIENTED_EDGE('',*,*,#4135,.F.);
#5407=ORIENTED_EDGE('',*,*,#4134,.T.);
#5408=ORIENTED_EDGE('',*,*,#4137,.T.);
#5409=ORIENTED_EDGE('',*,*,#4138,.F.);
#5410=ORIENTED_EDGE('',*,*,#4139,.T.);
#5411=ORIENTED_EDGE('',*,*,#4140,.F.);
#5412=ORIENTED_EDGE('',*,*,#4139,.F.);
#5413=ORIENTED_EDGE('',*,*,#4138,.T.);
#5414=ORIENTED_EDGE('',*,*,#4141,.T.);
#5415=ORIENTED_EDGE('',*,*,#4142,.F.);
#5416=ORIENTED_EDGE('',*,*,#4143,.T.);
#5417=ORIENTED_EDGE('',*,*,#4144,.F.);
#5418=ORIENTED_EDGE('',*,*,#4143,.F.);
#5419=ORIENTED_EDGE('',*,*,#4142,.T.);
#5420=ORIENTED_EDGE('',*,*,#4145,.T.);
#5421=ORIENTED_EDGE('',*,*,#4146,.F.);
#5422=ORIENTED_EDGE('',*,*,#4147,.T.);
#5423=ORIENTED_EDGE('',*,*,#4148,.F.);
#5424=ORIENTED_EDGE('',*,*,#4147,.F.);
#5425=ORIENTED_EDGE('',*,*,#4146,.T.);
#5426=ORIENTED_EDGE('',*,*,#4149,.T.);
#5427=ORIENTED_EDGE('',*,*,#4150,.F.);
#5428=ORIENTED_EDGE('',*,*,#4151,.T.);
#5429=ORIENTED_EDGE('',*,*,#4152,.F.);
#5430=ORIENTED_EDGE('',*,*,#4151,.F.);
#5431=ORIENTED_EDGE('',*,*,#4150,.T.);
#5432=ORIENTED_EDGE('',*,*,#4153,.T.);
#5433=ORIENTED_EDGE('',*,*,#4130,.T.);
#5434=ORIENTED_EDGE('',*,*,#4131,.T.);
#5435=ORIENTED_EDGE('',*,*,#4022,.F.);
#5436=ORIENTED_EDGE('',*,*,#4154,.T.);
#5437=ORIENTED_EDGE('',*,*,#4155,.F.);
#5438=ORIENTED_EDGE('',*,*,#4154,.F.);
#5439=ORIENTED_EDGE('',*,*,#4021,.F.);
#5440=ORIENTED_EDGE('',*,*,#4023,.F.);
#5441=ORIENTED_EDGE('',*,*,#4156,.T.);
#5442=ORIENTED_EDGE('',*,*,#4145,.F.);
#5443=ORIENTED_EDGE('',*,*,#4156,.F.);
#5444=ORIENTED_EDGE('',*,*,#4024,.F.);
#5445=ORIENTED_EDGE('',*,*,#4157,.T.);
#5446=ORIENTED_EDGE('',*,*,#4141,.F.);
#5447=ORIENTED_EDGE('',*,*,#4157,.F.);
#5448=ORIENTED_EDGE('',*,*,#4025,.F.);
#5449=ORIENTED_EDGE('',*,*,#4158,.T.);
#5450=ORIENTED_EDGE('',*,*,#4153,.F.);
#5451=ORIENTED_EDGE('',*,*,#4158,.F.);
#5452=ORIENTED_EDGE('',*,*,#4026,.F.);
#5453=ORIENTED_EDGE('',*,*,#4159,.T.);
#5454=ORIENTED_EDGE('',*,*,#4149,.F.);
#5455=ORIENTED_EDGE('',*,*,#4159,.F.);
#5456=ORIENTED_EDGE('',*,*,#4027,.F.);
#5457=ORIENTED_EDGE('',*,*,#4160,.T.);
#5458=ORIENTED_EDGE('',*,*,#4137,.F.);
#5459=ORIENTED_EDGE('',*,*,#4160,.F.);
#5460=ORIENTED_EDGE('',*,*,#4161,.F.);
#5461=ORIENTED_EDGE('',*,*,#4162,.F.);
#5462=ORIENTED_EDGE('',*,*,#4163,.T.);
#5463=ORIENTED_EDGE('',*,*,#4164,.F.);
#5464=ORIENTED_EDGE('',*,*,#4163,.F.);
#5465=ORIENTED_EDGE('',*,*,#4165,.F.);
#5466=ORIENTED_EDGE('',*,*,#4166,.T.);
#5467=ORIENTED_EDGE('',*,*,#4167,.F.);
#5468=ORIENTED_EDGE('',*,*,#4166,.F.);
#5469=ORIENTED_EDGE('',*,*,#4168,.F.);
#5470=ORIENTED_EDGE('',*,*,#4169,.F.);
#5471=ORIENTED_EDGE('',*,*,#4170,.T.);
#5472=ORIENTED_EDGE('',*,*,#4171,.F.);
#5473=ORIENTED_EDGE('',*,*,#4170,.F.);
#5474=ORIENTED_EDGE('',*,*,#4172,.F.);
#5475=ORIENTED_EDGE('',*,*,#4173,.T.);
#5476=ORIENTED_EDGE('',*,*,#4174,.F.);
#5477=ORIENTED_EDGE('',*,*,#4173,.F.);
#5478=ORIENTED_EDGE('',*,*,#4175,.F.);
#5479=ORIENTED_EDGE('',*,*,#4176,.F.);
#5480=ORIENTED_EDGE('',*,*,#4177,.T.);
#5481=ORIENTED_EDGE('',*,*,#4178,.F.);
#5482=ORIENTED_EDGE('',*,*,#4177,.F.);
#5483=ORIENTED_EDGE('',*,*,#4179,.F.);
#5484=ORIENTED_EDGE('',*,*,#4180,.T.);
#5485=ORIENTED_EDGE('',*,*,#4181,.F.);
#5486=ORIENTED_EDGE('',*,*,#4180,.F.);
#5487=ORIENTED_EDGE('',*,*,#4182,.F.);
#5488=ORIENTED_EDGE('',*,*,#4183,.F.);
#5489=ORIENTED_EDGE('',*,*,#4184,.T.);
#5490=ORIENTED_EDGE('',*,*,#4185,.F.);
#5491=ORIENTED_EDGE('',*,*,#4184,.F.);
#5492=ORIENTED_EDGE('',*,*,#4186,.F.);
#5493=ORIENTED_EDGE('',*,*,#4187,.T.);
#5494=ORIENTED_EDGE('',*,*,#4188,.F.);
#5495=ORIENTED_EDGE('',*,*,#4187,.F.);
#5496=ORIENTED_EDGE('',*,*,#4189,.F.);
#5497=ORIENTED_EDGE('',*,*,#4190,.F.);
#5498=ORIENTED_EDGE('',*,*,#4191,.T.);
#5499=ORIENTED_EDGE('',*,*,#4192,.F.);
#5500=ORIENTED_EDGE('',*,*,#4191,.F.);
#5501=ORIENTED_EDGE('',*,*,#4193,.F.);
#5502=ORIENTED_EDGE('',*,*,#4194,.T.);
#5503=ORIENTED_EDGE('',*,*,#4195,.F.);
#5504=ORIENTED_EDGE('',*,*,#4194,.F.);
#5505=ORIENTED_EDGE('',*,*,#4196,.F.);
#5506=ORIENTED_EDGE('',*,*,#4197,.F.);
#5507=ORIENTED_EDGE('',*,*,#4198,.T.);
#5508=ORIENTED_EDGE('',*,*,#4199,.F.);
#5509=ORIENTED_EDGE('',*,*,#4198,.F.);
#5510=ORIENTED_EDGE('',*,*,#4200,.F.);
#5511=ORIENTED_EDGE('',*,*,#4201,.T.);
#5512=ORIENTED_EDGE('',*,*,#4202,.F.);
#5513=ORIENTED_EDGE('',*,*,#4201,.F.);
#5514=ORIENTED_EDGE('',*,*,#4203,.F.);
#5515=ORIENTED_EDGE('',*,*,#4204,.F.);
#5516=ORIENTED_EDGE('',*,*,#4205,.T.);
#5517=ORIENTED_EDGE('',*,*,#4206,.F.);
#5518=ORIENTED_EDGE('',*,*,#4205,.F.);
#5519=ORIENTED_EDGE('',*,*,#4207,.F.);
#5520=ORIENTED_EDGE('',*,*,#4208,.T.);
#5521=ORIENTED_EDGE('',*,*,#4209,.F.);
#5522=ORIENTED_EDGE('',*,*,#4208,.F.);
#5523=ORIENTED_EDGE('',*,*,#4210,.F.);
#5524=ORIENTED_EDGE('',*,*,#4211,.F.);
#5525=ORIENTED_EDGE('',*,*,#4212,.T.);
#5526=ORIENTED_EDGE('',*,*,#4213,.F.);
#5527=ORIENTED_EDGE('',*,*,#4212,.F.);
#5528=ORIENTED_EDGE('',*,*,#4214,.F.);
#5529=ORIENTED_EDGE('',*,*,#4215,.T.);
#5530=ORIENTED_EDGE('',*,*,#4216,.F.);
#5531=ORIENTED_EDGE('',*,*,#4215,.F.);
#5532=ORIENTED_EDGE('',*,*,#4217,.F.);
#5533=ORIENTED_EDGE('',*,*,#4218,.F.);
#5534=ORIENTED_EDGE('',*,*,#4219,.T.);
#5535=ORIENTED_EDGE('',*,*,#4220,.F.);
#5536=ORIENTED_EDGE('',*,*,#4219,.F.);
#5537=ORIENTED_EDGE('',*,*,#4221,.F.);
#5538=ORIENTED_EDGE('',*,*,#4222,.T.);
#5539=ORIENTED_EDGE('',*,*,#4223,.F.);
#5540=ORIENTED_EDGE('',*,*,#4222,.F.);
#5541=ORIENTED_EDGE('',*,*,#4224,.F.);
#5542=ORIENTED_EDGE('',*,*,#4225,.F.);
#5543=ORIENTED_EDGE('',*,*,#4226,.T.);
#5544=ORIENTED_EDGE('',*,*,#4227,.F.);
#5545=ORIENTED_EDGE('',*,*,#4226,.F.);
#5546=ORIENTED_EDGE('',*,*,#4228,.F.);
#5547=ORIENTED_EDGE('',*,*,#4229,.T.);
#5548=ORIENTED_EDGE('',*,*,#4230,.F.);
#5549=ORIENTED_EDGE('',*,*,#4229,.F.);
#5550=ORIENTED_EDGE('',*,*,#4231,.F.);
#5551=ORIENTED_EDGE('',*,*,#4232,.F.);
#5552=ORIENTED_EDGE('',*,*,#4233,.T.);
#5553=ORIENTED_EDGE('',*,*,#4234,.F.);
#5554=ORIENTED_EDGE('',*,*,#4233,.F.);
#5555=ORIENTED_EDGE('',*,*,#4235,.F.);
#5556=ORIENTED_EDGE('',*,*,#4236,.T.);
#5557=ORIENTED_EDGE('',*,*,#4237,.F.);
#5558=ORIENTED_EDGE('',*,*,#4236,.F.);
#5559=ORIENTED_EDGE('',*,*,#4238,.F.);
#5560=ORIENTED_EDGE('',*,*,#4239,.F.);
#5561=ORIENTED_EDGE('',*,*,#4240,.T.);
#5562=ORIENTED_EDGE('',*,*,#4241,.F.);
#5563=ORIENTED_EDGE('',*,*,#4240,.F.);
#5564=ORIENTED_EDGE('',*,*,#4242,.F.);
#5565=ORIENTED_EDGE('',*,*,#4243,.T.);
#5566=ORIENTED_EDGE('',*,*,#4244,.F.);
#5567=ORIENTED_EDGE('',*,*,#4243,.F.);
#5568=ORIENTED_EDGE('',*,*,#4245,.F.);
#5569=ORIENTED_EDGE('',*,*,#4246,.F.);
#5570=ORIENTED_EDGE('',*,*,#4247,.T.);
#5571=ORIENTED_EDGE('',*,*,#4248,.F.);
#5572=ORIENTED_EDGE('',*,*,#4247,.F.);
#5573=ORIENTED_EDGE('',*,*,#4249,.F.);
#5574=ORIENTED_EDGE('',*,*,#4250,.T.);
#5575=ORIENTED_EDGE('',*,*,#4251,.F.);
#5576=ORIENTED_EDGE('',*,*,#4250,.F.);
#5577=ORIENTED_EDGE('',*,*,#4252,.F.);
#5578=ORIENTED_EDGE('',*,*,#4253,.F.);
#5579=ORIENTED_EDGE('',*,*,#4254,.T.);
#5580=ORIENTED_EDGE('',*,*,#4255,.F.);
#5581=ORIENTED_EDGE('',*,*,#4254,.F.);
#5582=ORIENTED_EDGE('',*,*,#4256,.F.);
#5583=ORIENTED_EDGE('',*,*,#4257,.T.);
#5584=ORIENTED_EDGE('',*,*,#4258,.F.);
#5585=ORIENTED_EDGE('',*,*,#4257,.F.);
#5586=ORIENTED_EDGE('',*,*,#4259,.F.);
#5587=ORIENTED_EDGE('',*,*,#4260,.F.);
#5588=ORIENTED_EDGE('',*,*,#4261,.T.);
#5589=ORIENTED_EDGE('',*,*,#4262,.F.);
#5590=ORIENTED_EDGE('',*,*,#4261,.F.);
#5591=ORIENTED_EDGE('',*,*,#4263,.F.);
#5592=ORIENTED_EDGE('',*,*,#4264,.T.);
#5593=ORIENTED_EDGE('',*,*,#4265,.F.);
#5594=ORIENTED_EDGE('',*,*,#4264,.F.);
#5595=ORIENTED_EDGE('',*,*,#4266,.F.);
#5596=ORIENTED_EDGE('',*,*,#4267,.F.);
#5597=ORIENTED_EDGE('',*,*,#4268,.T.);
#5598=ORIENTED_EDGE('',*,*,#4269,.F.);
#5599=ORIENTED_EDGE('',*,*,#4268,.F.);
#5600=ORIENTED_EDGE('',*,*,#4270,.F.);
#5601=ORIENTED_EDGE('',*,*,#4271,.T.);
#5602=ORIENTED_EDGE('',*,*,#4272,.F.);
#5603=ORIENTED_EDGE('',*,*,#4271,.F.);
#5604=ORIENTED_EDGE('',*,*,#4273,.F.);
#5605=ORIENTED_EDGE('',*,*,#4274,.F.);
#5606=ORIENTED_EDGE('',*,*,#4275,.T.);
#5607=ORIENTED_EDGE('',*,*,#4276,.F.);
#5608=ORIENTED_EDGE('',*,*,#4275,.F.);
#5609=ORIENTED_EDGE('',*,*,#4277,.F.);
#5610=ORIENTED_EDGE('',*,*,#4278,.T.);
#5611=ORIENTED_EDGE('',*,*,#4279,.F.);
#5612=ORIENTED_EDGE('',*,*,#4278,.F.);
#5613=ORIENTED_EDGE('',*,*,#4280,.F.);
#5614=ORIENTED_EDGE('',*,*,#4281,.F.);
#5615=ORIENTED_EDGE('',*,*,#4282,.T.);
#5616=ORIENTED_EDGE('',*,*,#4283,.F.);
#5617=ORIENTED_EDGE('',*,*,#4282,.F.);
#5618=ORIENTED_EDGE('',*,*,#4284,.F.);
#5619=ORIENTED_EDGE('',*,*,#4285,.T.);
#5620=ORIENTED_EDGE('',*,*,#4286,.F.);
#5621=ORIENTED_EDGE('',*,*,#4285,.F.);
#5622=ORIENTED_EDGE('',*,*,#4287,.F.);
#5623=ORIENTED_EDGE('',*,*,#4288,.F.);
#5624=ORIENTED_EDGE('',*,*,#4289,.T.);
#5625=ORIENTED_EDGE('',*,*,#4290,.F.);
#5626=ORIENTED_EDGE('',*,*,#4289,.F.);
#5627=ORIENTED_EDGE('',*,*,#4291,.F.);
#5628=ORIENTED_EDGE('',*,*,#4292,.T.);
#5629=ORIENTED_EDGE('',*,*,#4293,.F.);
#5630=ORIENTED_EDGE('',*,*,#4292,.F.);
#5631=ORIENTED_EDGE('',*,*,#4294,.F.);
#5632=ORIENTED_EDGE('',*,*,#4295,.F.);
#5633=ORIENTED_EDGE('',*,*,#4296,.T.);
#5634=ORIENTED_EDGE('',*,*,#4297,.F.);
#5635=ORIENTED_EDGE('',*,*,#4296,.F.);
#5636=ORIENTED_EDGE('',*,*,#4298,.F.);
#5637=ORIENTED_EDGE('',*,*,#4299,.T.);
#5638=ORIENTED_EDGE('',*,*,#4300,.F.);
#5639=ORIENTED_EDGE('',*,*,#4299,.F.);
#5640=ORIENTED_EDGE('',*,*,#4301,.F.);
#5641=ORIENTED_EDGE('',*,*,#4302,.F.);
#5642=ORIENTED_EDGE('',*,*,#4303,.T.);
#5643=ORIENTED_EDGE('',*,*,#4304,.F.);
#5644=ORIENTED_EDGE('',*,*,#4303,.F.);
#5645=ORIENTED_EDGE('',*,*,#4305,.F.);
#5646=ORIENTED_EDGE('',*,*,#4306,.T.);
#5647=ORIENTED_EDGE('',*,*,#4307,.F.);
#5648=ORIENTED_EDGE('',*,*,#4306,.F.);
#5649=ORIENTED_EDGE('',*,*,#4308,.F.);
#5650=ORIENTED_EDGE('',*,*,#4309,.T.);
#5651=ORIENTED_EDGE('',*,*,#4310,.T.);
#5652=ORIENTED_EDGE('',*,*,#4309,.F.);
#5653=ORIENTED_EDGE('',*,*,#4311,.F.);
#5654=ORIENTED_EDGE('',*,*,#4312,.T.);
#5655=ORIENTED_EDGE('',*,*,#4313,.T.);
#5656=ORIENTED_EDGE('',*,*,#4312,.F.);
#5657=ORIENTED_EDGE('',*,*,#4314,.F.);
#5658=ORIENTED_EDGE('',*,*,#4315,.T.);
#5659=ORIENTED_EDGE('',*,*,#4316,.T.);
#5660=ORIENTED_EDGE('',*,*,#4315,.F.);
#5661=ORIENTED_EDGE('',*,*,#4317,.F.);
#5662=ORIENTED_EDGE('',*,*,#4318,.T.);
#5663=ORIENTED_EDGE('',*,*,#4319,.T.);
#5664=ORIENTED_EDGE('',*,*,#4318,.F.);
#5665=ORIENTED_EDGE('',*,*,#4224,.T.);
#5666=ORIENTED_EDGE('',*,*,#4225,.T.);
#5667=ORIENTED_EDGE('',*,*,#4320,.T.);
#5668=ORIENTED_EDGE('',*,*,#4228,.T.);
#5669=ORIENTED_EDGE('',*,*,#4320,.F.);
#5670=ORIENTED_EDGE('',*,*,#4217,.T.);
#5671=ORIENTED_EDGE('',*,*,#4218,.T.);
#5672=ORIENTED_EDGE('',*,*,#4321,.T.);
#5673=ORIENTED_EDGE('',*,*,#4221,.T.);
#5674=ORIENTED_EDGE('',*,*,#4321,.F.);
#5675=ORIENTED_EDGE('',*,*,#4210,.T.);
#5676=ORIENTED_EDGE('',*,*,#4211,.T.);
#5677=ORIENTED_EDGE('',*,*,#4322,.T.);
#5678=ORIENTED_EDGE('',*,*,#4214,.T.);
#5679=ORIENTED_EDGE('',*,*,#4322,.F.);
#5680=ORIENTED_EDGE('',*,*,#4203,.T.);
#5681=ORIENTED_EDGE('',*,*,#4204,.T.);
#5682=ORIENTED_EDGE('',*,*,#4323,.T.);
#5683=ORIENTED_EDGE('',*,*,#4207,.T.);
#5684=ORIENTED_EDGE('',*,*,#4323,.F.);
#5685=ORIENTED_EDGE('',*,*,#4196,.T.);
#5686=ORIENTED_EDGE('',*,*,#4197,.T.);
#5687=ORIENTED_EDGE('',*,*,#4324,.T.);
#5688=ORIENTED_EDGE('',*,*,#4200,.T.);
#5689=ORIENTED_EDGE('',*,*,#4324,.F.);
#5690=ORIENTED_EDGE('',*,*,#4182,.T.);
#5691=ORIENTED_EDGE('',*,*,#4183,.T.);
#5692=ORIENTED_EDGE('',*,*,#4325,.T.);
#5693=ORIENTED_EDGE('',*,*,#4186,.T.);
#5694=ORIENTED_EDGE('',*,*,#4325,.F.);
#5695=ORIENTED_EDGE('',*,*,#4189,.T.);
#5696=ORIENTED_EDGE('',*,*,#4190,.T.);
#5697=ORIENTED_EDGE('',*,*,#4326,.T.);
#5698=ORIENTED_EDGE('',*,*,#4193,.T.);
#5699=ORIENTED_EDGE('',*,*,#4326,.F.);
#5700=ORIENTED_EDGE('',*,*,#4175,.T.);
#5701=ORIENTED_EDGE('',*,*,#4176,.T.);
#5702=ORIENTED_EDGE('',*,*,#4327,.T.);
#5703=ORIENTED_EDGE('',*,*,#4179,.T.);
#5704=ORIENTED_EDGE('',*,*,#4327,.F.);
#5705=ORIENTED_EDGE('',*,*,#4168,.T.);
#5706=ORIENTED_EDGE('',*,*,#4169,.T.);
#5707=ORIENTED_EDGE('',*,*,#4328,.T.);
#5708=ORIENTED_EDGE('',*,*,#4172,.T.);
#5709=ORIENTED_EDGE('',*,*,#4328,.F.);
#5710=ORIENTED_EDGE('',*,*,#4301,.T.);
#5711=ORIENTED_EDGE('',*,*,#4302,.T.);
#5712=ORIENTED_EDGE('',*,*,#4329,.T.);
#5713=ORIENTED_EDGE('',*,*,#4305,.T.);
#5714=ORIENTED_EDGE('',*,*,#4329,.F.);
#5715=ORIENTED_EDGE('',*,*,#4294,.T.);
#5716=ORIENTED_EDGE('',*,*,#4295,.T.);
#5717=ORIENTED_EDGE('',*,*,#4330,.T.);
#5718=ORIENTED_EDGE('',*,*,#4298,.T.);
#5719=ORIENTED_EDGE('',*,*,#4330,.F.);
#5720=ORIENTED_EDGE('',*,*,#4287,.T.);
#5721=ORIENTED_EDGE('',*,*,#4288,.T.);
#5722=ORIENTED_EDGE('',*,*,#4331,.T.);
#5723=ORIENTED_EDGE('',*,*,#4291,.T.);
#5724=ORIENTED_EDGE('',*,*,#4331,.F.);
#5725=ORIENTED_EDGE('',*,*,#4280,.T.);
#5726=ORIENTED_EDGE('',*,*,#4281,.T.);
#5727=ORIENTED_EDGE('',*,*,#4332,.T.);
#5728=ORIENTED_EDGE('',*,*,#4284,.T.);
#5729=ORIENTED_EDGE('',*,*,#4332,.F.);
#5730=ORIENTED_EDGE('',*,*,#4273,.T.);
#5731=ORIENTED_EDGE('',*,*,#4274,.T.);
#5732=ORIENTED_EDGE('',*,*,#4333,.T.);
#5733=ORIENTED_EDGE('',*,*,#4277,.T.);
#5734=ORIENTED_EDGE('',*,*,#4333,.F.);
#5735=ORIENTED_EDGE('',*,*,#4266,.T.);
#5736=ORIENTED_EDGE('',*,*,#4267,.T.);
#5737=ORIENTED_EDGE('',*,*,#4334,.T.);
#5738=ORIENTED_EDGE('',*,*,#4270,.T.);
#5739=ORIENTED_EDGE('',*,*,#4334,.F.);
#5740=ORIENTED_EDGE('',*,*,#4259,.T.);
#5741=ORIENTED_EDGE('',*,*,#4260,.T.);
#5742=ORIENTED_EDGE('',*,*,#4335,.T.);
#5743=ORIENTED_EDGE('',*,*,#4263,.T.);
#5744=ORIENTED_EDGE('',*,*,#4335,.F.);
#5745=ORIENTED_EDGE('',*,*,#4252,.T.);
#5746=ORIENTED_EDGE('',*,*,#4253,.T.);
#5747=ORIENTED_EDGE('',*,*,#4336,.T.);
#5748=ORIENTED_EDGE('',*,*,#4256,.T.);
#5749=ORIENTED_EDGE('',*,*,#4336,.F.);
#5750=ORIENTED_EDGE('',*,*,#4245,.T.);
#5751=ORIENTED_EDGE('',*,*,#4246,.T.);
#5752=ORIENTED_EDGE('',*,*,#4337,.T.);
#5753=ORIENTED_EDGE('',*,*,#4249,.T.);
#5754=ORIENTED_EDGE('',*,*,#4337,.F.);
#5755=ORIENTED_EDGE('',*,*,#4238,.T.);
#5756=ORIENTED_EDGE('',*,*,#4239,.T.);
#5757=ORIENTED_EDGE('',*,*,#4338,.T.);
#5758=ORIENTED_EDGE('',*,*,#4242,.T.);
#5759=ORIENTED_EDGE('',*,*,#4338,.F.);
#5760=ORIENTED_EDGE('',*,*,#4231,.T.);
#5761=ORIENTED_EDGE('',*,*,#4232,.T.);
#5762=ORIENTED_EDGE('',*,*,#4339,.T.);
#5763=ORIENTED_EDGE('',*,*,#4235,.T.);
#5764=ORIENTED_EDGE('',*,*,#4339,.F.);
#5765=ORIENTED_EDGE('',*,*,#4019,.T.);
#5766=ORIENTED_EDGE('',*,*,#4340,.T.);
#5767=ORIENTED_EDGE('',*,*,#4341,.F.);
#5768=ORIENTED_EDGE('',*,*,#4342,.F.);
#5769=ORIENTED_EDGE('',*,*,#4340,.F.);
#5770=ORIENTED_EDGE('',*,*,#4343,.F.);
#5771=ORIENTED_EDGE('',*,*,#4344,.T.);
#5772=ORIENTED_EDGE('',*,*,#4341,.T.);
#5773=ORIENTED_EDGE('',*,*,#4342,.T.);
#5774=ORIENTED_EDGE('',*,*,#4344,.F.);
#5775=ORIENTED_EDGE('',*,*,#4345,.F.);
#5776=ORIENTED_EDGE('',*,*,#4346,.T.);
#5777=ORIENTED_EDGE('',*,*,#4343,.T.);
#5778=ORIENTED_EDGE('',*,*,#4346,.F.);
#5779=ORIENTED_EDGE('',*,*,#4161,.T.);
#5780=ORIENTED_EDGE('',*,*,#4162,.T.);
#5781=ORIENTED_EDGE('',*,*,#4347,.T.);
#5782=ORIENTED_EDGE('',*,*,#4165,.T.);
#5783=ORIENTED_EDGE('',*,*,#4347,.F.);
#5784=ORIENTED_EDGE('',*,*,#4164,.T.);
#5785=ORIENTED_EDGE('',*,*,#4133,.T.);
#5786=ORIENTED_EDGE('',*,*,#4136,.T.);
#5787=ORIENTED_EDGE('',*,*,#4140,.T.);
#5788=ORIENTED_EDGE('',*,*,#4144,.T.);
#5789=ORIENTED_EDGE('',*,*,#4148,.T.);
#5790=ORIENTED_EDGE('',*,*,#4152,.T.);
#5791=ORIENTED_EDGE('',*,*,#4155,.T.);
#5792=ORIENTED_EDGE('',*,*,#4307,.T.);
#5793=ORIENTED_EDGE('',*,*,#4300,.T.);
#5794=ORIENTED_EDGE('',*,*,#4293,.T.);
#5795=ORIENTED_EDGE('',*,*,#4286,.T.);
#5796=ORIENTED_EDGE('',*,*,#4279,.T.);
#5797=ORIENTED_EDGE('',*,*,#4272,.T.);
#5798=ORIENTED_EDGE('',*,*,#4265,.T.);
#5799=ORIENTED_EDGE('',*,*,#4258,.T.);
#5800=ORIENTED_EDGE('',*,*,#4251,.T.);
#5801=ORIENTED_EDGE('',*,*,#4244,.T.);
#5802=ORIENTED_EDGE('',*,*,#4237,.T.);
#5803=ORIENTED_EDGE('',*,*,#4230,.T.);
#5804=ORIENTED_EDGE('',*,*,#4223,.T.);
#5805=ORIENTED_EDGE('',*,*,#4216,.T.);
#5806=ORIENTED_EDGE('',*,*,#4209,.T.);
#5807=ORIENTED_EDGE('',*,*,#4202,.T.);
#5808=ORIENTED_EDGE('',*,*,#4195,.T.);
#5809=ORIENTED_EDGE('',*,*,#4188,.T.);
#5810=ORIENTED_EDGE('',*,*,#4181,.T.);
#5811=ORIENTED_EDGE('',*,*,#4174,.T.);
#5812=ORIENTED_EDGE('',*,*,#4310,.F.);
#5813=ORIENTED_EDGE('',*,*,#4313,.F.);
#5814=ORIENTED_EDGE('',*,*,#4316,.F.);
#5815=ORIENTED_EDGE('',*,*,#4319,.F.);
#5816=ORIENTED_EDGE('',*,*,#4167,.T.);
#5817=ORIENTED_EDGE('',*,*,#4304,.T.);
#5818=ORIENTED_EDGE('',*,*,#4297,.T.);
#5819=ORIENTED_EDGE('',*,*,#4290,.T.);
#5820=ORIENTED_EDGE('',*,*,#4283,.T.);
#5821=ORIENTED_EDGE('',*,*,#4276,.T.);
#5822=ORIENTED_EDGE('',*,*,#4269,.T.);
#5823=ORIENTED_EDGE('',*,*,#4262,.T.);
#5824=ORIENTED_EDGE('',*,*,#4255,.T.);
#5825=ORIENTED_EDGE('',*,*,#4248,.T.);
#5826=ORIENTED_EDGE('',*,*,#4241,.T.);
#5827=ORIENTED_EDGE('',*,*,#4234,.T.);
#5828=ORIENTED_EDGE('',*,*,#4227,.T.);
#5829=ORIENTED_EDGE('',*,*,#4220,.T.);
#5830=ORIENTED_EDGE('',*,*,#4213,.T.);
#5831=ORIENTED_EDGE('',*,*,#4206,.T.);
#5832=ORIENTED_EDGE('',*,*,#4199,.T.);
#5833=ORIENTED_EDGE('',*,*,#4192,.T.);
#5834=ORIENTED_EDGE('',*,*,#4185,.T.);
#5835=ORIENTED_EDGE('',*,*,#4178,.T.);
#5836=ORIENTED_EDGE('',*,*,#4171,.T.);
#5837=ORIENTED_EDGE('',*,*,#4308,.T.);
#5838=ORIENTED_EDGE('',*,*,#4311,.T.);
#5839=ORIENTED_EDGE('',*,*,#4314,.T.);
#5840=ORIENTED_EDGE('',*,*,#4317,.T.);
#5841=ORIENTED_EDGE('',*,*,#4345,.T.);
#5842=ORIENTED_EDGE('',*,*,#4348,.T.);
#5843=ORIENTED_EDGE('',*,*,#4349,.T.);
#5844=ORIENTED_EDGE('',*,*,#4350,.T.);
#5845=ORIENTED_EDGE('',*,*,#4349,.F.);
#5846=ORIENTED_EDGE('',*,*,#4351,.F.);
#5847=ORIENTED_EDGE('',*,*,#4352,.T.);
#5848=ORIENTED_EDGE('',*,*,#4350,.F.);
#5849=ORIENTED_EDGE('',*,*,#4352,.F.);
#5850=ORIENTED_EDGE('',*,*,#4353,.T.);
#5851=ORIENTED_EDGE('',*,*,#4348,.F.);
#5852=ORIENTED_EDGE('',*,*,#4354,.T.);
#5853=ORIENTED_EDGE('',*,*,#4355,.T.);
#5854=ORIENTED_EDGE('',*,*,#4356,.T.);
#5855=ORIENTED_EDGE('',*,*,#4357,.T.);
#5856=ORIENTED_EDGE('',*,*,#4358,.T.);
#5857=ORIENTED_EDGE('',*,*,#4359,.T.);
#5858=ORIENTED_EDGE('',*,*,#4360,.T.);
#5859=ORIENTED_EDGE('',*,*,#4361,.T.);
#5860=ORIENTED_EDGE('',*,*,#4362,.T.);
#5861=ORIENTED_EDGE('',*,*,#4363,.T.);
#5862=ORIENTED_EDGE('',*,*,#4364,.T.);
#5863=ORIENTED_EDGE('',*,*,#4365,.T.);
#5864=ORIENTED_EDGE('',*,*,#4366,.T.);
#5865=ORIENTED_EDGE('',*,*,#4367,.T.);
#5866=ORIENTED_EDGE('',*,*,#4368,.T.);
#5867=ORIENTED_EDGE('',*,*,#4369,.T.);
#5868=ORIENTED_EDGE('',*,*,#4370,.T.);
#5869=ORIENTED_EDGE('',*,*,#4371,.F.);
#5870=ORIENTED_EDGE('',*,*,#4372,.F.);
#5871=ORIENTED_EDGE('',*,*,#4373,.F.);
#5872=ORIENTED_EDGE('',*,*,#4374,.T.);
#5873=ORIENTED_EDGE('',*,*,#4375,.F.);
#5874=ORIENTED_EDGE('',*,*,#4374,.F.);
#5875=ORIENTED_EDGE('',*,*,#4376,.F.);
#5876=ORIENTED_EDGE('',*,*,#4377,.F.);
#5877=ORIENTED_EDGE('',*,*,#4378,.T.);
#5878=ORIENTED_EDGE('',*,*,#4355,.F.);
#5879=ORIENTED_EDGE('',*,*,#4378,.F.);
#5880=ORIENTED_EDGE('',*,*,#4379,.F.);
#5881=ORIENTED_EDGE('',*,*,#4380,.T.);
#5882=ORIENTED_EDGE('',*,*,#4381,.F.);
#5883=ORIENTED_EDGE('',*,*,#4380,.F.);
#5884=ORIENTED_EDGE('',*,*,#4382,.F.);
#5885=ORIENTED_EDGE('',*,*,#4383,.F.);
#5886=ORIENTED_EDGE('',*,*,#4384,.T.);
#5887=ORIENTED_EDGE('',*,*,#4356,.F.);
#5888=ORIENTED_EDGE('',*,*,#4384,.F.);
#5889=ORIENTED_EDGE('',*,*,#4385,.F.);
#5890=ORIENTED_EDGE('',*,*,#4386,.T.);
#5891=ORIENTED_EDGE('',*,*,#4387,.F.);
#5892=ORIENTED_EDGE('',*,*,#4386,.F.);
#5893=ORIENTED_EDGE('',*,*,#4388,.F.);
#5894=ORIENTED_EDGE('',*,*,#4389,.F.);
#5895=ORIENTED_EDGE('',*,*,#4390,.T.);
#5896=ORIENTED_EDGE('',*,*,#4357,.F.);
#5897=ORIENTED_EDGE('',*,*,#4390,.F.);
#5898=ORIENTED_EDGE('',*,*,#4391,.F.);
#5899=ORIENTED_EDGE('',*,*,#4392,.T.);
#5900=ORIENTED_EDGE('',*,*,#4393,.F.);
#5901=ORIENTED_EDGE('',*,*,#4392,.F.);
#5902=ORIENTED_EDGE('',*,*,#4394,.F.);
#5903=ORIENTED_EDGE('',*,*,#4395,.F.);
#5904=ORIENTED_EDGE('',*,*,#4396,.T.);
#5905=ORIENTED_EDGE('',*,*,#4358,.F.);
#5906=ORIENTED_EDGE('',*,*,#4396,.F.);
#5907=ORIENTED_EDGE('',*,*,#4397,.F.);
#5908=ORIENTED_EDGE('',*,*,#4398,.T.);
#5909=ORIENTED_EDGE('',*,*,#4399,.F.);
#5910=ORIENTED_EDGE('',*,*,#4398,.F.);
#5911=ORIENTED_EDGE('',*,*,#4400,.F.);
#5912=ORIENTED_EDGE('',*,*,#4401,.F.);
#5913=ORIENTED_EDGE('',*,*,#4402,.T.);
#5914=ORIENTED_EDGE('',*,*,#4359,.F.);
#5915=ORIENTED_EDGE('',*,*,#4402,.F.);
#5916=ORIENTED_EDGE('',*,*,#4403,.F.);
#5917=ORIENTED_EDGE('',*,*,#4404,.T.);
#5918=ORIENTED_EDGE('',*,*,#4405,.F.);
#5919=ORIENTED_EDGE('',*,*,#4404,.F.);
#5920=ORIENTED_EDGE('',*,*,#4406,.F.);
#5921=ORIENTED_EDGE('',*,*,#4407,.F.);
#5922=ORIENTED_EDGE('',*,*,#4408,.T.);
#5923=ORIENTED_EDGE('',*,*,#4360,.F.);
#5924=ORIENTED_EDGE('',*,*,#4408,.F.);
#5925=ORIENTED_EDGE('',*,*,#4409,.F.);
#5926=ORIENTED_EDGE('',*,*,#4410,.T.);
#5927=ORIENTED_EDGE('',*,*,#4411,.F.);
#5928=ORIENTED_EDGE('',*,*,#4410,.F.);
#5929=ORIENTED_EDGE('',*,*,#4412,.F.);
#5930=ORIENTED_EDGE('',*,*,#4413,.F.);
#5931=ORIENTED_EDGE('',*,*,#4414,.T.);
#5932=ORIENTED_EDGE('',*,*,#4361,.F.);
#5933=ORIENTED_EDGE('',*,*,#4414,.F.);
#5934=ORIENTED_EDGE('',*,*,#4415,.F.);
#5935=ORIENTED_EDGE('',*,*,#4416,.T.);
#5936=ORIENTED_EDGE('',*,*,#4417,.F.);
#5937=ORIENTED_EDGE('',*,*,#4416,.F.);
#5938=ORIENTED_EDGE('',*,*,#4418,.F.);
#5939=ORIENTED_EDGE('',*,*,#4419,.F.);
#5940=ORIENTED_EDGE('',*,*,#4420,.T.);
#5941=ORIENTED_EDGE('',*,*,#4362,.F.);
#5942=ORIENTED_EDGE('',*,*,#4420,.F.);
#5943=ORIENTED_EDGE('',*,*,#4421,.F.);
#5944=ORIENTED_EDGE('',*,*,#4422,.T.);
#5945=ORIENTED_EDGE('',*,*,#4423,.F.);
#5946=ORIENTED_EDGE('',*,*,#4422,.F.);
#5947=ORIENTED_EDGE('',*,*,#4424,.F.);
#5948=ORIENTED_EDGE('',*,*,#4425,.F.);
#5949=ORIENTED_EDGE('',*,*,#4426,.T.);
#5950=ORIENTED_EDGE('',*,*,#4363,.F.);
#5951=ORIENTED_EDGE('',*,*,#4426,.F.);
#5952=ORIENTED_EDGE('',*,*,#4427,.F.);
#5953=ORIENTED_EDGE('',*,*,#4428,.T.);
#5954=ORIENTED_EDGE('',*,*,#4429,.F.);
#5955=ORIENTED_EDGE('',*,*,#4428,.F.);
#5956=ORIENTED_EDGE('',*,*,#4430,.F.);
#5957=ORIENTED_EDGE('',*,*,#4431,.F.);
#5958=ORIENTED_EDGE('',*,*,#4432,.T.);
#5959=ORIENTED_EDGE('',*,*,#4364,.F.);
#5960=ORIENTED_EDGE('',*,*,#4432,.F.);
#5961=ORIENTED_EDGE('',*,*,#4433,.F.);
#5962=ORIENTED_EDGE('',*,*,#4434,.T.);
#5963=ORIENTED_EDGE('',*,*,#4435,.F.);
#5964=ORIENTED_EDGE('',*,*,#4434,.F.);
#5965=ORIENTED_EDGE('',*,*,#4436,.F.);
#5966=ORIENTED_EDGE('',*,*,#4437,.F.);
#5967=ORIENTED_EDGE('',*,*,#4438,.T.);
#5968=ORIENTED_EDGE('',*,*,#4365,.F.);
#5969=ORIENTED_EDGE('',*,*,#4438,.F.);
#5970=ORIENTED_EDGE('',*,*,#4439,.F.);
#5971=ORIENTED_EDGE('',*,*,#4440,.T.);
#5972=ORIENTED_EDGE('',*,*,#4441,.F.);
#5973=ORIENTED_EDGE('',*,*,#4440,.F.);
#5974=ORIENTED_EDGE('',*,*,#4442,.F.);
#5975=ORIENTED_EDGE('',*,*,#4443,.F.);
#5976=ORIENTED_EDGE('',*,*,#4444,.T.);
#5977=ORIENTED_EDGE('',*,*,#4366,.F.);
#5978=ORIENTED_EDGE('',*,*,#4444,.F.);
#5979=ORIENTED_EDGE('',*,*,#4445,.F.);
#5980=ORIENTED_EDGE('',*,*,#4446,.T.);
#5981=ORIENTED_EDGE('',*,*,#4447,.F.);
#5982=ORIENTED_EDGE('',*,*,#4446,.F.);
#5983=ORIENTED_EDGE('',*,*,#4448,.F.);
#5984=ORIENTED_EDGE('',*,*,#4449,.F.);
#5985=ORIENTED_EDGE('',*,*,#4450,.T.);
#5986=ORIENTED_EDGE('',*,*,#4367,.F.);
#5987=ORIENTED_EDGE('',*,*,#4450,.F.);
#5988=ORIENTED_EDGE('',*,*,#4451,.F.);
#5989=ORIENTED_EDGE('',*,*,#4452,.T.);
#5990=ORIENTED_EDGE('',*,*,#4453,.F.);
#5991=ORIENTED_EDGE('',*,*,#4452,.F.);
#5992=ORIENTED_EDGE('',*,*,#4454,.F.);
#5993=ORIENTED_EDGE('',*,*,#4455,.F.);
#5994=ORIENTED_EDGE('',*,*,#4456,.T.);
#5995=ORIENTED_EDGE('',*,*,#4368,.F.);
#5996=ORIENTED_EDGE('',*,*,#4456,.F.);
#5997=ORIENTED_EDGE('',*,*,#4457,.F.);
#5998=ORIENTED_EDGE('',*,*,#4458,.T.);
#5999=ORIENTED_EDGE('',*,*,#4459,.F.);
#6000=ORIENTED_EDGE('',*,*,#4458,.F.);
#6001=ORIENTED_EDGE('',*,*,#4460,.F.);
#6002=ORIENTED_EDGE('',*,*,#4461,.F.);
#6003=ORIENTED_EDGE('',*,*,#4462,.T.);
#6004=ORIENTED_EDGE('',*,*,#4369,.F.);
#6005=ORIENTED_EDGE('',*,*,#4462,.F.);
#6006=ORIENTED_EDGE('',*,*,#4463,.F.);
#6007=ORIENTED_EDGE('',*,*,#4464,.T.);
#6008=ORIENTED_EDGE('',*,*,#4465,.F.);
#6009=ORIENTED_EDGE('',*,*,#4464,.F.);
#6010=ORIENTED_EDGE('',*,*,#4466,.F.);
#6011=ORIENTED_EDGE('',*,*,#4467,.F.);
#6012=ORIENTED_EDGE('',*,*,#4468,.T.);
#6013=ORIENTED_EDGE('',*,*,#4370,.F.);
#6014=ORIENTED_EDGE('',*,*,#4468,.F.);
#6015=ORIENTED_EDGE('',*,*,#4469,.F.);
#6016=ORIENTED_EDGE('',*,*,#4470,.T.);
#6017=ORIENTED_EDGE('',*,*,#4471,.F.);
#6018=ORIENTED_EDGE('',*,*,#4470,.F.);
#6019=ORIENTED_EDGE('',*,*,#4472,.F.);
#6020=ORIENTED_EDGE('',*,*,#4473,.F.);
#6021=ORIENTED_EDGE('',*,*,#4474,.F.);
#6022=ORIENTED_EDGE('',*,*,#4475,.F.);
#6023=ORIENTED_EDGE('',*,*,#4476,.T.);
#6024=ORIENTED_EDGE('',*,*,#4477,.F.);
#6025=ORIENTED_EDGE('',*,*,#4478,.T.);
#6026=ORIENTED_EDGE('',*,*,#4354,.F.);
#6027=ORIENTED_EDGE('',*,*,#4478,.F.);
#6028=ORIENTED_EDGE('',*,*,#4460,.T.);
#6029=ORIENTED_EDGE('',*,*,#4461,.T.);
#6030=ORIENTED_EDGE('',*,*,#4479,.T.);
#6031=ORIENTED_EDGE('',*,*,#4463,.T.);
#6032=ORIENTED_EDGE('',*,*,#4479,.F.);
#6033=ORIENTED_EDGE('',*,*,#4376,.T.);
#6034=ORIENTED_EDGE('',*,*,#4377,.T.);
#6035=ORIENTED_EDGE('',*,*,#4480,.T.);
#6036=ORIENTED_EDGE('',*,*,#4379,.T.);
#6037=ORIENTED_EDGE('',*,*,#4480,.F.);
#6038=ORIENTED_EDGE('',*,*,#4382,.T.);
#6039=ORIENTED_EDGE('',*,*,#4383,.T.);
#6040=ORIENTED_EDGE('',*,*,#4481,.T.);
#6041=ORIENTED_EDGE('',*,*,#4385,.T.);
#6042=ORIENTED_EDGE('',*,*,#4481,.F.);
#6043=ORIENTED_EDGE('',*,*,#4388,.T.);
#6044=ORIENTED_EDGE('',*,*,#4389,.T.);
#6045=ORIENTED_EDGE('',*,*,#4482,.T.);
#6046=ORIENTED_EDGE('',*,*,#4391,.T.);
#6047=ORIENTED_EDGE('',*,*,#4482,.F.);
#6048=ORIENTED_EDGE('',*,*,#4394,.T.);
#6049=ORIENTED_EDGE('',*,*,#4395,.T.);
#6050=ORIENTED_EDGE('',*,*,#4483,.T.);
#6051=ORIENTED_EDGE('',*,*,#4397,.T.);
#6052=ORIENTED_EDGE('',*,*,#4483,.F.);
#6053=ORIENTED_EDGE('',*,*,#4400,.T.);
#6054=ORIENTED_EDGE('',*,*,#4401,.T.);
#6055=ORIENTED_EDGE('',*,*,#4484,.T.);
#6056=ORIENTED_EDGE('',*,*,#4403,.T.);
#6057=ORIENTED_EDGE('',*,*,#4484,.F.);
#6058=ORIENTED_EDGE('',*,*,#4406,.T.);
#6059=ORIENTED_EDGE('',*,*,#4407,.T.);
#6060=ORIENTED_EDGE('',*,*,#4485,.T.);
#6061=ORIENTED_EDGE('',*,*,#4409,.T.);
#6062=ORIENTED_EDGE('',*,*,#4485,.F.);
#6063=ORIENTED_EDGE('',*,*,#4412,.T.);
#6064=ORIENTED_EDGE('',*,*,#4413,.T.);
#6065=ORIENTED_EDGE('',*,*,#4486,.T.);
#6066=ORIENTED_EDGE('',*,*,#4415,.T.);
#6067=ORIENTED_EDGE('',*,*,#4486,.F.);
#6068=ORIENTED_EDGE('',*,*,#4418,.T.);
#6069=ORIENTED_EDGE('',*,*,#4419,.T.);
#6070=ORIENTED_EDGE('',*,*,#4487,.T.);
#6071=ORIENTED_EDGE('',*,*,#4421,.T.);
#6072=ORIENTED_EDGE('',*,*,#4487,.F.);
#6073=ORIENTED_EDGE('',*,*,#4424,.T.);
#6074=ORIENTED_EDGE('',*,*,#4425,.T.);
#6075=ORIENTED_EDGE('',*,*,#4488,.T.);
#6076=ORIENTED_EDGE('',*,*,#4427,.T.);
#6077=ORIENTED_EDGE('',*,*,#4488,.F.);
#6078=ORIENTED_EDGE('',*,*,#4430,.T.);
#6079=ORIENTED_EDGE('',*,*,#4431,.T.);
#6080=ORIENTED_EDGE('',*,*,#4489,.T.);
#6081=ORIENTED_EDGE('',*,*,#4433,.T.);
#6082=ORIENTED_EDGE('',*,*,#4489,.F.);
#6083=ORIENTED_EDGE('',*,*,#4436,.T.);
#6084=ORIENTED_EDGE('',*,*,#4437,.T.);
#6085=ORIENTED_EDGE('',*,*,#4490,.T.);
#6086=ORIENTED_EDGE('',*,*,#4439,.T.);
#6087=ORIENTED_EDGE('',*,*,#4490,.F.);
#6088=ORIENTED_EDGE('',*,*,#4442,.T.);
#6089=ORIENTED_EDGE('',*,*,#4443,.T.);
#6090=ORIENTED_EDGE('',*,*,#4491,.T.);
#6091=ORIENTED_EDGE('',*,*,#4445,.T.);
#6092=ORIENTED_EDGE('',*,*,#4491,.F.);
#6093=ORIENTED_EDGE('',*,*,#4466,.T.);
#6094=ORIENTED_EDGE('',*,*,#4467,.T.);
#6095=ORIENTED_EDGE('',*,*,#4492,.T.);
#6096=ORIENTED_EDGE('',*,*,#4469,.T.);
#6097=ORIENTED_EDGE('',*,*,#4492,.F.);
#6098=ORIENTED_EDGE('',*,*,#4448,.T.);
#6099=ORIENTED_EDGE('',*,*,#4449,.T.);
#6100=ORIENTED_EDGE('',*,*,#4493,.T.);
#6101=ORIENTED_EDGE('',*,*,#4451,.T.);
#6102=ORIENTED_EDGE('',*,*,#4493,.F.);
#6103=ORIENTED_EDGE('',*,*,#4454,.T.);
#6104=ORIENTED_EDGE('',*,*,#4455,.T.);
#6105=ORIENTED_EDGE('',*,*,#4494,.T.);
#6106=ORIENTED_EDGE('',*,*,#4457,.T.);
#6107=ORIENTED_EDGE('',*,*,#4494,.F.);
#6108=ORIENTED_EDGE('',*,*,#4371,.T.);
#6109=ORIENTED_EDGE('',*,*,#4495,.T.);
#6110=ORIENTED_EDGE('',*,*,#4496,.T.);
#6111=ORIENTED_EDGE('',*,*,#4495,.F.);
#6112=ORIENTED_EDGE('',*,*,#4497,.T.);
#6113=ORIENTED_EDGE('',*,*,#4498,.F.);
#6114=ORIENTED_EDGE('',*,*,#4499,.T.);
#6115=ORIENTED_EDGE('',*,*,#4500,.T.);
#6116=ORIENTED_EDGE('',*,*,#4475,.T.);
#6117=ORIENTED_EDGE('',*,*,#4501,.T.);
#6118=ORIENTED_EDGE('',*,*,#4477,.T.);
#6119=ORIENTED_EDGE('',*,*,#4501,.F.);
#6120=ORIENTED_EDGE('',*,*,#4474,.T.);
#6121=ORIENTED_EDGE('',*,*,#4502,.F.);
#6122=ORIENTED_EDGE('',*,*,#4503,.T.);
#6123=ORIENTED_EDGE('',*,*,#4504,.T.);
#6124=ORIENTED_EDGE('',*,*,#4375,.T.);
#6125=ORIENTED_EDGE('',*,*,#4505,.T.);
#6126=ORIENTED_EDGE('',*,*,#4506,.T.);
#6127=ORIENTED_EDGE('',*,*,#4507,.T.);
#6128=ORIENTED_EDGE('',*,*,#4508,.T.);
#6129=ORIENTED_EDGE('',*,*,#4509,.F.);
#6130=ORIENTED_EDGE('',*,*,#4510,.T.);
#6131=ORIENTED_EDGE('',*,*,#4511,.T.);
#6132=ORIENTED_EDGE('',*,*,#4512,.T.);
#6133=ORIENTED_EDGE('',*,*,#4513,.F.);
#6134=ORIENTED_EDGE('',*,*,#4514,.T.);
#6135=ORIENTED_EDGE('',*,*,#4505,.F.);
#6136=ORIENTED_EDGE('',*,*,#4372,.T.);
#6137=ORIENTED_EDGE('',*,*,#4373,.T.);
#6138=ORIENTED_EDGE('',*,*,#4515,.T.);
#6139=ORIENTED_EDGE('',*,*,#4516,.F.);
#6140=ORIENTED_EDGE('',*,*,#4517,.F.);
#6141=ORIENTED_EDGE('',*,*,#4515,.F.);
#6142=ORIENTED_EDGE('',*,*,#4353,.F.);
#6143=ORIENTED_EDGE('',*,*,#4518,.T.);
#6144=ORIENTED_EDGE('',*,*,#4516,.T.);
#6145=ORIENTED_EDGE('',*,*,#4517,.T.);
#6146=ORIENTED_EDGE('',*,*,#4518,.F.);
#6147=ORIENTED_EDGE('',*,*,#4519,.T.);
#6148=ORIENTED_EDGE('',*,*,#4520,.T.);
#6149=ORIENTED_EDGE('',*,*,#4510,.F.);
#6150=ORIENTED_EDGE('',*,*,#4521,.F.);
#6151=ORIENTED_EDGE('',*,*,#4417,.T.);
#6152=ORIENTED_EDGE('',*,*,#4423,.T.);
#6153=ORIENTED_EDGE('',*,*,#4429,.T.);
#6154=ORIENTED_EDGE('',*,*,#4435,.T.);
#6155=ORIENTED_EDGE('',*,*,#4441,.T.);
#6156=ORIENTED_EDGE('',*,*,#4447,.T.);
#6157=ORIENTED_EDGE('',*,*,#4453,.T.);
#6158=ORIENTED_EDGE('',*,*,#4471,.T.);
#6159=ORIENTED_EDGE('',*,*,#4497,.F.);
#6160=ORIENTED_EDGE('',*,*,#4522,.T.);
#6161=ORIENTED_EDGE('',*,*,#4519,.F.);
#6162=ORIENTED_EDGE('',*,*,#4523,.F.);
#6163=ORIENTED_EDGE('',*,*,#4524,.F.);
#6164=ORIENTED_EDGE('',*,*,#4472,.T.);
#6165=ORIENTED_EDGE('',*,*,#4525,.T.);
#6166=ORIENTED_EDGE('',*,*,#4506,.F.);
#6167=ORIENTED_EDGE('',*,*,#4514,.F.);
#6168=ORIENTED_EDGE('',*,*,#4465,.T.);
#6169=ORIENTED_EDGE('',*,*,#4459,.T.);
#6170=ORIENTED_EDGE('',*,*,#4411,.T.);
#6171=ORIENTED_EDGE('',*,*,#4405,.T.);
#6172=ORIENTED_EDGE('',*,*,#4399,.T.);
#6173=ORIENTED_EDGE('',*,*,#4393,.T.);
#6174=ORIENTED_EDGE('',*,*,#4387,.T.);
#6175=ORIENTED_EDGE('',*,*,#4381,.T.);
#6176=ORIENTED_EDGE('',*,*,#4496,.F.);
#6177=ORIENTED_EDGE('',*,*,#4351,.T.);
#6178=ORIENTED_EDGE('',*,*,#4509,.T.);
#6179=ORIENTED_EDGE('',*,*,#4526,.F.);
#6180=ORIENTED_EDGE('',*,*,#4498,.T.);
#6181=ORIENTED_EDGE('',*,*,#4523,.T.);
#6182=ORIENTED_EDGE('',*,*,#4521,.T.);
#6183=ORIENTED_EDGE('',*,*,#4525,.F.);
#6184=ORIENTED_EDGE('',*,*,#4476,.F.);
#6185=ORIENTED_EDGE('',*,*,#4500,.F.);
#6186=ORIENTED_EDGE('',*,*,#4527,.T.);
#6187=ORIENTED_EDGE('',*,*,#4507,.F.);
#6188=ORIENTED_EDGE('',*,*,#4527,.F.);
#6189=ORIENTED_EDGE('',*,*,#4499,.F.);
#6190=ORIENTED_EDGE('',*,*,#4526,.T.);
#6191=ORIENTED_EDGE('',*,*,#4508,.F.);
#6192=ORIENTED_EDGE('',*,*,#4513,.T.);
#6193=ORIENTED_EDGE('',*,*,#4528,.F.);
#6194=ORIENTED_EDGE('',*,*,#4502,.T.);
#6195=ORIENTED_EDGE('',*,*,#4473,.T.);
#6196=ORIENTED_EDGE('',*,*,#4524,.T.);
#6197=ORIENTED_EDGE('',*,*,#4520,.F.);
#6198=ORIENTED_EDGE('',*,*,#4522,.F.);
#6199=ORIENTED_EDGE('',*,*,#4504,.F.);
#6200=ORIENTED_EDGE('',*,*,#4529,.T.);
#6201=ORIENTED_EDGE('',*,*,#4511,.F.);
#6202=ORIENTED_EDGE('',*,*,#4529,.F.);
#6203=ORIENTED_EDGE('',*,*,#4503,.F.);
#6204=ORIENTED_EDGE('',*,*,#4528,.T.);
#6205=ORIENTED_EDGE('',*,*,#4512,.F.);
#6206=ORIENTED_EDGE('',*,*,#4530,.F.);
#6207=ORIENTED_EDGE('',*,*,#4531,.F.);
#6208=ORIENTED_EDGE('',*,*,#4532,.F.);
#6209=ORIENTED_EDGE('',*,*,#4533,.T.);
#6210=ORIENTED_EDGE('',*,*,#4530,.T.);
#6211=ORIENTED_EDGE('',*,*,#4533,.F.);
#6212=ORIENTED_EDGE('',*,*,#4532,.T.);
#6213=ORIENTED_EDGE('',*,*,#4534,.F.);
#6214=ORIENTED_EDGE('',*,*,#4534,.T.);
#6215=ORIENTED_EDGE('',*,*,#4535,.T.);
#6216=ORIENTED_EDGE('',*,*,#4531,.T.);
#6217=ORIENTED_EDGE('',*,*,#4535,.F.);
#6218=ORIENTED_EDGE('',*,*,#4536,.F.);
#6219=ORIENTED_EDGE('',*,*,#4537,.T.);
#6220=ORIENTED_EDGE('',*,*,#4538,.F.);
#6221=ORIENTED_EDGE('',*,*,#4537,.F.);
#6222=ORIENTED_EDGE('',*,*,#4539,.F.);
#6223=ORIENTED_EDGE('',*,*,#4540,.T.);
#6224=ORIENTED_EDGE('',*,*,#4541,.F.);
#6225=ORIENTED_EDGE('',*,*,#4540,.F.);
#6226=ORIENTED_EDGE('',*,*,#4542,.F.);
#6227=ORIENTED_EDGE('',*,*,#4543,.T.);
#6228=ORIENTED_EDGE('',*,*,#4539,.T.);
#6229=ORIENTED_EDGE('',*,*,#4543,.F.);
#6230=ORIENTED_EDGE('',*,*,#4544,.F.);
#6231=ORIENTED_EDGE('',*,*,#4545,.F.);
#6232=ORIENTED_EDGE('',*,*,#4546,.T.);
#6233=ORIENTED_EDGE('',*,*,#4547,.F.);
#6234=ORIENTED_EDGE('',*,*,#4546,.F.);
#6235=ORIENTED_EDGE('',*,*,#4548,.F.);
#6236=ORIENTED_EDGE('',*,*,#4549,.T.);
#6237=ORIENTED_EDGE('',*,*,#4550,.F.);
#6238=ORIENTED_EDGE('',*,*,#4549,.F.);
#6239=ORIENTED_EDGE('',*,*,#4551,.F.);
#6240=ORIENTED_EDGE('',*,*,#4552,.F.);
#6241=ORIENTED_EDGE('',*,*,#4553,.T.);
#6242=ORIENTED_EDGE('',*,*,#4554,.F.);
#6243=ORIENTED_EDGE('',*,*,#4553,.F.);
#6244=ORIENTED_EDGE('',*,*,#4555,.F.);
#6245=ORIENTED_EDGE('',*,*,#4556,.T.);
#6246=ORIENTED_EDGE('',*,*,#4557,.F.);
#6247=ORIENTED_EDGE('',*,*,#4556,.F.);
#6248=ORIENTED_EDGE('',*,*,#4558,.F.);
#6249=ORIENTED_EDGE('',*,*,#4559,.F.);
#6250=ORIENTED_EDGE('',*,*,#4560,.T.);
#6251=ORIENTED_EDGE('',*,*,#4561,.F.);
#6252=ORIENTED_EDGE('',*,*,#4560,.F.);
#6253=ORIENTED_EDGE('',*,*,#4562,.F.);
#6254=ORIENTED_EDGE('',*,*,#4563,.T.);
#6255=ORIENTED_EDGE('',*,*,#4564,.F.);
#6256=ORIENTED_EDGE('',*,*,#4563,.F.);
#6257=ORIENTED_EDGE('',*,*,#4565,.F.);
#6258=ORIENTED_EDGE('',*,*,#4566,.F.);
#6259=ORIENTED_EDGE('',*,*,#4567,.T.);
#6260=ORIENTED_EDGE('',*,*,#4568,.F.);
#6261=ORIENTED_EDGE('',*,*,#4567,.F.);
#6262=ORIENTED_EDGE('',*,*,#4569,.F.);
#6263=ORIENTED_EDGE('',*,*,#4570,.T.);
#6264=ORIENTED_EDGE('',*,*,#4571,.F.);
#6265=ORIENTED_EDGE('',*,*,#4570,.F.);
#6266=ORIENTED_EDGE('',*,*,#4572,.F.);
#6267=ORIENTED_EDGE('',*,*,#4573,.F.);
#6268=ORIENTED_EDGE('',*,*,#4574,.T.);
#6269=ORIENTED_EDGE('',*,*,#4575,.F.);
#6270=ORIENTED_EDGE('',*,*,#4574,.F.);
#6271=ORIENTED_EDGE('',*,*,#4576,.F.);
#6272=ORIENTED_EDGE('',*,*,#4577,.T.);
#6273=ORIENTED_EDGE('',*,*,#4578,.F.);
#6274=ORIENTED_EDGE('',*,*,#4577,.F.);
#6275=ORIENTED_EDGE('',*,*,#4579,.F.);
#6276=ORIENTED_EDGE('',*,*,#4580,.F.);
#6277=ORIENTED_EDGE('',*,*,#4581,.T.);
#6278=ORIENTED_EDGE('',*,*,#4582,.F.);
#6279=ORIENTED_EDGE('',*,*,#4581,.F.);
#6280=ORIENTED_EDGE('',*,*,#4583,.F.);
#6281=ORIENTED_EDGE('',*,*,#4584,.T.);
#6282=ORIENTED_EDGE('',*,*,#4585,.F.);
#6283=ORIENTED_EDGE('',*,*,#4584,.F.);
#6284=ORIENTED_EDGE('',*,*,#4586,.F.);
#6285=ORIENTED_EDGE('',*,*,#4587,.F.);
#6286=ORIENTED_EDGE('',*,*,#4588,.T.);
#6287=ORIENTED_EDGE('',*,*,#4589,.F.);
#6288=ORIENTED_EDGE('',*,*,#4590,.T.);
#6289=ORIENTED_EDGE('',*,*,#4591,.T.);
#6290=ORIENTED_EDGE('',*,*,#4592,.T.);
#6291=ORIENTED_EDGE('',*,*,#4593,.F.);
#6292=ORIENTED_EDGE('',*,*,#4588,.F.);
#6293=ORIENTED_EDGE('',*,*,#4594,.F.);
#6294=ORIENTED_EDGE('',*,*,#4595,.T.);
#6295=ORIENTED_EDGE('',*,*,#4596,.F.);
#6296=ORIENTED_EDGE('',*,*,#4595,.F.);
#6297=ORIENTED_EDGE('',*,*,#4597,.F.);
#6298=ORIENTED_EDGE('',*,*,#4598,.F.);
#6299=ORIENTED_EDGE('',*,*,#4599,.F.);
#6300=ORIENTED_EDGE('',*,*,#4600,.F.);
#6301=ORIENTED_EDGE('',*,*,#4601,.F.);
#6302=ORIENTED_EDGE('',*,*,#4544,.T.);
#6303=ORIENTED_EDGE('',*,*,#4545,.T.);
#6304=ORIENTED_EDGE('',*,*,#4602,.T.);
#6305=ORIENTED_EDGE('',*,*,#4548,.T.);
#6306=ORIENTED_EDGE('',*,*,#4602,.F.);
#6307=ORIENTED_EDGE('',*,*,#4551,.T.);
#6308=ORIENTED_EDGE('',*,*,#4552,.T.);
#6309=ORIENTED_EDGE('',*,*,#4603,.T.);
#6310=ORIENTED_EDGE('',*,*,#4555,.T.);
#6311=ORIENTED_EDGE('',*,*,#4603,.F.);
#6312=ORIENTED_EDGE('',*,*,#4558,.T.);
#6313=ORIENTED_EDGE('',*,*,#4559,.T.);
#6314=ORIENTED_EDGE('',*,*,#4604,.T.);
#6315=ORIENTED_EDGE('',*,*,#4562,.T.);
#6316=ORIENTED_EDGE('',*,*,#4604,.F.);
#6317=ORIENTED_EDGE('',*,*,#4565,.T.);
#6318=ORIENTED_EDGE('',*,*,#4566,.T.);
#6319=ORIENTED_EDGE('',*,*,#4605,.T.);
#6320=ORIENTED_EDGE('',*,*,#4569,.T.);
#6321=ORIENTED_EDGE('',*,*,#4605,.F.);
#6322=ORIENTED_EDGE('',*,*,#4572,.T.);
#6323=ORIENTED_EDGE('',*,*,#4573,.T.);
#6324=ORIENTED_EDGE('',*,*,#4606,.T.);
#6325=ORIENTED_EDGE('',*,*,#4576,.T.);
#6326=ORIENTED_EDGE('',*,*,#4606,.F.);
#6327=ORIENTED_EDGE('',*,*,#4579,.T.);
#6328=ORIENTED_EDGE('',*,*,#4580,.T.);
#6329=ORIENTED_EDGE('',*,*,#4607,.T.);
#6330=ORIENTED_EDGE('',*,*,#4583,.T.);
#6331=ORIENTED_EDGE('',*,*,#4607,.F.);
#6332=ORIENTED_EDGE('',*,*,#4608,.F.);
#6333=ORIENTED_EDGE('',*,*,#4609,.T.);
#6334=ORIENTED_EDGE('',*,*,#4610,.T.);
#6335=ORIENTED_EDGE('',*,*,#4611,.T.);
#6336=ORIENTED_EDGE('',*,*,#4609,.F.);
#6337=ORIENTED_EDGE('',*,*,#4586,.T.);
#6338=ORIENTED_EDGE('',*,*,#4587,.T.);
#6339=ORIENTED_EDGE('',*,*,#4612,.T.);
#6340=ORIENTED_EDGE('',*,*,#4610,.F.);
#6341=ORIENTED_EDGE('',*,*,#4611,.F.);
#6342=ORIENTED_EDGE('',*,*,#4612,.F.);
#6343=ORIENTED_EDGE('',*,*,#4589,.T.);
#6344=ORIENTED_EDGE('',*,*,#4593,.T.);
#6345=ORIENTED_EDGE('',*,*,#4613,.F.);
#6346=ORIENTED_EDGE('',*,*,#4614,.T.);
#6347=ORIENTED_EDGE('',*,*,#4615,.F.);
#6348=ORIENTED_EDGE('',*,*,#4600,.T.);
#6349=ORIENTED_EDGE('',*,*,#4616,.T.);
#6350=ORIENTED_EDGE('',*,*,#4594,.T.);
#6351=ORIENTED_EDGE('',*,*,#4616,.F.);
#6352=ORIENTED_EDGE('',*,*,#4599,.T.);
#6353=ORIENTED_EDGE('',*,*,#4617,.F.);
#6354=ORIENTED_EDGE('',*,*,#4618,.F.);
#6355=ORIENTED_EDGE('',*,*,#4619,.F.);
#6356=ORIENTED_EDGE('',*,*,#4620,.F.);
#6357=ORIENTED_EDGE('',*,*,#4621,.T.);
#6358=ORIENTED_EDGE('',*,*,#4536,.T.);
#6359=ORIENTED_EDGE('',*,*,#4621,.F.);
#6360=ORIENTED_EDGE('',*,*,#4596,.T.);
#6361=ORIENTED_EDGE('',*,*,#4541,.T.);
#6362=ORIENTED_EDGE('',*,*,#4585,.T.);
#6363=ORIENTED_EDGE('',*,*,#4578,.T.);
#6364=ORIENTED_EDGE('',*,*,#4571,.T.);
#6365=ORIENTED_EDGE('',*,*,#4564,.T.);
#6366=ORIENTED_EDGE('',*,*,#4557,.T.);
#6367=ORIENTED_EDGE('',*,*,#4550,.T.);
#6368=ORIENTED_EDGE('',*,*,#4622,.F.);
#6369=ORIENTED_EDGE('',*,*,#4597,.T.);
#6370=ORIENTED_EDGE('',*,*,#4623,.F.);
#6371=ORIENTED_EDGE('',*,*,#4614,.F.);
#6372=ORIENTED_EDGE('',*,*,#4582,.T.);
#6373=ORIENTED_EDGE('',*,*,#4575,.T.);
#6374=ORIENTED_EDGE('',*,*,#4568,.T.);
#6375=ORIENTED_EDGE('',*,*,#4561,.T.);
#6376=ORIENTED_EDGE('',*,*,#4554,.T.);
#6377=ORIENTED_EDGE('',*,*,#4547,.T.);
#6378=ORIENTED_EDGE('',*,*,#4608,.T.);
#6379=ORIENTED_EDGE('',*,*,#4538,.T.);
#6380=ORIENTED_EDGE('',*,*,#4618,.T.);
#6381=ORIENTED_EDGE('',*,*,#4624,.T.);
#6382=ORIENTED_EDGE('',*,*,#4591,.F.);
#6383=ORIENTED_EDGE('',*,*,#4625,.T.);
#6384=ORIENTED_EDGE('',*,*,#4617,.T.);
#6385=ORIENTED_EDGE('',*,*,#4598,.T.);
#6386=ORIENTED_EDGE('',*,*,#4622,.T.);
#6387=ORIENTED_EDGE('',*,*,#4613,.T.);
#6388=ORIENTED_EDGE('',*,*,#4592,.F.);
#6389=ORIENTED_EDGE('',*,*,#4624,.F.);
#6390=ORIENTED_EDGE('',*,*,#4619,.T.);
#6391=ORIENTED_EDGE('',*,*,#4625,.F.);
#6392=ORIENTED_EDGE('',*,*,#4590,.F.);
#6393=ORIENTED_EDGE('',*,*,#4615,.T.);
#6394=ORIENTED_EDGE('',*,*,#4623,.T.);
#6395=ORIENTED_EDGE('',*,*,#4601,.T.);
#6396=ORIENTED_EDGE('',*,*,#4542,.T.);
#6397=ORIENTED_EDGE('',*,*,#4620,.T.);
#6398=ORIENTED_EDGE('',*,*,#4626,.F.);
#6399=ORIENTED_EDGE('',*,*,#4627,.T.);
#6400=ORIENTED_EDGE('',*,*,#4628,.F.);
#6401=ORIENTED_EDGE('',*,*,#4627,.F.);
#6402=ORIENTED_EDGE('',*,*,#4629,.F.);
#6403=ORIENTED_EDGE('',*,*,#4630,.T.);
#6404=ORIENTED_EDGE('',*,*,#4631,.F.);
#6405=ORIENTED_EDGE('',*,*,#4630,.F.);
#6406=ORIENTED_EDGE('',*,*,#4632,.F.);
#6407=ORIENTED_EDGE('',*,*,#4633,.T.);
#6408=ORIENTED_EDGE('',*,*,#4629,.T.);
#6409=ORIENTED_EDGE('',*,*,#4633,.F.);
#6410=ORIENTED_EDGE('',*,*,#4634,.F.);
#6411=ORIENTED_EDGE('',*,*,#4635,.F.);
#6412=ORIENTED_EDGE('',*,*,#4636,.T.);
#6413=ORIENTED_EDGE('',*,*,#4637,.F.);
#6414=ORIENTED_EDGE('',*,*,#4636,.F.);
#6415=ORIENTED_EDGE('',*,*,#4638,.F.);
#6416=ORIENTED_EDGE('',*,*,#4639,.T.);
#6417=ORIENTED_EDGE('',*,*,#4640,.F.);
#6418=ORIENTED_EDGE('',*,*,#4639,.F.);
#6419=ORIENTED_EDGE('',*,*,#4641,.F.);
#6420=ORIENTED_EDGE('',*,*,#4642,.F.);
#6421=ORIENTED_EDGE('',*,*,#4643,.T.);
#6422=ORIENTED_EDGE('',*,*,#4644,.F.);
#6423=ORIENTED_EDGE('',*,*,#4643,.F.);
#6424=ORIENTED_EDGE('',*,*,#4645,.F.);
#6425=ORIENTED_EDGE('',*,*,#4646,.T.);
#6426=ORIENTED_EDGE('',*,*,#4647,.F.);
#6427=ORIENTED_EDGE('',*,*,#4646,.F.);
#6428=ORIENTED_EDGE('',*,*,#4648,.F.);
#6429=ORIENTED_EDGE('',*,*,#4649,.F.);
#6430=ORIENTED_EDGE('',*,*,#4650,.T.);
#6431=ORIENTED_EDGE('',*,*,#4651,.F.);
#6432=ORIENTED_EDGE('',*,*,#4650,.F.);
#6433=ORIENTED_EDGE('',*,*,#4652,.F.);
#6434=ORIENTED_EDGE('',*,*,#4653,.T.);
#6435=ORIENTED_EDGE('',*,*,#4654,.F.);
#6436=ORIENTED_EDGE('',*,*,#4653,.F.);
#6437=ORIENTED_EDGE('',*,*,#4655,.F.);
#6438=ORIENTED_EDGE('',*,*,#4656,.F.);
#6439=ORIENTED_EDGE('',*,*,#4657,.T.);
#6440=ORIENTED_EDGE('',*,*,#4658,.F.);
#6441=ORIENTED_EDGE('',*,*,#4657,.F.);
#6442=ORIENTED_EDGE('',*,*,#4659,.F.);
#6443=ORIENTED_EDGE('',*,*,#4660,.T.);
#6444=ORIENTED_EDGE('',*,*,#4661,.F.);
#6445=ORIENTED_EDGE('',*,*,#4660,.F.);
#6446=ORIENTED_EDGE('',*,*,#4662,.F.);
#6447=ORIENTED_EDGE('',*,*,#4663,.F.);
#6448=ORIENTED_EDGE('',*,*,#4664,.T.);
#6449=ORIENTED_EDGE('',*,*,#4665,.F.);
#6450=ORIENTED_EDGE('',*,*,#4664,.F.);
#6451=ORIENTED_EDGE('',*,*,#4666,.F.);
#6452=ORIENTED_EDGE('',*,*,#4667,.T.);
#6453=ORIENTED_EDGE('',*,*,#4668,.F.);
#6454=ORIENTED_EDGE('',*,*,#4667,.F.);
#6455=ORIENTED_EDGE('',*,*,#4669,.F.);
#6456=ORIENTED_EDGE('',*,*,#4670,.F.);
#6457=ORIENTED_EDGE('',*,*,#4671,.T.);
#6458=ORIENTED_EDGE('',*,*,#4672,.F.);
#6459=ORIENTED_EDGE('',*,*,#4671,.F.);
#6460=ORIENTED_EDGE('',*,*,#4673,.F.);
#6461=ORIENTED_EDGE('',*,*,#4674,.T.);
#6462=ORIENTED_EDGE('',*,*,#4675,.F.);
#6463=ORIENTED_EDGE('',*,*,#4674,.F.);
#6464=ORIENTED_EDGE('',*,*,#4648,.T.);
#6465=ORIENTED_EDGE('',*,*,#4649,.T.);
#6466=ORIENTED_EDGE('',*,*,#4676,.T.);
#6467=ORIENTED_EDGE('',*,*,#4652,.T.);
#6468=ORIENTED_EDGE('',*,*,#4676,.F.);
#6469=ORIENTED_EDGE('',*,*,#4655,.T.);
#6470=ORIENTED_EDGE('',*,*,#4656,.T.);
#6471=ORIENTED_EDGE('',*,*,#4677,.T.);
#6472=ORIENTED_EDGE('',*,*,#4659,.T.);
#6473=ORIENTED_EDGE('',*,*,#4677,.F.);
#6474=ORIENTED_EDGE('',*,*,#4662,.T.);
#6475=ORIENTED_EDGE('',*,*,#4663,.T.);
#6476=ORIENTED_EDGE('',*,*,#4678,.T.);
#6477=ORIENTED_EDGE('',*,*,#4666,.T.);
#6478=ORIENTED_EDGE('',*,*,#4678,.F.);
#6479=ORIENTED_EDGE('',*,*,#4669,.T.);
#6480=ORIENTED_EDGE('',*,*,#4670,.T.);
#6481=ORIENTED_EDGE('',*,*,#4679,.T.);
#6482=ORIENTED_EDGE('',*,*,#4673,.T.);
#6483=ORIENTED_EDGE('',*,*,#4679,.F.);
#6484=ORIENTED_EDGE('',*,*,#4634,.T.);
#6485=ORIENTED_EDGE('',*,*,#4635,.T.);
#6486=ORIENTED_EDGE('',*,*,#4680,.T.);
#6487=ORIENTED_EDGE('',*,*,#4638,.T.);
#6488=ORIENTED_EDGE('',*,*,#4680,.F.);
#6489=ORIENTED_EDGE('',*,*,#4641,.T.);
#6490=ORIENTED_EDGE('',*,*,#4642,.T.);
#6491=ORIENTED_EDGE('',*,*,#4681,.T.);
#6492=ORIENTED_EDGE('',*,*,#4645,.T.);
#6493=ORIENTED_EDGE('',*,*,#4681,.F.);
#6494=ORIENTED_EDGE('',*,*,#4682,.F.);
#6495=ORIENTED_EDGE('',*,*,#4683,.T.);
#6496=ORIENTED_EDGE('',*,*,#4684,.F.);
#6497=ORIENTED_EDGE('',*,*,#4683,.F.);
#6498=ORIENTED_EDGE('',*,*,#4685,.F.);
#6499=ORIENTED_EDGE('',*,*,#4686,.F.);
#6500=ORIENTED_EDGE('',*,*,#4687,.T.);
#6501=ORIENTED_EDGE('',*,*,#4688,.F.);
#6502=ORIENTED_EDGE('',*,*,#4687,.F.);
#6503=ORIENTED_EDGE('',*,*,#4689,.F.);
#6504=ORIENTED_EDGE('',*,*,#4690,.T.);
#6505=ORIENTED_EDGE('',*,*,#4691,.T.);
#6506=ORIENTED_EDGE('',*,*,#4692,.T.);
#6507=ORIENTED_EDGE('',*,*,#4690,.F.);
#6508=ORIENTED_EDGE('',*,*,#4693,.T.);
#6509=ORIENTED_EDGE('',*,*,#4694,.T.);
#6510=ORIENTED_EDGE('',*,*,#4691,.F.);
#6511=ORIENTED_EDGE('',*,*,#4692,.F.);
#6512=ORIENTED_EDGE('',*,*,#4694,.F.);
#6513=ORIENTED_EDGE('',*,*,#4695,.T.);
#6514=ORIENTED_EDGE('',*,*,#4693,.F.);
#6515=ORIENTED_EDGE('',*,*,#4696,.T.);
#6516=ORIENTED_EDGE('',*,*,#4697,.T.);
#6517=ORIENTED_EDGE('',*,*,#4696,.F.);
#6518=ORIENTED_EDGE('',*,*,#4695,.F.);
#6519=ORIENTED_EDGE('',*,*,#4685,.T.);
#6520=ORIENTED_EDGE('',*,*,#4686,.T.);
#6521=ORIENTED_EDGE('',*,*,#4698,.T.);
#6522=ORIENTED_EDGE('',*,*,#4682,.T.);
#6523=ORIENTED_EDGE('',*,*,#4698,.F.);
#6524=ORIENTED_EDGE('',*,*,#4699,.F.);
#6525=ORIENTED_EDGE('',*,*,#4700,.T.);
#6526=ORIENTED_EDGE('',*,*,#4626,.T.);
#6527=ORIENTED_EDGE('',*,*,#4700,.F.);
#6528=ORIENTED_EDGE('',*,*,#4684,.T.);
#6529=ORIENTED_EDGE('',*,*,#4631,.T.);
#6530=ORIENTED_EDGE('',*,*,#4675,.T.);
#6531=ORIENTED_EDGE('',*,*,#4668,.T.);
#6532=ORIENTED_EDGE('',*,*,#4661,.T.);
#6533=ORIENTED_EDGE('',*,*,#4654,.T.);
#6534=ORIENTED_EDGE('',*,*,#4647,.T.);
#6535=ORIENTED_EDGE('',*,*,#4640,.T.);
#6536=ORIENTED_EDGE('',*,*,#4688,.T.);
#6537=ORIENTED_EDGE('',*,*,#4697,.F.);
#6538=ORIENTED_EDGE('',*,*,#4672,.T.);
#6539=ORIENTED_EDGE('',*,*,#4665,.T.);
#6540=ORIENTED_EDGE('',*,*,#4658,.T.);
#6541=ORIENTED_EDGE('',*,*,#4651,.T.);
#6542=ORIENTED_EDGE('',*,*,#4644,.T.);
#6543=ORIENTED_EDGE('',*,*,#4637,.T.);
#6544=ORIENTED_EDGE('',*,*,#4689,.T.);
#6545=ORIENTED_EDGE('',*,*,#4628,.T.);
#6546=ORIENTED_EDGE('',*,*,#4632,.T.);
#6547=ORIENTED_EDGE('',*,*,#4699,.T.);
#6548=ORIENTED_EDGE('',*,*,#4701,.F.);
#6549=ORIENTED_EDGE('',*,*,#4702,.T.);
#6550=ORIENTED_EDGE('',*,*,#4703,.F.);
#6551=ORIENTED_EDGE('',*,*,#4702,.F.);
#6552=ORIENTED_EDGE('',*,*,#4704,.F.);
#6553=ORIENTED_EDGE('',*,*,#4705,.T.);
#6554=ORIENTED_EDGE('',*,*,#4706,.F.);
#6555=ORIENTED_EDGE('',*,*,#4705,.F.);
#6556=ORIENTED_EDGE('',*,*,#4707,.F.);
#6557=ORIENTED_EDGE('',*,*,#4708,.T.);
#6558=ORIENTED_EDGE('',*,*,#4704,.T.);
#6559=ORIENTED_EDGE('',*,*,#4708,.F.);
#6560=ORIENTED_EDGE('',*,*,#4709,.F.);
#6561=ORIENTED_EDGE('',*,*,#4710,.F.);
#6562=ORIENTED_EDGE('',*,*,#4711,.T.);
#6563=ORIENTED_EDGE('',*,*,#4712,.F.);
#6564=ORIENTED_EDGE('',*,*,#4711,.F.);
#6565=ORIENTED_EDGE('',*,*,#4713,.F.);
#6566=ORIENTED_EDGE('',*,*,#4714,.T.);
#6567=ORIENTED_EDGE('',*,*,#4715,.F.);
#6568=ORIENTED_EDGE('',*,*,#4714,.F.);
#6569=ORIENTED_EDGE('',*,*,#4716,.F.);
#6570=ORIENTED_EDGE('',*,*,#4717,.F.);
#6571=ORIENTED_EDGE('',*,*,#4718,.T.);
#6572=ORIENTED_EDGE('',*,*,#4719,.F.);
#6573=ORIENTED_EDGE('',*,*,#4718,.F.);
#6574=ORIENTED_EDGE('',*,*,#4720,.F.);
#6575=ORIENTED_EDGE('',*,*,#4721,.T.);
#6576=ORIENTED_EDGE('',*,*,#4722,.F.);
#6577=ORIENTED_EDGE('',*,*,#4721,.F.);
#6578=ORIENTED_EDGE('',*,*,#4723,.F.);
#6579=ORIENTED_EDGE('',*,*,#4724,.F.);
#6580=ORIENTED_EDGE('',*,*,#4725,.T.);
#6581=ORIENTED_EDGE('',*,*,#4726,.F.);
#6582=ORIENTED_EDGE('',*,*,#4725,.F.);
#6583=ORIENTED_EDGE('',*,*,#4727,.F.);
#6584=ORIENTED_EDGE('',*,*,#4728,.T.);
#6585=ORIENTED_EDGE('',*,*,#4729,.F.);
#6586=ORIENTED_EDGE('',*,*,#4728,.F.);
#6587=ORIENTED_EDGE('',*,*,#4730,.F.);
#6588=ORIENTED_EDGE('',*,*,#4731,.F.);
#6589=ORIENTED_EDGE('',*,*,#4732,.T.);
#6590=ORIENTED_EDGE('',*,*,#4733,.F.);
#6591=ORIENTED_EDGE('',*,*,#4732,.F.);
#6592=ORIENTED_EDGE('',*,*,#4734,.F.);
#6593=ORIENTED_EDGE('',*,*,#4735,.T.);
#6594=ORIENTED_EDGE('',*,*,#4736,.F.);
#6595=ORIENTED_EDGE('',*,*,#4735,.F.);
#6596=ORIENTED_EDGE('',*,*,#4737,.F.);
#6597=ORIENTED_EDGE('',*,*,#4738,.F.);
#6598=ORIENTED_EDGE('',*,*,#4739,.T.);
#6599=ORIENTED_EDGE('',*,*,#4740,.F.);
#6600=ORIENTED_EDGE('',*,*,#4739,.F.);
#6601=ORIENTED_EDGE('',*,*,#4741,.F.);
#6602=ORIENTED_EDGE('',*,*,#4742,.T.);
#6603=ORIENTED_EDGE('',*,*,#4743,.F.);
#6604=ORIENTED_EDGE('',*,*,#4742,.F.);
#6605=ORIENTED_EDGE('',*,*,#4744,.F.);
#6606=ORIENTED_EDGE('',*,*,#4745,.F.);
#6607=ORIENTED_EDGE('',*,*,#4746,.T.);
#6608=ORIENTED_EDGE('',*,*,#4747,.F.);
#6609=ORIENTED_EDGE('',*,*,#4746,.F.);
#6610=ORIENTED_EDGE('',*,*,#4748,.F.);
#6611=ORIENTED_EDGE('',*,*,#4749,.T.);
#6612=ORIENTED_EDGE('',*,*,#4750,.F.);
#6613=ORIENTED_EDGE('',*,*,#4749,.F.);
#6614=ORIENTED_EDGE('',*,*,#4723,.T.);
#6615=ORIENTED_EDGE('',*,*,#4724,.T.);
#6616=ORIENTED_EDGE('',*,*,#4751,.T.);
#6617=ORIENTED_EDGE('',*,*,#4727,.T.);
#6618=ORIENTED_EDGE('',*,*,#4751,.F.);
#6619=ORIENTED_EDGE('',*,*,#4730,.T.);
#6620=ORIENTED_EDGE('',*,*,#4731,.T.);
#6621=ORIENTED_EDGE('',*,*,#4752,.T.);
#6622=ORIENTED_EDGE('',*,*,#4734,.T.);
#6623=ORIENTED_EDGE('',*,*,#4752,.F.);
#6624=ORIENTED_EDGE('',*,*,#4737,.T.);
#6625=ORIENTED_EDGE('',*,*,#4738,.T.);
#6626=ORIENTED_EDGE('',*,*,#4753,.T.);
#6627=ORIENTED_EDGE('',*,*,#4741,.T.);
#6628=ORIENTED_EDGE('',*,*,#4753,.F.);
#6629=ORIENTED_EDGE('',*,*,#4744,.T.);
#6630=ORIENTED_EDGE('',*,*,#4745,.T.);
#6631=ORIENTED_EDGE('',*,*,#4754,.T.);
#6632=ORIENTED_EDGE('',*,*,#4748,.T.);
#6633=ORIENTED_EDGE('',*,*,#4754,.F.);
#6634=ORIENTED_EDGE('',*,*,#4709,.T.);
#6635=ORIENTED_EDGE('',*,*,#4710,.T.);
#6636=ORIENTED_EDGE('',*,*,#4755,.T.);
#6637=ORIENTED_EDGE('',*,*,#4713,.T.);
#6638=ORIENTED_EDGE('',*,*,#4755,.F.);
#6639=ORIENTED_EDGE('',*,*,#4716,.T.);
#6640=ORIENTED_EDGE('',*,*,#4717,.T.);
#6641=ORIENTED_EDGE('',*,*,#4756,.T.);
#6642=ORIENTED_EDGE('',*,*,#4720,.T.);
#6643=ORIENTED_EDGE('',*,*,#4756,.F.);
#6644=ORIENTED_EDGE('',*,*,#4757,.F.);
#6645=ORIENTED_EDGE('',*,*,#4758,.T.);
#6646=ORIENTED_EDGE('',*,*,#4759,.F.);
#6647=ORIENTED_EDGE('',*,*,#4758,.F.);
#6648=ORIENTED_EDGE('',*,*,#4760,.F.);
#6649=ORIENTED_EDGE('',*,*,#4761,.F.);
#6650=ORIENTED_EDGE('',*,*,#4762,.T.);
#6651=ORIENTED_EDGE('',*,*,#4763,.F.);
#6652=ORIENTED_EDGE('',*,*,#4762,.F.);
#6653=ORIENTED_EDGE('',*,*,#4764,.F.);
#6654=ORIENTED_EDGE('',*,*,#4765,.T.);
#6655=ORIENTED_EDGE('',*,*,#4766,.T.);
#6656=ORIENTED_EDGE('',*,*,#4767,.T.);
#6657=ORIENTED_EDGE('',*,*,#4765,.F.);
#6658=ORIENTED_EDGE('',*,*,#4768,.T.);
#6659=ORIENTED_EDGE('',*,*,#4769,.T.);
#6660=ORIENTED_EDGE('',*,*,#4766,.F.);
#6661=ORIENTED_EDGE('',*,*,#4767,.F.);
#6662=ORIENTED_EDGE('',*,*,#4769,.F.);
#6663=ORIENTED_EDGE('',*,*,#4770,.T.);
#6664=ORIENTED_EDGE('',*,*,#4768,.F.);
#6665=ORIENTED_EDGE('',*,*,#4771,.T.);
#6666=ORIENTED_EDGE('',*,*,#4772,.T.);
#6667=ORIENTED_EDGE('',*,*,#4771,.F.);
#6668=ORIENTED_EDGE('',*,*,#4770,.F.);
#6669=ORIENTED_EDGE('',*,*,#4760,.T.);
#6670=ORIENTED_EDGE('',*,*,#4761,.T.);
#6671=ORIENTED_EDGE('',*,*,#4773,.T.);
#6672=ORIENTED_EDGE('',*,*,#4757,.T.);
#6673=ORIENTED_EDGE('',*,*,#4773,.F.);
#6674=ORIENTED_EDGE('',*,*,#4774,.F.);
#6675=ORIENTED_EDGE('',*,*,#4775,.T.);
#6676=ORIENTED_EDGE('',*,*,#4701,.T.);
#6677=ORIENTED_EDGE('',*,*,#4775,.F.);
#6678=ORIENTED_EDGE('',*,*,#4759,.T.);
#6679=ORIENTED_EDGE('',*,*,#4706,.T.);
#6680=ORIENTED_EDGE('',*,*,#4750,.T.);
#6681=ORIENTED_EDGE('',*,*,#4743,.T.);
#6682=ORIENTED_EDGE('',*,*,#4736,.T.);
#6683=ORIENTED_EDGE('',*,*,#4729,.T.);
#6684=ORIENTED_EDGE('',*,*,#4722,.T.);
#6685=ORIENTED_EDGE('',*,*,#4715,.T.);
#6686=ORIENTED_EDGE('',*,*,#4763,.T.);
#6687=ORIENTED_EDGE('',*,*,#4772,.F.);
#6688=ORIENTED_EDGE('',*,*,#4747,.T.);
#6689=ORIENTED_EDGE('',*,*,#4740,.T.);
#6690=ORIENTED_EDGE('',*,*,#4733,.T.);
#6691=ORIENTED_EDGE('',*,*,#4726,.T.);
#6692=ORIENTED_EDGE('',*,*,#4719,.T.);
#6693=ORIENTED_EDGE('',*,*,#4712,.T.);
#6694=ORIENTED_EDGE('',*,*,#4764,.T.);
#6695=ORIENTED_EDGE('',*,*,#4703,.T.);
#6696=ORIENTED_EDGE('',*,*,#4707,.T.);
#6697=ORIENTED_EDGE('',*,*,#4774,.T.);
#6698=ORIENTED_EDGE('',*,*,#4776,.F.);
#6699=ORIENTED_EDGE('',*,*,#4777,.T.);
#6700=ORIENTED_EDGE('',*,*,#4778,.F.);
#6701=ORIENTED_EDGE('',*,*,#4777,.F.);
#6702=ORIENTED_EDGE('',*,*,#4779,.F.);
#6703=ORIENTED_EDGE('',*,*,#4780,.T.);
#6704=ORIENTED_EDGE('',*,*,#4781,.F.);
#6705=ORIENTED_EDGE('',*,*,#4780,.F.);
#6706=ORIENTED_EDGE('',*,*,#4782,.F.);
#6707=ORIENTED_EDGE('',*,*,#4783,.T.);
#6708=ORIENTED_EDGE('',*,*,#4779,.T.);
#6709=ORIENTED_EDGE('',*,*,#4783,.F.);
#6710=ORIENTED_EDGE('',*,*,#4784,.F.);
#6711=ORIENTED_EDGE('',*,*,#4785,.F.);
#6712=ORIENTED_EDGE('',*,*,#4786,.T.);
#6713=ORIENTED_EDGE('',*,*,#4787,.F.);
#6714=ORIENTED_EDGE('',*,*,#4786,.F.);
#6715=ORIENTED_EDGE('',*,*,#4788,.F.);
#6716=ORIENTED_EDGE('',*,*,#4789,.T.);
#6717=ORIENTED_EDGE('',*,*,#4790,.F.);
#6718=ORIENTED_EDGE('',*,*,#4789,.F.);
#6719=ORIENTED_EDGE('',*,*,#4791,.F.);
#6720=ORIENTED_EDGE('',*,*,#4792,.F.);
#6721=ORIENTED_EDGE('',*,*,#4793,.T.);
#6722=ORIENTED_EDGE('',*,*,#4794,.F.);
#6723=ORIENTED_EDGE('',*,*,#4793,.F.);
#6724=ORIENTED_EDGE('',*,*,#4795,.F.);
#6725=ORIENTED_EDGE('',*,*,#4796,.T.);
#6726=ORIENTED_EDGE('',*,*,#4797,.F.);
#6727=ORIENTED_EDGE('',*,*,#4796,.F.);
#6728=ORIENTED_EDGE('',*,*,#4798,.F.);
#6729=ORIENTED_EDGE('',*,*,#4799,.F.);
#6730=ORIENTED_EDGE('',*,*,#4800,.T.);
#6731=ORIENTED_EDGE('',*,*,#4801,.F.);
#6732=ORIENTED_EDGE('',*,*,#4800,.F.);
#6733=ORIENTED_EDGE('',*,*,#4802,.F.);
#6734=ORIENTED_EDGE('',*,*,#4803,.T.);
#6735=ORIENTED_EDGE('',*,*,#4804,.F.);
#6736=ORIENTED_EDGE('',*,*,#4803,.F.);
#6737=ORIENTED_EDGE('',*,*,#4805,.F.);
#6738=ORIENTED_EDGE('',*,*,#4806,.F.);
#6739=ORIENTED_EDGE('',*,*,#4807,.T.);
#6740=ORIENTED_EDGE('',*,*,#4808,.F.);
#6741=ORIENTED_EDGE('',*,*,#4807,.F.);
#6742=ORIENTED_EDGE('',*,*,#4809,.F.);
#6743=ORIENTED_EDGE('',*,*,#4810,.T.);
#6744=ORIENTED_EDGE('',*,*,#4811,.F.);
#6745=ORIENTED_EDGE('',*,*,#4810,.F.);
#6746=ORIENTED_EDGE('',*,*,#4812,.F.);
#6747=ORIENTED_EDGE('',*,*,#4813,.F.);
#6748=ORIENTED_EDGE('',*,*,#4814,.T.);
#6749=ORIENTED_EDGE('',*,*,#4815,.F.);
#6750=ORIENTED_EDGE('',*,*,#4814,.F.);
#6751=ORIENTED_EDGE('',*,*,#4816,.F.);
#6752=ORIENTED_EDGE('',*,*,#4817,.T.);
#6753=ORIENTED_EDGE('',*,*,#4818,.F.);
#6754=ORIENTED_EDGE('',*,*,#4817,.F.);
#6755=ORIENTED_EDGE('',*,*,#4819,.F.);
#6756=ORIENTED_EDGE('',*,*,#4820,.F.);
#6757=ORIENTED_EDGE('',*,*,#4821,.T.);
#6758=ORIENTED_EDGE('',*,*,#4822,.F.);
#6759=ORIENTED_EDGE('',*,*,#4821,.F.);
#6760=ORIENTED_EDGE('',*,*,#4823,.F.);
#6761=ORIENTED_EDGE('',*,*,#4824,.T.);
#6762=ORIENTED_EDGE('',*,*,#4825,.F.);
#6763=ORIENTED_EDGE('',*,*,#4824,.F.);
#6764=ORIENTED_EDGE('',*,*,#4798,.T.);
#6765=ORIENTED_EDGE('',*,*,#4799,.T.);
#6766=ORIENTED_EDGE('',*,*,#4826,.T.);
#6767=ORIENTED_EDGE('',*,*,#4802,.T.);
#6768=ORIENTED_EDGE('',*,*,#4826,.F.);
#6769=ORIENTED_EDGE('',*,*,#4805,.T.);
#6770=ORIENTED_EDGE('',*,*,#4806,.T.);
#6771=ORIENTED_EDGE('',*,*,#4827,.T.);
#6772=ORIENTED_EDGE('',*,*,#4809,.T.);
#6773=ORIENTED_EDGE('',*,*,#4827,.F.);
#6774=ORIENTED_EDGE('',*,*,#4812,.T.);
#6775=ORIENTED_EDGE('',*,*,#4813,.T.);
#6776=ORIENTED_EDGE('',*,*,#4828,.T.);
#6777=ORIENTED_EDGE('',*,*,#4816,.T.);
#6778=ORIENTED_EDGE('',*,*,#4828,.F.);
#6779=ORIENTED_EDGE('',*,*,#4819,.T.);
#6780=ORIENTED_EDGE('',*,*,#4820,.T.);
#6781=ORIENTED_EDGE('',*,*,#4829,.T.);
#6782=ORIENTED_EDGE('',*,*,#4823,.T.);
#6783=ORIENTED_EDGE('',*,*,#4829,.F.);
#6784=ORIENTED_EDGE('',*,*,#4784,.T.);
#6785=ORIENTED_EDGE('',*,*,#4785,.T.);
#6786=ORIENTED_EDGE('',*,*,#4830,.T.);
#6787=ORIENTED_EDGE('',*,*,#4788,.T.);
#6788=ORIENTED_EDGE('',*,*,#4830,.F.);
#6789=ORIENTED_EDGE('',*,*,#4791,.T.);
#6790=ORIENTED_EDGE('',*,*,#4792,.T.);
#6791=ORIENTED_EDGE('',*,*,#4831,.T.);
#6792=ORIENTED_EDGE('',*,*,#4795,.T.);
#6793=ORIENTED_EDGE('',*,*,#4831,.F.);
#6794=ORIENTED_EDGE('',*,*,#4832,.F.);
#6795=ORIENTED_EDGE('',*,*,#4833,.T.);
#6796=ORIENTED_EDGE('',*,*,#4834,.F.);
#6797=ORIENTED_EDGE('',*,*,#4833,.F.);
#6798=ORIENTED_EDGE('',*,*,#4835,.F.);
#6799=ORIENTED_EDGE('',*,*,#4836,.F.);
#6800=ORIENTED_EDGE('',*,*,#4837,.T.);
#6801=ORIENTED_EDGE('',*,*,#4838,.F.);
#6802=ORIENTED_EDGE('',*,*,#4837,.F.);
#6803=ORIENTED_EDGE('',*,*,#4839,.F.);
#6804=ORIENTED_EDGE('',*,*,#4840,.T.);
#6805=ORIENTED_EDGE('',*,*,#4841,.T.);
#6806=ORIENTED_EDGE('',*,*,#4842,.T.);
#6807=ORIENTED_EDGE('',*,*,#4840,.F.);
#6808=ORIENTED_EDGE('',*,*,#4843,.T.);
#6809=ORIENTED_EDGE('',*,*,#4844,.T.);
#6810=ORIENTED_EDGE('',*,*,#4841,.F.);
#6811=ORIENTED_EDGE('',*,*,#4842,.F.);
#6812=ORIENTED_EDGE('',*,*,#4844,.F.);
#6813=ORIENTED_EDGE('',*,*,#4845,.T.);
#6814=ORIENTED_EDGE('',*,*,#4843,.F.);
#6815=ORIENTED_EDGE('',*,*,#4846,.T.);
#6816=ORIENTED_EDGE('',*,*,#4847,.T.);
#6817=ORIENTED_EDGE('',*,*,#4846,.F.);
#6818=ORIENTED_EDGE('',*,*,#4845,.F.);
#6819=ORIENTED_EDGE('',*,*,#4835,.T.);
#6820=ORIENTED_EDGE('',*,*,#4836,.T.);
#6821=ORIENTED_EDGE('',*,*,#4848,.T.);
#6822=ORIENTED_EDGE('',*,*,#4832,.T.);
#6823=ORIENTED_EDGE('',*,*,#4848,.F.);
#6824=ORIENTED_EDGE('',*,*,#4849,.F.);
#6825=ORIENTED_EDGE('',*,*,#4850,.T.);
#6826=ORIENTED_EDGE('',*,*,#4776,.T.);
#6827=ORIENTED_EDGE('',*,*,#4850,.F.);
#6828=ORIENTED_EDGE('',*,*,#4834,.T.);
#6829=ORIENTED_EDGE('',*,*,#4781,.T.);
#6830=ORIENTED_EDGE('',*,*,#4825,.T.);
#6831=ORIENTED_EDGE('',*,*,#4818,.T.);
#6832=ORIENTED_EDGE('',*,*,#4811,.T.);
#6833=ORIENTED_EDGE('',*,*,#4804,.T.);
#6834=ORIENTED_EDGE('',*,*,#4797,.T.);
#6835=ORIENTED_EDGE('',*,*,#4790,.T.);
#6836=ORIENTED_EDGE('',*,*,#4838,.T.);
#6837=ORIENTED_EDGE('',*,*,#4847,.F.);
#6838=ORIENTED_EDGE('',*,*,#4822,.T.);
#6839=ORIENTED_EDGE('',*,*,#4815,.T.);
#6840=ORIENTED_EDGE('',*,*,#4808,.T.);
#6841=ORIENTED_EDGE('',*,*,#4801,.T.);
#6842=ORIENTED_EDGE('',*,*,#4794,.T.);
#6843=ORIENTED_EDGE('',*,*,#4787,.T.);
#6844=ORIENTED_EDGE('',*,*,#4839,.T.);
#6845=ORIENTED_EDGE('',*,*,#4778,.T.);
#6846=ORIENTED_EDGE('',*,*,#4782,.T.);
#6847=ORIENTED_EDGE('',*,*,#4849,.T.);
#6848=ORIENTED_EDGE('',*,*,#4851,.F.);
#6849=ORIENTED_EDGE('',*,*,#4852,.T.);
#6850=ORIENTED_EDGE('',*,*,#4853,.F.);
#6851=ORIENTED_EDGE('',*,*,#4852,.F.);
#6852=ORIENTED_EDGE('',*,*,#4854,.F.);
#6853=ORIENTED_EDGE('',*,*,#4855,.T.);
#6854=ORIENTED_EDGE('',*,*,#4856,.F.);
#6855=ORIENTED_EDGE('',*,*,#4855,.F.);
#6856=ORIENTED_EDGE('',*,*,#4857,.F.);
#6857=ORIENTED_EDGE('',*,*,#4858,.T.);
#6858=ORIENTED_EDGE('',*,*,#4854,.T.);
#6859=ORIENTED_EDGE('',*,*,#4858,.F.);
#6860=ORIENTED_EDGE('',*,*,#4859,.F.);
#6861=ORIENTED_EDGE('',*,*,#4860,.F.);
#6862=ORIENTED_EDGE('',*,*,#4861,.T.);
#6863=ORIENTED_EDGE('',*,*,#4862,.F.);
#6864=ORIENTED_EDGE('',*,*,#4861,.F.);
#6865=ORIENTED_EDGE('',*,*,#4863,.F.);
#6866=ORIENTED_EDGE('',*,*,#4864,.T.);
#6867=ORIENTED_EDGE('',*,*,#4865,.F.);
#6868=ORIENTED_EDGE('',*,*,#4864,.F.);
#6869=ORIENTED_EDGE('',*,*,#4866,.F.);
#6870=ORIENTED_EDGE('',*,*,#4867,.F.);
#6871=ORIENTED_EDGE('',*,*,#4868,.T.);
#6872=ORIENTED_EDGE('',*,*,#4869,.F.);
#6873=ORIENTED_EDGE('',*,*,#4868,.F.);
#6874=ORIENTED_EDGE('',*,*,#4870,.F.);
#6875=ORIENTED_EDGE('',*,*,#4871,.T.);
#6876=ORIENTED_EDGE('',*,*,#4872,.F.);
#6877=ORIENTED_EDGE('',*,*,#4871,.F.);
#6878=ORIENTED_EDGE('',*,*,#4873,.F.);
#6879=ORIENTED_EDGE('',*,*,#4874,.F.);
#6880=ORIENTED_EDGE('',*,*,#4875,.T.);
#6881=ORIENTED_EDGE('',*,*,#4876,.F.);
#6882=ORIENTED_EDGE('',*,*,#4875,.F.);
#6883=ORIENTED_EDGE('',*,*,#4877,.F.);
#6884=ORIENTED_EDGE('',*,*,#4878,.T.);
#6885=ORIENTED_EDGE('',*,*,#4879,.F.);
#6886=ORIENTED_EDGE('',*,*,#4878,.F.);
#6887=ORIENTED_EDGE('',*,*,#4880,.F.);
#6888=ORIENTED_EDGE('',*,*,#4881,.F.);
#6889=ORIENTED_EDGE('',*,*,#4882,.T.);
#6890=ORIENTED_EDGE('',*,*,#4883,.F.);
#6891=ORIENTED_EDGE('',*,*,#4882,.F.);
#6892=ORIENTED_EDGE('',*,*,#4884,.F.);
#6893=ORIENTED_EDGE('',*,*,#4885,.T.);
#6894=ORIENTED_EDGE('',*,*,#4886,.F.);
#6895=ORIENTED_EDGE('',*,*,#4885,.F.);
#6896=ORIENTED_EDGE('',*,*,#4887,.F.);
#6897=ORIENTED_EDGE('',*,*,#4888,.F.);
#6898=ORIENTED_EDGE('',*,*,#4889,.T.);
#6899=ORIENTED_EDGE('',*,*,#4890,.F.);
#6900=ORIENTED_EDGE('',*,*,#4889,.F.);
#6901=ORIENTED_EDGE('',*,*,#4891,.F.);
#6902=ORIENTED_EDGE('',*,*,#4892,.T.);
#6903=ORIENTED_EDGE('',*,*,#4893,.F.);
#6904=ORIENTED_EDGE('',*,*,#4892,.F.);
#6905=ORIENTED_EDGE('',*,*,#4894,.F.);
#6906=ORIENTED_EDGE('',*,*,#4895,.F.);
#6907=ORIENTED_EDGE('',*,*,#4896,.T.);
#6908=ORIENTED_EDGE('',*,*,#4897,.F.);
#6909=ORIENTED_EDGE('',*,*,#4896,.F.);
#6910=ORIENTED_EDGE('',*,*,#4898,.F.);
#6911=ORIENTED_EDGE('',*,*,#4899,.T.);
#6912=ORIENTED_EDGE('',*,*,#4900,.F.);
#6913=ORIENTED_EDGE('',*,*,#4899,.F.);
#6914=ORIENTED_EDGE('',*,*,#4873,.T.);
#6915=ORIENTED_EDGE('',*,*,#4874,.T.);
#6916=ORIENTED_EDGE('',*,*,#4901,.T.);
#6917=ORIENTED_EDGE('',*,*,#4877,.T.);
#6918=ORIENTED_EDGE('',*,*,#4901,.F.);
#6919=ORIENTED_EDGE('',*,*,#4880,.T.);
#6920=ORIENTED_EDGE('',*,*,#4881,.T.);
#6921=ORIENTED_EDGE('',*,*,#4902,.T.);
#6922=ORIENTED_EDGE('',*,*,#4884,.T.);
#6923=ORIENTED_EDGE('',*,*,#4902,.F.);
#6924=ORIENTED_EDGE('',*,*,#4887,.T.);
#6925=ORIENTED_EDGE('',*,*,#4888,.T.);
#6926=ORIENTED_EDGE('',*,*,#4903,.T.);
#6927=ORIENTED_EDGE('',*,*,#4891,.T.);
#6928=ORIENTED_EDGE('',*,*,#4903,.F.);
#6929=ORIENTED_EDGE('',*,*,#4894,.T.);
#6930=ORIENTED_EDGE('',*,*,#4895,.T.);
#6931=ORIENTED_EDGE('',*,*,#4904,.T.);
#6932=ORIENTED_EDGE('',*,*,#4898,.T.);
#6933=ORIENTED_EDGE('',*,*,#4904,.F.);
#6934=ORIENTED_EDGE('',*,*,#4859,.T.);
#6935=ORIENTED_EDGE('',*,*,#4860,.T.);
#6936=ORIENTED_EDGE('',*,*,#4905,.T.);
#6937=ORIENTED_EDGE('',*,*,#4863,.T.);
#6938=ORIENTED_EDGE('',*,*,#4905,.F.);
#6939=ORIENTED_EDGE('',*,*,#4866,.T.);
#6940=ORIENTED_EDGE('',*,*,#4867,.T.);
#6941=ORIENTED_EDGE('',*,*,#4906,.T.);
#6942=ORIENTED_EDGE('',*,*,#4870,.T.);
#6943=ORIENTED_EDGE('',*,*,#4906,.F.);
#6944=ORIENTED_EDGE('',*,*,#4907,.F.);
#6945=ORIENTED_EDGE('',*,*,#4908,.T.);
#6946=ORIENTED_EDGE('',*,*,#4909,.F.);
#6947=ORIENTED_EDGE('',*,*,#4908,.F.);
#6948=ORIENTED_EDGE('',*,*,#4910,.F.);
#6949=ORIENTED_EDGE('',*,*,#4911,.F.);
#6950=ORIENTED_EDGE('',*,*,#4912,.T.);
#6951=ORIENTED_EDGE('',*,*,#4913,.F.);
#6952=ORIENTED_EDGE('',*,*,#4912,.F.);
#6953=ORIENTED_EDGE('',*,*,#4914,.F.);
#6954=ORIENTED_EDGE('',*,*,#4915,.T.);
#6955=ORIENTED_EDGE('',*,*,#4916,.T.);
#6956=ORIENTED_EDGE('',*,*,#4917,.T.);
#6957=ORIENTED_EDGE('',*,*,#4915,.F.);
#6958=ORIENTED_EDGE('',*,*,#4918,.T.);
#6959=ORIENTED_EDGE('',*,*,#4919,.T.);
#6960=ORIENTED_EDGE('',*,*,#4916,.F.);
#6961=ORIENTED_EDGE('',*,*,#4917,.F.);
#6962=ORIENTED_EDGE('',*,*,#4919,.F.);
#6963=ORIENTED_EDGE('',*,*,#4920,.T.);
#6964=ORIENTED_EDGE('',*,*,#4918,.F.);
#6965=ORIENTED_EDGE('',*,*,#4921,.T.);
#6966=ORIENTED_EDGE('',*,*,#4922,.T.);
#6967=ORIENTED_EDGE('',*,*,#4921,.F.);
#6968=ORIENTED_EDGE('',*,*,#4920,.F.);
#6969=ORIENTED_EDGE('',*,*,#4910,.T.);
#6970=ORIENTED_EDGE('',*,*,#4911,.T.);
#6971=ORIENTED_EDGE('',*,*,#4923,.T.);
#6972=ORIENTED_EDGE('',*,*,#4907,.T.);
#6973=ORIENTED_EDGE('',*,*,#4923,.F.);
#6974=ORIENTED_EDGE('',*,*,#4924,.F.);
#6975=ORIENTED_EDGE('',*,*,#4925,.T.);
#6976=ORIENTED_EDGE('',*,*,#4851,.T.);
#6977=ORIENTED_EDGE('',*,*,#4925,.F.);
#6978=ORIENTED_EDGE('',*,*,#4909,.T.);
#6979=ORIENTED_EDGE('',*,*,#4856,.T.);
#6980=ORIENTED_EDGE('',*,*,#4900,.T.);
#6981=ORIENTED_EDGE('',*,*,#4893,.T.);
#6982=ORIENTED_EDGE('',*,*,#4886,.T.);
#6983=ORIENTED_EDGE('',*,*,#4879,.T.);
#6984=ORIENTED_EDGE('',*,*,#4872,.T.);
#6985=ORIENTED_EDGE('',*,*,#4865,.T.);
#6986=ORIENTED_EDGE('',*,*,#4913,.T.);
#6987=ORIENTED_EDGE('',*,*,#4922,.F.);
#6988=ORIENTED_EDGE('',*,*,#4897,.T.);
#6989=ORIENTED_EDGE('',*,*,#4890,.T.);
#6990=ORIENTED_EDGE('',*,*,#4883,.T.);
#6991=ORIENTED_EDGE('',*,*,#4876,.T.);
#6992=ORIENTED_EDGE('',*,*,#4869,.T.);
#6993=ORIENTED_EDGE('',*,*,#4862,.T.);
#6994=ORIENTED_EDGE('',*,*,#4914,.T.);
#6995=ORIENTED_EDGE('',*,*,#4853,.T.);
#6996=ORIENTED_EDGE('',*,*,#4857,.T.);
#6997=ORIENTED_EDGE('',*,*,#4924,.T.);
#6998=ORIENTED_EDGE('',*,*,#4926,.F.);
#6999=ORIENTED_EDGE('',*,*,#4927,.F.);
#7000=ORIENTED_EDGE('',*,*,#4928,.T.);
#7001=ORIENTED_EDGE('',*,*,#4929,.T.);
#7002=ORIENTED_EDGE('',*,*,#4930,.T.);
#7003=ORIENTED_EDGE('',*,*,#4931,.T.);
#7004=ORIENTED_EDGE('',*,*,#4932,.T.);
#7005=ORIENTED_EDGE('',*,*,#4933,.T.);
#7006=ORIENTED_EDGE('',*,*,#4934,.T.);
#7007=ORIENTED_EDGE('',*,*,#4935,.T.);
#7008=ORIENTED_EDGE('',*,*,#4936,.T.);
#7009=ORIENTED_EDGE('',*,*,#4937,.F.);
#7010=ORIENTED_EDGE('',*,*,#4938,.F.);
#7011=ORIENTED_EDGE('',*,*,#4939,.F.);
#7012=ORIENTED_EDGE('',*,*,#4940,.T.);
#7013=ORIENTED_EDGE('',*,*,#4929,.F.);
#7014=ORIENTED_EDGE('',*,*,#4940,.F.);
#7015=ORIENTED_EDGE('',*,*,#4941,.F.);
#7016=ORIENTED_EDGE('',*,*,#4942,.T.);
#7017=ORIENTED_EDGE('',*,*,#4943,.F.);
#7018=ORIENTED_EDGE('',*,*,#4942,.F.);
#7019=ORIENTED_EDGE('',*,*,#4944,.F.);
#7020=ORIENTED_EDGE('',*,*,#4945,.F.);
#7021=ORIENTED_EDGE('',*,*,#4946,.T.);
#7022=ORIENTED_EDGE('',*,*,#4930,.F.);
#7023=ORIENTED_EDGE('',*,*,#4946,.F.);
#7024=ORIENTED_EDGE('',*,*,#4947,.F.);
#7025=ORIENTED_EDGE('',*,*,#4948,.T.);
#7026=ORIENTED_EDGE('',*,*,#4949,.F.);
#7027=ORIENTED_EDGE('',*,*,#4948,.F.);
#7028=ORIENTED_EDGE('',*,*,#4950,.F.);
#7029=ORIENTED_EDGE('',*,*,#4951,.F.);
#7030=ORIENTED_EDGE('',*,*,#4952,.T.);
#7031=ORIENTED_EDGE('',*,*,#4931,.F.);
#7032=ORIENTED_EDGE('',*,*,#4952,.F.);
#7033=ORIENTED_EDGE('',*,*,#4953,.F.);
#7034=ORIENTED_EDGE('',*,*,#4954,.T.);
#7035=ORIENTED_EDGE('',*,*,#4955,.F.);
#7036=ORIENTED_EDGE('',*,*,#4954,.F.);
#7037=ORIENTED_EDGE('',*,*,#4956,.F.);
#7038=ORIENTED_EDGE('',*,*,#4957,.F.);
#7039=ORIENTED_EDGE('',*,*,#4958,.T.);
#7040=ORIENTED_EDGE('',*,*,#4932,.F.);
#7041=ORIENTED_EDGE('',*,*,#4958,.F.);
#7042=ORIENTED_EDGE('',*,*,#4959,.F.);
#7043=ORIENTED_EDGE('',*,*,#4960,.T.);
#7044=ORIENTED_EDGE('',*,*,#4961,.F.);
#7045=ORIENTED_EDGE('',*,*,#4960,.F.);
#7046=ORIENTED_EDGE('',*,*,#4962,.F.);
#7047=ORIENTED_EDGE('',*,*,#4963,.F.);
#7048=ORIENTED_EDGE('',*,*,#4964,.T.);
#7049=ORIENTED_EDGE('',*,*,#4933,.F.);
#7050=ORIENTED_EDGE('',*,*,#4964,.F.);
#7051=ORIENTED_EDGE('',*,*,#4965,.F.);
#7052=ORIENTED_EDGE('',*,*,#4966,.T.);
#7053=ORIENTED_EDGE('',*,*,#4967,.F.);
#7054=ORIENTED_EDGE('',*,*,#4966,.F.);
#7055=ORIENTED_EDGE('',*,*,#4968,.F.);
#7056=ORIENTED_EDGE('',*,*,#4969,.F.);
#7057=ORIENTED_EDGE('',*,*,#4970,.T.);
#7058=ORIENTED_EDGE('',*,*,#4934,.F.);
#7059=ORIENTED_EDGE('',*,*,#4970,.F.);
#7060=ORIENTED_EDGE('',*,*,#4971,.F.);
#7061=ORIENTED_EDGE('',*,*,#4972,.T.);
#7062=ORIENTED_EDGE('',*,*,#4973,.F.);
#7063=ORIENTED_EDGE('',*,*,#4972,.F.);
#7064=ORIENTED_EDGE('',*,*,#4974,.F.);
#7065=ORIENTED_EDGE('',*,*,#4975,.F.);
#7066=ORIENTED_EDGE('',*,*,#4976,.T.);
#7067=ORIENTED_EDGE('',*,*,#4935,.F.);
#7068=ORIENTED_EDGE('',*,*,#4976,.F.);
#7069=ORIENTED_EDGE('',*,*,#4977,.F.);
#7070=ORIENTED_EDGE('',*,*,#4978,.T.);
#7071=ORIENTED_EDGE('',*,*,#4979,.F.);
#7072=ORIENTED_EDGE('',*,*,#4978,.F.);
#7073=ORIENTED_EDGE('',*,*,#4980,.F.);
#7074=ORIENTED_EDGE('',*,*,#4981,.F.);
#7075=ORIENTED_EDGE('',*,*,#4982,.T.);
#7076=ORIENTED_EDGE('',*,*,#4936,.F.);
#7077=ORIENTED_EDGE('',*,*,#4982,.F.);
#7078=ORIENTED_EDGE('',*,*,#4983,.F.);
#7079=ORIENTED_EDGE('',*,*,#4984,.T.);
#7080=ORIENTED_EDGE('',*,*,#4985,.F.);
#7081=ORIENTED_EDGE('',*,*,#4984,.F.);
#7082=ORIENTED_EDGE('',*,*,#4986,.F.);
#7083=ORIENTED_EDGE('',*,*,#4987,.F.);
#7084=ORIENTED_EDGE('',*,*,#4988,.T.);
#7085=ORIENTED_EDGE('',*,*,#4928,.F.);
#7086=ORIENTED_EDGE('',*,*,#4988,.F.);
#7087=ORIENTED_EDGE('',*,*,#4989,.F.);
#7088=ORIENTED_EDGE('',*,*,#4990,.F.);
#7089=ORIENTED_EDGE('',*,*,#4991,.F.);
#7090=ORIENTED_EDGE('',*,*,#4992,.F.);
#7091=ORIENTED_EDGE('',*,*,#4962,.T.);
#7092=ORIENTED_EDGE('',*,*,#4963,.T.);
#7093=ORIENTED_EDGE('',*,*,#4993,.T.);
#7094=ORIENTED_EDGE('',*,*,#4965,.T.);
#7095=ORIENTED_EDGE('',*,*,#4993,.F.);
#7096=ORIENTED_EDGE('',*,*,#4956,.T.);
#7097=ORIENTED_EDGE('',*,*,#4957,.T.);
#7098=ORIENTED_EDGE('',*,*,#4994,.T.);
#7099=ORIENTED_EDGE('',*,*,#4959,.T.);
#7100=ORIENTED_EDGE('',*,*,#4994,.F.);
#7101=ORIENTED_EDGE('',*,*,#4950,.T.);
#7102=ORIENTED_EDGE('',*,*,#4951,.T.);
#7103=ORIENTED_EDGE('',*,*,#4995,.T.);
#7104=ORIENTED_EDGE('',*,*,#4953,.T.);
#7105=ORIENTED_EDGE('',*,*,#4995,.F.);
#7106=ORIENTED_EDGE('',*,*,#4944,.T.);
#7107=ORIENTED_EDGE('',*,*,#4945,.T.);
#7108=ORIENTED_EDGE('',*,*,#4996,.T.);
#7109=ORIENTED_EDGE('',*,*,#4947,.T.);
#7110=ORIENTED_EDGE('',*,*,#4996,.F.);
#7111=ORIENTED_EDGE('',*,*,#4938,.T.);
#7112=ORIENTED_EDGE('',*,*,#4939,.T.);
#7113=ORIENTED_EDGE('',*,*,#4997,.T.);
#7114=ORIENTED_EDGE('',*,*,#4941,.T.);
#7115=ORIENTED_EDGE('',*,*,#4997,.F.);
#7116=ORIENTED_EDGE('',*,*,#4980,.T.);
#7117=ORIENTED_EDGE('',*,*,#4981,.T.);
#7118=ORIENTED_EDGE('',*,*,#4998,.T.);
#7119=ORIENTED_EDGE('',*,*,#4983,.T.);
#7120=ORIENTED_EDGE('',*,*,#4998,.F.);
#7121=ORIENTED_EDGE('',*,*,#4974,.T.);
#7122=ORIENTED_EDGE('',*,*,#4975,.T.);
#7123=ORIENTED_EDGE('',*,*,#4999,.T.);
#7124=ORIENTED_EDGE('',*,*,#4977,.T.);
#7125=ORIENTED_EDGE('',*,*,#4999,.F.);
#7126=ORIENTED_EDGE('',*,*,#4968,.T.);
#7127=ORIENTED_EDGE('',*,*,#4969,.T.);
#7128=ORIENTED_EDGE('',*,*,#5000,.T.);
#7129=ORIENTED_EDGE('',*,*,#4971,.T.);
#7130=ORIENTED_EDGE('',*,*,#5000,.F.);
#7131=ORIENTED_EDGE('',*,*,#5001,.F.);
#7132=ORIENTED_EDGE('',*,*,#5002,.T.);
#7133=ORIENTED_EDGE('',*,*,#4937,.T.);
#7134=ORIENTED_EDGE('',*,*,#5002,.F.);
#7135=ORIENTED_EDGE('',*,*,#4927,.T.);
#7136=ORIENTED_EDGE('',*,*,#5003,.T.);
#7137=ORIENTED_EDGE('',*,*,#5004,.T.);
#7138=ORIENTED_EDGE('',*,*,#5003,.F.);
#7139=ORIENTED_EDGE('',*,*,#4926,.T.);
#7140=ORIENTED_EDGE('',*,*,#5005,.T.);
#7141=ORIENTED_EDGE('',*,*,#5006,.F.);
#7142=ORIENTED_EDGE('',*,*,#5007,.F.);
#7143=ORIENTED_EDGE('',*,*,#5005,.F.);
#7144=ORIENTED_EDGE('',*,*,#5008,.F.);
#7145=ORIENTED_EDGE('',*,*,#5009,.T.);
#7146=ORIENTED_EDGE('',*,*,#5006,.T.);
#7147=ORIENTED_EDGE('',*,*,#5007,.T.);
#7148=ORIENTED_EDGE('',*,*,#5009,.F.);
#7149=ORIENTED_EDGE('',*,*,#5010,.F.);
#7150=ORIENTED_EDGE('',*,*,#5011,.T.);
#7151=ORIENTED_EDGE('',*,*,#5012,.F.);
#7152=ORIENTED_EDGE('',*,*,#5013,.T.);
#7153=ORIENTED_EDGE('',*,*,#5014,.F.);
#7154=ORIENTED_EDGE('',*,*,#5015,.T.);
#7155=ORIENTED_EDGE('',*,*,#5008,.T.);
#7156=ORIENTED_EDGE('',*,*,#5015,.F.);
#7157=ORIENTED_EDGE('',*,*,#5016,.F.);
#7158=ORIENTED_EDGE('',*,*,#5017,.T.);
#7159=ORIENTED_EDGE('',*,*,#5018,.T.);
#7160=ORIENTED_EDGE('',*,*,#5019,.T.);
#7161=ORIENTED_EDGE('',*,*,#4986,.T.);
#7162=ORIENTED_EDGE('',*,*,#4987,.T.);
#7163=ORIENTED_EDGE('',*,*,#5020,.T.);
#7164=ORIENTED_EDGE('',*,*,#5021,.T.);
#7165=ORIENTED_EDGE('',*,*,#5022,.T.);
#7166=ORIENTED_EDGE('',*,*,#5023,.F.);
#7167=ORIENTED_EDGE('',*,*,#5024,.T.);
#7168=ORIENTED_EDGE('',*,*,#4991,.T.);
#7169=ORIENTED_EDGE('',*,*,#5025,.T.);
#7170=ORIENTED_EDGE('',*,*,#5026,.T.);
#7171=ORIENTED_EDGE('',*,*,#5027,.T.);
#7172=ORIENTED_EDGE('',*,*,#5028,.T.);
#7173=ORIENTED_EDGE('',*,*,#5020,.F.);
#7174=ORIENTED_EDGE('',*,*,#5029,.T.);
#7175=ORIENTED_EDGE('',*,*,#5030,.F.);
#7176=ORIENTED_EDGE('',*,*,#5016,.T.);
#7177=ORIENTED_EDGE('',*,*,#5014,.T.);
#7178=ORIENTED_EDGE('',*,*,#5031,.F.);
#7179=ORIENTED_EDGE('',*,*,#4949,.T.);
#7180=ORIENTED_EDGE('',*,*,#4955,.T.);
#7181=ORIENTED_EDGE('',*,*,#4961,.T.);
#7182=ORIENTED_EDGE('',*,*,#4967,.T.);
#7183=ORIENTED_EDGE('',*,*,#5032,.F.);
#7184=ORIENTED_EDGE('',*,*,#5029,.F.);
#7185=ORIENTED_EDGE('',*,*,#5033,.F.);
#7186=ORIENTED_EDGE('',*,*,#5021,.F.);
#7187=ORIENTED_EDGE('',*,*,#5028,.F.);
#7188=ORIENTED_EDGE('',*,*,#5010,.T.);
#7189=ORIENTED_EDGE('',*,*,#5034,.F.);
#7190=ORIENTED_EDGE('',*,*,#4989,.T.);
#7191=ORIENTED_EDGE('',*,*,#5035,.F.);
#7192=ORIENTED_EDGE('',*,*,#4985,.T.);
#7193=ORIENTED_EDGE('',*,*,#4979,.T.);
#7194=ORIENTED_EDGE('',*,*,#4973,.T.);
#7195=ORIENTED_EDGE('',*,*,#4943,.T.);
#7196=ORIENTED_EDGE('',*,*,#5001,.T.);
#7197=ORIENTED_EDGE('',*,*,#5004,.F.);
#7198=ORIENTED_EDGE('',*,*,#5023,.T.);
#7199=ORIENTED_EDGE('',*,*,#5036,.T.);
#7200=ORIENTED_EDGE('',*,*,#5012,.T.);
#7201=ORIENTED_EDGE('',*,*,#5037,.T.);
#7202=ORIENTED_EDGE('',*,*,#5036,.F.);
#7203=ORIENTED_EDGE('',*,*,#5022,.F.);
#7204=ORIENTED_EDGE('',*,*,#5033,.T.);
#7205=ORIENTED_EDGE('',*,*,#5031,.T.);
#7206=ORIENTED_EDGE('',*,*,#5013,.F.);
#7207=ORIENTED_EDGE('',*,*,#5035,.T.);
#7208=ORIENTED_EDGE('',*,*,#4992,.T.);
#7209=ORIENTED_EDGE('',*,*,#5024,.F.);
#7210=ORIENTED_EDGE('',*,*,#5037,.F.);
#7211=ORIENTED_EDGE('',*,*,#5011,.F.);
#7212=ORIENTED_EDGE('',*,*,#5038,.T.);
#7213=ORIENTED_EDGE('',*,*,#5018,.F.);
#7214=ORIENTED_EDGE('',*,*,#5039,.T.);
#7215=ORIENTED_EDGE('',*,*,#5026,.F.);
#7216=ORIENTED_EDGE('',*,*,#5030,.T.);
#7217=ORIENTED_EDGE('',*,*,#5032,.T.);
#7218=ORIENTED_EDGE('',*,*,#5027,.F.);
#7219=ORIENTED_EDGE('',*,*,#5039,.F.);
#7220=ORIENTED_EDGE('',*,*,#5017,.F.);
#7221=ORIENTED_EDGE('',*,*,#5038,.F.);
#7222=ORIENTED_EDGE('',*,*,#5025,.F.);
#7223=ORIENTED_EDGE('',*,*,#4990,.T.);
#7224=ORIENTED_EDGE('',*,*,#5034,.T.);
#7225=ORIENTED_EDGE('',*,*,#5019,.F.);
#7226=CYLINDRICAL_SURFACE('',#7916,51.);
#7227=CYLINDRICAL_SURFACE('',#7921,53.);
#7228=CYLINDRICAL_SURFACE('',#7924,1.5);
#7229=CYLINDRICAL_SURFACE('',#7934,1.5);
#7230=CYLINDRICAL_SURFACE('',#7938,1.5);
#7231=CYLINDRICAL_SURFACE('',#7948,1.5);
#7232=CYLINDRICAL_SURFACE('',#7952,1.5);
#7233=CYLINDRICAL_SURFACE('',#7962,1.5);
#7234=CYLINDRICAL_SURFACE('',#8002,3.38975);
#7235=CYLINDRICAL_SURFACE('',#8005,3.38975);
#7236=CYLINDRICAL_SURFACE('',#8008,3.38975);
#7237=CYLINDRICAL_SURFACE('',#8018,1.5);
#7238=CYLINDRICAL_SURFACE('',#8020,1.49999999999999);
#7239=CYLINDRICAL_SURFACE('',#8021,3.38975);
#7240=CYLINDRICAL_SURFACE('',#8023,1.5);
#7241=CYLINDRICAL_SURFACE('',#8031,1.5);
#7242=CYLINDRICAL_SURFACE('',#8035,1.49999999999999);
#7243=CYLINDRICAL_SURFACE('',#8044,1.5);
#7244=CYLINDRICAL_SURFACE('',#8049,3.38975);
#7245=CYLINDRICAL_SURFACE('',#8052,3.38975);
#7246=CYLINDRICAL_SURFACE('',#8054,35.0000000000001);
#7247=CYLINDRICAL_SURFACE('',#8056,9.5);
#7248=CYLINDRICAL_SURFACE('',#8061,9.50000000000001);
#7249=CYLINDRICAL_SURFACE('',#8066,9.5);
#7250=CYLINDRICAL_SURFACE('',#8071,9.5);
#7251=CYLINDRICAL_SURFACE('',#8076,19.);
#7252=CYLINDRICAL_SURFACE('',#8081,53.);
#7253=CYLINDRICAL_SURFACE('',#8083,7.5);
#7254=CYLINDRICAL_SURFACE('',#8084,7.5);
#7255=CYLINDRICAL_SURFACE('',#8085,17.);
#7256=CYLINDRICAL_SURFACE('',#8086,7.5);
#7257=CYLINDRICAL_SURFACE('',#8087,7.5);
#7258=CYLINDRICAL_SURFACE('',#8235,4.2);
#7259=CYLINDRICAL_SURFACE('',#8238,4.2);
#7260=CYLINDRICAL_SURFACE('',#8241,4.2);
#7261=CYLINDRICAL_SURFACE('',#8244,4.2);
#7262=CYLINDRICAL_SURFACE('',#8247,4.2);
#7263=CYLINDRICAL_SURFACE('',#8248,4.2);
#7264=CYLINDRICAL_SURFACE('',#8249,4.2);
#7265=CYLINDRICAL_SURFACE('',#8250,4.2);
#7266=CYLINDRICAL_SURFACE('',#8251,4.2);
#7267=CYLINDRICAL_SURFACE('',#8252,4.2);
#7268=CYLINDRICAL_SURFACE('',#8253,4.2);
#7269=CYLINDRICAL_SURFACE('',#8254,4.2);
#7270=CYLINDRICAL_SURFACE('',#8255,4.2);
#7271=CYLINDRICAL_SURFACE('',#8256,4.2);
#7272=CYLINDRICAL_SURFACE('',#8257,4.2);
#7273=CYLINDRICAL_SURFACE('',#8258,4.2);
#7274=CYLINDRICAL_SURFACE('',#8259,4.2);
#7275=CYLINDRICAL_SURFACE('',#8260,4.2);
#7276=CYLINDRICAL_SURFACE('',#8261,4.2);
#7277=CYLINDRICAL_SURFACE('',#8262,4.2);
#7278=CYLINDRICAL_SURFACE('',#8263,4.2);
#7279=CYLINDRICAL_SURFACE('',#8264,4.2);
#7280=CYLINDRICAL_SURFACE('',#8265,4.2);
#7281=CYLINDRICAL_SURFACE('',#8266,4.2);
#7282=CYLINDRICAL_SURFACE('',#8272,111.175);
#7283=CYLINDRICAL_SURFACE('',#8274,126.6);
#7284=CYLINDRICAL_SURFACE('',#8281,51.);
#7285=CYLINDRICAL_SURFACE('',#8411,4.2);
#7286=CYLINDRICAL_SURFACE('',#8412,4.2);
#7287=CYLINDRICAL_SURFACE('',#8413,4.2);
#7288=CYLINDRICAL_SURFACE('',#8414,4.2);
#7289=CYLINDRICAL_SURFACE('',#8415,4.2);
#7290=CYLINDRICAL_SURFACE('',#8416,4.2);
#7291=CYLINDRICAL_SURFACE('',#8417,4.2);
#7292=CYLINDRICAL_SURFACE('',#8418,4.2);
#7293=CYLINDRICAL_SURFACE('',#8419,4.2);
#7294=CYLINDRICAL_SURFACE('',#8420,4.2);
#7295=CYLINDRICAL_SURFACE('',#8421,4.2);
#7296=CYLINDRICAL_SURFACE('',#8422,4.2);
#7297=CYLINDRICAL_SURFACE('',#8423,4.2);
#7298=CYLINDRICAL_SURFACE('',#8424,4.2);
#7299=CYLINDRICAL_SURFACE('',#8425,4.2);
#7300=CYLINDRICAL_SURFACE('',#8426,4.2);
#7301=CYLINDRICAL_SURFACE('',#8427,53.);
#7302=CYLINDRICAL_SURFACE('',#8429,75.8);
#7303=CYLINDRICAL_SURFACE('',#8433,60.35);
#7304=CYLINDRICAL_SURFACE('',#8458,35.0000000000001);
#7305=CYLINDRICAL_SURFACE('',#8462,33.);
#7306=CYLINDRICAL_SURFACE('',#8470,19.2);
#7307=CYLINDRICAL_SURFACE('',#8530,3.35);
#7308=CYLINDRICAL_SURFACE('',#8531,3.35);
#7309=CYLINDRICAL_SURFACE('',#8532,3.35);
#7310=CYLINDRICAL_SURFACE('',#8533,3.35);
#7311=CYLINDRICAL_SURFACE('',#8534,3.35);
#7312=CYLINDRICAL_SURFACE('',#8535,3.35);
#7313=CYLINDRICAL_SURFACE('',#8541,24.175);
#7314=CYLINDRICAL_SURFACE('',#8543,35.);
#7315=CYLINDRICAL_SURFACE('',#8545,17.5);
#7316=CYLINDRICAL_SURFACE('',#8561,9.6);
#7317=CYLINDRICAL_SURFACE('',#8605,2.2);
#7318=CYLINDRICAL_SURFACE('',#8606,2.2);
#7319=CYLINDRICAL_SURFACE('',#8607,2.2);
#7320=CYLINDRICAL_SURFACE('',#8608,2.2);
#7321=CYLINDRICAL_SURFACE('',#8609,2.2);
#7322=CYLINDRICAL_SURFACE('',#8610,2.2);
#7323=CYLINDRICAL_SURFACE('',#8625,10.75);
#7324=CYLINDRICAL_SURFACE('',#8627,17.);
#7325=CYLINDRICAL_SURFACE('',#8628,8.2);
#7326=CYLINDRICAL_SURFACE('',#8641,9.6);
#7327=CYLINDRICAL_SURFACE('',#8685,2.2);
#7328=CYLINDRICAL_SURFACE('',#8686,2.2);
#7329=CYLINDRICAL_SURFACE('',#8687,2.2);
#7330=CYLINDRICAL_SURFACE('',#8688,2.2);
#7331=CYLINDRICAL_SURFACE('',#8689,2.2);
#7332=CYLINDRICAL_SURFACE('',#8690,2.2);
#7333=CYLINDRICAL_SURFACE('',#8705,10.75);
#7334=CYLINDRICAL_SURFACE('',#8707,17.);
#7335=CYLINDRICAL_SURFACE('',#8708,8.2);
#7336=CYLINDRICAL_SURFACE('',#8721,9.6);
#7337=CYLINDRICAL_SURFACE('',#8765,2.2);
#7338=CYLINDRICAL_SURFACE('',#8766,2.2);
#7339=CYLINDRICAL_SURFACE('',#8767,2.2);
#7340=CYLINDRICAL_SURFACE('',#8768,2.2);
#7341=CYLINDRICAL_SURFACE('',#8769,2.2);
#7342=CYLINDRICAL_SURFACE('',#8770,2.2);
#7343=CYLINDRICAL_SURFACE('',#8785,10.75);
#7344=CYLINDRICAL_SURFACE('',#8787,17.);
#7345=CYLINDRICAL_SURFACE('',#8788,8.2);
#7346=CYLINDRICAL_SURFACE('',#8801,9.6);
#7347=CYLINDRICAL_SURFACE('',#8845,2.2);
#7348=CYLINDRICAL_SURFACE('',#8846,2.2);
#7349=CYLINDRICAL_SURFACE('',#8847,2.2);
#7350=CYLINDRICAL_SURFACE('',#8848,2.2);
#7351=CYLINDRICAL_SURFACE('',#8849,2.2);
#7352=CYLINDRICAL_SURFACE('',#8850,2.2);
#7353=CYLINDRICAL_SURFACE('',#8865,10.75);
#7354=CYLINDRICAL_SURFACE('',#8867,17.);
#7355=CYLINDRICAL_SURFACE('',#8868,8.2);
#7356=CYLINDRICAL_SURFACE('',#8943,4.2);
#7357=CYLINDRICAL_SURFACE('',#8944,4.2);
#7358=CYLINDRICAL_SURFACE('',#8945,4.2);
#7359=CYLINDRICAL_SURFACE('',#8946,4.2);
#7360=CYLINDRICAL_SURFACE('',#8947,4.2);
#7361=CYLINDRICAL_SURFACE('',#8948,4.2);
#7362=CYLINDRICAL_SURFACE('',#8949,4.2);
#7363=CYLINDRICAL_SURFACE('',#8950,4.2);
#7364=CYLINDRICAL_SURFACE('',#8951,36.);
#7365=CYLINDRICAL_SURFACE('',#8953,33.);
#7366=CYLINDRICAL_SURFACE('',#8960,41.275);
#7367=CYLINDRICAL_SURFACE('',#8966,56.75);
#7368=ADVANCED_FACE('',(#612),#7226,.F.);
#7369=ADVANCED_FACE('',(#613,#309),#519,.T.);
#7370=ADVANCED_FACE('',(#614),#7227,.T.);
#7371=ADVANCED_FACE('',(#615,#310),#520,.T.);
#7372=ADVANCED_FACE('',(#616),#7228,.F.);
#7373=ADVANCED_FACE('',(#617),#521,.F.);
#7374=ADVANCED_FACE('',(#618),#522,.F.);
#7375=ADVANCED_FACE('',(#619),#523,.F.);
#7376=ADVANCED_FACE('',(#620),#524,.T.);
#7377=ADVANCED_FACE('',(#621),#525,.F.);
#7378=ADVANCED_FACE('',(#622),#7229,.F.);
#7379=ADVANCED_FACE('',(#623),#526,.T.);
#7380=ADVANCED_FACE('',(#624),#7230,.F.);
#7381=ADVANCED_FACE('',(#625),#527,.F.);
#7382=ADVANCED_FACE('',(#626),#528,.F.);
#7383=ADVANCED_FACE('',(#627),#529,.F.);
#7384=ADVANCED_FACE('',(#628),#530,.T.);
#7385=ADVANCED_FACE('',(#629),#531,.F.);
#7386=ADVANCED_FACE('',(#630),#7231,.F.);
#7387=ADVANCED_FACE('',(#631),#532,.T.);
#7388=ADVANCED_FACE('',(#632),#7232,.F.);
#7389=ADVANCED_FACE('',(#633),#533,.F.);
#7390=ADVANCED_FACE('',(#634),#534,.F.);
#7391=ADVANCED_FACE('',(#635),#535,.F.);
#7392=ADVANCED_FACE('',(#636),#536,.T.);
#7393=ADVANCED_FACE('',(#637),#537,.F.);
#7394=ADVANCED_FACE('',(#638),#7233,.F.);
#7395=ADVANCED_FACE('',(#639),#538,.T.);
#7396=ADVANCED_FACE('',(#640,#311,#312,#313,#314,#315,#316,#317,#318,#319,
#320,#321,#322),#539,.F.);
#7397=ADVANCED_FACE('',(#641),#69,.F.);
#7398=ADVANCED_FACE('',(#642),#7234,.F.);
#7399=ADVANCED_FACE('',(#643),#70,.F.);
#7400=ADVANCED_FACE('',(#644),#7235,.F.);
#7401=ADVANCED_FACE('',(#645),#71,.F.);
#7402=ADVANCED_FACE('',(#646),#7236,.F.);
#7403=ADVANCED_FACE('',(#647),#540,.T.);
#7404=ADVANCED_FACE('',(#648),#541,.T.);
#7405=ADVANCED_FACE('',(#649),#542,.F.);
#7406=ADVANCED_FACE('',(#650),#543,.F.);
#7407=ADVANCED_FACE('',(#651),#544,.T.);
#7408=ADVANCED_FACE('',(#652),#7237,.F.);
#7409=ADVANCED_FACE('',(#653),#545,.T.);
#7410=ADVANCED_FACE('',(#654),#7238,.F.);
#7411=ADVANCED_FACE('',(#655),#7239,.F.);
#7412=ADVANCED_FACE('',(#656),#7240,.F.);
#7413=ADVANCED_FACE('',(#657),#546,.F.);
#7414=ADVANCED_FACE('',(#658),#547,.T.);
#7415=ADVANCED_FACE('',(#659),#548,.F.);
#7416=ADVANCED_FACE('',(#660),#549,.F.);
#7417=ADVANCED_FACE('',(#661),#7241,.F.);
#7418=ADVANCED_FACE('',(#662),#550,.F.);
#7419=ADVANCED_FACE('',(#663),#551,.T.);
#7420=ADVANCED_FACE('',(#664),#7242,.F.);
#7421=ADVANCED_FACE('',(#665),#552,.F.);
#7422=ADVANCED_FACE('',(#666),#553,.F.);
#7423=ADVANCED_FACE('',(#667),#554,.F.);
#7424=ADVANCED_FACE('',(#668),#555,.T.);
#7425=ADVANCED_FACE('',(#669),#556,.F.);
#7426=ADVANCED_FACE('',(#670),#7243,.F.);
#7427=ADVANCED_FACE('',(#671),#557,.T.);
#7428=ADVANCED_FACE('',(#672),#72,.F.);
#7429=ADVANCED_FACE('',(#673),#7244,.F.);
#7430=ADVANCED_FACE('',(#674),#73,.F.);
#7431=ADVANCED_FACE('',(#675),#7245,.F.);
#7432=ADVANCED_FACE('',(#676),#74,.F.);
#7433=ADVANCED_FACE('',(#677),#7246,.F.);
#7434=ADVANCED_FACE('',(#678),#7247,.T.);
#7435=ADVANCED_FACE('',(#679,#323),#558,.T.);
#7436=ADVANCED_FACE('',(#680),#7248,.T.);
#7437=ADVANCED_FACE('',(#681,#324),#559,.T.);
#7438=ADVANCED_FACE('',(#682),#7249,.T.);
#7439=ADVANCED_FACE('',(#683,#325),#560,.T.);
#7440=ADVANCED_FACE('',(#684),#7250,.T.);
#7441=ADVANCED_FACE('',(#685,#326),#561,.T.);
#7442=ADVANCED_FACE('',(#686),#7251,.T.);
#7443=ADVANCED_FACE('',(#687,#327),#562,.T.);
#7444=ADVANCED_FACE('',(#688),#7252,.F.);
#7445=ADVANCED_FACE('',(#689),#7253,.F.);
#7446=ADVANCED_FACE('',(#690),#7254,.F.);
#7447=ADVANCED_FACE('',(#691),#7255,.F.);
#7448=ADVANCED_FACE('',(#692),#7256,.F.);
#7449=ADVANCED_FACE('',(#693),#7257,.F.);
#7450=ADVANCED_FACE('',(#694),#75,.T.);
#7451=ADVANCED_FACE('',(#695),#76,.T.);
#7452=ADVANCED_FACE('',(#696),#77,.F.);
#7453=ADVANCED_FACE('',(#697),#78,.F.);
#7454=ADVANCED_FACE('',(#698),#79,.F.);
#7455=ADVANCED_FACE('',(#699),#80,.F.);
#7456=ADVANCED_FACE('',(#700),#81,.F.);
#7457=ADVANCED_FACE('',(#701),#82,.F.);
#7458=ADVANCED_FACE('',(#702),#83,.F.);
#7459=ADVANCED_FACE('',(#703),#84,.F.);
#7460=ADVANCED_FACE('',(#704),#85,.F.);
#7461=ADVANCED_FACE('',(#705),#86,.F.);
#7462=ADVANCED_FACE('',(#706),#87,.F.);
#7463=ADVANCED_FACE('',(#707),#88,.F.);
#7464=ADVANCED_FACE('',(#708),#89,.F.);
#7465=ADVANCED_FACE('',(#709),#90,.F.);
#7466=ADVANCED_FACE('',(#710),#91,.F.);
#7467=ADVANCED_FACE('',(#711),#92,.F.);
#7468=ADVANCED_FACE('',(#712),#93,.F.);
#7469=ADVANCED_FACE('',(#713),#94,.F.);
#7470=ADVANCED_FACE('',(#714),#95,.F.);
#7471=ADVANCED_FACE('',(#715),#96,.F.);
#7472=ADVANCED_FACE('',(#716),#97,.F.);
#7473=ADVANCED_FACE('',(#717),#98,.F.);
#7474=ADVANCED_FACE('',(#718),#99,.F.);
#7475=ADVANCED_FACE('',(#719),#100,.F.);
#7476=ADVANCED_FACE('',(#720),#101,.F.);
#7477=ADVANCED_FACE('',(#721),#102,.F.);
#7478=ADVANCED_FACE('',(#722),#103,.F.);
#7479=ADVANCED_FACE('',(#723),#104,.F.);
#7480=ADVANCED_FACE('',(#724),#105,.F.);
#7481=ADVANCED_FACE('',(#725),#106,.F.);
#7482=ADVANCED_FACE('',(#726),#107,.F.);
#7483=ADVANCED_FACE('',(#727),#108,.F.);
#7484=ADVANCED_FACE('',(#728),#109,.F.);
#7485=ADVANCED_FACE('',(#729),#110,.F.);
#7486=ADVANCED_FACE('',(#730),#111,.F.);
#7487=ADVANCED_FACE('',(#731),#112,.F.);
#7488=ADVANCED_FACE('',(#732),#113,.F.);
#7489=ADVANCED_FACE('',(#733),#114,.F.);
#7490=ADVANCED_FACE('',(#734),#115,.F.);
#7491=ADVANCED_FACE('',(#735),#116,.F.);
#7492=ADVANCED_FACE('',(#736),#7258,.F.);
#7493=ADVANCED_FACE('',(#737),#7259,.F.);
#7494=ADVANCED_FACE('',(#738),#7260,.F.);
#7495=ADVANCED_FACE('',(#739),#7261,.F.);
#7496=ADVANCED_FACE('',(#740),#7262,.F.);
#7497=ADVANCED_FACE('',(#741),#7263,.F.);
#7498=ADVANCED_FACE('',(#742),#7264,.F.);
#7499=ADVANCED_FACE('',(#743),#7265,.F.);
#7500=ADVANCED_FACE('',(#744),#7266,.F.);
#7501=ADVANCED_FACE('',(#745),#7267,.F.);
#7502=ADVANCED_FACE('',(#746),#7268,.F.);
#7503=ADVANCED_FACE('',(#747),#7269,.F.);
#7504=ADVANCED_FACE('',(#748),#7270,.F.);
#7505=ADVANCED_FACE('',(#749),#7271,.F.);
#7506=ADVANCED_FACE('',(#750),#7272,.F.);
#7507=ADVANCED_FACE('',(#751),#7273,.F.);
#7508=ADVANCED_FACE('',(#752),#7274,.F.);
#7509=ADVANCED_FACE('',(#753),#7275,.F.);
#7510=ADVANCED_FACE('',(#754),#7276,.F.);
#7511=ADVANCED_FACE('',(#755),#7277,.F.);
#7512=ADVANCED_FACE('',(#756),#7278,.F.);
#7513=ADVANCED_FACE('',(#757),#7279,.F.);
#7514=ADVANCED_FACE('',(#758),#7280,.F.);
#7515=ADVANCED_FACE('',(#759),#7281,.F.);
#7516=ADVANCED_FACE('',(#760),#117,.F.);
#7517=ADVANCED_FACE('',(#761),#118,.T.);
#7518=ADVANCED_FACE('',(#762),#7282,.F.);
#7519=ADVANCED_FACE('',(#763),#7283,.T.);
#7520=ADVANCED_FACE('',(#764,#328,#329,#330,#331,#332,#333,#334,#335,#336,
#337,#338,#339,#340,#341,#342,#343,#344,#345,#346,#347,#348,#349,#350,#351,
#352,#353,#354,#355,#356,#357,#358),#563,.F.);
#7521=ADVANCED_FACE('',(#765,#359,#360,#361,#362,#363,#364,#365,#366,#367,
#368,#369,#370,#371,#372,#373,#374,#375,#376,#377,#378,#379,#380,#381,#382,
#383),#564,.F.);
#7522=ADVANCED_FACE('',(#766),#119,.F.);
#7523=ADVANCED_FACE('',(#767),#7284,.F.);
#7524=ADVANCED_FACE('',(#768,#384),#565,.T.);
#7525=ADVANCED_FACE('',(#769,#385,#386,#387,#388,#389,#390,#391,#392,#393,
#394,#395,#396,#397,#398,#399,#400,#401),#566,.T.);
#7526=ADVANCED_FACE('',(#770),#47,.F.);
#7527=ADVANCED_FACE('',(#771),#120,.F.);
#7528=ADVANCED_FACE('',(#772),#121,.F.);
#7529=ADVANCED_FACE('',(#773),#122,.F.);
#7530=ADVANCED_FACE('',(#774),#123,.F.);
#7531=ADVANCED_FACE('',(#775),#124,.F.);
#7532=ADVANCED_FACE('',(#776),#125,.F.);
#7533=ADVANCED_FACE('',(#777),#126,.F.);
#7534=ADVANCED_FACE('',(#778),#127,.F.);
#7535=ADVANCED_FACE('',(#779),#128,.F.);
#7536=ADVANCED_FACE('',(#780),#129,.F.);
#7537=ADVANCED_FACE('',(#781),#130,.F.);
#7538=ADVANCED_FACE('',(#782),#131,.F.);
#7539=ADVANCED_FACE('',(#783),#132,.F.);
#7540=ADVANCED_FACE('',(#784),#133,.F.);
#7541=ADVANCED_FACE('',(#785),#134,.F.);
#7542=ADVANCED_FACE('',(#786),#135,.F.);
#7543=ADVANCED_FACE('',(#787),#136,.F.);
#7544=ADVANCED_FACE('',(#788),#137,.F.);
#7545=ADVANCED_FACE('',(#789),#138,.F.);
#7546=ADVANCED_FACE('',(#790),#139,.F.);
#7547=ADVANCED_FACE('',(#791),#140,.F.);
#7548=ADVANCED_FACE('',(#792),#141,.F.);
#7549=ADVANCED_FACE('',(#793),#142,.F.);
#7550=ADVANCED_FACE('',(#794),#143,.F.);
#7551=ADVANCED_FACE('',(#795),#144,.F.);
#7552=ADVANCED_FACE('',(#796),#145,.F.);
#7553=ADVANCED_FACE('',(#797),#146,.F.);
#7554=ADVANCED_FACE('',(#798),#147,.F.);
#7555=ADVANCED_FACE('',(#799),#148,.F.);
#7556=ADVANCED_FACE('',(#800),#149,.F.);
#7557=ADVANCED_FACE('',(#801),#150,.F.);
#7558=ADVANCED_FACE('',(#802),#151,.F.);
#7559=ADVANCED_FACE('',(#803),#152,.T.);
#7560=ADVANCED_FACE('',(#804),#153,.T.);
#7561=ADVANCED_FACE('',(#805),#7285,.F.);
#7562=ADVANCED_FACE('',(#806),#7286,.F.);
#7563=ADVANCED_FACE('',(#807),#7287,.F.);
#7564=ADVANCED_FACE('',(#808),#7288,.F.);
#7565=ADVANCED_FACE('',(#809),#7289,.F.);
#7566=ADVANCED_FACE('',(#810),#7290,.F.);
#7567=ADVANCED_FACE('',(#811),#7291,.F.);
#7568=ADVANCED_FACE('',(#812),#7292,.F.);
#7569=ADVANCED_FACE('',(#813),#7293,.F.);
#7570=ADVANCED_FACE('',(#814),#7294,.F.);
#7571=ADVANCED_FACE('',(#815),#7295,.F.);
#7572=ADVANCED_FACE('',(#816),#7296,.F.);
#7573=ADVANCED_FACE('',(#817),#7297,.F.);
#7574=ADVANCED_FACE('',(#818),#7298,.F.);
#7575=ADVANCED_FACE('',(#819),#7299,.F.);
#7576=ADVANCED_FACE('',(#820),#7300,.F.);
#7577=ADVANCED_FACE('',(#821),#7301,.F.);
#7578=ADVANCED_FACE('',(#822),#7302,.T.);
#7579=ADVANCED_FACE('',(#823),#7303,.F.);
#7580=ADVANCED_FACE('',(#824),#154,.T.);
#7581=ADVANCED_FACE('',(#825),#155,.F.);
#7582=ADVANCED_FACE('',(#826,#402,#403,#404,#405,#406,#407,#408,#409),#567,
 .T.);
#7583=ADVANCED_FACE('',(#827),#156,.T.);
#7584=ADVANCED_FACE('',(#828,#410,#411,#412,#413,#414,#415,#416,#417),#568,
 .T.);
#7585=ADVANCED_FACE('',(#829,#418),#569,.T.);
#7586=ADVANCED_FACE('',(#830),#570,.F.);
#7587=ADVANCED_FACE('',(#831),#571,.T.);
#7588=ADVANCED_FACE('',(#832),#572,.T.);
#7589=ADVANCED_FACE('',(#833),#573,.F.);
#7590=ADVANCED_FACE('',(#834),#574,.T.);
#7591=ADVANCED_FACE('',(#835),#575,.T.);
#7592=ADVANCED_FACE('',(#836,#419),#576,.T.);
#7593=ADVANCED_FACE('',(#837),#7304,.T.);
#7594=ADVANCED_FACE('',(#838,#420),#577,.T.);
#7595=ADVANCED_FACE('',(#839),#7305,.F.);
#7596=ADVANCED_FACE('',(#840),#157,.F.);
#7597=ADVANCED_FACE('',(#841),#158,.F.);
#7598=ADVANCED_FACE('',(#842),#7306,.F.);
#7599=ADVANCED_FACE('',(#843),#159,.F.);
#7600=ADVANCED_FACE('',(#844),#160,.F.);
#7601=ADVANCED_FACE('',(#845),#161,.F.);
#7602=ADVANCED_FACE('',(#846),#162,.F.);
#7603=ADVANCED_FACE('',(#847),#163,.F.);
#7604=ADVANCED_FACE('',(#848),#164,.F.);
#7605=ADVANCED_FACE('',(#849),#165,.F.);
#7606=ADVANCED_FACE('',(#850),#166,.F.);
#7607=ADVANCED_FACE('',(#851),#167,.F.);
#7608=ADVANCED_FACE('',(#852),#168,.F.);
#7609=ADVANCED_FACE('',(#853),#169,.F.);
#7610=ADVANCED_FACE('',(#854),#170,.F.);
#7611=ADVANCED_FACE('',(#855),#48,.F.);
#7612=ADVANCED_FACE('',(#856),#171,.T.);
#7613=ADVANCED_FACE('',(#857),#172,.T.);
#7614=ADVANCED_FACE('',(#858),#7307,.F.);
#7615=ADVANCED_FACE('',(#859),#7308,.F.);
#7616=ADVANCED_FACE('',(#860),#7309,.F.);
#7617=ADVANCED_FACE('',(#861),#7310,.F.);
#7618=ADVANCED_FACE('',(#862),#7311,.F.);
#7619=ADVANCED_FACE('',(#863),#7312,.F.);
#7620=ADVANCED_FACE('',(#864),#173,.F.);
#7621=ADVANCED_FACE('',(#865),#174,.T.);
#7622=ADVANCED_FACE('',(#866),#7313,.F.);
#7623=ADVANCED_FACE('',(#867),#7314,.T.);
#7624=ADVANCED_FACE('',(#868),#7315,.F.);
#7625=ADVANCED_FACE('',(#869,#421,#422,#423,#424,#425,#426,#427),#578,.T.);
#7626=ADVANCED_FACE('',(#870,#428,#429,#430,#431,#432,#433),#579,.T.);
#7627=ADVANCED_FACE('',(#871,#434),#580,.T.);
#7628=ADVANCED_FACE('',(#872),#581,.F.);
#7629=ADVANCED_FACE('',(#873),#582,.F.);
#7630=ADVANCED_FACE('',(#874),#583,.F.);
#7631=ADVANCED_FACE('',(#875,#435),#584,.T.);
#7632=ADVANCED_FACE('',(#876),#175,.F.);
#7633=ADVANCED_FACE('',(#877),#176,.F.);
#7634=ADVANCED_FACE('',(#878),#7316,.F.);
#7635=ADVANCED_FACE('',(#879),#177,.F.);
#7636=ADVANCED_FACE('',(#880),#178,.F.);
#7637=ADVANCED_FACE('',(#881),#179,.F.);
#7638=ADVANCED_FACE('',(#882),#180,.F.);
#7639=ADVANCED_FACE('',(#883),#181,.F.);
#7640=ADVANCED_FACE('',(#884),#182,.F.);
#7641=ADVANCED_FACE('',(#885),#183,.F.);
#7642=ADVANCED_FACE('',(#886),#184,.F.);
#7643=ADVANCED_FACE('',(#887),#185,.F.);
#7644=ADVANCED_FACE('',(#888),#186,.F.);
#7645=ADVANCED_FACE('',(#889),#187,.F.);
#7646=ADVANCED_FACE('',(#890),#188,.F.);
#7647=ADVANCED_FACE('',(#891),#7317,.F.);
#7648=ADVANCED_FACE('',(#892),#7318,.F.);
#7649=ADVANCED_FACE('',(#893),#7319,.F.);
#7650=ADVANCED_FACE('',(#894),#7320,.F.);
#7651=ADVANCED_FACE('',(#895),#7321,.F.);
#7652=ADVANCED_FACE('',(#896),#7322,.F.);
#7653=ADVANCED_FACE('',(#897),#189,.T.);
#7654=ADVANCED_FACE('',(#898),#190,.T.);
#7655=ADVANCED_FACE('',(#899),#191,.F.);
#7656=ADVANCED_FACE('',(#900),#192,.T.);
#7657=ADVANCED_FACE('',(#901),#7323,.F.);
#7658=ADVANCED_FACE('',(#902),#7324,.T.);
#7659=ADVANCED_FACE('',(#903),#7325,.F.);
#7660=ADVANCED_FACE('',(#904,#436,#437,#438,#439,#440,#441,#442),#585,.T.);
#7661=ADVANCED_FACE('',(#905,#443,#444,#445,#446,#447,#448,#449),#586,.T.);
#7662=ADVANCED_FACE('',(#906,#450),#587,.T.);
#7663=ADVANCED_FACE('',(#907,#451),#588,.T.);
#7664=ADVANCED_FACE('',(#908),#193,.F.);
#7665=ADVANCED_FACE('',(#909),#194,.F.);
#7666=ADVANCED_FACE('',(#910),#7326,.F.);
#7667=ADVANCED_FACE('',(#911),#195,.F.);
#7668=ADVANCED_FACE('',(#912),#196,.F.);
#7669=ADVANCED_FACE('',(#913),#197,.F.);
#7670=ADVANCED_FACE('',(#914),#198,.F.);
#7671=ADVANCED_FACE('',(#915),#199,.F.);
#7672=ADVANCED_FACE('',(#916),#200,.F.);
#7673=ADVANCED_FACE('',(#917),#201,.F.);
#7674=ADVANCED_FACE('',(#918),#202,.F.);
#7675=ADVANCED_FACE('',(#919),#203,.F.);
#7676=ADVANCED_FACE('',(#920),#204,.F.);
#7677=ADVANCED_FACE('',(#921),#205,.F.);
#7678=ADVANCED_FACE('',(#922),#206,.F.);
#7679=ADVANCED_FACE('',(#923),#7327,.F.);
#7680=ADVANCED_FACE('',(#924),#7328,.F.);
#7681=ADVANCED_FACE('',(#925),#7329,.F.);
#7682=ADVANCED_FACE('',(#926),#7330,.F.);
#7683=ADVANCED_FACE('',(#927),#7331,.F.);
#7684=ADVANCED_FACE('',(#928),#7332,.F.);
#7685=ADVANCED_FACE('',(#929),#207,.T.);
#7686=ADVANCED_FACE('',(#930),#208,.T.);
#7687=ADVANCED_FACE('',(#931),#209,.F.);
#7688=ADVANCED_FACE('',(#932),#210,.T.);
#7689=ADVANCED_FACE('',(#933),#7333,.F.);
#7690=ADVANCED_FACE('',(#934),#7334,.T.);
#7691=ADVANCED_FACE('',(#935),#7335,.F.);
#7692=ADVANCED_FACE('',(#936,#452,#453,#454,#455,#456,#457,#458),#589,.T.);
#7693=ADVANCED_FACE('',(#937,#459,#460,#461,#462,#463,#464,#465),#590,.T.);
#7694=ADVANCED_FACE('',(#938,#466),#591,.T.);
#7695=ADVANCED_FACE('',(#939,#467),#592,.T.);
#7696=ADVANCED_FACE('',(#940),#211,.F.);
#7697=ADVANCED_FACE('',(#941),#212,.F.);
#7698=ADVANCED_FACE('',(#942),#7336,.F.);
#7699=ADVANCED_FACE('',(#943),#213,.F.);
#7700=ADVANCED_FACE('',(#944),#214,.F.);
#7701=ADVANCED_FACE('',(#945),#215,.F.);
#7702=ADVANCED_FACE('',(#946),#216,.F.);
#7703=ADVANCED_FACE('',(#947),#217,.F.);
#7704=ADVANCED_FACE('',(#948),#218,.F.);
#7705=ADVANCED_FACE('',(#949),#219,.F.);
#7706=ADVANCED_FACE('',(#950),#220,.F.);
#7707=ADVANCED_FACE('',(#951),#221,.F.);
#7708=ADVANCED_FACE('',(#952),#222,.F.);
#7709=ADVANCED_FACE('',(#953),#223,.F.);
#7710=ADVANCED_FACE('',(#954),#224,.F.);
#7711=ADVANCED_FACE('',(#955),#7337,.F.);
#7712=ADVANCED_FACE('',(#956),#7338,.F.);
#7713=ADVANCED_FACE('',(#957),#7339,.F.);
#7714=ADVANCED_FACE('',(#958),#7340,.F.);
#7715=ADVANCED_FACE('',(#959),#7341,.F.);
#7716=ADVANCED_FACE('',(#960),#7342,.F.);
#7717=ADVANCED_FACE('',(#961),#225,.T.);
#7718=ADVANCED_FACE('',(#962),#226,.T.);
#7719=ADVANCED_FACE('',(#963),#227,.F.);
#7720=ADVANCED_FACE('',(#964),#228,.T.);
#7721=ADVANCED_FACE('',(#965),#7343,.F.);
#7722=ADVANCED_FACE('',(#966),#7344,.T.);
#7723=ADVANCED_FACE('',(#967),#7345,.F.);
#7724=ADVANCED_FACE('',(#968,#468,#469,#470,#471,#472,#473,#474),#593,.T.);
#7725=ADVANCED_FACE('',(#969,#475,#476,#477,#478,#479,#480,#481),#594,.T.);
#7726=ADVANCED_FACE('',(#970,#482),#595,.T.);
#7727=ADVANCED_FACE('',(#971,#483),#596,.T.);
#7728=ADVANCED_FACE('',(#972),#229,.F.);
#7729=ADVANCED_FACE('',(#973),#230,.F.);
#7730=ADVANCED_FACE('',(#974),#7346,.F.);
#7731=ADVANCED_FACE('',(#975),#231,.F.);
#7732=ADVANCED_FACE('',(#976),#232,.F.);
#7733=ADVANCED_FACE('',(#977),#233,.F.);
#7734=ADVANCED_FACE('',(#978),#234,.F.);
#7735=ADVANCED_FACE('',(#979),#235,.F.);
#7736=ADVANCED_FACE('',(#980),#236,.F.);
#7737=ADVANCED_FACE('',(#981),#237,.F.);
#7738=ADVANCED_FACE('',(#982),#238,.F.);
#7739=ADVANCED_FACE('',(#983),#239,.F.);
#7740=ADVANCED_FACE('',(#984),#240,.F.);
#7741=ADVANCED_FACE('',(#985),#241,.F.);
#7742=ADVANCED_FACE('',(#986),#242,.F.);
#7743=ADVANCED_FACE('',(#987),#7347,.F.);
#7744=ADVANCED_FACE('',(#988),#7348,.F.);
#7745=ADVANCED_FACE('',(#989),#7349,.F.);
#7746=ADVANCED_FACE('',(#990),#7350,.F.);
#7747=ADVANCED_FACE('',(#991),#7351,.F.);
#7748=ADVANCED_FACE('',(#992),#7352,.F.);
#7749=ADVANCED_FACE('',(#993),#243,.T.);
#7750=ADVANCED_FACE('',(#994),#244,.T.);
#7751=ADVANCED_FACE('',(#995),#245,.F.);
#7752=ADVANCED_FACE('',(#996),#246,.T.);
#7753=ADVANCED_FACE('',(#997),#7353,.F.);
#7754=ADVANCED_FACE('',(#998),#7354,.T.);
#7755=ADVANCED_FACE('',(#999),#7355,.F.);
#7756=ADVANCED_FACE('',(#1000,#484,#485,#486,#487,#488,#489,#490),#597,
 .T.);
#7757=ADVANCED_FACE('',(#1001,#491,#492,#493,#494,#495,#496,#497),#598,
 .T.);
#7758=ADVANCED_FACE('',(#1002,#498),#599,.T.);
#7759=ADVANCED_FACE('',(#1003,#499),#600,.T.);
#7760=ADVANCED_FACE('',(#1004,#500),#601,.F.);
#7761=ADVANCED_FACE('',(#1005,#501,#502,#503,#504,#505,#506,#507,#508,#509),
#602,.F.);
#7762=ADVANCED_FACE('',(#1006),#247,.F.);
#7763=ADVANCED_FACE('',(#1007),#248,.F.);
#7764=ADVANCED_FACE('',(#1008),#249,.F.);
#7765=ADVANCED_FACE('',(#1009),#250,.F.);
#7766=ADVANCED_FACE('',(#1010),#251,.F.);
#7767=ADVANCED_FACE('',(#1011),#252,.F.);
#7768=ADVANCED_FACE('',(#1012),#253,.F.);
#7769=ADVANCED_FACE('',(#1013),#254,.F.);
#7770=ADVANCED_FACE('',(#1014),#255,.F.);
#7771=ADVANCED_FACE('',(#1015),#256,.F.);
#7772=ADVANCED_FACE('',(#1016),#257,.F.);
#7773=ADVANCED_FACE('',(#1017),#258,.F.);
#7774=ADVANCED_FACE('',(#1018),#259,.F.);
#7775=ADVANCED_FACE('',(#1019),#260,.F.);
#7776=ADVANCED_FACE('',(#1020),#261,.F.);
#7777=ADVANCED_FACE('',(#1021),#262,.F.);
#7778=ADVANCED_FACE('',(#1022),#263,.T.);
#7779=ADVANCED_FACE('',(#1023),#264,.T.);
#7780=ADVANCED_FACE('',(#1024),#7356,.F.);
#7781=ADVANCED_FACE('',(#1025),#7357,.F.);
#7782=ADVANCED_FACE('',(#1026),#7358,.F.);
#7783=ADVANCED_FACE('',(#1027),#7359,.F.);
#7784=ADVANCED_FACE('',(#1028),#7360,.F.);
#7785=ADVANCED_FACE('',(#1029),#7361,.F.);
#7786=ADVANCED_FACE('',(#1030),#7362,.F.);
#7787=ADVANCED_FACE('',(#1031),#7363,.F.);
#7788=ADVANCED_FACE('',(#1032),#7364,.F.);
#7789=ADVANCED_FACE('',(#1033),#7365,.F.);
#7790=ADVANCED_FACE('',(#1034),#265,.F.);
#7791=ADVANCED_FACE('',(#1035),#266,.T.);
#7792=ADVANCED_FACE('',(#1036),#7366,.F.);
#7793=ADVANCED_FACE('',(#1037),#7367,.T.);
#7794=ADVANCED_FACE('',(#1038,#510,#511,#512,#513),#603,.F.);
#7795=ADVANCED_FACE('',(#1039),#267,.T.);
#7796=ADVANCED_FACE('',(#1040,#514,#515,#516,#517),#604,.F.);
#7797=ADVANCED_FACE('',(#1041,#518),#605,.F.);
#7798=ADVANCED_FACE('',(#1042),#606,.T.);
#7799=ADVANCED_FACE('',(#1043),#607,.F.);
#7800=ADVANCED_FACE('',(#1044),#608,.F.);
#7801=ADVANCED_FACE('',(#1045),#609,.F.);
#7802=ADVANCED_FACE('',(#1046),#610,.F.);
#7803=ADVANCED_FACE('',(#1047),#611,.F.);
#7804=CLOSED_SHELL('',(#7368,#7369,#7370,#7371));
#7805=CLOSED_SHELL('',(#7372,#7373,#7374,#7375,#7376,#7377,#7378,#7379,
#7380,#7381,#7382,#7383,#7384,#7385,#7386,#7387,#7388,#7389,#7390,#7391,
#7392,#7393,#7394,#7395,#7396,#7397,#7398,#7399,#7400,#7401,#7402,#7403,
#7404,#7405,#7406,#7407,#7408,#7409,#7410,#7411,#7412,#7413,#7414,#7415,
#7416,#7417,#7418,#7419,#7420,#7421,#7422,#7423,#7424,#7425,#7426,#7427,
#7428,#7429,#7430,#7431,#7432,#7433,#7434,#7435,#7436,#7437,#7438,#7439,
#7440,#7441,#7442,#7443,#7444,#7445,#7446,#7447,#7448,#7449,#7450,#7451,
#7452,#7453,#7454,#7455,#7456,#7457,#7458,#7459,#7460,#7461,#7462,#7463,
#7464,#7465,#7466,#7467,#7468,#7469,#7470,#7471,#7472,#7473,#7474,#7475,
#7476,#7477,#7478,#7479,#7480,#7481,#7482,#7483,#7484,#7485,#7486,#7487,
#7488,#7489,#7490,#7491,#7492,#7493,#7494,#7495,#7496,#7497,#7498,#7499,
#7500,#7501,#7502,#7503,#7504,#7505,#7506,#7507,#7508,#7509,#7510,#7511,
#7512,#7513,#7514,#7515,#7516,#7517,#7518,#7519,#7520,#7521));
#7806=CLOSED_SHELL('',(#7522,#7523,#7524,#7525,#7526,#7527,#7528,#7529,
#7530,#7531,#7532,#7533,#7534,#7535,#7536,#7537,#7538,#7539,#7540,#7541,
#7542,#7543,#7544,#7545,#7546,#7547,#7548,#7549,#7550,#7551,#7552,#7553,
#7554,#7555,#7556,#7557,#7558,#7559,#7560,#7561,#7562,#7563,#7564,#7565,
#7566,#7567,#7568,#7569,#7570,#7571,#7572,#7573,#7574,#7575,#7576,#7577,
#7578,#7579,#7580,#7581,#7582,#7583,#7584,#7585,#7586,#7587,#7588,#7589,
#7590,#7591));
#7807=CLOSED_SHELL('',(#7592,#7593,#7594,#7595));
#7808=CLOSED_SHELL('',(#7596,#7597,#7598,#7599,#7600,#7601,#7602,#7603,
#7604,#7605,#7606,#7607,#7608,#7609,#7610,#7611,#7612,#7613,#7614,#7615,
#7616,#7617,#7618,#7619,#7620,#7621,#7622,#7623,#7624,#7625,#7626,#7627,
#7628,#7629,#7630,#7631));
#7809=CLOSED_SHELL('',(#7632,#7633,#7634,#7635,#7636,#7637,#7638,#7639,
#7640,#7641,#7642,#7643,#7644,#7645,#7646,#7647,#7648,#7649,#7650,#7651,
#7652,#7653,#7654,#7655,#7656,#7657,#7658,#7659,#7660,#7661,#7662,#7663));
#7810=CLOSED_SHELL('',(#7664,#7665,#7666,#7667,#7668,#7669,#7670,#7671,
#7672,#7673,#7674,#7675,#7676,#7677,#7678,#7679,#7680,#7681,#7682,#7683,
#7684,#7685,#7686,#7687,#7688,#7689,#7690,#7691,#7692,#7693,#7694,#7695));
#7811=CLOSED_SHELL('',(#7696,#7697,#7698,#7699,#7700,#7701,#7702,#7703,
#7704,#7705,#7706,#7707,#7708,#7709,#7710,#7711,#7712,#7713,#7714,#7715,
#7716,#7717,#7718,#7719,#7720,#7721,#7722,#7723,#7724,#7725,#7726,#7727));
#7812=CLOSED_SHELL('',(#7728,#7729,#7730,#7731,#7732,#7733,#7734,#7735,
#7736,#7737,#7738,#7739,#7740,#7741,#7742,#7743,#7744,#7745,#7746,#7747,
#7748,#7749,#7750,#7751,#7752,#7753,#7754,#7755,#7756,#7757,#7758,#7759));
#7813=CLOSED_SHELL('',(#7760,#7761,#7762,#7763,#7764,#7765,#7766,#7767,
#7768,#7769,#7770,#7771,#7772,#7773,#7774,#7775,#7776,#7777,#7778,#7779,
#7780,#7781,#7782,#7783,#7784,#7785,#7786,#7787,#7788,#7789,#7790,#7791,
#7792,#7793,#7794,#7795,#7796,#7797,#7798,#7799,#7800,#7801,#7802,#7803));
#7814=DERIVED_UNIT_ELEMENT(#7832,1.);
#7815=DERIVED_UNIT_ELEMENT(#13904,-3.);
#7816=DERIVED_UNIT_ELEMENT(#7832,1.);
#7817=DERIVED_UNIT_ELEMENT(#13904,-3.);
#7818=DERIVED_UNIT_ELEMENT(#7832,1.);
#7819=DERIVED_UNIT_ELEMENT(#13904,-3.);
#7820=DERIVED_UNIT_ELEMENT(#7832,1.);
#7821=DERIVED_UNIT_ELEMENT(#13904,-3.);
#7822=DERIVED_UNIT_ELEMENT(#7832,1.);
#7823=DERIVED_UNIT_ELEMENT(#13904,-3.);
#7824=DERIVED_UNIT_ELEMENT(#7832,1.);
#7825=DERIVED_UNIT_ELEMENT(#13904,-3.);
#7826=DERIVED_UNIT_ELEMENT(#7832,1.);
#7827=DERIVED_UNIT_ELEMENT(#13904,-3.);
#7828=DERIVED_UNIT_ELEMENT(#7832,1.);
#7829=DERIVED_UNIT_ELEMENT(#13904,-3.);
#7830=DERIVED_UNIT_ELEMENT(#7832,1.);
#7831=DERIVED_UNIT_ELEMENT(#13904,-3.);
#7832=(
MASS_UNIT()
NAMED_UNIT(*)
SI_UNIT(.KILO.,.GRAM.)
);
#7833=DERIVED_UNIT((#7814,#7815));
#7834=DERIVED_UNIT((#7816,#7817));
#7835=DERIVED_UNIT((#7818,#7819));
#7836=DERIVED_UNIT((#7820,#7821));
#7837=DERIVED_UNIT((#7822,#7823));
#7838=DERIVED_UNIT((#7824,#7825));
#7839=DERIVED_UNIT((#7826,#7827));
#7840=DERIVED_UNIT((#7828,#7829));
#7841=DERIVED_UNIT((#7830,#7831));
#7842=MEASURE_REPRESENTATION_ITEM('density measure',
POSITIVE_RATIO_MEASURE(7850.),#7833);
#7843=MEASURE_REPRESENTATION_ITEM('density measure',
POSITIVE_RATIO_MEASURE(7850.),#7834);
#7844=MEASURE_REPRESENTATION_ITEM('density measure',
POSITIVE_RATIO_MEASURE(7850.),#7835);
#7845=MEASURE_REPRESENTATION_ITEM('density measure',
POSITIVE_RATIO_MEASURE(7850.),#7836);
#7846=MEASURE_REPRESENTATION_ITEM('density measure',
POSITIVE_RATIO_MEASURE(7850.),#7837);
#7847=MEASURE_REPRESENTATION_ITEM('density measure',
POSITIVE_RATIO_MEASURE(7850.),#7838);
#7848=MEASURE_REPRESENTATION_ITEM('density measure',
POSITIVE_RATIO_MEASURE(7850.),#7839);
#7849=MEASURE_REPRESENTATION_ITEM('density measure',
POSITIVE_RATIO_MEASURE(7850.),#7840);
#7850=MEASURE_REPRESENTATION_ITEM('density measure',
POSITIVE_RATIO_MEASURE(7850.),#7841);
#7851=PROPERTY_DEFINITION_REPRESENTATION(#7896,#7869);
#7852=PROPERTY_DEFINITION_REPRESENTATION(#7897,#7870);
#7853=PROPERTY_DEFINITION_REPRESENTATION(#7898,#7871);
#7854=PROPERTY_DEFINITION_REPRESENTATION(#7899,#7872);
#7855=PROPERTY_DEFINITION_REPRESENTATION(#7900,#7873);
#7856=PROPERTY_DEFINITION_REPRESENTATION(#7901,#7874);
#7857=PROPERTY_DEFINITION_REPRESENTATION(#7902,#7875);
#7858=PROPERTY_DEFINITION_REPRESENTATION(#7903,#7876);
#7859=PROPERTY_DEFINITION_REPRESENTATION(#7904,#7877);
#7860=PROPERTY_DEFINITION_REPRESENTATION(#7905,#7878);
#7861=PROPERTY_DEFINITION_REPRESENTATION(#7906,#7879);
#7862=PROPERTY_DEFINITION_REPRESENTATION(#7907,#7880);
#7863=PROPERTY_DEFINITION_REPRESENTATION(#7908,#7881);
#7864=PROPERTY_DEFINITION_REPRESENTATION(#7909,#7882);
#7865=PROPERTY_DEFINITION_REPRESENTATION(#7910,#7883);
#7866=PROPERTY_DEFINITION_REPRESENTATION(#7911,#7884);
#7867=PROPERTY_DEFINITION_REPRESENTATION(#7912,#7885);
#7868=PROPERTY_DEFINITION_REPRESENTATION(#7913,#7886);
#7869=REPRESENTATION('material name',(#7887),#13893);
#7870=REPRESENTATION('density',(#7842),#13893);
#7871=REPRESENTATION('material name',(#7888),#13894);
#7872=REPRESENTATION('density',(#7843),#13894);
#7873=REPRESENTATION('material name',(#7889),#13895);
#7874=REPRESENTATION('density',(#7844),#13895);
#7875=REPRESENTATION('material name',(#7890),#13896);
#7876=REPRESENTATION('density',(#7845),#13896);
#7877=REPRESENTATION('material name',(#7891),#13897);
#7878=REPRESENTATION('density',(#7846),#13897);
#7879=REPRESENTATION('material name',(#7892),#13898);
#7880=REPRESENTATION('density',(#7847),#13898);
#7881=REPRESENTATION('material name',(#7893),#13899);
#7882=REPRESENTATION('density',(#7848),#13899);
#7883=REPRESENTATION('material name',(#7894),#13900);
#7884=REPRESENTATION('density',(#7849),#13900);
#7885=REPRESENTATION('material name',(#7895),#13901);
#7886=REPRESENTATION('density',(#7850),#13901);
#7887=DESCRIPTIVE_REPRESENTATION_ITEM('Steel','Steel');
#7888=DESCRIPTIVE_REPRESENTATION_ITEM('Steel','Steel');
#7889=DESCRIPTIVE_REPRESENTATION_ITEM('Steel','Steel');
#7890=DESCRIPTIVE_REPRESENTATION_ITEM('Steel','Steel');
#7891=DESCRIPTIVE_REPRESENTATION_ITEM('Steel','Steel');
#7892=DESCRIPTIVE_REPRESENTATION_ITEM('Steel','Steel');
#7893=DESCRIPTIVE_REPRESENTATION_ITEM('Steel','Steel');
#7894=DESCRIPTIVE_REPRESENTATION_ITEM('Steel','Steel');
#7895=DESCRIPTIVE_REPRESENTATION_ITEM('Steel','Steel');
#7896=PROPERTY_DEFINITION('material property','material name',#13948);
#7897=PROPERTY_DEFINITION('material property','density of part',#13948);
#7898=PROPERTY_DEFINITION('material property','material name',#13949);
#7899=PROPERTY_DEFINITION('material property','density of part',#13949);
#7900=PROPERTY_DEFINITION('material property','material name',#13950);
#7901=PROPERTY_DEFINITION('material property','density of part',#13950);
#7902=PROPERTY_DEFINITION('material property','material name',#13951);
#7903=PROPERTY_DEFINITION('material property','density of part',#13951);
#7904=PROPERTY_DEFINITION('material property','material name',#13952);
#7905=PROPERTY_DEFINITION('material property','density of part',#13952);
#7906=PROPERTY_DEFINITION('material property','material name',#13953);
#7907=PROPERTY_DEFINITION('material property','density of part',#13953);
#7908=PROPERTY_DEFINITION('material property','material name',#13954);
#7909=PROPERTY_DEFINITION('material property','density of part',#13954);
#7910=PROPERTY_DEFINITION('material property','material name',#13955);
#7911=PROPERTY_DEFINITION('material property','density of part',#13955);
#7912=PROPERTY_DEFINITION('material property','material name',#13956);
#7913=PROPERTY_DEFINITION('material property','density of part',#13956);
#7914=AXIS2_PLACEMENT_3D('',#11614,#8991,#8992);
#7915=AXIS2_PLACEMENT_3D('',#11615,#8993,#8994);
#7916=AXIS2_PLACEMENT_3D('',#11616,#8995,#8996);
#7917=AXIS2_PLACEMENT_3D('',#11618,#8997,#8998);
#7918=AXIS2_PLACEMENT_3D('',#11621,#9000,#9001);
#7919=AXIS2_PLACEMENT_3D('',#11622,#9002,#9003);
#7920=AXIS2_PLACEMENT_3D('',#11624,#9004,#9005);
#7921=AXIS2_PLACEMENT_3D('',#11625,#9006,#9007);
#7922=AXIS2_PLACEMENT_3D('',#11628,#9009,#9010);
#7923=AXIS2_PLACEMENT_3D('',#11629,#9011,#9012);
#7924=AXIS2_PLACEMENT_3D('',#11630,#9013,#9014);
#7925=AXIS2_PLACEMENT_3D('',#11633,#9015,#9016);
#7926=AXIS2_PLACEMENT_3D('',#11637,#9018,#9019);
#7927=AXIS2_PLACEMENT_3D('',#11639,#9021,#9022);
#7928=AXIS2_PLACEMENT_3D('',#11648,#9027,#9028);
#7929=AXIS2_PLACEMENT_3D('',#11657,#9033,#9034);
#7930=AXIS2_PLACEMENT_3D('',#11663,#9038,#9039);
#7931=AXIS2_PLACEMENT_3D('',#11664,#9040,#9041);
#7932=AXIS2_PLACEMENT_3D('',#11665,#9042,#9043);
#7933=AXIS2_PLACEMENT_3D('',#11666,#9044,#9045);
#7934=AXIS2_PLACEMENT_3D('',#11672,#9049,#9050);
#7935=AXIS2_PLACEMENT_3D('',#11673,#9051,#9052);
#7936=AXIS2_PLACEMENT_3D('',#11674,#9053,#9054);
#7937=AXIS2_PLACEMENT_3D('',#11675,#9055,#9056);
#7938=AXIS2_PLACEMENT_3D('',#11676,#9057,#9058);
#7939=AXIS2_PLACEMENT_3D('',#11679,#9059,#9060);
#7940=AXIS2_PLACEMENT_3D('',#11683,#9062,#9063);
#7941=AXIS2_PLACEMENT_3D('',#11685,#9065,#9066);
#7942=AXIS2_PLACEMENT_3D('',#11694,#9071,#9072);
#7943=AXIS2_PLACEMENT_3D('',#11703,#9077,#9078);
#7944=AXIS2_PLACEMENT_3D('',#11709,#9082,#9083);
#7945=AXIS2_PLACEMENT_3D('',#11710,#9084,#9085);
#7946=AXIS2_PLACEMENT_3D('',#11711,#9086,#9087);
#7947=AXIS2_PLACEMENT_3D('',#11712,#9088,#9089);
#7948=AXIS2_PLACEMENT_3D('',#11718,#9093,#9094);
#7949=AXIS2_PLACEMENT_3D('',#11719,#9095,#9096);
#7950=AXIS2_PLACEMENT_3D('',#11720,#9097,#9098);
#7951=AXIS2_PLACEMENT_3D('',#11721,#9099,#9100);
#7952=AXIS2_PLACEMENT_3D('',#11722,#9101,#9102);
#7953=AXIS2_PLACEMENT_3D('',#11725,#9103,#9104);
#7954=AXIS2_PLACEMENT_3D('',#11729,#9106,#9107);
#7955=AXIS2_PLACEMENT_3D('',#11731,#9109,#9110);
#7956=AXIS2_PLACEMENT_3D('',#11740,#9115,#9116);
#7957=AXIS2_PLACEMENT_3D('',#11749,#9121,#9122);
#7958=AXIS2_PLACEMENT_3D('',#11755,#9126,#9127);
#7959=AXIS2_PLACEMENT_3D('',#11756,#9128,#9129);
#7960=AXIS2_PLACEMENT_3D('',#11757,#9130,#9131);
#7961=AXIS2_PLACEMENT_3D('',#11758,#9132,#9133);
#7962=AXIS2_PLACEMENT_3D('',#11764,#9137,#9138);
#7963=AXIS2_PLACEMENT_3D('',#11765,#9139,#9140);
#7964=AXIS2_PLACEMENT_3D('',#11766,#9141,#9142);
#7965=AXIS2_PLACEMENT_3D('',#11767,#9143,#9144);
#7966=AXIS2_PLACEMENT_3D('',#11768,#9145,#9146);
#7967=AXIS2_PLACEMENT_3D('',#11770,#9147,#9148);
#7968=AXIS2_PLACEMENT_3D('',#11773,#9149,#9150);
#7969=AXIS2_PLACEMENT_3D('',#11775,#9151,#9152);
#7970=AXIS2_PLACEMENT_3D('',#11776,#9153,#9154);
#7971=AXIS2_PLACEMENT_3D('',#11778,#9155,#9156);
#7972=AXIS2_PLACEMENT_3D('',#11780,#9157,#9158);
#7973=AXIS2_PLACEMENT_3D('',#11782,#9159,#9160);
#7974=AXIS2_PLACEMENT_3D('',#11784,#9161,#9162);
#7975=AXIS2_PLACEMENT_3D('',#11786,#9163,#9164);
#7976=AXIS2_PLACEMENT_3D('',#11791,#9166,#9167);
#7977=AXIS2_PLACEMENT_3D('',#11795,#9169,#9170);
#7978=AXIS2_PLACEMENT_3D('',#11799,#9172,#9173);
#7979=AXIS2_PLACEMENT_3D('',#11803,#9175,#9176);
#7980=AXIS2_PLACEMENT_3D('',#11804,#9177,#9178);
#7981=AXIS2_PLACEMENT_3D('',#11809,#9180,#9181);
#7982=AXIS2_PLACEMENT_3D('',#11813,#9183,#9184);
#7983=AXIS2_PLACEMENT_3D('',#11815,#9185,#9186);
#7984=AXIS2_PLACEMENT_3D('',#11819,#9188,#9189);
#7985=AXIS2_PLACEMENT_3D('',#11822,#9191,#9192);
#7986=AXIS2_PLACEMENT_3D('',#11827,#9194,#9195);
#7987=AXIS2_PLACEMENT_3D('',#11829,#9196,#9197);
#7988=AXIS2_PLACEMENT_3D('',#11833,#9199,#9200);
#7989=AXIS2_PLACEMENT_3D('',#11837,#9202,#9203);
#7990=AXIS2_PLACEMENT_3D('',#11840,#9205,#9206);
#7991=AXIS2_PLACEMENT_3D('',#11842,#9207,#9208);
#7992=AXIS2_PLACEMENT_3D('',#11843,#9209,#9210);
#7993=AXIS2_PLACEMENT_3D('',#11844,#9211,#9212);
#7994=AXIS2_PLACEMENT_3D('',#11846,#9213,#9214);
#7995=AXIS2_PLACEMENT_3D('',#11847,#9215,#9216);
#7996=AXIS2_PLACEMENT_3D('',#11848,#9217,#9218);
#7997=AXIS2_PLACEMENT_3D('',#11850,#9219,#9220);
#7998=AXIS2_PLACEMENT_3D('',#11851,#9221,#9222);
#7999=AXIS2_PLACEMENT_3D('',#11852,#9223,#9224);
#8000=AXIS2_PLACEMENT_3D('',#11853,#9225,#9226);
#8001=AXIS2_PLACEMENT_3D('',#11855,#9227,#9228);
#8002=AXIS2_PLACEMENT_3D('',#11858,#9230,#9231);
#8003=AXIS2_PLACEMENT_3D('',#11860,#9233,#9234);
#8004=AXIS2_PLACEMENT_3D('',#11862,#9235,#9236);
#8005=AXIS2_PLACEMENT_3D('',#11865,#9238,#9239);
#8006=AXIS2_PLACEMENT_3D('',#11867,#9241,#9242);
#8007=AXIS2_PLACEMENT_3D('',#11869,#9243,#9244);
#8008=AXIS2_PLACEMENT_3D('',#11872,#9246,#9247);
#8009=AXIS2_PLACEMENT_3D('',#11874,#9249,#9250);
#8010=AXIS2_PLACEMENT_3D('',#11880,#9254,#9255);
#8011=AXIS2_PLACEMENT_3D('',#11886,#9259,#9260);
#8012=AXIS2_PLACEMENT_3D('',#11888,#9261,#9262);
#8013=AXIS2_PLACEMENT_3D('',#11890,#9263,#9264);
#8014=AXIS2_PLACEMENT_3D('',#11892,#9266,#9267);
#8015=AXIS2_PLACEMENT_3D('',#11894,#9268,#9269);
#8016=AXIS2_PLACEMENT_3D('',#11897,#9271,#9272);
#8017=AXIS2_PLACEMENT_3D('',#11898,#9273,#9274);
#8018=AXIS2_PLACEMENT_3D('',#11901,#9277,#9278);
#8019=AXIS2_PLACEMENT_3D('',#11903,#9280,#9281);
#8020=AXIS2_PLACEMENT_3D('',#11905,#9283,#9284);
#8021=AXIS2_PLACEMENT_3D('',#11906,#9285,#9286);
#8022=AXIS2_PLACEMENT_3D('',#11909,#9288,#9289);
#8023=AXIS2_PLACEMENT_3D('',#11910,#9290,#9291);
#8024=AXIS2_PLACEMENT_3D('',#11914,#9293,#9294);
#8025=AXIS2_PLACEMENT_3D('',#11916,#9296,#9297);
#8026=AXIS2_PLACEMENT_3D('',#11922,#9301,#9302);
#8027=AXIS2_PLACEMENT_3D('',#11924,#9303,#9304);
#8028=AXIS2_PLACEMENT_3D('',#11927,#9306,#9307);
#8029=AXIS2_PLACEMENT_3D('',#11928,#9308,#9309);
#8030=AXIS2_PLACEMENT_3D('',#11931,#9312,#9313);
#8031=AXIS2_PLACEMENT_3D('',#11935,#9316,#9317);
#8032=AXIS2_PLACEMENT_3D('',#11936,#9318,#9319);
#8033=AXIS2_PLACEMENT_3D('',#11940,#9322,#9323);
#8034=AXIS2_PLACEMENT_3D('',#11941,#9324,#9325);
#8035=AXIS2_PLACEMENT_3D('',#11942,#9326,#9327);
#8036=AXIS2_PLACEMENT_3D('',#11946,#9329,#9330);
#8037=AXIS2_PLACEMENT_3D('',#11948,#9332,#9333);
#8038=AXIS2_PLACEMENT_3D('',#11954,#9337,#9338);
#8039=AXIS2_PLACEMENT_3D('',#11960,#9342,#9343);
#8040=AXIS2_PLACEMENT_3D('',#11964,#9346,#9347);
#8041=AXIS2_PLACEMENT_3D('',#11965,#9348,#9349);
#8042=AXIS2_PLACEMENT_3D('',#11966,#9350,#9351);
#8043=AXIS2_PLACEMENT_3D('',#11967,#9352,#9353);
#8044=AXIS2_PLACEMENT_3D('',#11971,#9356,#9357);
#8045=AXIS2_PLACEMENT_3D('',#11972,#9358,#9359);
#8046=AXIS2_PLACEMENT_3D('',#11973,#9360,#9361);
#8047=AXIS2_PLACEMENT_3D('',#11974,#9362,#9363);
#8048=AXIS2_PLACEMENT_3D('',#11976,#9364,#9365);
#8049=AXIS2_PLACEMENT_3D('',#11979,#9367,#9368);
#8050=AXIS2_PLACEMENT_3D('',#11981,#9370,#9371);
#8051=AXIS2_PLACEMENT_3D('',#11983,#9372,#9373);
#8052=AXIS2_PLACEMENT_3D('',#11986,#9375,#9376);
#8053=AXIS2_PLACEMENT_3D('',#11988,#9378,#9379);
#8054=AXIS2_PLACEMENT_3D('',#11991,#9381,#9382);
#8055=AXIS2_PLACEMENT_3D('',#12017,#9384,#9385);
#8056=AXIS2_PLACEMENT_3D('',#12018,#9386,#9387);
#8057=AXIS2_PLACEMENT_3D('',#12020,#9388,#9389);
#8058=AXIS2_PLACEMENT_3D('',#12023,#9391,#9392);
#8059=AXIS2_PLACEMENT_3D('',#12024,#9393,#9394);
#8060=AXIS2_PLACEMENT_3D('',#12026,#9395,#9396);
#8061=AXIS2_PLACEMENT_3D('',#12027,#9397,#9398);
#8062=AXIS2_PLACEMENT_3D('',#12029,#9399,#9400);
#8063=AXIS2_PLACEMENT_3D('',#12032,#9402,#9403);
#8064=AXIS2_PLACEMENT_3D('',#12033,#9404,#9405);
#8065=AXIS2_PLACEMENT_3D('',#12035,#9406,#9407);
#8066=AXIS2_PLACEMENT_3D('',#12036,#9408,#9409);
#8067=AXIS2_PLACEMENT_3D('',#12038,#9410,#9411);
#8068=AXIS2_PLACEMENT_3D('',#12041,#9413,#9414);
#8069=AXIS2_PLACEMENT_3D('',#12042,#9415,#9416);
#8070=AXIS2_PLACEMENT_3D('',#12044,#9417,#9418);
#8071=AXIS2_PLACEMENT_3D('',#12045,#9419,#9420);
#8072=AXIS2_PLACEMENT_3D('',#12047,#9421,#9422);
#8073=AXIS2_PLACEMENT_3D('',#12050,#9424,#9425);
#8074=AXIS2_PLACEMENT_3D('',#12051,#9426,#9427);
#8075=AXIS2_PLACEMENT_3D('',#12053,#9428,#9429);
#8076=AXIS2_PLACEMENT_3D('',#12054,#9430,#9431);
#8077=AXIS2_PLACEMENT_3D('',#12056,#9432,#9433);
#8078=AXIS2_PLACEMENT_3D('',#12059,#9435,#9436);
#8079=AXIS2_PLACEMENT_3D('',#12060,#9437,#9438);
#8080=AXIS2_PLACEMENT_3D('',#12062,#9439,#9440);
#8081=AXIS2_PLACEMENT_3D('',#12063,#9441,#9442);
#8082=AXIS2_PLACEMENT_3D('',#12066,#9444,#9445);
#8083=AXIS2_PLACEMENT_3D('',#12067,#9446,#9447);
#8084=AXIS2_PLACEMENT_3D('',#12069,#9449,#9450);
#8085=AXIS2_PLACEMENT_3D('',#12071,#9452,#9453);
#8086=AXIS2_PLACEMENT_3D('',#12073,#9455,#9456);
#8087=AXIS2_PLACEMENT_3D('',#12075,#9458,#9459);
#8088=AXIS2_PLACEMENT_3D('',#12077,#9461,#9462);
#8089=AXIS2_PLACEMENT_3D('',#12080,#9463,#9464);
#8090=AXIS2_PLACEMENT_3D('',#12081,#9465,#9466);
#8091=AXIS2_PLACEMENT_3D('',#12084,#9468,#9469);
#8092=AXIS2_PLACEMENT_3D('',#12085,#9470,#9471);
#8093=AXIS2_PLACEMENT_3D('',#12087,#9472,#9473);
#8094=AXIS2_PLACEMENT_3D('',#12090,#9475,#9476);
#8095=AXIS2_PLACEMENT_3D('',#12091,#9477,#9478);
#8096=AXIS2_PLACEMENT_3D('',#12094,#9479,#9480);
#8097=AXIS2_PLACEMENT_3D('',#12095,#9481,#9482);
#8098=AXIS2_PLACEMENT_3D('',#12098,#9484,#9485);
#8099=AXIS2_PLACEMENT_3D('',#12099,#9486,#9487);
#8100=AXIS2_PLACEMENT_3D('',#12101,#9488,#9489);
#8101=AXIS2_PLACEMENT_3D('',#12104,#9491,#9492);
#8102=AXIS2_PLACEMENT_3D('',#12105,#9493,#9494);
#8103=AXIS2_PLACEMENT_3D('',#12108,#9495,#9496);
#8104=AXIS2_PLACEMENT_3D('',#12109,#9497,#9498);
#8105=AXIS2_PLACEMENT_3D('',#12112,#9500,#9501);
#8106=AXIS2_PLACEMENT_3D('',#12113,#9502,#9503);
#8107=AXIS2_PLACEMENT_3D('',#12115,#9504,#9505);
#8108=AXIS2_PLACEMENT_3D('',#12118,#9507,#9508);
#8109=AXIS2_PLACEMENT_3D('',#12119,#9509,#9510);
#8110=AXIS2_PLACEMENT_3D('',#12122,#9511,#9512);
#8111=AXIS2_PLACEMENT_3D('',#12123,#9513,#9514);
#8112=AXIS2_PLACEMENT_3D('',#12126,#9516,#9517);
#8113=AXIS2_PLACEMENT_3D('',#12127,#9518,#9519);
#8114=AXIS2_PLACEMENT_3D('',#12129,#9520,#9521);
#8115=AXIS2_PLACEMENT_3D('',#12132,#9523,#9524);
#8116=AXIS2_PLACEMENT_3D('',#12133,#9525,#9526);
#8117=AXIS2_PLACEMENT_3D('',#12136,#9527,#9528);
#8118=AXIS2_PLACEMENT_3D('',#12137,#9529,#9530);
#8119=AXIS2_PLACEMENT_3D('',#12140,#9532,#9533);
#8120=AXIS2_PLACEMENT_3D('',#12141,#9534,#9535);
#8121=AXIS2_PLACEMENT_3D('',#12143,#9536,#9537);
#8122=AXIS2_PLACEMENT_3D('',#12146,#9539,#9540);
#8123=AXIS2_PLACEMENT_3D('',#12147,#9541,#9542);
#8124=AXIS2_PLACEMENT_3D('',#12150,#9543,#9544);
#8125=AXIS2_PLACEMENT_3D('',#12151,#9545,#9546);
#8126=AXIS2_PLACEMENT_3D('',#12154,#9548,#9549);
#8127=AXIS2_PLACEMENT_3D('',#12155,#9550,#9551);
#8128=AXIS2_PLACEMENT_3D('',#12157,#9552,#9553);
#8129=AXIS2_PLACEMENT_3D('',#12160,#9555,#9556);
#8130=AXIS2_PLACEMENT_3D('',#12161,#9557,#9558);
#8131=AXIS2_PLACEMENT_3D('',#12164,#9559,#9560);
#8132=AXIS2_PLACEMENT_3D('',#12165,#9561,#9562);
#8133=AXIS2_PLACEMENT_3D('',#12168,#9564,#9565);
#8134=AXIS2_PLACEMENT_3D('',#12169,#9566,#9567);
#8135=AXIS2_PLACEMENT_3D('',#12171,#9568,#9569);
#8136=AXIS2_PLACEMENT_3D('',#12174,#9571,#9572);
#8137=AXIS2_PLACEMENT_3D('',#12175,#9573,#9574);
#8138=AXIS2_PLACEMENT_3D('',#12178,#9575,#9576);
#8139=AXIS2_PLACEMENT_3D('',#12179,#9577,#9578);
#8140=AXIS2_PLACEMENT_3D('',#12182,#9580,#9581);
#8141=AXIS2_PLACEMENT_3D('',#12183,#9582,#9583);
#8142=AXIS2_PLACEMENT_3D('',#12185,#9584,#9585);
#8143=AXIS2_PLACEMENT_3D('',#12188,#9587,#9588);
#8144=AXIS2_PLACEMENT_3D('',#12189,#9589,#9590);
#8145=AXIS2_PLACEMENT_3D('',#12192,#9591,#9592);
#8146=AXIS2_PLACEMENT_3D('',#12193,#9593,#9594);
#8147=AXIS2_PLACEMENT_3D('',#12196,#9596,#9597);
#8148=AXIS2_PLACEMENT_3D('',#12197,#9598,#9599);
#8149=AXIS2_PLACEMENT_3D('',#12199,#9600,#9601);
#8150=AXIS2_PLACEMENT_3D('',#12202,#9603,#9604);
#8151=AXIS2_PLACEMENT_3D('',#12203,#9605,#9606);
#8152=AXIS2_PLACEMENT_3D('',#12206,#9607,#9608);
#8153=AXIS2_PLACEMENT_3D('',#12207,#9609,#9610);
#8154=AXIS2_PLACEMENT_3D('',#12210,#9612,#9613);
#8155=AXIS2_PLACEMENT_3D('',#12211,#9614,#9615);
#8156=AXIS2_PLACEMENT_3D('',#12213,#9616,#9617);
#8157=AXIS2_PLACEMENT_3D('',#12216,#9619,#9620);
#8158=AXIS2_PLACEMENT_3D('',#12217,#9621,#9622);
#8159=AXIS2_PLACEMENT_3D('',#12220,#9623,#9624);
#8160=AXIS2_PLACEMENT_3D('',#12221,#9625,#9626);
#8161=AXIS2_PLACEMENT_3D('',#12224,#9628,#9629);
#8162=AXIS2_PLACEMENT_3D('',#12225,#9630,#9631);
#8163=AXIS2_PLACEMENT_3D('',#12227,#9632,#9633);
#8164=AXIS2_PLACEMENT_3D('',#12230,#9635,#9636);
#8165=AXIS2_PLACEMENT_3D('',#12231,#9637,#9638);
#8166=AXIS2_PLACEMENT_3D('',#12234,#9639,#9640);
#8167=AXIS2_PLACEMENT_3D('',#12235,#9641,#9642);
#8168=AXIS2_PLACEMENT_3D('',#12238,#9644,#9645);
#8169=AXIS2_PLACEMENT_3D('',#12239,#9646,#9647);
#8170=AXIS2_PLACEMENT_3D('',#12241,#9648,#9649);
#8171=AXIS2_PLACEMENT_3D('',#12244,#9651,#9652);
#8172=AXIS2_PLACEMENT_3D('',#12245,#9653,#9654);
#8173=AXIS2_PLACEMENT_3D('',#12248,#9655,#9656);
#8174=AXIS2_PLACEMENT_3D('',#12249,#9657,#9658);
#8175=AXIS2_PLACEMENT_3D('',#12252,#9660,#9661);
#8176=AXIS2_PLACEMENT_3D('',#12253,#9662,#9663);
#8177=AXIS2_PLACEMENT_3D('',#12255,#9664,#9665);
#8178=AXIS2_PLACEMENT_3D('',#12258,#9667,#9668);
#8179=AXIS2_PLACEMENT_3D('',#12259,#9669,#9670);
#8180=AXIS2_PLACEMENT_3D('',#12262,#9671,#9672);
#8181=AXIS2_PLACEMENT_3D('',#12263,#9673,#9674);
#8182=AXIS2_PLACEMENT_3D('',#12266,#9676,#9677);
#8183=AXIS2_PLACEMENT_3D('',#12267,#9678,#9679);
#8184=AXIS2_PLACEMENT_3D('',#12269,#9680,#9681);
#8185=AXIS2_PLACEMENT_3D('',#12272,#9683,#9684);
#8186=AXIS2_PLACEMENT_3D('',#12273,#9685,#9686);
#8187=AXIS2_PLACEMENT_3D('',#12276,#9687,#9688);
#8188=AXIS2_PLACEMENT_3D('',#12277,#9689,#9690);
#8189=AXIS2_PLACEMENT_3D('',#12280,#9692,#9693);
#8190=AXIS2_PLACEMENT_3D('',#12281,#9694,#9695);
#8191=AXIS2_PLACEMENT_3D('',#12283,#9696,#9697);
#8192=AXIS2_PLACEMENT_3D('',#12286,#9699,#9700);
#8193=AXIS2_PLACEMENT_3D('',#12287,#9701,#9702);
#8194=AXIS2_PLACEMENT_3D('',#12290,#9703,#9704);
#8195=AXIS2_PLACEMENT_3D('',#12291,#9705,#9706);
#8196=AXIS2_PLACEMENT_3D('',#12294,#9708,#9709);
#8197=AXIS2_PLACEMENT_3D('',#12295,#9710,#9711);
#8198=AXIS2_PLACEMENT_3D('',#12297,#9712,#9713);
#8199=AXIS2_PLACEMENT_3D('',#12300,#9715,#9716);
#8200=AXIS2_PLACEMENT_3D('',#12301,#9717,#9718);
#8201=AXIS2_PLACEMENT_3D('',#12304,#9719,#9720);
#8202=AXIS2_PLACEMENT_3D('',#12305,#9721,#9722);
#8203=AXIS2_PLACEMENT_3D('',#12308,#9724,#9725);
#8204=AXIS2_PLACEMENT_3D('',#12309,#9726,#9727);
#8205=AXIS2_PLACEMENT_3D('',#12311,#9728,#9729);
#8206=AXIS2_PLACEMENT_3D('',#12314,#9731,#9732);
#8207=AXIS2_PLACEMENT_3D('',#12315,#9733,#9734);
#8208=AXIS2_PLACEMENT_3D('',#12318,#9735,#9736);
#8209=AXIS2_PLACEMENT_3D('',#12319,#9737,#9738);
#8210=AXIS2_PLACEMENT_3D('',#12322,#9740,#9741);
#8211=AXIS2_PLACEMENT_3D('',#12323,#9742,#9743);
#8212=AXIS2_PLACEMENT_3D('',#12325,#9744,#9745);
#8213=AXIS2_PLACEMENT_3D('',#12328,#9747,#9748);
#8214=AXIS2_PLACEMENT_3D('',#12329,#9749,#9750);
#8215=AXIS2_PLACEMENT_3D('',#12332,#9751,#9752);
#8216=AXIS2_PLACEMENT_3D('',#12333,#9753,#9754);
#8217=AXIS2_PLACEMENT_3D('',#12336,#9756,#9757);
#8218=AXIS2_PLACEMENT_3D('',#12337,#9758,#9759);
#8219=AXIS2_PLACEMENT_3D('',#12339,#9760,#9761);
#8220=AXIS2_PLACEMENT_3D('',#12342,#9763,#9764);
#8221=AXIS2_PLACEMENT_3D('',#12343,#9765,#9766);
#8222=AXIS2_PLACEMENT_3D('',#12346,#9767,#9768);
#8223=AXIS2_PLACEMENT_3D('',#12347,#9769,#9770);
#8224=AXIS2_PLACEMENT_3D('',#12350,#9772,#9773);
#8225=AXIS2_PLACEMENT_3D('',#12351,#9774,#9775);
#8226=AXIS2_PLACEMENT_3D('',#12353,#9776,#9777);
#8227=AXIS2_PLACEMENT_3D('',#12356,#9779,#9780);
#8228=AXIS2_PLACEMENT_3D('',#12357,#9781,#9782);
#8229=AXIS2_PLACEMENT_3D('',#12360,#9783,#9784);
#8230=AXIS2_PLACEMENT_3D('',#12361,#9785,#9786);
#8231=AXIS2_PLACEMENT_3D('',#12364,#9788,#9789);
#8232=AXIS2_PLACEMENT_3D('',#12365,#9790,#9791);
#8233=AXIS2_PLACEMENT_3D('',#12367,#9792,#9793);
#8234=AXIS2_PLACEMENT_3D('',#12370,#9795,#9796);
#8235=AXIS2_PLACEMENT_3D('',#12371,#9797,#9798);
#8236=AXIS2_PLACEMENT_3D('',#12373,#9799,#9800);
#8237=AXIS2_PLACEMENT_3D('',#12376,#9802,#9803);
#8238=AXIS2_PLACEMENT_3D('',#12377,#9804,#9805);
#8239=AXIS2_PLACEMENT_3D('',#12379,#9806,#9807);
#8240=AXIS2_PLACEMENT_3D('',#12382,#9809,#9810);
#8241=AXIS2_PLACEMENT_3D('',#12383,#9811,#9812);
#8242=AXIS2_PLACEMENT_3D('',#12385,#9813,#9814);
#8243=AXIS2_PLACEMENT_3D('',#12388,#9816,#9817);
#8244=AXIS2_PLACEMENT_3D('',#12389,#9818,#9819);
#8245=AXIS2_PLACEMENT_3D('',#12391,#9820,#9821);
#8246=AXIS2_PLACEMENT_3D('',#12394,#9823,#9824);
#8247=AXIS2_PLACEMENT_3D('',#12395,#9825,#9826);
#8248=AXIS2_PLACEMENT_3D('',#12397,#9828,#9829);
#8249=AXIS2_PLACEMENT_3D('',#12399,#9831,#9832);
#8250=AXIS2_PLACEMENT_3D('',#12401,#9834,#9835);
#8251=AXIS2_PLACEMENT_3D('',#12403,#9837,#9838);
#8252=AXIS2_PLACEMENT_3D('',#12405,#9840,#9841);
#8253=AXIS2_PLACEMENT_3D('',#12407,#9843,#9844);
#8254=AXIS2_PLACEMENT_3D('',#12409,#9846,#9847);
#8255=AXIS2_PLACEMENT_3D('',#12411,#9849,#9850);
#8256=AXIS2_PLACEMENT_3D('',#12413,#9852,#9853);
#8257=AXIS2_PLACEMENT_3D('',#12415,#9855,#9856);
#8258=AXIS2_PLACEMENT_3D('',#12417,#9858,#9859);
#8259=AXIS2_PLACEMENT_3D('',#12419,#9861,#9862);
#8260=AXIS2_PLACEMENT_3D('',#12421,#9864,#9865);
#8261=AXIS2_PLACEMENT_3D('',#12423,#9867,#9868);
#8262=AXIS2_PLACEMENT_3D('',#12425,#9870,#9871);
#8263=AXIS2_PLACEMENT_3D('',#12427,#9873,#9874);
#8264=AXIS2_PLACEMENT_3D('',#12429,#9876,#9877);
#8265=AXIS2_PLACEMENT_3D('',#12431,#9879,#9880);
#8266=AXIS2_PLACEMENT_3D('',#12433,#9882,#9883);
#8267=AXIS2_PLACEMENT_3D('',#12435,#9885,#9886);
#8268=AXIS2_PLACEMENT_3D('',#12439,#9888,#9889);
#8269=AXIS2_PLACEMENT_3D('',#12440,#9890,#9891);
#8270=AXIS2_PLACEMENT_3D('',#12441,#9892,#9893);
#8271=AXIS2_PLACEMENT_3D('',#12443,#9894,#9895);
#8272=AXIS2_PLACEMENT_3D('',#12445,#9897,#9898);
#8273=AXIS2_PLACEMENT_3D('',#12447,#9899,#9900);
#8274=AXIS2_PLACEMENT_3D('',#12449,#9902,#9903);
#8275=AXIS2_PLACEMENT_3D('',#12451,#9905,#9906);
#8276=AXIS2_PLACEMENT_3D('',#12452,#9907,#9908);
#8277=AXIS2_PLACEMENT_3D('',#12453,#9909,#9910);
#8278=AXIS2_PLACEMENT_3D('',#12454,#9911,#9912);
#8279=AXIS2_PLACEMENT_3D('',#12456,#9913,#9914);
#8280=AXIS2_PLACEMENT_3D('',#12459,#9916,#9917);
#8281=AXIS2_PLACEMENT_3D('',#12460,#9918,#9919);
#8282=AXIS2_PLACEMENT_3D('',#12462,#9920,#9921);
#8283=AXIS2_PLACEMENT_3D('',#12464,#9923,#9924);
#8284=AXIS2_PLACEMENT_3D('',#12466,#9925,#9926);
#8285=AXIS2_PLACEMENT_3D('',#12467,#9927,#9928);
#8286=AXIS2_PLACEMENT_3D('',#12469,#9929,#9930);
#8287=AXIS2_PLACEMENT_3D('',#12471,#9931,#9932);
#8288=AXIS2_PLACEMENT_3D('',#12473,#9933,#9934);
#8289=AXIS2_PLACEMENT_3D('',#12475,#9935,#9936);
#8290=AXIS2_PLACEMENT_3D('',#12477,#9937,#9938);
#8291=AXIS2_PLACEMENT_3D('',#12479,#9939,#9940);
#8292=AXIS2_PLACEMENT_3D('',#12481,#9941,#9942);
#8293=AXIS2_PLACEMENT_3D('',#12483,#9943,#9944);
#8294=AXIS2_PLACEMENT_3D('',#12485,#9945,#9946);
#8295=AXIS2_PLACEMENT_3D('',#12487,#9947,#9948);
#8296=AXIS2_PLACEMENT_3D('',#12489,#9949,#9950);
#8297=AXIS2_PLACEMENT_3D('',#12491,#9951,#9952);
#8298=AXIS2_PLACEMENT_3D('',#12493,#9953,#9954);
#8299=AXIS2_PLACEMENT_3D('',#12495,#9955,#9956);
#8300=AXIS2_PLACEMENT_3D('',#12497,#9957,#9958);
#8301=AXIS2_PLACEMENT_3D('',#12499,#9959,#9960);
#8302=AXIS2_PLACEMENT_3D('',#12501,#9961,#9962);
#8303=AXIS2_PLACEMENT_3D('',#12503,#9963,#9964);
#8304=AXIS2_PLACEMENT_3D('',#12504,#9965,#9966);
#8305=AXIS2_PLACEMENT_3D('',#12507,#9967,#9968);
#8306=AXIS2_PLACEMENT_3D('',#12508,#9969,#9970);
#8307=AXIS2_PLACEMENT_3D('',#12510,#9971,#9972);
#8308=AXIS2_PLACEMENT_3D('',#12511,#9973,#9974);
#8309=AXIS2_PLACEMENT_3D('',#12512,#9975,#9976);
#8310=AXIS2_PLACEMENT_3D('',#12515,#9977,#9978);
#8311=AXIS2_PLACEMENT_3D('',#12516,#9979,#9980);
#8312=AXIS2_PLACEMENT_3D('',#12518,#9982,#9983);
#8313=AXIS2_PLACEMENT_3D('',#12520,#9984,#9985);
#8314=AXIS2_PLACEMENT_3D('',#12523,#9987,#9988);
#8315=AXIS2_PLACEMENT_3D('',#12524,#9989,#9990);
#8316=AXIS2_PLACEMENT_3D('',#12527,#9991,#9992);
#8317=AXIS2_PLACEMENT_3D('',#12528,#9993,#9994);
#8318=AXIS2_PLACEMENT_3D('',#12530,#9996,#9997);
#8319=AXIS2_PLACEMENT_3D('',#12532,#9998,#9999);
#8320=AXIS2_PLACEMENT_3D('',#12535,#10001,#10002);
#8321=AXIS2_PLACEMENT_3D('',#12536,#10003,#10004);
#8322=AXIS2_PLACEMENT_3D('',#12539,#10005,#10006);
#8323=AXIS2_PLACEMENT_3D('',#12540,#10007,#10008);
#8324=AXIS2_PLACEMENT_3D('',#12542,#10010,#10011);
#8325=AXIS2_PLACEMENT_3D('',#12544,#10012,#10013);
#8326=AXIS2_PLACEMENT_3D('',#12547,#10015,#10016);
#8327=AXIS2_PLACEMENT_3D('',#12548,#10017,#10018);
#8328=AXIS2_PLACEMENT_3D('',#12551,#10019,#10020);
#8329=AXIS2_PLACEMENT_3D('',#12552,#10021,#10022);
#8330=AXIS2_PLACEMENT_3D('',#12554,#10024,#10025);
#8331=AXIS2_PLACEMENT_3D('',#12556,#10026,#10027);
#8332=AXIS2_PLACEMENT_3D('',#12559,#10029,#10030);
#8333=AXIS2_PLACEMENT_3D('',#12560,#10031,#10032);
#8334=AXIS2_PLACEMENT_3D('',#12563,#10033,#10034);
#8335=AXIS2_PLACEMENT_3D('',#12564,#10035,#10036);
#8336=AXIS2_PLACEMENT_3D('',#12566,#10038,#10039);
#8337=AXIS2_PLACEMENT_3D('',#12568,#10040,#10041);
#8338=AXIS2_PLACEMENT_3D('',#12571,#10043,#10044);
#8339=AXIS2_PLACEMENT_3D('',#12572,#10045,#10046);
#8340=AXIS2_PLACEMENT_3D('',#12575,#10047,#10048);
#8341=AXIS2_PLACEMENT_3D('',#12576,#10049,#10050);
#8342=AXIS2_PLACEMENT_3D('',#12578,#10052,#10053);
#8343=AXIS2_PLACEMENT_3D('',#12580,#10054,#10055);
#8344=AXIS2_PLACEMENT_3D('',#12583,#10057,#10058);
#8345=AXIS2_PLACEMENT_3D('',#12584,#10059,#10060);
#8346=AXIS2_PLACEMENT_3D('',#12587,#10061,#10062);
#8347=AXIS2_PLACEMENT_3D('',#12588,#10063,#10064);
#8348=AXIS2_PLACEMENT_3D('',#12590,#10066,#10067);
#8349=AXIS2_PLACEMENT_3D('',#12592,#10068,#10069);
#8350=AXIS2_PLACEMENT_3D('',#12595,#10071,#10072);
#8351=AXIS2_PLACEMENT_3D('',#12596,#10073,#10074);
#8352=AXIS2_PLACEMENT_3D('',#12599,#10075,#10076);
#8353=AXIS2_PLACEMENT_3D('',#12600,#10077,#10078);
#8354=AXIS2_PLACEMENT_3D('',#12602,#10080,#10081);
#8355=AXIS2_PLACEMENT_3D('',#12604,#10082,#10083);
#8356=AXIS2_PLACEMENT_3D('',#12607,#10085,#10086);
#8357=AXIS2_PLACEMENT_3D('',#12608,#10087,#10088);
#8358=AXIS2_PLACEMENT_3D('',#12611,#10089,#10090);
#8359=AXIS2_PLACEMENT_3D('',#12612,#10091,#10092);
#8360=AXIS2_PLACEMENT_3D('',#12614,#10094,#10095);
#8361=AXIS2_PLACEMENT_3D('',#12616,#10096,#10097);
#8362=AXIS2_PLACEMENT_3D('',#12619,#10099,#10100);
#8363=AXIS2_PLACEMENT_3D('',#12620,#10101,#10102);
#8364=AXIS2_PLACEMENT_3D('',#12623,#10103,#10104);
#8365=AXIS2_PLACEMENT_3D('',#12624,#10105,#10106);
#8366=AXIS2_PLACEMENT_3D('',#12626,#10108,#10109);
#8367=AXIS2_PLACEMENT_3D('',#12628,#10110,#10111);
#8368=AXIS2_PLACEMENT_3D('',#12631,#10113,#10114);
#8369=AXIS2_PLACEMENT_3D('',#12632,#10115,#10116);
#8370=AXIS2_PLACEMENT_3D('',#12635,#10117,#10118);
#8371=AXIS2_PLACEMENT_3D('',#12636,#10119,#10120);
#8372=AXIS2_PLACEMENT_3D('',#12638,#10122,#10123);
#8373=AXIS2_PLACEMENT_3D('',#12640,#10124,#10125);
#8374=AXIS2_PLACEMENT_3D('',#12643,#10127,#10128);
#8375=AXIS2_PLACEMENT_3D('',#12644,#10129,#10130);
#8376=AXIS2_PLACEMENT_3D('',#12647,#10131,#10132);
#8377=AXIS2_PLACEMENT_3D('',#12648,#10133,#10134);
#8378=AXIS2_PLACEMENT_3D('',#12650,#10136,#10137);
#8379=AXIS2_PLACEMENT_3D('',#12652,#10138,#10139);
#8380=AXIS2_PLACEMENT_3D('',#12655,#10141,#10142);
#8381=AXIS2_PLACEMENT_3D('',#12656,#10143,#10144);
#8382=AXIS2_PLACEMENT_3D('',#12659,#10145,#10146);
#8383=AXIS2_PLACEMENT_3D('',#12660,#10147,#10148);
#8384=AXIS2_PLACEMENT_3D('',#12662,#10150,#10151);
#8385=AXIS2_PLACEMENT_3D('',#12664,#10152,#10153);
#8386=AXIS2_PLACEMENT_3D('',#12667,#10155,#10156);
#8387=AXIS2_PLACEMENT_3D('',#12668,#10157,#10158);
#8388=AXIS2_PLACEMENT_3D('',#12671,#10159,#10160);
#8389=AXIS2_PLACEMENT_3D('',#12672,#10161,#10162);
#8390=AXIS2_PLACEMENT_3D('',#12674,#10164,#10165);
#8391=AXIS2_PLACEMENT_3D('',#12676,#10166,#10167);
#8392=AXIS2_PLACEMENT_3D('',#12679,#10169,#10170);
#8393=AXIS2_PLACEMENT_3D('',#12680,#10171,#10172);
#8394=AXIS2_PLACEMENT_3D('',#12683,#10173,#10174);
#8395=AXIS2_PLACEMENT_3D('',#12684,#10175,#10176);
#8396=AXIS2_PLACEMENT_3D('',#12686,#10178,#10179);
#8397=AXIS2_PLACEMENT_3D('',#12688,#10180,#10181);
#8398=AXIS2_PLACEMENT_3D('',#12691,#10183,#10184);
#8399=AXIS2_PLACEMENT_3D('',#12692,#10185,#10186);
#8400=AXIS2_PLACEMENT_3D('',#12695,#10187,#10188);
#8401=AXIS2_PLACEMENT_3D('',#12696,#10189,#10190);
#8402=AXIS2_PLACEMENT_3D('',#12698,#10192,#10193);
#8403=AXIS2_PLACEMENT_3D('',#12700,#10194,#10195);
#8404=AXIS2_PLACEMENT_3D('',#12703,#10197,#10198);
#8405=AXIS2_PLACEMENT_3D('',#12704,#10199,#10200);
#8406=AXIS2_PLACEMENT_3D('',#12707,#10201,#10202);
#8407=AXIS2_PLACEMENT_3D('',#12711,#10204,#10205);
#8408=AXIS2_PLACEMENT_3D('',#12713,#10206,#10207);
#8409=AXIS2_PLACEMENT_3D('',#12715,#10209,#10210);
#8410=AXIS2_PLACEMENT_3D('',#12717,#10211,#10212);
#8411=AXIS2_PLACEMENT_3D('',#12719,#10214,#10215);
#8412=AXIS2_PLACEMENT_3D('',#12721,#10217,#10218);
#8413=AXIS2_PLACEMENT_3D('',#12723,#10220,#10221);
#8414=AXIS2_PLACEMENT_3D('',#12725,#10223,#10224);
#8415=AXIS2_PLACEMENT_3D('',#12727,#10226,#10227);
#8416=AXIS2_PLACEMENT_3D('',#12729,#10229,#10230);
#8417=AXIS2_PLACEMENT_3D('',#12731,#10232,#10233);
#8418=AXIS2_PLACEMENT_3D('',#12733,#10235,#10236);
#8419=AXIS2_PLACEMENT_3D('',#12735,#10238,#10239);
#8420=AXIS2_PLACEMENT_3D('',#12737,#10241,#10242);
#8421=AXIS2_PLACEMENT_3D('',#12739,#10244,#10245);
#8422=AXIS2_PLACEMENT_3D('',#12741,#10247,#10248);
#8423=AXIS2_PLACEMENT_3D('',#12743,#10250,#10251);
#8424=AXIS2_PLACEMENT_3D('',#12745,#10253,#10254);
#8425=AXIS2_PLACEMENT_3D('',#12747,#10256,#10257);
#8426=AXIS2_PLACEMENT_3D('',#12749,#10259,#10260);
#8427=AXIS2_PLACEMENT_3D('',#12751,#10262,#10263);
#8428=AXIS2_PLACEMENT_3D('',#12754,#10265,#10266);
#8429=AXIS2_PLACEMENT_3D('',#12755,#10267,#10268);
#8430=AXIS2_PLACEMENT_3D('',#12758,#10269,#10270);
#8431=AXIS2_PLACEMENT_3D('',#12762,#10272,#10273);
#8432=AXIS2_PLACEMENT_3D('',#12768,#10277,#10278);
#8433=AXIS2_PLACEMENT_3D('',#12770,#10280,#10281);
#8434=AXIS2_PLACEMENT_3D('',#12774,#10283,#10284);
#8435=AXIS2_PLACEMENT_3D('',#12778,#10286,#10287);
#8436=AXIS2_PLACEMENT_3D('',#12782,#10289,#10290);
#8437=AXIS2_PLACEMENT_3D('',#12786,#10292,#10293);
#8438=AXIS2_PLACEMENT_3D('',#12789,#10295,#10296);
#8439=AXIS2_PLACEMENT_3D('',#12790,#10297,#10298);
#8440=AXIS2_PLACEMENT_3D('',#12794,#10300,#10301);
#8441=AXIS2_PLACEMENT_3D('',#12795,#10302,#10303);
#8442=AXIS2_PLACEMENT_3D('',#12796,#10304,#10305);
#8443=AXIS2_PLACEMENT_3D('',#12798,#10307,#10308);
#8444=AXIS2_PLACEMENT_3D('',#12801,#10309,#10310);
#8445=AXIS2_PLACEMENT_3D('',#12804,#10313,#10314);
#8446=AXIS2_PLACEMENT_3D('',#12807,#10317,#10318);
#8447=AXIS2_PLACEMENT_3D('',#12810,#10321,#10322);
#8448=AXIS2_PLACEMENT_3D('',#12811,#10323,#10324);
#8449=AXIS2_PLACEMENT_3D('',#12813,#10326,#10327);
#8450=AXIS2_PLACEMENT_3D('',#12815,#10329,#10330);
#8451=AXIS2_PLACEMENT_3D('',#12816,#10331,#10332);
#8452=AXIS2_PLACEMENT_3D('',#12818,#10334,#10335);
#8453=AXIS2_PLACEMENT_3D('',#12820,#10337,#10338);
#8454=AXIS2_PLACEMENT_3D('',#12821,#10339,#10340);
#8455=AXIS2_PLACEMENT_3D('',#12822,#10341,#10342);
#8456=AXIS2_PLACEMENT_3D('',#12824,#10343,#10344);
#8457=AXIS2_PLACEMENT_3D('',#12826,#10345,#10346);
#8458=AXIS2_PLACEMENT_3D('',#12827,#10347,#10348);
#8459=AXIS2_PLACEMENT_3D('',#12829,#10349,#10350);
#8460=AXIS2_PLACEMENT_3D('',#12831,#10352,#10353);
#8461=AXIS2_PLACEMENT_3D('',#12833,#10354,#10355);
#8462=AXIS2_PLACEMENT_3D('',#12834,#10356,#10357);
#8463=AXIS2_PLACEMENT_3D('',#12836,#10359,#10360);
#8464=AXIS2_PLACEMENT_3D('',#12837,#10361,#10362);
#8465=AXIS2_PLACEMENT_3D('',#12839,#10363,#10364);
#8466=AXIS2_PLACEMENT_3D('',#12842,#10366,#10367);
#8467=AXIS2_PLACEMENT_3D('',#12843,#10368,#10369);
#8468=AXIS2_PLACEMENT_3D('',#12845,#10370,#10371);
#8469=AXIS2_PLACEMENT_3D('',#12848,#10373,#10374);
#8470=AXIS2_PLACEMENT_3D('',#12849,#10375,#10376);
#8471=AXIS2_PLACEMENT_3D('',#12851,#10377,#10378);
#8472=AXIS2_PLACEMENT_3D('',#12853,#10380,#10381);
#8473=AXIS2_PLACEMENT_3D('',#12856,#10382,#10383);
#8474=AXIS2_PLACEMENT_3D('',#12857,#10384,#10385);
#8475=AXIS2_PLACEMENT_3D('',#12860,#10387,#10388);
#8476=AXIS2_PLACEMENT_3D('',#12861,#10389,#10390);
#8477=AXIS2_PLACEMENT_3D('',#12863,#10391,#10392);
#8478=AXIS2_PLACEMENT_3D('',#12866,#10394,#10395);
#8479=AXIS2_PLACEMENT_3D('',#12867,#10396,#10397);
#8480=AXIS2_PLACEMENT_3D('',#12870,#10398,#10399);
#8481=AXIS2_PLACEMENT_3D('',#12871,#10400,#10401);
#8482=AXIS2_PLACEMENT_3D('',#12874,#10403,#10404);
#8483=AXIS2_PLACEMENT_3D('',#12875,#10405,#10406);
#8484=AXIS2_PLACEMENT_3D('',#12877,#10407,#10408);
#8485=AXIS2_PLACEMENT_3D('',#12880,#10410,#10411);
#8486=AXIS2_PLACEMENT_3D('',#12881,#10412,#10413);
#8487=AXIS2_PLACEMENT_3D('',#12884,#10414,#10415);
#8488=AXIS2_PLACEMENT_3D('',#12885,#10416,#10417);
#8489=AXIS2_PLACEMENT_3D('',#12888,#10419,#10420);
#8490=AXIS2_PLACEMENT_3D('',#12889,#10421,#10422);
#8491=AXIS2_PLACEMENT_3D('',#12891,#10423,#10424);
#8492=AXIS2_PLACEMENT_3D('',#12894,#10426,#10427);
#8493=AXIS2_PLACEMENT_3D('',#12895,#10428,#10429);
#8494=AXIS2_PLACEMENT_3D('',#12898,#10430,#10431);
#8495=AXIS2_PLACEMENT_3D('',#12899,#10432,#10433);
#8496=AXIS2_PLACEMENT_3D('',#12902,#10435,#10436);
#8497=AXIS2_PLACEMENT_3D('',#12903,#10437,#10438);
#8498=AXIS2_PLACEMENT_3D('',#12905,#10439,#10440);
#8499=AXIS2_PLACEMENT_3D('',#12908,#10442,#10443);
#8500=AXIS2_PLACEMENT_3D('',#12909,#10444,#10445);
#8501=AXIS2_PLACEMENT_3D('',#12912,#10446,#10447);
#8502=AXIS2_PLACEMENT_3D('',#12913,#10448,#10449);
#8503=AXIS2_PLACEMENT_3D('',#12916,#10451,#10452);
#8504=AXIS2_PLACEMENT_3D('',#12917,#10453,#10454);
#8505=AXIS2_PLACEMENT_3D('',#12919,#10455,#10456);
#8506=AXIS2_PLACEMENT_3D('',#12922,#10458,#10459);
#8507=AXIS2_PLACEMENT_3D('',#12923,#10460,#10461);
#8508=AXIS2_PLACEMENT_3D('',#12926,#10462,#10463);
#8509=AXIS2_PLACEMENT_3D('',#12927,#10464,#10465);
#8510=AXIS2_PLACEMENT_3D('',#12930,#10467,#10468);
#8511=AXIS2_PLACEMENT_3D('',#12931,#10469,#10470);
#8512=AXIS2_PLACEMENT_3D('',#12933,#10471,#10472);
#8513=AXIS2_PLACEMENT_3D('',#12936,#10474,#10475);
#8514=AXIS2_PLACEMENT_3D('',#12937,#10476,#10477);
#8515=AXIS2_PLACEMENT_3D('',#12940,#10478,#10479);
#8516=AXIS2_PLACEMENT_3D('',#12941,#10480,#10481);
#8517=AXIS2_PLACEMENT_3D('',#12943,#10482,#10483);
#8518=AXIS2_PLACEMENT_3D('',#12945,#10484,#10485);
#8519=AXIS2_PLACEMENT_3D('',#12947,#10486,#10487);
#8520=AXIS2_PLACEMENT_3D('',#12949,#10488,#10489);
#8521=AXIS2_PLACEMENT_3D('',#12951,#10490,#10491);
#8522=AXIS2_PLACEMENT_3D('',#12952,#10492,#10493);
#8523=AXIS2_PLACEMENT_3D('',#12953,#10494,#10495);
#8524=AXIS2_PLACEMENT_3D('',#12955,#10496,#10497);
#8525=AXIS2_PLACEMENT_3D('',#12958,#10499,#10500);
#8526=AXIS2_PLACEMENT_3D('',#12959,#10501,#10502);
#8527=AXIS2_PLACEMENT_3D('',#12962,#10503,#10504);
#8528=AXIS2_PLACEMENT_3D('',#12966,#10506,#10507);
#8529=AXIS2_PLACEMENT_3D('',#12968,#10508,#10509);
#8530=AXIS2_PLACEMENT_3D('',#12970,#10511,#10512);
#8531=AXIS2_PLACEMENT_3D('',#12972,#10514,#10515);
#8532=AXIS2_PLACEMENT_3D('',#12974,#10517,#10518);
#8533=AXIS2_PLACEMENT_3D('',#12976,#10520,#10521);
#8534=AXIS2_PLACEMENT_3D('',#12978,#10523,#10524);
#8535=AXIS2_PLACEMENT_3D('',#12980,#10526,#10527);
#8536=AXIS2_PLACEMENT_3D('',#12982,#10529,#10530);
#8537=AXIS2_PLACEMENT_3D('',#12984,#10531,#10532);
#8538=AXIS2_PLACEMENT_3D('',#12988,#10534,#10535);
#8539=AXIS2_PLACEMENT_3D('',#12989,#10536,#10537);
#8540=AXIS2_PLACEMENT_3D('',#12990,#10538,#10539);
#8541=AXIS2_PLACEMENT_3D('',#12992,#10541,#10542);
#8542=AXIS2_PLACEMENT_3D('',#12996,#10544,#10545);
#8543=AXIS2_PLACEMENT_3D('',#12998,#10547,#10548);
#8544=AXIS2_PLACEMENT_3D('',#13003,#10551,#10552);
#8545=AXIS2_PLACEMENT_3D('',#13005,#10554,#10555);
#8546=AXIS2_PLACEMENT_3D('',#13007,#10556,#10557);
#8547=AXIS2_PLACEMENT_3D('',#13009,#10559,#10560);
#8548=AXIS2_PLACEMENT_3D('',#13010,#10561,#10562);
#8549=AXIS2_PLACEMENT_3D('',#13013,#10565,#10566);
#8550=AXIS2_PLACEMENT_3D('',#13014,#10567,#10568);
#8551=AXIS2_PLACEMENT_3D('',#13017,#10571,#10572);
#8552=AXIS2_PLACEMENT_3D('',#13018,#10573,#10574);
#8553=AXIS2_PLACEMENT_3D('',#13019,#10575,#10576);
#8554=AXIS2_PLACEMENT_3D('',#13020,#10577,#10578);
#8555=AXIS2_PLACEMENT_3D('',#13021,#10579,#10580);
#8556=AXIS2_PLACEMENT_3D('',#13023,#10581,#10582);
#8557=AXIS2_PLACEMENT_3D('',#13026,#10584,#10585);
#8558=AXIS2_PLACEMENT_3D('',#13027,#10586,#10587);
#8559=AXIS2_PLACEMENT_3D('',#13029,#10588,#10589);
#8560=AXIS2_PLACEMENT_3D('',#13032,#10591,#10592);
#8561=AXIS2_PLACEMENT_3D('',#13033,#10593,#10594);
#8562=AXIS2_PLACEMENT_3D('',#13035,#10595,#10596);
#8563=AXIS2_PLACEMENT_3D('',#13037,#10598,#10599);
#8564=AXIS2_PLACEMENT_3D('',#13040,#10600,#10601);
#8565=AXIS2_PLACEMENT_3D('',#13041,#10602,#10603);
#8566=AXIS2_PLACEMENT_3D('',#13044,#10605,#10606);
#8567=AXIS2_PLACEMENT_3D('',#13045,#10607,#10608);
#8568=AXIS2_PLACEMENT_3D('',#13047,#10609,#10610);
#8569=AXIS2_PLACEMENT_3D('',#13050,#10612,#10613);
#8570=AXIS2_PLACEMENT_3D('',#13051,#10614,#10615);
#8571=AXIS2_PLACEMENT_3D('',#13054,#10616,#10617);
#8572=AXIS2_PLACEMENT_3D('',#13055,#10618,#10619);
#8573=AXIS2_PLACEMENT_3D('',#13058,#10621,#10622);
#8574=AXIS2_PLACEMENT_3D('',#13059,#10623,#10624);
#8575=AXIS2_PLACEMENT_3D('',#13061,#10625,#10626);
#8576=AXIS2_PLACEMENT_3D('',#13064,#10628,#10629);
#8577=AXIS2_PLACEMENT_3D('',#13065,#10630,#10631);
#8578=AXIS2_PLACEMENT_3D('',#13068,#10632,#10633);
#8579=AXIS2_PLACEMENT_3D('',#13069,#10634,#10635);
#8580=AXIS2_PLACEMENT_3D('',#13072,#10637,#10638);
#8581=AXIS2_PLACEMENT_3D('',#13073,#10639,#10640);
#8582=AXIS2_PLACEMENT_3D('',#13075,#10641,#10642);
#8583=AXIS2_PLACEMENT_3D('',#13078,#10644,#10645);
#8584=AXIS2_PLACEMENT_3D('',#13079,#10646,#10647);
#8585=AXIS2_PLACEMENT_3D('',#13082,#10648,#10649);
#8586=AXIS2_PLACEMENT_3D('',#13083,#10650,#10651);
#8587=AXIS2_PLACEMENT_3D('',#13086,#10653,#10654);
#8588=AXIS2_PLACEMENT_3D('',#13087,#10655,#10656);
#8589=AXIS2_PLACEMENT_3D('',#13089,#10657,#10658);
#8590=AXIS2_PLACEMENT_3D('',#13092,#10660,#10661);
#8591=AXIS2_PLACEMENT_3D('',#13093,#10662,#10663);
#8592=AXIS2_PLACEMENT_3D('',#13096,#10664,#10665);
#8593=AXIS2_PLACEMENT_3D('',#13097,#10666,#10667);
#8594=AXIS2_PLACEMENT_3D('',#13100,#10669,#10670);
#8595=AXIS2_PLACEMENT_3D('',#13101,#10671,#10672);
#8596=AXIS2_PLACEMENT_3D('',#13103,#10673,#10674);
#8597=AXIS2_PLACEMENT_3D('',#13106,#10676,#10677);
#8598=AXIS2_PLACEMENT_3D('',#13107,#10678,#10679);
#8599=AXIS2_PLACEMENT_3D('',#13110,#10680,#10681);
#8600=AXIS2_PLACEMENT_3D('',#13111,#10682,#10683);
#8601=AXIS2_PLACEMENT_3D('',#13114,#10685,#10686);
#8602=AXIS2_PLACEMENT_3D('',#13115,#10687,#10688);
#8603=AXIS2_PLACEMENT_3D('',#13117,#10689,#10690);
#8604=AXIS2_PLACEMENT_3D('',#13120,#10692,#10693);
#8605=AXIS2_PLACEMENT_3D('',#13121,#10694,#10695);
#8606=AXIS2_PLACEMENT_3D('',#13123,#10697,#10698);
#8607=AXIS2_PLACEMENT_3D('',#13125,#10700,#10701);
#8608=AXIS2_PLACEMENT_3D('',#13127,#10703,#10704);
#8609=AXIS2_PLACEMENT_3D('',#13129,#10706,#10707);
#8610=AXIS2_PLACEMENT_3D('',#13131,#10709,#10710);
#8611=AXIS2_PLACEMENT_3D('',#13133,#10712,#10713);
#8612=AXIS2_PLACEMENT_3D('',#13135,#10714,#10715);
#8613=AXIS2_PLACEMENT_3D('',#13138,#10717,#10718);
#8614=AXIS2_PLACEMENT_3D('',#13139,#10719,#10720);
#8615=AXIS2_PLACEMENT_3D('',#13142,#10721,#10722);
#8616=AXIS2_PLACEMENT_3D('',#13143,#10723,#10724);
#8617=AXIS2_PLACEMENT_3D('',#13146,#10726,#10727);
#8618=AXIS2_PLACEMENT_3D('',#13147,#10728,#10729);
#8619=AXIS2_PLACEMENT_3D('',#13149,#10730,#10731);
#8620=AXIS2_PLACEMENT_3D('',#13153,#10733,#10734);
#8621=AXIS2_PLACEMENT_3D('',#13154,#10735,#10736);
#8622=AXIS2_PLACEMENT_3D('',#13155,#10737,#10738);
#8623=AXIS2_PLACEMENT_3D('',#13158,#10739,#10740);
#8624=AXIS2_PLACEMENT_3D('',#13160,#10742,#10743);
#8625=AXIS2_PLACEMENT_3D('',#13161,#10744,#10745);
#8626=AXIS2_PLACEMENT_3D('',#13164,#10747,#10748);
#8627=AXIS2_PLACEMENT_3D('',#13165,#10749,#10750);
#8628=AXIS2_PLACEMENT_3D('',#13167,#10752,#10753);
#8629=AXIS2_PLACEMENT_3D('',#13169,#10754,#10755);
#8630=AXIS2_PLACEMENT_3D('',#13171,#10757,#10758);
#8631=AXIS2_PLACEMENT_3D('',#13172,#10759,#10760);
#8632=AXIS2_PLACEMENT_3D('',#13173,#10761,#10762);
#8633=AXIS2_PLACEMENT_3D('',#13174,#10763,#10764);
#8634=AXIS2_PLACEMENT_3D('',#13175,#10765,#10766);
#8635=AXIS2_PLACEMENT_3D('',#13176,#10767,#10768);
#8636=AXIS2_PLACEMENT_3D('',#13178,#10769,#10770);
#8637=AXIS2_PLACEMENT_3D('',#13181,#10772,#10773);
#8638=AXIS2_PLACEMENT_3D('',#13182,#10774,#10775);
#8639=AXIS2_PLACEMENT_3D('',#13184,#10776,#10777);
#8640=AXIS2_PLACEMENT_3D('',#13187,#10779,#10780);
#8641=AXIS2_PLACEMENT_3D('',#13188,#10781,#10782);
#8642=AXIS2_PLACEMENT_3D('',#13190,#10783,#10784);
#8643=AXIS2_PLACEMENT_3D('',#13192,#10786,#10787);
#8644=AXIS2_PLACEMENT_3D('',#13195,#10788,#10789);
#8645=AXIS2_PLACEMENT_3D('',#13196,#10790,#10791);
#8646=AXIS2_PLACEMENT_3D('',#13199,#10793,#10794);
#8647=AXIS2_PLACEMENT_3D('',#13200,#10795,#10796);
#8648=AXIS2_PLACEMENT_3D('',#13202,#10797,#10798);
#8649=AXIS2_PLACEMENT_3D('',#13205,#10800,#10801);
#8650=AXIS2_PLACEMENT_3D('',#13206,#10802,#10803);
#8651=AXIS2_PLACEMENT_3D('',#13209,#10804,#10805);
#8652=AXIS2_PLACEMENT_3D('',#13210,#10806,#10807);
#8653=AXIS2_PLACEMENT_3D('',#13213,#10809,#10810);
#8654=AXIS2_PLACEMENT_3D('',#13214,#10811,#10812);
#8655=AXIS2_PLACEMENT_3D('',#13216,#10813,#10814);
#8656=AXIS2_PLACEMENT_3D('',#13219,#10816,#10817);
#8657=AXIS2_PLACEMENT_3D('',#13220,#10818,#10819);
#8658=AXIS2_PLACEMENT_3D('',#13223,#10820,#10821);
#8659=AXIS2_PLACEMENT_3D('',#13224,#10822,#10823);
#8660=AXIS2_PLACEMENT_3D('',#13227,#10825,#10826);
#8661=AXIS2_PLACEMENT_3D('',#13228,#10827,#10828);
#8662=AXIS2_PLACEMENT_3D('',#13230,#10829,#10830);
#8663=AXIS2_PLACEMENT_3D('',#13233,#10832,#10833);
#8664=AXIS2_PLACEMENT_3D('',#13234,#10834,#10835);
#8665=AXIS2_PLACEMENT_3D('',#13237,#10836,#10837);
#8666=AXIS2_PLACEMENT_3D('',#13238,#10838,#10839);
#8667=AXIS2_PLACEMENT_3D('',#13241,#10841,#10842);
#8668=AXIS2_PLACEMENT_3D('',#13242,#10843,#10844);
#8669=AXIS2_PLACEMENT_3D('',#13244,#10845,#10846);
#8670=AXIS2_PLACEMENT_3D('',#13247,#10848,#10849);
#8671=AXIS2_PLACEMENT_3D('',#13248,#10850,#10851);
#8672=AXIS2_PLACEMENT_3D('',#13251,#10852,#10853);
#8673=AXIS2_PLACEMENT_3D('',#13252,#10854,#10855);
#8674=AXIS2_PLACEMENT_3D('',#13255,#10857,#10858);
#8675=AXIS2_PLACEMENT_3D('',#13256,#10859,#10860);
#8676=AXIS2_PLACEMENT_3D('',#13258,#10861,#10862);
#8677=AXIS2_PLACEMENT_3D('',#13261,#10864,#10865);
#8678=AXIS2_PLACEMENT_3D('',#13262,#10866,#10867);
#8679=AXIS2_PLACEMENT_3D('',#13265,#10868,#10869);
#8680=AXIS2_PLACEMENT_3D('',#13266,#10870,#10871);
#8681=AXIS2_PLACEMENT_3D('',#13269,#10873,#10874);
#8682=AXIS2_PLACEMENT_3D('',#13270,#10875,#10876);
#8683=AXIS2_PLACEMENT_3D('',#13272,#10877,#10878);
#8684=AXIS2_PLACEMENT_3D('',#13275,#10880,#10881);
#8685=AXIS2_PLACEMENT_3D('',#13276,#10882,#10883);
#8686=AXIS2_PLACEMENT_3D('',#13278,#10885,#10886);
#8687=AXIS2_PLACEMENT_3D('',#13280,#10888,#10889);
#8688=AXIS2_PLACEMENT_3D('',#13282,#10891,#10892);
#8689=AXIS2_PLACEMENT_3D('',#13284,#10894,#10895);
#8690=AXIS2_PLACEMENT_3D('',#13286,#10897,#10898);
#8691=AXIS2_PLACEMENT_3D('',#13288,#10900,#10901);
#8692=AXIS2_PLACEMENT_3D('',#13290,#10902,#10903);
#8693=AXIS2_PLACEMENT_3D('',#13293,#10905,#10906);
#8694=AXIS2_PLACEMENT_3D('',#13294,#10907,#10908);
#8695=AXIS2_PLACEMENT_3D('',#13297,#10909,#10910);
#8696=AXIS2_PLACEMENT_3D('',#13298,#10911,#10912);
#8697=AXIS2_PLACEMENT_3D('',#13301,#10914,#10915);
#8698=AXIS2_PLACEMENT_3D('',#13302,#10916,#10917);
#8699=AXIS2_PLACEMENT_3D('',#13304,#10918,#10919);
#8700=AXIS2_PLACEMENT_3D('',#13308,#10921,#10922);
#8701=AXIS2_PLACEMENT_3D('',#13309,#10923,#10924);
#8702=AXIS2_PLACEMENT_3D('',#13310,#10925,#10926);
#8703=AXIS2_PLACEMENT_3D('',#13313,#10927,#10928);
#8704=AXIS2_PLACEMENT_3D('',#13315,#10930,#10931);
#8705=AXIS2_PLACEMENT_3D('',#13316,#10932,#10933);
#8706=AXIS2_PLACEMENT_3D('',#13319,#10935,#10936);
#8707=AXIS2_PLACEMENT_3D('',#13320,#10937,#10938);
#8708=AXIS2_PLACEMENT_3D('',#13322,#10940,#10941);
#8709=AXIS2_PLACEMENT_3D('',#13324,#10942,#10943);
#8710=AXIS2_PLACEMENT_3D('',#13326,#10945,#10946);
#8711=AXIS2_PLACEMENT_3D('',#13327,#10947,#10948);
#8712=AXIS2_PLACEMENT_3D('',#13328,#10949,#10950);
#8713=AXIS2_PLACEMENT_3D('',#13329,#10951,#10952);
#8714=AXIS2_PLACEMENT_3D('',#13330,#10953,#10954);
#8715=AXIS2_PLACEMENT_3D('',#13331,#10955,#10956);
#8716=AXIS2_PLACEMENT_3D('',#13333,#10957,#10958);
#8717=AXIS2_PLACEMENT_3D('',#13336,#10960,#10961);
#8718=AXIS2_PLACEMENT_3D('',#13337,#10962,#10963);
#8719=AXIS2_PLACEMENT_3D('',#13339,#10964,#10965);
#8720=AXIS2_PLACEMENT_3D('',#13342,#10967,#10968);
#8721=AXIS2_PLACEMENT_3D('',#13343,#10969,#10970);
#8722=AXIS2_PLACEMENT_3D('',#13345,#10971,#10972);
#8723=AXIS2_PLACEMENT_3D('',#13347,#10974,#10975);
#8724=AXIS2_PLACEMENT_3D('',#13350,#10976,#10977);
#8725=AXIS2_PLACEMENT_3D('',#13351,#10978,#10979);
#8726=AXIS2_PLACEMENT_3D('',#13354,#10981,#10982);
#8727=AXIS2_PLACEMENT_3D('',#13355,#10983,#10984);
#8728=AXIS2_PLACEMENT_3D('',#13357,#10985,#10986);
#8729=AXIS2_PLACEMENT_3D('',#13360,#10988,#10989);
#8730=AXIS2_PLACEMENT_3D('',#13361,#10990,#10991);
#8731=AXIS2_PLACEMENT_3D('',#13364,#10992,#10993);
#8732=AXIS2_PLACEMENT_3D('',#13365,#10994,#10995);
#8733=AXIS2_PLACEMENT_3D('',#13368,#10997,#10998);
#8734=AXIS2_PLACEMENT_3D('',#13369,#10999,#11000);
#8735=AXIS2_PLACEMENT_3D('',#13371,#11001,#11002);
#8736=AXIS2_PLACEMENT_3D('',#13374,#11004,#11005);
#8737=AXIS2_PLACEMENT_3D('',#13375,#11006,#11007);
#8738=AXIS2_PLACEMENT_3D('',#13378,#11008,#11009);
#8739=AXIS2_PLACEMENT_3D('',#13379,#11010,#11011);
#8740=AXIS2_PLACEMENT_3D('',#13382,#11013,#11014);
#8741=AXIS2_PLACEMENT_3D('',#13383,#11015,#11016);
#8742=AXIS2_PLACEMENT_3D('',#13385,#11017,#11018);
#8743=AXIS2_PLACEMENT_3D('',#13388,#11020,#11021);
#8744=AXIS2_PLACEMENT_3D('',#13389,#11022,#11023);
#8745=AXIS2_PLACEMENT_3D('',#13392,#11024,#11025);
#8746=AXIS2_PLACEMENT_3D('',#13393,#11026,#11027);
#8747=AXIS2_PLACEMENT_3D('',#13396,#11029,#11030);
#8748=AXIS2_PLACEMENT_3D('',#13397,#11031,#11032);
#8749=AXIS2_PLACEMENT_3D('',#13399,#11033,#11034);
#8750=AXIS2_PLACEMENT_3D('',#13402,#11036,#11037);
#8751=AXIS2_PLACEMENT_3D('',#13403,#11038,#11039);
#8752=AXIS2_PLACEMENT_3D('',#13406,#11040,#11041);
#8753=AXIS2_PLACEMENT_3D('',#13407,#11042,#11043);
#8754=AXIS2_PLACEMENT_3D('',#13410,#11045,#11046);
#8755=AXIS2_PLACEMENT_3D('',#13411,#11047,#11048);
#8756=AXIS2_PLACEMENT_3D('',#13413,#11049,#11050);
#8757=AXIS2_PLACEMENT_3D('',#13416,#11052,#11053);
#8758=AXIS2_PLACEMENT_3D('',#13417,#11054,#11055);
#8759=AXIS2_PLACEMENT_3D('',#13420,#11056,#11057);
#8760=AXIS2_PLACEMENT_3D('',#13421,#11058,#11059);
#8761=AXIS2_PLACEMENT_3D('',#13424,#11061,#11062);
#8762=AXIS2_PLACEMENT_3D('',#13425,#11063,#11064);
#8763=AXIS2_PLACEMENT_3D('',#13427,#11065,#11066);
#8764=AXIS2_PLACEMENT_3D('',#13430,#11068,#11069);
#8765=AXIS2_PLACEMENT_3D('',#13431,#11070,#11071);
#8766=AXIS2_PLACEMENT_3D('',#13433,#11073,#11074);
#8767=AXIS2_PLACEMENT_3D('',#13435,#11076,#11077);
#8768=AXIS2_PLACEMENT_3D('',#13437,#11079,#11080);
#8769=AXIS2_PLACEMENT_3D('',#13439,#11082,#11083);
#8770=AXIS2_PLACEMENT_3D('',#13441,#11085,#11086);
#8771=AXIS2_PLACEMENT_3D('',#13443,#11088,#11089);
#8772=AXIS2_PLACEMENT_3D('',#13445,#11090,#11091);
#8773=AXIS2_PLACEMENT_3D('',#13448,#11093,#11094);
#8774=AXIS2_PLACEMENT_3D('',#13449,#11095,#11096);
#8775=AXIS2_PLACEMENT_3D('',#13452,#11097,#11098);
#8776=AXIS2_PLACEMENT_3D('',#13453,#11099,#11100);
#8777=AXIS2_PLACEMENT_3D('',#13456,#11102,#11103);
#8778=AXIS2_PLACEMENT_3D('',#13457,#11104,#11105);
#8779=AXIS2_PLACEMENT_3D('',#13459,#11106,#11107);
#8780=AXIS2_PLACEMENT_3D('',#13463,#11109,#11110);
#8781=AXIS2_PLACEMENT_3D('',#13464,#11111,#11112);
#8782=AXIS2_PLACEMENT_3D('',#13465,#11113,#11114);
#8783=AXIS2_PLACEMENT_3D('',#13468,#11115,#11116);
#8784=AXIS2_PLACEMENT_3D('',#13470,#11118,#11119);
#8785=AXIS2_PLACEMENT_3D('',#13471,#11120,#11121);
#8786=AXIS2_PLACEMENT_3D('',#13474,#11123,#11124);
#8787=AXIS2_PLACEMENT_3D('',#13475,#11125,#11126);
#8788=AXIS2_PLACEMENT_3D('',#13477,#11128,#11129);
#8789=AXIS2_PLACEMENT_3D('',#13479,#11130,#11131);
#8790=AXIS2_PLACEMENT_3D('',#13481,#11133,#11134);
#8791=AXIS2_PLACEMENT_3D('',#13482,#11135,#11136);
#8792=AXIS2_PLACEMENT_3D('',#13483,#11137,#11138);
#8793=AXIS2_PLACEMENT_3D('',#13484,#11139,#11140);
#8794=AXIS2_PLACEMENT_3D('',#13485,#11141,#11142);
#8795=AXIS2_PLACEMENT_3D('',#13486,#11143,#11144);
#8796=AXIS2_PLACEMENT_3D('',#13488,#11145,#11146);
#8797=AXIS2_PLACEMENT_3D('',#13491,#11148,#11149);
#8798=AXIS2_PLACEMENT_3D('',#13492,#11150,#11151);
#8799=AXIS2_PLACEMENT_3D('',#13494,#11152,#11153);
#8800=AXIS2_PLACEMENT_3D('',#13497,#11155,#11156);
#8801=AXIS2_PLACEMENT_3D('',#13498,#11157,#11158);
#8802=AXIS2_PLACEMENT_3D('',#13500,#11159,#11160);
#8803=AXIS2_PLACEMENT_3D('',#13502,#11162,#11163);
#8804=AXIS2_PLACEMENT_3D('',#13505,#11164,#11165);
#8805=AXIS2_PLACEMENT_3D('',#13506,#11166,#11167);
#8806=AXIS2_PLACEMENT_3D('',#13509,#11169,#11170);
#8807=AXIS2_PLACEMENT_3D('',#13510,#11171,#11172);
#8808=AXIS2_PLACEMENT_3D('',#13512,#11173,#11174);
#8809=AXIS2_PLACEMENT_3D('',#13515,#11176,#11177);
#8810=AXIS2_PLACEMENT_3D('',#13516,#11178,#11179);
#8811=AXIS2_PLACEMENT_3D('',#13519,#11180,#11181);
#8812=AXIS2_PLACEMENT_3D('',#13520,#11182,#11183);
#8813=AXIS2_PLACEMENT_3D('',#13523,#11185,#11186);
#8814=AXIS2_PLACEMENT_3D('',#13524,#11187,#11188);
#8815=AXIS2_PLACEMENT_3D('',#13526,#11189,#11190);
#8816=AXIS2_PLACEMENT_3D('',#13529,#11192,#11193);
#8817=AXIS2_PLACEMENT_3D('',#13530,#11194,#11195);
#8818=AXIS2_PLACEMENT_3D('',#13533,#11196,#11197);
#8819=AXIS2_PLACEMENT_3D('',#13534,#11198,#11199);
#8820=AXIS2_PLACEMENT_3D('',#13537,#11201,#11202);
#8821=AXIS2_PLACEMENT_3D('',#13538,#11203,#11204);
#8822=AXIS2_PLACEMENT_3D('',#13540,#11205,#11206);
#8823=AXIS2_PLACEMENT_3D('',#13543,#11208,#11209);
#8824=AXIS2_PLACEMENT_3D('',#13544,#11210,#11211);
#8825=AXIS2_PLACEMENT_3D('',#13547,#11212,#11213);
#8826=AXIS2_PLACEMENT_3D('',#13548,#11214,#11215);
#8827=AXIS2_PLACEMENT_3D('',#13551,#11217,#11218);
#8828=AXIS2_PLACEMENT_3D('',#13552,#11219,#11220);
#8829=AXIS2_PLACEMENT_3D('',#13554,#11221,#11222);
#8830=AXIS2_PLACEMENT_3D('',#13557,#11224,#11225);
#8831=AXIS2_PLACEMENT_3D('',#13558,#11226,#11227);
#8832=AXIS2_PLACEMENT_3D('',#13561,#11228,#11229);
#8833=AXIS2_PLACEMENT_3D('',#13562,#11230,#11231);
#8834=AXIS2_PLACEMENT_3D('',#13565,#11233,#11234);
#8835=AXIS2_PLACEMENT_3D('',#13566,#11235,#11236);
#8836=AXIS2_PLACEMENT_3D('',#13568,#11237,#11238);
#8837=AXIS2_PLACEMENT_3D('',#13571,#11240,#11241);
#8838=AXIS2_PLACEMENT_3D('',#13572,#11242,#11243);
#8839=AXIS2_PLACEMENT_3D('',#13575,#11244,#11245);
#8840=AXIS2_PLACEMENT_3D('',#13576,#11246,#11247);
#8841=AXIS2_PLACEMENT_3D('',#13579,#11249,#11250);
#8842=AXIS2_PLACEMENT_3D('',#13580,#11251,#11252);
#8843=AXIS2_PLACEMENT_3D('',#13582,#11253,#11254);
#8844=AXIS2_PLACEMENT_3D('',#13585,#11256,#11257);
#8845=AXIS2_PLACEMENT_3D('',#13586,#11258,#11259);
#8846=AXIS2_PLACEMENT_3D('',#13588,#11261,#11262);
#8847=AXIS2_PLACEMENT_3D('',#13590,#11264,#11265);
#8848=AXIS2_PLACEMENT_3D('',#13592,#11267,#11268);
#8849=AXIS2_PLACEMENT_3D('',#13594,#11270,#11271);
#8850=AXIS2_PLACEMENT_3D('',#13596,#11273,#11274);
#8851=AXIS2_PLACEMENT_3D('',#13598,#11276,#11277);
#8852=AXIS2_PLACEMENT_3D('',#13600,#11278,#11279);
#8853=AXIS2_PLACEMENT_3D('',#13603,#11281,#11282);
#8854=AXIS2_PLACEMENT_3D('',#13604,#11283,#11284);
#8855=AXIS2_PLACEMENT_3D('',#13607,#11285,#11286);
#8856=AXIS2_PLACEMENT_3D('',#13608,#11287,#11288);
#8857=AXIS2_PLACEMENT_3D('',#13611,#11290,#11291);
#8858=AXIS2_PLACEMENT_3D('',#13612,#11292,#11293);
#8859=AXIS2_PLACEMENT_3D('',#13614,#11294,#11295);
#8860=AXIS2_PLACEMENT_3D('',#13618,#11297,#11298);
#8861=AXIS2_PLACEMENT_3D('',#13619,#11299,#11300);
#8862=AXIS2_PLACEMENT_3D('',#13620,#11301,#11302);
#8863=AXIS2_PLACEMENT_3D('',#13623,#11303,#11304);
#8864=AXIS2_PLACEMENT_3D('',#13625,#11306,#11307);
#8865=AXIS2_PLACEMENT_3D('',#13626,#11308,#11309);
#8866=AXIS2_PLACEMENT_3D('',#13629,#11311,#11312);
#8867=AXIS2_PLACEMENT_3D('',#13630,#11313,#11314);
#8868=AXIS2_PLACEMENT_3D('',#13632,#11316,#11317);
#8869=AXIS2_PLACEMENT_3D('',#13634,#11318,#11319);
#8870=AXIS2_PLACEMENT_3D('',#13636,#11321,#11322);
#8871=AXIS2_PLACEMENT_3D('',#13637,#11323,#11324);
#8872=AXIS2_PLACEMENT_3D('',#13638,#11325,#11326);
#8873=AXIS2_PLACEMENT_3D('',#13639,#11327,#11328);
#8874=AXIS2_PLACEMENT_3D('',#13640,#11329,#11330);
#8875=AXIS2_PLACEMENT_3D('',#13641,#11331,#11332);
#8876=AXIS2_PLACEMENT_3D('',#13643,#11333,#11334);
#8877=AXIS2_PLACEMENT_3D('',#13645,#11335,#11336);
#8878=AXIS2_PLACEMENT_3D('',#13646,#11337,#11338);
#8879=AXIS2_PLACEMENT_3D('',#13648,#11339,#11340);
#8880=AXIS2_PLACEMENT_3D('',#13650,#11341,#11342);
#8881=AXIS2_PLACEMENT_3D('',#13652,#11343,#11344);
#8882=AXIS2_PLACEMENT_3D('',#13654,#11345,#11346);
#8883=AXIS2_PLACEMENT_3D('',#13656,#11347,#11348);
#8884=AXIS2_PLACEMENT_3D('',#13658,#11349,#11350);
#8885=AXIS2_PLACEMENT_3D('',#13660,#11351,#11352);
#8886=AXIS2_PLACEMENT_3D('',#13662,#11353,#11354);
#8887=AXIS2_PLACEMENT_3D('',#13664,#11355,#11356);
#8888=AXIS2_PLACEMENT_3D('',#13666,#11357,#11358);
#8889=AXIS2_PLACEMENT_3D('',#13667,#11359,#11360);
#8890=AXIS2_PLACEMENT_3D('',#13670,#11361,#11362);
#8891=AXIS2_PLACEMENT_3D('',#13671,#11363,#11364);
#8892=AXIS2_PLACEMENT_3D('',#13673,#11366,#11367);
#8893=AXIS2_PLACEMENT_3D('',#13675,#11368,#11369);
#8894=AXIS2_PLACEMENT_3D('',#13678,#11371,#11372);
#8895=AXIS2_PLACEMENT_3D('',#13679,#11373,#11374);
#8896=AXIS2_PLACEMENT_3D('',#13682,#11375,#11376);
#8897=AXIS2_PLACEMENT_3D('',#13683,#11377,#11378);
#8898=AXIS2_PLACEMENT_3D('',#13685,#11380,#11381);
#8899=AXIS2_PLACEMENT_3D('',#13687,#11382,#11383);
#8900=AXIS2_PLACEMENT_3D('',#13690,#11385,#11386);
#8901=AXIS2_PLACEMENT_3D('',#13691,#11387,#11388);
#8902=AXIS2_PLACEMENT_3D('',#13694,#11389,#11390);
#8903=AXIS2_PLACEMENT_3D('',#13695,#11391,#11392);
#8904=AXIS2_PLACEMENT_3D('',#13697,#11394,#11395);
#8905=AXIS2_PLACEMENT_3D('',#13699,#11396,#11397);
#8906=AXIS2_PLACEMENT_3D('',#13702,#11399,#11400);
#8907=AXIS2_PLACEMENT_3D('',#13703,#11401,#11402);
#8908=AXIS2_PLACEMENT_3D('',#13706,#11403,#11404);
#8909=AXIS2_PLACEMENT_3D('',#13707,#11405,#11406);
#8910=AXIS2_PLACEMENT_3D('',#13709,#11408,#11409);
#8911=AXIS2_PLACEMENT_3D('',#13711,#11410,#11411);
#8912=AXIS2_PLACEMENT_3D('',#13714,#11413,#11414);
#8913=AXIS2_PLACEMENT_3D('',#13715,#11415,#11416);
#8914=AXIS2_PLACEMENT_3D('',#13718,#11417,#11418);
#8915=AXIS2_PLACEMENT_3D('',#13719,#11419,#11420);
#8916=AXIS2_PLACEMENT_3D('',#13721,#11422,#11423);
#8917=AXIS2_PLACEMENT_3D('',#13723,#11424,#11425);
#8918=AXIS2_PLACEMENT_3D('',#13726,#11427,#11428);
#8919=AXIS2_PLACEMENT_3D('',#13727,#11429,#11430);
#8920=AXIS2_PLACEMENT_3D('',#13730,#11431,#11432);
#8921=AXIS2_PLACEMENT_3D('',#13731,#11433,#11434);
#8922=AXIS2_PLACEMENT_3D('',#13733,#11436,#11437);
#8923=AXIS2_PLACEMENT_3D('',#13735,#11438,#11439);
#8924=AXIS2_PLACEMENT_3D('',#13738,#11441,#11442);
#8925=AXIS2_PLACEMENT_3D('',#13739,#11443,#11444);
#8926=AXIS2_PLACEMENT_3D('',#13742,#11445,#11446);
#8927=AXIS2_PLACEMENT_3D('',#13743,#11447,#11448);
#8928=AXIS2_PLACEMENT_3D('',#13745,#11450,#11451);
#8929=AXIS2_PLACEMENT_3D('',#13747,#11452,#11453);
#8930=AXIS2_PLACEMENT_3D('',#13750,#11455,#11456);
#8931=AXIS2_PLACEMENT_3D('',#13751,#11457,#11458);
#8932=AXIS2_PLACEMENT_3D('',#13754,#11459,#11460);
#8933=AXIS2_PLACEMENT_3D('',#13755,#11461,#11462);
#8934=AXIS2_PLACEMENT_3D('',#13757,#11464,#11465);
#8935=AXIS2_PLACEMENT_3D('',#13759,#11466,#11467);
#8936=AXIS2_PLACEMENT_3D('',#13762,#11469,#11470);
#8937=AXIS2_PLACEMENT_3D('',#13763,#11471,#11472);
#8938=AXIS2_PLACEMENT_3D('',#13766,#11473,#11474);
#8939=AXIS2_PLACEMENT_3D('',#13767,#11475,#11476);
#8940=AXIS2_PLACEMENT_3D('',#13769,#11478,#11479);
#8941=AXIS2_PLACEMENT_3D('',#13772,#11480,#11481);
#8942=AXIS2_PLACEMENT_3D('',#13776,#11483,#11484);
#8943=AXIS2_PLACEMENT_3D('',#13778,#11486,#11487);
#8944=AXIS2_PLACEMENT_3D('',#13780,#11489,#11490);
#8945=AXIS2_PLACEMENT_3D('',#13782,#11492,#11493);
#8946=AXIS2_PLACEMENT_3D('',#13784,#11495,#11496);
#8947=AXIS2_PLACEMENT_3D('',#13786,#11498,#11499);
#8948=AXIS2_PLACEMENT_3D('',#13788,#11501,#11502);
#8949=AXIS2_PLACEMENT_3D('',#13790,#11504,#11505);
#8950=AXIS2_PLACEMENT_3D('',#13792,#11507,#11508);
#8951=AXIS2_PLACEMENT_3D('',#13794,#11510,#11511);
#8952=AXIS2_PLACEMENT_3D('',#13796,#11512,#11513);
#8953=AXIS2_PLACEMENT_3D('',#13798,#11515,#11516);
#8954=AXIS2_PLACEMENT_3D('',#13801,#11518,#11519);
#8955=AXIS2_PLACEMENT_3D('',#13802,#11520,#11521);
#8956=AXIS2_PLACEMENT_3D('',#13806,#11523,#11524);
#8957=AXIS2_PLACEMENT_3D('',#13807,#11525,#11526);
#8958=AXIS2_PLACEMENT_3D('',#13808,#11527,#11528);
#8959=AXIS2_PLACEMENT_3D('',#13810,#11529,#11530);
#8960=AXIS2_PLACEMENT_3D('',#13812,#11532,#11533);
#8961=AXIS2_PLACEMENT_3D('',#13815,#11534,#11535);
#8962=AXIS2_PLACEMENT_3D('',#13819,#11537,#11538);
#8963=AXIS2_PLACEMENT_3D('',#13823,#11540,#11541);
#8964=AXIS2_PLACEMENT_3D('',#13826,#11543,#11544);
#8965=AXIS2_PLACEMENT_3D('',#13830,#11546,#11547);
#8966=AXIS2_PLACEMENT_3D('',#13832,#11549,#11550);
#8967=AXIS2_PLACEMENT_3D('',#13836,#11552,#11553);
#8968=AXIS2_PLACEMENT_3D('',#13840,#11555,#11556);
#8969=AXIS2_PLACEMENT_3D('',#13845,#11559,#11560);
#8970=AXIS2_PLACEMENT_3D('',#13848,#11562,#11563);
#8971=AXIS2_PLACEMENT_3D('',#13849,#11564,#11565);
#8972=AXIS2_PLACEMENT_3D('',#13852,#11566,#11567);
#8973=AXIS2_PLACEMENT_3D('',#13855,#11570,#11571);
#8974=AXIS2_PLACEMENT_3D('',#13858,#11574,#11575);
#8975=AXIS2_PLACEMENT_3D('',#13861,#11578,#11579);
#8976=AXIS2_PLACEMENT_3D('',#13862,#11580,#11581);
#8977=AXIS2_PLACEMENT_3D('',#13865,#11584,#11585);
#8978=AXIS2_PLACEMENT_3D('',#13866,#11586,#11587);
#8979=AXIS2_PLACEMENT_3D('',#13867,#11588,#11589);
#8980=AXIS2_PLACEMENT_3D('',#13870,#11592,#11593);
#8981=AXIS2_PLACEMENT_3D('',#13871,#11594,#11595);
#8982=AXIS2_PLACEMENT_3D('',#13872,#11596,#11597);
#8983=AXIS2_PLACEMENT_3D('',#13873,#11598,#11599);
#8984=AXIS2_PLACEMENT_3D('',#13874,#11600,#11601);
#8985=AXIS2_PLACEMENT_3D('',#13875,#11602,#11603);
#8986=AXIS2_PLACEMENT_3D('',#13876,#11604,#11605);
#8987=AXIS2_PLACEMENT_3D('',#13877,#11606,#11607);
#8988=AXIS2_PLACEMENT_3D('',#13878,#11608,#11609);
#8989=AXIS2_PLACEMENT_3D('',#13879,#11610,#11611);
#8990=AXIS2_PLACEMENT_3D('',#13880,#11612,#11613);
#8991=DIRECTION('axis',(0.,0.,1.));
#8992=DIRECTION('refdir',(1.,0.,0.));
#8993=DIRECTION('axis',(0.,0.,1.));
#8994=DIRECTION('refdir',(1.,0.,0.));
#8995=DIRECTION('center_axis',(0.,-1.,0.));
#8996=DIRECTION('ref_axis',(-1.,0.,0.));
#8997=DIRECTION('center_axis',(0.,1.,0.));
#8998=DIRECTION('ref_axis',(-1.,0.,0.));
#8999=DIRECTION('',(0.,-1.,0.));
#9000=DIRECTION('center_axis',(0.,1.,0.));
#9001=DIRECTION('ref_axis',(-1.,0.,0.));
#9002=DIRECTION('center_axis',(0.,-1.,0.));
#9003=DIRECTION('ref_axis',(0.,0.,-1.));
#9004=DIRECTION('center_axis',(0.,-1.,0.));
#9005=DIRECTION('ref_axis',(-1.,0.,0.));
#9006=DIRECTION('center_axis',(0.,-1.,0.));
#9007=DIRECTION('ref_axis',(-1.,0.,0.));
#9008=DIRECTION('',(0.,1.,0.));
#9009=DIRECTION('center_axis',(0.,-1.,0.));
#9010=DIRECTION('ref_axis',(-1.,0.,0.));
#9011=DIRECTION('center_axis',(0.,1.,0.));
#9012=DIRECTION('ref_axis',(-1.,0.,0.));
#9013=DIRECTION('center_axis',(0.,-1.,0.));
#9014=DIRECTION('ref_axis',(0.,0.,1.));
#9015=DIRECTION('center_axis',(0.,-1.,0.));
#9016=DIRECTION('ref_axis',(0.,0.,1.));
#9017=DIRECTION('',(0.,-1.,0.));
#9018=DIRECTION('center_axis',(0.,-1.,0.));
#9019=DIRECTION('ref_axis',(0.,0.,1.));
#9020=DIRECTION('',(0.,-1.,0.));
#9021=DIRECTION('center_axis',(0.,0.,-1.));
#9022=DIRECTION('ref_axis',(1.,0.,0.));
#9023=DIRECTION('',(1.,0.,0.));
#9024=DIRECTION('',(0.,-1.,0.));
#9025=DIRECTION('',(1.,0.,0.));
#9026=DIRECTION('',(0.,-1.,0.));
#9027=DIRECTION('center_axis',(0.,0.,1.));
#9028=DIRECTION('ref_axis',(-1.,0.,0.));
#9029=DIRECTION('',(-1.,0.,0.));
#9030=DIRECTION('',(0.,1.,0.));
#9031=DIRECTION('',(-1.,0.,0.));
#9032=DIRECTION('',(0.,-1.,0.));
#9033=DIRECTION('center_axis',(0.,0.,1.));
#9034=DIRECTION('ref_axis',(-1.,0.,0.));
#9035=DIRECTION('',(-1.,0.,0.));
#9036=DIRECTION('',(-1.,0.,0.));
#9037=DIRECTION('',(0.,-1.,0.));
#9038=DIRECTION('center_axis',(0.,1.,0.));
#9039=DIRECTION('ref_axis',(-1.,0.,0.));
#9040=DIRECTION('center_axis',(0.,1.,0.));
#9041=DIRECTION('ref_axis',(0.,0.,-1.));
#9042=DIRECTION('center_axis',(0.,-1.,0.));
#9043=DIRECTION('ref_axis',(0.,0.,-1.));
#9044=DIRECTION('center_axis',(0.,0.,-1.));
#9045=DIRECTION('ref_axis',(1.,0.,0.));
#9046=DIRECTION('',(1.,0.,0.));
#9047=DIRECTION('',(0.,1.,0.));
#9048=DIRECTION('',(1.,0.,0.));
#9049=DIRECTION('center_axis',(0.,-1.,0.));
#9050=DIRECTION('ref_axis',(0.,0.,-1.));
#9051=DIRECTION('center_axis',(0.,-1.,0.));
#9052=DIRECTION('ref_axis',(0.,0.,-1.));
#9053=DIRECTION('center_axis',(0.,1.,0.));
#9054=DIRECTION('ref_axis',(-1.,0.,0.));
#9055=DIRECTION('center_axis',(0.,1.,0.));
#9056=DIRECTION('ref_axis',(0.,0.,-1.));
#9057=DIRECTION('center_axis',(0.,-1.,0.));
#9058=DIRECTION('ref_axis',(0.,0.,1.));
#9059=DIRECTION('center_axis',(0.,-1.,0.));
#9060=DIRECTION('ref_axis',(0.,0.,1.));
#9061=DIRECTION('',(0.,-1.,0.));
#9062=DIRECTION('center_axis',(0.,-1.,0.));
#9063=DIRECTION('ref_axis',(0.,0.,1.));
#9064=DIRECTION('',(0.,-1.,0.));
#9065=DIRECTION('center_axis',(0.,0.,-1.));
#9066=DIRECTION('ref_axis',(1.,0.,0.));
#9067=DIRECTION('',(1.,0.,0.));
#9068=DIRECTION('',(0.,-1.,0.));
#9069=DIRECTION('',(1.,0.,0.));
#9070=DIRECTION('',(0.,-1.,0.));
#9071=DIRECTION('center_axis',(0.,0.,1.));
#9072=DIRECTION('ref_axis',(-1.,0.,0.));
#9073=DIRECTION('',(-1.,0.,0.));
#9074=DIRECTION('',(0.,1.,0.));
#9075=DIRECTION('',(-1.,0.,0.));
#9076=DIRECTION('',(0.,-1.,0.));
#9077=DIRECTION('center_axis',(0.,0.,1.));
#9078=DIRECTION('ref_axis',(-1.,0.,0.));
#9079=DIRECTION('',(-1.,0.,0.));
#9080=DIRECTION('',(-1.,0.,0.));
#9081=DIRECTION('',(0.,-1.,0.));
#9082=DIRECTION('center_axis',(0.,1.,0.));
#9083=DIRECTION('ref_axis',(-1.,0.,0.));
#9084=DIRECTION('center_axis',(0.,1.,0.));
#9085=DIRECTION('ref_axis',(0.,0.,-1.));
#9086=DIRECTION('center_axis',(0.,-1.,0.));
#9087=DIRECTION('ref_axis',(0.,0.,-1.));
#9088=DIRECTION('center_axis',(0.,0.,-1.));
#9089=DIRECTION('ref_axis',(1.,0.,0.));
#9090=DIRECTION('',(1.,0.,0.));
#9091=DIRECTION('',(0.,1.,0.));
#9092=DIRECTION('',(1.,0.,0.));
#9093=DIRECTION('center_axis',(0.,-1.,0.));
#9094=DIRECTION('ref_axis',(0.,0.,-1.));
#9095=DIRECTION('center_axis',(0.,-1.,0.));
#9096=DIRECTION('ref_axis',(0.,0.,-1.));
#9097=DIRECTION('center_axis',(0.,1.,0.));
#9098=DIRECTION('ref_axis',(-1.,0.,0.));
#9099=DIRECTION('center_axis',(0.,1.,0.));
#9100=DIRECTION('ref_axis',(0.,0.,-1.));
#9101=DIRECTION('center_axis',(0.,-1.,0.));
#9102=DIRECTION('ref_axis',(0.,0.,1.));
#9103=DIRECTION('center_axis',(0.,-1.,0.));
#9104=DIRECTION('ref_axis',(0.,0.,1.));
#9105=DIRECTION('',(0.,-1.,0.));
#9106=DIRECTION('center_axis',(0.,-1.,0.));
#9107=DIRECTION('ref_axis',(0.,0.,1.));
#9108=DIRECTION('',(0.,-1.,0.));
#9109=DIRECTION('center_axis',(0.,0.,-1.));
#9110=DIRECTION('ref_axis',(1.,0.,0.));
#9111=DIRECTION('',(1.,0.,0.));
#9112=DIRECTION('',(0.,-1.,0.));
#9113=DIRECTION('',(1.,0.,0.));
#9114=DIRECTION('',(0.,-1.,0.));
#9115=DIRECTION('center_axis',(0.,0.,1.));
#9116=DIRECTION('ref_axis',(-1.,0.,0.));
#9117=DIRECTION('',(-1.,0.,0.));
#9118=DIRECTION('',(0.,1.,0.));
#9119=DIRECTION('',(-1.,0.,0.));
#9120=DIRECTION('',(0.,-1.,0.));
#9121=DIRECTION('center_axis',(0.,0.,1.));
#9122=DIRECTION('ref_axis',(-1.,0.,0.));
#9123=DIRECTION('',(-1.,0.,0.));
#9124=DIRECTION('',(-1.,0.,0.));
#9125=DIRECTION('',(0.,-1.,0.));
#9126=DIRECTION('center_axis',(0.,1.,0.));
#9127=DIRECTION('ref_axis',(-1.,0.,0.));
#9128=DIRECTION('center_axis',(0.,1.,0.));
#9129=DIRECTION('ref_axis',(0.,0.,-1.));
#9130=DIRECTION('center_axis',(0.,-1.,0.));
#9131=DIRECTION('ref_axis',(0.,0.,-1.));
#9132=DIRECTION('center_axis',(0.,0.,-1.));
#9133=DIRECTION('ref_axis',(1.,0.,0.));
#9134=DIRECTION('',(1.,0.,0.));
#9135=DIRECTION('',(0.,1.,0.));
#9136=DIRECTION('',(1.,0.,0.));
#9137=DIRECTION('center_axis',(0.,-1.,0.));
#9138=DIRECTION('ref_axis',(0.,0.,-1.));
#9139=DIRECTION('center_axis',(0.,-1.,0.));
#9140=DIRECTION('ref_axis',(0.,0.,-1.));
#9141=DIRECTION('center_axis',(0.,1.,0.));
#9142=DIRECTION('ref_axis',(-1.,0.,0.));
#9143=DIRECTION('center_axis',(0.,1.,0.));
#9144=DIRECTION('ref_axis',(0.,0.,-1.));
#9145=DIRECTION('center_axis',(0.,-1.,0.));
#9146=DIRECTION('ref_axis',(0.,0.,-1.));
#9147=DIRECTION('center_axis',(0.,-1.,0.));
#9148=DIRECTION('ref_axis',(0.,0.,-1.));
#9149=DIRECTION('center_axis',(0.,-1.,0.));
#9150=DIRECTION('ref_axis',(0.766044443118978,0.,0.642787609686539));
#9151=DIRECTION('center_axis',(0.,-1.,0.));
#9152=DIRECTION('ref_axis',(-1.,0.,0.));
#9153=DIRECTION('center_axis',(0.,-1.,0.));
#9154=DIRECTION('ref_axis',(-1.,0.,0.));
#9155=DIRECTION('center_axis',(0.,-1.,0.));
#9156=DIRECTION('ref_axis',(-1.,0.,0.));
#9157=DIRECTION('center_axis',(0.,-1.,0.));
#9158=DIRECTION('ref_axis',(-1.,0.,0.));
#9159=DIRECTION('center_axis',(0.,-1.,0.));
#9160=DIRECTION('ref_axis',(-1.,0.,0.));
#9161=DIRECTION('center_axis',(0.,-1.,0.));
#9162=DIRECTION('ref_axis',(-1.,0.,0.));
#9163=DIRECTION('center_axis',(0.,-1.,0.));
#9164=DIRECTION('ref_axis',(-1.,0.,0.));
#9165=DIRECTION('',(-1.,0.,0.));
#9166=DIRECTION('center_axis',(0.,-1.,0.));
#9167=DIRECTION('ref_axis',(0.,0.,-1.));
#9168=DIRECTION('',(1.,0.,0.));
#9169=DIRECTION('center_axis',(0.,1.,0.));
#9170=DIRECTION('ref_axis',(0.,0.,-1.));
#9171=DIRECTION('',(1.,0.,0.));
#9172=DIRECTION('center_axis',(0.,-1.,0.));
#9173=DIRECTION('ref_axis',(0.,0.,1.));
#9174=DIRECTION('',(-1.,0.,0.));
#9175=DIRECTION('center_axis',(0.,1.,0.));
#9176=DIRECTION('ref_axis',(0.,0.,-1.));
#9177=DIRECTION('center_axis',(0.,1.,0.));
#9178=DIRECTION('ref_axis',(0.,0.,-1.));
#9179=DIRECTION('',(1.,0.,0.));
#9180=DIRECTION('center_axis',(0.,-1.,0.));
#9181=DIRECTION('ref_axis',(0.,0.,1.));
#9182=DIRECTION('',(-1.,0.,8.88178419700125E-16));
#9183=DIRECTION('center_axis',(0.,1.,0.));
#9184=DIRECTION('ref_axis',(0.,0.,-1.));
#9185=DIRECTION('center_axis',(0.,1.,0.));
#9186=DIRECTION('ref_axis',(0.,0.,-1.));
#9187=DIRECTION('',(-1.,0.,8.88178419700125E-16));
#9188=DIRECTION('center_axis',(0.,-1.,0.));
#9189=DIRECTION('ref_axis',(0.,0.,-1.));
#9190=DIRECTION('',(1.,0.,0.));
#9191=DIRECTION('center_axis',(0.,1.,0.));
#9192=DIRECTION('ref_axis',(0.,0.,-1.));
#9193=DIRECTION('',(-1.,0.,-8.88178419700125E-16));
#9194=DIRECTION('center_axis',(0.,1.,0.));
#9195=DIRECTION('ref_axis',(0.,0.,-1.));
#9196=DIRECTION('center_axis',(0.,1.,0.));
#9197=DIRECTION('ref_axis',(0.,0.,-1.));
#9198=DIRECTION('',(-1.,0.,-8.88178419700125E-16));
#9199=DIRECTION('center_axis',(0.,-1.,0.));
#9200=DIRECTION('ref_axis',(0.,0.,1.));
#9201=DIRECTION('',(1.,0.,0.));
#9202=DIRECTION('center_axis',(0.,1.,0.));
#9203=DIRECTION('ref_axis',(0.,0.,-1.));
#9204=DIRECTION('',(1.,0.,0.));
#9205=DIRECTION('center_axis',(0.,-1.,0.));
#9206=DIRECTION('ref_axis',(0.,0.,-1.));
#9207=DIRECTION('center_axis',(0.,1.,0.));
#9208=DIRECTION('ref_axis',(0.,0.,-1.));
#9209=DIRECTION('center_axis',(0.,1.,0.));
#9210=DIRECTION('ref_axis',(0.,0.,-1.));
#9211=DIRECTION('center_axis',(0.,1.,0.));
#9212=DIRECTION('ref_axis',(0.,0.,-1.));
#9213=DIRECTION('center_axis',(0.,1.,0.));
#9214=DIRECTION('ref_axis',(0.,0.,-1.));
#9215=DIRECTION('center_axis',(0.,1.,0.));
#9216=DIRECTION('ref_axis',(0.,0.,-1.));
#9217=DIRECTION('center_axis',(0.,1.,0.));
#9218=DIRECTION('ref_axis',(0.,0.,-1.));
#9219=DIRECTION('center_axis',(0.,1.,0.));
#9220=DIRECTION('ref_axis',(0.,0.,-1.));
#9221=DIRECTION('center_axis',(0.,1.,0.));
#9222=DIRECTION('ref_axis',(0.,0.,-1.));
#9223=DIRECTION('center_axis',(0.,1.,0.));
#9224=DIRECTION('ref_axis',(0.,0.,-1.));
#9225=DIRECTION('center_axis',(0.,1.,0.));
#9226=DIRECTION('ref_axis',(0.,0.,-1.));
#9227=DIRECTION('center_axis',(0.,-1.,0.));
#9228=DIRECTION('ref_axis',(0.,0.,-1.));
#9229=DIRECTION('',(1.04972719113862E-16,-0.515038074910054,-0.857167300702112));
#9230=DIRECTION('center_axis',(0.,-1.,0.));
#9231=DIRECTION('ref_axis',(0.,0.,-1.));
#9232=DIRECTION('',(0.,-1.,0.));
#9233=DIRECTION('center_axis',(0.,1.,0.));
#9234=DIRECTION('ref_axis',(0.,0.,-1.));
#9235=DIRECTION('center_axis',(0.,-1.,0.));
#9236=DIRECTION('ref_axis',(0.,0.,-1.));
#9237=DIRECTION('',(1.04972719113862E-16,-0.515038074910054,-0.857167300702112));
#9238=DIRECTION('center_axis',(0.,-1.,0.));
#9239=DIRECTION('ref_axis',(0.,0.,-1.));
#9240=DIRECTION('',(0.,-1.,0.));
#9241=DIRECTION('center_axis',(0.,1.,0.));
#9242=DIRECTION('ref_axis',(0.,0.,-1.));
#9243=DIRECTION('center_axis',(0.,-1.,0.));
#9244=DIRECTION('ref_axis',(0.,0.,-1.));
#9245=DIRECTION('',(1.04972719113862E-16,-0.515038074910054,-0.857167300702112));
#9246=DIRECTION('center_axis',(0.,-1.,0.));
#9247=DIRECTION('ref_axis',(0.,0.,-1.));
#9248=DIRECTION('',(0.,-1.,0.));
#9249=DIRECTION('center_axis',(0.,0.,1.));
#9250=DIRECTION('ref_axis',(-1.,-1.88737914186277E-15,0.));
#9251=DIRECTION('',(0.,-1.,0.));
#9252=DIRECTION('',(1.88737914186277E-15,-1.,0.));
#9253=DIRECTION('',(-1.,-1.88737914186277E-15,0.));
#9254=DIRECTION('center_axis',(0.,0.,1.));
#9255=DIRECTION('ref_axis',(-1.,-1.88737914186277E-15,0.));
#9256=DIRECTION('',(0.,1.,0.));
#9257=DIRECTION('',(-1.,-1.88737914186277E-15,0.));
#9258=DIRECTION('',(1.88737914186277E-15,-1.,0.));
#9259=DIRECTION('center_axis',(1.88737914186277E-15,-1.,0.));
#9260=DIRECTION('ref_axis',(1.,1.88737914186277E-15,0.));
#9261=DIRECTION('center_axis',(-1.88737914186277E-15,1.,0.));
#9262=DIRECTION('ref_axis',(0.,0.,-1.));
#9263=DIRECTION('center_axis',(-1.88737914186277E-15,1.,0.));
#9264=DIRECTION('ref_axis',(0.,0.,1.));
#9265=DIRECTION('',(1.,1.88737914186277E-15,8.88178419700125E-16));
#9266=DIRECTION('center_axis',(1.88737914186277E-15,-1.,0.));
#9267=DIRECTION('ref_axis',(1.,1.88737914186277E-15,0.));
#9268=DIRECTION('center_axis',(-1.88737914186277E-15,1.,0.));
#9269=DIRECTION('ref_axis',(0.,0.,-1.));
#9270=DIRECTION('',(1.,1.88737914186277E-15,8.88178419700125E-16));
#9271=DIRECTION('center_axis',(-1.88737914186277E-15,1.,0.));
#9272=DIRECTION('ref_axis',(0.,0.,-1.));
#9273=DIRECTION('center_axis',(8.88178419700125E-16,1.67632942359465E-30,
-1.));
#9274=DIRECTION('ref_axis',(1.,1.88737914186277E-15,8.88178419700125E-16));
#9275=DIRECTION('',(0.,1.,0.));
#9276=DIRECTION('',(1.88737914186277E-15,-1.,0.));
#9277=DIRECTION('center_axis',(-1.88737914186277E-15,1.,0.));
#9278=DIRECTION('ref_axis',(0.,0.,-1.));
#9279=DIRECTION('',(1.88737914186277E-15,-1.,0.));
#9280=DIRECTION('center_axis',(8.88178419700125E-16,1.67632942359465E-30,
-1.));
#9281=DIRECTION('ref_axis',(1.,1.88737914186277E-15,8.88178419700125E-16));
#9282=DIRECTION('',(0.,-1.,0.));
#9283=DIRECTION('center_axis',(-1.88737914186277E-15,1.,0.));
#9284=DIRECTION('ref_axis',(0.,0.,1.));
#9285=DIRECTION('center_axis',(0.,-1.,0.));
#9286=DIRECTION('ref_axis',(0.,0.,-1.));
#9287=DIRECTION('',(0.,-1.,0.));
#9288=DIRECTION('center_axis',(0.,-1.,0.));
#9289=DIRECTION('ref_axis',(0.,0.,-1.));
#9290=DIRECTION('center_axis',(0.,-1.,0.));
#9291=DIRECTION('ref_axis',(0.,0.,-1.));
#9292=DIRECTION('',(0.,-1.,0.));
#9293=DIRECTION('center_axis',(0.,-1.,0.));
#9294=DIRECTION('ref_axis',(0.,0.,-1.));
#9295=DIRECTION('',(0.,-1.,0.));
#9296=DIRECTION('center_axis',(0.,0.,-1.));
#9297=DIRECTION('ref_axis',(1.,0.,0.));
#9298=DIRECTION('',(0.,1.,0.));
#9299=DIRECTION('',(1.,0.,0.));
#9300=DIRECTION('',(0.,-1.,0.));
#9301=DIRECTION('center_axis',(0.,1.,0.));
#9302=DIRECTION('ref_axis',(-1.,0.,0.));
#9303=DIRECTION('center_axis',(0.,1.,0.));
#9304=DIRECTION('ref_axis',(0.,0.,-1.));
#9305=DIRECTION('',(-1.,0.,0.));
#9306=DIRECTION('center_axis',(0.,-1.,0.));
#9307=DIRECTION('ref_axis',(0.,0.,1.));
#9308=DIRECTION('center_axis',(0.,0.,1.));
#9309=DIRECTION('ref_axis',(-1.,0.,0.));
#9310=DIRECTION('',(0.,-1.,0.));
#9311=DIRECTION('',(0.,-1.,0.));
#9312=DIRECTION('center_axis',(0.,0.,1.));
#9313=DIRECTION('ref_axis',(-1.,0.,0.));
#9314=DIRECTION('',(0.,1.,0.));
#9315=DIRECTION('',(-1.,0.,0.));
#9316=DIRECTION('center_axis',(0.,-1.,0.));
#9317=DIRECTION('ref_axis',(0.,0.,1.));
#9318=DIRECTION('center_axis',(0.,0.,-1.));
#9319=DIRECTION('ref_axis',(1.,0.,0.));
#9320=DIRECTION('',(0.,-1.,0.));
#9321=DIRECTION('',(1.,0.,0.));
#9322=DIRECTION('center_axis',(0.,1.,0.));
#9323=DIRECTION('ref_axis',(-1.,0.,0.));
#9324=DIRECTION('center_axis',(0.,1.,0.));
#9325=DIRECTION('ref_axis',(0.,0.,-1.));
#9326=DIRECTION('center_axis',(0.,-1.,0.));
#9327=DIRECTION('ref_axis',(0.,0.,1.));
#9328=DIRECTION('',(0.,-1.,0.));
#9329=DIRECTION('center_axis',(0.,-1.,0.));
#9330=DIRECTION('ref_axis',(0.,0.,1.));
#9331=DIRECTION('',(0.,-1.,0.));
#9332=DIRECTION('center_axis',(0.,0.,-1.));
#9333=DIRECTION('ref_axis',(1.,0.,0.));
#9334=DIRECTION('',(0.,-1.,0.));
#9335=DIRECTION('',(1.,0.,0.));
#9336=DIRECTION('',(0.,-1.,0.));
#9337=DIRECTION('center_axis',(8.88178419700125E-16,0.,1.));
#9338=DIRECTION('ref_axis',(-1.,0.,8.88178419700125E-16));
#9339=DIRECTION('',(0.,1.,0.));
#9340=DIRECTION('',(-1.,0.,8.88178419700125E-16));
#9341=DIRECTION('',(0.,-1.,0.));
#9342=DIRECTION('center_axis',(8.88178419700125E-16,0.,1.));
#9343=DIRECTION('ref_axis',(-1.,0.,8.88178419700125E-16));
#9344=DIRECTION('',(-1.,0.,8.88178419700125E-16));
#9345=DIRECTION('',(0.,-1.,0.));
#9346=DIRECTION('center_axis',(0.,1.,0.));
#9347=DIRECTION('ref_axis',(-1.,0.,0.));
#9348=DIRECTION('center_axis',(0.,1.,0.));
#9349=DIRECTION('ref_axis',(0.,0.,-1.));
#9350=DIRECTION('center_axis',(0.,-1.,0.));
#9351=DIRECTION('ref_axis',(0.,0.,-1.));
#9352=DIRECTION('center_axis',(0.,0.,-1.));
#9353=DIRECTION('ref_axis',(1.,0.,0.));
#9354=DIRECTION('',(0.,1.,0.));
#9355=DIRECTION('',(1.,0.,0.));
#9356=DIRECTION('center_axis',(0.,-1.,0.));
#9357=DIRECTION('ref_axis',(0.,0.,-1.));
#9358=DIRECTION('center_axis',(0.,1.,0.));
#9359=DIRECTION('ref_axis',(-1.,0.,0.));
#9360=DIRECTION('center_axis',(0.,1.,0.));
#9361=DIRECTION('ref_axis',(0.,0.,-1.));
#9362=DIRECTION('center_axis',(0.,1.,0.));
#9363=DIRECTION('ref_axis',(0.,0.,-1.));
#9364=DIRECTION('center_axis',(0.,-1.,0.));
#9365=DIRECTION('ref_axis',(0.,0.,-1.));
#9366=DIRECTION('',(1.04972719113862E-16,-0.515038074910054,-0.857167300702112));
#9367=DIRECTION('center_axis',(0.,-1.,0.));
#9368=DIRECTION('ref_axis',(0.,0.,-1.));
#9369=DIRECTION('',(0.,-1.,0.));
#9370=DIRECTION('center_axis',(0.,1.,0.));
#9371=DIRECTION('ref_axis',(0.,0.,-1.));
#9372=DIRECTION('center_axis',(0.,-1.,0.));
#9373=DIRECTION('ref_axis',(0.,0.,-1.));
#9374=DIRECTION('',(1.04972719113862E-16,-0.515038074910054,-0.857167300702112));
#9375=DIRECTION('center_axis',(0.,-1.,0.));
#9376=DIRECTION('ref_axis',(0.,0.,-1.));
#9377=DIRECTION('',(0.,-1.,0.));
#9378=DIRECTION('center_axis',(0.,1.,0.));
#9379=DIRECTION('ref_axis',(0.,0.,-1.));
#9380=DIRECTION('',(1.04972719113862E-16,-0.515038074910054,-0.857167300702112));
#9381=DIRECTION('center_axis',(0.383022221559489,-0.866025403784439,0.321393804843269));
#9382=DIRECTION('ref_axis',(0.663413948168939,0.499999999999999,0.55667039922642));
#9383=DIRECTION('',(0.383022221559489,-0.866025403784439,0.321393804843269));
#9384=DIRECTION('center_axis',(0.,1.,0.));
#9385=DIRECTION('ref_axis',(0.766044443118978,0.,0.642787609686539));
#9386=DIRECTION('center_axis',(0.,-1.,0.));
#9387=DIRECTION('ref_axis',(-1.,0.,0.));
#9388=DIRECTION('center_axis',(0.,-1.,0.));
#9389=DIRECTION('ref_axis',(-1.,0.,0.));
#9390=DIRECTION('',(0.,1.,0.));
#9391=DIRECTION('center_axis',(0.,1.,0.));
#9392=DIRECTION('ref_axis',(-1.,0.,0.));
#9393=DIRECTION('center_axis',(0.,-1.,0.));
#9394=DIRECTION('ref_axis',(0.,0.,-1.));
#9395=DIRECTION('center_axis',(0.,1.,0.));
#9396=DIRECTION('ref_axis',(-1.,0.,0.));
#9397=DIRECTION('center_axis',(0.,-1.,0.));
#9398=DIRECTION('ref_axis',(-1.,0.,0.));
#9399=DIRECTION('center_axis',(0.,-1.,0.));
#9400=DIRECTION('ref_axis',(-1.,0.,0.));
#9401=DIRECTION('',(0.,1.,0.));
#9402=DIRECTION('center_axis',(0.,1.,0.));
#9403=DIRECTION('ref_axis',(-1.,0.,0.));
#9404=DIRECTION('center_axis',(0.,-1.,0.));
#9405=DIRECTION('ref_axis',(0.,0.,-1.));
#9406=DIRECTION('center_axis',(0.,1.,0.));
#9407=DIRECTION('ref_axis',(-1.,0.,0.));
#9408=DIRECTION('center_axis',(0.,-1.,0.));
#9409=DIRECTION('ref_axis',(-1.,0.,0.));
#9410=DIRECTION('center_axis',(0.,-1.,0.));
#9411=DIRECTION('ref_axis',(-1.,0.,0.));
#9412=DIRECTION('',(0.,1.,0.));
#9413=DIRECTION('center_axis',(0.,1.,0.));
#9414=DIRECTION('ref_axis',(-1.,0.,0.));
#9415=DIRECTION('center_axis',(0.,-1.,0.));
#9416=DIRECTION('ref_axis',(0.,0.,-1.));
#9417=DIRECTION('center_axis',(0.,1.,0.));
#9418=DIRECTION('ref_axis',(-1.,0.,0.));
#9419=DIRECTION('center_axis',(0.,-1.,0.));
#9420=DIRECTION('ref_axis',(-1.,0.,0.));
#9421=DIRECTION('center_axis',(0.,-1.,0.));
#9422=DIRECTION('ref_axis',(-1.,0.,0.));
#9423=DIRECTION('',(0.,1.,0.));
#9424=DIRECTION('center_axis',(0.,1.,0.));
#9425=DIRECTION('ref_axis',(-1.,0.,0.));
#9426=DIRECTION('center_axis',(0.,-1.,0.));
#9427=DIRECTION('ref_axis',(0.,0.,-1.));
#9428=DIRECTION('center_axis',(0.,1.,0.));
#9429=DIRECTION('ref_axis',(-1.,0.,0.));
#9430=DIRECTION('center_axis',(0.,-1.,0.));
#9431=DIRECTION('ref_axis',(-1.,0.,0.));
#9432=DIRECTION('center_axis',(0.,-1.,0.));
#9433=DIRECTION('ref_axis',(-1.,0.,0.));
#9434=DIRECTION('',(0.,1.,0.));
#9435=DIRECTION('center_axis',(0.,1.,0.));
#9436=DIRECTION('ref_axis',(-1.,0.,0.));
#9437=DIRECTION('center_axis',(0.,-1.,0.));
#9438=DIRECTION('ref_axis',(0.,0.,-1.));
#9439=DIRECTION('center_axis',(0.,1.,0.));
#9440=DIRECTION('ref_axis',(-1.,0.,0.));
#9441=DIRECTION('center_axis',(0.,-1.,0.));
#9442=DIRECTION('ref_axis',(-1.,0.,0.));
#9443=DIRECTION('',(0.,-1.,0.));
#9444=DIRECTION('center_axis',(0.,1.,0.));
#9445=DIRECTION('ref_axis',(-1.,0.,0.));
#9446=DIRECTION('center_axis',(0.,-1.,0.));
#9447=DIRECTION('ref_axis',(-1.,0.,0.));
#9448=DIRECTION('',(0.,-1.,0.));
#9449=DIRECTION('center_axis',(0.,-1.,0.));
#9450=DIRECTION('ref_axis',(-1.,0.,0.));
#9451=DIRECTION('',(0.,-1.,0.));
#9452=DIRECTION('center_axis',(0.,-1.,0.));
#9453=DIRECTION('ref_axis',(-1.,0.,0.));
#9454=DIRECTION('',(0.,-1.,0.));
#9455=DIRECTION('center_axis',(0.,-1.,0.));
#9456=DIRECTION('ref_axis',(-1.,0.,0.));
#9457=DIRECTION('',(0.,-1.,0.));
#9458=DIRECTION('center_axis',(0.,-1.,0.));
#9459=DIRECTION('ref_axis',(-1.,0.,0.));
#9460=DIRECTION('',(0.,-1.,0.));
#9461=DIRECTION('center_axis',(0.,1.,0.));
#9462=DIRECTION('ref_axis',(0.,0.,1.));
#9463=DIRECTION('center_axis',(0.,1.,0.));
#9464=DIRECTION('ref_axis',(0.,0.,1.));
#9465=DIRECTION('center_axis',(0.,1.,0.));
#9466=DIRECTION('ref_axis',(0.,0.,1.));
#9467=DIRECTION('',(8.65956056235523E-17,-0.707106781186523,0.707106781186572));
#9468=DIRECTION('center_axis',(0.,-1.,0.));
#9469=DIRECTION('ref_axis',(0.,0.,1.));
#9470=DIRECTION('center_axis',(0.,-1.,0.));
#9471=DIRECTION('ref_axis',(0.,0.,-1.));
#9472=DIRECTION('center_axis',(0.,-1.,0.));
#9473=DIRECTION('ref_axis',(0.,0.,-1.));
#9474=DIRECTION('',(8.65956056235463E-17,0.707106781186572,-0.707106781186523));
#9475=DIRECTION('center_axis',(0.,1.,0.));
#9476=DIRECTION('ref_axis',(0.,0.,-1.));
#9477=DIRECTION('center_axis',(0.,1.,0.));
#9478=DIRECTION('ref_axis',(0.,0.,1.));
#9479=DIRECTION('center_axis',(0.,1.,0.));
#9480=DIRECTION('ref_axis',(0.,0.,-1.));
#9481=DIRECTION('center_axis',(0.,1.,0.));
#9482=DIRECTION('ref_axis',(0.,0.,-1.));
#9483=DIRECTION('',(-8.65956056235507E-17,0.707106781186536,-0.707106781186559));
#9484=DIRECTION('center_axis',(0.,-1.,0.));
#9485=DIRECTION('ref_axis',(0.,0.,-1.));
#9486=DIRECTION('center_axis',(0.,-1.,0.));
#9487=DIRECTION('ref_axis',(0.,0.,-1.));
#9488=DIRECTION('center_axis',(0.,-1.,0.));
#9489=DIRECTION('ref_axis',(0.,0.,1.));
#9490=DIRECTION('',(-8.65956056235438E-17,-0.707106781186593,0.707106781186502));
#9491=DIRECTION('center_axis',(0.,1.,0.));
#9492=DIRECTION('ref_axis',(0.,0.,1.));
#9493=DIRECTION('center_axis',(0.,1.,0.));
#9494=DIRECTION('ref_axis',(0.,0.,1.));
#9495=DIRECTION('center_axis',(0.,1.,0.));
#9496=DIRECTION('ref_axis',(0.,0.,-1.));
#9497=DIRECTION('center_axis',(0.,1.,0.));
#9498=DIRECTION('ref_axis',(0.,0.,-1.));
#9499=DIRECTION('',(-8.6595605623555E-17,0.707106781186501,-0.707106781186594));
#9500=DIRECTION('center_axis',(0.,-1.,0.));
#9501=DIRECTION('ref_axis',(0.,0.,-1.));
#9502=DIRECTION('center_axis',(0.,-1.,0.));
#9503=DIRECTION('ref_axis',(0.,0.,-1.));
#9504=DIRECTION('center_axis',(0.,-1.,0.));
#9505=DIRECTION('ref_axis',(0.,0.,1.));
#9506=DIRECTION('',(-8.65956056235474E-17,-0.707106781186563,0.707106781186532));
#9507=DIRECTION('center_axis',(0.,1.,0.));
#9508=DIRECTION('ref_axis',(0.,0.,1.));
#9509=DIRECTION('center_axis',(0.,1.,0.));
#9510=DIRECTION('ref_axis',(0.,0.,1.));
#9511=DIRECTION('center_axis',(0.,1.,0.));
#9512=DIRECTION('ref_axis',(0.,0.,-1.));
#9513=DIRECTION('center_axis',(0.,1.,0.));
#9514=DIRECTION('ref_axis',(0.,0.,-1.));
#9515=DIRECTION('',(-8.65956056235481E-17,0.707106781186558,-0.707106781186537));
#9516=DIRECTION('center_axis',(0.,-1.,0.));
#9517=DIRECTION('ref_axis',(0.,0.,-1.));
#9518=DIRECTION('center_axis',(0.,-1.,0.));
#9519=DIRECTION('ref_axis',(0.,0.,-1.));
#9520=DIRECTION('center_axis',(0.,-1.,0.));
#9521=DIRECTION('ref_axis',(0.,0.,1.));
#9522=DIRECTION('',(-8.65956056235597E-17,-0.707106781186463,0.707106781186633));
#9523=DIRECTION('center_axis',(0.,1.,0.));
#9524=DIRECTION('ref_axis',(0.,0.,1.));
#9525=DIRECTION('center_axis',(0.,1.,0.));
#9526=DIRECTION('ref_axis',(0.,0.,1.));
#9527=DIRECTION('center_axis',(0.,1.,0.));
#9528=DIRECTION('ref_axis',(0.,0.,-1.));
#9529=DIRECTION('center_axis',(0.,1.,0.));
#9530=DIRECTION('ref_axis',(0.,0.,-1.));
#9531=DIRECTION('',(-8.65956056235491E-17,0.70710678118655,-0.707106781186545));
#9532=DIRECTION('center_axis',(0.,-1.,0.));
#9533=DIRECTION('ref_axis',(0.,0.,-1.));
#9534=DIRECTION('center_axis',(0.,-1.,0.));
#9535=DIRECTION('ref_axis',(0.,0.,-1.));
#9536=DIRECTION('center_axis',(0.,-1.,0.));
#9537=DIRECTION('ref_axis',(0.,0.,1.));
#9538=DIRECTION('',(-8.65956056235486E-17,-0.707106781186554,0.707106781186541));
#9539=DIRECTION('center_axis',(0.,1.,0.));
#9540=DIRECTION('ref_axis',(0.,0.,1.));
#9541=DIRECTION('center_axis',(0.,1.,0.));
#9542=DIRECTION('ref_axis',(0.,0.,1.));
#9543=DIRECTION('center_axis',(0.,1.,0.));
#9544=DIRECTION('ref_axis',(0.,0.,-1.));
#9545=DIRECTION('center_axis',(0.,1.,0.));
#9546=DIRECTION('ref_axis',(0.,0.,-1.));
#9547=DIRECTION('',(-8.65956056235474E-17,0.707106781186563,-0.707106781186532));
#9548=DIRECTION('center_axis',(0.,-1.,0.));
#9549=DIRECTION('ref_axis',(0.,0.,-1.));
#9550=DIRECTION('center_axis',(0.,-1.,0.));
#9551=DIRECTION('ref_axis',(0.,0.,-1.));
#9552=DIRECTION('center_axis',(0.,-1.,0.));
#9553=DIRECTION('ref_axis',(0.,0.,1.));
#9554=DIRECTION('',(-8.65956056235456E-17,-0.707106781186578,0.707106781186517));
#9555=DIRECTION('center_axis',(0.,1.,0.));
#9556=DIRECTION('ref_axis',(0.,0.,1.));
#9557=DIRECTION('center_axis',(0.,1.,0.));
#9558=DIRECTION('ref_axis',(0.,0.,1.));
#9559=DIRECTION('center_axis',(0.,1.,0.));
#9560=DIRECTION('ref_axis',(0.,0.,-1.));
#9561=DIRECTION('center_axis',(0.,1.,0.));
#9562=DIRECTION('ref_axis',(0.,0.,-1.));
#9563=DIRECTION('',(-8.65956056235497E-17,0.707106781186544,-0.707106781186551));
#9564=DIRECTION('center_axis',(0.,-1.,0.));
#9565=DIRECTION('ref_axis',(0.,0.,-1.));
#9566=DIRECTION('center_axis',(0.,-1.,0.));
#9567=DIRECTION('ref_axis',(0.,0.,-1.));
#9568=DIRECTION('center_axis',(0.,-1.,0.));
#9569=DIRECTION('ref_axis',(0.,0.,1.));
#9570=DIRECTION('',(-8.65956056235456E-17,-0.707106781186578,0.707106781186517));
#9571=DIRECTION('center_axis',(0.,1.,0.));
#9572=DIRECTION('ref_axis',(0.,0.,1.));
#9573=DIRECTION('center_axis',(0.,1.,0.));
#9574=DIRECTION('ref_axis',(0.,0.,1.));
#9575=DIRECTION('center_axis',(0.,1.,0.));
#9576=DIRECTION('ref_axis',(0.,0.,-1.));
#9577=DIRECTION('center_axis',(0.,1.,0.));
#9578=DIRECTION('ref_axis',(0.,0.,-1.));
#9579=DIRECTION('',(-8.65956056235462E-17,0.707106781186573,-0.707106781186522));
#9580=DIRECTION('center_axis',(0.,-1.,0.));
#9581=DIRECTION('ref_axis',(0.,0.,-1.));
#9582=DIRECTION('center_axis',(0.,-1.,0.));
#9583=DIRECTION('ref_axis',(0.,0.,-1.));
#9584=DIRECTION('center_axis',(0.,-1.,0.));
#9585=DIRECTION('ref_axis',(0.,0.,1.));
#9586=DIRECTION('',(-8.65956056235475E-17,-0.707106781186563,0.707106781186532));
#9587=DIRECTION('center_axis',(0.,1.,0.));
#9588=DIRECTION('ref_axis',(0.,0.,1.));
#9589=DIRECTION('center_axis',(0.,1.,0.));
#9590=DIRECTION('ref_axis',(0.,0.,1.));
#9591=DIRECTION('center_axis',(0.,1.,0.));
#9592=DIRECTION('ref_axis',(0.,0.,-1.));
#9593=DIRECTION('center_axis',(0.,1.,0.));
#9594=DIRECTION('ref_axis',(0.,0.,-1.));
#9595=DIRECTION('',(-8.6595605623555E-17,0.707106781186501,-0.707106781186594));
#9596=DIRECTION('center_axis',(0.,-1.,0.));
#9597=DIRECTION('ref_axis',(0.,0.,-1.));
#9598=DIRECTION('center_axis',(0.,-1.,0.));
#9599=DIRECTION('ref_axis',(0.,0.,-1.));
#9600=DIRECTION('center_axis',(0.,-1.,0.));
#9601=DIRECTION('ref_axis',(0.,0.,1.));
#9602=DIRECTION('',(-8.65956056235475E-17,-0.707106781186563,0.707106781186532));
#9603=DIRECTION('center_axis',(0.,1.,0.));
#9604=DIRECTION('ref_axis',(0.,0.,1.));
#9605=DIRECTION('center_axis',(0.,1.,0.));
#9606=DIRECTION('ref_axis',(0.,0.,1.));
#9607=DIRECTION('center_axis',(0.,1.,0.));
#9608=DIRECTION('ref_axis',(0.,0.,-1.));
#9609=DIRECTION('center_axis',(0.,1.,0.));
#9610=DIRECTION('ref_axis',(0.,0.,-1.));
#9611=DIRECTION('',(-8.65956056235497E-17,0.707106781186544,-0.707106781186551));
#9612=DIRECTION('center_axis',(0.,-1.,0.));
#9613=DIRECTION('ref_axis',(0.,0.,-1.));
#9614=DIRECTION('center_axis',(0.,-1.,0.));
#9615=DIRECTION('ref_axis',(0.,0.,-1.));
#9616=DIRECTION('center_axis',(0.,-1.,0.));
#9617=DIRECTION('ref_axis',(0.,0.,1.));
#9618=DIRECTION('',(-8.65956056235457E-17,-0.707106781186577,0.707106781186518));
#9619=DIRECTION('center_axis',(0.,1.,0.));
#9620=DIRECTION('ref_axis',(0.,0.,1.));
#9621=DIRECTION('center_axis',(0.,1.,0.));
#9622=DIRECTION('ref_axis',(0.,0.,1.));
#9623=DIRECTION('center_axis',(0.,1.,0.));
#9624=DIRECTION('ref_axis',(0.,0.,-1.));
#9625=DIRECTION('center_axis',(0.,1.,0.));
#9626=DIRECTION('ref_axis',(0.,0.,-1.));
#9627=DIRECTION('',(-8.6595605623555E-17,0.707106781186501,-0.707106781186594));
#9628=DIRECTION('center_axis',(0.,-1.,0.));
#9629=DIRECTION('ref_axis',(0.,0.,-1.));
#9630=DIRECTION('center_axis',(0.,-1.,0.));
#9631=DIRECTION('ref_axis',(0.,0.,-1.));
#9632=DIRECTION('center_axis',(0.,-1.,0.));
#9633=DIRECTION('ref_axis',(0.,0.,1.));
#9634=DIRECTION('',(-8.65956056235474E-17,-0.707106781186563,0.707106781186532));
#9635=DIRECTION('center_axis',(0.,1.,0.));
#9636=DIRECTION('ref_axis',(0.,0.,1.));
#9637=DIRECTION('center_axis',(0.,1.,0.));
#9638=DIRECTION('ref_axis',(0.,0.,1.));
#9639=DIRECTION('center_axis',(0.,1.,0.));
#9640=DIRECTION('ref_axis',(0.,0.,-1.));
#9641=DIRECTION('center_axis',(0.,1.,0.));
#9642=DIRECTION('ref_axis',(0.,0.,-1.));
#9643=DIRECTION('',(-8.65956056235461E-17,0.707106781186574,-0.707106781186521));
#9644=DIRECTION('center_axis',(0.,-1.,0.));
#9645=DIRECTION('ref_axis',(0.,0.,-1.));
#9646=DIRECTION('center_axis',(0.,-1.,0.));
#9647=DIRECTION('ref_axis',(0.,0.,-1.));
#9648=DIRECTION('center_axis',(0.,-1.,0.));
#9649=DIRECTION('ref_axis',(0.,0.,1.));
#9650=DIRECTION('',(-8.65956056235517E-17,-0.707106781186528,0.707106781186567));
#9651=DIRECTION('center_axis',(0.,1.,0.));
#9652=DIRECTION('ref_axis',(0.,0.,1.));
#9653=DIRECTION('center_axis',(0.,1.,0.));
#9654=DIRECTION('ref_axis',(0.,0.,1.));
#9655=DIRECTION('center_axis',(0.,1.,0.));
#9656=DIRECTION('ref_axis',(0.,0.,-1.));
#9657=DIRECTION('center_axis',(0.,1.,0.));
#9658=DIRECTION('ref_axis',(0.,0.,-1.));
#9659=DIRECTION('',(-8.65956056235471E-17,0.707106781186566,-0.707106781186529));
#9660=DIRECTION('center_axis',(0.,-1.,0.));
#9661=DIRECTION('ref_axis',(0.,0.,-1.));
#9662=DIRECTION('center_axis',(0.,-1.,0.));
#9663=DIRECTION('ref_axis',(0.,0.,-1.));
#9664=DIRECTION('center_axis',(0.,-1.,0.));
#9665=DIRECTION('ref_axis',(0.,0.,1.));
#9666=DIRECTION('',(-8.65956056235483E-17,-0.707106781186556,0.707106781186539));
#9667=DIRECTION('center_axis',(0.,1.,0.));
#9668=DIRECTION('ref_axis',(0.,0.,1.));
#9669=DIRECTION('center_axis',(0.,1.,0.));
#9670=DIRECTION('ref_axis',(0.,0.,1.));
#9671=DIRECTION('center_axis',(0.,1.,0.));
#9672=DIRECTION('ref_axis',(0.,0.,-1.));
#9673=DIRECTION('center_axis',(0.,1.,0.));
#9674=DIRECTION('ref_axis',(0.,0.,-1.));
#9675=DIRECTION('',(-8.65956056235495E-17,0.707106781186546,-0.707106781186548));
#9676=DIRECTION('center_axis',(0.,-1.,0.));
#9677=DIRECTION('ref_axis',(0.,0.,-1.));
#9678=DIRECTION('center_axis',(0.,-1.,0.));
#9679=DIRECTION('ref_axis',(0.,0.,-1.));
#9680=DIRECTION('center_axis',(0.,-1.,0.));
#9681=DIRECTION('ref_axis',(0.,0.,1.));
#9682=DIRECTION('',(-8.65956056235512E-17,-0.707106781186532,0.707106781186563));
#9683=DIRECTION('center_axis',(0.,1.,0.));
#9684=DIRECTION('ref_axis',(0.,0.,1.));
#9685=DIRECTION('center_axis',(0.,1.,0.));
#9686=DIRECTION('ref_axis',(0.,0.,1.));
#9687=DIRECTION('center_axis',(0.,1.,0.));
#9688=DIRECTION('ref_axis',(0.,0.,-1.));
#9689=DIRECTION('center_axis',(0.,1.,0.));
#9690=DIRECTION('ref_axis',(0.,0.,-1.));
#9691=DIRECTION('',(-8.65956056235513E-17,0.707106781186531,-0.707106781186564));
#9692=DIRECTION('center_axis',(0.,-1.,0.));
#9693=DIRECTION('ref_axis',(0.,0.,-1.));
#9694=DIRECTION('center_axis',(0.,-1.,0.));
#9695=DIRECTION('ref_axis',(0.,0.,-1.));
#9696=DIRECTION('center_axis',(0.,-1.,0.));
#9697=DIRECTION('ref_axis',(0.,0.,1.));
#9698=DIRECTION('',(-8.65956056235489E-17,-0.70710678118655,0.707106781186544));
#9699=DIRECTION('center_axis',(0.,1.,0.));
#9700=DIRECTION('ref_axis',(0.,0.,1.));
#9701=DIRECTION('center_axis',(0.,1.,0.));
#9702=DIRECTION('ref_axis',(0.,0.,1.));
#9703=DIRECTION('center_axis',(0.,1.,0.));
#9704=DIRECTION('ref_axis',(0.,0.,-1.));
#9705=DIRECTION('center_axis',(0.,1.,0.));
#9706=DIRECTION('ref_axis',(0.,0.,-1.));
#9707=DIRECTION('',(-8.65956056235473E-17,0.707106781186564,-0.707106781186531));
#9708=DIRECTION('center_axis',(0.,-1.,0.));
#9709=DIRECTION('ref_axis',(0.,0.,-1.));
#9710=DIRECTION('center_axis',(0.,-1.,0.));
#9711=DIRECTION('ref_axis',(0.,0.,-1.));
#9712=DIRECTION('center_axis',(0.,-1.,0.));
#9713=DIRECTION('ref_axis',(0.,0.,1.));
#9714=DIRECTION('',(-8.65956056235473E-17,-0.707106781186564,0.707106781186531));
#9715=DIRECTION('center_axis',(0.,1.,0.));
#9716=DIRECTION('ref_axis',(0.,0.,1.));
#9717=DIRECTION('center_axis',(0.,1.,0.));
#9718=DIRECTION('ref_axis',(0.,0.,1.));
#9719=DIRECTION('center_axis',(0.,1.,0.));
#9720=DIRECTION('ref_axis',(0.,0.,-1.));
#9721=DIRECTION('center_axis',(0.,1.,0.));
#9722=DIRECTION('ref_axis',(0.,0.,-1.));
#9723=DIRECTION('',(-8.6595605623555E-17,0.707106781186501,-0.707106781186594));
#9724=DIRECTION('center_axis',(0.,-1.,0.));
#9725=DIRECTION('ref_axis',(0.,0.,-1.));
#9726=DIRECTION('center_axis',(0.,-1.,0.));
#9727=DIRECTION('ref_axis',(0.,0.,-1.));
#9728=DIRECTION('center_axis',(0.,-1.,0.));
#9729=DIRECTION('ref_axis',(0.,0.,1.));
#9730=DIRECTION('',(-8.65956056235475E-17,-0.707106781186563,0.707106781186532));
#9731=DIRECTION('center_axis',(0.,1.,0.));
#9732=DIRECTION('ref_axis',(0.,0.,1.));
#9733=DIRECTION('center_axis',(0.,1.,0.));
#9734=DIRECTION('ref_axis',(0.,0.,1.));
#9735=DIRECTION('center_axis',(0.,1.,0.));
#9736=DIRECTION('ref_axis',(0.,0.,-1.));
#9737=DIRECTION('center_axis',(0.,1.,0.));
#9738=DIRECTION('ref_axis',(0.,0.,-1.));
#9739=DIRECTION('',(-8.65956056235521E-17,0.707106781186525,-0.70710678118657));
#9740=DIRECTION('center_axis',(0.,-1.,0.));
#9741=DIRECTION('ref_axis',(0.,0.,-1.));
#9742=DIRECTION('center_axis',(0.,-1.,0.));
#9743=DIRECTION('ref_axis',(0.,0.,-1.));
#9744=DIRECTION('center_axis',(0.,-1.,0.));
#9745=DIRECTION('ref_axis',(0.,0.,1.));
#9746=DIRECTION('',(-8.65956056235502E-17,-0.70710678118654,0.707106781186555));
#9747=DIRECTION('center_axis',(0.,1.,0.));
#9748=DIRECTION('ref_axis',(0.,0.,1.));
#9749=DIRECTION('center_axis',(0.,1.,0.));
#9750=DIRECTION('ref_axis',(0.,0.,1.));
#9751=DIRECTION('center_axis',(0.,1.,0.));
#9752=DIRECTION('ref_axis',(0.,0.,-1.));
#9753=DIRECTION('center_axis',(0.,1.,0.));
#9754=DIRECTION('ref_axis',(0.,0.,-1.));
#9755=DIRECTION('',(-8.65956056235476E-17,0.707106781186562,-0.707106781186533));
#9756=DIRECTION('center_axis',(0.,-1.,0.));
#9757=DIRECTION('ref_axis',(0.,0.,-1.));
#9758=DIRECTION('center_axis',(0.,-1.,0.));
#9759=DIRECTION('ref_axis',(0.,0.,-1.));
#9760=DIRECTION('center_axis',(0.,-1.,0.));
#9761=DIRECTION('ref_axis',(0.,0.,1.));
#9762=DIRECTION('',(-8.65956056235489E-17,-0.70710678118655,0.707106781186544));
#9763=DIRECTION('center_axis',(0.,1.,0.));
#9764=DIRECTION('ref_axis',(0.,0.,1.));
#9765=DIRECTION('center_axis',(0.,1.,0.));
#9766=DIRECTION('ref_axis',(0.,0.,1.));
#9767=DIRECTION('center_axis',(0.,1.,0.));
#9768=DIRECTION('ref_axis',(0.,0.,-1.));
#9769=DIRECTION('center_axis',(0.,1.,0.));
#9770=DIRECTION('ref_axis',(0.,0.,-1.));
#9771=DIRECTION('',(-8.6595605623546E-17,0.707106781186575,-0.70710678118652));
#9772=DIRECTION('center_axis',(0.,-1.,0.));
#9773=DIRECTION('ref_axis',(0.,0.,-1.));
#9774=DIRECTION('center_axis',(0.,-1.,0.));
#9775=DIRECTION('ref_axis',(0.,0.,-1.));
#9776=DIRECTION('center_axis',(0.,-1.,0.));
#9777=DIRECTION('ref_axis',(0.,0.,1.));
#9778=DIRECTION('',(-8.65956056235451E-17,-0.707106781186582,0.707106781186513));
#9779=DIRECTION('center_axis',(0.,1.,0.));
#9780=DIRECTION('ref_axis',(0.,0.,1.));
#9781=DIRECTION('center_axis',(0.,1.,0.));
#9782=DIRECTION('ref_axis',(0.,0.,1.));
#9783=DIRECTION('center_axis',(0.,1.,0.));
#9784=DIRECTION('ref_axis',(0.,0.,-1.));
#9785=DIRECTION('center_axis',(0.,1.,0.));
#9786=DIRECTION('ref_axis',(0.,0.,-1.));
#9787=DIRECTION('',(-8.65956056235476E-17,0.707106781186562,-0.707106781186533));
#9788=DIRECTION('center_axis',(0.,-1.,0.));
#9789=DIRECTION('ref_axis',(0.,0.,-1.));
#9790=DIRECTION('center_axis',(0.,-1.,0.));
#9791=DIRECTION('ref_axis',(0.,0.,-1.));
#9792=DIRECTION('center_axis',(0.,-1.,0.));
#9793=DIRECTION('ref_axis',(0.,0.,1.));
#9794=DIRECTION('',(-8.65956056235474E-17,-0.707106781186563,0.707106781186532));
#9795=DIRECTION('center_axis',(0.,1.,0.));
#9796=DIRECTION('ref_axis',(0.,0.,1.));
#9797=DIRECTION('center_axis',(0.,-1.,0.));
#9798=DIRECTION('ref_axis',(0.,0.,-1.));
#9799=DIRECTION('center_axis',(0.,-1.,0.));
#9800=DIRECTION('ref_axis',(-0.258819045102507,0.,-0.965925826289072));
#9801=DIRECTION('',(0.,-1.,0.));
#9802=DIRECTION('center_axis',(0.,-1.,0.));
#9803=DIRECTION('ref_axis',(-0.258819045102507,0.,-0.965925826289072));
#9804=DIRECTION('center_axis',(0.,-1.,0.));
#9805=DIRECTION('ref_axis',(0.,0.,-1.));
#9806=DIRECTION('center_axis',(0.,-1.,0.));
#9807=DIRECTION('ref_axis',(-0.499999999999988,0.,-0.866025403784445));
#9808=DIRECTION('',(0.,-1.,0.));
#9809=DIRECTION('center_axis',(0.,-1.,0.));
#9810=DIRECTION('ref_axis',(-0.499999999999988,0.,-0.866025403784445));
#9811=DIRECTION('center_axis',(0.,-1.,0.));
#9812=DIRECTION('ref_axis',(0.,0.,-1.));
#9813=DIRECTION('center_axis',(0.,-1.,0.));
#9814=DIRECTION('ref_axis',(-0.707106781186539,0.,-0.707106781186556));
#9815=DIRECTION('',(0.,-1.,0.));
#9816=DIRECTION('center_axis',(0.,-1.,0.));
#9817=DIRECTION('ref_axis',(-0.707106781186539,0.,-0.707106781186556));
#9818=DIRECTION('center_axis',(0.,-1.,0.));
#9819=DIRECTION('ref_axis',(0.,0.,-1.));
#9820=DIRECTION('center_axis',(0.,-1.,0.));
#9821=DIRECTION('ref_axis',(-0.866025403784433,0.,-0.50000000000001));
#9822=DIRECTION('',(0.,-1.,0.));
#9823=DIRECTION('center_axis',(0.,-1.,0.));
#9824=DIRECTION('ref_axis',(-0.866025403784433,0.,-0.50000000000001));
#9825=DIRECTION('center_axis',(0.,-1.,0.));
#9826=DIRECTION('ref_axis',(0.,0.,-1.));
#9827=DIRECTION('',(0.,-1.,0.));
#9828=DIRECTION('center_axis',(0.,-1.,0.));
#9829=DIRECTION('ref_axis',(0.,0.,-1.));
#9830=DIRECTION('',(0.,-1.,0.));
#9831=DIRECTION('center_axis',(0.,-1.,0.));
#9832=DIRECTION('ref_axis',(0.,0.,-1.));
#9833=DIRECTION('',(0.,-1.,0.));
#9834=DIRECTION('center_axis',(0.,-1.,0.));
#9835=DIRECTION('ref_axis',(0.,0.,-1.));
#9836=DIRECTION('',(0.,-1.,0.));
#9837=DIRECTION('center_axis',(0.,-1.,0.));
#9838=DIRECTION('ref_axis',(0.,0.,-1.));
#9839=DIRECTION('',(0.,-1.,0.));
#9840=DIRECTION('center_axis',(0.,-1.,0.));
#9841=DIRECTION('ref_axis',(0.,0.,-1.));
#9842=DIRECTION('',(0.,-1.,0.));
#9843=DIRECTION('center_axis',(0.,-1.,0.));
#9844=DIRECTION('ref_axis',(0.,0.,-1.));
#9845=DIRECTION('',(0.,-1.,0.));
#9846=DIRECTION('center_axis',(0.,-1.,0.));
#9847=DIRECTION('ref_axis',(0.,0.,-1.));
#9848=DIRECTION('',(0.,-1.,0.));
#9849=DIRECTION('center_axis',(0.,-1.,0.));
#9850=DIRECTION('ref_axis',(0.,0.,-1.));
#9851=DIRECTION('',(0.,-1.,0.));
#9852=DIRECTION('center_axis',(0.,-1.,0.));
#9853=DIRECTION('ref_axis',(0.,0.,-1.));
#9854=DIRECTION('',(0.,-1.,0.));
#9855=DIRECTION('center_axis',(0.,-1.,0.));
#9856=DIRECTION('ref_axis',(0.,0.,-1.));
#9857=DIRECTION('',(0.,-1.,0.));
#9858=DIRECTION('center_axis',(0.,-1.,0.));
#9859=DIRECTION('ref_axis',(0.,0.,-1.));
#9860=DIRECTION('',(0.,-1.,0.));
#9861=DIRECTION('center_axis',(0.,-1.,0.));
#9862=DIRECTION('ref_axis',(0.,0.,-1.));
#9863=DIRECTION('',(0.,-1.,0.));
#9864=DIRECTION('center_axis',(0.,-1.,0.));
#9865=DIRECTION('ref_axis',(0.,0.,-1.));
#9866=DIRECTION('',(0.,-1.,0.));
#9867=DIRECTION('center_axis',(0.,-1.,0.));
#9868=DIRECTION('ref_axis',(0.,0.,-1.));
#9869=DIRECTION('',(0.,-1.,0.));
#9870=DIRECTION('center_axis',(0.,-1.,0.));
#9871=DIRECTION('ref_axis',(0.,0.,-1.));
#9872=DIRECTION('',(0.,-1.,0.));
#9873=DIRECTION('center_axis',(0.,-1.,0.));
#9874=DIRECTION('ref_axis',(0.,0.,-1.));
#9875=DIRECTION('',(0.,-1.,0.));
#9876=DIRECTION('center_axis',(0.,-1.,0.));
#9877=DIRECTION('ref_axis',(0.,0.,-1.));
#9878=DIRECTION('',(0.,-1.,0.));
#9879=DIRECTION('center_axis',(0.,-1.,0.));
#9880=DIRECTION('ref_axis',(0.,0.,-1.));
#9881=DIRECTION('',(0.,-1.,0.));
#9882=DIRECTION('center_axis',(0.,-1.,0.));
#9883=DIRECTION('ref_axis',(0.,0.,-1.));
#9884=DIRECTION('',(0.,-1.,0.));
#9885=DIRECTION('center_axis',(0.,1.,0.));
#9886=DIRECTION('ref_axis',(0.,0.,1.));
#9887=DIRECTION('',(-4.18853873767699E-17,0.939692620785909,-0.342020143325668));
#9888=DIRECTION('center_axis',(0.,-1.,0.));
#9889=DIRECTION('ref_axis',(0.,0.,-1.));
#9890=DIRECTION('center_axis',(0.,-1.,0.));
#9891=DIRECTION('ref_axis',(0.,0.,-1.));
#9892=DIRECTION('center_axis',(0.,-1.,0.));
#9893=DIRECTION('ref_axis',(0.,0.,-1.));
#9894=DIRECTION('center_axis',(0.,-1.,0.));
#9895=DIRECTION('ref_axis',(0.,0.,-1.));
#9896=DIRECTION('',(1.15079156022785E-16,0.342020143325673,-0.939692620785907));
#9897=DIRECTION('center_axis',(0.,-1.,0.));
#9898=DIRECTION('ref_axis',(0.,0.,-1.));
#9899=DIRECTION('center_axis',(0.,-1.,0.));
#9900=DIRECTION('ref_axis',(0.,0.,-1.));
#9901=DIRECTION('',(0.,-1.,0.));
#9902=DIRECTION('center_axis',(0.,-1.,0.));
#9903=DIRECTION('ref_axis',(0.,0.,-1.));
#9904=DIRECTION('',(0.,1.,0.));
#9905=DIRECTION('center_axis',(0.,1.,0.));
#9906=DIRECTION('ref_axis',(0.,0.,1.));
#9907=DIRECTION('center_axis',(0.,-1.,0.));
#9908=DIRECTION('ref_axis',(0.,0.,-1.));
#9909=DIRECTION('axis',(0.,0.,1.));
#9910=DIRECTION('refdir',(1.,0.,0.));
#9911=DIRECTION('center_axis',(0.,1.,0.));
#9912=DIRECTION('ref_axis',(1.,-4.62215300048024E-16,-1.22464679914735E-16));
#9913=DIRECTION('center_axis',(0.,1.,0.));
#9914=DIRECTION('ref_axis',(1.,0.,-1.22464679914735E-16));
#9915=DIRECTION('',(0.707106781186531,-0.707106781186564,-1.73191211247095E-16));
#9916=DIRECTION('center_axis',(0.,-1.,0.));
#9917=DIRECTION('ref_axis',(1.,-9.51619735392991E-16,-1.22464679914735E-16));
#9918=DIRECTION('center_axis',(9.51619735392991E-16,1.,0.));
#9919=DIRECTION('ref_axis',(1.,-9.51619735392991E-16,-1.22464679914735E-16));
#9920=DIRECTION('center_axis',(0.,1.,0.));
#9921=DIRECTION('ref_axis',(1.,-9.51619735392991E-16,-1.22464679914735E-16));
#9922=DIRECTION('',(9.51619735392991E-16,1.,0.));
#9923=DIRECTION('center_axis',(0.,1.,0.));
#9924=DIRECTION('ref_axis',(0.,0.,1.));
#9925=DIRECTION('center_axis',(0.,1.,0.));
#9926=DIRECTION('ref_axis',(0.,0.,1.));
#9927=DIRECTION('center_axis',(0.,-1.,0.));
#9928=DIRECTION('ref_axis',(0.,0.,-1.));
#9929=DIRECTION('center_axis',(0.,-1.,0.));
#9930=DIRECTION('ref_axis',(0.,0.,-1.));
#9931=DIRECTION('center_axis',(0.,1.,0.));
#9932=DIRECTION('ref_axis',(0.,0.,-1.));
#9933=DIRECTION('center_axis',(0.,1.,0.));
#9934=DIRECTION('ref_axis',(0.,0.,-1.));
#9935=DIRECTION('center_axis',(0.,1.,0.));
#9936=DIRECTION('ref_axis',(0.,0.,-1.));
#9937=DIRECTION('center_axis',(0.,1.,0.));
#9938=DIRECTION('ref_axis',(0.,0.,-1.));
#9939=DIRECTION('center_axis',(0.,1.,0.));
#9940=DIRECTION('ref_axis',(0.,0.,-1.));
#9941=DIRECTION('center_axis',(0.,1.,0.));
#9942=DIRECTION('ref_axis',(0.,0.,-1.));
#9943=DIRECTION('center_axis',(0.,1.,0.));
#9944=DIRECTION('ref_axis',(0.,0.,-1.));
#9945=DIRECTION('center_axis',(0.,1.,0.));
#9946=DIRECTION('ref_axis',(0.,0.,-1.));
#9947=DIRECTION('center_axis',(0.,1.,0.));
#9948=DIRECTION('ref_axis',(0.,0.,-1.));
#9949=DIRECTION('center_axis',(0.,1.,0.));
#9950=DIRECTION('ref_axis',(0.,0.,-1.));
#9951=DIRECTION('center_axis',(0.,1.,0.));
#9952=DIRECTION('ref_axis',(0.,0.,-1.));
#9953=DIRECTION('center_axis',(0.,1.,0.));
#9954=DIRECTION('ref_axis',(0.,0.,-1.));
#9955=DIRECTION('center_axis',(0.,1.,0.));
#9956=DIRECTION('ref_axis',(0.,0.,-1.));
#9957=DIRECTION('center_axis',(0.,1.,0.));
#9958=DIRECTION('ref_axis',(0.,0.,-1.));
#9959=DIRECTION('center_axis',(0.,1.,0.));
#9960=DIRECTION('ref_axis',(0.,0.,-1.));
#9961=DIRECTION('center_axis',(0.,1.,0.));
#9962=DIRECTION('ref_axis',(0.,0.,-1.));
#9963=DIRECTION('center_axis',(0.,-1.,0.));
#9964=DIRECTION('ref_axis',(0.,0.,1.));
#9965=DIRECTION('center_axis',(0.,1.,0.));
#9966=DIRECTION('ref_axis',(0.,0.,1.));
#9967=DIRECTION('center_axis',(0.,1.,0.));
#9968=DIRECTION('ref_axis',(0.,0.,-1.));
#9969=DIRECTION('center_axis',(0.,1.,0.));
#9970=DIRECTION('ref_axis',(0.,0.,-1.));
#9971=DIRECTION('center_axis',(1.,0.,-1.22464679914735E-16));
#9972=DIRECTION('ref_axis',(-1.22464679914735E-16,0.,-1.));
#9973=DIRECTION('center_axis',(0.,-1.,0.));
#9974=DIRECTION('ref_axis',(0.,0.,1.));
#9975=DIRECTION('center_axis',(0.,-1.,0.));
#9976=DIRECTION('ref_axis',(0.,0.,-1.));
#9977=DIRECTION('center_axis',(0.,-1.,0.));
#9978=DIRECTION('ref_axis',(0.,0.,-1.));
#9979=DIRECTION('center_axis',(0.,-1.,0.));
#9980=DIRECTION('ref_axis',(0.,0.,-1.));
#9981=DIRECTION('',(-8.65956056235491E-17,-0.707106781186549,0.707106781186546));
#9982=DIRECTION('center_axis',(0.,1.,0.));
#9983=DIRECTION('ref_axis',(0.,0.,1.));
#9984=DIRECTION('center_axis',(0.,1.,0.));
#9985=DIRECTION('ref_axis',(0.,0.,1.));
#9986=DIRECTION('',(-8.65956056235483E-17,0.707106781186556,-0.707106781186539));
#9987=DIRECTION('center_axis',(0.,-1.,0.));
#9988=DIRECTION('ref_axis',(0.,0.,1.));
#9989=DIRECTION('center_axis',(0.,-1.,0.));
#9990=DIRECTION('ref_axis',(0.,0.,-1.));
#9991=DIRECTION('center_axis',(0.,-1.,0.));
#9992=DIRECTION('ref_axis',(0.,0.,-1.));
#9993=DIRECTION('center_axis',(0.,-1.,0.));
#9994=DIRECTION('ref_axis',(0.,0.,-1.));
#9995=DIRECTION('',(-8.6595605623552E-17,-0.707106781186526,0.707106781186569));
#9996=DIRECTION('center_axis',(0.,1.,0.));
#9997=DIRECTION('ref_axis',(0.,0.,1.));
#9998=DIRECTION('center_axis',(0.,1.,0.));
#9999=DIRECTION('ref_axis',(0.,0.,1.));
#10000=DIRECTION('',(-8.65956056235514E-17,0.70710678118653,-0.707106781186565));
#10001=DIRECTION('center_axis',(0.,-1.,0.));
#10002=DIRECTION('ref_axis',(0.,0.,1.));
#10003=DIRECTION('center_axis',(0.,-1.,0.));
#10004=DIRECTION('ref_axis',(0.,0.,-1.));
#10005=DIRECTION('center_axis',(0.,-1.,0.));
#10006=DIRECTION('ref_axis',(0.,0.,-1.));
#10007=DIRECTION('center_axis',(0.,-1.,0.));
#10008=DIRECTION('ref_axis',(0.,0.,-1.));
#10009=DIRECTION('',(-8.65956056235503E-17,-0.707106781186539,0.707106781186555));
#10010=DIRECTION('center_axis',(0.,1.,0.));
#10011=DIRECTION('ref_axis',(0.,0.,1.));
#10012=DIRECTION('center_axis',(0.,1.,0.));
#10013=DIRECTION('ref_axis',(0.,0.,1.));
#10014=DIRECTION('',(-8.65956056235503E-17,0.70710678118654,-0.707106781186555));
#10015=DIRECTION('center_axis',(0.,-1.,0.));
#10016=DIRECTION('ref_axis',(0.,0.,1.));
#10017=DIRECTION('center_axis',(0.,-1.,0.));
#10018=DIRECTION('ref_axis',(0.,0.,-1.));
#10019=DIRECTION('center_axis',(0.,-1.,0.));
#10020=DIRECTION('ref_axis',(0.,0.,-1.));
#10021=DIRECTION('center_axis',(0.,-1.,0.));
#10022=DIRECTION('ref_axis',(0.,0.,-1.));
#10023=DIRECTION('',(-8.65956056235505E-17,-0.707106781186538,0.707106781186557));
#10024=DIRECTION('center_axis',(0.,1.,0.));
#10025=DIRECTION('ref_axis',(0.,0.,1.));
#10026=DIRECTION('center_axis',(0.,1.,0.));
#10027=DIRECTION('ref_axis',(0.,0.,1.));
#10028=DIRECTION('',(-8.65956056235504E-17,0.707106781186539,-0.707106781186556));
#10029=DIRECTION('center_axis',(0.,-1.,0.));
#10030=DIRECTION('ref_axis',(0.,0.,1.));
#10031=DIRECTION('center_axis',(0.,-1.,0.));
#10032=DIRECTION('ref_axis',(0.,0.,-1.));
#10033=DIRECTION('center_axis',(0.,-1.,0.));
#10034=DIRECTION('ref_axis',(0.,0.,-1.));
#10035=DIRECTION('center_axis',(0.,-1.,0.));
#10036=DIRECTION('ref_axis',(0.,0.,-1.));
#10037=DIRECTION('',(-8.65956056235487E-17,-0.707106781186553,0.707106781186542));
#10038=DIRECTION('center_axis',(0.,1.,0.));
#10039=DIRECTION('ref_axis',(0.,0.,1.));
#10040=DIRECTION('center_axis',(0.,1.,0.));
#10041=DIRECTION('ref_axis',(0.,0.,1.));
#10042=DIRECTION('',(-8.65956056235514E-17,0.707106781186531,-0.707106781186564));
#10043=DIRECTION('center_axis',(0.,-1.,0.));
#10044=DIRECTION('ref_axis',(0.,0.,1.));
#10045=DIRECTION('center_axis',(0.,-1.,0.));
#10046=DIRECTION('ref_axis',(0.,0.,-1.));
#10047=DIRECTION('center_axis',(0.,-1.,0.));
#10048=DIRECTION('ref_axis',(0.,0.,-1.));
#10049=DIRECTION('center_axis',(0.,-1.,0.));
#10050=DIRECTION('ref_axis',(0.,0.,-1.));
#10051=DIRECTION('',(-8.65956056235503E-17,-0.707106781186539,0.707106781186555));
#10052=DIRECTION('center_axis',(0.,1.,0.));
#10053=DIRECTION('ref_axis',(0.,0.,1.));
#10054=DIRECTION('center_axis',(0.,1.,0.));
#10055=DIRECTION('ref_axis',(0.,0.,1.));
#10056=DIRECTION('',(-8.65956056235511E-17,0.707106781186533,-0.707106781186562));
#10057=DIRECTION('center_axis',(0.,-1.,0.));
#10058=DIRECTION('ref_axis',(0.,0.,1.));
#10059=DIRECTION('center_axis',(0.,-1.,0.));
#10060=DIRECTION('ref_axis',(0.,0.,-1.));
#10061=DIRECTION('center_axis',(0.,-1.,0.));
#10062=DIRECTION('ref_axis',(0.,0.,-1.));
#10063=DIRECTION('center_axis',(0.,-1.,0.));
#10064=DIRECTION('ref_axis',(0.,0.,-1.));
#10065=DIRECTION('',(-8.65956056235503E-17,-0.707106781186539,0.707106781186555));
#10066=DIRECTION('center_axis',(0.,1.,0.));
#10067=DIRECTION('ref_axis',(0.,0.,1.));
#10068=DIRECTION('center_axis',(0.,1.,0.));
#10069=DIRECTION('ref_axis',(0.,0.,1.));
#10070=DIRECTION('',(-8.65956056235503E-17,0.70710678118654,-0.707106781186556));
#10071=DIRECTION('center_axis',(0.,-1.,0.));
#10072=DIRECTION('ref_axis',(0.,0.,1.));
#10073=DIRECTION('center_axis',(0.,-1.,0.));
#10074=DIRECTION('ref_axis',(0.,0.,-1.));
#10075=DIRECTION('center_axis',(0.,-1.,0.));
#10076=DIRECTION('ref_axis',(0.,0.,-1.));
#10077=DIRECTION('center_axis',(0.,-1.,0.));
#10078=DIRECTION('ref_axis',(0.,0.,-1.));
#10079=DIRECTION('',(-8.65956056235511E-17,-0.707106781186533,0.707106781186562));
#10080=DIRECTION('center_axis',(0.,1.,0.));
#10081=DIRECTION('ref_axis',(0.,0.,1.));
#10082=DIRECTION('center_axis',(0.,1.,0.));
#10083=DIRECTION('ref_axis',(0.,0.,1.));
#10084=DIRECTION('',(-8.65956056235504E-17,0.707106781186539,-0.707106781186556));
#10085=DIRECTION('center_axis',(0.,-1.,0.));
#10086=DIRECTION('ref_axis',(0.,0.,1.));
#10087=DIRECTION('center_axis',(0.,-1.,0.));
#10088=DIRECTION('ref_axis',(0.,0.,-1.));
#10089=DIRECTION('center_axis',(0.,-1.,0.));
#10090=DIRECTION('ref_axis',(0.,0.,-1.));
#10091=DIRECTION('center_axis',(0.,-1.,0.));
#10092=DIRECTION('ref_axis',(0.,0.,-1.));
#10093=DIRECTION('',(-8.65956056235466E-17,-0.70710678118657,0.707106781186525));
#10094=DIRECTION('center_axis',(0.,1.,0.));
#10095=DIRECTION('ref_axis',(0.,0.,1.));
#10096=DIRECTION('center_axis',(0.,1.,0.));
#10097=DIRECTION('ref_axis',(0.,0.,1.));
#10098=DIRECTION('',(-8.65956056235492E-17,0.707106781186549,-0.707106781186546));
#10099=DIRECTION('center_axis',(0.,-1.,0.));
#10100=DIRECTION('ref_axis',(0.,0.,1.));
#10101=DIRECTION('center_axis',(0.,-1.,0.));
#10102=DIRECTION('ref_axis',(0.,0.,-1.));
#10103=DIRECTION('center_axis',(0.,-1.,0.));
#10104=DIRECTION('ref_axis',(0.,0.,-1.));
#10105=DIRECTION('center_axis',(0.,-1.,0.));
#10106=DIRECTION('ref_axis',(0.,0.,-1.));
#10107=DIRECTION('',(-8.65956056235473E-17,-0.707106781186564,0.707106781186531));
#10108=DIRECTION('center_axis',(0.,1.,0.));
#10109=DIRECTION('ref_axis',(0.,0.,1.));
#10110=DIRECTION('center_axis',(0.,1.,0.));
#10111=DIRECTION('ref_axis',(0.,0.,1.));
#10112=DIRECTION('',(-8.65956056235511E-17,0.707106781186533,-0.707106781186562));
#10113=DIRECTION('center_axis',(0.,-1.,0.));
#10114=DIRECTION('ref_axis',(0.,0.,1.));
#10115=DIRECTION('center_axis',(0.,-1.,0.));
#10116=DIRECTION('ref_axis',(0.,0.,-1.));
#10117=DIRECTION('center_axis',(0.,-1.,0.));
#10118=DIRECTION('ref_axis',(0.,0.,-1.));
#10119=DIRECTION('center_axis',(0.,-1.,0.));
#10120=DIRECTION('ref_axis',(0.,0.,-1.));
#10121=DIRECTION('',(-8.65956056235503E-17,-0.707106781186539,0.707106781186555));
#10122=DIRECTION('center_axis',(0.,1.,0.));
#10123=DIRECTION('ref_axis',(0.,0.,1.));
#10124=DIRECTION('center_axis',(0.,1.,0.));
#10125=DIRECTION('ref_axis',(0.,0.,1.));
#10126=DIRECTION('',(-8.65956056235503E-17,0.70710678118654,-0.707106781186555));
#10127=DIRECTION('center_axis',(0.,-1.,0.));
#10128=DIRECTION('ref_axis',(0.,0.,1.));
#10129=DIRECTION('center_axis',(0.,-1.,0.));
#10130=DIRECTION('ref_axis',(0.,0.,-1.));
#10131=DIRECTION('center_axis',(0.,-1.,0.));
#10132=DIRECTION('ref_axis',(0.,0.,-1.));
#10133=DIRECTION('center_axis',(0.,-1.,0.));
#10134=DIRECTION('ref_axis',(0.,0.,-1.));
#10135=DIRECTION('',(-8.65956056235482E-17,-0.707106781186557,0.707106781186538));
#10136=DIRECTION('center_axis',(0.,1.,0.));
#10137=DIRECTION('ref_axis',(0.,0.,1.));
#10138=DIRECTION('center_axis',(0.,1.,0.));
#10139=DIRECTION('ref_axis',(0.,0.,1.));
#10140=DIRECTION('',(-8.65956056235487E-17,0.707106781186553,-0.707106781186542));
#10141=DIRECTION('center_axis',(0.,-1.,0.));
#10142=DIRECTION('ref_axis',(0.,0.,1.));
#10143=DIRECTION('center_axis',(0.,-1.,0.));
#10144=DIRECTION('ref_axis',(0.,0.,-1.));
#10145=DIRECTION('center_axis',(0.,-1.,0.));
#10146=DIRECTION('ref_axis',(0.,0.,-1.));
#10147=DIRECTION('center_axis',(0.,-1.,0.));
#10148=DIRECTION('ref_axis',(0.,0.,-1.));
#10149=DIRECTION('',(-8.65956056235496E-17,-0.707106781186546,0.707106781186549));
#10150=DIRECTION('center_axis',(0.,1.,0.));
#10151=DIRECTION('ref_axis',(0.,0.,1.));
#10152=DIRECTION('center_axis',(0.,1.,0.));
#10153=DIRECTION('ref_axis',(0.,0.,1.));
#10154=DIRECTION('',(-8.6595605623547E-17,0.707106781186567,-0.707106781186529));
#10155=DIRECTION('center_axis',(0.,-1.,0.));
#10156=DIRECTION('ref_axis',(0.,0.,1.));
#10157=DIRECTION('center_axis',(0.,-1.,0.));
#10158=DIRECTION('ref_axis',(0.,0.,-1.));
#10159=DIRECTION('center_axis',(0.,-1.,0.));
#10160=DIRECTION('ref_axis',(0.,0.,-1.));
#10161=DIRECTION('center_axis',(0.,-1.,0.));
#10162=DIRECTION('ref_axis',(0.,0.,-1.));
#10163=DIRECTION('',(-8.65956056235503E-17,-0.707106781186539,0.707106781186555));
#10164=DIRECTION('center_axis',(0.,1.,0.));
#10165=DIRECTION('ref_axis',(0.,0.,1.));
#10166=DIRECTION('center_axis',(0.,1.,0.));
#10167=DIRECTION('ref_axis',(0.,0.,1.));
#10168=DIRECTION('',(-8.65956056235503E-17,0.70710678118654,-0.707106781186556));
#10169=DIRECTION('center_axis',(0.,-1.,0.));
#10170=DIRECTION('ref_axis',(0.,0.,1.));
#10171=DIRECTION('center_axis',(0.,-1.,0.));
#10172=DIRECTION('ref_axis',(0.,0.,-1.));
#10173=DIRECTION('center_axis',(0.,-1.,0.));
#10174=DIRECTION('ref_axis',(0.,0.,-1.));
#10175=DIRECTION('center_axis',(0.,-1.,0.));
#10176=DIRECTION('ref_axis',(0.,0.,-1.));
#10177=DIRECTION('',(-8.65956056235522E-17,-0.707106781186524,0.707106781186571));
#10178=DIRECTION('center_axis',(0.,1.,0.));
#10179=DIRECTION('ref_axis',(0.,0.,1.));
#10180=DIRECTION('center_axis',(0.,1.,0.));
#10181=DIRECTION('ref_axis',(0.,0.,1.));
#10182=DIRECTION('',(-8.65956056235486E-17,0.707106781186554,-0.707106781186541));
#10183=DIRECTION('center_axis',(0.,-1.,0.));
#10184=DIRECTION('ref_axis',(0.,0.,1.));
#10185=DIRECTION('center_axis',(0.,-1.,0.));
#10186=DIRECTION('ref_axis',(0.,0.,-1.));
#10187=DIRECTION('center_axis',(0.,-1.,0.));
#10188=DIRECTION('ref_axis',(0.,0.,-1.));
#10189=DIRECTION('center_axis',(0.,-1.,0.));
#10190=DIRECTION('ref_axis',(0.,0.,-1.));
#10191=DIRECTION('',(-8.65956056235485E-17,-0.707106781186554,0.707106781186541));
#10192=DIRECTION('center_axis',(0.,1.,0.));
#10193=DIRECTION('ref_axis',(0.,0.,1.));
#10194=DIRECTION('center_axis',(0.,1.,0.));
#10195=DIRECTION('ref_axis',(0.,0.,1.));
#10196=DIRECTION('',(-8.65956056235505E-17,0.707106781186538,-0.707106781186557));
#10197=DIRECTION('center_axis',(0.,-1.,0.));
#10198=DIRECTION('ref_axis',(0.,0.,1.));
#10199=DIRECTION('center_axis',(0.,-1.,0.));
#10200=DIRECTION('ref_axis',(0.,0.,-1.));
#10201=DIRECTION('center_axis',(0.,1.,0.));
#10202=DIRECTION('ref_axis',(0.,0.,1.));
#10203=DIRECTION('',(-0.137955732258769,0.707075806395311,-0.693550300949662));
#10204=DIRECTION('center_axis',(0.,-1.,0.));
#10205=DIRECTION('ref_axis',(7.105427357601E-15,0.,1.));
#10206=DIRECTION('center_axis',(0.,-1.,0.));
#10207=DIRECTION('ref_axis',(7.105427357601E-15,0.,1.));
#10208=DIRECTION('',(0.137955732258776,0.707075806395318,0.693550300949654));
#10209=DIRECTION('center_axis',(0.,1.,0.));
#10210=DIRECTION('ref_axis',(0.,0.,1.));
#10211=DIRECTION('center_axis',(0.,1.,0.));
#10212=DIRECTION('ref_axis',(0.,0.,-1.));
#10213=DIRECTION('',(8.65956056235494E-17,-0.707106781186548,0.707106781186548));
#10214=DIRECTION('center_axis',(0.,1.,0.));
#10215=DIRECTION('ref_axis',(0.,0.,1.));
#10216=DIRECTION('',(0.,1.,0.));
#10217=DIRECTION('center_axis',(0.,1.,0.));
#10218=DIRECTION('ref_axis',(0.,0.,1.));
#10219=DIRECTION('',(0.,1.,0.));
#10220=DIRECTION('center_axis',(0.,1.,0.));
#10221=DIRECTION('ref_axis',(0.,0.,1.));
#10222=DIRECTION('',(0.,1.,0.));
#10223=DIRECTION('center_axis',(0.,1.,0.));
#10224=DIRECTION('ref_axis',(0.,0.,1.));
#10225=DIRECTION('',(0.,1.,0.));
#10226=DIRECTION('center_axis',(0.,1.,0.));
#10227=DIRECTION('ref_axis',(0.,0.,1.));
#10228=DIRECTION('',(0.,1.,0.));
#10229=DIRECTION('center_axis',(0.,1.,0.));
#10230=DIRECTION('ref_axis',(0.,0.,1.));
#10231=DIRECTION('',(0.,1.,0.));
#10232=DIRECTION('center_axis',(0.,1.,0.));
#10233=DIRECTION('ref_axis',(0.,0.,1.));
#10234=DIRECTION('',(0.,1.,0.));
#10235=DIRECTION('center_axis',(0.,1.,0.));
#10236=DIRECTION('ref_axis',(0.,0.,1.));
#10237=DIRECTION('',(0.,1.,0.));
#10238=DIRECTION('center_axis',(0.,1.,0.));
#10239=DIRECTION('ref_axis',(0.,0.,1.));
#10240=DIRECTION('',(0.,1.,0.));
#10241=DIRECTION('center_axis',(0.,1.,0.));
#10242=DIRECTION('ref_axis',(0.,0.,1.));
#10243=DIRECTION('',(0.,1.,0.));
#10244=DIRECTION('center_axis',(0.,1.,0.));
#10245=DIRECTION('ref_axis',(0.,0.,1.));
#10246=DIRECTION('',(0.,1.,0.));
#10247=DIRECTION('center_axis',(0.,1.,0.));
#10248=DIRECTION('ref_axis',(0.,0.,1.));
#10249=DIRECTION('',(0.,1.,0.));
#10250=DIRECTION('center_axis',(0.,1.,0.));
#10251=DIRECTION('ref_axis',(0.,0.,1.));
#10252=DIRECTION('',(0.,1.,0.));
#10253=DIRECTION('center_axis',(0.,1.,0.));
#10254=DIRECTION('ref_axis',(0.,0.,1.));
#10255=DIRECTION('',(0.,1.,0.));
#10256=DIRECTION('center_axis',(0.,1.,0.));
#10257=DIRECTION('ref_axis',(0.,0.,1.));
#10258=DIRECTION('',(0.,1.,0.));
#10259=DIRECTION('center_axis',(0.,1.,0.));
#10260=DIRECTION('ref_axis',(0.,0.,1.));
#10261=DIRECTION('',(0.,1.,0.));
#10262=DIRECTION('center_axis',(0.,1.,0.));
#10263=DIRECTION('ref_axis',(0.,0.,1.));
#10264=DIRECTION('',(0.,1.,0.));
#10265=DIRECTION('center_axis',(0.,1.,0.));
#10266=DIRECTION('ref_axis',(0.,0.,1.));
#10267=DIRECTION('center_axis',(0.,1.,0.));
#10268=DIRECTION('ref_axis',(0.,0.,1.));
#10269=DIRECTION('center_axis',(0.,-1.,0.));
#10270=DIRECTION('ref_axis',(-1.77635683940025E-15,0.,1.));
#10271=DIRECTION('',(0.,1.,0.));
#10272=DIRECTION('center_axis',(0.,-1.,0.));
#10273=DIRECTION('ref_axis',(-4.9737991503207E-14,0.,1.));
#10274=DIRECTION('',(0.,1.,0.));
#10275=DIRECTION('',(0.,-1.,0.));
#10276=DIRECTION('',(0.,1.,0.));
#10277=DIRECTION('center_axis',(0.,-1.,0.));
#10278=DIRECTION('ref_axis',(9.59232693276135E-14,0.,1.));
#10279=DIRECTION('',(0.,1.,0.));
#10280=DIRECTION('center_axis',(0.,1.,0.));
#10281=DIRECTION('ref_axis',(0.,0.,1.));
#10282=DIRECTION('',(0.,1.,0.));
#10283=DIRECTION('center_axis',(0.,1.,0.));
#10284=DIRECTION('ref_axis',(0.,0.,1.));
#10285=DIRECTION('',(0.,-1.,0.));
#10286=DIRECTION('center_axis',(0.,1.,0.));
#10287=DIRECTION('ref_axis',(0.,0.,1.));
#10288=DIRECTION('',(0.,-1.,0.));
#10289=DIRECTION('center_axis',(0.,1.,0.));
#10290=DIRECTION('ref_axis',(0.,0.,1.));
#10291=DIRECTION('',(0.,-1.,0.));
#10292=DIRECTION('center_axis',(0.,1.,0.));
#10293=DIRECTION('ref_axis',(0.,0.,1.));
#10294=DIRECTION('',(0.,-1.,0.));
#10295=DIRECTION('center_axis',(0.,1.,0.));
#10296=DIRECTION('ref_axis',(0.,0.,1.));
#10297=DIRECTION('center_axis',(0.,-1.,0.));
#10298=DIRECTION('ref_axis',(0.,0.,-1.));
#10299=DIRECTION('',(1.15079156022785E-16,0.342020143325673,-0.939692620785907));
#10300=DIRECTION('center_axis',(0.,1.,0.));
#10301=DIRECTION('ref_axis',(0.,0.,1.));
#10302=DIRECTION('center_axis',(0.,1.,0.));
#10303=DIRECTION('ref_axis',(0.,0.,1.));
#10304=DIRECTION('center_axis',(0.,1.,0.));
#10305=DIRECTION('ref_axis',(0.,0.,1.));
#10306=DIRECTION('',(-4.18853873767708E-17,0.939692620785906,-0.342020143325676));
#10307=DIRECTION('center_axis',(0.,1.,0.));
#10308=DIRECTION('ref_axis',(0.,0.,1.));
#10309=DIRECTION('center_axis',(0.,1.,0.));
#10310=DIRECTION('ref_axis',(0.,0.,1.));
#10311=DIRECTION('',(-0.195090322016136,0.,-0.980785280403229));
#10312=DIRECTION('',(0.195090322016129,0.,0.98078528040323));
#10313=DIRECTION('center_axis',(0.,-1.,0.));
#10314=DIRECTION('ref_axis',(-0.98078528040323,0.,0.195090322016133));
#10315=DIRECTION('',(-0.137955732258773,0.707075806395298,-0.693550300949675));
#10316=DIRECTION('',(0.137955732258773,0.707075806395306,0.693550300949667));
#10317=DIRECTION('center_axis',(0.,1.,0.));
#10318=DIRECTION('ref_axis',(0.,0.,1.));
#10319=DIRECTION('',(-0.195090322016136,0.,-0.980785280403229));
#10320=DIRECTION('',(0.195090322016129,0.,0.98078528040323));
#10321=DIRECTION('center_axis',(0.,-1.,0.));
#10322=DIRECTION('ref_axis',(0.,0.,-1.));
#10323=DIRECTION('center_axis',(-0.98078528040323,0.,0.195090322016129));
#10324=DIRECTION('ref_axis',(0.195090322016129,0.,0.98078528040323));
#10325=DIRECTION('',(0.195090322016129,0.,0.98078528040323));
#10326=DIRECTION('center_axis',(-0.98078528040323,0.,0.195090322016129));
#10327=DIRECTION('ref_axis',(0.195090322016129,0.,0.98078528040323));
#10328=DIRECTION('',(0.195090322016129,0.,0.98078528040323));
#10329=DIRECTION('center_axis',(0.,1.,0.));
#10330=DIRECTION('ref_axis',(0.,0.,1.));
#10331=DIRECTION('center_axis',(0.980785280403229,0.,-0.195090322016136));
#10332=DIRECTION('ref_axis',(-0.195090322016136,0.,-0.980785280403229));
#10333=DIRECTION('',(-0.195090322016136,0.,-0.980785280403229));
#10334=DIRECTION('center_axis',(0.980785280403229,0.,-0.195090322016136));
#10335=DIRECTION('ref_axis',(-0.195090322016136,0.,-0.980785280403229));
#10336=DIRECTION('',(-0.195090322016136,0.,-0.980785280403229));
#10337=DIRECTION('center_axis',(0.,1.,0.));
#10338=DIRECTION('ref_axis',(-6.98296672221876E-15,0.,-1.));
#10339=DIRECTION('axis',(0.,0.,1.));
#10340=DIRECTION('refdir',(1.,0.,0.));
#10341=DIRECTION('center_axis',(-9.43689570931383E-16,-1.,0.));
#10342=DIRECTION('ref_axis',(0.,0.,-1.));
#10343=DIRECTION('center_axis',(9.43689570931383E-16,1.,0.));
#10344=DIRECTION('ref_axis',(-0.766044443118978,7.14243283513894E-16,0.642787609686539));
#10345=DIRECTION('center_axis',(-9.43689570931383E-16,-1.,0.));
#10346=DIRECTION('ref_axis',(-0.766044443118978,6.99259158684932E-16,0.642787609686539));
#10347=DIRECTION('center_axis',(-0.383022221559488,0.866025403784439,0.321393804843269));
#10348=DIRECTION('ref_axis',(-0.663413948168939,-0.499999999999999,0.556670399226419));
#10349=DIRECTION('center_axis',(-0.383022221559488,0.866025403784439,0.321393804843269));
#10350=DIRECTION('ref_axis',(0.92373912864598,0.359091613419782,0.133263781200832));
#10351=DIRECTION('',(0.383022221559488,-0.866025403784439,-0.321393804843269));
#10352=DIRECTION('center_axis',(-0.383022221559488,0.866025403784439,0.321393804843269));
#10353=DIRECTION('ref_axis',(0.,-0.347927022767098,0.937521619392547));
#10354=DIRECTION('center_axis',(-0.383022221559488,0.866025403784439,0.321393804843269));
#10355=DIRECTION('ref_axis',(0.92373912864598,0.359091613419782,0.133263781200832));
#10356=DIRECTION('center_axis',(-0.383022221559488,0.866025403784439,0.321393804843269));
#10357=DIRECTION('ref_axis',(-0.663413948168939,-0.499999999999999,0.556670399226419));
#10358=DIRECTION('',(0.383022221559488,-0.866025403784439,-0.321393804843269));
#10359=DIRECTION('axis',(0.,0.,1.));
#10360=DIRECTION('refdir',(1.,0.,0.));
#10361=DIRECTION('center_axis',(0.,1.,-1.54420742354708E-17));
#10362=DIRECTION('ref_axis',(0.,1.54420742354708E-17,1.));
#10363=DIRECTION('center_axis',(0.,1.,-1.54420742354708E-17));
#10364=DIRECTION('ref_axis',(0.,1.54420742354708E-17,1.));
#10365=DIRECTION('',(-8.65956056235493E-17,0.707106781186548,-0.707106781186548));
#10366=DIRECTION('center_axis',(0.,-1.,1.54420742354709E-17));
#10367=DIRECTION('ref_axis',(0.,1.54420742354709E-17,1.));
#10368=DIRECTION('center_axis',(0.,-1.,1.54420742354709E-17));
#10369=DIRECTION('ref_axis',(0.,-1.54420742354709E-17,-1.));
#10370=DIRECTION('center_axis',(0.,-1.,1.54420742354709E-17));
#10371=DIRECTION('ref_axis',(0.,-1.54420742354709E-17,-1.));
#10372=DIRECTION('',(-8.65956056235483E-17,-0.707106781186556,0.707106781186539));
#10373=DIRECTION('center_axis',(0.,1.,-1.54420742354709E-17));
#10374=DIRECTION('ref_axis',(0.,-1.54420742354709E-17,-1.));
#10375=DIRECTION('center_axis',(0.,-1.,1.54420742354709E-17));
#10376=DIRECTION('ref_axis',(0.,-1.54420742354709E-17,-1.));
#10377=DIRECTION('center_axis',(0.,-1.,1.54420742354709E-17));
#10378=DIRECTION('ref_axis',(0.,-1.54420742354709E-17,-1.));
#10379=DIRECTION('',(0.,-1.,1.54420742354709E-17));
#10380=DIRECTION('center_axis',(0.,1.,0.));
#10381=DIRECTION('ref_axis',(0.,0.,1.));
#10382=DIRECTION('center_axis',(0.,1.,0.));
#10383=DIRECTION('ref_axis',(0.,0.,1.));
#10384=DIRECTION('center_axis',(0.,1.,0.));
#10385=DIRECTION('ref_axis',(0.,0.,1.));
#10386=DIRECTION('',(-8.65956056235515E-17,0.70710678118653,-0.707106781186565));
#10387=DIRECTION('center_axis',(0.,-1.,1.54420742354709E-17));
#10388=DIRECTION('ref_axis',(0.,1.54420742354709E-17,1.));
#10389=DIRECTION('center_axis',(0.,-1.,0.));
#10390=DIRECTION('ref_axis',(0.,0.,-1.));
#10391=DIRECTION('center_axis',(0.,-1.,0.));
#10392=DIRECTION('ref_axis',(0.,0.,-1.));
#10393=DIRECTION('',(-8.65956056235498E-17,-0.707106781186544,0.707106781186551));
#10394=DIRECTION('center_axis',(0.,1.,-1.54420742354709E-17));
#10395=DIRECTION('ref_axis',(0.,-1.54420742354709E-17,-1.));
#10396=DIRECTION('center_axis',(0.,1.,0.));
#10397=DIRECTION('ref_axis',(0.,0.,1.));
#10398=DIRECTION('center_axis',(0.,1.,0.));
#10399=DIRECTION('ref_axis',(0.,0.,1.));
#10400=DIRECTION('center_axis',(0.,1.,0.));
#10401=DIRECTION('ref_axis',(0.,0.,1.));
#10402=DIRECTION('',(-8.65956056235499E-17,0.707106781186543,-0.707106781186552));
#10403=DIRECTION('center_axis',(0.,-1.,1.54420742354709E-17));
#10404=DIRECTION('ref_axis',(0.,1.54420742354709E-17,1.));
#10405=DIRECTION('center_axis',(0.,-1.,0.));
#10406=DIRECTION('ref_axis',(0.,0.,-1.));
#10407=DIRECTION('center_axis',(0.,-1.,0.));
#10408=DIRECTION('ref_axis',(0.,0.,-1.));
#10409=DIRECTION('',(-8.6595605623549E-17,-0.707106781186551,0.707106781186545));
#10410=DIRECTION('center_axis',(0.,1.,-1.54420742354709E-17));
#10411=DIRECTION('ref_axis',(0.,-1.54420742354709E-17,-1.));
#10412=DIRECTION('center_axis',(0.,1.,0.));
#10413=DIRECTION('ref_axis',(0.,0.,1.));
#10414=DIRECTION('center_axis',(0.,1.,0.));
#10415=DIRECTION('ref_axis',(0.,0.,1.));
#10416=DIRECTION('center_axis',(0.,1.,0.));
#10417=DIRECTION('ref_axis',(0.,0.,1.));
#10418=DIRECTION('',(-8.65956056235497E-17,0.707106781186544,-0.707106781186551));
#10419=DIRECTION('center_axis',(0.,-1.,1.54420742354709E-17));
#10420=DIRECTION('ref_axis',(0.,1.54420742354709E-17,1.));
#10421=DIRECTION('center_axis',(0.,-1.,0.));
#10422=DIRECTION('ref_axis',(0.,0.,-1.));
#10423=DIRECTION('center_axis',(0.,-1.,0.));
#10424=DIRECTION('ref_axis',(0.,0.,-1.));
#10425=DIRECTION('',(-8.65956056235497E-17,-0.707106781186544,0.707106781186551));
#10426=DIRECTION('center_axis',(0.,1.,-1.54420742354709E-17));
#10427=DIRECTION('ref_axis',(0.,-1.54420742354709E-17,-1.));
#10428=DIRECTION('center_axis',(0.,1.,0.));
#10429=DIRECTION('ref_axis',(0.,0.,1.));
#10430=DIRECTION('center_axis',(0.,1.,0.));
#10431=DIRECTION('ref_axis',(0.,0.,1.));
#10432=DIRECTION('center_axis',(0.,1.,0.));
#10433=DIRECTION('ref_axis',(0.,0.,1.));
#10434=DIRECTION('',(-8.65956056235494E-17,0.707106781186547,-0.707106781186548));
#10435=DIRECTION('center_axis',(0.,-1.,1.54420742354709E-17));
#10436=DIRECTION('ref_axis',(0.,1.54420742354709E-17,1.));
#10437=DIRECTION('center_axis',(0.,-1.,0.));
#10438=DIRECTION('ref_axis',(0.,0.,-1.));
#10439=DIRECTION('center_axis',(0.,-1.,0.));
#10440=DIRECTION('ref_axis',(0.,0.,-1.));
#10441=DIRECTION('',(-8.65956056235481E-17,-0.707106781186558,0.707106781186537));
#10442=DIRECTION('center_axis',(0.,1.,-1.54420742354709E-17));
#10443=DIRECTION('ref_axis',(0.,-1.54420742354709E-17,-1.));
#10444=DIRECTION('center_axis',(0.,1.,0.));
#10445=DIRECTION('ref_axis',(0.,0.,1.));
#10446=DIRECTION('center_axis',(0.,1.,0.));
#10447=DIRECTION('ref_axis',(0.,0.,1.));
#10448=DIRECTION('center_axis',(0.,1.,0.));
#10449=DIRECTION('ref_axis',(0.,0.,1.));
#10450=DIRECTION('',(-8.65956056235496E-17,0.707106781186545,-0.70710678118655));
#10451=DIRECTION('center_axis',(0.,-1.,1.54420742354709E-17));
#10452=DIRECTION('ref_axis',(0.,1.54420742354709E-17,1.));
#10453=DIRECTION('center_axis',(0.,-1.,0.));
#10454=DIRECTION('ref_axis',(0.,0.,-1.));
#10455=DIRECTION('center_axis',(0.,-1.,0.));
#10456=DIRECTION('ref_axis',(0.,0.,-1.));
#10457=DIRECTION('',(-8.6595605623547E-17,-0.707106781186567,0.707106781186528));
#10458=DIRECTION('center_axis',(0.,1.,-1.54420742354709E-17));
#10459=DIRECTION('ref_axis',(0.,-1.54420742354709E-17,-1.));
#10460=DIRECTION('center_axis',(0.,1.,0.));
#10461=DIRECTION('ref_axis',(0.,0.,1.));
#10462=DIRECTION('center_axis',(0.,1.,0.));
#10463=DIRECTION('ref_axis',(0.,0.,1.));
#10464=DIRECTION('center_axis',(0.,1.,0.));
#10465=DIRECTION('ref_axis',(0.,0.,1.));
#10466=DIRECTION('',(-8.65956056235497E-17,0.707106781186544,-0.707106781186551));
#10467=DIRECTION('center_axis',(0.,-1.,1.54420742354709E-17));
#10468=DIRECTION('ref_axis',(0.,1.54420742354709E-17,1.));
#10469=DIRECTION('center_axis',(0.,-1.,0.));
#10470=DIRECTION('ref_axis',(0.,0.,-1.));
#10471=DIRECTION('center_axis',(0.,-1.,0.));
#10472=DIRECTION('ref_axis',(0.,0.,-1.));
#10473=DIRECTION('',(-8.65956056235497E-17,-0.707106781186544,0.707106781186551));
#10474=DIRECTION('center_axis',(0.,1.,-1.54420742354709E-17));
#10475=DIRECTION('ref_axis',(0.,-1.54420742354709E-17,-1.));
#10476=DIRECTION('center_axis',(0.,1.,-1.54420742354709E-17));
#10477=DIRECTION('ref_axis',(0.,0.,1.));
#10478=DIRECTION('center_axis',(0.,1.,-1.54420742354709E-17));
#10479=DIRECTION('ref_axis',(0.,-1.54420742354709E-17,-1.));
#10480=DIRECTION('center_axis',(0.,1.,-1.54420742354709E-17));
#10481=DIRECTION('ref_axis',(0.,-1.54420742354709E-17,-1.));
#10482=DIRECTION('center_axis',(1.,-1.89110867846652E-33,-1.22464679914735E-16));
#10483=DIRECTION('ref_axis',(-1.22464679914735E-16,0.,-1.));
#10484=DIRECTION('center_axis',(0.,-1.,1.54420742354709E-17));
#10485=DIRECTION('ref_axis',(0.,1.54420742354709E-17,1.));
#10486=DIRECTION('center_axis',(-0.866029860989339,-2.64004406659527E-7,
0.499992279815115));
#10487=DIRECTION('ref_axis',(0.380242613811425,-0.649341828534159,0.658612742328731));
#10488=DIRECTION('center_axis',(0.,1.,0.));
#10489=DIRECTION('ref_axis',(0.,0.,-1.));
#10490=DIRECTION('center_axis',(0.86602094649502,-2.64005550147051E-7,-0.500007720172199));
#10491=DIRECTION('ref_axis',(0.38043359548729,-0.648921060812438,0.658917093615481));
#10492=DIRECTION('center_axis',(0.,-1.,1.54420742354709E-17));
#10493=DIRECTION('ref_axis',(0.,1.54420742354709E-17,1.));
#10494=DIRECTION('center_axis',(0.,1.,-1.5442074235471E-17));
#10495=DIRECTION('ref_axis',(0.,1.5442074235471E-17,1.));
#10496=DIRECTION('center_axis',(0.,1.,-1.5442074235471E-17));
#10497=DIRECTION('ref_axis',(0.,-1.5442074235471E-17,-1.));
#10498=DIRECTION('',(8.65956056235497E-17,-0.707106781186544,0.707106781186551));
#10499=DIRECTION('center_axis',(0.,-1.,1.54420742354709E-17));
#10500=DIRECTION('ref_axis',(0.,-1.54420742354709E-17,-1.));
#10501=DIRECTION('center_axis',(0.,-1.,1.54420742354709E-17));
#10502=DIRECTION('ref_axis',(0.500000000000001,1.3373228575043E-17,0.866025403784438));
#10503=DIRECTION('center_axis',(0.,1.,-1.54420742354709E-17));
#10504=DIRECTION('ref_axis',(0.,1.54420742354709E-17,1.));
#10505=DIRECTION('',(0.353626401105215,0.706960730002401,0.612498893611937));
#10506=DIRECTION('center_axis',(0.,-1.,1.54420742354709E-17));
#10507=DIRECTION('ref_axis',(0.,1.54420742354709E-17,1.));
#10508=DIRECTION('center_axis',(0.,-1.,1.54420742354709E-17));
#10509=DIRECTION('ref_axis',(0.,1.54420742354709E-17,1.));
#10510=DIRECTION('',(-0.35362640110521,-0.70696073000239,-0.612498893611952));
#10511=DIRECTION('center_axis',(0.,-1.,1.54420742354709E-17));
#10512=DIRECTION('ref_axis',(0.,-1.54420742354709E-17,-1.));
#10513=DIRECTION('',(0.,-1.,1.54420742354709E-17));
#10514=DIRECTION('center_axis',(0.,-1.,1.54420742354709E-17));
#10515=DIRECTION('ref_axis',(0.,-1.54420742354709E-17,-1.));
#10516=DIRECTION('',(0.,-1.,1.54420742354709E-17));
#10517=DIRECTION('center_axis',(0.,-1.,1.54420742354709E-17));
#10518=DIRECTION('ref_axis',(0.,-1.54420742354709E-17,-1.));
#10519=DIRECTION('',(0.,-1.,1.54420742354709E-17));
#10520=DIRECTION('center_axis',(3.08148791101958E-33,-1.,1.54420742354709E-17));
#10521=DIRECTION('ref_axis',(4.75845650776704E-50,-1.54420742354709E-17,
-1.));
#10522=DIRECTION('',(3.08148791101958E-33,-1.,1.54420742354709E-17));
#10523=DIRECTION('center_axis',(0.,-1.,1.54420742354709E-17));
#10524=DIRECTION('ref_axis',(0.,-1.54420742354709E-17,-1.));
#10525=DIRECTION('',(0.,-1.,1.54420742354709E-17));
#10526=DIRECTION('center_axis',(0.,-1.,1.54420742354709E-17));
#10527=DIRECTION('ref_axis',(0.,-1.54420742354709E-17,-1.));
#10528=DIRECTION('',(0.,-1.,1.54420742354709E-17));
#10529=DIRECTION('center_axis',(0.,1.,-1.54420742354709E-17));
#10530=DIRECTION('ref_axis',(0.,1.54420742354709E-17,1.));
#10531=DIRECTION('center_axis',(0.,1.,-1.54420742354709E-17));
#10532=DIRECTION('ref_axis',(0.,1.54420742354709E-17,1.));
#10533=DIRECTION('',(-4.18853873767702E-17,0.939692620785907,-0.342020143325671));
#10534=DIRECTION('center_axis',(0.,1.,-1.54420742354709E-17));
#10535=DIRECTION('ref_axis',(0.,1.54420742354709E-17,1.));
#10536=DIRECTION('center_axis',(0.,1.,-1.54420742354709E-17));
#10537=DIRECTION('ref_axis',(0.,1.54420742354709E-17,1.));
#10538=DIRECTION('center_axis',(0.,-1.,1.54420742354709E-17));
#10539=DIRECTION('ref_axis',(0.,-1.54420742354709E-17,-1.));
#10540=DIRECTION('',(1.15079156022785E-16,0.342020143325673,-0.939692620785907));
#10541=DIRECTION('center_axis',(0.,1.,-1.54420742354709E-17));
#10542=DIRECTION('ref_axis',(0.500000000000003,1.33732285750429E-17,0.866025403784437));
#10543=DIRECTION('',(0.,-1.,1.54420742354709E-17));
#10544=DIRECTION('center_axis',(0.,1.,-1.54420742354709E-17));
#10545=DIRECTION('ref_axis',(0.,1.54420742354709E-17,1.));
#10546=DIRECTION('',(0.,1.,-1.54420742354709E-17));
#10547=DIRECTION('center_axis',(0.,1.,-1.54420742354709E-17));
#10548=DIRECTION('ref_axis',(0.,1.54420742354709E-17,1.));
#10549=DIRECTION('',(0.,-1.,1.54420742354709E-17));
#10550=DIRECTION('',(0.,1.,-1.54420742354709E-17));
#10551=DIRECTION('center_axis',(0.,1.,0.));
#10552=DIRECTION('ref_axis',(8.88178419700125E-16,0.,-1.));
#10553=DIRECTION('',(0.,-1.,1.54420742354709E-17));
#10554=DIRECTION('center_axis',(0.,1.,-1.54420742354709E-17));
#10555=DIRECTION('ref_axis',(0.,1.54420742354709E-17,1.));
#10556=DIRECTION('center_axis',(0.,1.,-1.54420742354709E-17));
#10557=DIRECTION('ref_axis',(0.,-1.54420742354709E-17,-1.));
#10558=DIRECTION('',(0.,1.,-1.54420742354709E-17));
#10559=DIRECTION('center_axis',(0.,-1.,1.54420742354709E-17));
#10560=DIRECTION('ref_axis',(0.,-1.54420742354709E-17,-1.));
#10561=DIRECTION('center_axis',(0.,1.,-1.54420742354709E-17));
#10562=DIRECTION('ref_axis',(0.,1.54420742354709E-17,1.));
#10563=DIRECTION('',(0.5,0.,0.866025403784439));
#10564=DIRECTION('',(-0.5,0.,-0.866025403784439));
#10565=DIRECTION('center_axis',(0.,1.,-1.54420742354709E-17));
#10566=DIRECTION('ref_axis',(0.,1.54420742354709E-17,1.));
#10567=DIRECTION('center_axis',(0.,-1.,0.));
#10568=DIRECTION('ref_axis',(0.,0.,-1.));
#10569=DIRECTION('',(0.5,0.,0.866025403784439));
#10570=DIRECTION('',(-0.5,0.,-0.866025403784439));
#10571=DIRECTION('center_axis',(-0.866025403784439,7.72103711773545E-18,
0.5));
#10572=DIRECTION('ref_axis',(0.5,-3.85185988877447E-34,0.866025403784439));
#10573=DIRECTION('center_axis',(0.866025403784439,-7.72103711773545E-18,
-0.5));
#10574=DIRECTION('ref_axis',(-0.5,3.85185988877447E-34,-0.866025403784439));
#10575=DIRECTION('center_axis',(0.,-1.,1.54420742354709E-17));
#10576=DIRECTION('ref_axis',(0.,-1.54420742354709E-17,-1.));
#10577=DIRECTION('axis',(0.,0.,1.));
#10578=DIRECTION('refdir',(1.,0.,0.));
#10579=DIRECTION('center_axis',(0.,1.,0.));
#10580=DIRECTION('ref_axis',(0.,0.,1.));
#10581=DIRECTION('center_axis',(0.,1.,0.));
#10582=DIRECTION('ref_axis',(0.,0.,1.));
#10583=DIRECTION('',(-8.65956056235493E-17,0.707106781186548,-0.707106781186548));
#10584=DIRECTION('center_axis',(0.,-1.,0.));
#10585=DIRECTION('ref_axis',(0.,0.,1.));
#10586=DIRECTION('center_axis',(0.,-1.,0.));
#10587=DIRECTION('ref_axis',(0.,0.,-1.));
#10588=DIRECTION('center_axis',(0.,-1.,0.));
#10589=DIRECTION('ref_axis',(0.,0.,-1.));
#10590=DIRECTION('',(-8.65956056235498E-17,-0.707106781186543,0.707106781186552));
#10591=DIRECTION('center_axis',(0.,1.,0.));
#10592=DIRECTION('ref_axis',(0.,0.,-1.));
#10593=DIRECTION('center_axis',(0.,-1.,0.));
#10594=DIRECTION('ref_axis',(0.,0.,-1.));
#10595=DIRECTION('center_axis',(0.,-1.,0.));
#10596=DIRECTION('ref_axis',(0.,0.,-1.));
#10597=DIRECTION('',(0.,-1.,0.));
#10598=DIRECTION('center_axis',(0.,1.,0.));
#10599=DIRECTION('ref_axis',(0.,0.,1.));
#10600=DIRECTION('center_axis',(0.,1.,0.));
#10601=DIRECTION('ref_axis',(0.,0.,1.));
#10602=DIRECTION('center_axis',(0.,1.,0.));
#10603=DIRECTION('ref_axis',(0.,0.,1.));
#10604=DIRECTION('',(-8.65956056235488E-17,0.707106781186552,-0.707106781186543));
#10605=DIRECTION('center_axis',(0.,-1.,0.));
#10606=DIRECTION('ref_axis',(0.,0.,1.));
#10607=DIRECTION('center_axis',(0.,-1.,0.));
#10608=DIRECTION('ref_axis',(0.,0.,-1.));
#10609=DIRECTION('center_axis',(0.,-1.,0.));
#10610=DIRECTION('ref_axis',(0.,0.,-1.));
#10611=DIRECTION('',(-8.65956056235492E-17,-0.707106781186549,0.707106781186547));
#10612=DIRECTION('center_axis',(0.,1.,0.));
#10613=DIRECTION('ref_axis',(0.,0.,-1.));
#10614=DIRECTION('center_axis',(0.,1.,0.));
#10615=DIRECTION('ref_axis',(0.,0.,1.));
#10616=DIRECTION('center_axis',(0.,1.,0.));
#10617=DIRECTION('ref_axis',(0.,0.,1.));
#10618=DIRECTION('center_axis',(0.,1.,0.));
#10619=DIRECTION('ref_axis',(0.,0.,1.));
#10620=DIRECTION('',(-8.6595605623549E-17,0.70710678118655,-0.707106781186545));
#10621=DIRECTION('center_axis',(0.,-1.,0.));
#10622=DIRECTION('ref_axis',(0.,0.,1.));
#10623=DIRECTION('center_axis',(0.,-1.,0.));
#10624=DIRECTION('ref_axis',(0.,0.,-1.));
#10625=DIRECTION('center_axis',(0.,-1.,0.));
#10626=DIRECTION('ref_axis',(0.,0.,-1.));
#10627=DIRECTION('',(-8.65956056235491E-17,-0.707106781186549,0.707106781186546));
#10628=DIRECTION('center_axis',(0.,1.,0.));
#10629=DIRECTION('ref_axis',(0.,0.,-1.));
#10630=DIRECTION('center_axis',(0.,1.,0.));
#10631=DIRECTION('ref_axis',(0.,0.,1.));
#10632=DIRECTION('center_axis',(0.,1.,0.));
#10633=DIRECTION('ref_axis',(0.,0.,1.));
#10634=DIRECTION('center_axis',(0.,1.,0.));
#10635=DIRECTION('ref_axis',(0.,0.,1.));
#10636=DIRECTION('',(-8.65956056235492E-17,0.707106781186549,-0.707106781186546));
#10637=DIRECTION('center_axis',(0.,-1.,0.));
#10638=DIRECTION('ref_axis',(0.,0.,1.));
#10639=DIRECTION('center_axis',(0.,-1.,0.));
#10640=DIRECTION('ref_axis',(0.,0.,-1.));
#10641=DIRECTION('center_axis',(0.,-1.,0.));
#10642=DIRECTION('ref_axis',(0.,0.,-1.));
#10643=DIRECTION('',(-8.65956056235498E-17,-0.707106781186544,0.707106781186551));
#10644=DIRECTION('center_axis',(0.,1.,0.));
#10645=DIRECTION('ref_axis',(0.,0.,-1.));
#10646=DIRECTION('center_axis',(0.,1.,0.));
#10647=DIRECTION('ref_axis',(0.,0.,1.));
#10648=DIRECTION('center_axis',(0.,1.,0.));
#10649=DIRECTION('ref_axis',(0.,0.,1.));
#10650=DIRECTION('center_axis',(0.,1.,0.));
#10651=DIRECTION('ref_axis',(0.,0.,1.));
#10652=DIRECTION('',(-8.65956056235495E-17,0.707106781186546,-0.707106781186549));
#10653=DIRECTION('center_axis',(0.,-1.,0.));
#10654=DIRECTION('ref_axis',(0.,0.,1.));
#10655=DIRECTION('center_axis',(0.,-1.,0.));
#10656=DIRECTION('ref_axis',(0.,0.,-1.));
#10657=DIRECTION('center_axis',(0.,-1.,0.));
#10658=DIRECTION('ref_axis',(0.,0.,-1.));
#10659=DIRECTION('',(-8.65956056235501E-17,-0.707106781186541,0.707106781186554));
#10660=DIRECTION('center_axis',(0.,1.,0.));
#10661=DIRECTION('ref_axis',(0.,0.,-1.));
#10662=DIRECTION('center_axis',(0.,1.,0.));
#10663=DIRECTION('ref_axis',(0.,0.,1.));
#10664=DIRECTION('center_axis',(0.,1.,0.));
#10665=DIRECTION('ref_axis',(0.,0.,1.));
#10666=DIRECTION('center_axis',(0.,1.,0.));
#10667=DIRECTION('ref_axis',(0.,0.,1.));
#10668=DIRECTION('',(-8.6595605623549E-17,0.70710678118655,-0.707106781186545));
#10669=DIRECTION('center_axis',(0.,-1.,0.));
#10670=DIRECTION('ref_axis',(0.,0.,1.));
#10671=DIRECTION('center_axis',(0.,-1.,0.));
#10672=DIRECTION('ref_axis',(0.,0.,-1.));
#10673=DIRECTION('center_axis',(0.,-1.,0.));
#10674=DIRECTION('ref_axis',(0.,0.,-1.));
#10675=DIRECTION('',(-8.65956056235491E-17,-0.707106781186549,0.707106781186546));
#10676=DIRECTION('center_axis',(0.,1.,0.));
#10677=DIRECTION('ref_axis',(0.,0.,-1.));
#10678=DIRECTION('center_axis',(0.,1.,0.));
#10679=DIRECTION('ref_axis',(0.,0.,1.));
#10680=DIRECTION('center_axis',(0.,1.,0.));
#10681=DIRECTION('ref_axis',(0.,0.,1.));
#10682=DIRECTION('center_axis',(0.,1.,0.));
#10683=DIRECTION('ref_axis',(0.,0.,1.));
#10684=DIRECTION('',(-8.65956056235498E-17,0.707106781186543,-0.707106781186552));
#10685=DIRECTION('center_axis',(0.,-1.,0.));
#10686=DIRECTION('ref_axis',(0.,0.,1.));
#10687=DIRECTION('center_axis',(0.,-1.,0.));
#10688=DIRECTION('ref_axis',(0.,0.,-1.));
#10689=DIRECTION('center_axis',(0.,-1.,0.));
#10690=DIRECTION('ref_axis',(0.,0.,-1.));
#10691=DIRECTION('',(-8.65956056235502E-17,-0.70710678118654,0.707106781186555));
#10692=DIRECTION('center_axis',(0.,1.,0.));
#10693=DIRECTION('ref_axis',(0.,0.,-1.));
#10694=DIRECTION('center_axis',(0.,-1.,0.));
#10695=DIRECTION('ref_axis',(0.,0.,-1.));
#10696=DIRECTION('',(0.,-1.,0.));
#10697=DIRECTION('center_axis',(0.,-1.,0.));
#10698=DIRECTION('ref_axis',(0.,0.,-1.));
#10699=DIRECTION('',(0.,-1.,0.));
#10700=DIRECTION('center_axis',(0.,-1.,0.));
#10701=DIRECTION('ref_axis',(0.,0.,-1.));
#10702=DIRECTION('',(0.,-1.,0.));
#10703=DIRECTION('center_axis',(0.,-1.,0.));
#10704=DIRECTION('ref_axis',(0.,0.,-1.));
#10705=DIRECTION('',(0.,-1.,0.));
#10706=DIRECTION('center_axis',(0.,-1.,0.));
#10707=DIRECTION('ref_axis',(0.,0.,-1.));
#10708=DIRECTION('',(0.,-1.,0.));
#10709=DIRECTION('center_axis',(0.,-1.,0.));
#10710=DIRECTION('ref_axis',(0.,0.,-1.));
#10711=DIRECTION('',(0.,-1.,0.));
#10712=DIRECTION('center_axis',(0.,1.,0.));
#10713=DIRECTION('ref_axis',(0.,0.,1.));
#10714=DIRECTION('center_axis',(0.,1.,0.));
#10715=DIRECTION('ref_axis',(0.,0.,-1.));
#10716=DIRECTION('',(8.65956056235498E-17,-0.707106781186543,0.707106781186552));
#10717=DIRECTION('center_axis',(0.,-1.,0.));
#10718=DIRECTION('ref_axis',(0.,0.,-1.));
#10719=DIRECTION('center_axis',(0.,-1.,0.));
#10720=DIRECTION('ref_axis',(0.,0.,-1.));
#10721=DIRECTION('center_axis',(0.,-1.,0.));
#10722=DIRECTION('ref_axis',(0.,0.,1.));
#10723=DIRECTION('center_axis',(0.,-1.,0.));
#10724=DIRECTION('ref_axis',(0.,0.,1.));
#10725=DIRECTION('',(8.65956056235503E-17,0.707106781186539,-0.707106781186556));
#10726=DIRECTION('center_axis',(0.,1.,0.));
#10727=DIRECTION('ref_axis',(0.,0.,1.));
#10728=DIRECTION('center_axis',(0.,1.,0.));
#10729=DIRECTION('ref_axis',(0.,0.,1.));
#10730=DIRECTION('center_axis',(0.,1.,0.));
#10731=DIRECTION('ref_axis',(0.,0.,1.));
#10732=DIRECTION('',(-4.18853873767707E-17,0.939692620785906,-0.342020143325675));
#10733=DIRECTION('center_axis',(0.,1.,0.));
#10734=DIRECTION('ref_axis',(0.,0.,1.));
#10735=DIRECTION('center_axis',(0.,1.,0.));
#10736=DIRECTION('ref_axis',(0.,0.,1.));
#10737=DIRECTION('center_axis',(0.,-1.,0.));
#10738=DIRECTION('ref_axis',(0.,0.,-1.));
#10739=DIRECTION('center_axis',(0.,1.,0.));
#10740=DIRECTION('ref_axis',(0.,0.,1.));
#10741=DIRECTION('',(1.15079156022785E-16,0.342020143325675,-0.939692620785906));
#10742=DIRECTION('center_axis',(0.,1.,0.));
#10743=DIRECTION('ref_axis',(0.,0.,1.));
#10744=DIRECTION('center_axis',(0.,1.,0.));
#10745=DIRECTION('ref_axis',(0.,0.,1.));
#10746=DIRECTION('',(0.,1.,0.));
#10747=DIRECTION('center_axis',(0.,1.,0.));
#10748=DIRECTION('ref_axis',(0.,0.,1.));
#10749=DIRECTION('center_axis',(0.,1.,0.));
#10750=DIRECTION('ref_axis',(0.,0.,1.));
#10751=DIRECTION('',(0.,-1.,0.));
#10752=DIRECTION('center_axis',(0.,1.,0.));
#10753=DIRECTION('ref_axis',(0.,0.,1.));
#10754=DIRECTION('center_axis',(0.,1.,0.));
#10755=DIRECTION('ref_axis',(0.,0.,-1.));
#10756=DIRECTION('',(0.,1.,0.));
#10757=DIRECTION('center_axis',(0.,-1.,0.));
#10758=DIRECTION('ref_axis',(0.,0.,-1.));
#10759=DIRECTION('center_axis',(0.,1.,0.));
#10760=DIRECTION('ref_axis',(0.,0.,1.));
#10761=DIRECTION('center_axis',(0.,1.,0.));
#10762=DIRECTION('ref_axis',(0.,0.,1.));
#10763=DIRECTION('center_axis',(0.,-1.,0.));
#10764=DIRECTION('ref_axis',(0.,0.,-1.));
#10765=DIRECTION('axis',(0.,0.,1.));
#10766=DIRECTION('refdir',(1.,0.,0.));
#10767=DIRECTION('center_axis',(0.,1.,0.));
#10768=DIRECTION('ref_axis',(0.,0.,1.));
#10769=DIRECTION('center_axis',(0.,1.,0.));
#10770=DIRECTION('ref_axis',(0.,0.,1.));
#10771=DIRECTION('',(-8.65956056235493E-17,0.707106781186548,-0.707106781186548));
#10772=DIRECTION('center_axis',(0.,-1.,0.));
#10773=DIRECTION('ref_axis',(0.,0.,1.));
#10774=DIRECTION('center_axis',(0.,-1.,0.));
#10775=DIRECTION('ref_axis',(0.,0.,-1.));
#10776=DIRECTION('center_axis',(0.,-1.,0.));
#10777=DIRECTION('ref_axis',(0.,0.,-1.));
#10778=DIRECTION('',(-8.65956056235498E-17,-0.707106781186543,0.707106781186552));
#10779=DIRECTION('center_axis',(0.,1.,0.));
#10780=DIRECTION('ref_axis',(0.,0.,-1.));
#10781=DIRECTION('center_axis',(0.,-1.,0.));
#10782=DIRECTION('ref_axis',(0.,0.,-1.));
#10783=DIRECTION('center_axis',(0.,-1.,0.));
#10784=DIRECTION('ref_axis',(0.,0.,-1.));
#10785=DIRECTION('',(0.,-1.,0.));
#10786=DIRECTION('center_axis',(0.,1.,0.));
#10787=DIRECTION('ref_axis',(0.,0.,1.));
#10788=DIRECTION('center_axis',(0.,1.,0.));
#10789=DIRECTION('ref_axis',(0.,0.,1.));
#10790=DIRECTION('center_axis',(0.,1.,0.));
#10791=DIRECTION('ref_axis',(0.,0.,1.));
#10792=DIRECTION('',(-8.65956056235488E-17,0.707106781186552,-0.707106781186543));
#10793=DIRECTION('center_axis',(0.,-1.,0.));
#10794=DIRECTION('ref_axis',(0.,0.,1.));
#10795=DIRECTION('center_axis',(0.,-1.,0.));
#10796=DIRECTION('ref_axis',(0.,0.,-1.));
#10797=DIRECTION('center_axis',(0.,-1.,0.));
#10798=DIRECTION('ref_axis',(0.,0.,-1.));
#10799=DIRECTION('',(-8.65956056235492E-17,-0.707106781186549,0.707106781186547));
#10800=DIRECTION('center_axis',(0.,1.,0.));
#10801=DIRECTION('ref_axis',(0.,0.,-1.));
#10802=DIRECTION('center_axis',(0.,1.,0.));
#10803=DIRECTION('ref_axis',(0.,0.,1.));
#10804=DIRECTION('center_axis',(0.,1.,0.));
#10805=DIRECTION('ref_axis',(0.,0.,1.));
#10806=DIRECTION('center_axis',(0.,1.,0.));
#10807=DIRECTION('ref_axis',(0.,0.,1.));
#10808=DIRECTION('',(-8.6595605623549E-17,0.70710678118655,-0.707106781186545));
#10809=DIRECTION('center_axis',(0.,-1.,0.));
#10810=DIRECTION('ref_axis',(0.,0.,1.));
#10811=DIRECTION('center_axis',(0.,-1.,0.));
#10812=DIRECTION('ref_axis',(0.,0.,-1.));
#10813=DIRECTION('center_axis',(0.,-1.,0.));
#10814=DIRECTION('ref_axis',(0.,0.,-1.));
#10815=DIRECTION('',(-8.65956056235491E-17,-0.707106781186549,0.707106781186546));
#10816=DIRECTION('center_axis',(0.,1.,0.));
#10817=DIRECTION('ref_axis',(0.,0.,-1.));
#10818=DIRECTION('center_axis',(0.,1.,0.));
#10819=DIRECTION('ref_axis',(0.,0.,1.));
#10820=DIRECTION('center_axis',(0.,1.,0.));
#10821=DIRECTION('ref_axis',(0.,0.,1.));
#10822=DIRECTION('center_axis',(0.,1.,0.));
#10823=DIRECTION('ref_axis',(0.,0.,1.));
#10824=DIRECTION('',(-8.65956056235492E-17,0.707106781186549,-0.707106781186546));
#10825=DIRECTION('center_axis',(0.,-1.,0.));
#10826=DIRECTION('ref_axis',(0.,0.,1.));
#10827=DIRECTION('center_axis',(0.,-1.,0.));
#10828=DIRECTION('ref_axis',(0.,0.,-1.));
#10829=DIRECTION('center_axis',(0.,-1.,0.));
#10830=DIRECTION('ref_axis',(0.,0.,-1.));
#10831=DIRECTION('',(-8.65956056235498E-17,-0.707106781186544,0.707106781186551));
#10832=DIRECTION('center_axis',(0.,1.,0.));
#10833=DIRECTION('ref_axis',(0.,0.,-1.));
#10834=DIRECTION('center_axis',(0.,1.,0.));
#10835=DIRECTION('ref_axis',(0.,0.,1.));
#10836=DIRECTION('center_axis',(0.,1.,0.));
#10837=DIRECTION('ref_axis',(0.,0.,1.));
#10838=DIRECTION('center_axis',(0.,1.,0.));
#10839=DIRECTION('ref_axis',(0.,0.,1.));
#10840=DIRECTION('',(-8.65956056235495E-17,0.707106781186546,-0.707106781186549));
#10841=DIRECTION('center_axis',(0.,-1.,0.));
#10842=DIRECTION('ref_axis',(0.,0.,1.));
#10843=DIRECTION('center_axis',(0.,-1.,0.));
#10844=DIRECTION('ref_axis',(0.,0.,-1.));
#10845=DIRECTION('center_axis',(0.,-1.,0.));
#10846=DIRECTION('ref_axis',(0.,0.,-1.));
#10847=DIRECTION('',(-8.65956056235501E-17,-0.707106781186541,0.707106781186554));
#10848=DIRECTION('center_axis',(0.,1.,0.));
#10849=DIRECTION('ref_axis',(0.,0.,-1.));
#10850=DIRECTION('center_axis',(0.,1.,0.));
#10851=DIRECTION('ref_axis',(0.,0.,1.));
#10852=DIRECTION('center_axis',(0.,1.,0.));
#10853=DIRECTION('ref_axis',(0.,0.,1.));
#10854=DIRECTION('center_axis',(0.,1.,0.));
#10855=DIRECTION('ref_axis',(0.,0.,1.));
#10856=DIRECTION('',(-8.6595605623549E-17,0.70710678118655,-0.707106781186545));
#10857=DIRECTION('center_axis',(0.,-1.,0.));
#10858=DIRECTION('ref_axis',(0.,0.,1.));
#10859=DIRECTION('center_axis',(0.,-1.,0.));
#10860=DIRECTION('ref_axis',(0.,0.,-1.));
#10861=DIRECTION('center_axis',(0.,-1.,0.));
#10862=DIRECTION('ref_axis',(0.,0.,-1.));
#10863=DIRECTION('',(-8.65956056235491E-17,-0.707106781186549,0.707106781186546));
#10864=DIRECTION('center_axis',(0.,1.,0.));
#10865=DIRECTION('ref_axis',(0.,0.,-1.));
#10866=DIRECTION('center_axis',(0.,1.,0.));
#10867=DIRECTION('ref_axis',(0.,0.,1.));
#10868=DIRECTION('center_axis',(0.,1.,0.));
#10869=DIRECTION('ref_axis',(0.,0.,1.));
#10870=DIRECTION('center_axis',(0.,1.,0.));
#10871=DIRECTION('ref_axis',(0.,0.,1.));
#10872=DIRECTION('',(-8.65956056235498E-17,0.707106781186543,-0.707106781186552));
#10873=DIRECTION('center_axis',(0.,-1.,0.));
#10874=DIRECTION('ref_axis',(0.,0.,1.));
#10875=DIRECTION('center_axis',(0.,-1.,0.));
#10876=DIRECTION('ref_axis',(0.,0.,-1.));
#10877=DIRECTION('center_axis',(0.,-1.,0.));
#10878=DIRECTION('ref_axis',(0.,0.,-1.));
#10879=DIRECTION('',(-8.65956056235502E-17,-0.70710678118654,0.707106781186555));
#10880=DIRECTION('center_axis',(0.,1.,0.));
#10881=DIRECTION('ref_axis',(0.,0.,-1.));
#10882=DIRECTION('center_axis',(0.,-1.,0.));
#10883=DIRECTION('ref_axis',(0.,0.,-1.));
#10884=DIRECTION('',(0.,-1.,0.));
#10885=DIRECTION('center_axis',(0.,-1.,0.));
#10886=DIRECTION('ref_axis',(0.,0.,-1.));
#10887=DIRECTION('',(0.,-1.,0.));
#10888=DIRECTION('center_axis',(0.,-1.,0.));
#10889=DIRECTION('ref_axis',(0.,0.,-1.));
#10890=DIRECTION('',(0.,-1.,0.));
#10891=DIRECTION('center_axis',(0.,-1.,0.));
#10892=DIRECTION('ref_axis',(0.,0.,-1.));
#10893=DIRECTION('',(0.,-1.,0.));
#10894=DIRECTION('center_axis',(0.,-1.,0.));
#10895=DIRECTION('ref_axis',(0.,0.,-1.));
#10896=DIRECTION('',(0.,-1.,0.));
#10897=DIRECTION('center_axis',(0.,-1.,0.));
#10898=DIRECTION('ref_axis',(0.,0.,-1.));
#10899=DIRECTION('',(0.,-1.,0.));
#10900=DIRECTION('center_axis',(0.,1.,0.));
#10901=DIRECTION('ref_axis',(0.,0.,1.));
#10902=DIRECTION('center_axis',(0.,1.,0.));
#10903=DIRECTION('ref_axis',(0.,0.,-1.));
#10904=DIRECTION('',(8.65956056235498E-17,-0.707106781186543,0.707106781186552));
#10905=DIRECTION('center_axis',(0.,-1.,0.));
#10906=DIRECTION('ref_axis',(0.,0.,-1.));
#10907=DIRECTION('center_axis',(0.,-1.,0.));
#10908=DIRECTION('ref_axis',(0.,0.,-1.));
#10909=DIRECTION('center_axis',(0.,-1.,0.));
#10910=DIRECTION('ref_axis',(0.,0.,1.));
#10911=DIRECTION('center_axis',(0.,-1.,0.));
#10912=DIRECTION('ref_axis',(0.,0.,1.));
#10913=DIRECTION('',(8.65956056235503E-17,0.707106781186539,-0.707106781186556));
#10914=DIRECTION('center_axis',(0.,1.,0.));
#10915=DIRECTION('ref_axis',(0.,0.,1.));
#10916=DIRECTION('center_axis',(0.,1.,0.));
#10917=DIRECTION('ref_axis',(0.,0.,1.));
#10918=DIRECTION('center_axis',(0.,1.,0.));
#10919=DIRECTION('ref_axis',(0.,0.,1.));
#10920=DIRECTION('',(-4.18853873767707E-17,0.939692620785906,-0.342020143325675));
#10921=DIRECTION('center_axis',(0.,1.,0.));
#10922=DIRECTION('ref_axis',(0.,0.,1.));
#10923=DIRECTION('center_axis',(0.,1.,0.));
#10924=DIRECTION('ref_axis',(0.,0.,1.));
#10925=DIRECTION('center_axis',(0.,-1.,0.));
#10926=DIRECTION('ref_axis',(0.,0.,-1.));
#10927=DIRECTION('center_axis',(0.,1.,0.));
#10928=DIRECTION('ref_axis',(0.,0.,1.));
#10929=DIRECTION('',(1.15079156022785E-16,0.342020143325675,-0.939692620785906));
#10930=DIRECTION('center_axis',(0.,1.,0.));
#10931=DIRECTION('ref_axis',(0.,0.,1.));
#10932=DIRECTION('center_axis',(0.,1.,0.));
#10933=DIRECTION('ref_axis',(0.,0.,1.));
#10934=DIRECTION('',(0.,1.,0.));
#10935=DIRECTION('center_axis',(0.,1.,0.));
#10936=DIRECTION('ref_axis',(0.,0.,1.));
#10937=DIRECTION('center_axis',(0.,1.,0.));
#10938=DIRECTION('ref_axis',(0.,0.,1.));
#10939=DIRECTION('',(0.,-1.,0.));
#10940=DIRECTION('center_axis',(0.,1.,0.));
#10941=DIRECTION('ref_axis',(0.,0.,1.));
#10942=DIRECTION('center_axis',(0.,1.,0.));
#10943=DIRECTION('ref_axis',(0.,0.,-1.));
#10944=DIRECTION('',(0.,1.,0.));
#10945=DIRECTION('center_axis',(0.,-1.,0.));
#10946=DIRECTION('ref_axis',(0.,0.,-1.));
#10947=DIRECTION('center_axis',(0.,1.,0.));
#10948=DIRECTION('ref_axis',(0.,0.,1.));
#10949=DIRECTION('center_axis',(0.,1.,0.));
#10950=DIRECTION('ref_axis',(0.,0.,1.));
#10951=DIRECTION('center_axis',(0.,-1.,0.));
#10952=DIRECTION('ref_axis',(0.,0.,-1.));
#10953=DIRECTION('axis',(0.,0.,1.));
#10954=DIRECTION('refdir',(1.,0.,0.));
#10955=DIRECTION('center_axis',(0.,1.,0.));
#10956=DIRECTION('ref_axis',(0.,0.,1.));
#10957=DIRECTION('center_axis',(0.,1.,0.));
#10958=DIRECTION('ref_axis',(0.,0.,1.));
#10959=DIRECTION('',(-8.65956056235493E-17,0.707106781186548,-0.707106781186548));
#10960=DIRECTION('center_axis',(0.,-1.,0.));
#10961=DIRECTION('ref_axis',(0.,0.,1.));
#10962=DIRECTION('center_axis',(0.,-1.,0.));
#10963=DIRECTION('ref_axis',(0.,0.,-1.));
#10964=DIRECTION('center_axis',(0.,-1.,0.));
#10965=DIRECTION('ref_axis',(0.,0.,-1.));
#10966=DIRECTION('',(-8.65956056235498E-17,-0.707106781186543,0.707106781186552));
#10967=DIRECTION('center_axis',(0.,1.,0.));
#10968=DIRECTION('ref_axis',(0.,0.,-1.));
#10969=DIRECTION('center_axis',(0.,-1.,0.));
#10970=DIRECTION('ref_axis',(0.,0.,-1.));
#10971=DIRECTION('center_axis',(0.,-1.,0.));
#10972=DIRECTION('ref_axis',(0.,0.,-1.));
#10973=DIRECTION('',(0.,-1.,0.));
#10974=DIRECTION('center_axis',(0.,1.,0.));
#10975=DIRECTION('ref_axis',(0.,0.,1.));
#10976=DIRECTION('center_axis',(0.,1.,0.));
#10977=DIRECTION('ref_axis',(0.,0.,1.));
#10978=DIRECTION('center_axis',(0.,1.,0.));
#10979=DIRECTION('ref_axis',(0.,0.,1.));
#10980=DIRECTION('',(-8.65956056235488E-17,0.707106781186552,-0.707106781186543));
#10981=DIRECTION('center_axis',(0.,-1.,0.));
#10982=DIRECTION('ref_axis',(0.,0.,1.));
#10983=DIRECTION('center_axis',(0.,-1.,0.));
#10984=DIRECTION('ref_axis',(0.,0.,-1.));
#10985=DIRECTION('center_axis',(0.,-1.,0.));
#10986=DIRECTION('ref_axis',(0.,0.,-1.));
#10987=DIRECTION('',(-8.65956056235492E-17,-0.707106781186549,0.707106781186547));
#10988=DIRECTION('center_axis',(0.,1.,0.));
#10989=DIRECTION('ref_axis',(0.,0.,-1.));
#10990=DIRECTION('center_axis',(0.,1.,0.));
#10991=DIRECTION('ref_axis',(0.,0.,1.));
#10992=DIRECTION('center_axis',(0.,1.,0.));
#10993=DIRECTION('ref_axis',(0.,0.,1.));
#10994=DIRECTION('center_axis',(0.,1.,0.));
#10995=DIRECTION('ref_axis',(0.,0.,1.));
#10996=DIRECTION('',(-8.6595605623549E-17,0.70710678118655,-0.707106781186545));
#10997=DIRECTION('center_axis',(0.,-1.,0.));
#10998=DIRECTION('ref_axis',(0.,0.,1.));
#10999=DIRECTION('center_axis',(0.,-1.,0.));
#11000=DIRECTION('ref_axis',(0.,0.,-1.));
#11001=DIRECTION('center_axis',(0.,-1.,0.));
#11002=DIRECTION('ref_axis',(0.,0.,-1.));
#11003=DIRECTION('',(-8.65956056235491E-17,-0.707106781186549,0.707106781186546));
#11004=DIRECTION('center_axis',(0.,1.,0.));
#11005=DIRECTION('ref_axis',(0.,0.,-1.));
#11006=DIRECTION('center_axis',(0.,1.,0.));
#11007=DIRECTION('ref_axis',(0.,0.,1.));
#11008=DIRECTION('center_axis',(0.,1.,0.));
#11009=DIRECTION('ref_axis',(0.,0.,1.));
#11010=DIRECTION('center_axis',(0.,1.,0.));
#11011=DIRECTION('ref_axis',(0.,0.,1.));
#11012=DIRECTION('',(-8.65956056235492E-17,0.707106781186549,-0.707106781186546));
#11013=DIRECTION('center_axis',(0.,-1.,0.));
#11014=DIRECTION('ref_axis',(0.,0.,1.));
#11015=DIRECTION('center_axis',(0.,-1.,0.));
#11016=DIRECTION('ref_axis',(0.,0.,-1.));
#11017=DIRECTION('center_axis',(0.,-1.,0.));
#11018=DIRECTION('ref_axis',(0.,0.,-1.));
#11019=DIRECTION('',(-8.65956056235498E-17,-0.707106781186544,0.707106781186551));
#11020=DIRECTION('center_axis',(0.,1.,0.));
#11021=DIRECTION('ref_axis',(0.,0.,-1.));
#11022=DIRECTION('center_axis',(0.,1.,0.));
#11023=DIRECTION('ref_axis',(0.,0.,1.));
#11024=DIRECTION('center_axis',(0.,1.,0.));
#11025=DIRECTION('ref_axis',(0.,0.,1.));
#11026=DIRECTION('center_axis',(0.,1.,0.));
#11027=DIRECTION('ref_axis',(0.,0.,1.));
#11028=DIRECTION('',(-8.65956056235495E-17,0.707106781186546,-0.707106781186549));
#11029=DIRECTION('center_axis',(0.,-1.,0.));
#11030=DIRECTION('ref_axis',(0.,0.,1.));
#11031=DIRECTION('center_axis',(0.,-1.,0.));
#11032=DIRECTION('ref_axis',(0.,0.,-1.));
#11033=DIRECTION('center_axis',(0.,-1.,0.));
#11034=DIRECTION('ref_axis',(0.,0.,-1.));
#11035=DIRECTION('',(-8.65956056235501E-17,-0.707106781186541,0.707106781186554));
#11036=DIRECTION('center_axis',(0.,1.,0.));
#11037=DIRECTION('ref_axis',(0.,0.,-1.));
#11038=DIRECTION('center_axis',(0.,1.,0.));
#11039=DIRECTION('ref_axis',(0.,0.,1.));
#11040=DIRECTION('center_axis',(0.,1.,0.));
#11041=DIRECTION('ref_axis',(0.,0.,1.));
#11042=DIRECTION('center_axis',(0.,1.,0.));
#11043=DIRECTION('ref_axis',(0.,0.,1.));
#11044=DIRECTION('',(-8.6595605623549E-17,0.70710678118655,-0.707106781186545));
#11045=DIRECTION('center_axis',(0.,-1.,0.));
#11046=DIRECTION('ref_axis',(0.,0.,1.));
#11047=DIRECTION('center_axis',(0.,-1.,0.));
#11048=DIRECTION('ref_axis',(0.,0.,-1.));
#11049=DIRECTION('center_axis',(0.,-1.,0.));
#11050=DIRECTION('ref_axis',(0.,0.,-1.));
#11051=DIRECTION('',(-8.65956056235491E-17,-0.707106781186549,0.707106781186546));
#11052=DIRECTION('center_axis',(0.,1.,0.));
#11053=DIRECTION('ref_axis',(0.,0.,-1.));
#11054=DIRECTION('center_axis',(0.,1.,0.));
#11055=DIRECTION('ref_axis',(0.,0.,1.));
#11056=DIRECTION('center_axis',(0.,1.,0.));
#11057=DIRECTION('ref_axis',(0.,0.,1.));
#11058=DIRECTION('center_axis',(0.,1.,0.));
#11059=DIRECTION('ref_axis',(0.,0.,1.));
#11060=DIRECTION('',(-8.65956056235498E-17,0.707106781186543,-0.707106781186552));
#11061=DIRECTION('center_axis',(0.,-1.,0.));
#11062=DIRECTION('ref_axis',(0.,0.,1.));
#11063=DIRECTION('center_axis',(0.,-1.,0.));
#11064=DIRECTION('ref_axis',(0.,0.,-1.));
#11065=DIRECTION('center_axis',(0.,-1.,0.));
#11066=DIRECTION('ref_axis',(0.,0.,-1.));
#11067=DIRECTION('',(-8.65956056235502E-17,-0.70710678118654,0.707106781186555));
#11068=DIRECTION('center_axis',(0.,1.,0.));
#11069=DIRECTION('ref_axis',(0.,0.,-1.));
#11070=DIRECTION('center_axis',(0.,-1.,0.));
#11071=DIRECTION('ref_axis',(0.,0.,-1.));
#11072=DIRECTION('',(0.,-1.,0.));
#11073=DIRECTION('center_axis',(0.,-1.,0.));
#11074=DIRECTION('ref_axis',(0.,0.,-1.));
#11075=DIRECTION('',(0.,-1.,0.));
#11076=DIRECTION('center_axis',(0.,-1.,0.));
#11077=DIRECTION('ref_axis',(0.,0.,-1.));
#11078=DIRECTION('',(0.,-1.,0.));
#11079=DIRECTION('center_axis',(0.,-1.,0.));
#11080=DIRECTION('ref_axis',(0.,0.,-1.));
#11081=DIRECTION('',(0.,-1.,0.));
#11082=DIRECTION('center_axis',(0.,-1.,0.));
#11083=DIRECTION('ref_axis',(0.,0.,-1.));
#11084=DIRECTION('',(0.,-1.,0.));
#11085=DIRECTION('center_axis',(0.,-1.,0.));
#11086=DIRECTION('ref_axis',(0.,0.,-1.));
#11087=DIRECTION('',(0.,-1.,0.));
#11088=DIRECTION('center_axis',(0.,1.,0.));
#11089=DIRECTION('ref_axis',(0.,0.,1.));
#11090=DIRECTION('center_axis',(0.,1.,0.));
#11091=DIRECTION('ref_axis',(0.,0.,-1.));
#11092=DIRECTION('',(8.65956056235498E-17,-0.707106781186543,0.707106781186552));
#11093=DIRECTION('center_axis',(0.,-1.,0.));
#11094=DIRECTION('ref_axis',(0.,0.,-1.));
#11095=DIRECTION('center_axis',(0.,-1.,0.));
#11096=DIRECTION('ref_axis',(0.,0.,-1.));
#11097=DIRECTION('center_axis',(0.,-1.,0.));
#11098=DIRECTION('ref_axis',(0.,0.,1.));
#11099=DIRECTION('center_axis',(0.,-1.,0.));
#11100=DIRECTION('ref_axis',(0.,0.,1.));
#11101=DIRECTION('',(8.65956056235503E-17,0.707106781186539,-0.707106781186556));
#11102=DIRECTION('center_axis',(0.,1.,0.));
#11103=DIRECTION('ref_axis',(0.,0.,1.));
#11104=DIRECTION('center_axis',(0.,1.,0.));
#11105=DIRECTION('ref_axis',(0.,0.,1.));
#11106=DIRECTION('center_axis',(0.,1.,0.));
#11107=DIRECTION('ref_axis',(0.,0.,1.));
#11108=DIRECTION('',(-4.18853873767707E-17,0.939692620785906,-0.342020143325675));
#11109=DIRECTION('center_axis',(0.,1.,0.));
#11110=DIRECTION('ref_axis',(0.,0.,1.));
#11111=DIRECTION('center_axis',(0.,1.,0.));
#11112=DIRECTION('ref_axis',(0.,0.,1.));
#11113=DIRECTION('center_axis',(0.,-1.,0.));
#11114=DIRECTION('ref_axis',(0.,0.,-1.));
#11115=DIRECTION('center_axis',(0.,1.,0.));
#11116=DIRECTION('ref_axis',(0.,0.,1.));
#11117=DIRECTION('',(1.15079156022785E-16,0.342020143325675,-0.939692620785906));
#11118=DIRECTION('center_axis',(0.,1.,0.));
#11119=DIRECTION('ref_axis',(0.,0.,1.));
#11120=DIRECTION('center_axis',(0.,1.,0.));
#11121=DIRECTION('ref_axis',(0.,0.,1.));
#11122=DIRECTION('',(0.,1.,0.));
#11123=DIRECTION('center_axis',(0.,1.,0.));
#11124=DIRECTION('ref_axis',(0.,0.,1.));
#11125=DIRECTION('center_axis',(0.,1.,0.));
#11126=DIRECTION('ref_axis',(0.,0.,1.));
#11127=DIRECTION('',(0.,-1.,0.));
#11128=DIRECTION('center_axis',(0.,1.,0.));
#11129=DIRECTION('ref_axis',(0.,0.,1.));
#11130=DIRECTION('center_axis',(0.,1.,0.));
#11131=DIRECTION('ref_axis',(0.,0.,-1.));
#11132=DIRECTION('',(0.,1.,0.));
#11133=DIRECTION('center_axis',(0.,-1.,0.));
#11134=DIRECTION('ref_axis',(0.,0.,-1.));
#11135=DIRECTION('center_axis',(0.,1.,0.));
#11136=DIRECTION('ref_axis',(0.,0.,1.));
#11137=DIRECTION('center_axis',(0.,1.,0.));
#11138=DIRECTION('ref_axis',(0.,0.,1.));
#11139=DIRECTION('center_axis',(0.,-1.,0.));
#11140=DIRECTION('ref_axis',(0.,0.,-1.));
#11141=DIRECTION('axis',(0.,0.,1.));
#11142=DIRECTION('refdir',(1.,0.,0.));
#11143=DIRECTION('center_axis',(0.,1.,0.));
#11144=DIRECTION('ref_axis',(0.,0.,1.));
#11145=DIRECTION('center_axis',(0.,1.,0.));
#11146=DIRECTION('ref_axis',(0.,0.,1.));
#11147=DIRECTION('',(-8.65956056235493E-17,0.707106781186548,-0.707106781186548));
#11148=DIRECTION('center_axis',(0.,-1.,0.));
#11149=DIRECTION('ref_axis',(0.,0.,1.));
#11150=DIRECTION('center_axis',(0.,-1.,0.));
#11151=DIRECTION('ref_axis',(0.,0.,-1.));
#11152=DIRECTION('center_axis',(0.,-1.,0.));
#11153=DIRECTION('ref_axis',(0.,0.,-1.));
#11154=DIRECTION('',(-8.65956056235498E-17,-0.707106781186543,0.707106781186552));
#11155=DIRECTION('center_axis',(0.,1.,0.));
#11156=DIRECTION('ref_axis',(0.,0.,-1.));
#11157=DIRECTION('center_axis',(0.,-1.,0.));
#11158=DIRECTION('ref_axis',(0.,0.,-1.));
#11159=DIRECTION('center_axis',(0.,-1.,0.));
#11160=DIRECTION('ref_axis',(0.,0.,-1.));
#11161=DIRECTION('',(0.,-1.,0.));
#11162=DIRECTION('center_axis',(0.,1.,0.));
#11163=DIRECTION('ref_axis',(0.,0.,1.));
#11164=DIRECTION('center_axis',(0.,1.,0.));
#11165=DIRECTION('ref_axis',(0.,0.,1.));
#11166=DIRECTION('center_axis',(0.,1.,0.));
#11167=DIRECTION('ref_axis',(0.,0.,1.));
#11168=DIRECTION('',(-8.65956056235488E-17,0.707106781186552,-0.707106781186543));
#11169=DIRECTION('center_axis',(0.,-1.,0.));
#11170=DIRECTION('ref_axis',(0.,0.,1.));
#11171=DIRECTION('center_axis',(0.,-1.,0.));
#11172=DIRECTION('ref_axis',(0.,0.,-1.));
#11173=DIRECTION('center_axis',(0.,-1.,0.));
#11174=DIRECTION('ref_axis',(0.,0.,-1.));
#11175=DIRECTION('',(-8.65956056235492E-17,-0.707106781186549,0.707106781186547));
#11176=DIRECTION('center_axis',(0.,1.,0.));
#11177=DIRECTION('ref_axis',(0.,0.,-1.));
#11178=DIRECTION('center_axis',(0.,1.,0.));
#11179=DIRECTION('ref_axis',(0.,0.,1.));
#11180=DIRECTION('center_axis',(0.,1.,0.));
#11181=DIRECTION('ref_axis',(0.,0.,1.));
#11182=DIRECTION('center_axis',(0.,1.,0.));
#11183=DIRECTION('ref_axis',(0.,0.,1.));
#11184=DIRECTION('',(-8.6595605623549E-17,0.70710678118655,-0.707106781186545));
#11185=DIRECTION('center_axis',(0.,-1.,0.));
#11186=DIRECTION('ref_axis',(0.,0.,1.));
#11187=DIRECTION('center_axis',(0.,-1.,0.));
#11188=DIRECTION('ref_axis',(0.,0.,-1.));
#11189=DIRECTION('center_axis',(0.,-1.,0.));
#11190=DIRECTION('ref_axis',(0.,0.,-1.));
#11191=DIRECTION('',(-8.65956056235491E-17,-0.707106781186549,0.707106781186546));
#11192=DIRECTION('center_axis',(0.,1.,0.));
#11193=DIRECTION('ref_axis',(0.,0.,-1.));
#11194=DIRECTION('center_axis',(0.,1.,0.));
#11195=DIRECTION('ref_axis',(0.,0.,1.));
#11196=DIRECTION('center_axis',(0.,1.,0.));
#11197=DIRECTION('ref_axis',(0.,0.,1.));
#11198=DIRECTION('center_axis',(0.,1.,0.));
#11199=DIRECTION('ref_axis',(0.,0.,1.));
#11200=DIRECTION('',(-8.65956056235492E-17,0.707106781186549,-0.707106781186546));
#11201=DIRECTION('center_axis',(0.,-1.,0.));
#11202=DIRECTION('ref_axis',(0.,0.,1.));
#11203=DIRECTION('center_axis',(0.,-1.,0.));
#11204=DIRECTION('ref_axis',(0.,0.,-1.));
#11205=DIRECTION('center_axis',(0.,-1.,0.));
#11206=DIRECTION('ref_axis',(0.,0.,-1.));
#11207=DIRECTION('',(-8.65956056235498E-17,-0.707106781186544,0.707106781186551));
#11208=DIRECTION('center_axis',(0.,1.,0.));
#11209=DIRECTION('ref_axis',(0.,0.,-1.));
#11210=DIRECTION('center_axis',(0.,1.,0.));
#11211=DIRECTION('ref_axis',(0.,0.,1.));
#11212=DIRECTION('center_axis',(0.,1.,0.));
#11213=DIRECTION('ref_axis',(0.,0.,1.));
#11214=DIRECTION('center_axis',(0.,1.,0.));
#11215=DIRECTION('ref_axis',(0.,0.,1.));
#11216=DIRECTION('',(-8.65956056235495E-17,0.707106781186546,-0.707106781186549));
#11217=DIRECTION('center_axis',(0.,-1.,0.));
#11218=DIRECTION('ref_axis',(0.,0.,1.));
#11219=DIRECTION('center_axis',(0.,-1.,0.));
#11220=DIRECTION('ref_axis',(0.,0.,-1.));
#11221=DIRECTION('center_axis',(0.,-1.,0.));
#11222=DIRECTION('ref_axis',(0.,0.,-1.));
#11223=DIRECTION('',(-8.65956056235501E-17,-0.707106781186541,0.707106781186554));
#11224=DIRECTION('center_axis',(0.,1.,0.));
#11225=DIRECTION('ref_axis',(0.,0.,-1.));
#11226=DIRECTION('center_axis',(0.,1.,0.));
#11227=DIRECTION('ref_axis',(0.,0.,1.));
#11228=DIRECTION('center_axis',(0.,1.,0.));
#11229=DIRECTION('ref_axis',(0.,0.,1.));
#11230=DIRECTION('center_axis',(0.,1.,0.));
#11231=DIRECTION('ref_axis',(0.,0.,1.));
#11232=DIRECTION('',(-8.6595605623549E-17,0.70710678118655,-0.707106781186545));
#11233=DIRECTION('center_axis',(0.,-1.,0.));
#11234=DIRECTION('ref_axis',(0.,0.,1.));
#11235=DIRECTION('center_axis',(0.,-1.,0.));
#11236=DIRECTION('ref_axis',(0.,0.,-1.));
#11237=DIRECTION('center_axis',(0.,-1.,0.));
#11238=DIRECTION('ref_axis',(0.,0.,-1.));
#11239=DIRECTION('',(-8.65956056235491E-17,-0.707106781186549,0.707106781186546));
#11240=DIRECTION('center_axis',(0.,1.,0.));
#11241=DIRECTION('ref_axis',(0.,0.,-1.));
#11242=DIRECTION('center_axis',(0.,1.,0.));
#11243=DIRECTION('ref_axis',(0.,0.,1.));
#11244=DIRECTION('center_axis',(0.,1.,0.));
#11245=DIRECTION('ref_axis',(0.,0.,1.));
#11246=DIRECTION('center_axis',(0.,1.,0.));
#11247=DIRECTION('ref_axis',(0.,0.,1.));
#11248=DIRECTION('',(-8.65956056235498E-17,0.707106781186543,-0.707106781186552));
#11249=DIRECTION('center_axis',(0.,-1.,0.));
#11250=DIRECTION('ref_axis',(0.,0.,1.));
#11251=DIRECTION('center_axis',(0.,-1.,0.));
#11252=DIRECTION('ref_axis',(0.,0.,-1.));
#11253=DIRECTION('center_axis',(0.,-1.,0.));
#11254=DIRECTION('ref_axis',(0.,0.,-1.));
#11255=DIRECTION('',(-8.65956056235502E-17,-0.70710678118654,0.707106781186555));
#11256=DIRECTION('center_axis',(0.,1.,0.));
#11257=DIRECTION('ref_axis',(0.,0.,-1.));
#11258=DIRECTION('center_axis',(0.,-1.,0.));
#11259=DIRECTION('ref_axis',(0.,0.,-1.));
#11260=DIRECTION('',(0.,-1.,0.));
#11261=DIRECTION('center_axis',(0.,-1.,0.));
#11262=DIRECTION('ref_axis',(0.,0.,-1.));
#11263=DIRECTION('',(0.,-1.,0.));
#11264=DIRECTION('center_axis',(0.,-1.,0.));
#11265=DIRECTION('ref_axis',(0.,0.,-1.));
#11266=DIRECTION('',(0.,-1.,0.));
#11267=DIRECTION('center_axis',(0.,-1.,0.));
#11268=DIRECTION('ref_axis',(0.,0.,-1.));
#11269=DIRECTION('',(0.,-1.,0.));
#11270=DIRECTION('center_axis',(0.,-1.,0.));
#11271=DIRECTION('ref_axis',(0.,0.,-1.));
#11272=DIRECTION('',(0.,-1.,0.));
#11273=DIRECTION('center_axis',(0.,-1.,0.));
#11274=DIRECTION('ref_axis',(0.,0.,-1.));
#11275=DIRECTION('',(0.,-1.,0.));
#11276=DIRECTION('center_axis',(0.,1.,0.));
#11277=DIRECTION('ref_axis',(0.,0.,1.));
#11278=DIRECTION('center_axis',(0.,1.,0.));
#11279=DIRECTION('ref_axis',(0.,0.,-1.));
#11280=DIRECTION('',(8.65956056235498E-17,-0.707106781186543,0.707106781186552));
#11281=DIRECTION('center_axis',(0.,-1.,0.));
#11282=DIRECTION('ref_axis',(0.,0.,-1.));
#11283=DIRECTION('center_axis',(0.,-1.,0.));
#11284=DIRECTION('ref_axis',(0.,0.,-1.));
#11285=DIRECTION('center_axis',(0.,-1.,0.));
#11286=DIRECTION('ref_axis',(0.,0.,1.));
#11287=DIRECTION('center_axis',(0.,-1.,0.));
#11288=DIRECTION('ref_axis',(0.,0.,1.));
#11289=DIRECTION('',(8.65956056235503E-17,0.707106781186539,-0.707106781186556));
#11290=DIRECTION('center_axis',(0.,1.,0.));
#11291=DIRECTION('ref_axis',(0.,0.,1.));
#11292=DIRECTION('center_axis',(0.,1.,0.));
#11293=DIRECTION('ref_axis',(0.,0.,1.));
#11294=DIRECTION('center_axis',(0.,1.,0.));
#11295=DIRECTION('ref_axis',(0.,0.,1.));
#11296=DIRECTION('',(-4.18853873767707E-17,0.939692620785906,-0.342020143325675));
#11297=DIRECTION('center_axis',(0.,1.,0.));
#11298=DIRECTION('ref_axis',(0.,0.,1.));
#11299=DIRECTION('center_axis',(0.,1.,0.));
#11300=DIRECTION('ref_axis',(0.,0.,1.));
#11301=DIRECTION('center_axis',(0.,-1.,0.));
#11302=DIRECTION('ref_axis',(0.,0.,-1.));
#11303=DIRECTION('center_axis',(0.,1.,0.));
#11304=DIRECTION('ref_axis',(0.,0.,1.));
#11305=DIRECTION('',(1.15079156022785E-16,0.342020143325675,-0.939692620785906));
#11306=DIRECTION('center_axis',(0.,1.,0.));
#11307=DIRECTION('ref_axis',(0.,0.,1.));
#11308=DIRECTION('center_axis',(0.,1.,0.));
#11309=DIRECTION('ref_axis',(0.,0.,1.));
#11310=DIRECTION('',(0.,1.,0.));
#11311=DIRECTION('center_axis',(0.,1.,0.));
#11312=DIRECTION('ref_axis',(0.,0.,1.));
#11313=DIRECTION('center_axis',(0.,1.,0.));
#11314=DIRECTION('ref_axis',(0.,0.,1.));
#11315=DIRECTION('',(0.,-1.,0.));
#11316=DIRECTION('center_axis',(0.,1.,0.));
#11317=DIRECTION('ref_axis',(0.,0.,1.));
#11318=DIRECTION('center_axis',(0.,1.,0.));
#11319=DIRECTION('ref_axis',(0.,0.,-1.));
#11320=DIRECTION('',(0.,1.,0.));
#11321=DIRECTION('center_axis',(0.,-1.,0.));
#11322=DIRECTION('ref_axis',(0.,0.,-1.));
#11323=DIRECTION('center_axis',(0.,1.,0.));
#11324=DIRECTION('ref_axis',(0.,0.,1.));
#11325=DIRECTION('center_axis',(0.,1.,0.));
#11326=DIRECTION('ref_axis',(0.,0.,1.));
#11327=DIRECTION('center_axis',(0.,-1.,0.));
#11328=DIRECTION('ref_axis',(0.,0.,-1.));
#11329=DIRECTION('axis',(0.,0.,1.));
#11330=DIRECTION('refdir',(1.,0.,0.));
#11331=DIRECTION('center_axis',(0.,-1.,0.));
#11332=DIRECTION('ref_axis',(0.,0.,-1.));
#11333=DIRECTION('center_axis',(0.,-1.,0.));
#11334=DIRECTION('ref_axis',(0.,0.,-1.));
#11335=DIRECTION('center_axis',(0.,1.,0.));
#11336=DIRECTION('ref_axis',(0.,0.,-1.));
#11337=DIRECTION('center_axis',(0.,1.,0.));
#11338=DIRECTION('ref_axis',(0.,0.,1.));
#11339=DIRECTION('center_axis',(0.,-1.,0.));
#11340=DIRECTION('ref_axis',(0.,0.,1.));
#11341=DIRECTION('center_axis',(0.,1.,0.));
#11342=DIRECTION('ref_axis',(0.,0.,1.));
#11343=DIRECTION('center_axis',(0.,1.,0.));
#11344=DIRECTION('ref_axis',(0.,0.,1.));
#11345=DIRECTION('center_axis',(0.,1.,0.));
#11346=DIRECTION('ref_axis',(0.,0.,1.));
#11347=DIRECTION('center_axis',(0.,1.,0.));
#11348=DIRECTION('ref_axis',(0.,0.,1.));
#11349=DIRECTION('center_axis',(0.,1.,0.));
#11350=DIRECTION('ref_axis',(0.,0.,1.));
#11351=DIRECTION('center_axis',(0.,1.,0.));
#11352=DIRECTION('ref_axis',(0.,0.,1.));
#11353=DIRECTION('center_axis',(0.,1.,0.));
#11354=DIRECTION('ref_axis',(0.,0.,1.));
#11355=DIRECTION('center_axis',(0.,1.,0.));
#11356=DIRECTION('ref_axis',(0.,0.,1.));
#11357=DIRECTION('center_axis',(0.,-1.,0.));
#11358=DIRECTION('ref_axis',(0.,0.,-1.));
#11359=DIRECTION('center_axis',(0.,-1.,0.));
#11360=DIRECTION('ref_axis',(0.,0.,-1.));
#11361=DIRECTION('center_axis',(0.,-1.,0.));
#11362=DIRECTION('ref_axis',(0.,0.,1.));
#11363=DIRECTION('center_axis',(0.,-1.,0.));
#11364=DIRECTION('ref_axis',(0.,0.,1.));
#11365=DIRECTION('',(-8.65956056235511E-17,-0.707106781186533,0.707106781186562));
#11366=DIRECTION('center_axis',(0.,1.,0.));
#11367=DIRECTION('ref_axis',(0.,0.,1.));
#11368=DIRECTION('center_axis',(0.,1.,0.));
#11369=DIRECTION('ref_axis',(0.,0.,-1.));
#11370=DIRECTION('',(-8.65956056235496E-17,0.707106781186545,-0.70710678118655));
#11371=DIRECTION('center_axis',(0.,-1.,0.));
#11372=DIRECTION('ref_axis',(0.,0.,-1.));
#11373=DIRECTION('center_axis',(0.,-1.,0.));
#11374=DIRECTION('ref_axis',(0.,0.,-1.));
#11375=DIRECTION('center_axis',(0.,-1.,0.));
#11376=DIRECTION('ref_axis',(0.,0.,1.));
#11377=DIRECTION('center_axis',(0.,-1.,0.));
#11378=DIRECTION('ref_axis',(0.,0.,1.));
#11379=DIRECTION('',(-8.65956056235478E-17,-0.70710678118656,0.707106781186535));
#11380=DIRECTION('center_axis',(0.,1.,0.));
#11381=DIRECTION('ref_axis',(0.,0.,1.));
#11382=DIRECTION('center_axis',(0.,1.,0.));
#11383=DIRECTION('ref_axis',(0.,0.,-1.));
#11384=DIRECTION('',(-8.65956056235494E-17,0.707106781186548,-0.707106781186548));
#11385=DIRECTION('center_axis',(0.,-1.,0.));
#11386=DIRECTION('ref_axis',(0.,0.,-1.));
#11387=DIRECTION('center_axis',(0.,-1.,0.));
#11388=DIRECTION('ref_axis',(0.,0.,-1.));
#11389=DIRECTION('center_axis',(0.,-1.,0.));
#11390=DIRECTION('ref_axis',(0.,0.,1.));
#11391=DIRECTION('center_axis',(0.,-1.,0.));
#11392=DIRECTION('ref_axis',(0.,0.,1.));
#11393=DIRECTION('',(-8.65956056235498E-17,-0.707106781186544,0.707106781186551));
#11394=DIRECTION('center_axis',(0.,1.,0.));
#11395=DIRECTION('ref_axis',(0.,0.,1.));
#11396=DIRECTION('center_axis',(0.,1.,0.));
#11397=DIRECTION('ref_axis',(0.,0.,-1.));
#11398=DIRECTION('',(-8.65956056235483E-17,0.707106781186556,-0.707106781186539));
#11399=DIRECTION('center_axis',(0.,-1.,0.));
#11400=DIRECTION('ref_axis',(0.,0.,-1.));
#11401=DIRECTION('center_axis',(0.,-1.,0.));
#11402=DIRECTION('ref_axis',(0.,0.,-1.));
#11403=DIRECTION('center_axis',(0.,-1.,0.));
#11404=DIRECTION('ref_axis',(0.,0.,1.));
#11405=DIRECTION('center_axis',(0.,-1.,0.));
#11406=DIRECTION('ref_axis',(0.,0.,1.));
#11407=DIRECTION('',(-8.65956056235478E-17,-0.70710678118656,0.707106781186535));
#11408=DIRECTION('center_axis',(0.,1.,0.));
#11409=DIRECTION('ref_axis',(0.,0.,1.));
#11410=DIRECTION('center_axis',(0.,1.,0.));
#11411=DIRECTION('ref_axis',(0.,0.,-1.));
#11412=DIRECTION('',(-8.65956056235494E-17,0.707106781186548,-0.707106781186548));
#11413=DIRECTION('center_axis',(0.,-1.,0.));
#11414=DIRECTION('ref_axis',(0.,0.,-1.));
#11415=DIRECTION('center_axis',(0.,-1.,0.));
#11416=DIRECTION('ref_axis',(0.,0.,-1.));
#11417=DIRECTION('center_axis',(0.,-1.,0.));
#11418=DIRECTION('ref_axis',(0.,0.,1.));
#11419=DIRECTION('center_axis',(0.,-1.,0.));
#11420=DIRECTION('ref_axis',(0.,0.,1.));
#11421=DIRECTION('',(-8.65956056235517E-17,-0.707106781186528,0.707106781186567));
#11422=DIRECTION('center_axis',(0.,1.,0.));
#11423=DIRECTION('ref_axis',(0.,0.,1.));
#11424=DIRECTION('center_axis',(0.,1.,0.));
#11425=DIRECTION('ref_axis',(0.,0.,-1.));
#11426=DIRECTION('',(-8.65956056235502E-17,0.707106781186541,-0.707106781186554));
#11427=DIRECTION('center_axis',(0.,-1.,0.));
#11428=DIRECTION('ref_axis',(0.,0.,-1.));
#11429=DIRECTION('center_axis',(0.,-1.,0.));
#11430=DIRECTION('ref_axis',(0.,0.,-1.));
#11431=DIRECTION('center_axis',(0.,-1.,0.));
#11432=DIRECTION('ref_axis',(0.,0.,1.));
#11433=DIRECTION('center_axis',(0.,-1.,0.));
#11434=DIRECTION('ref_axis',(0.,0.,1.));
#11435=DIRECTION('',(-8.65956056235478E-17,-0.70710678118656,0.707106781186535));
#11436=DIRECTION('center_axis',(0.,1.,0.));
#11437=DIRECTION('ref_axis',(0.,0.,1.));
#11438=DIRECTION('center_axis',(0.,1.,0.));
#11439=DIRECTION('ref_axis',(0.,0.,-1.));
#11440=DIRECTION('',(-8.65956056235494E-17,0.707106781186548,-0.707106781186548));
#11441=DIRECTION('center_axis',(0.,-1.,0.));
#11442=DIRECTION('ref_axis',(0.,0.,-1.));
#11443=DIRECTION('center_axis',(0.,-1.,0.));
#11444=DIRECTION('ref_axis',(0.,0.,-1.));
#11445=DIRECTION('center_axis',(0.,-1.,0.));
#11446=DIRECTION('ref_axis',(0.,0.,1.));
#11447=DIRECTION('center_axis',(0.,-1.,0.));
#11448=DIRECTION('ref_axis',(0.,0.,1.));
#11449=DIRECTION('',(-8.65956056235507E-17,-0.707106781186536,0.707106781186559));
#11450=DIRECTION('center_axis',(0.,1.,0.));
#11451=DIRECTION('ref_axis',(0.,0.,1.));
#11452=DIRECTION('center_axis',(0.,1.,0.));
#11453=DIRECTION('ref_axis',(0.,0.,-1.));
#11454=DIRECTION('',(-8.65956056235507E-17,0.707106781186536,-0.707106781186559));
#11455=DIRECTION('center_axis',(0.,-1.,0.));
#11456=DIRECTION('ref_axis',(0.,0.,-1.));
#11457=DIRECTION('center_axis',(0.,-1.,0.));
#11458=DIRECTION('ref_axis',(0.,0.,-1.));
#11459=DIRECTION('center_axis',(0.,-1.,0.));
#11460=DIRECTION('ref_axis',(0.,0.,1.));
#11461=DIRECTION('center_axis',(0.,-1.,0.));
#11462=DIRECTION('ref_axis',(0.,0.,1.));
#11463=DIRECTION('',(-8.65956056235478E-17,-0.70710678118656,0.707106781186535));
#11464=DIRECTION('center_axis',(0.,1.,0.));
#11465=DIRECTION('ref_axis',(0.,0.,1.));
#11466=DIRECTION('center_axis',(0.,1.,0.));
#11467=DIRECTION('ref_axis',(0.,0.,-1.));
#11468=DIRECTION('',(-8.65956056235494E-17,0.707106781186548,-0.707106781186548));
#11469=DIRECTION('center_axis',(0.,-1.,0.));
#11470=DIRECTION('ref_axis',(0.,0.,-1.));
#11471=DIRECTION('center_axis',(0.,1.,0.));
#11472=DIRECTION('ref_axis',(0.,0.,1.));
#11473=DIRECTION('center_axis',(0.,1.,0.));
#11474=DIRECTION('ref_axis',(0.,0.,1.));
#11475=DIRECTION('center_axis',(0.,1.,0.));
#11476=DIRECTION('ref_axis',(0.,0.,1.));
#11477=DIRECTION('',(8.65956056235475E-17,-0.707106781186562,0.707106781186533));
#11478=DIRECTION('center_axis',(0.,-1.,0.));
#11479=DIRECTION('ref_axis',(0.,0.,-1.));
#11480=DIRECTION('center_axis',(0.,1.,0.));
#11481=DIRECTION('ref_axis',(0.,0.,-1.));
#11482=DIRECTION('',(-0.270645745156559,0.706982125955772,-0.65339662855551));
#11483=DIRECTION('center_axis',(0.,-1.,0.));
#11484=DIRECTION('ref_axis',(0.,0.,-1.));
#11485=DIRECTION('',(-0.270645745156551,-0.706982125955788,-0.653396628555497));
#11486=DIRECTION('center_axis',(0.,1.,0.));
#11487=DIRECTION('ref_axis',(0.,0.,1.));
#11488=DIRECTION('',(0.,1.,0.));
#11489=DIRECTION('center_axis',(0.,1.,0.));
#11490=DIRECTION('ref_axis',(0.,0.,1.));
#11491=DIRECTION('',(0.,1.,0.));
#11492=DIRECTION('center_axis',(0.,1.,0.));
#11493=DIRECTION('ref_axis',(0.,0.,1.));
#11494=DIRECTION('',(0.,1.,0.));
#11495=DIRECTION('center_axis',(0.,1.,0.));
#11496=DIRECTION('ref_axis',(0.,0.,1.));
#11497=DIRECTION('',(0.,1.,0.));
#11498=DIRECTION('center_axis',(0.,1.,0.));
#11499=DIRECTION('ref_axis',(0.,0.,1.));
#11500=DIRECTION('',(0.,1.,0.));
#11501=DIRECTION('center_axis',(0.,1.,0.));
#11502=DIRECTION('ref_axis',(0.,0.,1.));
#11503=DIRECTION('',(0.,1.,0.));
#11504=DIRECTION('center_axis',(0.,1.,0.));
#11505=DIRECTION('ref_axis',(0.,0.,1.));
#11506=DIRECTION('',(0.,1.,0.));
#11507=DIRECTION('center_axis',(0.,1.,0.));
#11508=DIRECTION('ref_axis',(0.,0.,1.));
#11509=DIRECTION('',(0.,1.,0.));
#11510=DIRECTION('center_axis',(0.,-1.,0.));
#11511=DIRECTION('ref_axis',(0.,0.,-1.));
#11512=DIRECTION('center_axis',(0.,-1.,0.));
#11513=DIRECTION('ref_axis',(0.,0.,-1.));
#11514=DIRECTION('',(0.,-1.,0.));
#11515=DIRECTION('center_axis',(0.,-1.,0.));
#11516=DIRECTION('ref_axis',(0.,0.,-1.));
#11517=DIRECTION('',(0.,-1.,0.));
#11518=DIRECTION('center_axis',(0.,-1.,0.));
#11519=DIRECTION('ref_axis',(0.,0.,-1.));
#11520=DIRECTION('center_axis',(0.,1.,0.));
#11521=DIRECTION('ref_axis',(0.,0.,1.));
#11522=DIRECTION('',(-4.18853873767708E-17,0.939692620785906,-0.342020143325676));
#11523=DIRECTION('center_axis',(0.,-1.,0.));
#11524=DIRECTION('ref_axis',(0.,0.,-1.));
#11525=DIRECTION('center_axis',(0.,-1.,0.));
#11526=DIRECTION('ref_axis',(0.,0.,-1.));
#11527=DIRECTION('center_axis',(0.,-1.,0.));
#11528=DIRECTION('ref_axis',(0.,0.,-1.));
#11529=DIRECTION('center_axis',(0.,-1.,0.));
#11530=DIRECTION('ref_axis',(0.,0.,-1.));
#11531=DIRECTION('',(1.15079156022785E-16,0.342020143325674,-0.939692620785907));
#11532=DIRECTION('center_axis',(0.,-1.,0.));
#11533=DIRECTION('ref_axis',(0.,0.,-1.));
#11534=DIRECTION('center_axis',(0.,-1.,0.));
#11535=DIRECTION('ref_axis',(0.,0.,-1.));
#11536=DIRECTION('',(0.,-1.,0.));
#11537=DIRECTION('center_axis',(0.,-1.,0.));
#11538=DIRECTION('ref_axis',(0.,0.,1.));
#11539=DIRECTION('',(0.,1.,0.));
#11540=DIRECTION('center_axis',(0.,-1.,0.));
#11541=DIRECTION('ref_axis',(0.,0.,-1.));
#11542=DIRECTION('',(0.,-1.,0.));
#11543=DIRECTION('center_axis',(0.,-1.,0.));
#11544=DIRECTION('ref_axis',(0.,0.,-1.));
#11545=DIRECTION('',(0.,-1.,0.));
#11546=DIRECTION('center_axis',(0.,1.,0.));
#11547=DIRECTION('ref_axis',(0.,0.,-1.));
#11548=DIRECTION('',(0.,1.,0.));
#11549=DIRECTION('center_axis',(0.,-1.,0.));
#11550=DIRECTION('ref_axis',(0.,0.,-1.));
#11551=DIRECTION('',(0.,1.,0.));
#11552=DIRECTION('center_axis',(0.,-1.,0.));
#11553=DIRECTION('ref_axis',(0.,0.,-1.));
#11554=DIRECTION('',(0.,-1.,0.));
#11555=DIRECTION('center_axis',(0.,1.,0.));
#11556=DIRECTION('ref_axis',(0.,0.,1.));
#11557=DIRECTION('',(0.,1.,0.));
#11558=DIRECTION('',(0.,-1.,0.));
#11559=DIRECTION('center_axis',(0.,-1.,0.));
#11560=DIRECTION('ref_axis',(0.,0.,-1.));
#11561=DIRECTION('',(0.,1.,0.));
#11562=DIRECTION('center_axis',(0.,-1.,0.));
#11563=DIRECTION('ref_axis',(0.,0.,-1.));
#11564=DIRECTION('center_axis',(0.,-1.,0.));
#11565=DIRECTION('ref_axis',(0.,0.,-1.));
#11566=DIRECTION('center_axis',(0.,1.,0.));
#11567=DIRECTION('ref_axis',(0.,0.,-1.));
#11568=DIRECTION('',(0.38268343236509,0.,0.923879532511287));
#11569=DIRECTION('',(0.382683432365091,0.,0.923879532511286));
#11570=DIRECTION('center_axis',(0.,-1.,0.));
#11571=DIRECTION('ref_axis',(-0.923879532511287,0.,0.38268343236509));
#11572=DIRECTION('',(0.270603348281582,-0.70709293602951,0.653294273444949));
#11573=DIRECTION('',(0.27060334828158,0.707092936029503,0.653294273444958));
#11574=DIRECTION('center_axis',(0.,-1.,0.));
#11575=DIRECTION('ref_axis',(0.,0.,-1.));
#11576=DIRECTION('',(-0.382683432365091,0.,-0.923879532511286));
#11577=DIRECTION('',(-0.382683432365091,0.,-0.923879532511286));
#11578=DIRECTION('center_axis',(0.,1.,0.));
#11579=DIRECTION('ref_axis',(0.,0.,1.));
#11580=DIRECTION('center_axis',(0.,1.,0.));
#11581=DIRECTION('ref_axis',(0.,0.,1.));
#11582=DIRECTION('',(0.382683432365091,0.,0.923879532511286));
#11583=DIRECTION('',(-0.382683432365091,0.,-0.923879532511286));
#11584=DIRECTION('center_axis',(-0.923879532511286,0.,0.382683432365091));
#11585=DIRECTION('ref_axis',(0.382683432365091,0.,0.923879532511286));
#11586=DIRECTION('center_axis',(0.923879532511286,0.,-0.382683432365091));
#11587=DIRECTION('ref_axis',(-0.382683432365091,0.,-0.923879532511286));
#11588=DIRECTION('center_axis',(0.,-1.,0.));
#11589=DIRECTION('ref_axis',(0.,0.,-1.));
#11590=DIRECTION('',(-0.382683432365091,0.,-0.923879532511286));
#11591=DIRECTION('',(0.38268343236509,0.,0.923879532511287));
#11592=DIRECTION('center_axis',(-0.923879532511287,0.,0.38268343236509));
#11593=DIRECTION('ref_axis',(0.38268343236509,0.,0.923879532511287));
#11594=DIRECTION('center_axis',(0.923879532511286,0.,-0.382683432365091));
#11595=DIRECTION('ref_axis',(-0.382683432365091,0.,-0.923879532511286));
#11596=DIRECTION('',(0.,0.,1.));
#11597=DIRECTION('',(-1.,9.43689570931383E-16,0.));
#11598=DIRECTION('',(-1.22464679914735E-16,1.15568641242986E-31,1.));
#11599=DIRECTION('',(1.,0.,1.22464679914735E-16));
#11600=DIRECTION('',(0.,0.,1.));
#11601=DIRECTION('',(1.,0.,0.));
#11602=DIRECTION('',(0.5,-4.87286859701163E-16,-0.866025403784438));
#11603=DIRECTION('',(-0.866025403784438,1.7609487126444E-15,-0.5));
#11604=DIRECTION('',(-1.22464679914735E-16,1.15568641242986E-31,1.));
#11605=DIRECTION('',(1.,0.,1.22464679914735E-16));
#11606=DIRECTION('',(-1.22464679914735E-16,1.15568641242986E-31,1.));
#11607=DIRECTION('',(1.,0.,1.22464679914735E-16));
#11608=DIRECTION('',(-1.22464679914735E-16,1.15568641242986E-31,1.));
#11609=DIRECTION('',(1.,0.,1.22464679914735E-16));
#11610=DIRECTION('',(-1.22464679914735E-16,1.15568641242986E-31,1.));
#11611=DIRECTION('',(1.,0.,1.22464679914735E-16));
#11612=DIRECTION('',(-0.353499660360181,0.184024243985111,-0.917154876643496));
#11613=DIRECTION('',(-0.853423674335832,-0.464903299220072,0.235654311349106));
#11614=CARTESIAN_POINT('',(0.,0.,0.));
#11615=CARTESIAN_POINT('',(0.,0.,0.));
#11616=CARTESIAN_POINT('Origin',(-14.9635723933845,24.6,-50.5));
#11617=CARTESIAN_POINT('',(36.0364276066155,14.6,-50.5));
#11618=CARTESIAN_POINT('Origin',(-14.9635723933845,14.6,-50.5));
#11619=CARTESIAN_POINT('',(36.0364276066155,-49.4,-50.5));
#11620=CARTESIAN_POINT('',(36.0364276066155,24.6,-50.5));
#11621=CARTESIAN_POINT('Origin',(-14.9635723933845,-49.4,-50.5));
#11622=CARTESIAN_POINT('Origin',(-14.9635723933845,-49.4,-50.5));
#11623=CARTESIAN_POINT('',(38.0364276066155,-49.4,-50.5));
#11624=CARTESIAN_POINT('Origin',(-14.9635723933845,-49.4,-50.5));
#11625=CARTESIAN_POINT('Origin',(-14.9635723933845,-8.88178419700125E-15,
-50.5));
#11626=CARTESIAN_POINT('',(38.0364276066155,14.6,-50.5));
#11627=CARTESIAN_POINT('',(38.0364276066155,-8.88178419700125E-15,-50.5));
#11628=CARTESIAN_POINT('Origin',(-14.9635723933845,14.6,-50.5));
#11629=CARTESIAN_POINT('Origin',(-14.9635723933845,14.6,-50.5));
#11630=CARTESIAN_POINT('Origin',(65.0364276066155,24.6,60.));
#11631=CARTESIAN_POINT('',(65.0364276066155,23.4,58.5));
#11632=CARTESIAN_POINT('',(65.0364276066155,23.4,61.5));
#11633=CARTESIAN_POINT('Origin',(65.0364276066155,23.4,60.));
#11634=CARTESIAN_POINT('',(65.0364276066155,11.6,58.5));
#11635=CARTESIAN_POINT('',(65.0364276066155,24.6,58.5));
#11636=CARTESIAN_POINT('',(65.0364276066155,11.6,61.5));
#11637=CARTESIAN_POINT('Origin',(65.0364276066155,11.6,60.));
#11638=CARTESIAN_POINT('',(65.0364276066155,24.6,61.5));
#11639=CARTESIAN_POINT('Origin',(55.0364276066155,24.6,58.5));
#11640=CARTESIAN_POINT('',(55.0364276066155,23.4,58.5));
#11641=CARTESIAN_POINT('',(56.9966241487419,23.4,58.5));
#11642=CARTESIAN_POINT('',(-26.5795951264124,23.4,58.5));
#11643=CARTESIAN_POINT('',(55.0364276066155,11.6,58.5));
#11644=CARTESIAN_POINT('',(55.0364276066155,24.6,58.5));
#11645=CARTESIAN_POINT('',(56.9966241487419,11.6,58.5));
#11646=CARTESIAN_POINT('',(65.0364276066155,11.6,58.5));
#11647=CARTESIAN_POINT('',(56.9966241487419,17.1,58.5));
#11648=CARTESIAN_POINT('Origin',(65.0364276066155,24.6,61.5));
#11649=CARTESIAN_POINT('',(56.9966241487419,23.4,61.5));
#11650=CARTESIAN_POINT('',(55.0364276066155,23.4,61.5));
#11651=CARTESIAN_POINT('',(-21.5795951264124,23.4,61.5));
#11652=CARTESIAN_POINT('',(56.9966241487419,11.6,61.5));
#11653=CARTESIAN_POINT('',(56.9966241487419,17.1,61.5));
#11654=CARTESIAN_POINT('',(55.0364276066155,11.6,61.5));
#11655=CARTESIAN_POINT('',(55.0364276066155,11.6,61.5));
#11656=CARTESIAN_POINT('',(55.0364276066155,24.6,61.5));
#11657=CARTESIAN_POINT('Origin',(65.0364276066155,24.6,61.5));
#11658=CARTESIAN_POINT('',(63.076231064489,23.4,61.5));
#11659=CARTESIAN_POINT('',(-21.5795951264124,23.4,61.5));
#11660=CARTESIAN_POINT('',(63.076231064489,11.6,61.5));
#11661=CARTESIAN_POINT('',(55.0364276066155,11.6,61.5));
#11662=CARTESIAN_POINT('',(63.076231064489,17.1,61.5));
#11663=CARTESIAN_POINT('Origin',(60.0364276066155,11.6,60.));
#11664=CARTESIAN_POINT('Origin',(60.0364276066155,11.6,60.));
#11665=CARTESIAN_POINT('Origin',(55.0364276066155,11.6,60.));
#11666=CARTESIAN_POINT('Origin',(55.0364276066155,24.6,58.5));
#11667=CARTESIAN_POINT('',(63.076231064489,23.4,58.5));
#11668=CARTESIAN_POINT('',(-26.5795951264124,23.4,58.5));
#11669=CARTESIAN_POINT('',(63.076231064489,11.6,58.5));
#11670=CARTESIAN_POINT('',(63.076231064489,17.1,58.5));
#11671=CARTESIAN_POINT('',(65.0364276066155,11.6,58.5));
#11672=CARTESIAN_POINT('Origin',(55.0364276066155,24.6,60.));
#11673=CARTESIAN_POINT('Origin',(55.0364276066155,23.4,60.));
#11674=CARTESIAN_POINT('Origin',(60.0364276066155,11.6,60.));
#11675=CARTESIAN_POINT('Origin',(60.0364276066155,11.6,60.));
#11676=CARTESIAN_POINT('Origin',(-54.9635723933845,24.6,60.));
#11677=CARTESIAN_POINT('',(-54.9635723933845,23.4,58.5));
#11678=CARTESIAN_POINT('',(-54.9635723933845,23.4,61.5));
#11679=CARTESIAN_POINT('Origin',(-54.9635723933845,23.4,60.));
#11680=CARTESIAN_POINT('',(-54.9635723933845,11.6,58.5));
#11681=CARTESIAN_POINT('',(-54.9635723933845,24.6,58.5));
#11682=CARTESIAN_POINT('',(-54.9635723933845,11.6,61.5));
#11683=CARTESIAN_POINT('Origin',(-54.9635723933845,11.6,60.));
#11684=CARTESIAN_POINT('',(-54.9635723933845,24.6,61.5));
#11685=CARTESIAN_POINT('Origin',(-64.9635723933845,24.6,58.5));
#11686=CARTESIAN_POINT('',(-64.9635723933845,23.4,58.5));
#11687=CARTESIAN_POINT('',(-63.0033758512581,23.4,58.5));
#11688=CARTESIAN_POINT('',(-86.5795951264124,23.4,58.5));
#11689=CARTESIAN_POINT('',(-64.9635723933845,11.6,58.5));
#11690=CARTESIAN_POINT('',(-64.9635723933845,24.6,58.5));
#11691=CARTESIAN_POINT('',(-63.0033758512581,11.6,58.5));
#11692=CARTESIAN_POINT('',(-54.9635723933845,11.6,58.5));
#11693=CARTESIAN_POINT('',(-63.0033758512581,17.1,58.5));
#11694=CARTESIAN_POINT('Origin',(-54.9635723933845,24.6,61.5));
#11695=CARTESIAN_POINT('',(-63.0033758512581,23.4,61.5));
#11696=CARTESIAN_POINT('',(-64.9635723933845,23.4,61.5));
#11697=CARTESIAN_POINT('',(-81.5795951264124,23.4,61.5));
#11698=CARTESIAN_POINT('',(-63.0033758512581,11.6,61.5));
#11699=CARTESIAN_POINT('',(-63.0033758512581,17.1,61.5));
#11700=CARTESIAN_POINT('',(-64.9635723933845,11.6,61.5));
#11701=CARTESIAN_POINT('',(-64.9635723933845,11.6,61.5));
#11702=CARTESIAN_POINT('',(-64.9635723933845,24.6,61.5));
#11703=CARTESIAN_POINT('Origin',(-54.9635723933845,24.6,61.5));
#11704=CARTESIAN_POINT('',(-56.923768935511,23.4,61.5));
#11705=CARTESIAN_POINT('',(-81.5795951264124,23.4,61.5));
#11706=CARTESIAN_POINT('',(-56.923768935511,11.6,61.5));
#11707=CARTESIAN_POINT('',(-64.9635723933845,11.6,61.5));
#11708=CARTESIAN_POINT('',(-56.923768935511,17.1,61.5));
#11709=CARTESIAN_POINT('Origin',(-59.9635723933845,11.6,60.));
#11710=CARTESIAN_POINT('Origin',(-59.9635723933845,11.6,60.));
#11711=CARTESIAN_POINT('Origin',(-64.9635723933845,11.6,60.));
#11712=CARTESIAN_POINT('Origin',(-64.9635723933845,24.6,58.5));
#11713=CARTESIAN_POINT('',(-56.923768935511,23.4,58.5));
#11714=CARTESIAN_POINT('',(-86.5795951264124,23.4,58.5));
#11715=CARTESIAN_POINT('',(-56.923768935511,11.6,58.5));
#11716=CARTESIAN_POINT('',(-56.923768935511,17.1,58.5));
#11717=CARTESIAN_POINT('',(-54.9635723933845,11.6,58.5));
#11718=CARTESIAN_POINT('Origin',(-64.9635723933845,24.6,60.));
#11719=CARTESIAN_POINT('Origin',(-64.9635723933845,23.4,60.));
#11720=CARTESIAN_POINT('Origin',(-59.9635723933845,11.6,60.));
#11721=CARTESIAN_POINT('Origin',(-59.9635723933845,11.6,60.));
#11722=CARTESIAN_POINT('Origin',(65.0364276066155,24.6,-60.));
#11723=CARTESIAN_POINT('',(65.0364276066155,23.4,-61.5));
#11724=CARTESIAN_POINT('',(65.0364276066155,23.4,-58.5));
#11725=CARTESIAN_POINT('Origin',(65.0364276066155,23.4,-60.));
#11726=CARTESIAN_POINT('',(65.0364276066155,11.6,-61.5));
#11727=CARTESIAN_POINT('',(65.0364276066155,24.6,-61.5));
#11728=CARTESIAN_POINT('',(65.0364276066155,11.6,-58.5));
#11729=CARTESIAN_POINT('Origin',(65.0364276066155,11.6,-60.));
#11730=CARTESIAN_POINT('',(65.0364276066155,24.6,-58.5));
#11731=CARTESIAN_POINT('Origin',(55.0364276066155,24.6,-61.5));
#11732=CARTESIAN_POINT('',(55.0364276066155,23.4,-61.5));
#11733=CARTESIAN_POINT('',(56.9966241487419,23.4,-61.5));
#11734=CARTESIAN_POINT('',(-26.5795951264124,23.4,-61.5));
#11735=CARTESIAN_POINT('',(55.0364276066155,11.6,-61.5));
#11736=CARTESIAN_POINT('',(55.0364276066155,24.6,-61.5));
#11737=CARTESIAN_POINT('',(56.9966241487419,11.6,-61.5));
#11738=CARTESIAN_POINT('',(65.0364276066155,11.6,-61.5));
#11739=CARTESIAN_POINT('',(56.9966241487419,17.1,-61.5));
#11740=CARTESIAN_POINT('Origin',(65.0364276066155,24.6,-58.5));
#11741=CARTESIAN_POINT('',(56.9966241487419,23.4,-58.5));
#11742=CARTESIAN_POINT('',(55.0364276066155,23.4,-58.5));
#11743=CARTESIAN_POINT('',(-21.5795951264124,23.4,-58.5));
#11744=CARTESIAN_POINT('',(56.9966241487419,11.6,-58.5));
#11745=CARTESIAN_POINT('',(56.9966241487419,17.1,-58.5));
#11746=CARTESIAN_POINT('',(55.0364276066155,11.6,-58.5));
#11747=CARTESIAN_POINT('',(55.0364276066155,11.6,-58.5));
#11748=CARTESIAN_POINT('',(55.0364276066155,24.6,-58.5));
#11749=CARTESIAN_POINT('Origin',(65.0364276066155,24.6,-58.5));
#11750=CARTESIAN_POINT('',(63.076231064489,23.4,-58.5));
#11751=CARTESIAN_POINT('',(-21.5795951264124,23.4,-58.5));
#11752=CARTESIAN_POINT('',(63.076231064489,11.6,-58.5));
#11753=CARTESIAN_POINT('',(55.0364276066155,11.6,-58.5));
#11754=CARTESIAN_POINT('',(63.076231064489,17.1,-58.5));
#11755=CARTESIAN_POINT('Origin',(60.0364276066155,11.6,-60.));
#11756=CARTESIAN_POINT('Origin',(60.0364276066155,11.6,-60.));
#11757=CARTESIAN_POINT('Origin',(55.0364276066155,11.6,-60.));
#11758=CARTESIAN_POINT('Origin',(55.0364276066155,24.6,-61.5));
#11759=CARTESIAN_POINT('',(63.076231064489,23.4,-61.5));
#11760=CARTESIAN_POINT('',(-26.5795951264124,23.4,-61.5));
#11761=CARTESIAN_POINT('',(63.076231064489,11.6,-61.5));
#11762=CARTESIAN_POINT('',(63.076231064489,17.1,-61.5));
#11763=CARTESIAN_POINT('',(65.0364276066155,11.6,-61.5));
#11764=CARTESIAN_POINT('Origin',(55.0364276066155,24.6,-60.));
#11765=CARTESIAN_POINT('Origin',(55.0364276066155,23.4,-60.));
#11766=CARTESIAN_POINT('Origin',(60.0364276066155,11.6,-60.));
#11767=CARTESIAN_POINT('Origin',(60.0364276066155,11.6,-60.));
#11768=CARTESIAN_POINT('Origin',(-108.19561785944,23.4,0.));
#11769=CARTESIAN_POINT('',(0.0359999999999867,23.4,-108.23161785944));
#11770=CARTESIAN_POINT('Origin',(0.036,23.4,0.));
#11771=CARTESIAN_POINT('',(32.7057657714524,23.4,-27.3346336328038));
#11772=CARTESIAN_POINT('',(18.7125453128787,23.4,-9.57422454938814));
#11773=CARTESIAN_POINT('Origin',(55.5671587651506,23.4,5.44533631938113));
#11774=CARTESIAN_POINT('',(38.0364276066155,23.4,-50.5));
#11775=CARTESIAN_POINT('Origin',(-14.9635723933845,23.4,-50.5));
#11776=CARTESIAN_POINT('Origin',(-14.9635723933845,23.4,-50.5));
#11777=CARTESIAN_POINT('',(87.5364276066155,23.4,-40.));
#11778=CARTESIAN_POINT('Origin',(80.0364276066155,23.4,-40.));
#11779=CARTESIAN_POINT('',(-72.4635723933845,23.4,18.));
#11780=CARTESIAN_POINT('Origin',(-79.9635723933845,23.4,18.));
#11781=CARTESIAN_POINT('',(17.0364276066155,23.4,60.));
#11782=CARTESIAN_POINT('Origin',(0.0364276066154731,23.4,60.));
#11783=CARTESIAN_POINT('',(-44.4635723933845,23.4,75.));
#11784=CARTESIAN_POINT('Origin',(-51.9635723933845,23.4,75.));
#11785=CARTESIAN_POINT('',(-44.4635723933845,23.4,40.));
#11786=CARTESIAN_POINT('Origin',(-51.9635723933845,23.4,40.));
#11787=CARTESIAN_POINT('',(-3.00337585125808,23.4,31.5));
#11788=CARTESIAN_POINT('',(-4.96357239338453,23.4,31.5));
#11789=CARTESIAN_POINT('',(-51.5795951264124,23.4,31.5));
#11790=CARTESIAN_POINT('',(-4.96357239338453,23.4,28.5));
#11791=CARTESIAN_POINT('Origin',(-4.96357239338453,23.4,30.));
#11792=CARTESIAN_POINT('',(-3.00337585125808,23.4,28.5));
#11793=CARTESIAN_POINT('',(-56.5795951264124,23.4,28.5));
#11794=CARTESIAN_POINT('',(3.07623106448903,23.4,28.5));
#11795=CARTESIAN_POINT('Origin',(0.0364276066154731,23.4,30.));
#11796=CARTESIAN_POINT('',(5.03642760661547,23.4,28.5));
#11797=CARTESIAN_POINT('',(-56.5795951264124,23.4,28.5));
#11798=CARTESIAN_POINT('',(5.03642760661547,23.4,31.5));
#11799=CARTESIAN_POINT('Origin',(5.03642760661547,23.4,30.));
#11800=CARTESIAN_POINT('',(3.07623106448903,23.4,31.5));
#11801=CARTESIAN_POINT('',(-51.5795951264124,23.4,31.5));
#11802=CARTESIAN_POINT('',(0.0364276066154726,23.4,33.38975));
#11803=CARTESIAN_POINT('Origin',(0.0364276066154731,23.4,30.));
#11804=CARTESIAN_POINT('Origin',(0.0364276066154731,23.4,30.));
#11805=CARTESIAN_POINT('',(33.076231064489,23.4,63.5));
#11806=CARTESIAN_POINT('',(35.0364276066155,23.4,63.5));
#11807=CARTESIAN_POINT('',(-41.5795951264124,23.4,63.5));
#11808=CARTESIAN_POINT('',(35.0364276066155,23.4,66.5));
#11809=CARTESIAN_POINT('Origin',(35.0364276066155,23.4,65.));
#11810=CARTESIAN_POINT('',(33.076231064489,23.4,66.5));
#11811=CARTESIAN_POINT('',(-36.5795951264124,23.4,66.5000000000001));
#11812=CARTESIAN_POINT('',(30.0364276066155,23.4,68.38975));
#11813=CARTESIAN_POINT('Origin',(30.0364276066155,23.4,65.));
#11814=CARTESIAN_POINT('',(26.9966241487419,23.4,66.5));
#11815=CARTESIAN_POINT('Origin',(30.0364276066155,23.4,65.));
#11816=CARTESIAN_POINT('',(25.0364276066155,23.4,66.5));
#11817=CARTESIAN_POINT('',(-36.5795951264124,23.4,66.5000000000001));
#11818=CARTESIAN_POINT('',(25.0364276066155,23.4,63.5));
#11819=CARTESIAN_POINT('Origin',(25.0364276066155,23.4,65.));
#11820=CARTESIAN_POINT('',(26.9966241487419,23.4,63.5));
#11821=CARTESIAN_POINT('',(-41.5795951264124,23.4,63.5));
#11822=CARTESIAN_POINT('Origin',(30.0364276066155,23.4,65.));
#11823=CARTESIAN_POINT('',(-24.9635723933845,23.4,66.5));
#11824=CARTESIAN_POINT('',(-26.923768935511,23.4,66.5));
#11825=CARTESIAN_POINT('',(-71.5795951264124,23.4,66.5));
#11826=CARTESIAN_POINT('',(-29.9635723933845,23.4,68.38975));
#11827=CARTESIAN_POINT('Origin',(-29.9635723933845,23.4,65.));
#11828=CARTESIAN_POINT('',(-33.0033758512581,23.4,66.5));
#11829=CARTESIAN_POINT('Origin',(-29.9635723933845,23.4,65.));
#11830=CARTESIAN_POINT('',(-34.9635723933845,23.4,66.5));
#11831=CARTESIAN_POINT('',(-71.5795951264124,23.4,66.5));
#11832=CARTESIAN_POINT('',(-34.9635723933845,23.4,63.5));
#11833=CARTESIAN_POINT('Origin',(-34.9635723933845,23.4000000000001,65.));
#11834=CARTESIAN_POINT('',(-33.0033758512581,23.4,63.5));
#11835=CARTESIAN_POINT('',(-66.5795951264124,23.4,63.5));
#11836=CARTESIAN_POINT('',(-26.923768935511,23.4,63.5));
#11837=CARTESIAN_POINT('Origin',(-29.9635723933845,23.4,65.));
#11838=CARTESIAN_POINT('',(-24.9635723933845,23.4,63.5));
#11839=CARTESIAN_POINT('',(-66.5795951264124,23.4,63.5));
#11840=CARTESIAN_POINT('Origin',(-24.9635723933845,23.4000000000001,65.));
#11841=CARTESIAN_POINT('',(60.0364276066155,23.4,-56.61025));
#11842=CARTESIAN_POINT('Origin',(60.0364276066155,23.4,-60.));
#11843=CARTESIAN_POINT('Origin',(60.0364276066155,23.4,-60.));
#11844=CARTESIAN_POINT('Origin',(60.0364276066155,23.4,-60.));
#11845=CARTESIAN_POINT('',(-59.9635723933845,23.4,63.38975));
#11846=CARTESIAN_POINT('Origin',(-59.9635723933845,23.4,60.));
#11847=CARTESIAN_POINT('Origin',(-59.9635723933845,23.4,60.));
#11848=CARTESIAN_POINT('Origin',(-59.9635723933845,23.4,60.));
#11849=CARTESIAN_POINT('',(60.0364276066155,23.4,63.38975));
#11850=CARTESIAN_POINT('Origin',(60.0364276066155,23.4,60.));
#11851=CARTESIAN_POINT('Origin',(60.0364276066155,23.4,60.));
#11852=CARTESIAN_POINT('Origin',(60.0364276066155,23.4,60.));
#11853=CARTESIAN_POINT('Origin',(-59.9635723933845,8.58165161919738,60.));
#11854=CARTESIAN_POINT('',(-59.9635723933845,9.59999999999999,63.38975));
#11855=CARTESIAN_POINT('Origin',(-59.9635723933845,9.59999999999999,60.));
#11856=CARTESIAN_POINT('',(-59.9635723933845,7.56323271665131,60.));
#11857=CARTESIAN_POINT('',(-59.9635723933845,8.58165161919738,61.6949336839453));
#11858=CARTESIAN_POINT('Origin',(-59.9635723933845,17.1,60.));
#11859=CARTESIAN_POINT('',(-59.9635723933845,17.1,63.38975));
#11860=CARTESIAN_POINT('Origin',(60.0364276066155,8.58165161919738,60.));
#11861=CARTESIAN_POINT('',(60.0364276066155,9.59999999999999,63.38975));
#11862=CARTESIAN_POINT('Origin',(60.0364276066155,9.59999999999999,60.));
#11863=CARTESIAN_POINT('',(60.0364276066155,7.56323271665131,60.));
#11864=CARTESIAN_POINT('',(60.0364276066155,8.58165161919738,61.6949336839453));
#11865=CARTESIAN_POINT('Origin',(60.0364276066155,17.1,60.));
#11866=CARTESIAN_POINT('',(60.0364276066155,17.1,63.38975));
#11867=CARTESIAN_POINT('Origin',(60.0364276066155,8.58165161919738,-60.));
#11868=CARTESIAN_POINT('',(60.0364276066155,9.59999999999999,-56.61025));
#11869=CARTESIAN_POINT('Origin',(60.0364276066155,9.59999999999999,-60.));
#11870=CARTESIAN_POINT('',(60.0364276066155,7.56323271665131,-60.));
#11871=CARTESIAN_POINT('',(60.0364276066155,8.58165161919738,-58.3050663160547));
#11872=CARTESIAN_POINT('Origin',(60.0364276066155,17.1,-60.));
#11873=CARTESIAN_POINT('',(60.0364276066155,17.1,-56.61025));
#11874=CARTESIAN_POINT('Origin',(-24.9635723933845,24.5999999999999,63.5));
#11875=CARTESIAN_POINT('',(-33.0033758512581,11.3999999999999,63.5));
#11876=CARTESIAN_POINT('',(-33.0033758512581,17.1,63.5));
#11877=CARTESIAN_POINT('',(-34.9635723933845,11.3999999999999,63.5));
#11878=CARTESIAN_POINT('',(-34.9635723933845,24.5999999999999,63.5));
#11879=CARTESIAN_POINT('',(-34.9635723933845,11.3999999999999,63.5));
#11880=CARTESIAN_POINT('Origin',(-24.9635723933845,24.5999999999999,63.5));
#11881=CARTESIAN_POINT('',(-26.923768935511,11.3999999999999,63.5));
#11882=CARTESIAN_POINT('',(-26.923768935511,17.1,63.5));
#11883=CARTESIAN_POINT('',(-24.9635723933845,11.3999999999999,63.5));
#11884=CARTESIAN_POINT('',(-34.9635723933845,11.3999999999999,63.5));
#11885=CARTESIAN_POINT('',(-24.9635723933845,24.5999999999999,63.5));
#11886=CARTESIAN_POINT('Origin',(-29.9635723933845,11.3999999999999,65.));
#11887=CARTESIAN_POINT('',(-33.0033758512581,11.3999999999999,66.5));
#11888=CARTESIAN_POINT('Origin',(-29.9635723933845,11.3999999999999,65.));
#11889=CARTESIAN_POINT('',(-34.9635723933845,11.3999999999999,66.5));
#11890=CARTESIAN_POINT('Origin',(-34.9635723933845,11.3999999999999,65.));
#11891=CARTESIAN_POINT('',(-24.9635723933845,11.3999999999999,66.5));
#11892=CARTESIAN_POINT('Origin',(-29.9635723933845,11.3999999999999,65.));
#11893=CARTESIAN_POINT('',(-26.923768935511,11.3999999999999,66.5));
#11894=CARTESIAN_POINT('Origin',(-29.9635723933845,11.3999999999999,65.));
#11895=CARTESIAN_POINT('',(-24.9635723933845,11.3999999999999,66.5));
#11896=CARTESIAN_POINT('',(-24.9635723933845,11.3999999999999,66.5));
#11897=CARTESIAN_POINT('Origin',(-24.9635723933845,11.3999999999999,65.));
#11898=CARTESIAN_POINT('Origin',(-34.9635723933845,24.5999999999999,66.5));
#11899=CARTESIAN_POINT('',(-33.0033758512581,17.1,66.5));
#11900=CARTESIAN_POINT('',(-34.9635723933845,24.5999999999999,66.5));
#11901=CARTESIAN_POINT('Origin',(-24.9635723933845,24.5999999999999,65.));
#11902=CARTESIAN_POINT('',(-24.9635723933845,24.5999999999999,66.5));
#11903=CARTESIAN_POINT('Origin',(-34.9635723933845,24.5999999999999,66.5));
#11904=CARTESIAN_POINT('',(-26.923768935511,17.1,66.5));
#11905=CARTESIAN_POINT('Origin',(-34.9635723933845,24.5999999999999,65.));
#11906=CARTESIAN_POINT('Origin',(-29.9635723933845,17.1,65.));
#11907=CARTESIAN_POINT('',(-29.9635723933845,9.59999999999999,68.38975));
#11908=CARTESIAN_POINT('',(-29.9635723933845,17.1,68.38975));
#11909=CARTESIAN_POINT('Origin',(-29.9635723933845,9.59999999999999,65.));
#11910=CARTESIAN_POINT('Origin',(-4.96357239338453,24.6,30.));
#11911=CARTESIAN_POINT('',(-4.96357239338453,12.6,31.5));
#11912=CARTESIAN_POINT('',(-4.96357239338453,24.6,31.5));
#11913=CARTESIAN_POINT('',(-4.96357239338453,12.6,28.5));
#11914=CARTESIAN_POINT('Origin',(-4.96357239338453,12.6,30.));
#11915=CARTESIAN_POINT('',(-4.96357239338453,24.6,28.5));
#11916=CARTESIAN_POINT('Origin',(-4.96357239338453,24.6,28.5));
#11917=CARTESIAN_POINT('',(3.07623106448903,12.6,28.5));
#11918=CARTESIAN_POINT('',(3.07623106448903,17.1,28.5));
#11919=CARTESIAN_POINT('',(5.03642760661547,12.6,28.5));
#11920=CARTESIAN_POINT('',(5.03642760661547,12.6,28.5));
#11921=CARTESIAN_POINT('',(5.03642760661547,24.6,28.5));
#11922=CARTESIAN_POINT('Origin',(0.0364276066154731,12.6,30.));
#11923=CARTESIAN_POINT('',(3.07623106448903,12.6,31.5));
#11924=CARTESIAN_POINT('Origin',(0.0364276066154731,12.6,30.));
#11925=CARTESIAN_POINT('',(5.03642760661547,12.6,31.5));
#11926=CARTESIAN_POINT('',(-4.96357239338453,12.6,31.5));
#11927=CARTESIAN_POINT('Origin',(5.03642760661547,12.6,30.));
#11928=CARTESIAN_POINT('Origin',(5.03642760661547,24.6,31.5));
#11929=CARTESIAN_POINT('',(3.07623106448903,17.1,31.5));
#11930=CARTESIAN_POINT('',(5.03642760661547,24.6,31.5));
#11931=CARTESIAN_POINT('Origin',(5.03642760661547,24.6,31.5));
#11932=CARTESIAN_POINT('',(-3.00337585125808,12.6,31.5));
#11933=CARTESIAN_POINT('',(-3.00337585125808,17.1,31.5));
#11934=CARTESIAN_POINT('',(-4.96357239338453,12.6,31.5));
#11935=CARTESIAN_POINT('Origin',(5.03642760661547,24.6,30.));
#11936=CARTESIAN_POINT('Origin',(-4.96357239338453,24.6,28.5));
#11937=CARTESIAN_POINT('',(-3.00337585125808,12.6,28.5));
#11938=CARTESIAN_POINT('',(-3.00337585125808,17.1,28.5));
#11939=CARTESIAN_POINT('',(5.03642760661547,12.6,28.5));
#11940=CARTESIAN_POINT('Origin',(0.0364276066154731,12.6,30.));
#11941=CARTESIAN_POINT('Origin',(0.0364276066154731,12.6,30.));
#11942=CARTESIAN_POINT('Origin',(35.0364276066155,24.6,65.));
#11943=CARTESIAN_POINT('',(35.0364276066155,11.4,63.5));
#11944=CARTESIAN_POINT('',(35.0364276066155,24.6,63.5));
#11945=CARTESIAN_POINT('',(35.0364276066155,11.4,66.5));
#11946=CARTESIAN_POINT('Origin',(35.0364276066155,11.4,65.));
#11947=CARTESIAN_POINT('',(35.0364276066155,24.6,66.5));
#11948=CARTESIAN_POINT('Origin',(25.0364276066155,24.6,63.5));
#11949=CARTESIAN_POINT('',(25.0364276066155,11.4,63.5));
#11950=CARTESIAN_POINT('',(25.0364276066155,24.6,63.5));
#11951=CARTESIAN_POINT('',(26.9966241487419,11.4,63.5));
#11952=CARTESIAN_POINT('',(35.0364276066155,11.4,63.5));
#11953=CARTESIAN_POINT('',(26.9966241487419,17.1,63.5));
#11954=CARTESIAN_POINT('Origin',(35.0364276066155,24.6,66.5));
#11955=CARTESIAN_POINT('',(26.9966241487419,11.4,66.5));
#11956=CARTESIAN_POINT('',(26.9966241487419,17.1,66.5));
#11957=CARTESIAN_POINT('',(25.0364276066155,11.4,66.5));
#11958=CARTESIAN_POINT('',(25.0364276066155,11.4,66.5));
#11959=CARTESIAN_POINT('',(25.0364276066155,24.6,66.5));
#11960=CARTESIAN_POINT('Origin',(35.0364276066155,24.6,66.5));
#11961=CARTESIAN_POINT('',(33.076231064489,11.4,66.5));
#11962=CARTESIAN_POINT('',(25.0364276066155,11.4,66.5));
#11963=CARTESIAN_POINT('',(33.076231064489,17.1,66.5));
#11964=CARTESIAN_POINT('Origin',(30.0364276066155,11.4,65.));
#11965=CARTESIAN_POINT('Origin',(30.0364276066155,11.4,65.));
#11966=CARTESIAN_POINT('Origin',(25.0364276066155,11.4,65.));
#11967=CARTESIAN_POINT('Origin',(25.0364276066155,24.6,63.5));
#11968=CARTESIAN_POINT('',(33.076231064489,11.4,63.5));
#11969=CARTESIAN_POINT('',(33.076231064489,17.1,63.5));
#11970=CARTESIAN_POINT('',(35.0364276066155,11.4,63.5));
#11971=CARTESIAN_POINT('Origin',(25.0364276066155,24.6,65.));
#11972=CARTESIAN_POINT('Origin',(30.0364276066155,11.4,65.));
#11973=CARTESIAN_POINT('Origin',(30.0364276066155,11.4,65.));
#11974=CARTESIAN_POINT('Origin',(0.0364276066154731,8.58165161919738,30.));
#11975=CARTESIAN_POINT('',(0.0364276066154726,9.59999999999999,33.38975));
#11976=CARTESIAN_POINT('Origin',(0.0364276066154731,9.59999999999999,30.));
#11977=CARTESIAN_POINT('',(0.0364276066154731,7.56323271665131,30.));
#11978=CARTESIAN_POINT('',(0.0364276066154729,8.58165161919738,31.6949336839454));
#11979=CARTESIAN_POINT('Origin',(0.0364276066154731,17.1,30.));
#11980=CARTESIAN_POINT('',(0.0364276066154726,17.1,33.38975));
#11981=CARTESIAN_POINT('Origin',(30.0364276066155,8.58165161919738,65.));
#11982=CARTESIAN_POINT('',(30.0364276066155,9.59999999999999,68.38975));
#11983=CARTESIAN_POINT('Origin',(30.0364276066155,9.59999999999999,65.));
#11984=CARTESIAN_POINT('',(30.0364276066155,7.56323271665132,65.));
#11985=CARTESIAN_POINT('',(30.0364276066155,8.58165161919738,66.6949336839454));
#11986=CARTESIAN_POINT('Origin',(30.0364276066155,17.1,65.));
#11987=CARTESIAN_POINT('',(30.0364276066155,17.1,68.38975));
#11988=CARTESIAN_POINT('Origin',(-29.9635723933845,8.58165161919738,65.));
#11989=CARTESIAN_POINT('',(-29.9635723933845,7.56323271665131,65.));
#11990=CARTESIAN_POINT('',(-29.9635723933845,8.58165161919738,66.6949336839454));
#11991=CARTESIAN_POINT('Origin',(64.6119831456027,2.94936490538899,13.0348451210817));
#11992=CARTESIAN_POINT('',(27.186221430194,17.5702004004217,-18.3690977308476));
#11993=CARTESIAN_POINT('Ctrl Pts',(18.7125453128787,23.4,-9.57422454938815));
#11994=CARTESIAN_POINT('Ctrl Pts',(18.7636828166383,23.3306451396286,-9.61630347341222));
#11995=CARTESIAN_POINT('Ctrl Pts',(18.8149289366871,23.2616714465564,-9.65863250651814));
#11996=CARTESIAN_POINT('Ctrl Pts',(19.9370159423123,21.7631567266478,-10.5890534687056));
#11997=CARTESIAN_POINT('Ctrl Pts',(21.1831735653478,20.3406468082517,-11.6955803889915));
#11998=CARTESIAN_POINT('Ctrl Pts',(23.1319613545801,18.7774720858595,-13.6411760693843));
#11999=CARTESIAN_POINT('Ctrl Pts',(23.795443761773,18.3500137024393,-14.3377957877152));
#12000=CARTESIAN_POINT('Ctrl Pts',(25.1097772604174,17.7492035940444,-15.7999568519139));
#12001=CARTESIAN_POINT('Ctrl Pts',(25.7606384565701,17.5765263148284,-16.5657661581289));
#12002=CARTESIAN_POINT('Ctrl Pts',(26.6541466004983,17.5252825728542,-17.6800117254223));
#12003=CARTESIAN_POINT('Ctrl Pts',(26.9221162902735,17.5348977134627,-18.0226406938759));
#12004=CARTESIAN_POINT('Ctrl Pts',(27.1862214301945,17.5702004004217,-18.3690977308483));
#12005=CARTESIAN_POINT('Ctrl Pts',(27.1862214301945,17.5702004004217,-18.3690977308483));
#12006=CARTESIAN_POINT('Ctrl Pts',(27.5249338620917,17.6154757742973,-18.813425719224));
#12007=CARTESIAN_POINT('Ctrl Pts',(27.8572675257529,17.7031013349926,-19.2640570030758));
#12008=CARTESIAN_POINT('Ctrl Pts',(28.7539810222042,18.0595944372258,-20.5207976386132));
#12009=CARTESIAN_POINT('Ctrl Pts',(29.297021990211,18.4177687132255,-21.3302741005575));
#12010=CARTESIAN_POINT('Ctrl Pts',(30.7980812028235,19.7906598221149,-23.6976979597234));
#12011=CARTESIAN_POINT('Ctrl Pts',(31.6293036212007,21.110865143153,-25.1984826612807));
#12012=CARTESIAN_POINT('Ctrl Pts',(32.4271529337376,22.7650846330589,-26.7676552714553));
#12013=CARTESIAN_POINT('Ctrl Pts',(32.5688300531182,23.078517086411,-27.0528493967746));
#12014=CARTESIAN_POINT('Ctrl Pts',(32.7057657714524,23.4,-27.3346336328038));
#12015=CARTESIAN_POINT('',(34.9570987753689,-7.7715611723761E-15,-11.8485574165863));
#12016=CARTESIAN_POINT('',(41.3924949596898,-14.550635094611,-6.44861885184299));
#12017=CARTESIAN_POINT('Origin',(65.916416356586,-7.7715611723761E-15,14.1293945473133));
#12018=CARTESIAN_POINT('Origin',(-51.9635723933845,-8.88178419700125E-15,
40.));
#12019=CARTESIAN_POINT('',(-42.4635723933845,-25.7,40.));
#12020=CARTESIAN_POINT('Origin',(-51.9635723933845,-25.7,40.));
#12021=CARTESIAN_POINT('',(-42.4635723933845,-8.88178419700125E-15,40.));
#12022=CARTESIAN_POINT('',(-42.4635723933845,-8.88178419700125E-15,40.));
#12023=CARTESIAN_POINT('Origin',(-51.9635723933845,-7.75201423860274E-15,
40.));
#12024=CARTESIAN_POINT('Origin',(0.0364276066154723,-25.7,17.5));
#12025=CARTESIAN_POINT('',(-44.4635723933845,-25.7,40.));
#12026=CARTESIAN_POINT('Origin',(-51.9635723933845,-25.7,40.));
#12027=CARTESIAN_POINT('Origin',(-79.9635723933845,-8.88178419700125E-15,
18.));
#12028=CARTESIAN_POINT('',(-70.4635723933845,-25.7,18.));
#12029=CARTESIAN_POINT('Origin',(-79.9635723933845,-25.7,18.));
#12030=CARTESIAN_POINT('',(-70.4635723933845,-8.88178419700125E-15,18.));
#12031=CARTESIAN_POINT('',(-70.4635723933845,-8.88178419700125E-15,18.));
#12032=CARTESIAN_POINT('Origin',(-79.9635723933845,-7.75201423860274E-15,
18.));
#12033=CARTESIAN_POINT('Origin',(0.0364276066154723,-25.7,17.5));
#12034=CARTESIAN_POINT('',(-72.4635723933845,-25.7,18.));
#12035=CARTESIAN_POINT('Origin',(-79.9635723933845,-25.7,18.));
#12036=CARTESIAN_POINT('Origin',(80.0364276066155,-8.88178419700125E-15,
-40.));
#12037=CARTESIAN_POINT('',(89.5364276066155,-25.7,-40.));
#12038=CARTESIAN_POINT('Origin',(80.0364276066155,-25.7,-40.));
#12039=CARTESIAN_POINT('',(89.5364276066155,-8.88178419700125E-15,-40.));
#12040=CARTESIAN_POINT('',(89.5364276066155,-8.88178419700125E-15,-40.));
#12041=CARTESIAN_POINT('Origin',(80.0364276066155,-7.75201423860274E-15,
-40.));
#12042=CARTESIAN_POINT('Origin',(0.0364276066154723,-25.7,17.5));
#12043=CARTESIAN_POINT('',(87.5364276066155,-25.7,-40.));
#12044=CARTESIAN_POINT('Origin',(80.0364276066155,-25.7,-40.));
#12045=CARTESIAN_POINT('Origin',(-51.9635723933845,-8.88178419700125E-15,
75.));
#12046=CARTESIAN_POINT('',(-42.4635723933845,-25.7,75.));
#12047=CARTESIAN_POINT('Origin',(-51.9635723933845,-25.7,75.));
#12048=CARTESIAN_POINT('',(-42.4635723933845,-8.88178419700125E-15,75.));
#12049=CARTESIAN_POINT('',(-42.4635723933845,-8.88178419700125E-15,75.));
#12050=CARTESIAN_POINT('Origin',(-51.9635723933845,-7.75201423860274E-15,
75.));
#12051=CARTESIAN_POINT('Origin',(0.0364276066154723,-25.7,17.5));
#12052=CARTESIAN_POINT('',(-44.4635723933845,-25.7,75.));
#12053=CARTESIAN_POINT('Origin',(-51.9635723933845,-25.7,75.));
#12054=CARTESIAN_POINT('Origin',(0.0364276066154731,-8.88178419700125E-15,
60.));
#12055=CARTESIAN_POINT('',(19.0364276066155,-25.1,60.));
#12056=CARTESIAN_POINT('Origin',(0.0364276066154731,-25.1,60.));
#12057=CARTESIAN_POINT('',(19.0364276066155,-8.88178419700125E-15,60.));
#12058=CARTESIAN_POINT('',(19.0364276066155,-8.88178419700125E-15,60.));
#12059=CARTESIAN_POINT('Origin',(0.0364276066154731,-7.75201423860274E-15,
60.));
#12060=CARTESIAN_POINT('Origin',(0.0364276066154723,-25.1,60.));
#12061=CARTESIAN_POINT('',(17.0364276066155,-25.1,60.));
#12062=CARTESIAN_POINT('Origin',(0.0364276066154731,-25.1,60.));
#12063=CARTESIAN_POINT('Origin',(-14.9635723933845,24.6,-50.5));
#12064=CARTESIAN_POINT('',(38.0364276066155,-8.88178419700125E-15,-50.5));
#12065=CARTESIAN_POINT('',(38.0364276066155,24.6,-50.5));
#12066=CARTESIAN_POINT('Origin',(-14.9635723933845,-7.75201423860274E-15,
-50.5));
#12067=CARTESIAN_POINT('Origin',(80.0364276066155,24.6,-40.));
#12068=CARTESIAN_POINT('',(87.5364276066155,24.6,-40.));
#12069=CARTESIAN_POINT('Origin',(-79.9635723933845,24.6,18.));
#12070=CARTESIAN_POINT('',(-72.4635723933845,24.6,18.));
#12071=CARTESIAN_POINT('Origin',(0.0364276066154731,24.6,60.));
#12072=CARTESIAN_POINT('',(17.0364276066155,24.6,60.));
#12073=CARTESIAN_POINT('Origin',(-51.9635723933845,24.6,75.));
#12074=CARTESIAN_POINT('',(-44.4635723933845,24.6,75.));
#12075=CARTESIAN_POINT('Origin',(-51.9635723933845,24.6,40.));
#12076=CARTESIAN_POINT('',(-44.4635723933845,24.6,40.));
#12077=CARTESIAN_POINT('Origin',(0.036,-6.93889390390723E-15,0.));
#12078=CARTESIAN_POINT('',(0.0360000000000155,0.399999999999977,126.6));
#12079=CARTESIAN_POINT('',(0.0359999999999845,0.399999999999984,-126.6));
#12080=CARTESIAN_POINT('Origin',(0.036,0.399999999999977,0.));
#12081=CARTESIAN_POINT('Origin',(0.036,0.399999999999977,0.));
#12082=CARTESIAN_POINT('',(0.0359999999999845,-7.34545407125496E-15,-126.2));
#12083=CARTESIAN_POINT('',(0.0359999999999845,-6.93889390390723E-15,-126.2));
#12084=CARTESIAN_POINT('Origin',(0.036,-7.75201423860274E-15,0.));
#12085=CARTESIAN_POINT('Origin',(0.036,24.2,0.));
#12086=CARTESIAN_POINT('',(0.0359999999999845,24.2,126.6));
#12087=CARTESIAN_POINT('Origin',(0.036,24.2,0.));
#12088=CARTESIAN_POINT('',(0.0359999999999845,24.6,126.2));
#12089=CARTESIAN_POINT('',(0.0359999999999845,24.2,126.6));
#12090=CARTESIAN_POINT('Origin',(0.036,24.6,0.));
#12091=CARTESIAN_POINT('Origin',(-29.9611273273814,24.6,-111.950803266903));
#12092=CARTESIAN_POINT('',(-29.9611273273814,24.3000000000001,-107.750803266903));
#12093=CARTESIAN_POINT('',(-29.9611273273814,24.3000000000001,-116.150803266903));
#12094=CARTESIAN_POINT('Origin',(-29.9611273273814,24.3000000000001,-111.950803266903));
#12095=CARTESIAN_POINT('Origin',(-29.9611273273814,24.3000000000001,-111.950803266903));
#12096=CARTESIAN_POINT('',(-29.9611273273814,24.6,-116.450803266903));
#12097=CARTESIAN_POINT('',(-29.9611273273814,24.6,-116.450803266903));
#12098=CARTESIAN_POINT('Origin',(-29.9611273273814,24.6,-111.950803266903));
#12099=CARTESIAN_POINT('Origin',(-29.9611273273814,0.300000000000068,-111.950803266903));
#12100=CARTESIAN_POINT('',(-29.9611273273814,0.300000000000068,-107.750803266903));
#12101=CARTESIAN_POINT('Origin',(-29.9611273273814,0.300000000000068,-111.950803266903));
#12102=CARTESIAN_POINT('',(-29.9611273273814,-8.36136715420821E-15,-107.450803266903));
#12103=CARTESIAN_POINT('',(-29.9611273273814,0.300000000000068,-107.750803266903));
#12104=CARTESIAN_POINT('Origin',(-29.9611273273814,-7.75201423860274E-15,
-111.950803266903));
#12105=CARTESIAN_POINT('Origin',(0.0360000000008093,24.6,-115.9));
#12106=CARTESIAN_POINT('',(0.0360000000008098,24.3000000000001,-111.7));
#12107=CARTESIAN_POINT('',(0.0360000000008088,24.3000000000001,-120.1));
#12108=CARTESIAN_POINT('Origin',(0.0360000000008093,24.3000000000001,-115.9));
#12109=CARTESIAN_POINT('Origin',(0.0360000000008093,24.3000000000001,-115.9));
#12110=CARTESIAN_POINT('',(0.0360000000008088,24.6,-120.4));
#12111=CARTESIAN_POINT('',(0.0360000000008088,24.6,-120.4));
#12112=CARTESIAN_POINT('Origin',(0.0360000000008093,24.6,-115.9));
#12113=CARTESIAN_POINT('Origin',(0.0360000000008093,0.300000000000179,-115.9));
#12114=CARTESIAN_POINT('',(0.0360000000008088,0.300000000000179,-111.7));
#12115=CARTESIAN_POINT('Origin',(0.0360000000008093,0.300000000000179,-115.9));
#12116=CARTESIAN_POINT('',(0.0360000000008088,-8.6389229103645E-15,-111.4));
#12117=CARTESIAN_POINT('',(0.0360000000008088,0.300000000000179,-111.7));
#12118=CARTESIAN_POINT('Origin',(0.0360000000008093,-7.75201423860274E-15,
-115.9));
#12119=CARTESIAN_POINT('Origin',(57.9860000000008,24.6,-100.372344298616));
#12120=CARTESIAN_POINT('',(57.9860000000008,24.3000000000002,-96.172344298616));
#12121=CARTESIAN_POINT('',(57.9860000000008,24.3000000000002,-104.572344298616));
#12122=CARTESIAN_POINT('Origin',(57.9860000000008,24.3000000000002,-100.372344298616));
#12123=CARTESIAN_POINT('Origin',(57.9860000000008,24.3000000000002,-100.372344298616));
#12124=CARTESIAN_POINT('',(57.9860000000008,24.6,-104.872344298616));
#12125=CARTESIAN_POINT('',(57.9860000000008,24.6,-104.872344298616));
#12126=CARTESIAN_POINT('Origin',(57.9860000000008,24.6,-100.372344298616));
#12127=CARTESIAN_POINT('Origin',(57.9860000000008,0.300000000000123,-100.372344298616));
#12128=CARTESIAN_POINT('',(57.9860000000008,0.300000000000123,-96.172344298616));
#12129=CARTESIAN_POINT('Origin',(57.9860000000008,0.300000000000123,-100.372344298616));
#12130=CARTESIAN_POINT('',(57.9860000000008,-1.14144804719274E-14,-95.8723442986158));
#12131=CARTESIAN_POINT('',(57.9860000000008,0.300000000000123,-96.172344298616));
#12132=CARTESIAN_POINT('Origin',(57.9860000000008,-7.75201423860274E-15,
-100.372344298616));
#12133=CARTESIAN_POINT('Origin',(30.033127327383,24.6,-111.950803266903));
#12134=CARTESIAN_POINT('',(30.033127327383,24.3000000000002,-107.750803266903));
#12135=CARTESIAN_POINT('',(30.033127327383,24.3000000000002,-116.150803266903));
#12136=CARTESIAN_POINT('Origin',(30.033127327383,24.3000000000002,-111.950803266903));
#12137=CARTESIAN_POINT('Origin',(30.033127327383,24.3000000000002,-111.950803266903));
#12138=CARTESIAN_POINT('',(30.033127327383,24.6,-116.450803266903));
#12139=CARTESIAN_POINT('',(30.033127327383,24.6,-116.450803266903));
#12140=CARTESIAN_POINT('Origin',(30.033127327383,24.6,-111.950803266903));
#12141=CARTESIAN_POINT('Origin',(30.033127327383,0.300000000000123,-111.950803266903));
#12142=CARTESIAN_POINT('',(30.033127327383,0.300000000000123,-107.750803266903));
#12143=CARTESIAN_POINT('Origin',(30.033127327383,0.300000000000123,-111.950803266903));
#12144=CARTESIAN_POINT('',(30.033127327383,-1.44675937896466E-14,-107.450803266903));
#12145=CARTESIAN_POINT('',(30.033127327383,0.300000000000123,-107.750803266903));
#12146=CARTESIAN_POINT('Origin',(30.033127327383,-7.75201423860274E-15,
-111.950803266903));
#12147=CARTESIAN_POINT('Origin',(81.9896759395216,24.6,-81.9536759395202));
#12148=CARTESIAN_POINT('',(81.9896759395216,24.3000000000001,-77.7536759395201));
#12149=CARTESIAN_POINT('',(81.9896759395216,24.3000000000001,-86.1536759395202));
#12150=CARTESIAN_POINT('Origin',(81.9896759395216,24.3000000000001,-81.9536759395202));
#12151=CARTESIAN_POINT('Origin',(81.9896759395216,24.3000000000001,-81.9536759395202));
#12152=CARTESIAN_POINT('',(81.9896759395216,24.6,-86.45367593952));
#12153=CARTESIAN_POINT('',(81.9896759395216,24.6,-86.45367593952));
#12154=CARTESIAN_POINT('Origin',(81.9896759395216,24.6,-81.9536759395202));
#12155=CARTESIAN_POINT('Origin',(81.9896759395216,0.300000000000123,-81.9536759395202));
#12156=CARTESIAN_POINT('',(81.9896759395216,0.300000000000123,-77.7536759395201));
#12157=CARTESIAN_POINT('Origin',(81.9896759395216,0.300000000000123,-81.9536759395202));
#12158=CARTESIAN_POINT('',(81.9896759395216,-7.11236625150491E-15,-77.4536759395201));
#12159=CARTESIAN_POINT('',(81.9896759395216,0.300000000000123,-77.7536759395201));
#12160=CARTESIAN_POINT('Origin',(81.9896759395216,-7.75201423860274E-15,
-81.9536759395202));
#12161=CARTESIAN_POINT('Origin',(100.408344298617,24.6,-57.9499999999991));
#12162=CARTESIAN_POINT('',(100.408344298617,24.3000000000002,-53.7499999999991));
#12163=CARTESIAN_POINT('',(100.408344298617,24.3000000000002,-62.1499999999991));
#12164=CARTESIAN_POINT('Origin',(100.408344298617,24.3000000000002,-57.9499999999991));
#12165=CARTESIAN_POINT('Origin',(100.408344298617,24.3000000000002,-57.9499999999991));
#12166=CARTESIAN_POINT('',(100.408344298617,24.6,-62.4499999999988));
#12167=CARTESIAN_POINT('',(100.408344298617,24.6,-62.4499999999988));
#12168=CARTESIAN_POINT('Origin',(100.408344298617,24.6,-57.9499999999991));
#12169=CARTESIAN_POINT('Origin',(100.408344298617,0.300000000000068,-57.9499999999991));
#12170=CARTESIAN_POINT('',(100.408344298617,0.300000000000068,-53.7499999999991));
#12171=CARTESIAN_POINT('Origin',(100.408344298617,0.300000000000068,-57.9499999999991));
#12172=CARTESIAN_POINT('',(100.408344298617,-8.22258927613007E-15,-53.449999999999));
#12173=CARTESIAN_POINT('',(100.408344298617,0.300000000000068,-53.7499999999991));
#12174=CARTESIAN_POINT('Origin',(100.408344298617,-7.75201423860274E-15,
-57.9499999999991));
#12175=CARTESIAN_POINT('Origin',(111.986803266903,24.6,-29.9971273273811));
#12176=CARTESIAN_POINT('',(111.986803266903,24.3000000000002,-25.7971273273811));
#12177=CARTESIAN_POINT('',(111.986803266903,24.3000000000002,-34.197127327381));
#12178=CARTESIAN_POINT('Origin',(111.986803266903,24.3000000000002,-29.9971273273811));
#12179=CARTESIAN_POINT('Origin',(111.986803266903,24.3000000000002,-29.9971273273811));
#12180=CARTESIAN_POINT('',(111.986803266903,24.6,-34.4971273273809));
#12181=CARTESIAN_POINT('',(111.986803266903,24.6,-34.4971273273809));
#12182=CARTESIAN_POINT('Origin',(111.986803266903,24.6,-29.9971273273811));
#12183=CARTESIAN_POINT('Origin',(111.986803266903,0.300000000000068,-29.9971273273811));
#12184=CARTESIAN_POINT('',(111.986803266903,0.300000000000068,-25.7971273273811));
#12185=CARTESIAN_POINT('Origin',(111.986803266903,0.300000000000068,-29.9971273273811));
#12186=CARTESIAN_POINT('',(111.986803266903,-9.12464548363801E-15,-25.497127327381));
#12187=CARTESIAN_POINT('',(111.986803266903,0.300000000000068,-25.7971273273811));
#12188=CARTESIAN_POINT('Origin',(111.986803266903,-7.75201423860274E-15,
-29.9971273273811));
#12189=CARTESIAN_POINT('Origin',(115.936,24.6,1.21398876465773E-12));
#12190=CARTESIAN_POINT('',(115.936,24.3000000000001,4.20000000000121));
#12191=CARTESIAN_POINT('',(115.936,24.3000000000001,-4.19999999999878));
#12192=CARTESIAN_POINT('Origin',(115.936,24.3000000000001,1.21398876465773E-12));
#12193=CARTESIAN_POINT('Origin',(115.936,24.3000000000001,1.21398876465773E-12));
#12194=CARTESIAN_POINT('',(115.936,24.6,-4.49999999999871));
#12195=CARTESIAN_POINT('',(115.936,24.6,-4.49999999999871));
#12196=CARTESIAN_POINT('Origin',(115.936,24.6,1.21398876465773E-12));
#12197=CARTESIAN_POINT('Origin',(115.936,0.300000000000179,1.21398876465773E-12));
#12198=CARTESIAN_POINT('',(115.936,0.300000000000179,4.20000000000121));
#12199=CARTESIAN_POINT('Origin',(115.936,0.300000000000179,1.21398876465773E-12));
#12200=CARTESIAN_POINT('',(115.936,-7.28583859910259E-15,4.50000000000139));
#12201=CARTESIAN_POINT('',(115.936,0.300000000000179,4.20000000000121));
#12202=CARTESIAN_POINT('Origin',(115.936,-7.75201423860274E-15,1.21398876465773E-12));
#12203=CARTESIAN_POINT('Origin',(111.986803266903,24.6,29.9971273273834));
#12204=CARTESIAN_POINT('',(111.986803266903,24.3000000000001,34.1971273273834));
#12205=CARTESIAN_POINT('',(111.986803266903,24.3000000000001,25.7971273273834));
#12206=CARTESIAN_POINT('Origin',(111.986803266903,24.3000000000001,29.9971273273834));
#12207=CARTESIAN_POINT('Origin',(111.986803266903,24.3000000000001,29.9971273273834));
#12208=CARTESIAN_POINT('',(111.986803266903,24.6,25.4971273273835));
#12209=CARTESIAN_POINT('',(111.986803266903,24.6,25.4971273273835));
#12210=CARTESIAN_POINT('Origin',(111.986803266903,24.6,29.9971273273834));
#12211=CARTESIAN_POINT('Origin',(111.986803266903,0.300000000000234,29.9971273273834));
#12212=CARTESIAN_POINT('',(111.986803266903,0.300000000000236,34.1971273273834));
#12213=CARTESIAN_POINT('Origin',(111.986803266903,0.300000000000234,29.9971273273834));
#12214=CARTESIAN_POINT('',(111.986803266903,-7.35522753814166E-15,34.4971273273836));
#12215=CARTESIAN_POINT('',(111.986803266903,0.300000000000234,34.1971273273834));
#12216=CARTESIAN_POINT('Origin',(111.986803266903,-7.75201423860274E-15,
29.9971273273834));
#12217=CARTESIAN_POINT('Origin',(0.036,24.6,115.9));
#12218=CARTESIAN_POINT('',(0.0360000000000005,24.3000000000001,120.1));
#12219=CARTESIAN_POINT('',(0.0359999999999995,24.3000000000001,111.7));
#12220=CARTESIAN_POINT('Origin',(0.036,24.3000000000001,115.9));
#12221=CARTESIAN_POINT('Origin',(0.036,24.3000000000001,115.9));
#12222=CARTESIAN_POINT('',(0.0359999999999994,24.6,111.4));
#12223=CARTESIAN_POINT('',(0.0359999999999994,24.6,111.4));
#12224=CARTESIAN_POINT('Origin',(0.036,24.6,115.9));
#12225=CARTESIAN_POINT('Origin',(0.036,0.300000000000179,115.9));
#12226=CARTESIAN_POINT('',(0.0359999999999995,0.300000000000179,120.1));
#12227=CARTESIAN_POINT('Origin',(0.036,0.300000000000179,115.9));
#12228=CARTESIAN_POINT('',(0.0359999999999994,-8.6389229103645E-15,120.4));
#12229=CARTESIAN_POINT('',(0.0359999999999995,0.300000000000179,120.1));
#12230=CARTESIAN_POINT('Origin',(0.036,-7.75201423860274E-15,115.9));
#12231=CARTESIAN_POINT('Origin',(-29.9611273273822,24.6,111.950803266903));
#12232=CARTESIAN_POINT('',(-29.9611273273822,24.3,116.150803266903));
#12233=CARTESIAN_POINT('',(-29.9611273273822,24.3,107.750803266903));
#12234=CARTESIAN_POINT('Origin',(-29.9611273273822,24.3,111.950803266903));
#12235=CARTESIAN_POINT('Origin',(-29.9611273273822,24.3,111.950803266903));
#12236=CARTESIAN_POINT('',(-29.9611273273822,24.6,107.450803266903));
#12237=CARTESIAN_POINT('',(-29.9611273273822,24.6,107.450803266903));
#12238=CARTESIAN_POINT('Origin',(-29.9611273273822,24.6,111.950803266903));
#12239=CARTESIAN_POINT('Origin',(-29.9611273273822,0.300000000000179,111.950803266903));
#12240=CARTESIAN_POINT('',(-29.9611273273822,0.300000000000179,116.150803266903));
#12241=CARTESIAN_POINT('Origin',(-29.9611273273822,0.300000000000179,111.950803266903));
#12242=CARTESIAN_POINT('',(-29.9611273273822,-1.14144804719274E-14,116.450803266903));
#12243=CARTESIAN_POINT('',(-29.9611273273822,0.300000000000179,116.150803266903));
#12244=CARTESIAN_POINT('Origin',(-29.9611273273822,-7.75201423860274E-15,
111.950803266903));
#12245=CARTESIAN_POINT('Origin',(-57.9140000000001,24.6,100.372344298616));
#12246=CARTESIAN_POINT('',(-57.9140000000001,24.3000000000001,104.572344298616));
#12247=CARTESIAN_POINT('',(-57.9140000000001,24.3000000000001,96.1723442986164));
#12248=CARTESIAN_POINT('Origin',(-57.9140000000001,24.3000000000001,100.372344298616));
#12249=CARTESIAN_POINT('Origin',(-57.9140000000001,24.3000000000001,100.372344298616));
#12250=CARTESIAN_POINT('',(-57.9140000000001,24.6,95.8723442986165));
#12251=CARTESIAN_POINT('',(-57.9140000000001,24.6,95.8723442986165));
#12252=CARTESIAN_POINT('Origin',(-57.9140000000001,24.6,100.372344298616));
#12253=CARTESIAN_POINT('Origin',(-57.9140000000001,0.300000000000234,100.372344298616));
#12254=CARTESIAN_POINT('',(-57.9140000000001,0.300000000000234,104.572344298616));
#12255=CARTESIAN_POINT('Origin',(-57.9140000000001,0.300000000000234,100.372344298616));
#12256=CARTESIAN_POINT('',(-57.9140000000001,-1.30451205393456E-14,104.872344298617));
#12257=CARTESIAN_POINT('',(-57.9140000000001,0.300000000000234,104.572344298616));
#12258=CARTESIAN_POINT('Origin',(-57.9140000000001,-7.75201423860274E-15,
100.372344298616));
#12259=CARTESIAN_POINT('Origin',(-81.917675939521,24.6,81.9536759395207));
#12260=CARTESIAN_POINT('',(-81.917675939521,24.3000000000002,86.1536759395207));
#12261=CARTESIAN_POINT('',(-81.917675939521,24.3000000000002,77.7536759395207));
#12262=CARTESIAN_POINT('Origin',(-81.917675939521,24.3000000000002,81.9536759395207));
#12263=CARTESIAN_POINT('Origin',(-81.917675939521,24.3000000000002,81.9536759395207));
#12264=CARTESIAN_POINT('',(-81.917675939521,24.6,77.4536759395209));
#12265=CARTESIAN_POINT('',(-81.917675939521,24.6,77.4536759395209));
#12266=CARTESIAN_POINT('Origin',(-81.917675939521,24.6,81.9536759395207));
#12267=CARTESIAN_POINT('Origin',(-81.917675939521,0.300000000000123,81.9536759395207));
#12268=CARTESIAN_POINT('',(-81.917675939521,0.300000000000123,86.1536759395207));
#12269=CARTESIAN_POINT('Origin',(-81.917675939521,0.300000000000123,81.9536759395207));
#12270=CARTESIAN_POINT('',(-81.917675939521,-1.41553435639707E-14,86.4536759395209));
#12271=CARTESIAN_POINT('',(-81.917675939521,0.300000000000123,86.1536759395207));
#12272=CARTESIAN_POINT('Origin',(-81.917675939521,-7.75201423860274E-15,
81.9536759395207));
#12273=CARTESIAN_POINT('Origin',(-100.336344298617,24.6,57.9499999999998));
#12274=CARTESIAN_POINT('',(-100.336344298617,24.3000000000002,62.1499999999998));
#12275=CARTESIAN_POINT('',(-100.336344298617,24.3000000000002,53.7499999999998));
#12276=CARTESIAN_POINT('Origin',(-100.336344298617,24.3000000000002,57.9499999999998));
#12277=CARTESIAN_POINT('Origin',(-100.336344298617,24.3000000000002,57.9499999999998));
#12278=CARTESIAN_POINT('',(-100.336344298617,24.6,53.45));
#12279=CARTESIAN_POINT('',(-100.336344298617,24.6,53.45));
#12280=CARTESIAN_POINT('Origin',(-100.336344298617,24.6,57.9499999999998));
#12281=CARTESIAN_POINT('Origin',(-100.336344298617,0.300000000000123,57.9499999999998));
#12282=CARTESIAN_POINT('',(-100.336344298617,0.300000000000123,62.1499999999998));
#12283=CARTESIAN_POINT('Origin',(-100.336344298617,0.300000000000123,57.9499999999998));
#12284=CARTESIAN_POINT('',(-100.336344298617,-1.31492039479042E-14,62.4499999999999));
#12285=CARTESIAN_POINT('',(-100.336344298617,0.300000000000123,62.1499999999998));
#12286=CARTESIAN_POINT('Origin',(-100.336344298617,-7.75201423860274E-15,
57.9499999999998));
#12287=CARTESIAN_POINT('Origin',(-111.914803266903,24.6,29.9971273273818));
#12288=CARTESIAN_POINT('',(-111.914803266903,24.3000000000002,34.1971273273818));
#12289=CARTESIAN_POINT('',(-111.914803266903,24.3000000000002,25.7971273273818));
#12290=CARTESIAN_POINT('Origin',(-111.914803266903,24.3000000000002,29.9971273273818));
#12291=CARTESIAN_POINT('Origin',(-111.914803266903,24.3000000000002,29.9971273273818));
#12292=CARTESIAN_POINT('',(-111.914803266903,24.6,25.497127327382));
#12293=CARTESIAN_POINT('',(-111.914803266903,24.6,25.497127327382));
#12294=CARTESIAN_POINT('Origin',(-111.914803266903,24.6,29.9971273273818));
#12295=CARTESIAN_POINT('Origin',(-111.914803266903,0.300000000000234,29.9971273273818));
#12296=CARTESIAN_POINT('',(-111.914803266903,0.300000000000234,34.1971273273818));
#12297=CARTESIAN_POINT('Origin',(-111.914803266903,0.300000000000234,29.9971273273818));
#12298=CARTESIAN_POINT('',(-111.914803266903,-6.17561557447743E-15,34.4971273273821));
#12299=CARTESIAN_POINT('',(-111.914803266903,0.300000000000234,34.1971273273818));
#12300=CARTESIAN_POINT('Origin',(-111.914803266903,-7.75201423860274E-15,
29.9971273273818));
#12301=CARTESIAN_POINT('Origin',(-115.864,24.6,-4.04662921552577E-13));
#12302=CARTESIAN_POINT('',(-115.864,24.3000000000001,4.19999999999959));
#12303=CARTESIAN_POINT('',(-115.864,24.3000000000001,-4.2000000000004));
#12304=CARTESIAN_POINT('Origin',(-115.864,24.3000000000001,-4.04662921552577E-13));
#12305=CARTESIAN_POINT('Origin',(-115.864,24.3000000000001,-4.04662921552577E-13));
#12306=CARTESIAN_POINT('',(-115.864,24.6,-4.50000000000033));
#12307=CARTESIAN_POINT('',(-115.864,24.6,-4.50000000000033));
#12308=CARTESIAN_POINT('Origin',(-115.864,24.6,-4.04662921552577E-13));
#12309=CARTESIAN_POINT('Origin',(-115.864,0.300000000000179,-4.04662921552577E-13));
#12310=CARTESIAN_POINT('',(-115.864,0.300000000000179,4.19999999999959));
#12311=CARTESIAN_POINT('Origin',(-115.864,0.300000000000179,-4.04662921552577E-13));
#12312=CARTESIAN_POINT('',(-115.864,-7.28583859910259E-15,4.49999999999977));
#12313=CARTESIAN_POINT('',(-115.864,0.300000000000179,4.19999999999959));
#12314=CARTESIAN_POINT('Origin',(-115.864,-7.75201423860274E-15,-4.04662921552577E-13));
#12315=CARTESIAN_POINT('Origin',(-111.914803266903,24.6,-29.9971273273826));
#12316=CARTESIAN_POINT('',(-111.914803266903,24.3000000000002,-25.7971273273826));
#12317=CARTESIAN_POINT('',(-111.914803266903,24.3000000000002,-34.1971273273826));
#12318=CARTESIAN_POINT('Origin',(-111.914803266903,24.3000000000002,-29.9971273273826));
#12319=CARTESIAN_POINT('Origin',(-111.914803266903,24.3000000000002,-29.9971273273826));
#12320=CARTESIAN_POINT('',(-111.914803266903,24.6,-34.4971273273824));
#12321=CARTESIAN_POINT('',(-111.914803266903,24.6,-34.4971273273824));
#12322=CARTESIAN_POINT('Origin',(-111.914803266903,24.6,-29.9971273273826));
#12323=CARTESIAN_POINT('Origin',(-111.914803266903,0.300000000000123,-29.9971273273826));
#12324=CARTESIAN_POINT('',(-111.914803266903,0.300000000000123,-25.7971273273826));
#12325=CARTESIAN_POINT('Origin',(-111.914803266903,0.300000000000123,-29.9971273273826));
#12326=CARTESIAN_POINT('',(-111.914803266903,-9.64506252643105E-15,-25.4971273273825));
#12327=CARTESIAN_POINT('',(-111.914803266903,0.300000000000123,-25.7971273273826));
#12328=CARTESIAN_POINT('Origin',(-111.914803266903,-7.75201423860274E-15,
-29.9971273273826));
#12329=CARTESIAN_POINT('Origin',(-100.336344298616,24.6,-57.9500000000005));
#12330=CARTESIAN_POINT('',(-100.336344298616,24.3000000000002,-53.7500000000005));
#12331=CARTESIAN_POINT('',(-100.336344298616,24.3000000000002,-62.1500000000005));
#12332=CARTESIAN_POINT('Origin',(-100.336344298616,24.3000000000002,-57.9500000000005));
#12333=CARTESIAN_POINT('Origin',(-100.336344298616,24.3000000000002,-57.9500000000005));
#12334=CARTESIAN_POINT('',(-100.336344298616,24.6,-62.4500000000003));
#12335=CARTESIAN_POINT('',(-100.336344298616,24.6,-62.4500000000003));
#12336=CARTESIAN_POINT('Origin',(-100.336344298616,24.6,-57.9500000000005));
#12337=CARTESIAN_POINT('Origin',(-100.336344298616,0.300000000000179,-57.9500000000005));
#12338=CARTESIAN_POINT('',(-100.336344298616,0.300000000000179,-53.7500000000005));
#12339=CARTESIAN_POINT('Origin',(-100.336344298616,0.300000000000179,-57.9500000000005));
#12340=CARTESIAN_POINT('',(-100.336344298616,-7.59808882477842E-15,-53.4500000000003));
#12341=CARTESIAN_POINT('',(-100.336344298616,0.300000000000179,-53.7500000000005));
#12342=CARTESIAN_POINT('Origin',(-100.336344298616,-7.75201423860274E-15,
-57.9500000000005));
#12343=CARTESIAN_POINT('Origin',(-81.9176759395204,24.6,-81.9536759395213));
#12344=CARTESIAN_POINT('',(-81.9176759395204,24.3000000000001,-77.7536759395213));
#12345=CARTESIAN_POINT('',(-81.9176759395204,24.3000000000001,-86.1536759395213));
#12346=CARTESIAN_POINT('Origin',(-81.9176759395204,24.3000000000001,-81.9536759395213));
#12347=CARTESIAN_POINT('Origin',(-81.9176759395204,24.3000000000001,-81.9536759395213));
#12348=CARTESIAN_POINT('',(-81.9176759395204,24.6,-86.4536759395212));
#12349=CARTESIAN_POINT('',(-81.9176759395204,24.6,-86.4536759395212));
#12350=CARTESIAN_POINT('Origin',(-81.9176759395204,24.6,-81.9536759395213));
#12351=CARTESIAN_POINT('Origin',(-81.9176759395204,0.300000000000068,-81.9536759395213));
#12352=CARTESIAN_POINT('',(-81.9176759395204,0.300000000000068,-77.7536759395213));
#12353=CARTESIAN_POINT('Origin',(-81.9176759395204,0.300000000000068,-81.9536759395213));
#12354=CARTESIAN_POINT('',(-81.9176759395204,-9.92261828258734E-15,-77.4536759395212));
#12355=CARTESIAN_POINT('',(-81.9176759395204,0.300000000000068,-77.7536759395213));
#12356=CARTESIAN_POINT('Origin',(-81.9176759395204,-7.75201423860274E-15,
-81.9536759395213));
#12357=CARTESIAN_POINT('Origin',(-57.9139999999994,24.6,-100.372344298617));
#12358=CARTESIAN_POINT('',(-57.9139999999994,24.3000000000002,-96.1723442986168));
#12359=CARTESIAN_POINT('',(-57.9139999999994,24.3000000000002,-104.572344298617));
#12360=CARTESIAN_POINT('Origin',(-57.9139999999994,24.3000000000002,-100.372344298617));
#12361=CARTESIAN_POINT('Origin',(-57.9139999999994,24.3000000000002,-100.372344298617));
#12362=CARTESIAN_POINT('',(-57.9139999999994,24.6,-104.872344298617));
#12363=CARTESIAN_POINT('',(-57.9139999999994,24.6,-104.872344298617));
#12364=CARTESIAN_POINT('Origin',(-57.9139999999994,24.6,-100.372344298617));
#12365=CARTESIAN_POINT('Origin',(-57.9139999999994,0.300000000000123,-100.372344298617));
#12366=CARTESIAN_POINT('',(-57.9139999999994,0.300000000000123,-96.1723442986168));
#12367=CARTESIAN_POINT('Origin',(-57.9139999999994,0.300000000000123,-100.372344298617));
#12368=CARTESIAN_POINT('',(-57.9139999999994,-9.43689570931383E-15,-95.8723442986167));
#12369=CARTESIAN_POINT('',(-57.9139999999994,0.300000000000123,-96.1723442986168));
#12370=CARTESIAN_POINT('Origin',(-57.9139999999994,-7.75201423860274E-15,
-100.372344298617));
#12371=CARTESIAN_POINT('Origin',(30.0331273273807,24.6,111.950803266903));
#12372=CARTESIAN_POINT('',(30.0331273273807,24.6,116.150803266903));
#12373=CARTESIAN_POINT('Origin',(30.0331273273807,24.6,111.950803266903));
#12374=CARTESIAN_POINT('',(30.0331273273807,0.,116.150803266903));
#12375=CARTESIAN_POINT('',(30.0331273273807,24.6,116.150803266903));
#12376=CARTESIAN_POINT('Origin',(30.0331273273807,0.,111.950803266903));
#12377=CARTESIAN_POINT('Origin',(57.9859999999987,24.6,100.372344298617));
#12378=CARTESIAN_POINT('',(57.9859999999987,24.6,104.572344298617));
#12379=CARTESIAN_POINT('Origin',(57.9859999999987,24.6,100.372344298617));
#12380=CARTESIAN_POINT('',(57.9859999999987,0.,104.572344298617));
#12381=CARTESIAN_POINT('',(57.9859999999987,24.6,104.572344298617));
#12382=CARTESIAN_POINT('Origin',(57.9859999999987,0.,100.372344298617));
#12383=CARTESIAN_POINT('Origin',(81.9896759395199,24.6,81.9536759395219));
#12384=CARTESIAN_POINT('',(81.9896759395199,24.6,86.1536759395219));
#12385=CARTESIAN_POINT('Origin',(81.9896759395199,24.6,81.9536759395219));
#12386=CARTESIAN_POINT('',(81.9896759395199,0.,86.1536759395219));
#12387=CARTESIAN_POINT('',(81.9896759395199,24.6,86.1536759395219));
#12388=CARTESIAN_POINT('Origin',(81.9896759395199,0.,81.9536759395219));
#12389=CARTESIAN_POINT('Origin',(100.408344298616,24.6,57.9500000000012));
#12390=CARTESIAN_POINT('',(100.408344298616,24.6,62.1500000000012));
#12391=CARTESIAN_POINT('Origin',(100.408344298616,24.6,57.9500000000012));
#12392=CARTESIAN_POINT('',(100.408344298616,0.,62.1500000000012));
#12393=CARTESIAN_POINT('',(100.408344298616,24.6,62.1500000000012));
#12394=CARTESIAN_POINT('Origin',(100.408344298616,0.,57.9500000000012));
#12395=CARTESIAN_POINT('Origin',(111.986803266903,24.6,29.9971273273834));
#12396=CARTESIAN_POINT('',(111.986803266903,24.6,34.1971273273834));
#12397=CARTESIAN_POINT('Origin',(115.936,24.6,1.21398876465773E-12));
#12398=CARTESIAN_POINT('',(115.936,24.6,4.20000000000121));
#12399=CARTESIAN_POINT('Origin',(111.986803266903,24.6,-29.9971273273811));
#12400=CARTESIAN_POINT('',(111.986803266903,24.6,-25.7971273273811));
#12401=CARTESIAN_POINT('Origin',(100.408344298617,24.6,-57.9499999999991));
#12402=CARTESIAN_POINT('',(100.408344298617,24.6,-53.7499999999991));
#12403=CARTESIAN_POINT('Origin',(81.9896759395216,24.6,-81.9536759395202));
#12404=CARTESIAN_POINT('',(81.9896759395216,24.6,-77.7536759395201));
#12405=CARTESIAN_POINT('Origin',(57.9860000000008,24.6,-100.372344298616));
#12406=CARTESIAN_POINT('',(57.9860000000008,24.6,-96.172344298616));
#12407=CARTESIAN_POINT('Origin',(30.033127327383,24.6,-111.950803266903));
#12408=CARTESIAN_POINT('',(30.033127327383,24.6,-107.750803266903));
#12409=CARTESIAN_POINT('Origin',(0.0360000000008093,24.6,-115.9));
#12410=CARTESIAN_POINT('',(0.0360000000008088,24.6,-111.7));
#12411=CARTESIAN_POINT('Origin',(-29.9611273273814,24.6,-111.950803266903));
#12412=CARTESIAN_POINT('',(-29.9611273273814,24.6,-107.750803266903));
#12413=CARTESIAN_POINT('Origin',(-57.9139999999994,24.6,-100.372344298617));
#12414=CARTESIAN_POINT('',(-57.9139999999994,24.6,-96.1723442986168));
#12415=CARTESIAN_POINT('Origin',(-81.9176759395204,24.6,-81.9536759395213));
#12416=CARTESIAN_POINT('',(-81.9176759395204,24.6,-77.7536759395213));
#12417=CARTESIAN_POINT('Origin',(-100.336344298616,24.6,-57.9500000000005));
#12418=CARTESIAN_POINT('',(-100.336344298616,24.6,-53.7500000000005));
#12419=CARTESIAN_POINT('Origin',(-111.914803266903,24.6,-29.9971273273826));
#12420=CARTESIAN_POINT('',(-111.914803266903,24.6,-25.7971273273826));
#12421=CARTESIAN_POINT('Origin',(-115.864,24.6,-4.04662921552577E-13));
#12422=CARTESIAN_POINT('',(-115.864,24.6,4.19999999999959));
#12423=CARTESIAN_POINT('Origin',(-111.914803266903,24.6,29.9971273273818));
#12424=CARTESIAN_POINT('',(-111.914803266903,24.6,34.1971273273818));
#12425=CARTESIAN_POINT('Origin',(-100.336344298617,24.6,57.9499999999998));
#12426=CARTESIAN_POINT('',(-100.336344298617,24.6,62.1499999999998));
#12427=CARTESIAN_POINT('Origin',(-81.917675939521,24.6,81.9536759395207));
#12428=CARTESIAN_POINT('',(-81.917675939521,24.6,86.1536759395207));
#12429=CARTESIAN_POINT('Origin',(-57.9140000000001,24.6,100.372344298616));
#12430=CARTESIAN_POINT('',(-57.9140000000001,24.6,104.572344298616));
#12431=CARTESIAN_POINT('Origin',(-29.9611273273822,24.6,111.950803266903));
#12432=CARTESIAN_POINT('',(-29.9611273273822,24.6,116.150803266903));
#12433=CARTESIAN_POINT('Origin',(0.036,24.6,115.9));
#12434=CARTESIAN_POINT('',(0.0359999999999995,24.6,120.1));
#12435=CARTESIAN_POINT('Origin',(0.036,23.4,0.));
#12436=CARTESIAN_POINT('',(0.0359999999999867,24.,-108.45));
#12437=CARTESIAN_POINT('',(0.0359999999999867,23.4,-108.23161785944));
#12438=CARTESIAN_POINT('',(0.0360000000000134,24.,108.45));
#12439=CARTESIAN_POINT('Origin',(0.036,24.,0.));
#12440=CARTESIAN_POINT('Origin',(0.036,24.,0.));
#12441=CARTESIAN_POINT('Origin',(0.036,24.,0.));
#12442=CARTESIAN_POINT('',(0.0359999999999864,23.0081811116246,111.175));
#12443=CARTESIAN_POINT('Origin',(0.036,23.0081811116246,0.));
#12444=CARTESIAN_POINT('',(0.0359999999999867,24.,108.45));
#12445=CARTESIAN_POINT('Origin',(0.036,-15.0222786264869,0.));
#12446=CARTESIAN_POINT('',(0.0359999999999864,24.6,111.175));
#12447=CARTESIAN_POINT('Origin',(0.036,24.6,0.));
#12448=CARTESIAN_POINT('',(0.0359999999999864,-15.0222786264869,111.175));
#12449=CARTESIAN_POINT('Origin',(0.036,-15.0222786264869,0.));
#12450=CARTESIAN_POINT('',(0.0359999999999845,-15.0222786264869,126.6));
#12451=CARTESIAN_POINT('Origin',(0.036,-7.75201423860274E-15,0.));
#12452=CARTESIAN_POINT('Origin',(-126.564,24.6,0.));
#12453=CARTESIAN_POINT('',(0.,0.,0.));
#12454=CARTESIAN_POINT('Origin',(3.61615499449327E-15,-2.70000000000007,
0.));
#12455=CARTESIAN_POINT('',(-54.,-1.2,1.32261854307914E-14));
#12456=CARTESIAN_POINT('Origin',(3.61615499449327E-15,-1.2,0.));
#12457=CARTESIAN_POINT('',(-51.,-4.20000000000009,0.));
#12458=CARTESIAN_POINT('',(-52.5,-2.70000000000005,1.28587913910472E-14));
#12459=CARTESIAN_POINT('Origin',(3.61615499449327E-15,-4.20000000000014,
0.));
#12460=CARTESIAN_POINT('Origin',(-7.32747196252603E-14,-85.,0.));
#12461=CARTESIAN_POINT('',(-51.,-11.,1.2491397351303E-14));
#12462=CARTESIAN_POINT('Origin',(-2.85485920617898E-15,-11.,0.));
#12463=CARTESIAN_POINT('',(-51.0000000000001,-85.,1.2491397351303E-14));
#12464=CARTESIAN_POINT('Origin',(-49.2,-1.2,0.));
#12465=CARTESIAN_POINT('',(-7.03334469814175E-15,-1.2,-57.4316178594403));
#12466=CARTESIAN_POINT('Origin',(0.,-1.2,0.));
#12467=CARTESIAN_POINT('Origin',(-75.8,-19.9,0.));
#12468=CARTESIAN_POINT('',(-9.22159039757957E-15,-19.9,-75.3));
#12469=CARTESIAN_POINT('Origin',(0.,-19.9,0.));
#12470=CARTESIAN_POINT('',(46.068006794303,-19.9,-41.3680067943041));
#12471=CARTESIAN_POINT('Origin',(46.068006794303,-19.9,-46.0680067943041));
#12472=CARTESIAN_POINT('',(60.1907515431101,-19.9,-20.2318256185862));
#12473=CARTESIAN_POINT('Origin',(60.1907515431101,-19.9,-24.9318256185863));
#12474=CARTESIAN_POINT('',(65.15,-19.9,4.69999999999936));
#12475=CARTESIAN_POINT('Origin',(65.15,-19.9,-6.82410422928829E-13));
#12476=CARTESIAN_POINT('',(60.1907515431106,-19.9,29.6318256185851));
#12477=CARTESIAN_POINT('Origin',(60.1907515431106,-19.9,24.931825618585));
#12478=CARTESIAN_POINT('',(46.068006794304,-19.9,50.7680067943032));
#12479=CARTESIAN_POINT('Origin',(46.068006794304,-19.9,46.0680067943032));
#12480=CARTESIAN_POINT('',(24.9318256185861,-19.9,64.8907515431102));
#12481=CARTESIAN_POINT('Origin',(24.9318256185861,-19.9,60.1907515431101));
#12482=CARTESIAN_POINT('',(4.54364697956953E-13,-19.9,69.8500000000001));
#12483=CARTESIAN_POINT('Origin',(4.54940281952553E-13,-19.9,65.15));
#12484=CARTESIAN_POINT('',(-24.9318256185852,-19.9,64.8907515431105));
#12485=CARTESIAN_POINT('Origin',(-24.9318256185852,-19.9,60.1907515431105));
#12486=CARTESIAN_POINT('',(-46.0680067943033,-19.9,50.7680067943038));
#12487=CARTESIAN_POINT('Origin',(-46.0680067943033,-19.9,46.0680067943038));
#12488=CARTESIAN_POINT('',(-60.1907515431102,-19.9,29.6318256185858));
#12489=CARTESIAN_POINT('Origin',(-60.1907515431102,-19.9,24.9318256185859));
#12490=CARTESIAN_POINT('',(-65.15,-19.9,4.70000000000027));
#12491=CARTESIAN_POINT('Origin',(-65.15,-19.9,2.27470140976276E-13));
#12492=CARTESIAN_POINT('',(-60.1907515431104,-19.9,-20.2318256185855));
#12493=CARTESIAN_POINT('Origin',(-60.1907515431104,-19.9,-24.9318256185854));
#12494=CARTESIAN_POINT('',(-24.9318256185857,-19.9,-55.4907515431103));
#12495=CARTESIAN_POINT('Origin',(-24.9318256185857,-19.9,-60.1907515431103));
#12496=CARTESIAN_POINT('',(-5.75583995599261E-16,-19.9,-60.45));
#12497=CARTESIAN_POINT('Origin',(0.,-19.9,-65.15));
#12498=CARTESIAN_POINT('',(24.9318256185848,-19.9,-55.4907515431107));
#12499=CARTESIAN_POINT('Origin',(24.9318256185848,-19.9,-60.1907515431107));
#12500=CARTESIAN_POINT('',(-46.0680067943036,-19.9,-41.3680067943035));
#12501=CARTESIAN_POINT('Origin',(-46.0680067943036,-19.9,-46.0680067943035));
#12502=CARTESIAN_POINT('',(6.49062803548097E-15,-19.9,-53.));
#12503=CARTESIAN_POINT('Origin',(0.,-19.9,0.));
#12504=CARTESIAN_POINT('Origin',(0.,-1.29709003117034,0.));
#12505=CARTESIAN_POINT('',(7.35787341939598E-15,-1.48502855532753,60.0815959713349));
#12506=CARTESIAN_POINT('',(-7.35787341939598E-15,-1.48502855532753,-60.0815959713349));
#12507=CARTESIAN_POINT('Origin',(0.,-1.48502855532753,0.));
#12508=CARTESIAN_POINT('Origin',(0.,-1.48502855532753,0.));
#12509=CARTESIAN_POINT('',(-7.39074343285428E-15,-1.29709003117034,-60.35));
#12510=CARTESIAN_POINT('Origin',(-7.36625049687133E-15,-1.29709003117034,
-60.15));
#12511=CARTESIAN_POINT('Origin',(0.,-1.29709003117034,0.));
#12512=CARTESIAN_POINT('Origin',(46.068006794303,-19.9,-46.0680067943041));
#12513=CARTESIAN_POINT('',(46.068006794303,-19.4,-50.2680067943041));
#12514=CARTESIAN_POINT('',(46.068006794303,-19.4,-41.8680067943041));
#12515=CARTESIAN_POINT('Origin',(46.068006794303,-19.4,-46.0680067943041));
#12516=CARTESIAN_POINT('Origin',(46.068006794303,-19.4,-46.0680067943041));
#12517=CARTESIAN_POINT('',(46.068006794303,-19.9,-41.3680067943041));
#12518=CARTESIAN_POINT('Origin',(46.068006794303,-0.500000000000028,-46.0680067943041));
#12519=CARTESIAN_POINT('',(46.068006794303,-0.500000000000029,-50.2680067943041));
#12520=CARTESIAN_POINT('Origin',(46.068006794303,-0.500000000000028,-46.0680067943041));
#12521=CARTESIAN_POINT('',(46.068006794303,-3.2612801348364E-15,-50.7680067943041));
#12522=CARTESIAN_POINT('',(46.068006794303,-0.500000000000028,-50.2680067943041));
#12523=CARTESIAN_POINT('Origin',(46.068006794303,-9.64241131330614E-16,
-46.0680067943041));
#12524=CARTESIAN_POINT('Origin',(60.1907515431101,-19.9,-24.9318256185863));
#12525=CARTESIAN_POINT('',(60.1907515431101,-19.4,-29.1318256185863));
#12526=CARTESIAN_POINT('',(60.1907515431101,-19.4,-20.7318256185863));
#12527=CARTESIAN_POINT('Origin',(60.1907515431101,-19.4,-24.9318256185863));
#12528=CARTESIAN_POINT('Origin',(60.1907515431101,-19.4,-24.9318256185863));
#12529=CARTESIAN_POINT('',(60.1907515431101,-19.9,-20.2318256185862));
#12530=CARTESIAN_POINT('Origin',(60.1907515431101,-0.499999999999973,-24.9318256185863));
#12531=CARTESIAN_POINT('',(60.1907515431101,-0.499999999999973,-29.1318256185863));
#12532=CARTESIAN_POINT('Origin',(60.1907515431101,-0.499999999999973,-24.9318256185863));
#12533=CARTESIAN_POINT('',(60.1907515431101,-1.80411241501588E-15,-29.6318256185862));
#12534=CARTESIAN_POINT('',(60.1907515431101,-0.499999999999973,-29.1318256185863));
#12535=CARTESIAN_POINT('Origin',(60.1907515431101,-9.64241131330614E-16,
-24.9318256185863));
#12536=CARTESIAN_POINT('Origin',(65.15,-19.9,-6.82410422928829E-13));
#12537=CARTESIAN_POINT('',(65.15,-19.4,-4.20000000000068));
#12538=CARTESIAN_POINT('',(65.15,-19.4,4.19999999999931));
#12539=CARTESIAN_POINT('Origin',(65.15,-19.4,-6.82410422928829E-13));
#12540=CARTESIAN_POINT('Origin',(65.15,-19.4,-6.82410422928829E-13));
#12541=CARTESIAN_POINT('',(65.15,-19.9,4.69999999999936));
#12542=CARTESIAN_POINT('Origin',(65.15,-0.5,-6.82410422928829E-13));
#12543=CARTESIAN_POINT('',(65.15,-0.500000000000001,-4.20000000000068));
#12544=CARTESIAN_POINT('Origin',(65.15,-0.5,-6.82410422928829E-13));
#12545=CARTESIAN_POINT('',(65.15,-6.93889390390723E-17,-4.70000000000069));
#12546=CARTESIAN_POINT('',(65.15,-0.5,-4.20000000000068));
#12547=CARTESIAN_POINT('Origin',(65.15,-9.64241131330614E-16,-6.82410422928829E-13));
#12548=CARTESIAN_POINT('Origin',(60.1907515431106,-19.9,24.931825618585));
#12549=CARTESIAN_POINT('',(60.1907515431106,-19.3999999999999,20.731825618585));
#12550=CARTESIAN_POINT('',(60.1907515431106,-19.3999999999999,29.131825618585));
#12551=CARTESIAN_POINT('Origin',(60.1907515431106,-19.3999999999999,24.931825618585));
#12552=CARTESIAN_POINT('Origin',(60.1907515431106,-19.3999999999999,24.931825618585));
#12553=CARTESIAN_POINT('',(60.1907515431106,-19.9,29.6318256185851));
#12554=CARTESIAN_POINT('Origin',(60.1907515431106,-0.500000000000028,24.931825618585));
#12555=CARTESIAN_POINT('',(60.1907515431106,-0.500000000000029,20.731825618585));
#12556=CARTESIAN_POINT('Origin',(60.1907515431106,-0.500000000000028,24.931825618585));
#12557=CARTESIAN_POINT('',(60.1907515431106,1.11022302462516E-15,20.231825618585));
#12558=CARTESIAN_POINT('',(60.1907515431106,-0.500000000000028,20.731825618585));
#12559=CARTESIAN_POINT('Origin',(60.1907515431106,-9.64241131330614E-16,
24.931825618585));
#12560=CARTESIAN_POINT('Origin',(46.068006794304,-19.9,46.0680067943032));
#12561=CARTESIAN_POINT('',(46.068006794304,-19.4,41.8680067943032));
#12562=CARTESIAN_POINT('',(46.068006794304,-19.4,50.2680067943032));
#12563=CARTESIAN_POINT('Origin',(46.068006794304,-19.4,46.0680067943032));
#12564=CARTESIAN_POINT('Origin',(46.068006794304,-19.4,46.0680067943032));
#12565=CARTESIAN_POINT('',(46.068006794304,-19.9,50.7680067943032));
#12566=CARTESIAN_POINT('Origin',(46.068006794304,-0.499999999999973,46.0680067943032));
#12567=CARTESIAN_POINT('',(46.068006794304,-0.499999999999973,41.8680067943032));
#12568=CARTESIAN_POINT('Origin',(46.068006794304,-0.499999999999973,46.0680067943032));
#12569=CARTESIAN_POINT('',(46.068006794304,-2.15105711021124E-15,41.3680067943032));
#12570=CARTESIAN_POINT('',(46.068006794304,-0.499999999999973,41.8680067943032));
#12571=CARTESIAN_POINT('Origin',(46.068006794304,-9.64241131330614E-16,
46.0680067943032));
#12572=CARTESIAN_POINT('Origin',(24.9318256185861,-19.9,60.1907515431101));
#12573=CARTESIAN_POINT('',(24.9318256185861,-19.4,55.9907515431101));
#12574=CARTESIAN_POINT('',(24.9318256185861,-19.4,64.3907515431101));
#12575=CARTESIAN_POINT('Origin',(24.9318256185861,-19.4,60.1907515431101));
#12576=CARTESIAN_POINT('Origin',(24.9318256185861,-19.4,60.1907515431101));
#12577=CARTESIAN_POINT('',(24.9318256185861,-19.9,64.8907515431102));
#12578=CARTESIAN_POINT('Origin',(24.9318256185861,-0.499999999999973,60.1907515431101));
#12579=CARTESIAN_POINT('',(24.9318256185861,-0.499999999999974,55.9907515431101));
#12580=CARTESIAN_POINT('Origin',(24.9318256185861,-0.499999999999973,60.1907515431101));
#12581=CARTESIAN_POINT('',(24.9318256185861,-2.15105711021124E-15,55.4907515431102));
#12582=CARTESIAN_POINT('',(24.9318256185861,-0.499999999999973,55.9907515431101));
#12583=CARTESIAN_POINT('Origin',(24.9318256185861,-9.64241131330614E-16,
60.1907515431101));
#12584=CARTESIAN_POINT('Origin',(4.54940281952553E-13,-19.9,65.15));
#12585=CARTESIAN_POINT('',(4.55454633608194E-13,-19.4,60.95));
#12586=CARTESIAN_POINT('',(4.54425930296911E-13,-19.4,69.35));
#12587=CARTESIAN_POINT('Origin',(4.54940281952553E-13,-19.4,65.15));
#12588=CARTESIAN_POINT('Origin',(4.54940281952553E-13,-19.4,65.15));
#12589=CARTESIAN_POINT('',(4.54364697956953E-13,-19.9,69.8500000000001));
#12590=CARTESIAN_POINT('Origin',(4.54940281952553E-13,-0.5,65.15));
#12591=CARTESIAN_POINT('',(4.54425930296911E-13,-0.500000000000001,60.95));
#12592=CARTESIAN_POINT('Origin',(4.54940281952553E-13,-0.5,65.15));
#12593=CARTESIAN_POINT('',(4.54364697956953E-13,1.11022302462516E-15,60.45));
#12594=CARTESIAN_POINT('',(4.54425930296911E-13,-0.5,60.95));
#12595=CARTESIAN_POINT('Origin',(4.54940281952553E-13,-9.64241131330614E-16,
65.15));
#12596=CARTESIAN_POINT('Origin',(-24.9318256185852,-19.9,60.1907515431105));
#12597=CARTESIAN_POINT('',(-24.9318256185852,-19.4,55.9907515431105));
#12598=CARTESIAN_POINT('',(-24.9318256185852,-19.4,64.3907515431105));
#12599=CARTESIAN_POINT('Origin',(-24.9318256185852,-19.4,60.1907515431105));
#12600=CARTESIAN_POINT('Origin',(-24.9318256185852,-19.4,60.1907515431105));
#12601=CARTESIAN_POINT('',(-24.9318256185852,-19.9,64.8907515431105));
#12602=CARTESIAN_POINT('Origin',(-24.9318256185852,-0.500000000000028,60.1907515431105));
#12603=CARTESIAN_POINT('',(-24.9318256185852,-0.50000000000003,55.9907515431105));
#12604=CARTESIAN_POINT('Origin',(-24.9318256185852,-0.500000000000028,60.1907515431105));
#12605=CARTESIAN_POINT('',(-24.9318256185852,1.11022302462516E-15,55.4907515431104));
#12606=CARTESIAN_POINT('',(-24.9318256185852,-0.500000000000028,55.9907515431105));
#12607=CARTESIAN_POINT('Origin',(-24.9318256185852,-9.64241131330614E-16,
60.1907515431105));
#12608=CARTESIAN_POINT('Origin',(-46.0680067943033,-19.9,46.0680067943038));
#12609=CARTESIAN_POINT('',(-46.0680067943033,-19.4,41.8680067943038));
#12610=CARTESIAN_POINT('',(-46.0680067943033,-19.4,50.2680067943038));
#12611=CARTESIAN_POINT('Origin',(-46.0680067943033,-19.4,46.0680067943038));
#12612=CARTESIAN_POINT('Origin',(-46.0680067943033,-19.4,46.0680067943038));
#12613=CARTESIAN_POINT('',(-46.0680067943033,-19.9,50.7680067943038));
#12614=CARTESIAN_POINT('Origin',(-46.0680067943033,-0.500000000000053,46.0680067943038));
#12615=CARTESIAN_POINT('',(-46.0680067943033,-0.500000000000053,41.8680067943038));
#12616=CARTESIAN_POINT('Origin',(-46.0680067943033,-0.500000000000053,46.0680067943038));
#12617=CARTESIAN_POINT('',(-46.0680067943033,-2.77555756156289E-15,41.3680067943038));
#12618=CARTESIAN_POINT('',(-46.0680067943033,-0.500000000000053,41.8680067943038));
#12619=CARTESIAN_POINT('Origin',(-46.0680067943033,-9.64241131330614E-16,
46.0680067943038));
#12620=CARTESIAN_POINT('Origin',(-60.1907515431102,-19.9,24.9318256185859));
#12621=CARTESIAN_POINT('',(-60.1907515431102,-19.4,20.7318256185859));
#12622=CARTESIAN_POINT('',(-60.1907515431102,-19.4,29.1318256185859));
#12623=CARTESIAN_POINT('Origin',(-60.1907515431102,-19.4,24.9318256185859));
#12624=CARTESIAN_POINT('Origin',(-60.1907515431102,-19.4,24.9318256185859));
#12625=CARTESIAN_POINT('',(-60.1907515431102,-19.9,29.6318256185858));
#12626=CARTESIAN_POINT('Origin',(-60.1907515431102,-0.499999999999973,24.9318256185859));
#12627=CARTESIAN_POINT('',(-60.1907515431102,-0.499999999999973,20.7318256185859));
#12628=CARTESIAN_POINT('Origin',(-60.1907515431102,-0.499999999999973,24.9318256185859));
#12629=CARTESIAN_POINT('',(-60.1907515431102,-6.93889390390723E-17,20.2318256185859));
#12630=CARTESIAN_POINT('',(-60.1907515431102,-0.499999999999973,20.7318256185859));
#12631=CARTESIAN_POINT('Origin',(-60.1907515431102,-9.64241131330614E-16,
24.9318256185859));
#12632=CARTESIAN_POINT('Origin',(-65.15,-19.9,2.27470140976276E-13));
#12633=CARTESIAN_POINT('',(-65.15,-19.4,-4.19999999999977));
#12634=CARTESIAN_POINT('',(-65.15,-19.4,4.20000000000022));
#12635=CARTESIAN_POINT('Origin',(-65.15,-19.4,2.27470140976276E-13));
#12636=CARTESIAN_POINT('Origin',(-65.15,-19.4,2.27470140976276E-13));
#12637=CARTESIAN_POINT('',(-65.15,-19.9,4.70000000000026));
#12638=CARTESIAN_POINT('Origin',(-65.15,-0.5,2.27470140976276E-13));
#12639=CARTESIAN_POINT('',(-65.15,-0.500000000000001,-4.19999999999977));
#12640=CARTESIAN_POINT('Origin',(-65.15,-0.5,2.27470140976276E-13));
#12641=CARTESIAN_POINT('',(-65.15,-6.93889390390723E-17,-4.69999999999978));
#12642=CARTESIAN_POINT('',(-65.15,-0.5,-4.19999999999977));
#12643=CARTESIAN_POINT('Origin',(-65.15,-9.64241131330614E-16,2.27470140976276E-13));
#12644=CARTESIAN_POINT('Origin',(-60.1907515431104,-19.9,-24.9318256185854));
#12645=CARTESIAN_POINT('',(-60.1907515431104,-19.4,-29.1318256185854));
#12646=CARTESIAN_POINT('',(-60.1907515431104,-19.4,-20.7318256185854));
#12647=CARTESIAN_POINT('Origin',(-60.1907515431104,-19.4,-24.9318256185854));
#12648=CARTESIAN_POINT('Origin',(-60.1907515431104,-19.4,-24.9318256185854));
#12649=CARTESIAN_POINT('',(-60.1907515431104,-19.9,-20.2318256185855));
#12650=CARTESIAN_POINT('Origin',(-60.1907515431104,-0.500000000000028,-24.9318256185854));
#12651=CARTESIAN_POINT('',(-60.1907515431104,-0.500000000000029,-29.1318256185854));
#12652=CARTESIAN_POINT('Origin',(-60.1907515431104,-0.500000000000028,-24.9318256185854));
#12653=CARTESIAN_POINT('',(-60.1907515431104,-2.15105711021124E-15,-29.6318256185855));
#12654=CARTESIAN_POINT('',(-60.1907515431104,-0.500000000000028,-29.1318256185854));
#12655=CARTESIAN_POINT('Origin',(-60.1907515431104,-9.64241131330614E-16,
-24.9318256185854));
#12656=CARTESIAN_POINT('Origin',(-24.9318256185857,-19.9,-60.1907515431103));
#12657=CARTESIAN_POINT('',(-24.9318256185857,-19.4,-64.3907515431103));
#12658=CARTESIAN_POINT('',(-24.9318256185857,-19.4,-55.9907515431103));
#12659=CARTESIAN_POINT('Origin',(-24.9318256185857,-19.4,-60.1907515431103));
#12660=CARTESIAN_POINT('Origin',(-24.9318256185857,-19.4,-60.1907515431103));
#12661=CARTESIAN_POINT('',(-24.9318256185857,-19.9,-55.4907515431103));
#12662=CARTESIAN_POINT('Origin',(-24.9318256185857,-0.5,-60.1907515431103));
#12663=CARTESIAN_POINT('',(-24.9318256185857,-0.500000000000001,-64.3907515431103));
#12664=CARTESIAN_POINT('Origin',(-24.9318256185857,-0.5,-60.1907515431103));
#12665=CARTESIAN_POINT('',(-24.9318256185857,1.11022302462516E-15,-64.8907515431103));
#12666=CARTESIAN_POINT('',(-24.9318256185857,-0.5,-64.3907515431103));
#12667=CARTESIAN_POINT('Origin',(-24.9318256185857,-9.64241131330614E-16,
-60.1907515431103));
#12668=CARTESIAN_POINT('Origin',(0.,-19.9,-65.15));
#12669=CARTESIAN_POINT('',(5.14351655641888E-16,-19.4,-69.35));
#12670=CARTESIAN_POINT('',(-5.14351655641888E-16,-19.4,-60.95));
#12671=CARTESIAN_POINT('Origin',(0.,-19.4,-65.15));
#12672=CARTESIAN_POINT('Origin',(0.,-19.4,-65.15));
#12673=CARTESIAN_POINT('',(-5.75583995599261E-16,-19.9,-60.45));
#12674=CARTESIAN_POINT('Origin',(0.,-0.5,-65.15));
#12675=CARTESIAN_POINT('',(-5.14351655641888E-16,-0.500000000000001,-69.35));
#12676=CARTESIAN_POINT('Origin',(0.,-0.5,-65.15));
#12677=CARTESIAN_POINT('',(-5.75583995599257E-16,1.11022302462516E-15,-69.85));
#12678=CARTESIAN_POINT('',(-5.14351655641888E-16,-0.5,-69.35));
#12679=CARTESIAN_POINT('Origin',(0.,-9.64241131330614E-16,-65.15));
#12680=CARTESIAN_POINT('Origin',(24.9318256185848,-19.9,-60.1907515431107));
#12681=CARTESIAN_POINT('',(24.9318256185848,-19.4,-64.3907515431107));
#12682=CARTESIAN_POINT('',(24.9318256185848,-19.4,-55.9907515431107));
#12683=CARTESIAN_POINT('Origin',(24.9318256185848,-19.4,-60.1907515431107));
#12684=CARTESIAN_POINT('Origin',(24.9318256185848,-19.4,-60.1907515431107));
#12685=CARTESIAN_POINT('',(24.9318256185848,-19.9,-55.4907515431107));
#12686=CARTESIAN_POINT('Origin',(24.9318256185848,-0.500000000000028,-60.1907515431107));
#12687=CARTESIAN_POINT('',(24.9318256185848,-0.500000000000029,-64.3907515431107));
#12688=CARTESIAN_POINT('Origin',(24.9318256185848,-0.500000000000028,-60.1907515431107));
#12689=CARTESIAN_POINT('',(24.9318256185848,4.16333634234434E-16,-64.8907515431107));
#12690=CARTESIAN_POINT('',(24.9318256185848,-0.500000000000028,-64.3907515431107));
#12691=CARTESIAN_POINT('Origin',(24.9318256185848,-9.64241131330614E-16,
-60.1907515431107));
#12692=CARTESIAN_POINT('Origin',(-46.0680067943036,-19.9,-46.0680067943035));
#12693=CARTESIAN_POINT('',(-46.0680067943036,-19.4,-50.2680067943035));
#12694=CARTESIAN_POINT('',(-46.0680067943036,-19.4,-41.8680067943035));
#12695=CARTESIAN_POINT('Origin',(-46.0680067943036,-19.4,-46.0680067943035));
#12696=CARTESIAN_POINT('Origin',(-46.0680067943036,-19.4,-46.0680067943035));
#12697=CARTESIAN_POINT('',(-46.0680067943036,-19.9,-41.3680067943035));
#12698=CARTESIAN_POINT('Origin',(-46.0680067943036,-0.499999999999973,-46.0680067943035));
#12699=CARTESIAN_POINT('',(-46.0680067943036,-0.499999999999973,-50.2680067943035));
#12700=CARTESIAN_POINT('Origin',(-46.0680067943036,-0.499999999999973,-46.0680067943035));
#12701=CARTESIAN_POINT('',(-46.0680067943036,-1.80411241501588E-15,-50.7680067943035));
#12702=CARTESIAN_POINT('',(-46.0680067943036,-0.499999999999973,-50.2680067943035));
#12703=CARTESIAN_POINT('Origin',(-46.0680067943036,-9.64241131330614E-16,
-46.0680067943035));
#12704=CARTESIAN_POINT('Origin',(0.,0.,0.));
#12705=CARTESIAN_POINT('',(15.6697910506319,0.,73.651528486716));
#12706=CARTESIAN_POINT('',(-13.7082204898249,-9.64241131330614E-16,-74.0417091307483));
#12707=CARTESIAN_POINT('Origin',(0.,-9.64241131330614E-16,0.));
#12708=CARTESIAN_POINT('',(15.7673447577528,-0.500000000000049,74.1419640911283));
#12709=CARTESIAN_POINT('',(15.7673447577528,-0.500000000000049,74.1419640911283));
#12710=CARTESIAN_POINT('',(-9.28282273753694E-15,-0.500000000000043,-75.8));
#12711=CARTESIAN_POINT('Origin',(0.,-0.500000000000042,0.));
#12712=CARTESIAN_POINT('',(-13.8057741969459,-0.500000000000042,-74.5321447351607));
#12713=CARTESIAN_POINT('Origin',(0.,-0.500000000000042,0.));
#12714=CARTESIAN_POINT('',(-13.8057741969459,-0.500000000000042,-74.5321447351607));
#12715=CARTESIAN_POINT('Origin',(0.,-19.4,0.));
#12716=CARTESIAN_POINT('',(-9.28282273753694E-15,-19.4,-75.8));
#12717=CARTESIAN_POINT('Origin',(0.,-19.4,0.));
#12718=CARTESIAN_POINT('',(-9.28282273753694E-15,-19.4,-75.8));
#12719=CARTESIAN_POINT('Origin',(24.9318256185848,-19.9,-60.1907515431107));
#12720=CARTESIAN_POINT('',(24.9318256185848,-19.9,-64.3907515431107));
#12721=CARTESIAN_POINT('Origin',(46.068006794303,-19.9,-46.0680067943041));
#12722=CARTESIAN_POINT('',(46.068006794303,-19.9,-50.2680067943041));
#12723=CARTESIAN_POINT('Origin',(60.1907515431101,-19.9,-24.9318256185863));
#12724=CARTESIAN_POINT('',(60.1907515431101,-19.9,-29.1318256185863));
#12725=CARTESIAN_POINT('Origin',(65.15,-19.9,-6.82410422928829E-13));
#12726=CARTESIAN_POINT('',(65.15,-19.9,-4.20000000000068));
#12727=CARTESIAN_POINT('Origin',(60.1907515431106,-19.9,24.931825618585));
#12728=CARTESIAN_POINT('',(60.1907515431106,-19.9,20.731825618585));
#12729=CARTESIAN_POINT('Origin',(46.068006794304,-19.9,46.0680067943032));
#12730=CARTESIAN_POINT('',(46.068006794304,-19.9,41.8680067943032));
#12731=CARTESIAN_POINT('Origin',(24.9318256185861,-19.9,60.1907515431101));
#12732=CARTESIAN_POINT('',(24.9318256185861,-19.9,55.9907515431101));
#12733=CARTESIAN_POINT('Origin',(4.54940281952553E-13,-19.9,65.15));
#12734=CARTESIAN_POINT('',(4.54425930296911E-13,-19.9,60.95));
#12735=CARTESIAN_POINT('Origin',(-24.9318256185852,-19.9,60.1907515431105));
#12736=CARTESIAN_POINT('',(-24.9318256185852,-19.9,55.9907515431105));
#12737=CARTESIAN_POINT('Origin',(-46.0680067943033,-19.9,46.0680067943038));
#12738=CARTESIAN_POINT('',(-46.0680067943033,-19.9,41.8680067943038));
#12739=CARTESIAN_POINT('Origin',(-60.1907515431102,-19.9,24.9318256185859));
#12740=CARTESIAN_POINT('',(-60.1907515431102,-19.9,20.7318256185859));
#12741=CARTESIAN_POINT('Origin',(-65.15,-19.9,2.27470140976276E-13));
#12742=CARTESIAN_POINT('',(-65.15,-19.9,-4.19999999999977));
#12743=CARTESIAN_POINT('Origin',(-60.1907515431104,-19.9,-24.9318256185854));
#12744=CARTESIAN_POINT('',(-60.1907515431104,-19.9,-29.1318256185854));
#12745=CARTESIAN_POINT('Origin',(-46.0680067943036,-19.9,-46.0680067943035));
#12746=CARTESIAN_POINT('',(-46.0680067943036,-19.9,-50.2680067943035));
#12747=CARTESIAN_POINT('Origin',(-24.9318256185857,-19.9,-60.1907515431103));
#12748=CARTESIAN_POINT('',(-24.9318256185857,-19.9,-64.3907515431103));
#12749=CARTESIAN_POINT('Origin',(0.,-19.9,-65.15));
#12750=CARTESIAN_POINT('',(-5.14351655641888E-16,-19.9,-69.35));
#12751=CARTESIAN_POINT('Origin',(0.,19.7760692452302,0.));
#12752=CARTESIAN_POINT('',(-6.49062803548097E-15,-11.,-53.));
#12753=CARTESIAN_POINT('',(-6.49062803548097E-15,19.7760692452302,-53.));
#12754=CARTESIAN_POINT('Origin',(0.,-11.,0.));
#12755=CARTESIAN_POINT('Origin',(0.,19.7760692452302,0.));
#12756=CARTESIAN_POINT('',(13.8057741969464,-0.500000000000049,74.5321447351606));
#12757=CARTESIAN_POINT('',(-15.7673447577523,-0.500000000000042,-74.1419640911284));
#12758=CARTESIAN_POINT('Origin',(0.,-0.500000000000042,0.));
#12759=CARTESIAN_POINT('',(-15.7673447577523,-1.,-74.1419640911284));
#12760=CARTESIAN_POINT('',(-15.7673447577523,19.7760692452302,-74.1419640911284));
#12761=CARTESIAN_POINT('',(-13.8057741969458,-1.,-74.5321447351607));
#12762=CARTESIAN_POINT('Origin',(0.,-1.,0.));
#12763=CARTESIAN_POINT('',(-13.8057741969459,19.7760692452302,-74.5321447351607));
#12764=CARTESIAN_POINT('',(-9.28282273753694E-15,19.7760692452302,-75.8));
#12765=CARTESIAN_POINT('',(15.7673447577528,-1.,74.1419640911283));
#12766=CARTESIAN_POINT('',(15.7673447577528,19.7760692452302,74.1419640911283));
#12767=CARTESIAN_POINT('',(13.8057741969464,-1.,74.5321447351606));
#12768=CARTESIAN_POINT('Origin',(0.,-1.,0.));
#12769=CARTESIAN_POINT('',(13.8057741969464,19.7760692452302,74.5321447351606));
#12770=CARTESIAN_POINT('Origin',(0.,19.7760692452302,0.));
#12771=CARTESIAN_POINT('',(-7.39074343285428E-15,0.,-60.35));
#12772=CARTESIAN_POINT('',(-7.39074343285428E-15,19.7760692452302,-60.35));
#12773=CARTESIAN_POINT('',(-10.7912992181823,0.,-59.3773556263973));
#12774=CARTESIAN_POINT('Origin',(0.,0.,0.));
#12775=CARTESIAN_POINT('',(-10.7912992181823,-1.,-59.3773556263973));
#12776=CARTESIAN_POINT('',(-10.7912992181823,19.7760692452302,-59.3773556263973));
#12777=CARTESIAN_POINT('',(-12.7528697789887,-1.,-58.9871749823651));
#12778=CARTESIAN_POINT('Origin',(0.,-1.,0.));
#12779=CARTESIAN_POINT('',(-12.7528697789887,0.,-58.9871749823651));
#12780=CARTESIAN_POINT('',(-12.7528697789887,19.7760692452302,-58.9871749823651));
#12781=CARTESIAN_POINT('',(10.7912992181827,0.,59.3773556263973));
#12782=CARTESIAN_POINT('Origin',(0.,0.,0.));
#12783=CARTESIAN_POINT('',(10.7912992181827,-1.,59.3773556263973));
#12784=CARTESIAN_POINT('',(10.7912992181827,19.7760692452302,59.3773556263973));
#12785=CARTESIAN_POINT('',(12.7528697789891,-1.,58.987174982365));
#12786=CARTESIAN_POINT('Origin',(0.,-1.,0.));
#12787=CARTESIAN_POINT('',(12.7528697789891,0.,58.987174982365));
#12788=CARTESIAN_POINT('',(12.7528697789891,19.7760692452302,58.987174982365));
#12789=CARTESIAN_POINT('Origin',(0.,0.,0.));
#12790=CARTESIAN_POINT('Origin',(0.,-0.6,0.));
#12791=CARTESIAN_POINT('',(-7.06008879708449E-15,-0.599999999999998,57.65));
#12792=CARTESIAN_POINT('',(-7.06008879708449E-15,-0.6,57.65));
#12793=CARTESIAN_POINT('',(7.06008879708449E-15,-0.6,-57.65));
#12794=CARTESIAN_POINT('Origin',(0.,-0.6,0.));
#12795=CARTESIAN_POINT('Origin',(0.,-0.6,0.));
#12796=CARTESIAN_POINT('Origin',(0.,-1.2,0.));
#12797=CARTESIAN_POINT('',(-7.03334469814175E-15,-1.2,-57.4316178594403));
#12798=CARTESIAN_POINT('Origin',(-60.35,-9.64241131330614E-16,0.));
#12799=CARTESIAN_POINT('',(-15.6697910506314,0.,-73.651528486716));
#12800=CARTESIAN_POINT('',(13.7082204898254,-9.64241131330614E-16,74.0417091307482));
#12801=CARTESIAN_POINT('Origin',(0.,-9.64241131330614E-16,0.));
#12802=CARTESIAN_POINT('',(14.1593470837329,0.,76.3096756722473));
#12803=CARTESIAN_POINT('',(-16.1209176445388,0.,-75.9194950282151));
#12804=CARTESIAN_POINT('Origin',(0.,0.,0.));
#12805=CARTESIAN_POINT('',(13.8057741969464,-0.500000000000049,74.5321447351606));
#12806=CARTESIAN_POINT('',(-15.7673447577523,-0.500000000000042,-74.1419640911284));
#12807=CARTESIAN_POINT('Origin',(-60.35,-9.64241131330614E-16,0.));
#12808=CARTESIAN_POINT('',(16.1209176445393,0.,75.919495028215));
#12809=CARTESIAN_POINT('',(-14.1593470837323,0.,-76.3096756722474));
#12810=CARTESIAN_POINT('Origin',(-50.95,-11.,0.));
#12811=CARTESIAN_POINT('Origin',(-16.1209176445388,-1.,-75.9194950282151));
#12812=CARTESIAN_POINT('',(-16.1209176445388,-1.,-75.9194950282151));
#12813=CARTESIAN_POINT('Origin',(-14.1593470837323,-1.,-76.3096756722474));
#12814=CARTESIAN_POINT('',(-14.1593470837323,-1.,-76.3096756722474));
#12815=CARTESIAN_POINT('Origin',(-12.6116277480143,-1.,-58.2771033420991));
#12816=CARTESIAN_POINT('Origin',(16.1209176445393,-1.,75.919495028215));
#12817=CARTESIAN_POINT('',(16.1209176445393,-1.,75.919495028215));
#12818=CARTESIAN_POINT('Origin',(14.1593470837329,-1.,76.3096756722473));
#12819=CARTESIAN_POINT('',(14.1593470837329,-1.,76.3096756722473));
#12820=CARTESIAN_POINT('Origin',(12.6116277480147,-1.,58.277103342099));
#12821=CARTESIAN_POINT('',(0.,0.,0.));
#12822=CARTESIAN_POINT('Origin',(0.000427606615468501,0.768336647102936,
0.));
#12823=CARTESIAN_POINT('',(-24.571413577318,0.768336647102961,-20.5326156445185));
#12824=CARTESIAN_POINT('Origin',(-55.5307311585351,0.76833664710299,5.44533631938114));
#12825=CARTESIAN_POINT('',(-26.3405174391018,0.768336647102963,-19.0481612465813));
#12826=CARTESIAN_POINT('Origin',(-55.5307311585351,0.76833664710299,5.44533631938114));
#12827=CARTESIAN_POINT('Origin',(-64.5755555389872,21.218971741714,13.0348451210817));
#12828=CARTESIAN_POINT('',(-66.252511754441,95.0106229877026,14.4419784629696));
#12829=CARTESIAN_POINT('Origin',(-89.4719999403539,77.5106229877025,33.9254424358943));
#12830=CARTESIAN_POINT('',(-41.3560673530743,38.718971741714,-6.44861885184297));
#12831=CARTESIAN_POINT('Origin',(-111.364660229929,61.0106229877026,52.2955656103661));
#12832=CARTESIAN_POINT('',(-67.5793396507789,94.0106229877025,15.5553192614224));
#12833=CARTESIAN_POINT('Origin',(-89.4719999403539,77.5106229877025,33.9254424358943));
#12834=CARTESIAN_POINT('Origin',(-64.5755555389872,21.218971741714,13.0348451210817));
#12835=CARTESIAN_POINT('',(-42.6828952494122,37.7189717417139,-5.3352780533901));
#12836=CARTESIAN_POINT('',(0.,0.,0.));
#12837=CARTESIAN_POINT('Origin',(0.,11.2,-6.5771053120632E-16));
#12838=CARTESIAN_POINT('',(-2.14313189850787E-15,11.2,-17.5));
#12839=CARTESIAN_POINT('Origin',(0.,11.2,-6.5771053120632E-16));
#12840=CARTESIAN_POINT('',(-2.17987130248229E-15,11.5,-17.8));
#12841=CARTESIAN_POINT('',(-2.14313189850787E-15,11.2,-17.5));
#12842=CARTESIAN_POINT('Origin',(0.,11.5,-6.62343153476962E-16));
#12843=CARTESIAN_POINT('Origin',(0.,0.299999999999996,-4.63262227064119E-18));
#12844=CARTESIAN_POINT('',(-2.35132185436292E-15,0.299999999999997,19.2));
#12845=CARTESIAN_POINT('Origin',(0.,0.299999999999996,-4.63262227064119E-18));
#12846=CARTESIAN_POINT('',(-2.38806125833734E-15,-4.37150315946155E-15,
19.5));
#12847=CARTESIAN_POINT('',(-2.35132185436292E-15,0.299999999999996,19.2));
#12848=CARTESIAN_POINT('Origin',(0.,-2.43864064409175E-15,4.59331500894903E-32));
#12849=CARTESIAN_POINT('Origin',(0.,7.4,-1.14271349342485E-16));
#12850=CARTESIAN_POINT('',(-2.35132185436292E-15,7.4,19.2));
#12851=CARTESIAN_POINT('Origin',(0.,7.4,-1.14271349342485E-16));
#12852=CARTESIAN_POINT('',(-2.35132185436292E-15,7.4,19.2));
#12853=CARTESIAN_POINT('Origin',(-25.4178456010731,12.7,14.6750000000003));
#12854=CARTESIAN_POINT('',(-25.4178456010731,12.4,18.0250000000003));
#12855=CARTESIAN_POINT('',(-25.4178456010731,12.4,11.3250000000003));
#12856=CARTESIAN_POINT('Origin',(-25.4178456010731,12.4,14.6750000000003));
#12857=CARTESIAN_POINT('Origin',(-25.4178456010731,12.4,14.6750000000003));
#12858=CARTESIAN_POINT('',(-25.4178456010731,12.7,11.0250000000003));
#12859=CARTESIAN_POINT('',(-25.4178456010731,12.7,11.0250000000003));
#12860=CARTESIAN_POINT('Origin',(-25.4178456010731,12.7,14.6750000000003));
#12861=CARTESIAN_POINT('Origin',(-25.4178456010731,0.299999999999996,14.6750000000003));
#12862=CARTESIAN_POINT('',(-25.4178456010731,0.299999999999997,18.0250000000003));
#12863=CARTESIAN_POINT('Origin',(-25.4178456010731,0.299999999999996,14.6750000000003));
#12864=CARTESIAN_POINT('',(-25.4178456010731,-2.91433543964104E-15,18.3250000000003));
#12865=CARTESIAN_POINT('',(-25.4178456010731,0.299999999999996,18.0250000000003));
#12866=CARTESIAN_POINT('Origin',(-25.4178456010731,-2.21202820468621E-15,
14.6750000000003));
#12867=CARTESIAN_POINT('Origin',(-25.4178456010734,12.7,-14.6749999999998));
#12868=CARTESIAN_POINT('',(-25.4178456010734,12.4,-11.3249999999998));
#12869=CARTESIAN_POINT('',(-25.4178456010734,12.4,-18.0249999999998));
#12870=CARTESIAN_POINT('Origin',(-25.4178456010734,12.4,-14.6749999999998));
#12871=CARTESIAN_POINT('Origin',(-25.4178456010734,12.4,-14.6749999999998));
#12872=CARTESIAN_POINT('',(-25.4178456010734,12.7,-18.3249999999998));
#12873=CARTESIAN_POINT('',(-25.4178456010734,12.7,-18.3249999999998));
#12874=CARTESIAN_POINT('Origin',(-25.4178456010734,12.7,-14.6749999999998));
#12875=CARTESIAN_POINT('Origin',(-25.4178456010734,0.299999999999996,-14.6749999999998));
#12876=CARTESIAN_POINT('',(-25.4178456010734,0.299999999999997,-11.3249999999998));
#12877=CARTESIAN_POINT('Origin',(-25.4178456010734,0.299999999999996,-14.6749999999998));
#12878=CARTESIAN_POINT('',(-25.4178456010734,-3.78169717762944E-15,-11.0249999999998));
#12879=CARTESIAN_POINT('',(-25.4178456010734,0.299999999999996,-11.3249999999998));
#12880=CARTESIAN_POINT('Origin',(-25.4178456010734,-2.66525308349728E-15,
-14.6749999999998));
#12881=CARTESIAN_POINT('Origin',(-2.04950073297121E-13,12.7,-29.35));
#12882=CARTESIAN_POINT('',(-2.04539816619406E-13,12.4,-26.));
#12883=CARTESIAN_POINT('',(-2.05360329974835E-13,12.4,-32.7));
#12884=CARTESIAN_POINT('Origin',(-2.04950073297121E-13,12.4,-29.35));
#12885=CARTESIAN_POINT('Origin',(-2.04950073297121E-13,12.4,-29.35));
#12886=CARTESIAN_POINT('',(-2.0539706937881E-13,12.7,-33.));
#12887=CARTESIAN_POINT('',(-2.0539706937881E-13,12.7,-33.));
#12888=CARTESIAN_POINT('Origin',(-2.04950073297121E-13,12.7,-29.35));
#12889=CARTESIAN_POINT('Origin',(-2.04950073297121E-13,0.299999999999996,
-29.35));
#12890=CARTESIAN_POINT('',(-2.05360329974835E-13,0.299999999999997,-26.));
#12891=CARTESIAN_POINT('Origin',(-2.04950073297121E-13,0.299999999999996,
-29.35));
#12892=CARTESIAN_POINT('',(-2.0539706937881E-13,-3.43475248243408E-15,-25.7));
#12893=CARTESIAN_POINT('',(-2.05360329974835E-13,0.299999999999996,-26.));
#12894=CARTESIAN_POINT('Origin',(-2.04950073297121E-13,-2.89186552290282E-15,
-29.35));
#12895=CARTESIAN_POINT('Origin',(25.4178456010732,12.7,-14.6750000000001));
#12896=CARTESIAN_POINT('',(25.4178456010732,12.4,-11.3250000000001));
#12897=CARTESIAN_POINT('',(25.4178456010732,12.4,-18.0250000000001));
#12898=CARTESIAN_POINT('Origin',(25.4178456010732,12.4,-14.6750000000001));
#12899=CARTESIAN_POINT('Origin',(25.4178456010732,12.4,-14.6750000000001));
#12900=CARTESIAN_POINT('',(25.4178456010732,12.7,-18.3250000000001));
#12901=CARTESIAN_POINT('',(25.4178456010732,12.7,-18.3250000000001));
#12902=CARTESIAN_POINT('Origin',(25.4178456010732,12.7,-14.6750000000001));
#12903=CARTESIAN_POINT('Origin',(25.4178456010732,0.299999999999996,-14.6750000000001));
#12904=CARTESIAN_POINT('',(25.4178456010732,0.299999999999997,-11.3250000000001));
#12905=CARTESIAN_POINT('Origin',(25.4178456010732,0.299999999999996,-14.6750000000001));
#12906=CARTESIAN_POINT('',(25.4178456010732,-3.46944695195361E-15,-11.0250000000001));
#12907=CARTESIAN_POINT('',(25.4178456010732,0.299999999999996,-11.3250000000001));
#12908=CARTESIAN_POINT('Origin',(25.4178456010732,-2.66525308349729E-15,
-14.6750000000001));
#12909=CARTESIAN_POINT('Origin',(25.4178456010733,12.7,14.6749999999999));
#12910=CARTESIAN_POINT('',(25.4178456010733,12.4,18.0249999999999));
#12911=CARTESIAN_POINT('',(25.4178456010733,12.4,11.3249999999999));
#12912=CARTESIAN_POINT('Origin',(25.4178456010733,12.4,14.6749999999999));
#12913=CARTESIAN_POINT('Origin',(25.4178456010733,12.4,14.6749999999999));
#12914=CARTESIAN_POINT('',(25.4178456010733,12.7,11.0249999999999));
#12915=CARTESIAN_POINT('',(25.4178456010733,12.7,11.0249999999999));
#12916=CARTESIAN_POINT('Origin',(25.4178456010733,12.7,14.6749999999999));
#12917=CARTESIAN_POINT('Origin',(25.4178456010733,0.299999999999983,14.6749999999999));
#12918=CARTESIAN_POINT('',(25.4178456010733,0.299999999999983,18.0249999999999));
#12919=CARTESIAN_POINT('Origin',(25.4178456010733,0.299999999999983,14.6749999999999));
#12920=CARTESIAN_POINT('',(25.4178456010733,-2.8796409701215E-15,18.3249999999999));
#12921=CARTESIAN_POINT('',(25.4178456010733,0.299999999999983,18.0249999999999));
#12922=CARTESIAN_POINT('Origin',(25.4178456010733,-2.21202820468622E-15,
14.6749999999999));
#12923=CARTESIAN_POINT('Origin',(0.,12.7,29.35));
#12924=CARTESIAN_POINT('',(4.10256677714363E-16,12.4,32.7));
#12925=CARTESIAN_POINT('',(-4.10256677714363E-16,12.4,26.));
#12926=CARTESIAN_POINT('Origin',(0.,12.4,29.35));
#12927=CARTESIAN_POINT('Origin',(0.,12.4,29.35));
#12928=CARTESIAN_POINT('',(-4.46996081688782E-16,12.7,25.7));
#12929=CARTESIAN_POINT('',(-4.46996081688782E-16,12.7,25.7));
#12930=CARTESIAN_POINT('Origin',(0.,12.7,29.35));
#12931=CARTESIAN_POINT('Origin',(0.,0.299999999999996,29.35));
#12932=CARTESIAN_POINT('',(-4.10256677714363E-16,0.299999999999997,32.7));
#12933=CARTESIAN_POINT('Origin',(0.,0.299999999999996,29.35));
#12934=CARTESIAN_POINT('',(-4.46996081688784E-16,-3.01841884819964E-15,
33.));
#12935=CARTESIAN_POINT('',(-4.10256677714363E-16,0.299999999999996,32.7));
#12936=CARTESIAN_POINT('Origin',(0.,-1.98541576528068E-15,29.35));
#12937=CARTESIAN_POINT('Origin',(0.,11.2118255958399,-6.57893142935159E-16));
#12938=CARTESIAN_POINT('',(2.92771362348042E-15,11.0238870716827,23.9065959713348));
#12939=CARTESIAN_POINT('',(-2.92771362348043E-15,11.0238870716827,-23.9065959713349));
#12940=CARTESIAN_POINT('Origin',(0.,11.0238870716827,-6.54990982293419E-16));
#12941=CARTESIAN_POINT('Origin',(0.,11.0238870716827,-6.54990982293419E-16));
#12942=CARTESIAN_POINT('',(-2.96058363693873E-15,11.2118255958399,-24.175));
#12943=CARTESIAN_POINT('Origin',(-2.93609070095578E-15,11.2118255958399,
-23.975));
#12944=CARTESIAN_POINT('',(-11.211128907145,11.2118255958399,-21.4182448773792));
#12945=CARTESIAN_POINT('Origin',(0.,11.2118255958399,-6.57893142935159E-16));
#12946=CARTESIAN_POINT('',(-11.2109537983178,11.2,-21.4179415799936));
#12947=CARTESIAN_POINT('Origin',(-11.1112146073423,11.2118156406471,-21.2451846709329));
#12948=CARTESIAN_POINT('',(-12.9430046058867,11.2,-20.4179415799936));
#12949=CARTESIAN_POINT('Origin',(0.,11.2,-6.57893142935159E-16));
#12950=CARTESIAN_POINT('',(-12.9431797147139,11.2118255958399,-20.4182448773791));
#12951=CARTESIAN_POINT('Origin',(-12.843262318221,11.2118156410374,-20.2451864328917));
#12952=CARTESIAN_POINT('Origin',(0.,11.2118255958399,-6.57893142935159E-16));
#12953=CARTESIAN_POINT('Origin',(0.,0.399999999999987,-4.90936129463235E-16));
#12954=CARTESIAN_POINT('',(-4.28626379701574E-15,0.399999999999988,-35.));
#12955=CARTESIAN_POINT('Origin',(0.,0.399999999999987,-4.90936129463235E-16));
#12956=CARTESIAN_POINT('',(-4.23727792504984E-15,-1.38777878078145E-15,
-34.6));
#12957=CARTESIAN_POINT('',(-4.28626379701574E-15,0.399999999999987,-35.));
#12958=CARTESIAN_POINT('Origin',(0.,-2.43864064409175E-15,-4.84759299769047E-16));
#12959=CARTESIAN_POINT('Origin',(0.,12.7,-6.80873642559527E-16));
#12960=CARTESIAN_POINT('',(-18.1587984607583,12.7,-29.4519615384368));
#12961=CARTESIAN_POINT('',(-16.4267476531894,12.7,-30.4519615384368));
#12962=CARTESIAN_POINT('Origin',(0.,12.7,-6.80873642559527E-16));
#12963=CARTESIAN_POINT('',(-18.3588810883204,12.3,-29.7985148150862));
#12964=CARTESIAN_POINT('',(-18.3588810883204,12.3,-29.7985148150862));
#12965=CARTESIAN_POINT('',(-4.28626379701574E-15,12.3,-35.));
#12966=CARTESIAN_POINT('Origin',(0.,12.3,-6.74696812865339E-16));
#12967=CARTESIAN_POINT('',(-16.6268302807515,12.3,-30.7985148150862));
#12968=CARTESIAN_POINT('Origin',(0.,12.3,-6.74696812865339E-16));
#12969=CARTESIAN_POINT('',(-16.4267476531894,12.7,-30.4519615384368));
#12970=CARTESIAN_POINT('Origin',(-25.4178456010731,12.7,14.6750000000003));
#12971=CARTESIAN_POINT('',(-25.4178456010731,12.7,18.0250000000003));
#12972=CARTESIAN_POINT('Origin',(-25.4178456010734,12.7,-14.6749999999998));
#12973=CARTESIAN_POINT('',(-25.4178456010734,12.7,-11.3249999999998));
#12974=CARTESIAN_POINT('Origin',(-2.04950073297121E-13,12.7,-29.35));
#12975=CARTESIAN_POINT('',(-2.05360329974835E-13,12.7,-26.));
#12976=CARTESIAN_POINT('Origin',(25.4178456010732,12.7,-14.6750000000001));
#12977=CARTESIAN_POINT('',(25.4178456010732,12.7,-11.3250000000001));
#12978=CARTESIAN_POINT('Origin',(25.4178456010733,12.7,14.6749999999999));
#12979=CARTESIAN_POINT('',(25.4178456010733,12.7,18.0249999999999));
#12980=CARTESIAN_POINT('Origin',(0.,12.7,29.35));
#12981=CARTESIAN_POINT('',(-4.10256677714363E-16,12.7,32.7));
#12982=CARTESIAN_POINT('Origin',(0.,11.5,-6.62343153476962E-16));
#12983=CARTESIAN_POINT('',(-2.53889094527096E-15,11.5,-20.7316178594403));
#12984=CARTESIAN_POINT('Origin',(0.,11.5,-6.62343153476962E-16));
#12985=CARTESIAN_POINT('',(-2.5656350442137E-15,12.1,-20.95));
#12986=CARTESIAN_POINT('',(-2.53889094527096E-15,11.5,-20.7316178594403));
#12987=CARTESIAN_POINT('',(2.74667433384707E-15,12.1,20.95));
#12988=CARTESIAN_POINT('Origin',(0.,12.1,-6.71608398018245E-16));
#12989=CARTESIAN_POINT('Origin',(0.,12.1,-6.71608398018245E-16));
#12990=CARTESIAN_POINT('Origin',(0.,12.1,-6.71608398018245E-16));
#12991=CARTESIAN_POINT('',(-2.5656350442137E-15,12.1,20.95));
#12992=CARTESIAN_POINT('Origin',(0.,31.3921104365332,-9.69518599538093E-16));
#12993=CARTESIAN_POINT('',(-12.9431797147139,12.7,-20.4182448773791));
#12994=CARTESIAN_POINT('',(-12.9431797147139,31.3921104365332,-20.4182448773792));
#12995=CARTESIAN_POINT('',(-11.211128907145,12.7,-21.4182448773792));
#12996=CARTESIAN_POINT('Origin',(0.,12.7,-6.80873642559527E-16));
#12997=CARTESIAN_POINT('',(-11.211128907145,31.3921104365332,-21.4182448773792));
#12998=CARTESIAN_POINT('Origin',(0.,31.3921104365332,-9.69518599538093E-16));
#12999=CARTESIAN_POINT('',(-4.28626379701574E-15,31.3921104365332,-35.));
#13000=CARTESIAN_POINT('',(-18.3588810883204,11.2,-29.7985148150862));
#13001=CARTESIAN_POINT('',(-18.3588810883204,31.3921104365332,-29.7985148150862));
#13002=CARTESIAN_POINT('',(-16.6268302807515,11.2,-30.7985148150862));
#13003=CARTESIAN_POINT('Origin',(0.,11.2,-6.57710531206321E-16));
#13004=CARTESIAN_POINT('',(-16.6268302807515,31.3921104365332,-30.7985148150862));
#13005=CARTESIAN_POINT('Origin',(0.,-3.46944695195361E-15,-4.84759299769047E-16));
#13006=CARTESIAN_POINT('',(-2.14313189850787E-15,7.4,-17.5));
#13007=CARTESIAN_POINT('Origin',(0.,7.4,-5.99030649111531E-16));
#13008=CARTESIAN_POINT('',(-2.14313189850787E-15,-3.73968325107435E-15,
-17.5));
#13009=CARTESIAN_POINT('Origin',(0.,-2.43864064409175E-15,3.76576698597013E-32));
#13010=CARTESIAN_POINT('Origin',(0.,12.7,35.));
#13011=CARTESIAN_POINT('',(-18.7780777094355,12.7,-30.5245846612189));
#13012=CARTESIAN_POINT('',(-17.0460269018667,12.7,-31.5245846612189));
#13013=CARTESIAN_POINT('Origin',(0.,11.5,20.7316178594403));
#13014=CARTESIAN_POINT('Origin',(-12.7260463016631,11.2,-20.0421587739544));
#13015=CARTESIAN_POINT('',(-18.7780777094355,11.2,-30.5245846612189));
#13016=CARTESIAN_POINT('',(-17.0460269018667,11.2,-31.5245846612189));
#13017=CARTESIAN_POINT('Origin',(-18.7780777094355,11.2,-30.5245846612189));
#13018=CARTESIAN_POINT('Origin',(-17.0460269018667,11.2,-31.5245846612189));
#13019=CARTESIAN_POINT('Origin',(0.,7.4,-1.14271349342485E-16));
#13020=CARTESIAN_POINT('',(0.,0.,0.));
#13021=CARTESIAN_POINT('Origin',(0.,6.20000000000001,0.));
#13022=CARTESIAN_POINT('',(-1.00421037530083E-15,6.20000000000001,-8.2));
#13023=CARTESIAN_POINT('Origin',(0.,6.20000000000001,0.));
#13024=CARTESIAN_POINT('',(-1.02870331128378E-15,6.4,-8.39999999999999));
#13025=CARTESIAN_POINT('',(-1.00421037530083E-15,6.20000000000001,-8.2));
#13026=CARTESIAN_POINT('Origin',(0.,6.4,0.));
#13027=CARTESIAN_POINT('Origin',(0.,0.299999999999989,0.));
#13028=CARTESIAN_POINT('',(-1.17566092718146E-15,0.299999999999989,9.6));
#13029=CARTESIAN_POINT('Origin',(0.,0.299999999999989,0.));
#13030=CARTESIAN_POINT('',(-1.21240033115588E-15,-1.70002900645727E-15,
9.89999999999999));
#13031=CARTESIAN_POINT('',(-1.17566092718146E-15,0.299999999999989,9.6));
#13032=CARTESIAN_POINT('Origin',(0.,-1.04094977927525E-15,0.));
#13033=CARTESIAN_POINT('Origin',(0.,2.9,0.));
#13034=CARTESIAN_POINT('',(-1.17566092718146E-15,2.9,9.6));
#13035=CARTESIAN_POINT('Origin',(0.,2.9,0.));
#13036=CARTESIAN_POINT('',(-1.17566092718146E-15,2.9,9.6));
#13037=CARTESIAN_POINT('Origin',(-11.6913429510899,7.6,6.74999999999997));
#13038=CARTESIAN_POINT('',(-11.6913429510899,7.30000000000002,8.94999999999997));
#13039=CARTESIAN_POINT('',(-11.6913429510899,7.30000000000002,4.54999999999997));
#13040=CARTESIAN_POINT('Origin',(-11.6913429510899,7.30000000000002,6.74999999999997));
#13041=CARTESIAN_POINT('Origin',(-11.6913429510899,7.30000000000002,6.74999999999997));
#13042=CARTESIAN_POINT('',(-11.6913429510899,7.6,4.25));
#13043=CARTESIAN_POINT('',(-11.6913429510899,7.6,4.25));
#13044=CARTESIAN_POINT('Origin',(-11.6913429510899,7.6,6.74999999999997));
#13045=CARTESIAN_POINT('Origin',(-11.6913429510899,0.300000000000029,6.74999999999997));
#13046=CARTESIAN_POINT('',(-11.6913429510899,0.300000000000029,8.94999999999997));
#13047=CARTESIAN_POINT('Origin',(-11.6913429510899,0.300000000000029,6.74999999999997));
#13048=CARTESIAN_POINT('',(-11.6913429510899,-8.67361737988404E-16,9.25));
#13049=CARTESIAN_POINT('',(-11.6913429510899,0.300000000000029,8.94999999999997));
#13050=CARTESIAN_POINT('Origin',(-11.6913429510899,-1.04094977927525E-15,
6.74999999999997));
#13051=CARTESIAN_POINT('Origin',(0.,7.6,13.5));
#13052=CARTESIAN_POINT('',(2.69422295812418E-16,7.30000000000002,15.7));
#13053=CARTESIAN_POINT('',(-2.69422295812418E-16,7.30000000000002,11.3));
#13054=CARTESIAN_POINT('Origin',(0.,7.30000000000002,13.5));
#13055=CARTESIAN_POINT('Origin',(0.,7.30000000000002,13.5));
#13056=CARTESIAN_POINT('',(-3.06161699786836E-16,7.6,11.));
#13057=CARTESIAN_POINT('',(-3.06161699786836E-16,7.6,11.));
#13058=CARTESIAN_POINT('Origin',(0.,7.6,13.5));
#13059=CARTESIAN_POINT('Origin',(0.,0.300000000000029,13.5));
#13060=CARTESIAN_POINT('',(-2.69422295812418E-16,0.300000000000029,15.7));
#13061=CARTESIAN_POINT('Origin',(0.,0.300000000000029,13.5));
#13062=CARTESIAN_POINT('',(-3.06161699786842E-16,-8.67361737988404E-16,
16.));
#13063=CARTESIAN_POINT('',(-2.69422295812418E-16,0.300000000000029,15.7));
#13064=CARTESIAN_POINT('Origin',(0.,-1.04094977927525E-15,13.5));
#13065=CARTESIAN_POINT('Origin',(11.6913429510898,7.6,6.75000000000014));
#13066=CARTESIAN_POINT('',(11.6913429510898,7.30000000000003,8.95000000000014));
#13067=CARTESIAN_POINT('',(11.6913429510898,7.30000000000002,4.55000000000013));
#13068=CARTESIAN_POINT('Origin',(11.6913429510898,7.30000000000003,6.75000000000014));
#13069=CARTESIAN_POINT('Origin',(11.6913429510898,7.30000000000003,6.75000000000014));
#13070=CARTESIAN_POINT('',(11.6913429510898,7.6,4.25000000000016));
#13071=CARTESIAN_POINT('',(11.6913429510898,7.6,4.25000000000016));
#13072=CARTESIAN_POINT('Origin',(11.6913429510898,7.6,6.75000000000014));
#13073=CARTESIAN_POINT('Origin',(11.6913429510898,0.300000000000022,6.75000000000014));
#13074=CARTESIAN_POINT('',(11.6913429510898,0.300000000000022,8.95000000000014));
#13075=CARTESIAN_POINT('Origin',(11.6913429510898,0.300000000000022,6.75000000000014));
#13076=CARTESIAN_POINT('',(11.6913429510898,-1.80411241501588E-15,9.25000000000016));
#13077=CARTESIAN_POINT('',(11.6913429510898,0.300000000000022,8.95000000000014));
#13078=CARTESIAN_POINT('Origin',(11.6913429510898,-1.04094977927525E-15,
6.75000000000014));
#13079=CARTESIAN_POINT('Origin',(11.69134295109,7.6,-6.74999999999989));
#13080=CARTESIAN_POINT('',(11.69134295109,7.30000000000001,-4.54999999999989));
#13081=CARTESIAN_POINT('',(11.69134295109,7.30000000000001,-8.94999999999989));
#13082=CARTESIAN_POINT('Origin',(11.69134295109,7.30000000000001,-6.74999999999989));
#13083=CARTESIAN_POINT('Origin',(11.69134295109,7.30000000000001,-6.74999999999989));
#13084=CARTESIAN_POINT('',(11.69134295109,7.6,-9.24999999999988));
#13085=CARTESIAN_POINT('',(11.69134295109,7.6,-9.24999999999988));
#13086=CARTESIAN_POINT('Origin',(11.69134295109,7.6,-6.74999999999989));
#13087=CARTESIAN_POINT('Origin',(11.69134295109,0.300000000000022,-6.74999999999989));
#13088=CARTESIAN_POINT('',(11.69134295109,0.300000000000023,-4.54999999999989));
#13089=CARTESIAN_POINT('Origin',(11.69134295109,0.300000000000022,-6.74999999999989));
#13090=CARTESIAN_POINT('',(11.69134295109,-8.67361737988404E-16,-4.24999999999986));
#13091=CARTESIAN_POINT('',(11.69134295109,0.300000000000022,-4.54999999999989));
#13092=CARTESIAN_POINT('Origin',(11.69134295109,-1.04094977927525E-15,-6.74999999999989));
#13093=CARTESIAN_POINT('Origin',(9.42700507499533E-14,7.6,-13.5));
#13094=CARTESIAN_POINT('',(9.45394730457657E-14,7.30000000000002,-11.3));
#13095=CARTESIAN_POINT('',(9.40006284541409E-14,7.30000000000002,-15.7));
#13096=CARTESIAN_POINT('Origin',(9.42700507499533E-14,7.30000000000002,
-13.5));
#13097=CARTESIAN_POINT('Origin',(9.42700507499533E-14,7.30000000000002,
-13.5));
#13098=CARTESIAN_POINT('',(9.39638890501665E-14,7.6,-16.));
#13099=CARTESIAN_POINT('',(9.39638890501665E-14,7.6,-16.));
#13100=CARTESIAN_POINT('Origin',(9.42700507499533E-14,7.6,-13.5));
#13101=CARTESIAN_POINT('Origin',(9.42700507499533E-14,0.300000000000029,
-13.5));
#13102=CARTESIAN_POINT('',(9.40006284541409E-14,0.300000000000029,-11.3));
#13103=CARTESIAN_POINT('Origin',(9.42700507499533E-14,0.300000000000029,
-13.5));
#13104=CARTESIAN_POINT('',(9.39638890501665E-14,-1.83880688453542E-15,-11.));
#13105=CARTESIAN_POINT('',(9.40006284541409E-14,0.300000000000029,-11.3));
#13106=CARTESIAN_POINT('Origin',(9.42700507499533E-14,-1.04094977927525E-15,
-13.5));
#13107=CARTESIAN_POINT('Origin',(-11.6913429510899,7.6,-6.75000000000006));
#13108=CARTESIAN_POINT('',(-11.6913429510899,7.30000000000002,-4.55000000000006));
#13109=CARTESIAN_POINT('',(-11.6913429510899,7.30000000000001,-8.95000000000006));
#13110=CARTESIAN_POINT('Origin',(-11.6913429510899,7.30000000000002,-6.75000000000006));
#13111=CARTESIAN_POINT('Origin',(-11.6913429510899,7.30000000000002,-6.75000000000006));
#13112=CARTESIAN_POINT('',(-11.6913429510899,7.6,-9.25000000000004));
#13113=CARTESIAN_POINT('',(-11.6913429510899,7.6,-9.25000000000004));
#13114=CARTESIAN_POINT('Origin',(-11.6913429510899,7.6,-6.75000000000006));
#13115=CARTESIAN_POINT('Origin',(-11.6913429510899,0.300000000000008,-6.75000000000006));
#13116=CARTESIAN_POINT('',(-11.6913429510899,0.300000000000008,-4.55000000000006));
#13117=CARTESIAN_POINT('Origin',(-11.6913429510899,0.300000000000008,-6.75000000000006));
#13118=CARTESIAN_POINT('',(-11.6913429510899,-1.70002900645727E-15,-4.25000000000004));
#13119=CARTESIAN_POINT('',(-11.6913429510899,0.300000000000008,-4.55000000000006));
#13120=CARTESIAN_POINT('Origin',(-11.6913429510899,-1.04094977927525E-15,
-6.75000000000006));
#13121=CARTESIAN_POINT('Origin',(11.6913429510898,7.6,6.75000000000014));
#13122=CARTESIAN_POINT('',(11.6913429510898,7.6,8.95000000000014));
#13123=CARTESIAN_POINT('Origin',(11.69134295109,7.6,-6.74999999999989));
#13124=CARTESIAN_POINT('',(11.69134295109,7.6,-4.54999999999989));
#13125=CARTESIAN_POINT('Origin',(9.42700507499533E-14,7.6,-13.5));
#13126=CARTESIAN_POINT('',(9.40006284541409E-14,7.6,-11.3));
#13127=CARTESIAN_POINT('Origin',(-11.6913429510899,7.6,-6.75000000000006));
#13128=CARTESIAN_POINT('',(-11.6913429510899,7.6,-4.55000000000006));
#13129=CARTESIAN_POINT('Origin',(-11.6913429510899,7.6,6.74999999999997));
#13130=CARTESIAN_POINT('',(-11.6913429510899,7.6,8.94999999999997));
#13131=CARTESIAN_POINT('Origin',(0.,7.6,13.5));
#13132=CARTESIAN_POINT('',(-2.69422295812418E-16,7.6,15.7));
#13133=CARTESIAN_POINT('Origin',(0.,0.300000000000009,0.));
#13134=CARTESIAN_POINT('',(-2.0818995585505E-15,0.300000000000009,-17.));
#13135=CARTESIAN_POINT('Origin',(0.,0.300000000000009,0.));
#13136=CARTESIAN_POINT('',(-2.04516015457608E-15,-7.28583859910259E-16,
-16.7));
#13137=CARTESIAN_POINT('',(-2.0818995585505E-15,0.300000000000009,-17.));
#13138=CARTESIAN_POINT('Origin',(0.,-1.04094977927525E-15,0.));
#13139=CARTESIAN_POINT('Origin',(0.,7.6,0.));
#13140=CARTESIAN_POINT('',(2.0818995585505E-15,7.29999999999999,-17.));
#13141=CARTESIAN_POINT('',(-2.0818995585505E-15,7.3,17.));
#13142=CARTESIAN_POINT('Origin',(0.,7.29999999999999,0.));
#13143=CARTESIAN_POINT('Origin',(0.,7.29999999999999,0.));
#13144=CARTESIAN_POINT('',(-2.04516015457608E-15,7.6,16.7));
#13145=CARTESIAN_POINT('',(-2.04516015457608E-15,7.6,16.7));
#13146=CARTESIAN_POINT('Origin',(0.,7.6,0.));
#13147=CARTESIAN_POINT('Origin',(0.,6.4,0.));
#13148=CARTESIAN_POINT('',(-1.09380772227709E-15,6.4,-8.93161785944027));
#13149=CARTESIAN_POINT('Origin',(0.,6.4,0.));
#13150=CARTESIAN_POINT('',(-1.12055182121983E-15,7.,-9.15));
#13151=CARTESIAN_POINT('',(-1.09380772227709E-15,6.4,-8.93161785944027));
#13152=CARTESIAN_POINT('',(1.21852356515162E-15,7.,9.15));
#13153=CARTESIAN_POINT('Origin',(0.,7.,0.));
#13154=CARTESIAN_POINT('Origin',(0.,7.,0.));
#13155=CARTESIAN_POINT('Origin',(0.,7.,0.));
#13156=CARTESIAN_POINT('',(1.3164953090834E-15,6.41764762517406,-10.75));
#13157=CARTESIAN_POINT('',(-1.3164953090834E-15,6.41764762517406,10.75));
#13158=CARTESIAN_POINT('Origin',(0.,6.41764762517406,0.));
#13159=CARTESIAN_POINT('',(-1.12055182121983E-15,7.,9.15));
#13160=CARTESIAN_POINT('Origin',(0.,6.41764762517406,0.));
#13161=CARTESIAN_POINT('Origin',(0.,53.8353387124258,0.));
#13162=CARTESIAN_POINT('',(-1.3164953090834E-15,7.6,-10.75));
#13163=CARTESIAN_POINT('',(-1.3164953090834E-15,53.8353387124258,-10.75));
#13164=CARTESIAN_POINT('Origin',(0.,7.6,0.));
#13165=CARTESIAN_POINT('Origin',(0.,53.8353387124258,0.));
#13166=CARTESIAN_POINT('',(-2.0818995585505E-15,53.8353387124258,-17.));
#13167=CARTESIAN_POINT('Origin',(0.,-8.67361737988404E-16,0.));
#13168=CARTESIAN_POINT('',(-1.00421037530083E-15,2.9,-8.2));
#13169=CARTESIAN_POINT('Origin',(0.,2.9,0.));
#13170=CARTESIAN_POINT('',(-1.00421037530083E-15,-8.67361737988404E-16,
-8.2));
#13171=CARTESIAN_POINT('Origin',(0.,-1.04094977927525E-15,0.));
#13172=CARTESIAN_POINT('Origin',(0.,7.6,17.));
#13173=CARTESIAN_POINT('Origin',(0.,6.4,8.93161785944027));
#13174=CARTESIAN_POINT('Origin',(0.,2.9,0.));
#13175=CARTESIAN_POINT('',(0.,0.,0.));
#13176=CARTESIAN_POINT('Origin',(0.,6.20000000000001,0.));
#13177=CARTESIAN_POINT('',(-1.00421037530083E-15,6.20000000000001,-8.2));
#13178=CARTESIAN_POINT('Origin',(0.,6.20000000000001,0.));
#13179=CARTESIAN_POINT('',(-1.02870331128378E-15,6.4,-8.39999999999999));
#13180=CARTESIAN_POINT('',(-1.00421037530083E-15,6.20000000000001,-8.2));
#13181=CARTESIAN_POINT('Origin',(0.,6.4,0.));
#13182=CARTESIAN_POINT('Origin',(0.,0.299999999999989,0.));
#13183=CARTESIAN_POINT('',(-1.17566092718146E-15,0.299999999999989,9.6));
#13184=CARTESIAN_POINT('Origin',(0.,0.299999999999989,0.));
#13185=CARTESIAN_POINT('',(-1.21240033115588E-15,-1.70002900645727E-15,
9.89999999999999));
#13186=CARTESIAN_POINT('',(-1.17566092718146E-15,0.299999999999989,9.6));
#13187=CARTESIAN_POINT('Origin',(0.,-1.04094977927525E-15,0.));
#13188=CARTESIAN_POINT('Origin',(0.,2.9,0.));
#13189=CARTESIAN_POINT('',(-1.17566092718146E-15,2.9,9.6));
#13190=CARTESIAN_POINT('Origin',(0.,2.9,0.));
#13191=CARTESIAN_POINT('',(-1.17566092718146E-15,2.9,9.6));
#13192=CARTESIAN_POINT('Origin',(-11.6913429510899,7.6,6.74999999999997));
#13193=CARTESIAN_POINT('',(-11.6913429510899,7.30000000000002,8.94999999999997));
#13194=CARTESIAN_POINT('',(-11.6913429510899,7.30000000000002,4.54999999999997));
#13195=CARTESIAN_POINT('Origin',(-11.6913429510899,7.30000000000002,6.74999999999997));
#13196=CARTESIAN_POINT('Origin',(-11.6913429510899,7.30000000000002,6.74999999999997));
#13197=CARTESIAN_POINT('',(-11.6913429510899,7.6,4.25));
#13198=CARTESIAN_POINT('',(-11.6913429510899,7.6,4.25));
#13199=CARTESIAN_POINT('Origin',(-11.6913429510899,7.6,6.74999999999997));
#13200=CARTESIAN_POINT('Origin',(-11.6913429510899,0.300000000000029,6.74999999999997));
#13201=CARTESIAN_POINT('',(-11.6913429510899,0.300000000000029,8.94999999999997));
#13202=CARTESIAN_POINT('Origin',(-11.6913429510899,0.300000000000029,6.74999999999997));
#13203=CARTESIAN_POINT('',(-11.6913429510899,-8.67361737988404E-16,9.25));
#13204=CARTESIAN_POINT('',(-11.6913429510899,0.300000000000029,8.94999999999997));
#13205=CARTESIAN_POINT('Origin',(-11.6913429510899,-1.04094977927525E-15,
6.74999999999997));
#13206=CARTESIAN_POINT('Origin',(0.,7.6,13.5));
#13207=CARTESIAN_POINT('',(2.69422295812418E-16,7.30000000000002,15.7));
#13208=CARTESIAN_POINT('',(-2.69422295812418E-16,7.30000000000002,11.3));
#13209=CARTESIAN_POINT('Origin',(0.,7.30000000000002,13.5));
#13210=CARTESIAN_POINT('Origin',(0.,7.30000000000002,13.5));
#13211=CARTESIAN_POINT('',(-3.06161699786836E-16,7.6,11.));
#13212=CARTESIAN_POINT('',(-3.06161699786836E-16,7.6,11.));
#13213=CARTESIAN_POINT('Origin',(0.,7.6,13.5));
#13214=CARTESIAN_POINT('Origin',(0.,0.300000000000029,13.5));
#13215=CARTESIAN_POINT('',(-2.69422295812418E-16,0.300000000000029,15.7));
#13216=CARTESIAN_POINT('Origin',(0.,0.300000000000029,13.5));
#13217=CARTESIAN_POINT('',(-3.06161699786842E-16,-8.67361737988404E-16,
16.));
#13218=CARTESIAN_POINT('',(-2.69422295812418E-16,0.300000000000029,15.7));
#13219=CARTESIAN_POINT('Origin',(0.,-1.04094977927525E-15,13.5));
#13220=CARTESIAN_POINT('Origin',(11.6913429510898,7.6,6.75000000000014));
#13221=CARTESIAN_POINT('',(11.6913429510898,7.30000000000003,8.95000000000014));
#13222=CARTESIAN_POINT('',(11.6913429510898,7.30000000000002,4.55000000000013));
#13223=CARTESIAN_POINT('Origin',(11.6913429510898,7.30000000000003,6.75000000000014));
#13224=CARTESIAN_POINT('Origin',(11.6913429510898,7.30000000000003,6.75000000000014));
#13225=CARTESIAN_POINT('',(11.6913429510898,7.6,4.25000000000016));
#13226=CARTESIAN_POINT('',(11.6913429510898,7.6,4.25000000000016));
#13227=CARTESIAN_POINT('Origin',(11.6913429510898,7.6,6.75000000000014));
#13228=CARTESIAN_POINT('Origin',(11.6913429510898,0.300000000000022,6.75000000000014));
#13229=CARTESIAN_POINT('',(11.6913429510898,0.300000000000022,8.95000000000014));
#13230=CARTESIAN_POINT('Origin',(11.6913429510898,0.300000000000022,6.75000000000014));
#13231=CARTESIAN_POINT('',(11.6913429510898,-1.80411241501588E-15,9.25000000000016));
#13232=CARTESIAN_POINT('',(11.6913429510898,0.300000000000022,8.95000000000014));
#13233=CARTESIAN_POINT('Origin',(11.6913429510898,-1.04094977927525E-15,
6.75000000000014));
#13234=CARTESIAN_POINT('Origin',(11.69134295109,7.6,-6.74999999999989));
#13235=CARTESIAN_POINT('',(11.69134295109,7.30000000000001,-4.54999999999989));
#13236=CARTESIAN_POINT('',(11.69134295109,7.30000000000001,-8.94999999999989));
#13237=CARTESIAN_POINT('Origin',(11.69134295109,7.30000000000001,-6.74999999999989));
#13238=CARTESIAN_POINT('Origin',(11.69134295109,7.30000000000001,-6.74999999999989));
#13239=CARTESIAN_POINT('',(11.69134295109,7.6,-9.24999999999988));
#13240=CARTESIAN_POINT('',(11.69134295109,7.6,-9.24999999999988));
#13241=CARTESIAN_POINT('Origin',(11.69134295109,7.6,-6.74999999999989));
#13242=CARTESIAN_POINT('Origin',(11.69134295109,0.300000000000022,-6.74999999999989));
#13243=CARTESIAN_POINT('',(11.69134295109,0.300000000000023,-4.54999999999989));
#13244=CARTESIAN_POINT('Origin',(11.69134295109,0.300000000000022,-6.74999999999989));
#13245=CARTESIAN_POINT('',(11.69134295109,-8.67361737988404E-16,-4.24999999999986));
#13246=CARTESIAN_POINT('',(11.69134295109,0.300000000000022,-4.54999999999989));
#13247=CARTESIAN_POINT('Origin',(11.69134295109,-1.04094977927525E-15,-6.74999999999989));
#13248=CARTESIAN_POINT('Origin',(9.42700507499533E-14,7.6,-13.5));
#13249=CARTESIAN_POINT('',(9.45394730457657E-14,7.30000000000002,-11.3));
#13250=CARTESIAN_POINT('',(9.40006284541409E-14,7.30000000000002,-15.7));
#13251=CARTESIAN_POINT('Origin',(9.42700507499533E-14,7.30000000000002,
-13.5));
#13252=CARTESIAN_POINT('Origin',(9.42700507499533E-14,7.30000000000002,
-13.5));
#13253=CARTESIAN_POINT('',(9.39638890501665E-14,7.6,-16.));
#13254=CARTESIAN_POINT('',(9.39638890501665E-14,7.6,-16.));
#13255=CARTESIAN_POINT('Origin',(9.42700507499533E-14,7.6,-13.5));
#13256=CARTESIAN_POINT('Origin',(9.42700507499533E-14,0.300000000000029,
-13.5));
#13257=CARTESIAN_POINT('',(9.40006284541409E-14,0.300000000000029,-11.3));
#13258=CARTESIAN_POINT('Origin',(9.42700507499533E-14,0.300000000000029,
-13.5));
#13259=CARTESIAN_POINT('',(9.39638890501665E-14,-1.83880688453542E-15,-11.));
#13260=CARTESIAN_POINT('',(9.40006284541409E-14,0.300000000000029,-11.3));
#13261=CARTESIAN_POINT('Origin',(9.42700507499533E-14,-1.04094977927525E-15,
-13.5));
#13262=CARTESIAN_POINT('Origin',(-11.6913429510899,7.6,-6.75000000000006));
#13263=CARTESIAN_POINT('',(-11.6913429510899,7.30000000000002,-4.55000000000006));
#13264=CARTESIAN_POINT('',(-11.6913429510899,7.30000000000001,-8.95000000000006));
#13265=CARTESIAN_POINT('Origin',(-11.6913429510899,7.30000000000002,-6.75000000000006));
#13266=CARTESIAN_POINT('Origin',(-11.6913429510899,7.30000000000002,-6.75000000000006));
#13267=CARTESIAN_POINT('',(-11.6913429510899,7.6,-9.25000000000004));
#13268=CARTESIAN_POINT('',(-11.6913429510899,7.6,-9.25000000000004));
#13269=CARTESIAN_POINT('Origin',(-11.6913429510899,7.6,-6.75000000000006));
#13270=CARTESIAN_POINT('Origin',(-11.6913429510899,0.300000000000008,-6.75000000000006));
#13271=CARTESIAN_POINT('',(-11.6913429510899,0.300000000000008,-4.55000000000006));
#13272=CARTESIAN_POINT('Origin',(-11.6913429510899,0.300000000000008,-6.75000000000006));
#13273=CARTESIAN_POINT('',(-11.6913429510899,-1.70002900645727E-15,-4.25000000000004));
#13274=CARTESIAN_POINT('',(-11.6913429510899,0.300000000000008,-4.55000000000006));
#13275=CARTESIAN_POINT('Origin',(-11.6913429510899,-1.04094977927525E-15,
-6.75000000000006));
#13276=CARTESIAN_POINT('Origin',(11.6913429510898,7.6,6.75000000000014));
#13277=CARTESIAN_POINT('',(11.6913429510898,7.6,8.95000000000014));
#13278=CARTESIAN_POINT('Origin',(11.69134295109,7.6,-6.74999999999989));
#13279=CARTESIAN_POINT('',(11.69134295109,7.6,-4.54999999999989));
#13280=CARTESIAN_POINT('Origin',(9.42700507499533E-14,7.6,-13.5));
#13281=CARTESIAN_POINT('',(9.40006284541409E-14,7.6,-11.3));
#13282=CARTESIAN_POINT('Origin',(-11.6913429510899,7.6,-6.75000000000006));
#13283=CARTESIAN_POINT('',(-11.6913429510899,7.6,-4.55000000000006));
#13284=CARTESIAN_POINT('Origin',(-11.6913429510899,7.6,6.74999999999997));
#13285=CARTESIAN_POINT('',(-11.6913429510899,7.6,8.94999999999997));
#13286=CARTESIAN_POINT('Origin',(0.,7.6,13.5));
#13287=CARTESIAN_POINT('',(-2.69422295812418E-16,7.6,15.7));
#13288=CARTESIAN_POINT('Origin',(0.,0.300000000000009,0.));
#13289=CARTESIAN_POINT('',(-2.0818995585505E-15,0.300000000000009,-17.));
#13290=CARTESIAN_POINT('Origin',(0.,0.300000000000009,0.));
#13291=CARTESIAN_POINT('',(-2.04516015457608E-15,-7.28583859910259E-16,
-16.7));
#13292=CARTESIAN_POINT('',(-2.0818995585505E-15,0.300000000000009,-17.));
#13293=CARTESIAN_POINT('Origin',(0.,-1.04094977927525E-15,0.));
#13294=CARTESIAN_POINT('Origin',(0.,7.6,0.));
#13295=CARTESIAN_POINT('',(2.0818995585505E-15,7.29999999999999,-17.));
#13296=CARTESIAN_POINT('',(-2.0818995585505E-15,7.3,17.));
#13297=CARTESIAN_POINT('Origin',(0.,7.29999999999999,0.));
#13298=CARTESIAN_POINT('Origin',(0.,7.29999999999999,0.));
#13299=CARTESIAN_POINT('',(-2.04516015457608E-15,7.6,16.7));
#13300=CARTESIAN_POINT('',(-2.04516015457608E-15,7.6,16.7));
#13301=CARTESIAN_POINT('Origin',(0.,7.6,0.));
#13302=CARTESIAN_POINT('Origin',(0.,6.4,0.));
#13303=CARTESIAN_POINT('',(-1.09380772227709E-15,6.4,-8.93161785944027));
#13304=CARTESIAN_POINT('Origin',(0.,6.4,0.));
#13305=CARTESIAN_POINT('',(-1.12055182121983E-15,7.,-9.15));
#13306=CARTESIAN_POINT('',(-1.09380772227709E-15,6.4,-8.93161785944027));
#13307=CARTESIAN_POINT('',(1.21852356515162E-15,7.,9.15));
#13308=CARTESIAN_POINT('Origin',(0.,7.,0.));
#13309=CARTESIAN_POINT('Origin',(0.,7.,0.));
#13310=CARTESIAN_POINT('Origin',(0.,7.,0.));
#13311=CARTESIAN_POINT('',(1.3164953090834E-15,6.41764762517406,-10.75));
#13312=CARTESIAN_POINT('',(-1.3164953090834E-15,6.41764762517406,10.75));
#13313=CARTESIAN_POINT('Origin',(0.,6.41764762517406,0.));
#13314=CARTESIAN_POINT('',(-1.12055182121983E-15,7.,9.15));
#13315=CARTESIAN_POINT('Origin',(0.,6.41764762517406,0.));
#13316=CARTESIAN_POINT('Origin',(0.,53.8353387124258,0.));
#13317=CARTESIAN_POINT('',(-1.3164953090834E-15,7.6,-10.75));
#13318=CARTESIAN_POINT('',(-1.3164953090834E-15,53.8353387124258,-10.75));
#13319=CARTESIAN_POINT('Origin',(0.,7.6,0.));
#13320=CARTESIAN_POINT('Origin',(0.,53.8353387124258,0.));
#13321=CARTESIAN_POINT('',(-2.0818995585505E-15,53.8353387124258,-17.));
#13322=CARTESIAN_POINT('Origin',(0.,-8.67361737988404E-16,0.));
#13323=CARTESIAN_POINT('',(-1.00421037530083E-15,2.9,-8.2));
#13324=CARTESIAN_POINT('Origin',(0.,2.9,0.));
#13325=CARTESIAN_POINT('',(-1.00421037530083E-15,-8.67361737988404E-16,
-8.2));
#13326=CARTESIAN_POINT('Origin',(0.,-1.04094977927525E-15,0.));
#13327=CARTESIAN_POINT('Origin',(0.,7.6,17.));
#13328=CARTESIAN_POINT('Origin',(0.,6.4,8.93161785944027));
#13329=CARTESIAN_POINT('Origin',(0.,2.9,0.));
#13330=CARTESIAN_POINT('',(0.,0.,0.));
#13331=CARTESIAN_POINT('Origin',(0.,6.20000000000001,0.));
#13332=CARTESIAN_POINT('',(-1.00421037530083E-15,6.20000000000001,-8.2));
#13333=CARTESIAN_POINT('Origin',(0.,6.20000000000001,0.));
#13334=CARTESIAN_POINT('',(-1.02870331128378E-15,6.4,-8.39999999999999));
#13335=CARTESIAN_POINT('',(-1.00421037530083E-15,6.20000000000001,-8.2));
#13336=CARTESIAN_POINT('Origin',(0.,6.4,0.));
#13337=CARTESIAN_POINT('Origin',(0.,0.299999999999989,0.));
#13338=CARTESIAN_POINT('',(-1.17566092718146E-15,0.299999999999989,9.6));
#13339=CARTESIAN_POINT('Origin',(0.,0.299999999999989,0.));
#13340=CARTESIAN_POINT('',(-1.21240033115588E-15,-1.70002900645727E-15,
9.89999999999999));
#13341=CARTESIAN_POINT('',(-1.17566092718146E-15,0.299999999999989,9.6));
#13342=CARTESIAN_POINT('Origin',(0.,-1.04094977927525E-15,0.));
#13343=CARTESIAN_POINT('Origin',(0.,2.9,0.));
#13344=CARTESIAN_POINT('',(-1.17566092718146E-15,2.9,9.6));
#13345=CARTESIAN_POINT('Origin',(0.,2.9,0.));
#13346=CARTESIAN_POINT('',(-1.17566092718146E-15,2.9,9.6));
#13347=CARTESIAN_POINT('Origin',(-11.6913429510899,7.6,6.74999999999997));
#13348=CARTESIAN_POINT('',(-11.6913429510899,7.30000000000002,8.94999999999997));
#13349=CARTESIAN_POINT('',(-11.6913429510899,7.30000000000002,4.54999999999997));
#13350=CARTESIAN_POINT('Origin',(-11.6913429510899,7.30000000000002,6.74999999999997));
#13351=CARTESIAN_POINT('Origin',(-11.6913429510899,7.30000000000002,6.74999999999997));
#13352=CARTESIAN_POINT('',(-11.6913429510899,7.6,4.25));
#13353=CARTESIAN_POINT('',(-11.6913429510899,7.6,4.25));
#13354=CARTESIAN_POINT('Origin',(-11.6913429510899,7.6,6.74999999999997));
#13355=CARTESIAN_POINT('Origin',(-11.6913429510899,0.300000000000029,6.74999999999997));
#13356=CARTESIAN_POINT('',(-11.6913429510899,0.300000000000029,8.94999999999997));
#13357=CARTESIAN_POINT('Origin',(-11.6913429510899,0.300000000000029,6.74999999999997));
#13358=CARTESIAN_POINT('',(-11.6913429510899,-8.67361737988404E-16,9.25));
#13359=CARTESIAN_POINT('',(-11.6913429510899,0.300000000000029,8.94999999999997));
#13360=CARTESIAN_POINT('Origin',(-11.6913429510899,-1.04094977927525E-15,
6.74999999999997));
#13361=CARTESIAN_POINT('Origin',(0.,7.6,13.5));
#13362=CARTESIAN_POINT('',(2.69422295812418E-16,7.30000000000002,15.7));
#13363=CARTESIAN_POINT('',(-2.69422295812418E-16,7.30000000000002,11.3));
#13364=CARTESIAN_POINT('Origin',(0.,7.30000000000002,13.5));
#13365=CARTESIAN_POINT('Origin',(0.,7.30000000000002,13.5));
#13366=CARTESIAN_POINT('',(-3.06161699786836E-16,7.6,11.));
#13367=CARTESIAN_POINT('',(-3.06161699786836E-16,7.6,11.));
#13368=CARTESIAN_POINT('Origin',(0.,7.6,13.5));
#13369=CARTESIAN_POINT('Origin',(0.,0.300000000000029,13.5));
#13370=CARTESIAN_POINT('',(-2.69422295812418E-16,0.300000000000029,15.7));
#13371=CARTESIAN_POINT('Origin',(0.,0.300000000000029,13.5));
#13372=CARTESIAN_POINT('',(-3.06161699786842E-16,-8.67361737988404E-16,
16.));
#13373=CARTESIAN_POINT('',(-2.69422295812418E-16,0.300000000000029,15.7));
#13374=CARTESIAN_POINT('Origin',(0.,-1.04094977927525E-15,13.5));
#13375=CARTESIAN_POINT('Origin',(11.6913429510898,7.6,6.75000000000014));
#13376=CARTESIAN_POINT('',(11.6913429510898,7.30000000000003,8.95000000000014));
#13377=CARTESIAN_POINT('',(11.6913429510898,7.30000000000002,4.55000000000013));
#13378=CARTESIAN_POINT('Origin',(11.6913429510898,7.30000000000003,6.75000000000014));
#13379=CARTESIAN_POINT('Origin',(11.6913429510898,7.30000000000003,6.75000000000014));
#13380=CARTESIAN_POINT('',(11.6913429510898,7.6,4.25000000000016));
#13381=CARTESIAN_POINT('',(11.6913429510898,7.6,4.25000000000016));
#13382=CARTESIAN_POINT('Origin',(11.6913429510898,7.6,6.75000000000014));
#13383=CARTESIAN_POINT('Origin',(11.6913429510898,0.300000000000022,6.75000000000014));
#13384=CARTESIAN_POINT('',(11.6913429510898,0.300000000000022,8.95000000000014));
#13385=CARTESIAN_POINT('Origin',(11.6913429510898,0.300000000000022,6.75000000000014));
#13386=CARTESIAN_POINT('',(11.6913429510898,-1.80411241501588E-15,9.25000000000016));
#13387=CARTESIAN_POINT('',(11.6913429510898,0.300000000000022,8.95000000000014));
#13388=CARTESIAN_POINT('Origin',(11.6913429510898,-1.04094977927525E-15,
6.75000000000014));
#13389=CARTESIAN_POINT('Origin',(11.69134295109,7.6,-6.74999999999989));
#13390=CARTESIAN_POINT('',(11.69134295109,7.30000000000001,-4.54999999999989));
#13391=CARTESIAN_POINT('',(11.69134295109,7.30000000000001,-8.94999999999989));
#13392=CARTESIAN_POINT('Origin',(11.69134295109,7.30000000000001,-6.74999999999989));
#13393=CARTESIAN_POINT('Origin',(11.69134295109,7.30000000000001,-6.74999999999989));
#13394=CARTESIAN_POINT('',(11.69134295109,7.6,-9.24999999999988));
#13395=CARTESIAN_POINT('',(11.69134295109,7.6,-9.24999999999988));
#13396=CARTESIAN_POINT('Origin',(11.69134295109,7.6,-6.74999999999989));
#13397=CARTESIAN_POINT('Origin',(11.69134295109,0.300000000000022,-6.74999999999989));
#13398=CARTESIAN_POINT('',(11.69134295109,0.300000000000023,-4.54999999999989));
#13399=CARTESIAN_POINT('Origin',(11.69134295109,0.300000000000022,-6.74999999999989));
#13400=CARTESIAN_POINT('',(11.69134295109,-8.67361737988404E-16,-4.24999999999986));
#13401=CARTESIAN_POINT('',(11.69134295109,0.300000000000022,-4.54999999999989));
#13402=CARTESIAN_POINT('Origin',(11.69134295109,-1.04094977927525E-15,-6.74999999999989));
#13403=CARTESIAN_POINT('Origin',(9.42700507499533E-14,7.6,-13.5));
#13404=CARTESIAN_POINT('',(9.45394730457657E-14,7.30000000000002,-11.3));
#13405=CARTESIAN_POINT('',(9.40006284541409E-14,7.30000000000002,-15.7));
#13406=CARTESIAN_POINT('Origin',(9.42700507499533E-14,7.30000000000002,
-13.5));
#13407=CARTESIAN_POINT('Origin',(9.42700507499533E-14,7.30000000000002,
-13.5));
#13408=CARTESIAN_POINT('',(9.39638890501665E-14,7.6,-16.));
#13409=CARTESIAN_POINT('',(9.39638890501665E-14,7.6,-16.));
#13410=CARTESIAN_POINT('Origin',(9.42700507499533E-14,7.6,-13.5));
#13411=CARTESIAN_POINT('Origin',(9.42700507499533E-14,0.300000000000029,
-13.5));
#13412=CARTESIAN_POINT('',(9.40006284541409E-14,0.300000000000029,-11.3));
#13413=CARTESIAN_POINT('Origin',(9.42700507499533E-14,0.300000000000029,
-13.5));
#13414=CARTESIAN_POINT('',(9.39638890501665E-14,-1.83880688453542E-15,-11.));
#13415=CARTESIAN_POINT('',(9.40006284541409E-14,0.300000000000029,-11.3));
#13416=CARTESIAN_POINT('Origin',(9.42700507499533E-14,-1.04094977927525E-15,
-13.5));
#13417=CARTESIAN_POINT('Origin',(-11.6913429510899,7.6,-6.75000000000006));
#13418=CARTESIAN_POINT('',(-11.6913429510899,7.30000000000002,-4.55000000000006));
#13419=CARTESIAN_POINT('',(-11.6913429510899,7.30000000000001,-8.95000000000006));
#13420=CARTESIAN_POINT('Origin',(-11.6913429510899,7.30000000000002,-6.75000000000006));
#13421=CARTESIAN_POINT('Origin',(-11.6913429510899,7.30000000000002,-6.75000000000006));
#13422=CARTESIAN_POINT('',(-11.6913429510899,7.6,-9.25000000000004));
#13423=CARTESIAN_POINT('',(-11.6913429510899,7.6,-9.25000000000004));
#13424=CARTESIAN_POINT('Origin',(-11.6913429510899,7.6,-6.75000000000006));
#13425=CARTESIAN_POINT('Origin',(-11.6913429510899,0.300000000000008,-6.75000000000006));
#13426=CARTESIAN_POINT('',(-11.6913429510899,0.300000000000008,-4.55000000000006));
#13427=CARTESIAN_POINT('Origin',(-11.6913429510899,0.300000000000008,-6.75000000000006));
#13428=CARTESIAN_POINT('',(-11.6913429510899,-1.70002900645727E-15,-4.25000000000004));
#13429=CARTESIAN_POINT('',(-11.6913429510899,0.300000000000008,-4.55000000000006));
#13430=CARTESIAN_POINT('Origin',(-11.6913429510899,-1.04094977927525E-15,
-6.75000000000006));
#13431=CARTESIAN_POINT('Origin',(11.6913429510898,7.6,6.75000000000014));
#13432=CARTESIAN_POINT('',(11.6913429510898,7.6,8.95000000000014));
#13433=CARTESIAN_POINT('Origin',(11.69134295109,7.6,-6.74999999999989));
#13434=CARTESIAN_POINT('',(11.69134295109,7.6,-4.54999999999989));
#13435=CARTESIAN_POINT('Origin',(9.42700507499533E-14,7.6,-13.5));
#13436=CARTESIAN_POINT('',(9.40006284541409E-14,7.6,-11.3));
#13437=CARTESIAN_POINT('Origin',(-11.6913429510899,7.6,-6.75000000000006));
#13438=CARTESIAN_POINT('',(-11.6913429510899,7.6,-4.55000000000006));
#13439=CARTESIAN_POINT('Origin',(-11.6913429510899,7.6,6.74999999999997));
#13440=CARTESIAN_POINT('',(-11.6913429510899,7.6,8.94999999999997));
#13441=CARTESIAN_POINT('Origin',(0.,7.6,13.5));
#13442=CARTESIAN_POINT('',(-2.69422295812418E-16,7.6,15.7));
#13443=CARTESIAN_POINT('Origin',(0.,0.300000000000009,0.));
#13444=CARTESIAN_POINT('',(-2.0818995585505E-15,0.300000000000009,-17.));
#13445=CARTESIAN_POINT('Origin',(0.,0.300000000000009,0.));
#13446=CARTESIAN_POINT('',(-2.04516015457608E-15,-7.28583859910259E-16,
-16.7));
#13447=CARTESIAN_POINT('',(-2.0818995585505E-15,0.300000000000009,-17.));
#13448=CARTESIAN_POINT('Origin',(0.,-1.04094977927525E-15,0.));
#13449=CARTESIAN_POINT('Origin',(0.,7.6,0.));
#13450=CARTESIAN_POINT('',(2.0818995585505E-15,7.29999999999999,-17.));
#13451=CARTESIAN_POINT('',(-2.0818995585505E-15,7.3,17.));
#13452=CARTESIAN_POINT('Origin',(0.,7.29999999999999,0.));
#13453=CARTESIAN_POINT('Origin',(0.,7.29999999999999,0.));
#13454=CARTESIAN_POINT('',(-2.04516015457608E-15,7.6,16.7));
#13455=CARTESIAN_POINT('',(-2.04516015457608E-15,7.6,16.7));
#13456=CARTESIAN_POINT('Origin',(0.,7.6,0.));
#13457=CARTESIAN_POINT('Origin',(0.,6.4,0.));
#13458=CARTESIAN_POINT('',(-1.09380772227709E-15,6.4,-8.93161785944027));
#13459=CARTESIAN_POINT('Origin',(0.,6.4,0.));
#13460=CARTESIAN_POINT('',(-1.12055182121983E-15,7.,-9.15));
#13461=CARTESIAN_POINT('',(-1.09380772227709E-15,6.4,-8.93161785944027));
#13462=CARTESIAN_POINT('',(1.21852356515162E-15,7.,9.15));
#13463=CARTESIAN_POINT('Origin',(0.,7.,0.));
#13464=CARTESIAN_POINT('Origin',(0.,7.,0.));
#13465=CARTESIAN_POINT('Origin',(0.,7.,0.));
#13466=CARTESIAN_POINT('',(1.3164953090834E-15,6.41764762517406,-10.75));
#13467=CARTESIAN_POINT('',(-1.3164953090834E-15,6.41764762517406,10.75));
#13468=CARTESIAN_POINT('Origin',(0.,6.41764762517406,0.));
#13469=CARTESIAN_POINT('',(-1.12055182121983E-15,7.,9.15));
#13470=CARTESIAN_POINT('Origin',(0.,6.41764762517406,0.));
#13471=CARTESIAN_POINT('Origin',(0.,53.8353387124258,0.));
#13472=CARTESIAN_POINT('',(-1.3164953090834E-15,7.6,-10.75));
#13473=CARTESIAN_POINT('',(-1.3164953090834E-15,53.8353387124258,-10.75));
#13474=CARTESIAN_POINT('Origin',(0.,7.6,0.));
#13475=CARTESIAN_POINT('Origin',(0.,53.8353387124258,0.));
#13476=CARTESIAN_POINT('',(-2.0818995585505E-15,53.8353387124258,-17.));
#13477=CARTESIAN_POINT('Origin',(0.,-8.67361737988404E-16,0.));
#13478=CARTESIAN_POINT('',(-1.00421037530083E-15,2.9,-8.2));
#13479=CARTESIAN_POINT('Origin',(0.,2.9,0.));
#13480=CARTESIAN_POINT('',(-1.00421037530083E-15,-8.67361737988404E-16,
-8.2));
#13481=CARTESIAN_POINT('Origin',(0.,-1.04094977927525E-15,0.));
#13482=CARTESIAN_POINT('Origin',(0.,7.6,17.));
#13483=CARTESIAN_POINT('Origin',(0.,6.4,8.93161785944027));
#13484=CARTESIAN_POINT('Origin',(0.,2.9,0.));
#13485=CARTESIAN_POINT('',(0.,0.,0.));
#13486=CARTESIAN_POINT('Origin',(0.,6.20000000000001,0.));
#13487=CARTESIAN_POINT('',(-1.00421037530083E-15,6.20000000000001,-8.2));
#13488=CARTESIAN_POINT('Origin',(0.,6.20000000000001,0.));
#13489=CARTESIAN_POINT('',(-1.02870331128378E-15,6.4,-8.39999999999999));
#13490=CARTESIAN_POINT('',(-1.00421037530083E-15,6.20000000000001,-8.2));
#13491=CARTESIAN_POINT('Origin',(0.,6.4,0.));
#13492=CARTESIAN_POINT('Origin',(0.,0.299999999999989,0.));
#13493=CARTESIAN_POINT('',(-1.17566092718146E-15,0.299999999999989,9.6));
#13494=CARTESIAN_POINT('Origin',(0.,0.299999999999989,0.));
#13495=CARTESIAN_POINT('',(-1.21240033115588E-15,-1.70002900645727E-15,
9.89999999999999));
#13496=CARTESIAN_POINT('',(-1.17566092718146E-15,0.299999999999989,9.6));
#13497=CARTESIAN_POINT('Origin',(0.,-1.04094977927525E-15,0.));
#13498=CARTESIAN_POINT('Origin',(0.,2.9,0.));
#13499=CARTESIAN_POINT('',(-1.17566092718146E-15,2.9,9.6));
#13500=CARTESIAN_POINT('Origin',(0.,2.9,0.));
#13501=CARTESIAN_POINT('',(-1.17566092718146E-15,2.9,9.6));
#13502=CARTESIAN_POINT('Origin',(-11.6913429510899,7.6,6.74999999999997));
#13503=CARTESIAN_POINT('',(-11.6913429510899,7.30000000000002,8.94999999999997));
#13504=CARTESIAN_POINT('',(-11.6913429510899,7.30000000000002,4.54999999999997));
#13505=CARTESIAN_POINT('Origin',(-11.6913429510899,7.30000000000002,6.74999999999997));
#13506=CARTESIAN_POINT('Origin',(-11.6913429510899,7.30000000000002,6.74999999999997));
#13507=CARTESIAN_POINT('',(-11.6913429510899,7.6,4.25));
#13508=CARTESIAN_POINT('',(-11.6913429510899,7.6,4.25));
#13509=CARTESIAN_POINT('Origin',(-11.6913429510899,7.6,6.74999999999997));
#13510=CARTESIAN_POINT('Origin',(-11.6913429510899,0.300000000000029,6.74999999999997));
#13511=CARTESIAN_POINT('',(-11.6913429510899,0.300000000000029,8.94999999999997));
#13512=CARTESIAN_POINT('Origin',(-11.6913429510899,0.300000000000029,6.74999999999997));
#13513=CARTESIAN_POINT('',(-11.6913429510899,-8.67361737988404E-16,9.25));
#13514=CARTESIAN_POINT('',(-11.6913429510899,0.300000000000029,8.94999999999997));
#13515=CARTESIAN_POINT('Origin',(-11.6913429510899,-1.04094977927525E-15,
6.74999999999997));
#13516=CARTESIAN_POINT('Origin',(0.,7.6,13.5));
#13517=CARTESIAN_POINT('',(2.69422295812418E-16,7.30000000000002,15.7));
#13518=CARTESIAN_POINT('',(-2.69422295812418E-16,7.30000000000002,11.3));
#13519=CARTESIAN_POINT('Origin',(0.,7.30000000000002,13.5));
#13520=CARTESIAN_POINT('Origin',(0.,7.30000000000002,13.5));
#13521=CARTESIAN_POINT('',(-3.06161699786836E-16,7.6,11.));
#13522=CARTESIAN_POINT('',(-3.06161699786836E-16,7.6,11.));
#13523=CARTESIAN_POINT('Origin',(0.,7.6,13.5));
#13524=CARTESIAN_POINT('Origin',(0.,0.300000000000029,13.5));
#13525=CARTESIAN_POINT('',(-2.69422295812418E-16,0.300000000000029,15.7));
#13526=CARTESIAN_POINT('Origin',(0.,0.300000000000029,13.5));
#13527=CARTESIAN_POINT('',(-3.06161699786842E-16,-8.67361737988404E-16,
16.));
#13528=CARTESIAN_POINT('',(-2.69422295812418E-16,0.300000000000029,15.7));
#13529=CARTESIAN_POINT('Origin',(0.,-1.04094977927525E-15,13.5));
#13530=CARTESIAN_POINT('Origin',(11.6913429510898,7.6,6.75000000000014));
#13531=CARTESIAN_POINT('',(11.6913429510898,7.30000000000003,8.95000000000014));
#13532=CARTESIAN_POINT('',(11.6913429510898,7.30000000000002,4.55000000000013));
#13533=CARTESIAN_POINT('Origin',(11.6913429510898,7.30000000000003,6.75000000000014));
#13534=CARTESIAN_POINT('Origin',(11.6913429510898,7.30000000000003,6.75000000000014));
#13535=CARTESIAN_POINT('',(11.6913429510898,7.6,4.25000000000016));
#13536=CARTESIAN_POINT('',(11.6913429510898,7.6,4.25000000000016));
#13537=CARTESIAN_POINT('Origin',(11.6913429510898,7.6,6.75000000000014));
#13538=CARTESIAN_POINT('Origin',(11.6913429510898,0.300000000000022,6.75000000000014));
#13539=CARTESIAN_POINT('',(11.6913429510898,0.300000000000022,8.95000000000014));
#13540=CARTESIAN_POINT('Origin',(11.6913429510898,0.300000000000022,6.75000000000014));
#13541=CARTESIAN_POINT('',(11.6913429510898,-1.80411241501588E-15,9.25000000000016));
#13542=CARTESIAN_POINT('',(11.6913429510898,0.300000000000022,8.95000000000014));
#13543=CARTESIAN_POINT('Origin',(11.6913429510898,-1.04094977927525E-15,
6.75000000000014));
#13544=CARTESIAN_POINT('Origin',(11.69134295109,7.6,-6.74999999999989));
#13545=CARTESIAN_POINT('',(11.69134295109,7.30000000000001,-4.54999999999989));
#13546=CARTESIAN_POINT('',(11.69134295109,7.30000000000001,-8.94999999999989));
#13547=CARTESIAN_POINT('Origin',(11.69134295109,7.30000000000001,-6.74999999999989));
#13548=CARTESIAN_POINT('Origin',(11.69134295109,7.30000000000001,-6.74999999999989));
#13549=CARTESIAN_POINT('',(11.69134295109,7.6,-9.24999999999988));
#13550=CARTESIAN_POINT('',(11.69134295109,7.6,-9.24999999999988));
#13551=CARTESIAN_POINT('Origin',(11.69134295109,7.6,-6.74999999999989));
#13552=CARTESIAN_POINT('Origin',(11.69134295109,0.300000000000022,-6.74999999999989));
#13553=CARTESIAN_POINT('',(11.69134295109,0.300000000000023,-4.54999999999989));
#13554=CARTESIAN_POINT('Origin',(11.69134295109,0.300000000000022,-6.74999999999989));
#13555=CARTESIAN_POINT('',(11.69134295109,-8.67361737988404E-16,-4.24999999999986));
#13556=CARTESIAN_POINT('',(11.69134295109,0.300000000000022,-4.54999999999989));
#13557=CARTESIAN_POINT('Origin',(11.69134295109,-1.04094977927525E-15,-6.74999999999989));
#13558=CARTESIAN_POINT('Origin',(9.42700507499533E-14,7.6,-13.5));
#13559=CARTESIAN_POINT('',(9.45394730457657E-14,7.30000000000002,-11.3));
#13560=CARTESIAN_POINT('',(9.40006284541409E-14,7.30000000000002,-15.7));
#13561=CARTESIAN_POINT('Origin',(9.42700507499533E-14,7.30000000000002,
-13.5));
#13562=CARTESIAN_POINT('Origin',(9.42700507499533E-14,7.30000000000002,
-13.5));
#13563=CARTESIAN_POINT('',(9.39638890501665E-14,7.6,-16.));
#13564=CARTESIAN_POINT('',(9.39638890501665E-14,7.6,-16.));
#13565=CARTESIAN_POINT('Origin',(9.42700507499533E-14,7.6,-13.5));
#13566=CARTESIAN_POINT('Origin',(9.42700507499533E-14,0.300000000000029,
-13.5));
#13567=CARTESIAN_POINT('',(9.40006284541409E-14,0.300000000000029,-11.3));
#13568=CARTESIAN_POINT('Origin',(9.42700507499533E-14,0.300000000000029,
-13.5));
#13569=CARTESIAN_POINT('',(9.39638890501665E-14,-1.83880688453542E-15,-11.));
#13570=CARTESIAN_POINT('',(9.40006284541409E-14,0.300000000000029,-11.3));
#13571=CARTESIAN_POINT('Origin',(9.42700507499533E-14,-1.04094977927525E-15,
-13.5));
#13572=CARTESIAN_POINT('Origin',(-11.6913429510899,7.6,-6.75000000000006));
#13573=CARTESIAN_POINT('',(-11.6913429510899,7.30000000000002,-4.55000000000006));
#13574=CARTESIAN_POINT('',(-11.6913429510899,7.30000000000001,-8.95000000000006));
#13575=CARTESIAN_POINT('Origin',(-11.6913429510899,7.30000000000002,-6.75000000000006));
#13576=CARTESIAN_POINT('Origin',(-11.6913429510899,7.30000000000002,-6.75000000000006));
#13577=CARTESIAN_POINT('',(-11.6913429510899,7.6,-9.25000000000004));
#13578=CARTESIAN_POINT('',(-11.6913429510899,7.6,-9.25000000000004));
#13579=CARTESIAN_POINT('Origin',(-11.6913429510899,7.6,-6.75000000000006));
#13580=CARTESIAN_POINT('Origin',(-11.6913429510899,0.300000000000008,-6.75000000000006));
#13581=CARTESIAN_POINT('',(-11.6913429510899,0.300000000000008,-4.55000000000006));
#13582=CARTESIAN_POINT('Origin',(-11.6913429510899,0.300000000000008,-6.75000000000006));
#13583=CARTESIAN_POINT('',(-11.6913429510899,-1.70002900645727E-15,-4.25000000000004));
#13584=CARTESIAN_POINT('',(-11.6913429510899,0.300000000000008,-4.55000000000006));
#13585=CARTESIAN_POINT('Origin',(-11.6913429510899,-1.04094977927525E-15,
-6.75000000000006));
#13586=CARTESIAN_POINT('Origin',(11.6913429510898,7.6,6.75000000000014));
#13587=CARTESIAN_POINT('',(11.6913429510898,7.6,8.95000000000014));
#13588=CARTESIAN_POINT('Origin',(11.69134295109,7.6,-6.74999999999989));
#13589=CARTESIAN_POINT('',(11.69134295109,7.6,-4.54999999999989));
#13590=CARTESIAN_POINT('Origin',(9.42700507499533E-14,7.6,-13.5));
#13591=CARTESIAN_POINT('',(9.40006284541409E-14,7.6,-11.3));
#13592=CARTESIAN_POINT('Origin',(-11.6913429510899,7.6,-6.75000000000006));
#13593=CARTESIAN_POINT('',(-11.6913429510899,7.6,-4.55000000000006));
#13594=CARTESIAN_POINT('Origin',(-11.6913429510899,7.6,6.74999999999997));
#13595=CARTESIAN_POINT('',(-11.6913429510899,7.6,8.94999999999997));
#13596=CARTESIAN_POINT('Origin',(0.,7.6,13.5));
#13597=CARTESIAN_POINT('',(-2.69422295812418E-16,7.6,15.7));
#13598=CARTESIAN_POINT('Origin',(0.,0.300000000000009,0.));
#13599=CARTESIAN_POINT('',(-2.0818995585505E-15,0.300000000000009,-17.));
#13600=CARTESIAN_POINT('Origin',(0.,0.300000000000009,0.));
#13601=CARTESIAN_POINT('',(-2.04516015457608E-15,-7.28583859910259E-16,
-16.7));
#13602=CARTESIAN_POINT('',(-2.0818995585505E-15,0.300000000000009,-17.));
#13603=CARTESIAN_POINT('Origin',(0.,-1.04094977927525E-15,0.));
#13604=CARTESIAN_POINT('Origin',(0.,7.6,0.));
#13605=CARTESIAN_POINT('',(2.0818995585505E-15,7.29999999999999,-17.));
#13606=CARTESIAN_POINT('',(-2.0818995585505E-15,7.3,17.));
#13607=CARTESIAN_POINT('Origin',(0.,7.29999999999999,0.));
#13608=CARTESIAN_POINT('Origin',(0.,7.29999999999999,0.));
#13609=CARTESIAN_POINT('',(-2.04516015457608E-15,7.6,16.7));
#13610=CARTESIAN_POINT('',(-2.04516015457608E-15,7.6,16.7));
#13611=CARTESIAN_POINT('Origin',(0.,7.6,0.));
#13612=CARTESIAN_POINT('Origin',(0.,6.4,0.));
#13613=CARTESIAN_POINT('',(-1.09380772227709E-15,6.4,-8.93161785944027));
#13614=CARTESIAN_POINT('Origin',(0.,6.4,0.));
#13615=CARTESIAN_POINT('',(-1.12055182121983E-15,7.,-9.15));
#13616=CARTESIAN_POINT('',(-1.09380772227709E-15,6.4,-8.93161785944027));
#13617=CARTESIAN_POINT('',(1.21852356515162E-15,7.,9.15));
#13618=CARTESIAN_POINT('Origin',(0.,7.,0.));
#13619=CARTESIAN_POINT('Origin',(0.,7.,0.));
#13620=CARTESIAN_POINT('Origin',(0.,7.,0.));
#13621=CARTESIAN_POINT('',(1.3164953090834E-15,6.41764762517406,-10.75));
#13622=CARTESIAN_POINT('',(-1.3164953090834E-15,6.41764762517406,10.75));
#13623=CARTESIAN_POINT('Origin',(0.,6.41764762517406,0.));
#13624=CARTESIAN_POINT('',(-1.12055182121983E-15,7.,9.15));
#13625=CARTESIAN_POINT('Origin',(0.,6.41764762517406,0.));
#13626=CARTESIAN_POINT('Origin',(0.,53.8353387124258,0.));
#13627=CARTESIAN_POINT('',(-1.3164953090834E-15,7.6,-10.75));
#13628=CARTESIAN_POINT('',(-1.3164953090834E-15,53.8353387124258,-10.75));
#13629=CARTESIAN_POINT('Origin',(0.,7.6,0.));
#13630=CARTESIAN_POINT('Origin',(0.,53.8353387124258,0.));
#13631=CARTESIAN_POINT('',(-2.0818995585505E-15,53.8353387124258,-17.));
#13632=CARTESIAN_POINT('Origin',(0.,-8.67361737988404E-16,0.));
#13633=CARTESIAN_POINT('',(-1.00421037530083E-15,2.9,-8.2));
#13634=CARTESIAN_POINT('Origin',(0.,2.9,0.));
#13635=CARTESIAN_POINT('',(-1.00421037530083E-15,-8.67361737988404E-16,
-8.2));
#13636=CARTESIAN_POINT('Origin',(0.,-1.04094977927525E-15,0.));
#13637=CARTESIAN_POINT('Origin',(0.,7.6,17.));
#13638=CARTESIAN_POINT('Origin',(0.,6.4,8.93161785944027));
#13639=CARTESIAN_POINT('Origin',(0.,2.9,0.));
#13640=CARTESIAN_POINT('',(0.,0.,0.));
#13641=CARTESIAN_POINT('Origin',(-38.3816178594403,-1.2,0.));
#13642=CARTESIAN_POINT('',(-4.70039254576604E-15,-1.2,-38.3816178594403));
#13643=CARTESIAN_POINT('Origin',(0.,-1.2,0.));
#13644=CARTESIAN_POINT('',(4.04133443718627E-15,-1.2,33.));
#13645=CARTESIAN_POINT('Origin',(0.,-1.2,0.));
#13646=CARTESIAN_POINT('Origin',(-31.8,-17.5,0.));
#13647=CARTESIAN_POINT('',(-6.88863824520386E-15,-17.5,-56.25));
#13648=CARTESIAN_POINT('Origin',(0.,-17.5,0.));
#13649=CARTESIAN_POINT('',(32.5622672736403,-17.5,37.1622672736407));
#13650=CARTESIAN_POINT('Origin',(32.5622672736403,-17.5,32.5622672736407));
#13651=CARTESIAN_POINT('',(-3.22128955085782E-13,-17.5,50.65));
#13652=CARTESIAN_POINT('Origin',(-3.21565617558174E-13,-17.5,46.05));
#13653=CARTESIAN_POINT('',(-32.5622672736408,-17.5,37.1622672736402));
#13654=CARTESIAN_POINT('Origin',(-32.5622672736408,-17.5,32.5622672736402));
#13655=CARTESIAN_POINT('',(-46.05,-17.5,4.59999999999955));
#13656=CARTESIAN_POINT('Origin',(-46.05,-17.5,-4.82348426337261E-13));
#13657=CARTESIAN_POINT('',(-32.5622672736401,-17.5,-27.9622672736409));
#13658=CARTESIAN_POINT('Origin',(-32.5622672736401,-17.5,-32.5622672736409));
#13659=CARTESIAN_POINT('',(-5.63337527607787E-16,-17.5,-41.45));
#13660=CARTESIAN_POINT('Origin',(0.,-17.5,-46.05));
#13661=CARTESIAN_POINT('',(32.5622672736406,-17.5,-27.9622672736404));
#13662=CARTESIAN_POINT('Origin',(32.5622672736406,-17.5,-32.5622672736405));
#13663=CARTESIAN_POINT('',(46.05,-17.5,4.6000000000002));
#13664=CARTESIAN_POINT('Origin',(46.05,-17.5,1.60782808779087E-13));
#13665=CARTESIAN_POINT('',(-4.40872847693047E-15,-17.5,36.));
#13666=CARTESIAN_POINT('Origin',(0.,-17.5,0.));
#13667=CARTESIAN_POINT('Origin',(32.5622672736403,-17.5,32.5622672736407));
#13668=CARTESIAN_POINT('',(32.5622672736403,-17.1,28.3622672736407));
#13669=CARTESIAN_POINT('',(32.5622672736403,-17.1,36.7622672736407));
#13670=CARTESIAN_POINT('Origin',(32.5622672736403,-17.1,32.5622672736407));
#13671=CARTESIAN_POINT('Origin',(32.5622672736403,-17.1,32.5622672736407));
#13672=CARTESIAN_POINT('',(32.5622672736403,-17.5,37.1622672736407));
#13673=CARTESIAN_POINT('Origin',(32.5622672736403,-0.399999999999977,32.5622672736407));
#13674=CARTESIAN_POINT('',(32.5622672736403,-0.399999999999977,28.3622672736407));
#13675=CARTESIAN_POINT('Origin',(32.5622672736403,-0.399999999999977,32.5622672736407));
#13676=CARTESIAN_POINT('',(32.5622672736403,2.77555756156289E-16,27.9622672736407));
#13677=CARTESIAN_POINT('',(32.5622672736403,-0.399999999999977,28.3622672736407));
#13678=CARTESIAN_POINT('Origin',(32.5622672736403,0.,32.5622672736407));
#13679=CARTESIAN_POINT('Origin',(-3.21565617558174E-13,-17.5,46.05));
#13680=CARTESIAN_POINT('',(-3.21051265902532E-13,-17.1,41.85));
#13681=CARTESIAN_POINT('',(-3.22079969213816E-13,-17.1,50.25));
#13682=CARTESIAN_POINT('Origin',(-3.21565617558174E-13,-17.1,46.05));
#13683=CARTESIAN_POINT('Origin',(-3.21565617558174E-13,-17.1,46.05));
#13684=CARTESIAN_POINT('',(-3.22128955085782E-13,-17.5,50.65));
#13685=CARTESIAN_POINT('Origin',(-3.21565617558174E-13,-0.399999999999977,
46.05));
#13686=CARTESIAN_POINT('',(-3.22079969213816E-13,-0.399999999999978,41.85));
#13687=CARTESIAN_POINT('Origin',(-3.21565617558174E-13,-0.399999999999977,
46.05));
#13688=CARTESIAN_POINT('',(-3.22128955085782E-13,3.12250225675825E-15,41.45));
#13689=CARTESIAN_POINT('',(-3.22079969213816E-13,-0.399999999999977,41.85));
#13690=CARTESIAN_POINT('Origin',(-3.21565617558174E-13,0.,46.05));
#13691=CARTESIAN_POINT('Origin',(-32.5622672736408,-17.5,32.5622672736402));
#13692=CARTESIAN_POINT('',(-32.5622672736408,-17.1,28.3622672736402));
#13693=CARTESIAN_POINT('',(-32.5622672736408,-17.1,36.7622672736402));
#13694=CARTESIAN_POINT('Origin',(-32.5622672736408,-17.1,32.5622672736402));
#13695=CARTESIAN_POINT('Origin',(-32.5622672736408,-17.1,32.5622672736402));
#13696=CARTESIAN_POINT('',(-32.5622672736408,-17.5,37.1622672736402));
#13697=CARTESIAN_POINT('Origin',(-32.5622672736408,-0.400000000000018,32.5622672736402));
#13698=CARTESIAN_POINT('',(-32.5622672736408,-0.400000000000019,28.3622672736402));
#13699=CARTESIAN_POINT('Origin',(-32.5622672736408,-0.400000000000018,32.5622672736402));
#13700=CARTESIAN_POINT('',(-32.5622672736408,9.0205620750794E-16,27.9622672736402));
#13701=CARTESIAN_POINT('',(-32.5622672736408,-0.400000000000018,28.3622672736402));
#13702=CARTESIAN_POINT('Origin',(-32.5622672736408,0.,32.5622672736402));
#13703=CARTESIAN_POINT('Origin',(-46.05,-17.5,-4.82348426337261E-13));
#13704=CARTESIAN_POINT('',(-46.05,-17.1,-4.20000000000048));
#13705=CARTESIAN_POINT('',(-46.05,-17.1,4.19999999999952));
#13706=CARTESIAN_POINT('Origin',(-46.05,-17.1,-4.82348426337261E-13));
#13707=CARTESIAN_POINT('Origin',(-46.05,-17.1,-4.82348426337261E-13));
#13708=CARTESIAN_POINT('',(-46.05,-17.5,4.59999999999955));
#13709=CARTESIAN_POINT('Origin',(-46.05,-0.399999999999977,-4.82348426337261E-13));
#13710=CARTESIAN_POINT('',(-46.05,-0.399999999999977,-4.20000000000048));
#13711=CARTESIAN_POINT('Origin',(-46.05,-0.399999999999977,-4.82348426337261E-13));
#13712=CARTESIAN_POINT('',(-46.05,3.12250225675825E-15,-4.60000000000046));
#13713=CARTESIAN_POINT('',(-46.05,-0.399999999999977,-4.20000000000048));
#13714=CARTESIAN_POINT('Origin',(-46.05,0.,-4.82348426337261E-13));
#13715=CARTESIAN_POINT('Origin',(-32.5622672736401,-17.5,-32.5622672736409));
#13716=CARTESIAN_POINT('',(-32.5622672736401,-17.1,-36.7622672736409));
#13717=CARTESIAN_POINT('',(-32.5622672736401,-17.1,-28.3622672736409));
#13718=CARTESIAN_POINT('Origin',(-32.5622672736401,-17.1,-32.5622672736409));
#13719=CARTESIAN_POINT('Origin',(-32.5622672736401,-17.1,-32.5622672736409));
#13720=CARTESIAN_POINT('',(-32.5622672736401,-17.5,-27.9622672736409));
#13721=CARTESIAN_POINT('Origin',(-32.5622672736401,-0.399999999999977,-32.5622672736409));
#13722=CARTESIAN_POINT('',(-32.5622672736401,-0.399999999999977,-36.7622672736409));
#13723=CARTESIAN_POINT('Origin',(-32.5622672736401,-0.399999999999977,-32.5622672736409));
#13724=CARTESIAN_POINT('',(-32.5622672736401,-1.38777878078145E-16,-37.1622672736409));
#13725=CARTESIAN_POINT('',(-32.5622672736401,-0.399999999999977,-36.7622672736409));
#13726=CARTESIAN_POINT('Origin',(-32.5622672736401,0.,-32.5622672736409));
#13727=CARTESIAN_POINT('Origin',(0.,-17.5,-46.05));
#13728=CARTESIAN_POINT('',(5.14351655641889E-16,-17.1,-50.25));
#13729=CARTESIAN_POINT('',(-5.14351655641889E-16,-17.1,-41.85));
#13730=CARTESIAN_POINT('Origin',(0.,-17.1,-46.05));
#13731=CARTESIAN_POINT('Origin',(0.,-17.1,-46.05));
#13732=CARTESIAN_POINT('',(-5.63337527607787E-16,-17.5,-41.45));
#13733=CARTESIAN_POINT('Origin',(0.,-0.399999999999977,-46.05));
#13734=CARTESIAN_POINT('',(-5.14351655641888E-16,-0.399999999999978,-50.25));
#13735=CARTESIAN_POINT('Origin',(0.,-0.399999999999977,-46.05));
#13736=CARTESIAN_POINT('',(-5.6333752760778E-16,3.12250225675825E-15,-50.65));
#13737=CARTESIAN_POINT('',(-5.14351655641889E-16,-0.399999999999977,-50.25));
#13738=CARTESIAN_POINT('Origin',(0.,0.,-46.05));
#13739=CARTESIAN_POINT('Origin',(32.5622672736406,-17.5,-32.5622672736405));
#13740=CARTESIAN_POINT('',(32.5622672736406,-17.1,-36.7622672736405));
#13741=CARTESIAN_POINT('',(32.5622672736406,-17.1,-28.3622672736404));
#13742=CARTESIAN_POINT('Origin',(32.5622672736406,-17.1,-32.5622672736405));
#13743=CARTESIAN_POINT('Origin',(32.5622672736406,-17.1,-32.5622672736405));
#13744=CARTESIAN_POINT('',(32.5622672736406,-17.5,-27.9622672736404));
#13745=CARTESIAN_POINT('Origin',(32.5622672736406,-0.399999999999991,-32.5622672736405));
#13746=CARTESIAN_POINT('',(32.5622672736406,-0.399999999999991,-36.7622672736405));
#13747=CARTESIAN_POINT('Origin',(32.5622672736406,-0.399999999999991,-32.5622672736405));
#13748=CARTESIAN_POINT('',(32.5622672736406,1.45716771982052E-15,-37.1622672736405));
#13749=CARTESIAN_POINT('',(32.5622672736406,-0.399999999999991,-36.7622672736405));
#13750=CARTESIAN_POINT('Origin',(32.5622672736406,0.,-32.5622672736405));
#13751=CARTESIAN_POINT('Origin',(46.05,-17.5,1.60782808779087E-13));
#13752=CARTESIAN_POINT('',(46.05,-17.1,-4.19999999999984));
#13753=CARTESIAN_POINT('',(46.05,-17.1,4.20000000000016));
#13754=CARTESIAN_POINT('Origin',(46.05,-17.1,1.60782808779087E-13));
#13755=CARTESIAN_POINT('Origin',(46.05,-17.1,1.60782808779087E-13));
#13756=CARTESIAN_POINT('',(46.05,-17.5,4.6000000000002));
#13757=CARTESIAN_POINT('Origin',(46.05,-0.399999999999977,1.60782808779087E-13));
#13758=CARTESIAN_POINT('',(46.05,-0.399999999999977,-4.19999999999984));
#13759=CARTESIAN_POINT('Origin',(46.05,-0.399999999999977,1.60782808779087E-13));
#13760=CARTESIAN_POINT('',(46.05,3.12250225675825E-15,-4.59999999999982));
#13761=CARTESIAN_POINT('',(46.05,-0.399999999999977,-4.19999999999984));
#13762=CARTESIAN_POINT('Origin',(46.05,0.,1.60782808779087E-13));
#13763=CARTESIAN_POINT('Origin',(0.,-17.5,0.));
#13764=CARTESIAN_POINT('',(6.94987058516123E-15,-17.,56.75));
#13765=CARTESIAN_POINT('',(-6.94987058516123E-15,-17.,-56.75));
#13766=CARTESIAN_POINT('Origin',(0.,-17.,0.));
#13767=CARTESIAN_POINT('Origin',(0.,-17.,0.));
#13768=CARTESIAN_POINT('',(-6.88863824520386E-15,-17.5,-56.25));
#13769=CARTESIAN_POINT('Origin',(0.,-0.499999999999973,0.));
#13770=CARTESIAN_POINT('',(22.9041073395198,0.,51.3757176784885));
#13771=CARTESIAN_POINT('',(-20.1324687419859,0.,-52.5237679755838));
#13772=CARTESIAN_POINT('Origin',(0.,0.,0.));
#13773=CARTESIAN_POINT('',(23.0955165245757,-0.499999999999973,51.8378203290132));
#13774=CARTESIAN_POINT('',(23.0955165245757,-0.499999999999973,51.8378203290132));
#13775=CARTESIAN_POINT('',(-20.3238779270418,-0.499999999999975,-52.9858706261085));
#13776=CARTESIAN_POINT('Origin',(0.,-0.499999999999973,0.));
#13777=CARTESIAN_POINT('',(-20.1324687419859,0.,-52.5237679755838));
#13778=CARTESIAN_POINT('Origin',(-32.5622672736401,-17.5,-32.5622672736409));
#13779=CARTESIAN_POINT('',(-32.5622672736401,-17.5,-36.7622672736409));
#13780=CARTESIAN_POINT('Origin',(-46.05,-17.5,-4.82348426337261E-13));
#13781=CARTESIAN_POINT('',(-46.05,-17.5,-4.20000000000048));
#13782=CARTESIAN_POINT('Origin',(-32.5622672736408,-17.5,32.5622672736402));
#13783=CARTESIAN_POINT('',(-32.5622672736408,-17.5,28.3622672736402));
#13784=CARTESIAN_POINT('Origin',(-3.21565617558174E-13,-17.5,46.05));
#13785=CARTESIAN_POINT('',(-3.22079969213816E-13,-17.5,41.85));
#13786=CARTESIAN_POINT('Origin',(32.5622672736403,-17.5,32.5622672736407));
#13787=CARTESIAN_POINT('',(32.5622672736403,-17.5,28.3622672736407));
#13788=CARTESIAN_POINT('Origin',(46.05,-17.5,1.60782808779087E-13));
#13789=CARTESIAN_POINT('',(46.05,-17.5,-4.19999999999984));
#13790=CARTESIAN_POINT('Origin',(32.5622672736406,-17.5,-32.5622672736405));
#13791=CARTESIAN_POINT('',(32.5622672736406,-17.5,-36.7622672736405));
#13792=CARTESIAN_POINT('Origin',(0.,-17.5,-46.05));
#13793=CARTESIAN_POINT('',(-5.14351655641889E-16,-17.5,-50.25));
#13794=CARTESIAN_POINT('Origin',(0.,-24.5739145046165,0.));
#13795=CARTESIAN_POINT('',(-4.40872847693047E-15,-9.5,36.));
#13796=CARTESIAN_POINT('Origin',(0.,-9.5,0.));
#13797=CARTESIAN_POINT('',(-4.40872847693047E-15,-24.5739145046165,36.));
#13798=CARTESIAN_POINT('Origin',(0.,-24.5739145046165,0.));
#13799=CARTESIAN_POINT('',(-4.04133443718627E-15,-9.5,33.));
#13800=CARTESIAN_POINT('',(-4.04133443718627E-15,-24.5739145046165,33.));
#13801=CARTESIAN_POINT('Origin',(0.,-9.5,0.));
#13802=CARTESIAN_POINT('Origin',(0.,-1.2,0.));
#13803=CARTESIAN_POINT('',(-4.72713664470878E-15,-0.599999999999999,-38.6));
#13804=CARTESIAN_POINT('',(-4.70039254576604E-15,-1.2,-38.3816178594403));
#13805=CARTESIAN_POINT('',(4.89093315409474E-15,-0.6,38.6));
#13806=CARTESIAN_POINT('Origin',(0.,-0.6,0.));
#13807=CARTESIAN_POINT('Origin',(0.,-0.6,0.));
#13808=CARTESIAN_POINT('Origin',(0.,-0.6,0.));
#13809=CARTESIAN_POINT('',(-5.0547296634807E-15,-1.57362037666211,41.275));
#13810=CARTESIAN_POINT('Origin',(0.,-1.57362037666211,0.));
#13811=CARTESIAN_POINT('',(-4.72713664470878E-15,-0.6,38.6));
#13812=CARTESIAN_POINT('Origin',(0.,-24.5739145046165,0.));
#13813=CARTESIAN_POINT('',(-14.3990054265349,0.,-38.6819630800534));
#13814=CARTESIAN_POINT('',(17.1706440240688,0.,37.5339127829582));
#13815=CARTESIAN_POINT('Origin',(0.,0.,0.));
#13816=CARTESIAN_POINT('',(-14.3990054265349,-1.,-38.6819630800534));
#13817=CARTESIAN_POINT('',(-14.3990054265349,-24.5739145046165,-38.6819630800534));
#13818=CARTESIAN_POINT('',(-16.2560394502298,-1.,-37.9389879463405));
#13819=CARTESIAN_POINT('Origin',(0.,-1.,0.));
#13820=CARTESIAN_POINT('',(-16.2560394502298,0.,-37.9389879463405));
#13821=CARTESIAN_POINT('',(-16.2560394502298,-24.5739145046165,-37.9389879463405));
#13822=CARTESIAN_POINT('',(-5.0547296634807E-15,0.,41.275));
#13823=CARTESIAN_POINT('Origin',(0.,0.,0.));
#13824=CARTESIAN_POINT('',(-5.0547296634807E-15,-24.5739145046165,41.275));
#13825=CARTESIAN_POINT('',(15.3321599177186,0.,38.3216713787056));
#13826=CARTESIAN_POINT('Origin',(0.,0.,0.));
#13827=CARTESIAN_POINT('',(15.3321599177186,-1.,38.3216713787056));
#13828=CARTESIAN_POINT('',(15.3321599177186,-24.5739145046165,38.3216713787056));
#13829=CARTESIAN_POINT('',(17.1706440240688,-1.,37.5339127829582));
#13830=CARTESIAN_POINT('Origin',(0.,-1.,0.));
#13831=CARTESIAN_POINT('',(17.1706440240688,-24.5739145046165,37.5339127829582));
#13832=CARTESIAN_POINT('Origin',(0.,-24.5739145046165,0.));
#13833=CARTESIAN_POINT('',(-6.94987058516123E-15,-0.499999999999972,56.75));
#13834=CARTESIAN_POINT('',(-6.94987058516123E-15,-24.5739145046165,56.75));
#13835=CARTESIAN_POINT('',(-22.1783816215666,-0.499999999999973,-52.2367867373957));
#13836=CARTESIAN_POINT('Origin',(0.,-0.499999999999973,0.));
#13837=CARTESIAN_POINT('',(-22.1783816215666,-1.,-52.2367867373957));
#13838=CARTESIAN_POINT('',(-22.1783816215666,-24.5739145046165,-52.2367867373957));
#13839=CARTESIAN_POINT('',(-20.3238779270418,-1.,-52.9858706261085));
#13840=CARTESIAN_POINT('Origin',(0.,-1.,0.));
#13841=CARTESIAN_POINT('',(-20.3238779270418,-24.5739145046165,-52.9858706261085));
#13842=CARTESIAN_POINT('',(23.0955165245756,-1.,51.8378203290132));
#13843=CARTESIAN_POINT('',(23.0955165245757,-24.5739145046165,51.8378203290132));
#13844=CARTESIAN_POINT('',(21.2545020890553,-1.,52.6194701697608));
#13845=CARTESIAN_POINT('Origin',(0.,-1.,0.));
#13846=CARTESIAN_POINT('',(21.2545020890553,-0.499999999999975,52.6194701697608));
#13847=CARTESIAN_POINT('',(21.2545020890553,-24.5739145046165,52.6194701697608));
#13848=CARTESIAN_POINT('Origin',(0.,-0.499999999999973,0.));
#13849=CARTESIAN_POINT('Origin',(-56.75,0.,0.));
#13850=CARTESIAN_POINT('',(-21.9870324123657,0.,-51.7748288813935));
#13851=CARTESIAN_POINT('',(21.0631528798544,0.,52.1575123137586));
#13852=CARTESIAN_POINT('Origin',(0.,0.,0.));
#13853=CARTESIAN_POINT('',(21.7336993109196,0.,53.7763546018371));
#13854=CARTESIAN_POINT('',(-22.6575788434309,0.,-53.3936711694721));
#13855=CARTESIAN_POINT('Origin',(0.,-0.499999999999973,0.));
#13856=CARTESIAN_POINT('',(21.0631528798544,0.,52.1575123137586));
#13857=CARTESIAN_POINT('',(-22.1783816215666,-0.499999999999973,-52.2367867373957));
#13858=CARTESIAN_POINT('Origin',(-56.75,0.,0.));
#13859=CARTESIAN_POINT('',(17.0758400257356,0.,37.3050356844151));
#13860=CARTESIAN_POINT('',(-14.3042014282018,0.,-38.4530859815104));
#13861=CARTESIAN_POINT('Origin',(-30.15,-9.5,0.));
#13862=CARTESIAN_POINT('Origin',(-16.1519604932244,-1.,-37.6877191167802));
#13863=CARTESIAN_POINT('',(-22.6575788434309,-1.,-53.3936711694721));
#13864=CARTESIAN_POINT('',(-14.3042014282018,-1.,-38.4530859815104));
#13865=CARTESIAN_POINT('Origin',(-22.6575788434309,-1.,-53.3936711694721));
#13866=CARTESIAN_POINT('Origin',(-14.3042014282018,-1.,-38.4530859815104));
#13867=CARTESIAN_POINT('Origin',(15.2280809607131,-1.,38.0704025491453));
#13868=CARTESIAN_POINT('',(17.0758400257356,-1.,37.3050356844151));
#13869=CARTESIAN_POINT('',(21.7336993109196,-1.,53.7763546018371));
#13870=CARTESIAN_POINT('Origin',(21.7336993109196,-1.,53.7763546018371));
#13871=CARTESIAN_POINT('Origin',(17.0758400257356,-1.,37.3050356844151));
#13872=CARTESIAN_POINT('',(0.0364276066154959,24.1683366471029,0.));
#13873=CARTESIAN_POINT('',(15.0000000000001,84.568336647103,-50.5));
#13874=CARTESIAN_POINT('',(0.,0.,0.));
#13875=CARTESIAN_POINT('',(3.4482573896684E-14,41.8683366471029,60.));
#13876=CARTESIAN_POINT('',(-80.,46.968336647103,-40.));
#13877=CARTESIAN_POINT('',(52.0000000000001,46.9683366471029,75.));
#13878=CARTESIAN_POINT('',(52.,46.9683366471029,40.));
#13879=CARTESIAN_POINT('',(80.0000000000001,46.9683366471029,18.));
#13880=CARTESIAN_POINT('',(-93.110711045169,85.7378643236547,36.9786835819053));
#13881=UNCERTAINTY_MEASURE_WITH_UNIT(LENGTH_MEASURE(0.01),#13903,
'DISTANCE_ACCURACY_VALUE',
'Maximum model space distance between geometric entities at asserted c
onnectivities');
#13882=UNCERTAINTY_MEASURE_WITH_UNIT(LENGTH_MEASURE(0.01),#13903,
'DISTANCE_ACCURACY_VALUE',
'Maximum model space distance between geometric entities at asserted c
onnectivities');
#13883=UNCERTAINTY_MEASURE_WITH_UNIT(LENGTH_MEASURE(0.01),#13903,
'DISTANCE_ACCURACY_VALUE',
'Maximum model space distance between geometric entities at asserted c
onnectivities');
#13884=UNCERTAINTY_MEASURE_WITH_UNIT(LENGTH_MEASURE(0.01),#13903,
'DISTANCE_ACCURACY_VALUE',
'Maximum model space distance between geometric entities at asserted c
onnectivities');
#13885=UNCERTAINTY_MEASURE_WITH_UNIT(LENGTH_MEASURE(0.01),#13903,
'DISTANCE_ACCURACY_VALUE',
'Maximum model space distance between geometric entities at asserted c
onnectivities');
#13886=UNCERTAINTY_MEASURE_WITH_UNIT(LENGTH_MEASURE(0.01),#13903,
'DISTANCE_ACCURACY_VALUE',
'Maximum model space distance between geometric entities at asserted c
onnectivities');
#13887=UNCERTAINTY_MEASURE_WITH_UNIT(LENGTH_MEASURE(0.01),#13903,
'DISTANCE_ACCURACY_VALUE',
'Maximum model space distance between geometric entities at asserted c
onnectivities');
#13888=UNCERTAINTY_MEASURE_WITH_UNIT(LENGTH_MEASURE(0.01),#13903,
'DISTANCE_ACCURACY_VALUE',
'Maximum model space distance between geometric entities at asserted c
onnectivities');
#13889=UNCERTAINTY_MEASURE_WITH_UNIT(LENGTH_MEASURE(0.01),#13903,
'DISTANCE_ACCURACY_VALUE',
'Maximum model space distance between geometric entities at asserted c
onnectivities');
#13890=UNCERTAINTY_MEASURE_WITH_UNIT(LENGTH_MEASURE(0.01),#13903,
'DISTANCE_ACCURACY_VALUE',
'Maximum model space distance between geometric entities at asserted c
onnectivities');
#13891=UNCERTAINTY_MEASURE_WITH_UNIT(LENGTH_MEASURE(0.01),#13903,
'DISTANCE_ACCURACY_VALUE',
'Maximum model space distance between geometric entities at asserted c
onnectivities');
#13892=(
GEOMETRIC_REPRESENTATION_CONTEXT(3)
GLOBAL_UNCERTAINTY_ASSIGNED_CONTEXT((#13881))
GLOBAL_UNIT_ASSIGNED_CONTEXT((#13903,#13905,#13906))
REPRESENTATION_CONTEXT('','3D')
);
#13893=(
GEOMETRIC_REPRESENTATION_CONTEXT(3)
GLOBAL_UNCERTAINTY_ASSIGNED_CONTEXT((#13882))
GLOBAL_UNIT_ASSIGNED_CONTEXT((#13903,#13905,#13906))
REPRESENTATION_CONTEXT('','3D')
);
#13894=(
GEOMETRIC_REPRESENTATION_CONTEXT(3)
GLOBAL_UNCERTAINTY_ASSIGNED_CONTEXT((#13883))
GLOBAL_UNIT_ASSIGNED_CONTEXT((#13903,#13905,#13906))
REPRESENTATION_CONTEXT('','3D')
);
#13895=(
GEOMETRIC_REPRESENTATION_CONTEXT(3)
GLOBAL_UNCERTAINTY_ASSIGNED_CONTEXT((#13884))
GLOBAL_UNIT_ASSIGNED_CONTEXT((#13903,#13905,#13906))
REPRESENTATION_CONTEXT('','3D')
);
#13896=(
GEOMETRIC_REPRESENTATION_CONTEXT(3)
GLOBAL_UNCERTAINTY_ASSIGNED_CONTEXT((#13885))
GLOBAL_UNIT_ASSIGNED_CONTEXT((#13903,#13905,#13906))
REPRESENTATION_CONTEXT('','3D')
);
#13897=(
GEOMETRIC_REPRESENTATION_CONTEXT(3)
GLOBAL_UNCERTAINTY_ASSIGNED_CONTEXT((#13886))
GLOBAL_UNIT_ASSIGNED_CONTEXT((#13903,#13905,#13906))
REPRESENTATION_CONTEXT('','3D')
);
#13898=(
GEOMETRIC_REPRESENTATION_CONTEXT(3)
GLOBAL_UNCERTAINTY_ASSIGNED_CONTEXT((#13887))
GLOBAL_UNIT_ASSIGNED_CONTEXT((#13903,#13905,#13906))
REPRESENTATION_CONTEXT('','3D')
);
#13899=(
GEOMETRIC_REPRESENTATION_CONTEXT(3)
GLOBAL_UNCERTAINTY_ASSIGNED_CONTEXT((#13888))
GLOBAL_UNIT_ASSIGNED_CONTEXT((#13903,#13905,#13906))
REPRESENTATION_CONTEXT('','3D')
);
#13900=(
GEOMETRIC_REPRESENTATION_CONTEXT(3)
GLOBAL_UNCERTAINTY_ASSIGNED_CONTEXT((#13889))
GLOBAL_UNIT_ASSIGNED_CONTEXT((#13903,#13905,#13906))
REPRESENTATION_CONTEXT('','3D')
);
#13901=(
GEOMETRIC_REPRESENTATION_CONTEXT(3)
GLOBAL_UNCERTAINTY_ASSIGNED_CONTEXT((#13890))
GLOBAL_UNIT_ASSIGNED_CONTEXT((#13903,#13905,#13906))
REPRESENTATION_CONTEXT('','3D')
);
#13902=(
GEOMETRIC_REPRESENTATION_CONTEXT(3)
GLOBAL_UNCERTAINTY_ASSIGNED_CONTEXT((#13891))
GLOBAL_UNIT_ASSIGNED_CONTEXT((#13903,#13905,#13906))
REPRESENTATION_CONTEXT('','3D')
);
#13903=(
LENGTH_UNIT()
NAMED_UNIT(*)
SI_UNIT(.MILLI.,.METRE.)
);
#13904=(
LENGTH_UNIT()
NAMED_UNIT(*)
SI_UNIT($,.METRE.)
);
#13905=(
NAMED_UNIT(*)
PLANE_ANGLE_UNIT()
SI_UNIT($,.RADIAN.)
);
#13906=(
NAMED_UNIT(*)
SI_UNIT($,.STERADIAN.)
SOLID_ANGLE_UNIT()
);
#13907=SHAPE_DEFINITION_REPRESENTATION(#13917,#13936);
#13908=SHAPE_DEFINITION_REPRESENTATION(#13918,#13937);
#13909=SHAPE_DEFINITION_REPRESENTATION(#13919,#13938);
#13910=SHAPE_DEFINITION_REPRESENTATION(#13920,#13939);
#13911=SHAPE_DEFINITION_REPRESENTATION(#13921,#13940);
#13912=SHAPE_DEFINITION_REPRESENTATION(#13922,#13941);
#13913=SHAPE_DEFINITION_REPRESENTATION(#13923,#13942);
#13914=SHAPE_DEFINITION_REPRESENTATION(#13924,#13943);
#13915=SHAPE_DEFINITION_REPRESENTATION(#13925,#13944);
#13916=SHAPE_DEFINITION_REPRESENTATION(#13926,#13945);
#13917=PRODUCT_DEFINITION_SHAPE('',$,#13947);
#13918=PRODUCT_DEFINITION_SHAPE('',$,#13948);
#13919=PRODUCT_DEFINITION_SHAPE('',$,#13949);
#13920=PRODUCT_DEFINITION_SHAPE('',$,#13950);
#13921=PRODUCT_DEFINITION_SHAPE('',$,#13951);
#13922=PRODUCT_DEFINITION_SHAPE('',$,#13952);
#13923=PRODUCT_DEFINITION_SHAPE('',$,#13953);
#13924=PRODUCT_DEFINITION_SHAPE('',$,#13954);
#13925=PRODUCT_DEFINITION_SHAPE('',$,#13955);
#13926=PRODUCT_DEFINITION_SHAPE('',$,#13956);
#13927=PRODUCT_DEFINITION_SHAPE($,$,#38);
#13928=PRODUCT_DEFINITION_SHAPE($,$,#39);
#13929=PRODUCT_DEFINITION_SHAPE($,$,#40);
#13930=PRODUCT_DEFINITION_SHAPE($,$,#41);
#13931=PRODUCT_DEFINITION_SHAPE($,$,#42);
#13932=PRODUCT_DEFINITION_SHAPE($,$,#43);
#13933=PRODUCT_DEFINITION_SHAPE($,$,#44);
#13934=PRODUCT_DEFINITION_SHAPE($,$,#45);
#13935=PRODUCT_DEFINITION_SHAPE($,$,#46);
#13936=SHAPE_REPRESENTATION('',(#7914,#8982,#8983,#8984,#8985,#8986,#8987,
#8988,#8989,#8990),#13892);
#13937=SHAPE_REPRESENTATION('',(#7915),#13893);
#13938=SHAPE_REPRESENTATION('',(#8277),#13894);
#13939=SHAPE_REPRESENTATION('',(#8454),#13895);
#13940=SHAPE_REPRESENTATION('',(#8463),#13896);
#13941=SHAPE_REPRESENTATION('',(#8554),#13897);
#13942=SHAPE_REPRESENTATION('',(#8634),#13898);
#13943=SHAPE_REPRESENTATION('',(#8714),#13899);
#13944=SHAPE_REPRESENTATION('',(#8794),#13900);
#13945=SHAPE_REPRESENTATION('',(#8874),#13901);
#13946=PRODUCT_DEFINITION_CONTEXT('part definition',#13978,'design');
#13947=PRODUCT_DEFINITION('MC lid NEG Laser','MC lid NEG Laser v12',#13957,
#13946);
#13948=PRODUCT_DEFINITION('CF200','CF200',#13958,#13946);
#13949=PRODUCT_DEFINITION('CF100-102-WeldflangE','CF100-102-WeldflangE',
#13959,#13946);
#13950=PRODUCT_DEFINITION('cf63','cf63',#13960,#13946);
#13951=PRODUCT_DEFINITION('CF40','CF40',#13961,#13946);
#13952=PRODUCT_DEFINITION('CF16','CF16',#13962,#13946);
#13953=PRODUCT_DEFINITION('CF16 (1)','CF16 (1)',#13963,#13946);
#13954=PRODUCT_DEFINITION('CF16 (2)','CF16 (2)',#13964,#13946);
#13955=PRODUCT_DEFINITION('CF16 (3)','CF16 (3)',#13965,#13946);
#13956=PRODUCT_DEFINITION('CF63_1','CF63',#13966,#13946);
#13957=PRODUCT_DEFINITION_FORMATION('',$,#13980);
#13958=PRODUCT_DEFINITION_FORMATION('',$,#13981);
#13959=PRODUCT_DEFINITION_FORMATION('',$,#13982);
#13960=PRODUCT_DEFINITION_FORMATION('',$,#13983);
#13961=PRODUCT_DEFINITION_FORMATION('',$,#13984);
#13962=PRODUCT_DEFINITION_FORMATION('',$,#13985);
#13963=PRODUCT_DEFINITION_FORMATION('',$,#13986);
#13964=PRODUCT_DEFINITION_FORMATION('',$,#13987);
#13965=PRODUCT_DEFINITION_FORMATION('',$,#13988);
#13966=PRODUCT_DEFINITION_FORMATION('',$,#13989);
#13967=PRODUCT_RELATED_PRODUCT_CATEGORY('MC lid NEG Laser v12',
'MC lid NEG Laser v12',(#13980));
#13968=PRODUCT_RELATED_PRODUCT_CATEGORY('CF200','CF200',(#13981));
#13969=PRODUCT_RELATED_PRODUCT_CATEGORY('CF100-102-WeldflangE',
'CF100-102-WeldflangE',(#13982));
#13970=PRODUCT_RELATED_PRODUCT_CATEGORY('cf63','cf63',(#13983));
#13971=PRODUCT_RELATED_PRODUCT_CATEGORY('CF40','CF40',(#13984));
#13972=PRODUCT_RELATED_PRODUCT_CATEGORY('CF16','CF16',(#13985));
#13973=PRODUCT_RELATED_PRODUCT_CATEGORY('CF16 (1)','CF16 (1)',(#13986));
#13974=PRODUCT_RELATED_PRODUCT_CATEGORY('CF16 (2)','CF16 (2)',(#13987));
#13975=PRODUCT_RELATED_PRODUCT_CATEGORY('CF16 (3)','CF16 (3)',(#13988));
#13976=PRODUCT_RELATED_PRODUCT_CATEGORY('CF63','CF63',(#13989));
#13977=APPLICATION_PROTOCOL_DEFINITION('international standard',
'automotive_design',2009,#13978);
#13978=APPLICATION_CONTEXT(
'Core Data for Automotive Mechanical Design Process');
#13979=PRODUCT_CONTEXT('part definition',#13978,'mechanical');
#13980=PRODUCT('MC lid NEG Laser','MC lid NEG Laser v12',$,(#13979));
#13981=PRODUCT('CF200','CF200',$,(#13979));
#13982=PRODUCT('CF100-102-WeldflangE','CF100-102-WeldflangE',$,(#13979));
#13983=PRODUCT('cf63','cf63',$,(#13979));
#13984=PRODUCT('CF40','CF40',$,(#13979));
#13985=PRODUCT('CF16','CF16',$,(#13979));
#13986=PRODUCT('CF16 (1)','CF16 (1)',$,(#13979));
#13987=PRODUCT('CF16 (2)','CF16 (2)',$,(#13979));
#13988=PRODUCT('CF16 (3)','CF16 (3)',$,(#13979));
#13989=PRODUCT('CF63_1','CF63',$,(#13979));
#13990=PRESENTATION_STYLE_ASSIGNMENT((#13994));
#13991=PRESENTATION_STYLE_ASSIGNMENT((#13995));
#13992=PRESENTATION_STYLE_ASSIGNMENT((#13996));
#13993=PRESENTATION_STYLE_ASSIGNMENT((#13997));
#13994=SURFACE_STYLE_USAGE(.BOTH.,#13998);
#13995=SURFACE_STYLE_USAGE(.BOTH.,#13999);
#13996=SURFACE_STYLE_USAGE(.BOTH.,#14000);
#13997=SURFACE_STYLE_USAGE(.BOTH.,#14001);
#13998=SURFACE_SIDE_STYLE('',(#14002));
#13999=SURFACE_SIDE_STYLE('',(#14003));
#14000=SURFACE_SIDE_STYLE('',(#14004));
#14001=SURFACE_SIDE_STYLE('',(#14005));
#14002=SURFACE_STYLE_FILL_AREA(#14006);
#14003=SURFACE_STYLE_FILL_AREA(#14007);
#14004=SURFACE_STYLE_FILL_AREA(#14008);
#14005=SURFACE_STYLE_FILL_AREA(#14009);
#14006=FILL_AREA_STYLE('Steel - Satin',(#14010));
#14007=FILL_AREA_STYLE('Opaque(165,158,150)',(#14011));
#14008=FILL_AREA_STYLE('Opaque(126,126,126)',(#14012));
#14009=FILL_AREA_STYLE('Titanium - Polished',(#14013));
#14010=FILL_AREA_STYLE_COLOUR('Steel - Satin',#14014);
#14011=FILL_AREA_STYLE_COLOUR('Opaque(165,158,150)',#14015);
#14012=FILL_AREA_STYLE_COLOUR('Opaque(126,126,126)',#14016);
#14013=FILL_AREA_STYLE_COLOUR('Titanium - Polished',#14017);
#14014=COLOUR_RGB('Steel - Satin',0.627450980392157,0.627450980392157,0.627450980392157);
#14015=COLOUR_RGB('Opaque(165,158,150)',0.647058823529412,0.619607843137255,
0.588235294117647);
#14016=COLOUR_RGB('Opaque(126,126,126)',0.494117647058824,0.494117647058824,
0.494117647058824);
#14017=COLOUR_RGB('Titanium - Polished',0.749019607843137,0.729411764705882,
0.701960784313725);
ENDSEC;
END-ISO-10303-21;
