ISO-10303-21;
HEADER;
/* Generated by software containing ST-Developer
 * from STEP Tools, Inc. (www.steptools.com) 
 */

FILE_DESCRIPTION(
/* description */ (''),
/* implementation_level */ '2;1');

FILE_NAME(
/* name */ 'barion-basic v1.step',
/* time_stamp */ '2024-06-17T16:51:43+02:00',
/* author */ (''),
/* organization */ (''),
/* preprocessor_version */ 'ST-DEVELOPER v20',
/* originating_system */ 'Autodesk Translation Framework v13.14.0.145',

/* authorisation */ '');

FILE_SCHEMA (('AUTOMOTIVE_DESIGN { 1 0 10303 214 3 1 1 }'));
ENDSEC;

DATA;
#10=MECHANICAL_DESIGN_GEOMETRIC_PRESENTATION_REPRESENTATION('',(#102,#103,
#104,#105,#106,#107,#108,#109,#110,#111,#112,#113,#114,#115,#116,#117,#118,
#119,#120,#121,#122,#123,#124,#125,#126,#127,#128,#129,#130,#131,#132,#133,
#134,#135,#136,#137,#138,#139,#140,#141,#142,#143,#144,#145,#146,#147,#148,
#149,#150,#151,#152,#153,#154,#155,#156,#157,#158,#159,#160,#161,#162,#163,
#164,#165,#166,#167,#168,#169,#170,#171,#172,#173,#174,#175,#176,#177,#178,
#179,#180,#181,#182),#9185);
#11=SHAPE_REPRESENTATION_RELATIONSHIP('SRR','None',#9192,#12);
#12=ADVANCED_BREP_SHAPE_REPRESENTATION('',(#183,#184,#185,#186,#187,#188,
#189),#9184);
#13=SPHERICAL_SURFACE('',#4941,0.5);
#14=SPHERICAL_SURFACE('',#4945,0.5);
#15=SPHERICAL_SURFACE('',#4952,0.5);
#16=SPHERICAL_SURFACE('',#4956,0.5);
#17=SPHERICAL_SURFACE('',#4962,0.5);
#18=SPHERICAL_SURFACE('',#4966,0.5);
#19=SPHERICAL_SURFACE('',#4973,0.5);
#20=SPHERICAL_SURFACE('',#4977,0.5);
#21=SPHERICAL_SURFACE('',#4983,0.5);
#22=SPHERICAL_SURFACE('',#4987,0.5);
#23=SPHERICAL_SURFACE('',#4993,0.5);
#24=SPHERICAL_SURFACE('',#4997,0.5);
#25=SPHERICAL_SURFACE('',#5003,3.);
#26=SPHERICAL_SURFACE('',#5010,3.);
#27=TOROIDAL_SURFACE('',#4904,34.5,0.5);
#28=TOROIDAL_SURFACE('',#4907,34.5,0.5);
#29=TOROIDAL_SURFACE('',#4911,34.5,0.5);
#30=(
BOUNDED_CURVE()
B_SPLINE_CURVE(2,(#7617,#7618,#7619),.UNSPECIFIED.,.F.,.F.)
B_SPLINE_CURVE_WITH_KNOTS((3,3),(0.,0.052579626213505),.UNSPECIFIED.)
CURVE()
GEOMETRIC_REPRESENTATION_ITEM()
RATIONAL_B_SPLINE_CURVE((1.,1.15470053837924,1.))
REPRESENTATION_ITEM('')
);
#31=(
BOUNDED_CURVE()
B_SPLINE_CURVE(2,(#7624,#7625,#7626),.UNSPECIFIED.,.F.,.F.)
B_SPLINE_CURVE_WITH_KNOTS((3,3),(0.,0.052579626213505),.UNSPECIFIED.)
CURVE()
GEOMETRIC_REPRESENTATION_ITEM()
RATIONAL_B_SPLINE_CURVE((1.,1.15470053837924,1.))
REPRESENTATION_ITEM('')
);
#32=(
BOUNDED_CURVE()
B_SPLINE_CURVE(2,(#7630,#7631,#7632),.UNSPECIFIED.,.F.,.F.)
B_SPLINE_CURVE_WITH_KNOTS((3,3),(0.,0.052579626213505),.UNSPECIFIED.)
CURVE()
GEOMETRIC_REPRESENTATION_ITEM()
RATIONAL_B_SPLINE_CURVE((1.,1.15470053837926,1.))
REPRESENTATION_ITEM('')
);
#33=(
BOUNDED_CURVE()
B_SPLINE_CURVE(2,(#7636,#7637,#7638),.UNSPECIFIED.,.F.,.F.)
B_SPLINE_CURVE_WITH_KNOTS((3,3),(0.,0.052579626213505),.UNSPECIFIED.)
CURVE()
GEOMETRIC_REPRESENTATION_ITEM()
RATIONAL_B_SPLINE_CURVE((1.,1.15470053837925,1.))
REPRESENTATION_ITEM('')
);
#34=(
BOUNDED_CURVE()
B_SPLINE_CURVE(2,(#7642,#7643,#7644),.UNSPECIFIED.,.F.,.F.)
B_SPLINE_CURVE_WITH_KNOTS((3,3),(0.,0.052579626213505),.UNSPECIFIED.)
CURVE()
GEOMETRIC_REPRESENTATION_ITEM()
RATIONAL_B_SPLINE_CURVE((1.,1.15470053837924,1.))
REPRESENTATION_ITEM('')
);
#35=(
BOUNDED_CURVE()
B_SPLINE_CURVE(2,(#7647,#7648,#7649),.UNSPECIFIED.,.F.,.F.)
B_SPLINE_CURVE_WITH_KNOTS((3,3),(0.,0.052579626213505),.UNSPECIFIED.)
CURVE()
GEOMETRIC_REPRESENTATION_ITEM()
RATIONAL_B_SPLINE_CURVE((1.,1.15470053837925,1.))
REPRESENTATION_ITEM('')
);
#36=(
BOUNDED_CURVE()
B_SPLINE_CURVE(2,(#7684,#7685,#7686),.UNSPECIFIED.,.F.,.F.)
B_SPLINE_CURVE_WITH_KNOTS((3,3),(0.,0.052579626213505),.UNSPECIFIED.)
CURVE()
GEOMETRIC_REPRESENTATION_ITEM()
RATIONAL_B_SPLINE_CURVE((1.,1.15470053837924,1.))
REPRESENTATION_ITEM('')
);
#37=(
BOUNDED_CURVE()
B_SPLINE_CURVE(2,(#7691,#7692,#7693),.UNSPECIFIED.,.F.,.F.)
B_SPLINE_CURVE_WITH_KNOTS((3,3),(0.,0.052579626213505),.UNSPECIFIED.)
CURVE()
GEOMETRIC_REPRESENTATION_ITEM()
RATIONAL_B_SPLINE_CURVE((1.,1.15470053837924,1.))
REPRESENTATION_ITEM('')
);
#38=(
BOUNDED_CURVE()
B_SPLINE_CURVE(2,(#7697,#7698,#7699),.UNSPECIFIED.,.F.,.F.)
B_SPLINE_CURVE_WITH_KNOTS((3,3),(0.,0.052579626213505),.UNSPECIFIED.)
CURVE()
GEOMETRIC_REPRESENTATION_ITEM()
RATIONAL_B_SPLINE_CURVE((1.,1.15470053837926,1.))
REPRESENTATION_ITEM('')
);
#39=(
BOUNDED_CURVE()
B_SPLINE_CURVE(2,(#7703,#7704,#7705),.UNSPECIFIED.,.F.,.F.)
B_SPLINE_CURVE_WITH_KNOTS((3,3),(0.,0.052579626213505),.UNSPECIFIED.)
CURVE()
GEOMETRIC_REPRESENTATION_ITEM()
RATIONAL_B_SPLINE_CURVE((1.,1.15470053837925,1.))
REPRESENTATION_ITEM('')
);
#40=(
BOUNDED_CURVE()
B_SPLINE_CURVE(2,(#7709,#7710,#7711),.UNSPECIFIED.,.F.,.F.)
B_SPLINE_CURVE_WITH_KNOTS((3,3),(0.,0.052579626213505),.UNSPECIFIED.)
CURVE()
GEOMETRIC_REPRESENTATION_ITEM()
RATIONAL_B_SPLINE_CURVE((1.,1.15470053837924,1.))
REPRESENTATION_ITEM('')
);
#41=(
BOUNDED_CURVE()
B_SPLINE_CURVE(2,(#7714,#7715,#7716),.UNSPECIFIED.,.F.,.F.)
B_SPLINE_CURVE_WITH_KNOTS((3,3),(0.,0.052579626213505),.UNSPECIFIED.)
CURVE()
GEOMETRIC_REPRESENTATION_ITEM()
RATIONAL_B_SPLINE_CURVE((1.,1.15470053837925,1.))
REPRESENTATION_ITEM('')
);
#42=(
BOUNDED_CURVE()
B_SPLINE_CURVE(2,(#8589,#8590,#8591),.UNSPECIFIED.,.F.,.F.)
B_SPLINE_CURVE_WITH_KNOTS((3,3),(0.,0.052579626213505),.UNSPECIFIED.)
CURVE()
GEOMETRIC_REPRESENTATION_ITEM()
RATIONAL_B_SPLINE_CURVE((1.,1.15470053837924,1.))
REPRESENTATION_ITEM('')
);
#43=(
BOUNDED_CURVE()
B_SPLINE_CURVE(2,(#8596,#8597,#8598),.UNSPECIFIED.,.F.,.F.)
B_SPLINE_CURVE_WITH_KNOTS((3,3),(0.,0.052579626213505),.UNSPECIFIED.)
CURVE()
GEOMETRIC_REPRESENTATION_ITEM()
RATIONAL_B_SPLINE_CURVE((1.,1.15470053837924,1.))
REPRESENTATION_ITEM('')
);
#44=(
BOUNDED_CURVE()
B_SPLINE_CURVE(2,(#8602,#8603,#8604),.UNSPECIFIED.,.F.,.F.)
B_SPLINE_CURVE_WITH_KNOTS((3,3),(0.,0.052579626213505),.UNSPECIFIED.)
CURVE()
GEOMETRIC_REPRESENTATION_ITEM()
RATIONAL_B_SPLINE_CURVE((1.,1.15470053837926,1.))
REPRESENTATION_ITEM('')
);
#45=(
BOUNDED_CURVE()
B_SPLINE_CURVE(2,(#8608,#8609,#8610),.UNSPECIFIED.,.F.,.F.)
B_SPLINE_CURVE_WITH_KNOTS((3,3),(0.,0.052579626213505),.UNSPECIFIED.)
CURVE()
GEOMETRIC_REPRESENTATION_ITEM()
RATIONAL_B_SPLINE_CURVE((1.,1.15470053837925,1.))
REPRESENTATION_ITEM('')
);
#46=(
BOUNDED_CURVE()
B_SPLINE_CURVE(2,(#8614,#8615,#8616),.UNSPECIFIED.,.F.,.F.)
B_SPLINE_CURVE_WITH_KNOTS((3,3),(0.,0.052579626213505),.UNSPECIFIED.)
CURVE()
GEOMETRIC_REPRESENTATION_ITEM()
RATIONAL_B_SPLINE_CURVE((1.,1.15470053837924,1.))
REPRESENTATION_ITEM('')
);
#47=(
BOUNDED_CURVE()
B_SPLINE_CURVE(2,(#8619,#8620,#8621),.UNSPECIFIED.,.F.,.F.)
B_SPLINE_CURVE_WITH_KNOTS((3,3),(0.,0.052579626213505),.UNSPECIFIED.)
CURVE()
GEOMETRIC_REPRESENTATION_ITEM()
RATIONAL_B_SPLINE_CURVE((1.,1.15470053837925,1.))
REPRESENTATION_ITEM('')
);
#48=(
BOUNDED_CURVE()
B_SPLINE_CURVE(2,(#8656,#8657,#8658),.UNSPECIFIED.,.F.,.F.)
B_SPLINE_CURVE_WITH_KNOTS((3,3),(0.,0.052579626213505),.UNSPECIFIED.)
CURVE()
GEOMETRIC_REPRESENTATION_ITEM()
RATIONAL_B_SPLINE_CURVE((1.,1.15470053837924,1.))
REPRESENTATION_ITEM('')
);
#49=(
BOUNDED_CURVE()
B_SPLINE_CURVE(2,(#8663,#8664,#8665),.UNSPECIFIED.,.F.,.F.)
B_SPLINE_CURVE_WITH_KNOTS((3,3),(0.,0.052579626213505),.UNSPECIFIED.)
CURVE()
GEOMETRIC_REPRESENTATION_ITEM()
RATIONAL_B_SPLINE_CURVE((1.,1.15470053837924,1.))
REPRESENTATION_ITEM('')
);
#50=(
BOUNDED_CURVE()
B_SPLINE_CURVE(2,(#8669,#8670,#8671),.UNSPECIFIED.,.F.,.F.)
B_SPLINE_CURVE_WITH_KNOTS((3,3),(0.,0.052579626213505),.UNSPECIFIED.)
CURVE()
GEOMETRIC_REPRESENTATION_ITEM()
RATIONAL_B_SPLINE_CURVE((1.,1.15470053837926,1.))
REPRESENTATION_ITEM('')
);
#51=(
BOUNDED_CURVE()
B_SPLINE_CURVE(2,(#8675,#8676,#8677),.UNSPECIFIED.,.F.,.F.)
B_SPLINE_CURVE_WITH_KNOTS((3,3),(0.,0.052579626213505),.UNSPECIFIED.)
CURVE()
GEOMETRIC_REPRESENTATION_ITEM()
RATIONAL_B_SPLINE_CURVE((1.,1.15470053837925,1.))
REPRESENTATION_ITEM('')
);
#52=(
BOUNDED_CURVE()
B_SPLINE_CURVE(2,(#8681,#8682,#8683),.UNSPECIFIED.,.F.,.F.)
B_SPLINE_CURVE_WITH_KNOTS((3,3),(0.,0.052579626213505),.UNSPECIFIED.)
CURVE()
GEOMETRIC_REPRESENTATION_ITEM()
RATIONAL_B_SPLINE_CURVE((1.,1.15470053837924,1.))
REPRESENTATION_ITEM('')
);
#53=(
BOUNDED_CURVE()
B_SPLINE_CURVE(2,(#8686,#8687,#8688),.UNSPECIFIED.,.F.,.F.)
B_SPLINE_CURVE_WITH_KNOTS((3,3),(0.,0.052579626213505),.UNSPECIFIED.)
CURVE()
GEOMETRIC_REPRESENTATION_ITEM()
RATIONAL_B_SPLINE_CURVE((1.,1.15470053837925,1.))
REPRESENTATION_ITEM('')
);
#54=(
BOUNDED_CURVE()
B_SPLINE_CURVE(2,(#9079,#9080,#9081),.UNSPECIFIED.,.F.,.F.)
B_SPLINE_CURVE_WITH_KNOTS((3,3),(0.,0.052579626213505),.UNSPECIFIED.)
CURVE()
GEOMETRIC_REPRESENTATION_ITEM()
RATIONAL_B_SPLINE_CURVE((1.,1.15470053837924,1.))
REPRESENTATION_ITEM('')
);
#55=(
BOUNDED_CURVE()
B_SPLINE_CURVE(2,(#9086,#9087,#9088),.UNSPECIFIED.,.F.,.F.)
B_SPLINE_CURVE_WITH_KNOTS((3,3),(0.,0.052579626213505),.UNSPECIFIED.)
CURVE()
GEOMETRIC_REPRESENTATION_ITEM()
RATIONAL_B_SPLINE_CURVE((1.,1.15470053837924,1.))
REPRESENTATION_ITEM('')
);
#56=(
BOUNDED_CURVE()
B_SPLINE_CURVE(2,(#9092,#9093,#9094),.UNSPECIFIED.,.F.,.F.)
B_SPLINE_CURVE_WITH_KNOTS((3,3),(0.,0.052579626213505),.UNSPECIFIED.)
CURVE()
GEOMETRIC_REPRESENTATION_ITEM()
RATIONAL_B_SPLINE_CURVE((1.,1.15470053837926,1.))
REPRESENTATION_ITEM('')
);
#57=(
BOUNDED_CURVE()
B_SPLINE_CURVE(2,(#9098,#9099,#9100),.UNSPECIFIED.,.F.,.F.)
B_SPLINE_CURVE_WITH_KNOTS((3,3),(0.,0.052579626213505),.UNSPECIFIED.)
CURVE()
GEOMETRIC_REPRESENTATION_ITEM()
RATIONAL_B_SPLINE_CURVE((1.,1.15470053837925,1.))
REPRESENTATION_ITEM('')
);
#58=(
BOUNDED_CURVE()
B_SPLINE_CURVE(2,(#9104,#9105,#9106),.UNSPECIFIED.,.F.,.F.)
B_SPLINE_CURVE_WITH_KNOTS((3,3),(0.,0.052579626213505),.UNSPECIFIED.)
CURVE()
GEOMETRIC_REPRESENTATION_ITEM()
RATIONAL_B_SPLINE_CURVE((1.,1.15470053837924,1.))
REPRESENTATION_ITEM('')
);
#59=(
BOUNDED_CURVE()
B_SPLINE_CURVE(2,(#9109,#9110,#9111),.UNSPECIFIED.,.F.,.F.)
B_SPLINE_CURVE_WITH_KNOTS((3,3),(0.,0.052579626213505),.UNSPECIFIED.)
CURVE()
GEOMETRIC_REPRESENTATION_ITEM()
RATIONAL_B_SPLINE_CURVE((1.,1.15470053837925,1.))
REPRESENTATION_ITEM('')
);
#60=(
BOUNDED_CURVE()
B_SPLINE_CURVE(2,(#9146,#9147,#9148),.UNSPECIFIED.,.F.,.F.)
B_SPLINE_CURVE_WITH_KNOTS((3,3),(0.,0.052579626213505),.UNSPECIFIED.)
CURVE()
GEOMETRIC_REPRESENTATION_ITEM()
RATIONAL_B_SPLINE_CURVE((1.,1.15470053837924,1.))
REPRESENTATION_ITEM('')
);
#61=(
BOUNDED_CURVE()
B_SPLINE_CURVE(2,(#9153,#9154,#9155),.UNSPECIFIED.,.F.,.F.)
B_SPLINE_CURVE_WITH_KNOTS((3,3),(0.,0.052579626213505),.UNSPECIFIED.)
CURVE()
GEOMETRIC_REPRESENTATION_ITEM()
RATIONAL_B_SPLINE_CURVE((1.,1.15470053837924,1.))
REPRESENTATION_ITEM('')
);
#62=(
BOUNDED_CURVE()
B_SPLINE_CURVE(2,(#9159,#9160,#9161),.UNSPECIFIED.,.F.,.F.)
B_SPLINE_CURVE_WITH_KNOTS((3,3),(0.,0.052579626213505),.UNSPECIFIED.)
CURVE()
GEOMETRIC_REPRESENTATION_ITEM()
RATIONAL_B_SPLINE_CURVE((1.,1.15470053837926,1.))
REPRESENTATION_ITEM('')
);
#63=(
BOUNDED_CURVE()
B_SPLINE_CURVE(2,(#9165,#9166,#9167),.UNSPECIFIED.,.F.,.F.)
B_SPLINE_CURVE_WITH_KNOTS((3,3),(0.,0.052579626213505),.UNSPECIFIED.)
CURVE()
GEOMETRIC_REPRESENTATION_ITEM()
RATIONAL_B_SPLINE_CURVE((1.,1.15470053837925,1.))
REPRESENTATION_ITEM('')
);
#64=(
BOUNDED_CURVE()
B_SPLINE_CURVE(2,(#9171,#9172,#9173),.UNSPECIFIED.,.F.,.F.)
B_SPLINE_CURVE_WITH_KNOTS((3,3),(0.,0.052579626213505),.UNSPECIFIED.)
CURVE()
GEOMETRIC_REPRESENTATION_ITEM()
RATIONAL_B_SPLINE_CURVE((1.,1.15470053837924,1.))
REPRESENTATION_ITEM('')
);
#65=(
BOUNDED_CURVE()
B_SPLINE_CURVE(2,(#9176,#9177,#9178),.UNSPECIFIED.,.F.,.F.)
B_SPLINE_CURVE_WITH_KNOTS((3,3),(0.,0.052579626213505),.UNSPECIFIED.)
CURVE()
GEOMETRIC_REPRESENTATION_ITEM()
RATIONAL_B_SPLINE_CURVE((1.,1.15470053837925,1.))
REPRESENTATION_ITEM('')
);
#66=CONICAL_SURFACE('',#4781,1.,0.785398163397448);
#67=CONICAL_SURFACE('',#4787,2.3,0.785398163397448);
#68=CONICAL_SURFACE('',#4788,1.,0.785398163397448);
#69=CONICAL_SURFACE('',#4795,2.3,0.785398163397448);
#70=CONICAL_SURFACE('',#4797,1.,0.785398163397448);
#71=CONICAL_SURFACE('',#4803,1.,0.785398163397449);
#72=CONICAL_SURFACE('',#4812,1.,1.0471975511966);
#73=CONICAL_SURFACE('',#4813,1.,0.785398163397448);
#74=CONICAL_SURFACE('',#4819,1.,0.785398163397449);
#75=CONICAL_SURFACE('',#4828,1.,1.0471975511966);
#76=CONICAL_SURFACE('',#4884,22.575,1.22173047639603);
#77=CONICAL_SURFACE('',#4887,20.8408089297201,0.349065850398874);
#78=CONICAL_SURFACE('',#4935,22.7,0.785398163397449);
#79=CONICAL_SURFACE('',#4940,19.1,0.785398163397449);
#80=CONICAL_SURFACE('',#5009,1.3,0.785398163397448);
#81=CONICAL_SURFACE('',#5016,1.3,0.785398163397448);
#82=CONICAL_SURFACE('',#5026,1.,0.785398163397448);
#83=CONICAL_SURFACE('',#5032,2.3,0.785398163397448);
#84=CONICAL_SURFACE('',#5033,1.,0.785398163397448);
#85=CONICAL_SURFACE('',#5040,2.3,0.785398163397448);
#86=CONICAL_SURFACE('',#5042,1.,0.785398163397448);
#87=CONICAL_SURFACE('',#5048,1.,0.785398163397449);
#88=CONICAL_SURFACE('',#5057,1.,1.0471975511966);
#89=CONICAL_SURFACE('',#5058,1.,0.785398163397448);
#90=CONICAL_SURFACE('',#5064,1.,0.785398163397449);
#91=CONICAL_SURFACE('',#5073,1.,1.0471975511966);
#92=CONICAL_SURFACE('',#5083,1.,0.785398163397448);
#93=CONICAL_SURFACE('',#5089,2.3,0.785398163397448);
#94=CONICAL_SURFACE('',#5090,1.,0.785398163397448);
#95=CONICAL_SURFACE('',#5097,2.3,0.785398163397448);
#96=CONICAL_SURFACE('',#5099,1.,0.785398163397448);
#97=CONICAL_SURFACE('',#5105,1.,0.785398163397449);
#98=CONICAL_SURFACE('',#5114,1.,1.0471975511966);
#99=CONICAL_SURFACE('',#5115,1.,0.785398163397448);
#100=CONICAL_SURFACE('',#5121,1.,0.785398163397449);
#101=CONICAL_SURFACE('',#5130,1.,1.0471975511966);
#102=STYLED_ITEM('',(#9202),#183);
#103=STYLED_ITEM('',(#9203),#4440);
#104=STYLED_ITEM('',(#9203),#4441);
#105=STYLED_ITEM('',(#9203),#4442);
#106=STYLED_ITEM('',(#9203),#4443);
#107=STYLED_ITEM('',(#9203),#4444);
#108=STYLED_ITEM('',(#9203),#4445);
#109=STYLED_ITEM('',(#9203),#4446);
#110=STYLED_ITEM('',(#9203),#4447);
#111=STYLED_ITEM('',(#9203),#4448);
#112=STYLED_ITEM('',(#9203),#4449);
#113=STYLED_ITEM('',(#9203),#4450);
#114=STYLED_ITEM('',(#9203),#4451);
#115=STYLED_ITEM('',(#9203),#4452);
#116=STYLED_ITEM('',(#9203),#4453);
#117=STYLED_ITEM('',(#9203),#4454);
#118=STYLED_ITEM('',(#9203),#4455);
#119=STYLED_ITEM('',(#9203),#4456);
#120=STYLED_ITEM('',(#9203),#4457);
#121=STYLED_ITEM('',(#9203),#4458);
#122=STYLED_ITEM('',(#9203),#4459);
#123=STYLED_ITEM('',(#9203),#4460);
#124=STYLED_ITEM('',(#9203),#4461);
#125=STYLED_ITEM('',(#9203),#4462);
#126=STYLED_ITEM('',(#9203),#4463);
#127=STYLED_ITEM('',(#9202),#184);
#128=STYLED_ITEM('',(#9202),#185);
#129=STYLED_ITEM('',(#9202),#186);
#130=STYLED_ITEM('',(#9204),#4489);
#131=STYLED_ITEM('',(#9204),#4498);
#132=STYLED_ITEM('',(#9202),#187);
#133=STYLED_ITEM('',(#9203),#4551);
#134=STYLED_ITEM('',(#9203),#4552);
#135=STYLED_ITEM('',(#9203),#4553);
#136=STYLED_ITEM('',(#9203),#4554);
#137=STYLED_ITEM('',(#9203),#4555);
#138=STYLED_ITEM('',(#9203),#4556);
#139=STYLED_ITEM('',(#9203),#4557);
#140=STYLED_ITEM('',(#9203),#4558);
#141=STYLED_ITEM('',(#9203),#4559);
#142=STYLED_ITEM('',(#9203),#4560);
#143=STYLED_ITEM('',(#9203),#4561);
#144=STYLED_ITEM('',(#9203),#4562);
#145=STYLED_ITEM('',(#9203),#4563);
#146=STYLED_ITEM('',(#9203),#4564);
#147=STYLED_ITEM('',(#9203),#4565);
#148=STYLED_ITEM('',(#9203),#4566);
#149=STYLED_ITEM('',(#9203),#4567);
#150=STYLED_ITEM('',(#9203),#4568);
#151=STYLED_ITEM('',(#9203),#4569);
#152=STYLED_ITEM('',(#9203),#4570);
#153=STYLED_ITEM('',(#9203),#4571);
#154=STYLED_ITEM('',(#9203),#4572);
#155=STYLED_ITEM('',(#9203),#4573);
#156=STYLED_ITEM('',(#9203),#4574);
#157=STYLED_ITEM('',(#9202),#188);
#158=STYLED_ITEM('',(#9203),#4587);
#159=STYLED_ITEM('',(#9203),#4588);
#160=STYLED_ITEM('',(#9203),#4589);
#161=STYLED_ITEM('',(#9203),#4590);
#162=STYLED_ITEM('',(#9203),#4591);
#163=STYLED_ITEM('',(#9203),#4592);
#164=STYLED_ITEM('',(#9203),#4593);
#165=STYLED_ITEM('',(#9203),#4594);
#166=STYLED_ITEM('',(#9203),#4595);
#167=STYLED_ITEM('',(#9203),#4596);
#168=STYLED_ITEM('',(#9203),#4597);
#169=STYLED_ITEM('',(#9203),#4598);
#170=STYLED_ITEM('',(#9203),#4599);
#171=STYLED_ITEM('',(#9203),#4600);
#172=STYLED_ITEM('',(#9203),#4601);
#173=STYLED_ITEM('',(#9203),#4602);
#174=STYLED_ITEM('',(#9203),#4603);
#175=STYLED_ITEM('',(#9203),#4604);
#176=STYLED_ITEM('',(#9203),#4605);
#177=STYLED_ITEM('',(#9203),#4606);
#178=STYLED_ITEM('',(#9203),#4607);
#179=STYLED_ITEM('',(#9203),#4608);
#180=STYLED_ITEM('',(#9203),#4609);
#181=STYLED_ITEM('',(#9203),#4610);
#182=STYLED_ITEM('',(#9202),#189);
#183=MANIFOLD_SOLID_BREP('Body1',#4611);
#184=MANIFOLD_SOLID_BREP('Body2',#4612);
#185=MANIFOLD_SOLID_BREP('Body3',#4613);
#186=MANIFOLD_SOLID_BREP('Body3',#4614);
#187=MANIFOLD_SOLID_BREP('Body3',#4615);
#188=MANIFOLD_SOLID_BREP('Body4',#4616);
#189=MANIFOLD_SOLID_BREP('Body5',#4617);
#190=B_SPLINE_SURFACE_WITH_KNOTS('',3,3,((#6786,#6787,#6788,#6789,#6790,
#6791,#6792,#6793,#6794,#6795,#6796,#6797),(#6798,#6799,#6800,#6801,#6802,
#6803,#6804,#6805,#6806,#6807,#6808,#6809),(#6810,#6811,#6812,#6813,#6814,
#6815,#6816,#6817,#6818,#6819,#6820,#6821),(#6822,#6823,#6824,#6825,#6826,
#6827,#6828,#6829,#6830,#6831,#6832,#6833),(#6834,#6835,#6836,#6837,#6838,
#6839,#6840,#6841,#6842,#6843,#6844,#6845),(#6846,#6847,#6848,#6849,#6850,
#6851,#6852,#6853,#6854,#6855,#6856,#6857),(#6858,#6859,#6860,#6861,#6862,
#6863,#6864,#6865,#6866,#6867,#6868,#6869),(#6870,#6871,#6872,#6873,#6874,
#6875,#6876,#6877,#6878,#6879,#6880,#6881),(#6882,#6883,#6884,#6885,#6886,
#6887,#6888,#6889,#6890,#6891,#6892,#6893),(#6894,#6895,#6896,#6897,#6898,
#6899,#6900,#6901,#6902,#6903,#6904,#6905)),.UNSPECIFIED.,.T.,.F.,.F.,(4,
1,1,1,1,1,1,4),(4,1,1,1,1,1,1,1,1,4),(-3.14159265358979,-2.24399475256414,
-1.34639685153848,-0.448798950512828,0.448798950512827,1.34639685153848,
2.24399475256414,3.14159265358979),(-0.000216968321808493,0.448798950512828,
0.897597901025656,1.79519580205131,2.69279370307697,3.59039160410263,4.48798950512828,
5.38558740615394,5.83438635666677,6.28367114129604),.UNSPECIFIED.);
#191=B_SPLINE_SURFACE_WITH_KNOTS('',3,3,((#7082,#7083,#7084,#7085,#7086,
#7087,#7088,#7089,#7090,#7091,#7092,#7093),(#7094,#7095,#7096,#7097,#7098,
#7099,#7100,#7101,#7102,#7103,#7104,#7105),(#7106,#7107,#7108,#7109,#7110,
#7111,#7112,#7113,#7114,#7115,#7116,#7117),(#7118,#7119,#7120,#7121,#7122,
#7123,#7124,#7125,#7126,#7127,#7128,#7129),(#7130,#7131,#7132,#7133,#7134,
#7135,#7136,#7137,#7138,#7139,#7140,#7141),(#7142,#7143,#7144,#7145,#7146,
#7147,#7148,#7149,#7150,#7151,#7152,#7153),(#7154,#7155,#7156,#7157,#7158,
#7159,#7160,#7161,#7162,#7163,#7164,#7165),(#7166,#7167,#7168,#7169,#7170,
#7171,#7172,#7173,#7174,#7175,#7176,#7177),(#7178,#7179,#7180,#7181,#7182,
#7183,#7184,#7185,#7186,#7187,#7188,#7189),(#7190,#7191,#7192,#7193,#7194,
#7195,#7196,#7197,#7198,#7199,#7200,#7201)),.UNSPECIFIED.,.T.,.F.,.F.,(4,
1,1,1,1,1,1,4),(4,1,1,1,1,1,1,1,1,4),(-3.14159265358979,-2.24399475256414,
-1.34639685153848,-0.448798950512828,0.448798950512827,1.34639685153848,
2.24399475256414,3.14159265358979),(-0.000152232663260677,0.448798950512828,
0.897597901025656,1.79519580205131,2.69279370307697,3.59039160410263,4.48798950512828,
5.38558740615394,5.83438635666677,6.28367114129603),.UNSPECIFIED.);
#192=PLANE('',#4634);
#193=PLANE('',#4635);
#194=PLANE('',#4636);
#195=PLANE('',#4649);
#196=PLANE('',#4650);
#197=PLANE('',#4651);
#198=PLANE('',#4652);
#199=PLANE('',#4653);
#200=PLANE('',#4654);
#201=PLANE('',#4655);
#202=PLANE('',#4656);
#203=PLANE('',#4657);
#204=PLANE('',#4670);
#205=PLANE('',#4671);
#206=PLANE('',#4672);
#207=PLANE('',#4673);
#208=PLANE('',#4674);
#209=PLANE('',#4675);
#210=PLANE('',#4676);
#211=PLANE('',#4677);
#212=PLANE('',#4678);
#213=PLANE('',#4691);
#214=PLANE('',#4695);
#215=PLANE('',#4698);
#216=PLANE('',#4701);
#217=PLANE('',#4703);
#218=PLANE('',#4704);
#219=PLANE('',#4705);
#220=PLANE('',#4706);
#221=PLANE('',#4707);
#222=PLANE('',#4708);
#223=PLANE('',#4714);
#224=PLANE('',#4732);
#225=PLANE('',#4736);
#226=PLANE('',#4739);
#227=PLANE('',#4742);
#228=PLANE('',#4744);
#229=PLANE('',#4745);
#230=PLANE('',#4746);
#231=PLANE('',#4747);
#232=PLANE('',#4749);
#233=PLANE('',#4750);
#234=PLANE('',#4751);
#235=PLANE('',#4752);
#236=PLANE('',#4753);
#237=PLANE('',#4761);
#238=PLANE('',#4766);
#239=PLANE('',#4767);
#240=PLANE('',#4770);
#241=PLANE('',#4771);
#242=PLANE('',#4784);
#243=PLANE('',#4792);
#244=PLANE('',#4802);
#245=PLANE('',#4805);
#246=PLANE('',#4806);
#247=PLANE('',#4807);
#248=PLANE('',#4808);
#249=PLANE('',#4809);
#250=PLANE('',#4810);
#251=PLANE('',#4811);
#252=PLANE('',#4818);
#253=PLANE('',#4821);
#254=PLANE('',#4822);
#255=PLANE('',#4823);
#256=PLANE('',#4824);
#257=PLANE('',#4825);
#258=PLANE('',#4826);
#259=PLANE('',#4827);
#260=PLANE('',#4829);
#261=PLANE('',#4834);
#262=PLANE('',#4835);
#263=PLANE('',#4836);
#264=PLANE('',#4837);
#265=PLANE('',#4840);
#266=PLANE('',#4841);
#267=PLANE('',#4842);
#268=PLANE('',#4853);
#269=PLANE('',#4854);
#270=PLANE('',#4855);
#271=PLANE('',#4860);
#272=PLANE('',#4861);
#273=PLANE('',#4862);
#274=PLANE('',#4889);
#275=PLANE('',#4900);
#276=PLANE('',#4914);
#277=PLANE('',#4922);
#278=PLANE('',#4926);
#279=PLANE('',#4933);
#280=PLANE('',#4936);
#281=PLANE('',#5029);
#282=PLANE('',#5037);
#283=PLANE('',#5047);
#284=PLANE('',#5050);
#285=PLANE('',#5051);
#286=PLANE('',#5052);
#287=PLANE('',#5053);
#288=PLANE('',#5054);
#289=PLANE('',#5055);
#290=PLANE('',#5056);
#291=PLANE('',#5063);
#292=PLANE('',#5066);
#293=PLANE('',#5067);
#294=PLANE('',#5068);
#295=PLANE('',#5069);
#296=PLANE('',#5070);
#297=PLANE('',#5071);
#298=PLANE('',#5072);
#299=PLANE('',#5086);
#300=PLANE('',#5094);
#301=PLANE('',#5104);
#302=PLANE('',#5107);
#303=PLANE('',#5108);
#304=PLANE('',#5109);
#305=PLANE('',#5110);
#306=PLANE('',#5111);
#307=PLANE('',#5112);
#308=PLANE('',#5113);
#309=PLANE('',#5120);
#310=PLANE('',#5123);
#311=PLANE('',#5124);
#312=PLANE('',#5125);
#313=PLANE('',#5126);
#314=PLANE('',#5127);
#315=PLANE('',#5128);
#316=PLANE('',#5129);
#317=FACE_BOUND('',#724,.T.);
#318=FACE_BOUND('',#725,.T.);
#319=FACE_BOUND('',#726,.T.);
#320=FACE_BOUND('',#731,.T.);
#321=FACE_BOUND('',#739,.T.);
#322=FACE_BOUND('',#744,.T.);
#323=FACE_BOUND('',#752,.T.);
#324=FACE_BOUND('',#756,.T.);
#325=FACE_BOUND('',#759,.T.);
#326=FACE_BOUND('',#762,.T.);
#327=FACE_BOUND('',#768,.T.);
#328=FACE_BOUND('',#780,.T.);
#329=FACE_BOUND('',#781,.T.);
#330=FACE_BOUND('',#784,.T.);
#331=FACE_BOUND('',#787,.T.);
#332=FACE_BOUND('',#793,.T.);
#333=FACE_BOUND('',#798,.T.);
#334=FACE_BOUND('',#810,.T.);
#335=FACE_BOUND('',#817,.T.);
#336=FACE_BOUND('',#818,.T.);
#337=FACE_BOUND('',#820,.T.);
#338=FACE_BOUND('',#821,.T.);
#339=FACE_BOUND('',#822,.T.);
#340=FACE_BOUND('',#823,.T.);
#341=FACE_BOUND('',#825,.T.);
#342=FACE_BOUND('',#826,.T.);
#343=FACE_BOUND('',#829,.T.);
#344=FACE_BOUND('',#834,.T.);
#345=FACE_BOUND('',#841,.T.);
#346=FACE_BOUND('',#854,.T.);
#347=FACE_BOUND('',#876,.T.);
#348=FACE_BOUND('',#882,.T.);
#349=FACE_BOUND('',#883,.T.);
#350=FACE_BOUND('',#884,.T.);
#351=FACE_BOUND('',#894,.T.);
#352=FACE_BOUND('',#895,.T.);
#353=FACE_BOUND('',#896,.T.);
#354=FACE_BOUND('',#897,.T.);
#355=FACE_BOUND('',#898,.T.);
#356=FACE_BOUND('',#899,.T.);
#357=FACE_BOUND('',#900,.T.);
#358=FACE_BOUND('',#901,.T.);
#359=FACE_BOUND('',#904,.T.);
#360=FACE_BOUND('',#905,.T.);
#361=FACE_BOUND('',#906,.T.);
#362=FACE_BOUND('',#914,.T.);
#363=FACE_BOUND('',#915,.T.);
#364=FACE_BOUND('',#916,.T.);
#365=FACE_BOUND('',#917,.T.);
#366=FACE_BOUND('',#918,.T.);
#367=FACE_BOUND('',#919,.T.);
#368=FACE_BOUND('',#921,.T.);
#369=FACE_BOUND('',#924,.T.);
#370=FACE_BOUND('',#928,.T.);
#371=FACE_BOUND('',#929,.T.);
#372=FACE_BOUND('',#930,.T.);
#373=FACE_BOUND('',#931,.T.);
#374=FACE_BOUND('',#932,.T.);
#375=FACE_BOUND('',#933,.T.);
#376=FACE_BOUND('',#934,.T.);
#377=FACE_BOUND('',#937,.T.);
#378=FACE_BOUND('',#971,.T.);
#379=FACE_BOUND('',#972,.T.);
#380=FACE_BOUND('',#974,.T.);
#381=FACE_BOUND('',#975,.T.);
#382=FACE_BOUND('',#976,.T.);
#383=FACE_BOUND('',#977,.T.);
#384=FACE_BOUND('',#979,.T.);
#385=FACE_BOUND('',#980,.T.);
#386=FACE_BOUND('',#983,.T.);
#387=FACE_BOUND('',#988,.T.);
#388=FACE_BOUND('',#995,.T.);
#389=FACE_BOUND('',#1008,.T.);
#390=FACE_BOUND('',#1019,.T.);
#391=FACE_BOUND('',#1020,.T.);
#392=FACE_BOUND('',#1022,.T.);
#393=FACE_BOUND('',#1023,.T.);
#394=FACE_BOUND('',#1024,.T.);
#395=FACE_BOUND('',#1025,.T.);
#396=FACE_BOUND('',#1027,.T.);
#397=FACE_BOUND('',#1028,.T.);
#398=FACE_BOUND('',#1031,.T.);
#399=FACE_BOUND('',#1036,.T.);
#400=FACE_BOUND('',#1043,.T.);
#401=FACE_BOUND('',#1056,.T.);
#402=B_SPLINE_CURVE_WITH_KNOTS('',3,(#6439,#6440,#6441,#6442,#6443,#6444,
#6445,#6446,#6447,#6448,#6449,#6450,#6451,#6452,#6453,#6454,#6455,#6456,
#6457,#6458,#6459,#6460,#6461,#6462,#6463,#6464,#6465,#6466,#6467,#6468,
#6469,#6470,#6471,#6472,#6473,#6474,#6475,#6476,#6477,#6478,#6479,#6480),
 .UNSPECIFIED.,.T.,.F.,(4,2,2,2,2,2,2,2,2,2,2,2,2,2,2,2,2,2,2,2,4),(0.,
0.0111036643821016,0.0166554965731524,0.0222073287642032,0.0269097110713309,
0.0316120933784587,0.0363144756855865,0.0410168579927142,0.046568690183765,
0.0521205223748158,0.0632241867569174,0.074327851139019,0.0798796833300698,
0.0854315155211206,0.0901338978282483,0.0948362801353761,0.0995386624425039,
0.104241044749632,0.109792876940682,0.115344709131733,0.126448373513835),
 .UNSPECIFIED.);
#403=B_SPLINE_CURVE_WITH_KNOTS('',3,(#6482,#6483,#6484,#6485,#6486,#6487,
#6488,#6489,#6490,#6491,#6492,#6493,#6494,#6495,#6496,#6497,#6498,#6499,
#6500,#6501,#6502,#6503,#6504,#6505,#6506,#6507,#6508,#6509,#6510,#6511,
#6512,#6513,#6514,#6515,#6516,#6517,#6518,#6519,#6520,#6521,#6522,#6523),
 .UNSPECIFIED.,.T.,.F.,(4,2,2,2,2,2,2,2,2,2,2,2,2,2,2,2,2,2,2,2,4),(0.,
0.0111036643821015,0.0166554965731523,0.0222073287642031,0.0269097110713308,
0.0316120933784586,0.0363144756855864,0.0410168579927141,0.0465686901837649,
0.0521205223748156,0.0632241867569172,0.0743278511390188,0.0798796833300697,
0.0854315155211205,0.0901338978282483,0.094836280135376,0.0995386624425038,
0.104241044749632,0.109792876940682,0.115344709131733,0.126448373513835),
 .UNSPECIFIED.);
#404=B_SPLINE_CURVE_WITH_KNOTS('',3,(#6525,#6526,#6527,#6528,#6529,#6530,
#6531,#6532,#6533,#6534,#6535,#6536,#6537,#6538,#6539,#6540,#6541,#6542,
#6543,#6544,#6545,#6546,#6547,#6548,#6549,#6550,#6551,#6552,#6553,#6554,
#6555,#6556,#6557,#6558,#6559,#6560,#6561,#6562,#6563,#6564,#6565,#6566),
 .UNSPECIFIED.,.T.,.F.,(4,2,2,2,2,2,2,2,2,2,2,2,2,2,2,2,2,2,2,2,4),(0.,
0.0111036643821016,0.0166554965731524,0.0222073287642031,0.0269097110713309,
0.0316120933784587,0.0363144756855864,0.0410168579927142,0.046568690183765,
0.0521205223748158,0.0632241867569173,0.0743278511390189,0.0798796833300697,
0.0854315155211205,0.0901338978282483,0.094836280135376,0.0995386624425038,
0.104241044749632,0.109792876940682,0.115344709131733,0.126448373513835),
 .UNSPECIFIED.);
#405=B_SPLINE_CURVE_WITH_KNOTS('',3,(#6907,#6908,#6909,#6910,#6911,#6912,
#6913,#6914,#6915,#6916,#6917,#6918),.UNSPECIFIED.,.F.,.F.,(4,1,1,1,1,1,
1,1,1,4),(6.75399339733945E-7,0.448798950512828,0.897597901025656,1.79519580205131,
2.69279370307697,3.59039160410263,4.48798950512828,5.38558740615394,5.83438635666677,
6.28318533511854),.UNSPECIFIED.);
#406=B_SPLINE_CURVE_WITH_KNOTS('',3,(#6931,#6932,#6933,#6934,#6935,#6936,
#6937,#6938,#6939,#6940,#6941,#6942,#6943,#6944,#6945,#6946,#6947,#6948,
#6949,#6950,#6951,#6952,#6953,#6954,#6955,#6956,#6957,#6958,#6959,#6960,
#6961,#6962,#6963,#6964,#6965,#6966,#6967,#6968,#6969,#6970,#6971,#6972),
 .UNSPECIFIED.,.T.,.F.,(4,2,2,2,2,2,2,2,2,2,2,2,2,2,2,2,2,2,2,2,4),(-0.13276265959923,
-0.125107365078027,-0.117452070556824,-0.110706845161898,-0.105139419930659,
-0.0995719946994213,-0.0940045694681831,-0.0884371442369449,-0.0816919188420184,
-0.0740366243208157,-0.066381329799613,-0.0587260352784112,-0.0510707407572093,
-0.0443255153622829,-0.0387580901310447,-0.0331906648998065,-0.0276232396685683,
-0.0220558144373301,-0.0153105890424037,-0.00765529452120183,0.),
 .UNSPECIFIED.);
#407=B_SPLINE_CURVE_WITH_KNOTS('',3,(#7203,#7204,#7205,#7206,#7207,#7208,
#7209,#7210,#7211,#7212,#7213,#7214),.UNSPECIFIED.,.F.,.F.,(4,1,1,1,1,1,
1,1,1,4),(6.75399338059531E-7,0.448798950512828,0.897597901025656,1.79519580205131,
2.69279370307697,3.59039160410263,4.48798950512828,5.38558740615394,5.83438635666677,
6.28318533511854),.UNSPECIFIED.);
#408=B_SPLINE_CURVE_WITH_KNOTS('',3,(#7233,#7234,#7235,#7236,#7237,#7238,
#7239,#7240,#7241,#7242,#7243,#7244,#7245,#7246,#7247,#7248,#7249,#7250),
 .UNSPECIFIED.,.F.,.F.,(4,2,2,2,2,2,2,2,4),(0.,0.0297568839331811,0.0595137678663622,
0.0892580125789834,0.119002257291605,0.148746502004226,0.178490746716847,
0.208247630650028,0.238004514583209),.UNSPECIFIED.);
#409=B_SPLINE_CURVE_WITH_KNOTS('',3,(#7251,#7252,#7253,#7254,#7255,#7256,
#7257,#7258,#7259,#7260,#7261,#7262,#7263,#7264,#7265,#7266,#7267,#7268),
 .UNSPECIFIED.,.F.,.F.,(4,2,2,2,2,2,2,2,4),(0.238004514583209,0.26776139851639,
0.297518282449571,0.327262527162193,0.357006771874814,0.386751016587435,
0.416495261300056,0.446252145233237,0.476009029166418),.UNSPECIFIED.);
#410=B_SPLINE_CURVE_WITH_KNOTS('',3,(#7276,#7277,#7278,#7279,#7280,#7281,
#7282,#7283,#7284,#7285,#7286,#7287,#7288,#7289,#7290,#7291,#7292,#7293),
 .UNSPECIFIED.,.F.,.F.,(4,2,2,2,2,2,2,2,4),(-0.347390015158851,-0.325519647876028,
-0.303649280593205,-0.282095895981172,-0.260542511369138,-0.238989126757105,
-0.217435742145072,-0.195565374862249,-0.173695007579426),.UNSPECIFIED.);
#411=B_SPLINE_CURVE_WITH_KNOTS('',3,(#7294,#7295,#7296,#7297,#7298,#7299,
#7300,#7301,#7302,#7303,#7304,#7305,#7306,#7307,#7308,#7309,#7310,#7311),
 .UNSPECIFIED.,.F.,.F.,(4,2,2,2,2,2,2,2,4),(-0.173695007579426,-0.151824640296602,
-0.129954273013779,-0.108400888401746,-0.0868475037897128,-0.0652941191776795,
-0.0437407345656463,-0.0218703672828231,0.),.UNSPECIFIED.);
#412=B_SPLINE_CURVE_WITH_KNOTS('',3,(#7314,#7315,#7316,#7317,#7318,#7319,
#7320,#7321,#7322,#7323,#7324,#7325,#7326,#7327,#7328,#7329,#7330,#7331),
 .UNSPECIFIED.,.F.,.F.,(4,2,2,2,2,2,2,2,4),(-0.347390015158851,-0.325519647876028,
-0.303649280593205,-0.282095895981172,-0.260542511369138,-0.238989126757105,
-0.217435742145072,-0.195565374862249,-0.173695007579426),.UNSPECIFIED.);
#413=B_SPLINE_CURVE_WITH_KNOTS('',3,(#7332,#7333,#7334,#7335,#7336,#7337,
#7338,#7339,#7340,#7341,#7342,#7343,#7344,#7345,#7346,#7347,#7348,#7349),
 .UNSPECIFIED.,.F.,.F.,(4,2,2,2,2,2,2,2,4),(-0.173695007579426,-0.151824640296602,
-0.129954273013779,-0.108400888401746,-0.0868475037897128,-0.0652941191776796,
-0.0437407345656464,-0.0218703672828232,0.),.UNSPECIFIED.);
#414=B_SPLINE_CURVE_WITH_KNOTS('',3,(#7358,#7359,#7360,#7361,#7362,#7363,
#7364,#7365,#7366,#7367,#7368,#7369,#7370,#7371,#7372,#7373),
 .UNSPECIFIED.,.F.,.F.,(4,2,2,2,2,2,2,4),(0.,0.0382032342659881,0.0764064685319763,
0.114563538099858,0.15272060766774,0.190877677235622,0.229034746803504,
0.254900485818479),.UNSPECIFIED.);
#415=B_SPLINE_CURVE_WITH_KNOTS('',3,(#7374,#7375,#7376,#7377,#7378,#7379,
#7380,#7381,#7382,#7383,#7384,#7385,#7386,#7387,#7388,#7389,#7390,#7391,
#7392,#7393,#7394,#7395),.UNSPECIFIED.,.F.,.F.,(4,2,2,2,2,2,2,2,2,2,4),
(0.254900485818479,0.267237981069492,0.30544121533548,0.343644449601468,
0.381847683867456,0.420004753435338,0.45816182300322,0.496318892571102,
0.534475962138984,0.572679196404972,0.61088243067096),.UNSPECIFIED.);
#416=B_SPLINE_CURVE_WITH_KNOTS('',3,(#7398,#7399,#7400,#7401,#7402,#7403,
#7404,#7405,#7406,#7407,#7408,#7409,#7410,#7411,#7412,#7413),
 .UNSPECIFIED.,.F.,.F.,(4,2,2,2,2,2,2,4),(0.,0.0382032342659884,0.0764064685319767,
0.114563538099859,0.15272060766774,0.190877677235622,0.229034746803504,
0.254900485818479),.UNSPECIFIED.);
#417=B_SPLINE_CURVE_WITH_KNOTS('',3,(#7414,#7415,#7416,#7417,#7418,#7419,
#7420,#7421,#7422,#7423,#7424,#7425,#7426,#7427,#7428,#7429,#7430,#7431,
#7432,#7433,#7434,#7435),.UNSPECIFIED.,.F.,.F.,(4,2,2,2,2,2,2,2,2,2,4),
(0.254900485818479,0.267237981069492,0.30544121533548,0.343644449601469,
0.381847683867457,0.420004753435339,0.458161823003221,0.496318892571103,
0.534475962138985,0.572679196404973,0.610882430670961),.UNSPECIFIED.);
#418=B_SPLINE_CURVE_WITH_KNOTS('',3,(#7438,#7439,#7440,#7441,#7442,#7443,
#7444,#7445,#7446,#7447,#7448,#7449,#7450,#7451,#7452,#7453,#7454,#7455),
 .UNSPECIFIED.,.F.,.F.,(4,2,2,2,2,2,2,2,4),(-0.476009029166419,-0.446252145233238,
-0.416495261300057,-0.386751016587435,-0.357006771874814,-0.327262527162193,
-0.297518282449572,-0.267761398516391,-0.238004514583209),.UNSPECIFIED.);
#419=B_SPLINE_CURVE_WITH_KNOTS('',3,(#7456,#7457,#7458,#7459,#7460,#7461,
#7462,#7463,#7464,#7465,#7466,#7467,#7468,#7469,#7470,#7471,#7472,#7473),
 .UNSPECIFIED.,.F.,.F.,(4,2,2,2,2,2,2,2,4),(-0.238004514583209,-0.208247630650028,
-0.178490746716847,-0.148746502004226,-0.119002257291605,-0.0892580125789836,
-0.0595137678663625,-0.0297568839331812,0.),.UNSPECIFIED.);
#420=B_SPLINE_CURVE_WITH_KNOTS('',3,(#7482,#7483,#7484,#7485,#7486,#7487,
#7488,#7489,#7490,#7491,#7492,#7493,#7494,#7495,#7496,#7497,#7498,#7499),
 .UNSPECIFIED.,.F.,.F.,(4,2,2,2,2,2,2,2,4),(-0.347390015158852,-0.325519647876028,
-0.303649280593205,-0.282095895981172,-0.260542511369139,-0.238989126757105,
-0.217435742145072,-0.195565374862249,-0.173695007579426),.UNSPECIFIED.);
#421=B_SPLINE_CURVE_WITH_KNOTS('',3,(#7500,#7501,#7502,#7503,#7504,#7505,
#7506,#7507,#7508,#7509,#7510,#7511,#7512,#7513,#7514,#7515,#7516,#7517),
 .UNSPECIFIED.,.F.,.F.,(4,2,2,2,2,2,2,2,4),(-0.173695007579426,-0.151824640296603,
-0.129954273013779,-0.108400888401746,-0.0868475037897129,-0.0652941191776797,
-0.0437407345656464,-0.0218703672828232,0.),.UNSPECIFIED.);
#422=B_SPLINE_CURVE_WITH_KNOTS('',3,(#7520,#7521,#7522,#7523,#7524,#7525,
#7526,#7527,#7528,#7529,#7530,#7531,#7532,#7533,#7534,#7535,#7536,#7537),
 .UNSPECIFIED.,.F.,.F.,(4,2,2,2,2,2,2,2,4),(-0.347390015158852,-0.325519647876028,
-0.303649280593205,-0.282095895981172,-0.260542511369139,-0.238989126757105,
-0.217435742145072,-0.195565374862249,-0.173695007579426),.UNSPECIFIED.);
#423=B_SPLINE_CURVE_WITH_KNOTS('',3,(#7538,#7539,#7540,#7541,#7542,#7543,
#7544,#7545,#7546,#7547,#7548,#7549,#7550,#7551,#7552,#7553,#7554,#7555),
 .UNSPECIFIED.,.F.,.F.,(4,2,2,2,2,2,2,2,4),(-0.173695007579426,-0.151824640296603,
-0.129954273013779,-0.108400888401746,-0.0868475037897129,-0.0652941191776797,
-0.0437407345656465,-0.0218703672828232,0.),.UNSPECIFIED.);
#424=B_SPLINE_CURVE_WITH_KNOTS('',3,(#7891,#7892,#7893,#7894,#7895,#7896,
#7897,#7898,#7899,#7900),.UNSPECIFIED.,.F.,.F.,(4,2,2,2,4),(-0.33177141845038,
-0.302123309058336,-0.267443695118982,-0.225746358509509,-0.174368152427283),
 .UNSPECIFIED.);
#425=B_SPLINE_CURVE_WITH_KNOTS('',3,(#7902,#7903,#7904,#7905,#7906,#7907,
#7908,#7909,#7910,#7911,#7912,#7913,#7914,#7915),.UNSPECIFIED.,.F.,.F.,
(4,2,2,2,2,2,4),(0.15371144823391,0.188488092200191,0.282731772717732,0.376975453235273,
0.471219133752814,0.565462814270355,0.600239458236636),.UNSPECIFIED.);
#426=B_SPLINE_CURVE_WITH_KNOTS('',3,(#7919,#7920,#7921,#7922,#7923,#7924,
#7925,#7926,#7927,#7928),.UNSPECIFIED.,.F.,.F.,(4,2,2,2,4),(-0.509495265758365,
-0.457098410867925,-0.414574362983778,-0.379207174485062,-0.348971247541521),
 .UNSPECIFIED.);
#427=B_SPLINE_CURVE_WITH_KNOTS('',3,(#7930,#7931,#7932,#7933,#7934,#7935),
 .UNSPECIFIED.,.F.,.F.,(4,2,4),(-0.376824372835147,-0.282618321169598,-0.223165960176313),
 .UNSPECIFIED.);
#428=B_SPLINE_CURVE_WITH_KNOTS('',3,(#7936,#7937,#7938,#7939,#7940,#7941),
 .UNSPECIFIED.,.F.,.F.,(4,2,4),(-0.530482785493982,-0.471030424500697,-0.376824372835147),
 .UNSPECIFIED.);
#429=B_SPLINE_CURVE_WITH_KNOTS('',3,(#7950,#7951,#7952,#7953,#7954,#7955,
#7956,#7957,#7958,#7959,#7960,#7961,#7962,#7963),.UNSPECIFIED.,.F.,.F.,
(4,2,2,2,2,2,4),(-1.35419036470718,-1.3194137207409,-1.22517004022336,-1.13092635970582,
-1.03668267918828,-0.942438998670737,-0.907662354704456),.UNSPECIFIED.);
#430=B_SPLINE_CURVE_WITH_KNOTS('',3,(#7966,#7967,#7968,#7969,#7970,#7971,
#7972,#7973,#7974,#7975),.UNSPECIFIED.,.F.,.F.,(4,2,2,2,4),(-0.33177141845506,
-0.302123309062501,-0.267443695122559,-0.225746358512337,-0.174368152429376),
 .UNSPECIFIED.);
#431=B_SPLINE_CURVE_WITH_KNOTS('',3,(#7979,#7980,#7981,#7982,#7983,#7984,
#7985,#7986,#7987,#7988),.UNSPECIFIED.,.F.,.F.,(4,2,2,2,4),(-0.509495265770356,
-0.457098410878326,-0.414574362993095,-0.379207174493489,-0.348971247549202),
 .UNSPECIFIED.);
#432=B_SPLINE_CURVE_WITH_KNOTS('',3,(#7989,#7990,#7991,#7992,#7993,#7994,
#7995,#7996,#7997,#7998),.UNSPECIFIED.,.F.,.F.,(4,2,2,2,4),(-0.530482785493982,
-0.471030424500697,-0.376824372835147,-0.282618321169598,-0.223165960176313),
 .UNSPECIFIED.);
#433=B_SPLINE_CURVE_WITH_KNOTS('',3,(#8205,#8206,#8207,#8208,#8209,#8210,
#8211,#8212,#8213,#8214,#8215,#8216,#8217,#8218,#8219,#8220,#8221,#8222),
 .UNSPECIFIED.,.F.,.F.,(4,2,2,2,2,2,2,2,4),(0.,0.0297568839331811,0.0595137678663622,
0.0892580125789834,0.119002257291605,0.148746502004226,0.178490746716847,
0.208247630650028,0.238004514583209),.UNSPECIFIED.);
#434=B_SPLINE_CURVE_WITH_KNOTS('',3,(#8223,#8224,#8225,#8226,#8227,#8228,
#8229,#8230,#8231,#8232,#8233,#8234,#8235,#8236,#8237,#8238,#8239,#8240),
 .UNSPECIFIED.,.F.,.F.,(4,2,2,2,2,2,2,2,4),(0.238004514583209,0.26776139851639,
0.297518282449571,0.327262527162193,0.357006771874814,0.386751016587435,
0.416495261300056,0.446252145233237,0.476009029166418),.UNSPECIFIED.);
#435=B_SPLINE_CURVE_WITH_KNOTS('',3,(#8248,#8249,#8250,#8251,#8252,#8253,
#8254,#8255,#8256,#8257,#8258,#8259,#8260,#8261,#8262,#8263,#8264,#8265),
 .UNSPECIFIED.,.F.,.F.,(4,2,2,2,2,2,2,2,4),(-0.347390015158852,-0.325519647876028,
-0.303649280593205,-0.282095895981172,-0.260542511369139,-0.238989126757105,
-0.217435742145072,-0.195565374862249,-0.173695007579426),.UNSPECIFIED.);
#436=B_SPLINE_CURVE_WITH_KNOTS('',3,(#8266,#8267,#8268,#8269,#8270,#8271,
#8272,#8273,#8274,#8275,#8276,#8277,#8278,#8279,#8280,#8281,#8282,#8283),
 .UNSPECIFIED.,.F.,.F.,(4,2,2,2,2,2,2,2,4),(-0.173695007579426,-0.151824640296603,
-0.129954273013779,-0.108400888401746,-0.0868475037897129,-0.0652941191776796,
-0.0437407345656463,-0.0218703672828232,0.),.UNSPECIFIED.);
#437=B_SPLINE_CURVE_WITH_KNOTS('',3,(#8286,#8287,#8288,#8289,#8290,#8291,
#8292,#8293,#8294,#8295,#8296,#8297,#8298,#8299,#8300,#8301,#8302,#8303),
 .UNSPECIFIED.,.F.,.F.,(4,2,2,2,2,2,2,2,4),(-0.347390015158851,-0.325519647876028,
-0.303649280593205,-0.282095895981172,-0.260542511369139,-0.238989126757105,
-0.217435742145072,-0.195565374862249,-0.173695007579426),.UNSPECIFIED.);
#438=B_SPLINE_CURVE_WITH_KNOTS('',3,(#8304,#8305,#8306,#8307,#8308,#8309,
#8310,#8311,#8312,#8313,#8314,#8315,#8316,#8317,#8318,#8319,#8320,#8321),
 .UNSPECIFIED.,.F.,.F.,(4,2,2,2,2,2,2,2,4),(-0.173695007579426,-0.151824640296603,
-0.12995427301378,-0.108400888401746,-0.0868475037897129,-0.0652941191776797,
-0.0437407345656465,-0.0218703672828232,0.),.UNSPECIFIED.);
#439=B_SPLINE_CURVE_WITH_KNOTS('',3,(#8330,#8331,#8332,#8333,#8334,#8335,
#8336,#8337,#8338,#8339,#8340,#8341,#8342,#8343,#8344,#8345),
 .UNSPECIFIED.,.F.,.F.,(4,2,2,2,2,2,2,4),(0.,0.0382032342659881,0.0764064685319763,
0.114563538099858,0.15272060766774,0.190877677235622,0.229034746803504,
0.254900485818479),.UNSPECIFIED.);
#440=B_SPLINE_CURVE_WITH_KNOTS('',3,(#8346,#8347,#8348,#8349,#8350,#8351,
#8352,#8353,#8354,#8355,#8356,#8357,#8358,#8359,#8360,#8361,#8362,#8363,
#8364,#8365,#8366,#8367),.UNSPECIFIED.,.F.,.F.,(4,2,2,2,2,2,2,2,2,2,4),
(0.254900485818479,0.267237981069492,0.30544121533548,0.343644449601468,
0.381847683867457,0.420004753435338,0.45816182300322,0.496318892571102,
0.534475962138984,0.572679196404972,0.61088243067096),.UNSPECIFIED.);
#441=B_SPLINE_CURVE_WITH_KNOTS('',3,(#8370,#8371,#8372,#8373,#8374,#8375,
#8376,#8377,#8378,#8379,#8380,#8381,#8382,#8383,#8384,#8385),
 .UNSPECIFIED.,.F.,.F.,(4,2,2,2,2,2,2,4),(0.,0.0382032342659882,0.0764064685319763,
0.114563538099858,0.15272060766774,0.190877677235622,0.229034746803504,
0.254900485818478),.UNSPECIFIED.);
#442=B_SPLINE_CURVE_WITH_KNOTS('',3,(#8386,#8387,#8388,#8389,#8390,#8391,
#8392,#8393,#8394,#8395,#8396,#8397,#8398,#8399,#8400,#8401,#8402,#8403,
#8404,#8405,#8406,#8407),.UNSPECIFIED.,.F.,.F.,(4,2,2,2,2,2,2,2,2,2,4),
(0.254900485818478,0.267237981069492,0.30544121533548,0.343644449601468,
0.381847683867456,0.420004753435338,0.45816182300322,0.496318892571102,
0.534475962138984,0.572679196404972,0.61088243067096),.UNSPECIFIED.);
#443=B_SPLINE_CURVE_WITH_KNOTS('',3,(#8410,#8411,#8412,#8413,#8414,#8415,
#8416,#8417,#8418,#8419,#8420,#8421,#8422,#8423,#8424,#8425,#8426,#8427),
 .UNSPECIFIED.,.F.,.F.,(4,2,2,2,2,2,2,2,4),(-0.476009029166419,-0.446252145233238,
-0.416495261300057,-0.386751016587435,-0.357006771874814,-0.327262527162193,
-0.297518282449572,-0.267761398516391,-0.238004514583209),.UNSPECIFIED.);
#444=B_SPLINE_CURVE_WITH_KNOTS('',3,(#8428,#8429,#8430,#8431,#8432,#8433,
#8434,#8435,#8436,#8437,#8438,#8439,#8440,#8441,#8442,#8443,#8444,#8445),
 .UNSPECIFIED.,.F.,.F.,(4,2,2,2,2,2,2,2,4),(-0.238004514583209,-0.208247630650028,
-0.178490746716847,-0.148746502004226,-0.119002257291605,-0.0892580125789836,
-0.0595137678663625,-0.0297568839331812,0.),.UNSPECIFIED.);
#445=B_SPLINE_CURVE_WITH_KNOTS('',3,(#8454,#8455,#8456,#8457,#8458,#8459,
#8460,#8461,#8462,#8463,#8464,#8465,#8466,#8467,#8468,#8469,#8470,#8471),
 .UNSPECIFIED.,.F.,.F.,(4,2,2,2,2,2,2,2,4),(-0.347390015158852,-0.325519647876028,
-0.303649280593205,-0.282095895981172,-0.260542511369139,-0.238989126757105,
-0.217435742145072,-0.195565374862249,-0.173695007579426),.UNSPECIFIED.);
#446=B_SPLINE_CURVE_WITH_KNOTS('',3,(#8472,#8473,#8474,#8475,#8476,#8477,
#8478,#8479,#8480,#8481,#8482,#8483,#8484,#8485,#8486,#8487,#8488,#8489),
 .UNSPECIFIED.,.F.,.F.,(4,2,2,2,2,2,2,2,4),(-0.173695007579426,-0.151824640296603,
-0.129954273013779,-0.108400888401746,-0.0868475037897129,-0.0652941191776797,
-0.0437407345656464,-0.0218703672828232,0.),.UNSPECIFIED.);
#447=B_SPLINE_CURVE_WITH_KNOTS('',3,(#8492,#8493,#8494,#8495,#8496,#8497,
#8498,#8499,#8500,#8501,#8502,#8503,#8504,#8505,#8506,#8507,#8508,#8509),
 .UNSPECIFIED.,.F.,.F.,(4,2,2,2,2,2,2,2,4),(-0.347390015158852,-0.325519647876028,
-0.303649280593205,-0.282095895981172,-0.260542511369139,-0.238989126757105,
-0.217435742145072,-0.195565374862249,-0.173695007579426),.UNSPECIFIED.);
#448=B_SPLINE_CURVE_WITH_KNOTS('',3,(#8510,#8511,#8512,#8513,#8514,#8515,
#8516,#8517,#8518,#8519,#8520,#8521,#8522,#8523,#8524,#8525,#8526,#8527),
 .UNSPECIFIED.,.F.,.F.,(4,2,2,2,2,2,2,2,4),(-0.173695007579426,-0.151824640296603,
-0.129954273013779,-0.108400888401746,-0.0868475037897129,-0.0652941191776797,
-0.0437407345656465,-0.0218703672828232,0.),.UNSPECIFIED.);
#449=B_SPLINE_CURVE_WITH_KNOTS('',3,(#8695,#8696,#8697,#8698,#8699,#8700,
#8701,#8702,#8703,#8704,#8705,#8706,#8707,#8708,#8709,#8710,#8711,#8712),
 .UNSPECIFIED.,.F.,.F.,(4,2,2,2,2,2,2,2,4),(0.,0.0297568839331812,0.0595137678663625,
0.0892580125789836,0.119002257291605,0.148746502004226,0.178490746716847,
0.208247630650028,0.238004514583209),.UNSPECIFIED.);
#450=B_SPLINE_CURVE_WITH_KNOTS('',3,(#8713,#8714,#8715,#8716,#8717,#8718,
#8719,#8720,#8721,#8722,#8723,#8724,#8725,#8726,#8727,#8728,#8729,#8730),
 .UNSPECIFIED.,.F.,.F.,(4,2,2,2,2,2,2,2,4),(0.238004514583209,0.267761398516391,
0.297518282449572,0.327262527162193,0.357006771874814,0.386751016587435,
0.416495261300057,0.446252145233238,0.476009029166419),.UNSPECIFIED.);
#451=B_SPLINE_CURVE_WITH_KNOTS('',3,(#8738,#8739,#8740,#8741,#8742,#8743,
#8744,#8745,#8746,#8747,#8748,#8749,#8750,#8751,#8752,#8753,#8754,#8755),
 .UNSPECIFIED.,.F.,.F.,(4,2,2,2,2,2,2,2,4),(-0.347390015158852,-0.325519647876028,
-0.303649280593205,-0.282095895981172,-0.260542511369139,-0.238989126757105,
-0.217435742145072,-0.195565374862249,-0.173695007579426),.UNSPECIFIED.);
#452=B_SPLINE_CURVE_WITH_KNOTS('',3,(#8756,#8757,#8758,#8759,#8760,#8761,
#8762,#8763,#8764,#8765,#8766,#8767,#8768,#8769,#8770,#8771,#8772,#8773),
 .UNSPECIFIED.,.F.,.F.,(4,2,2,2,2,2,2,2,4),(-0.173695007579426,-0.151824640296603,
-0.129954273013779,-0.108400888401746,-0.0868475037897129,-0.0652941191776797,
-0.0437407345656464,-0.0218703672828232,0.),.UNSPECIFIED.);
#453=B_SPLINE_CURVE_WITH_KNOTS('',3,(#8776,#8777,#8778,#8779,#8780,#8781,
#8782,#8783,#8784,#8785,#8786,#8787,#8788,#8789,#8790,#8791,#8792,#8793),
 .UNSPECIFIED.,.F.,.F.,(4,2,2,2,2,2,2,2,4),(-0.347390015158852,-0.325519647876028,
-0.303649280593205,-0.282095895981172,-0.260542511369139,-0.238989126757105,
-0.217435742145072,-0.195565374862249,-0.173695007579426),.UNSPECIFIED.);
#454=B_SPLINE_CURVE_WITH_KNOTS('',3,(#8794,#8795,#8796,#8797,#8798,#8799,
#8800,#8801,#8802,#8803,#8804,#8805,#8806,#8807,#8808,#8809,#8810,#8811),
 .UNSPECIFIED.,.F.,.F.,(4,2,2,2,2,2,2,2,4),(-0.173695007579426,-0.151824640296603,
-0.129954273013779,-0.108400888401746,-0.0868475037897129,-0.0652941191776797,
-0.0437407345656465,-0.0218703672828232,0.),.UNSPECIFIED.);
#455=B_SPLINE_CURVE_WITH_KNOTS('',3,(#8820,#8821,#8822,#8823,#8824,#8825,
#8826,#8827,#8828,#8829,#8830,#8831,#8832,#8833,#8834,#8835),
 .UNSPECIFIED.,.F.,.F.,(4,2,2,2,2,2,2,4),(0.,0.0382032342659884,0.0764064685319768,
0.114563538099859,0.15272060766774,0.190877677235622,0.229034746803504,
0.254900485818479),.UNSPECIFIED.);
#456=B_SPLINE_CURVE_WITH_KNOTS('',3,(#8836,#8837,#8838,#8839,#8840,#8841,
#8842,#8843,#8844,#8845,#8846,#8847,#8848,#8849,#8850,#8851,#8852,#8853,
#8854,#8855,#8856,#8857),.UNSPECIFIED.,.F.,.F.,(4,2,2,2,2,2,2,2,2,2,4),
(0.254900485818479,0.267237981069492,0.305441215335481,0.343644449601469,
0.381847683867457,0.420004753435339,0.458161823003221,0.496318892571103,
0.534475962138985,0.572679196404973,0.610882430670961),.UNSPECIFIED.);
#457=B_SPLINE_CURVE_WITH_KNOTS('',3,(#8860,#8861,#8862,#8863,#8864,#8865,
#8866,#8867,#8868,#8869,#8870,#8871,#8872,#8873,#8874,#8875),
 .UNSPECIFIED.,.F.,.F.,(4,2,2,2,2,2,2,4),(0.,0.0382032342659882,0.0764064685319764,
0.114563538099858,0.15272060766774,0.190877677235622,0.229034746803504,
0.254900485818479),.UNSPECIFIED.);
#458=B_SPLINE_CURVE_WITH_KNOTS('',3,(#8876,#8877,#8878,#8879,#8880,#8881,
#8882,#8883,#8884,#8885,#8886,#8887,#8888,#8889,#8890,#8891,#8892,#8893,
#8894,#8895,#8896,#8897),.UNSPECIFIED.,.F.,.F.,(4,2,2,2,2,2,2,2,2,2,4),
(0.254900485818479,0.267237981069492,0.30544121533548,0.343644449601468,
0.381847683867457,0.420004753435338,0.45816182300322,0.496318892571102,
0.534475962138984,0.572679196404972,0.61088243067096),.UNSPECIFIED.);
#459=B_SPLINE_CURVE_WITH_KNOTS('',3,(#8900,#8901,#8902,#8903,#8904,#8905,
#8906,#8907,#8908,#8909,#8910,#8911,#8912,#8913,#8914,#8915,#8916,#8917),
 .UNSPECIFIED.,.F.,.F.,(4,2,2,2,2,2,2,2,4),(-0.476009029166418,-0.446252145233237,
-0.416495261300056,-0.386751016587435,-0.357006771874814,-0.327262527162193,
-0.297518282449571,-0.26776139851639,-0.238004514583209),.UNSPECIFIED.);
#460=B_SPLINE_CURVE_WITH_KNOTS('',3,(#8918,#8919,#8920,#8921,#8922,#8923,
#8924,#8925,#8926,#8927,#8928,#8929,#8930,#8931,#8932,#8933,#8934,#8935),
 .UNSPECIFIED.,.F.,.F.,(4,2,2,2,2,2,2,2,4),(-0.238004514583209,-0.208247630650028,
-0.178490746716847,-0.148746502004226,-0.119002257291605,-0.0892580125789834,
-0.0595137678663622,-0.0297568839331811,0.),.UNSPECIFIED.);
#461=B_SPLINE_CURVE_WITH_KNOTS('',3,(#8944,#8945,#8946,#8947,#8948,#8949,
#8950,#8951,#8952,#8953,#8954,#8955,#8956,#8957,#8958,#8959,#8960,#8961),
 .UNSPECIFIED.,.F.,.F.,(4,2,2,2,2,2,2,2,4),(-0.347390015158852,-0.325519647876028,
-0.303649280593205,-0.282095895981172,-0.260542511369139,-0.238989126757105,
-0.217435742145072,-0.195565374862249,-0.173695007579426),.UNSPECIFIED.);
#462=B_SPLINE_CURVE_WITH_KNOTS('',3,(#8962,#8963,#8964,#8965,#8966,#8967,
#8968,#8969,#8970,#8971,#8972,#8973,#8974,#8975,#8976,#8977,#8978,#8979),
 .UNSPECIFIED.,.F.,.F.,(4,2,2,2,2,2,2,2,4),(-0.173695007579426,-0.151824640296603,
-0.129954273013779,-0.108400888401746,-0.0868475037897129,-0.0652941191776796,
-0.0437407345656463,-0.0218703672828232,0.),.UNSPECIFIED.);
#463=B_SPLINE_CURVE_WITH_KNOTS('',3,(#8982,#8983,#8984,#8985,#8986,#8987,
#8988,#8989,#8990,#8991,#8992,#8993,#8994,#8995,#8996,#8997,#8998,#8999),
 .UNSPECIFIED.,.F.,.F.,(4,2,2,2,2,2,2,2,4),(-0.347390015158852,-0.325519647876028,
-0.303649280593205,-0.282095895981172,-0.260542511369139,-0.238989126757105,
-0.217435742145072,-0.195565374862249,-0.173695007579426),.UNSPECIFIED.);
#464=B_SPLINE_CURVE_WITH_KNOTS('',3,(#9000,#9001,#9002,#9003,#9004,#9005,
#9006,#9007,#9008,#9009,#9010,#9011,#9012,#9013,#9014,#9015,#9016,#9017),
 .UNSPECIFIED.,.F.,.F.,(4,2,2,2,2,2,2,2,4),(-0.173695007579426,-0.151824640296603,
-0.12995427301378,-0.108400888401746,-0.0868475037897129,-0.0652941191776797,
-0.0437407345656465,-0.0218703672828232,0.),.UNSPECIFIED.);
#465=FACE_OUTER_BOUND('',#723,.T.);
#466=FACE_OUTER_BOUND('',#727,.T.);
#467=FACE_OUTER_BOUND('',#728,.T.);
#468=FACE_OUTER_BOUND('',#729,.T.);
#469=FACE_OUTER_BOUND('',#730,.T.);
#470=FACE_OUTER_BOUND('',#732,.T.);
#471=FACE_OUTER_BOUND('',#733,.T.);
#472=FACE_OUTER_BOUND('',#734,.T.);
#473=FACE_OUTER_BOUND('',#735,.T.);
#474=FACE_OUTER_BOUND('',#736,.T.);
#475=FACE_OUTER_BOUND('',#737,.T.);
#476=FACE_OUTER_BOUND('',#738,.T.);
#477=FACE_OUTER_BOUND('',#740,.T.);
#478=FACE_OUTER_BOUND('',#741,.T.);
#479=FACE_OUTER_BOUND('',#742,.T.);
#480=FACE_OUTER_BOUND('',#743,.T.);
#481=FACE_OUTER_BOUND('',#745,.T.);
#482=FACE_OUTER_BOUND('',#746,.T.);
#483=FACE_OUTER_BOUND('',#747,.T.);
#484=FACE_OUTER_BOUND('',#748,.T.);
#485=FACE_OUTER_BOUND('',#749,.T.);
#486=FACE_OUTER_BOUND('',#750,.T.);
#487=FACE_OUTER_BOUND('',#751,.T.);
#488=FACE_OUTER_BOUND('',#753,.T.);
#489=FACE_OUTER_BOUND('',#754,.T.);
#490=FACE_OUTER_BOUND('',#755,.T.);
#491=FACE_OUTER_BOUND('',#757,.T.);
#492=FACE_OUTER_BOUND('',#758,.T.);
#493=FACE_OUTER_BOUND('',#760,.T.);
#494=FACE_OUTER_BOUND('',#761,.T.);
#495=FACE_OUTER_BOUND('',#763,.T.);
#496=FACE_OUTER_BOUND('',#764,.T.);
#497=FACE_OUTER_BOUND('',#765,.T.);
#498=FACE_OUTER_BOUND('',#766,.T.);
#499=FACE_OUTER_BOUND('',#767,.T.);
#500=FACE_OUTER_BOUND('',#769,.T.);
#501=FACE_OUTER_BOUND('',#770,.T.);
#502=FACE_OUTER_BOUND('',#771,.T.);
#503=FACE_OUTER_BOUND('',#772,.T.);
#504=FACE_OUTER_BOUND('',#773,.T.);
#505=FACE_OUTER_BOUND('',#774,.T.);
#506=FACE_OUTER_BOUND('',#775,.T.);
#507=FACE_OUTER_BOUND('',#776,.T.);
#508=FACE_OUTER_BOUND('',#777,.T.);
#509=FACE_OUTER_BOUND('',#778,.T.);
#510=FACE_OUTER_BOUND('',#779,.T.);
#511=FACE_OUTER_BOUND('',#782,.T.);
#512=FACE_OUTER_BOUND('',#783,.T.);
#513=FACE_OUTER_BOUND('',#785,.T.);
#514=FACE_OUTER_BOUND('',#786,.T.);
#515=FACE_OUTER_BOUND('',#788,.T.);
#516=FACE_OUTER_BOUND('',#789,.T.);
#517=FACE_OUTER_BOUND('',#790,.T.);
#518=FACE_OUTER_BOUND('',#791,.T.);
#519=FACE_OUTER_BOUND('',#792,.T.);
#520=FACE_OUTER_BOUND('',#794,.T.);
#521=FACE_OUTER_BOUND('',#795,.T.);
#522=FACE_OUTER_BOUND('',#796,.T.);
#523=FACE_OUTER_BOUND('',#797,.T.);
#524=FACE_OUTER_BOUND('',#799,.T.);
#525=FACE_OUTER_BOUND('',#800,.T.);
#526=FACE_OUTER_BOUND('',#801,.T.);
#527=FACE_OUTER_BOUND('',#802,.T.);
#528=FACE_OUTER_BOUND('',#803,.T.);
#529=FACE_OUTER_BOUND('',#804,.T.);
#530=FACE_OUTER_BOUND('',#805,.T.);
#531=FACE_OUTER_BOUND('',#806,.T.);
#532=FACE_OUTER_BOUND('',#807,.T.);
#533=FACE_OUTER_BOUND('',#808,.T.);
#534=FACE_OUTER_BOUND('',#809,.T.);
#535=FACE_OUTER_BOUND('',#811,.T.);
#536=FACE_OUTER_BOUND('',#812,.T.);
#537=FACE_OUTER_BOUND('',#813,.T.);
#538=FACE_OUTER_BOUND('',#814,.T.);
#539=FACE_OUTER_BOUND('',#815,.T.);
#540=FACE_OUTER_BOUND('',#816,.T.);
#541=FACE_OUTER_BOUND('',#819,.T.);
#542=FACE_OUTER_BOUND('',#824,.T.);
#543=FACE_OUTER_BOUND('',#827,.T.);
#544=FACE_OUTER_BOUND('',#828,.T.);
#545=FACE_OUTER_BOUND('',#830,.T.);
#546=FACE_OUTER_BOUND('',#831,.T.);
#547=FACE_OUTER_BOUND('',#832,.T.);
#548=FACE_OUTER_BOUND('',#833,.T.);
#549=FACE_OUTER_BOUND('',#835,.T.);
#550=FACE_OUTER_BOUND('',#836,.T.);
#551=FACE_OUTER_BOUND('',#837,.T.);
#552=FACE_OUTER_BOUND('',#838,.T.);
#553=FACE_OUTER_BOUND('',#839,.T.);
#554=FACE_OUTER_BOUND('',#840,.T.);
#555=FACE_OUTER_BOUND('',#842,.T.);
#556=FACE_OUTER_BOUND('',#843,.T.);
#557=FACE_OUTER_BOUND('',#844,.T.);
#558=FACE_OUTER_BOUND('',#845,.T.);
#559=FACE_OUTER_BOUND('',#846,.T.);
#560=FACE_OUTER_BOUND('',#847,.T.);
#561=FACE_OUTER_BOUND('',#848,.T.);
#562=FACE_OUTER_BOUND('',#849,.T.);
#563=FACE_OUTER_BOUND('',#850,.T.);
#564=FACE_OUTER_BOUND('',#851,.T.);
#565=FACE_OUTER_BOUND('',#852,.T.);
#566=FACE_OUTER_BOUND('',#853,.T.);
#567=FACE_OUTER_BOUND('',#855,.T.);
#568=FACE_OUTER_BOUND('',#856,.T.);
#569=FACE_OUTER_BOUND('',#857,.T.);
#570=FACE_OUTER_BOUND('',#858,.T.);
#571=FACE_OUTER_BOUND('',#859,.T.);
#572=FACE_OUTER_BOUND('',#860,.T.);
#573=FACE_OUTER_BOUND('',#861,.T.);
#574=FACE_OUTER_BOUND('',#862,.T.);
#575=FACE_OUTER_BOUND('',#863,.T.);
#576=FACE_OUTER_BOUND('',#864,.T.);
#577=FACE_OUTER_BOUND('',#865,.T.);
#578=FACE_OUTER_BOUND('',#866,.T.);
#579=FACE_OUTER_BOUND('',#867,.T.);
#580=FACE_OUTER_BOUND('',#868,.T.);
#581=FACE_OUTER_BOUND('',#869,.T.);
#582=FACE_OUTER_BOUND('',#870,.T.);
#583=FACE_OUTER_BOUND('',#871,.T.);
#584=FACE_OUTER_BOUND('',#872,.T.);
#585=FACE_OUTER_BOUND('',#873,.T.);
#586=FACE_OUTER_BOUND('',#874,.T.);
#587=FACE_OUTER_BOUND('',#875,.T.);
#588=FACE_OUTER_BOUND('',#877,.T.);
#589=FACE_OUTER_BOUND('',#878,.T.);
#590=FACE_OUTER_BOUND('',#879,.T.);
#591=FACE_OUTER_BOUND('',#880,.T.);
#592=FACE_OUTER_BOUND('',#881,.T.);
#593=FACE_OUTER_BOUND('',#885,.T.);
#594=FACE_OUTER_BOUND('',#886,.T.);
#595=FACE_OUTER_BOUND('',#887,.T.);
#596=FACE_OUTER_BOUND('',#888,.T.);
#597=FACE_OUTER_BOUND('',#889,.T.);
#598=FACE_OUTER_BOUND('',#890,.T.);
#599=FACE_OUTER_BOUND('',#891,.T.);
#600=FACE_OUTER_BOUND('',#892,.T.);
#601=FACE_OUTER_BOUND('',#893,.T.);
#602=FACE_OUTER_BOUND('',#902,.T.);
#603=FACE_OUTER_BOUND('',#903,.T.);
#604=FACE_OUTER_BOUND('',#907,.T.);
#605=FACE_OUTER_BOUND('',#908,.T.);
#606=FACE_OUTER_BOUND('',#909,.T.);
#607=FACE_OUTER_BOUND('',#910,.T.);
#608=FACE_OUTER_BOUND('',#911,.T.);
#609=FACE_OUTER_BOUND('',#912,.T.);
#610=FACE_OUTER_BOUND('',#913,.T.);
#611=FACE_OUTER_BOUND('',#920,.T.);
#612=FACE_OUTER_BOUND('',#922,.T.);
#613=FACE_OUTER_BOUND('',#923,.T.);
#614=FACE_OUTER_BOUND('',#925,.T.);
#615=FACE_OUTER_BOUND('',#926,.T.);
#616=FACE_OUTER_BOUND('',#927,.T.);
#617=FACE_OUTER_BOUND('',#935,.T.);
#618=FACE_OUTER_BOUND('',#936,.T.);
#619=FACE_OUTER_BOUND('',#938,.T.);
#620=FACE_OUTER_BOUND('',#939,.T.);
#621=FACE_OUTER_BOUND('',#940,.T.);
#622=FACE_OUTER_BOUND('',#941,.T.);
#623=FACE_OUTER_BOUND('',#942,.T.);
#624=FACE_OUTER_BOUND('',#943,.T.);
#625=FACE_OUTER_BOUND('',#944,.T.);
#626=FACE_OUTER_BOUND('',#945,.T.);
#627=FACE_OUTER_BOUND('',#946,.T.);
#628=FACE_OUTER_BOUND('',#947,.T.);
#629=FACE_OUTER_BOUND('',#948,.T.);
#630=FACE_OUTER_BOUND('',#949,.T.);
#631=FACE_OUTER_BOUND('',#950,.T.);
#632=FACE_OUTER_BOUND('',#951,.T.);
#633=FACE_OUTER_BOUND('',#952,.T.);
#634=FACE_OUTER_BOUND('',#953,.T.);
#635=FACE_OUTER_BOUND('',#954,.T.);
#636=FACE_OUTER_BOUND('',#955,.T.);
#637=FACE_OUTER_BOUND('',#956,.T.);
#638=FACE_OUTER_BOUND('',#957,.T.);
#639=FACE_OUTER_BOUND('',#958,.T.);
#640=FACE_OUTER_BOUND('',#959,.T.);
#641=FACE_OUTER_BOUND('',#960,.T.);
#642=FACE_OUTER_BOUND('',#961,.T.);
#643=FACE_OUTER_BOUND('',#962,.T.);
#644=FACE_OUTER_BOUND('',#963,.T.);
#645=FACE_OUTER_BOUND('',#964,.T.);
#646=FACE_OUTER_BOUND('',#965,.T.);
#647=FACE_OUTER_BOUND('',#966,.T.);
#648=FACE_OUTER_BOUND('',#967,.T.);
#649=FACE_OUTER_BOUND('',#968,.T.);
#650=FACE_OUTER_BOUND('',#969,.T.);
#651=FACE_OUTER_BOUND('',#970,.T.);
#652=FACE_OUTER_BOUND('',#973,.T.);
#653=FACE_OUTER_BOUND('',#978,.T.);
#654=FACE_OUTER_BOUND('',#981,.T.);
#655=FACE_OUTER_BOUND('',#982,.T.);
#656=FACE_OUTER_BOUND('',#984,.T.);
#657=FACE_OUTER_BOUND('',#985,.T.);
#658=FACE_OUTER_BOUND('',#986,.T.);
#659=FACE_OUTER_BOUND('',#987,.T.);
#660=FACE_OUTER_BOUND('',#989,.T.);
#661=FACE_OUTER_BOUND('',#990,.T.);
#662=FACE_OUTER_BOUND('',#991,.T.);
#663=FACE_OUTER_BOUND('',#992,.T.);
#664=FACE_OUTER_BOUND('',#993,.T.);
#665=FACE_OUTER_BOUND('',#994,.T.);
#666=FACE_OUTER_BOUND('',#996,.T.);
#667=FACE_OUTER_BOUND('',#997,.T.);
#668=FACE_OUTER_BOUND('',#998,.T.);
#669=FACE_OUTER_BOUND('',#999,.T.);
#670=FACE_OUTER_BOUND('',#1000,.T.);
#671=FACE_OUTER_BOUND('',#1001,.T.);
#672=FACE_OUTER_BOUND('',#1002,.T.);
#673=FACE_OUTER_BOUND('',#1003,.T.);
#674=FACE_OUTER_BOUND('',#1004,.T.);
#675=FACE_OUTER_BOUND('',#1005,.T.);
#676=FACE_OUTER_BOUND('',#1006,.T.);
#677=FACE_OUTER_BOUND('',#1007,.T.);
#678=FACE_OUTER_BOUND('',#1009,.T.);
#679=FACE_OUTER_BOUND('',#1010,.T.);
#680=FACE_OUTER_BOUND('',#1011,.T.);
#681=FACE_OUTER_BOUND('',#1012,.T.);
#682=FACE_OUTER_BOUND('',#1013,.T.);
#683=FACE_OUTER_BOUND('',#1014,.T.);
#684=FACE_OUTER_BOUND('',#1015,.T.);
#685=FACE_OUTER_BOUND('',#1016,.T.);
#686=FACE_OUTER_BOUND('',#1017,.T.);
#687=FACE_OUTER_BOUND('',#1018,.T.);
#688=FACE_OUTER_BOUND('',#1021,.T.);
#689=FACE_OUTER_BOUND('',#1026,.T.);
#690=FACE_OUTER_BOUND('',#1029,.T.);
#691=FACE_OUTER_BOUND('',#1030,.T.);
#692=FACE_OUTER_BOUND('',#1032,.T.);
#693=FACE_OUTER_BOUND('',#1033,.T.);
#694=FACE_OUTER_BOUND('',#1034,.T.);
#695=FACE_OUTER_BOUND('',#1035,.T.);
#696=FACE_OUTER_BOUND('',#1037,.T.);
#697=FACE_OUTER_BOUND('',#1038,.T.);
#698=FACE_OUTER_BOUND('',#1039,.T.);
#699=FACE_OUTER_BOUND('',#1040,.T.);
#700=FACE_OUTER_BOUND('',#1041,.T.);
#701=FACE_OUTER_BOUND('',#1042,.T.);
#702=FACE_OUTER_BOUND('',#1044,.T.);
#703=FACE_OUTER_BOUND('',#1045,.T.);
#704=FACE_OUTER_BOUND('',#1046,.T.);
#705=FACE_OUTER_BOUND('',#1047,.T.);
#706=FACE_OUTER_BOUND('',#1048,.T.);
#707=FACE_OUTER_BOUND('',#1049,.T.);
#708=FACE_OUTER_BOUND('',#1050,.T.);
#709=FACE_OUTER_BOUND('',#1051,.T.);
#710=FACE_OUTER_BOUND('',#1052,.T.);
#711=FACE_OUTER_BOUND('',#1053,.T.);
#712=FACE_OUTER_BOUND('',#1054,.T.);
#713=FACE_OUTER_BOUND('',#1055,.T.);
#714=FACE_OUTER_BOUND('',#1057,.T.);
#715=FACE_OUTER_BOUND('',#1058,.T.);
#716=FACE_OUTER_BOUND('',#1059,.T.);
#717=FACE_OUTER_BOUND('',#1060,.T.);
#718=FACE_OUTER_BOUND('',#1061,.T.);
#719=FACE_OUTER_BOUND('',#1062,.T.);
#720=FACE_OUTER_BOUND('',#1063,.T.);
#721=FACE_OUTER_BOUND('',#1064,.T.);
#722=FACE_OUTER_BOUND('',#1065,.T.);
#723=EDGE_LOOP('',(#2993,#2994,#2995,#2996));
#724=EDGE_LOOP('',(#2997));
#725=EDGE_LOOP('',(#2998));
#726=EDGE_LOOP('',(#2999));
#727=EDGE_LOOP('',(#3000));
#728=EDGE_LOOP('',(#3001));
#729=EDGE_LOOP('',(#3002,#3003));
#730=EDGE_LOOP('',(#3004,#3005,#3006,#3007,#3008,#3009,#3010,#3011,#3012,
#3013));
#731=EDGE_LOOP('',(#3014));
#732=EDGE_LOOP('',(#3015,#3016,#3017,#3018,#3019,#3020));
#733=EDGE_LOOP('',(#3021));
#734=EDGE_LOOP('',(#3022,#3023,#3024,#3025,#3026,#3027,#3028,#3029));
#735=EDGE_LOOP('',(#3030,#3031,#3032,#3033));
#736=EDGE_LOOP('',(#3034,#3035,#3036,#3037,#3038,#3039,#3040,#3041,#3042));
#737=EDGE_LOOP('',(#3043,#3044,#3045,#3046));
#738=EDGE_LOOP('',(#3047,#3048,#3049,#3050));
#739=EDGE_LOOP('',(#3051));
#740=EDGE_LOOP('',(#3052,#3053,#3054,#3055));
#741=EDGE_LOOP('',(#3056,#3057,#3058));
#742=EDGE_LOOP('',(#3059,#3060));
#743=EDGE_LOOP('',(#3061,#3062,#3063,#3064,#3065,#3066,#3067,#3068,#3069,
#3070));
#744=EDGE_LOOP('',(#3071));
#745=EDGE_LOOP('',(#3072,#3073,#3074,#3075,#3076,#3077));
#746=EDGE_LOOP('',(#3078));
#747=EDGE_LOOP('',(#3079,#3080,#3081,#3082,#3083,#3084,#3085,#3086));
#748=EDGE_LOOP('',(#3087,#3088,#3089,#3090));
#749=EDGE_LOOP('',(#3091,#3092,#3093,#3094,#3095,#3096,#3097,#3098,#3099));
#750=EDGE_LOOP('',(#3100,#3101,#3102,#3103));
#751=EDGE_LOOP('',(#3104,#3105,#3106,#3107));
#752=EDGE_LOOP('',(#3108));
#753=EDGE_LOOP('',(#3109,#3110,#3111,#3112));
#754=EDGE_LOOP('',(#3113,#3114,#3115));
#755=EDGE_LOOP('',(#3116,#3117,#3118,#3119));
#756=EDGE_LOOP('',(#3120));
#757=EDGE_LOOP('',(#3121,#3122,#3123,#3124));
#758=EDGE_LOOP('',(#3125,#3126,#3127,#3128));
#759=EDGE_LOOP('',(#3129,#3130,#3131,#3132));
#760=EDGE_LOOP('',(#3133,#3134,#3135,#3136));
#761=EDGE_LOOP('',(#3137,#3138,#3139,#3140,#3141,#3142,#3143,#3144));
#762=EDGE_LOOP('',(#3145));
#763=EDGE_LOOP('',(#3146,#3147,#3148,#3149));
#764=EDGE_LOOP('',(#3150,#3151,#3152,#3153));
#765=EDGE_LOOP('',(#3154,#3155,#3156,#3157));
#766=EDGE_LOOP('',(#3158,#3159,#3160,#3161));
#767=EDGE_LOOP('',(#3162,#3163,#3164,#3165,#3166,#3167,#3168,#3169));
#768=EDGE_LOOP('',(#3170));
#769=EDGE_LOOP('',(#3171,#3172,#3173,#3174));
#770=EDGE_LOOP('',(#3175,#3176,#3177,#3178,#3179,#3180));
#771=EDGE_LOOP('',(#3181,#3182,#3183,#3184));
#772=EDGE_LOOP('',(#3185,#3186,#3187,#3188,#3189,#3190));
#773=EDGE_LOOP('',(#3191,#3192,#3193,#3194));
#774=EDGE_LOOP('',(#3195,#3196,#3197,#3198));
#775=EDGE_LOOP('',(#3199,#3200,#3201,#3202));
#776=EDGE_LOOP('',(#3203,#3204,#3205,#3206,#3207));
#777=EDGE_LOOP('',(#3208));
#778=EDGE_LOOP('',(#3209,#3210,#3211,#3212,#3213,#3214,#3215));
#779=EDGE_LOOP('',(#3216,#3217,#3218,#3219));
#780=EDGE_LOOP('',(#3220));
#781=EDGE_LOOP('',(#3221));
#782=EDGE_LOOP('',(#3222,#3223,#3224,#3225));
#783=EDGE_LOOP('',(#3226,#3227,#3228,#3229));
#784=EDGE_LOOP('',(#3230,#3231,#3232,#3233));
#785=EDGE_LOOP('',(#3234,#3235,#3236,#3237));
#786=EDGE_LOOP('',(#3238,#3239,#3240,#3241,#3242,#3243,#3244,#3245));
#787=EDGE_LOOP('',(#3246));
#788=EDGE_LOOP('',(#3247,#3248,#3249,#3250));
#789=EDGE_LOOP('',(#3251,#3252,#3253,#3254));
#790=EDGE_LOOP('',(#3255,#3256,#3257,#3258));
#791=EDGE_LOOP('',(#3259,#3260,#3261,#3262));
#792=EDGE_LOOP('',(#3263,#3264,#3265,#3266,#3267,#3268,#3269,#3270));
#793=EDGE_LOOP('',(#3271));
#794=EDGE_LOOP('',(#3272,#3273,#3274,#3275));
#795=EDGE_LOOP('',(#3276,#3277,#3278,#3279,#3280,#3281));
#796=EDGE_LOOP('',(#3282,#3283,#3284,#3285));
#797=EDGE_LOOP('',(#3286,#3287,#3288,#3289));
#798=EDGE_LOOP('',(#3290));
#799=EDGE_LOOP('',(#3291,#3292,#3293,#3294,#3295,#3296));
#800=EDGE_LOOP('',(#3297,#3298,#3299,#3300));
#801=EDGE_LOOP('',(#3301,#3302,#3303,#3304));
#802=EDGE_LOOP('',(#3305,#3306,#3307,#3308));
#803=EDGE_LOOP('',(#3309));
#804=EDGE_LOOP('',(#3310,#3311,#3312,#3313));
#805=EDGE_LOOP('',(#3314,#3315,#3316,#3317));
#806=EDGE_LOOP('',(#3318,#3319,#3320,#3321,#3322));
#807=EDGE_LOOP('',(#3323));
#808=EDGE_LOOP('',(#3324,#3325,#3326,#3327,#3328,#3329,#3330));
#809=EDGE_LOOP('',(#3331,#3332,#3333,#3334,#3335,#3336,#3337,#3338));
#810=EDGE_LOOP('',(#3339));
#811=EDGE_LOOP('',(#3340));
#812=EDGE_LOOP('',(#3341));
#813=EDGE_LOOP('',(#3342,#3343,#3344,#3345));
#814=EDGE_LOOP('',(#3346));
#815=EDGE_LOOP('',(#3347,#3348,#3349,#3350));
#816=EDGE_LOOP('',(#3351,#3352,#3353,#3354,#3355,#3356));
#817=EDGE_LOOP('',(#3357,#3358));
#818=EDGE_LOOP('',(#3359,#3360));
#819=EDGE_LOOP('',(#3361,#3362,#3363,#3364));
#820=EDGE_LOOP('',(#3365,#3366));
#821=EDGE_LOOP('',(#3367,#3368));
#822=EDGE_LOOP('',(#3369,#3370));
#823=EDGE_LOOP('',(#3371,#3372));
#824=EDGE_LOOP('',(#3373,#3374,#3375,#3376,#3377,#3378));
#825=EDGE_LOOP('',(#3379,#3380));
#826=EDGE_LOOP('',(#3381,#3382));
#827=EDGE_LOOP('',(#3383,#3384,#3385,#3386));
#828=EDGE_LOOP('',(#3387));
#829=EDGE_LOOP('',(#3388));
#830=EDGE_LOOP('',(#3389,#3390,#3391,#3392,#3393));
#831=EDGE_LOOP('',(#3394,#3395,#3396,#3397));
#832=EDGE_LOOP('',(#3398,#3399,#3400,#3401,#3402));
#833=EDGE_LOOP('',(#3403));
#834=EDGE_LOOP('',(#3404));
#835=EDGE_LOOP('',(#3405,#3406,#3407,#3408,#3409,#3410));
#836=EDGE_LOOP('',(#3411,#3412,#3413,#3414));
#837=EDGE_LOOP('',(#3415,#3416,#3417,#3418,#3419,#3420));
#838=EDGE_LOOP('',(#3421,#3422,#3423,#3424,#3425));
#839=EDGE_LOOP('',(#3426,#3427,#3428,#3429,#3430,#3431));
#840=EDGE_LOOP('',(#3432));
#841=EDGE_LOOP('',(#3433,#3434,#3435,#3436,#3437,#3438));
#842=EDGE_LOOP('',(#3439,#3440,#3441,#3442,#3443));
#843=EDGE_LOOP('',(#3444));
#844=EDGE_LOOP('',(#3445,#3446,#3447,#3448));
#845=EDGE_LOOP('',(#3449,#3450,#3451,#3452));
#846=EDGE_LOOP('',(#3453,#3454,#3455,#3456));
#847=EDGE_LOOP('',(#3457,#3458,#3459,#3460));
#848=EDGE_LOOP('',(#3461,#3462,#3463,#3464));
#849=EDGE_LOOP('',(#3465,#3466,#3467,#3468));
#850=EDGE_LOOP('',(#3469,#3470,#3471,#3472,#3473,#3474,#3475,#3476));
#851=EDGE_LOOP('',(#3477,#3478,#3479,#3480,#3481));
#852=EDGE_LOOP('',(#3482,#3483,#3484,#3485,#3486,#3487));
#853=EDGE_LOOP('',(#3488));
#854=EDGE_LOOP('',(#3489,#3490,#3491,#3492,#3493,#3494));
#855=EDGE_LOOP('',(#3495,#3496,#3497,#3498,#3499));
#856=EDGE_LOOP('',(#3500));
#857=EDGE_LOOP('',(#3501,#3502,#3503,#3504));
#858=EDGE_LOOP('',(#3505,#3506,#3507,#3508));
#859=EDGE_LOOP('',(#3509,#3510,#3511,#3512));
#860=EDGE_LOOP('',(#3513,#3514,#3515,#3516));
#861=EDGE_LOOP('',(#3517,#3518,#3519,#3520));
#862=EDGE_LOOP('',(#3521,#3522,#3523,#3524));
#863=EDGE_LOOP('',(#3525,#3526,#3527,#3528,#3529,#3530,#3531,#3532));
#864=EDGE_LOOP('',(#3533,#3534,#3535,#3536,#3537,#3538,#3539,#3540));
#865=EDGE_LOOP('',(#3541,#3542,#3543,#3544));
#866=EDGE_LOOP('',(#3545,#3546,#3547,#3548));
#867=EDGE_LOOP('',(#3549,#3550,#3551,#3552));
#868=EDGE_LOOP('',(#3553,#3554,#3555,#3556));
#869=EDGE_LOOP('',(#3557,#3558,#3559,#3560));
#870=EDGE_LOOP('',(#3561,#3562,#3563,#3564));
#871=EDGE_LOOP('',(#3565,#3566,#3567,#3568,#3569));
#872=EDGE_LOOP('',(#3570,#3571,#3572,#3573,#3574,#3575,#3576,#3577,#3578,
#3579,#3580,#3581,#3582,#3583,#3584,#3585,#3586,#3587));
#873=EDGE_LOOP('',(#3588,#3589,#3590,#3591,#3592,#3593,#3594,#3595,#3596,
#3597,#3598,#3599));
#874=EDGE_LOOP('',(#3600,#3601,#3602,#3603));
#875=EDGE_LOOP('',(#3604,#3605));
#876=EDGE_LOOP('',(#3606,#3607));
#877=EDGE_LOOP('',(#3608,#3609,#3610,#3611,#3612));
#878=EDGE_LOOP('',(#3613,#3614,#3615,#3616,#3617,#3618,#3619));
#879=EDGE_LOOP('',(#3620));
#880=EDGE_LOOP('',(#3621,#3622));
#881=EDGE_LOOP('',(#3623,#3624,#3625,#3626,#3627));
#882=EDGE_LOOP('',(#3628));
#883=EDGE_LOOP('',(#3629));
#884=EDGE_LOOP('',(#3630));
#885=EDGE_LOOP('',(#3631,#3632,#3633,#3634));
#886=EDGE_LOOP('',(#3635,#3636,#3637,#3638));
#887=EDGE_LOOP('',(#3639,#3640,#3641,#3642));
#888=EDGE_LOOP('',(#3643,#3644,#3645,#3646));
#889=EDGE_LOOP('',(#3647,#3648,#3649,#3650));
#890=EDGE_LOOP('',(#3651,#3652,#3653,#3654));
#891=EDGE_LOOP('',(#3655,#3656,#3657,#3658));
#892=EDGE_LOOP('',(#3659,#3660,#3661,#3662));
#893=EDGE_LOOP('',(#3663));
#894=EDGE_LOOP('',(#3664));
#895=EDGE_LOOP('',(#3665));
#896=EDGE_LOOP('',(#3666));
#897=EDGE_LOOP('',(#3667));
#898=EDGE_LOOP('',(#3668));
#899=EDGE_LOOP('',(#3669));
#900=EDGE_LOOP('',(#3670));
#901=EDGE_LOOP('',(#3671));
#902=EDGE_LOOP('',(#3672,#3673,#3674,#3675,#3676,#3677,#3678));
#903=EDGE_LOOP('',(#3679,#3680,#3681,#3682));
#904=EDGE_LOOP('',(#3683));
#905=EDGE_LOOP('',(#3684));
#906=EDGE_LOOP('',(#3685));
#907=EDGE_LOOP('',(#3686,#3687,#3688,#3689,#3690,#3691,#3692,#3693));
#908=EDGE_LOOP('',(#3694,#3695,#3696,#3697));
#909=EDGE_LOOP('',(#3698,#3699,#3700,#3701,#3702,#3703));
#910=EDGE_LOOP('',(#3704,#3705,#3706,#3707));
#911=EDGE_LOOP('',(#3708,#3709,#3710,#3711,#3712,#3713,#3714,#3715));
#912=EDGE_LOOP('',(#3716,#3717,#3718,#3719));
#913=EDGE_LOOP('',(#3720));
#914=EDGE_LOOP('',(#3721));
#915=EDGE_LOOP('',(#3722));
#916=EDGE_LOOP('',(#3723));
#917=EDGE_LOOP('',(#3724));
#918=EDGE_LOOP('',(#3725));
#919=EDGE_LOOP('',(#3726));
#920=EDGE_LOOP('',(#3727));
#921=EDGE_LOOP('',(#3728));
#922=EDGE_LOOP('',(#3729,#3730,#3731,#3732));
#923=EDGE_LOOP('',(#3733));
#924=EDGE_LOOP('',(#3734));
#925=EDGE_LOOP('',(#3735,#3736,#3737,#3738));
#926=EDGE_LOOP('',(#3739,#3740,#3741,#3742,#3743));
#927=EDGE_LOOP('',(#3744));
#928=EDGE_LOOP('',(#3745));
#929=EDGE_LOOP('',(#3746));
#930=EDGE_LOOP('',(#3747));
#931=EDGE_LOOP('',(#3748));
#932=EDGE_LOOP('',(#3749));
#933=EDGE_LOOP('',(#3750));
#934=EDGE_LOOP('',(#3751));
#935=EDGE_LOOP('',(#3752,#3753,#3754,#3755,#3756));
#936=EDGE_LOOP('',(#3757));
#937=EDGE_LOOP('',(#3758));
#938=EDGE_LOOP('',(#3759,#3760,#3761,#3762));
#939=EDGE_LOOP('',(#3763,#3764,#3765,#3766));
#940=EDGE_LOOP('',(#3767,#3768,#3769,#3770));
#941=EDGE_LOOP('',(#3771,#3772,#3773,#3774,#3775));
#942=EDGE_LOOP('',(#3776,#3777,#3778,#3779,#3780,#3781,#3782,#3783));
#943=EDGE_LOOP('',(#3784,#3785,#3786,#3787,#3788));
#944=EDGE_LOOP('',(#3789,#3790,#3791,#3792));
#945=EDGE_LOOP('',(#3793,#3794,#3795,#3796));
#946=EDGE_LOOP('',(#3797,#3798,#3799,#3800,#3801,#3802,#3803));
#947=EDGE_LOOP('',(#3804,#3805,#3806,#3807,#3808));
#948=EDGE_LOOP('',(#3809,#3810,#3811,#3812));
#949=EDGE_LOOP('',(#3813,#3814,#3815,#3816,#3817));
#950=EDGE_LOOP('',(#3818,#3819,#3820,#3821,#3822,#3823,#3824,#3825));
#951=EDGE_LOOP('',(#3826,#3827,#3828,#3829,#3830));
#952=EDGE_LOOP('',(#3831,#3832,#3833,#3834));
#953=EDGE_LOOP('',(#3835,#3836,#3837,#3838));
#954=EDGE_LOOP('',(#3839,#3840,#3841,#3842,#3843));
#955=EDGE_LOOP('',(#3844,#3845,#3846,#3847,#3848));
#956=EDGE_LOOP('',(#3849,#3850,#3851,#3852));
#957=EDGE_LOOP('',(#3853,#3854,#3855,#3856));
#958=EDGE_LOOP('',(#3857,#3858,#3859,#3860,#3861));
#959=EDGE_LOOP('',(#3862,#3863,#3864,#3865,#3866));
#960=EDGE_LOOP('',(#3867,#3868,#3869,#3870));
#961=EDGE_LOOP('',(#3871,#3872,#3873,#3874));
#962=EDGE_LOOP('',(#3875,#3876,#3877,#3878,#3879));
#963=EDGE_LOOP('',(#3880,#3881,#3882,#3883,#3884));
#964=EDGE_LOOP('',(#3885,#3886,#3887,#3888));
#965=EDGE_LOOP('',(#3889,#3890,#3891,#3892,#3893));
#966=EDGE_LOOP('',(#3894,#3895,#3896,#3897));
#967=EDGE_LOOP('',(#3898,#3899,#3900,#3901));
#968=EDGE_LOOP('',(#3902,#3903,#3904,#3905,#3906));
#969=EDGE_LOOP('',(#3907,#3908,#3909,#3910));
#970=EDGE_LOOP('',(#3911,#3912,#3913,#3914,#3915,#3916));
#971=EDGE_LOOP('',(#3917,#3918));
#972=EDGE_LOOP('',(#3919,#3920));
#973=EDGE_LOOP('',(#3921,#3922,#3923,#3924));
#974=EDGE_LOOP('',(#3925,#3926));
#975=EDGE_LOOP('',(#3927,#3928));
#976=EDGE_LOOP('',(#3929,#3930));
#977=EDGE_LOOP('',(#3931,#3932));
#978=EDGE_LOOP('',(#3933,#3934,#3935,#3936,#3937,#3938));
#979=EDGE_LOOP('',(#3939,#3940));
#980=EDGE_LOOP('',(#3941,#3942));
#981=EDGE_LOOP('',(#3943,#3944,#3945,#3946));
#982=EDGE_LOOP('',(#3947));
#983=EDGE_LOOP('',(#3948));
#984=EDGE_LOOP('',(#3949,#3950,#3951,#3952,#3953));
#985=EDGE_LOOP('',(#3954,#3955,#3956,#3957));
#986=EDGE_LOOP('',(#3958,#3959,#3960,#3961,#3962));
#987=EDGE_LOOP('',(#3963));
#988=EDGE_LOOP('',(#3964));
#989=EDGE_LOOP('',(#3965,#3966,#3967,#3968,#3969,#3970));
#990=EDGE_LOOP('',(#3971,#3972,#3973,#3974));
#991=EDGE_LOOP('',(#3975,#3976,#3977,#3978,#3979,#3980));
#992=EDGE_LOOP('',(#3981,#3982,#3983,#3984,#3985));
#993=EDGE_LOOP('',(#3986,#3987,#3988,#3989,#3990,#3991));
#994=EDGE_LOOP('',(#3992));
#995=EDGE_LOOP('',(#3993,#3994,#3995,#3996,#3997,#3998));
#996=EDGE_LOOP('',(#3999,#4000,#4001,#4002,#4003));
#997=EDGE_LOOP('',(#4004));
#998=EDGE_LOOP('',(#4005,#4006,#4007,#4008));
#999=EDGE_LOOP('',(#4009,#4010,#4011,#4012));
#1000=EDGE_LOOP('',(#4013,#4014,#4015,#4016));
#1001=EDGE_LOOP('',(#4017,#4018,#4019,#4020));
#1002=EDGE_LOOP('',(#4021,#4022,#4023,#4024));
#1003=EDGE_LOOP('',(#4025,#4026,#4027,#4028));
#1004=EDGE_LOOP('',(#4029,#4030,#4031,#4032,#4033,#4034,#4035,#4036));
#1005=EDGE_LOOP('',(#4037,#4038,#4039,#4040,#4041));
#1006=EDGE_LOOP('',(#4042,#4043,#4044,#4045,#4046,#4047));
#1007=EDGE_LOOP('',(#4048));
#1008=EDGE_LOOP('',(#4049,#4050,#4051,#4052,#4053,#4054));
#1009=EDGE_LOOP('',(#4055,#4056,#4057,#4058,#4059));
#1010=EDGE_LOOP('',(#4060));
#1011=EDGE_LOOP('',(#4061,#4062,#4063,#4064));
#1012=EDGE_LOOP('',(#4065,#4066,#4067,#4068));
#1013=EDGE_LOOP('',(#4069,#4070,#4071,#4072));
#1014=EDGE_LOOP('',(#4073,#4074,#4075,#4076));
#1015=EDGE_LOOP('',(#4077,#4078,#4079,#4080));
#1016=EDGE_LOOP('',(#4081,#4082,#4083,#4084));
#1017=EDGE_LOOP('',(#4085,#4086,#4087,#4088,#4089,#4090,#4091,#4092));
#1018=EDGE_LOOP('',(#4093,#4094,#4095,#4096,#4097,#4098));
#1019=EDGE_LOOP('',(#4099,#4100));
#1020=EDGE_LOOP('',(#4101,#4102));
#1021=EDGE_LOOP('',(#4103,#4104,#4105,#4106));
#1022=EDGE_LOOP('',(#4107,#4108));
#1023=EDGE_LOOP('',(#4109,#4110));
#1024=EDGE_LOOP('',(#4111,#4112));
#1025=EDGE_LOOP('',(#4113,#4114));
#1026=EDGE_LOOP('',(#4115,#4116,#4117,#4118,#4119,#4120));
#1027=EDGE_LOOP('',(#4121,#4122));
#1028=EDGE_LOOP('',(#4123,#4124));
#1029=EDGE_LOOP('',(#4125,#4126,#4127,#4128));
#1030=EDGE_LOOP('',(#4129));
#1031=EDGE_LOOP('',(#4130));
#1032=EDGE_LOOP('',(#4131,#4132,#4133,#4134,#4135));
#1033=EDGE_LOOP('',(#4136,#4137,#4138,#4139));
#1034=EDGE_LOOP('',(#4140,#4141,#4142,#4143,#4144));
#1035=EDGE_LOOP('',(#4145));
#1036=EDGE_LOOP('',(#4146));
#1037=EDGE_LOOP('',(#4147,#4148,#4149,#4150,#4151,#4152));
#1038=EDGE_LOOP('',(#4153,#4154,#4155,#4156));
#1039=EDGE_LOOP('',(#4157,#4158,#4159,#4160,#4161,#4162));
#1040=EDGE_LOOP('',(#4163,#4164,#4165,#4166,#4167));
#1041=EDGE_LOOP('',(#4168,#4169,#4170,#4171,#4172,#4173));
#1042=EDGE_LOOP('',(#4174));
#1043=EDGE_LOOP('',(#4175,#4176,#4177,#4178,#4179,#4180));
#1044=EDGE_LOOP('',(#4181,#4182,#4183,#4184,#4185));
#1045=EDGE_LOOP('',(#4186));
#1046=EDGE_LOOP('',(#4187,#4188,#4189,#4190));
#1047=EDGE_LOOP('',(#4191,#4192,#4193,#4194));
#1048=EDGE_LOOP('',(#4195,#4196,#4197,#4198));
#1049=EDGE_LOOP('',(#4199,#4200,#4201,#4202));
#1050=EDGE_LOOP('',(#4203,#4204,#4205,#4206));
#1051=EDGE_LOOP('',(#4207,#4208,#4209,#4210));
#1052=EDGE_LOOP('',(#4211,#4212,#4213,#4214,#4215,#4216,#4217,#4218));
#1053=EDGE_LOOP('',(#4219,#4220,#4221,#4222,#4223));
#1054=EDGE_LOOP('',(#4224,#4225,#4226,#4227,#4228,#4229));
#1055=EDGE_LOOP('',(#4230));
#1056=EDGE_LOOP('',(#4231,#4232,#4233,#4234,#4235,#4236));
#1057=EDGE_LOOP('',(#4237,#4238,#4239,#4240,#4241));
#1058=EDGE_LOOP('',(#4242));
#1059=EDGE_LOOP('',(#4243,#4244,#4245,#4246));
#1060=EDGE_LOOP('',(#4247,#4248,#4249,#4250));
#1061=EDGE_LOOP('',(#4251,#4252,#4253,#4254));
#1062=EDGE_LOOP('',(#4255,#4256,#4257,#4258));
#1063=EDGE_LOOP('',(#4259,#4260,#4261,#4262));
#1064=EDGE_LOOP('',(#4263,#4264,#4265,#4266));
#1065=EDGE_LOOP('',(#4267,#4268,#4269,#4270,#4271,#4272,#4273,#4274));
#1066=LINE('',#6436,#1364);
#1067=LINE('',#6578,#1365);
#1068=LINE('',#6582,#1366);
#1069=LINE('',#6587,#1367);
#1070=LINE('',#6593,#1368);
#1071=LINE('',#6598,#1369);
#1072=LINE('',#6600,#1370);
#1073=LINE('',#6602,#1371);
#1074=LINE('',#6604,#1372);
#1075=LINE('',#6606,#1373);
#1076=LINE('',#6607,#1374);
#1077=LINE('',#6610,#1375);
#1078=LINE('',#6612,#1376);
#1079=LINE('',#6613,#1377);
#1080=LINE('',#6616,#1378);
#1081=LINE('',#6617,#1379);
#1082=LINE('',#6620,#1380);
#1083=LINE('',#6621,#1381);
#1084=LINE('',#6623,#1382);
#1085=LINE('',#6635,#1383);
#1086=LINE('',#6639,#1384);
#1087=LINE('',#6644,#1385);
#1088=LINE('',#6650,#1386);
#1089=LINE('',#6655,#1387);
#1090=LINE('',#6657,#1388);
#1091=LINE('',#6659,#1389);
#1092=LINE('',#6661,#1390);
#1093=LINE('',#6663,#1391);
#1094=LINE('',#6664,#1392);
#1095=LINE('',#6667,#1393);
#1096=LINE('',#6669,#1394);
#1097=LINE('',#6670,#1395);
#1098=LINE('',#6673,#1396);
#1099=LINE('',#6674,#1397);
#1100=LINE('',#6677,#1398);
#1101=LINE('',#6678,#1399);
#1102=LINE('',#6680,#1400);
#1103=LINE('',#6686,#1401);
#1104=LINE('',#6688,#1402);
#1105=LINE('',#6690,#1403);
#1106=LINE('',#6691,#1404);
#1107=LINE('',#6699,#1405);
#1108=LINE('',#6702,#1406);
#1109=LINE('',#6707,#1407);
#1110=LINE('',#6713,#1408);
#1111=LINE('',#6716,#1409);
#1112=LINE('',#6722,#1410);
#1113=LINE('',#6725,#1411);
#1114=LINE('',#6727,#1412);
#1115=LINE('',#6731,#1413);
#1116=LINE('',#6734,#1414);
#1117=LINE('',#6739,#1415);
#1118=LINE('',#6740,#1416);
#1119=LINE('',#6744,#1417);
#1120=LINE('',#6747,#1418);
#1121=LINE('',#6748,#1419);
#1122=LINE('',#6752,#1420);
#1123=LINE('',#6758,#1421);
#1124=LINE('',#6760,#1422);
#1125=LINE('',#6761,#1423);
#1126=LINE('',#6762,#1424);
#1127=LINE('',#6764,#1425);
#1128=LINE('',#6767,#1426);
#1129=LINE('',#6769,#1427);
#1130=LINE('',#6770,#1428);
#1131=LINE('',#6772,#1429);
#1132=LINE('',#6774,#1430);
#1133=LINE('',#6777,#1431);
#1134=LINE('',#6784,#1432);
#1135=LINE('',#6928,#1433);
#1136=LINE('',#6978,#1434);
#1137=LINE('',#6981,#1435);
#1138=LINE('',#6986,#1436);
#1139=LINE('',#6992,#1437);
#1140=LINE('',#6995,#1438);
#1141=LINE('',#7001,#1439);
#1142=LINE('',#7004,#1440);
#1143=LINE('',#7007,#1441);
#1144=LINE('',#7011,#1442);
#1145=LINE('',#7013,#1443);
#1146=LINE('',#7018,#1444);
#1147=LINE('',#7019,#1445);
#1148=LINE('',#7022,#1446);
#1149=LINE('',#7026,#1447);
#1150=LINE('',#7027,#1448);
#1151=LINE('',#7031,#1449);
#1152=LINE('',#7037,#1450);
#1153=LINE('',#7039,#1451);
#1154=LINE('',#7041,#1452);
#1155=LINE('',#7043,#1453);
#1156=LINE('',#7044,#1454);
#1157=LINE('',#7047,#1455);
#1158=LINE('',#7048,#1456);
#1159=LINE('',#7051,#1457);
#1160=LINE('',#7052,#1458);
#1161=LINE('',#7057,#1459);
#1162=LINE('',#7059,#1460);
#1163=LINE('',#7060,#1461);
#1164=LINE('',#7062,#1462);
#1165=LINE('',#7064,#1463);
#1166=LINE('',#7070,#1464);
#1167=LINE('',#7074,#1465);
#1168=LINE('',#7077,#1466);
#1169=LINE('',#7221,#1467);
#1170=LINE('',#7226,#1468);
#1171=LINE('',#7270,#1469);
#1172=LINE('',#7354,#1470);
#1173=LINE('',#7476,#1471);
#1174=LINE('',#7560,#1472);
#1175=LINE('',#7566,#1473);
#1176=LINE('',#7568,#1474);
#1177=LINE('',#7575,#1475);
#1178=LINE('',#7581,#1476);
#1179=LINE('',#7583,#1477);
#1180=LINE('',#7585,#1478);
#1181=LINE('',#7592,#1479);
#1182=LINE('',#7595,#1480);
#1183=LINE('',#7599,#1481);
#1184=LINE('',#7601,#1482);
#1185=LINE('',#7603,#1483);
#1186=LINE('',#7605,#1484);
#1187=LINE('',#7607,#1485);
#1188=LINE('',#7608,#1486);
#1189=LINE('',#7611,#1487);
#1190=LINE('',#7620,#1488);
#1191=LINE('',#7621,#1489);
#1192=LINE('',#7627,#1490);
#1193=LINE('',#7633,#1491);
#1194=LINE('',#7639,#1492);
#1195=LINE('',#7645,#1493);
#1196=LINE('',#7652,#1494);
#1197=LINE('',#7659,#1495);
#1198=LINE('',#7662,#1496);
#1199=LINE('',#7666,#1497);
#1200=LINE('',#7668,#1498);
#1201=LINE('',#7670,#1499);
#1202=LINE('',#7672,#1500);
#1203=LINE('',#7674,#1501);
#1204=LINE('',#7675,#1502);
#1205=LINE('',#7678,#1503);
#1206=LINE('',#7687,#1504);
#1207=LINE('',#7688,#1505);
#1208=LINE('',#7694,#1506);
#1209=LINE('',#7700,#1507);
#1210=LINE('',#7706,#1508);
#1211=LINE('',#7712,#1509);
#1212=LINE('',#7719,#1510);
#1213=LINE('',#7725,#1511);
#1214=LINE('',#7729,#1512);
#1215=LINE('',#7733,#1513);
#1216=LINE('',#7736,#1514);
#1217=LINE('',#7739,#1515);
#1218=LINE('',#7741,#1516);
#1219=LINE('',#7742,#1517);
#1220=LINE('',#7745,#1518);
#1221=LINE('',#7747,#1519);
#1222=LINE('',#7748,#1520);
#1223=LINE('',#7752,#1521);
#1224=LINE('',#7754,#1522);
#1225=LINE('',#7756,#1523);
#1226=LINE('',#7757,#1524);
#1227=LINE('',#7762,#1525);
#1228=LINE('',#7766,#1526);
#1229=LINE('',#7768,#1527);
#1230=LINE('',#7769,#1528);
#1231=LINE('',#7772,#1529);
#1232=LINE('',#7774,#1530);
#1233=LINE('',#7775,#1531);
#1234=LINE('',#7784,#1532);
#1235=LINE('',#7788,#1533);
#1236=LINE('',#7793,#1534);
#1237=LINE('',#7796,#1535);
#1238=LINE('',#7798,#1536);
#1239=LINE('',#7805,#1537);
#1240=LINE('',#7809,#1538);
#1241=LINE('',#7818,#1539);
#1242=LINE('',#7823,#1540);
#1243=LINE('',#7833,#1541);
#1244=LINE('',#7837,#1542);
#1245=LINE('',#7842,#1543);
#1246=LINE('',#7848,#1544);
#1247=LINE('',#7854,#1545);
#1248=LINE('',#7859,#1546);
#1249=LINE('',#7864,#1547);
#1250=LINE('',#7869,#1548);
#1251=LINE('',#7917,#1549);
#1252=LINE('',#7947,#1550);
#1253=LINE('',#7949,#1551);
#1254=LINE('',#8003,#1552);
#1255=LINE('',#8030,#1553);
#1256=LINE('',#8037,#1554);
#1257=LINE('',#8043,#1555);
#1258=LINE('',#8048,#1556);
#1259=LINE('',#8055,#1557);
#1260=LINE('',#8057,#1558);
#1261=LINE('',#8075,#1559);
#1262=LINE('',#8077,#1560);
#1263=LINE('',#8079,#1561);
#1264=LINE('',#8095,#1562);
#1265=LINE('',#8097,#1563);
#1266=LINE('',#8099,#1564);
#1267=LINE('',#8117,#1565);
#1268=LINE('',#8119,#1566);
#1269=LINE('',#8121,#1567);
#1270=LINE('',#8137,#1568);
#1271=LINE('',#8139,#1569);
#1272=LINE('',#8155,#1570);
#1273=LINE('',#8157,#1571);
#1274=LINE('',#8173,#1572);
#1275=LINE('',#8175,#1573);
#1276=LINE('',#8185,#1574);
#1277=LINE('',#8188,#1575);
#1278=LINE('',#8198,#1576);
#1279=LINE('',#8201,#1577);
#1280=LINE('',#8242,#1578);
#1281=LINE('',#8326,#1579);
#1282=LINE('',#8448,#1580);
#1283=LINE('',#8532,#1581);
#1284=LINE('',#8538,#1582);
#1285=LINE('',#8540,#1583);
#1286=LINE('',#8547,#1584);
#1287=LINE('',#8553,#1585);
#1288=LINE('',#8555,#1586);
#1289=LINE('',#8557,#1587);
#1290=LINE('',#8564,#1588);
#1291=LINE('',#8567,#1589);
#1292=LINE('',#8571,#1590);
#1293=LINE('',#8573,#1591);
#1294=LINE('',#8575,#1592);
#1295=LINE('',#8577,#1593);
#1296=LINE('',#8579,#1594);
#1297=LINE('',#8580,#1595);
#1298=LINE('',#8583,#1596);
#1299=LINE('',#8592,#1597);
#1300=LINE('',#8593,#1598);
#1301=LINE('',#8599,#1599);
#1302=LINE('',#8605,#1600);
#1303=LINE('',#8611,#1601);
#1304=LINE('',#8617,#1602);
#1305=LINE('',#8624,#1603);
#1306=LINE('',#8631,#1604);
#1307=LINE('',#8634,#1605);
#1308=LINE('',#8638,#1606);
#1309=LINE('',#8640,#1607);
#1310=LINE('',#8642,#1608);
#1311=LINE('',#8644,#1609);
#1312=LINE('',#8646,#1610);
#1313=LINE('',#8647,#1611);
#1314=LINE('',#8650,#1612);
#1315=LINE('',#8659,#1613);
#1316=LINE('',#8660,#1614);
#1317=LINE('',#8666,#1615);
#1318=LINE('',#8672,#1616);
#1319=LINE('',#8678,#1617);
#1320=LINE('',#8684,#1618);
#1321=LINE('',#8691,#1619);
#1322=LINE('',#8732,#1620);
#1323=LINE('',#8816,#1621);
#1324=LINE('',#8938,#1622);
#1325=LINE('',#9022,#1623);
#1326=LINE('',#9028,#1624);
#1327=LINE('',#9030,#1625);
#1328=LINE('',#9037,#1626);
#1329=LINE('',#9043,#1627);
#1330=LINE('',#9045,#1628);
#1331=LINE('',#9047,#1629);
#1332=LINE('',#9054,#1630);
#1333=LINE('',#9057,#1631);
#1334=LINE('',#9061,#1632);
#1335=LINE('',#9063,#1633);
#1336=LINE('',#9065,#1634);
#1337=LINE('',#9067,#1635);
#1338=LINE('',#9069,#1636);
#1339=LINE('',#9070,#1637);
#1340=LINE('',#9073,#1638);
#1341=LINE('',#9082,#1639);
#1342=LINE('',#9083,#1640);
#1343=LINE('',#9089,#1641);
#1344=LINE('',#9095,#1642);
#1345=LINE('',#9101,#1643);
#1346=LINE('',#9107,#1644);
#1347=LINE('',#9114,#1645);
#1348=LINE('',#9121,#1646);
#1349=LINE('',#9124,#1647);
#1350=LINE('',#9128,#1648);
#1351=LINE('',#9130,#1649);
#1352=LINE('',#9132,#1650);
#1353=LINE('',#9134,#1651);
#1354=LINE('',#9136,#1652);
#1355=LINE('',#9137,#1653);
#1356=LINE('',#9140,#1654);
#1357=LINE('',#9149,#1655);
#1358=LINE('',#9150,#1656);
#1359=LINE('',#9156,#1657);
#1360=LINE('',#9162,#1658);
#1361=LINE('',#9168,#1659);
#1362=LINE('',#9174,#1660);
#1363=LINE('',#9181,#1661);
#1364=VECTOR('',#5137,0.375);
#1365=VECTOR('',#5154,2.09999999999999);
#1366=VECTOR('',#5157,0.5);
#1367=VECTOR('',#5162,2.09999999999999);
#1368=VECTOR('',#5169,0.075);
#1369=VECTOR('',#5178,0.600000000000001);
#1370=VECTOR('',#5179,0.700000000000004);
#1371=VECTOR('',#5180,2.6);
#1372=VECTOR('',#5181,2.);
#1373=VECTOR('',#5182,2.6);
#1374=VECTOR('',#5183,0.699999999999999);
#1375=VECTOR('',#5186,0.25);
#1376=VECTOR('',#5187,2.6);
#1377=VECTOR('',#5188,0.25);
#1378=VECTOR('',#5191,2.);
#1379=VECTOR('',#5192,0.25);
#1380=VECTOR('',#5195,2.6);
#1381=VECTOR('',#5196,0.25);
#1382=VECTOR('',#5199,2.);
#1383=VECTOR('',#5214,2.09999999999999);
#1384=VECTOR('',#5217,0.5);
#1385=VECTOR('',#5222,2.09999999999999);
#1386=VECTOR('',#5229,0.075);
#1387=VECTOR('',#5238,0.6);
#1388=VECTOR('',#5239,0.699999999999999);
#1389=VECTOR('',#5240,2.6);
#1390=VECTOR('',#5241,2.);
#1391=VECTOR('',#5242,2.6);
#1392=VECTOR('',#5243,0.699999999999999);
#1393=VECTOR('',#5246,0.25);
#1394=VECTOR('',#5247,2.6);
#1395=VECTOR('',#5248,0.25);
#1396=VECTOR('',#5251,2.);
#1397=VECTOR('',#5252,0.25);
#1398=VECTOR('',#5255,2.6);
#1399=VECTOR('',#5256,0.25);
#1400=VECTOR('',#5259,2.);
#1401=VECTOR('',#5266,2.);
#1402=VECTOR('',#5267,0.25);
#1403=VECTOR('',#5268,2.);
#1404=VECTOR('',#5269,0.25);
#1405=VECTOR('',#5276,3.);
#1406=VECTOR('',#5279,3.);
#1407=VECTOR('',#5284,3.);
#1408=VECTOR('',#5289,2.);
#1409=VECTOR('',#5292,2.);
#1410=VECTOR('',#5297,3.);
#1411=VECTOR('',#5300,3.);
#1412=VECTOR('',#5303,0.105012562893378);
#1413=VECTOR('',#5306,0.105012562893407);
#1414=VECTOR('',#5309,0.349999999999999);
#1415=VECTOR('',#5314,3.);
#1416=VECTOR('',#5315,0.35);
#1417=VECTOR('',#5320,3.);
#1418=VECTOR('',#5323,0.105012562893407);
#1419=VECTOR('',#5324,3.);
#1420=VECTOR('',#5331,0.105012562893378);
#1421=VECTOR('',#5338,1.33229490168753);
#1422=VECTOR('',#5339,0.25);
#1423=VECTOR('',#5340,2.59999999999998);
#1424=VECTOR('',#5341,0.932294901687484);
#1425=VECTOR('',#5344,0.932294901687484);
#1426=VECTOR('',#5347,2.59999999999998);
#1427=VECTOR('',#5348,0.25);
#1428=VECTOR('',#5349,1.33229490168753);
#1429=VECTOR('',#5352,2.);
#1430=VECTOR('',#5355,2.);
#1431=VECTOR('',#5358,0.5);
#1432=VECTOR('',#5367,0.5);
#1433=VECTOR('',#5380,0.5);
#1434=VECTOR('',#5387,3.);
#1435=VECTOR('',#5390,3.);
#1436=VECTOR('',#5395,3.);
#1437=VECTOR('',#5400,2.);
#1438=VECTOR('',#5403,2.);
#1439=VECTOR('',#5408,3.);
#1440=VECTOR('',#5411,3.);
#1441=VECTOR('',#5414,0.349999999999999);
#1442=VECTOR('',#5417,0.105012562893407);
#1443=VECTOR('',#5420,0.105012562893378);
#1444=VECTOR('',#5425,0.35);
#1445=VECTOR('',#5426,3.);
#1446=VECTOR('',#5429,3.);
#1447=VECTOR('',#5434,3.);
#1448=VECTOR('',#5435,0.105012562893407);
#1449=VECTOR('',#5442,0.105012562893378);
#1450=VECTOR('',#5449,0.932294901687484);
#1451=VECTOR('',#5450,0.25);
#1452=VECTOR('',#5451,2.59999999999998);
#1453=VECTOR('',#5452,0.25);
#1454=VECTOR('',#5453,1.33229490168753);
#1455=VECTOR('',#5456,0.932294901687484);
#1456=VECTOR('',#5457,2.);
#1457=VECTOR('',#5460,2.);
#1458=VECTOR('',#5461,0.25);
#1459=VECTOR('',#5466,1.33229490168753);
#1460=VECTOR('',#5467,0.25);
#1461=VECTOR('',#5468,2.59999999999998);
#1462=VECTOR('',#5471,2.);
#1463=VECTOR('',#5474,2.);
#1464=VECTOR('',#5483,0.05);
#1465=VECTOR('',#5488,0.5);
#1466=VECTOR('',#5491,0.5);
#1467=VECTOR('',#5506,0.5);
#1468=VECTOR('',#5513,0.05);
#1469=VECTOR('',#5522,0.7835);
#1470=VECTOR('',#5531,2.4);
#1471=VECTOR('',#5536,0.7835);
#1472=VECTOR('',#5545,1.);
#1473=VECTOR('',#5554,0.55);
#1474=VECTOR('',#5557,2.3);
#1475=VECTOR('',#5564,1.);
#1476=VECTOR('',#5573,0.55);
#1477=VECTOR('',#5576,2.3);
#1478=VECTOR('',#5579,0.55);
#1479=VECTOR('',#5586,1.);
#1480=VECTOR('',#5591,1.);
#1481=VECTOR('',#5594,0.519615242270652);
#1482=VECTOR('',#5595,0.519615242270664);
#1483=VECTOR('',#5596,0.519615242270657);
#1484=VECTOR('',#5597,0.519615242270659);
#1485=VECTOR('',#5598,0.519615242270664);
#1486=VECTOR('',#5599,0.519615242270653);
#1487=VECTOR('',#5602,1.);
#1488=VECTOR('',#5609,1.70000000000001);
#1489=VECTOR('',#5610,1.70000000000001);
#1490=VECTOR('',#5613,1.70000000000001);
#1491=VECTOR('',#5616,1.70000000000001);
#1492=VECTOR('',#5619,1.70000000000001);
#1493=VECTOR('',#5622,1.70000000000001);
#1494=VECTOR('',#5627,1.);
#1495=VECTOR('',#5634,1.);
#1496=VECTOR('',#5639,1.);
#1497=VECTOR('',#5642,0.519615242270661);
#1498=VECTOR('',#5643,0.519615242270653);
#1499=VECTOR('',#5644,0.519615242270658);
#1500=VECTOR('',#5645,0.519615242270662);
#1501=VECTOR('',#5646,0.519615242270646);
#1502=VECTOR('',#5647,0.519615242270661);
#1503=VECTOR('',#5650,1.);
#1504=VECTOR('',#5657,1.70000000000001);
#1505=VECTOR('',#5658,1.70000000000001);
#1506=VECTOR('',#5661,1.70000000000001);
#1507=VECTOR('',#5664,1.7);
#1508=VECTOR('',#5667,1.70000000000001);
#1509=VECTOR('',#5670,1.70000000000001);
#1510=VECTOR('',#5675,1.);
#1511=VECTOR('',#5680,0.150185071039623);
#1512=VECTOR('',#5683,12.8685663537163);
#1513=VECTOR('',#5686,0.150185071039623);
#1514=VECTOR('',#5689,12.7608777127594);
#1515=VECTOR('',#5692,15.);
#1516=VECTOR('',#5693,15.);
#1517=VECTOR('',#5694,0.150185071039623);
#1518=VECTOR('',#5697,15.);
#1519=VECTOR('',#5698,0.150185071039623);
#1520=VECTOR('',#5699,15.);
#1521=VECTOR('',#5702,15.);
#1522=VECTOR('',#5703,0.150185071039623);
#1523=VECTOR('',#5704,15.);
#1524=VECTOR('',#5705,0.150185071039623);
#1525=VECTOR('',#5710,0.150185071039623);
#1526=VECTOR('',#5715,15.);
#1527=VECTOR('',#5716,0.150185071039623);
#1528=VECTOR('',#5717,15.);
#1529=VECTOR('',#5720,39.);
#1530=VECTOR('',#5721,12.7608777127594);
#1531=VECTOR('',#5722,39.);
#1532=VECTOR('',#5735,3.50000000000001);
#1533=VECTOR('',#5738,3.50000000000001);
#1534=VECTOR('',#5745,39.);
#1535=VECTOR('',#5748,39.);
#1536=VECTOR('',#5751,12.8685663537163);
#1537=VECTOR('',#5760,0.075);
#1538=VECTOR('',#5763,4.50000000000001);
#1539=VECTOR('',#5774,10.324766429167);
#1540=VECTOR('',#5779,10.324766429167);
#1541=VECTOR('',#5790,3.4);
#1542=VECTOR('',#5795,3.4);
#1543=VECTOR('',#5800,3.4);
#1544=VECTOR('',#5807,3.4);
#1545=VECTOR('',#5814,3.4);
#1546=VECTOR('',#5821,3.4);
#1547=VECTOR('',#5826,22.575);
#1548=VECTOR('',#5833,20.8408089297201);
#1549=VECTOR('',#5856,10.324766429167);
#1550=VECTOR('',#5863,10.324766429167);
#1551=VECTOR('',#5866,24.2);
#1552=VECTOR('',#5879,35.);
#1553=VECTOR('',#5912,1.51);
#1554=VECTOR('',#5921,1.51);
#1555=VECTOR('',#5928,22.6);
#1556=VECTOR('',#5935,22.7);
#1557=VECTOR('',#5944,19.);
#1558=VECTOR('',#5947,19.1);
#1559=VECTOR('',#5968,0.5);
#1560=VECTOR('',#5969,3.50000000000001);
#1561=VECTOR('',#5972,0.5);
#1562=VECTOR('',#5991,0.5);
#1563=VECTOR('',#5992,4.50000000000001);
#1564=VECTOR('',#5995,0.5);
#1565=VECTOR('',#6016,0.5);
#1566=VECTOR('',#6017,3.50000000000001);
#1567=VECTOR('',#6020,0.5);
#1568=VECTOR('',#6039,0.5);
#1569=VECTOR('',#6042,0.5);
#1570=VECTOR('',#6061,0.5);
#1571=VECTOR('',#6064,0.5);
#1572=VECTOR('',#6083,0.5);
#1573=VECTOR('',#6086,0.5);
#1574=VECTOR('',#6097,1.5);
#1575=VECTOR('',#6102,1.3);
#1576=VECTOR('',#6113,1.5);
#1577=VECTOR('',#6118,1.3);
#1578=VECTOR('',#6121,0.7835);
#1579=VECTOR('',#6130,2.4);
#1580=VECTOR('',#6135,0.7835);
#1581=VECTOR('',#6144,1.);
#1582=VECTOR('',#6153,0.55);
#1583=VECTOR('',#6156,2.3);
#1584=VECTOR('',#6163,1.);
#1585=VECTOR('',#6172,0.55);
#1586=VECTOR('',#6175,2.3);
#1587=VECTOR('',#6178,0.55);
#1588=VECTOR('',#6185,1.);
#1589=VECTOR('',#6190,1.);
#1590=VECTOR('',#6193,0.519615242270662);
#1591=VECTOR('',#6194,0.519615242270646);
#1592=VECTOR('',#6195,0.519615242270654);
#1593=VECTOR('',#6196,0.519615242270651);
#1594=VECTOR('',#6197,0.51961524227066);
#1595=VECTOR('',#6198,0.519615242270657);
#1596=VECTOR('',#6201,1.);
#1597=VECTOR('',#6208,1.70000000000001);
#1598=VECTOR('',#6209,1.70000000000001);
#1599=VECTOR('',#6212,1.70000000000001);
#1600=VECTOR('',#6215,1.70000000000001);
#1601=VECTOR('',#6218,1.70000000000001);
#1602=VECTOR('',#6221,1.70000000000001);
#1603=VECTOR('',#6226,1.);
#1604=VECTOR('',#6233,1.);
#1605=VECTOR('',#6238,1.);
#1606=VECTOR('',#6241,0.519615242270656);
#1607=VECTOR('',#6242,0.51961524227066);
#1608=VECTOR('',#6243,0.519615242270658);
#1609=VECTOR('',#6244,0.519615242270663);
#1610=VECTOR('',#6245,0.519615242270653);
#1611=VECTOR('',#6246,0.519615242270662);
#1612=VECTOR('',#6249,1.);
#1613=VECTOR('',#6256,1.7);
#1614=VECTOR('',#6257,1.7);
#1615=VECTOR('',#6260,1.7);
#1616=VECTOR('',#6263,1.7);
#1617=VECTOR('',#6266,1.7);
#1618=VECTOR('',#6269,1.7);
#1619=VECTOR('',#6274,1.);
#1620=VECTOR('',#6277,0.7835);
#1621=VECTOR('',#6286,2.4);
#1622=VECTOR('',#6291,0.7835);
#1623=VECTOR('',#6300,1.);
#1624=VECTOR('',#6309,0.55);
#1625=VECTOR('',#6312,2.3);
#1626=VECTOR('',#6319,1.);
#1627=VECTOR('',#6328,0.55);
#1628=VECTOR('',#6331,2.3);
#1629=VECTOR('',#6334,0.55);
#1630=VECTOR('',#6341,1.);
#1631=VECTOR('',#6346,1.);
#1632=VECTOR('',#6349,0.51961524227066);
#1633=VECTOR('',#6350,0.519615242270653);
#1634=VECTOR('',#6351,0.519615242270662);
#1635=VECTOR('',#6352,0.519615242270662);
#1636=VECTOR('',#6353,0.519615242270653);
#1637=VECTOR('',#6354,0.519615242270661);
#1638=VECTOR('',#6357,1.);
#1639=VECTOR('',#6364,1.7);
#1640=VECTOR('',#6365,1.7);
#1641=VECTOR('',#6368,1.7);
#1642=VECTOR('',#6371,1.7);
#1643=VECTOR('',#6374,1.7);
#1644=VECTOR('',#6377,1.7);
#1645=VECTOR('',#6382,1.);
#1646=VECTOR('',#6389,1.);
#1647=VECTOR('',#6394,1.);
#1648=VECTOR('',#6397,0.519615242270662);
#1649=VECTOR('',#6398,0.519615242270646);
#1650=VECTOR('',#6399,0.519615242270652);
#1651=VECTOR('',#6400,0.519615242270651);
#1652=VECTOR('',#6401,0.519615242270646);
#1653=VECTOR('',#6402,0.519615242270661);
#1654=VECTOR('',#6405,1.);
#1655=VECTOR('',#6412,1.7);
#1656=VECTOR('',#6413,1.7);
#1657=VECTOR('',#6416,1.7);
#1658=VECTOR('',#6419,1.7);
#1659=VECTOR('',#6422,1.7);
#1660=VECTOR('',#6425,1.7);
#1661=VECTOR('',#6430,1.);
#1662=CIRCLE('',#4632,0.375);
#1663=CIRCLE('',#4633,0.375);
#1664=CIRCLE('',#4637,0.075);
#1665=CIRCLE('',#4638,0.5);
#1666=CIRCLE('',#4640,0.5);
#1667=CIRCLE('',#4641,0.5);
#1668=CIRCLE('',#4642,0.5);
#1669=CIRCLE('',#4643,0.5);
#1670=CIRCLE('',#4644,0.5);
#1671=CIRCLE('',#4646,0.075);
#1672=CIRCLE('',#4647,0.075);
#1673=CIRCLE('',#4648,0.075);
#1674=CIRCLE('',#4658,0.075);
#1675=CIRCLE('',#4659,0.5);
#1676=CIRCLE('',#4661,0.5);
#1677=CIRCLE('',#4662,0.5);
#1678=CIRCLE('',#4663,0.5);
#1679=CIRCLE('',#4664,0.5);
#1680=CIRCLE('',#4665,0.5);
#1681=CIRCLE('',#4667,0.075);
#1682=CIRCLE('',#4668,0.075);
#1683=CIRCLE('',#4669,0.075);
#1684=CIRCLE('',#4679,0.05);
#1685=CIRCLE('',#4681,2.);
#1686=CIRCLE('',#4682,2.);
#1687=CIRCLE('',#4684,0.575);
#1688=CIRCLE('',#4685,0.575);
#1689=CIRCLE('',#4686,0.575);
#1690=CIRCLE('',#4687,0.575);
#1691=CIRCLE('',#4689,0.2);
#1692=CIRCLE('',#4690,0.2);
#1693=CIRCLE('',#4692,2.);
#1694=CIRCLE('',#4693,0.2);
#1695=CIRCLE('',#4694,0.5);
#1696=CIRCLE('',#4697,2.);
#1697=CIRCLE('',#4700,0.2);
#1698=CIRCLE('',#4702,0.5);
#1699=CIRCLE('',#4710,0.5);
#1700=CIRCLE('',#4712,0.5);
#1701=CIRCLE('',#4713,0.5);
#1702=CIRCLE('',#4715,0.5);
#1703=CIRCLE('',#4716,0.500000000000001);
#1704=CIRCLE('',#4717,0.500000000000001);
#1705=CIRCLE('',#4719,0.5);
#1706=CIRCLE('',#4720,0.5);
#1707=CIRCLE('',#4722,2.);
#1708=CIRCLE('',#4723,2.);
#1709=CIRCLE('',#4725,0.575);
#1710=CIRCLE('',#4726,0.575);
#1711=CIRCLE('',#4727,0.575);
#1712=CIRCLE('',#4728,0.575);
#1713=CIRCLE('',#4730,0.2);
#1714=CIRCLE('',#4731,0.2);
#1715=CIRCLE('',#4733,0.2);
#1716=CIRCLE('',#4734,2.);
#1717=CIRCLE('',#4735,0.5);
#1718=CIRCLE('',#4738,2.);
#1719=CIRCLE('',#4741,0.2);
#1720=CIRCLE('',#4743,0.5);
#1721=CIRCLE('',#4748,0.05);
#1722=CIRCLE('',#4754,0.05);
#1723=CIRCLE('',#4757,0.5);
#1724=CIRCLE('',#4759,0.5);
#1725=CIRCLE('',#4760,0.5);
#1726=CIRCLE('',#4762,0.499999999999998);
#1727=CIRCLE('',#4763,0.499999999999998);
#1728=CIRCLE('',#4764,0.5);
#1729=CIRCLE('',#4769,0.05);
#1730=CIRCLE('',#4773,0.7835);
#1731=CIRCLE('',#4774,0.7835);
#1732=CIRCLE('',#4776,2.4);
#1733=CIRCLE('',#4777,2.4);
#1734=CIRCLE('',#4779,0.7835);
#1735=CIRCLE('',#4780,0.7835);
#1736=CIRCLE('',#4782,0.55);
#1737=CIRCLE('',#4783,0.75);
#1738=CIRCLE('',#4785,2.2);
#1739=CIRCLE('',#4789,0.55);
#1740=CIRCLE('',#4790,0.55);
#1741=CIRCLE('',#4791,0.75);
#1742=CIRCLE('',#4793,2.2);
#1743=CIRCLE('',#4798,1.);
#1744=CIRCLE('',#4799,1.);
#1745=CIRCLE('',#4800,0.75462);
#1746=CIRCLE('',#4804,0.25);
#1747=CIRCLE('',#4814,1.);
#1748=CIRCLE('',#4815,1.);
#1749=CIRCLE('',#4816,0.75462);
#1750=CIRCLE('',#4820,0.25);
#1751=CIRCLE('',#4830,10.);
#1752=CIRCLE('',#4831,10.15);
#1753=CIRCLE('',#4832,10.15);
#1754=CIRCLE('',#4833,10.);
#1755=CIRCLE('',#4838,10.15);
#1756=CIRCLE('',#4839,10.);
#1757=CIRCLE('',#4843,10.15);
#1758=CIRCLE('',#4844,10.);
#1759=CIRCLE('',#4845,10.);
#1760=CIRCLE('',#4847,10.);
#1761=CIRCLE('',#4848,10.);
#1762=CIRCLE('',#4849,10.);
#1763=CIRCLE('',#4851,10.15);
#1764=CIRCLE('',#4852,10.15);
#1765=CIRCLE('',#4857,0.075);
#1766=CIRCLE('',#4858,0.075);
#1767=CIRCLE('',#4859,0.075);
#1768=CIRCLE('',#4863,34.5);
#1769=CIRCLE('',#4864,24.2);
#1770=CIRCLE('',#4865,24.2);
#1771=CIRCLE('',#4866,3.4);
#1772=CIRCLE('',#4867,3.4);
#1773=CIRCLE('',#4868,3.4);
#1774=CIRCLE('',#4870,3.4);
#1775=CIRCLE('',#4872,3.4);
#1776=CIRCLE('',#4874,3.4);
#1777=CIRCLE('',#4875,3.4);
#1778=CIRCLE('',#4877,3.4);
#1779=CIRCLE('',#4878,3.4);
#1780=CIRCLE('',#4880,3.4);
#1781=CIRCLE('',#4881,3.4);
#1782=CIRCLE('',#4883,3.4);
#1783=CIRCLE('',#4885,24.2);
#1784=CIRCLE('',#4886,20.95);
#1785=CIRCLE('',#4888,20.7316178594403);
#1786=CIRCLE('',#4890,22.6);
#1787=CIRCLE('',#4891,0.5);
#1788=CIRCLE('',#4892,0.5);
#1789=CIRCLE('',#4893,0.5);
#1790=CIRCLE('',#4894,0.5);
#1791=CIRCLE('',#4895,0.5);
#1792=CIRCLE('',#4896,0.5);
#1793=CIRCLE('',#4897,1.51);
#1794=CIRCLE('',#4898,1.51);
#1795=CIRCLE('',#4901,34.5);
#1796=CIRCLE('',#4902,24.2);
#1797=CIRCLE('',#4905,35.);
#1798=CIRCLE('',#4908,35.);
#1799=CIRCLE('',#4910,35.);
#1800=CIRCLE('',#4912,34.5);
#1801=CIRCLE('',#4913,0.5);
#1802=CIRCLE('',#4915,19.);
#1803=CIRCLE('',#4916,0.5);
#1804=CIRCLE('',#4917,0.5);
#1805=CIRCLE('',#4918,0.5);
#1806=CIRCLE('',#4919,0.5);
#1807=CIRCLE('',#4920,0.5);
#1808=CIRCLE('',#4921,0.5);
#1809=CIRCLE('',#4923,1.51);
#1810=CIRCLE('',#4924,1.1);
#1811=CIRCLE('',#4927,1.51);
#1812=CIRCLE('',#4928,1.1);
#1813=CIRCLE('',#4931,22.6);
#1814=CIRCLE('',#4932,22.6);
#1815=CIRCLE('',#4934,22.8);
#1816=CIRCLE('',#4937,19.2);
#1817=CIRCLE('',#4939,19.);
#1818=CIRCLE('',#4942,0.5);
#1819=CIRCLE('',#4943,0.5);
#1820=CIRCLE('',#4944,0.5);
#1821=CIRCLE('',#4946,0.5);
#1822=CIRCLE('',#4947,0.5);
#1823=CIRCLE('',#4948,0.5);
#1824=CIRCLE('',#4949,0.5);
#1825=CIRCLE('',#4953,0.5);
#1826=CIRCLE('',#4954,0.5);
#1827=CIRCLE('',#4955,0.5);
#1828=CIRCLE('',#4957,0.5);
#1829=CIRCLE('',#4958,0.5);
#1830=CIRCLE('',#4959,0.5);
#1831=CIRCLE('',#4963,0.5);
#1832=CIRCLE('',#4964,0.5);
#1833=CIRCLE('',#4965,0.5);
#1834=CIRCLE('',#4967,0.5);
#1835=CIRCLE('',#4968,0.5);
#1836=CIRCLE('',#4969,0.5);
#1837=CIRCLE('',#4970,0.5);
#1838=CIRCLE('',#4974,0.5);
#1839=CIRCLE('',#4975,0.5);
#1840=CIRCLE('',#4976,0.5);
#1841=CIRCLE('',#4978,0.5);
#1842=CIRCLE('',#4979,0.5);
#1843=CIRCLE('',#4980,0.5);
#1844=CIRCLE('',#4984,0.5);
#1845=CIRCLE('',#4985,0.5);
#1846=CIRCLE('',#4986,0.5);
#1847=CIRCLE('',#4988,0.5);
#1848=CIRCLE('',#4989,0.5);
#1849=CIRCLE('',#4990,0.5);
#1850=CIRCLE('',#4994,0.5);
#1851=CIRCLE('',#4995,0.5);
#1852=CIRCLE('',#4996,0.5);
#1853=CIRCLE('',#4998,0.5);
#1854=CIRCLE('',#4999,0.5);
#1855=CIRCLE('',#5000,0.5);
#1856=CIRCLE('',#5004,1.5);
#1857=CIRCLE('',#5005,1.5);
#1858=CIRCLE('',#5006,3.);
#1859=CIRCLE('',#5008,1.5);
#1860=CIRCLE('',#5011,1.5);
#1861=CIRCLE('',#5012,1.5);
#1862=CIRCLE('',#5013,3.);
#1863=CIRCLE('',#5015,1.5);
#1864=CIRCLE('',#5018,0.7835);
#1865=CIRCLE('',#5019,0.7835);
#1866=CIRCLE('',#5021,2.4);
#1867=CIRCLE('',#5022,2.4);
#1868=CIRCLE('',#5024,0.7835);
#1869=CIRCLE('',#5025,0.7835);
#1870=CIRCLE('',#5027,0.55);
#1871=CIRCLE('',#5028,0.75);
#1872=CIRCLE('',#5030,2.2);
#1873=CIRCLE('',#5034,0.55);
#1874=CIRCLE('',#5035,0.55);
#1875=CIRCLE('',#5036,0.75);
#1876=CIRCLE('',#5038,2.2);
#1877=CIRCLE('',#5043,1.);
#1878=CIRCLE('',#5044,1.);
#1879=CIRCLE('',#5045,0.75462);
#1880=CIRCLE('',#5049,0.25);
#1881=CIRCLE('',#5059,1.);
#1882=CIRCLE('',#5060,1.);
#1883=CIRCLE('',#5061,0.75462);
#1884=CIRCLE('',#5065,0.25);
#1885=CIRCLE('',#5075,0.7835);
#1886=CIRCLE('',#5076,0.7835);
#1887=CIRCLE('',#5078,2.4);
#1888=CIRCLE('',#5079,2.4);
#1889=CIRCLE('',#5081,0.7835);
#1890=CIRCLE('',#5082,0.7835);
#1891=CIRCLE('',#5084,0.55);
#1892=CIRCLE('',#5085,0.75);
#1893=CIRCLE('',#5087,2.2);
#1894=CIRCLE('',#5091,0.55);
#1895=CIRCLE('',#5092,0.55);
#1896=CIRCLE('',#5093,0.75);
#1897=CIRCLE('',#5095,2.2);
#1898=CIRCLE('',#5100,1.);
#1899=CIRCLE('',#5101,1.);
#1900=CIRCLE('',#5102,0.75462);
#1901=CIRCLE('',#5106,0.25);
#1902=CIRCLE('',#5116,1.);
#1903=CIRCLE('',#5117,1.);
#1904=CIRCLE('',#5118,0.75462);
#1905=CIRCLE('',#5122,0.25);
#1906=VERTEX_POINT('',#6433);
#1907=VERTEX_POINT('',#6435);
#1908=VERTEX_POINT('',#6438);
#1909=VERTEX_POINT('',#6481);
#1910=VERTEX_POINT('',#6524);
#1911=VERTEX_POINT('',#6570);
#1912=VERTEX_POINT('',#6571);
#1913=VERTEX_POINT('',#6575);
#1914=VERTEX_POINT('',#6577);
#1915=VERTEX_POINT('',#6579);
#1916=VERTEX_POINT('',#6581);
#1917=VERTEX_POINT('',#6584);
#1918=VERTEX_POINT('',#6586);
#1919=VERTEX_POINT('',#6590);
#1920=VERTEX_POINT('',#6592);
#1921=VERTEX_POINT('',#6599);
#1922=VERTEX_POINT('',#6601);
#1923=VERTEX_POINT('',#6603);
#1924=VERTEX_POINT('',#6605);
#1925=VERTEX_POINT('',#6609);
#1926=VERTEX_POINT('',#6611);
#1927=VERTEX_POINT('',#6615);
#1928=VERTEX_POINT('',#6619);
#1929=VERTEX_POINT('',#6627);
#1930=VERTEX_POINT('',#6628);
#1931=VERTEX_POINT('',#6632);
#1932=VERTEX_POINT('',#6634);
#1933=VERTEX_POINT('',#6636);
#1934=VERTEX_POINT('',#6638);
#1935=VERTEX_POINT('',#6641);
#1936=VERTEX_POINT('',#6643);
#1937=VERTEX_POINT('',#6647);
#1938=VERTEX_POINT('',#6649);
#1939=VERTEX_POINT('',#6656);
#1940=VERTEX_POINT('',#6658);
#1941=VERTEX_POINT('',#6660);
#1942=VERTEX_POINT('',#6662);
#1943=VERTEX_POINT('',#6666);
#1944=VERTEX_POINT('',#6668);
#1945=VERTEX_POINT('',#6672);
#1946=VERTEX_POINT('',#6676);
#1947=VERTEX_POINT('',#6684);
#1948=VERTEX_POINT('',#6685);
#1949=VERTEX_POINT('',#6687);
#1950=VERTEX_POINT('',#6689);
#1951=VERTEX_POINT('',#6692);
#1952=VERTEX_POINT('',#6695);
#1953=VERTEX_POINT('',#6696);
#1954=VERTEX_POINT('',#6698);
#1955=VERTEX_POINT('',#6700);
#1956=VERTEX_POINT('',#6704);
#1957=VERTEX_POINT('',#6706);
#1958=VERTEX_POINT('',#6709);
#1959=VERTEX_POINT('',#6710);
#1960=VERTEX_POINT('',#6712);
#1961=VERTEX_POINT('',#6714);
#1962=VERTEX_POINT('',#6718);
#1963=VERTEX_POINT('',#6719);
#1964=VERTEX_POINT('',#6721);
#1965=VERTEX_POINT('',#6723);
#1966=VERTEX_POINT('',#6728);
#1967=VERTEX_POINT('',#6730);
#1968=VERTEX_POINT('',#6732);
#1969=VERTEX_POINT('',#6735);
#1970=VERTEX_POINT('',#6738);
#1971=VERTEX_POINT('',#6742);
#1972=VERTEX_POINT('',#6746);
#1973=VERTEX_POINT('',#6753);
#1974=VERTEX_POINT('',#6757);
#1975=VERTEX_POINT('',#6759);
#1976=VERTEX_POINT('',#6766);
#1977=VERTEX_POINT('',#6768);
#1978=VERTEX_POINT('',#6776);
#1979=VERTEX_POINT('',#6780);
#1980=VERTEX_POINT('',#6781);
#1981=VERTEX_POINT('',#6906);
#1982=VERTEX_POINT('',#6919);
#1983=VERTEX_POINT('',#6921);
#1984=VERTEX_POINT('',#6925);
#1985=VERTEX_POINT('',#6927);
#1986=VERTEX_POINT('',#6930);
#1987=VERTEX_POINT('',#6974);
#1988=VERTEX_POINT('',#6975);
#1989=VERTEX_POINT('',#6977);
#1990=VERTEX_POINT('',#6979);
#1991=VERTEX_POINT('',#6983);
#1992=VERTEX_POINT('',#6985);
#1993=VERTEX_POINT('',#6988);
#1994=VERTEX_POINT('',#6989);
#1995=VERTEX_POINT('',#6991);
#1996=VERTEX_POINT('',#6993);
#1997=VERTEX_POINT('',#6997);
#1998=VERTEX_POINT('',#6998);
#1999=VERTEX_POINT('',#7000);
#2000=VERTEX_POINT('',#7002);
#2001=VERTEX_POINT('',#7006);
#2002=VERTEX_POINT('',#7008);
#2003=VERTEX_POINT('',#7010);
#2004=VERTEX_POINT('',#7014);
#2005=VERTEX_POINT('',#7017);
#2006=VERTEX_POINT('',#7021);
#2007=VERTEX_POINT('',#7025);
#2008=VERTEX_POINT('',#7032);
#2009=VERTEX_POINT('',#7036);
#2010=VERTEX_POINT('',#7038);
#2011=VERTEX_POINT('',#7040);
#2012=VERTEX_POINT('',#7042);
#2013=VERTEX_POINT('',#7046);
#2014=VERTEX_POINT('',#7050);
#2015=VERTEX_POINT('',#7053);
#2016=VERTEX_POINT('',#7056);
#2017=VERTEX_POINT('',#7058);
#2018=VERTEX_POINT('',#7067);
#2019=VERTEX_POINT('',#7072);
#2020=VERTEX_POINT('',#7076);
#2021=VERTEX_POINT('',#7078);
#2022=VERTEX_POINT('',#7202);
#2023=VERTEX_POINT('',#7215);
#2024=VERTEX_POINT('',#7217);
#2025=VERTEX_POINT('',#7225);
#2026=VERTEX_POINT('',#7231);
#2027=VERTEX_POINT('',#7232);
#2028=VERTEX_POINT('',#7269);
#2029=VERTEX_POINT('',#7271);
#2030=VERTEX_POINT('',#7274);
#2031=VERTEX_POINT('',#7275);
#2032=VERTEX_POINT('',#7312);
#2033=VERTEX_POINT('',#7313);
#2034=VERTEX_POINT('',#7351);
#2035=VERTEX_POINT('',#7353);
#2036=VERTEX_POINT('',#7356);
#2037=VERTEX_POINT('',#7357);
#2038=VERTEX_POINT('',#7396);
#2039=VERTEX_POINT('',#7397);
#2040=VERTEX_POINT('',#7436);
#2041=VERTEX_POINT('',#7437);
#2042=VERTEX_POINT('',#7475);
#2043=VERTEX_POINT('',#7477);
#2044=VERTEX_POINT('',#7480);
#2045=VERTEX_POINT('',#7481);
#2046=VERTEX_POINT('',#7518);
#2047=VERTEX_POINT('',#7519);
#2048=VERTEX_POINT('',#7557);
#2049=VERTEX_POINT('',#7559);
#2050=VERTEX_POINT('',#7563);
#2051=VERTEX_POINT('',#7570);
#2052=VERTEX_POINT('',#7571);
#2053=VERTEX_POINT('',#7574);
#2054=VERTEX_POINT('',#7578);
#2055=VERTEX_POINT('',#7587);
#2056=VERTEX_POINT('',#7588);
#2057=VERTEX_POINT('',#7591);
#2058=VERTEX_POINT('',#7597);
#2059=VERTEX_POINT('',#7598);
#2060=VERTEX_POINT('',#7600);
#2061=VERTEX_POINT('',#7602);
#2062=VERTEX_POINT('',#7604);
#2063=VERTEX_POINT('',#7606);
#2064=VERTEX_POINT('',#7610);
#2065=VERTEX_POINT('',#7615);
#2066=VERTEX_POINT('',#7616);
#2067=VERTEX_POINT('',#7623);
#2068=VERTEX_POINT('',#7629);
#2069=VERTEX_POINT('',#7635);
#2070=VERTEX_POINT('',#7641);
#2071=VERTEX_POINT('',#7651);
#2072=VERTEX_POINT('',#7654);
#2073=VERTEX_POINT('',#7655);
#2074=VERTEX_POINT('',#7658);
#2075=VERTEX_POINT('',#7664);
#2076=VERTEX_POINT('',#7665);
#2077=VERTEX_POINT('',#7667);
#2078=VERTEX_POINT('',#7669);
#2079=VERTEX_POINT('',#7671);
#2080=VERTEX_POINT('',#7673);
#2081=VERTEX_POINT('',#7677);
#2082=VERTEX_POINT('',#7682);
#2083=VERTEX_POINT('',#7683);
#2084=VERTEX_POINT('',#7690);
#2085=VERTEX_POINT('',#7696);
#2086=VERTEX_POINT('',#7702);
#2087=VERTEX_POINT('',#7708);
#2088=VERTEX_POINT('',#7718);
#2089=VERTEX_POINT('',#7721);
#2090=VERTEX_POINT('',#7722);
#2091=VERTEX_POINT('',#7724);
#2092=VERTEX_POINT('',#7726);
#2093=VERTEX_POINT('',#7728);
#2094=VERTEX_POINT('',#7730);
#2095=VERTEX_POINT('',#7732);
#2096=VERTEX_POINT('',#7734);
#2097=VERTEX_POINT('',#7738);
#2098=VERTEX_POINT('',#7740);
#2099=VERTEX_POINT('',#7744);
#2100=VERTEX_POINT('',#7746);
#2101=VERTEX_POINT('',#7750);
#2102=VERTEX_POINT('',#7751);
#2103=VERTEX_POINT('',#7753);
#2104=VERTEX_POINT('',#7755);
#2105=VERTEX_POINT('',#7759);
#2106=VERTEX_POINT('',#7761);
#2107=VERTEX_POINT('',#7765);
#2108=VERTEX_POINT('',#7767);
#2109=VERTEX_POINT('',#7771);
#2110=VERTEX_POINT('',#7773);
#2111=VERTEX_POINT('',#7778);
#2112=VERTEX_POINT('',#7783);
#2113=VERTEX_POINT('',#7785);
#2114=VERTEX_POINT('',#7787);
#2115=VERTEX_POINT('',#7792);
#2116=VERTEX_POINT('',#7794);
#2117=VERTEX_POINT('',#7802);
#2118=VERTEX_POINT('',#7804);
#2119=VERTEX_POINT('',#7806);
#2120=VERTEX_POINT('',#7808);
#2121=VERTEX_POINT('',#7814);
#2122=VERTEX_POINT('',#7815);
#2123=VERTEX_POINT('',#7817);
#2124=VERTEX_POINT('',#7819);
#2125=VERTEX_POINT('',#7821);
#2126=VERTEX_POINT('',#7824);
#2127=VERTEX_POINT('',#7826);
#2128=VERTEX_POINT('',#7828);
#2129=VERTEX_POINT('',#7831);
#2130=VERTEX_POINT('',#7835);
#2131=VERTEX_POINT('',#7839);
#2132=VERTEX_POINT('',#7841);
#2133=VERTEX_POINT('',#7845);
#2134=VERTEX_POINT('',#7847);
#2135=VERTEX_POINT('',#7851);
#2136=VERTEX_POINT('',#7853);
#2137=VERTEX_POINT('',#7857);
#2138=VERTEX_POINT('',#7861);
#2139=VERTEX_POINT('',#7863);
#2140=VERTEX_POINT('',#7867);
#2141=VERTEX_POINT('',#7871);
#2142=VERTEX_POINT('',#7873);
#2143=VERTEX_POINT('',#7875);
#2144=VERTEX_POINT('',#7877);
#2145=VERTEX_POINT('',#7879);
#2146=VERTEX_POINT('',#7881);
#2147=VERTEX_POINT('',#7883);
#2148=VERTEX_POINT('',#7885);
#2149=VERTEX_POINT('',#7887);
#2150=VERTEX_POINT('',#7890);
#2151=VERTEX_POINT('',#7901);
#2152=VERTEX_POINT('',#7916);
#2153=VERTEX_POINT('',#7918);
#2154=VERTEX_POINT('',#7929);
#2155=VERTEX_POINT('',#7943);
#2156=VERTEX_POINT('',#7945);
#2157=VERTEX_POINT('',#7965);
#2158=VERTEX_POINT('',#7978);
#2159=VERTEX_POINT('',#8002);
#2160=VERTEX_POINT('',#8006);
#2161=VERTEX_POINT('',#8010);
#2162=VERTEX_POINT('',#8012);
#2163=VERTEX_POINT('',#8014);
#2164=VERTEX_POINT('',#8016);
#2165=VERTEX_POINT('',#8018);
#2166=VERTEX_POINT('',#8020);
#2167=VERTEX_POINT('',#8022);
#2168=VERTEX_POINT('',#8025);
#2169=VERTEX_POINT('',#8027);
#2170=VERTEX_POINT('',#8032);
#2171=VERTEX_POINT('',#8034);
#2172=VERTEX_POINT('',#8039);
#2173=VERTEX_POINT('',#8040);
#2174=VERTEX_POINT('',#8045);
#2175=VERTEX_POINT('',#8050);
#2176=VERTEX_POINT('',#8053);
#2177=VERTEX_POINT('',#8059);
#2178=VERTEX_POINT('',#8060);
#2179=VERTEX_POINT('',#8062);
#2180=VERTEX_POINT('',#8066);
#2181=VERTEX_POINT('',#8067);
#2182=VERTEX_POINT('',#8069);
#2183=VERTEX_POINT('',#8072);
#2184=VERTEX_POINT('',#8076);
#2185=VERTEX_POINT('',#8081);
#2186=VERTEX_POINT('',#8082);
#2187=VERTEX_POINT('',#8084);
#2188=VERTEX_POINT('',#8088);
#2189=VERTEX_POINT('',#8089);
#2190=VERTEX_POINT('',#8091);
#2191=VERTEX_POINT('',#8096);
#2192=VERTEX_POINT('',#8101);
#2193=VERTEX_POINT('',#8102);
#2194=VERTEX_POINT('',#8104);
#2195=VERTEX_POINT('',#8108);
#2196=VERTEX_POINT('',#8109);
#2197=VERTEX_POINT('',#8111);
#2198=VERTEX_POINT('',#8113);
#2199=VERTEX_POINT('',#8118);
#2200=VERTEX_POINT('',#8123);
#2201=VERTEX_POINT('',#8124);
#2202=VERTEX_POINT('',#8126);
#2203=VERTEX_POINT('',#8130);
#2204=VERTEX_POINT('',#8131);
#2205=VERTEX_POINT('',#8134);
#2206=VERTEX_POINT('',#8141);
#2207=VERTEX_POINT('',#8142);
#2208=VERTEX_POINT('',#8144);
#2209=VERTEX_POINT('',#8148);
#2210=VERTEX_POINT('',#8149);
#2211=VERTEX_POINT('',#8152);
#2212=VERTEX_POINT('',#8159);
#2213=VERTEX_POINT('',#8160);
#2214=VERTEX_POINT('',#8162);
#2215=VERTEX_POINT('',#8166);
#2216=VERTEX_POINT('',#8167);
#2217=VERTEX_POINT('',#8170);
#2218=VERTEX_POINT('',#8177);
#2219=VERTEX_POINT('',#8178);
#2220=VERTEX_POINT('',#8181);
#2221=VERTEX_POINT('',#8184);
#2222=VERTEX_POINT('',#8190);
#2223=VERTEX_POINT('',#8191);
#2224=VERTEX_POINT('',#8194);
#2225=VERTEX_POINT('',#8197);
#2226=VERTEX_POINT('',#8203);
#2227=VERTEX_POINT('',#8204);
#2228=VERTEX_POINT('',#8241);
#2229=VERTEX_POINT('',#8243);
#2230=VERTEX_POINT('',#8246);
#2231=VERTEX_POINT('',#8247);
#2232=VERTEX_POINT('',#8284);
#2233=VERTEX_POINT('',#8285);
#2234=VERTEX_POINT('',#8323);
#2235=VERTEX_POINT('',#8325);
#2236=VERTEX_POINT('',#8328);
#2237=VERTEX_POINT('',#8329);
#2238=VERTEX_POINT('',#8368);
#2239=VERTEX_POINT('',#8369);
#2240=VERTEX_POINT('',#8408);
#2241=VERTEX_POINT('',#8409);
#2242=VERTEX_POINT('',#8447);
#2243=VERTEX_POINT('',#8449);
#2244=VERTEX_POINT('',#8452);
#2245=VERTEX_POINT('',#8453);
#2246=VERTEX_POINT('',#8490);
#2247=VERTEX_POINT('',#8491);
#2248=VERTEX_POINT('',#8529);
#2249=VERTEX_POINT('',#8531);
#2250=VERTEX_POINT('',#8535);
#2251=VERTEX_POINT('',#8542);
#2252=VERTEX_POINT('',#8543);
#2253=VERTEX_POINT('',#8546);
#2254=VERTEX_POINT('',#8550);
#2255=VERTEX_POINT('',#8559);
#2256=VERTEX_POINT('',#8560);
#2257=VERTEX_POINT('',#8563);
#2258=VERTEX_POINT('',#8569);
#2259=VERTEX_POINT('',#8570);
#2260=VERTEX_POINT('',#8572);
#2261=VERTEX_POINT('',#8574);
#2262=VERTEX_POINT('',#8576);
#2263=VERTEX_POINT('',#8578);
#2264=VERTEX_POINT('',#8582);
#2265=VERTEX_POINT('',#8587);
#2266=VERTEX_POINT('',#8588);
#2267=VERTEX_POINT('',#8595);
#2268=VERTEX_POINT('',#8601);
#2269=VERTEX_POINT('',#8607);
#2270=VERTEX_POINT('',#8613);
#2271=VERTEX_POINT('',#8623);
#2272=VERTEX_POINT('',#8626);
#2273=VERTEX_POINT('',#8627);
#2274=VERTEX_POINT('',#8630);
#2275=VERTEX_POINT('',#8636);
#2276=VERTEX_POINT('',#8637);
#2277=VERTEX_POINT('',#8639);
#2278=VERTEX_POINT('',#8641);
#2279=VERTEX_POINT('',#8643);
#2280=VERTEX_POINT('',#8645);
#2281=VERTEX_POINT('',#8649);
#2282=VERTEX_POINT('',#8654);
#2283=VERTEX_POINT('',#8655);
#2284=VERTEX_POINT('',#8662);
#2285=VERTEX_POINT('',#8668);
#2286=VERTEX_POINT('',#8674);
#2287=VERTEX_POINT('',#8680);
#2288=VERTEX_POINT('',#8690);
#2289=VERTEX_POINT('',#8693);
#2290=VERTEX_POINT('',#8694);
#2291=VERTEX_POINT('',#8731);
#2292=VERTEX_POINT('',#8733);
#2293=VERTEX_POINT('',#8736);
#2294=VERTEX_POINT('',#8737);
#2295=VERTEX_POINT('',#8774);
#2296=VERTEX_POINT('',#8775);
#2297=VERTEX_POINT('',#8813);
#2298=VERTEX_POINT('',#8815);
#2299=VERTEX_POINT('',#8818);
#2300=VERTEX_POINT('',#8819);
#2301=VERTEX_POINT('',#8858);
#2302=VERTEX_POINT('',#8859);
#2303=VERTEX_POINT('',#8898);
#2304=VERTEX_POINT('',#8899);
#2305=VERTEX_POINT('',#8937);
#2306=VERTEX_POINT('',#8939);
#2307=VERTEX_POINT('',#8942);
#2308=VERTEX_POINT('',#8943);
#2309=VERTEX_POINT('',#8980);
#2310=VERTEX_POINT('',#8981);
#2311=VERTEX_POINT('',#9019);
#2312=VERTEX_POINT('',#9021);
#2313=VERTEX_POINT('',#9025);
#2314=VERTEX_POINT('',#9032);
#2315=VERTEX_POINT('',#9033);
#2316=VERTEX_POINT('',#9036);
#2317=VERTEX_POINT('',#9040);
#2318=VERTEX_POINT('',#9049);
#2319=VERTEX_POINT('',#9050);
#2320=VERTEX_POINT('',#9053);
#2321=VERTEX_POINT('',#9059);
#2322=VERTEX_POINT('',#9060);
#2323=VERTEX_POINT('',#9062);
#2324=VERTEX_POINT('',#9064);
#2325=VERTEX_POINT('',#9066);
#2326=VERTEX_POINT('',#9068);
#2327=VERTEX_POINT('',#9072);
#2328=VERTEX_POINT('',#9077);
#2329=VERTEX_POINT('',#9078);
#2330=VERTEX_POINT('',#9085);
#2331=VERTEX_POINT('',#9091);
#2332=VERTEX_POINT('',#9097);
#2333=VERTEX_POINT('',#9103);
#2334=VERTEX_POINT('',#9113);
#2335=VERTEX_POINT('',#9116);
#2336=VERTEX_POINT('',#9117);
#2337=VERTEX_POINT('',#9120);
#2338=VERTEX_POINT('',#9126);
#2339=VERTEX_POINT('',#9127);
#2340=VERTEX_POINT('',#9129);
#2341=VERTEX_POINT('',#9131);
#2342=VERTEX_POINT('',#9133);
#2343=VERTEX_POINT('',#9135);
#2344=VERTEX_POINT('',#9139);
#2345=VERTEX_POINT('',#9144);
#2346=VERTEX_POINT('',#9145);
#2347=VERTEX_POINT('',#9152);
#2348=VERTEX_POINT('',#9158);
#2349=VERTEX_POINT('',#9164);
#2350=VERTEX_POINT('',#9170);
#2351=VERTEX_POINT('',#9180);
#2352=EDGE_CURVE('',#1906,#1906,#1662,.T.);
#2353=EDGE_CURVE('',#1906,#1907,#1066,.T.);
#2354=EDGE_CURVE('',#1907,#1907,#1663,.T.);
#2355=EDGE_CURVE('',#1908,#1908,#402,.T.);
#2356=EDGE_CURVE('',#1909,#1909,#403,.T.);
#2357=EDGE_CURVE('',#1910,#1910,#404,.T.);
#2358=EDGE_CURVE('',#1911,#1912,#1664,.T.);
#2359=EDGE_CURVE('',#1911,#1912,#1665,.T.);
#2360=EDGE_CURVE('',#1911,#1913,#1666,.T.);
#2361=EDGE_CURVE('',#1913,#1914,#1067,.T.);
#2362=EDGE_CURVE('',#1915,#1914,#1667,.T.);
#2363=EDGE_CURVE('',#1915,#1916,#1068,.T.);
#2364=EDGE_CURVE('',#1916,#1916,#1668,.T.);
#2365=EDGE_CURVE('',#1917,#1915,#1669,.T.);
#2366=EDGE_CURVE('',#1917,#1918,#1069,.T.);
#2367=EDGE_CURVE('',#1918,#1912,#1670,.T.);
#2368=EDGE_CURVE('',#1919,#1912,#1671,.T.);
#2369=EDGE_CURVE('',#1919,#1920,#1070,.T.);
#2370=EDGE_CURVE('',#1920,#1920,#1672,.T.);
#2371=EDGE_CURVE('',#1911,#1919,#1673,.T.);
#2372=EDGE_CURVE('',#1914,#1917,#1071,.T.);
#2373=EDGE_CURVE('',#1913,#1921,#1072,.T.);
#2374=EDGE_CURVE('',#1921,#1922,#1073,.T.);
#2375=EDGE_CURVE('',#1922,#1923,#1074,.T.);
#2376=EDGE_CURVE('',#1923,#1924,#1075,.T.);
#2377=EDGE_CURVE('',#1924,#1918,#1076,.T.);
#2378=EDGE_CURVE('',#1925,#1923,#1077,.T.);
#2379=EDGE_CURVE('',#1926,#1925,#1078,.T.);
#2380=EDGE_CURVE('',#1926,#1924,#1079,.T.);
#2381=EDGE_CURVE('',#1927,#1926,#1080,.T.);
#2382=EDGE_CURVE('',#1927,#1921,#1081,.T.);
#2383=EDGE_CURVE('',#1928,#1927,#1082,.T.);
#2384=EDGE_CURVE('',#1922,#1928,#1083,.T.);
#2385=EDGE_CURVE('',#1925,#1928,#1084,.T.);
#2386=EDGE_CURVE('',#1929,#1930,#1674,.T.);
#2387=EDGE_CURVE('',#1929,#1930,#1675,.T.);
#2388=EDGE_CURVE('',#1929,#1931,#1676,.T.);
#2389=EDGE_CURVE('',#1931,#1932,#1085,.T.);
#2390=EDGE_CURVE('',#1933,#1932,#1677,.T.);
#2391=EDGE_CURVE('',#1933,#1934,#1086,.T.);
#2392=EDGE_CURVE('',#1934,#1934,#1678,.T.);
#2393=EDGE_CURVE('',#1935,#1933,#1679,.T.);
#2394=EDGE_CURVE('',#1935,#1936,#1087,.T.);
#2395=EDGE_CURVE('',#1936,#1930,#1680,.T.);
#2396=EDGE_CURVE('',#1937,#1930,#1681,.T.);
#2397=EDGE_CURVE('',#1937,#1938,#1088,.T.);
#2398=EDGE_CURVE('',#1938,#1938,#1682,.T.);
#2399=EDGE_CURVE('',#1929,#1937,#1683,.T.);
#2400=EDGE_CURVE('',#1932,#1935,#1089,.T.);
#2401=EDGE_CURVE('',#1931,#1939,#1090,.T.);
#2402=EDGE_CURVE('',#1939,#1940,#1091,.T.);
#2403=EDGE_CURVE('',#1940,#1941,#1092,.T.);
#2404=EDGE_CURVE('',#1941,#1942,#1093,.T.);
#2405=EDGE_CURVE('',#1942,#1936,#1094,.T.);
#2406=EDGE_CURVE('',#1943,#1941,#1095,.T.);
#2407=EDGE_CURVE('',#1944,#1943,#1096,.T.);
#2408=EDGE_CURVE('',#1944,#1942,#1097,.T.);
#2409=EDGE_CURVE('',#1945,#1944,#1098,.T.);
#2410=EDGE_CURVE('',#1945,#1939,#1099,.T.);
#2411=EDGE_CURVE('',#1946,#1945,#1100,.T.);
#2412=EDGE_CURVE('',#1940,#1946,#1101,.T.);
#2413=EDGE_CURVE('',#1943,#1946,#1102,.T.);
#2414=EDGE_CURVE('',#1947,#1948,#1103,.T.);
#2415=EDGE_CURVE('',#1949,#1947,#1104,.T.);
#2416=EDGE_CURVE('',#1950,#1949,#1105,.T.);
#2417=EDGE_CURVE('',#1948,#1950,#1106,.T.);
#2418=EDGE_CURVE('',#1951,#1951,#1684,.T.);
#2419=EDGE_CURVE('',#1952,#1953,#1685,.T.);
#2420=EDGE_CURVE('',#1954,#1952,#1107,.T.);
#2421=EDGE_CURVE('',#1955,#1954,#1686,.T.);
#2422=EDGE_CURVE('',#1953,#1955,#1108,.T.);
#2423=EDGE_CURVE('',#1955,#1956,#1687,.T.);
#2424=EDGE_CURVE('',#1956,#1957,#1109,.T.);
#2425=EDGE_CURVE('',#1957,#1953,#1688,.T.);
#2426=EDGE_CURVE('',#1958,#1959,#1689,.T.);
#2427=EDGE_CURVE('',#1959,#1960,#1110,.T.);
#2428=EDGE_CURVE('',#1960,#1961,#1690,.T.);
#2429=EDGE_CURVE('',#1961,#1958,#1111,.T.);
#2430=EDGE_CURVE('',#1962,#1963,#1691,.T.);
#2431=EDGE_CURVE('',#1964,#1962,#1112,.T.);
#2432=EDGE_CURVE('',#1965,#1964,#1692,.T.);
#2433=EDGE_CURVE('',#1963,#1965,#1113,.T.);
#2434=EDGE_CURVE('',#1952,#1964,#1114,.T.);
#2435=EDGE_CURVE('',#1957,#1966,#1693,.T.);
#2436=EDGE_CURVE('',#1967,#1966,#1115,.T.);
#2437=EDGE_CURVE('',#1967,#1968,#1694,.T.);
#2438=EDGE_CURVE('',#1965,#1968,#1116,.T.);
#2439=EDGE_CURVE('',#1969,#1969,#1695,.T.);
#2440=EDGE_CURVE('',#1968,#1970,#1117,.T.);
#2441=EDGE_CURVE('',#1970,#1963,#1118,.T.);
#2442=EDGE_CURVE('',#1971,#1956,#1696,.T.);
#2443=EDGE_CURVE('',#1966,#1971,#1119,.T.);
#2444=EDGE_CURVE('',#1971,#1972,#1120,.T.);
#2445=EDGE_CURVE('',#1972,#1967,#1121,.T.);
#2446=EDGE_CURVE('',#1970,#1972,#1697,.T.);
#2447=EDGE_CURVE('',#1962,#1954,#1122,.T.);
#2448=EDGE_CURVE('',#1973,#1973,#1698,.T.);
#2449=EDGE_CURVE('',#1974,#1960,#1123,.T.);
#2450=EDGE_CURVE('',#1974,#1975,#1124,.T.);
#2451=EDGE_CURVE('',#1975,#1948,#1125,.T.);
#2452=EDGE_CURVE('',#1961,#1950,#1126,.T.);
#2453=EDGE_CURVE('',#1958,#1949,#1127,.T.);
#2454=EDGE_CURVE('',#1976,#1947,#1128,.T.);
#2455=EDGE_CURVE('',#1976,#1977,#1129,.T.);
#2456=EDGE_CURVE('',#1977,#1959,#1130,.T.);
#2457=EDGE_CURVE('',#1977,#1974,#1131,.T.);
#2458=EDGE_CURVE('',#1975,#1976,#1132,.T.);
#2459=EDGE_CURVE('',#1969,#1978,#1133,.T.);
#2460=EDGE_CURVE('',#1978,#1978,#1699,.T.);
#2461=EDGE_CURVE('',#1979,#1980,#1700,.T.);
#2462=EDGE_CURVE('',#1980,#1979,#1701,.T.);
#2463=EDGE_CURVE('',#1979,#1973,#1134,.T.);
#2464=EDGE_CURVE('',#1981,#1979,#405,.T.);
#2465=EDGE_CURVE('',#1982,#1981,#1702,.T.);
#2466=EDGE_CURVE('',#1983,#1982,#1703,.F.);
#2467=EDGE_CURVE('',#1981,#1983,#1704,.F.);
#2468=EDGE_CURVE('',#1984,#1984,#1705,.T.);
#2469=EDGE_CURVE('',#1984,#1985,#1135,.T.);
#2470=EDGE_CURVE('',#1985,#1985,#1706,.T.);
#2471=EDGE_CURVE('',#1986,#1986,#406,.T.);
#2472=EDGE_CURVE('',#1987,#1988,#1707,.T.);
#2473=EDGE_CURVE('',#1988,#1989,#1136,.T.);
#2474=EDGE_CURVE('',#1989,#1990,#1708,.T.);
#2475=EDGE_CURVE('',#1990,#1987,#1137,.T.);
#2476=EDGE_CURVE('',#1991,#1988,#1709,.T.);
#2477=EDGE_CURVE('',#1992,#1991,#1138,.T.);
#2478=EDGE_CURVE('',#1989,#1992,#1710,.T.);
#2479=EDGE_CURVE('',#1993,#1994,#1711,.T.);
#2480=EDGE_CURVE('',#1995,#1993,#1139,.T.);
#2481=EDGE_CURVE('',#1996,#1995,#1712,.T.);
#2482=EDGE_CURVE('',#1994,#1996,#1140,.T.);
#2483=EDGE_CURVE('',#1997,#1998,#1713,.T.);
#2484=EDGE_CURVE('',#1998,#1999,#1141,.T.);
#2485=EDGE_CURVE('',#1999,#2000,#1714,.T.);
#2486=EDGE_CURVE('',#2000,#1997,#1142,.T.);
#2487=EDGE_CURVE('',#1999,#2001,#1143,.T.);
#2488=EDGE_CURVE('',#2002,#2001,#1715,.T.);
#2489=EDGE_CURVE('',#2002,#2003,#1144,.T.);
#2490=EDGE_CURVE('',#1991,#2003,#1716,.T.);
#2491=EDGE_CURVE('',#1987,#2000,#1145,.T.);
#2492=EDGE_CURVE('',#2004,#2004,#1717,.T.);
#2493=EDGE_CURVE('',#2005,#1998,#1146,.T.);
#2494=EDGE_CURVE('',#2001,#2005,#1147,.T.);
#2495=EDGE_CURVE('',#2003,#2006,#1148,.T.);
#2496=EDGE_CURVE('',#2006,#1992,#1718,.T.);
#2497=EDGE_CURVE('',#2007,#2002,#1149,.T.);
#2498=EDGE_CURVE('',#2006,#2007,#1150,.T.);
#2499=EDGE_CURVE('',#2005,#2007,#1719,.T.);
#2500=EDGE_CURVE('',#1997,#1990,#1151,.T.);
#2501=EDGE_CURVE('',#2008,#2008,#1720,.T.);
#2502=EDGE_CURVE('',#1995,#2009,#1152,.T.);
#2503=EDGE_CURVE('',#2010,#2009,#1153,.T.);
#2504=EDGE_CURVE('',#2011,#2010,#1154,.T.);
#2505=EDGE_CURVE('',#2012,#2011,#1155,.T.);
#2506=EDGE_CURVE('',#2012,#1996,#1156,.T.);
#2507=EDGE_CURVE('',#1993,#2013,#1157,.T.);
#2508=EDGE_CURVE('',#2009,#2013,#1158,.T.);
#2509=EDGE_CURVE('',#2014,#2010,#1159,.T.);
#2510=EDGE_CURVE('',#2013,#2014,#1160,.T.);
#2511=EDGE_CURVE('',#2015,#2015,#1721,.T.);
#2512=EDGE_CURVE('',#2016,#1994,#1161,.T.);
#2513=EDGE_CURVE('',#2017,#2016,#1162,.T.);
#2514=EDGE_CURVE('',#2017,#2014,#1163,.T.);
#2515=EDGE_CURVE('',#2016,#2012,#1164,.T.);
#2516=EDGE_CURVE('',#2011,#2017,#1165,.T.);
#2517=EDGE_CURVE('',#2018,#2018,#1722,.T.);
#2518=EDGE_CURVE('',#2015,#2018,#1166,.T.);
#2519=EDGE_CURVE('',#2019,#2019,#1723,.T.);
#2520=EDGE_CURVE('',#2019,#2004,#1167,.T.);
#2521=EDGE_CURVE('',#2008,#2020,#1168,.T.);
#2522=EDGE_CURVE('',#2021,#2020,#1724,.T.);
#2523=EDGE_CURVE('',#2020,#2021,#1725,.T.);
#2524=EDGE_CURVE('',#2022,#2020,#407,.T.);
#2525=EDGE_CURVE('',#2022,#2023,#1726,.T.);
#2526=EDGE_CURVE('',#2023,#2024,#1727,.T.);
#2527=EDGE_CURVE('',#2024,#2022,#1728,.T.);
#2528=EDGE_CURVE('',#2023,#1983,#1169,.T.);
#2529=EDGE_CURVE('',#1951,#2025,#1170,.T.);
#2530=EDGE_CURVE('',#2025,#2025,#1729,.T.);
#2531=EDGE_CURVE('',#2026,#2027,#408,.T.);
#2532=EDGE_CURVE('',#2027,#2026,#409,.T.);
#2533=EDGE_CURVE('',#2027,#2028,#1171,.T.);
#2534=EDGE_CURVE('',#2029,#2028,#1730,.T.);
#2535=EDGE_CURVE('',#2028,#2029,#1731,.T.);
#2536=EDGE_CURVE('',#2030,#2031,#410,.T.);
#2537=EDGE_CURVE('',#2031,#2030,#411,.T.);
#2538=EDGE_CURVE('',#2032,#2033,#412,.T.);
#2539=EDGE_CURVE('',#2033,#2032,#413,.T.);
#2540=EDGE_CURVE('',#2034,#2034,#1732,.T.);
#2541=EDGE_CURVE('',#2034,#2035,#1172,.T.);
#2542=EDGE_CURVE('',#2035,#2035,#1733,.T.);
#2543=EDGE_CURVE('',#2036,#2037,#414,.T.);
#2544=EDGE_CURVE('',#2037,#2036,#415,.T.);
#2545=EDGE_CURVE('',#2038,#2039,#416,.T.);
#2546=EDGE_CURVE('',#2039,#2038,#417,.T.);
#2547=EDGE_CURVE('',#2040,#2041,#418,.T.);
#2548=EDGE_CURVE('',#2041,#2040,#419,.T.);
#2549=EDGE_CURVE('',#2041,#2042,#1173,.T.);
#2550=EDGE_CURVE('',#2043,#2042,#1734,.T.);
#2551=EDGE_CURVE('',#2042,#2043,#1735,.T.);
#2552=EDGE_CURVE('',#2044,#2045,#420,.T.);
#2553=EDGE_CURVE('',#2045,#2044,#421,.T.);
#2554=EDGE_CURVE('',#2046,#2047,#422,.T.);
#2555=EDGE_CURVE('',#2047,#2046,#423,.T.);
#2556=EDGE_CURVE('',#2048,#2048,#1736,.T.);
#2557=EDGE_CURVE('',#2048,#2049,#1174,.T.);
#2558=EDGE_CURVE('',#2049,#2049,#1737,.T.);
#2559=EDGE_CURVE('',#2050,#2050,#1738,.T.);
#2560=EDGE_CURVE('',#2048,#2031,#1175,.T.);
#2561=EDGE_CURVE('',#2035,#2050,#1176,.T.);
#2562=EDGE_CURVE('',#2051,#2052,#1739,.T.);
#2563=EDGE_CURVE('',#2052,#2051,#1740,.T.);
#2564=EDGE_CURVE('',#2051,#2053,#1177,.T.);
#2565=EDGE_CURVE('',#2053,#2053,#1741,.T.);
#2566=EDGE_CURVE('',#2054,#2054,#1742,.T.);
#2567=EDGE_CURVE('',#2047,#2052,#1178,.T.);
#2568=EDGE_CURVE('',#2034,#2054,#1179,.T.);
#2569=EDGE_CURVE('',#2033,#2045,#1180,.T.);
#2570=EDGE_CURVE('',#2055,#2056,#1743,.T.);
#2571=EDGE_CURVE('',#2056,#2055,#1744,.T.);
#2572=EDGE_CURVE('',#2055,#2057,#1181,.T.);
#2573=EDGE_CURVE('',#2057,#2057,#1745,.T.);
#2574=EDGE_CURVE('',#2056,#2039,#1182,.T.);
#2575=EDGE_CURVE('',#2058,#2059,#1183,.T.);
#2576=EDGE_CURVE('',#2059,#2060,#1184,.T.);
#2577=EDGE_CURVE('',#2060,#2061,#1185,.T.);
#2578=EDGE_CURVE('',#2061,#2062,#1186,.T.);
#2579=EDGE_CURVE('',#2062,#2063,#1187,.T.);
#2580=EDGE_CURVE('',#2063,#2058,#1188,.T.);
#2581=EDGE_CURVE('',#2043,#2064,#1189,.T.);
#2582=EDGE_CURVE('',#2064,#2064,#1746,.T.);
#2583=EDGE_CURVE('',#2065,#2066,#30,.T.);
#2584=EDGE_CURVE('',#2065,#2063,#1190,.T.);
#2585=EDGE_CURVE('',#2066,#2062,#1191,.T.);
#2586=EDGE_CURVE('',#2066,#2067,#31,.T.);
#2587=EDGE_CURVE('',#2067,#2061,#1192,.T.);
#2588=EDGE_CURVE('',#2068,#2065,#32,.T.);
#2589=EDGE_CURVE('',#2058,#2068,#1193,.T.);
#2590=EDGE_CURVE('',#2067,#2069,#33,.T.);
#2591=EDGE_CURVE('',#2069,#2060,#1194,.T.);
#2592=EDGE_CURVE('',#2070,#2068,#34,.T.);
#2593=EDGE_CURVE('',#2070,#2059,#1195,.T.);
#2594=EDGE_CURVE('',#2069,#2070,#35,.T.);
#2595=EDGE_CURVE('',#2071,#2065,#1196,.T.);
#2596=EDGE_CURVE('',#2072,#2073,#1747,.T.);
#2597=EDGE_CURVE('',#2073,#2072,#1748,.T.);
#2598=EDGE_CURVE('',#2072,#2074,#1197,.T.);
#2599=EDGE_CURVE('',#2074,#2074,#1749,.T.);
#2600=EDGE_CURVE('',#2073,#2037,#1198,.T.);
#2601=EDGE_CURVE('',#2075,#2076,#1199,.T.);
#2602=EDGE_CURVE('',#2076,#2077,#1200,.T.);
#2603=EDGE_CURVE('',#2077,#2078,#1201,.T.);
#2604=EDGE_CURVE('',#2078,#2079,#1202,.T.);
#2605=EDGE_CURVE('',#2079,#2080,#1203,.T.);
#2606=EDGE_CURVE('',#2080,#2075,#1204,.T.);
#2607=EDGE_CURVE('',#2029,#2081,#1205,.T.);
#2608=EDGE_CURVE('',#2081,#2081,#1750,.T.);
#2609=EDGE_CURVE('',#2082,#2083,#36,.T.);
#2610=EDGE_CURVE('',#2082,#2080,#1206,.T.);
#2611=EDGE_CURVE('',#2083,#2079,#1207,.T.);
#2612=EDGE_CURVE('',#2083,#2084,#37,.T.);
#2613=EDGE_CURVE('',#2084,#2078,#1208,.T.);
#2614=EDGE_CURVE('',#2085,#2082,#38,.T.);
#2615=EDGE_CURVE('',#2075,#2085,#1209,.T.);
#2616=EDGE_CURVE('',#2084,#2086,#39,.T.);
#2617=EDGE_CURVE('',#2086,#2077,#1210,.T.);
#2618=EDGE_CURVE('',#2087,#2085,#40,.T.);
#2619=EDGE_CURVE('',#2087,#2076,#1211,.T.);
#2620=EDGE_CURVE('',#2086,#2087,#41,.T.);
#2621=EDGE_CURVE('',#2088,#2082,#1212,.T.);
#2622=EDGE_CURVE('',#2089,#2090,#1751,.T.);
#2623=EDGE_CURVE('',#2091,#2089,#1213,.T.);
#2624=EDGE_CURVE('',#2092,#2091,#1752,.T.);
#2625=EDGE_CURVE('',#2093,#2092,#1214,.T.);
#2626=EDGE_CURVE('',#2094,#2093,#1753,.T.);
#2627=EDGE_CURVE('',#2095,#2094,#1215,.T.);
#2628=EDGE_CURVE('',#2096,#2095,#1754,.T.);
#2629=EDGE_CURVE('',#2090,#2096,#1216,.T.);
#2630=EDGE_CURVE('',#2095,#2097,#1217,.T.);
#2631=EDGE_CURVE('',#2098,#2094,#1218,.T.);
#2632=EDGE_CURVE('',#2097,#2098,#1219,.T.);
#2633=EDGE_CURVE('',#2099,#2089,#1220,.T.);
#2634=EDGE_CURVE('',#2100,#2099,#1221,.T.);
#2635=EDGE_CURVE('',#2091,#2100,#1222,.T.);
#2636=EDGE_CURVE('',#2101,#2102,#1223,.T.);
#2637=EDGE_CURVE('',#2103,#2101,#1224,.T.);
#2638=EDGE_CURVE('',#2104,#2103,#1225,.T.);
#2639=EDGE_CURVE('',#2102,#2104,#1226,.T.);
#2640=EDGE_CURVE('',#2105,#2101,#1755,.T.);
#2641=EDGE_CURVE('',#2105,#2106,#1227,.T.);
#2642=EDGE_CURVE('',#2103,#2106,#1756,.T.);
#2643=EDGE_CURVE('',#2107,#2105,#1228,.T.);
#2644=EDGE_CURVE('',#2108,#2107,#1229,.T.);
#2645=EDGE_CURVE('',#2106,#2108,#1230,.T.);
#2646=EDGE_CURVE('',#2096,#2109,#1231,.T.);
#2647=EDGE_CURVE('',#2110,#2109,#1232,.T.);
#2648=EDGE_CURVE('',#2090,#2110,#1233,.T.);
#2649=EDGE_CURVE('',#2102,#2098,#1757,.T.);
#2650=EDGE_CURVE('',#2104,#2111,#1758,.T.);
#2651=EDGE_CURVE('',#2111,#2097,#1759,.T.);
#2652=EDGE_CURVE('',#2109,#2110,#1760,.T.);
#2653=EDGE_CURVE('',#2111,#2112,#1234,.T.);
#2654=EDGE_CURVE('',#2113,#2108,#1761,.T.);
#2655=EDGE_CURVE('',#2113,#2114,#1235,.T.);
#2656=EDGE_CURVE('',#2099,#2113,#1762,.T.);
#2657=EDGE_CURVE('',#2100,#2107,#1763,.T.);
#2658=EDGE_CURVE('',#2093,#2115,#1236,.T.);
#2659=EDGE_CURVE('',#2116,#2115,#1764,.T.);
#2660=EDGE_CURVE('',#2092,#2116,#1237,.T.);
#2661=EDGE_CURVE('',#2115,#2116,#1238,.T.);
#2662=EDGE_CURVE('',#2117,#2117,#1765,.T.);
#2663=EDGE_CURVE('',#2117,#2118,#1239,.T.);
#2664=EDGE_CURVE('',#2119,#2118,#1766,.T.);
#2665=EDGE_CURVE('',#2119,#2120,#1240,.T.);
#2666=EDGE_CURVE('',#2118,#2119,#1767,.T.);
#2667=EDGE_CURVE('',#2121,#2122,#1768,.T.);
#2668=EDGE_CURVE('',#2121,#2123,#1241,.T.);
#2669=EDGE_CURVE('',#2123,#2124,#1769,.T.);
#2670=EDGE_CURVE('',#2124,#2125,#1770,.T.);
#2671=EDGE_CURVE('',#2125,#2122,#1242,.T.);
#2672=EDGE_CURVE('',#2126,#2126,#1771,.T.);
#2673=EDGE_CURVE('',#2127,#2127,#1772,.T.);
#2674=EDGE_CURVE('',#2128,#2128,#1773,.T.);
#2675=EDGE_CURVE('',#2129,#2129,#1774,.T.);
#2676=EDGE_CURVE('',#2129,#2128,#1243,.T.);
#2677=EDGE_CURVE('',#2130,#2130,#1775,.T.);
#2678=EDGE_CURVE('',#2130,#2127,#1244,.T.);
#2679=EDGE_CURVE('',#2131,#2131,#1776,.T.);
#2680=EDGE_CURVE('',#2131,#2132,#1245,.T.);
#2681=EDGE_CURVE('',#2132,#2132,#1777,.T.);
#2682=EDGE_CURVE('',#2133,#2133,#1778,.T.);
#2683=EDGE_CURVE('',#2133,#2134,#1246,.T.);
#2684=EDGE_CURVE('',#2134,#2134,#1779,.T.);
#2685=EDGE_CURVE('',#2135,#2135,#1780,.T.);
#2686=EDGE_CURVE('',#2135,#2136,#1247,.T.);
#2687=EDGE_CURVE('',#2136,#2136,#1781,.T.);
#2688=EDGE_CURVE('',#2137,#2137,#1782,.T.);
#2689=EDGE_CURVE('',#2137,#2126,#1248,.T.);
#2690=EDGE_CURVE('',#2138,#2138,#1783,.T.);
#2691=EDGE_CURVE('',#2138,#2139,#1249,.T.);
#2692=EDGE_CURVE('',#2139,#2139,#1784,.T.);
#2693=EDGE_CURVE('',#2140,#2140,#1785,.T.);
#2694=EDGE_CURVE('',#2140,#2139,#1250,.T.);
#2695=EDGE_CURVE('',#2141,#2141,#1786,.T.);
#2696=EDGE_CURVE('',#2142,#2142,#1787,.T.);
#2697=EDGE_CURVE('',#2143,#2143,#1788,.T.);
#2698=EDGE_CURVE('',#2144,#2144,#1789,.T.);
#2699=EDGE_CURVE('',#2145,#2145,#1790,.T.);
#2700=EDGE_CURVE('',#2146,#2146,#1791,.T.);
#2701=EDGE_CURVE('',#2147,#2147,#1792,.T.);
#2702=EDGE_CURVE('',#2148,#2148,#1793,.T.);
#2703=EDGE_CURVE('',#2149,#2149,#1794,.T.);
#2704=EDGE_CURVE('',#2122,#2150,#424,.T.);
#2705=EDGE_CURVE('',#2151,#2125,#425,.T.);
#2706=EDGE_CURVE('',#2152,#2151,#1251,.T.);
#2707=EDGE_CURVE('',#2153,#2152,#426,.T.);
#2708=EDGE_CURVE('',#2154,#2153,#427,.T.);
#2709=EDGE_CURVE('',#2150,#2154,#428,.T.);
#2710=EDGE_CURVE('',#2152,#2155,#1795,.T.);
#2711=EDGE_CURVE('',#2151,#2156,#1796,.T.);
#2712=EDGE_CURVE('',#2156,#2155,#1252,.T.);
#2713=EDGE_CURVE('',#2138,#2124,#1253,.T.);
#2714=EDGE_CURVE('',#2123,#2156,#429,.T.);
#2715=EDGE_CURVE('',#2155,#2157,#430,.T.);
#2716=EDGE_CURVE('',#2157,#2153,#1797,.T.);
#2717=EDGE_CURVE('',#2158,#2121,#431,.T.);
#2718=EDGE_CURVE('',#2157,#2158,#432,.T.);
#2719=EDGE_CURVE('',#2150,#2158,#1798,.T.);
#2720=EDGE_CURVE('',#2154,#2159,#1254,.T.);
#2721=EDGE_CURVE('',#2159,#2159,#1799,.T.);
#2722=EDGE_CURVE('',#2160,#2160,#1800,.T.);
#2723=EDGE_CURVE('',#2160,#2159,#1801,.T.);
#2724=EDGE_CURVE('',#2161,#2161,#1802,.T.);
#2725=EDGE_CURVE('',#2162,#2162,#1803,.T.);
#2726=EDGE_CURVE('',#2163,#2163,#1804,.T.);
#2727=EDGE_CURVE('',#2164,#2164,#1805,.T.);
#2728=EDGE_CURVE('',#2165,#2165,#1806,.T.);
#2729=EDGE_CURVE('',#2166,#2166,#1807,.T.);
#2730=EDGE_CURVE('',#2167,#2167,#1808,.T.);
#2731=EDGE_CURVE('',#2168,#2168,#1809,.T.);
#2732=EDGE_CURVE('',#2169,#2169,#1810,.T.);
#2733=EDGE_CURVE('',#2168,#2149,#1255,.T.);
#2734=EDGE_CURVE('',#2170,#2170,#1811,.T.);
#2735=EDGE_CURVE('',#2171,#2171,#1812,.T.);
#2736=EDGE_CURVE('',#2170,#2148,#1256,.T.);
#2737=EDGE_CURVE('',#2172,#2173,#1813,.T.);
#2738=EDGE_CURVE('',#2173,#2172,#1814,.T.);
#2739=EDGE_CURVE('',#2173,#2141,#1257,.T.);
#2740=EDGE_CURVE('',#2174,#2174,#1815,.T.);
#2741=EDGE_CURVE('',#2172,#2174,#1258,.T.);
#2742=EDGE_CURVE('',#2175,#2175,#1816,.T.);
#2743=EDGE_CURVE('',#2176,#2176,#1817,.T.);
#2744=EDGE_CURVE('',#2176,#2161,#1259,.T.);
#2745=EDGE_CURVE('',#2176,#2175,#1260,.T.);
#2746=EDGE_CURVE('',#2177,#2178,#1818,.T.);
#2747=EDGE_CURVE('',#2178,#2179,#1819,.T.);
#2748=EDGE_CURVE('',#2178,#2177,#1820,.T.);
#2749=EDGE_CURVE('',#2180,#2181,#1821,.T.);
#2750=EDGE_CURVE('',#2182,#2180,#1822,.T.);
#2751=EDGE_CURVE('',#2181,#2182,#1823,.T.);
#2752=EDGE_CURVE('',#2183,#2181,#1824,.T.);
#2753=EDGE_CURVE('',#2162,#2182,#1261,.T.);
#2754=EDGE_CURVE('',#2184,#2180,#1262,.T.);
#2755=EDGE_CURVE('',#2177,#2142,#1263,.T.);
#2756=EDGE_CURVE('',#2185,#2186,#1825,.T.);
#2757=EDGE_CURVE('',#2186,#2187,#1826,.T.);
#2758=EDGE_CURVE('',#2186,#2185,#1827,.T.);
#2759=EDGE_CURVE('',#2188,#2189,#1828,.T.);
#2760=EDGE_CURVE('',#2190,#2188,#1829,.T.);
#2761=EDGE_CURVE('',#2189,#2188,#1830,.T.);
#2762=EDGE_CURVE('',#2163,#2189,#1264,.T.);
#2763=EDGE_CURVE('',#2191,#2188,#1265,.T.);
#2764=EDGE_CURVE('',#2185,#2143,#1266,.T.);
#2765=EDGE_CURVE('',#2192,#2193,#1831,.T.);
#2766=EDGE_CURVE('',#2193,#2194,#1832,.T.);
#2767=EDGE_CURVE('',#2193,#2192,#1833,.T.);
#2768=EDGE_CURVE('',#2195,#2196,#1834,.T.);
#2769=EDGE_CURVE('',#2197,#2195,#1835,.T.);
#2770=EDGE_CURVE('',#2198,#2197,#1836,.T.);
#2771=EDGE_CURVE('',#2196,#2197,#1837,.T.);
#2772=EDGE_CURVE('',#2164,#2196,#1267,.T.);
#2773=EDGE_CURVE('',#2199,#2195,#1268,.T.);
#2774=EDGE_CURVE('',#2192,#2144,#1269,.T.);
#2775=EDGE_CURVE('',#2200,#2201,#1838,.T.);
#2776=EDGE_CURVE('',#2201,#2202,#1839,.T.);
#2777=EDGE_CURVE('',#2201,#2200,#1840,.T.);
#2778=EDGE_CURVE('',#2203,#2204,#1841,.T.);
#2779=EDGE_CURVE('',#2204,#2203,#1842,.T.);
#2780=EDGE_CURVE('',#2205,#2204,#1843,.T.);
#2781=EDGE_CURVE('',#2165,#2203,#1270,.T.);
#2782=EDGE_CURVE('',#2200,#2145,#1271,.T.);
#2783=EDGE_CURVE('',#2206,#2207,#1844,.T.);
#2784=EDGE_CURVE('',#2207,#2208,#1845,.T.);
#2785=EDGE_CURVE('',#2207,#2206,#1846,.T.);
#2786=EDGE_CURVE('',#2209,#2210,#1847,.T.);
#2787=EDGE_CURVE('',#2210,#2209,#1848,.T.);
#2788=EDGE_CURVE('',#2211,#2210,#1849,.T.);
#2789=EDGE_CURVE('',#2166,#2209,#1272,.T.);
#2790=EDGE_CURVE('',#2206,#2146,#1273,.T.);
#2791=EDGE_CURVE('',#2212,#2213,#1850,.T.);
#2792=EDGE_CURVE('',#2213,#2214,#1851,.T.);
#2793=EDGE_CURVE('',#2213,#2212,#1852,.T.);
#2794=EDGE_CURVE('',#2215,#2216,#1853,.T.);
#2795=EDGE_CURVE('',#2216,#2215,#1854,.T.);
#2796=EDGE_CURVE('',#2217,#2216,#1855,.T.);
#2797=EDGE_CURVE('',#2167,#2215,#1274,.T.);
#2798=EDGE_CURVE('',#2212,#2147,#1275,.T.);
#2799=EDGE_CURVE('',#2218,#2219,#1856,.T.);
#2800=EDGE_CURVE('',#2219,#2218,#1857,.T.);
#2801=EDGE_CURVE('',#2219,#2220,#1858,.T.);
#2802=EDGE_CURVE('',#2218,#2221,#1276,.T.);
#2803=EDGE_CURVE('',#2221,#2221,#1859,.T.);
#2804=EDGE_CURVE('',#2221,#2169,#1277,.T.);
#2805=EDGE_CURVE('',#2222,#2223,#1860,.T.);
#2806=EDGE_CURVE('',#2223,#2222,#1861,.T.);
#2807=EDGE_CURVE('',#2223,#2224,#1862,.T.);
#2808=EDGE_CURVE('',#2222,#2225,#1278,.T.);
#2809=EDGE_CURVE('',#2225,#2225,#1863,.T.);
#2810=EDGE_CURVE('',#2225,#2171,#1279,.T.);
#2811=EDGE_CURVE('',#2226,#2227,#433,.T.);
#2812=EDGE_CURVE('',#2227,#2226,#434,.T.);
#2813=EDGE_CURVE('',#2227,#2228,#1280,.T.);
#2814=EDGE_CURVE('',#2229,#2228,#1864,.T.);
#2815=EDGE_CURVE('',#2228,#2229,#1865,.T.);
#2816=EDGE_CURVE('',#2230,#2231,#435,.T.);
#2817=EDGE_CURVE('',#2231,#2230,#436,.T.);
#2818=EDGE_CURVE('',#2232,#2233,#437,.T.);
#2819=EDGE_CURVE('',#2233,#2232,#438,.T.);
#2820=EDGE_CURVE('',#2234,#2234,#1866,.T.);
#2821=EDGE_CURVE('',#2234,#2235,#1281,.T.);
#2822=EDGE_CURVE('',#2235,#2235,#1867,.T.);
#2823=EDGE_CURVE('',#2236,#2237,#439,.T.);
#2824=EDGE_CURVE('',#2237,#2236,#440,.T.);
#2825=EDGE_CURVE('',#2238,#2239,#441,.T.);
#2826=EDGE_CURVE('',#2239,#2238,#442,.T.);
#2827=EDGE_CURVE('',#2240,#2241,#443,.T.);
#2828=EDGE_CURVE('',#2241,#2240,#444,.T.);
#2829=EDGE_CURVE('',#2241,#2242,#1282,.T.);
#2830=EDGE_CURVE('',#2243,#2242,#1868,.T.);
#2831=EDGE_CURVE('',#2242,#2243,#1869,.T.);
#2832=EDGE_CURVE('',#2244,#2245,#445,.T.);
#2833=EDGE_CURVE('',#2245,#2244,#446,.T.);
#2834=EDGE_CURVE('',#2246,#2247,#447,.T.);
#2835=EDGE_CURVE('',#2247,#2246,#448,.T.);
#2836=EDGE_CURVE('',#2248,#2248,#1870,.T.);
#2837=EDGE_CURVE('',#2248,#2249,#1283,.T.);
#2838=EDGE_CURVE('',#2249,#2249,#1871,.T.);
#2839=EDGE_CURVE('',#2250,#2250,#1872,.T.);
#2840=EDGE_CURVE('',#2248,#2231,#1284,.T.);
#2841=EDGE_CURVE('',#2235,#2250,#1285,.T.);
#2842=EDGE_CURVE('',#2251,#2252,#1873,.T.);
#2843=EDGE_CURVE('',#2252,#2251,#1874,.T.);
#2844=EDGE_CURVE('',#2251,#2253,#1286,.T.);
#2845=EDGE_CURVE('',#2253,#2253,#1875,.T.);
#2846=EDGE_CURVE('',#2254,#2254,#1876,.T.);
#2847=EDGE_CURVE('',#2247,#2252,#1287,.T.);
#2848=EDGE_CURVE('',#2234,#2254,#1288,.T.);
#2849=EDGE_CURVE('',#2233,#2245,#1289,.T.);
#2850=EDGE_CURVE('',#2255,#2256,#1877,.T.);
#2851=EDGE_CURVE('',#2256,#2255,#1878,.T.);
#2852=EDGE_CURVE('',#2255,#2257,#1290,.T.);
#2853=EDGE_CURVE('',#2257,#2257,#1879,.T.);
#2854=EDGE_CURVE('',#2256,#2239,#1291,.T.);
#2855=EDGE_CURVE('',#2258,#2259,#1292,.T.);
#2856=EDGE_CURVE('',#2259,#2260,#1293,.T.);
#2857=EDGE_CURVE('',#2260,#2261,#1294,.T.);
#2858=EDGE_CURVE('',#2261,#2262,#1295,.T.);
#2859=EDGE_CURVE('',#2262,#2263,#1296,.T.);
#2860=EDGE_CURVE('',#2263,#2258,#1297,.T.);
#2861=EDGE_CURVE('',#2243,#2264,#1298,.T.);
#2862=EDGE_CURVE('',#2264,#2264,#1880,.T.);
#2863=EDGE_CURVE('',#2265,#2266,#42,.T.);
#2864=EDGE_CURVE('',#2265,#2263,#1299,.T.);
#2865=EDGE_CURVE('',#2266,#2262,#1300,.T.);
#2866=EDGE_CURVE('',#2266,#2267,#43,.T.);
#2867=EDGE_CURVE('',#2267,#2261,#1301,.T.);
#2868=EDGE_CURVE('',#2268,#2265,#44,.T.);
#2869=EDGE_CURVE('',#2258,#2268,#1302,.T.);
#2870=EDGE_CURVE('',#2267,#2269,#45,.T.);
#2871=EDGE_CURVE('',#2269,#2260,#1303,.T.);
#2872=EDGE_CURVE('',#2270,#2268,#46,.T.);
#2873=EDGE_CURVE('',#2270,#2259,#1304,.T.);
#2874=EDGE_CURVE('',#2269,#2270,#47,.T.);
#2875=EDGE_CURVE('',#2271,#2265,#1305,.T.);
#2876=EDGE_CURVE('',#2272,#2273,#1881,.T.);
#2877=EDGE_CURVE('',#2273,#2272,#1882,.T.);
#2878=EDGE_CURVE('',#2272,#2274,#1306,.T.);
#2879=EDGE_CURVE('',#2274,#2274,#1883,.T.);
#2880=EDGE_CURVE('',#2273,#2237,#1307,.T.);
#2881=EDGE_CURVE('',#2275,#2276,#1308,.T.);
#2882=EDGE_CURVE('',#2276,#2277,#1309,.T.);
#2883=EDGE_CURVE('',#2277,#2278,#1310,.T.);
#2884=EDGE_CURVE('',#2278,#2279,#1311,.T.);
#2885=EDGE_CURVE('',#2279,#2280,#1312,.T.);
#2886=EDGE_CURVE('',#2280,#2275,#1313,.T.);
#2887=EDGE_CURVE('',#2229,#2281,#1314,.T.);
#2888=EDGE_CURVE('',#2281,#2281,#1884,.T.);
#2889=EDGE_CURVE('',#2282,#2283,#48,.T.);
#2890=EDGE_CURVE('',#2282,#2280,#1315,.T.);
#2891=EDGE_CURVE('',#2283,#2279,#1316,.T.);
#2892=EDGE_CURVE('',#2283,#2284,#49,.T.);
#2893=EDGE_CURVE('',#2284,#2278,#1317,.T.);
#2894=EDGE_CURVE('',#2285,#2282,#50,.T.);
#2895=EDGE_CURVE('',#2275,#2285,#1318,.T.);
#2896=EDGE_CURVE('',#2284,#2286,#51,.T.);
#2897=EDGE_CURVE('',#2286,#2277,#1319,.T.);
#2898=EDGE_CURVE('',#2287,#2285,#52,.T.);
#2899=EDGE_CURVE('',#2287,#2276,#1320,.T.);
#2900=EDGE_CURVE('',#2286,#2287,#53,.T.);
#2901=EDGE_CURVE('',#2288,#2282,#1321,.T.);
#2902=EDGE_CURVE('',#2289,#2290,#449,.T.);
#2903=EDGE_CURVE('',#2290,#2289,#450,.T.);
#2904=EDGE_CURVE('',#2290,#2291,#1322,.T.);
#2905=EDGE_CURVE('',#2292,#2291,#1885,.T.);
#2906=EDGE_CURVE('',#2291,#2292,#1886,.T.);
#2907=EDGE_CURVE('',#2293,#2294,#451,.T.);
#2908=EDGE_CURVE('',#2294,#2293,#452,.T.);
#2909=EDGE_CURVE('',#2295,#2296,#453,.T.);
#2910=EDGE_CURVE('',#2296,#2295,#454,.T.);
#2911=EDGE_CURVE('',#2297,#2297,#1887,.T.);
#2912=EDGE_CURVE('',#2297,#2298,#1323,.T.);
#2913=EDGE_CURVE('',#2298,#2298,#1888,.T.);
#2914=EDGE_CURVE('',#2299,#2300,#455,.T.);
#2915=EDGE_CURVE('',#2300,#2299,#456,.T.);
#2916=EDGE_CURVE('',#2301,#2302,#457,.T.);
#2917=EDGE_CURVE('',#2302,#2301,#458,.T.);
#2918=EDGE_CURVE('',#2303,#2304,#459,.T.);
#2919=EDGE_CURVE('',#2304,#2303,#460,.T.);
#2920=EDGE_CURVE('',#2304,#2305,#1324,.T.);
#2921=EDGE_CURVE('',#2306,#2305,#1889,.T.);
#2922=EDGE_CURVE('',#2305,#2306,#1890,.T.);
#2923=EDGE_CURVE('',#2307,#2308,#461,.T.);
#2924=EDGE_CURVE('',#2308,#2307,#462,.T.);
#2925=EDGE_CURVE('',#2309,#2310,#463,.T.);
#2926=EDGE_CURVE('',#2310,#2309,#464,.T.);
#2927=EDGE_CURVE('',#2311,#2311,#1891,.T.);
#2928=EDGE_CURVE('',#2311,#2312,#1325,.T.);
#2929=EDGE_CURVE('',#2312,#2312,#1892,.T.);
#2930=EDGE_CURVE('',#2313,#2313,#1893,.T.);
#2931=EDGE_CURVE('',#2311,#2308,#1326,.T.);
#2932=EDGE_CURVE('',#2298,#2313,#1327,.T.);
#2933=EDGE_CURVE('',#2314,#2315,#1894,.T.);
#2934=EDGE_CURVE('',#2315,#2314,#1895,.T.);
#2935=EDGE_CURVE('',#2314,#2316,#1328,.T.);
#2936=EDGE_CURVE('',#2316,#2316,#1896,.T.);
#2937=EDGE_CURVE('',#2317,#2317,#1897,.T.);
#2938=EDGE_CURVE('',#2296,#2315,#1329,.T.);
#2939=EDGE_CURVE('',#2297,#2317,#1330,.T.);
#2940=EDGE_CURVE('',#2310,#2294,#1331,.T.);
#2941=EDGE_CURVE('',#2318,#2319,#1898,.T.);
#2942=EDGE_CURVE('',#2319,#2318,#1899,.T.);
#2943=EDGE_CURVE('',#2318,#2320,#1332,.T.);
#2944=EDGE_CURVE('',#2320,#2320,#1900,.T.);
#2945=EDGE_CURVE('',#2319,#2302,#1333,.T.);
#2946=EDGE_CURVE('',#2321,#2322,#1334,.T.);
#2947=EDGE_CURVE('',#2322,#2323,#1335,.T.);
#2948=EDGE_CURVE('',#2323,#2324,#1336,.T.);
#2949=EDGE_CURVE('',#2324,#2325,#1337,.T.);
#2950=EDGE_CURVE('',#2325,#2326,#1338,.T.);
#2951=EDGE_CURVE('',#2326,#2321,#1339,.T.);
#2952=EDGE_CURVE('',#2306,#2327,#1340,.T.);
#2953=EDGE_CURVE('',#2327,#2327,#1901,.T.);
#2954=EDGE_CURVE('',#2328,#2329,#54,.T.);
#2955=EDGE_CURVE('',#2328,#2326,#1341,.T.);
#2956=EDGE_CURVE('',#2329,#2325,#1342,.T.);
#2957=EDGE_CURVE('',#2329,#2330,#55,.T.);
#2958=EDGE_CURVE('',#2330,#2324,#1343,.T.);
#2959=EDGE_CURVE('',#2331,#2328,#56,.T.);
#2960=EDGE_CURVE('',#2321,#2331,#1344,.T.);
#2961=EDGE_CURVE('',#2330,#2332,#57,.T.);
#2962=EDGE_CURVE('',#2332,#2323,#1345,.T.);
#2963=EDGE_CURVE('',#2333,#2331,#58,.T.);
#2964=EDGE_CURVE('',#2333,#2322,#1346,.T.);
#2965=EDGE_CURVE('',#2332,#2333,#59,.T.);
#2966=EDGE_CURVE('',#2334,#2328,#1347,.T.);
#2967=EDGE_CURVE('',#2335,#2336,#1902,.T.);
#2968=EDGE_CURVE('',#2336,#2335,#1903,.T.);
#2969=EDGE_CURVE('',#2335,#2337,#1348,.T.);
#2970=EDGE_CURVE('',#2337,#2337,#1904,.T.);
#2971=EDGE_CURVE('',#2336,#2300,#1349,.T.);
#2972=EDGE_CURVE('',#2338,#2339,#1350,.T.);
#2973=EDGE_CURVE('',#2339,#2340,#1351,.T.);
#2974=EDGE_CURVE('',#2340,#2341,#1352,.T.);
#2975=EDGE_CURVE('',#2341,#2342,#1353,.T.);
#2976=EDGE_CURVE('',#2342,#2343,#1354,.T.);
#2977=EDGE_CURVE('',#2343,#2338,#1355,.T.);
#2978=EDGE_CURVE('',#2292,#2344,#1356,.T.);
#2979=EDGE_CURVE('',#2344,#2344,#1905,.T.);
#2980=EDGE_CURVE('',#2345,#2346,#60,.T.);
#2981=EDGE_CURVE('',#2345,#2343,#1357,.T.);
#2982=EDGE_CURVE('',#2346,#2342,#1358,.T.);
#2983=EDGE_CURVE('',#2346,#2347,#61,.T.);
#2984=EDGE_CURVE('',#2347,#2341,#1359,.T.);
#2985=EDGE_CURVE('',#2348,#2345,#62,.T.);
#2986=EDGE_CURVE('',#2338,#2348,#1360,.T.);
#2987=EDGE_CURVE('',#2347,#2349,#63,.T.);
#2988=EDGE_CURVE('',#2349,#2340,#1361,.T.);
#2989=EDGE_CURVE('',#2350,#2348,#64,.T.);
#2990=EDGE_CURVE('',#2350,#2339,#1362,.T.);
#2991=EDGE_CURVE('',#2349,#2350,#65,.T.);
#2992=EDGE_CURVE('',#2351,#2345,#1363,.T.);
#2993=ORIENTED_EDGE('',*,*,#2352,.F.);
#2994=ORIENTED_EDGE('',*,*,#2353,.T.);
#2995=ORIENTED_EDGE('',*,*,#2354,.F.);
#2996=ORIENTED_EDGE('',*,*,#2353,.F.);
#2997=ORIENTED_EDGE('',*,*,#2355,.F.);
#2998=ORIENTED_EDGE('',*,*,#2356,.F.);
#2999=ORIENTED_EDGE('',*,*,#2357,.F.);
#3000=ORIENTED_EDGE('',*,*,#2354,.T.);
#3001=ORIENTED_EDGE('',*,*,#2352,.T.);
#3002=ORIENTED_EDGE('',*,*,#2358,.F.);
#3003=ORIENTED_EDGE('',*,*,#2359,.T.);
#3004=ORIENTED_EDGE('',*,*,#2360,.T.);
#3005=ORIENTED_EDGE('',*,*,#2361,.T.);
#3006=ORIENTED_EDGE('',*,*,#2362,.F.);
#3007=ORIENTED_EDGE('',*,*,#2363,.T.);
#3008=ORIENTED_EDGE('',*,*,#2364,.F.);
#3009=ORIENTED_EDGE('',*,*,#2363,.F.);
#3010=ORIENTED_EDGE('',*,*,#2365,.F.);
#3011=ORIENTED_EDGE('',*,*,#2366,.T.);
#3012=ORIENTED_EDGE('',*,*,#2367,.T.);
#3013=ORIENTED_EDGE('',*,*,#2359,.F.);
#3014=ORIENTED_EDGE('',*,*,#2355,.T.);
#3015=ORIENTED_EDGE('',*,*,#2358,.T.);
#3016=ORIENTED_EDGE('',*,*,#2368,.F.);
#3017=ORIENTED_EDGE('',*,*,#2369,.T.);
#3018=ORIENTED_EDGE('',*,*,#2370,.F.);
#3019=ORIENTED_EDGE('',*,*,#2369,.F.);
#3020=ORIENTED_EDGE('',*,*,#2371,.F.);
#3021=ORIENTED_EDGE('',*,*,#2364,.T.);
#3022=ORIENTED_EDGE('',*,*,#2366,.F.);
#3023=ORIENTED_EDGE('',*,*,#2372,.F.);
#3024=ORIENTED_EDGE('',*,*,#2361,.F.);
#3025=ORIENTED_EDGE('',*,*,#2373,.T.);
#3026=ORIENTED_EDGE('',*,*,#2374,.T.);
#3027=ORIENTED_EDGE('',*,*,#2375,.T.);
#3028=ORIENTED_EDGE('',*,*,#2376,.T.);
#3029=ORIENTED_EDGE('',*,*,#2377,.T.);
#3030=ORIENTED_EDGE('',*,*,#2378,.F.);
#3031=ORIENTED_EDGE('',*,*,#2379,.F.);
#3032=ORIENTED_EDGE('',*,*,#2380,.T.);
#3033=ORIENTED_EDGE('',*,*,#2376,.F.);
#3034=ORIENTED_EDGE('',*,*,#2371,.T.);
#3035=ORIENTED_EDGE('',*,*,#2368,.T.);
#3036=ORIENTED_EDGE('',*,*,#2367,.F.);
#3037=ORIENTED_EDGE('',*,*,#2377,.F.);
#3038=ORIENTED_EDGE('',*,*,#2380,.F.);
#3039=ORIENTED_EDGE('',*,*,#2381,.F.);
#3040=ORIENTED_EDGE('',*,*,#2382,.T.);
#3041=ORIENTED_EDGE('',*,*,#2373,.F.);
#3042=ORIENTED_EDGE('',*,*,#2360,.F.);
#3043=ORIENTED_EDGE('',*,*,#2382,.F.);
#3044=ORIENTED_EDGE('',*,*,#2383,.F.);
#3045=ORIENTED_EDGE('',*,*,#2384,.F.);
#3046=ORIENTED_EDGE('',*,*,#2374,.F.);
#3047=ORIENTED_EDGE('',*,*,#2384,.T.);
#3048=ORIENTED_EDGE('',*,*,#2385,.F.);
#3049=ORIENTED_EDGE('',*,*,#2378,.T.);
#3050=ORIENTED_EDGE('',*,*,#2375,.F.);
#3051=ORIENTED_EDGE('',*,*,#2370,.T.);
#3052=ORIENTED_EDGE('',*,*,#2385,.T.);
#3053=ORIENTED_EDGE('',*,*,#2383,.T.);
#3054=ORIENTED_EDGE('',*,*,#2381,.T.);
#3055=ORIENTED_EDGE('',*,*,#2379,.T.);
#3056=ORIENTED_EDGE('',*,*,#2372,.T.);
#3057=ORIENTED_EDGE('',*,*,#2365,.T.);
#3058=ORIENTED_EDGE('',*,*,#2362,.T.);
#3059=ORIENTED_EDGE('',*,*,#2386,.F.);
#3060=ORIENTED_EDGE('',*,*,#2387,.T.);
#3061=ORIENTED_EDGE('',*,*,#2387,.F.);
#3062=ORIENTED_EDGE('',*,*,#2388,.T.);
#3063=ORIENTED_EDGE('',*,*,#2389,.T.);
#3064=ORIENTED_EDGE('',*,*,#2390,.F.);
#3065=ORIENTED_EDGE('',*,*,#2391,.T.);
#3066=ORIENTED_EDGE('',*,*,#2392,.F.);
#3067=ORIENTED_EDGE('',*,*,#2391,.F.);
#3068=ORIENTED_EDGE('',*,*,#2393,.F.);
#3069=ORIENTED_EDGE('',*,*,#2394,.T.);
#3070=ORIENTED_EDGE('',*,*,#2395,.T.);
#3071=ORIENTED_EDGE('',*,*,#2356,.T.);
#3072=ORIENTED_EDGE('',*,*,#2386,.T.);
#3073=ORIENTED_EDGE('',*,*,#2396,.F.);
#3074=ORIENTED_EDGE('',*,*,#2397,.T.);
#3075=ORIENTED_EDGE('',*,*,#2398,.F.);
#3076=ORIENTED_EDGE('',*,*,#2397,.F.);
#3077=ORIENTED_EDGE('',*,*,#2399,.F.);
#3078=ORIENTED_EDGE('',*,*,#2392,.T.);
#3079=ORIENTED_EDGE('',*,*,#2394,.F.);
#3080=ORIENTED_EDGE('',*,*,#2400,.F.);
#3081=ORIENTED_EDGE('',*,*,#2389,.F.);
#3082=ORIENTED_EDGE('',*,*,#2401,.T.);
#3083=ORIENTED_EDGE('',*,*,#2402,.T.);
#3084=ORIENTED_EDGE('',*,*,#2403,.T.);
#3085=ORIENTED_EDGE('',*,*,#2404,.T.);
#3086=ORIENTED_EDGE('',*,*,#2405,.T.);
#3087=ORIENTED_EDGE('',*,*,#2406,.F.);
#3088=ORIENTED_EDGE('',*,*,#2407,.F.);
#3089=ORIENTED_EDGE('',*,*,#2408,.T.);
#3090=ORIENTED_EDGE('',*,*,#2404,.F.);
#3091=ORIENTED_EDGE('',*,*,#2399,.T.);
#3092=ORIENTED_EDGE('',*,*,#2396,.T.);
#3093=ORIENTED_EDGE('',*,*,#2395,.F.);
#3094=ORIENTED_EDGE('',*,*,#2405,.F.);
#3095=ORIENTED_EDGE('',*,*,#2408,.F.);
#3096=ORIENTED_EDGE('',*,*,#2409,.F.);
#3097=ORIENTED_EDGE('',*,*,#2410,.T.);
#3098=ORIENTED_EDGE('',*,*,#2401,.F.);
#3099=ORIENTED_EDGE('',*,*,#2388,.F.);
#3100=ORIENTED_EDGE('',*,*,#2410,.F.);
#3101=ORIENTED_EDGE('',*,*,#2411,.F.);
#3102=ORIENTED_EDGE('',*,*,#2412,.F.);
#3103=ORIENTED_EDGE('',*,*,#2402,.F.);
#3104=ORIENTED_EDGE('',*,*,#2412,.T.);
#3105=ORIENTED_EDGE('',*,*,#2413,.F.);
#3106=ORIENTED_EDGE('',*,*,#2406,.T.);
#3107=ORIENTED_EDGE('',*,*,#2403,.F.);
#3108=ORIENTED_EDGE('',*,*,#2398,.T.);
#3109=ORIENTED_EDGE('',*,*,#2413,.T.);
#3110=ORIENTED_EDGE('',*,*,#2411,.T.);
#3111=ORIENTED_EDGE('',*,*,#2409,.T.);
#3112=ORIENTED_EDGE('',*,*,#2407,.T.);
#3113=ORIENTED_EDGE('',*,*,#2400,.T.);
#3114=ORIENTED_EDGE('',*,*,#2393,.T.);
#3115=ORIENTED_EDGE('',*,*,#2390,.T.);
#3116=ORIENTED_EDGE('',*,*,#2414,.F.);
#3117=ORIENTED_EDGE('',*,*,#2415,.F.);
#3118=ORIENTED_EDGE('',*,*,#2416,.F.);
#3119=ORIENTED_EDGE('',*,*,#2417,.F.);
#3120=ORIENTED_EDGE('',*,*,#2418,.F.);
#3121=ORIENTED_EDGE('',*,*,#2419,.F.);
#3122=ORIENTED_EDGE('',*,*,#2420,.F.);
#3123=ORIENTED_EDGE('',*,*,#2421,.F.);
#3124=ORIENTED_EDGE('',*,*,#2422,.F.);
#3125=ORIENTED_EDGE('',*,*,#2422,.T.);
#3126=ORIENTED_EDGE('',*,*,#2423,.T.);
#3127=ORIENTED_EDGE('',*,*,#2424,.T.);
#3128=ORIENTED_EDGE('',*,*,#2425,.T.);
#3129=ORIENTED_EDGE('',*,*,#2426,.T.);
#3130=ORIENTED_EDGE('',*,*,#2427,.T.);
#3131=ORIENTED_EDGE('',*,*,#2428,.T.);
#3132=ORIENTED_EDGE('',*,*,#2429,.T.);
#3133=ORIENTED_EDGE('',*,*,#2430,.F.);
#3134=ORIENTED_EDGE('',*,*,#2431,.F.);
#3135=ORIENTED_EDGE('',*,*,#2432,.F.);
#3136=ORIENTED_EDGE('',*,*,#2433,.F.);
#3137=ORIENTED_EDGE('',*,*,#2432,.T.);
#3138=ORIENTED_EDGE('',*,*,#2434,.F.);
#3139=ORIENTED_EDGE('',*,*,#2419,.T.);
#3140=ORIENTED_EDGE('',*,*,#2425,.F.);
#3141=ORIENTED_EDGE('',*,*,#2435,.T.);
#3142=ORIENTED_EDGE('',*,*,#2436,.F.);
#3143=ORIENTED_EDGE('',*,*,#2437,.T.);
#3144=ORIENTED_EDGE('',*,*,#2438,.F.);
#3145=ORIENTED_EDGE('',*,*,#2439,.T.);
#3146=ORIENTED_EDGE('',*,*,#2433,.T.);
#3147=ORIENTED_EDGE('',*,*,#2438,.T.);
#3148=ORIENTED_EDGE('',*,*,#2440,.T.);
#3149=ORIENTED_EDGE('',*,*,#2441,.T.);
#3150=ORIENTED_EDGE('',*,*,#2435,.F.);
#3151=ORIENTED_EDGE('',*,*,#2424,.F.);
#3152=ORIENTED_EDGE('',*,*,#2442,.F.);
#3153=ORIENTED_EDGE('',*,*,#2443,.F.);
#3154=ORIENTED_EDGE('',*,*,#2443,.T.);
#3155=ORIENTED_EDGE('',*,*,#2444,.T.);
#3156=ORIENTED_EDGE('',*,*,#2445,.T.);
#3157=ORIENTED_EDGE('',*,*,#2436,.T.);
#3158=ORIENTED_EDGE('',*,*,#2446,.F.);
#3159=ORIENTED_EDGE('',*,*,#2440,.F.);
#3160=ORIENTED_EDGE('',*,*,#2437,.F.);
#3161=ORIENTED_EDGE('',*,*,#2445,.F.);
#3162=ORIENTED_EDGE('',*,*,#2430,.T.);
#3163=ORIENTED_EDGE('',*,*,#2441,.F.);
#3164=ORIENTED_EDGE('',*,*,#2446,.T.);
#3165=ORIENTED_EDGE('',*,*,#2444,.F.);
#3166=ORIENTED_EDGE('',*,*,#2442,.T.);
#3167=ORIENTED_EDGE('',*,*,#2423,.F.);
#3168=ORIENTED_EDGE('',*,*,#2421,.T.);
#3169=ORIENTED_EDGE('',*,*,#2447,.F.);
#3170=ORIENTED_EDGE('',*,*,#2448,.T.);
#3171=ORIENTED_EDGE('',*,*,#2420,.T.);
#3172=ORIENTED_EDGE('',*,*,#2434,.T.);
#3173=ORIENTED_EDGE('',*,*,#2431,.T.);
#3174=ORIENTED_EDGE('',*,*,#2447,.T.);
#3175=ORIENTED_EDGE('',*,*,#2428,.F.);
#3176=ORIENTED_EDGE('',*,*,#2449,.F.);
#3177=ORIENTED_EDGE('',*,*,#2450,.T.);
#3178=ORIENTED_EDGE('',*,*,#2451,.T.);
#3179=ORIENTED_EDGE('',*,*,#2417,.T.);
#3180=ORIENTED_EDGE('',*,*,#2452,.F.);
#3181=ORIENTED_EDGE('',*,*,#2429,.F.);
#3182=ORIENTED_EDGE('',*,*,#2452,.T.);
#3183=ORIENTED_EDGE('',*,*,#2416,.T.);
#3184=ORIENTED_EDGE('',*,*,#2453,.F.);
#3185=ORIENTED_EDGE('',*,*,#2426,.F.);
#3186=ORIENTED_EDGE('',*,*,#2453,.T.);
#3187=ORIENTED_EDGE('',*,*,#2415,.T.);
#3188=ORIENTED_EDGE('',*,*,#2454,.F.);
#3189=ORIENTED_EDGE('',*,*,#2455,.T.);
#3190=ORIENTED_EDGE('',*,*,#2456,.T.);
#3191=ORIENTED_EDGE('',*,*,#2427,.F.);
#3192=ORIENTED_EDGE('',*,*,#2456,.F.);
#3193=ORIENTED_EDGE('',*,*,#2457,.T.);
#3194=ORIENTED_EDGE('',*,*,#2449,.T.);
#3195=ORIENTED_EDGE('',*,*,#2458,.T.);
#3196=ORIENTED_EDGE('',*,*,#2454,.T.);
#3197=ORIENTED_EDGE('',*,*,#2414,.T.);
#3198=ORIENTED_EDGE('',*,*,#2451,.F.);
#3199=ORIENTED_EDGE('',*,*,#2439,.F.);
#3200=ORIENTED_EDGE('',*,*,#2459,.T.);
#3201=ORIENTED_EDGE('',*,*,#2460,.T.);
#3202=ORIENTED_EDGE('',*,*,#2459,.F.);
#3203=ORIENTED_EDGE('',*,*,#2461,.T.);
#3204=ORIENTED_EDGE('',*,*,#2462,.T.);
#3205=ORIENTED_EDGE('',*,*,#2463,.T.);
#3206=ORIENTED_EDGE('',*,*,#2448,.F.);
#3207=ORIENTED_EDGE('',*,*,#2463,.F.);
#3208=ORIENTED_EDGE('',*,*,#2460,.F.);
#3209=ORIENTED_EDGE('',*,*,#2461,.F.);
#3210=ORIENTED_EDGE('',*,*,#2464,.F.);
#3211=ORIENTED_EDGE('',*,*,#2465,.F.);
#3212=ORIENTED_EDGE('',*,*,#2466,.F.);
#3213=ORIENTED_EDGE('',*,*,#2467,.F.);
#3214=ORIENTED_EDGE('',*,*,#2464,.T.);
#3215=ORIENTED_EDGE('',*,*,#2462,.F.);
#3216=ORIENTED_EDGE('',*,*,#2468,.F.);
#3217=ORIENTED_EDGE('',*,*,#2469,.T.);
#3218=ORIENTED_EDGE('',*,*,#2470,.F.);
#3219=ORIENTED_EDGE('',*,*,#2469,.F.);
#3220=ORIENTED_EDGE('',*,*,#2357,.T.);
#3221=ORIENTED_EDGE('',*,*,#2471,.T.);
#3222=ORIENTED_EDGE('',*,*,#2472,.T.);
#3223=ORIENTED_EDGE('',*,*,#2473,.T.);
#3224=ORIENTED_EDGE('',*,*,#2474,.T.);
#3225=ORIENTED_EDGE('',*,*,#2475,.T.);
#3226=ORIENTED_EDGE('',*,*,#2473,.F.);
#3227=ORIENTED_EDGE('',*,*,#2476,.F.);
#3228=ORIENTED_EDGE('',*,*,#2477,.F.);
#3229=ORIENTED_EDGE('',*,*,#2478,.F.);
#3230=ORIENTED_EDGE('',*,*,#2479,.F.);
#3231=ORIENTED_EDGE('',*,*,#2480,.F.);
#3232=ORIENTED_EDGE('',*,*,#2481,.F.);
#3233=ORIENTED_EDGE('',*,*,#2482,.F.);
#3234=ORIENTED_EDGE('',*,*,#2483,.T.);
#3235=ORIENTED_EDGE('',*,*,#2484,.T.);
#3236=ORIENTED_EDGE('',*,*,#2485,.T.);
#3237=ORIENTED_EDGE('',*,*,#2486,.T.);
#3238=ORIENTED_EDGE('',*,*,#2485,.F.);
#3239=ORIENTED_EDGE('',*,*,#2487,.T.);
#3240=ORIENTED_EDGE('',*,*,#2488,.F.);
#3241=ORIENTED_EDGE('',*,*,#2489,.T.);
#3242=ORIENTED_EDGE('',*,*,#2490,.F.);
#3243=ORIENTED_EDGE('',*,*,#2476,.T.);
#3244=ORIENTED_EDGE('',*,*,#2472,.F.);
#3245=ORIENTED_EDGE('',*,*,#2491,.T.);
#3246=ORIENTED_EDGE('',*,*,#2492,.F.);
#3247=ORIENTED_EDGE('',*,*,#2484,.F.);
#3248=ORIENTED_EDGE('',*,*,#2493,.F.);
#3249=ORIENTED_EDGE('',*,*,#2494,.F.);
#3250=ORIENTED_EDGE('',*,*,#2487,.F.);
#3251=ORIENTED_EDGE('',*,*,#2490,.T.);
#3252=ORIENTED_EDGE('',*,*,#2495,.T.);
#3253=ORIENTED_EDGE('',*,*,#2496,.T.);
#3254=ORIENTED_EDGE('',*,*,#2477,.T.);
#3255=ORIENTED_EDGE('',*,*,#2495,.F.);
#3256=ORIENTED_EDGE('',*,*,#2489,.F.);
#3257=ORIENTED_EDGE('',*,*,#2497,.F.);
#3258=ORIENTED_EDGE('',*,*,#2498,.F.);
#3259=ORIENTED_EDGE('',*,*,#2499,.T.);
#3260=ORIENTED_EDGE('',*,*,#2497,.T.);
#3261=ORIENTED_EDGE('',*,*,#2488,.T.);
#3262=ORIENTED_EDGE('',*,*,#2494,.T.);
#3263=ORIENTED_EDGE('',*,*,#2483,.F.);
#3264=ORIENTED_EDGE('',*,*,#2500,.T.);
#3265=ORIENTED_EDGE('',*,*,#2474,.F.);
#3266=ORIENTED_EDGE('',*,*,#2478,.T.);
#3267=ORIENTED_EDGE('',*,*,#2496,.F.);
#3268=ORIENTED_EDGE('',*,*,#2498,.T.);
#3269=ORIENTED_EDGE('',*,*,#2499,.F.);
#3270=ORIENTED_EDGE('',*,*,#2493,.T.);
#3271=ORIENTED_EDGE('',*,*,#2501,.F.);
#3272=ORIENTED_EDGE('',*,*,#2475,.F.);
#3273=ORIENTED_EDGE('',*,*,#2500,.F.);
#3274=ORIENTED_EDGE('',*,*,#2486,.F.);
#3275=ORIENTED_EDGE('',*,*,#2491,.F.);
#3276=ORIENTED_EDGE('',*,*,#2481,.T.);
#3277=ORIENTED_EDGE('',*,*,#2502,.T.);
#3278=ORIENTED_EDGE('',*,*,#2503,.F.);
#3279=ORIENTED_EDGE('',*,*,#2504,.F.);
#3280=ORIENTED_EDGE('',*,*,#2505,.F.);
#3281=ORIENTED_EDGE('',*,*,#2506,.T.);
#3282=ORIENTED_EDGE('',*,*,#2480,.T.);
#3283=ORIENTED_EDGE('',*,*,#2507,.T.);
#3284=ORIENTED_EDGE('',*,*,#2508,.F.);
#3285=ORIENTED_EDGE('',*,*,#2502,.F.);
#3286=ORIENTED_EDGE('',*,*,#2509,.T.);
#3287=ORIENTED_EDGE('',*,*,#2503,.T.);
#3288=ORIENTED_EDGE('',*,*,#2508,.T.);
#3289=ORIENTED_EDGE('',*,*,#2510,.T.);
#3290=ORIENTED_EDGE('',*,*,#2511,.F.);
#3291=ORIENTED_EDGE('',*,*,#2479,.T.);
#3292=ORIENTED_EDGE('',*,*,#2512,.F.);
#3293=ORIENTED_EDGE('',*,*,#2513,.F.);
#3294=ORIENTED_EDGE('',*,*,#2514,.T.);
#3295=ORIENTED_EDGE('',*,*,#2510,.F.);
#3296=ORIENTED_EDGE('',*,*,#2507,.F.);
#3297=ORIENTED_EDGE('',*,*,#2482,.T.);
#3298=ORIENTED_EDGE('',*,*,#2506,.F.);
#3299=ORIENTED_EDGE('',*,*,#2515,.F.);
#3300=ORIENTED_EDGE('',*,*,#2512,.T.);
#3301=ORIENTED_EDGE('',*,*,#2516,.F.);
#3302=ORIENTED_EDGE('',*,*,#2504,.T.);
#3303=ORIENTED_EDGE('',*,*,#2509,.F.);
#3304=ORIENTED_EDGE('',*,*,#2514,.F.);
#3305=ORIENTED_EDGE('',*,*,#2516,.T.);
#3306=ORIENTED_EDGE('',*,*,#2513,.T.);
#3307=ORIENTED_EDGE('',*,*,#2515,.T.);
#3308=ORIENTED_EDGE('',*,*,#2505,.T.);
#3309=ORIENTED_EDGE('',*,*,#2517,.T.);
#3310=ORIENTED_EDGE('',*,*,#2511,.T.);
#3311=ORIENTED_EDGE('',*,*,#2518,.T.);
#3312=ORIENTED_EDGE('',*,*,#2517,.F.);
#3313=ORIENTED_EDGE('',*,*,#2518,.F.);
#3314=ORIENTED_EDGE('',*,*,#2519,.F.);
#3315=ORIENTED_EDGE('',*,*,#2520,.T.);
#3316=ORIENTED_EDGE('',*,*,#2492,.T.);
#3317=ORIENTED_EDGE('',*,*,#2520,.F.);
#3318=ORIENTED_EDGE('',*,*,#2501,.T.);
#3319=ORIENTED_EDGE('',*,*,#2521,.T.);
#3320=ORIENTED_EDGE('',*,*,#2522,.F.);
#3321=ORIENTED_EDGE('',*,*,#2523,.F.);
#3322=ORIENTED_EDGE('',*,*,#2521,.F.);
#3323=ORIENTED_EDGE('',*,*,#2519,.T.);
#3324=ORIENTED_EDGE('',*,*,#2523,.T.);
#3325=ORIENTED_EDGE('',*,*,#2522,.T.);
#3326=ORIENTED_EDGE('',*,*,#2524,.F.);
#3327=ORIENTED_EDGE('',*,*,#2525,.T.);
#3328=ORIENTED_EDGE('',*,*,#2526,.T.);
#3329=ORIENTED_EDGE('',*,*,#2527,.T.);
#3330=ORIENTED_EDGE('',*,*,#2524,.T.);
#3331=ORIENTED_EDGE('',*,*,#2525,.F.);
#3332=ORIENTED_EDGE('',*,*,#2527,.F.);
#3333=ORIENTED_EDGE('',*,*,#2526,.F.);
#3334=ORIENTED_EDGE('',*,*,#2528,.T.);
#3335=ORIENTED_EDGE('',*,*,#2466,.T.);
#3336=ORIENTED_EDGE('',*,*,#2465,.T.);
#3337=ORIENTED_EDGE('',*,*,#2467,.T.);
#3338=ORIENTED_EDGE('',*,*,#2528,.F.);
#3339=ORIENTED_EDGE('',*,*,#2471,.F.);
#3340=ORIENTED_EDGE('',*,*,#2468,.T.);
#3341=ORIENTED_EDGE('',*,*,#2470,.T.);
#3342=ORIENTED_EDGE('',*,*,#2418,.T.);
#3343=ORIENTED_EDGE('',*,*,#2529,.T.);
#3344=ORIENTED_EDGE('',*,*,#2530,.F.);
#3345=ORIENTED_EDGE('',*,*,#2529,.F.);
#3346=ORIENTED_EDGE('',*,*,#2530,.T.);
#3347=ORIENTED_EDGE('',*,*,#2458,.F.);
#3348=ORIENTED_EDGE('',*,*,#2450,.F.);
#3349=ORIENTED_EDGE('',*,*,#2457,.F.);
#3350=ORIENTED_EDGE('',*,*,#2455,.F.);
#3351=ORIENTED_EDGE('',*,*,#2531,.F.);
#3352=ORIENTED_EDGE('',*,*,#2532,.F.);
#3353=ORIENTED_EDGE('',*,*,#2533,.T.);
#3354=ORIENTED_EDGE('',*,*,#2534,.F.);
#3355=ORIENTED_EDGE('',*,*,#2535,.F.);
#3356=ORIENTED_EDGE('',*,*,#2533,.F.);
#3357=ORIENTED_EDGE('',*,*,#2536,.F.);
#3358=ORIENTED_EDGE('',*,*,#2537,.F.);
#3359=ORIENTED_EDGE('',*,*,#2538,.F.);
#3360=ORIENTED_EDGE('',*,*,#2539,.F.);
#3361=ORIENTED_EDGE('',*,*,#2540,.F.);
#3362=ORIENTED_EDGE('',*,*,#2541,.T.);
#3363=ORIENTED_EDGE('',*,*,#2542,.F.);
#3364=ORIENTED_EDGE('',*,*,#2541,.F.);
#3365=ORIENTED_EDGE('',*,*,#2543,.F.);
#3366=ORIENTED_EDGE('',*,*,#2544,.F.);
#3367=ORIENTED_EDGE('',*,*,#2545,.F.);
#3368=ORIENTED_EDGE('',*,*,#2546,.F.);
#3369=ORIENTED_EDGE('',*,*,#2531,.T.);
#3370=ORIENTED_EDGE('',*,*,#2532,.T.);
#3371=ORIENTED_EDGE('',*,*,#2547,.T.);
#3372=ORIENTED_EDGE('',*,*,#2548,.T.);
#3373=ORIENTED_EDGE('',*,*,#2547,.F.);
#3374=ORIENTED_EDGE('',*,*,#2548,.F.);
#3375=ORIENTED_EDGE('',*,*,#2549,.T.);
#3376=ORIENTED_EDGE('',*,*,#2550,.F.);
#3377=ORIENTED_EDGE('',*,*,#2551,.F.);
#3378=ORIENTED_EDGE('',*,*,#2549,.F.);
#3379=ORIENTED_EDGE('',*,*,#2552,.F.);
#3380=ORIENTED_EDGE('',*,*,#2553,.F.);
#3381=ORIENTED_EDGE('',*,*,#2554,.F.);
#3382=ORIENTED_EDGE('',*,*,#2555,.F.);
#3383=ORIENTED_EDGE('',*,*,#2556,.T.);
#3384=ORIENTED_EDGE('',*,*,#2557,.T.);
#3385=ORIENTED_EDGE('',*,*,#2558,.T.);
#3386=ORIENTED_EDGE('',*,*,#2557,.F.);
#3387=ORIENTED_EDGE('',*,*,#2559,.F.);
#3388=ORIENTED_EDGE('',*,*,#2558,.F.);
#3389=ORIENTED_EDGE('',*,*,#2556,.F.);
#3390=ORIENTED_EDGE('',*,*,#2560,.T.);
#3391=ORIENTED_EDGE('',*,*,#2537,.T.);
#3392=ORIENTED_EDGE('',*,*,#2536,.T.);
#3393=ORIENTED_EDGE('',*,*,#2560,.F.);
#3394=ORIENTED_EDGE('',*,*,#2542,.T.);
#3395=ORIENTED_EDGE('',*,*,#2561,.T.);
#3396=ORIENTED_EDGE('',*,*,#2559,.T.);
#3397=ORIENTED_EDGE('',*,*,#2561,.F.);
#3398=ORIENTED_EDGE('',*,*,#2562,.T.);
#3399=ORIENTED_EDGE('',*,*,#2563,.T.);
#3400=ORIENTED_EDGE('',*,*,#2564,.T.);
#3401=ORIENTED_EDGE('',*,*,#2565,.T.);
#3402=ORIENTED_EDGE('',*,*,#2564,.F.);
#3403=ORIENTED_EDGE('',*,*,#2566,.F.);
#3404=ORIENTED_EDGE('',*,*,#2565,.F.);
#3405=ORIENTED_EDGE('',*,*,#2554,.T.);
#3406=ORIENTED_EDGE('',*,*,#2567,.T.);
#3407=ORIENTED_EDGE('',*,*,#2562,.F.);
#3408=ORIENTED_EDGE('',*,*,#2563,.F.);
#3409=ORIENTED_EDGE('',*,*,#2567,.F.);
#3410=ORIENTED_EDGE('',*,*,#2555,.T.);
#3411=ORIENTED_EDGE('',*,*,#2540,.T.);
#3412=ORIENTED_EDGE('',*,*,#2568,.T.);
#3413=ORIENTED_EDGE('',*,*,#2566,.T.);
#3414=ORIENTED_EDGE('',*,*,#2568,.F.);
#3415=ORIENTED_EDGE('',*,*,#2538,.T.);
#3416=ORIENTED_EDGE('',*,*,#2569,.T.);
#3417=ORIENTED_EDGE('',*,*,#2553,.T.);
#3418=ORIENTED_EDGE('',*,*,#2552,.T.);
#3419=ORIENTED_EDGE('',*,*,#2569,.F.);
#3420=ORIENTED_EDGE('',*,*,#2539,.T.);
#3421=ORIENTED_EDGE('',*,*,#2570,.T.);
#3422=ORIENTED_EDGE('',*,*,#2571,.T.);
#3423=ORIENTED_EDGE('',*,*,#2572,.T.);
#3424=ORIENTED_EDGE('',*,*,#2573,.T.);
#3425=ORIENTED_EDGE('',*,*,#2572,.F.);
#3426=ORIENTED_EDGE('',*,*,#2570,.F.);
#3427=ORIENTED_EDGE('',*,*,#2571,.F.);
#3428=ORIENTED_EDGE('',*,*,#2574,.T.);
#3429=ORIENTED_EDGE('',*,*,#2546,.T.);
#3430=ORIENTED_EDGE('',*,*,#2545,.T.);
#3431=ORIENTED_EDGE('',*,*,#2574,.F.);
#3432=ORIENTED_EDGE('',*,*,#2573,.F.);
#3433=ORIENTED_EDGE('',*,*,#2575,.T.);
#3434=ORIENTED_EDGE('',*,*,#2576,.T.);
#3435=ORIENTED_EDGE('',*,*,#2577,.T.);
#3436=ORIENTED_EDGE('',*,*,#2578,.T.);
#3437=ORIENTED_EDGE('',*,*,#2579,.T.);
#3438=ORIENTED_EDGE('',*,*,#2580,.T.);
#3439=ORIENTED_EDGE('',*,*,#2551,.T.);
#3440=ORIENTED_EDGE('',*,*,#2581,.T.);
#3441=ORIENTED_EDGE('',*,*,#2582,.T.);
#3442=ORIENTED_EDGE('',*,*,#2581,.F.);
#3443=ORIENTED_EDGE('',*,*,#2550,.T.);
#3444=ORIENTED_EDGE('',*,*,#2582,.F.);
#3445=ORIENTED_EDGE('',*,*,#2583,.F.);
#3446=ORIENTED_EDGE('',*,*,#2584,.T.);
#3447=ORIENTED_EDGE('',*,*,#2579,.F.);
#3448=ORIENTED_EDGE('',*,*,#2585,.F.);
#3449=ORIENTED_EDGE('',*,*,#2586,.F.);
#3450=ORIENTED_EDGE('',*,*,#2585,.T.);
#3451=ORIENTED_EDGE('',*,*,#2578,.F.);
#3452=ORIENTED_EDGE('',*,*,#2587,.F.);
#3453=ORIENTED_EDGE('',*,*,#2588,.F.);
#3454=ORIENTED_EDGE('',*,*,#2589,.F.);
#3455=ORIENTED_EDGE('',*,*,#2580,.F.);
#3456=ORIENTED_EDGE('',*,*,#2584,.F.);
#3457=ORIENTED_EDGE('',*,*,#2590,.F.);
#3458=ORIENTED_EDGE('',*,*,#2587,.T.);
#3459=ORIENTED_EDGE('',*,*,#2577,.F.);
#3460=ORIENTED_EDGE('',*,*,#2591,.F.);
#3461=ORIENTED_EDGE('',*,*,#2592,.F.);
#3462=ORIENTED_EDGE('',*,*,#2593,.T.);
#3463=ORIENTED_EDGE('',*,*,#2575,.F.);
#3464=ORIENTED_EDGE('',*,*,#2589,.T.);
#3465=ORIENTED_EDGE('',*,*,#2594,.F.);
#3466=ORIENTED_EDGE('',*,*,#2591,.T.);
#3467=ORIENTED_EDGE('',*,*,#2576,.F.);
#3468=ORIENTED_EDGE('',*,*,#2593,.F.);
#3469=ORIENTED_EDGE('',*,*,#2595,.T.);
#3470=ORIENTED_EDGE('',*,*,#2583,.T.);
#3471=ORIENTED_EDGE('',*,*,#2586,.T.);
#3472=ORIENTED_EDGE('',*,*,#2590,.T.);
#3473=ORIENTED_EDGE('',*,*,#2594,.T.);
#3474=ORIENTED_EDGE('',*,*,#2592,.T.);
#3475=ORIENTED_EDGE('',*,*,#2588,.T.);
#3476=ORIENTED_EDGE('',*,*,#2595,.F.);
#3477=ORIENTED_EDGE('',*,*,#2596,.T.);
#3478=ORIENTED_EDGE('',*,*,#2597,.T.);
#3479=ORIENTED_EDGE('',*,*,#2598,.T.);
#3480=ORIENTED_EDGE('',*,*,#2599,.T.);
#3481=ORIENTED_EDGE('',*,*,#2598,.F.);
#3482=ORIENTED_EDGE('',*,*,#2596,.F.);
#3483=ORIENTED_EDGE('',*,*,#2597,.F.);
#3484=ORIENTED_EDGE('',*,*,#2600,.T.);
#3485=ORIENTED_EDGE('',*,*,#2544,.T.);
#3486=ORIENTED_EDGE('',*,*,#2543,.T.);
#3487=ORIENTED_EDGE('',*,*,#2600,.F.);
#3488=ORIENTED_EDGE('',*,*,#2599,.F.);
#3489=ORIENTED_EDGE('',*,*,#2601,.T.);
#3490=ORIENTED_EDGE('',*,*,#2602,.T.);
#3491=ORIENTED_EDGE('',*,*,#2603,.T.);
#3492=ORIENTED_EDGE('',*,*,#2604,.T.);
#3493=ORIENTED_EDGE('',*,*,#2605,.T.);
#3494=ORIENTED_EDGE('',*,*,#2606,.T.);
#3495=ORIENTED_EDGE('',*,*,#2535,.T.);
#3496=ORIENTED_EDGE('',*,*,#2607,.T.);
#3497=ORIENTED_EDGE('',*,*,#2608,.T.);
#3498=ORIENTED_EDGE('',*,*,#2607,.F.);
#3499=ORIENTED_EDGE('',*,*,#2534,.T.);
#3500=ORIENTED_EDGE('',*,*,#2608,.F.);
#3501=ORIENTED_EDGE('',*,*,#2609,.F.);
#3502=ORIENTED_EDGE('',*,*,#2610,.T.);
#3503=ORIENTED_EDGE('',*,*,#2605,.F.);
#3504=ORIENTED_EDGE('',*,*,#2611,.F.);
#3505=ORIENTED_EDGE('',*,*,#2612,.F.);
#3506=ORIENTED_EDGE('',*,*,#2611,.T.);
#3507=ORIENTED_EDGE('',*,*,#2604,.F.);
#3508=ORIENTED_EDGE('',*,*,#2613,.F.);
#3509=ORIENTED_EDGE('',*,*,#2614,.F.);
#3510=ORIENTED_EDGE('',*,*,#2615,.F.);
#3511=ORIENTED_EDGE('',*,*,#2606,.F.);
#3512=ORIENTED_EDGE('',*,*,#2610,.F.);
#3513=ORIENTED_EDGE('',*,*,#2616,.F.);
#3514=ORIENTED_EDGE('',*,*,#2613,.T.);
#3515=ORIENTED_EDGE('',*,*,#2603,.F.);
#3516=ORIENTED_EDGE('',*,*,#2617,.F.);
#3517=ORIENTED_EDGE('',*,*,#2618,.F.);
#3518=ORIENTED_EDGE('',*,*,#2619,.T.);
#3519=ORIENTED_EDGE('',*,*,#2601,.F.);
#3520=ORIENTED_EDGE('',*,*,#2615,.T.);
#3521=ORIENTED_EDGE('',*,*,#2620,.F.);
#3522=ORIENTED_EDGE('',*,*,#2617,.T.);
#3523=ORIENTED_EDGE('',*,*,#2602,.F.);
#3524=ORIENTED_EDGE('',*,*,#2619,.F.);
#3525=ORIENTED_EDGE('',*,*,#2621,.T.);
#3526=ORIENTED_EDGE('',*,*,#2609,.T.);
#3527=ORIENTED_EDGE('',*,*,#2612,.T.);
#3528=ORIENTED_EDGE('',*,*,#2616,.T.);
#3529=ORIENTED_EDGE('',*,*,#2620,.T.);
#3530=ORIENTED_EDGE('',*,*,#2618,.T.);
#3531=ORIENTED_EDGE('',*,*,#2614,.T.);
#3532=ORIENTED_EDGE('',*,*,#2621,.F.);
#3533=ORIENTED_EDGE('',*,*,#2622,.F.);
#3534=ORIENTED_EDGE('',*,*,#2623,.F.);
#3535=ORIENTED_EDGE('',*,*,#2624,.F.);
#3536=ORIENTED_EDGE('',*,*,#2625,.F.);
#3537=ORIENTED_EDGE('',*,*,#2626,.F.);
#3538=ORIENTED_EDGE('',*,*,#2627,.F.);
#3539=ORIENTED_EDGE('',*,*,#2628,.F.);
#3540=ORIENTED_EDGE('',*,*,#2629,.F.);
#3541=ORIENTED_EDGE('',*,*,#2630,.F.);
#3542=ORIENTED_EDGE('',*,*,#2627,.T.);
#3543=ORIENTED_EDGE('',*,*,#2631,.F.);
#3544=ORIENTED_EDGE('',*,*,#2632,.F.);
#3545=ORIENTED_EDGE('',*,*,#2633,.F.);
#3546=ORIENTED_EDGE('',*,*,#2634,.F.);
#3547=ORIENTED_EDGE('',*,*,#2635,.F.);
#3548=ORIENTED_EDGE('',*,*,#2623,.T.);
#3549=ORIENTED_EDGE('',*,*,#2636,.F.);
#3550=ORIENTED_EDGE('',*,*,#2637,.F.);
#3551=ORIENTED_EDGE('',*,*,#2638,.F.);
#3552=ORIENTED_EDGE('',*,*,#2639,.F.);
#3553=ORIENTED_EDGE('',*,*,#2640,.F.);
#3554=ORIENTED_EDGE('',*,*,#2641,.T.);
#3555=ORIENTED_EDGE('',*,*,#2642,.F.);
#3556=ORIENTED_EDGE('',*,*,#2637,.T.);
#3557=ORIENTED_EDGE('',*,*,#2643,.F.);
#3558=ORIENTED_EDGE('',*,*,#2644,.F.);
#3559=ORIENTED_EDGE('',*,*,#2645,.F.);
#3560=ORIENTED_EDGE('',*,*,#2641,.F.);
#3561=ORIENTED_EDGE('',*,*,#2629,.T.);
#3562=ORIENTED_EDGE('',*,*,#2646,.T.);
#3563=ORIENTED_EDGE('',*,*,#2647,.F.);
#3564=ORIENTED_EDGE('',*,*,#2648,.F.);
#3565=ORIENTED_EDGE('',*,*,#2632,.T.);
#3566=ORIENTED_EDGE('',*,*,#2649,.F.);
#3567=ORIENTED_EDGE('',*,*,#2639,.T.);
#3568=ORIENTED_EDGE('',*,*,#2650,.T.);
#3569=ORIENTED_EDGE('',*,*,#2651,.T.);
#3570=ORIENTED_EDGE('',*,*,#2622,.T.);
#3571=ORIENTED_EDGE('',*,*,#2648,.T.);
#3572=ORIENTED_EDGE('',*,*,#2652,.F.);
#3573=ORIENTED_EDGE('',*,*,#2646,.F.);
#3574=ORIENTED_EDGE('',*,*,#2628,.T.);
#3575=ORIENTED_EDGE('',*,*,#2630,.T.);
#3576=ORIENTED_EDGE('',*,*,#2651,.F.);
#3577=ORIENTED_EDGE('',*,*,#2653,.T.);
#3578=ORIENTED_EDGE('',*,*,#2653,.F.);
#3579=ORIENTED_EDGE('',*,*,#2650,.F.);
#3580=ORIENTED_EDGE('',*,*,#2638,.T.);
#3581=ORIENTED_EDGE('',*,*,#2642,.T.);
#3582=ORIENTED_EDGE('',*,*,#2645,.T.);
#3583=ORIENTED_EDGE('',*,*,#2654,.F.);
#3584=ORIENTED_EDGE('',*,*,#2655,.T.);
#3585=ORIENTED_EDGE('',*,*,#2655,.F.);
#3586=ORIENTED_EDGE('',*,*,#2656,.F.);
#3587=ORIENTED_EDGE('',*,*,#2633,.T.);
#3588=ORIENTED_EDGE('',*,*,#2635,.T.);
#3589=ORIENTED_EDGE('',*,*,#2657,.T.);
#3590=ORIENTED_EDGE('',*,*,#2643,.T.);
#3591=ORIENTED_EDGE('',*,*,#2640,.T.);
#3592=ORIENTED_EDGE('',*,*,#2636,.T.);
#3593=ORIENTED_EDGE('',*,*,#2649,.T.);
#3594=ORIENTED_EDGE('',*,*,#2631,.T.);
#3595=ORIENTED_EDGE('',*,*,#2626,.T.);
#3596=ORIENTED_EDGE('',*,*,#2658,.T.);
#3597=ORIENTED_EDGE('',*,*,#2659,.F.);
#3598=ORIENTED_EDGE('',*,*,#2660,.F.);
#3599=ORIENTED_EDGE('',*,*,#2624,.T.);
#3600=ORIENTED_EDGE('',*,*,#2625,.T.);
#3601=ORIENTED_EDGE('',*,*,#2660,.T.);
#3602=ORIENTED_EDGE('',*,*,#2661,.F.);
#3603=ORIENTED_EDGE('',*,*,#2658,.F.);
#3604=ORIENTED_EDGE('',*,*,#2661,.T.);
#3605=ORIENTED_EDGE('',*,*,#2659,.T.);
#3606=ORIENTED_EDGE('',*,*,#2652,.T.);
#3607=ORIENTED_EDGE('',*,*,#2647,.T.);
#3608=ORIENTED_EDGE('',*,*,#2634,.T.);
#3609=ORIENTED_EDGE('',*,*,#2656,.T.);
#3610=ORIENTED_EDGE('',*,*,#2654,.T.);
#3611=ORIENTED_EDGE('',*,*,#2644,.T.);
#3612=ORIENTED_EDGE('',*,*,#2657,.F.);
#3613=ORIENTED_EDGE('',*,*,#2662,.F.);
#3614=ORIENTED_EDGE('',*,*,#2663,.T.);
#3615=ORIENTED_EDGE('',*,*,#2664,.F.);
#3616=ORIENTED_EDGE('',*,*,#2665,.T.);
#3617=ORIENTED_EDGE('',*,*,#2665,.F.);
#3618=ORIENTED_EDGE('',*,*,#2666,.F.);
#3619=ORIENTED_EDGE('',*,*,#2663,.F.);
#3620=ORIENTED_EDGE('',*,*,#2662,.T.);
#3621=ORIENTED_EDGE('',*,*,#2664,.T.);
#3622=ORIENTED_EDGE('',*,*,#2666,.T.);
#3623=ORIENTED_EDGE('',*,*,#2667,.F.);
#3624=ORIENTED_EDGE('',*,*,#2668,.T.);
#3625=ORIENTED_EDGE('',*,*,#2669,.T.);
#3626=ORIENTED_EDGE('',*,*,#2670,.T.);
#3627=ORIENTED_EDGE('',*,*,#2671,.T.);
#3628=ORIENTED_EDGE('',*,*,#2672,.T.);
#3629=ORIENTED_EDGE('',*,*,#2673,.T.);
#3630=ORIENTED_EDGE('',*,*,#2674,.T.);
#3631=ORIENTED_EDGE('',*,*,#2675,.F.);
#3632=ORIENTED_EDGE('',*,*,#2676,.T.);
#3633=ORIENTED_EDGE('',*,*,#2674,.F.);
#3634=ORIENTED_EDGE('',*,*,#2676,.F.);
#3635=ORIENTED_EDGE('',*,*,#2677,.F.);
#3636=ORIENTED_EDGE('',*,*,#2678,.T.);
#3637=ORIENTED_EDGE('',*,*,#2673,.F.);
#3638=ORIENTED_EDGE('',*,*,#2678,.F.);
#3639=ORIENTED_EDGE('',*,*,#2679,.F.);
#3640=ORIENTED_EDGE('',*,*,#2680,.T.);
#3641=ORIENTED_EDGE('',*,*,#2681,.F.);
#3642=ORIENTED_EDGE('',*,*,#2680,.F.);
#3643=ORIENTED_EDGE('',*,*,#2682,.F.);
#3644=ORIENTED_EDGE('',*,*,#2683,.T.);
#3645=ORIENTED_EDGE('',*,*,#2684,.F.);
#3646=ORIENTED_EDGE('',*,*,#2683,.F.);
#3647=ORIENTED_EDGE('',*,*,#2685,.F.);
#3648=ORIENTED_EDGE('',*,*,#2686,.T.);
#3649=ORIENTED_EDGE('',*,*,#2687,.F.);
#3650=ORIENTED_EDGE('',*,*,#2686,.F.);
#3651=ORIENTED_EDGE('',*,*,#2688,.F.);
#3652=ORIENTED_EDGE('',*,*,#2689,.T.);
#3653=ORIENTED_EDGE('',*,*,#2672,.F.);
#3654=ORIENTED_EDGE('',*,*,#2689,.F.);
#3655=ORIENTED_EDGE('',*,*,#2690,.T.);
#3656=ORIENTED_EDGE('',*,*,#2691,.T.);
#3657=ORIENTED_EDGE('',*,*,#2692,.F.);
#3658=ORIENTED_EDGE('',*,*,#2691,.F.);
#3659=ORIENTED_EDGE('',*,*,#2693,.F.);
#3660=ORIENTED_EDGE('',*,*,#2694,.T.);
#3661=ORIENTED_EDGE('',*,*,#2692,.T.);
#3662=ORIENTED_EDGE('',*,*,#2694,.F.);
#3663=ORIENTED_EDGE('',*,*,#2695,.F.);
#3664=ORIENTED_EDGE('',*,*,#2696,.T.);
#3665=ORIENTED_EDGE('',*,*,#2697,.T.);
#3666=ORIENTED_EDGE('',*,*,#2698,.T.);
#3667=ORIENTED_EDGE('',*,*,#2699,.T.);
#3668=ORIENTED_EDGE('',*,*,#2700,.T.);
#3669=ORIENTED_EDGE('',*,*,#2701,.T.);
#3670=ORIENTED_EDGE('',*,*,#2702,.T.);
#3671=ORIENTED_EDGE('',*,*,#2703,.T.);
#3672=ORIENTED_EDGE('',*,*,#2704,.F.);
#3673=ORIENTED_EDGE('',*,*,#2671,.F.);
#3674=ORIENTED_EDGE('',*,*,#2705,.F.);
#3675=ORIENTED_EDGE('',*,*,#2706,.F.);
#3676=ORIENTED_EDGE('',*,*,#2707,.F.);
#3677=ORIENTED_EDGE('',*,*,#2708,.F.);
#3678=ORIENTED_EDGE('',*,*,#2709,.F.);
#3679=ORIENTED_EDGE('',*,*,#2710,.F.);
#3680=ORIENTED_EDGE('',*,*,#2706,.T.);
#3681=ORIENTED_EDGE('',*,*,#2711,.T.);
#3682=ORIENTED_EDGE('',*,*,#2712,.T.);
#3683=ORIENTED_EDGE('',*,*,#2687,.T.);
#3684=ORIENTED_EDGE('',*,*,#2684,.T.);
#3685=ORIENTED_EDGE('',*,*,#2681,.T.);
#3686=ORIENTED_EDGE('',*,*,#2690,.F.);
#3687=ORIENTED_EDGE('',*,*,#2713,.T.);
#3688=ORIENTED_EDGE('',*,*,#2669,.F.);
#3689=ORIENTED_EDGE('',*,*,#2714,.T.);
#3690=ORIENTED_EDGE('',*,*,#2711,.F.);
#3691=ORIENTED_EDGE('',*,*,#2705,.T.);
#3692=ORIENTED_EDGE('',*,*,#2670,.F.);
#3693=ORIENTED_EDGE('',*,*,#2713,.F.);
#3694=ORIENTED_EDGE('',*,*,#2707,.T.);
#3695=ORIENTED_EDGE('',*,*,#2710,.T.);
#3696=ORIENTED_EDGE('',*,*,#2715,.T.);
#3697=ORIENTED_EDGE('',*,*,#2716,.T.);
#3698=ORIENTED_EDGE('',*,*,#2717,.F.);
#3699=ORIENTED_EDGE('',*,*,#2718,.F.);
#3700=ORIENTED_EDGE('',*,*,#2715,.F.);
#3701=ORIENTED_EDGE('',*,*,#2712,.F.);
#3702=ORIENTED_EDGE('',*,*,#2714,.F.);
#3703=ORIENTED_EDGE('',*,*,#2668,.F.);
#3704=ORIENTED_EDGE('',*,*,#2717,.T.);
#3705=ORIENTED_EDGE('',*,*,#2667,.T.);
#3706=ORIENTED_EDGE('',*,*,#2704,.T.);
#3707=ORIENTED_EDGE('',*,*,#2719,.T.);
#3708=ORIENTED_EDGE('',*,*,#2719,.F.);
#3709=ORIENTED_EDGE('',*,*,#2709,.T.);
#3710=ORIENTED_EDGE('',*,*,#2720,.T.);
#3711=ORIENTED_EDGE('',*,*,#2721,.F.);
#3712=ORIENTED_EDGE('',*,*,#2720,.F.);
#3713=ORIENTED_EDGE('',*,*,#2708,.T.);
#3714=ORIENTED_EDGE('',*,*,#2716,.F.);
#3715=ORIENTED_EDGE('',*,*,#2718,.T.);
#3716=ORIENTED_EDGE('',*,*,#2722,.T.);
#3717=ORIENTED_EDGE('',*,*,#2723,.T.);
#3718=ORIENTED_EDGE('',*,*,#2721,.T.);
#3719=ORIENTED_EDGE('',*,*,#2723,.F.);
#3720=ORIENTED_EDGE('',*,*,#2724,.F.);
#3721=ORIENTED_EDGE('',*,*,#2725,.T.);
#3722=ORIENTED_EDGE('',*,*,#2726,.T.);
#3723=ORIENTED_EDGE('',*,*,#2727,.T.);
#3724=ORIENTED_EDGE('',*,*,#2728,.T.);
#3725=ORIENTED_EDGE('',*,*,#2729,.T.);
#3726=ORIENTED_EDGE('',*,*,#2730,.T.);
#3727=ORIENTED_EDGE('',*,*,#2731,.T.);
#3728=ORIENTED_EDGE('',*,*,#2732,.T.);
#3729=ORIENTED_EDGE('',*,*,#2731,.F.);
#3730=ORIENTED_EDGE('',*,*,#2733,.T.);
#3731=ORIENTED_EDGE('',*,*,#2703,.F.);
#3732=ORIENTED_EDGE('',*,*,#2733,.F.);
#3733=ORIENTED_EDGE('',*,*,#2734,.T.);
#3734=ORIENTED_EDGE('',*,*,#2735,.T.);
#3735=ORIENTED_EDGE('',*,*,#2734,.F.);
#3736=ORIENTED_EDGE('',*,*,#2736,.T.);
#3737=ORIENTED_EDGE('',*,*,#2702,.F.);
#3738=ORIENTED_EDGE('',*,*,#2736,.F.);
#3739=ORIENTED_EDGE('',*,*,#2737,.F.);
#3740=ORIENTED_EDGE('',*,*,#2738,.F.);
#3741=ORIENTED_EDGE('',*,*,#2739,.T.);
#3742=ORIENTED_EDGE('',*,*,#2695,.T.);
#3743=ORIENTED_EDGE('',*,*,#2739,.F.);
#3744=ORIENTED_EDGE('',*,*,#2722,.F.);
#3745=ORIENTED_EDGE('',*,*,#2688,.T.);
#3746=ORIENTED_EDGE('',*,*,#2685,.T.);
#3747=ORIENTED_EDGE('',*,*,#2682,.T.);
#3748=ORIENTED_EDGE('',*,*,#2679,.T.);
#3749=ORIENTED_EDGE('',*,*,#2677,.T.);
#3750=ORIENTED_EDGE('',*,*,#2675,.T.);
#3751=ORIENTED_EDGE('',*,*,#2740,.F.);
#3752=ORIENTED_EDGE('',*,*,#2737,.T.);
#3753=ORIENTED_EDGE('',*,*,#2738,.T.);
#3754=ORIENTED_EDGE('',*,*,#2741,.T.);
#3755=ORIENTED_EDGE('',*,*,#2740,.T.);
#3756=ORIENTED_EDGE('',*,*,#2741,.F.);
#3757=ORIENTED_EDGE('',*,*,#2693,.T.);
#3758=ORIENTED_EDGE('',*,*,#2742,.F.);
#3759=ORIENTED_EDGE('',*,*,#2743,.F.);
#3760=ORIENTED_EDGE('',*,*,#2744,.T.);
#3761=ORIENTED_EDGE('',*,*,#2724,.T.);
#3762=ORIENTED_EDGE('',*,*,#2744,.F.);
#3763=ORIENTED_EDGE('',*,*,#2743,.T.);
#3764=ORIENTED_EDGE('',*,*,#2745,.T.);
#3765=ORIENTED_EDGE('',*,*,#2742,.T.);
#3766=ORIENTED_EDGE('',*,*,#2745,.F.);
#3767=ORIENTED_EDGE('',*,*,#2746,.T.);
#3768=ORIENTED_EDGE('',*,*,#2747,.T.);
#3769=ORIENTED_EDGE('',*,*,#2747,.F.);
#3770=ORIENTED_EDGE('',*,*,#2748,.T.);
#3771=ORIENTED_EDGE('',*,*,#2749,.F.);
#3772=ORIENTED_EDGE('',*,*,#2750,.F.);
#3773=ORIENTED_EDGE('',*,*,#2751,.F.);
#3774=ORIENTED_EDGE('',*,*,#2752,.F.);
#3775=ORIENTED_EDGE('',*,*,#2752,.T.);
#3776=ORIENTED_EDGE('',*,*,#2725,.F.);
#3777=ORIENTED_EDGE('',*,*,#2753,.T.);
#3778=ORIENTED_EDGE('',*,*,#2750,.T.);
#3779=ORIENTED_EDGE('',*,*,#2754,.F.);
#3780=ORIENTED_EDGE('',*,*,#2754,.T.);
#3781=ORIENTED_EDGE('',*,*,#2749,.T.);
#3782=ORIENTED_EDGE('',*,*,#2751,.T.);
#3783=ORIENTED_EDGE('',*,*,#2753,.F.);
#3784=ORIENTED_EDGE('',*,*,#2746,.F.);
#3785=ORIENTED_EDGE('',*,*,#2755,.T.);
#3786=ORIENTED_EDGE('',*,*,#2696,.F.);
#3787=ORIENTED_EDGE('',*,*,#2755,.F.);
#3788=ORIENTED_EDGE('',*,*,#2748,.F.);
#3789=ORIENTED_EDGE('',*,*,#2756,.T.);
#3790=ORIENTED_EDGE('',*,*,#2757,.T.);
#3791=ORIENTED_EDGE('',*,*,#2757,.F.);
#3792=ORIENTED_EDGE('',*,*,#2758,.T.);
#3793=ORIENTED_EDGE('',*,*,#2759,.F.);
#3794=ORIENTED_EDGE('',*,*,#2760,.F.);
#3795=ORIENTED_EDGE('',*,*,#2760,.T.);
#3796=ORIENTED_EDGE('',*,*,#2761,.F.);
#3797=ORIENTED_EDGE('',*,*,#2726,.F.);
#3798=ORIENTED_EDGE('',*,*,#2762,.T.);
#3799=ORIENTED_EDGE('',*,*,#2761,.T.);
#3800=ORIENTED_EDGE('',*,*,#2763,.F.);
#3801=ORIENTED_EDGE('',*,*,#2763,.T.);
#3802=ORIENTED_EDGE('',*,*,#2759,.T.);
#3803=ORIENTED_EDGE('',*,*,#2762,.F.);
#3804=ORIENTED_EDGE('',*,*,#2756,.F.);
#3805=ORIENTED_EDGE('',*,*,#2764,.T.);
#3806=ORIENTED_EDGE('',*,*,#2697,.F.);
#3807=ORIENTED_EDGE('',*,*,#2764,.F.);
#3808=ORIENTED_EDGE('',*,*,#2758,.F.);
#3809=ORIENTED_EDGE('',*,*,#2765,.T.);
#3810=ORIENTED_EDGE('',*,*,#2766,.T.);
#3811=ORIENTED_EDGE('',*,*,#2766,.F.);
#3812=ORIENTED_EDGE('',*,*,#2767,.T.);
#3813=ORIENTED_EDGE('',*,*,#2768,.F.);
#3814=ORIENTED_EDGE('',*,*,#2769,.F.);
#3815=ORIENTED_EDGE('',*,*,#2770,.F.);
#3816=ORIENTED_EDGE('',*,*,#2770,.T.);
#3817=ORIENTED_EDGE('',*,*,#2771,.F.);
#3818=ORIENTED_EDGE('',*,*,#2727,.F.);
#3819=ORIENTED_EDGE('',*,*,#2772,.T.);
#3820=ORIENTED_EDGE('',*,*,#2771,.T.);
#3821=ORIENTED_EDGE('',*,*,#2769,.T.);
#3822=ORIENTED_EDGE('',*,*,#2773,.F.);
#3823=ORIENTED_EDGE('',*,*,#2773,.T.);
#3824=ORIENTED_EDGE('',*,*,#2768,.T.);
#3825=ORIENTED_EDGE('',*,*,#2772,.F.);
#3826=ORIENTED_EDGE('',*,*,#2765,.F.);
#3827=ORIENTED_EDGE('',*,*,#2774,.T.);
#3828=ORIENTED_EDGE('',*,*,#2698,.F.);
#3829=ORIENTED_EDGE('',*,*,#2774,.F.);
#3830=ORIENTED_EDGE('',*,*,#2767,.F.);
#3831=ORIENTED_EDGE('',*,*,#2775,.T.);
#3832=ORIENTED_EDGE('',*,*,#2776,.T.);
#3833=ORIENTED_EDGE('',*,*,#2776,.F.);
#3834=ORIENTED_EDGE('',*,*,#2777,.T.);
#3835=ORIENTED_EDGE('',*,*,#2778,.F.);
#3836=ORIENTED_EDGE('',*,*,#2779,.F.);
#3837=ORIENTED_EDGE('',*,*,#2780,.F.);
#3838=ORIENTED_EDGE('',*,*,#2780,.T.);
#3839=ORIENTED_EDGE('',*,*,#2728,.F.);
#3840=ORIENTED_EDGE('',*,*,#2781,.T.);
#3841=ORIENTED_EDGE('',*,*,#2778,.T.);
#3842=ORIENTED_EDGE('',*,*,#2779,.T.);
#3843=ORIENTED_EDGE('',*,*,#2781,.F.);
#3844=ORIENTED_EDGE('',*,*,#2775,.F.);
#3845=ORIENTED_EDGE('',*,*,#2782,.T.);
#3846=ORIENTED_EDGE('',*,*,#2699,.F.);
#3847=ORIENTED_EDGE('',*,*,#2782,.F.);
#3848=ORIENTED_EDGE('',*,*,#2777,.F.);
#3849=ORIENTED_EDGE('',*,*,#2783,.T.);
#3850=ORIENTED_EDGE('',*,*,#2784,.T.);
#3851=ORIENTED_EDGE('',*,*,#2784,.F.);
#3852=ORIENTED_EDGE('',*,*,#2785,.T.);
#3853=ORIENTED_EDGE('',*,*,#2786,.F.);
#3854=ORIENTED_EDGE('',*,*,#2787,.F.);
#3855=ORIENTED_EDGE('',*,*,#2788,.F.);
#3856=ORIENTED_EDGE('',*,*,#2788,.T.);
#3857=ORIENTED_EDGE('',*,*,#2729,.F.);
#3858=ORIENTED_EDGE('',*,*,#2789,.T.);
#3859=ORIENTED_EDGE('',*,*,#2786,.T.);
#3860=ORIENTED_EDGE('',*,*,#2787,.T.);
#3861=ORIENTED_EDGE('',*,*,#2789,.F.);
#3862=ORIENTED_EDGE('',*,*,#2783,.F.);
#3863=ORIENTED_EDGE('',*,*,#2790,.T.);
#3864=ORIENTED_EDGE('',*,*,#2700,.F.);
#3865=ORIENTED_EDGE('',*,*,#2790,.F.);
#3866=ORIENTED_EDGE('',*,*,#2785,.F.);
#3867=ORIENTED_EDGE('',*,*,#2791,.T.);
#3868=ORIENTED_EDGE('',*,*,#2792,.T.);
#3869=ORIENTED_EDGE('',*,*,#2792,.F.);
#3870=ORIENTED_EDGE('',*,*,#2793,.T.);
#3871=ORIENTED_EDGE('',*,*,#2794,.F.);
#3872=ORIENTED_EDGE('',*,*,#2795,.F.);
#3873=ORIENTED_EDGE('',*,*,#2796,.F.);
#3874=ORIENTED_EDGE('',*,*,#2796,.T.);
#3875=ORIENTED_EDGE('',*,*,#2730,.F.);
#3876=ORIENTED_EDGE('',*,*,#2797,.T.);
#3877=ORIENTED_EDGE('',*,*,#2794,.T.);
#3878=ORIENTED_EDGE('',*,*,#2795,.T.);
#3879=ORIENTED_EDGE('',*,*,#2797,.F.);
#3880=ORIENTED_EDGE('',*,*,#2791,.F.);
#3881=ORIENTED_EDGE('',*,*,#2798,.T.);
#3882=ORIENTED_EDGE('',*,*,#2701,.F.);
#3883=ORIENTED_EDGE('',*,*,#2798,.F.);
#3884=ORIENTED_EDGE('',*,*,#2793,.F.);
#3885=ORIENTED_EDGE('',*,*,#2799,.F.);
#3886=ORIENTED_EDGE('',*,*,#2800,.F.);
#3887=ORIENTED_EDGE('',*,*,#2801,.T.);
#3888=ORIENTED_EDGE('',*,*,#2801,.F.);
#3889=ORIENTED_EDGE('',*,*,#2799,.T.);
#3890=ORIENTED_EDGE('',*,*,#2800,.T.);
#3891=ORIENTED_EDGE('',*,*,#2802,.T.);
#3892=ORIENTED_EDGE('',*,*,#2803,.F.);
#3893=ORIENTED_EDGE('',*,*,#2802,.F.);
#3894=ORIENTED_EDGE('',*,*,#2803,.T.);
#3895=ORIENTED_EDGE('',*,*,#2804,.T.);
#3896=ORIENTED_EDGE('',*,*,#2732,.F.);
#3897=ORIENTED_EDGE('',*,*,#2804,.F.);
#3898=ORIENTED_EDGE('',*,*,#2805,.F.);
#3899=ORIENTED_EDGE('',*,*,#2806,.F.);
#3900=ORIENTED_EDGE('',*,*,#2807,.T.);
#3901=ORIENTED_EDGE('',*,*,#2807,.F.);
#3902=ORIENTED_EDGE('',*,*,#2805,.T.);
#3903=ORIENTED_EDGE('',*,*,#2806,.T.);
#3904=ORIENTED_EDGE('',*,*,#2808,.T.);
#3905=ORIENTED_EDGE('',*,*,#2809,.F.);
#3906=ORIENTED_EDGE('',*,*,#2808,.F.);
#3907=ORIENTED_EDGE('',*,*,#2809,.T.);
#3908=ORIENTED_EDGE('',*,*,#2810,.T.);
#3909=ORIENTED_EDGE('',*,*,#2735,.F.);
#3910=ORIENTED_EDGE('',*,*,#2810,.F.);
#3911=ORIENTED_EDGE('',*,*,#2811,.F.);
#3912=ORIENTED_EDGE('',*,*,#2812,.F.);
#3913=ORIENTED_EDGE('',*,*,#2813,.T.);
#3914=ORIENTED_EDGE('',*,*,#2814,.F.);
#3915=ORIENTED_EDGE('',*,*,#2815,.F.);
#3916=ORIENTED_EDGE('',*,*,#2813,.F.);
#3917=ORIENTED_EDGE('',*,*,#2816,.F.);
#3918=ORIENTED_EDGE('',*,*,#2817,.F.);
#3919=ORIENTED_EDGE('',*,*,#2818,.F.);
#3920=ORIENTED_EDGE('',*,*,#2819,.F.);
#3921=ORIENTED_EDGE('',*,*,#2820,.F.);
#3922=ORIENTED_EDGE('',*,*,#2821,.T.);
#3923=ORIENTED_EDGE('',*,*,#2822,.F.);
#3924=ORIENTED_EDGE('',*,*,#2821,.F.);
#3925=ORIENTED_EDGE('',*,*,#2823,.F.);
#3926=ORIENTED_EDGE('',*,*,#2824,.F.);
#3927=ORIENTED_EDGE('',*,*,#2825,.F.);
#3928=ORIENTED_EDGE('',*,*,#2826,.F.);
#3929=ORIENTED_EDGE('',*,*,#2811,.T.);
#3930=ORIENTED_EDGE('',*,*,#2812,.T.);
#3931=ORIENTED_EDGE('',*,*,#2827,.T.);
#3932=ORIENTED_EDGE('',*,*,#2828,.T.);
#3933=ORIENTED_EDGE('',*,*,#2827,.F.);
#3934=ORIENTED_EDGE('',*,*,#2828,.F.);
#3935=ORIENTED_EDGE('',*,*,#2829,.T.);
#3936=ORIENTED_EDGE('',*,*,#2830,.F.);
#3937=ORIENTED_EDGE('',*,*,#2831,.F.);
#3938=ORIENTED_EDGE('',*,*,#2829,.F.);
#3939=ORIENTED_EDGE('',*,*,#2832,.F.);
#3940=ORIENTED_EDGE('',*,*,#2833,.F.);
#3941=ORIENTED_EDGE('',*,*,#2834,.F.);
#3942=ORIENTED_EDGE('',*,*,#2835,.F.);
#3943=ORIENTED_EDGE('',*,*,#2836,.T.);
#3944=ORIENTED_EDGE('',*,*,#2837,.T.);
#3945=ORIENTED_EDGE('',*,*,#2838,.T.);
#3946=ORIENTED_EDGE('',*,*,#2837,.F.);
#3947=ORIENTED_EDGE('',*,*,#2839,.F.);
#3948=ORIENTED_EDGE('',*,*,#2838,.F.);
#3949=ORIENTED_EDGE('',*,*,#2836,.F.);
#3950=ORIENTED_EDGE('',*,*,#2840,.T.);
#3951=ORIENTED_EDGE('',*,*,#2817,.T.);
#3952=ORIENTED_EDGE('',*,*,#2816,.T.);
#3953=ORIENTED_EDGE('',*,*,#2840,.F.);
#3954=ORIENTED_EDGE('',*,*,#2822,.T.);
#3955=ORIENTED_EDGE('',*,*,#2841,.T.);
#3956=ORIENTED_EDGE('',*,*,#2839,.T.);
#3957=ORIENTED_EDGE('',*,*,#2841,.F.);
#3958=ORIENTED_EDGE('',*,*,#2842,.T.);
#3959=ORIENTED_EDGE('',*,*,#2843,.T.);
#3960=ORIENTED_EDGE('',*,*,#2844,.T.);
#3961=ORIENTED_EDGE('',*,*,#2845,.T.);
#3962=ORIENTED_EDGE('',*,*,#2844,.F.);
#3963=ORIENTED_EDGE('',*,*,#2846,.F.);
#3964=ORIENTED_EDGE('',*,*,#2845,.F.);
#3965=ORIENTED_EDGE('',*,*,#2834,.T.);
#3966=ORIENTED_EDGE('',*,*,#2847,.T.);
#3967=ORIENTED_EDGE('',*,*,#2842,.F.);
#3968=ORIENTED_EDGE('',*,*,#2843,.F.);
#3969=ORIENTED_EDGE('',*,*,#2847,.F.);
#3970=ORIENTED_EDGE('',*,*,#2835,.T.);
#3971=ORIENTED_EDGE('',*,*,#2820,.T.);
#3972=ORIENTED_EDGE('',*,*,#2848,.T.);
#3973=ORIENTED_EDGE('',*,*,#2846,.T.);
#3974=ORIENTED_EDGE('',*,*,#2848,.F.);
#3975=ORIENTED_EDGE('',*,*,#2818,.T.);
#3976=ORIENTED_EDGE('',*,*,#2849,.T.);
#3977=ORIENTED_EDGE('',*,*,#2833,.T.);
#3978=ORIENTED_EDGE('',*,*,#2832,.T.);
#3979=ORIENTED_EDGE('',*,*,#2849,.F.);
#3980=ORIENTED_EDGE('',*,*,#2819,.T.);
#3981=ORIENTED_EDGE('',*,*,#2850,.T.);
#3982=ORIENTED_EDGE('',*,*,#2851,.T.);
#3983=ORIENTED_EDGE('',*,*,#2852,.T.);
#3984=ORIENTED_EDGE('',*,*,#2853,.T.);
#3985=ORIENTED_EDGE('',*,*,#2852,.F.);
#3986=ORIENTED_EDGE('',*,*,#2850,.F.);
#3987=ORIENTED_EDGE('',*,*,#2851,.F.);
#3988=ORIENTED_EDGE('',*,*,#2854,.T.);
#3989=ORIENTED_EDGE('',*,*,#2826,.T.);
#3990=ORIENTED_EDGE('',*,*,#2825,.T.);
#3991=ORIENTED_EDGE('',*,*,#2854,.F.);
#3992=ORIENTED_EDGE('',*,*,#2853,.F.);
#3993=ORIENTED_EDGE('',*,*,#2855,.T.);
#3994=ORIENTED_EDGE('',*,*,#2856,.T.);
#3995=ORIENTED_EDGE('',*,*,#2857,.T.);
#3996=ORIENTED_EDGE('',*,*,#2858,.T.);
#3997=ORIENTED_EDGE('',*,*,#2859,.T.);
#3998=ORIENTED_EDGE('',*,*,#2860,.T.);
#3999=ORIENTED_EDGE('',*,*,#2831,.T.);
#4000=ORIENTED_EDGE('',*,*,#2861,.T.);
#4001=ORIENTED_EDGE('',*,*,#2862,.T.);
#4002=ORIENTED_EDGE('',*,*,#2861,.F.);
#4003=ORIENTED_EDGE('',*,*,#2830,.T.);
#4004=ORIENTED_EDGE('',*,*,#2862,.F.);
#4005=ORIENTED_EDGE('',*,*,#2863,.F.);
#4006=ORIENTED_EDGE('',*,*,#2864,.T.);
#4007=ORIENTED_EDGE('',*,*,#2859,.F.);
#4008=ORIENTED_EDGE('',*,*,#2865,.F.);
#4009=ORIENTED_EDGE('',*,*,#2866,.F.);
#4010=ORIENTED_EDGE('',*,*,#2865,.T.);
#4011=ORIENTED_EDGE('',*,*,#2858,.F.);
#4012=ORIENTED_EDGE('',*,*,#2867,.F.);
#4013=ORIENTED_EDGE('',*,*,#2868,.F.);
#4014=ORIENTED_EDGE('',*,*,#2869,.F.);
#4015=ORIENTED_EDGE('',*,*,#2860,.F.);
#4016=ORIENTED_EDGE('',*,*,#2864,.F.);
#4017=ORIENTED_EDGE('',*,*,#2870,.F.);
#4018=ORIENTED_EDGE('',*,*,#2867,.T.);
#4019=ORIENTED_EDGE('',*,*,#2857,.F.);
#4020=ORIENTED_EDGE('',*,*,#2871,.F.);
#4021=ORIENTED_EDGE('',*,*,#2872,.F.);
#4022=ORIENTED_EDGE('',*,*,#2873,.T.);
#4023=ORIENTED_EDGE('',*,*,#2855,.F.);
#4024=ORIENTED_EDGE('',*,*,#2869,.T.);
#4025=ORIENTED_EDGE('',*,*,#2874,.F.);
#4026=ORIENTED_EDGE('',*,*,#2871,.T.);
#4027=ORIENTED_EDGE('',*,*,#2856,.F.);
#4028=ORIENTED_EDGE('',*,*,#2873,.F.);
#4029=ORIENTED_EDGE('',*,*,#2875,.T.);
#4030=ORIENTED_EDGE('',*,*,#2863,.T.);
#4031=ORIENTED_EDGE('',*,*,#2866,.T.);
#4032=ORIENTED_EDGE('',*,*,#2870,.T.);
#4033=ORIENTED_EDGE('',*,*,#2874,.T.);
#4034=ORIENTED_EDGE('',*,*,#2872,.T.);
#4035=ORIENTED_EDGE('',*,*,#2868,.T.);
#4036=ORIENTED_EDGE('',*,*,#2875,.F.);
#4037=ORIENTED_EDGE('',*,*,#2876,.T.);
#4038=ORIENTED_EDGE('',*,*,#2877,.T.);
#4039=ORIENTED_EDGE('',*,*,#2878,.T.);
#4040=ORIENTED_EDGE('',*,*,#2879,.T.);
#4041=ORIENTED_EDGE('',*,*,#2878,.F.);
#4042=ORIENTED_EDGE('',*,*,#2876,.F.);
#4043=ORIENTED_EDGE('',*,*,#2877,.F.);
#4044=ORIENTED_EDGE('',*,*,#2880,.T.);
#4045=ORIENTED_EDGE('',*,*,#2824,.T.);
#4046=ORIENTED_EDGE('',*,*,#2823,.T.);
#4047=ORIENTED_EDGE('',*,*,#2880,.F.);
#4048=ORIENTED_EDGE('',*,*,#2879,.F.);
#4049=ORIENTED_EDGE('',*,*,#2881,.T.);
#4050=ORIENTED_EDGE('',*,*,#2882,.T.);
#4051=ORIENTED_EDGE('',*,*,#2883,.T.);
#4052=ORIENTED_EDGE('',*,*,#2884,.T.);
#4053=ORIENTED_EDGE('',*,*,#2885,.T.);
#4054=ORIENTED_EDGE('',*,*,#2886,.T.);
#4055=ORIENTED_EDGE('',*,*,#2815,.T.);
#4056=ORIENTED_EDGE('',*,*,#2887,.T.);
#4057=ORIENTED_EDGE('',*,*,#2888,.T.);
#4058=ORIENTED_EDGE('',*,*,#2887,.F.);
#4059=ORIENTED_EDGE('',*,*,#2814,.T.);
#4060=ORIENTED_EDGE('',*,*,#2888,.F.);
#4061=ORIENTED_EDGE('',*,*,#2889,.F.);
#4062=ORIENTED_EDGE('',*,*,#2890,.T.);
#4063=ORIENTED_EDGE('',*,*,#2885,.F.);
#4064=ORIENTED_EDGE('',*,*,#2891,.F.);
#4065=ORIENTED_EDGE('',*,*,#2892,.F.);
#4066=ORIENTED_EDGE('',*,*,#2891,.T.);
#4067=ORIENTED_EDGE('',*,*,#2884,.F.);
#4068=ORIENTED_EDGE('',*,*,#2893,.F.);
#4069=ORIENTED_EDGE('',*,*,#2894,.F.);
#4070=ORIENTED_EDGE('',*,*,#2895,.F.);
#4071=ORIENTED_EDGE('',*,*,#2886,.F.);
#4072=ORIENTED_EDGE('',*,*,#2890,.F.);
#4073=ORIENTED_EDGE('',*,*,#2896,.F.);
#4074=ORIENTED_EDGE('',*,*,#2893,.T.);
#4075=ORIENTED_EDGE('',*,*,#2883,.F.);
#4076=ORIENTED_EDGE('',*,*,#2897,.F.);
#4077=ORIENTED_EDGE('',*,*,#2898,.F.);
#4078=ORIENTED_EDGE('',*,*,#2899,.T.);
#4079=ORIENTED_EDGE('',*,*,#2881,.F.);
#4080=ORIENTED_EDGE('',*,*,#2895,.T.);
#4081=ORIENTED_EDGE('',*,*,#2900,.F.);
#4082=ORIENTED_EDGE('',*,*,#2897,.T.);
#4083=ORIENTED_EDGE('',*,*,#2882,.F.);
#4084=ORIENTED_EDGE('',*,*,#2899,.F.);
#4085=ORIENTED_EDGE('',*,*,#2901,.T.);
#4086=ORIENTED_EDGE('',*,*,#2889,.T.);
#4087=ORIENTED_EDGE('',*,*,#2892,.T.);
#4088=ORIENTED_EDGE('',*,*,#2896,.T.);
#4089=ORIENTED_EDGE('',*,*,#2900,.T.);
#4090=ORIENTED_EDGE('',*,*,#2898,.T.);
#4091=ORIENTED_EDGE('',*,*,#2894,.T.);
#4092=ORIENTED_EDGE('',*,*,#2901,.F.);
#4093=ORIENTED_EDGE('',*,*,#2902,.F.);
#4094=ORIENTED_EDGE('',*,*,#2903,.F.);
#4095=ORIENTED_EDGE('',*,*,#2904,.T.);
#4096=ORIENTED_EDGE('',*,*,#2905,.F.);
#4097=ORIENTED_EDGE('',*,*,#2906,.F.);
#4098=ORIENTED_EDGE('',*,*,#2904,.F.);
#4099=ORIENTED_EDGE('',*,*,#2907,.F.);
#4100=ORIENTED_EDGE('',*,*,#2908,.F.);
#4101=ORIENTED_EDGE('',*,*,#2909,.F.);
#4102=ORIENTED_EDGE('',*,*,#2910,.F.);
#4103=ORIENTED_EDGE('',*,*,#2911,.F.);
#4104=ORIENTED_EDGE('',*,*,#2912,.T.);
#4105=ORIENTED_EDGE('',*,*,#2913,.F.);
#4106=ORIENTED_EDGE('',*,*,#2912,.F.);
#4107=ORIENTED_EDGE('',*,*,#2914,.F.);
#4108=ORIENTED_EDGE('',*,*,#2915,.F.);
#4109=ORIENTED_EDGE('',*,*,#2916,.F.);
#4110=ORIENTED_EDGE('',*,*,#2917,.F.);
#4111=ORIENTED_EDGE('',*,*,#2918,.T.);
#4112=ORIENTED_EDGE('',*,*,#2919,.T.);
#4113=ORIENTED_EDGE('',*,*,#2902,.T.);
#4114=ORIENTED_EDGE('',*,*,#2903,.T.);
#4115=ORIENTED_EDGE('',*,*,#2918,.F.);
#4116=ORIENTED_EDGE('',*,*,#2919,.F.);
#4117=ORIENTED_EDGE('',*,*,#2920,.T.);
#4118=ORIENTED_EDGE('',*,*,#2921,.F.);
#4119=ORIENTED_EDGE('',*,*,#2922,.F.);
#4120=ORIENTED_EDGE('',*,*,#2920,.F.);
#4121=ORIENTED_EDGE('',*,*,#2923,.F.);
#4122=ORIENTED_EDGE('',*,*,#2924,.F.);
#4123=ORIENTED_EDGE('',*,*,#2925,.F.);
#4124=ORIENTED_EDGE('',*,*,#2926,.F.);
#4125=ORIENTED_EDGE('',*,*,#2927,.T.);
#4126=ORIENTED_EDGE('',*,*,#2928,.T.);
#4127=ORIENTED_EDGE('',*,*,#2929,.T.);
#4128=ORIENTED_EDGE('',*,*,#2928,.F.);
#4129=ORIENTED_EDGE('',*,*,#2930,.F.);
#4130=ORIENTED_EDGE('',*,*,#2929,.F.);
#4131=ORIENTED_EDGE('',*,*,#2927,.F.);
#4132=ORIENTED_EDGE('',*,*,#2931,.T.);
#4133=ORIENTED_EDGE('',*,*,#2924,.T.);
#4134=ORIENTED_EDGE('',*,*,#2923,.T.);
#4135=ORIENTED_EDGE('',*,*,#2931,.F.);
#4136=ORIENTED_EDGE('',*,*,#2913,.T.);
#4137=ORIENTED_EDGE('',*,*,#2932,.T.);
#4138=ORIENTED_EDGE('',*,*,#2930,.T.);
#4139=ORIENTED_EDGE('',*,*,#2932,.F.);
#4140=ORIENTED_EDGE('',*,*,#2933,.T.);
#4141=ORIENTED_EDGE('',*,*,#2934,.T.);
#4142=ORIENTED_EDGE('',*,*,#2935,.T.);
#4143=ORIENTED_EDGE('',*,*,#2936,.T.);
#4144=ORIENTED_EDGE('',*,*,#2935,.F.);
#4145=ORIENTED_EDGE('',*,*,#2937,.F.);
#4146=ORIENTED_EDGE('',*,*,#2936,.F.);
#4147=ORIENTED_EDGE('',*,*,#2909,.T.);
#4148=ORIENTED_EDGE('',*,*,#2938,.T.);
#4149=ORIENTED_EDGE('',*,*,#2933,.F.);
#4150=ORIENTED_EDGE('',*,*,#2934,.F.);
#4151=ORIENTED_EDGE('',*,*,#2938,.F.);
#4152=ORIENTED_EDGE('',*,*,#2910,.T.);
#4153=ORIENTED_EDGE('',*,*,#2911,.T.);
#4154=ORIENTED_EDGE('',*,*,#2939,.T.);
#4155=ORIENTED_EDGE('',*,*,#2937,.T.);
#4156=ORIENTED_EDGE('',*,*,#2939,.F.);
#4157=ORIENTED_EDGE('',*,*,#2925,.T.);
#4158=ORIENTED_EDGE('',*,*,#2940,.T.);
#4159=ORIENTED_EDGE('',*,*,#2908,.T.);
#4160=ORIENTED_EDGE('',*,*,#2907,.T.);
#4161=ORIENTED_EDGE('',*,*,#2940,.F.);
#4162=ORIENTED_EDGE('',*,*,#2926,.T.);
#4163=ORIENTED_EDGE('',*,*,#2941,.T.);
#4164=ORIENTED_EDGE('',*,*,#2942,.T.);
#4165=ORIENTED_EDGE('',*,*,#2943,.T.);
#4166=ORIENTED_EDGE('',*,*,#2944,.T.);
#4167=ORIENTED_EDGE('',*,*,#2943,.F.);
#4168=ORIENTED_EDGE('',*,*,#2941,.F.);
#4169=ORIENTED_EDGE('',*,*,#2942,.F.);
#4170=ORIENTED_EDGE('',*,*,#2945,.T.);
#4171=ORIENTED_EDGE('',*,*,#2917,.T.);
#4172=ORIENTED_EDGE('',*,*,#2916,.T.);
#4173=ORIENTED_EDGE('',*,*,#2945,.F.);
#4174=ORIENTED_EDGE('',*,*,#2944,.F.);
#4175=ORIENTED_EDGE('',*,*,#2946,.T.);
#4176=ORIENTED_EDGE('',*,*,#2947,.T.);
#4177=ORIENTED_EDGE('',*,*,#2948,.T.);
#4178=ORIENTED_EDGE('',*,*,#2949,.T.);
#4179=ORIENTED_EDGE('',*,*,#2950,.T.);
#4180=ORIENTED_EDGE('',*,*,#2951,.T.);
#4181=ORIENTED_EDGE('',*,*,#2922,.T.);
#4182=ORIENTED_EDGE('',*,*,#2952,.T.);
#4183=ORIENTED_EDGE('',*,*,#2953,.T.);
#4184=ORIENTED_EDGE('',*,*,#2952,.F.);
#4185=ORIENTED_EDGE('',*,*,#2921,.T.);
#4186=ORIENTED_EDGE('',*,*,#2953,.F.);
#4187=ORIENTED_EDGE('',*,*,#2954,.F.);
#4188=ORIENTED_EDGE('',*,*,#2955,.T.);
#4189=ORIENTED_EDGE('',*,*,#2950,.F.);
#4190=ORIENTED_EDGE('',*,*,#2956,.F.);
#4191=ORIENTED_EDGE('',*,*,#2957,.F.);
#4192=ORIENTED_EDGE('',*,*,#2956,.T.);
#4193=ORIENTED_EDGE('',*,*,#2949,.F.);
#4194=ORIENTED_EDGE('',*,*,#2958,.F.);
#4195=ORIENTED_EDGE('',*,*,#2959,.F.);
#4196=ORIENTED_EDGE('',*,*,#2960,.F.);
#4197=ORIENTED_EDGE('',*,*,#2951,.F.);
#4198=ORIENTED_EDGE('',*,*,#2955,.F.);
#4199=ORIENTED_EDGE('',*,*,#2961,.F.);
#4200=ORIENTED_EDGE('',*,*,#2958,.T.);
#4201=ORIENTED_EDGE('',*,*,#2948,.F.);
#4202=ORIENTED_EDGE('',*,*,#2962,.F.);
#4203=ORIENTED_EDGE('',*,*,#2963,.F.);
#4204=ORIENTED_EDGE('',*,*,#2964,.T.);
#4205=ORIENTED_EDGE('',*,*,#2946,.F.);
#4206=ORIENTED_EDGE('',*,*,#2960,.T.);
#4207=ORIENTED_EDGE('',*,*,#2965,.F.);
#4208=ORIENTED_EDGE('',*,*,#2962,.T.);
#4209=ORIENTED_EDGE('',*,*,#2947,.F.);
#4210=ORIENTED_EDGE('',*,*,#2964,.F.);
#4211=ORIENTED_EDGE('',*,*,#2966,.T.);
#4212=ORIENTED_EDGE('',*,*,#2954,.T.);
#4213=ORIENTED_EDGE('',*,*,#2957,.T.);
#4214=ORIENTED_EDGE('',*,*,#2961,.T.);
#4215=ORIENTED_EDGE('',*,*,#2965,.T.);
#4216=ORIENTED_EDGE('',*,*,#2963,.T.);
#4217=ORIENTED_EDGE('',*,*,#2959,.T.);
#4218=ORIENTED_EDGE('',*,*,#2966,.F.);
#4219=ORIENTED_EDGE('',*,*,#2967,.T.);
#4220=ORIENTED_EDGE('',*,*,#2968,.T.);
#4221=ORIENTED_EDGE('',*,*,#2969,.T.);
#4222=ORIENTED_EDGE('',*,*,#2970,.T.);
#4223=ORIENTED_EDGE('',*,*,#2969,.F.);
#4224=ORIENTED_EDGE('',*,*,#2967,.F.);
#4225=ORIENTED_EDGE('',*,*,#2968,.F.);
#4226=ORIENTED_EDGE('',*,*,#2971,.T.);
#4227=ORIENTED_EDGE('',*,*,#2915,.T.);
#4228=ORIENTED_EDGE('',*,*,#2914,.T.);
#4229=ORIENTED_EDGE('',*,*,#2971,.F.);
#4230=ORIENTED_EDGE('',*,*,#2970,.F.);
#4231=ORIENTED_EDGE('',*,*,#2972,.T.);
#4232=ORIENTED_EDGE('',*,*,#2973,.T.);
#4233=ORIENTED_EDGE('',*,*,#2974,.T.);
#4234=ORIENTED_EDGE('',*,*,#2975,.T.);
#4235=ORIENTED_EDGE('',*,*,#2976,.T.);
#4236=ORIENTED_EDGE('',*,*,#2977,.T.);
#4237=ORIENTED_EDGE('',*,*,#2906,.T.);
#4238=ORIENTED_EDGE('',*,*,#2978,.T.);
#4239=ORIENTED_EDGE('',*,*,#2979,.T.);
#4240=ORIENTED_EDGE('',*,*,#2978,.F.);
#4241=ORIENTED_EDGE('',*,*,#2905,.T.);
#4242=ORIENTED_EDGE('',*,*,#2979,.F.);
#4243=ORIENTED_EDGE('',*,*,#2980,.F.);
#4244=ORIENTED_EDGE('',*,*,#2981,.T.);
#4245=ORIENTED_EDGE('',*,*,#2976,.F.);
#4246=ORIENTED_EDGE('',*,*,#2982,.F.);
#4247=ORIENTED_EDGE('',*,*,#2983,.F.);
#4248=ORIENTED_EDGE('',*,*,#2982,.T.);
#4249=ORIENTED_EDGE('',*,*,#2975,.F.);
#4250=ORIENTED_EDGE('',*,*,#2984,.F.);
#4251=ORIENTED_EDGE('',*,*,#2985,.F.);
#4252=ORIENTED_EDGE('',*,*,#2986,.F.);
#4253=ORIENTED_EDGE('',*,*,#2977,.F.);
#4254=ORIENTED_EDGE('',*,*,#2981,.F.);
#4255=ORIENTED_EDGE('',*,*,#2987,.F.);
#4256=ORIENTED_EDGE('',*,*,#2984,.T.);
#4257=ORIENTED_EDGE('',*,*,#2974,.F.);
#4258=ORIENTED_EDGE('',*,*,#2988,.F.);
#4259=ORIENTED_EDGE('',*,*,#2989,.F.);
#4260=ORIENTED_EDGE('',*,*,#2990,.T.);
#4261=ORIENTED_EDGE('',*,*,#2972,.F.);
#4262=ORIENTED_EDGE('',*,*,#2986,.T.);
#4263=ORIENTED_EDGE('',*,*,#2991,.F.);
#4264=ORIENTED_EDGE('',*,*,#2988,.T.);
#4265=ORIENTED_EDGE('',*,*,#2973,.F.);
#4266=ORIENTED_EDGE('',*,*,#2990,.F.);
#4267=ORIENTED_EDGE('',*,*,#2992,.T.);
#4268=ORIENTED_EDGE('',*,*,#2980,.T.);
#4269=ORIENTED_EDGE('',*,*,#2983,.T.);
#4270=ORIENTED_EDGE('',*,*,#2987,.T.);
#4271=ORIENTED_EDGE('',*,*,#2991,.T.);
#4272=ORIENTED_EDGE('',*,*,#2989,.T.);
#4273=ORIENTED_EDGE('',*,*,#2985,.T.);
#4274=ORIENTED_EDGE('',*,*,#2992,.F.);
#4275=CYLINDRICAL_SURFACE('',#4631,0.375);
#4276=CYLINDRICAL_SURFACE('',#4639,0.5);
#4277=CYLINDRICAL_SURFACE('',#4645,0.075);
#4278=CYLINDRICAL_SURFACE('',#4660,0.5);
#4279=CYLINDRICAL_SURFACE('',#4666,0.075);
#4280=CYLINDRICAL_SURFACE('',#4680,2.);
#4281=CYLINDRICAL_SURFACE('',#4683,0.575);
#4282=CYLINDRICAL_SURFACE('',#4688,0.2);
#4283=CYLINDRICAL_SURFACE('',#4696,2.);
#4284=CYLINDRICAL_SURFACE('',#4699,0.2);
#4285=CYLINDRICAL_SURFACE('',#4709,0.5);
#4286=CYLINDRICAL_SURFACE('',#4711,0.5);
#4287=CYLINDRICAL_SURFACE('',#4718,0.5);
#4288=CYLINDRICAL_SURFACE('',#4721,2.);
#4289=CYLINDRICAL_SURFACE('',#4724,0.575);
#4290=CYLINDRICAL_SURFACE('',#4729,0.2);
#4291=CYLINDRICAL_SURFACE('',#4737,2.);
#4292=CYLINDRICAL_SURFACE('',#4740,0.2);
#4293=CYLINDRICAL_SURFACE('',#4755,0.05);
#4294=CYLINDRICAL_SURFACE('',#4756,0.5);
#4295=CYLINDRICAL_SURFACE('',#4758,0.5);
#4296=CYLINDRICAL_SURFACE('',#4765,0.5);
#4297=CYLINDRICAL_SURFACE('',#4768,0.05);
#4298=CYLINDRICAL_SURFACE('',#4772,0.7835);
#4299=CYLINDRICAL_SURFACE('',#4775,2.4);
#4300=CYLINDRICAL_SURFACE('',#4778,0.7835);
#4301=CYLINDRICAL_SURFACE('',#4786,0.55);
#4302=CYLINDRICAL_SURFACE('',#4794,0.55);
#4303=CYLINDRICAL_SURFACE('',#4796,0.55);
#4304=CYLINDRICAL_SURFACE('',#4801,1.);
#4305=CYLINDRICAL_SURFACE('',#4817,1.);
#4306=CYLINDRICAL_SURFACE('',#4846,10.);
#4307=CYLINDRICAL_SURFACE('',#4850,10.15);
#4308=CYLINDRICAL_SURFACE('',#4856,0.075);
#4309=CYLINDRICAL_SURFACE('',#4869,3.4);
#4310=CYLINDRICAL_SURFACE('',#4871,3.4);
#4311=CYLINDRICAL_SURFACE('',#4873,3.4);
#4312=CYLINDRICAL_SURFACE('',#4876,3.4);
#4313=CYLINDRICAL_SURFACE('',#4879,3.4);
#4314=CYLINDRICAL_SURFACE('',#4882,3.4);
#4315=CYLINDRICAL_SURFACE('',#4899,2.5);
#4316=CYLINDRICAL_SURFACE('',#4903,24.2);
#4317=CYLINDRICAL_SURFACE('',#4906,2.5);
#4318=CYLINDRICAL_SURFACE('',#4909,35.);
#4319=CYLINDRICAL_SURFACE('',#4925,1.51);
#4320=CYLINDRICAL_SURFACE('',#4929,1.51);
#4321=CYLINDRICAL_SURFACE('',#4930,22.6);
#4322=CYLINDRICAL_SURFACE('',#4938,19.);
#4323=CYLINDRICAL_SURFACE('',#4950,0.5);
#4324=CYLINDRICAL_SURFACE('',#4951,0.5);
#4325=CYLINDRICAL_SURFACE('',#4960,0.5);
#4326=CYLINDRICAL_SURFACE('',#4961,0.5);
#4327=CYLINDRICAL_SURFACE('',#4971,0.5);
#4328=CYLINDRICAL_SURFACE('',#4972,0.5);
#4329=CYLINDRICAL_SURFACE('',#4981,0.5);
#4330=CYLINDRICAL_SURFACE('',#4982,0.5);
#4331=CYLINDRICAL_SURFACE('',#4991,0.5);
#4332=CYLINDRICAL_SURFACE('',#4992,0.5);
#4333=CYLINDRICAL_SURFACE('',#5001,0.5);
#4334=CYLINDRICAL_SURFACE('',#5002,0.5);
#4335=CYLINDRICAL_SURFACE('',#5007,1.5);
#4336=CYLINDRICAL_SURFACE('',#5014,1.5);
#4337=CYLINDRICAL_SURFACE('',#5017,0.7835);
#4338=CYLINDRICAL_SURFACE('',#5020,2.4);
#4339=CYLINDRICAL_SURFACE('',#5023,0.7835);
#4340=CYLINDRICAL_SURFACE('',#5031,0.55);
#4341=CYLINDRICAL_SURFACE('',#5039,0.55);
#4342=CYLINDRICAL_SURFACE('',#5041,0.55);
#4343=CYLINDRICAL_SURFACE('',#5046,1.);
#4344=CYLINDRICAL_SURFACE('',#5062,1.);
#4345=CYLINDRICAL_SURFACE('',#5074,0.7835);
#4346=CYLINDRICAL_SURFACE('',#5077,2.4);
#4347=CYLINDRICAL_SURFACE('',#5080,0.7835);
#4348=CYLINDRICAL_SURFACE('',#5088,0.55);
#4349=CYLINDRICAL_SURFACE('',#5096,0.55);
#4350=CYLINDRICAL_SURFACE('',#5098,0.55);
#4351=CYLINDRICAL_SURFACE('',#5103,1.);
#4352=CYLINDRICAL_SURFACE('',#5119,1.);
#4353=ADVANCED_FACE('',(#465,#317,#318,#319),#4275,.T.);
#4354=ADVANCED_FACE('',(#466),#192,.F.);
#4355=ADVANCED_FACE('',(#467),#193,.T.);
#4356=ADVANCED_FACE('',(#468),#194,.F.);
#4357=ADVANCED_FACE('',(#469,#320),#4276,.T.);
#4358=ADVANCED_FACE('',(#470),#4277,.F.);
#4359=ADVANCED_FACE('',(#471),#195,.F.);
#4360=ADVANCED_FACE('',(#472),#196,.F.);
#4361=ADVANCED_FACE('',(#473),#197,.T.);
#4362=ADVANCED_FACE('',(#474),#198,.T.);
#4363=ADVANCED_FACE('',(#475),#199,.T.);
#4364=ADVANCED_FACE('',(#476,#321),#200,.T.);
#4365=ADVANCED_FACE('',(#477),#201,.T.);
#4366=ADVANCED_FACE('',(#478),#202,.T.);
#4367=ADVANCED_FACE('',(#479),#203,.F.);
#4368=ADVANCED_FACE('',(#480,#322),#4278,.T.);
#4369=ADVANCED_FACE('',(#481),#4279,.F.);
#4370=ADVANCED_FACE('',(#482),#204,.F.);
#4371=ADVANCED_FACE('',(#483),#205,.F.);
#4372=ADVANCED_FACE('',(#484),#206,.T.);
#4373=ADVANCED_FACE('',(#485),#207,.T.);
#4374=ADVANCED_FACE('',(#486),#208,.T.);
#4375=ADVANCED_FACE('',(#487,#323),#209,.T.);
#4376=ADVANCED_FACE('',(#488),#210,.T.);
#4377=ADVANCED_FACE('',(#489),#211,.T.);
#4378=ADVANCED_FACE('',(#490,#324),#212,.T.);
#4379=ADVANCED_FACE('',(#491),#4280,.F.);
#4380=ADVANCED_FACE('',(#492,#325),#4281,.T.);
#4381=ADVANCED_FACE('',(#493),#4282,.T.);
#4382=ADVANCED_FACE('',(#494,#326),#213,.T.);
#4383=ADVANCED_FACE('',(#495),#214,.F.);
#4384=ADVANCED_FACE('',(#496),#4283,.F.);
#4385=ADVANCED_FACE('',(#497),#215,.F.);
#4386=ADVANCED_FACE('',(#498),#4284,.T.);
#4387=ADVANCED_FACE('',(#499,#327),#216,.F.);
#4388=ADVANCED_FACE('',(#500),#217,.F.);
#4389=ADVANCED_FACE('',(#501),#218,.F.);
#4390=ADVANCED_FACE('',(#502),#219,.F.);
#4391=ADVANCED_FACE('',(#503),#220,.F.);
#4392=ADVANCED_FACE('',(#504),#221,.F.);
#4393=ADVANCED_FACE('',(#505),#222,.F.);
#4394=ADVANCED_FACE('',(#506),#4285,.T.);
#4395=ADVANCED_FACE('',(#507),#4286,.T.);
#4396=ADVANCED_FACE('',(#508),#223,.F.);
#4397=ADVANCED_FACE('',(#509),#190,.F.);
#4398=ADVANCED_FACE('',(#510,#328,#329),#4287,.T.);
#4399=ADVANCED_FACE('',(#511),#4288,.F.);
#4400=ADVANCED_FACE('',(#512,#330),#4289,.T.);
#4401=ADVANCED_FACE('',(#513),#4290,.T.);
#4402=ADVANCED_FACE('',(#514,#331),#224,.F.);
#4403=ADVANCED_FACE('',(#515),#225,.T.);
#4404=ADVANCED_FACE('',(#516),#4291,.F.);
#4405=ADVANCED_FACE('',(#517),#226,.T.);
#4406=ADVANCED_FACE('',(#518),#4292,.T.);
#4407=ADVANCED_FACE('',(#519,#332),#227,.T.);
#4408=ADVANCED_FACE('',(#520),#228,.T.);
#4409=ADVANCED_FACE('',(#521),#229,.T.);
#4410=ADVANCED_FACE('',(#522),#230,.T.);
#4411=ADVANCED_FACE('',(#523,#333),#231,.F.);
#4412=ADVANCED_FACE('',(#524),#232,.T.);
#4413=ADVANCED_FACE('',(#525),#233,.T.);
#4414=ADVANCED_FACE('',(#526),#234,.T.);
#4415=ADVANCED_FACE('',(#527),#235,.T.);
#4416=ADVANCED_FACE('',(#528),#236,.F.);
#4417=ADVANCED_FACE('',(#529),#4293,.T.);
#4418=ADVANCED_FACE('',(#530),#4294,.T.);
#4419=ADVANCED_FACE('',(#531),#4295,.T.);
#4420=ADVANCED_FACE('',(#532),#237,.T.);
#4421=ADVANCED_FACE('',(#533),#191,.T.);
#4422=ADVANCED_FACE('',(#534,#334),#4296,.T.);
#4423=ADVANCED_FACE('',(#535),#238,.T.);
#4424=ADVANCED_FACE('',(#536),#239,.F.);
#4425=ADVANCED_FACE('',(#537),#4297,.T.);
#4426=ADVANCED_FACE('',(#538),#240,.F.);
#4427=ADVANCED_FACE('',(#539),#241,.T.);
#4428=ADVANCED_FACE('',(#540,#335,#336),#4298,.F.);
#4429=ADVANCED_FACE('',(#541,#337,#338,#339,#340),#4299,.T.);
#4430=ADVANCED_FACE('',(#542,#341,#342),#4300,.F.);
#4431=ADVANCED_FACE('',(#543),#66,.F.);
#4432=ADVANCED_FACE('',(#544,#343),#242,.T.);
#4433=ADVANCED_FACE('',(#545),#4301,.F.);
#4434=ADVANCED_FACE('',(#546),#67,.T.);
#4435=ADVANCED_FACE('',(#547),#68,.F.);
#4436=ADVANCED_FACE('',(#548,#344),#243,.F.);
#4437=ADVANCED_FACE('',(#549),#4302,.F.);
#4438=ADVANCED_FACE('',(#550),#69,.T.);
#4439=ADVANCED_FACE('',(#551),#4303,.F.);
#4440=ADVANCED_FACE('',(#552),#70,.T.);
#4441=ADVANCED_FACE('',(#553),#4304,.T.);
#4442=ADVANCED_FACE('',(#554,#345),#244,.F.);
#4443=ADVANCED_FACE('',(#555),#71,.T.);
#4444=ADVANCED_FACE('',(#556),#245,.T.);
#4445=ADVANCED_FACE('',(#557),#246,.F.);
#4446=ADVANCED_FACE('',(#558),#247,.F.);
#4447=ADVANCED_FACE('',(#559),#248,.F.);
#4448=ADVANCED_FACE('',(#560),#249,.F.);
#4449=ADVANCED_FACE('',(#561),#250,.F.);
#4450=ADVANCED_FACE('',(#562),#251,.F.);
#4451=ADVANCED_FACE('',(#563),#72,.F.);
#4452=ADVANCED_FACE('',(#564),#73,.T.);
#4453=ADVANCED_FACE('',(#565),#4305,.T.);
#4454=ADVANCED_FACE('',(#566,#346),#252,.F.);
#4455=ADVANCED_FACE('',(#567),#74,.T.);
#4456=ADVANCED_FACE('',(#568),#253,.T.);
#4457=ADVANCED_FACE('',(#569),#254,.F.);
#4458=ADVANCED_FACE('',(#570),#255,.F.);
#4459=ADVANCED_FACE('',(#571),#256,.F.);
#4460=ADVANCED_FACE('',(#572),#257,.F.);
#4461=ADVANCED_FACE('',(#573),#258,.F.);
#4462=ADVANCED_FACE('',(#574),#259,.F.);
#4463=ADVANCED_FACE('',(#575),#75,.F.);
#4464=ADVANCED_FACE('',(#576),#260,.F.);
#4465=ADVANCED_FACE('',(#577),#261,.F.);
#4466=ADVANCED_FACE('',(#578),#262,.F.);
#4467=ADVANCED_FACE('',(#579),#263,.F.);
#4468=ADVANCED_FACE('',(#580),#264,.F.);
#4469=ADVANCED_FACE('',(#581),#265,.F.);
#4470=ADVANCED_FACE('',(#582),#266,.F.);
#4471=ADVANCED_FACE('',(#583),#267,.F.);
#4472=ADVANCED_FACE('',(#584),#4306,.F.);
#4473=ADVANCED_FACE('',(#585),#4307,.T.);
#4474=ADVANCED_FACE('',(#586),#268,.T.);
#4475=ADVANCED_FACE('',(#587,#347),#269,.T.);
#4476=ADVANCED_FACE('',(#588),#270,.F.);
#4477=ADVANCED_FACE('',(#589),#4308,.T.);
#4478=ADVANCED_FACE('',(#590),#271,.T.);
#4479=ADVANCED_FACE('',(#591),#272,.F.);
#4480=ADVANCED_FACE('',(#592,#348,#349,#350),#273,.T.);
#4481=ADVANCED_FACE('',(#593),#4309,.F.);
#4482=ADVANCED_FACE('',(#594),#4310,.F.);
#4483=ADVANCED_FACE('',(#595),#4311,.F.);
#4484=ADVANCED_FACE('',(#596),#4312,.F.);
#4485=ADVANCED_FACE('',(#597),#4313,.F.);
#4486=ADVANCED_FACE('',(#598),#4314,.F.);
#4487=ADVANCED_FACE('',(#599),#76,.T.);
#4488=ADVANCED_FACE('',(#600),#77,.F.);
#4489=ADVANCED_FACE('',(#601,#351,#352,#353,#354,#355,#356,#357,#358),#274,
 .F.);
#4490=ADVANCED_FACE('',(#602),#4315,.F.);
#4491=ADVANCED_FACE('',(#603,#359,#360,#361),#275,.T.);
#4492=ADVANCED_FACE('',(#604),#4316,.F.);
#4493=ADVANCED_FACE('',(#605),#27,.T.);
#4494=ADVANCED_FACE('',(#606),#4317,.F.);
#4495=ADVANCED_FACE('',(#607),#28,.T.);
#4496=ADVANCED_FACE('',(#608),#4318,.T.);
#4497=ADVANCED_FACE('',(#609),#29,.T.);
#4498=ADVANCED_FACE('',(#610,#362,#363,#364,#365,#366,#367),#276,.T.);
#4499=ADVANCED_FACE('',(#611,#368),#277,.T.);
#4500=ADVANCED_FACE('',(#612),#4319,.F.);
#4501=ADVANCED_FACE('',(#613,#369),#278,.T.);
#4502=ADVANCED_FACE('',(#614),#4320,.F.);
#4503=ADVANCED_FACE('',(#615),#4321,.F.);
#4504=ADVANCED_FACE('',(#616,#370,#371,#372,#373,#374,#375,#376),#279,.F.);
#4505=ADVANCED_FACE('',(#617),#78,.F.);
#4506=ADVANCED_FACE('',(#618,#377),#280,.F.);
#4507=ADVANCED_FACE('',(#619),#4322,.F.);
#4508=ADVANCED_FACE('',(#620),#79,.F.);
#4509=ADVANCED_FACE('',(#621),#13,.T.);
#4510=ADVANCED_FACE('',(#622),#14,.T.);
#4511=ADVANCED_FACE('',(#623),#4323,.T.);
#4512=ADVANCED_FACE('',(#624),#4324,.T.);
#4513=ADVANCED_FACE('',(#625),#15,.T.);
#4514=ADVANCED_FACE('',(#626),#16,.T.);
#4515=ADVANCED_FACE('',(#627),#4325,.T.);
#4516=ADVANCED_FACE('',(#628),#4326,.T.);
#4517=ADVANCED_FACE('',(#629),#17,.T.);
#4518=ADVANCED_FACE('',(#630),#18,.T.);
#4519=ADVANCED_FACE('',(#631),#4327,.T.);
#4520=ADVANCED_FACE('',(#632),#4328,.T.);
#4521=ADVANCED_FACE('',(#633),#19,.T.);
#4522=ADVANCED_FACE('',(#634),#20,.T.);
#4523=ADVANCED_FACE('',(#635),#4329,.T.);
#4524=ADVANCED_FACE('',(#636),#4330,.T.);
#4525=ADVANCED_FACE('',(#637),#21,.T.);
#4526=ADVANCED_FACE('',(#638),#22,.T.);
#4527=ADVANCED_FACE('',(#639),#4331,.T.);
#4528=ADVANCED_FACE('',(#640),#4332,.T.);
#4529=ADVANCED_FACE('',(#641),#23,.T.);
#4530=ADVANCED_FACE('',(#642),#24,.T.);
#4531=ADVANCED_FACE('',(#643),#4333,.T.);
#4532=ADVANCED_FACE('',(#644),#4334,.T.);
#4533=ADVANCED_FACE('',(#645),#25,.T.);
#4534=ADVANCED_FACE('',(#646),#4335,.T.);
#4535=ADVANCED_FACE('',(#647),#80,.T.);
#4536=ADVANCED_FACE('',(#648),#26,.T.);
#4537=ADVANCED_FACE('',(#649),#4336,.T.);
#4538=ADVANCED_FACE('',(#650),#81,.T.);
#4539=ADVANCED_FACE('',(#651,#378,#379),#4337,.F.);
#4540=ADVANCED_FACE('',(#652,#380,#381,#382,#383),#4338,.T.);
#4541=ADVANCED_FACE('',(#653,#384,#385),#4339,.F.);
#4542=ADVANCED_FACE('',(#654),#82,.F.);
#4543=ADVANCED_FACE('',(#655,#386),#281,.T.);
#4544=ADVANCED_FACE('',(#656),#4340,.F.);
#4545=ADVANCED_FACE('',(#657),#83,.T.);
#4546=ADVANCED_FACE('',(#658),#84,.F.);
#4547=ADVANCED_FACE('',(#659,#387),#282,.F.);
#4548=ADVANCED_FACE('',(#660),#4341,.F.);
#4549=ADVANCED_FACE('',(#661),#85,.T.);
#4550=ADVANCED_FACE('',(#662),#4342,.F.);
#4551=ADVANCED_FACE('',(#663),#86,.T.);
#4552=ADVANCED_FACE('',(#664),#4343,.T.);
#4553=ADVANCED_FACE('',(#665,#388),#283,.F.);
#4554=ADVANCED_FACE('',(#666),#87,.T.);
#4555=ADVANCED_FACE('',(#667),#284,.T.);
#4556=ADVANCED_FACE('',(#668),#285,.F.);
#4557=ADVANCED_FACE('',(#669),#286,.F.);
#4558=ADVANCED_FACE('',(#670),#287,.F.);
#4559=ADVANCED_FACE('',(#671),#288,.F.);
#4560=ADVANCED_FACE('',(#672),#289,.F.);
#4561=ADVANCED_FACE('',(#673),#290,.F.);
#4562=ADVANCED_FACE('',(#674),#88,.F.);
#4563=ADVANCED_FACE('',(#675),#89,.T.);
#4564=ADVANCED_FACE('',(#676),#4344,.T.);
#4565=ADVANCED_FACE('',(#677,#389),#291,.F.);
#4566=ADVANCED_FACE('',(#678),#90,.T.);
#4567=ADVANCED_FACE('',(#679),#292,.T.);
#4568=ADVANCED_FACE('',(#680),#293,.F.);
#4569=ADVANCED_FACE('',(#681),#294,.F.);
#4570=ADVANCED_FACE('',(#682),#295,.F.);
#4571=ADVANCED_FACE('',(#683),#296,.F.);
#4572=ADVANCED_FACE('',(#684),#297,.F.);
#4573=ADVANCED_FACE('',(#685),#298,.F.);
#4574=ADVANCED_FACE('',(#686),#91,.F.);
#4575=ADVANCED_FACE('',(#687,#390,#391),#4345,.F.);
#4576=ADVANCED_FACE('',(#688,#392,#393,#394,#395),#4346,.T.);
#4577=ADVANCED_FACE('',(#689,#396,#397),#4347,.F.);
#4578=ADVANCED_FACE('',(#690),#92,.F.);
#4579=ADVANCED_FACE('',(#691,#398),#299,.T.);
#4580=ADVANCED_FACE('',(#692),#4348,.F.);
#4581=ADVANCED_FACE('',(#693),#93,.T.);
#4582=ADVANCED_FACE('',(#694),#94,.F.);
#4583=ADVANCED_FACE('',(#695,#399),#300,.F.);
#4584=ADVANCED_FACE('',(#696),#4349,.F.);
#4585=ADVANCED_FACE('',(#697),#95,.T.);
#4586=ADVANCED_FACE('',(#698),#4350,.F.);
#4587=ADVANCED_FACE('',(#699),#96,.T.);
#4588=ADVANCED_FACE('',(#700),#4351,.T.);
#4589=ADVANCED_FACE('',(#701,#400),#301,.F.);
#4590=ADVANCED_FACE('',(#702),#97,.T.);
#4591=ADVANCED_FACE('',(#703),#302,.T.);
#4592=ADVANCED_FACE('',(#704),#303,.F.);
#4593=ADVANCED_FACE('',(#705),#304,.F.);
#4594=ADVANCED_FACE('',(#706),#305,.F.);
#4595=ADVANCED_FACE('',(#707),#306,.F.);
#4596=ADVANCED_FACE('',(#708),#307,.F.);
#4597=ADVANCED_FACE('',(#709),#308,.F.);
#4598=ADVANCED_FACE('',(#710),#98,.F.);
#4599=ADVANCED_FACE('',(#711),#99,.T.);
#4600=ADVANCED_FACE('',(#712),#4352,.T.);
#4601=ADVANCED_FACE('',(#713,#401),#309,.F.);
#4602=ADVANCED_FACE('',(#714),#100,.T.);
#4603=ADVANCED_FACE('',(#715),#310,.T.);
#4604=ADVANCED_FACE('',(#716),#311,.F.);
#4605=ADVANCED_FACE('',(#717),#312,.F.);
#4606=ADVANCED_FACE('',(#718),#313,.F.);
#4607=ADVANCED_FACE('',(#719),#314,.F.);
#4608=ADVANCED_FACE('',(#720),#315,.F.);
#4609=ADVANCED_FACE('',(#721),#316,.F.);
#4610=ADVANCED_FACE('',(#722),#101,.F.);
#4611=CLOSED_SHELL('',(#4353,#4354,#4355,#4356,#4357,#4358,#4359,#4360,
#4361,#4362,#4363,#4364,#4365,#4366,#4367,#4368,#4369,#4370,#4371,#4372,
#4373,#4374,#4375,#4376,#4377,#4378,#4379,#4380,#4381,#4382,#4383,#4384,
#4385,#4386,#4387,#4388,#4389,#4390,#4391,#4392,#4393,#4394,#4395,#4396,
#4397,#4398,#4399,#4400,#4401,#4402,#4403,#4404,#4405,#4406,#4407,#4408,
#4409,#4410,#4411,#4412,#4413,#4414,#4415,#4416,#4417,#4418,#4419,#4420,
#4421,#4422,#4423,#4424,#4425,#4426,#4427));
#4612=CLOSED_SHELL('',(#4428,#4429,#4430,#4431,#4432,#4433,#4434,#4435,
#4436,#4437,#4438,#4439,#4440,#4441,#4442,#4443,#4444,#4445,#4446,#4447,
#4448,#4449,#4450,#4451,#4452,#4453,#4454,#4455,#4456,#4457,#4458,#4459,
#4460,#4461,#4462,#4463));
#4613=CLOSED_SHELL('',(#4464,#4465,#4466,#4467,#4468,#4469,#4470,#4471,
#4472,#4473,#4474,#4475,#4476));
#4614=CLOSED_SHELL('',(#4477,#4478,#4479));
#4615=CLOSED_SHELL('',(#4480,#4481,#4482,#4483,#4484,#4485,#4486,#4487,
#4488,#4489,#4490,#4491,#4492,#4493,#4494,#4495,#4496,#4497,#4498,#4499,
#4500,#4501,#4502,#4503,#4504,#4505,#4506,#4507,#4508,#4509,#4510,#4511,
#4512,#4513,#4514,#4515,#4516,#4517,#4518,#4519,#4520,#4521,#4522,#4523,
#4524,#4525,#4526,#4527,#4528,#4529,#4530,#4531,#4532,#4533,#4534,#4535,
#4536,#4537,#4538));
#4616=CLOSED_SHELL('',(#4539,#4540,#4541,#4542,#4543,#4544,#4545,#4546,
#4547,#4548,#4549,#4550,#4551,#4552,#4553,#4554,#4555,#4556,#4557,#4558,
#4559,#4560,#4561,#4562,#4563,#4564,#4565,#4566,#4567,#4568,#4569,#4570,
#4571,#4572,#4573,#4574));
#4617=CLOSED_SHELL('',(#4575,#4576,#4577,#4578,#4579,#4580,#4581,#4582,
#4583,#4584,#4585,#4586,#4587,#4588,#4589,#4590,#4591,#4592,#4593,#4594,
#4595,#4596,#4597,#4598,#4599,#4600,#4601,#4602,#4603,#4604,#4605,#4606,
#4607,#4608,#4609,#4610));
#4618=DERIVED_UNIT_ELEMENT(#4620,1.);
#4619=DERIVED_UNIT_ELEMENT(#9187,-3.);
#4620=(
MASS_UNIT()
NAMED_UNIT(*)
SI_UNIT(.KILO.,.GRAM.)
);
#4621=DERIVED_UNIT((#4618,#4619));
#4622=MEASURE_REPRESENTATION_ITEM('density measure',
POSITIVE_RATIO_MEASURE(7850.),#4621);
#4623=PROPERTY_DEFINITION_REPRESENTATION(#4628,#4625);
#4624=PROPERTY_DEFINITION_REPRESENTATION(#4629,#4626);
#4625=REPRESENTATION('material name',(#4627),#9184);
#4626=REPRESENTATION('density',(#4622),#9184);
#4627=DESCRIPTIVE_REPRESENTATION_ITEM('Steel','Steel');
#4628=PROPERTY_DEFINITION('material property','material name',#9194);
#4629=PROPERTY_DEFINITION('material property','density of part',#9194);
#4630=AXIS2_PLACEMENT_3D('',#6431,#5131,#5132);
#4631=AXIS2_PLACEMENT_3D('',#6432,#5133,#5134);
#4632=AXIS2_PLACEMENT_3D('',#6434,#5135,#5136);
#4633=AXIS2_PLACEMENT_3D('',#6437,#5138,#5139);
#4634=AXIS2_PLACEMENT_3D('',#6567,#5140,#5141);
#4635=AXIS2_PLACEMENT_3D('',#6568,#5142,#5143);
#4636=AXIS2_PLACEMENT_3D('',#6569,#5144,#5145);
#4637=AXIS2_PLACEMENT_3D('',#6572,#5146,#5147);
#4638=AXIS2_PLACEMENT_3D('',#6573,#5148,#5149);
#4639=AXIS2_PLACEMENT_3D('',#6574,#5150,#5151);
#4640=AXIS2_PLACEMENT_3D('',#6576,#5152,#5153);
#4641=AXIS2_PLACEMENT_3D('',#6580,#5155,#5156);
#4642=AXIS2_PLACEMENT_3D('',#6583,#5158,#5159);
#4643=AXIS2_PLACEMENT_3D('',#6585,#5160,#5161);
#4644=AXIS2_PLACEMENT_3D('',#6588,#5163,#5164);
#4645=AXIS2_PLACEMENT_3D('',#6589,#5165,#5166);
#4646=AXIS2_PLACEMENT_3D('',#6591,#5167,#5168);
#4647=AXIS2_PLACEMENT_3D('',#6594,#5170,#5171);
#4648=AXIS2_PLACEMENT_3D('',#6595,#5172,#5173);
#4649=AXIS2_PLACEMENT_3D('',#6596,#5174,#5175);
#4650=AXIS2_PLACEMENT_3D('',#6597,#5176,#5177);
#4651=AXIS2_PLACEMENT_3D('',#6608,#5184,#5185);
#4652=AXIS2_PLACEMENT_3D('',#6614,#5189,#5190);
#4653=AXIS2_PLACEMENT_3D('',#6618,#5193,#5194);
#4654=AXIS2_PLACEMENT_3D('',#6622,#5197,#5198);
#4655=AXIS2_PLACEMENT_3D('',#6624,#5200,#5201);
#4656=AXIS2_PLACEMENT_3D('',#6625,#5202,#5203);
#4657=AXIS2_PLACEMENT_3D('',#6626,#5204,#5205);
#4658=AXIS2_PLACEMENT_3D('',#6629,#5206,#5207);
#4659=AXIS2_PLACEMENT_3D('',#6630,#5208,#5209);
#4660=AXIS2_PLACEMENT_3D('',#6631,#5210,#5211);
#4661=AXIS2_PLACEMENT_3D('',#6633,#5212,#5213);
#4662=AXIS2_PLACEMENT_3D('',#6637,#5215,#5216);
#4663=AXIS2_PLACEMENT_3D('',#6640,#5218,#5219);
#4664=AXIS2_PLACEMENT_3D('',#6642,#5220,#5221);
#4665=AXIS2_PLACEMENT_3D('',#6645,#5223,#5224);
#4666=AXIS2_PLACEMENT_3D('',#6646,#5225,#5226);
#4667=AXIS2_PLACEMENT_3D('',#6648,#5227,#5228);
#4668=AXIS2_PLACEMENT_3D('',#6651,#5230,#5231);
#4669=AXIS2_PLACEMENT_3D('',#6652,#5232,#5233);
#4670=AXIS2_PLACEMENT_3D('',#6653,#5234,#5235);
#4671=AXIS2_PLACEMENT_3D('',#6654,#5236,#5237);
#4672=AXIS2_PLACEMENT_3D('',#6665,#5244,#5245);
#4673=AXIS2_PLACEMENT_3D('',#6671,#5249,#5250);
#4674=AXIS2_PLACEMENT_3D('',#6675,#5253,#5254);
#4675=AXIS2_PLACEMENT_3D('',#6679,#5257,#5258);
#4676=AXIS2_PLACEMENT_3D('',#6681,#5260,#5261);
#4677=AXIS2_PLACEMENT_3D('',#6682,#5262,#5263);
#4678=AXIS2_PLACEMENT_3D('',#6683,#5264,#5265);
#4679=AXIS2_PLACEMENT_3D('',#6693,#5270,#5271);
#4680=AXIS2_PLACEMENT_3D('',#6694,#5272,#5273);
#4681=AXIS2_PLACEMENT_3D('',#6697,#5274,#5275);
#4682=AXIS2_PLACEMENT_3D('',#6701,#5277,#5278);
#4683=AXIS2_PLACEMENT_3D('',#6703,#5280,#5281);
#4684=AXIS2_PLACEMENT_3D('',#6705,#5282,#5283);
#4685=AXIS2_PLACEMENT_3D('',#6708,#5285,#5286);
#4686=AXIS2_PLACEMENT_3D('',#6711,#5287,#5288);
#4687=AXIS2_PLACEMENT_3D('',#6715,#5290,#5291);
#4688=AXIS2_PLACEMENT_3D('',#6717,#5293,#5294);
#4689=AXIS2_PLACEMENT_3D('',#6720,#5295,#5296);
#4690=AXIS2_PLACEMENT_3D('',#6724,#5298,#5299);
#4691=AXIS2_PLACEMENT_3D('',#6726,#5301,#5302);
#4692=AXIS2_PLACEMENT_3D('',#6729,#5304,#5305);
#4693=AXIS2_PLACEMENT_3D('',#6733,#5307,#5308);
#4694=AXIS2_PLACEMENT_3D('',#6736,#5310,#5311);
#4695=AXIS2_PLACEMENT_3D('',#6737,#5312,#5313);
#4696=AXIS2_PLACEMENT_3D('',#6741,#5316,#5317);
#4697=AXIS2_PLACEMENT_3D('',#6743,#5318,#5319);
#4698=AXIS2_PLACEMENT_3D('',#6745,#5321,#5322);
#4699=AXIS2_PLACEMENT_3D('',#6749,#5325,#5326);
#4700=AXIS2_PLACEMENT_3D('',#6750,#5327,#5328);
#4701=AXIS2_PLACEMENT_3D('',#6751,#5329,#5330);
#4702=AXIS2_PLACEMENT_3D('',#6754,#5332,#5333);
#4703=AXIS2_PLACEMENT_3D('',#6755,#5334,#5335);
#4704=AXIS2_PLACEMENT_3D('',#6756,#5336,#5337);
#4705=AXIS2_PLACEMENT_3D('',#6763,#5342,#5343);
#4706=AXIS2_PLACEMENT_3D('',#6765,#5345,#5346);
#4707=AXIS2_PLACEMENT_3D('',#6771,#5350,#5351);
#4708=AXIS2_PLACEMENT_3D('',#6773,#5353,#5354);
#4709=AXIS2_PLACEMENT_3D('',#6775,#5356,#5357);
#4710=AXIS2_PLACEMENT_3D('',#6778,#5359,#5360);
#4711=AXIS2_PLACEMENT_3D('',#6779,#5361,#5362);
#4712=AXIS2_PLACEMENT_3D('',#6782,#5363,#5364);
#4713=AXIS2_PLACEMENT_3D('',#6783,#5365,#5366);
#4714=AXIS2_PLACEMENT_3D('',#6785,#5368,#5369);
#4715=AXIS2_PLACEMENT_3D('',#6920,#5370,#5371);
#4716=AXIS2_PLACEMENT_3D('',#6922,#5372,#5373);
#4717=AXIS2_PLACEMENT_3D('',#6923,#5374,#5375);
#4718=AXIS2_PLACEMENT_3D('',#6924,#5376,#5377);
#4719=AXIS2_PLACEMENT_3D('',#6926,#5378,#5379);
#4720=AXIS2_PLACEMENT_3D('',#6929,#5381,#5382);
#4721=AXIS2_PLACEMENT_3D('',#6973,#5383,#5384);
#4722=AXIS2_PLACEMENT_3D('',#6976,#5385,#5386);
#4723=AXIS2_PLACEMENT_3D('',#6980,#5388,#5389);
#4724=AXIS2_PLACEMENT_3D('',#6982,#5391,#5392);
#4725=AXIS2_PLACEMENT_3D('',#6984,#5393,#5394);
#4726=AXIS2_PLACEMENT_3D('',#6987,#5396,#5397);
#4727=AXIS2_PLACEMENT_3D('',#6990,#5398,#5399);
#4728=AXIS2_PLACEMENT_3D('',#6994,#5401,#5402);
#4729=AXIS2_PLACEMENT_3D('',#6996,#5404,#5405);
#4730=AXIS2_PLACEMENT_3D('',#6999,#5406,#5407);
#4731=AXIS2_PLACEMENT_3D('',#7003,#5409,#5410);
#4732=AXIS2_PLACEMENT_3D('',#7005,#5412,#5413);
#4733=AXIS2_PLACEMENT_3D('',#7009,#5415,#5416);
#4734=AXIS2_PLACEMENT_3D('',#7012,#5418,#5419);
#4735=AXIS2_PLACEMENT_3D('',#7015,#5421,#5422);
#4736=AXIS2_PLACEMENT_3D('',#7016,#5423,#5424);
#4737=AXIS2_PLACEMENT_3D('',#7020,#5427,#5428);
#4738=AXIS2_PLACEMENT_3D('',#7023,#5430,#5431);
#4739=AXIS2_PLACEMENT_3D('',#7024,#5432,#5433);
#4740=AXIS2_PLACEMENT_3D('',#7028,#5436,#5437);
#4741=AXIS2_PLACEMENT_3D('',#7029,#5438,#5439);
#4742=AXIS2_PLACEMENT_3D('',#7030,#5440,#5441);
#4743=AXIS2_PLACEMENT_3D('',#7033,#5443,#5444);
#4744=AXIS2_PLACEMENT_3D('',#7034,#5445,#5446);
#4745=AXIS2_PLACEMENT_3D('',#7035,#5447,#5448);
#4746=AXIS2_PLACEMENT_3D('',#7045,#5454,#5455);
#4747=AXIS2_PLACEMENT_3D('',#7049,#5458,#5459);
#4748=AXIS2_PLACEMENT_3D('',#7054,#5462,#5463);
#4749=AXIS2_PLACEMENT_3D('',#7055,#5464,#5465);
#4750=AXIS2_PLACEMENT_3D('',#7061,#5469,#5470);
#4751=AXIS2_PLACEMENT_3D('',#7063,#5472,#5473);
#4752=AXIS2_PLACEMENT_3D('',#7065,#5475,#5476);
#4753=AXIS2_PLACEMENT_3D('',#7066,#5477,#5478);
#4754=AXIS2_PLACEMENT_3D('',#7068,#5479,#5480);
#4755=AXIS2_PLACEMENT_3D('',#7069,#5481,#5482);
#4756=AXIS2_PLACEMENT_3D('',#7071,#5484,#5485);
#4757=AXIS2_PLACEMENT_3D('',#7073,#5486,#5487);
#4758=AXIS2_PLACEMENT_3D('',#7075,#5489,#5490);
#4759=AXIS2_PLACEMENT_3D('',#7079,#5492,#5493);
#4760=AXIS2_PLACEMENT_3D('',#7080,#5494,#5495);
#4761=AXIS2_PLACEMENT_3D('',#7081,#5496,#5497);
#4762=AXIS2_PLACEMENT_3D('',#7216,#5498,#5499);
#4763=AXIS2_PLACEMENT_3D('',#7218,#5500,#5501);
#4764=AXIS2_PLACEMENT_3D('',#7219,#5502,#5503);
#4765=AXIS2_PLACEMENT_3D('',#7220,#5504,#5505);
#4766=AXIS2_PLACEMENT_3D('',#7222,#5507,#5508);
#4767=AXIS2_PLACEMENT_3D('',#7223,#5509,#5510);
#4768=AXIS2_PLACEMENT_3D('',#7224,#5511,#5512);
#4769=AXIS2_PLACEMENT_3D('',#7227,#5514,#5515);
#4770=AXIS2_PLACEMENT_3D('',#7228,#5516,#5517);
#4771=AXIS2_PLACEMENT_3D('',#7229,#5518,#5519);
#4772=AXIS2_PLACEMENT_3D('',#7230,#5520,#5521);
#4773=AXIS2_PLACEMENT_3D('',#7272,#5523,#5524);
#4774=AXIS2_PLACEMENT_3D('',#7273,#5525,#5526);
#4775=AXIS2_PLACEMENT_3D('',#7350,#5527,#5528);
#4776=AXIS2_PLACEMENT_3D('',#7352,#5529,#5530);
#4777=AXIS2_PLACEMENT_3D('',#7355,#5532,#5533);
#4778=AXIS2_PLACEMENT_3D('',#7474,#5534,#5535);
#4779=AXIS2_PLACEMENT_3D('',#7478,#5537,#5538);
#4780=AXIS2_PLACEMENT_3D('',#7479,#5539,#5540);
#4781=AXIS2_PLACEMENT_3D('',#7556,#5541,#5542);
#4782=AXIS2_PLACEMENT_3D('',#7558,#5543,#5544);
#4783=AXIS2_PLACEMENT_3D('',#7561,#5546,#5547);
#4784=AXIS2_PLACEMENT_3D('',#7562,#5548,#5549);
#4785=AXIS2_PLACEMENT_3D('',#7564,#5550,#5551);
#4786=AXIS2_PLACEMENT_3D('',#7565,#5552,#5553);
#4787=AXIS2_PLACEMENT_3D('',#7567,#5555,#5556);
#4788=AXIS2_PLACEMENT_3D('',#7569,#5558,#5559);
#4789=AXIS2_PLACEMENT_3D('',#7572,#5560,#5561);
#4790=AXIS2_PLACEMENT_3D('',#7573,#5562,#5563);
#4791=AXIS2_PLACEMENT_3D('',#7576,#5565,#5566);
#4792=AXIS2_PLACEMENT_3D('',#7577,#5567,#5568);
#4793=AXIS2_PLACEMENT_3D('',#7579,#5569,#5570);
#4794=AXIS2_PLACEMENT_3D('',#7580,#5571,#5572);
#4795=AXIS2_PLACEMENT_3D('',#7582,#5574,#5575);
#4796=AXIS2_PLACEMENT_3D('',#7584,#5577,#5578);
#4797=AXIS2_PLACEMENT_3D('',#7586,#5580,#5581);
#4798=AXIS2_PLACEMENT_3D('',#7589,#5582,#5583);
#4799=AXIS2_PLACEMENT_3D('',#7590,#5584,#5585);
#4800=AXIS2_PLACEMENT_3D('',#7593,#5587,#5588);
#4801=AXIS2_PLACEMENT_3D('',#7594,#5589,#5590);
#4802=AXIS2_PLACEMENT_3D('',#7596,#5592,#5593);
#4803=AXIS2_PLACEMENT_3D('',#7609,#5600,#5601);
#4804=AXIS2_PLACEMENT_3D('',#7612,#5603,#5604);
#4805=AXIS2_PLACEMENT_3D('',#7613,#5605,#5606);
#4806=AXIS2_PLACEMENT_3D('',#7614,#5607,#5608);
#4807=AXIS2_PLACEMENT_3D('',#7622,#5611,#5612);
#4808=AXIS2_PLACEMENT_3D('',#7628,#5614,#5615);
#4809=AXIS2_PLACEMENT_3D('',#7634,#5617,#5618);
#4810=AXIS2_PLACEMENT_3D('',#7640,#5620,#5621);
#4811=AXIS2_PLACEMENT_3D('',#7646,#5623,#5624);
#4812=AXIS2_PLACEMENT_3D('',#7650,#5625,#5626);
#4813=AXIS2_PLACEMENT_3D('',#7653,#5628,#5629);
#4814=AXIS2_PLACEMENT_3D('',#7656,#5630,#5631);
#4815=AXIS2_PLACEMENT_3D('',#7657,#5632,#5633);
#4816=AXIS2_PLACEMENT_3D('',#7660,#5635,#5636);
#4817=AXIS2_PLACEMENT_3D('',#7661,#5637,#5638);
#4818=AXIS2_PLACEMENT_3D('',#7663,#5640,#5641);
#4819=AXIS2_PLACEMENT_3D('',#7676,#5648,#5649);
#4820=AXIS2_PLACEMENT_3D('',#7679,#5651,#5652);
#4821=AXIS2_PLACEMENT_3D('',#7680,#5653,#5654);
#4822=AXIS2_PLACEMENT_3D('',#7681,#5655,#5656);
#4823=AXIS2_PLACEMENT_3D('',#7689,#5659,#5660);
#4824=AXIS2_PLACEMENT_3D('',#7695,#5662,#5663);
#4825=AXIS2_PLACEMENT_3D('',#7701,#5665,#5666);
#4826=AXIS2_PLACEMENT_3D('',#7707,#5668,#5669);
#4827=AXIS2_PLACEMENT_3D('',#7713,#5671,#5672);
#4828=AXIS2_PLACEMENT_3D('',#7717,#5673,#5674);
#4829=AXIS2_PLACEMENT_3D('',#7720,#5676,#5677);
#4830=AXIS2_PLACEMENT_3D('',#7723,#5678,#5679);
#4831=AXIS2_PLACEMENT_3D('',#7727,#5681,#5682);
#4832=AXIS2_PLACEMENT_3D('',#7731,#5684,#5685);
#4833=AXIS2_PLACEMENT_3D('',#7735,#5687,#5688);
#4834=AXIS2_PLACEMENT_3D('',#7737,#5690,#5691);
#4835=AXIS2_PLACEMENT_3D('',#7743,#5695,#5696);
#4836=AXIS2_PLACEMENT_3D('',#7749,#5700,#5701);
#4837=AXIS2_PLACEMENT_3D('',#7758,#5706,#5707);
#4838=AXIS2_PLACEMENT_3D('',#7760,#5708,#5709);
#4839=AXIS2_PLACEMENT_3D('',#7763,#5711,#5712);
#4840=AXIS2_PLACEMENT_3D('',#7764,#5713,#5714);
#4841=AXIS2_PLACEMENT_3D('',#7770,#5718,#5719);
#4842=AXIS2_PLACEMENT_3D('',#7776,#5723,#5724);
#4843=AXIS2_PLACEMENT_3D('',#7777,#5725,#5726);
#4844=AXIS2_PLACEMENT_3D('',#7779,#5727,#5728);
#4845=AXIS2_PLACEMENT_3D('',#7780,#5729,#5730);
#4846=AXIS2_PLACEMENT_3D('',#7781,#5731,#5732);
#4847=AXIS2_PLACEMENT_3D('',#7782,#5733,#5734);
#4848=AXIS2_PLACEMENT_3D('',#7786,#5736,#5737);
#4849=AXIS2_PLACEMENT_3D('',#7789,#5739,#5740);
#4850=AXIS2_PLACEMENT_3D('',#7790,#5741,#5742);
#4851=AXIS2_PLACEMENT_3D('',#7791,#5743,#5744);
#4852=AXIS2_PLACEMENT_3D('',#7795,#5746,#5747);
#4853=AXIS2_PLACEMENT_3D('',#7797,#5749,#5750);
#4854=AXIS2_PLACEMENT_3D('',#7799,#5752,#5753);
#4855=AXIS2_PLACEMENT_3D('',#7800,#5754,#5755);
#4856=AXIS2_PLACEMENT_3D('',#7801,#5756,#5757);
#4857=AXIS2_PLACEMENT_3D('',#7803,#5758,#5759);
#4858=AXIS2_PLACEMENT_3D('',#7807,#5761,#5762);
#4859=AXIS2_PLACEMENT_3D('',#7810,#5764,#5765);
#4860=AXIS2_PLACEMENT_3D('',#7811,#5766,#5767);
#4861=AXIS2_PLACEMENT_3D('',#7812,#5768,#5769);
#4862=AXIS2_PLACEMENT_3D('',#7813,#5770,#5771);
#4863=AXIS2_PLACEMENT_3D('',#7816,#5772,#5773);
#4864=AXIS2_PLACEMENT_3D('',#7820,#5775,#5776);
#4865=AXIS2_PLACEMENT_3D('',#7822,#5777,#5778);
#4866=AXIS2_PLACEMENT_3D('',#7825,#5780,#5781);
#4867=AXIS2_PLACEMENT_3D('',#7827,#5782,#5783);
#4868=AXIS2_PLACEMENT_3D('',#7829,#5784,#5785);
#4869=AXIS2_PLACEMENT_3D('',#7830,#5786,#5787);
#4870=AXIS2_PLACEMENT_3D('',#7832,#5788,#5789);
#4871=AXIS2_PLACEMENT_3D('',#7834,#5791,#5792);
#4872=AXIS2_PLACEMENT_3D('',#7836,#5793,#5794);
#4873=AXIS2_PLACEMENT_3D('',#7838,#5796,#5797);
#4874=AXIS2_PLACEMENT_3D('',#7840,#5798,#5799);
#4875=AXIS2_PLACEMENT_3D('',#7843,#5801,#5802);
#4876=AXIS2_PLACEMENT_3D('',#7844,#5803,#5804);
#4877=AXIS2_PLACEMENT_3D('',#7846,#5805,#5806);
#4878=AXIS2_PLACEMENT_3D('',#7849,#5808,#5809);
#4879=AXIS2_PLACEMENT_3D('',#7850,#5810,#5811);
#4880=AXIS2_PLACEMENT_3D('',#7852,#5812,#5813);
#4881=AXIS2_PLACEMENT_3D('',#7855,#5815,#5816);
#4882=AXIS2_PLACEMENT_3D('',#7856,#5817,#5818);
#4883=AXIS2_PLACEMENT_3D('',#7858,#5819,#5820);
#4884=AXIS2_PLACEMENT_3D('',#7860,#5822,#5823);
#4885=AXIS2_PLACEMENT_3D('',#7862,#5824,#5825);
#4886=AXIS2_PLACEMENT_3D('',#7865,#5827,#5828);
#4887=AXIS2_PLACEMENT_3D('',#7866,#5829,#5830);
#4888=AXIS2_PLACEMENT_3D('',#7868,#5831,#5832);
#4889=AXIS2_PLACEMENT_3D('',#7870,#5834,#5835);
#4890=AXIS2_PLACEMENT_3D('',#7872,#5836,#5837);
#4891=AXIS2_PLACEMENT_3D('',#7874,#5838,#5839);
#4892=AXIS2_PLACEMENT_3D('',#7876,#5840,#5841);
#4893=AXIS2_PLACEMENT_3D('',#7878,#5842,#5843);
#4894=AXIS2_PLACEMENT_3D('',#7880,#5844,#5845);
#4895=AXIS2_PLACEMENT_3D('',#7882,#5846,#5847);
#4896=AXIS2_PLACEMENT_3D('',#7884,#5848,#5849);
#4897=AXIS2_PLACEMENT_3D('',#7886,#5850,#5851);
#4898=AXIS2_PLACEMENT_3D('',#7888,#5852,#5853);
#4899=AXIS2_PLACEMENT_3D('',#7889,#5854,#5855);
#4900=AXIS2_PLACEMENT_3D('',#7942,#5857,#5858);
#4901=AXIS2_PLACEMENT_3D('',#7944,#5859,#5860);
#4902=AXIS2_PLACEMENT_3D('',#7946,#5861,#5862);
#4903=AXIS2_PLACEMENT_3D('',#7948,#5864,#5865);
#4904=AXIS2_PLACEMENT_3D('',#7964,#5867,#5868);
#4905=AXIS2_PLACEMENT_3D('',#7976,#5869,#5870);
#4906=AXIS2_PLACEMENT_3D('',#7977,#5871,#5872);
#4907=AXIS2_PLACEMENT_3D('',#7999,#5873,#5874);
#4908=AXIS2_PLACEMENT_3D('',#8000,#5875,#5876);
#4909=AXIS2_PLACEMENT_3D('',#8001,#5877,#5878);
#4910=AXIS2_PLACEMENT_3D('',#8004,#5880,#5881);
#4911=AXIS2_PLACEMENT_3D('',#8005,#5882,#5883);
#4912=AXIS2_PLACEMENT_3D('',#8007,#5884,#5885);
#4913=AXIS2_PLACEMENT_3D('',#8008,#5886,#5887);
#4914=AXIS2_PLACEMENT_3D('',#8009,#5888,#5889);
#4915=AXIS2_PLACEMENT_3D('',#8011,#5890,#5891);
#4916=AXIS2_PLACEMENT_3D('',#8013,#5892,#5893);
#4917=AXIS2_PLACEMENT_3D('',#8015,#5894,#5895);
#4918=AXIS2_PLACEMENT_3D('',#8017,#5896,#5897);
#4919=AXIS2_PLACEMENT_3D('',#8019,#5898,#5899);
#4920=AXIS2_PLACEMENT_3D('',#8021,#5900,#5901);
#4921=AXIS2_PLACEMENT_3D('',#8023,#5902,#5903);
#4922=AXIS2_PLACEMENT_3D('',#8024,#5904,#5905);
#4923=AXIS2_PLACEMENT_3D('',#8026,#5906,#5907);
#4924=AXIS2_PLACEMENT_3D('',#8028,#5908,#5909);
#4925=AXIS2_PLACEMENT_3D('',#8029,#5910,#5911);
#4926=AXIS2_PLACEMENT_3D('',#8031,#5913,#5914);
#4927=AXIS2_PLACEMENT_3D('',#8033,#5915,#5916);
#4928=AXIS2_PLACEMENT_3D('',#8035,#5917,#5918);
#4929=AXIS2_PLACEMENT_3D('',#8036,#5919,#5920);
#4930=AXIS2_PLACEMENT_3D('',#8038,#5922,#5923);
#4931=AXIS2_PLACEMENT_3D('',#8041,#5924,#5925);
#4932=AXIS2_PLACEMENT_3D('',#8042,#5926,#5927);
#4933=AXIS2_PLACEMENT_3D('',#8044,#5929,#5930);
#4934=AXIS2_PLACEMENT_3D('',#8046,#5931,#5932);
#4935=AXIS2_PLACEMENT_3D('',#8047,#5933,#5934);
#4936=AXIS2_PLACEMENT_3D('',#8049,#5936,#5937);
#4937=AXIS2_PLACEMENT_3D('',#8051,#5938,#5939);
#4938=AXIS2_PLACEMENT_3D('',#8052,#5940,#5941);
#4939=AXIS2_PLACEMENT_3D('',#8054,#5942,#5943);
#4940=AXIS2_PLACEMENT_3D('',#8056,#5945,#5946);
#4941=AXIS2_PLACEMENT_3D('',#8058,#5948,#5949);
#4942=AXIS2_PLACEMENT_3D('',#8061,#5950,#5951);
#4943=AXIS2_PLACEMENT_3D('',#8063,#5952,#5953);
#4944=AXIS2_PLACEMENT_3D('',#8064,#5954,#5955);
#4945=AXIS2_PLACEMENT_3D('',#8065,#5956,#5957);
#4946=AXIS2_PLACEMENT_3D('',#8068,#5958,#5959);
#4947=AXIS2_PLACEMENT_3D('',#8070,#5960,#5961);
#4948=AXIS2_PLACEMENT_3D('',#8071,#5962,#5963);
#4949=AXIS2_PLACEMENT_3D('',#8073,#5964,#5965);
#4950=AXIS2_PLACEMENT_3D('',#8074,#5966,#5967);
#4951=AXIS2_PLACEMENT_3D('',#8078,#5970,#5971);
#4952=AXIS2_PLACEMENT_3D('',#8080,#5973,#5974);
#4953=AXIS2_PLACEMENT_3D('',#8083,#5975,#5976);
#4954=AXIS2_PLACEMENT_3D('',#8085,#5977,#5978);
#4955=AXIS2_PLACEMENT_3D('',#8086,#5979,#5980);
#4956=AXIS2_PLACEMENT_3D('',#8087,#5981,#5982);
#4957=AXIS2_PLACEMENT_3D('',#8090,#5983,#5984);
#4958=AXIS2_PLACEMENT_3D('',#8092,#5985,#5986);
#4959=AXIS2_PLACEMENT_3D('',#8093,#5987,#5988);
#4960=AXIS2_PLACEMENT_3D('',#8094,#5989,#5990);
#4961=AXIS2_PLACEMENT_3D('',#8098,#5993,#5994);
#4962=AXIS2_PLACEMENT_3D('',#8100,#5996,#5997);
#4963=AXIS2_PLACEMENT_3D('',#8103,#5998,#5999);
#4964=AXIS2_PLACEMENT_3D('',#8105,#6000,#6001);
#4965=AXIS2_PLACEMENT_3D('',#8106,#6002,#6003);
#4966=AXIS2_PLACEMENT_3D('',#8107,#6004,#6005);
#4967=AXIS2_PLACEMENT_3D('',#8110,#6006,#6007);
#4968=AXIS2_PLACEMENT_3D('',#8112,#6008,#6009);
#4969=AXIS2_PLACEMENT_3D('',#8114,#6010,#6011);
#4970=AXIS2_PLACEMENT_3D('',#8115,#6012,#6013);
#4971=AXIS2_PLACEMENT_3D('',#8116,#6014,#6015);
#4972=AXIS2_PLACEMENT_3D('',#8120,#6018,#6019);
#4973=AXIS2_PLACEMENT_3D('',#8122,#6021,#6022);
#4974=AXIS2_PLACEMENT_3D('',#8125,#6023,#6024);
#4975=AXIS2_PLACEMENT_3D('',#8127,#6025,#6026);
#4976=AXIS2_PLACEMENT_3D('',#8128,#6027,#6028);
#4977=AXIS2_PLACEMENT_3D('',#8129,#6029,#6030);
#4978=AXIS2_PLACEMENT_3D('',#8132,#6031,#6032);
#4979=AXIS2_PLACEMENT_3D('',#8133,#6033,#6034);
#4980=AXIS2_PLACEMENT_3D('',#8135,#6035,#6036);
#4981=AXIS2_PLACEMENT_3D('',#8136,#6037,#6038);
#4982=AXIS2_PLACEMENT_3D('',#8138,#6040,#6041);
#4983=AXIS2_PLACEMENT_3D('',#8140,#6043,#6044);
#4984=AXIS2_PLACEMENT_3D('',#8143,#6045,#6046);
#4985=AXIS2_PLACEMENT_3D('',#8145,#6047,#6048);
#4986=AXIS2_PLACEMENT_3D('',#8146,#6049,#6050);
#4987=AXIS2_PLACEMENT_3D('',#8147,#6051,#6052);
#4988=AXIS2_PLACEMENT_3D('',#8150,#6053,#6054);
#4989=AXIS2_PLACEMENT_3D('',#8151,#6055,#6056);
#4990=AXIS2_PLACEMENT_3D('',#8153,#6057,#6058);
#4991=AXIS2_PLACEMENT_3D('',#8154,#6059,#6060);
#4992=AXIS2_PLACEMENT_3D('',#8156,#6062,#6063);
#4993=AXIS2_PLACEMENT_3D('',#8158,#6065,#6066);
#4994=AXIS2_PLACEMENT_3D('',#8161,#6067,#6068);
#4995=AXIS2_PLACEMENT_3D('',#8163,#6069,#6070);
#4996=AXIS2_PLACEMENT_3D('',#8164,#6071,#6072);
#4997=AXIS2_PLACEMENT_3D('',#8165,#6073,#6074);
#4998=AXIS2_PLACEMENT_3D('',#8168,#6075,#6076);
#4999=AXIS2_PLACEMENT_3D('',#8169,#6077,#6078);
#5000=AXIS2_PLACEMENT_3D('',#8171,#6079,#6080);
#5001=AXIS2_PLACEMENT_3D('',#8172,#6081,#6082);
#5002=AXIS2_PLACEMENT_3D('',#8174,#6084,#6085);
#5003=AXIS2_PLACEMENT_3D('',#8176,#6087,#6088);
#5004=AXIS2_PLACEMENT_3D('',#8179,#6089,#6090);
#5005=AXIS2_PLACEMENT_3D('',#8180,#6091,#6092);
#5006=AXIS2_PLACEMENT_3D('',#8182,#6093,#6094);
#5007=AXIS2_PLACEMENT_3D('',#8183,#6095,#6096);
#5008=AXIS2_PLACEMENT_3D('',#8186,#6098,#6099);
#5009=AXIS2_PLACEMENT_3D('',#8187,#6100,#6101);
#5010=AXIS2_PLACEMENT_3D('',#8189,#6103,#6104);
#5011=AXIS2_PLACEMENT_3D('',#8192,#6105,#6106);
#5012=AXIS2_PLACEMENT_3D('',#8193,#6107,#6108);
#5013=AXIS2_PLACEMENT_3D('',#8195,#6109,#6110);
#5014=AXIS2_PLACEMENT_3D('',#8196,#6111,#6112);
#5015=AXIS2_PLACEMENT_3D('',#8199,#6114,#6115);
#5016=AXIS2_PLACEMENT_3D('',#8200,#6116,#6117);
#5017=AXIS2_PLACEMENT_3D('',#8202,#6119,#6120);
#5018=AXIS2_PLACEMENT_3D('',#8244,#6122,#6123);
#5019=AXIS2_PLACEMENT_3D('',#8245,#6124,#6125);
#5020=AXIS2_PLACEMENT_3D('',#8322,#6126,#6127);
#5021=AXIS2_PLACEMENT_3D('',#8324,#6128,#6129);
#5022=AXIS2_PLACEMENT_3D('',#8327,#6131,#6132);
#5023=AXIS2_PLACEMENT_3D('',#8446,#6133,#6134);
#5024=AXIS2_PLACEMENT_3D('',#8450,#6136,#6137);
#5025=AXIS2_PLACEMENT_3D('',#8451,#6138,#6139);
#5026=AXIS2_PLACEMENT_3D('',#8528,#6140,#6141);
#5027=AXIS2_PLACEMENT_3D('',#8530,#6142,#6143);
#5028=AXIS2_PLACEMENT_3D('',#8533,#6145,#6146);
#5029=AXIS2_PLACEMENT_3D('',#8534,#6147,#6148);
#5030=AXIS2_PLACEMENT_3D('',#8536,#6149,#6150);
#5031=AXIS2_PLACEMENT_3D('',#8537,#6151,#6152);
#5032=AXIS2_PLACEMENT_3D('',#8539,#6154,#6155);
#5033=AXIS2_PLACEMENT_3D('',#8541,#6157,#6158);
#5034=AXIS2_PLACEMENT_3D('',#8544,#6159,#6160);
#5035=AXIS2_PLACEMENT_3D('',#8545,#6161,#6162);
#5036=AXIS2_PLACEMENT_3D('',#8548,#6164,#6165);
#5037=AXIS2_PLACEMENT_3D('',#8549,#6166,#6167);
#5038=AXIS2_PLACEMENT_3D('',#8551,#6168,#6169);
#5039=AXIS2_PLACEMENT_3D('',#8552,#6170,#6171);
#5040=AXIS2_PLACEMENT_3D('',#8554,#6173,#6174);
#5041=AXIS2_PLACEMENT_3D('',#8556,#6176,#6177);
#5042=AXIS2_PLACEMENT_3D('',#8558,#6179,#6180);
#5043=AXIS2_PLACEMENT_3D('',#8561,#6181,#6182);
#5044=AXIS2_PLACEMENT_3D('',#8562,#6183,#6184);
#5045=AXIS2_PLACEMENT_3D('',#8565,#6186,#6187);
#5046=AXIS2_PLACEMENT_3D('',#8566,#6188,#6189);
#5047=AXIS2_PLACEMENT_3D('',#8568,#6191,#6192);
#5048=AXIS2_PLACEMENT_3D('',#8581,#6199,#6200);
#5049=AXIS2_PLACEMENT_3D('',#8584,#6202,#6203);
#5050=AXIS2_PLACEMENT_3D('',#8585,#6204,#6205);
#5051=AXIS2_PLACEMENT_3D('',#8586,#6206,#6207);
#5052=AXIS2_PLACEMENT_3D('',#8594,#6210,#6211);
#5053=AXIS2_PLACEMENT_3D('',#8600,#6213,#6214);
#5054=AXIS2_PLACEMENT_3D('',#8606,#6216,#6217);
#5055=AXIS2_PLACEMENT_3D('',#8612,#6219,#6220);
#5056=AXIS2_PLACEMENT_3D('',#8618,#6222,#6223);
#5057=AXIS2_PLACEMENT_3D('',#8622,#6224,#6225);
#5058=AXIS2_PLACEMENT_3D('',#8625,#6227,#6228);
#5059=AXIS2_PLACEMENT_3D('',#8628,#6229,#6230);
#5060=AXIS2_PLACEMENT_3D('',#8629,#6231,#6232);
#5061=AXIS2_PLACEMENT_3D('',#8632,#6234,#6235);
#5062=AXIS2_PLACEMENT_3D('',#8633,#6236,#6237);
#5063=AXIS2_PLACEMENT_3D('',#8635,#6239,#6240);
#5064=AXIS2_PLACEMENT_3D('',#8648,#6247,#6248);
#5065=AXIS2_PLACEMENT_3D('',#8651,#6250,#6251);
#5066=AXIS2_PLACEMENT_3D('',#8652,#6252,#6253);
#5067=AXIS2_PLACEMENT_3D('',#8653,#6254,#6255);
#5068=AXIS2_PLACEMENT_3D('',#8661,#6258,#6259);
#5069=AXIS2_PLACEMENT_3D('',#8667,#6261,#6262);
#5070=AXIS2_PLACEMENT_3D('',#8673,#6264,#6265);
#5071=AXIS2_PLACEMENT_3D('',#8679,#6267,#6268);
#5072=AXIS2_PLACEMENT_3D('',#8685,#6270,#6271);
#5073=AXIS2_PLACEMENT_3D('',#8689,#6272,#6273);
#5074=AXIS2_PLACEMENT_3D('',#8692,#6275,#6276);
#5075=AXIS2_PLACEMENT_3D('',#8734,#6278,#6279);
#5076=AXIS2_PLACEMENT_3D('',#8735,#6280,#6281);
#5077=AXIS2_PLACEMENT_3D('',#8812,#6282,#6283);
#5078=AXIS2_PLACEMENT_3D('',#8814,#6284,#6285);
#5079=AXIS2_PLACEMENT_3D('',#8817,#6287,#6288);
#5080=AXIS2_PLACEMENT_3D('',#8936,#6289,#6290);
#5081=AXIS2_PLACEMENT_3D('',#8940,#6292,#6293);
#5082=AXIS2_PLACEMENT_3D('',#8941,#6294,#6295);
#5083=AXIS2_PLACEMENT_3D('',#9018,#6296,#6297);
#5084=AXIS2_PLACEMENT_3D('',#9020,#6298,#6299);
#5085=AXIS2_PLACEMENT_3D('',#9023,#6301,#6302);
#5086=AXIS2_PLACEMENT_3D('',#9024,#6303,#6304);
#5087=AXIS2_PLACEMENT_3D('',#9026,#6305,#6306);
#5088=AXIS2_PLACEMENT_3D('',#9027,#6307,#6308);
#5089=AXIS2_PLACEMENT_3D('',#9029,#6310,#6311);
#5090=AXIS2_PLACEMENT_3D('',#9031,#6313,#6314);
#5091=AXIS2_PLACEMENT_3D('',#9034,#6315,#6316);
#5092=AXIS2_PLACEMENT_3D('',#9035,#6317,#6318);
#5093=AXIS2_PLACEMENT_3D('',#9038,#6320,#6321);
#5094=AXIS2_PLACEMENT_3D('',#9039,#6322,#6323);
#5095=AXIS2_PLACEMENT_3D('',#9041,#6324,#6325);
#5096=AXIS2_PLACEMENT_3D('',#9042,#6326,#6327);
#5097=AXIS2_PLACEMENT_3D('',#9044,#6329,#6330);
#5098=AXIS2_PLACEMENT_3D('',#9046,#6332,#6333);
#5099=AXIS2_PLACEMENT_3D('',#9048,#6335,#6336);
#5100=AXIS2_PLACEMENT_3D('',#9051,#6337,#6338);
#5101=AXIS2_PLACEMENT_3D('',#9052,#6339,#6340);
#5102=AXIS2_PLACEMENT_3D('',#9055,#6342,#6343);
#5103=AXIS2_PLACEMENT_3D('',#9056,#6344,#6345);
#5104=AXIS2_PLACEMENT_3D('',#9058,#6347,#6348);
#5105=AXIS2_PLACEMENT_3D('',#9071,#6355,#6356);
#5106=AXIS2_PLACEMENT_3D('',#9074,#6358,#6359);
#5107=AXIS2_PLACEMENT_3D('',#9075,#6360,#6361);
#5108=AXIS2_PLACEMENT_3D('',#9076,#6362,#6363);
#5109=AXIS2_PLACEMENT_3D('',#9084,#6366,#6367);
#5110=AXIS2_PLACEMENT_3D('',#9090,#6369,#6370);
#5111=AXIS2_PLACEMENT_3D('',#9096,#6372,#6373);
#5112=AXIS2_PLACEMENT_3D('',#9102,#6375,#6376);
#5113=AXIS2_PLACEMENT_3D('',#9108,#6378,#6379);
#5114=AXIS2_PLACEMENT_3D('',#9112,#6380,#6381);
#5115=AXIS2_PLACEMENT_3D('',#9115,#6383,#6384);
#5116=AXIS2_PLACEMENT_3D('',#9118,#6385,#6386);
#5117=AXIS2_PLACEMENT_3D('',#9119,#6387,#6388);
#5118=AXIS2_PLACEMENT_3D('',#9122,#6390,#6391);
#5119=AXIS2_PLACEMENT_3D('',#9123,#6392,#6393);
#5120=AXIS2_PLACEMENT_3D('',#9125,#6395,#6396);
#5121=AXIS2_PLACEMENT_3D('',#9138,#6403,#6404);
#5122=AXIS2_PLACEMENT_3D('',#9141,#6406,#6407);
#5123=AXIS2_PLACEMENT_3D('',#9142,#6408,#6409);
#5124=AXIS2_PLACEMENT_3D('',#9143,#6410,#6411);
#5125=AXIS2_PLACEMENT_3D('',#9151,#6414,#6415);
#5126=AXIS2_PLACEMENT_3D('',#9157,#6417,#6418);
#5127=AXIS2_PLACEMENT_3D('',#9163,#6420,#6421);
#5128=AXIS2_PLACEMENT_3D('',#9169,#6423,#6424);
#5129=AXIS2_PLACEMENT_3D('',#9175,#6426,#6427);
#5130=AXIS2_PLACEMENT_3D('',#9179,#6428,#6429);
#5131=DIRECTION('axis',(0.,0.,1.));
#5132=DIRECTION('refdir',(1.,0.,0.));
#5133=DIRECTION('center_axis',(0.,1.,0.));
#5134=DIRECTION('ref_axis',(1.,0.,0.));
#5135=DIRECTION('center_axis',(0.,1.,0.));
#5136=DIRECTION('ref_axis',(1.,0.,0.));
#5137=DIRECTION('',(0.,-1.,0.));
#5138=DIRECTION('center_axis',(0.,-1.,0.));
#5139=DIRECTION('ref_axis',(1.,0.,0.));
#5140=DIRECTION('center_axis',(0.,1.,0.));
#5141=DIRECTION('ref_axis',(0.,0.,1.));
#5142=DIRECTION('center_axis',(0.,1.,0.));
#5143=DIRECTION('ref_axis',(0.,0.,1.));
#5144=DIRECTION('center_axis',(0.,0.,-1.));
#5145=DIRECTION('ref_axis',(-1.,0.,0.));
#5146=DIRECTION('center_axis',(0.,0.,-1.));
#5147=DIRECTION('ref_axis',(0.,-1.,0.));
#5148=DIRECTION('center_axis',(0.,0.,1.));
#5149=DIRECTION('ref_axis',(0.,1.,0.));
#5150=DIRECTION('center_axis',(0.,0.,1.));
#5151=DIRECTION('ref_axis',(0.,-1.,0.));
#5152=DIRECTION('center_axis',(0.,0.,-1.));
#5153=DIRECTION('ref_axis',(0.,-1.,0.));
#5154=DIRECTION('',(0.,0.,1.));
#5155=DIRECTION('center_axis',(0.,0.,1.));
#5156=DIRECTION('ref_axis',(0.,-1.,0.));
#5157=DIRECTION('',(0.,0.,-1.));
#5158=DIRECTION('center_axis',(0.,0.,-1.));
#5159=DIRECTION('ref_axis',(0.,-1.,0.));
#5160=DIRECTION('center_axis',(0.,0.,1.));
#5161=DIRECTION('ref_axis',(0.,-1.,0.));
#5162=DIRECTION('',(0.,0.,-1.));
#5163=DIRECTION('center_axis',(0.,0.,-1.));
#5164=DIRECTION('ref_axis',(0.,-1.,0.));
#5165=DIRECTION('center_axis',(0.,0.,1.));
#5166=DIRECTION('ref_axis',(0.,-1.,0.));
#5167=DIRECTION('center_axis',(0.,0.,1.));
#5168=DIRECTION('ref_axis',(0.,-1.,0.));
#5169=DIRECTION('',(0.,0.,1.));
#5170=DIRECTION('center_axis',(0.,0.,-1.));
#5171=DIRECTION('ref_axis',(0.,-1.,0.));
#5172=DIRECTION('center_axis',(0.,0.,1.));
#5173=DIRECTION('ref_axis',(0.,-1.,0.));
#5174=DIRECTION('center_axis',(0.,0.,1.));
#5175=DIRECTION('ref_axis',(1.,0.,0.));
#5176=DIRECTION('center_axis',(-1.,0.,0.));
#5177=DIRECTION('ref_axis',(0.,0.,1.));
#5178=DIRECTION('',(0.,-1.,0.));
#5179=DIRECTION('',(0.,1.,0.));
#5180=DIRECTION('',(0.,0.,1.));
#5181=DIRECTION('',(0.,-1.,0.));
#5182=DIRECTION('',(0.,0.,-1.));
#5183=DIRECTION('',(0.,1.,0.));
#5184=DIRECTION('center_axis',(0.,-1.,0.));
#5185=DIRECTION('ref_axis',(0.,0.,-1.));
#5186=DIRECTION('',(1.,0.,0.));
#5187=DIRECTION('',(0.,0.,1.));
#5188=DIRECTION('',(1.,0.,0.));
#5189=DIRECTION('center_axis',(0.,0.,-1.));
#5190=DIRECTION('ref_axis',(-1.,0.,0.));
#5191=DIRECTION('',(0.,-1.,0.));
#5192=DIRECTION('',(1.,0.,0.));
#5193=DIRECTION('center_axis',(0.,1.,0.));
#5194=DIRECTION('ref_axis',(0.,0.,1.));
#5195=DIRECTION('',(0.,0.,-1.));
#5196=DIRECTION('',(-1.,0.,0.));
#5197=DIRECTION('center_axis',(0.,0.,1.));
#5198=DIRECTION('ref_axis',(1.,0.,0.));
#5199=DIRECTION('',(0.,1.,0.));
#5200=DIRECTION('center_axis',(-1.,0.,0.));
#5201=DIRECTION('ref_axis',(0.,0.,1.));
#5202=DIRECTION('center_axis',(0.,0.,1.));
#5203=DIRECTION('ref_axis',(1.,0.,0.));
#5204=DIRECTION('center_axis',(0.,0.,-1.));
#5205=DIRECTION('ref_axis',(-1.,0.,0.));
#5206=DIRECTION('center_axis',(0.,0.,-1.));
#5207=DIRECTION('ref_axis',(0.,-1.,0.));
#5208=DIRECTION('center_axis',(0.,0.,1.));
#5209=DIRECTION('ref_axis',(0.,1.,0.));
#5210=DIRECTION('center_axis',(0.,0.,1.));
#5211=DIRECTION('ref_axis',(0.,-1.,0.));
#5212=DIRECTION('center_axis',(0.,0.,-1.));
#5213=DIRECTION('ref_axis',(0.,-1.,0.));
#5214=DIRECTION('',(0.,0.,1.));
#5215=DIRECTION('center_axis',(0.,0.,1.));
#5216=DIRECTION('ref_axis',(0.,-1.,0.));
#5217=DIRECTION('',(0.,0.,-1.));
#5218=DIRECTION('center_axis',(0.,0.,-1.));
#5219=DIRECTION('ref_axis',(0.,-1.,0.));
#5220=DIRECTION('center_axis',(0.,0.,1.));
#5221=DIRECTION('ref_axis',(0.,-1.,0.));
#5222=DIRECTION('',(0.,0.,-1.));
#5223=DIRECTION('center_axis',(0.,0.,-1.));
#5224=DIRECTION('ref_axis',(0.,-1.,0.));
#5225=DIRECTION('center_axis',(0.,0.,1.));
#5226=DIRECTION('ref_axis',(0.,-1.,0.));
#5227=DIRECTION('center_axis',(0.,0.,1.));
#5228=DIRECTION('ref_axis',(0.,-1.,0.));
#5229=DIRECTION('',(0.,0.,1.));
#5230=DIRECTION('center_axis',(0.,0.,-1.));
#5231=DIRECTION('ref_axis',(0.,-1.,0.));
#5232=DIRECTION('center_axis',(0.,0.,1.));
#5233=DIRECTION('ref_axis',(0.,-1.,0.));
#5234=DIRECTION('center_axis',(0.,0.,1.));
#5235=DIRECTION('ref_axis',(1.,0.,0.));
#5236=DIRECTION('center_axis',(-1.,0.,0.));
#5237=DIRECTION('ref_axis',(0.,0.,1.));
#5238=DIRECTION('',(0.,-1.,0.));
#5239=DIRECTION('',(0.,1.,0.));
#5240=DIRECTION('',(0.,0.,1.));
#5241=DIRECTION('',(0.,-1.,0.));
#5242=DIRECTION('',(0.,0.,-1.));
#5243=DIRECTION('',(0.,1.,0.));
#5244=DIRECTION('center_axis',(0.,-1.,0.));
#5245=DIRECTION('ref_axis',(0.,0.,-1.));
#5246=DIRECTION('',(1.,0.,0.));
#5247=DIRECTION('',(0.,0.,1.));
#5248=DIRECTION('',(1.,0.,0.));
#5249=DIRECTION('center_axis',(0.,0.,-1.));
#5250=DIRECTION('ref_axis',(-1.,0.,0.));
#5251=DIRECTION('',(0.,-1.,0.));
#5252=DIRECTION('',(1.,0.,0.));
#5253=DIRECTION('center_axis',(0.,1.,0.));
#5254=DIRECTION('ref_axis',(0.,0.,1.));
#5255=DIRECTION('',(0.,0.,-1.));
#5256=DIRECTION('',(-1.,0.,0.));
#5257=DIRECTION('center_axis',(0.,0.,1.));
#5258=DIRECTION('ref_axis',(1.,0.,0.));
#5259=DIRECTION('',(0.,1.,0.));
#5260=DIRECTION('center_axis',(-1.,0.,0.));
#5261=DIRECTION('ref_axis',(0.,0.,1.));
#5262=DIRECTION('center_axis',(0.,0.,1.));
#5263=DIRECTION('ref_axis',(1.,0.,0.));
#5264=DIRECTION('center_axis',(0.,0.,-1.));
#5265=DIRECTION('ref_axis',(-1.,0.,0.));
#5266=DIRECTION('',(0.,-1.,0.));
#5267=DIRECTION('',(-1.,0.,0.));
#5268=DIRECTION('',(0.,1.,0.));
#5269=DIRECTION('',(1.,0.,0.));
#5270=DIRECTION('center_axis',(0.,0.,-1.));
#5271=DIRECTION('ref_axis',(0.,-1.,0.));
#5272=DIRECTION('center_axis',(0.,1.,0.));
#5273=DIRECTION('ref_axis',(-0.980390253186806,0.,-0.19706585563286));
#5274=DIRECTION('center_axis',(0.,-1.,0.));
#5275=DIRECTION('ref_axis',(-0.980390253186806,0.,-0.19706585563286));
#5276=DIRECTION('',(0.,1.,0.));
#5277=DIRECTION('center_axis',(0.,1.,0.));
#5278=DIRECTION('ref_axis',(-0.980390253186806,0.,-0.19706585563286));
#5279=DIRECTION('',(0.,-1.,0.));
#5280=DIRECTION('center_axis',(0.,1.,0.));
#5281=DIRECTION('ref_axis',(1.22464679914735E-16,0.,-1.));
#5282=DIRECTION('center_axis',(0.,1.,0.));
#5283=DIRECTION('ref_axis',(0.,0.,1.));
#5284=DIRECTION('',(0.,1.,0.));
#5285=DIRECTION('center_axis',(0.,-1.,0.));
#5286=DIRECTION('ref_axis',(0.,0.,1.));
#5287=DIRECTION('center_axis',(0.,1.,0.));
#5288=DIRECTION('ref_axis',(0.,0.,1.));
#5289=DIRECTION('',(0.,-1.,0.));
#5290=DIRECTION('center_axis',(0.,-1.,0.));
#5291=DIRECTION('ref_axis',(0.,0.,1.));
#5292=DIRECTION('',(0.,1.,0.));
#5293=DIRECTION('center_axis',(0.,1.,0.));
#5294=DIRECTION('ref_axis',(0.707106781186555,0.,0.70710678118654));
#5295=DIRECTION('center_axis',(0.,-1.,0.));
#5296=DIRECTION('ref_axis',(0.707106781186555,0.,0.70710678118654));
#5297=DIRECTION('',(0.,-1.,0.));
#5298=DIRECTION('center_axis',(0.,1.,0.));
#5299=DIRECTION('ref_axis',(0.707106781186555,0.,0.70710678118654));
#5300=DIRECTION('',(0.,1.,0.));
#5301=DIRECTION('center_axis',(0.,1.,0.));
#5302=DIRECTION('ref_axis',(0.,0.,1.));
#5303=DIRECTION('',(0.,0.,1.));
#5304=DIRECTION('center_axis',(0.,-1.,0.));
#5305=DIRECTION('ref_axis',(0.980390253186806,0.,-0.197065855632856));
#5306=DIRECTION('',(0.,0.,-1.));
#5307=DIRECTION('center_axis',(0.,1.,0.));
#5308=DIRECTION('ref_axis',(-0.707106781186555,0.,0.70710678118654));
#5309=DIRECTION('',(-1.,0.,0.));
#5310=DIRECTION('center_axis',(0.,-1.,0.));
#5311=DIRECTION('ref_axis',(0.,0.,-1.));
#5312=DIRECTION('center_axis',(0.,0.,-1.));
#5313=DIRECTION('ref_axis',(-1.,0.,0.));
#5314=DIRECTION('',(0.,-1.,0.));
#5315=DIRECTION('',(1.,0.,0.));
#5316=DIRECTION('center_axis',(0.,1.,0.));
#5317=DIRECTION('ref_axis',(0.980390253186806,0.,-0.197065855632856));
#5318=DIRECTION('center_axis',(0.,1.,0.));
#5319=DIRECTION('ref_axis',(0.980390253186806,0.,-0.197065855632856));
#5320=DIRECTION('',(0.,-1.,0.));
#5321=DIRECTION('center_axis',(1.,0.,0.));
#5322=DIRECTION('ref_axis',(0.,0.,-1.));
#5323=DIRECTION('',(0.,0.,1.));
#5324=DIRECTION('',(0.,1.,0.));
#5325=DIRECTION('center_axis',(0.,1.,0.));
#5326=DIRECTION('ref_axis',(-0.707106781186555,0.,0.70710678118654));
#5327=DIRECTION('center_axis',(0.,-1.,0.));
#5328=DIRECTION('ref_axis',(-0.707106781186555,0.,0.70710678118654));
#5329=DIRECTION('center_axis',(0.,1.,0.));
#5330=DIRECTION('ref_axis',(0.,0.,1.));
#5331=DIRECTION('',(0.,0.,-1.));
#5332=DIRECTION('center_axis',(0.,1.,0.));
#5333=DIRECTION('ref_axis',(0.,0.,-1.));
#5334=DIRECTION('center_axis',(-1.,0.,0.));
#5335=DIRECTION('ref_axis',(0.,0.,1.));
#5336=DIRECTION('center_axis',(0.,1.,0.));
#5337=DIRECTION('ref_axis',(0.,0.,1.));
#5338=DIRECTION('',(0.,0.,-1.));
#5339=DIRECTION('',(-1.,0.,0.));
#5340=DIRECTION('',(0.,0.,-1.));
#5341=DIRECTION('',(0.,0.,-1.));
#5342=DIRECTION('center_axis',(-1.,0.,0.));
#5343=DIRECTION('ref_axis',(0.,0.,1.));
#5344=DIRECTION('',(0.,0.,-1.));
#5345=DIRECTION('center_axis',(0.,-1.,0.));
#5346=DIRECTION('ref_axis',(0.,0.,-1.));
#5347=DIRECTION('',(0.,0.,-1.));
#5348=DIRECTION('',(1.,0.,0.));
#5349=DIRECTION('',(0.,0.,-1.));
#5350=DIRECTION('center_axis',(-1.,0.,0.));
#5351=DIRECTION('ref_axis',(0.,0.,1.));
#5352=DIRECTION('',(0.,-1.,0.));
#5353=DIRECTION('center_axis',(1.,0.,0.));
#5354=DIRECTION('ref_axis',(0.,0.,-1.));
#5355=DIRECTION('',(0.,1.,0.));
#5356=DIRECTION('center_axis',(0.,-1.,0.));
#5357=DIRECTION('ref_axis',(0.,0.,-1.));
#5358=DIRECTION('',(0.,1.,0.));
#5359=DIRECTION('center_axis',(0.,-1.,0.));
#5360=DIRECTION('ref_axis',(0.,0.,-1.));
#5361=DIRECTION('center_axis',(0.,-1.,0.));
#5362=DIRECTION('ref_axis',(0.,0.,-1.));
#5363=DIRECTION('center_axis',(0.,1.,0.));
#5364=DIRECTION('ref_axis',(0.,0.,-1.));
#5365=DIRECTION('center_axis',(0.,1.,0.));
#5366=DIRECTION('ref_axis',(0.,0.,-1.));
#5367=DIRECTION('',(0.,1.,0.));
#5368=DIRECTION('center_axis',(0.,-1.,0.));
#5369=DIRECTION('ref_axis',(0.,0.,-1.));
#5370=DIRECTION('center_axis',(0.,-1.,0.));
#5371=DIRECTION('ref_axis',(1.,0.,0.));
#5372=DIRECTION('center_axis',(0.,1.,0.));
#5373=DIRECTION('ref_axis',(-2.33657186332614E-5,0.,0.999999999727022));
#5374=DIRECTION('center_axis',(0.,1.,0.));
#5375=DIRECTION('ref_axis',(-2.33657186332614E-5,0.,0.999999999727022));
#5376=DIRECTION('center_axis',(0.,0.,1.));
#5377=DIRECTION('ref_axis',(0.,-1.,0.));
#5378=DIRECTION('center_axis',(0.,0.,1.));
#5379=DIRECTION('ref_axis',(0.,-1.,0.));
#5380=DIRECTION('',(0.,0.,-1.));
#5381=DIRECTION('center_axis',(0.,0.,-1.));
#5382=DIRECTION('ref_axis',(0.,-1.,0.));
#5383=DIRECTION('center_axis',(0.,1.,0.));
#5384=DIRECTION('ref_axis',(-0.980390253186806,0.,-0.19706585563286));
#5385=DIRECTION('center_axis',(0.,-1.,0.));
#5386=DIRECTION('ref_axis',(-0.980390253186806,0.,-0.19706585563286));
#5387=DIRECTION('',(0.,1.,0.));
#5388=DIRECTION('center_axis',(0.,1.,0.));
#5389=DIRECTION('ref_axis',(-0.980390253186806,0.,-0.19706585563286));
#5390=DIRECTION('',(0.,-1.,0.));
#5391=DIRECTION('center_axis',(0.,1.,0.));
#5392=DIRECTION('ref_axis',(1.22464679914735E-16,0.,-1.));
#5393=DIRECTION('center_axis',(0.,-1.,0.));
#5394=DIRECTION('ref_axis',(0.,0.,1.));
#5395=DIRECTION('',(0.,-1.,0.));
#5396=DIRECTION('center_axis',(0.,1.,0.));
#5397=DIRECTION('ref_axis',(0.,0.,1.));
#5398=DIRECTION('center_axis',(0.,1.,0.));
#5399=DIRECTION('ref_axis',(0.,0.,1.));
#5400=DIRECTION('',(0.,-1.,0.));
#5401=DIRECTION('center_axis',(0.,-1.,0.));
#5402=DIRECTION('ref_axis',(0.,0.,1.));
#5403=DIRECTION('',(0.,1.,0.));
#5404=DIRECTION('center_axis',(0.,1.,0.));
#5405=DIRECTION('ref_axis',(0.707106781186555,0.,0.70710678118654));
#5406=DIRECTION('center_axis',(0.,-1.,0.));
#5407=DIRECTION('ref_axis',(0.707106781186555,0.,0.70710678118654));
#5408=DIRECTION('',(0.,-1.,0.));
#5409=DIRECTION('center_axis',(0.,1.,0.));
#5410=DIRECTION('ref_axis',(0.707106781186555,0.,0.70710678118654));
#5411=DIRECTION('',(0.,1.,0.));
#5412=DIRECTION('center_axis',(0.,1.,0.));
#5413=DIRECTION('ref_axis',(0.,0.,1.));
#5414=DIRECTION('',(-1.,0.,0.));
#5415=DIRECTION('center_axis',(0.,1.,0.));
#5416=DIRECTION('ref_axis',(-0.707106781186555,0.,0.70710678118654));
#5417=DIRECTION('',(0.,0.,-1.));
#5418=DIRECTION('center_axis',(0.,-1.,0.));
#5419=DIRECTION('ref_axis',(0.980390253186806,0.,-0.197065855632856));
#5420=DIRECTION('',(0.,0.,1.));
#5421=DIRECTION('center_axis',(0.,-1.,0.));
#5422=DIRECTION('ref_axis',(0.,0.,-1.));
#5423=DIRECTION('center_axis',(0.,0.,1.));
#5424=DIRECTION('ref_axis',(1.,0.,0.));
#5425=DIRECTION('',(1.,0.,0.));
#5426=DIRECTION('',(0.,1.,0.));
#5427=DIRECTION('center_axis',(0.,1.,0.));
#5428=DIRECTION('ref_axis',(0.980390253186806,0.,-0.197065855632856));
#5429=DIRECTION('',(0.,1.,0.));
#5430=DIRECTION('center_axis',(0.,1.,0.));
#5431=DIRECTION('ref_axis',(0.980390253186806,0.,-0.197065855632856));
#5432=DIRECTION('center_axis',(-1.,0.,0.));
#5433=DIRECTION('ref_axis',(0.,0.,1.));
#5434=DIRECTION('',(0.,-1.,0.));
#5435=DIRECTION('',(0.,0.,1.));
#5436=DIRECTION('center_axis',(0.,1.,0.));
#5437=DIRECTION('ref_axis',(-0.707106781186555,0.,0.70710678118654));
#5438=DIRECTION('center_axis',(0.,-1.,0.));
#5439=DIRECTION('ref_axis',(-0.707106781186555,0.,0.70710678118654));
#5440=DIRECTION('center_axis',(0.,1.,0.));
#5441=DIRECTION('ref_axis',(0.,0.,1.));
#5442=DIRECTION('',(0.,0.,-1.));
#5443=DIRECTION('center_axis',(0.,1.,0.));
#5444=DIRECTION('ref_axis',(0.,0.,-1.));
#5445=DIRECTION('center_axis',(1.,0.,0.));
#5446=DIRECTION('ref_axis',(0.,0.,-1.));
#5447=DIRECTION('center_axis',(0.,1.,0.));
#5448=DIRECTION('ref_axis',(0.,0.,1.));
#5449=DIRECTION('',(0.,0.,-1.));
#5450=DIRECTION('',(1.,0.,0.));
#5451=DIRECTION('',(0.,0.,-1.));
#5452=DIRECTION('',(-1.,0.,0.));
#5453=DIRECTION('',(0.,0.,-1.));
#5454=DIRECTION('center_axis',(1.,0.,0.));
#5455=DIRECTION('ref_axis',(0.,0.,-1.));
#5456=DIRECTION('',(0.,0.,-1.));
#5457=DIRECTION('',(0.,-1.,0.));
#5458=DIRECTION('center_axis',(0.,0.,1.));
#5459=DIRECTION('ref_axis',(1.,0.,0.));
#5460=DIRECTION('',(0.,1.,0.));
#5461=DIRECTION('',(-1.,0.,0.));
#5462=DIRECTION('center_axis',(0.,0.,-1.));
#5463=DIRECTION('ref_axis',(0.,-1.,0.));
#5464=DIRECTION('center_axis',(0.,-1.,0.));
#5465=DIRECTION('ref_axis',(0.,0.,-1.));
#5466=DIRECTION('',(0.,0.,-1.));
#5467=DIRECTION('',(1.,0.,0.));
#5468=DIRECTION('',(0.,0.,-1.));
#5469=DIRECTION('center_axis',(1.,0.,0.));
#5470=DIRECTION('ref_axis',(0.,0.,-1.));
#5471=DIRECTION('',(0.,1.,0.));
#5472=DIRECTION('center_axis',(-1.,0.,0.));
#5473=DIRECTION('ref_axis',(0.,0.,1.));
#5474=DIRECTION('',(0.,-1.,0.));
#5475=DIRECTION('center_axis',(0.,0.,1.));
#5476=DIRECTION('ref_axis',(1.,0.,0.));
#5477=DIRECTION('center_axis',(0.,0.,1.));
#5478=DIRECTION('ref_axis',(1.,0.,0.));
#5479=DIRECTION('center_axis',(0.,0.,-1.));
#5480=DIRECTION('ref_axis',(0.,-1.,0.));
#5481=DIRECTION('center_axis',(0.,0.,1.));
#5482=DIRECTION('ref_axis',(0.,-1.,0.));
#5483=DIRECTION('',(0.,0.,-1.));
#5484=DIRECTION('center_axis',(0.,-1.,0.));
#5485=DIRECTION('ref_axis',(0.,0.,-1.));
#5486=DIRECTION('center_axis',(0.,-1.,0.));
#5487=DIRECTION('ref_axis',(0.,0.,-1.));
#5488=DIRECTION('',(0.,1.,0.));
#5489=DIRECTION('center_axis',(0.,-1.,0.));
#5490=DIRECTION('ref_axis',(0.,0.,-1.));
#5491=DIRECTION('',(0.,1.,0.));
#5492=DIRECTION('center_axis',(0.,1.,0.));
#5493=DIRECTION('ref_axis',(0.,0.,-1.));
#5494=DIRECTION('center_axis',(0.,1.,0.));
#5495=DIRECTION('ref_axis',(0.,0.,-1.));
#5496=DIRECTION('center_axis',(0.,-1.,0.));
#5497=DIRECTION('ref_axis',(0.,0.,-1.));
#5498=DIRECTION('center_axis',(0.,-1.,0.));
#5499=DIRECTION('ref_axis',(8.14226908119056E-9,0.,-1.));
#5500=DIRECTION('center_axis',(0.,-1.,0.));
#5501=DIRECTION('ref_axis',(8.14226908119056E-9,0.,-1.));
#5502=DIRECTION('center_axis',(0.,-1.,0.));
#5503=DIRECTION('ref_axis',(1.,0.,0.));
#5504=DIRECTION('center_axis',(0.,-1.,0.));
#5505=DIRECTION('ref_axis',(1.,0.,0.));
#5506=DIRECTION('',(0.,1.,0.));
#5507=DIRECTION('center_axis',(0.,0.,1.));
#5508=DIRECTION('ref_axis',(1.,0.,0.));
#5509=DIRECTION('center_axis',(0.,0.,1.));
#5510=DIRECTION('ref_axis',(1.,0.,0.));
#5511=DIRECTION('center_axis',(0.,0.,1.));
#5512=DIRECTION('ref_axis',(0.,-1.,0.));
#5513=DIRECTION('',(0.,0.,-1.));
#5514=DIRECTION('center_axis',(0.,0.,-1.));
#5515=DIRECTION('ref_axis',(0.,-1.,0.));
#5516=DIRECTION('center_axis',(0.,0.,1.));
#5517=DIRECTION('ref_axis',(1.,0.,0.));
#5518=DIRECTION('center_axis',(0.,0.,1.));
#5519=DIRECTION('ref_axis',(1.,0.,0.));
#5520=DIRECTION('center_axis',(-1.,0.,0.));
#5521=DIRECTION('ref_axis',(0.,-1.,0.));
#5522=DIRECTION('',(-1.,0.,0.));
#5523=DIRECTION('center_axis',(1.,0.,0.));
#5524=DIRECTION('ref_axis',(0.,-1.,0.));
#5525=DIRECTION('center_axis',(1.,0.,0.));
#5526=DIRECTION('ref_axis',(0.,-1.,0.));
#5527=DIRECTION('center_axis',(0.,0.,1.));
#5528=DIRECTION('ref_axis',(0.,-1.,0.));
#5529=DIRECTION('center_axis',(0.,0.,1.));
#5530=DIRECTION('ref_axis',(0.,-1.,0.));
#5531=DIRECTION('',(0.,0.,-1.));
#5532=DIRECTION('center_axis',(0.,0.,-1.));
#5533=DIRECTION('ref_axis',(0.,-1.,0.));
#5534=DIRECTION('center_axis',(-1.,0.,0.));
#5535=DIRECTION('ref_axis',(0.,-1.,0.));
#5536=DIRECTION('',(-1.,0.,0.));
#5537=DIRECTION('center_axis',(1.,0.,0.));
#5538=DIRECTION('ref_axis',(0.,-1.,0.));
#5539=DIRECTION('center_axis',(1.,0.,0.));
#5540=DIRECTION('ref_axis',(0.,-1.,0.));
#5541=DIRECTION('center_axis',(0.,0.,-1.));
#5542=DIRECTION('ref_axis',(0.,1.,0.));
#5543=DIRECTION('center_axis',(0.,0.,1.));
#5544=DIRECTION('ref_axis',(0.,1.,0.));
#5545=DIRECTION('',(-8.65956056235493E-17,-0.707106781186547,-0.707106781186548));
#5546=DIRECTION('center_axis',(0.,0.,-1.));
#5547=DIRECTION('ref_axis',(0.,1.,0.));
#5548=DIRECTION('center_axis',(0.,0.,-1.));
#5549=DIRECTION('ref_axis',(-1.,0.,0.));
#5550=DIRECTION('center_axis',(0.,0.,1.));
#5551=DIRECTION('ref_axis',(0.,-1.,0.));
#5552=DIRECTION('center_axis',(0.,0.,1.));
#5553=DIRECTION('ref_axis',(0.,1.,0.));
#5554=DIRECTION('',(0.,0.,1.));
#5555=DIRECTION('center_axis',(0.,0.,1.));
#5556=DIRECTION('ref_axis',(0.,-1.,0.));
#5557=DIRECTION('',(8.65956056235493E-17,-0.707106781186547,-0.707106781186548));
#5558=DIRECTION('center_axis',(0.,0.,1.));
#5559=DIRECTION('ref_axis',(0.,-1.,0.));
#5560=DIRECTION('center_axis',(0.,0.,-1.));
#5561=DIRECTION('ref_axis',(0.,-1.,0.));
#5562=DIRECTION('center_axis',(0.,0.,-1.));
#5563=DIRECTION('ref_axis',(0.,-1.,0.));
#5564=DIRECTION('',(-8.65956056235493E-17,0.707106781186547,0.707106781186548));
#5565=DIRECTION('center_axis',(0.,0.,1.));
#5566=DIRECTION('ref_axis',(0.,-1.,0.));
#5567=DIRECTION('center_axis',(0.,0.,-1.));
#5568=DIRECTION('ref_axis',(-1.,0.,0.));
#5569=DIRECTION('center_axis',(0.,0.,-1.));
#5570=DIRECTION('ref_axis',(0.,-1.,0.));
#5571=DIRECTION('center_axis',(0.,0.,1.));
#5572=DIRECTION('ref_axis',(0.,1.,0.));
#5573=DIRECTION('',(0.,0.,1.));
#5574=DIRECTION('center_axis',(0.,0.,-1.));
#5575=DIRECTION('ref_axis',(0.,-1.,0.));
#5576=DIRECTION('',(-8.65956056235493E-17,-0.707106781186547,0.707106781186548));
#5577=DIRECTION('center_axis',(0.,0.,1.));
#5578=DIRECTION('ref_axis',(0.,1.,0.));
#5579=DIRECTION('',(0.,0.,1.));
#5580=DIRECTION('center_axis',(1.,0.,0.));
#5581=DIRECTION('ref_axis',(0.,0.866025403784437,0.500000000000003));
#5582=DIRECTION('center_axis',(-1.,0.,0.));
#5583=DIRECTION('ref_axis',(0.,0.866025403784437,0.500000000000003));
#5584=DIRECTION('center_axis',(-1.,0.,0.));
#5585=DIRECTION('ref_axis',(0.,0.866025403784437,0.500000000000003));
#5586=DIRECTION('',(-0.707106781186548,0.612372435695793,0.353553390593276));
#5587=DIRECTION('center_axis',(1.,0.,0.));
#5588=DIRECTION('ref_axis',(0.,0.866025403784437,0.500000000000003));
#5589=DIRECTION('center_axis',(-1.,0.,0.));
#5590=DIRECTION('ref_axis',(0.,-0.866025403784437,-0.500000000000003));
#5591=DIRECTION('',(1.,0.,0.));
#5592=DIRECTION('center_axis',(1.,0.,0.));
#5593=DIRECTION('ref_axis',(0.,0.,-1.));
#5594=DIRECTION('',(0.,-0.866025403784442,-0.499999999999994));
#5595=DIRECTION('',(0.,0.,-1.));
#5596=DIRECTION('',(0.,0.866025403784441,-0.499999999999997));
#5597=DIRECTION('',(0.,0.866025403784434,0.500000000000008));
#5598=DIRECTION('',(0.,0.,1.));
#5599=DIRECTION('',(0.,-0.866025403784439,0.5));
#5600=DIRECTION('center_axis',(-1.,0.,0.));
#5601=DIRECTION('ref_axis',(0.,0.866025403784437,0.500000000000003));
#5602=DIRECTION('',(0.707106781186547,0.612372435695794,0.353553390593276));
#5603=DIRECTION('center_axis',(-1.,0.,0.));
#5604=DIRECTION('ref_axis',(0.,0.866025403784437,0.500000000000003));
#5605=DIRECTION('center_axis',(1.,0.,0.));
#5606=DIRECTION('ref_axis',(0.,0.,-1.));
#5607=DIRECTION('center_axis',(0.,1.,0.));
#5608=DIRECTION('ref_axis',(0.,0.,1.));
#5609=DIRECTION('',(-1.,0.,0.));
#5610=DIRECTION('',(-1.,0.,0.));
#5611=DIRECTION('center_axis',(0.,0.500000000000003,-0.866025403784437));
#5612=DIRECTION('ref_axis',(-1.,0.,0.));
#5613=DIRECTION('',(-1.,0.,0.));
#5614=DIRECTION('center_axis',(-5.007715E-18,0.499999999999999,0.866025403784439));
#5615=DIRECTION('ref_axis',(1.,2.5038575E-18,4.33680840491239E-18));
#5616=DIRECTION('',(1.,0.,0.));
#5617=DIRECTION('center_axis',(5.007715E-18,-0.499999999999999,-0.866025403784439));
#5618=DIRECTION('ref_axis',(-1.,-2.5038575E-18,-4.33680840491239E-18));
#5619=DIRECTION('',(-1.,0.,0.));
#5620=DIRECTION('center_axis',(0.,-0.500000000000003,0.866025403784437));
#5621=DIRECTION('ref_axis',(1.,0.,0.));
#5622=DIRECTION('',(-1.,0.,0.));
#5623=DIRECTION('center_axis',(0.,-1.,0.));
#5624=DIRECTION('ref_axis',(0.,0.,-1.));
#5625=DIRECTION('center_axis',(-1.,0.,0.));
#5626=DIRECTION('ref_axis',(0.,-0.866025403784437,-0.500000000000003));
#5627=DIRECTION('',(-0.499999999999997,0.75,0.433012701892223));
#5628=DIRECTION('center_axis',(1.,0.,0.));
#5629=DIRECTION('ref_axis',(0.,0.866025403784437,0.500000000000002));
#5630=DIRECTION('center_axis',(-1.,0.,0.));
#5631=DIRECTION('ref_axis',(0.,0.866025403784437,0.500000000000002));
#5632=DIRECTION('center_axis',(-1.,0.,0.));
#5633=DIRECTION('ref_axis',(0.,0.866025403784437,0.500000000000002));
#5634=DIRECTION('',(-0.707106781186548,0.612372435695794,0.353553390593275));
#5635=DIRECTION('center_axis',(1.,0.,0.));
#5636=DIRECTION('ref_axis',(0.,0.866025403784437,0.500000000000002));
#5637=DIRECTION('center_axis',(-1.,0.,0.));
#5638=DIRECTION('ref_axis',(0.,-0.866025403784437,-0.500000000000002));
#5639=DIRECTION('',(1.,0.,0.));
#5640=DIRECTION('center_axis',(1.,0.,0.));
#5641=DIRECTION('ref_axis',(0.,0.,-1.));
#5642=DIRECTION('',(0.,-0.866025403784439,-0.499999999999999));
#5643=DIRECTION('',(0.,0.,-1.));
#5644=DIRECTION('',(0.,0.866025403784441,-0.499999999999996));
#5645=DIRECTION('',(0.,0.866025403784436,0.500000000000005));
#5646=DIRECTION('',(0.,0.,1.));
#5647=DIRECTION('',(0.,-0.866025403784439,0.5));
#5648=DIRECTION('center_axis',(-1.,0.,0.));
#5649=DIRECTION('ref_axis',(0.,0.866025403784437,0.500000000000002));
#5650=DIRECTION('',(0.707106781186547,0.612372435695794,0.353553390593275));
#5651=DIRECTION('center_axis',(-1.,0.,0.));
#5652=DIRECTION('ref_axis',(0.,0.866025403784437,0.500000000000002));
#5653=DIRECTION('center_axis',(1.,0.,0.));
#5654=DIRECTION('ref_axis',(0.,0.,-1.));
#5655=DIRECTION('center_axis',(0.,1.,0.));
#5656=DIRECTION('ref_axis',(0.,0.,1.));
#5657=DIRECTION('',(-1.,0.,0.));
#5658=DIRECTION('',(-1.,0.,0.));
#5659=DIRECTION('center_axis',(0.,0.500000000000002,-0.866025403784437));
#5660=DIRECTION('ref_axis',(-1.,0.,0.));
#5661=DIRECTION('',(-1.,0.,0.));
#5662=DIRECTION('center_axis',(-5.007715E-18,0.5,0.866025403784439));
#5663=DIRECTION('ref_axis',(1.,2.5038575E-18,4.33680840491239E-18));
#5664=DIRECTION('',(1.,0.,0.));
#5665=DIRECTION('center_axis',(5.007715E-18,-0.5,-0.866025403784439));
#5666=DIRECTION('ref_axis',(-1.,-2.5038575E-18,-4.33680840491239E-18));
#5667=DIRECTION('',(-1.,0.,0.));
#5668=DIRECTION('center_axis',(0.,-0.500000000000002,0.866025403784437));
#5669=DIRECTION('ref_axis',(1.,0.,0.));
#5670=DIRECTION('',(-1.,0.,0.));
#5671=DIRECTION('center_axis',(0.,-1.,0.));
#5672=DIRECTION('ref_axis',(0.,0.,-1.));
#5673=DIRECTION('center_axis',(-1.,0.,0.));
#5674=DIRECTION('ref_axis',(0.,-0.866025403784437,-0.500000000000002));
#5675=DIRECTION('',(-0.499999999999997,0.750000000000001,0.433012701892222));
#5676=DIRECTION('center_axis',(0.,0.,1.));
#5677=DIRECTION('ref_axis',(1.,0.,0.));
#5678=DIRECTION('center_axis',(0.,0.,-1.));
#5679=DIRECTION('ref_axis',(-0.77,-0.638043885637971,0.));
#5680=DIRECTION('',(0.,1.,0.));
#5681=DIRECTION('center_axis',(0.,0.,1.));
#5682=DIRECTION('ref_axis',(-0.773399014778325,-0.633919524813613,0.));
#5683=DIRECTION('',(0.,-1.,0.));
#5684=DIRECTION('center_axis',(0.,0.,1.));
#5685=DIRECTION('ref_axis',(-0.773399014778325,-0.633919524813613,0.));
#5686=DIRECTION('',(0.,1.,0.));
#5687=DIRECTION('center_axis',(0.,0.,-1.));
#5688=DIRECTION('ref_axis',(-0.77,-0.638043885637971,0.));
#5689=DIRECTION('',(0.,1.,0.));
#5690=DIRECTION('center_axis',(1.,0.,0.));
#5691=DIRECTION('ref_axis',(0.,0.,-1.));
#5692=DIRECTION('',(0.,0.,-1.));
#5693=DIRECTION('',(0.,0.,1.));
#5694=DIRECTION('',(0.,1.,0.));
#5695=DIRECTION('center_axis',(1.,0.,0.));
#5696=DIRECTION('ref_axis',(0.,0.,-1.));
#5697=DIRECTION('',(0.,0.,1.));
#5698=DIRECTION('',(0.,1.,0.));
#5699=DIRECTION('',(0.,0.,-1.));
#5700=DIRECTION('center_axis',(-1.,0.,0.));
#5701=DIRECTION('ref_axis',(0.,0.,1.));
#5702=DIRECTION('',(0.,0.,-1.));
#5703=DIRECTION('',(0.,1.,0.));
#5704=DIRECTION('',(0.,0.,1.));
#5705=DIRECTION('',(0.,-1.,0.));
#5706=DIRECTION('center_axis',(0.,0.,1.));
#5707=DIRECTION('ref_axis',(1.,0.,0.));
#5708=DIRECTION('center_axis',(0.,0.,1.));
#5709=DIRECTION('ref_axis',(-0.773399014778325,-0.633919524813613,0.));
#5710=DIRECTION('',(0.,1.,0.));
#5711=DIRECTION('center_axis',(0.,0.,-1.));
#5712=DIRECTION('ref_axis',(-0.77,-0.638043885637971,0.));
#5713=DIRECTION('center_axis',(-1.,0.,0.));
#5714=DIRECTION('ref_axis',(0.,0.,1.));
#5715=DIRECTION('',(0.,0.,1.));
#5716=DIRECTION('',(0.,-1.,0.));
#5717=DIRECTION('',(0.,0.,-1.));
#5718=DIRECTION('center_axis',(-1.,0.,0.));
#5719=DIRECTION('ref_axis',(0.,0.,1.));
#5720=DIRECTION('',(0.,0.,1.));
#5721=DIRECTION('',(0.,1.,0.));
#5722=DIRECTION('',(0.,0.,1.));
#5723=DIRECTION('center_axis',(0.,0.,1.));
#5724=DIRECTION('ref_axis',(1.,0.,0.));
#5725=DIRECTION('center_axis',(0.,0.,1.));
#5726=DIRECTION('ref_axis',(-0.773399014778325,-0.633919524813613,0.));
#5727=DIRECTION('center_axis',(0.,0.,1.));
#5728=DIRECTION('ref_axis',(-0.77,-0.638043885637971,0.));
#5729=DIRECTION('center_axis',(0.,0.,1.));
#5730=DIRECTION('ref_axis',(-0.77,-0.638043885637971,0.));
#5731=DIRECTION('center_axis',(0.,0.,1.));
#5732=DIRECTION('ref_axis',(1.,-2.22044604925031E-16,0.));
#5733=DIRECTION('center_axis',(0.,0.,-1.));
#5734=DIRECTION('ref_axis',(-0.77,-0.638043885637971,0.));
#5735=DIRECTION('',(0.,0.,1.));
#5736=DIRECTION('center_axis',(0.,0.,1.));
#5737=DIRECTION('ref_axis',(-0.77,-0.638043885637971,0.));
#5738=DIRECTION('',(0.,0.,1.));
#5739=DIRECTION('center_axis',(0.,0.,1.));
#5740=DIRECTION('ref_axis',(-0.77,-0.638043885637971,0.));
#5741=DIRECTION('center_axis',(0.,0.,1.));
#5742=DIRECTION('ref_axis',(1.,6.56289472684821E-16,0.));
#5743=DIRECTION('center_axis',(0.,0.,1.));
#5744=DIRECTION('ref_axis',(-0.773399014778325,-0.633919524813613,0.));
#5745=DIRECTION('',(0.,0.,1.));
#5746=DIRECTION('center_axis',(0.,0.,1.));
#5747=DIRECTION('ref_axis',(-0.773399014778325,-0.633919524813613,0.));
#5748=DIRECTION('',(0.,0.,1.));
#5749=DIRECTION('center_axis',(-1.,0.,0.));
#5750=DIRECTION('ref_axis',(0.,0.,1.));
#5751=DIRECTION('',(0.,-1.,0.));
#5752=DIRECTION('center_axis',(0.,0.,1.));
#5753=DIRECTION('ref_axis',(1.,0.,0.));
#5754=DIRECTION('center_axis',(0.,0.,1.));
#5755=DIRECTION('ref_axis',(1.,0.,0.));
#5756=DIRECTION('center_axis',(0.,0.,1.));
#5757=DIRECTION('ref_axis',(-0.663172176104879,0.74846687624792,0.));
#5758=DIRECTION('center_axis',(0.,0.,1.));
#5759=DIRECTION('ref_axis',(-0.663172176104879,0.74846687624792,0.));
#5760=DIRECTION('',(0.,0.,-1.));
#5761=DIRECTION('center_axis',(0.,0.,-1.));
#5762=DIRECTION('ref_axis',(-0.663172176104879,0.74846687624792,0.));
#5763=DIRECTION('',(0.,0.,1.));
#5764=DIRECTION('center_axis',(0.,0.,-1.));
#5765=DIRECTION('ref_axis',(-0.663172176104879,0.74846687624792,0.));
#5766=DIRECTION('center_axis',(0.,0.,1.));
#5767=DIRECTION('ref_axis',(1.,0.,0.));
#5768=DIRECTION('center_axis',(0.,0.,1.));
#5769=DIRECTION('ref_axis',(1.,0.,0.));
#5770=DIRECTION('center_axis',(0.,0.,1.));
#5771=DIRECTION('ref_axis',(1.,0.,0.));
#5772=DIRECTION('center_axis',(0.,0.,-1.));
#5773=DIRECTION('ref_axis',(0.,1.,0.));
#5774=DIRECTION('',(1.,0.,0.));
#5775=DIRECTION('center_axis',(0.,0.,-1.));
#5776=DIRECTION('ref_axis',(0.,-1.,0.));
#5777=DIRECTION('center_axis',(0.,0.,-1.));
#5778=DIRECTION('ref_axis',(0.,-1.,0.));
#5779=DIRECTION('',(1.,0.,0.));
#5780=DIRECTION('center_axis',(0.,0.,-1.));
#5781=DIRECTION('ref_axis',(0.499999999999999,-0.866025403784439,0.));
#5782=DIRECTION('center_axis',(0.,0.,-1.));
#5783=DIRECTION('ref_axis',(0.5,0.866025403784439,0.));
#5784=DIRECTION('center_axis',(0.,0.,-1.));
#5785=DIRECTION('ref_axis',(1.,0.,0.));
#5786=DIRECTION('center_axis',(0.,0.,1.));
#5787=DIRECTION('ref_axis',(1.,0.,0.));
#5788=DIRECTION('center_axis',(0.,0.,1.));
#5789=DIRECTION('ref_axis',(1.,0.,0.));
#5790=DIRECTION('',(0.,0.,1.));
#5791=DIRECTION('center_axis',(0.,0.,1.));
#5792=DIRECTION('ref_axis',(0.5,0.866025403784439,0.));
#5793=DIRECTION('center_axis',(0.,0.,1.));
#5794=DIRECTION('ref_axis',(0.5,0.866025403784439,0.));
#5795=DIRECTION('',(0.,0.,1.));
#5796=DIRECTION('center_axis',(0.,0.,1.));
#5797=DIRECTION('ref_axis',(-0.5,0.866025403784439,0.));
#5798=DIRECTION('center_axis',(0.,0.,1.));
#5799=DIRECTION('ref_axis',(-0.5,0.866025403784439,0.));
#5800=DIRECTION('',(0.,0.,1.));
#5801=DIRECTION('center_axis',(0.,0.,-1.));
#5802=DIRECTION('ref_axis',(-0.5,0.866025403784439,0.));
#5803=DIRECTION('center_axis',(0.,0.,1.));
#5804=DIRECTION('ref_axis',(-1.,0.,0.));
#5805=DIRECTION('center_axis',(0.,0.,1.));
#5806=DIRECTION('ref_axis',(-1.,0.,0.));
#5807=DIRECTION('',(0.,0.,1.));
#5808=DIRECTION('center_axis',(0.,0.,-1.));
#5809=DIRECTION('ref_axis',(-1.,0.,0.));
#5810=DIRECTION('center_axis',(0.,0.,1.));
#5811=DIRECTION('ref_axis',(-0.500000000000001,-0.866025403784438,0.));
#5812=DIRECTION('center_axis',(0.,0.,1.));
#5813=DIRECTION('ref_axis',(-0.500000000000001,-0.866025403784438,0.));
#5814=DIRECTION('',(0.,0.,1.));
#5815=DIRECTION('center_axis',(0.,0.,-1.));
#5816=DIRECTION('ref_axis',(-0.500000000000001,-0.866025403784438,0.));
#5817=DIRECTION('center_axis',(0.,0.,1.));
#5818=DIRECTION('ref_axis',(0.499999999999999,-0.866025403784439,0.));
#5819=DIRECTION('center_axis',(0.,0.,1.));
#5820=DIRECTION('ref_axis',(0.499999999999999,-0.866025403784439,0.));
#5821=DIRECTION('',(0.,0.,1.));
#5822=DIRECTION('center_axis',(0.,0.,-1.));
#5823=DIRECTION('ref_axis',(0.,-1.,0.));
#5824=DIRECTION('center_axis',(0.,0.,1.));
#5825=DIRECTION('ref_axis',(0.,-1.,0.));
#5826=DIRECTION('',(-1.15079156022785E-16,-0.939692620785909,0.342020143325668));
#5827=DIRECTION('center_axis',(0.,0.,1.));
#5828=DIRECTION('ref_axis',(0.,-1.,0.));
#5829=DIRECTION('center_axis',(0.,0.,1.));
#5830=DIRECTION('ref_axis',(0.,-1.,0.));
#5831=DIRECTION('center_axis',(0.,0.,1.));
#5832=DIRECTION('ref_axis',(0.,-1.,0.));
#5833=DIRECTION('',(-4.18853873767709E-17,0.342020143325677,0.939692620785905));
#5834=DIRECTION('center_axis',(0.,0.,1.));
#5835=DIRECTION('ref_axis',(1.,0.,0.));
#5836=DIRECTION('center_axis',(0.,0.,1.));
#5837=DIRECTION('ref_axis',(0.,-1.,0.));
#5838=DIRECTION('center_axis',(0.,0.,1.));
#5839=DIRECTION('ref_axis',(-1.,0.,0.));
#5840=DIRECTION('center_axis',(0.,0.,1.));
#5841=DIRECTION('ref_axis',(-1.,0.,0.));
#5842=DIRECTION('center_axis',(0.,0.,1.));
#5843=DIRECTION('ref_axis',(-1.,0.,0.));
#5844=DIRECTION('center_axis',(0.,0.,1.));
#5845=DIRECTION('ref_axis',(-1.,0.,0.));
#5846=DIRECTION('center_axis',(0.,0.,1.));
#5847=DIRECTION('ref_axis',(-1.,0.,0.));
#5848=DIRECTION('center_axis',(0.,0.,1.));
#5849=DIRECTION('ref_axis',(-1.,0.,0.));
#5850=DIRECTION('center_axis',(0.,0.,1.));
#5851=DIRECTION('ref_axis',(-1.,0.,0.));
#5852=DIRECTION('center_axis',(0.,0.,1.));
#5853=DIRECTION('ref_axis',(-1.,0.,0.));
#5854=DIRECTION('center_axis',(-1.,0.,0.));
#5855=DIRECTION('ref_axis',(0.,-0.8,-0.6));
#5856=DIRECTION('',(-1.,0.,0.));
#5857=DIRECTION('center_axis',(0.,0.,1.));
#5858=DIRECTION('ref_axis',(1.,0.,0.));
#5859=DIRECTION('center_axis',(0.,0.,-1.));
#5860=DIRECTION('ref_axis',(0.,-1.,0.));
#5861=DIRECTION('center_axis',(0.,0.,-1.));
#5862=DIRECTION('ref_axis',(0.,-1.,0.));
#5863=DIRECTION('',(-1.,0.,0.));
#5864=DIRECTION('center_axis',(0.,0.,1.));
#5865=DIRECTION('ref_axis',(0.,-1.,0.));
#5866=DIRECTION('',(0.,0.,1.));
#5867=DIRECTION('center_axis',(0.,0.,1.));
#5868=DIRECTION('ref_axis',(1.,0.,0.));
#5869=DIRECTION('center_axis',(0.,0.,1.));
#5870=DIRECTION('ref_axis',(0.,-1.,0.));
#5871=DIRECTION('center_axis',(1.,0.,0.));
#5872=DIRECTION('ref_axis',(0.,0.8,-0.6));
#5873=DIRECTION('center_axis',(0.,0.,1.));
#5874=DIRECTION('ref_axis',(1.,0.,0.));
#5875=DIRECTION('center_axis',(0.,0.,1.));
#5876=DIRECTION('ref_axis',(0.,1.,0.));
#5877=DIRECTION('center_axis',(0.,0.,1.));
#5878=DIRECTION('ref_axis',(-1.,0.,0.));
#5879=DIRECTION('',(0.,0.,-1.));
#5880=DIRECTION('center_axis',(0.,0.,-1.));
#5881=DIRECTION('ref_axis',(-1.,0.,0.));
#5882=DIRECTION('center_axis',(0.,0.,-1.));
#5883=DIRECTION('ref_axis',(-1.,0.,0.));
#5884=DIRECTION('center_axis',(0.,0.,1.));
#5885=DIRECTION('ref_axis',(-1.,0.,0.));
#5886=DIRECTION('center_axis',(-1.22464679914735E-16,-1.,0.));
#5887=DIRECTION('ref_axis',(1.,-1.22464679914735E-16,0.));
#5888=DIRECTION('center_axis',(0.,0.,1.));
#5889=DIRECTION('ref_axis',(1.,0.,0.));
#5890=DIRECTION('center_axis',(0.,0.,-1.));
#5891=DIRECTION('ref_axis',(-1.,0.,0.));
#5892=DIRECTION('center_axis',(0.,0.,-1.));
#5893=DIRECTION('ref_axis',(-1.,0.,0.));
#5894=DIRECTION('center_axis',(0.,0.,-1.));
#5895=DIRECTION('ref_axis',(-1.,0.,0.));
#5896=DIRECTION('center_axis',(0.,0.,-1.));
#5897=DIRECTION('ref_axis',(-1.,0.,0.));
#5898=DIRECTION('center_axis',(0.,0.,-1.));
#5899=DIRECTION('ref_axis',(-1.,0.,0.));
#5900=DIRECTION('center_axis',(0.,0.,-1.));
#5901=DIRECTION('ref_axis',(-1.,0.,0.));
#5902=DIRECTION('center_axis',(0.,0.,-1.));
#5903=DIRECTION('ref_axis',(-1.,0.,0.));
#5904=DIRECTION('center_axis',(0.,0.,-1.));
#5905=DIRECTION('ref_axis',(-1.,0.,0.));
#5906=DIRECTION('center_axis',(0.,0.,-1.));
#5907=DIRECTION('ref_axis',(-1.,0.,0.));
#5908=DIRECTION('center_axis',(0.,0.,1.));
#5909=DIRECTION('ref_axis',(-1.,0.,0.));
#5910=DIRECTION('center_axis',(0.,0.,-1.));
#5911=DIRECTION('ref_axis',(-1.,0.,0.));
#5912=DIRECTION('',(0.,0.,-1.));
#5913=DIRECTION('center_axis',(0.,0.,-1.));
#5914=DIRECTION('ref_axis',(-1.,0.,0.));
#5915=DIRECTION('center_axis',(0.,0.,-1.));
#5916=DIRECTION('ref_axis',(-1.,0.,0.));
#5917=DIRECTION('center_axis',(0.,0.,1.));
#5918=DIRECTION('ref_axis',(-1.,0.,0.));
#5919=DIRECTION('center_axis',(0.,0.,-1.));
#5920=DIRECTION('ref_axis',(-1.,0.,0.));
#5921=DIRECTION('',(0.,0.,-1.));
#5922=DIRECTION('center_axis',(0.,0.,1.));
#5923=DIRECTION('ref_axis',(0.,-1.,0.));
#5924=DIRECTION('center_axis',(0.,0.,1.));
#5925=DIRECTION('ref_axis',(0.,1.,0.));
#5926=DIRECTION('center_axis',(0.,0.,1.));
#5927=DIRECTION('ref_axis',(0.,1.,0.));
#5928=DIRECTION('',(0.,0.,1.));
#5929=DIRECTION('center_axis',(0.,0.,1.));
#5930=DIRECTION('ref_axis',(1.,0.,0.));
#5931=DIRECTION('center_axis',(0.,0.,-1.));
#5932=DIRECTION('ref_axis',(0.,1.,0.));
#5933=DIRECTION('center_axis',(0.,0.,-1.));
#5934=DIRECTION('ref_axis',(0.,1.,0.));
#5935=DIRECTION('',(-8.65956056235493E-17,-0.707106781186548,-0.707106781186547));
#5936=DIRECTION('center_axis',(0.,0.,-1.));
#5937=DIRECTION('ref_axis',(-1.,0.,0.));
#5938=DIRECTION('center_axis',(0.,0.,1.));
#5939=DIRECTION('ref_axis',(-1.,0.,0.));
#5940=DIRECTION('center_axis',(0.,0.,-1.));
#5941=DIRECTION('ref_axis',(-1.,0.,0.));
#5942=DIRECTION('center_axis',(0.,0.,-1.));
#5943=DIRECTION('ref_axis',(-1.,0.,0.));
#5944=DIRECTION('',(0.,0.,-1.));
#5945=DIRECTION('center_axis',(0.,0.,1.));
#5946=DIRECTION('ref_axis',(-1.,0.,0.));
#5947=DIRECTION('',(0.707106781186548,8.65956056235493E-17,0.707106781186547));
#5948=DIRECTION('center_axis',(0.,0.,1.));
#5949=DIRECTION('ref_axis',(1.,0.,0.));
#5950=DIRECTION('center_axis',(0.,0.,-1.));
#5951=DIRECTION('ref_axis',(-1.,0.,0.));
#5952=DIRECTION('center_axis',(0.,-1.,0.));
#5953=DIRECTION('ref_axis',(-1.,0.,0.));
#5954=DIRECTION('center_axis',(0.,0.,-1.));
#5955=DIRECTION('ref_axis',(-1.,0.,0.));
#5956=DIRECTION('center_axis',(0.,0.,1.));
#5957=DIRECTION('ref_axis',(1.,0.,0.));
#5958=DIRECTION('center_axis',(0.,0.,-1.));
#5959=DIRECTION('ref_axis',(-1.,0.,0.));
#5960=DIRECTION('center_axis',(0.,0.,-1.));
#5961=DIRECTION('ref_axis',(-1.,0.,0.));
#5962=DIRECTION('center_axis',(0.,0.,-1.));
#5963=DIRECTION('ref_axis',(-1.,0.,0.));
#5964=DIRECTION('center_axis',(0.,-1.,0.));
#5965=DIRECTION('ref_axis',(-1.,0.,0.));
#5966=DIRECTION('center_axis',(0.,0.,-1.));
#5967=DIRECTION('ref_axis',(-1.,0.,0.));
#5968=DIRECTION('',(0.,0.,1.));
#5969=DIRECTION('',(0.,0.,1.));
#5970=DIRECTION('center_axis',(0.,0.,-1.));
#5971=DIRECTION('ref_axis',(-1.,0.,0.));
#5972=DIRECTION('',(0.,0.,1.));
#5973=DIRECTION('center_axis',(0.,0.,1.));
#5974=DIRECTION('ref_axis',(1.,0.,0.));
#5975=DIRECTION('center_axis',(0.,0.,-1.));
#5976=DIRECTION('ref_axis',(-1.,0.,0.));
#5977=DIRECTION('center_axis',(1.22464679914735E-16,-1.,0.));
#5978=DIRECTION('ref_axis',(-1.,-1.22464679914735E-16,0.));
#5979=DIRECTION('center_axis',(0.,0.,-1.));
#5980=DIRECTION('ref_axis',(-1.,0.,0.));
#5981=DIRECTION('center_axis',(0.,0.,1.));
#5982=DIRECTION('ref_axis',(1.,0.,0.));
#5983=DIRECTION('center_axis',(0.,0.,-1.));
#5984=DIRECTION('ref_axis',(-1.,0.,0.));
#5985=DIRECTION('center_axis',(1.22464679914735E-16,-1.,0.));
#5986=DIRECTION('ref_axis',(-1.,-1.22464679914735E-16,0.));
#5987=DIRECTION('center_axis',(0.,0.,-1.));
#5988=DIRECTION('ref_axis',(-1.,0.,0.));
#5989=DIRECTION('center_axis',(0.,0.,-1.));
#5990=DIRECTION('ref_axis',(-1.,0.,0.));
#5991=DIRECTION('',(0.,0.,1.));
#5992=DIRECTION('',(0.,0.,1.));
#5993=DIRECTION('center_axis',(0.,0.,-1.));
#5994=DIRECTION('ref_axis',(-1.,0.,0.));
#5995=DIRECTION('',(0.,0.,1.));
#5996=DIRECTION('center_axis',(0.,0.,1.));
#5997=DIRECTION('ref_axis',(1.,0.,0.));
#5998=DIRECTION('center_axis',(0.,0.,-1.));
#5999=DIRECTION('ref_axis',(-1.,0.,0.));
#6000=DIRECTION('center_axis',(0.,-1.,0.));
#6001=DIRECTION('ref_axis',(-1.,0.,0.));
#6002=DIRECTION('center_axis',(0.,0.,-1.));
#6003=DIRECTION('ref_axis',(-1.,0.,0.));
#6004=DIRECTION('center_axis',(0.,0.,1.));
#6005=DIRECTION('ref_axis',(1.,0.,0.));
#6006=DIRECTION('center_axis',(0.,0.,-1.));
#6007=DIRECTION('ref_axis',(-1.,0.,0.));
#6008=DIRECTION('center_axis',(0.,0.,-1.));
#6009=DIRECTION('ref_axis',(-1.,0.,0.));
#6010=DIRECTION('center_axis',(0.,-1.,0.));
#6011=DIRECTION('ref_axis',(-1.,0.,0.));
#6012=DIRECTION('center_axis',(0.,0.,-1.));
#6013=DIRECTION('ref_axis',(-1.,0.,0.));
#6014=DIRECTION('center_axis',(0.,0.,-1.));
#6015=DIRECTION('ref_axis',(-1.,0.,0.));
#6016=DIRECTION('',(0.,0.,1.));
#6017=DIRECTION('',(0.,0.,1.));
#6018=DIRECTION('center_axis',(0.,0.,-1.));
#6019=DIRECTION('ref_axis',(-1.,0.,0.));
#6020=DIRECTION('',(0.,0.,1.));
#6021=DIRECTION('center_axis',(0.,0.,1.));
#6022=DIRECTION('ref_axis',(1.,0.,0.));
#6023=DIRECTION('center_axis',(0.,0.,-1.));
#6024=DIRECTION('ref_axis',(-1.,0.,0.));
#6025=DIRECTION('center_axis',(0.,-1.,0.));
#6026=DIRECTION('ref_axis',(-1.,0.,0.));
#6027=DIRECTION('center_axis',(0.,0.,-1.));
#6028=DIRECTION('ref_axis',(-1.,0.,0.));
#6029=DIRECTION('center_axis',(0.,0.,1.));
#6030=DIRECTION('ref_axis',(1.,0.,0.));
#6031=DIRECTION('center_axis',(0.,0.,-1.));
#6032=DIRECTION('ref_axis',(-1.,0.,0.));
#6033=DIRECTION('center_axis',(0.,0.,-1.));
#6034=DIRECTION('ref_axis',(-1.,0.,0.));
#6035=DIRECTION('center_axis',(0.,-1.,0.));
#6036=DIRECTION('ref_axis',(-1.,0.,0.));
#6037=DIRECTION('center_axis',(0.,0.,-1.));
#6038=DIRECTION('ref_axis',(-1.,0.,0.));
#6039=DIRECTION('',(0.,0.,1.));
#6040=DIRECTION('center_axis',(0.,0.,-1.));
#6041=DIRECTION('ref_axis',(-1.,0.,0.));
#6042=DIRECTION('',(0.,0.,1.));
#6043=DIRECTION('center_axis',(0.,0.,1.));
#6044=DIRECTION('ref_axis',(1.,0.,0.));
#6045=DIRECTION('center_axis',(0.,0.,-1.));
#6046=DIRECTION('ref_axis',(-1.,0.,0.));
#6047=DIRECTION('center_axis',(1.22464679914735E-16,-1.,0.));
#6048=DIRECTION('ref_axis',(-1.,-1.22464679914735E-16,0.));
#6049=DIRECTION('center_axis',(0.,0.,-1.));
#6050=DIRECTION('ref_axis',(-1.,0.,0.));
#6051=DIRECTION('center_axis',(0.,0.,1.));
#6052=DIRECTION('ref_axis',(1.,0.,0.));
#6053=DIRECTION('center_axis',(0.,0.,-1.));
#6054=DIRECTION('ref_axis',(-1.,0.,0.));
#6055=DIRECTION('center_axis',(0.,0.,-1.));
#6056=DIRECTION('ref_axis',(-1.,0.,0.));
#6057=DIRECTION('center_axis',(1.22464679914735E-16,-1.,0.));
#6058=DIRECTION('ref_axis',(-1.,-1.22464679914735E-16,0.));
#6059=DIRECTION('center_axis',(0.,0.,-1.));
#6060=DIRECTION('ref_axis',(-1.,0.,0.));
#6061=DIRECTION('',(0.,0.,1.));
#6062=DIRECTION('center_axis',(0.,0.,-1.));
#6063=DIRECTION('ref_axis',(-1.,0.,0.));
#6064=DIRECTION('',(0.,0.,1.));
#6065=DIRECTION('center_axis',(0.,0.,1.));
#6066=DIRECTION('ref_axis',(1.,0.,0.));
#6067=DIRECTION('center_axis',(0.,0.,-1.));
#6068=DIRECTION('ref_axis',(-1.,0.,0.));
#6069=DIRECTION('center_axis',(0.,-1.,0.));
#6070=DIRECTION('ref_axis',(-1.,0.,0.));
#6071=DIRECTION('center_axis',(0.,0.,-1.));
#6072=DIRECTION('ref_axis',(-1.,0.,0.));
#6073=DIRECTION('center_axis',(0.,0.,1.));
#6074=DIRECTION('ref_axis',(1.,0.,0.));
#6075=DIRECTION('center_axis',(0.,0.,-1.));
#6076=DIRECTION('ref_axis',(-1.,0.,0.));
#6077=DIRECTION('center_axis',(0.,0.,-1.));
#6078=DIRECTION('ref_axis',(-1.,0.,0.));
#6079=DIRECTION('center_axis',(0.,-1.,0.));
#6080=DIRECTION('ref_axis',(-1.,0.,0.));
#6081=DIRECTION('center_axis',(0.,0.,-1.));
#6082=DIRECTION('ref_axis',(-1.,0.,0.));
#6083=DIRECTION('',(0.,0.,1.));
#6084=DIRECTION('center_axis',(0.,0.,-1.));
#6085=DIRECTION('ref_axis',(-1.,0.,0.));
#6086=DIRECTION('',(0.,0.,1.));
#6087=DIRECTION('center_axis',(6.12323399573677E-17,0.,1.));
#6088=DIRECTION('ref_axis',(1.,0.,0.));
#6089=DIRECTION('center_axis',(0.,0.,1.));
#6090=DIRECTION('ref_axis',(-1.,0.,0.));
#6091=DIRECTION('center_axis',(0.,0.,1.));
#6092=DIRECTION('ref_axis',(-1.,0.,0.));
#6093=DIRECTION('center_axis',(0.,-1.,0.));
#6094=DIRECTION('ref_axis',(-1.,0.,0.));
#6095=DIRECTION('center_axis',(0.,0.,-1.));
#6096=DIRECTION('ref_axis',(-1.,0.,0.));
#6097=DIRECTION('',(0.,0.,1.));
#6098=DIRECTION('center_axis',(0.,0.,1.));
#6099=DIRECTION('ref_axis',(-1.,0.,0.));
#6100=DIRECTION('center_axis',(0.,0.,-1.));
#6101=DIRECTION('ref_axis',(-1.,0.,0.));
#6102=DIRECTION('',(-0.707106781186547,8.65956056235493E-17,0.707106781186548));
#6103=DIRECTION('center_axis',(0.,0.,1.));
#6104=DIRECTION('ref_axis',(1.,0.,0.));
#6105=DIRECTION('center_axis',(0.,0.,1.));
#6106=DIRECTION('ref_axis',(-1.,0.,0.));
#6107=DIRECTION('center_axis',(0.,0.,1.));
#6108=DIRECTION('ref_axis',(-1.,0.,0.));
#6109=DIRECTION('center_axis',(0.,-1.,0.));
#6110=DIRECTION('ref_axis',(-1.,0.,0.));
#6111=DIRECTION('center_axis',(0.,0.,-1.));
#6112=DIRECTION('ref_axis',(-1.,0.,0.));
#6113=DIRECTION('',(0.,0.,1.));
#6114=DIRECTION('center_axis',(0.,0.,1.));
#6115=DIRECTION('ref_axis',(-1.,0.,0.));
#6116=DIRECTION('center_axis',(0.,0.,-1.));
#6117=DIRECTION('ref_axis',(-1.,0.,0.));
#6118=DIRECTION('',(-0.707106781186547,8.65956056235493E-17,0.707106781186548));
#6119=DIRECTION('center_axis',(-1.,0.,0.));
#6120=DIRECTION('ref_axis',(0.,-1.,0.));
#6121=DIRECTION('',(-1.,0.,0.));
#6122=DIRECTION('center_axis',(1.,0.,0.));
#6123=DIRECTION('ref_axis',(0.,-1.,0.));
#6124=DIRECTION('center_axis',(1.,0.,0.));
#6125=DIRECTION('ref_axis',(0.,-1.,0.));
#6126=DIRECTION('center_axis',(0.,0.,1.));
#6127=DIRECTION('ref_axis',(0.,-1.,0.));
#6128=DIRECTION('center_axis',(0.,0.,1.));
#6129=DIRECTION('ref_axis',(0.,-1.,0.));
#6130=DIRECTION('',(0.,0.,-1.));
#6131=DIRECTION('center_axis',(0.,0.,-1.));
#6132=DIRECTION('ref_axis',(0.,-1.,0.));
#6133=DIRECTION('center_axis',(-1.,0.,0.));
#6134=DIRECTION('ref_axis',(0.,-1.,0.));
#6135=DIRECTION('',(-1.,0.,0.));
#6136=DIRECTION('center_axis',(1.,0.,0.));
#6137=DIRECTION('ref_axis',(0.,-1.,0.));
#6138=DIRECTION('center_axis',(1.,0.,0.));
#6139=DIRECTION('ref_axis',(0.,-1.,0.));
#6140=DIRECTION('center_axis',(0.,0.,-1.));
#6141=DIRECTION('ref_axis',(0.,1.,0.));
#6142=DIRECTION('center_axis',(0.,0.,1.));
#6143=DIRECTION('ref_axis',(0.,1.,0.));
#6144=DIRECTION('',(-8.65956056235493E-17,-0.707106781186547,-0.707106781186548));
#6145=DIRECTION('center_axis',(0.,0.,-1.));
#6146=DIRECTION('ref_axis',(0.,1.,0.));
#6147=DIRECTION('center_axis',(0.,0.,-1.));
#6148=DIRECTION('ref_axis',(-1.,0.,0.));
#6149=DIRECTION('center_axis',(0.,0.,1.));
#6150=DIRECTION('ref_axis',(0.,-1.,0.));
#6151=DIRECTION('center_axis',(0.,0.,1.));
#6152=DIRECTION('ref_axis',(0.,1.,0.));
#6153=DIRECTION('',(0.,0.,1.));
#6154=DIRECTION('center_axis',(0.,0.,1.));
#6155=DIRECTION('ref_axis',(0.,-1.,0.));
#6156=DIRECTION('',(8.65956056235493E-17,-0.707106781186547,-0.707106781186548));
#6157=DIRECTION('center_axis',(0.,0.,1.));
#6158=DIRECTION('ref_axis',(0.,-1.,0.));
#6159=DIRECTION('center_axis',(0.,0.,-1.));
#6160=DIRECTION('ref_axis',(0.,-1.,0.));
#6161=DIRECTION('center_axis',(0.,0.,-1.));
#6162=DIRECTION('ref_axis',(0.,-1.,0.));
#6163=DIRECTION('',(-8.65956056235493E-17,0.707106781186547,0.707106781186548));
#6164=DIRECTION('center_axis',(0.,0.,1.));
#6165=DIRECTION('ref_axis',(0.,-1.,0.));
#6166=DIRECTION('center_axis',(0.,0.,-1.));
#6167=DIRECTION('ref_axis',(-1.,0.,0.));
#6168=DIRECTION('center_axis',(0.,0.,-1.));
#6169=DIRECTION('ref_axis',(0.,-1.,0.));
#6170=DIRECTION('center_axis',(0.,0.,1.));
#6171=DIRECTION('ref_axis',(0.,1.,0.));
#6172=DIRECTION('',(0.,0.,1.));
#6173=DIRECTION('center_axis',(0.,0.,-1.));
#6174=DIRECTION('ref_axis',(0.,-1.,0.));
#6175=DIRECTION('',(-8.65956056235493E-17,-0.707106781186547,0.707106781186548));
#6176=DIRECTION('center_axis',(0.,0.,1.));
#6177=DIRECTION('ref_axis',(0.,1.,0.));
#6178=DIRECTION('',(0.,0.,1.));
#6179=DIRECTION('center_axis',(1.,0.,0.));
#6180=DIRECTION('ref_axis',(0.,0.866025403784435,0.500000000000007));
#6181=DIRECTION('center_axis',(-1.,0.,0.));
#6182=DIRECTION('ref_axis',(0.,0.866025403784435,0.500000000000007));
#6183=DIRECTION('center_axis',(-1.,0.,0.));
#6184=DIRECTION('ref_axis',(0.,0.866025403784435,0.500000000000007));
#6185=DIRECTION('',(-0.707106781186548,0.612372435695792,0.353553390593279));
#6186=DIRECTION('center_axis',(1.,0.,0.));
#6187=DIRECTION('ref_axis',(0.,0.866025403784435,0.500000000000007));
#6188=DIRECTION('center_axis',(-1.,0.,0.));
#6189=DIRECTION('ref_axis',(0.,-0.866025403784435,-0.500000000000007));
#6190=DIRECTION('',(1.,0.,0.));
#6191=DIRECTION('center_axis',(1.,0.,0.));
#6192=DIRECTION('ref_axis',(0.,0.,-1.));
#6193=DIRECTION('',(0.,-0.866025403784436,-0.500000000000005));
#6194=DIRECTION('',(0.,0.,-1.));
#6195=DIRECTION('',(0.,0.866025403784439,-0.499999999999999));
#6196=DIRECTION('',(0.,0.866025403784434,0.500000000000009));
#6197=DIRECTION('',(0.,0.,1.));
#6198=DIRECTION('',(0.,-0.866025403784433,0.50000000000001));
#6199=DIRECTION('center_axis',(-1.,0.,0.));
#6200=DIRECTION('ref_axis',(0.,0.866025403784435,0.500000000000007));
#6201=DIRECTION('',(0.707106781186547,0.612372435695792,0.353553390593279));
#6202=DIRECTION('center_axis',(-1.,0.,0.));
#6203=DIRECTION('ref_axis',(0.,0.866025403784435,0.500000000000007));
#6204=DIRECTION('center_axis',(1.,0.,0.));
#6205=DIRECTION('ref_axis',(0.,0.,-1.));
#6206=DIRECTION('center_axis',(0.,1.,0.));
#6207=DIRECTION('ref_axis',(0.,0.,1.));
#6208=DIRECTION('',(-1.,0.,0.));
#6209=DIRECTION('',(-1.,0.,0.));
#6210=DIRECTION('center_axis',(0.,0.500000000000007,-0.866025403784435));
#6211=DIRECTION('ref_axis',(-1.,0.,0.));
#6212=DIRECTION('',(-1.,0.,0.));
#6213=DIRECTION('center_axis',(-5.007715E-18,0.499999999999995,0.866025403784442));
#6214=DIRECTION('ref_axis',(1.,2.50385749999997E-18,4.3368084049124E-18));
#6215=DIRECTION('',(1.,0.,0.));
#6216=DIRECTION('center_axis',(5.007715E-18,-0.499999999999995,-0.866025403784442));
#6217=DIRECTION('ref_axis',(-1.,-2.50385749999997E-18,-4.3368084049124E-18));
#6218=DIRECTION('',(-1.,0.,0.));
#6219=DIRECTION('center_axis',(0.,-0.500000000000007,0.866025403784435));
#6220=DIRECTION('ref_axis',(1.,0.,0.));
#6221=DIRECTION('',(-1.,0.,0.));
#6222=DIRECTION('center_axis',(0.,-1.,0.));
#6223=DIRECTION('ref_axis',(0.,0.,-1.));
#6224=DIRECTION('center_axis',(-1.,0.,0.));
#6225=DIRECTION('ref_axis',(0.,-0.866025403784435,-0.500000000000007));
#6226=DIRECTION('',(-0.499999999999997,0.749999999999998,0.433012701892226));
#6227=DIRECTION('center_axis',(1.,0.,0.));
#6228=DIRECTION('ref_axis',(0.,0.866025403784441,0.499999999999995));
#6229=DIRECTION('center_axis',(-1.,0.,0.));
#6230=DIRECTION('ref_axis',(0.,0.866025403784441,0.499999999999995));
#6231=DIRECTION('center_axis',(-1.,0.,0.));
#6232=DIRECTION('ref_axis',(0.,0.866025403784441,0.499999999999995));
#6233=DIRECTION('',(-0.707106781186548,0.612372435695796,0.35355339059327));
#6234=DIRECTION('center_axis',(1.,0.,0.));
#6235=DIRECTION('ref_axis',(0.,0.866025403784441,0.499999999999995));
#6236=DIRECTION('center_axis',(-1.,0.,0.));
#6237=DIRECTION('ref_axis',(0.,-0.866025403784441,-0.499999999999995));
#6238=DIRECTION('',(1.,0.,0.));
#6239=DIRECTION('center_axis',(1.,0.,0.));
#6240=DIRECTION('ref_axis',(0.,0.,-1.));
#6241=DIRECTION('',(0.,-0.86602540378444,-0.499999999999997));
#6242=DIRECTION('',(0.,0.,-1.));
#6243=DIRECTION('',(0.,0.866025403784433,-0.500000000000009));
#6244=DIRECTION('',(0.,0.86602540378444,0.499999999999997));
#6245=DIRECTION('',(0.,0.,1.));
#6246=DIRECTION('',(0.,-0.866025403784436,0.500000000000005));
#6247=DIRECTION('center_axis',(-1.,0.,0.));
#6248=DIRECTION('ref_axis',(0.,0.866025403784441,0.499999999999995));
#6249=DIRECTION('',(0.707106781186547,0.612372435695797,0.35355339059327));
#6250=DIRECTION('center_axis',(-1.,0.,0.));
#6251=DIRECTION('ref_axis',(0.,0.866025403784441,0.499999999999995));
#6252=DIRECTION('center_axis',(1.,0.,0.));
#6253=DIRECTION('ref_axis',(0.,0.,-1.));
#6254=DIRECTION('center_axis',(0.,1.,0.));
#6255=DIRECTION('ref_axis',(0.,0.,1.));
#6256=DIRECTION('',(-1.,0.,0.));
#6257=DIRECTION('',(-1.,0.,0.));
#6258=DIRECTION('center_axis',(0.,0.499999999999995,-0.866025403784441));
#6259=DIRECTION('ref_axis',(-1.,0.,0.));
#6260=DIRECTION('',(-1.,0.,0.));
#6261=DIRECTION('center_axis',(-5.007715E-18,0.500000000000007,0.866025403784435));
#6262=DIRECTION('ref_axis',(1.,2.50385750000003E-18,4.33680840491237E-18));
#6263=DIRECTION('',(1.,0.,0.));
#6264=DIRECTION('center_axis',(5.007715E-18,-0.500000000000007,-0.866025403784435));
#6265=DIRECTION('ref_axis',(-1.,-2.50385750000003E-18,-4.33680840491237E-18));
#6266=DIRECTION('',(-1.,0.,0.));
#6267=DIRECTION('center_axis',(0.,-0.499999999999995,0.866025403784441));
#6268=DIRECTION('ref_axis',(1.,0.,0.));
#6269=DIRECTION('',(-1.,0.,0.));
#6270=DIRECTION('center_axis',(0.,-1.,0.));
#6271=DIRECTION('ref_axis',(0.,0.,-1.));
#6272=DIRECTION('center_axis',(-1.,0.,0.));
#6273=DIRECTION('ref_axis',(0.,-0.866025403784441,-0.499999999999995));
#6274=DIRECTION('',(-0.499999999999997,0.750000000000004,0.433012701892216));
#6275=DIRECTION('center_axis',(-1.,0.,0.));
#6276=DIRECTION('ref_axis',(0.,-1.,0.));
#6277=DIRECTION('',(-1.,0.,0.));
#6278=DIRECTION('center_axis',(1.,0.,0.));
#6279=DIRECTION('ref_axis',(0.,-1.,0.));
#6280=DIRECTION('center_axis',(1.,0.,0.));
#6281=DIRECTION('ref_axis',(0.,-1.,0.));
#6282=DIRECTION('center_axis',(0.,0.,1.));
#6283=DIRECTION('ref_axis',(0.,-1.,0.));
#6284=DIRECTION('center_axis',(0.,0.,1.));
#6285=DIRECTION('ref_axis',(0.,-1.,0.));
#6286=DIRECTION('',(0.,0.,-1.));
#6287=DIRECTION('center_axis',(0.,0.,-1.));
#6288=DIRECTION('ref_axis',(0.,-1.,0.));
#6289=DIRECTION('center_axis',(-1.,0.,0.));
#6290=DIRECTION('ref_axis',(0.,-1.,0.));
#6291=DIRECTION('',(-1.,0.,0.));
#6292=DIRECTION('center_axis',(1.,0.,0.));
#6293=DIRECTION('ref_axis',(0.,-1.,0.));
#6294=DIRECTION('center_axis',(1.,0.,0.));
#6295=DIRECTION('ref_axis',(0.,-1.,0.));
#6296=DIRECTION('center_axis',(0.,0.,-1.));
#6297=DIRECTION('ref_axis',(0.,1.,0.));
#6298=DIRECTION('center_axis',(0.,0.,1.));
#6299=DIRECTION('ref_axis',(0.,1.,0.));
#6300=DIRECTION('',(-8.65956056235493E-17,-0.707106781186547,-0.707106781186548));
#6301=DIRECTION('center_axis',(0.,0.,-1.));
#6302=DIRECTION('ref_axis',(0.,1.,0.));
#6303=DIRECTION('center_axis',(0.,0.,-1.));
#6304=DIRECTION('ref_axis',(-1.,0.,0.));
#6305=DIRECTION('center_axis',(0.,0.,1.));
#6306=DIRECTION('ref_axis',(0.,-1.,0.));
#6307=DIRECTION('center_axis',(0.,0.,1.));
#6308=DIRECTION('ref_axis',(0.,1.,0.));
#6309=DIRECTION('',(0.,0.,1.));
#6310=DIRECTION('center_axis',(0.,0.,1.));
#6311=DIRECTION('ref_axis',(0.,-1.,0.));
#6312=DIRECTION('',(8.65956056235493E-17,-0.707106781186547,-0.707106781186548));
#6313=DIRECTION('center_axis',(0.,0.,1.));
#6314=DIRECTION('ref_axis',(0.,-1.,0.));
#6315=DIRECTION('center_axis',(0.,0.,-1.));
#6316=DIRECTION('ref_axis',(0.,-1.,0.));
#6317=DIRECTION('center_axis',(0.,0.,-1.));
#6318=DIRECTION('ref_axis',(0.,-1.,0.));
#6319=DIRECTION('',(-8.65956056235493E-17,0.707106781186547,0.707106781186548));
#6320=DIRECTION('center_axis',(0.,0.,1.));
#6321=DIRECTION('ref_axis',(0.,-1.,0.));
#6322=DIRECTION('center_axis',(0.,0.,-1.));
#6323=DIRECTION('ref_axis',(-1.,0.,0.));
#6324=DIRECTION('center_axis',(0.,0.,-1.));
#6325=DIRECTION('ref_axis',(0.,-1.,0.));
#6326=DIRECTION('center_axis',(0.,0.,1.));
#6327=DIRECTION('ref_axis',(0.,1.,0.));
#6328=DIRECTION('',(0.,0.,1.));
#6329=DIRECTION('center_axis',(0.,0.,-1.));
#6330=DIRECTION('ref_axis',(0.,-1.,0.));
#6331=DIRECTION('',(-8.65956056235493E-17,-0.707106781186547,0.707106781186548));
#6332=DIRECTION('center_axis',(0.,0.,1.));
#6333=DIRECTION('ref_axis',(0.,1.,0.));
#6334=DIRECTION('',(0.,0.,1.));
#6335=DIRECTION('center_axis',(1.,0.,0.));
#6336=DIRECTION('ref_axis',(0.,0.866025403784438,0.500000000000002));
#6337=DIRECTION('center_axis',(-1.,0.,0.));
#6338=DIRECTION('ref_axis',(0.,0.866025403784438,0.500000000000002));
#6339=DIRECTION('center_axis',(-1.,0.,0.));
#6340=DIRECTION('ref_axis',(0.,0.866025403784438,0.500000000000002));
#6341=DIRECTION('',(-0.707106781186548,0.612372435695794,0.353553390593275));
#6342=DIRECTION('center_axis',(1.,0.,0.));
#6343=DIRECTION('ref_axis',(0.,0.866025403784438,0.500000000000002));
#6344=DIRECTION('center_axis',(-1.,0.,0.));
#6345=DIRECTION('ref_axis',(0.,-0.866025403784438,-0.500000000000002));
#6346=DIRECTION('',(1.,0.,0.));
#6347=DIRECTION('center_axis',(1.,0.,0.));
#6348=DIRECTION('ref_axis',(0.,0.,-1.));
#6349=DIRECTION('',(0.,-0.866025403784439,-0.5));
#6350=DIRECTION('',(0.,0.,-1.));
#6351=DIRECTION('',(0.,0.866025403784439,-0.499999999999999));
#6352=DIRECTION('',(0.,0.866025403784436,0.500000000000005));
#6353=DIRECTION('',(0.,0.,1.));
#6354=DIRECTION('',(0.,-0.866025403784439,0.499999999999999));
#6355=DIRECTION('center_axis',(-1.,0.,0.));
#6356=DIRECTION('ref_axis',(0.,0.866025403784438,0.500000000000002));
#6357=DIRECTION('',(0.707106781186547,0.612372435695794,0.353553390593275));
#6358=DIRECTION('center_axis',(-1.,0.,0.));
#6359=DIRECTION('ref_axis',(0.,0.866025403784438,0.500000000000002));
#6360=DIRECTION('center_axis',(1.,0.,0.));
#6361=DIRECTION('ref_axis',(0.,0.,-1.));
#6362=DIRECTION('center_axis',(0.,1.,0.));
#6363=DIRECTION('ref_axis',(0.,0.,1.));
#6364=DIRECTION('',(-1.,0.,0.));
#6365=DIRECTION('',(-1.,0.,0.));
#6366=DIRECTION('center_axis',(0.,0.500000000000002,-0.866025403784438));
#6367=DIRECTION('ref_axis',(-1.,0.,0.));
#6368=DIRECTION('',(-1.,0.,0.));
#6369=DIRECTION('center_axis',(-5.007715E-18,0.5,0.866025403784438));
#6370=DIRECTION('ref_axis',(1.,2.5038575E-18,4.33680840491239E-18));
#6371=DIRECTION('',(1.,0.,0.));
#6372=DIRECTION('center_axis',(5.007715E-18,-0.5,-0.866025403784438));
#6373=DIRECTION('ref_axis',(-1.,-2.5038575E-18,-4.33680840491239E-18));
#6374=DIRECTION('',(-1.,0.,0.));
#6375=DIRECTION('center_axis',(0.,-0.500000000000002,0.866025403784438));
#6376=DIRECTION('ref_axis',(1.,0.,0.));
#6377=DIRECTION('',(-1.,0.,0.));
#6378=DIRECTION('center_axis',(0.,-1.,0.));
#6379=DIRECTION('ref_axis',(0.,0.,-1.));
#6380=DIRECTION('center_axis',(-1.,0.,0.));
#6381=DIRECTION('ref_axis',(0.,-0.866025403784438,-0.500000000000002));
#6382=DIRECTION('',(-0.499999999999997,0.750000000000001,0.433012701892222));
#6383=DIRECTION('center_axis',(1.,0.,0.));
#6384=DIRECTION('ref_axis',(0.,0.866025403784438,0.500000000000002));
#6385=DIRECTION('center_axis',(-1.,0.,0.));
#6386=DIRECTION('ref_axis',(0.,0.866025403784438,0.500000000000002));
#6387=DIRECTION('center_axis',(-1.,0.,0.));
#6388=DIRECTION('ref_axis',(0.,0.866025403784438,0.500000000000002));
#6389=DIRECTION('',(-0.707106781186548,0.612372435695794,0.353553390593275));
#6390=DIRECTION('center_axis',(1.,0.,0.));
#6391=DIRECTION('ref_axis',(0.,0.866025403784438,0.500000000000002));
#6392=DIRECTION('center_axis',(-1.,0.,0.));
#6393=DIRECTION('ref_axis',(0.,-0.866025403784438,-0.500000000000002));
#6394=DIRECTION('',(1.,0.,0.));
#6395=DIRECTION('center_axis',(1.,0.,0.));
#6396=DIRECTION('ref_axis',(0.,0.,-1.));
#6397=DIRECTION('',(0.,-0.866025403784439,-0.499999999999999));
#6398=DIRECTION('',(0.,0.,-1.));
#6399=DIRECTION('',(0.,0.866025403784438,-0.500000000000001));
#6400=DIRECTION('',(0.,0.866025403784442,0.499999999999995));
#6401=DIRECTION('',(0.,0.,1.));
#6402=DIRECTION('',(0.,-0.866025403784435,0.500000000000007));
#6403=DIRECTION('center_axis',(-1.,0.,0.));
#6404=DIRECTION('ref_axis',(0.,0.866025403784438,0.500000000000002));
#6405=DIRECTION('',(0.707106781186547,0.612372435695794,0.353553390593275));
#6406=DIRECTION('center_axis',(-1.,0.,0.));
#6407=DIRECTION('ref_axis',(0.,0.866025403784438,0.500000000000002));
#6408=DIRECTION('center_axis',(1.,0.,0.));
#6409=DIRECTION('ref_axis',(0.,0.,-1.));
#6410=DIRECTION('center_axis',(0.,1.,0.));
#6411=DIRECTION('ref_axis',(0.,0.,1.));
#6412=DIRECTION('',(-1.,0.,0.));
#6413=DIRECTION('',(-1.,0.,0.));
#6414=DIRECTION('center_axis',(0.,0.500000000000002,-0.866025403784438));
#6415=DIRECTION('ref_axis',(-1.,0.,0.));
#6416=DIRECTION('',(-1.,0.,0.));
#6417=DIRECTION('center_axis',(-5.007715E-18,0.5,0.866025403784438));
#6418=DIRECTION('ref_axis',(1.,2.5038575E-18,4.33680840491239E-18));
#6419=DIRECTION('',(1.,0.,0.));
#6420=DIRECTION('center_axis',(5.007715E-18,-0.5,-0.866025403784438));
#6421=DIRECTION('ref_axis',(-1.,-2.5038575E-18,-4.33680840491239E-18));
#6422=DIRECTION('',(-1.,0.,0.));
#6423=DIRECTION('center_axis',(0.,-0.500000000000002,0.866025403784438));
#6424=DIRECTION('ref_axis',(1.,0.,0.));
#6425=DIRECTION('',(-1.,0.,0.));
#6426=DIRECTION('center_axis',(0.,-1.,0.));
#6427=DIRECTION('ref_axis',(0.,0.,-1.));
#6428=DIRECTION('center_axis',(-1.,0.,0.));
#6429=DIRECTION('ref_axis',(0.,-0.866025403784438,-0.500000000000002));
#6430=DIRECTION('',(-0.499999999999997,0.750000000000001,0.433012701892222));
#6431=CARTESIAN_POINT('',(0.,0.,0.));
#6432=CARTESIAN_POINT('Origin',(-8.82499999999998,1.004823E-15,30.8765441405712));
#6433=CARTESIAN_POINT('',(-9.19999999999999,9.,30.8765441405712));
#6434=CARTESIAN_POINT('Origin',(-8.82499999999998,9.,30.8765441405712));
#6435=CARTESIAN_POINT('',(-9.19999999999999,-9.,30.8765441405712));
#6436=CARTESIAN_POINT('',(-9.19999999999998,1.004823E-15,30.8765441405712));
#6437=CARTESIAN_POINT('Origin',(-8.82499999999998,-9.,30.8765441405712));
#6438=CARTESIAN_POINT('',(-8.49999999999999,-6.,31.0636270099099));
#6439=CARTESIAN_POINT('Ctrl Pts',(-8.49999999999999,-6.,31.0636270099099));
#6440=CARTESIAN_POINT('Ctrl Pts',(-8.49999999999999,-6.03701221460701,31.0636270099099));
#6441=CARTESIAN_POINT('Ctrl Pts',(-8.49541304010534,-6.07599667703554,31.0562743212883));
#6442=CARTESIAN_POINT('Ctrl Pts',(-8.48394433658543,-6.1268865424925,31.0326930623722));
#6443=CARTESIAN_POINT('Ctrl Pts',(-8.4794422644961,-6.14263825140975,31.022757125518));
#6444=CARTESIAN_POINT('Ctrl Pts',(-8.47033276234841,-6.17029530048484,30.9990038234178));
#6445=CARTESIAN_POINT('Ctrl Pts',(-8.46573263894312,-6.18220634332102,30.9851902969832));
#6446=CARTESIAN_POINT('Ctrl Pts',(-8.45843979967863,-6.19977243378003,30.9567901519317));
#6447=CARTESIAN_POINT('Ctrl Pts',(-8.45529505606703,-6.2067061279344,30.9414419856619));
#6448=CARTESIAN_POINT('Ctrl Pts',(-8.45107067029616,-6.21578871388128,30.9091558376135));
#6449=CARTESIAN_POINT('Ctrl Pts',(-8.44999999999998,-6.21794494717704,30.8922187482616));
#6450=CARTESIAN_POINT('Ctrl Pts',(-8.44999999999998,-6.21794494717704,30.8608695328807));
#6451=CARTESIAN_POINT('Ctrl Pts',(-8.45107067029616,-6.21578871388128,30.8439324435289));
#6452=CARTESIAN_POINT('Ctrl Pts',(-8.45529505606703,-6.2067061279344,30.8116462954804));
#6453=CARTESIAN_POINT('Ctrl Pts',(-8.45843979967863,-6.19977243378003,30.7962981292106));
#6454=CARTESIAN_POINT('Ctrl Pts',(-8.46573263894312,-6.18220634332103,30.7678979841591));
#6455=CARTESIAN_POINT('Ctrl Pts',(-8.47033276234841,-6.17029530048484,30.7540844577245));
#6456=CARTESIAN_POINT('Ctrl Pts',(-8.4794422644961,-6.14263825140975,30.7303311556243));
#6457=CARTESIAN_POINT('Ctrl Pts',(-8.48394433658543,-6.1268865424925,30.7203952187701));
#6458=CARTESIAN_POINT('Ctrl Pts',(-8.49541304010534,-6.07599667703554,30.6968139598541));
#6459=CARTESIAN_POINT('Ctrl Pts',(-8.49999999999999,-6.03701221460701,30.6894612712325));
#6460=CARTESIAN_POINT('Ctrl Pts',(-8.49999999999999,-5.962987785393,30.6894612712325));
#6461=CARTESIAN_POINT('Ctrl Pts',(-8.49541304010534,-5.92400332296446,30.6968139598541));
#6462=CARTESIAN_POINT('Ctrl Pts',(-8.48394433658543,-5.87311345750751,30.7203952187701));
#6463=CARTESIAN_POINT('Ctrl Pts',(-8.4794422644961,-5.85736174859025,30.7303311556243));
#6464=CARTESIAN_POINT('Ctrl Pts',(-8.47033276234841,-5.82970469951516,30.7540844577245));
#6465=CARTESIAN_POINT('Ctrl Pts',(-8.46573263894312,-5.81779365667898,30.7678979841591));
#6466=CARTESIAN_POINT('Ctrl Pts',(-8.45843979967863,-5.80022756621998,30.7962981292106));
#6467=CARTESIAN_POINT('Ctrl Pts',(-8.45529505606703,-5.79329387206561,30.8116462954804));
#6468=CARTESIAN_POINT('Ctrl Pts',(-8.45107067029616,-5.78421128611872,30.8439324435289));
#6469=CARTESIAN_POINT('Ctrl Pts',(-8.44999999999998,-5.78205505282296,30.8608695328807));
#6470=CARTESIAN_POINT('Ctrl Pts',(-8.44999999999998,-5.78205505282296,30.8922187482616));
#6471=CARTESIAN_POINT('Ctrl Pts',(-8.45107067029616,-5.78421128611872,30.9091558376135));
#6472=CARTESIAN_POINT('Ctrl Pts',(-8.45529505606703,-5.79329387206561,30.9414419856619));
#6473=CARTESIAN_POINT('Ctrl Pts',(-8.45843979967863,-5.80022756621998,30.9567901519317));
#6474=CARTESIAN_POINT('Ctrl Pts',(-8.46573263894312,-5.81779365667898,30.9851902969832));
#6475=CARTESIAN_POINT('Ctrl Pts',(-8.47033276234841,-5.82970469951517,30.9990038234178));
#6476=CARTESIAN_POINT('Ctrl Pts',(-8.4794422644961,-5.85736174859025,31.022757125518));
#6477=CARTESIAN_POINT('Ctrl Pts',(-8.48394433658543,-5.8731134575075,31.0326930623722));
#6478=CARTESIAN_POINT('Ctrl Pts',(-8.49541304010534,-5.92400332296446,31.0562743212883));
#6479=CARTESIAN_POINT('Ctrl Pts',(-8.49999999999999,-5.962987785393,31.0636270099099));
#6480=CARTESIAN_POINT('Ctrl Pts',(-8.49999999999999,-6.,31.0636270099099));
#6481=CARTESIAN_POINT('',(-8.49999999999999,6.00000000000001,31.0636270099099));
#6482=CARTESIAN_POINT('Ctrl Pts',(-8.49999999999999,6.,31.0636270099099));
#6483=CARTESIAN_POINT('Ctrl Pts',(-8.49999999999999,5.962987785393,31.0636270099099));
#6484=CARTESIAN_POINT('Ctrl Pts',(-8.49541304010534,5.92400332296446,31.0562743212883));
#6485=CARTESIAN_POINT('Ctrl Pts',(-8.48394433658543,5.87311345750751,31.0326930623722));
#6486=CARTESIAN_POINT('Ctrl Pts',(-8.47944226449609,5.85736174859025,31.022757125518));
#6487=CARTESIAN_POINT('Ctrl Pts',(-8.47033276234841,5.82970469951516,30.9990038234178));
#6488=CARTESIAN_POINT('Ctrl Pts',(-8.46573263894312,5.81779365667898,30.9851902969832));
#6489=CARTESIAN_POINT('Ctrl Pts',(-8.45843979967863,5.80022756621998,30.9567901519317));
#6490=CARTESIAN_POINT('Ctrl Pts',(-8.45529505606703,5.79329387206561,30.9414419856619));
#6491=CARTESIAN_POINT('Ctrl Pts',(-8.45107067029616,5.78421128611873,30.9091558376135));
#6492=CARTESIAN_POINT('Ctrl Pts',(-8.44999999999998,5.78205505282296,30.8922187482616));
#6493=CARTESIAN_POINT('Ctrl Pts',(-8.44999999999998,5.78205505282296,30.8608695328807));
#6494=CARTESIAN_POINT('Ctrl Pts',(-8.45107067029616,5.78421128611873,30.8439324435289));
#6495=CARTESIAN_POINT('Ctrl Pts',(-8.45529505606703,5.79329387206561,30.8116462954804));
#6496=CARTESIAN_POINT('Ctrl Pts',(-8.45843979967863,5.80022756621998,30.7962981292106));
#6497=CARTESIAN_POINT('Ctrl Pts',(-8.46573263894312,5.81779365667898,30.7678979841591));
#6498=CARTESIAN_POINT('Ctrl Pts',(-8.47033276234841,5.82970469951517,30.7540844577245));
#6499=CARTESIAN_POINT('Ctrl Pts',(-8.4794422644961,5.85736174859025,30.7303311556243));
#6500=CARTESIAN_POINT('Ctrl Pts',(-8.48394433658543,5.87311345750751,30.7203952187701));
#6501=CARTESIAN_POINT('Ctrl Pts',(-8.49541304010534,5.92400332296446,30.6968139598541));
#6502=CARTESIAN_POINT('Ctrl Pts',(-8.49999999999999,5.962987785393,30.6894612712325));
#6503=CARTESIAN_POINT('Ctrl Pts',(-8.49999999999999,6.03701221460701,30.6894612712325));
#6504=CARTESIAN_POINT('Ctrl Pts',(-8.49541304010534,6.07599667703555,30.6968139598541));
#6505=CARTESIAN_POINT('Ctrl Pts',(-8.48394433658543,6.1268865424925,30.7203952187701));
#6506=CARTESIAN_POINT('Ctrl Pts',(-8.47944226449609,6.14263825140976,30.7303311556243));
#6507=CARTESIAN_POINT('Ctrl Pts',(-8.47033276234841,6.17029530048484,30.7540844577245));
#6508=CARTESIAN_POINT('Ctrl Pts',(-8.46573263894312,6.18220634332103,30.7678979841591));
#6509=CARTESIAN_POINT('Ctrl Pts',(-8.45843979967863,6.19977243378003,30.7962981292106));
#6510=CARTESIAN_POINT('Ctrl Pts',(-8.45529505606703,6.2067061279344,30.8116462954804));
#6511=CARTESIAN_POINT('Ctrl Pts',(-8.45107067029616,6.21578871388128,30.8439324435289));
#6512=CARTESIAN_POINT('Ctrl Pts',(-8.44999999999998,6.21794494717705,30.8608695328807));
#6513=CARTESIAN_POINT('Ctrl Pts',(-8.44999999999998,6.21794494717705,30.8922187482616));
#6514=CARTESIAN_POINT('Ctrl Pts',(-8.45107067029616,6.21578871388128,30.9091558376135));
#6515=CARTESIAN_POINT('Ctrl Pts',(-8.45529505606703,6.2067061279344,30.9414419856619));
#6516=CARTESIAN_POINT('Ctrl Pts',(-8.45843979967863,6.19977243378003,30.9567901519317));
#6517=CARTESIAN_POINT('Ctrl Pts',(-8.46573263894312,6.18220634332103,30.9851902969832));
#6518=CARTESIAN_POINT('Ctrl Pts',(-8.47033276234841,6.17029530048484,30.9990038234178));
#6519=CARTESIAN_POINT('Ctrl Pts',(-8.4794422644961,6.14263825140976,31.022757125518));
#6520=CARTESIAN_POINT('Ctrl Pts',(-8.48394433658543,6.1268865424925,31.0326930623722));
#6521=CARTESIAN_POINT('Ctrl Pts',(-8.49541304010534,6.07599667703555,31.0562743212883));
#6522=CARTESIAN_POINT('Ctrl Pts',(-8.49999999999999,6.03701221460701,31.0636270099099));
#6523=CARTESIAN_POINT('Ctrl Pts',(-8.49999999999999,6.,31.0636270099099));
#6524=CARTESIAN_POINT('',(-8.49999999999999,1.004823E-15,31.0636270099099));
#6525=CARTESIAN_POINT('Ctrl Pts',(-8.49999999999999,1.004823E-15,31.0636270099099));
#6526=CARTESIAN_POINT('Ctrl Pts',(-8.49999999999999,-0.0370122146070042,
31.0636270099099));
#6527=CARTESIAN_POINT('Ctrl Pts',(-8.49541304010534,-0.075996677035543,
31.0562743212883));
#6528=CARTESIAN_POINT('Ctrl Pts',(-8.48394433658543,-0.126886542492497,
31.0326930623722));
#6529=CARTESIAN_POINT('Ctrl Pts',(-8.4794422644961,-0.142638251409752,31.022757125518));
#6530=CARTESIAN_POINT('Ctrl Pts',(-8.47033276234841,-0.170295300484836,
30.9990038234178));
#6531=CARTESIAN_POINT('Ctrl Pts',(-8.46573263894312,-0.182206343321022,
30.9851902969832));
#6532=CARTESIAN_POINT('Ctrl Pts',(-8.45843979967863,-0.199772433780024,
30.9567901519317));
#6533=CARTESIAN_POINT('Ctrl Pts',(-8.45529505606703,-0.206706127934394,
30.9414419856619));
#6534=CARTESIAN_POINT('Ctrl Pts',(-8.45107067029616,-0.215788713881278,
30.9091558376135));
#6535=CARTESIAN_POINT('Ctrl Pts',(-8.44999999999998,-0.217944947177041,
30.8922187482616));
#6536=CARTESIAN_POINT('Ctrl Pts',(-8.44999999999998,-0.217944947177041,
30.8608695328807));
#6537=CARTESIAN_POINT('Ctrl Pts',(-8.45107067029616,-0.215788713881278,
30.8439324435289));
#6538=CARTESIAN_POINT('Ctrl Pts',(-8.45529505606703,-0.206706127934394,
30.8116462954804));
#6539=CARTESIAN_POINT('Ctrl Pts',(-8.45843979967863,-0.199772433780024,
30.7962981292106));
#6540=CARTESIAN_POINT('Ctrl Pts',(-8.46573263894312,-0.182206343321022,
30.7678979841591));
#6541=CARTESIAN_POINT('Ctrl Pts',(-8.47033276234841,-0.170295300484836,
30.7540844577245));
#6542=CARTESIAN_POINT('Ctrl Pts',(-8.4794422644961,-0.142638251409752,30.7303311556243));
#6543=CARTESIAN_POINT('Ctrl Pts',(-8.48394433658543,-0.126886542492497,
30.7203952187701));
#6544=CARTESIAN_POINT('Ctrl Pts',(-8.49541304010534,-0.075996677035543,
30.6968139598541));
#6545=CARTESIAN_POINT('Ctrl Pts',(-8.49999999999999,-0.0370122146070042,
30.6894612712325));
#6546=CARTESIAN_POINT('Ctrl Pts',(-8.49999999999999,0.0370122146070062,
30.6894612712325));
#6547=CARTESIAN_POINT('Ctrl Pts',(-8.49541304010534,0.075996677035545,30.6968139598541));
#6548=CARTESIAN_POINT('Ctrl Pts',(-8.48394433658543,0.126886542492499,30.7203952187701));
#6549=CARTESIAN_POINT('Ctrl Pts',(-8.47944226449609,0.142638251409753,30.7303311556243));
#6550=CARTESIAN_POINT('Ctrl Pts',(-8.47033276234841,0.170295300484841,30.7540844577245));
#6551=CARTESIAN_POINT('Ctrl Pts',(-8.46573263894312,0.182206343321024,30.7678979841591));
#6552=CARTESIAN_POINT('Ctrl Pts',(-8.45843979967863,0.199772433780026,30.7962981292106));
#6553=CARTESIAN_POINT('Ctrl Pts',(-8.45529505606703,0.206706127934396,30.8116462954804));
#6554=CARTESIAN_POINT('Ctrl Pts',(-8.45107067029616,0.215788713881281,30.8439324435289));
#6555=CARTESIAN_POINT('Ctrl Pts',(-8.44999999999998,0.217944947177043,30.8608695328807));
#6556=CARTESIAN_POINT('Ctrl Pts',(-8.44999999999998,0.217944947177043,30.8922187482616));
#6557=CARTESIAN_POINT('Ctrl Pts',(-8.45107067029616,0.215788713881283,30.9091558376135));
#6558=CARTESIAN_POINT('Ctrl Pts',(-8.45529505606703,0.206706127934401,30.9414419856619));
#6559=CARTESIAN_POINT('Ctrl Pts',(-8.45843979967863,0.199772433780026,30.9567901519317));
#6560=CARTESIAN_POINT('Ctrl Pts',(-8.46573263894312,0.182206343321024,30.9851902969832));
#6561=CARTESIAN_POINT('Ctrl Pts',(-8.47033276234841,0.170295300484836,30.9990038234178));
#6562=CARTESIAN_POINT('Ctrl Pts',(-8.4794422644961,0.142638251409752,31.022757125518));
#6563=CARTESIAN_POINT('Ctrl Pts',(-8.48394433658543,0.126886542492499,31.0326930623722));
#6564=CARTESIAN_POINT('Ctrl Pts',(-8.49541304010534,0.075996677035545,31.0562743212883));
#6565=CARTESIAN_POINT('Ctrl Pts',(-8.49999999999999,0.0370122146070062,
31.0636270099099));
#6566=CARTESIAN_POINT('Ctrl Pts',(-8.49999999999999,1.004823E-15,31.0636270099099));
#6567=CARTESIAN_POINT('Origin',(-8.82499999999998,-9.,30.8765441405712));
#6568=CARTESIAN_POINT('Origin',(-8.82499999999998,9.,30.8765441405712));
#6569=CARTESIAN_POINT('Origin',(-7.99999999999999,1.004823E-15,32.2765441405712));
#6570=CARTESIAN_POINT('',(-8.49523809523808,-5.93115794145333,32.2765441405712));
#6571=CARTESIAN_POINT('',(-8.49523809523808,-6.06884205854668,32.2765441405712));
#6572=CARTESIAN_POINT('Origin',(-8.52499999999999,-6.,32.2765441405712));
#6573=CARTESIAN_POINT('Origin',(-7.99999999999999,-6.,32.2765441405712));
#6574=CARTESIAN_POINT('Origin',(-7.99999999999999,-6.,20.8765441405712));
#6575=CARTESIAN_POINT('',(-8.39999999999999,-5.7,32.2765441405712));
#6576=CARTESIAN_POINT('Origin',(-7.99999999999999,-6.,32.2765441405712));
#6577=CARTESIAN_POINT('',(-8.39999999999999,-5.7,34.3765441405712));
#6578=CARTESIAN_POINT('',(-8.39999999999999,-5.7,32.2765441405712));
#6579=CARTESIAN_POINT('',(-7.99999999999999,-5.5,34.3765441405712));
#6580=CARTESIAN_POINT('Origin',(-7.99999999999999,-6.,34.3765441405712));
#6581=CARTESIAN_POINT('',(-7.99999999999999,-5.5,20.8765441405712));
#6582=CARTESIAN_POINT('',(-7.99999999999999,-5.5,20.8765441405712));
#6583=CARTESIAN_POINT('Origin',(-7.99999999999999,-6.,20.8765441405712));
#6584=CARTESIAN_POINT('',(-8.39999999999999,-6.3,34.3765441405712));
#6585=CARTESIAN_POINT('Origin',(-7.99999999999999,-6.,34.3765441405712));
#6586=CARTESIAN_POINT('',(-8.39999999999999,-6.3,32.2765441405712));
#6587=CARTESIAN_POINT('',(-8.39999999999999,-6.3,34.3765441405712));
#6588=CARTESIAN_POINT('Origin',(-7.99999999999999,-6.,32.2765441405712));
#6589=CARTESIAN_POINT('Origin',(-8.52499999999999,-6.,34.8765441405712));
#6590=CARTESIAN_POINT('',(-8.52499999999999,-5.925,32.2765441405712));
#6591=CARTESIAN_POINT('Origin',(-8.52499999999999,-6.,32.2765441405712));
#6592=CARTESIAN_POINT('',(-8.52499999999999,-5.925,34.8765441405712));
#6593=CARTESIAN_POINT('',(-8.52499999999999,-5.925,34.8765441405712));
#6594=CARTESIAN_POINT('Origin',(-8.52499999999999,-6.,34.8765441405712));
#6595=CARTESIAN_POINT('Origin',(-8.52499999999999,-6.,32.2765441405712));
#6596=CARTESIAN_POINT('Origin',(-7.99999999999999,-6.,20.8765441405712));
#6597=CARTESIAN_POINT('Origin',(-8.39999999999999,-6.,33.5765441405712));
#6598=CARTESIAN_POINT('',(-8.39999999999999,-5.7,34.3765441405712));
#6599=CARTESIAN_POINT('',(-8.39999999999999,-5.,32.2765441405712));
#6600=CARTESIAN_POINT('',(-8.39999999999999,-5.7,32.2765441405712));
#6601=CARTESIAN_POINT('',(-8.39999999999999,-5.,34.8765441405712));
#6602=CARTESIAN_POINT('',(-8.39999999999999,-5.,32.2765441405712));
#6603=CARTESIAN_POINT('',(-8.39999999999999,-7.,34.8765441405712));
#6604=CARTESIAN_POINT('',(-8.39999999999999,-5.,34.8765441405712));
#6605=CARTESIAN_POINT('',(-8.39999999999999,-7.,32.2765441405712));
#6606=CARTESIAN_POINT('',(-8.39999999999999,-7.,34.8765441405712));
#6607=CARTESIAN_POINT('',(-8.39999999999999,-7.,32.2765441405712));
#6608=CARTESIAN_POINT('Origin',(-8.49999999999999,-7.,32.2765441405712));
#6609=CARTESIAN_POINT('',(-8.64999999999999,-7.,34.8765441405712));
#6610=CARTESIAN_POINT('',(-8.64999999999999,-7.,34.8765441405712));
#6611=CARTESIAN_POINT('',(-8.64999999999999,-7.,32.2765441405712));
#6612=CARTESIAN_POINT('',(-8.64999999999999,-7.,32.2765441405712));
#6613=CARTESIAN_POINT('',(-8.64999999999999,-7.,32.2765441405712));
#6614=CARTESIAN_POINT('Origin',(-8.49999999999999,-5.,32.2765441405712));
#6615=CARTESIAN_POINT('',(-8.64999999999999,-5.,32.2765441405712));
#6616=CARTESIAN_POINT('',(-8.64999999999999,-5.,32.2765441405712));
#6617=CARTESIAN_POINT('',(-8.64999999999999,-5.,32.2765441405712));
#6618=CARTESIAN_POINT('Origin',(-8.49999999999999,-5.,34.8765441405712));
#6619=CARTESIAN_POINT('',(-8.64999999999999,-5.,34.8765441405712));
#6620=CARTESIAN_POINT('',(-8.64999999999999,-5.,34.8765441405712));
#6621=CARTESIAN_POINT('',(-8.39999999999999,-5.,34.8765441405712));
#6622=CARTESIAN_POINT('Origin',(-8.49999999999999,-7.,34.8765441405712));
#6623=CARTESIAN_POINT('',(-8.64999999999999,-7.,34.8765441405712));
#6624=CARTESIAN_POINT('Origin',(-8.64999999999999,-6.,33.5765441405712));
#6625=CARTESIAN_POINT('Origin',(-7.99999999999999,-6.,34.3765441405712));
#6626=CARTESIAN_POINT('Origin',(-7.99999999999999,1.004823E-15,32.2765441405712));
#6627=CARTESIAN_POINT('',(-8.49523809523808,6.06884205854668,32.2765441405712));
#6628=CARTESIAN_POINT('',(-8.49523809523808,5.93115794145333,32.2765441405712));
#6629=CARTESIAN_POINT('Origin',(-8.52499999999999,6.00000000000001,32.2765441405712));
#6630=CARTESIAN_POINT('Origin',(-7.99999999999999,6.00000000000001,32.2765441405712));
#6631=CARTESIAN_POINT('Origin',(-7.99999999999999,6.00000000000001,20.8765441405712));
#6632=CARTESIAN_POINT('',(-8.39999999999999,6.3,32.2765441405712));
#6633=CARTESIAN_POINT('Origin',(-7.99999999999999,6.00000000000001,32.2765441405712));
#6634=CARTESIAN_POINT('',(-8.39999999999999,6.3,34.3765441405712));
#6635=CARTESIAN_POINT('',(-8.39999999999999,6.3,32.2765441405712));
#6636=CARTESIAN_POINT('',(-7.99999999999999,6.50000000000001,34.3765441405712));
#6637=CARTESIAN_POINT('Origin',(-7.99999999999999,6.00000000000001,34.3765441405712));
#6638=CARTESIAN_POINT('',(-7.99999999999999,6.50000000000001,20.8765441405712));
#6639=CARTESIAN_POINT('',(-7.99999999999999,6.50000000000001,20.8765441405712));
#6640=CARTESIAN_POINT('Origin',(-7.99999999999999,6.00000000000001,20.8765441405712));
#6641=CARTESIAN_POINT('',(-8.39999999999999,5.7,34.3765441405712));
#6642=CARTESIAN_POINT('Origin',(-7.99999999999999,6.00000000000001,34.3765441405712));
#6643=CARTESIAN_POINT('',(-8.39999999999999,5.7,32.2765441405712));
#6644=CARTESIAN_POINT('',(-8.39999999999999,5.7,34.3765441405712));
#6645=CARTESIAN_POINT('Origin',(-7.99999999999999,6.00000000000001,32.2765441405712));
#6646=CARTESIAN_POINT('Origin',(-8.52499999999999,6.00000000000001,34.8765441405712));
#6647=CARTESIAN_POINT('',(-8.52499999999999,6.075,32.2765441405712));
#6648=CARTESIAN_POINT('Origin',(-8.52499999999999,6.00000000000001,32.2765441405712));
#6649=CARTESIAN_POINT('',(-8.52499999999999,6.075,34.8765441405712));
#6650=CARTESIAN_POINT('',(-8.52499999999999,6.075,34.8765441405712));
#6651=CARTESIAN_POINT('Origin',(-8.52499999999999,6.00000000000001,34.8765441405712));
#6652=CARTESIAN_POINT('Origin',(-8.52499999999999,6.00000000000001,32.2765441405712));
#6653=CARTESIAN_POINT('Origin',(-7.99999999999999,6.00000000000001,20.8765441405712));
#6654=CARTESIAN_POINT('Origin',(-8.39999999999999,6.00000000000001,33.5765441405712));
#6655=CARTESIAN_POINT('',(-8.39999999999999,6.3,34.3765441405712));
#6656=CARTESIAN_POINT('',(-8.39999999999999,7.,32.2765441405712));
#6657=CARTESIAN_POINT('',(-8.39999999999999,6.3,32.2765441405712));
#6658=CARTESIAN_POINT('',(-8.39999999999999,7.,34.8765441405712));
#6659=CARTESIAN_POINT('',(-8.39999999999999,7.,32.2765441405712));
#6660=CARTESIAN_POINT('',(-8.39999999999999,5.,34.8765441405712));
#6661=CARTESIAN_POINT('',(-8.39999999999999,7.,34.8765441405712));
#6662=CARTESIAN_POINT('',(-8.39999999999999,5.,32.2765441405712));
#6663=CARTESIAN_POINT('',(-8.39999999999999,5.,34.8765441405712));
#6664=CARTESIAN_POINT('',(-8.39999999999999,5.,32.2765441405712));
#6665=CARTESIAN_POINT('Origin',(-8.49999999999999,5.,32.2765441405712));
#6666=CARTESIAN_POINT('',(-8.64999999999999,5.,34.8765441405712));
#6667=CARTESIAN_POINT('',(-8.64999999999999,5.,34.8765441405712));
#6668=CARTESIAN_POINT('',(-8.64999999999999,5.,32.2765441405712));
#6669=CARTESIAN_POINT('',(-8.64999999999999,5.,32.2765441405712));
#6670=CARTESIAN_POINT('',(-8.64999999999999,5.,32.2765441405712));
#6671=CARTESIAN_POINT('Origin',(-8.49999999999999,7.,32.2765441405712));
#6672=CARTESIAN_POINT('',(-8.64999999999999,7.,32.2765441405712));
#6673=CARTESIAN_POINT('',(-8.64999999999999,7.,32.2765441405712));
#6674=CARTESIAN_POINT('',(-8.64999999999999,7.,32.2765441405712));
#6675=CARTESIAN_POINT('Origin',(-8.49999999999999,7.,34.8765441405712));
#6676=CARTESIAN_POINT('',(-8.64999999999999,7.,34.8765441405712));
#6677=CARTESIAN_POINT('',(-8.64999999999999,7.,34.8765441405712));
#6678=CARTESIAN_POINT('',(-8.39999999999999,7.,34.8765441405712));
#6679=CARTESIAN_POINT('Origin',(-8.49999999999999,5.,34.8765441405712));
#6680=CARTESIAN_POINT('',(-8.64999999999999,5.,34.8765441405712));
#6681=CARTESIAN_POINT('Origin',(-8.64999999999999,6.00000000000001,33.5765441405712));
#6682=CARTESIAN_POINT('Origin',(-7.99999999999999,6.00000000000001,34.3765441405712));
#6683=CARTESIAN_POINT('Origin',(-8.52499999999999,6.00000000000001,65.2765441405712));
#6684=CARTESIAN_POINT('',(-8.64999999999999,7.,65.2765441405712));
#6685=CARTESIAN_POINT('',(-8.64999999999999,5.,65.2765441405712));
#6686=CARTESIAN_POINT('',(-8.64999999999999,7.,65.2765441405712));
#6687=CARTESIAN_POINT('',(-8.39999999999999,7.,65.2765441405712));
#6688=CARTESIAN_POINT('',(-8.39999999999999,7.,65.2765441405712));
#6689=CARTESIAN_POINT('',(-8.39999999999999,5.,65.2765441405712));
#6690=CARTESIAN_POINT('',(-8.39999999999999,5.,65.2765441405712));
#6691=CARTESIAN_POINT('',(-8.64999999999999,5.,65.2765441405712));
#6692=CARTESIAN_POINT('',(-8.52499999999999,6.05,65.2765441405712));
#6693=CARTESIAN_POINT('Origin',(-8.52499999999999,6.00000000000001,65.2765441405712));
#6694=CARTESIAN_POINT('Origin',(-5.47499999999999,7.75,67.3715315776778));
#6695=CARTESIAN_POINT('',(-7.47499999999999,7.75,67.3715315776778));
#6696=CARTESIAN_POINT('',(-7.31966019417475,7.75,66.5987258012843));
#6697=CARTESIAN_POINT('Origin',(-5.47499999999999,7.75,67.3715315776778));
#6698=CARTESIAN_POINT('',(-7.47499999999999,4.75,67.3715315776778));
#6699=CARTESIAN_POINT('',(-7.47499999999999,4.75,67.3715315776778));
#6700=CARTESIAN_POINT('',(-7.31966019417475,4.75,66.5987258012843));
#6701=CARTESIAN_POINT('Origin',(-5.47499999999999,4.75000000000001,67.3715315776778));
#6702=CARTESIAN_POINT('',(-7.31966019417475,7.75,66.5987258012843));
#6703=CARTESIAN_POINT('Origin',(-7.84999999999999,7.75,66.3765441405712));
#6704=CARTESIAN_POINT('',(-8.38033980582523,4.75,66.5987258012843));
#6705=CARTESIAN_POINT('Origin',(-7.84999999999999,4.75,66.3765441405712));
#6706=CARTESIAN_POINT('',(-8.38033980582523,7.75,66.5987258012843));
#6707=CARTESIAN_POINT('',(-8.38033980582523,4.75,66.5987258012843));
#6708=CARTESIAN_POINT('Origin',(-7.84999999999999,7.75,66.3765441405712));
#6709=CARTESIAN_POINT('',(-8.39999999999999,7.,66.2088390422587));
#6710=CARTESIAN_POINT('',(-8.39999999999999,7.,66.5442492388836));
#6711=CARTESIAN_POINT('Origin',(-7.84999999999999,7.,66.3765441405712));
#6712=CARTESIAN_POINT('',(-8.39999999999999,5.,66.5442492388836));
#6713=CARTESIAN_POINT('',(-8.39999999999999,7.,66.5442492388836));
#6714=CARTESIAN_POINT('',(-8.39999999999999,5.,66.2088390422587));
#6715=CARTESIAN_POINT('Origin',(-7.84999999999999,5.,66.3765441405712));
#6716=CARTESIAN_POINT('',(-8.39999999999999,5.,66.2088390422587));
#6717=CARTESIAN_POINT('Origin',(-7.67499999999999,7.75,67.4765441405712));
#6718=CARTESIAN_POINT('',(-7.47499999999999,4.75,67.4765441405712));
#6719=CARTESIAN_POINT('',(-7.67499999999999,4.75,67.6765441405712));
#6720=CARTESIAN_POINT('Origin',(-7.67499999999999,4.75000000000001,67.4765441405712));
#6721=CARTESIAN_POINT('',(-7.47499999999999,7.75,67.4765441405712));
#6722=CARTESIAN_POINT('',(-7.47499999999999,7.75,67.4765441405712));
#6723=CARTESIAN_POINT('',(-7.67499999999999,7.75,67.6765441405712));
#6724=CARTESIAN_POINT('Origin',(-7.67499999999999,7.75,67.4765441405712));
#6725=CARTESIAN_POINT('',(-7.67499999999999,4.75,67.6765441405712));
#6726=CARTESIAN_POINT('Origin',(-7.84999999999999,7.75,66.3777664903656));
#6727=CARTESIAN_POINT('',(-7.47499999999999,7.75,67.3715315776778));
#6728=CARTESIAN_POINT('',(-8.22499999999999,7.75,67.3715315776778));
#6729=CARTESIAN_POINT('Origin',(-10.225,7.75,67.3715315776778));
#6730=CARTESIAN_POINT('',(-8.22499999999999,7.75,67.4765441405712));
#6731=CARTESIAN_POINT('',(-8.22499999999999,7.75,67.4765441405712));
#6732=CARTESIAN_POINT('',(-8.02499999999999,7.75,67.6765441405712));
#6733=CARTESIAN_POINT('Origin',(-8.02499999999999,7.75,67.4765441405712));
#6734=CARTESIAN_POINT('',(-7.67499999999999,7.75,67.6765441405712));
#6735=CARTESIAN_POINT('',(-7.84999999999999,7.75,66.8765441405712));
#6736=CARTESIAN_POINT('Origin',(-7.84999999999999,7.75,66.3765441405712));
#6737=CARTESIAN_POINT('Origin',(-8.22499999999999,7.75,67.6765441405712));
#6738=CARTESIAN_POINT('',(-8.02499999999999,4.75,67.6765441405712));
#6739=CARTESIAN_POINT('',(-8.02499999999999,7.75,67.6765441405712));
#6740=CARTESIAN_POINT('',(-8.02499999999999,4.75,67.6765441405712));
#6741=CARTESIAN_POINT('Origin',(-10.225,7.75,67.3715315776778));
#6742=CARTESIAN_POINT('',(-8.22499999999999,4.75,67.3715315776778));
#6743=CARTESIAN_POINT('Origin',(-10.225,4.75000000000001,67.3715315776778));
#6744=CARTESIAN_POINT('',(-8.22499999999999,7.75,67.3715315776778));
#6745=CARTESIAN_POINT('Origin',(-8.22499999999999,7.75,66.8124340349253));
#6746=CARTESIAN_POINT('',(-8.22499999999999,4.75,67.4765441405712));
#6747=CARTESIAN_POINT('',(-8.22499999999999,4.75,67.3715315776778));
#6748=CARTESIAN_POINT('',(-8.22499999999999,4.75,67.4765441405712));
#6749=CARTESIAN_POINT('Origin',(-8.02499999999999,7.75,67.4765441405712));
#6750=CARTESIAN_POINT('Origin',(-8.02499999999999,4.75000000000001,67.4765441405712));
#6751=CARTESIAN_POINT('Origin',(-7.84999999999999,4.75000000000001,66.3777664903656));
#6752=CARTESIAN_POINT('',(-7.47499999999999,4.75,67.4765441405712));
#6753=CARTESIAN_POINT('',(-7.84999999999999,4.75000000000001,66.8765441405712));
#6754=CARTESIAN_POINT('Origin',(-7.84999999999999,4.75000000000001,66.3765441405712));
#6755=CARTESIAN_POINT('Origin',(-7.47499999999999,7.75,67.6765441405712));
#6756=CARTESIAN_POINT('Origin',(-8.64999999999999,5.,67.8765441405712));
#6757=CARTESIAN_POINT('',(-8.39999999999999,5.,67.8765441405712));
#6758=CARTESIAN_POINT('',(-8.39999999999999,5.,67.8765441405712));
#6759=CARTESIAN_POINT('',(-8.64999999999999,5.,67.8765441405712));
#6760=CARTESIAN_POINT('',(-8.39999999999999,5.,67.8765441405712));
#6761=CARTESIAN_POINT('',(-8.64999999999999,5.,67.8765441405712));
#6762=CARTESIAN_POINT('',(-8.39999999999999,5.,66.2088390422587));
#6763=CARTESIAN_POINT('Origin',(-8.39999999999999,5.,67.8765441405712));
#6764=CARTESIAN_POINT('',(-8.39999999999999,7.,66.2088390422587));
#6765=CARTESIAN_POINT('Origin',(-8.39999999999999,7.,67.8765441405712));
#6766=CARTESIAN_POINT('',(-8.64999999999999,7.,67.8765441405712));
#6767=CARTESIAN_POINT('',(-8.64999999999999,7.,67.8765441405712));
#6768=CARTESIAN_POINT('',(-8.39999999999999,7.,67.8765441405712));
#6769=CARTESIAN_POINT('',(-8.64999999999999,7.,67.8765441405712));
#6770=CARTESIAN_POINT('',(-8.39999999999999,7.,67.8765441405712));
#6771=CARTESIAN_POINT('Origin',(-8.39999999999999,5.,67.8765441405712));
#6772=CARTESIAN_POINT('',(-8.39999999999999,7.,67.8765441405712));
#6773=CARTESIAN_POINT('Origin',(-8.64999999999999,7.,67.8765441405712));
#6774=CARTESIAN_POINT('',(-8.64999999999999,5.,67.8765441405712));
#6775=CARTESIAN_POINT('Origin',(-7.84999999999999,2.5,66.3765441405712));
#6776=CARTESIAN_POINT('',(-7.84999999999999,8.,66.8765441405712));
#6777=CARTESIAN_POINT('',(-7.84999999999999,2.5,66.8765441405712));
#6778=CARTESIAN_POINT('Origin',(-7.84999999999999,8.,66.3765441405712));
#6779=CARTESIAN_POINT('Origin',(-7.84999999999999,2.5,66.3765441405712));
#6780=CARTESIAN_POINT('',(-7.85002312447758,2.5,66.8765441400364));
#6781=CARTESIAN_POINT('',(-7.8499999983699,2.5,65.8765441405712));
#6782=CARTESIAN_POINT('Origin',(-7.84999999999999,2.5,66.3765441405712));
#6783=CARTESIAN_POINT('Origin',(-7.84999999999999,2.5,66.3765441405712));
#6784=CARTESIAN_POINT('',(-7.84999999999999,2.5,66.8765441405712));
#6785=CARTESIAN_POINT('Origin',(-7.84999999999999,8.,66.3765441405712));
#6786=CARTESIAN_POINT('Ctrl Pts',(-8.95006160294079,2.49962022975216,66.8768789433964));
#6787=CARTESIAN_POINT('Ctrl Pts',(-8.92385846517065,2.7615987151516,66.8769371168213));
#6788=CARTESIAN_POINT('Ctrl Pts',(-8.87146485121002,3.28410060506395,66.7566892980031));
#6789=CARTESIAN_POINT('Ctrl Pts',(-8.76669028486845,4.12887659692492,66.0900119473014));
#6790=CARTESIAN_POINT('Ctrl Pts',(-8.63573790391607,4.45437300533062,64.6821785512856));
#6791=CARTESIAN_POINT('Ctrl Pts',(-8.47859504677321,3.36871706278612,63.3208601807098));
#6792=CARTESIAN_POINT('Ctrl Pts',(-8.32145218963035,1.63128293721386,63.3208601807097));
#6793=CARTESIAN_POINT('Ctrl Pts',(-8.1643093324875,0.545626994669378,64.6821785512857));
#6794=CARTESIAN_POINT('Ctrl Pts',(-8.03335695153512,0.871123403075078,66.0900119473014));
#6795=CARTESIAN_POINT('Ctrl Pts',(-7.92856669504279,1.71602590142643,66.7567891339509));
#6796=CARTESIAN_POINT('Ctrl Pts',(-7.87615739093142,2.23871423781672,66.8770091181797));
#6797=CARTESIAN_POINT('Ctrl Pts',(-7.84993856301051,2.50085038046597,66.8768787741439));
#6798=CARTESIAN_POINT('Ctrl Pts',(-9.09917247843242,2.4996202323068,66.8769042342583));
#6799=CARTESIAN_POINT('Ctrl Pts',(-9.07296934066228,2.76159695225121,66.8769624095169));
#6800=CARTESIAN_POINT('Ctrl Pts',(-9.02057572670167,3.28410847691659,66.7567107993657));
#6801=CARTESIAN_POINT('Ctrl Pts',(-8.91580116036009,4.12888459272965,66.0900309746409));
#6802=CARTESIAN_POINT('Ctrl Pts',(-8.78484877940771,4.45439722972068,64.6821717512864));
#6803=CARTESIAN_POINT('Ctrl Pts',(-8.62770592226485,3.36872383985142,63.3208417611611));
#6804=CARTESIAN_POINT('Ctrl Pts',(-8.47056306512199,1.63127616014856,63.320841761161));
#6805=CARTESIAN_POINT('Ctrl Pts',(-8.31342020797914,0.545602770279307,64.6821717512864));
#6806=CARTESIAN_POINT('Ctrl Pts',(-8.18246782702676,0.871115407270347,66.0900309746409));
#6807=CARTESIAN_POINT('Ctrl Pts',(-8.07767757053443,1.71601802959234,66.7568106356839));
#6808=CARTESIAN_POINT('Ctrl Pts',(-8.02526826642305,2.23871600648855,66.8770344131462));
#6809=CARTESIAN_POINT('Ctrl Pts',(-7.99904943850215,2.50085037473285,66.8769040650005));
#6810=CARTESIAN_POINT('Ctrl Pts',(-9.39733559295507,2.49965137467165,66.7333274456944));
#6811=CARTESIAN_POINT('Ctrl Pts',(-9.37113245518493,2.74014503164763,66.7333808479194));
#6812=CARTESIAN_POINT('Ctrl Pts',(-9.31873884122431,3.21979421120066,66.6229953743238));
#6813=CARTESIAN_POINT('Ctrl Pts',(-9.21396427488274,3.99528915724023,66.010993426768));
#6814=CARTESIAN_POINT('Ctrl Pts',(-9.08301189393036,4.29408829987594,64.7186227024835));
#6815=CARTESIAN_POINT('Ctrl Pts',(-8.92586903678749,3.29747137707764,63.4689496791982));
#6816=CARTESIAN_POINT('Ctrl Pts',(-8.76872617964464,1.70252862292235,63.4689496791982));
#6817=CARTESIAN_POINT('Ctrl Pts',(-8.61158332250178,0.705911700124059,64.7186227024835));
#6818=CARTESIAN_POINT('Ctrl Pts',(-8.4806309415494,1.00471084275978,66.010993426768));
#6819=CARTESIAN_POINT('Ctrl Pts',(-8.37584068505707,1.78032192034767,66.6230870225468));
#6820=CARTESIAN_POINT('Ctrl Pts',(-8.3234313809457,2.26014225465186,66.7334469439543));
#6821=CARTESIAN_POINT('Ctrl Pts',(-8.2972125530248,2.50078064085259,66.7333272903235));
#6822=CARTESIAN_POINT('Ctrl Pts',(-9.50868701225594,2.49975642110497,66.2489670281045));
#6823=CARTESIAN_POINT('Ctrl Pts',(-9.4824838744858,2.66778547913099,66.2490043267302));
#6824=CARTESIAN_POINT('Ctrl Pts',(-9.43009026052517,3.00283387736411,66.1719059264312));
#6825=CARTESIAN_POINT('Ctrl Pts',(-9.3253156941836,3.54462668292186,65.7443495912304));
#6826=CARTESIAN_POINT('Ctrl Pts',(-9.19436331323122,3.75328812714961,64.8415916565732));
#6827=CARTESIAN_POINT('Ctrl Pts',(-9.03722045608836,3.05710864827605,63.9685833738694));
#6828=CARTESIAN_POINT('Ctrl Pts',(-8.88007759894551,1.94289135172395,63.9685833738693));
#6829=CARTESIAN_POINT('Ctrl Pts',(-8.72293474180265,1.24671187285039,64.8415916565732));
#6830=CARTESIAN_POINT('Ctrl Pts',(-8.59198236085027,1.45537331707815,65.7443495912304));
#6831=CARTESIAN_POINT('Ctrl Pts',(-8.48719210435794,1.99724725693304,66.171969953643));
#6832=CARTESIAN_POINT('Ctrl Pts',(-8.43478280024657,2.33241519839895,66.2490504913011));
#6833=CARTESIAN_POINT('Ctrl Pts',(-8.40856397232567,2.50054542124789,66.2489669195861));
#6834=CARTESIAN_POINT('Ctrl Pts',(-9.19809624918485,2.49984066930836,65.8614031075287));
#6835=CARTESIAN_POINT('Ctrl Pts',(-9.17189311141471,2.60975237709585,65.8614275448001));
#6836=CARTESIAN_POINT('Ctrl Pts',(-9.11949949745409,2.82914805500617,65.8109142823577));
#6837=CARTESIAN_POINT('Ctrl Pts',(-9.01472493111252,3.18365021384714,65.5311165082363));
#6838=CARTESIAN_POINT('Ctrl Pts',(-8.88377255016014,3.32046641653998,64.9399768285895));
#6839=CARTESIAN_POINT('Ctrl Pts',(-8.72662969301728,2.86464116257481,64.3685539845255));
#6840=CARTESIAN_POINT('Ctrl Pts',(-8.56948683587442,2.13535883742518,64.3685539845255));
#6841=CARTESIAN_POINT('Ctrl Pts',(-8.41234397873156,1.67953358346002,64.9399768285895));
#6842=CARTESIAN_POINT('Ctrl Pts',(-8.28139159777918,1.81634978615287,65.5311165082362));
#6843=CARTESIAN_POINT('Ctrl Pts',(-8.17660134128685,2.17090503223161,65.8109561825002));
#6844=CARTESIAN_POINT('Ctrl Pts',(-8.12419203717548,2.39037903014878,65.8614577908781));
#6845=CARTESIAN_POINT('Ctrl Pts',(-8.09797320925458,2.50035677265692,65.8614030364298));
#6846=CARTESIAN_POINT('Ctrl Pts',(-8.70154619702436,2.49984067661226,65.8601807941658));
#6847=CARTESIAN_POINT('Ctrl Pts',(-8.67534305925421,2.60974744785935,65.8602051589657));
#6848=CARTESIAN_POINT('Ctrl Pts',(-8.62294944529359,2.82871138052434,65.809841735036));
#6849=CARTESIAN_POINT('Ctrl Pts',(-8.51817487895202,3.18301107882614,65.5302799412616));
#6850=CARTESIAN_POINT('Ctrl Pts',(-8.38722249799964,3.31923036415154,64.9402993065495));
#6851=CARTESIAN_POINT('Ctrl Pts',(-8.23007964085678,2.86421971602042,64.3695689440827));
#6852=CARTESIAN_POINT('Ctrl Pts',(-8.07293678371392,2.13578028397958,64.3695689440827));
#6853=CARTESIAN_POINT('Ctrl Pts',(-7.91579392657107,1.68076963584846,64.9402993065495));
#6854=CARTESIAN_POINT('Ctrl Pts',(-7.78484154561869,1.81698892117386,65.5302799412616));
#6855=CARTESIAN_POINT('Ctrl Pts',(-7.68005128912636,2.17134167639467,65.80988359984));
#6856=CARTESIAN_POINT('Ctrl Pts',(-7.62764198501498,2.39038370076886,65.8602353152975));
#6857=CARTESIAN_POINT('Ctrl Pts',(-7.60142315709408,2.5003567567122,65.8601807232777));
#6858=CARTESIAN_POINT('Ctrl Pts',(-8.39192288885382,2.49975645419098,66.2495126543951));
#6859=CARTESIAN_POINT('Ctrl Pts',(-8.36571975108368,2.66776262849051,66.2495499898595));
#6860=CARTESIAN_POINT('Ctrl Pts',(-8.31332613712307,3.00301317620899,66.1723754208764));
#6861=CARTESIAN_POINT('Ctrl Pts',(-8.20855157078149,3.54484175073393,65.7447461019959));
#6862=CARTESIAN_POINT('Ctrl Pts',(-8.07759918982911,3.7538217418749,64.8414459919761));
#6863=CARTESIAN_POINT('Ctrl Pts',(-7.92045633268625,3.05727067579189,63.9681649777853));
#6864=CARTESIAN_POINT('Ctrl Pts',(-7.7633134755434,1.9427293242081,63.9681649777853));
#6865=CARTESIAN_POINT('Ctrl Pts',(-7.60617061840054,1.2461782581251,64.8414459919761));
#6866=CARTESIAN_POINT('Ctrl Pts',(-7.47521823744816,1.45515824926608,65.7447461019959));
#6867=CARTESIAN_POINT('Ctrl Pts',(-7.37042798095583,1.99706796344461,66.1724394590177));
#6868=CARTESIAN_POINT('Ctrl Pts',(-7.31801867684445,2.3324381701301,66.249596200054));
#6869=CARTESIAN_POINT('Ctrl Pts',(-7.29179984892355,2.50054534692091,66.2495125457696));
#6870=CARTESIAN_POINT('Ctrl Pts',(-8.50267034000523,2.49965135934382,66.7331757005224));
#6871=CARTESIAN_POINT('Ctrl Pts',(-8.47646720223509,2.74015560904997,66.7332290917457));
#6872=CARTESIAN_POINT('Ctrl Pts',(-8.42407358827447,3.21974698008481,66.6228663661482));
#6873=CARTESIAN_POINT('Ctrl Pts',(-8.3192990219329,3.99524118241185,66.0108792627314));
#6874=CARTESIAN_POINT('Ctrl Pts',(-8.18834664098052,4.29394295353551,64.718663502479));
#6875=CARTESIAN_POINT('Ctrl Pts',(-8.03120378383766,3.29743071468587,63.4690601964903));
#6876=CARTESIAN_POINT('Ctrl Pts',(-7.87406092669481,1.70256928531413,63.4690601964903));
#6877=CARTESIAN_POINT('Ctrl Pts',(-7.71691806955194,0.706057046464493,64.7186635024791));
#6878=CARTESIAN_POINT('Ctrl Pts',(-7.58596568859956,1.00475881758816,66.0108792627314));
#6879=CARTESIAN_POINT('Ctrl Pts',(-7.48117543210724,1.78036915135217,66.6229580121483));
#6880=CARTESIAN_POINT('Ctrl Pts',(-7.42876612799586,2.26013164262091,66.7332951741546));
#6881=CARTESIAN_POINT('Ctrl Pts',(-7.40254730007497,2.50078067525135,66.7331755451836));
#6882=CARTESIAN_POINT('Ctrl Pts',(-8.80095072744914,2.49962022719752,66.8768536525343));
#6883=CARTESIAN_POINT('Ctrl Pts',(-8.77474758967901,2.76160047805198,66.8769118241257));
#6884=CARTESIAN_POINT('Ctrl Pts',(-8.72235397571838,3.2840927332113,66.7566677966405));
#6885=CARTESIAN_POINT('Ctrl Pts',(-8.61757940937681,4.12886860112019,66.089992919962));
#6886=CARTESIAN_POINT('Ctrl Pts',(-8.48662702842443,4.45434878094054,64.6821853512849));
#6887=CARTESIAN_POINT('Ctrl Pts',(-8.32948417128157,3.36871028572083,63.3208786002585));
#6888=CARTESIAN_POINT('Ctrl Pts',(-8.17234131413872,1.63128971427916,63.3208786002584));
#6889=CARTESIAN_POINT('Ctrl Pts',(-8.01519845699586,0.54565121905945,64.6821853512849));
#6890=CARTESIAN_POINT('Ctrl Pts',(-7.88424607604348,0.871131398879808,66.089992919962));
#6891=CARTESIAN_POINT('Ctrl Pts',(-7.77945581955115,1.71603377326051,66.7567676322178));
#6892=CARTESIAN_POINT('Ctrl Pts',(-7.72704651543977,2.2387124691449,66.8769838232131));
#6893=CARTESIAN_POINT('Ctrl Pts',(-7.70082768751888,2.50085038619911,66.8768534832872));
#6894=CARTESIAN_POINT('Ctrl Pts',(-8.95006160294079,2.49962022975216,66.8768789433964));
#6895=CARTESIAN_POINT('Ctrl Pts',(-8.92385846517065,2.7615987151516,66.8769371168213));
#6896=CARTESIAN_POINT('Ctrl Pts',(-8.87146485121002,3.28410060506395,66.7566892980031));
#6897=CARTESIAN_POINT('Ctrl Pts',(-8.76669028486845,4.12887659692492,66.0900119473014));
#6898=CARTESIAN_POINT('Ctrl Pts',(-8.63573790391607,4.45437300533062,64.6821785512856));
#6899=CARTESIAN_POINT('Ctrl Pts',(-8.47859504677321,3.36871706278612,63.3208601807098));
#6900=CARTESIAN_POINT('Ctrl Pts',(-8.32145218963035,1.63128293721386,63.3208601807097));
#6901=CARTESIAN_POINT('Ctrl Pts',(-8.1643093324875,0.545626994669378,64.6821785512857));
#6902=CARTESIAN_POINT('Ctrl Pts',(-8.03335695153512,0.871123403075078,66.0900119473014));
#6903=CARTESIAN_POINT('Ctrl Pts',(-7.92856669504279,1.71602590142643,66.7567891339509));
#6904=CARTESIAN_POINT('Ctrl Pts',(-7.87615739093142,2.23871423781672,66.8770091181797));
#6905=CARTESIAN_POINT('Ctrl Pts',(-7.84993856301051,2.50085038046597,66.8768787741439));
#6906=CARTESIAN_POINT('',(-8.94999999999999,2.5,66.8765441405712));
#6907=CARTESIAN_POINT('Ctrl Pts',(-8.95002349995932,2.50000118218297,66.8768789855604));
#6908=CARTESIAN_POINT('Ctrl Pts',(-8.92383306318301,2.76185203378074,66.8768788045655));
#6909=CARTESIAN_POINT('Ctrl Pts',(-8.8714521502162,3.28420301059065,66.7566084819691));
#6910=CARTESIAN_POINT('Ctrl Pts',(-8.76669028486845,4.12887659692492,66.0900119473014));
#6911=CARTESIAN_POINT('Ctrl Pts',(-8.63573790391607,4.45437300533062,64.6821785512856));
#6912=CARTESIAN_POINT('Ctrl Pts',(-8.47859504677321,3.36871706278612,63.3208601807098));
#6913=CARTESIAN_POINT('Ctrl Pts',(-8.32145218963035,1.63128293721386,63.3208601807097));
#6914=CARTESIAN_POINT('Ctrl Pts',(-8.1643093324875,0.545626994669378,64.6821785512857));
#6915=CARTESIAN_POINT('Ctrl Pts',(-8.03335695153512,0.871123403075078,66.0900119473014));
#6916=CARTESIAN_POINT('Ctrl Pts',(-7.92859504514279,1.71579732034345,66.7566087431345));
#6917=CARTESIAN_POINT('Ctrl Pts',(-7.87621409113141,2.23814878482579,66.876878993048));
#6918=CARTESIAN_POINT('Ctrl Pts',(-7.8500236133105,2.50000004890286,66.8768789855609));
#6919=CARTESIAN_POINT('',(-8.94999999511461,2.5,65.8765441405712));
#6920=CARTESIAN_POINT('Origin',(-8.94999999999999,2.5,66.3765441405712));
#6921=CARTESIAN_POINT('',(-9.44999999999999,2.5,66.3765441405712));
#6922=CARTESIAN_POINT('Origin',(-8.94999999999999,2.5,66.3765441405712));
#6923=CARTESIAN_POINT('Origin',(-8.94999999999999,2.5,66.3765441405712));
#6924=CARTESIAN_POINT('Origin',(-7.99999999999999,1.004823E-15,20.8765441405712));
#6925=CARTESIAN_POINT('',(-7.99999999999999,0.500000000000001,67.8765441405712));
#6926=CARTESIAN_POINT('Origin',(-7.99999999999999,1.004823E-15,67.8765441405712));
#6927=CARTESIAN_POINT('',(-7.99999999999999,0.500000000000001,20.8765441405712));
#6928=CARTESIAN_POINT('',(-7.99999999999999,0.500000000000001,20.8765441405712));
#6929=CARTESIAN_POINT('Origin',(-7.99999999999999,1.004823E-15,20.8765441405712));
#6930=CARTESIAN_POINT('',(-8.49999999999999,1.004823E-15,66.1585991933941));
#6931=CARTESIAN_POINT('Ctrl Pts',(-8.44999999999999,0.217944947177036,66.3765441405712));
#6932=CARTESIAN_POINT('Ctrl Pts',(-8.44999999999999,0.217944947177037,66.4020617889752));
#6933=CARTESIAN_POINT('Ctrl Pts',(-8.45215085194618,0.213709108545478,66.4293972477047));
#6934=CARTESIAN_POINT('Ctrl Pts',(-8.46015865579583,0.195795150423151,66.4801125963248));
#6935=CARTESIAN_POINT('Ctrl Pts',(-8.4659843482603,0.182089751423643,66.5034877775738));
#6936=CARTESIAN_POINT('Ctrl Pts',(-8.47675416463352,0.151449315444191,66.538833797356));
#6937=CARTESIAN_POINT('Ctrl Pts',(-8.48292640294975,0.131040589874184,66.5553672919905));
#6938=CARTESIAN_POINT('Ctrl Pts',(-8.49098241202034,0.0959252604472369,
66.5750262332925));
#6939=CARTESIAN_POINT('Ctrl Pts',(-8.49436402596291,0.0773770732812288,
66.5825053813271));
#6940=CARTESIAN_POINT('Ctrl Pts',(-8.49887701241736,0.0386930671663414,
66.592233203135));
#6941=CARTESIAN_POINT('Ctrl Pts',(-8.49999999999999,0.0185580841041283,
66.5944890877482));
#6942=CARTESIAN_POINT('Ctrl Pts',(-8.49999999999999,-0.0185580841041263,
66.5944890877482));
#6943=CARTESIAN_POINT('Ctrl Pts',(-8.49887701241736,-0.0386930671663339,
66.592233203135));
#6944=CARTESIAN_POINT('Ctrl Pts',(-8.49436402596291,-0.0773770732812214,
66.5825053813271));
#6945=CARTESIAN_POINT('Ctrl Pts',(-8.49098241202034,-0.0959252604472349,
66.5750262332925));
#6946=CARTESIAN_POINT('Ctrl Pts',(-8.48292640294975,-0.131040589874182,
66.5553672919905));
#6947=CARTESIAN_POINT('Ctrl Pts',(-8.47675416463352,-0.151449315444189,
66.538833797356));
#6948=CARTESIAN_POINT('Ctrl Pts',(-8.4659843482603,-0.182089751423641,66.5034877775738));
#6949=CARTESIAN_POINT('Ctrl Pts',(-8.46015865579583,-0.195795150423149,
66.4801125963248));
#6950=CARTESIAN_POINT('Ctrl Pts',(-8.45215085194618,-0.213709108545476,
66.4293972477047));
#6951=CARTESIAN_POINT('Ctrl Pts',(-8.44999999999999,-0.217944947177035,
66.4020617889752));
#6952=CARTESIAN_POINT('Ctrl Pts',(-8.44999999999999,-0.217944947177033,
66.3510264921671));
#6953=CARTESIAN_POINT('Ctrl Pts',(-8.45215085194618,-0.213709108545471,
66.3236910334376));
#6954=CARTESIAN_POINT('Ctrl Pts',(-8.46015865579583,-0.195795150423143,
66.2729756848175));
#6955=CARTESIAN_POINT('Ctrl Pts',(-8.4659843482603,-0.182089751423639,66.2496005035685));
#6956=CARTESIAN_POINT('Ctrl Pts',(-8.47675416463352,-0.151449315444189,
66.2142544837863));
#6957=CARTESIAN_POINT('Ctrl Pts',(-8.48292640294975,-0.131040589874182,
66.1977209891518));
#6958=CARTESIAN_POINT('Ctrl Pts',(-8.49098241202034,-0.0959252604472349,
66.1780620478498));
#6959=CARTESIAN_POINT('Ctrl Pts',(-8.49436402596291,-0.0773770732812268,
66.1705828998152));
#6960=CARTESIAN_POINT('Ctrl Pts',(-8.49887701241736,-0.0386930671663394,
66.1608550780074));
#6961=CARTESIAN_POINT('Ctrl Pts',(-8.49999999999999,-0.0185580841041263,
66.1585991933941));
#6962=CARTESIAN_POINT('Ctrl Pts',(-8.49999999999999,0.0185580841041283,
66.1585991933941));
#6963=CARTESIAN_POINT('Ctrl Pts',(-8.49887701241736,0.0386930671663414,
66.1608550780074));
#6964=CARTESIAN_POINT('Ctrl Pts',(-8.49436402596291,0.0773770732812288,
66.1705828998152));
#6965=CARTESIAN_POINT('Ctrl Pts',(-8.49098241202034,0.0959252604472369,
66.1780620478498));
#6966=CARTESIAN_POINT('Ctrl Pts',(-8.48292640294975,0.131040589874184,66.1977209891518));
#6967=CARTESIAN_POINT('Ctrl Pts',(-8.47675416463352,0.151449315444191,66.2142544837863));
#6968=CARTESIAN_POINT('Ctrl Pts',(-8.4659843482603,0.182089751423641,66.2496005035685));
#6969=CARTESIAN_POINT('Ctrl Pts',(-8.46015865579583,0.195795150423145,66.2729756848175));
#6970=CARTESIAN_POINT('Ctrl Pts',(-8.45215085194618,0.213709108545473,66.3236910334376));
#6971=CARTESIAN_POINT('Ctrl Pts',(-8.44999999999999,0.217944947177035,66.3510264921671));
#6972=CARTESIAN_POINT('Ctrl Pts',(-8.44999999999999,0.217944947177036,66.3765441405712));
#6973=CARTESIAN_POINT('Origin',(-5.47499999999999,-7.75,67.3715315776778));
#6974=CARTESIAN_POINT('',(-7.47499999999999,-7.75,67.3715315776778));
#6975=CARTESIAN_POINT('',(-7.31966019417475,-7.75,66.5987258012843));
#6976=CARTESIAN_POINT('Origin',(-5.47499999999999,-7.75,67.3715315776778));
#6977=CARTESIAN_POINT('',(-7.31966019417475,-4.75,66.5987258012843));
#6978=CARTESIAN_POINT('',(-7.31966019417475,-7.75,66.5987258012843));
#6979=CARTESIAN_POINT('',(-7.47499999999999,-4.75,67.3715315776778));
#6980=CARTESIAN_POINT('Origin',(-5.47499999999999,-4.75,67.3715315776778));
#6981=CARTESIAN_POINT('',(-7.47499999999999,-4.75,67.3715315776778));
#6982=CARTESIAN_POINT('Origin',(-7.84999999999999,-7.75,66.3765441405712));
#6983=CARTESIAN_POINT('',(-8.38033980582523,-7.75,66.5987258012843));
#6984=CARTESIAN_POINT('Origin',(-7.84999999999999,-7.75,66.3765441405712));
#6985=CARTESIAN_POINT('',(-8.38033980582523,-4.75,66.5987258012843));
#6986=CARTESIAN_POINT('',(-8.38033980582523,-4.75,66.5987258012843));
#6987=CARTESIAN_POINT('Origin',(-7.84999999999999,-4.75,66.3765441405712));
#6988=CARTESIAN_POINT('',(-8.39999999999999,-7.,66.2088390422587));
#6989=CARTESIAN_POINT('',(-8.39999999999999,-7.,66.5442492388836));
#6990=CARTESIAN_POINT('Origin',(-7.84999999999999,-7.,66.3765441405712));
#6991=CARTESIAN_POINT('',(-8.39999999999999,-5.,66.2088390422587));
#6992=CARTESIAN_POINT('',(-8.39999999999999,-5.,66.2088390422587));
#6993=CARTESIAN_POINT('',(-8.39999999999999,-5.,66.5442492388836));
#6994=CARTESIAN_POINT('Origin',(-7.84999999999999,-5.,66.3765441405712));
#6995=CARTESIAN_POINT('',(-8.39999999999999,-7.,66.5442492388836));
#6996=CARTESIAN_POINT('Origin',(-7.67499999999999,-7.75,67.4765441405712));
#6997=CARTESIAN_POINT('',(-7.47499999999999,-4.75,67.4765441405712));
#6998=CARTESIAN_POINT('',(-7.67499999999999,-4.75,67.6765441405712));
#6999=CARTESIAN_POINT('Origin',(-7.67499999999999,-4.75,67.4765441405712));
#7000=CARTESIAN_POINT('',(-7.67499999999999,-7.75,67.6765441405712));
#7001=CARTESIAN_POINT('',(-7.67499999999999,-4.75,67.6765441405712));
#7002=CARTESIAN_POINT('',(-7.47499999999999,-7.75,67.4765441405712));
#7003=CARTESIAN_POINT('Origin',(-7.67499999999999,-7.75,67.4765441405712));
#7004=CARTESIAN_POINT('',(-7.47499999999999,-7.75,67.4765441405712));
#7005=CARTESIAN_POINT('Origin',(-7.84999999999999,-7.75,66.3777664903656));
#7006=CARTESIAN_POINT('',(-8.02499999999999,-7.75,67.6765441405712));
#7007=CARTESIAN_POINT('',(-7.67499999999999,-7.75,67.6765441405712));
#7008=CARTESIAN_POINT('',(-8.22499999999999,-7.75,67.4765441405712));
#7009=CARTESIAN_POINT('Origin',(-8.02499999999999,-7.75,67.4765441405712));
#7010=CARTESIAN_POINT('',(-8.22499999999999,-7.75,67.3715315776778));
#7011=CARTESIAN_POINT('',(-8.22499999999999,-7.75,67.4765441405712));
#7012=CARTESIAN_POINT('Origin',(-10.225,-7.75,67.3715315776778));
#7013=CARTESIAN_POINT('',(-7.47499999999999,-7.75,67.3715315776778));
#7014=CARTESIAN_POINT('',(-7.84999999999999,-7.75,66.8765441405712));
#7015=CARTESIAN_POINT('Origin',(-7.84999999999999,-7.75,66.3765441405712));
#7016=CARTESIAN_POINT('Origin',(-8.22499999999999,-7.75,67.6765441405712));
#7017=CARTESIAN_POINT('',(-8.02499999999999,-4.75,67.6765441405712));
#7018=CARTESIAN_POINT('',(-8.02499999999999,-4.75,67.6765441405712));
#7019=CARTESIAN_POINT('',(-8.02499999999999,-7.75,67.6765441405712));
#7020=CARTESIAN_POINT('Origin',(-10.225,-7.75,67.3715315776778));
#7021=CARTESIAN_POINT('',(-8.22499999999999,-4.75,67.3715315776778));
#7022=CARTESIAN_POINT('',(-8.22499999999999,-7.75,67.3715315776778));
#7023=CARTESIAN_POINT('Origin',(-10.225,-4.75,67.3715315776778));
#7024=CARTESIAN_POINT('Origin',(-8.22499999999999,-7.75,66.8124340349253));
#7025=CARTESIAN_POINT('',(-8.22499999999999,-4.75,67.4765441405712));
#7026=CARTESIAN_POINT('',(-8.22499999999999,-4.75,67.4765441405712));
#7027=CARTESIAN_POINT('',(-8.22499999999999,-4.75,67.3715315776778));
#7028=CARTESIAN_POINT('Origin',(-8.02499999999999,-7.75,67.4765441405712));
#7029=CARTESIAN_POINT('Origin',(-8.02499999999999,-4.75,67.4765441405712));
#7030=CARTESIAN_POINT('Origin',(-7.84999999999999,-4.75,66.3777664903656));
#7031=CARTESIAN_POINT('',(-7.47499999999999,-4.75,67.4765441405712));
#7032=CARTESIAN_POINT('',(-7.84999999999999,-4.75,66.8765441405712));
#7033=CARTESIAN_POINT('Origin',(-7.84999999999999,-4.75,66.3765441405712));
#7034=CARTESIAN_POINT('Origin',(-7.47499999999999,-7.75,67.6765441405712));
#7035=CARTESIAN_POINT('Origin',(-8.64999999999999,-5.,67.8765441405712));
#7036=CARTESIAN_POINT('',(-8.39999999999999,-5.,65.2765441405712));
#7037=CARTESIAN_POINT('',(-8.39999999999999,-5.,66.2088390422587));
#7038=CARTESIAN_POINT('',(-8.64999999999999,-5.,65.2765441405712));
#7039=CARTESIAN_POINT('',(-8.64999999999999,-5.,65.2765441405712));
#7040=CARTESIAN_POINT('',(-8.64999999999999,-5.,67.8765441405712));
#7041=CARTESIAN_POINT('',(-8.64999999999999,-5.,67.8765441405712));
#7042=CARTESIAN_POINT('',(-8.39999999999999,-5.,67.8765441405712));
#7043=CARTESIAN_POINT('',(-8.39999999999999,-5.,67.8765441405712));
#7044=CARTESIAN_POINT('',(-8.39999999999999,-5.,67.8765441405712));
#7045=CARTESIAN_POINT('Origin',(-8.39999999999999,-5.,67.8765441405712));
#7046=CARTESIAN_POINT('',(-8.39999999999999,-7.,65.2765441405712));
#7047=CARTESIAN_POINT('',(-8.39999999999999,-7.,66.2088390422587));
#7048=CARTESIAN_POINT('',(-8.39999999999999,-5.,65.2765441405712));
#7049=CARTESIAN_POINT('Origin',(-8.52499999999999,-6.,65.2765441405712));
#7050=CARTESIAN_POINT('',(-8.64999999999999,-7.,65.2765441405712));
#7051=CARTESIAN_POINT('',(-8.64999999999999,-7.,65.2765441405712));
#7052=CARTESIAN_POINT('',(-8.39999999999999,-7.,65.2765441405712));
#7053=CARTESIAN_POINT('',(-8.52499999999999,-5.95,65.2765441405712));
#7054=CARTESIAN_POINT('Origin',(-8.52499999999999,-6.,65.2765441405712));
#7055=CARTESIAN_POINT('Origin',(-8.39999999999999,-7.,67.8765441405712));
#7056=CARTESIAN_POINT('',(-8.39999999999999,-7.,67.8765441405712));
#7057=CARTESIAN_POINT('',(-8.39999999999999,-7.,67.8765441405712));
#7058=CARTESIAN_POINT('',(-8.64999999999999,-7.,67.8765441405712));
#7059=CARTESIAN_POINT('',(-8.64999999999999,-7.,67.8765441405712));
#7060=CARTESIAN_POINT('',(-8.64999999999999,-7.,67.8765441405712));
#7061=CARTESIAN_POINT('Origin',(-8.39999999999999,-5.,67.8765441405712));
#7062=CARTESIAN_POINT('',(-8.39999999999999,-7.,67.8765441405712));
#7063=CARTESIAN_POINT('Origin',(-8.64999999999999,-7.,67.8765441405712));
#7064=CARTESIAN_POINT('',(-8.64999999999999,-5.,67.8765441405712));
#7065=CARTESIAN_POINT('Origin',(-8.52499999999999,1.559935E-15,67.8765441405712));
#7066=CARTESIAN_POINT('Origin',(-8.52499999999999,-6.,32.8765441405712));
#7067=CARTESIAN_POINT('',(-8.52499999999999,-5.95,32.8765441405712));
#7068=CARTESIAN_POINT('Origin',(-8.52499999999999,-6.,32.8765441405712));
#7069=CARTESIAN_POINT('Origin',(-8.52499999999999,-6.,32.8765441405712));
#7070=CARTESIAN_POINT('',(-8.52499999999999,-5.95,32.8765441405712));
#7071=CARTESIAN_POINT('Origin',(-7.84999999999999,-2.5,66.3765441405712));
#7072=CARTESIAN_POINT('',(-7.84999999999999,-8.,66.8765441405712));
#7073=CARTESIAN_POINT('Origin',(-7.84999999999999,-8.,66.3765441405712));
#7074=CARTESIAN_POINT('',(-7.84999999999999,-2.5,66.8765441405712));
#7075=CARTESIAN_POINT('Origin',(-7.84999999999999,-2.5,66.3765441405712));
#7076=CARTESIAN_POINT('',(-7.85002312447758,-2.5,66.8765441400364));
#7077=CARTESIAN_POINT('',(-7.84999999999999,-2.5,66.8765441405712));
#7078=CARTESIAN_POINT('',(-7.8499999983699,-2.5,65.8765441405712));
#7079=CARTESIAN_POINT('Origin',(-7.84999999999999,-2.5,66.3765441405712));
#7080=CARTESIAN_POINT('Origin',(-7.84999999999999,-2.5,66.3765441405712));
#7081=CARTESIAN_POINT('Origin',(-7.84999999999999,-8.,66.3765441405712));
#7082=CARTESIAN_POINT('Ctrl Pts',(-8.95005026964072,-2.49973353983442,66.8768789648037));
#7083=CARTESIAN_POINT('Ctrl Pts',(-8.92385090963727,-2.76167406313604,66.8769197751189));
#7084=CARTESIAN_POINT('Ctrl Pts',(-8.87146107344334,-3.28413106442742,66.7566652601895));
#7085=CARTESIAN_POINT('Ctrl Pts',(-8.76669028486845,-4.12887659692492,66.0900119473014));
#7086=CARTESIAN_POINT('Ctrl Pts',(-8.63573790391607,-4.45437300533062,64.6821785512856));
#7087=CARTESIAN_POINT('Ctrl Pts',(-8.47859504677321,-3.36871706278612,63.3208601807098));
#7088=CARTESIAN_POINT('Ctrl Pts',(-8.32145218963035,-1.63128293721386,63.3208601807097));
#7089=CARTESIAN_POINT('Ctrl Pts',(-8.1643093324875,-0.545626994669376,64.6821785512857));
#7090=CARTESIAN_POINT('Ctrl Pts',(-8.03335695153512,-0.871123403075076,
66.0900119473014));
#7091=CARTESIAN_POINT('Ctrl Pts',(-7.92856669504279,-1.71602590142642,66.7567891339509));
#7092=CARTESIAN_POINT('Ctrl Pts',(-7.87615739093142,-2.23871423781672,66.8770091181797));
#7093=CARTESIAN_POINT('Ctrl Pts',(-7.84993856301051,-2.50085038046596,66.8768787741439));
#7094=CARTESIAN_POINT('Ctrl Pts',(-9.09916114513237,-2.49973354162588,66.8769042556664));
#7095=CARTESIAN_POINT('Ctrl Pts',(-9.07296178512891,-2.761672301625,66.8769450672678));
#7096=CARTESIAN_POINT('Ctrl Pts',(-9.02057194893497,-3.28413893628453,66.7566867614629));
#7097=CARTESIAN_POINT('Ctrl Pts',(-8.91580116036009,-4.12888459272965,66.0900309746409));
#7098=CARTESIAN_POINT('Ctrl Pts',(-8.78484877940771,-4.45439722972068,64.6821717512864));
#7099=CARTESIAN_POINT('Ctrl Pts',(-8.62770592226485,-3.36872383985141,63.3208417611611));
#7100=CARTESIAN_POINT('Ctrl Pts',(-8.47056306512199,-1.63127616014856,63.320841761161));
#7101=CARTESIAN_POINT('Ctrl Pts',(-8.31342020797914,-0.545602770279305,
64.6821717512864));
#7102=CARTESIAN_POINT('Ctrl Pts',(-8.18246782702676,-0.871115407270345,
66.0900309746409));
#7103=CARTESIAN_POINT('Ctrl Pts',(-8.07767757053443,-1.71601802959234,66.7568106356839));
#7104=CARTESIAN_POINT('Ctrl Pts',(-8.02526826642305,-2.23871600648854,66.8770344131462));
#7105=CARTESIAN_POINT('Ctrl Pts',(-7.99904943850215,-2.50085037473284,66.8769040650005));
#7106=CARTESIAN_POINT('Ctrl Pts',(-9.39732425965502,-2.49975539220573,66.733327465346));
#7107=CARTESIAN_POINT('Ctrl Pts',(-9.37112489965156,-2.74021420000782,66.7333649285285));
#7108=CARTESIAN_POINT('Ctrl Pts',(-9.31873506345762,-3.21982217255688,66.6229733078944));
#7109=CARTESIAN_POINT('Ctrl Pts',(-9.21396427488274,-3.99528915724023,66.010993426768));
#7110=CARTESIAN_POINT('Ctrl Pts',(-9.08301189393036,-4.29408829987594,64.7186227024835));
#7111=CARTESIAN_POINT('Ctrl Pts',(-8.92586903678749,-3.29747137707764,63.4689496791982));
#7112=CARTESIAN_POINT('Ctrl Pts',(-8.76872617964464,-1.70252862292235,63.4689496791982));
#7113=CARTESIAN_POINT('Ctrl Pts',(-8.61158332250178,-0.705911700124057,
64.7186227024835));
#7114=CARTESIAN_POINT('Ctrl Pts',(-8.4806309415494,-1.00471084275978,66.010993426768));
#7115=CARTESIAN_POINT('Ctrl Pts',(-8.37584068505707,-1.78032192034767,66.6230870225468));
#7116=CARTESIAN_POINT('Ctrl Pts',(-8.3234313809457,-2.26014225465185,66.7334469439543));
#7117=CARTESIAN_POINT('Ctrl Pts',(-8.2972125530248,-2.50078064085257,66.7333272903234));
#7118=CARTESIAN_POINT('Ctrl Pts',(-9.50867567895588,-2.49982909648415,66.2489670418301));
#7119=CARTESIAN_POINT('Ctrl Pts',(-9.48247631895242,-2.66783379516986,66.2489932078794));
#7120=CARTESIAN_POINT('Ctrl Pts',(-9.43008648275849,-3.00285341232266,66.1718905103991));
#7121=CARTESIAN_POINT('Ctrl Pts',(-9.3253156941836,-3.54462668292186,65.7443495912304));
#7122=CARTESIAN_POINT('Ctrl Pts',(-9.19436331323122,-3.75328812714961,64.8415916565732));
#7123=CARTESIAN_POINT('Ctrl Pts',(-9.03722045608836,-3.05710864827605,63.9685833738694));
#7124=CARTESIAN_POINT('Ctrl Pts',(-8.88007759894551,-1.94289135172394,63.9685833738693));
#7125=CARTESIAN_POINT('Ctrl Pts',(-8.72293474180265,-1.24671187285039,64.8415916565732));
#7126=CARTESIAN_POINT('Ctrl Pts',(-8.59198236085027,-1.45537331707815,65.7443495912304));
#7127=CARTESIAN_POINT('Ctrl Pts',(-8.48719210435794,-1.99724725693304,66.171969953643));
#7128=CARTESIAN_POINT('Ctrl Pts',(-8.43478280024657,-2.33241519839895,66.2490504913011));
#7129=CARTESIAN_POINT('Ctrl Pts',(-8.40856397232567,-2.50054542124787,66.2489669195861));
#7130=CARTESIAN_POINT('Ctrl Pts',(-9.19808491588479,-2.49988820796835,65.8614031165215));
#7131=CARTESIAN_POINT('Ctrl Pts',(-9.17188555588133,-2.60978401530071,65.8614202599621));
#7132=CARTESIAN_POINT('Ctrl Pts',(-9.1194957196874,-2.82916083698649,65.8109041939293));
#7133=CARTESIAN_POINT('Ctrl Pts',(-9.01472493111252,-3.18365021384714,65.5311165082363));
#7134=CARTESIAN_POINT('Ctrl Pts',(-8.88377255016014,-3.32046641653998,64.9399768285895));
#7135=CARTESIAN_POINT('Ctrl Pts',(-8.72662969301728,-2.86464116257481,64.3685539845255));
#7136=CARTESIAN_POINT('Ctrl Pts',(-8.56948683587442,-2.13535883742518,64.3685539845255));
#7137=CARTESIAN_POINT('Ctrl Pts',(-8.41234397873156,-1.67953358346002,64.9399768285895));
#7138=CARTESIAN_POINT('Ctrl Pts',(-8.28139159777918,-1.81634978615286,65.5311165082362));
#7139=CARTESIAN_POINT('Ctrl Pts',(-8.17660134128685,-2.17090503223161,65.8109561825002));
#7140=CARTESIAN_POINT('Ctrl Pts',(-8.12419203717548,-2.39037903014878,65.861457790878));
#7141=CARTESIAN_POINT('Ctrl Pts',(-8.09797320925458,-2.50035677265691,65.8614030364298));
#7142=CARTESIAN_POINT('Ctrl Pts',(-8.70153486372429,-2.49988821312396,65.8601808031319));
#7143=CARTESIAN_POINT('Ctrl Pts',(-8.67533550372084,-2.60977902380518,65.8601978957353));
#7144=CARTESIAN_POINT('Ctrl Pts',(-8.62294566752691,-2.82872415520472,65.8098316551161));
#7145=CARTESIAN_POINT('Ctrl Pts',(-8.51817487895202,-3.18301107882614,65.5302799412616));
#7146=CARTESIAN_POINT('Ctrl Pts',(-8.38722249799964,-3.31923036415154,64.9402993065495));
#7147=CARTESIAN_POINT('Ctrl Pts',(-8.23007964085678,-2.86421971602042,64.3695689440827));
#7148=CARTESIAN_POINT('Ctrl Pts',(-8.07293678371392,-2.13578028397958,64.3695689440827));
#7149=CARTESIAN_POINT('Ctrl Pts',(-7.91579392657107,-1.68076963584846,64.9402993065495));
#7150=CARTESIAN_POINT('Ctrl Pts',(-7.78484154561869,-1.81698892117386,65.5302799412616));
#7151=CARTESIAN_POINT('Ctrl Pts',(-7.68005128912636,-2.17134167639466,65.80988359984));
#7152=CARTESIAN_POINT('Ctrl Pts',(-7.62764198501498,-2.39038370076886,65.8602353152975));
#7153=CARTESIAN_POINT('Ctrl Pts',(-7.60142315709408,-2.5003567567122,65.8601807232777));
#7154=CARTESIAN_POINT('Ctrl Pts',(-8.39191155555377,-2.49982911968029,66.2495126681343));
#7155=CARTESIAN_POINT('Ctrl Pts',(-8.36571219555031,-2.66781097367982,66.2495388600249));
#7156=CARTESIAN_POINT('Ctrl Pts',(-8.31332235935638,-3.00303271245724,66.1723600022128));
#7157=CARTESIAN_POINT('Ctrl Pts',(-8.20855157078149,-3.54484175073392,65.7447461019959));
#7158=CARTESIAN_POINT('Ctrl Pts',(-8.07759918982911,-3.7538217418749,64.8414459919761));
#7159=CARTESIAN_POINT('Ctrl Pts',(-7.92045633268625,-3.05727067579189,63.9681649777853));
#7160=CARTESIAN_POINT('Ctrl Pts',(-7.7633134755434,-1.9427293242081,63.9681649777853));
#7161=CARTESIAN_POINT('Ctrl Pts',(-7.60617061840054,-1.2461782581251,64.8414459919761));
#7162=CARTESIAN_POINT('Ctrl Pts',(-7.47521823744816,-1.45515824926608,65.7447461019959));
#7163=CARTESIAN_POINT('Ctrl Pts',(-7.37042798095583,-1.99706796344461,66.1724394590177));
#7164=CARTESIAN_POINT('Ctrl Pts',(-7.31801867684445,-2.33243817013009,66.249596200054));
#7165=CARTESIAN_POINT('Ctrl Pts',(-7.29179984892355,-2.5005453469209,66.2495125457696));
#7166=CARTESIAN_POINT('Ctrl Pts',(-8.50265900670517,-2.49975538145699,66.73317572017));
#7167=CARTESIAN_POINT('Ctrl Pts',(-8.47645964670172,-2.74022476907406,66.7332131756351));
#7168=CARTESIAN_POINT('Ctrl Pts',(-8.42406981050778,-3.21977494141421,66.6228443002541));
#7169=CARTESIAN_POINT('Ctrl Pts',(-8.3192990219329,-3.99524118241185,66.0108792627314));
#7170=CARTESIAN_POINT('Ctrl Pts',(-8.18834664098052,-4.29394295353551,64.718663502479));
#7171=CARTESIAN_POINT('Ctrl Pts',(-8.03120378383766,-3.29743071468587,63.4690601964903));
#7172=CARTESIAN_POINT('Ctrl Pts',(-7.87406092669481,-1.70256928531412,63.4690601964903));
#7173=CARTESIAN_POINT('Ctrl Pts',(-7.71691806955194,-0.706057046464491,
64.7186635024791));
#7174=CARTESIAN_POINT('Ctrl Pts',(-7.58596568859956,-1.00475881758816,66.0108792627314));
#7175=CARTESIAN_POINT('Ctrl Pts',(-7.48117543210724,-1.78036915135216,66.6229580121483));
#7176=CARTESIAN_POINT('Ctrl Pts',(-7.42876612799586,-2.2601316426209,66.7332951741546));
#7177=CARTESIAN_POINT('Ctrl Pts',(-7.40254730007496,-2.50078067525134,66.7331755451836));
#7178=CARTESIAN_POINT('Ctrl Pts',(-8.80093939414909,-2.49973353804296,66.8768536739411));
#7179=CARTESIAN_POINT('Ctrl Pts',(-8.77474003414563,-2.76167582464708,66.87689448297));
#7180=CARTESIAN_POINT('Ctrl Pts',(-8.7223501979517,-3.28412319257031,66.7566437589162));
#7181=CARTESIAN_POINT('Ctrl Pts',(-8.61757940937681,-4.12886860112019,66.089992919962));
#7182=CARTESIAN_POINT('Ctrl Pts',(-8.48662702842443,-4.45434878094054,64.6821853512849));
#7183=CARTESIAN_POINT('Ctrl Pts',(-8.32948417128157,-3.36871028572082,63.3208786002585));
#7184=CARTESIAN_POINT('Ctrl Pts',(-8.17234131413872,-1.63128971427915,63.3208786002584));
#7185=CARTESIAN_POINT('Ctrl Pts',(-8.01519845699586,-0.545651219059448,
64.6821853512849));
#7186=CARTESIAN_POINT('Ctrl Pts',(-7.88424607604348,-0.871131398879806,
66.089992919962));
#7187=CARTESIAN_POINT('Ctrl Pts',(-7.77945581955115,-1.71603377326051,66.7567676322178));
#7188=CARTESIAN_POINT('Ctrl Pts',(-7.72704651543977,-2.23871246914489,66.8769838232131));
#7189=CARTESIAN_POINT('Ctrl Pts',(-7.70082768751887,-2.5008503861991,66.8768534832872));
#7190=CARTESIAN_POINT('Ctrl Pts',(-8.95005026964072,-2.49973353983442,66.8768789648037));
#7191=CARTESIAN_POINT('Ctrl Pts',(-8.92385090963727,-2.76167406313604,66.8769197751189));
#7192=CARTESIAN_POINT('Ctrl Pts',(-8.87146107344334,-3.28413106442742,66.7566652601895));
#7193=CARTESIAN_POINT('Ctrl Pts',(-8.76669028486845,-4.12887659692492,66.0900119473014));
#7194=CARTESIAN_POINT('Ctrl Pts',(-8.63573790391607,-4.45437300533062,64.6821785512856));
#7195=CARTESIAN_POINT('Ctrl Pts',(-8.47859504677321,-3.36871706278612,63.3208601807098));
#7196=CARTESIAN_POINT('Ctrl Pts',(-8.32145218963035,-1.63128293721386,63.3208601807097));
#7197=CARTESIAN_POINT('Ctrl Pts',(-8.1643093324875,-0.545626994669376,64.6821785512857));
#7198=CARTESIAN_POINT('Ctrl Pts',(-8.03335695153512,-0.871123403075076,
66.0900119473014));
#7199=CARTESIAN_POINT('Ctrl Pts',(-7.92856669504279,-1.71602590142642,66.7567891339509));
#7200=CARTESIAN_POINT('Ctrl Pts',(-7.87615739093142,-2.23871423781672,66.8770091181797));
#7201=CARTESIAN_POINT('Ctrl Pts',(-7.84993856301051,-2.50085038046596,66.8768787741439));
#7202=CARTESIAN_POINT('',(-8.94999999999999,-2.5,66.8765441405712));
#7203=CARTESIAN_POINT('Ctrl Pts',(-8.95002349995932,-2.50000118218296,66.8768789855604));
#7204=CARTESIAN_POINT('Ctrl Pts',(-8.92383306318301,-2.76185203378074,66.8768788045655));
#7205=CARTESIAN_POINT('Ctrl Pts',(-8.8714521502162,-3.28420301059065,66.7566084819691));
#7206=CARTESIAN_POINT('Ctrl Pts',(-8.76669028486845,-4.12887659692492,66.0900119473014));
#7207=CARTESIAN_POINT('Ctrl Pts',(-8.63573790391607,-4.45437300533062,64.6821785512856));
#7208=CARTESIAN_POINT('Ctrl Pts',(-8.47859504677321,-3.36871706278612,63.3208601807098));
#7209=CARTESIAN_POINT('Ctrl Pts',(-8.32145218963035,-1.63128293721386,63.3208601807097));
#7210=CARTESIAN_POINT('Ctrl Pts',(-8.1643093324875,-0.545626994669376,64.6821785512857));
#7211=CARTESIAN_POINT('Ctrl Pts',(-8.03335695153512,-0.871123403075076,
66.0900119473014));
#7212=CARTESIAN_POINT('Ctrl Pts',(-7.92859504514279,-1.71579732034345,66.7566087431345));
#7213=CARTESIAN_POINT('Ctrl Pts',(-7.8762140911314,-2.23814878482578,66.876878993048));
#7214=CARTESIAN_POINT('Ctrl Pts',(-7.8500236133105,-2.50000004890286,66.8768789855609));
#7215=CARTESIAN_POINT('',(-9.44999999999999,-2.5,66.3765441405712));
#7216=CARTESIAN_POINT('Origin',(-8.94999999999999,-2.5,66.3765441405712));
#7217=CARTESIAN_POINT('',(-8.94999999511461,-2.5,65.8765441405712));
#7218=CARTESIAN_POINT('Origin',(-8.94999999999999,-2.5,66.3765441405712));
#7219=CARTESIAN_POINT('Origin',(-8.94999999999999,-2.5,66.3765441405712));
#7220=CARTESIAN_POINT('Origin',(-8.94999999999999,1.004823E-15,66.3765441405712));
#7221=CARTESIAN_POINT('',(-9.44999999999999,1.004823E-15,66.3765441405712));
#7222=CARTESIAN_POINT('Origin',(-7.99999999999999,9.708083E-16,67.8765441405712));
#7223=CARTESIAN_POINT('Origin',(-7.99999999999999,9.708083E-16,20.8765441405712));
#7224=CARTESIAN_POINT('Origin',(-8.52499999999999,6.00000000000001,32.8765441405712));
#7225=CARTESIAN_POINT('',(-8.52499999999999,6.05,32.8765441405712));
#7226=CARTESIAN_POINT('',(-8.52499999999999,6.05000000000001,32.8765441405712));
#7227=CARTESIAN_POINT('Origin',(-8.52499999999999,6.00000000000001,32.8765441405712));
#7228=CARTESIAN_POINT('Origin',(-8.52499999999999,6.00000000000001,32.8765441405712));
#7229=CARTESIAN_POINT('Origin',(-8.52499999999999,1.559935E-15,67.8765441405712));
#7230=CARTESIAN_POINT('Origin',(-0.28417081994758,2.546098E-16,19.05));
#7231=CARTESIAN_POINT('',(-5.73149217545982,-0.7835,19.05));
#7232=CARTESIAN_POINT('',(-5.73149217545982,0.7835,19.05));
#7233=CARTESIAN_POINT('Ctrl Pts',(-5.73149217545982,-0.7835,19.05));
#7234=CARTESIAN_POINT('Ctrl Pts',(-5.73149217545982,-0.7835,19.1491896131106));
#7235=CARTESIAN_POINT('Ctrl Pts',(-5.72430372268081,-0.763527343584339,
19.25444421161));
#7236=CARTESIAN_POINT('Ctrl Pts',(-5.69895812696773,-0.6833547881453,19.4472376784961));
#7237=CARTESIAN_POINT('Ctrl Pts',(-5.68123111199274,-0.623189208673625,
19.5348471174457));
#7238=CARTESIAN_POINT('Ctrl Pts',(-5.64841661103437,-0.48487649781038,19.6731598283089));
#7239=CARTESIAN_POINT('Ctrl Pts',(-5.63111141293463,-0.397255305415499,
19.7333480554812));
#7240=CARTESIAN_POINT('Ctrl Pts',(-5.60674739803536,-0.204418439851654,
19.81353746323));
#7241=CARTESIAN_POINT('Ctrl Pts',(-5.6,-0.0991474823754037,19.8335));
#7242=CARTESIAN_POINT('Ctrl Pts',(-5.6,0.0991474823754041,19.8335));
#7243=CARTESIAN_POINT('Ctrl Pts',(-5.60674739803536,0.204418439851655,19.81353746323));
#7244=CARTESIAN_POINT('Ctrl Pts',(-5.63111141293463,0.397255305415499,19.7333480554812));
#7245=CARTESIAN_POINT('Ctrl Pts',(-5.64841661103437,0.484876497810381,19.6731598283089));
#7246=CARTESIAN_POINT('Ctrl Pts',(-5.68123111199274,0.623189208673626,19.5348471174457));
#7247=CARTESIAN_POINT('Ctrl Pts',(-5.69895812696773,0.683354788145301,19.4472376784961));
#7248=CARTESIAN_POINT('Ctrl Pts',(-5.72430372268081,0.76352734358434,19.25444421161));
#7249=CARTESIAN_POINT('Ctrl Pts',(-5.73149217545982,0.7835,19.1491896131106));
#7250=CARTESIAN_POINT('Ctrl Pts',(-5.73149217545982,0.7835,19.05));
#7251=CARTESIAN_POINT('Ctrl Pts',(-5.73149217545982,0.7835,19.05));
#7252=CARTESIAN_POINT('Ctrl Pts',(-5.73149217545982,0.7835,18.9508103868894));
#7253=CARTESIAN_POINT('Ctrl Pts',(-5.72430372268081,0.763527343584339,18.8455557883899));
#7254=CARTESIAN_POINT('Ctrl Pts',(-5.69895812696773,0.683354788145301,18.6527623215039));
#7255=CARTESIAN_POINT('Ctrl Pts',(-5.68123111199274,0.623189208673626,18.5651528825543));
#7256=CARTESIAN_POINT('Ctrl Pts',(-5.64841661103437,0.484876497810381,18.4268401716911));
#7257=CARTESIAN_POINT('Ctrl Pts',(-5.63111141293463,0.397255305415501,18.3666519445188));
#7258=CARTESIAN_POINT('Ctrl Pts',(-5.60674739803536,0.204418439851656,18.28646253677));
#7259=CARTESIAN_POINT('Ctrl Pts',(-5.6,0.0991474823754044,18.2665));
#7260=CARTESIAN_POINT('Ctrl Pts',(-5.6,-0.0991474823754037,18.2665));
#7261=CARTESIAN_POINT('Ctrl Pts',(-5.60674739803536,-0.204418439851655,
18.28646253677));
#7262=CARTESIAN_POINT('Ctrl Pts',(-5.63111141293463,-0.3972553054155,18.3666519445188));
#7263=CARTESIAN_POINT('Ctrl Pts',(-5.64841661103437,-0.484876497810381,
18.4268401716911));
#7264=CARTESIAN_POINT('Ctrl Pts',(-5.68123111199274,-0.623189208673625,
18.5651528825543));
#7265=CARTESIAN_POINT('Ctrl Pts',(-5.69895812696773,-0.6833547881453,18.6527623215039));
#7266=CARTESIAN_POINT('Ctrl Pts',(-5.72430372268081,-0.763527343584339,
18.8455557883899));
#7267=CARTESIAN_POINT('Ctrl Pts',(-5.73149217545982,-0.7835,18.9508103868894));
#7268=CARTESIAN_POINT('Ctrl Pts',(-5.73149217545982,-0.7835,19.05));
#7269=CARTESIAN_POINT('',(-9.0835,0.7835,19.05));
#7270=CARTESIAN_POINT('',(-0.28417081994758,0.7835,19.05));
#7271=CARTESIAN_POINT('',(-9.0835,-0.678530903865112,18.65825));
#7272=CARTESIAN_POINT('Origin',(-9.0835,2.546098E-16,19.05));
#7273=CARTESIAN_POINT('Origin',(-9.0835,2.546098E-16,19.05));
#7274=CARTESIAN_POINT('',(-8.,0.55,18.4919926075758));
#7275=CARTESIAN_POINT('',(-8.,-0.55,18.4919926075758));
#7276=CARTESIAN_POINT('Ctrl Pts',(-8.,0.55,18.4919926075758));
#7277=CARTESIAN_POINT('Ctrl Pts',(-8.07290122427608,0.55,18.4919926075758));
#7278=CARTESIAN_POINT('Ctrl Pts',(-8.14719454380347,0.534900631574027,18.4763010173015));
#7279=CARTESIAN_POINT('Ctrl Pts',(-8.281116046113,0.478287425287499,18.4283166332234));
#7280=CARTESIAN_POINT('Ctrl Pts',(-8.34111816383725,0.436699295467951,18.3971626346035));
#7281=CARTESIAN_POINT('Ctrl Pts',(-8.43600663306339,0.341810826241811,18.3429066219258));
#7282=CARTESIAN_POINT('Ctrl Pts',(-8.47803622009406,0.281683884295059,18.31553099261));
#7283=CARTESIAN_POINT('Ctrl Pts',(-8.53509227105937,0.146767583683736,18.2771806011496));
#7284=CARTESIAN_POINT('Ctrl Pts',(-8.55,0.0718446153734441,18.2665));
#7285=CARTESIAN_POINT('Ctrl Pts',(-8.55,-0.0718446153734442,18.2665));
#7286=CARTESIAN_POINT('Ctrl Pts',(-8.53509227105937,-0.146767583683736,
18.2771806011496));
#7287=CARTESIAN_POINT('Ctrl Pts',(-8.47803622009406,-0.28168388429506,18.31553099261));
#7288=CARTESIAN_POINT('Ctrl Pts',(-8.43600663306339,-0.341810826241811,
18.3429066219258));
#7289=CARTESIAN_POINT('Ctrl Pts',(-8.34111816383725,-0.436699295467951,
18.3971626346035));
#7290=CARTESIAN_POINT('Ctrl Pts',(-8.28111604611299,-0.478287425287499,
18.4283166332234));
#7291=CARTESIAN_POINT('Ctrl Pts',(-8.14719454380346,-0.534900631574027,
18.4763010173015));
#7292=CARTESIAN_POINT('Ctrl Pts',(-8.07290122427608,-0.55,18.4919926075758));
#7293=CARTESIAN_POINT('Ctrl Pts',(-8.,-0.55,18.4919926075758));
#7294=CARTESIAN_POINT('Ctrl Pts',(-8.,-0.55,18.4919926075758));
#7295=CARTESIAN_POINT('Ctrl Pts',(-7.92709877572392,-0.55,18.4919926075758));
#7296=CARTESIAN_POINT('Ctrl Pts',(-7.85280545619654,-0.534900631574027,
18.4763010173015));
#7297=CARTESIAN_POINT('Ctrl Pts',(-7.71888395388701,-0.478287425287499,
18.4283166332234));
#7298=CARTESIAN_POINT('Ctrl Pts',(-7.65888183616275,-0.43669929546795,18.3971626346035));
#7299=CARTESIAN_POINT('Ctrl Pts',(-7.56399336693661,-0.34181082624181,18.3429066219258));
#7300=CARTESIAN_POINT('Ctrl Pts',(-7.52196377990594,-0.28168388429506,18.31553099261));
#7301=CARTESIAN_POINT('Ctrl Pts',(-7.46490772894063,-0.146767583683735,
18.2771806011496));
#7302=CARTESIAN_POINT('Ctrl Pts',(-7.45,-0.0718446153734441,18.2665));
#7303=CARTESIAN_POINT('Ctrl Pts',(-7.45,0.0718446153734444,18.2665));
#7304=CARTESIAN_POINT('Ctrl Pts',(-7.46490772894063,0.146767583683736,18.2771806011496));
#7305=CARTESIAN_POINT('Ctrl Pts',(-7.52196377990594,0.28168388429506,18.31553099261));
#7306=CARTESIAN_POINT('Ctrl Pts',(-7.56399336693661,0.341810826241811,18.3429066219258));
#7307=CARTESIAN_POINT('Ctrl Pts',(-7.65888183616275,0.436699295467951,18.3971626346035));
#7308=CARTESIAN_POINT('Ctrl Pts',(-7.71888395388701,0.478287425287499,18.4283166332234));
#7309=CARTESIAN_POINT('Ctrl Pts',(-7.85280545619653,0.534900631574027,18.4763010173015));
#7310=CARTESIAN_POINT('Ctrl Pts',(-7.92709877572392,0.55,18.4919926075758));
#7311=CARTESIAN_POINT('Ctrl Pts',(-8.,0.55,18.4919926075758));
#7312=CARTESIAN_POINT('',(-8.,0.55,19.6080073924241));
#7313=CARTESIAN_POINT('',(-8.,-0.55,19.6080073924241));
#7314=CARTESIAN_POINT('Ctrl Pts',(-8.,0.55,19.6080073924241));
#7315=CARTESIAN_POINT('Ctrl Pts',(-7.92709877572392,0.55,19.6080073924241));
#7316=CARTESIAN_POINT('Ctrl Pts',(-7.85280545619654,0.534900631574027,19.6236989826985));
#7317=CARTESIAN_POINT('Ctrl Pts',(-7.71888395388701,0.478287425287499,19.6716833667766));
#7318=CARTESIAN_POINT('Ctrl Pts',(-7.65888183616275,0.436699295467951,19.7028373653965));
#7319=CARTESIAN_POINT('Ctrl Pts',(-7.56399336693661,0.341810826241811,19.7570933780742));
#7320=CARTESIAN_POINT('Ctrl Pts',(-7.52196377990594,0.28168388429506,19.78446900739));
#7321=CARTESIAN_POINT('Ctrl Pts',(-7.46490772894063,0.146767583683736,19.8228193988504));
#7322=CARTESIAN_POINT('Ctrl Pts',(-7.45,0.0718446153734444,19.8335));
#7323=CARTESIAN_POINT('Ctrl Pts',(-7.45,-0.0718446153734441,19.8335));
#7324=CARTESIAN_POINT('Ctrl Pts',(-7.46490772894063,-0.146767583683735,
19.8228193988504));
#7325=CARTESIAN_POINT('Ctrl Pts',(-7.52196377990594,-0.28168388429506,19.78446900739));
#7326=CARTESIAN_POINT('Ctrl Pts',(-7.56399336693661,-0.34181082624181,19.7570933780742));
#7327=CARTESIAN_POINT('Ctrl Pts',(-7.65888183616275,-0.43669929546795,19.7028373653965));
#7328=CARTESIAN_POINT('Ctrl Pts',(-7.71888395388701,-0.478287425287499,
19.6716833667766));
#7329=CARTESIAN_POINT('Ctrl Pts',(-7.85280545619654,-0.534900631574027,
19.6236989826985));
#7330=CARTESIAN_POINT('Ctrl Pts',(-7.92709877572392,-0.55,19.6080073924241));
#7331=CARTESIAN_POINT('Ctrl Pts',(-8.,-0.55,19.6080073924241));
#7332=CARTESIAN_POINT('Ctrl Pts',(-8.,-0.55,19.6080073924241));
#7333=CARTESIAN_POINT('Ctrl Pts',(-8.07290122427608,-0.55,19.6080073924241));
#7334=CARTESIAN_POINT('Ctrl Pts',(-8.14719454380346,-0.534900631574027,
19.6236989826985));
#7335=CARTESIAN_POINT('Ctrl Pts',(-8.28111604611299,-0.478287425287499,
19.6716833667766));
#7336=CARTESIAN_POINT('Ctrl Pts',(-8.34111816383725,-0.436699295467951,
19.7028373653965));
#7337=CARTESIAN_POINT('Ctrl Pts',(-8.43600663306339,-0.341810826241811,
19.7570933780742));
#7338=CARTESIAN_POINT('Ctrl Pts',(-8.47803622009407,-0.28168388429506,19.78446900739));
#7339=CARTESIAN_POINT('Ctrl Pts',(-8.53509227105937,-0.146767583683736,
19.8228193988504));
#7340=CARTESIAN_POINT('Ctrl Pts',(-8.55,-0.0718446153734442,19.8335));
#7341=CARTESIAN_POINT('Ctrl Pts',(-8.55,0.0718446153734441,19.8335));
#7342=CARTESIAN_POINT('Ctrl Pts',(-8.53509227105937,0.146767583683736,19.8228193988504));
#7343=CARTESIAN_POINT('Ctrl Pts',(-8.47803622009406,0.28168388429506,19.78446900739));
#7344=CARTESIAN_POINT('Ctrl Pts',(-8.43600663306339,0.341810826241811,19.7570933780742));
#7345=CARTESIAN_POINT('Ctrl Pts',(-8.34111816383725,0.436699295467951,19.7028373653965));
#7346=CARTESIAN_POINT('Ctrl Pts',(-8.281116046113,0.478287425287499,19.6716833667766));
#7347=CARTESIAN_POINT('Ctrl Pts',(-8.14719454380347,0.534900631574027,19.6236989826985));
#7348=CARTESIAN_POINT('Ctrl Pts',(-8.07290122427608,0.55,19.6080073924241));
#7349=CARTESIAN_POINT('Ctrl Pts',(-8.,0.55,19.6080073924241));
#7350=CARTESIAN_POINT('Origin',(-8.,1.240117E-16,17.05));
#7351=CARTESIAN_POINT('',(-8.,2.4,24.35));
#7352=CARTESIAN_POINT('Origin',(-8.,1.240117E-16,24.35));
#7353=CARTESIAN_POINT('',(-8.,2.4,17.25));
#7354=CARTESIAN_POINT('',(-8.,2.4,17.05));
#7355=CARTESIAN_POINT('Origin',(-8.,1.240117E-16,17.25));
#7356=CARTESIAN_POINT('',(-10.1817424229271,-0.999999999999999,19.05));
#7357=CARTESIAN_POINT('',(-10.2383029285598,0.866025403784576,19.5499999999998));
#7358=CARTESIAN_POINT('Ctrl Pts',(-10.1817424229271,-0.999999999999999,
19.05));
#7359=CARTESIAN_POINT('Ctrl Pts',(-10.1817424229271,-0.999999999999999,
19.17734411422));
#7360=CARTESIAN_POINT('Ctrl Pts',(-10.1940729242281,-0.974230910204654,
19.3119266471059));
#7361=CARTESIAN_POINT('Ctrl Pts',(-10.2367713902334,-0.871742724766708,
19.5577364863439));
#7362=CARTESIAN_POINT('Ctrl Pts',(-10.2663437799423,-0.79508617224346,19.6691273901296));
#7363=CARTESIAN_POINT('Ctrl Pts',(-10.320561418492,-0.619233704218107,19.844979858155));
#7364=CARTESIAN_POINT('Ctrl Pts',(-10.3489699777738,-0.507803179466799,
19.9217166728189));
#7365=CARTESIAN_POINT('Ctrl Pts',(-10.3889256419544,-0.261836409276358,
20.0242667787427));
#7366=CARTESIAN_POINT('Ctrl Pts',(-10.4,-0.127190231892938,20.05));
#7367=CARTESIAN_POINT('Ctrl Pts',(-10.4,0.127190231892941,20.05));
#7368=CARTESIAN_POINT('Ctrl Pts',(-10.3889256419544,0.26183640927636,20.0242667787427));
#7369=CARTESIAN_POINT('Ctrl Pts',(-10.3489699777738,0.507803179466801,19.9217166728189));
#7370=CARTESIAN_POINT('Ctrl Pts',(-10.320561418492,0.619233704218109,19.844979858155));
#7371=CARTESIAN_POINT('Ctrl Pts',(-10.2751036960838,0.766673778889686,19.6975397834834));
#7372=CARTESIAN_POINT('Ctrl Pts',(-10.2555949101926,0.821333073790584,19.6274093862581));
#7373=CARTESIAN_POINT('Ctrl Pts',(-10.2383029285598,0.866025403784715,19.5499999999995));
#7374=CARTESIAN_POINT('Ctrl Pts',(-10.2383029285598,0.866025403784715,19.5499999999995));
#7375=CARTESIAN_POINT('Ctrl Pts',(-10.2300549623544,0.887342846473674,19.5130771061748));
#7376=CARTESIAN_POINT('Ctrl Pts',(-10.2223167583252,0.906437858668191,19.4745229407999));
#7377=CARTESIAN_POINT('Ctrl Pts',(-10.1940729242281,0.974230910204656,19.3119266471059));
#7378=CARTESIAN_POINT('Ctrl Pts',(-10.1817424229271,1.,19.17734411422));
#7379=CARTESIAN_POINT('Ctrl Pts',(-10.1817424229271,1.,18.92265588578));
#7380=CARTESIAN_POINT('Ctrl Pts',(-10.1940729242281,0.974230910204656,18.7880733528941));
#7381=CARTESIAN_POINT('Ctrl Pts',(-10.2367713902334,0.87174272476671,18.5422635136561));
#7382=CARTESIAN_POINT('Ctrl Pts',(-10.2663437799423,0.795086172243462,18.4308726098704));
#7383=CARTESIAN_POINT('Ctrl Pts',(-10.320561418492,0.619233704218109,18.255020141845));
#7384=CARTESIAN_POINT('Ctrl Pts',(-10.3489699777738,0.507803179466801,18.1782833271811));
#7385=CARTESIAN_POINT('Ctrl Pts',(-10.3889256419544,0.26183640927636,18.0757332212573));
#7386=CARTESIAN_POINT('Ctrl Pts',(-10.4,0.12719023189294,18.05));
#7387=CARTESIAN_POINT('Ctrl Pts',(-10.4,-0.127190231892939,18.05));
#7388=CARTESIAN_POINT('Ctrl Pts',(-10.3889256419544,-0.261836409276358,
18.0757332212573));
#7389=CARTESIAN_POINT('Ctrl Pts',(-10.3489699777738,-0.507803179466799,
18.1782833271811));
#7390=CARTESIAN_POINT('Ctrl Pts',(-10.320561418492,-0.619233704218107,18.255020141845));
#7391=CARTESIAN_POINT('Ctrl Pts',(-10.2663437799423,-0.79508617224346,18.4308726098704));
#7392=CARTESIAN_POINT('Ctrl Pts',(-10.2367713902334,-0.871742724766708,
18.5422635136561));
#7393=CARTESIAN_POINT('Ctrl Pts',(-10.1940729242281,-0.974230910204654,
18.7880733528941));
#7394=CARTESIAN_POINT('Ctrl Pts',(-10.1817424229271,-0.999999999999999,
18.92265588578));
#7395=CARTESIAN_POINT('Ctrl Pts',(-10.1817424229271,-0.999999999999999,
19.05));
#7396=CARTESIAN_POINT('',(-10.1817424229271,-1.,22.55));
#7397=CARTESIAN_POINT('',(-10.2383029285598,0.866025403784577,23.0499999999998));
#7398=CARTESIAN_POINT('Ctrl Pts',(-10.1817424229271,-1.,22.55));
#7399=CARTESIAN_POINT('Ctrl Pts',(-10.1817424229271,-1.,22.6773441142199));
#7400=CARTESIAN_POINT('Ctrl Pts',(-10.1940729242281,-0.974230910204654,
22.8119266471059));
#7401=CARTESIAN_POINT('Ctrl Pts',(-10.2367713902334,-0.871742724766708,
23.0577364863439));
#7402=CARTESIAN_POINT('Ctrl Pts',(-10.2663437799423,-0.795086172243461,
23.1691273901296));
#7403=CARTESIAN_POINT('Ctrl Pts',(-10.320561418492,-0.619233704218107,23.344979858155));
#7404=CARTESIAN_POINT('Ctrl Pts',(-10.3489699777738,-0.507803179466799,
23.4217166728189));
#7405=CARTESIAN_POINT('Ctrl Pts',(-10.3889256419544,-0.261836409276358,
23.5242667787426));
#7406=CARTESIAN_POINT('Ctrl Pts',(-10.4,-0.127190231892939,23.55));
#7407=CARTESIAN_POINT('Ctrl Pts',(-10.4,0.12719023189294,23.55));
#7408=CARTESIAN_POINT('Ctrl Pts',(-10.3889256419544,0.261836409276359,23.5242667787426));
#7409=CARTESIAN_POINT('Ctrl Pts',(-10.3489699777738,0.5078031794668,23.4217166728189));
#7410=CARTESIAN_POINT('Ctrl Pts',(-10.320561418492,0.619233704218108,23.344979858155));
#7411=CARTESIAN_POINT('Ctrl Pts',(-10.2751036960838,0.766673778889685,23.1975397834834));
#7412=CARTESIAN_POINT('Ctrl Pts',(-10.2555949101926,0.821333073790585,23.1274093862581));
#7413=CARTESIAN_POINT('Ctrl Pts',(-10.2383029285598,0.866025403784715,23.0499999999995));
#7414=CARTESIAN_POINT('Ctrl Pts',(-10.2383029285598,0.866025403784715,23.0499999999995));
#7415=CARTESIAN_POINT('Ctrl Pts',(-10.2300549623544,0.887342846473675,23.0130771061748));
#7416=CARTESIAN_POINT('Ctrl Pts',(-10.2223167583252,0.906437858668192,22.9745229407999));
#7417=CARTESIAN_POINT('Ctrl Pts',(-10.1940729242281,0.974230910204656,22.8119266471059));
#7418=CARTESIAN_POINT('Ctrl Pts',(-10.1817424229271,1.,22.6773441142199));
#7419=CARTESIAN_POINT('Ctrl Pts',(-10.1817424229271,1.,22.42265588578));
#7420=CARTESIAN_POINT('Ctrl Pts',(-10.1940729242281,0.974230910204656,22.2880733528941));
#7421=CARTESIAN_POINT('Ctrl Pts',(-10.2367713902334,0.871742724766709,22.0422635136561));
#7422=CARTESIAN_POINT('Ctrl Pts',(-10.2663437799423,0.795086172243462,21.9308726098704));
#7423=CARTESIAN_POINT('Ctrl Pts',(-10.320561418492,0.619233704218108,21.755020141845));
#7424=CARTESIAN_POINT('Ctrl Pts',(-10.3489699777738,0.5078031794668,21.678283327181));
#7425=CARTESIAN_POINT('Ctrl Pts',(-10.3889256419544,0.261836409276359,21.5757332212573));
#7426=CARTESIAN_POINT('Ctrl Pts',(-10.4,0.12719023189294,21.55));
#7427=CARTESIAN_POINT('Ctrl Pts',(-10.4,-0.127190231892939,21.55));
#7428=CARTESIAN_POINT('Ctrl Pts',(-10.3889256419544,-0.261836409276358,
21.5757332212573));
#7429=CARTESIAN_POINT('Ctrl Pts',(-10.3489699777738,-0.507803179466799,
21.678283327181));
#7430=CARTESIAN_POINT('Ctrl Pts',(-10.320561418492,-0.619233704218107,21.755020141845));
#7431=CARTESIAN_POINT('Ctrl Pts',(-10.2663437799423,-0.79508617224346,21.9308726098704));
#7432=CARTESIAN_POINT('Ctrl Pts',(-10.2367713902334,-0.871742724766709,
22.0422635136561));
#7433=CARTESIAN_POINT('Ctrl Pts',(-10.1940729242281,-0.974230910204654,
22.2880733528941));
#7434=CARTESIAN_POINT('Ctrl Pts',(-10.1817424229271,-0.999999999999999,
22.42265588578));
#7435=CARTESIAN_POINT('Ctrl Pts',(-10.1817424229271,-0.999999999999999,
22.55));
#7436=CARTESIAN_POINT('',(-5.73149217545982,-0.7835,22.55));
#7437=CARTESIAN_POINT('',(-5.73149217545982,0.7835,22.55));
#7438=CARTESIAN_POINT('Ctrl Pts',(-5.73149217545982,-0.7835,22.55));
#7439=CARTESIAN_POINT('Ctrl Pts',(-5.73149217545982,-0.7835,22.6491896131106));
#7440=CARTESIAN_POINT('Ctrl Pts',(-5.72430372268082,-0.763527343584339,
22.75444421161));
#7441=CARTESIAN_POINT('Ctrl Pts',(-5.69895812696773,-0.683354788145299,
22.9472376784961));
#7442=CARTESIAN_POINT('Ctrl Pts',(-5.68123111199274,-0.623189208673625,
23.0348471174457));
#7443=CARTESIAN_POINT('Ctrl Pts',(-5.64841661103437,-0.484876497810381,
23.1731598283089));
#7444=CARTESIAN_POINT('Ctrl Pts',(-5.63111141293463,-0.3972553054155,23.2333480554812));
#7445=CARTESIAN_POINT('Ctrl Pts',(-5.60674739803536,-0.204418439851655,
23.31353746323));
#7446=CARTESIAN_POINT('Ctrl Pts',(-5.6,-0.0991474823754039,23.3335));
#7447=CARTESIAN_POINT('Ctrl Pts',(-5.6,0.0991474823754042,23.3335));
#7448=CARTESIAN_POINT('Ctrl Pts',(-5.60674739803536,0.204418439851655,23.31353746323));
#7449=CARTESIAN_POINT('Ctrl Pts',(-5.63111141293463,0.397255305415501,23.2333480554812));
#7450=CARTESIAN_POINT('Ctrl Pts',(-5.64841661103437,0.484876497810381,23.1731598283089));
#7451=CARTESIAN_POINT('Ctrl Pts',(-5.68123111199274,0.623189208673626,23.0348471174457));
#7452=CARTESIAN_POINT('Ctrl Pts',(-5.69895812696773,0.683354788145298,22.9472376784961));
#7453=CARTESIAN_POINT('Ctrl Pts',(-5.72430372268082,0.76352734358434,22.75444421161));
#7454=CARTESIAN_POINT('Ctrl Pts',(-5.73149217545982,0.7835,22.6491896131106));
#7455=CARTESIAN_POINT('Ctrl Pts',(-5.73149217545982,0.7835,22.55));
#7456=CARTESIAN_POINT('Ctrl Pts',(-5.73149217545982,0.7835,22.55));
#7457=CARTESIAN_POINT('Ctrl Pts',(-5.73149217545982,0.7835,22.4508103868894));
#7458=CARTESIAN_POINT('Ctrl Pts',(-5.72430372268082,0.76352734358434,22.3455557883899));
#7459=CARTESIAN_POINT('Ctrl Pts',(-5.69895812696773,0.683354788145298,22.1527623215039));
#7460=CARTESIAN_POINT('Ctrl Pts',(-5.68123111199274,0.623189208673626,22.0651528825543));
#7461=CARTESIAN_POINT('Ctrl Pts',(-5.64841661103437,0.484876497810381,21.9268401716911));
#7462=CARTESIAN_POINT('Ctrl Pts',(-5.63111141293463,0.3972553054155,21.8666519445188));
#7463=CARTESIAN_POINT('Ctrl Pts',(-5.60674739803536,0.204418439851655,21.78646253677));
#7464=CARTESIAN_POINT('Ctrl Pts',(-5.6,0.099147482375404,21.7665));
#7465=CARTESIAN_POINT('Ctrl Pts',(-5.6,-0.0991474823754036,21.7665));
#7466=CARTESIAN_POINT('Ctrl Pts',(-5.60674739803536,-0.204418439851654,
21.78646253677));
#7467=CARTESIAN_POINT('Ctrl Pts',(-5.63111141293463,-0.3972553054155,21.8666519445188));
#7468=CARTESIAN_POINT('Ctrl Pts',(-5.64841661103437,-0.48487649781038,21.9268401716911));
#7469=CARTESIAN_POINT('Ctrl Pts',(-5.68123111199274,-0.623189208673626,
22.0651528825543));
#7470=CARTESIAN_POINT('Ctrl Pts',(-5.69895812696773,-0.683354788145298,
22.1527623215039));
#7471=CARTESIAN_POINT('Ctrl Pts',(-5.72430372268082,-0.763527343584339,
22.3455557883899));
#7472=CARTESIAN_POINT('Ctrl Pts',(-5.73149217545982,-0.7835,22.4508103868894));
#7473=CARTESIAN_POINT('Ctrl Pts',(-5.73149217545982,-0.7835,22.55));
#7474=CARTESIAN_POINT('Origin',(-0.28417081994758,2.546098E-16,22.55));
#7475=CARTESIAN_POINT('',(-9.08349999999998,0.7835,22.55));
#7476=CARTESIAN_POINT('',(-0.28417081994758,0.7835,22.55));
#7477=CARTESIAN_POINT('',(-9.08349999999998,-0.678530903865106,22.15825));
#7478=CARTESIAN_POINT('Origin',(-9.08349999999998,2.546098E-16,22.55));
#7479=CARTESIAN_POINT('Origin',(-9.08349999999998,2.546098E-16,22.55));
#7480=CARTESIAN_POINT('',(-8.,0.55,21.9919926075758));
#7481=CARTESIAN_POINT('',(-8.,-0.55,21.9919926075758));
#7482=CARTESIAN_POINT('Ctrl Pts',(-8.,0.55,21.9919926075758));
#7483=CARTESIAN_POINT('Ctrl Pts',(-8.07290122427608,0.55,21.9919926075758));
#7484=CARTESIAN_POINT('Ctrl Pts',(-8.14719454380347,0.534900631574027,21.9763010173015));
#7485=CARTESIAN_POINT('Ctrl Pts',(-8.281116046113,0.478287425287499,21.9283166332234));
#7486=CARTESIAN_POINT('Ctrl Pts',(-8.34111816383725,0.436699295467951,21.8971626346035));
#7487=CARTESIAN_POINT('Ctrl Pts',(-8.43600663306339,0.34181082624181,21.8429066219258));
#7488=CARTESIAN_POINT('Ctrl Pts',(-8.47803622009407,0.281683884295058,21.81553099261));
#7489=CARTESIAN_POINT('Ctrl Pts',(-8.53509227105938,0.146767583683735,21.7771806011496));
#7490=CARTESIAN_POINT('Ctrl Pts',(-8.55,0.0718446153734441,21.7665));
#7491=CARTESIAN_POINT('Ctrl Pts',(-8.55,-0.0718446153734441,21.7665));
#7492=CARTESIAN_POINT('Ctrl Pts',(-8.53509227105938,-0.146767583683735,
21.7771806011496));
#7493=CARTESIAN_POINT('Ctrl Pts',(-8.47803622009407,-0.281683884295058,
21.81553099261));
#7494=CARTESIAN_POINT('Ctrl Pts',(-8.43600663306339,-0.341810826241811,
21.8429066219258));
#7495=CARTESIAN_POINT('Ctrl Pts',(-8.34111816383725,-0.436699295467951,
21.8971626346035));
#7496=CARTESIAN_POINT('Ctrl Pts',(-8.28111604611299,-0.4782874252875,21.9283166332234));
#7497=CARTESIAN_POINT('Ctrl Pts',(-8.14719454380346,-0.534900631574027,
21.9763010173015));
#7498=CARTESIAN_POINT('Ctrl Pts',(-8.07290122427608,-0.55,21.9919926075758));
#7499=CARTESIAN_POINT('Ctrl Pts',(-8.,-0.55,21.9919926075758));
#7500=CARTESIAN_POINT('Ctrl Pts',(-8.,-0.55,21.9919926075758));
#7501=CARTESIAN_POINT('Ctrl Pts',(-7.92709877572392,-0.55,21.9919926075758));
#7502=CARTESIAN_POINT('Ctrl Pts',(-7.85280545619654,-0.534900631574027,
21.9763010173015));
#7503=CARTESIAN_POINT('Ctrl Pts',(-7.71888395388701,-0.4782874252875,21.9283166332234));
#7504=CARTESIAN_POINT('Ctrl Pts',(-7.65888183616275,-0.436699295467951,
21.8971626346035));
#7505=CARTESIAN_POINT('Ctrl Pts',(-7.56399336693661,-0.341810826241811,
21.8429066219258));
#7506=CARTESIAN_POINT('Ctrl Pts',(-7.52196377990593,-0.281683884295058,
21.81553099261));
#7507=CARTESIAN_POINT('Ctrl Pts',(-7.46490772894063,-0.146767583683735,
21.7771806011496));
#7508=CARTESIAN_POINT('Ctrl Pts',(-7.45,-0.0718446153734439,21.7665));
#7509=CARTESIAN_POINT('Ctrl Pts',(-7.45,0.0718446153734443,21.7665));
#7510=CARTESIAN_POINT('Ctrl Pts',(-7.46490772894063,0.146767583683734,21.7771806011496));
#7511=CARTESIAN_POINT('Ctrl Pts',(-7.52196377990594,0.281683884295059,21.81553099261));
#7512=CARTESIAN_POINT('Ctrl Pts',(-7.56399336693661,0.341810826241811,21.8429066219258));
#7513=CARTESIAN_POINT('Ctrl Pts',(-7.65888183616275,0.436699295467951,21.8971626346035));
#7514=CARTESIAN_POINT('Ctrl Pts',(-7.71888395388701,0.478287425287501,21.9283166332234));
#7515=CARTESIAN_POINT('Ctrl Pts',(-7.85280545619654,0.534900631574028,21.9763010173015));
#7516=CARTESIAN_POINT('Ctrl Pts',(-7.92709877572392,0.55,21.9919926075758));
#7517=CARTESIAN_POINT('Ctrl Pts',(-8.,0.55,21.9919926075758));
#7518=CARTESIAN_POINT('',(-8.,0.55,23.1080073924241));
#7519=CARTESIAN_POINT('',(-8.,-0.55,23.1080073924241));
#7520=CARTESIAN_POINT('Ctrl Pts',(-8.,0.55,23.1080073924241));
#7521=CARTESIAN_POINT('Ctrl Pts',(-7.92709877572392,0.55,23.1080073924241));
#7522=CARTESIAN_POINT('Ctrl Pts',(-7.85280545619654,0.534900631574028,23.1236989826985));
#7523=CARTESIAN_POINT('Ctrl Pts',(-7.71888395388701,0.478287425287501,23.1716833667766));
#7524=CARTESIAN_POINT('Ctrl Pts',(-7.65888183616275,0.436699295467951,23.2028373653965));
#7525=CARTESIAN_POINT('Ctrl Pts',(-7.56399336693661,0.341810826241811,23.2570933780742));
#7526=CARTESIAN_POINT('Ctrl Pts',(-7.52196377990593,0.281683884295059,23.28446900739));
#7527=CARTESIAN_POINT('Ctrl Pts',(-7.46490772894063,0.146767583683735,23.3228193988504));
#7528=CARTESIAN_POINT('Ctrl Pts',(-7.45,0.0718446153734444,23.3335));
#7529=CARTESIAN_POINT('Ctrl Pts',(-7.45,-0.0718446153734439,23.3335));
#7530=CARTESIAN_POINT('Ctrl Pts',(-7.46490772894063,-0.146767583683735,
23.3228193988504));
#7531=CARTESIAN_POINT('Ctrl Pts',(-7.52196377990593,-0.281683884295058,
23.28446900739));
#7532=CARTESIAN_POINT('Ctrl Pts',(-7.56399336693661,-0.341810826241811,
23.2570933780742));
#7533=CARTESIAN_POINT('Ctrl Pts',(-7.65888183616275,-0.436699295467951,
23.2028373653965));
#7534=CARTESIAN_POINT('Ctrl Pts',(-7.71888395388701,-0.4782874252875,23.1716833667766));
#7535=CARTESIAN_POINT('Ctrl Pts',(-7.85280545619654,-0.534900631574027,
23.1236989826985));
#7536=CARTESIAN_POINT('Ctrl Pts',(-7.92709877572392,-0.55,23.1080073924241));
#7537=CARTESIAN_POINT('Ctrl Pts',(-8.,-0.55,23.1080073924241));
#7538=CARTESIAN_POINT('Ctrl Pts',(-8.,-0.55,23.1080073924241));
#7539=CARTESIAN_POINT('Ctrl Pts',(-8.07290122427608,-0.55,23.1080073924241));
#7540=CARTESIAN_POINT('Ctrl Pts',(-8.14719454380346,-0.534900631574027,
23.1236989826985));
#7541=CARTESIAN_POINT('Ctrl Pts',(-8.28111604611299,-0.4782874252875,23.1716833667766));
#7542=CARTESIAN_POINT('Ctrl Pts',(-8.34111816383725,-0.436699295467951,
23.2028373653965));
#7543=CARTESIAN_POINT('Ctrl Pts',(-8.43600663306339,-0.341810826241811,
23.2570933780742));
#7544=CARTESIAN_POINT('Ctrl Pts',(-8.47803622009407,-0.281683884295058,
23.28446900739));
#7545=CARTESIAN_POINT('Ctrl Pts',(-8.53509227105938,-0.146767583683735,
23.3228193988504));
#7546=CARTESIAN_POINT('Ctrl Pts',(-8.55,-0.0718446153734441,23.3335));
#7547=CARTESIAN_POINT('Ctrl Pts',(-8.55,0.0718446153734441,23.3335));
#7548=CARTESIAN_POINT('Ctrl Pts',(-8.53509227105937,0.146767583683737,23.3228193988504));
#7549=CARTESIAN_POINT('Ctrl Pts',(-8.47803622009406,0.281683884295062,23.28446900739));
#7550=CARTESIAN_POINT('Ctrl Pts',(-8.43600663306339,0.34181082624181,23.2570933780742));
#7551=CARTESIAN_POINT('Ctrl Pts',(-8.34111816383725,0.436699295467951,23.2028373653965));
#7552=CARTESIAN_POINT('Ctrl Pts',(-8.28111604611299,0.478287425287501,23.1716833667766));
#7553=CARTESIAN_POINT('Ctrl Pts',(-8.14719454380346,0.534900631574028,23.1236989826985));
#7554=CARTESIAN_POINT('Ctrl Pts',(-8.07290122427608,0.55,23.1080073924241));
#7555=CARTESIAN_POINT('Ctrl Pts',(-8.,0.55,23.1080073924241));
#7556=CARTESIAN_POINT('Origin',(-8.,1.240117E-16,16.8));
#7557=CARTESIAN_POINT('',(-8.,-0.55,17.25));
#7558=CARTESIAN_POINT('Origin',(-8.,1.240117E-16,17.25));
#7559=CARTESIAN_POINT('',(-8.,-0.75,17.05));
#7560=CARTESIAN_POINT('',(-8.,-1.,16.8));
#7561=CARTESIAN_POINT('Origin',(-8.,1.240117E-16,17.05));
#7562=CARTESIAN_POINT('Origin',(-8.,1.240117E-16,17.05));
#7563=CARTESIAN_POINT('',(-8.,2.2,17.05));
#7564=CARTESIAN_POINT('Origin',(-8.,1.240117E-16,17.05));
#7565=CARTESIAN_POINT('Origin',(-8.,1.240117E-16,14.4341708199476));
#7566=CARTESIAN_POINT('',(-8.,-0.55,14.4341708199476));
#7567=CARTESIAN_POINT('Origin',(-8.,1.240117E-16,17.15));
#7568=CARTESIAN_POINT('',(-8.,2.3,17.15));
#7569=CARTESIAN_POINT('Origin',(-8.,1.240117E-16,24.8));
#7570=CARTESIAN_POINT('',(-8.,0.55,24.35));
#7571=CARTESIAN_POINT('',(-8.,-0.55,24.35));
#7572=CARTESIAN_POINT('Origin',(-8.,1.240117E-16,24.35));
#7573=CARTESIAN_POINT('Origin',(-8.,1.240117E-16,24.35));
#7574=CARTESIAN_POINT('',(-8.,0.75,24.55));
#7575=CARTESIAN_POINT('',(-8.,1.,24.8));
#7576=CARTESIAN_POINT('Origin',(-8.,1.240117E-16,24.55));
#7577=CARTESIAN_POINT('Origin',(-8.,1.240117E-16,24.55));
#7578=CARTESIAN_POINT('',(-8.,2.2,24.55));
#7579=CARTESIAN_POINT('Origin',(-8.,1.240117E-16,24.55));
#7580=CARTESIAN_POINT('Origin',(-8.,1.240117E-16,14.4341708199476));
#7581=CARTESIAN_POINT('',(-8.,-0.55,14.4341708199476));
#7582=CARTESIAN_POINT('Origin',(-8.,1.240117E-16,24.45));
#7583=CARTESIAN_POINT('',(-8.,2.3,24.45));
#7584=CARTESIAN_POINT('Origin',(-8.,1.240117E-16,14.4341708199476));
#7585=CARTESIAN_POINT('',(-8.,-0.55,14.4341708199476));
#7586=CARTESIAN_POINT('Origin',(-12.30462,6.55112E-16,22.55));
#7587=CARTESIAN_POINT('',(-12.30462,-0.866025403784436,22.05));
#7588=CARTESIAN_POINT('',(-12.30462,0.866025403784438,23.05));
#7589=CARTESIAN_POINT('Origin',(-12.30462,6.558718E-16,22.55));
#7590=CARTESIAN_POINT('Origin',(-12.30462,6.558718E-16,22.55));
#7591=CARTESIAN_POINT('',(-12.55,-0.653520090203811,22.17269));
#7592=CARTESIAN_POINT('',(-12.30462,-0.866025403784436,22.05));
#7593=CARTESIAN_POINT('Origin',(-12.55,6.543523E-16,22.55));
#7594=CARTESIAN_POINT('Origin',(-10.55,6.667377E-16,22.55));
#7595=CARTESIAN_POINT('',(-10.55,0.866025403784438,23.05));
#7596=CARTESIAN_POINT('Origin',(-12.55,6.543523E-16,22.55));
#7597=CARTESIAN_POINT('',(-12.55,8.8729E-16,23.0696152422706));
#7598=CARTESIAN_POINT('',(-12.55,-0.449999999999994,22.8098076211353));
#7599=CARTESIAN_POINT('',(-12.55,8.8729E-16,23.0696152422706));
#7600=CARTESIAN_POINT('',(-12.55,-0.449999999999994,22.2901923788647));
#7601=CARTESIAN_POINT('',(-12.55,-0.449999999999994,22.8098076211353));
#7602=CARTESIAN_POINT('',(-12.55,1.338318E-15,22.0303847577293));
#7603=CARTESIAN_POINT('',(-12.55,-0.449999999999994,22.2901923788647));
#7604=CARTESIAN_POINT('',(-12.55,0.449999999999997,22.2901923788647));
#7605=CARTESIAN_POINT('',(-12.55,1.338318E-15,22.0303847577293));
#7606=CARTESIAN_POINT('',(-12.55,0.449999999999996,22.8098076211353));
#7607=CARTESIAN_POINT('',(-12.55,0.449999999999997,22.2901923788647));
#7608=CARTESIAN_POINT('',(-12.55,0.449999999999996,22.8098076211353));
#7609=CARTESIAN_POINT('Origin',(-9.29999999999998,6.768009E-16,22.55));
#7610=CARTESIAN_POINT('',(-8.54999999999998,-0.216506350946109,22.425));
#7611=CARTESIAN_POINT('',(-9.29999999999998,-0.866025403784436,22.05));
#7612=CARTESIAN_POINT('Origin',(-8.54999999999998,6.791232E-16,22.55));
#7613=CARTESIAN_POINT('Origin',(-8.54999999999998,-0.433012701892217,22.3));
#7614=CARTESIAN_POINT('Origin',(-12.55,0.449999999999996,22.8098076211353));
#7615=CARTESIAN_POINT('',(-10.85,0.449999999999994,22.8098076211353));
#7616=CARTESIAN_POINT('',(-10.85,0.449999999999997,22.2901923788647));
#7617=CARTESIAN_POINT('Ctrl Pts',(-10.85,0.449999999999996,22.8098076211353));
#7618=CARTESIAN_POINT('Ctrl Pts',(-10.775,0.449999999999997,22.55));
#7619=CARTESIAN_POINT('Ctrl Pts',(-10.85,0.449999999999997,22.2901923788647));
#7620=CARTESIAN_POINT('',(-10.85,0.449999999999994,22.8098076211353));
#7621=CARTESIAN_POINT('',(-10.85,0.449999999999997,22.2901923788647));
#7622=CARTESIAN_POINT('Origin',(-12.55,0.449999999999997,22.2901923788647));
#7623=CARTESIAN_POINT('',(-10.85,3.073042E-15,22.0303847577293));
#7624=CARTESIAN_POINT('Ctrl Pts',(-10.85,0.449999999999995,22.2901923788647));
#7625=CARTESIAN_POINT('Ctrl Pts',(-10.775,0.225000000000002,22.160288568297));
#7626=CARTESIAN_POINT('Ctrl Pts',(-10.85,3.073042E-15,22.0303847577293));
#7627=CARTESIAN_POINT('',(-10.85,2.275069E-15,22.0303847577293));
#7628=CARTESIAN_POINT('Origin',(-12.55,8.8729E-16,23.0696152422706));
#7629=CARTESIAN_POINT('',(-10.85,3.246514E-15,23.0696152422706));
#7630=CARTESIAN_POINT('Ctrl Pts',(-10.85,3.246514E-15,23.0696152422706));
#7631=CARTESIAN_POINT('Ctrl Pts',(-10.775,0.224999999999997,22.939711431703));
#7632=CARTESIAN_POINT('Ctrl Pts',(-10.85,0.449999999999994,22.8098076211353));
#7633=CARTESIAN_POINT('',(-12.55,1.858735E-15,23.0696152422706));
#7634=CARTESIAN_POINT('Origin',(-12.55,1.338318E-15,22.0303847577293));
#7635=CARTESIAN_POINT('',(-10.85,-0.449999999999993,22.2901923788647));
#7636=CARTESIAN_POINT('Ctrl Pts',(-10.85,-5.004888E-16,22.0303847577293));
#7637=CARTESIAN_POINT('Ctrl Pts',(-10.775,-0.224999999999997,22.160288568297));
#7638=CARTESIAN_POINT('Ctrl Pts',(-10.85,-0.449999999999993,22.2901923788647));
#7639=CARTESIAN_POINT('',(-10.85,-0.449999999999994,22.2901923788647));
#7640=CARTESIAN_POINT('Origin',(-12.55,-0.449999999999994,22.8098076211353));
#7641=CARTESIAN_POINT('',(-10.85,-0.449999999999995,22.8098076211353));
#7642=CARTESIAN_POINT('Ctrl Pts',(-10.85,-0.449999999999993,22.8098076211353));
#7643=CARTESIAN_POINT('Ctrl Pts',(-10.775,-0.224999999999998,22.939711431703));
#7644=CARTESIAN_POINT('Ctrl Pts',(-10.85,-1.714795E-15,23.0696152422706));
#7645=CARTESIAN_POINT('',(-10.85,-0.449999999999995,22.8098076211353));
#7646=CARTESIAN_POINT('Origin',(-12.55,-0.449999999999994,22.2901923788647));
#7647=CARTESIAN_POINT('Ctrl Pts',(-10.85,-0.449999999999995,22.2901923788647));
#7648=CARTESIAN_POINT('Ctrl Pts',(-10.775,-0.449999999999995,22.55));
#7649=CARTESIAN_POINT('Ctrl Pts',(-10.85,-0.449999999999995,22.8098076211353));
#7650=CARTESIAN_POINT('Origin',(-11.1273502691896,6.658088E-16,22.55));
#7651=CARTESIAN_POINT('',(-10.55,6.658088E-16,22.55));
#7652=CARTESIAN_POINT('',(-11.1273502691896,0.866025403784438,23.05));
#7653=CARTESIAN_POINT('Origin',(-12.30462,6.55112E-16,19.05));
#7654=CARTESIAN_POINT('',(-12.30462,-0.866025403784437,18.55));
#7655=CARTESIAN_POINT('',(-12.30462,0.866025403784438,19.55));
#7656=CARTESIAN_POINT('Origin',(-12.30462,6.558718E-16,19.05));
#7657=CARTESIAN_POINT('Origin',(-12.30462,6.558718E-16,19.05));
#7658=CARTESIAN_POINT('',(-12.55,-0.653520090203812,18.67269));
#7659=CARTESIAN_POINT('',(-12.30462,-0.866025403784437,18.55));
#7660=CARTESIAN_POINT('Origin',(-12.55,6.543523E-16,19.05));
#7661=CARTESIAN_POINT('Origin',(-10.55,6.667377E-16,19.05));
#7662=CARTESIAN_POINT('',(-10.55,0.866025403784438,19.55));
#7663=CARTESIAN_POINT('Origin',(-12.55,6.543523E-16,19.05));
#7664=CARTESIAN_POINT('',(-12.55,1.373013E-15,19.5696152422707));
#7665=CARTESIAN_POINT('',(-12.55,-0.449999999999994,19.3098076211353));
#7666=CARTESIAN_POINT('',(-12.55,1.373013E-15,19.5696152422707));
#7667=CARTESIAN_POINT('',(-12.55,-0.449999999999994,18.7901923788647));
#7668=CARTESIAN_POINT('',(-12.55,-0.449999999999994,19.3098076211353));
#7669=CARTESIAN_POINT('',(-12.55,8.525955E-16,18.5303847577293));
#7670=CARTESIAN_POINT('',(-12.55,-0.44999999999999,18.7901923788647));
#7671=CARTESIAN_POINT('',(-12.55,0.449999999999996,18.7901923788647));
#7672=CARTESIAN_POINT('',(-12.55,8.525955E-16,18.5303847577293));
#7673=CARTESIAN_POINT('',(-12.55,0.449999999999996,19.3098076211353));
#7674=CARTESIAN_POINT('',(-12.55,0.449999999999996,18.7901923788647));
#7675=CARTESIAN_POINT('',(-12.55,0.449999999999996,19.3098076211353));
#7676=CARTESIAN_POINT('Origin',(-9.29999999999999,6.768009E-16,19.05));
#7677=CARTESIAN_POINT('',(-8.54999999999999,-0.216506350946109,18.925));
#7678=CARTESIAN_POINT('',(-9.29999999999999,-0.866025403784437,18.55));
#7679=CARTESIAN_POINT('Origin',(-8.54999999999999,6.791232E-16,19.05));
#7680=CARTESIAN_POINT('Origin',(-8.54999999999999,-0.433012701892217,18.8));
#7681=CARTESIAN_POINT('Origin',(-12.55,0.449999999999996,19.3098076211353));
#7682=CARTESIAN_POINT('',(-10.85,0.449999999999994,19.3098076211353));
#7683=CARTESIAN_POINT('',(-10.85,0.449999999999997,18.7901923788647));
#7684=CARTESIAN_POINT('Ctrl Pts',(-10.85,0.449999999999997,19.3098076211353));
#7685=CARTESIAN_POINT('Ctrl Pts',(-10.775,0.449999999999997,19.05));
#7686=CARTESIAN_POINT('Ctrl Pts',(-10.85,0.449999999999997,18.7901923788647));
#7687=CARTESIAN_POINT('',(-10.85,0.449999999999995,19.3098076211353));
#7688=CARTESIAN_POINT('',(-10.85,0.449999999999997,18.7901923788647));
#7689=CARTESIAN_POINT('Origin',(-12.55,0.449999999999996,18.7901923788647));
#7690=CARTESIAN_POINT('',(-10.85,2.622013E-15,18.5303847577293));
#7691=CARTESIAN_POINT('Ctrl Pts',(-10.85,0.449999999999995,18.7901923788647));
#7692=CARTESIAN_POINT('Ctrl Pts',(-10.775,0.224999999999998,18.660288568297));
#7693=CARTESIAN_POINT('Ctrl Pts',(-10.85,2.622013E-15,18.5303847577293));
#7694=CARTESIAN_POINT('',(-10.85,1.789346E-15,18.5303847577293));
#7695=CARTESIAN_POINT('Origin',(-12.55,1.373013E-15,19.5696152422707));
#7696=CARTESIAN_POINT('',(-10.85,3.697542E-15,19.5696152422707));
#7697=CARTESIAN_POINT('Ctrl Pts',(-10.85,3.697542E-15,19.5696152422707));
#7698=CARTESIAN_POINT('Ctrl Pts',(-10.775,0.224999999999999,19.439711431703));
#7699=CARTESIAN_POINT('Ctrl Pts',(-10.85,0.449999999999994,19.3098076211353));
#7700=CARTESIAN_POINT('',(-12.55,2.344458E-15,19.5696152422707));
#7701=CARTESIAN_POINT('Origin',(-12.55,8.525955E-16,18.5303847577293));
#7702=CARTESIAN_POINT('',(-10.85,-0.449999999999993,18.7901923788647));
#7703=CARTESIAN_POINT('Ctrl Pts',(-10.85,-9.862113E-16,18.5303847577293));
#7704=CARTESIAN_POINT('Ctrl Pts',(-10.775,-0.224999999999995,18.660288568297));
#7705=CARTESIAN_POINT('Ctrl Pts',(-10.85,-0.449999999999993,18.7901923788647));
#7706=CARTESIAN_POINT('',(-10.85,-0.449999999999994,18.7901923788647));
#7707=CARTESIAN_POINT('Origin',(-12.55,-0.449999999999994,19.3098076211353));
#7708=CARTESIAN_POINT('',(-10.85,-0.449999999999994,19.3098076211353));
#7709=CARTESIAN_POINT('Ctrl Pts',(-10.85,-0.449999999999993,19.3098076211353));
#7710=CARTESIAN_POINT('Ctrl Pts',(-10.775,-0.224999999999997,19.439711431703));
#7711=CARTESIAN_POINT('Ctrl Pts',(-10.85,-1.263767E-15,19.5696152422707));
#7712=CARTESIAN_POINT('',(-10.85,-0.449999999999995,19.3098076211353));
#7713=CARTESIAN_POINT('Origin',(-12.55,-0.449999999999994,18.7901923788647));
#7714=CARTESIAN_POINT('Ctrl Pts',(-10.85,-0.449999999999995,18.7901923788647));
#7715=CARTESIAN_POINT('Ctrl Pts',(-10.775,-0.449999999999995,19.05));
#7716=CARTESIAN_POINT('Ctrl Pts',(-10.85,-0.449999999999994,19.3098076211353));
#7717=CARTESIAN_POINT('Origin',(-11.1273502691896,6.658088E-16,19.05));
#7718=CARTESIAN_POINT('',(-10.55,6.658088E-16,19.05));
#7719=CARTESIAN_POINT('',(-11.1273502691896,0.866025403784438,19.55));
#7720=CARTESIAN_POINT('Origin',(-4.85,0.,31.8));
#7721=CARTESIAN_POINT('',(2.5,-9.98749217771909,31.8));
#7722=CARTESIAN_POINT('',(-4.7,-6.38043885637971,31.8));
#7723=CARTESIAN_POINT('Origin',(3.,0.,31.8));
#7724=CARTESIAN_POINT('',(2.5,-10.1376772487587,31.8));
#7725=CARTESIAN_POINT('',(2.5,-10.1376772487587,31.8));
#7726=CARTESIAN_POINT('',(-4.85,-6.43428317685817,31.8));
#7727=CARTESIAN_POINT('Origin',(3.,0.,31.8));
#7728=CARTESIAN_POINT('',(-4.85,6.43428317685817,31.8));
#7729=CARTESIAN_POINT('',(-4.85,6.43428317685817,31.8));
#7730=CARTESIAN_POINT('',(2.5,10.1376772487587,31.8));
#7731=CARTESIAN_POINT('Origin',(3.,0.,31.8));
#7732=CARTESIAN_POINT('',(2.5,9.98749217771909,31.8));
#7733=CARTESIAN_POINT('',(2.5,9.98749217771909,31.8));
#7734=CARTESIAN_POINT('',(-4.7,6.38043885637971,31.8));
#7735=CARTESIAN_POINT('Origin',(3.,0.,31.8));
#7736=CARTESIAN_POINT('',(-4.7,-6.38043885637971,31.8));
#7737=CARTESIAN_POINT('Origin',(2.5,0.,31.8));
#7738=CARTESIAN_POINT('',(2.5,9.98749217771909,16.8));
#7739=CARTESIAN_POINT('',(2.5,9.98749217771909,31.8));
#7740=CARTESIAN_POINT('',(2.5,10.1376772487587,16.8));
#7741=CARTESIAN_POINT('',(2.5,10.1376772487587,16.8));
#7742=CARTESIAN_POINT('',(2.5,9.98749217771909,16.8));
#7743=CARTESIAN_POINT('Origin',(2.5,0.,31.8));
#7744=CARTESIAN_POINT('',(2.5,-9.98749217771909,16.8));
#7745=CARTESIAN_POINT('',(2.5,-9.98749217771909,16.8));
#7746=CARTESIAN_POINT('',(2.5,-10.1376772487587,16.8));
#7747=CARTESIAN_POINT('',(2.5,-10.1376772487587,16.8));
#7748=CARTESIAN_POINT('',(2.5,-10.1376772487587,31.8));
#7749=CARTESIAN_POINT('Origin',(3.50000000000001,0.,16.8));
#7750=CARTESIAN_POINT('',(3.5,10.1376772487587,31.8));
#7751=CARTESIAN_POINT('',(3.50000000000001,10.1376772487587,16.8));
#7752=CARTESIAN_POINT('',(3.50000000000001,10.1376772487587,31.8));
#7753=CARTESIAN_POINT('',(3.5,9.98749217771909,31.8));
#7754=CARTESIAN_POINT('',(3.5,9.98749217771909,31.8));
#7755=CARTESIAN_POINT('',(3.50000000000001,9.98749217771909,16.8));
#7756=CARTESIAN_POINT('',(3.50000000000001,9.98749217771909,16.8));
#7757=CARTESIAN_POINT('',(3.50000000000001,10.1376772487587,16.8));
#7758=CARTESIAN_POINT('Origin',(3.5,0.,31.8));
#7759=CARTESIAN_POINT('',(3.5,-10.1376772487587,31.8));
#7760=CARTESIAN_POINT('Origin',(3.,0.,31.8));
#7761=CARTESIAN_POINT('',(3.5,-9.98749217771909,31.8));
#7762=CARTESIAN_POINT('',(3.5,-10.1376772487587,31.8));
#7763=CARTESIAN_POINT('Origin',(3.,0.,31.8));
#7764=CARTESIAN_POINT('Origin',(3.50000000000001,0.,16.8));
#7765=CARTESIAN_POINT('',(3.50000000000001,-10.1376772487587,16.8));
#7766=CARTESIAN_POINT('',(3.50000000000001,-10.1376772487587,16.8));
#7767=CARTESIAN_POINT('',(3.50000000000001,-9.98749217771909,16.8));
#7768=CARTESIAN_POINT('',(3.50000000000001,-9.98749217771909,16.8));
#7769=CARTESIAN_POINT('',(3.50000000000001,-9.98749217771909,31.8));
#7770=CARTESIAN_POINT('Origin',(-4.7,6.38043885637971,16.8));
#7771=CARTESIAN_POINT('',(-4.7,6.38043885637971,70.8));
#7772=CARTESIAN_POINT('',(-4.7,6.38043885637971,31.8));
#7773=CARTESIAN_POINT('',(-4.7,-6.38043885637971,70.8));
#7774=CARTESIAN_POINT('',(-4.7,-6.38043885637971,70.8));
#7775=CARTESIAN_POINT('',(-4.7,-6.38043885637971,31.8));
#7776=CARTESIAN_POINT('Origin',(2.93917354822324,-1.531172E-16,16.8));
#7777=CARTESIAN_POINT('Origin',(3.,0.,16.8));
#7778=CARTESIAN_POINT('',(3.,10.,16.8));
#7779=CARTESIAN_POINT('Origin',(3.,0.,16.8));
#7780=CARTESIAN_POINT('Origin',(3.,0.,16.8));
#7781=CARTESIAN_POINT('Origin',(3.,0.,16.8));
#7782=CARTESIAN_POINT('Origin',(3.,0.,70.8));
#7783=CARTESIAN_POINT('',(3.,10.,20.3));
#7784=CARTESIAN_POINT('',(3.,10.,16.8));
#7785=CARTESIAN_POINT('',(3.,-10.,16.8));
#7786=CARTESIAN_POINT('Origin',(3.,0.,16.8));
#7787=CARTESIAN_POINT('',(3.,-10.,20.3));
#7788=CARTESIAN_POINT('',(3.,-10.,16.8));
#7789=CARTESIAN_POINT('Origin',(3.,0.,16.8));
#7790=CARTESIAN_POINT('Origin',(3.,0.,16.8));
#7791=CARTESIAN_POINT('Origin',(3.,0.,16.8));
#7792=CARTESIAN_POINT('',(-4.85,6.43428317685816,70.8));
#7793=CARTESIAN_POINT('',(-4.85,6.43428317685816,31.8));
#7794=CARTESIAN_POINT('',(-4.85,-6.43428317685817,70.8));
#7795=CARTESIAN_POINT('Origin',(3.,0.,70.8));
#7796=CARTESIAN_POINT('',(-4.85,-6.43428317685817,31.8));
#7797=CARTESIAN_POINT('Origin',(-4.85,6.43428317685816,16.8));
#7798=CARTESIAN_POINT('',(-4.85,6.43428317685816,70.8));
#7799=CARTESIAN_POINT('Origin',(2.93917354822324,-1.531172E-16,70.8));
#7800=CARTESIAN_POINT('Origin',(2.93917354822324,-1.531172E-16,16.8));
#7801=CARTESIAN_POINT('Origin',(2.425,-3.918085E-16,15.8));
#7802=CARTESIAN_POINT('',(2.47473791320787,-0.056135015718594,67.8));
#7803=CARTESIAN_POINT('Origin',(2.425,-3.918085E-16,67.8));
#7804=CARTESIAN_POINT('',(2.47473791320787,-0.0561350157185944,15.8));
#7805=CARTESIAN_POINT('',(2.47473791320787,-0.0561350157185944,15.8));
#7806=CARTESIAN_POINT('',(2.5,-3.40703E-16,15.8));
#7807=CARTESIAN_POINT('Origin',(2.425,-3.918085E-16,15.8));
#7808=CARTESIAN_POINT('',(2.5,-3.40703E-16,20.3));
#7809=CARTESIAN_POINT('',(2.5,-3.40703E-16,15.8));
#7810=CARTESIAN_POINT('Origin',(2.425,-3.918085E-16,15.8));
#7811=CARTESIAN_POINT('Origin',(2.425,-3.899801E-16,67.8));
#7812=CARTESIAN_POINT('Origin',(2.425,-3.899801E-16,15.8));
#7813=CARTESIAN_POINT('Origin',(-2.048957E-15,-8.458842E-16,13.));
#7814=CARTESIAN_POINT('',(-34.4419801985891,2.00000000000001,13.));
#7815=CARTESIAN_POINT('',(34.4419801985891,2.,13.));
#7816=CARTESIAN_POINT('Origin',(0.,0.,13.));
#7817=CARTESIAN_POINT('',(-24.117213769422,2.,13.));
#7818=CARTESIAN_POINT('',(-34.4419801985891,2.00000000000001,13.));
#7819=CARTESIAN_POINT('',(-2.96364525393659E-15,24.2,13.));
#7820=CARTESIAN_POINT('Origin',(0.,0.,13.));
#7821=CARTESIAN_POINT('',(24.117213769422,2.,13.));
#7822=CARTESIAN_POINT('Origin',(0.,0.,13.));
#7823=CARTESIAN_POINT('',(24.117213769422,2.,13.));
#7824=CARTESIAN_POINT('',(23.7178456010733,17.6194863728671,13.));
#7825=CARTESIAN_POINT('Origin',(25.4178456010733,14.675,13.));
#7826=CARTESIAN_POINT('',(-27.1178456010733,11.7305136271329,13.));
#7827=CARTESIAN_POINT('Origin',(-25.4178456010733,14.675,13.));
#7828=CARTESIAN_POINT('',(-3.4,29.35,13.));
#7829=CARTESIAN_POINT('Origin',(0.,29.35,13.));
#7830=CARTESIAN_POINT('Origin',(0.,29.35,-86.8448796884447));
#7831=CARTESIAN_POINT('',(-3.4,29.35,0.));
#7832=CARTESIAN_POINT('Origin',(0.,29.35,0.));
#7833=CARTESIAN_POINT('',(-3.4,29.35,-86.8448796884447));
#7834=CARTESIAN_POINT('Origin',(-25.4178456010733,14.675,-86.8448796884447));
#7835=CARTESIAN_POINT('',(-27.1178456010733,11.7305136271329,0.));
#7836=CARTESIAN_POINT('Origin',(-25.4178456010733,14.675,0.));
#7837=CARTESIAN_POINT('',(-27.1178456010733,11.7305136271329,-86.8448796884447));
#7838=CARTESIAN_POINT('Origin',(-25.4178456010733,-14.675,-86.8448796884447));
#7839=CARTESIAN_POINT('',(-23.7178456010733,-17.6194863728671,0.));
#7840=CARTESIAN_POINT('Origin',(-25.4178456010733,-14.675,0.));
#7841=CARTESIAN_POINT('',(-23.7178456010733,-17.6194863728671,13.));
#7842=CARTESIAN_POINT('',(-23.7178456010733,-17.6194863728671,-86.8448796884447));
#7843=CARTESIAN_POINT('Origin',(-25.4178456010733,-14.675,13.));
#7844=CARTESIAN_POINT('Origin',(-2.220446E-15,-29.35,-86.8448796884447));
#7845=CARTESIAN_POINT('',(3.4,-29.35,0.));
#7846=CARTESIAN_POINT('Origin',(-2.220446E-15,-29.35,0.));
#7847=CARTESIAN_POINT('',(3.4,-29.35,13.));
#7848=CARTESIAN_POINT('',(3.4,-29.35,-86.8448796884447));
#7849=CARTESIAN_POINT('Origin',(-2.220446E-15,-29.35,13.));
#7850=CARTESIAN_POINT('Origin',(25.4178456010733,-14.675,-86.8448796884447));
#7851=CARTESIAN_POINT('',(27.1178456010733,-11.7305136271329,0.));
#7852=CARTESIAN_POINT('Origin',(25.4178456010733,-14.675,0.));
#7853=CARTESIAN_POINT('',(27.1178456010733,-11.7305136271329,13.));
#7854=CARTESIAN_POINT('',(27.1178456010733,-11.7305136271329,-86.8448796884447));
#7855=CARTESIAN_POINT('Origin',(25.4178456010733,-14.675,13.));
#7856=CARTESIAN_POINT('Origin',(25.4178456010733,14.675,-86.8448796884447));
#7857=CARTESIAN_POINT('',(23.7178456010733,17.6194863728671,0.));
#7858=CARTESIAN_POINT('Origin',(25.4178456010733,14.675,0.));
#7859=CARTESIAN_POINT('',(23.7178456010733,17.6194863728671,-86.8448796884447));
#7860=CARTESIAN_POINT('Origin',(0.,0.,11.8085483693174));
#7861=CARTESIAN_POINT('',(-2.96364525393659E-15,24.2,11.2170967386348));
#7862=CARTESIAN_POINT('Origin',(0.,0.,11.2170967386348));
#7863=CARTESIAN_POINT('',(-2.56563504421371E-15,20.95,12.4));
#7864=CARTESIAN_POINT('',(2.76464014907515E-15,22.575,11.8085483693174));
#7865=CARTESIAN_POINT('Origin',(0.,0.,12.4));
#7866=CARTESIAN_POINT('Origin',(0.,0.,12.1));
#7867=CARTESIAN_POINT('',(-2.53889094527096E-15,20.7316178594403,11.8));
#7868=CARTESIAN_POINT('Origin',(0.,0.,11.8));
#7869=CARTESIAN_POINT('',(-2.55226299474234E-15,20.8408089297201,12.1));
#7870=CARTESIAN_POINT('Origin',(0.,-11.3,5.4));
#7871=CARTESIAN_POINT('',(-2.76770176607302E-15,22.6,5.4));
#7872=CARTESIAN_POINT('Origin',(0.,0.,5.4));
#7873=CARTESIAN_POINT('',(3.5,-9.5,5.4));
#7874=CARTESIAN_POINT('Origin',(3.,-9.5,5.4));
#7875=CARTESIAN_POINT('',(3.5,6.123234E-17,5.4));
#7876=CARTESIAN_POINT('Origin',(3.,0.,5.4));
#7877=CARTESIAN_POINT('',(3.5,9.5,5.4));
#7878=CARTESIAN_POINT('Origin',(3.,9.5,5.4));
#7879=CARTESIAN_POINT('',(-7.5,-6.,5.4));
#7880=CARTESIAN_POINT('Origin',(-8.,-6.,5.4));
#7881=CARTESIAN_POINT('',(-7.5,6.123234E-17,5.4));
#7882=CARTESIAN_POINT('Origin',(-8.,0.,5.4));
#7883=CARTESIAN_POINT('',(-7.5,6.,5.4));
#7884=CARTESIAN_POINT('Origin',(-8.,6.,5.4));
#7885=CARTESIAN_POINT('',(-6.49,-13.,5.4));
#7886=CARTESIAN_POINT('Origin',(-8.,-13.,5.4));
#7887=CARTESIAN_POINT('',(1.51,17.,5.4));
#7888=CARTESIAN_POINT('Origin',(0.,17.,5.4));
#7889=CARTESIAN_POINT('Origin',(35.,0.,14.5));
#7890=CARTESIAN_POINT('',(34.9678423698117,1.50000000000001,12.5));
#7891=CARTESIAN_POINT('Ctrl Pts',(34.4419801985891,1.99999999999999,13.));
#7892=CARTESIAN_POINT('Ctrl Pts',(34.4966743319533,1.99999999999999,13.));
#7893=CARTESIAN_POINT('Ctrl Pts',(34.5504535309132,1.99335372918712,12.9910340565595));
#7894=CARTESIAN_POINT('Ctrl Pts',(34.6603389393187,1.96566668108691,12.9550880832025));
#7895=CARTESIAN_POINT('Ctrl Pts',(34.7132686233907,1.94288269413119,12.9260627709293));
#7896=CARTESIAN_POINT('Ctrl Pts',(34.8133739628645,1.87837774567736,12.8493359406723));
#7897=CARTESIAN_POINT('Ctrl Pts',(34.8597445798007,1.83218775559069,12.7970404573322));
#7898=CARTESIAN_POINT('Ctrl Pts',(34.9380405305346,1.70070245270521,12.664730721701));
#7899=CARTESIAN_POINT('Ctrl Pts',(34.9631022476838,1.61050122892135,12.582875921691));
#7900=CARTESIAN_POINT('Ctrl Pts',(34.9678423698117,1.49999999999996,12.5));
#7901=CARTESIAN_POINT('',(24.117213769422,-2.,13.));
#7902=CARTESIAN_POINT('Ctrl Pts',(24.117213769422,-2.,13.));
#7903=CARTESIAN_POINT('Ctrl Pts',(24.1232001859292,-1.92781215669173,12.9037495422557));
#7904=CARTESIAN_POINT('Ctrl Pts',(24.1293518039651,-1.84962657496926,12.8140926690365));
#7905=CARTESIAN_POINT('Ctrl Pts',(24.1515957406288,-1.54592978918464,12.5103958832519));
#7906=CARTESIAN_POINT('Ctrl Pts',(24.168881860284,-1.26496088444795,12.3180320534014));
#7907=CARTESIAN_POINT('Ctrl Pts',(24.1932567866778,-0.649078167412366,12.0628279283751));
#7908=CARTESIAN_POINT('Ctrl Pts',(24.2,-0.314145601725137,12.));
#7909=CARTESIAN_POINT('Ctrl Pts',(24.2,0.314145601725137,12.));
#7910=CARTESIAN_POINT('Ctrl Pts',(24.1932567866778,0.649078167412364,12.0628279283751));
#7911=CARTESIAN_POINT('Ctrl Pts',(24.168881860284,1.26496088444795,12.3180320534014));
#7912=CARTESIAN_POINT('Ctrl Pts',(24.1515957406288,1.54592978918464,12.5103958832519));
#7913=CARTESIAN_POINT('Ctrl Pts',(24.1293518039651,1.84962657496926,12.8140926690365));
#7914=CARTESIAN_POINT('Ctrl Pts',(24.1232001859292,1.92781215669173,12.9037495422557));
#7915=CARTESIAN_POINT('Ctrl Pts',(24.117213769422,2.,13.));
#7916=CARTESIAN_POINT('',(34.4419801985891,-2.,13.));
#7917=CARTESIAN_POINT('',(34.4419801985891,-2.,13.));
#7918=CARTESIAN_POINT('',(34.9678423698117,-1.50000000000001,12.5));
#7919=CARTESIAN_POINT('Ctrl Pts',(34.9678423698117,-1.49999999999996,12.5));
#7920=CARTESIAN_POINT('Ctrl Pts',(34.9631022476838,-1.61050122892115,12.5828759216909));
#7921=CARTESIAN_POINT('Ctrl Pts',(34.9380405305347,-1.70070245270506,12.6647307217009));
#7922=CARTESIAN_POINT('Ctrl Pts',(34.8597445798007,-1.83218775559075,12.7970404573323));
#7923=CARTESIAN_POINT('Ctrl Pts',(34.8133739628645,-1.8783777456774,12.8493359406724));
#7924=CARTESIAN_POINT('Ctrl Pts',(34.7132686233907,-1.94288269413118,12.9260627709293));
#7925=CARTESIAN_POINT('Ctrl Pts',(34.6603389393187,-1.96566668108692,12.9550880832025));
#7926=CARTESIAN_POINT('Ctrl Pts',(34.5504535309131,-1.99335372918716,12.9910340565595));
#7927=CARTESIAN_POINT('Ctrl Pts',(34.4966743319532,-1.99999999999999,13.));
#7928=CARTESIAN_POINT('Ctrl Pts',(34.4419801985891,-1.99999999999999,13.));
#7929=CARTESIAN_POINT('',(35.,2.21252083754694E-15,12.));
#7930=CARTESIAN_POINT('Ctrl Pts',(35.,-4.16333634234434E-16,12.));
#7931=CARTESIAN_POINT('Ctrl Pts',(35.,-0.314020172218498,12.));
#7932=CARTESIAN_POINT('Ctrl Pts',(34.9953402622374,-0.648898510674998,12.0627788874866));
#7933=CARTESIAN_POINT('Ctrl Pts',(34.9816026576108,-1.1512060256449,12.2708792830833));
#7934=CARTESIAN_POINT('Ctrl Pts',(34.9749051449498,-1.33535332818484,12.3765149961386));
#7935=CARTESIAN_POINT('Ctrl Pts',(34.9678423698117,-1.5,12.5));
#7936=CARTESIAN_POINT('Ctrl Pts',(34.9678423698117,1.5,12.5));
#7937=CARTESIAN_POINT('Ctrl Pts',(34.9749051449498,1.33535332818484,12.3765149961386));
#7938=CARTESIAN_POINT('Ctrl Pts',(34.9816026576108,1.1512060256449,12.2708792830833));
#7939=CARTESIAN_POINT('Ctrl Pts',(34.9953402622374,0.648898510674998,12.0627788874866));
#7940=CARTESIAN_POINT('Ctrl Pts',(35.,0.314020172218498,12.));
#7941=CARTESIAN_POINT('Ctrl Pts',(35.,6.93889390390723E-17,12.));
#7942=CARTESIAN_POINT('Origin',(-2.048957E-15,-8.458842E-16,13.));
#7943=CARTESIAN_POINT('',(-34.4419801985891,-2.,13.));
#7944=CARTESIAN_POINT('Origin',(0.,0.,13.));
#7945=CARTESIAN_POINT('',(-24.117213769422,-2.,13.));
#7946=CARTESIAN_POINT('Origin',(0.,0.,13.));
#7947=CARTESIAN_POINT('',(-24.117213769422,-2.,13.));
#7948=CARTESIAN_POINT('Origin',(0.,0.,12.1085483693174));
#7949=CARTESIAN_POINT('',(-2.96364525393659E-15,24.2,12.1085483693174));
#7950=CARTESIAN_POINT('Ctrl Pts',(-24.117213769422,2.,13.));
#7951=CARTESIAN_POINT('Ctrl Pts',(-24.1232001859292,1.92781215669174,12.9037495422557));
#7952=CARTESIAN_POINT('Ctrl Pts',(-24.1293518039651,1.84962657496926,12.8140926690365));
#7953=CARTESIAN_POINT('Ctrl Pts',(-24.1515957406288,1.54592978918464,12.5103958832519));
#7954=CARTESIAN_POINT('Ctrl Pts',(-24.168881860284,1.26496088444795,12.3180320534014));
#7955=CARTESIAN_POINT('Ctrl Pts',(-24.1932567866778,0.649078167412367,12.0628279283751));
#7956=CARTESIAN_POINT('Ctrl Pts',(-24.2,0.31414560172514,12.));
#7957=CARTESIAN_POINT('Ctrl Pts',(-24.2,-0.314145601725134,12.));
#7958=CARTESIAN_POINT('Ctrl Pts',(-24.1932567866778,-0.649078167412361,
12.0628279283751));
#7959=CARTESIAN_POINT('Ctrl Pts',(-24.168881860284,-1.26496088444795,12.3180320534014));
#7960=CARTESIAN_POINT('Ctrl Pts',(-24.1515957406288,-1.54592978918463,12.5103958832519));
#7961=CARTESIAN_POINT('Ctrl Pts',(-24.1293518039651,-1.84962657496925,12.8140926690365));
#7962=CARTESIAN_POINT('Ctrl Pts',(-24.1232001859292,-1.92781215669173,12.9037495422557));
#7963=CARTESIAN_POINT('Ctrl Pts',(-24.117213769422,-1.99999999999999,13.));
#7964=CARTESIAN_POINT('Origin',(0.,0.,12.5));
#7965=CARTESIAN_POINT('',(-34.9678423698117,-1.5,12.5));
#7966=CARTESIAN_POINT('Ctrl Pts',(-34.4419801985891,-1.99999999999999,13.));
#7967=CARTESIAN_POINT('Ctrl Pts',(-34.4966743319533,-1.99999999999999,13.));
#7968=CARTESIAN_POINT('Ctrl Pts',(-34.5504535309132,-1.99335372918713,12.9910340565595));
#7969=CARTESIAN_POINT('Ctrl Pts',(-34.6603389393187,-1.96566668108691,12.9550880832025));
#7970=CARTESIAN_POINT('Ctrl Pts',(-34.7132686233907,-1.94288269413116,12.9260627709293));
#7971=CARTESIAN_POINT('Ctrl Pts',(-34.8133739628645,-1.87837774567733,12.8493359406723));
#7972=CARTESIAN_POINT('Ctrl Pts',(-34.8597445798008,-1.83218775559065,12.7970404573322));
#7973=CARTESIAN_POINT('Ctrl Pts',(-34.9380405305345,-1.7007024527055,12.6647307217013));
#7974=CARTESIAN_POINT('Ctrl Pts',(-34.9631022476838,-1.61050122892179,12.5828759216914));
#7975=CARTESIAN_POINT('Ctrl Pts',(-34.9678423698117,-1.49999999999998,12.5));
#7976=CARTESIAN_POINT('Origin',(0.,0.,12.5));
#7977=CARTESIAN_POINT('Origin',(-35.,4.286264E-15,14.5));
#7978=CARTESIAN_POINT('',(-34.9678423698117,1.50000000000001,12.5));
#7979=CARTESIAN_POINT('Ctrl Pts',(-34.9678423698117,1.49999999999996,12.5));
#7980=CARTESIAN_POINT('Ctrl Pts',(-34.9631022476838,1.6105012289208,12.5828759216906));
#7981=CARTESIAN_POINT('Ctrl Pts',(-34.9380405305349,1.70070245270484,12.6647307217006));
#7982=CARTESIAN_POINT('Ctrl Pts',(-34.8597445798008,1.83218775559068,12.7970404573322));
#7983=CARTESIAN_POINT('Ctrl Pts',(-34.8133739628645,1.87837774567736,12.8493359406723));
#7984=CARTESIAN_POINT('Ctrl Pts',(-34.7132686233907,1.94288269413123,12.9260627709293));
#7985=CARTESIAN_POINT('Ctrl Pts',(-34.6603389393187,1.96566668108691,12.9550880832025));
#7986=CARTESIAN_POINT('Ctrl Pts',(-34.5504535309132,1.99335372918713,12.9910340565595));
#7987=CARTESIAN_POINT('Ctrl Pts',(-34.4966743319533,2.,13.));
#7988=CARTESIAN_POINT('Ctrl Pts',(-34.4419801985891,2.,13.));
#7989=CARTESIAN_POINT('Ctrl Pts',(-34.9678423698117,-1.5,12.5));
#7990=CARTESIAN_POINT('Ctrl Pts',(-34.9749051449498,-1.33535332818484,12.3765149961386));
#7991=CARTESIAN_POINT('Ctrl Pts',(-34.9816026576108,-1.1512060256449,12.2708792830833));
#7992=CARTESIAN_POINT('Ctrl Pts',(-34.9953402622374,-0.648898510674994,
12.0627788874866));
#7993=CARTESIAN_POINT('Ctrl Pts',(-35.,-0.314020172218493,12.));
#7994=CARTESIAN_POINT('Ctrl Pts',(-35.,0.314020172218502,12.));
#7995=CARTESIAN_POINT('Ctrl Pts',(-34.9953402622374,0.648898510675002,12.0627788874866));
#7996=CARTESIAN_POINT('Ctrl Pts',(-34.9816026576108,1.15120602564491,12.2708792830833));
#7997=CARTESIAN_POINT('Ctrl Pts',(-34.9749051449498,1.33535332818485,12.3765149961386));
#7998=CARTESIAN_POINT('Ctrl Pts',(-34.9678423698117,1.5,12.5));
#7999=CARTESIAN_POINT('Origin',(0.,0.,12.5));
#8000=CARTESIAN_POINT('Origin',(0.,0.,12.5));
#8001=CARTESIAN_POINT('Origin',(0.,0.,0.));
#8002=CARTESIAN_POINT('',(35.,-4.286264E-15,0.5));
#8003=CARTESIAN_POINT('',(35.,4.28626379701574E-15,0.));
#8004=CARTESIAN_POINT('Origin',(0.,0.,0.5));
#8005=CARTESIAN_POINT('Origin',(0.,0.,0.5));
#8006=CARTESIAN_POINT('',(34.5,4.225031E-15,0.));
#8007=CARTESIAN_POINT('Origin',(0.,0.,0.));
#8008=CARTESIAN_POINT('Origin',(34.5,-4.22503145705837E-15,0.5));
#8009=CARTESIAN_POINT('Origin',(-1.939024E-16,0.,10.8));
#8010=CARTESIAN_POINT('',(19.,2.326829E-15,10.8));
#8011=CARTESIAN_POINT('Origin',(0.,0.,10.8));
#8012=CARTESIAN_POINT('',(3.5,-9.5,10.8));
#8013=CARTESIAN_POINT('Origin',(3.,-9.5,10.8));
#8014=CARTESIAN_POINT('',(3.5,6.123234E-17,10.8));
#8015=CARTESIAN_POINT('Origin',(3.,0.,10.8));
#8016=CARTESIAN_POINT('',(3.5,9.5,10.8));
#8017=CARTESIAN_POINT('Origin',(3.,9.5,10.8));
#8018=CARTESIAN_POINT('',(-7.5,-6.,10.8));
#8019=CARTESIAN_POINT('Origin',(-8.,-6.,10.8));
#8020=CARTESIAN_POINT('',(-7.5,6.123234E-17,10.8));
#8021=CARTESIAN_POINT('Origin',(-8.,0.,10.8));
#8022=CARTESIAN_POINT('',(-7.5,6.,10.8));
#8023=CARTESIAN_POINT('Origin',(-8.,6.,10.8));
#8024=CARTESIAN_POINT('Origin',(0.,17.,6.9));
#8025=CARTESIAN_POINT('',(1.51,17.,6.9));
#8026=CARTESIAN_POINT('Origin',(0.,17.,6.9));
#8027=CARTESIAN_POINT('',(1.1,17.,6.9));
#8028=CARTESIAN_POINT('Origin',(0.,17.,6.9));
#8029=CARTESIAN_POINT('Origin',(0.,17.,6.15));
#8030=CARTESIAN_POINT('',(1.51,17.,6.15));
#8031=CARTESIAN_POINT('Origin',(-8.,-13.,6.9));
#8032=CARTESIAN_POINT('',(-6.49,-13.,6.9));
#8033=CARTESIAN_POINT('Origin',(-8.,-13.,6.9));
#8034=CARTESIAN_POINT('',(-6.9,-13.,6.9));
#8035=CARTESIAN_POINT('Origin',(-8.,-13.,6.9));
#8036=CARTESIAN_POINT('Origin',(-8.,-13.,6.15));
#8037=CARTESIAN_POINT('',(-6.49,-13.,6.15));
#8038=CARTESIAN_POINT('Origin',(0.,0.,2.7));
#8039=CARTESIAN_POINT('',(2.767702E-15,-22.6,0.2));
#8040=CARTESIAN_POINT('',(-2.76770176607302E-15,22.6,0.2));
#8041=CARTESIAN_POINT('Origin',(0.,0.,0.2));
#8042=CARTESIAN_POINT('Origin',(0.,0.,0.2));
#8043=CARTESIAN_POINT('',(-2.76770176607302E-15,22.6,2.7));
#8044=CARTESIAN_POINT('Origin',(-2.048957E-15,-8.458842E-16,0.));
#8045=CARTESIAN_POINT('',(-2.792195E-15,-22.8,0.));
#8046=CARTESIAN_POINT('Origin',(0.,0.,0.));
#8047=CARTESIAN_POINT('Origin',(0.,0.,0.1));
#8048=CARTESIAN_POINT('',(-2.77994823406449E-15,-22.7,0.1));
#8049=CARTESIAN_POINT('Origin',(0.,-10.3658089297201,11.8));
#8050=CARTESIAN_POINT('',(19.2,2.351322E-15,11.8));
#8051=CARTESIAN_POINT('Origin',(0.,0.,11.8));
#8052=CARTESIAN_POINT('Origin',(0.,0.,11.8));
#8053=CARTESIAN_POINT('',(19.,-2.326829E-15,11.6));
#8054=CARTESIAN_POINT('Origin',(0.,0.,11.6));
#8055=CARTESIAN_POINT('',(19.,-2.32682891837997E-15,11.8));
#8056=CARTESIAN_POINT('Origin',(0.,0.,11.7));
#8057=CARTESIAN_POINT('',(19.1,2.33907538637145E-15,11.7));
#8058=CARTESIAN_POINT('Origin',(3.,-9.5,-4.10000000000001));
#8059=CARTESIAN_POINT('',(3.5,-9.5,-4.10000000000001));
#8060=CARTESIAN_POINT('',(2.5,-9.5,-4.10000000000001));
#8061=CARTESIAN_POINT('Origin',(3.,-9.5,-4.10000000000001));
#8062=CARTESIAN_POINT('',(3.,-9.5,-4.60000000000001));
#8063=CARTESIAN_POINT('Origin',(3.,-9.5,-4.10000000000001));
#8064=CARTESIAN_POINT('Origin',(3.,-9.5,-4.10000000000001));
#8065=CARTESIAN_POINT('Origin',(3.,-9.5,20.3));
#8066=CARTESIAN_POINT('',(3.,-10.,20.3));
#8067=CARTESIAN_POINT('',(2.5,-9.5,20.3));
#8068=CARTESIAN_POINT('Origin',(3.,-9.5,20.3));
#8069=CARTESIAN_POINT('',(3.5,-9.5,20.3));
#8070=CARTESIAN_POINT('Origin',(3.,-9.5,20.3));
#8071=CARTESIAN_POINT('Origin',(3.,-9.5,20.3));
#8072=CARTESIAN_POINT('',(3.,-9.5,20.8));
#8073=CARTESIAN_POINT('Origin',(3.,-9.5,20.3));
#8074=CARTESIAN_POINT('Origin',(3.,-9.5,10.8));
#8075=CARTESIAN_POINT('',(3.5,-9.5,10.8));
#8076=CARTESIAN_POINT('',(3.,-10.,16.8));
#8077=CARTESIAN_POINT('',(3.,-10.,16.8));
#8078=CARTESIAN_POINT('Origin',(3.,-9.5,10.8));
#8079=CARTESIAN_POINT('',(3.5,-9.5,10.8));
#8080=CARTESIAN_POINT('Origin',(3.,0.,-4.10000000000001));
#8081=CARTESIAN_POINT('',(3.5,-6.12323399573677E-17,-4.10000000000001));
#8082=CARTESIAN_POINT('',(2.5,-6.12323399573677E-17,-4.10000000000001));
#8083=CARTESIAN_POINT('Origin',(3.,0.,-4.10000000000001));
#8084=CARTESIAN_POINT('',(3.,-3.74939945665464E-33,-4.60000000000001));
#8085=CARTESIAN_POINT('Origin',(3.,0.,-4.10000000000001));
#8086=CARTESIAN_POINT('Origin',(3.,0.,-4.10000000000001));
#8087=CARTESIAN_POINT('Origin',(3.,3.469447E-17,20.3));
#8088=CARTESIAN_POINT('',(2.5,-3.40703E-16,20.3));
#8089=CARTESIAN_POINT('',(3.5,-6.12323399573677E-17,20.3));
#8090=CARTESIAN_POINT('Origin',(3.,0.,20.3));
#8091=CARTESIAN_POINT('',(3.,3.469447E-17,20.8));
#8092=CARTESIAN_POINT('Origin',(3.,3.469447E-17,20.3));
#8093=CARTESIAN_POINT('Origin',(3.,0.,20.3));
#8094=CARTESIAN_POINT('Origin',(3.,0.,10.8));
#8095=CARTESIAN_POINT('',(3.5,-6.12323399573677E-17,10.8));
#8096=CARTESIAN_POINT('',(2.5,-3.40703E-16,15.8));
#8097=CARTESIAN_POINT('',(2.5,-3.40703E-16,15.8));
#8098=CARTESIAN_POINT('Origin',(3.,0.,10.8));
#8099=CARTESIAN_POINT('',(3.5,-6.12323399573677E-17,10.8));
#8100=CARTESIAN_POINT('Origin',(3.,9.5,-4.10000000000001));
#8101=CARTESIAN_POINT('',(3.5,9.5,-4.10000000000001));
#8102=CARTESIAN_POINT('',(2.5,9.5,-4.10000000000001));
#8103=CARTESIAN_POINT('Origin',(3.,9.5,-4.10000000000001));
#8104=CARTESIAN_POINT('',(3.,9.5,-4.60000000000001));
#8105=CARTESIAN_POINT('Origin',(3.,9.5,-4.10000000000001));
#8106=CARTESIAN_POINT('Origin',(3.,9.5,-4.10000000000001));
#8107=CARTESIAN_POINT('Origin',(3.,9.5,20.3));
#8108=CARTESIAN_POINT('',(3.,10.,20.3));
#8109=CARTESIAN_POINT('',(3.5,9.5,20.3));
#8110=CARTESIAN_POINT('Origin',(3.,9.5,20.3));
#8111=CARTESIAN_POINT('',(2.5,9.5,20.3));
#8112=CARTESIAN_POINT('Origin',(3.,9.5,20.3));
#8113=CARTESIAN_POINT('',(3.,9.5,20.8));
#8114=CARTESIAN_POINT('Origin',(3.,9.5,20.3));
#8115=CARTESIAN_POINT('Origin',(3.,9.5,20.3));
#8116=CARTESIAN_POINT('Origin',(3.,9.5,10.8));
#8117=CARTESIAN_POINT('',(3.5,9.5,10.8));
#8118=CARTESIAN_POINT('',(3.,10.,16.8));
#8119=CARTESIAN_POINT('',(3.,10.,16.8));
#8120=CARTESIAN_POINT('Origin',(3.,9.5,10.8));
#8121=CARTESIAN_POINT('',(3.5,9.5,10.8));
#8122=CARTESIAN_POINT('Origin',(-8.,-6.,-4.10000000000001));
#8123=CARTESIAN_POINT('',(-7.5,-6.,-4.10000000000001));
#8124=CARTESIAN_POINT('',(-8.5,-6.,-4.10000000000001));
#8125=CARTESIAN_POINT('Origin',(-8.,-6.,-4.10000000000001));
#8126=CARTESIAN_POINT('',(-8.,-6.,-4.60000000000001));
#8127=CARTESIAN_POINT('Origin',(-8.,-6.,-4.10000000000001));
#8128=CARTESIAN_POINT('Origin',(-8.,-6.,-4.10000000000001));
#8129=CARTESIAN_POINT('Origin',(-8.,-6.,20.3));
#8130=CARTESIAN_POINT('',(-7.5,-6.,20.3));
#8131=CARTESIAN_POINT('',(-8.5,-6.,20.3));
#8132=CARTESIAN_POINT('Origin',(-8.,-6.,20.3));
#8133=CARTESIAN_POINT('Origin',(-8.,-6.,20.3));
#8134=CARTESIAN_POINT('',(-8.,-6.,20.8));
#8135=CARTESIAN_POINT('Origin',(-8.,-6.,20.3));
#8136=CARTESIAN_POINT('Origin',(-8.,-6.,10.8));
#8137=CARTESIAN_POINT('',(-7.5,-6.,10.8));
#8138=CARTESIAN_POINT('Origin',(-8.,-6.,10.8));
#8139=CARTESIAN_POINT('',(-7.5,-6.,10.8));
#8140=CARTESIAN_POINT('Origin',(-8.,0.,-4.10000000000001));
#8141=CARTESIAN_POINT('',(-7.5,-6.12323399573677E-17,-4.10000000000001));
#8142=CARTESIAN_POINT('',(-8.5,-6.12323399573676E-17,-4.10000000000001));
#8143=CARTESIAN_POINT('Origin',(-8.,0.,-4.10000000000001));
#8144=CARTESIAN_POINT('',(-8.,-3.74939945665464E-33,-4.60000000000001));
#8145=CARTESIAN_POINT('Origin',(-8.,0.,-4.10000000000001));
#8146=CARTESIAN_POINT('Origin',(-8.,0.,-4.10000000000001));
#8147=CARTESIAN_POINT('Origin',(-8.,3.469447E-17,20.3));
#8148=CARTESIAN_POINT('',(-7.5,-6.12323399573677E-17,20.3));
#8149=CARTESIAN_POINT('',(-8.5,-2.65378699573676E-17,20.3));
#8150=CARTESIAN_POINT('Origin',(-8.,0.,20.3));
#8151=CARTESIAN_POINT('Origin',(-8.,0.,20.3));
#8152=CARTESIAN_POINT('',(-8.,3.469447E-17,20.8));
#8153=CARTESIAN_POINT('Origin',(-8.,3.469447E-17,20.3));
#8154=CARTESIAN_POINT('Origin',(-8.,0.,10.8));
#8155=CARTESIAN_POINT('',(-7.5,-6.12323399573677E-17,10.8));
#8156=CARTESIAN_POINT('Origin',(-8.,0.,10.8));
#8157=CARTESIAN_POINT('',(-7.5,-6.12323399573677E-17,10.8));
#8158=CARTESIAN_POINT('Origin',(-8.,6.,-4.10000000000001));
#8159=CARTESIAN_POINT('',(-7.5,6.,-4.10000000000001));
#8160=CARTESIAN_POINT('',(-8.5,6.,-4.10000000000001));
#8161=CARTESIAN_POINT('Origin',(-8.,6.,-4.10000000000001));
#8162=CARTESIAN_POINT('',(-8.,6.,-4.60000000000001));
#8163=CARTESIAN_POINT('Origin',(-8.,6.,-4.10000000000001));
#8164=CARTESIAN_POINT('Origin',(-8.,6.,-4.10000000000001));
#8165=CARTESIAN_POINT('Origin',(-8.,6.,20.3));
#8166=CARTESIAN_POINT('',(-7.5,6.,20.3));
#8167=CARTESIAN_POINT('',(-8.5,6.,20.3));
#8168=CARTESIAN_POINT('Origin',(-8.,6.,20.3));
#8169=CARTESIAN_POINT('Origin',(-8.,6.,20.3));
#8170=CARTESIAN_POINT('',(-8.,6.,20.8));
#8171=CARTESIAN_POINT('Origin',(-8.,6.,20.3));
#8172=CARTESIAN_POINT('Origin',(-8.,6.,10.8));
#8173=CARTESIAN_POINT('',(-7.5,6.,10.8));
#8174=CARTESIAN_POINT('Origin',(-8.,6.,10.8));
#8175=CARTESIAN_POINT('',(-7.5,6.,10.8));
#8176=CARTESIAN_POINT('Origin',(0.,17.,-4.6));
#8177=CARTESIAN_POINT('',(1.5,17.,-7.19807621135332));
#8178=CARTESIAN_POINT('',(-1.5,17.,-7.19807621135332));
#8179=CARTESIAN_POINT('Origin',(0.,17.,-7.19807621135332));
#8180=CARTESIAN_POINT('Origin',(0.,17.,-7.19807621135332));
#8181=CARTESIAN_POINT('',(-1.83697019872103E-16,17.,-7.6));
#8182=CARTESIAN_POINT('Origin',(0.,17.,-4.6));
#8183=CARTESIAN_POINT('Origin',(0.,17.,6.9));
#8184=CARTESIAN_POINT('',(1.5,17.,6.5));
#8185=CARTESIAN_POINT('',(1.5,17.,6.9));
#8186=CARTESIAN_POINT('Origin',(0.,17.,6.5));
#8187=CARTESIAN_POINT('Origin',(0.,17.,6.7));
#8188=CARTESIAN_POINT('',(1.3,17.,6.7));
#8189=CARTESIAN_POINT('Origin',(-8.,-13.,-4.6));
#8190=CARTESIAN_POINT('',(-6.5,-13.,-7.19807621135332));
#8191=CARTESIAN_POINT('',(-9.5,-13.,-7.19807621135332));
#8192=CARTESIAN_POINT('Origin',(-8.,-13.,-7.19807621135332));
#8193=CARTESIAN_POINT('Origin',(-8.,-13.,-7.19807621135332));
#8194=CARTESIAN_POINT('',(-8.,-13.,-7.6));
#8195=CARTESIAN_POINT('Origin',(-8.,-13.,-4.6));
#8196=CARTESIAN_POINT('Origin',(-8.,-13.,6.9));
#8197=CARTESIAN_POINT('',(-6.5,-13.,6.5));
#8198=CARTESIAN_POINT('',(-6.5,-13.,6.9));
#8199=CARTESIAN_POINT('Origin',(-8.,-13.,6.5));
#8200=CARTESIAN_POINT('Origin',(-8.,-13.,6.7));
#8201=CARTESIAN_POINT('',(-6.7,-13.,6.7));
#8202=CARTESIAN_POINT('Origin',(-0.284170819947583,6.00000000000001,19.05));
#8203=CARTESIAN_POINT('',(-5.73149217545983,5.21650000000001,19.05));
#8204=CARTESIAN_POINT('',(-5.73149217545983,6.78350000000001,19.05));
#8205=CARTESIAN_POINT('Ctrl Pts',(-5.73149217545983,5.21650000000001,19.05));
#8206=CARTESIAN_POINT('Ctrl Pts',(-5.73149217545983,5.21650000000001,19.1491896131106));
#8207=CARTESIAN_POINT('Ctrl Pts',(-5.72430372268082,5.23647265641567,19.2544442116101));
#8208=CARTESIAN_POINT('Ctrl Pts',(-5.69895812696773,5.31664521185471,19.4472376784961));
#8209=CARTESIAN_POINT('Ctrl Pts',(-5.68123111199274,5.37681079132638,19.5348471174457));
#8210=CARTESIAN_POINT('Ctrl Pts',(-5.64841661103437,5.51512350218962,19.6731598283089));
#8211=CARTESIAN_POINT('Ctrl Pts',(-5.63111141293463,5.6027446945845,19.7333480554812));
#8212=CARTESIAN_POINT('Ctrl Pts',(-5.60674739803536,5.79558156014835,19.81353746323));
#8213=CARTESIAN_POINT('Ctrl Pts',(-5.6,5.9008525176246,19.8335));
#8214=CARTESIAN_POINT('Ctrl Pts',(-5.6,6.09914748237541,19.8335));
#8215=CARTESIAN_POINT('Ctrl Pts',(-5.60674739803536,6.20441843985166,19.81353746323));
#8216=CARTESIAN_POINT('Ctrl Pts',(-5.63111141293463,6.3972553054155,19.7333480554812));
#8217=CARTESIAN_POINT('Ctrl Pts',(-5.64841661103437,6.48487649781039,19.6731598283089));
#8218=CARTESIAN_POINT('Ctrl Pts',(-5.68123111199274,6.62318920867363,19.5348471174457));
#8219=CARTESIAN_POINT('Ctrl Pts',(-5.69895812696773,6.68335478814531,19.4472376784961));
#8220=CARTESIAN_POINT('Ctrl Pts',(-5.72430372268082,6.76352734358434,19.2544442116101));
#8221=CARTESIAN_POINT('Ctrl Pts',(-5.73149217545983,6.78350000000001,19.1491896131106));
#8222=CARTESIAN_POINT('Ctrl Pts',(-5.73149217545983,6.78350000000001,19.05));
#8223=CARTESIAN_POINT('Ctrl Pts',(-5.73149217545983,6.78350000000001,19.05));
#8224=CARTESIAN_POINT('Ctrl Pts',(-5.73149217545983,6.78350000000001,18.9508103868894));
#8225=CARTESIAN_POINT('Ctrl Pts',(-5.72430372268082,6.76352734358434,18.84555578839));
#8226=CARTESIAN_POINT('Ctrl Pts',(-5.69895812696773,6.68335478814531,18.6527623215039));
#8227=CARTESIAN_POINT('Ctrl Pts',(-5.68123111199274,6.62318920867363,18.5651528825543));
#8228=CARTESIAN_POINT('Ctrl Pts',(-5.64841661103437,6.48487649781039,18.4268401716911));
#8229=CARTESIAN_POINT('Ctrl Pts',(-5.63111141293463,6.3972553054155,18.3666519445188));
#8230=CARTESIAN_POINT('Ctrl Pts',(-5.60674739803536,6.20441843985166,18.28646253677));
#8231=CARTESIAN_POINT('Ctrl Pts',(-5.6,6.09914748237541,18.2665));
#8232=CARTESIAN_POINT('Ctrl Pts',(-5.6,5.9008525176246,18.2665));
#8233=CARTESIAN_POINT('Ctrl Pts',(-5.60674739803536,5.79558156014835,18.28646253677));
#8234=CARTESIAN_POINT('Ctrl Pts',(-5.63111141293463,5.6027446945845,18.3666519445188));
#8235=CARTESIAN_POINT('Ctrl Pts',(-5.64841661103437,5.51512350218962,18.4268401716911));
#8236=CARTESIAN_POINT('Ctrl Pts',(-5.68123111199274,5.37681079132638,18.5651528825543));
#8237=CARTESIAN_POINT('Ctrl Pts',(-5.69895812696773,5.31664521185471,18.6527623215039));
#8238=CARTESIAN_POINT('Ctrl Pts',(-5.72430372268082,5.23647265641567,18.84555578839));
#8239=CARTESIAN_POINT('Ctrl Pts',(-5.73149217545983,5.21650000000001,18.9508103868894));
#8240=CARTESIAN_POINT('Ctrl Pts',(-5.73149217545983,5.21650000000001,19.05));
#8241=CARTESIAN_POINT('',(-9.08349999999999,6.78350000000001,19.05));
#8242=CARTESIAN_POINT('',(-0.284170819947583,6.78350000000001,19.05));
#8243=CARTESIAN_POINT('',(-9.08349999999999,5.32146909613489,18.65825));
#8244=CARTESIAN_POINT('Origin',(-9.08349999999999,6.00000000000001,19.05));
#8245=CARTESIAN_POINT('Origin',(-9.08349999999999,6.00000000000001,19.05));
#8246=CARTESIAN_POINT('',(-8.,6.55,18.4919926075759));
#8247=CARTESIAN_POINT('',(-8.,5.45,18.4919926075759));
#8248=CARTESIAN_POINT('Ctrl Pts',(-8.,6.55000000000001,18.4919926075759));
#8249=CARTESIAN_POINT('Ctrl Pts',(-8.07290122427608,6.55000000000001,18.4919926075759));
#8250=CARTESIAN_POINT('Ctrl Pts',(-8.14719454380347,6.53490063157403,18.4763010173015));
#8251=CARTESIAN_POINT('Ctrl Pts',(-8.281116046113,6.47828742528751,18.4283166332234));
#8252=CARTESIAN_POINT('Ctrl Pts',(-8.34111816383725,6.43669929546796,18.3971626346035));
#8253=CARTESIAN_POINT('Ctrl Pts',(-8.4360066330634,6.34181082624182,18.3429066219258));
#8254=CARTESIAN_POINT('Ctrl Pts',(-8.47803622009407,6.28168388429506,18.31553099261));
#8255=CARTESIAN_POINT('Ctrl Pts',(-8.53509227105938,6.14676758368374,18.2771806011496));
#8256=CARTESIAN_POINT('Ctrl Pts',(-8.55,6.07184461537345,18.2665));
#8257=CARTESIAN_POINT('Ctrl Pts',(-8.55,5.92815538462656,18.2665));
#8258=CARTESIAN_POINT('Ctrl Pts',(-8.53509227105938,5.85323241631627,18.2771806011496));
#8259=CARTESIAN_POINT('Ctrl Pts',(-8.47803622009407,5.71831611570495,18.31553099261));
#8260=CARTESIAN_POINT('Ctrl Pts',(-8.4360066330634,5.65818917375819,18.3429066219258));
#8261=CARTESIAN_POINT('Ctrl Pts',(-8.34111816383725,5.56330070453205,18.3971626346035));
#8262=CARTESIAN_POINT('Ctrl Pts',(-8.281116046113,5.52171257471251,18.4283166332234));
#8263=CARTESIAN_POINT('Ctrl Pts',(-8.14719454380347,5.46509936842598,18.4763010173015));
#8264=CARTESIAN_POINT('Ctrl Pts',(-8.07290122427608,5.45,18.4919926075759));
#8265=CARTESIAN_POINT('Ctrl Pts',(-8.,5.45,18.4919926075759));
#8266=CARTESIAN_POINT('Ctrl Pts',(-8.,5.45,18.4919926075759));
#8267=CARTESIAN_POINT('Ctrl Pts',(-7.92709877572393,5.45,18.4919926075759));
#8268=CARTESIAN_POINT('Ctrl Pts',(-7.85280545619654,5.46509936842598,18.4763010173015));
#8269=CARTESIAN_POINT('Ctrl Pts',(-7.71888395388701,5.52171257471251,18.4283166332234));
#8270=CARTESIAN_POINT('Ctrl Pts',(-7.65888183616275,5.56330070453205,18.3971626346035));
#8271=CARTESIAN_POINT('Ctrl Pts',(-7.56399336693661,5.65818917375819,18.3429066219258));
#8272=CARTESIAN_POINT('Ctrl Pts',(-7.52196377990594,5.71831611570494,18.31553099261));
#8273=CARTESIAN_POINT('Ctrl Pts',(-7.46490772894063,5.85323241631627,18.2771806011496));
#8274=CARTESIAN_POINT('Ctrl Pts',(-7.45,5.92815538462656,18.2665));
#8275=CARTESIAN_POINT('Ctrl Pts',(-7.45,6.07184461537345,18.2665));
#8276=CARTESIAN_POINT('Ctrl Pts',(-7.46490772894063,6.14676758368374,18.2771806011496));
#8277=CARTESIAN_POINT('Ctrl Pts',(-7.52196377990594,6.28168388429507,18.31553099261));
#8278=CARTESIAN_POINT('Ctrl Pts',(-7.56399336693661,6.34181082624182,18.3429066219258));
#8279=CARTESIAN_POINT('Ctrl Pts',(-7.65888183616275,6.43669929546796,18.3971626346035));
#8280=CARTESIAN_POINT('Ctrl Pts',(-7.71888395388701,6.47828742528751,18.4283166332234));
#8281=CARTESIAN_POINT('Ctrl Pts',(-7.85280545619654,6.53490063157403,18.4763010173015));
#8282=CARTESIAN_POINT('Ctrl Pts',(-7.92709877572393,6.55000000000001,18.4919926075759));
#8283=CARTESIAN_POINT('Ctrl Pts',(-8.,6.55000000000001,18.4919926075759));
#8284=CARTESIAN_POINT('',(-8.,6.55,19.6080073924242));
#8285=CARTESIAN_POINT('',(-8.,5.45,19.6080073924242));
#8286=CARTESIAN_POINT('Ctrl Pts',(-8.,6.55000000000001,19.6080073924242));
#8287=CARTESIAN_POINT('Ctrl Pts',(-7.92709877572393,6.55000000000001,19.6080073924242));
#8288=CARTESIAN_POINT('Ctrl Pts',(-7.85280545619654,6.53490063157403,19.6236989826985));
#8289=CARTESIAN_POINT('Ctrl Pts',(-7.71888395388701,6.47828742528751,19.6716833667766));
#8290=CARTESIAN_POINT('Ctrl Pts',(-7.65888183616275,6.43669929546796,19.7028373653965));
#8291=CARTESIAN_POINT('Ctrl Pts',(-7.56399336693661,6.34181082624182,19.7570933780742));
#8292=CARTESIAN_POINT('Ctrl Pts',(-7.52196377990594,6.28168388429507,19.78446900739));
#8293=CARTESIAN_POINT('Ctrl Pts',(-7.46490772894063,6.14676758368374,19.8228193988504));
#8294=CARTESIAN_POINT('Ctrl Pts',(-7.45,6.07184461537345,19.8335));
#8295=CARTESIAN_POINT('Ctrl Pts',(-7.45,5.92815538462656,19.8335));
#8296=CARTESIAN_POINT('Ctrl Pts',(-7.46490772894063,5.85323241631627,19.8228193988504));
#8297=CARTESIAN_POINT('Ctrl Pts',(-7.52196377990594,5.71831611570494,19.78446900739));
#8298=CARTESIAN_POINT('Ctrl Pts',(-7.56399336693661,5.65818917375819,19.7570933780742));
#8299=CARTESIAN_POINT('Ctrl Pts',(-7.65888183616275,5.56330070453205,19.7028373653965));
#8300=CARTESIAN_POINT('Ctrl Pts',(-7.71888395388701,5.52171257471251,19.6716833667766));
#8301=CARTESIAN_POINT('Ctrl Pts',(-7.85280545619654,5.46509936842598,19.6236989826985));
#8302=CARTESIAN_POINT('Ctrl Pts',(-7.92709877572393,5.45,19.6080073924242));
#8303=CARTESIAN_POINT('Ctrl Pts',(-8.,5.45,19.6080073924242));
#8304=CARTESIAN_POINT('Ctrl Pts',(-8.,5.45,19.6080073924242));
#8305=CARTESIAN_POINT('Ctrl Pts',(-8.07290122427608,5.45,19.6080073924242));
#8306=CARTESIAN_POINT('Ctrl Pts',(-8.14719454380347,5.46509936842598,19.6236989826985));
#8307=CARTESIAN_POINT('Ctrl Pts',(-8.281116046113,5.52171257471251,19.6716833667766));
#8308=CARTESIAN_POINT('Ctrl Pts',(-8.34111816383725,5.56330070453205,19.7028373653965));
#8309=CARTESIAN_POINT('Ctrl Pts',(-8.4360066330634,5.65818917375819,19.7570933780742));
#8310=CARTESIAN_POINT('Ctrl Pts',(-8.47803622009407,5.71831611570495,19.78446900739));
#8311=CARTESIAN_POINT('Ctrl Pts',(-8.53509227105938,5.85323241631627,19.8228193988504));
#8312=CARTESIAN_POINT('Ctrl Pts',(-8.55,5.92815538462656,19.8335));
#8313=CARTESIAN_POINT('Ctrl Pts',(-8.55,6.07184461537345,19.8335));
#8314=CARTESIAN_POINT('Ctrl Pts',(-8.53509227105938,6.14676758368374,19.8228193988504));
#8315=CARTESIAN_POINT('Ctrl Pts',(-8.47803622009407,6.28168388429507,19.78446900739));
#8316=CARTESIAN_POINT('Ctrl Pts',(-8.4360066330634,6.34181082624182,19.7570933780742));
#8317=CARTESIAN_POINT('Ctrl Pts',(-8.34111816383725,6.43669929546796,19.7028373653965));
#8318=CARTESIAN_POINT('Ctrl Pts',(-8.281116046113,6.4782874252875,19.6716833667766));
#8319=CARTESIAN_POINT('Ctrl Pts',(-8.14719454380347,6.53490063157403,19.6236989826985));
#8320=CARTESIAN_POINT('Ctrl Pts',(-8.07290122427608,6.55000000000001,19.6080073924242));
#8321=CARTESIAN_POINT('Ctrl Pts',(-8.,6.55000000000001,19.6080073924242));
#8322=CARTESIAN_POINT('Origin',(-8.,6.00000000000001,17.05));
#8323=CARTESIAN_POINT('',(-8.,8.4,24.35));
#8324=CARTESIAN_POINT('Origin',(-8.,6.00000000000001,24.35));
#8325=CARTESIAN_POINT('',(-8.,8.4,17.25));
#8326=CARTESIAN_POINT('',(-8.,8.40000000000001,17.05));
#8327=CARTESIAN_POINT('Origin',(-8.,6.00000000000001,17.25));
#8328=CARTESIAN_POINT('',(-10.1817424229271,5.,19.05));
#8329=CARTESIAN_POINT('',(-10.2383029285598,6.86602540378458,19.5499999999998));
#8330=CARTESIAN_POINT('Ctrl Pts',(-10.1817424229271,5.,19.05));
#8331=CARTESIAN_POINT('Ctrl Pts',(-10.1817424229271,5.,19.17734411422));
#8332=CARTESIAN_POINT('Ctrl Pts',(-10.1940729242281,5.02576908979535,19.3119266471059));
#8333=CARTESIAN_POINT('Ctrl Pts',(-10.2367713902334,5.12825727523329,19.5577364863439));
#8334=CARTESIAN_POINT('Ctrl Pts',(-10.2663437799423,5.20491382775654,19.6691273901296));
#8335=CARTESIAN_POINT('Ctrl Pts',(-10.320561418492,5.38076629578189,19.844979858155));
#8336=CARTESIAN_POINT('Ctrl Pts',(-10.3489699777738,5.4921968205332,19.9217166728189));
#8337=CARTESIAN_POINT('Ctrl Pts',(-10.3889256419544,5.73816359072364,20.0242667787427));
#8338=CARTESIAN_POINT('Ctrl Pts',(-10.4,5.87280976810706,20.05));
#8339=CARTESIAN_POINT('Ctrl Pts',(-10.4,6.12719023189294,20.05));
#8340=CARTESIAN_POINT('Ctrl Pts',(-10.3889256419544,6.26183640927636,20.0242667787427));
#8341=CARTESIAN_POINT('Ctrl Pts',(-10.3489699777738,6.5078031794668,19.9217166728189));
#8342=CARTESIAN_POINT('Ctrl Pts',(-10.320561418492,6.61923370421811,19.844979858155));
#8343=CARTESIAN_POINT('Ctrl Pts',(-10.2751036960838,6.76667377888969,19.6975397834834));
#8344=CARTESIAN_POINT('Ctrl Pts',(-10.2555949101926,6.82133307379059,19.6274093862581));
#8345=CARTESIAN_POINT('Ctrl Pts',(-10.2383029285598,6.86602540378472,19.5499999999995));
#8346=CARTESIAN_POINT('Ctrl Pts',(-10.2383029285598,6.86602540378472,19.5499999999995));
#8347=CARTESIAN_POINT('Ctrl Pts',(-10.2300549623544,6.88734284647368,19.5130771061748));
#8348=CARTESIAN_POINT('Ctrl Pts',(-10.2223167583252,6.90643785866819,19.4745229407999));
#8349=CARTESIAN_POINT('Ctrl Pts',(-10.1940729242281,6.97423091020466,19.3119266471059));
#8350=CARTESIAN_POINT('Ctrl Pts',(-10.1817424229271,7.,19.17734411422));
#8351=CARTESIAN_POINT('Ctrl Pts',(-10.1817424229271,7.,18.92265588578));
#8352=CARTESIAN_POINT('Ctrl Pts',(-10.1940729242281,6.97423091020466,18.7880733528941));
#8353=CARTESIAN_POINT('Ctrl Pts',(-10.2367713902334,6.87174272476671,18.5422635136561));
#8354=CARTESIAN_POINT('Ctrl Pts',(-10.2663437799423,6.79508617224346,18.4308726098704));
#8355=CARTESIAN_POINT('Ctrl Pts',(-10.320561418492,6.61923370421811,18.255020141845));
#8356=CARTESIAN_POINT('Ctrl Pts',(-10.3489699777738,6.5078031794668,18.1782833271811));
#8357=CARTESIAN_POINT('Ctrl Pts',(-10.3889256419544,6.26183640927636,18.0757332212573));
#8358=CARTESIAN_POINT('Ctrl Pts',(-10.4,6.12719023189294,18.05));
#8359=CARTESIAN_POINT('Ctrl Pts',(-10.4,5.87280976810706,18.05));
#8360=CARTESIAN_POINT('Ctrl Pts',(-10.3889256419544,5.73816359072364,18.0757332212573));
#8361=CARTESIAN_POINT('Ctrl Pts',(-10.3489699777738,5.4921968205332,18.1782833271811));
#8362=CARTESIAN_POINT('Ctrl Pts',(-10.320561418492,5.38076629578189,18.255020141845));
#8363=CARTESIAN_POINT('Ctrl Pts',(-10.2663437799423,5.20491382775654,18.4308726098704));
#8364=CARTESIAN_POINT('Ctrl Pts',(-10.2367713902334,5.12825727523329,18.5422635136561));
#8365=CARTESIAN_POINT('Ctrl Pts',(-10.1940729242281,5.02576908979535,18.7880733528941));
#8366=CARTESIAN_POINT('Ctrl Pts',(-10.1817424229271,5.,18.92265588578));
#8367=CARTESIAN_POINT('Ctrl Pts',(-10.1817424229271,5.,19.05));
#8368=CARTESIAN_POINT('',(-10.1817424229271,5.,22.55));
#8369=CARTESIAN_POINT('',(-10.2383029285598,6.86602540378457,23.0499999999998));
#8370=CARTESIAN_POINT('Ctrl Pts',(-10.1817424229271,5.,22.55));
#8371=CARTESIAN_POINT('Ctrl Pts',(-10.1817424229271,5.,22.67734411422));
#8372=CARTESIAN_POINT('Ctrl Pts',(-10.1940729242281,5.02576908979535,22.8119266471059));
#8373=CARTESIAN_POINT('Ctrl Pts',(-10.2367713902334,5.12825727523329,23.0577364863439));
#8374=CARTESIAN_POINT('Ctrl Pts',(-10.2663437799423,5.20491382775654,23.1691273901296));
#8375=CARTESIAN_POINT('Ctrl Pts',(-10.320561418492,5.3807662957819,23.344979858155));
#8376=CARTESIAN_POINT('Ctrl Pts',(-10.3489699777738,5.4921968205332,23.421716672819));
#8377=CARTESIAN_POINT('Ctrl Pts',(-10.3889256419544,5.73816359072365,23.5242667787427));
#8378=CARTESIAN_POINT('Ctrl Pts',(-10.4,5.87280976810706,23.55));
#8379=CARTESIAN_POINT('Ctrl Pts',(-10.4,6.12719023189294,23.55));
#8380=CARTESIAN_POINT('Ctrl Pts',(-10.3889256419544,6.26183640927636,23.5242667787427));
#8381=CARTESIAN_POINT('Ctrl Pts',(-10.3489699777738,6.5078031794668,23.421716672819));
#8382=CARTESIAN_POINT('Ctrl Pts',(-10.320561418492,6.61923370421811,23.344979858155));
#8383=CARTESIAN_POINT('Ctrl Pts',(-10.2751036960838,6.76667377888968,23.1975397834834));
#8384=CARTESIAN_POINT('Ctrl Pts',(-10.2555949101926,6.82133307379058,23.1274093862581));
#8385=CARTESIAN_POINT('Ctrl Pts',(-10.2383029285598,6.86602540378471,23.0499999999995));
#8386=CARTESIAN_POINT('Ctrl Pts',(-10.2383029285598,6.86602540378471,23.0499999999995));
#8387=CARTESIAN_POINT('Ctrl Pts',(-10.2300549623544,6.88734284647367,23.0130771061748));
#8388=CARTESIAN_POINT('Ctrl Pts',(-10.2223167583252,6.90643785866819,22.9745229407999));
#8389=CARTESIAN_POINT('Ctrl Pts',(-10.1940729242281,6.97423091020466,22.8119266471059));
#8390=CARTESIAN_POINT('Ctrl Pts',(-10.1817424229271,7.,22.67734411422));
#8391=CARTESIAN_POINT('Ctrl Pts',(-10.1817424229271,7.,22.42265588578));
#8392=CARTESIAN_POINT('Ctrl Pts',(-10.1940729242281,6.97423091020466,22.2880733528941));
#8393=CARTESIAN_POINT('Ctrl Pts',(-10.2367713902334,6.87174272476671,22.0422635136561));
#8394=CARTESIAN_POINT('Ctrl Pts',(-10.2663437799423,6.79508617224346,21.9308726098704));
#8395=CARTESIAN_POINT('Ctrl Pts',(-10.320561418492,6.61923370421811,21.755020141845));
#8396=CARTESIAN_POINT('Ctrl Pts',(-10.3489699777738,6.5078031794668,21.6782833271811));
#8397=CARTESIAN_POINT('Ctrl Pts',(-10.3889256419544,6.26183640927636,21.5757332212574));
#8398=CARTESIAN_POINT('Ctrl Pts',(-10.4,6.12719023189294,21.55));
#8399=CARTESIAN_POINT('Ctrl Pts',(-10.4,5.87280976810706,21.55));
#8400=CARTESIAN_POINT('Ctrl Pts',(-10.3889256419544,5.73816359072365,21.5757332212574));
#8401=CARTESIAN_POINT('Ctrl Pts',(-10.3489699777738,5.4921968205332,21.6782833271811));
#8402=CARTESIAN_POINT('Ctrl Pts',(-10.320561418492,5.38076629578189,21.755020141845));
#8403=CARTESIAN_POINT('Ctrl Pts',(-10.2663437799423,5.20491382775654,21.9308726098704));
#8404=CARTESIAN_POINT('Ctrl Pts',(-10.2367713902334,5.12825727523329,22.0422635136561));
#8405=CARTESIAN_POINT('Ctrl Pts',(-10.1940729242281,5.02576908979535,22.2880733528941));
#8406=CARTESIAN_POINT('Ctrl Pts',(-10.1817424229271,5.,22.42265588578));
#8407=CARTESIAN_POINT('Ctrl Pts',(-10.1817424229271,5.,22.55));
#8408=CARTESIAN_POINT('',(-5.73149217545983,5.21650000000001,22.55));
#8409=CARTESIAN_POINT('',(-5.73149217545983,6.78350000000001,22.55));
#8410=CARTESIAN_POINT('Ctrl Pts',(-5.73149217545983,5.21650000000001,22.55));
#8411=CARTESIAN_POINT('Ctrl Pts',(-5.73149217545983,5.21650000000001,22.6491896131106));
#8412=CARTESIAN_POINT('Ctrl Pts',(-5.72430372268082,5.23647265641566,22.7544442116101));
#8413=CARTESIAN_POINT('Ctrl Pts',(-5.69895812696773,5.3166452118547,22.9472376784961));
#8414=CARTESIAN_POINT('Ctrl Pts',(-5.68123111199274,5.37681079132638,23.0348471174457));
#8415=CARTESIAN_POINT('Ctrl Pts',(-5.64841661103437,5.51512350218962,23.1731598283089));
#8416=CARTESIAN_POINT('Ctrl Pts',(-5.63111141293463,5.6027446945845,23.2333480554812));
#8417=CARTESIAN_POINT('Ctrl Pts',(-5.60674739803536,5.79558156014835,23.31353746323));
#8418=CARTESIAN_POINT('Ctrl Pts',(-5.6,5.9008525176246,23.3335));
#8419=CARTESIAN_POINT('Ctrl Pts',(-5.6,6.09914748237541,23.3335));
#8420=CARTESIAN_POINT('Ctrl Pts',(-5.60674739803536,6.20441843985166,23.31353746323));
#8421=CARTESIAN_POINT('Ctrl Pts',(-5.63111141293463,6.3972553054155,23.2333480554812));
#8422=CARTESIAN_POINT('Ctrl Pts',(-5.64841661103437,6.48487649781039,23.1731598283089));
#8423=CARTESIAN_POINT('Ctrl Pts',(-5.68123111199274,6.62318920867363,23.0348471174457));
#8424=CARTESIAN_POINT('Ctrl Pts',(-5.69895812696773,6.6833547881453,22.9472376784961));
#8425=CARTESIAN_POINT('Ctrl Pts',(-5.72430372268082,6.76352734358435,22.7544442116101));
#8426=CARTESIAN_POINT('Ctrl Pts',(-5.73149217545983,6.78350000000001,22.6491896131106));
#8427=CARTESIAN_POINT('Ctrl Pts',(-5.73149217545983,6.78350000000001,22.55));
#8428=CARTESIAN_POINT('Ctrl Pts',(-5.73149217545983,6.78350000000001,22.55));
#8429=CARTESIAN_POINT('Ctrl Pts',(-5.73149217545983,6.78350000000001,22.4508103868894));
#8430=CARTESIAN_POINT('Ctrl Pts',(-5.72430372268082,6.76352734358435,22.34555578839));
#8431=CARTESIAN_POINT('Ctrl Pts',(-5.69895812696773,6.6833547881453,22.1527623215039));
#8432=CARTESIAN_POINT('Ctrl Pts',(-5.68123111199274,6.62318920867363,22.0651528825543));
#8433=CARTESIAN_POINT('Ctrl Pts',(-5.64841661103437,6.48487649781039,21.9268401716911));
#8434=CARTESIAN_POINT('Ctrl Pts',(-5.63111141293463,6.3972553054155,21.8666519445188));
#8435=CARTESIAN_POINT('Ctrl Pts',(-5.60674739803536,6.20441843985166,21.78646253677));
#8436=CARTESIAN_POINT('Ctrl Pts',(-5.6,6.09914748237541,21.7665));
#8437=CARTESIAN_POINT('Ctrl Pts',(-5.6,5.9008525176246,21.7665));
#8438=CARTESIAN_POINT('Ctrl Pts',(-5.60674739803536,5.79558156014835,21.78646253677));
#8439=CARTESIAN_POINT('Ctrl Pts',(-5.63111141293463,5.60274469458451,21.8666519445188));
#8440=CARTESIAN_POINT('Ctrl Pts',(-5.64841661103437,5.51512350218962,21.9268401716911));
#8441=CARTESIAN_POINT('Ctrl Pts',(-5.68123111199274,5.37681079132638,22.0651528825543));
#8442=CARTESIAN_POINT('Ctrl Pts',(-5.69895812696773,5.31664521185471,22.1527623215039));
#8443=CARTESIAN_POINT('Ctrl Pts',(-5.72430372268082,5.23647265641566,22.34555578839));
#8444=CARTESIAN_POINT('Ctrl Pts',(-5.73149217545983,5.21650000000001,22.4508103868894));
#8445=CARTESIAN_POINT('Ctrl Pts',(-5.73149217545983,5.21650000000001,22.55));
#8446=CARTESIAN_POINT('Origin',(-0.284170819947583,6.00000000000001,22.55));
#8447=CARTESIAN_POINT('',(-9.08349999999998,6.78350000000001,22.55));
#8448=CARTESIAN_POINT('',(-0.284170819947583,6.78350000000001,22.55));
#8449=CARTESIAN_POINT('',(-9.08349999999998,5.3214690961349,22.15825));
#8450=CARTESIAN_POINT('Origin',(-9.08349999999998,6.00000000000001,22.55));
#8451=CARTESIAN_POINT('Origin',(-9.08349999999998,6.00000000000001,22.55));
#8452=CARTESIAN_POINT('',(-8.,6.55,21.9919926075758));
#8453=CARTESIAN_POINT('',(-8.,5.45,21.9919926075759));
#8454=CARTESIAN_POINT('Ctrl Pts',(-8.,6.55000000000001,21.9919926075759));
#8455=CARTESIAN_POINT('Ctrl Pts',(-8.07290122427608,6.55000000000001,21.9919926075759));
#8456=CARTESIAN_POINT('Ctrl Pts',(-8.14719454380347,6.53490063157403,21.9763010173015));
#8457=CARTESIAN_POINT('Ctrl Pts',(-8.281116046113,6.47828742528751,21.9283166332234));
#8458=CARTESIAN_POINT('Ctrl Pts',(-8.34111816383725,6.43669929546796,21.8971626346035));
#8459=CARTESIAN_POINT('Ctrl Pts',(-8.4360066330634,6.34181082624182,21.8429066219258));
#8460=CARTESIAN_POINT('Ctrl Pts',(-8.47803622009407,6.28168388429506,21.81553099261));
#8461=CARTESIAN_POINT('Ctrl Pts',(-8.53509227105938,6.14676758368374,21.7771806011496));
#8462=CARTESIAN_POINT('Ctrl Pts',(-8.55,6.07184461537345,21.7665));
#8463=CARTESIAN_POINT('Ctrl Pts',(-8.55,5.92815538462656,21.7665));
#8464=CARTESIAN_POINT('Ctrl Pts',(-8.53509227105938,5.85323241631627,21.7771806011496));
#8465=CARTESIAN_POINT('Ctrl Pts',(-8.47803622009407,5.71831611570495,21.81553099261));
#8466=CARTESIAN_POINT('Ctrl Pts',(-8.4360066330634,5.65818917375819,21.8429066219258));
#8467=CARTESIAN_POINT('Ctrl Pts',(-8.34111816383725,5.56330070453205,21.8971626346035));
#8468=CARTESIAN_POINT('Ctrl Pts',(-8.281116046113,5.52171257471251,21.9283166332234));
#8469=CARTESIAN_POINT('Ctrl Pts',(-8.14719454380347,5.46509936842598,21.9763010173015));
#8470=CARTESIAN_POINT('Ctrl Pts',(-8.07290122427608,5.45,21.9919926075759));
#8471=CARTESIAN_POINT('Ctrl Pts',(-8.00000000000001,5.45,21.9919926075759));
#8472=CARTESIAN_POINT('Ctrl Pts',(-8.00000000000001,5.45,21.9919926075759));
#8473=CARTESIAN_POINT('Ctrl Pts',(-7.92709877572393,5.45,21.9919926075759));
#8474=CARTESIAN_POINT('Ctrl Pts',(-7.85280545619654,5.46509936842598,21.9763010173015));
#8475=CARTESIAN_POINT('Ctrl Pts',(-7.71888395388701,5.52171257471251,21.9283166332234));
#8476=CARTESIAN_POINT('Ctrl Pts',(-7.65888183616275,5.56330070453205,21.8971626346035));
#8477=CARTESIAN_POINT('Ctrl Pts',(-7.56399336693661,5.65818917375819,21.8429066219258));
#8478=CARTESIAN_POINT('Ctrl Pts',(-7.52196377990594,5.71831611570495,21.81553099261));
#8479=CARTESIAN_POINT('Ctrl Pts',(-7.46490772894063,5.85323241631627,21.7771806011496));
#8480=CARTESIAN_POINT('Ctrl Pts',(-7.45,5.92815538462656,21.7665));
#8481=CARTESIAN_POINT('Ctrl Pts',(-7.45,6.07184461537345,21.7665));
#8482=CARTESIAN_POINT('Ctrl Pts',(-7.46490772894063,6.14676758368374,21.7771806011496));
#8483=CARTESIAN_POINT('Ctrl Pts',(-7.52196377990594,6.28168388429506,21.81553099261));
#8484=CARTESIAN_POINT('Ctrl Pts',(-7.56399336693661,6.34181082624182,21.8429066219258));
#8485=CARTESIAN_POINT('Ctrl Pts',(-7.65888183616275,6.43669929546796,21.8971626346035));
#8486=CARTESIAN_POINT('Ctrl Pts',(-7.71888395388701,6.47828742528751,21.9283166332234));
#8487=CARTESIAN_POINT('Ctrl Pts',(-7.85280545619654,6.53490063157403,21.9763010173015));
#8488=CARTESIAN_POINT('Ctrl Pts',(-7.92709877572393,6.55000000000001,21.9919926075759));
#8489=CARTESIAN_POINT('Ctrl Pts',(-8.,6.55000000000001,21.9919926075759));
#8490=CARTESIAN_POINT('',(-8.,6.55,23.1080073924242));
#8491=CARTESIAN_POINT('',(-8.,5.45,23.1080073924242));
#8492=CARTESIAN_POINT('Ctrl Pts',(-8.,6.55000000000001,23.1080073924242));
#8493=CARTESIAN_POINT('Ctrl Pts',(-7.92709877572393,6.55000000000001,23.1080073924242));
#8494=CARTESIAN_POINT('Ctrl Pts',(-7.85280545619654,6.53490063157403,23.1236989826985));
#8495=CARTESIAN_POINT('Ctrl Pts',(-7.71888395388701,6.47828742528751,23.1716833667766));
#8496=CARTESIAN_POINT('Ctrl Pts',(-7.65888183616275,6.43669929546796,23.2028373653965));
#8497=CARTESIAN_POINT('Ctrl Pts',(-7.56399336693661,6.34181082624182,23.2570933780742));
#8498=CARTESIAN_POINT('Ctrl Pts',(-7.52196377990594,6.28168388429506,23.28446900739));
#8499=CARTESIAN_POINT('Ctrl Pts',(-7.46490772894063,6.14676758368374,23.3228193988504));
#8500=CARTESIAN_POINT('Ctrl Pts',(-7.45,6.07184461537345,23.3335));
#8501=CARTESIAN_POINT('Ctrl Pts',(-7.45,5.92815538462656,23.3335));
#8502=CARTESIAN_POINT('Ctrl Pts',(-7.46490772894063,5.85323241631627,23.3228193988504));
#8503=CARTESIAN_POINT('Ctrl Pts',(-7.52196377990594,5.71831611570495,23.28446900739));
#8504=CARTESIAN_POINT('Ctrl Pts',(-7.56399336693661,5.65818917375819,23.2570933780742));
#8505=CARTESIAN_POINT('Ctrl Pts',(-7.65888183616275,5.56330070453205,23.2028373653965));
#8506=CARTESIAN_POINT('Ctrl Pts',(-7.71888395388701,5.52171257471251,23.1716833667766));
#8507=CARTESIAN_POINT('Ctrl Pts',(-7.85280545619654,5.46509936842598,23.1236989826985));
#8508=CARTESIAN_POINT('Ctrl Pts',(-7.92709877572393,5.45,23.1080073924242));
#8509=CARTESIAN_POINT('Ctrl Pts',(-8.,5.45,23.1080073924242));
#8510=CARTESIAN_POINT('Ctrl Pts',(-8.,5.45,23.1080073924242));
#8511=CARTESIAN_POINT('Ctrl Pts',(-8.07290122427608,5.45,23.1080073924242));
#8512=CARTESIAN_POINT('Ctrl Pts',(-8.14719454380347,5.46509936842598,23.1236989826985));
#8513=CARTESIAN_POINT('Ctrl Pts',(-8.281116046113,5.52171257471251,23.1716833667766));
#8514=CARTESIAN_POINT('Ctrl Pts',(-8.34111816383725,5.56330070453205,23.2028373653965));
#8515=CARTESIAN_POINT('Ctrl Pts',(-8.4360066330634,5.65818917375819,23.2570933780742));
#8516=CARTESIAN_POINT('Ctrl Pts',(-8.47803622009407,5.71831611570495,23.28446900739));
#8517=CARTESIAN_POINT('Ctrl Pts',(-8.53509227105938,5.85323241631627,23.3228193988504));
#8518=CARTESIAN_POINT('Ctrl Pts',(-8.55,5.92815538462656,23.3335));
#8519=CARTESIAN_POINT('Ctrl Pts',(-8.55,6.07184461537345,23.3335));
#8520=CARTESIAN_POINT('Ctrl Pts',(-8.53509227105938,6.14676758368374,23.3228193988504));
#8521=CARTESIAN_POINT('Ctrl Pts',(-8.47803622009407,6.28168388429507,23.28446900739));
#8522=CARTESIAN_POINT('Ctrl Pts',(-8.4360066330634,6.34181082624182,23.2570933780742));
#8523=CARTESIAN_POINT('Ctrl Pts',(-8.34111816383725,6.43669929546796,23.2028373653965));
#8524=CARTESIAN_POINT('Ctrl Pts',(-8.281116046113,6.47828742528751,23.1716833667766));
#8525=CARTESIAN_POINT('Ctrl Pts',(-8.14719454380347,6.53490063157403,23.1236989826985));
#8526=CARTESIAN_POINT('Ctrl Pts',(-8.07290122427608,6.55000000000001,23.1080073924242));
#8527=CARTESIAN_POINT('Ctrl Pts',(-8.,6.55000000000001,23.1080073924242));
#8528=CARTESIAN_POINT('Origin',(-8.,6.00000000000001,16.8));
#8529=CARTESIAN_POINT('',(-8.,5.45,17.25));
#8530=CARTESIAN_POINT('Origin',(-8.,6.00000000000001,17.25));
#8531=CARTESIAN_POINT('',(-8.,5.25,17.05));
#8532=CARTESIAN_POINT('',(-8.,5.00000000000001,16.8));
#8533=CARTESIAN_POINT('Origin',(-8.,6.00000000000001,17.05));
#8534=CARTESIAN_POINT('Origin',(-8.,6.00000000000001,17.05));
#8535=CARTESIAN_POINT('',(-8.,8.2,17.05));
#8536=CARTESIAN_POINT('Origin',(-8.,6.00000000000001,17.05));
#8537=CARTESIAN_POINT('Origin',(-8.,6.00000000000001,14.4341708199476));
#8538=CARTESIAN_POINT('',(-8.,5.45,14.4341708199476));
#8539=CARTESIAN_POINT('Origin',(-8.,6.00000000000001,17.15));
#8540=CARTESIAN_POINT('',(-8.,8.3,17.15));
#8541=CARTESIAN_POINT('Origin',(-8.,6.00000000000001,24.8));
#8542=CARTESIAN_POINT('',(-8.,6.55,24.35));
#8543=CARTESIAN_POINT('',(-8.,5.45,24.35));
#8544=CARTESIAN_POINT('Origin',(-8.,6.00000000000001,24.35));
#8545=CARTESIAN_POINT('Origin',(-8.,6.00000000000001,24.35));
#8546=CARTESIAN_POINT('',(-8.,6.75000000000001,24.55));
#8547=CARTESIAN_POINT('',(-8.,7.00000000000001,24.8));
#8548=CARTESIAN_POINT('Origin',(-8.,6.00000000000001,24.55));
#8549=CARTESIAN_POINT('Origin',(-8.,6.00000000000001,24.55));
#8550=CARTESIAN_POINT('',(-8.,8.2,24.55));
#8551=CARTESIAN_POINT('Origin',(-8.,6.00000000000001,24.55));
#8552=CARTESIAN_POINT('Origin',(-8.,6.00000000000001,14.4341708199476));
#8553=CARTESIAN_POINT('',(-8.,5.45,14.4341708199476));
#8554=CARTESIAN_POINT('Origin',(-8.,6.00000000000001,24.45));
#8555=CARTESIAN_POINT('',(-8.,8.3,24.45));
#8556=CARTESIAN_POINT('Origin',(-8.,6.00000000000001,14.4341708199476));
#8557=CARTESIAN_POINT('',(-8.,5.45,14.4341708199476));
#8558=CARTESIAN_POINT('Origin',(-12.30462,6.,22.55));
#8559=CARTESIAN_POINT('',(-12.30462,5.13397459621557,22.05));
#8560=CARTESIAN_POINT('',(-12.30462,6.86602540378444,23.05));
#8561=CARTESIAN_POINT('Origin',(-12.30462,6.,22.55));
#8562=CARTESIAN_POINT('Origin',(-12.30462,6.,22.55));
#8563=CARTESIAN_POINT('',(-12.55,5.34647990979619,22.17269));
#8564=CARTESIAN_POINT('',(-12.30462,5.13397459621557,22.05));
#8565=CARTESIAN_POINT('Origin',(-12.55,6.,22.55));
#8566=CARTESIAN_POINT('Origin',(-10.55,6.,22.55));
#8567=CARTESIAN_POINT('',(-10.55,6.86602540378444,23.05));
#8568=CARTESIAN_POINT('Origin',(-12.55,6.,22.55));
#8569=CARTESIAN_POINT('',(-12.55,6.,23.0696152422707));
#8570=CARTESIAN_POINT('',(-12.55,5.55000000000001,22.8098076211353));
#8571=CARTESIAN_POINT('',(-12.55,6.,23.0696152422707));
#8572=CARTESIAN_POINT('',(-12.55,5.55000000000001,22.2901923788647));
#8573=CARTESIAN_POINT('',(-12.55,5.55000000000001,22.8098076211353));
#8574=CARTESIAN_POINT('',(-12.55,6.00000000000001,22.0303847577294));
#8575=CARTESIAN_POINT('',(-12.55,5.55000000000001,22.2901923788647));
#8576=CARTESIAN_POINT('',(-12.55,6.45,22.2901923788647));
#8577=CARTESIAN_POINT('',(-12.55,6.00000000000001,22.0303847577294));
#8578=CARTESIAN_POINT('',(-12.55,6.45,22.8098076211353));
#8579=CARTESIAN_POINT('',(-12.55,6.45,22.2901923788647));
#8580=CARTESIAN_POINT('',(-12.55,6.45,22.8098076211353));
#8581=CARTESIAN_POINT('Origin',(-9.29999999999998,6.,22.55));
#8582=CARTESIAN_POINT('',(-8.54999999999998,5.78349364905389,22.425));
#8583=CARTESIAN_POINT('',(-9.29999999999998,5.13397459621557,22.05));
#8584=CARTESIAN_POINT('Origin',(-8.54999999999998,6.,22.55));
#8585=CARTESIAN_POINT('Origin',(-8.54999999999998,5.56698729810779,22.3));
#8586=CARTESIAN_POINT('Origin',(-12.55,6.45,22.8098076211353));
#8587=CARTESIAN_POINT('',(-10.85,6.45,22.8098076211353));
#8588=CARTESIAN_POINT('',(-10.85,6.45,22.2901923788647));
#8589=CARTESIAN_POINT('Ctrl Pts',(-10.85,6.45,22.8098076211353));
#8590=CARTESIAN_POINT('Ctrl Pts',(-10.775,6.45,22.55));
#8591=CARTESIAN_POINT('Ctrl Pts',(-10.85,6.45,22.2901923788647));
#8592=CARTESIAN_POINT('',(-10.85,6.45,22.8098076211353));
#8593=CARTESIAN_POINT('',(-10.85,6.45,22.2901923788647));
#8594=CARTESIAN_POINT('Origin',(-12.55,6.45,22.2901923788647));
#8595=CARTESIAN_POINT('',(-10.85,6.00000000000001,22.0303847577294));
#8596=CARTESIAN_POINT('Ctrl Pts',(-10.85,6.45,22.2901923788647));
#8597=CARTESIAN_POINT('Ctrl Pts',(-10.775,6.225,22.160288568297));
#8598=CARTESIAN_POINT('Ctrl Pts',(-10.85,6.00000000000001,22.0303847577294));
#8599=CARTESIAN_POINT('',(-10.85,6.00000000000001,22.0303847577294));
#8600=CARTESIAN_POINT('Origin',(-12.55,6.,23.0696152422707));
#8601=CARTESIAN_POINT('',(-10.85,6.,23.0696152422707));
#8602=CARTESIAN_POINT('Ctrl Pts',(-10.85,6.,23.0696152422707));
#8603=CARTESIAN_POINT('Ctrl Pts',(-10.775,6.225,22.939711431703));
#8604=CARTESIAN_POINT('Ctrl Pts',(-10.85,6.45,22.8098076211353));
#8605=CARTESIAN_POINT('',(-12.55,6.,23.0696152422707));
#8606=CARTESIAN_POINT('Origin',(-12.55,6.00000000000001,22.0303847577294));
#8607=CARTESIAN_POINT('',(-10.85,5.55000000000001,22.2901923788647));
#8608=CARTESIAN_POINT('Ctrl Pts',(-10.85,6.00000000000001,22.0303847577294));
#8609=CARTESIAN_POINT('Ctrl Pts',(-10.775,5.77500000000001,22.160288568297));
#8610=CARTESIAN_POINT('Ctrl Pts',(-10.85,5.55000000000001,22.2901923788647));
#8611=CARTESIAN_POINT('',(-10.85,5.55000000000001,22.2901923788647));
#8612=CARTESIAN_POINT('Origin',(-12.55,5.55000000000001,22.8098076211353));
#8613=CARTESIAN_POINT('',(-10.85,5.55000000000001,22.8098076211353));
#8614=CARTESIAN_POINT('Ctrl Pts',(-10.85,5.55000000000001,22.8098076211353));
#8615=CARTESIAN_POINT('Ctrl Pts',(-10.775,5.775,22.939711431703));
#8616=CARTESIAN_POINT('Ctrl Pts',(-10.85,6.,23.0696152422707));
#8617=CARTESIAN_POINT('',(-10.85,5.55000000000001,22.8098076211353));
#8618=CARTESIAN_POINT('Origin',(-12.55,5.55000000000001,22.2901923788647));
#8619=CARTESIAN_POINT('Ctrl Pts',(-10.85,5.55000000000001,22.2901923788647));
#8620=CARTESIAN_POINT('Ctrl Pts',(-10.775,5.55000000000001,22.55));
#8621=CARTESIAN_POINT('Ctrl Pts',(-10.85,5.55000000000001,22.8098076211353));
#8622=CARTESIAN_POINT('Origin',(-11.1273502691896,6.,22.55));
#8623=CARTESIAN_POINT('',(-10.55,6.,22.55));
#8624=CARTESIAN_POINT('',(-11.1273502691896,6.86602540378444,23.05));
#8625=CARTESIAN_POINT('Origin',(-12.30462,6.,19.05));
#8626=CARTESIAN_POINT('',(-12.30462,5.13397459621556,18.55));
#8627=CARTESIAN_POINT('',(-12.30462,6.86602540378444,19.55));
#8628=CARTESIAN_POINT('Origin',(-12.30462,6.,19.05));
#8629=CARTESIAN_POINT('Origin',(-12.30462,6.,19.05));
#8630=CARTESIAN_POINT('',(-12.55,5.34647990979619,18.67269));
#8631=CARTESIAN_POINT('',(-12.30462,5.13397459621556,18.55));
#8632=CARTESIAN_POINT('Origin',(-12.55,6.,19.05));
#8633=CARTESIAN_POINT('Origin',(-10.55,6.,19.05));
#8634=CARTESIAN_POINT('',(-10.55,6.86602540378444,19.55));
#8635=CARTESIAN_POINT('Origin',(-12.55,6.,19.05));
#8636=CARTESIAN_POINT('',(-12.55,6.00000000000001,19.5696152422707));
#8637=CARTESIAN_POINT('',(-12.55,5.55000000000001,19.3098076211353));
#8638=CARTESIAN_POINT('',(-12.55,6.00000000000001,19.5696152422707));
#8639=CARTESIAN_POINT('',(-12.55,5.55000000000001,18.7901923788647));
#8640=CARTESIAN_POINT('',(-12.55,5.55000000000001,19.3098076211353));
#8641=CARTESIAN_POINT('',(-12.55,6.,18.5303847577293));
#8642=CARTESIAN_POINT('',(-12.55,5.55000000000001,18.7901923788647));
#8643=CARTESIAN_POINT('',(-12.55,6.45,18.7901923788647));
#8644=CARTESIAN_POINT('',(-12.55,6.,18.5303847577293));
#8645=CARTESIAN_POINT('',(-12.55,6.45,19.3098076211353));
#8646=CARTESIAN_POINT('',(-12.55,6.45,18.7901923788647));
#8647=CARTESIAN_POINT('',(-12.55,6.45,19.3098076211353));
#8648=CARTESIAN_POINT('Origin',(-9.29999999999999,6.,19.05));
#8649=CARTESIAN_POINT('',(-8.54999999999999,5.78349364905389,18.925));
#8650=CARTESIAN_POINT('',(-9.29999999999999,5.13397459621556,18.55));
#8651=CARTESIAN_POINT('Origin',(-8.54999999999999,6.,19.05));
#8652=CARTESIAN_POINT('Origin',(-8.54999999999999,5.56698729810778,18.8));
#8653=CARTESIAN_POINT('Origin',(-12.55,6.45,19.3098076211353));
#8654=CARTESIAN_POINT('',(-10.85,6.45,19.3098076211353));
#8655=CARTESIAN_POINT('',(-10.85,6.45,18.7901923788647));
#8656=CARTESIAN_POINT('Ctrl Pts',(-10.85,6.45,19.3098076211353));
#8657=CARTESIAN_POINT('Ctrl Pts',(-10.775,6.45,19.05));
#8658=CARTESIAN_POINT('Ctrl Pts',(-10.85,6.45,18.7901923788647));
#8659=CARTESIAN_POINT('',(-10.85,6.45,19.3098076211353));
#8660=CARTESIAN_POINT('',(-10.85,6.45,18.7901923788647));
#8661=CARTESIAN_POINT('Origin',(-12.55,6.45,18.7901923788647));
#8662=CARTESIAN_POINT('',(-10.85,6.,18.5303847577293));
#8663=CARTESIAN_POINT('Ctrl Pts',(-10.85,6.45,18.7901923788647));
#8664=CARTESIAN_POINT('Ctrl Pts',(-10.775,6.225,18.660288568297));
#8665=CARTESIAN_POINT('Ctrl Pts',(-10.85,6.,18.5303847577293));
#8666=CARTESIAN_POINT('',(-10.85,6.,18.5303847577293));
#8667=CARTESIAN_POINT('Origin',(-12.55,6.00000000000001,19.5696152422707));
#8668=CARTESIAN_POINT('',(-10.85,6.00000000000001,19.5696152422707));
#8669=CARTESIAN_POINT('Ctrl Pts',(-10.85,6.00000000000001,19.5696152422707));
#8670=CARTESIAN_POINT('Ctrl Pts',(-10.775,6.225,19.439711431703));
#8671=CARTESIAN_POINT('Ctrl Pts',(-10.85,6.45,19.3098076211353));
#8672=CARTESIAN_POINT('',(-12.55,6.00000000000001,19.5696152422707));
#8673=CARTESIAN_POINT('Origin',(-12.55,6.,18.5303847577293));
#8674=CARTESIAN_POINT('',(-10.85,5.55000000000001,18.7901923788647));
#8675=CARTESIAN_POINT('Ctrl Pts',(-10.85,6.,18.5303847577293));
#8676=CARTESIAN_POINT('Ctrl Pts',(-10.775,5.775,18.660288568297));
#8677=CARTESIAN_POINT('Ctrl Pts',(-10.85,5.55000000000001,18.7901923788647));
#8678=CARTESIAN_POINT('',(-10.85,5.55000000000001,18.7901923788647));
#8679=CARTESIAN_POINT('Origin',(-12.55,5.55000000000001,19.3098076211353));
#8680=CARTESIAN_POINT('',(-10.85,5.55000000000001,19.3098076211353));
#8681=CARTESIAN_POINT('Ctrl Pts',(-10.85,5.55000000000001,19.3098076211353));
#8682=CARTESIAN_POINT('Ctrl Pts',(-10.775,5.77500000000001,19.439711431703));
#8683=CARTESIAN_POINT('Ctrl Pts',(-10.85,6.00000000000001,19.5696152422707));
#8684=CARTESIAN_POINT('',(-10.85,5.55000000000001,19.3098076211353));
#8685=CARTESIAN_POINT('Origin',(-12.55,5.55000000000001,18.7901923788647));
#8686=CARTESIAN_POINT('Ctrl Pts',(-10.85,5.55000000000001,18.7901923788647));
#8687=CARTESIAN_POINT('Ctrl Pts',(-10.775,5.55000000000001,19.05));
#8688=CARTESIAN_POINT('Ctrl Pts',(-10.85,5.55000000000001,19.3098076211353));
#8689=CARTESIAN_POINT('Origin',(-11.1273502691896,6.,19.05));
#8690=CARTESIAN_POINT('',(-10.55,6.,19.05));
#8691=CARTESIAN_POINT('',(-11.1273502691896,6.86602540378444,19.55));
#8692=CARTESIAN_POINT('Origin',(-0.284170819947583,-6.,22.55));
#8693=CARTESIAN_POINT('',(-5.73149217545983,-6.7835,22.55));
#8694=CARTESIAN_POINT('',(-5.73149217545983,-5.2165,22.55));
#8695=CARTESIAN_POINT('Ctrl Pts',(-5.73149217545983,-6.7835,22.55));
#8696=CARTESIAN_POINT('Ctrl Pts',(-5.73149217545983,-6.7835,22.6491896131106));
#8697=CARTESIAN_POINT('Ctrl Pts',(-5.72430372268082,-6.76352734358434,22.75444421161));
#8698=CARTESIAN_POINT('Ctrl Pts',(-5.69895812696773,-6.6833547881453,22.9472376784961));
#8699=CARTESIAN_POINT('Ctrl Pts',(-5.68123111199274,-6.62318920867363,23.0348471174457));
#8700=CARTESIAN_POINT('Ctrl Pts',(-5.64841661103437,-6.48487649781038,23.1731598283089));
#8701=CARTESIAN_POINT('Ctrl Pts',(-5.63111141293463,-6.3972553054155,23.2333480554812));
#8702=CARTESIAN_POINT('Ctrl Pts',(-5.60674739803536,-6.20441843985166,23.31353746323));
#8703=CARTESIAN_POINT('Ctrl Pts',(-5.6,-6.09914748237541,23.3335));
#8704=CARTESIAN_POINT('Ctrl Pts',(-5.6,-5.9008525176246,23.3335));
#8705=CARTESIAN_POINT('Ctrl Pts',(-5.60674739803536,-5.79558156014835,23.31353746323));
#8706=CARTESIAN_POINT('Ctrl Pts',(-5.63111141293463,-5.6027446945845,23.2333480554812));
#8707=CARTESIAN_POINT('Ctrl Pts',(-5.64841661103437,-5.51512350218962,23.1731598283089));
#8708=CARTESIAN_POINT('Ctrl Pts',(-5.68123111199274,-5.37681079132638,23.0348471174457));
#8709=CARTESIAN_POINT('Ctrl Pts',(-5.69895812696773,-5.3166452118547,22.9472376784961));
#8710=CARTESIAN_POINT('Ctrl Pts',(-5.72430372268082,-5.23647265641566,22.75444421161));
#8711=CARTESIAN_POINT('Ctrl Pts',(-5.73149217545983,-5.2165,22.6491896131106));
#8712=CARTESIAN_POINT('Ctrl Pts',(-5.73149217545983,-5.2165,22.55));
#8713=CARTESIAN_POINT('Ctrl Pts',(-5.73149217545983,-5.2165,22.55));
#8714=CARTESIAN_POINT('Ctrl Pts',(-5.73149217545983,-5.2165,22.4508103868894));
#8715=CARTESIAN_POINT('Ctrl Pts',(-5.72430372268082,-5.23647265641566,22.3455557883899));
#8716=CARTESIAN_POINT('Ctrl Pts',(-5.69895812696773,-5.3166452118547,22.1527623215039));
#8717=CARTESIAN_POINT('Ctrl Pts',(-5.68123111199274,-5.37681079132638,22.0651528825543));
#8718=CARTESIAN_POINT('Ctrl Pts',(-5.64841661103437,-5.51512350218962,21.9268401716911));
#8719=CARTESIAN_POINT('Ctrl Pts',(-5.63111141293463,-5.6027446945845,21.8666519445188));
#8720=CARTESIAN_POINT('Ctrl Pts',(-5.60674739803536,-5.79558156014835,21.78646253677));
#8721=CARTESIAN_POINT('Ctrl Pts',(-5.6,-5.9008525176246,21.7665));
#8722=CARTESIAN_POINT('Ctrl Pts',(-5.6,-6.09914748237541,21.7665));
#8723=CARTESIAN_POINT('Ctrl Pts',(-5.60674739803536,-6.20441843985166,21.78646253677));
#8724=CARTESIAN_POINT('Ctrl Pts',(-5.63111141293463,-6.3972553054155,21.8666519445188));
#8725=CARTESIAN_POINT('Ctrl Pts',(-5.64841661103437,-6.48487649781038,21.9268401716911));
#8726=CARTESIAN_POINT('Ctrl Pts',(-5.68123111199274,-6.62318920867363,22.0651528825543));
#8727=CARTESIAN_POINT('Ctrl Pts',(-5.69895812696773,-6.6833547881453,22.1527623215039));
#8728=CARTESIAN_POINT('Ctrl Pts',(-5.72430372268082,-6.76352734358434,22.3455557883899));
#8729=CARTESIAN_POINT('Ctrl Pts',(-5.73149217545983,-6.7835,22.4508103868894));
#8730=CARTESIAN_POINT('Ctrl Pts',(-5.73149217545983,-6.7835,22.55));
#8731=CARTESIAN_POINT('',(-9.0835,-5.2165,22.55));
#8732=CARTESIAN_POINT('',(-0.284170819947583,-5.2165,22.55));
#8733=CARTESIAN_POINT('',(-9.08350000000002,-6.67853090386511,22.15825));
#8734=CARTESIAN_POINT('Origin',(-9.0835,-6.,22.55));
#8735=CARTESIAN_POINT('Origin',(-9.0835,-6.,22.55));
#8736=CARTESIAN_POINT('',(-8.,-5.45,21.9919926075758));
#8737=CARTESIAN_POINT('',(-8.,-6.55,21.9919926075758));
#8738=CARTESIAN_POINT('Ctrl Pts',(-8.,-5.45,21.9919926075758));
#8739=CARTESIAN_POINT('Ctrl Pts',(-8.07290122427608,-5.45,21.9919926075758));
#8740=CARTESIAN_POINT('Ctrl Pts',(-8.14719454380347,-5.46509936842598,21.9763010173015));
#8741=CARTESIAN_POINT('Ctrl Pts',(-8.281116046113,-5.5217125747125,21.9283166332234));
#8742=CARTESIAN_POINT('Ctrl Pts',(-8.34111816383725,-5.56330070453205,21.8971626346035));
#8743=CARTESIAN_POINT('Ctrl Pts',(-8.4360066330634,-5.65818917375819,21.8429066219258));
#8744=CARTESIAN_POINT('Ctrl Pts',(-8.47803622009407,-5.71831611570494,21.81553099261));
#8745=CARTESIAN_POINT('Ctrl Pts',(-8.53509227105938,-5.85323241631627,21.7771806011496));
#8746=CARTESIAN_POINT('Ctrl Pts',(-8.55,-5.92815538462656,21.7665));
#8747=CARTESIAN_POINT('Ctrl Pts',(-8.55,-6.07184461537345,21.7665));
#8748=CARTESIAN_POINT('Ctrl Pts',(-8.53509227105938,-6.14676758368374,21.7771806011496));
#8749=CARTESIAN_POINT('Ctrl Pts',(-8.47803622009407,-6.28168388429506,21.81553099261));
#8750=CARTESIAN_POINT('Ctrl Pts',(-8.4360066330634,-6.34181082624181,21.8429066219258));
#8751=CARTESIAN_POINT('Ctrl Pts',(-8.34111816383725,-6.43669929546795,21.8971626346035));
#8752=CARTESIAN_POINT('Ctrl Pts',(-8.281116046113,-6.4782874252875,21.9283166332234));
#8753=CARTESIAN_POINT('Ctrl Pts',(-8.14719454380347,-6.53490063157403,21.9763010173015));
#8754=CARTESIAN_POINT('Ctrl Pts',(-8.07290122427608,-6.55,21.9919926075758));
#8755=CARTESIAN_POINT('Ctrl Pts',(-8.,-6.55,21.9919926075758));
#8756=CARTESIAN_POINT('Ctrl Pts',(-8.,-6.55,21.9919926075758));
#8757=CARTESIAN_POINT('Ctrl Pts',(-7.92709877572393,-6.55,21.9919926075758));
#8758=CARTESIAN_POINT('Ctrl Pts',(-7.85280545619654,-6.53490063157403,21.9763010173015));
#8759=CARTESIAN_POINT('Ctrl Pts',(-7.71888395388701,-6.4782874252875,21.9283166332234));
#8760=CARTESIAN_POINT('Ctrl Pts',(-7.65888183616275,-6.43669929546795,21.8971626346035));
#8761=CARTESIAN_POINT('Ctrl Pts',(-7.56399336693661,-6.34181082624181,21.8429066219258));
#8762=CARTESIAN_POINT('Ctrl Pts',(-7.52196377990594,-6.28168388429506,21.81553099261));
#8763=CARTESIAN_POINT('Ctrl Pts',(-7.46490772894063,-6.14676758368374,21.7771806011496));
#8764=CARTESIAN_POINT('Ctrl Pts',(-7.45,-6.07184461537345,21.7665));
#8765=CARTESIAN_POINT('Ctrl Pts',(-7.45,-5.92815538462656,21.7665));
#8766=CARTESIAN_POINT('Ctrl Pts',(-7.46490772894063,-5.85323241631627,21.7771806011496));
#8767=CARTESIAN_POINT('Ctrl Pts',(-7.52196377990594,-5.71831611570494,21.81553099261));
#8768=CARTESIAN_POINT('Ctrl Pts',(-7.56399336693661,-5.65818917375819,21.8429066219258));
#8769=CARTESIAN_POINT('Ctrl Pts',(-7.65888183616275,-5.56330070453205,21.8971626346035));
#8770=CARTESIAN_POINT('Ctrl Pts',(-7.71888395388701,-5.5217125747125,21.9283166332234));
#8771=CARTESIAN_POINT('Ctrl Pts',(-7.85280545619654,-5.46509936842597,21.9763010173015));
#8772=CARTESIAN_POINT('Ctrl Pts',(-7.92709877572393,-5.45,21.9919926075758));
#8773=CARTESIAN_POINT('Ctrl Pts',(-8.,-5.45,21.9919926075758));
#8774=CARTESIAN_POINT('',(-8.,-5.45,23.1080073924241));
#8775=CARTESIAN_POINT('',(-8.,-6.55,23.1080073924241));
#8776=CARTESIAN_POINT('Ctrl Pts',(-8.,-5.45,23.1080073924241));
#8777=CARTESIAN_POINT('Ctrl Pts',(-7.92709877572393,-5.45,23.1080073924241));
#8778=CARTESIAN_POINT('Ctrl Pts',(-7.85280545619654,-5.46509936842597,23.1236989826985));
#8779=CARTESIAN_POINT('Ctrl Pts',(-7.71888395388701,-5.5217125747125,23.1716833667766));
#8780=CARTESIAN_POINT('Ctrl Pts',(-7.65888183616275,-5.56330070453205,23.2028373653965));
#8781=CARTESIAN_POINT('Ctrl Pts',(-7.56399336693661,-5.65818917375819,23.2570933780742));
#8782=CARTESIAN_POINT('Ctrl Pts',(-7.52196377990594,-5.71831611570494,23.28446900739));
#8783=CARTESIAN_POINT('Ctrl Pts',(-7.46490772894063,-5.85323241631627,23.3228193988504));
#8784=CARTESIAN_POINT('Ctrl Pts',(-7.45,-5.92815538462656,23.3335));
#8785=CARTESIAN_POINT('Ctrl Pts',(-7.45,-6.07184461537345,23.3335));
#8786=CARTESIAN_POINT('Ctrl Pts',(-7.46490772894063,-6.14676758368374,23.3228193988504));
#8787=CARTESIAN_POINT('Ctrl Pts',(-7.52196377990594,-6.28168388429506,23.28446900739));
#8788=CARTESIAN_POINT('Ctrl Pts',(-7.56399336693661,-6.34181082624181,23.2570933780742));
#8789=CARTESIAN_POINT('Ctrl Pts',(-7.65888183616275,-6.43669929546795,23.2028373653965));
#8790=CARTESIAN_POINT('Ctrl Pts',(-7.71888395388701,-6.4782874252875,23.1716833667766));
#8791=CARTESIAN_POINT('Ctrl Pts',(-7.85280545619654,-6.53490063157403,23.1236989826985));
#8792=CARTESIAN_POINT('Ctrl Pts',(-7.92709877572393,-6.55,23.1080073924241));
#8793=CARTESIAN_POINT('Ctrl Pts',(-8.00000000000001,-6.55,23.1080073924241));
#8794=CARTESIAN_POINT('Ctrl Pts',(-8.00000000000001,-6.55,23.1080073924241));
#8795=CARTESIAN_POINT('Ctrl Pts',(-8.07290122427608,-6.55,23.1080073924241));
#8796=CARTESIAN_POINT('Ctrl Pts',(-8.14719454380347,-6.53490063157403,23.1236989826985));
#8797=CARTESIAN_POINT('Ctrl Pts',(-8.281116046113,-6.4782874252875,23.1716833667766));
#8798=CARTESIAN_POINT('Ctrl Pts',(-8.34111816383725,-6.43669929546795,23.2028373653965));
#8799=CARTESIAN_POINT('Ctrl Pts',(-8.4360066330634,-6.34181082624181,23.2570933780742));
#8800=CARTESIAN_POINT('Ctrl Pts',(-8.47803622009407,-6.28168388429506,23.28446900739));
#8801=CARTESIAN_POINT('Ctrl Pts',(-8.53509227105938,-6.14676758368374,23.3228193988504));
#8802=CARTESIAN_POINT('Ctrl Pts',(-8.55,-6.07184461537345,23.3335));
#8803=CARTESIAN_POINT('Ctrl Pts',(-8.55,-5.92815538462656,23.3335));
#8804=CARTESIAN_POINT('Ctrl Pts',(-8.53509227105938,-5.85323241631626,23.3228193988504));
#8805=CARTESIAN_POINT('Ctrl Pts',(-8.47803622009407,-5.71831611570494,23.28446900739));
#8806=CARTESIAN_POINT('Ctrl Pts',(-8.4360066330634,-5.65818917375819,23.2570933780742));
#8807=CARTESIAN_POINT('Ctrl Pts',(-8.34111816383725,-5.56330070453205,23.2028373653965));
#8808=CARTESIAN_POINT('Ctrl Pts',(-8.281116046113,-5.5217125747125,23.1716833667766));
#8809=CARTESIAN_POINT('Ctrl Pts',(-8.14719454380347,-5.46509936842597,23.1236989826985));
#8810=CARTESIAN_POINT('Ctrl Pts',(-8.07290122427608,-5.45,23.1080073924241));
#8811=CARTESIAN_POINT('Ctrl Pts',(-8.,-5.45,23.1080073924241));
#8812=CARTESIAN_POINT('Origin',(-8.,-6.,17.05));
#8813=CARTESIAN_POINT('',(-8.,-3.6,24.35));
#8814=CARTESIAN_POINT('Origin',(-8.,-6.,24.35));
#8815=CARTESIAN_POINT('',(-8.,-3.6,17.25));
#8816=CARTESIAN_POINT('',(-8.,-3.6,17.05));
#8817=CARTESIAN_POINT('Origin',(-8.,-6.,17.25));
#8818=CARTESIAN_POINT('',(-10.1817424229271,-7.,22.55));
#8819=CARTESIAN_POINT('',(-10.2383029285598,-5.13397459621542,23.0499999999998));
#8820=CARTESIAN_POINT('Ctrl Pts',(-10.1817424229271,-6.99999999999999,22.55));
#8821=CARTESIAN_POINT('Ctrl Pts',(-10.1817424229271,-6.99999999999999,22.67734411422));
#8822=CARTESIAN_POINT('Ctrl Pts',(-10.1940729242281,-6.97423091020465,22.8119266471059));
#8823=CARTESIAN_POINT('Ctrl Pts',(-10.2367713902334,-6.8717427247667,23.0577364863439));
#8824=CARTESIAN_POINT('Ctrl Pts',(-10.2663437799423,-6.79508617224346,23.1691273901296));
#8825=CARTESIAN_POINT('Ctrl Pts',(-10.320561418492,-6.6192337042181,23.344979858155));
#8826=CARTESIAN_POINT('Ctrl Pts',(-10.3489699777738,-6.50780317946679,23.421716672819));
#8827=CARTESIAN_POINT('Ctrl Pts',(-10.3889256419544,-6.26183640927635,23.5242667787427));
#8828=CARTESIAN_POINT('Ctrl Pts',(-10.4,-6.12719023189293,23.55));
#8829=CARTESIAN_POINT('Ctrl Pts',(-10.4,-5.87280976810706,23.55));
#8830=CARTESIAN_POINT('Ctrl Pts',(-10.3889256419544,-5.73816359072364,23.5242667787427));
#8831=CARTESIAN_POINT('Ctrl Pts',(-10.3489699777738,-5.4921968205332,23.421716672819));
#8832=CARTESIAN_POINT('Ctrl Pts',(-10.320561418492,-5.38076629578189,23.344979858155));
#8833=CARTESIAN_POINT('Ctrl Pts',(-10.2751036960838,-5.23332622111031,23.1975397834834));
#8834=CARTESIAN_POINT('Ctrl Pts',(-10.2555949101926,-5.17866692620942,23.1274093862581));
#8835=CARTESIAN_POINT('Ctrl Pts',(-10.2383029285598,-5.13397459621529,23.0499999999995));
#8836=CARTESIAN_POINT('Ctrl Pts',(-10.2383029285598,-5.13397459621529,23.0499999999995));
#8837=CARTESIAN_POINT('Ctrl Pts',(-10.2300549623544,-5.11265715352633,23.0130771061748));
#8838=CARTESIAN_POINT('Ctrl Pts',(-10.2223167583252,-5.0935621413318,22.9745229407999));
#8839=CARTESIAN_POINT('Ctrl Pts',(-10.1940729242281,-5.02576908979534,22.8119266471059));
#8840=CARTESIAN_POINT('Ctrl Pts',(-10.1817424229271,-4.99999999999999,22.67734411422));
#8841=CARTESIAN_POINT('Ctrl Pts',(-10.1817424229271,-4.99999999999999,22.42265588578));
#8842=CARTESIAN_POINT('Ctrl Pts',(-10.1940729242281,-5.02576908979534,22.2880733528941));
#8843=CARTESIAN_POINT('Ctrl Pts',(-10.2367713902334,-5.12825727523329,22.0422635136561));
#8844=CARTESIAN_POINT('Ctrl Pts',(-10.2663437799423,-5.20491382775653,21.9308726098704));
#8845=CARTESIAN_POINT('Ctrl Pts',(-10.320561418492,-5.38076629578189,21.755020141845));
#8846=CARTESIAN_POINT('Ctrl Pts',(-10.3489699777738,-5.4921968205332,21.6782833271811));
#8847=CARTESIAN_POINT('Ctrl Pts',(-10.3889256419544,-5.73816359072364,21.5757332212574));
#8848=CARTESIAN_POINT('Ctrl Pts',(-10.4,-5.87280976810706,21.55));
#8849=CARTESIAN_POINT('Ctrl Pts',(-10.4,-6.12719023189293,21.55));
#8850=CARTESIAN_POINT('Ctrl Pts',(-10.3889256419544,-6.26183640927635,21.5757332212574));
#8851=CARTESIAN_POINT('Ctrl Pts',(-10.3489699777738,-6.50780317946679,21.6782833271811));
#8852=CARTESIAN_POINT('Ctrl Pts',(-10.320561418492,-6.6192337042181,21.755020141845));
#8853=CARTESIAN_POINT('Ctrl Pts',(-10.2663437799423,-6.79508617224346,21.9308726098704));
#8854=CARTESIAN_POINT('Ctrl Pts',(-10.2367713902334,-6.8717427247667,22.0422635136561));
#8855=CARTESIAN_POINT('Ctrl Pts',(-10.1940729242281,-6.97423091020465,22.2880733528941));
#8856=CARTESIAN_POINT('Ctrl Pts',(-10.1817424229271,-6.99999999999999,22.42265588578));
#8857=CARTESIAN_POINT('Ctrl Pts',(-10.1817424229271,-6.99999999999999,22.55));
#8858=CARTESIAN_POINT('',(-10.1817424229271,-7.,19.05));
#8859=CARTESIAN_POINT('',(-10.2383029285598,-5.13397459621543,19.5499999999998));
#8860=CARTESIAN_POINT('Ctrl Pts',(-10.1817424229271,-7.,19.05));
#8861=CARTESIAN_POINT('Ctrl Pts',(-10.1817424229271,-7.,19.17734411422));
#8862=CARTESIAN_POINT('Ctrl Pts',(-10.1940729242281,-6.97423091020466,19.3119266471059));
#8863=CARTESIAN_POINT('Ctrl Pts',(-10.2367713902334,-6.87174272476671,19.5577364863439));
#8864=CARTESIAN_POINT('Ctrl Pts',(-10.2663437799423,-6.79508617224346,19.6691273901296));
#8865=CARTESIAN_POINT('Ctrl Pts',(-10.320561418492,-6.61923370421811,19.844979858155));
#8866=CARTESIAN_POINT('Ctrl Pts',(-10.3489699777738,-6.5078031794668,19.9217166728189));
#8867=CARTESIAN_POINT('Ctrl Pts',(-10.3889256419544,-6.26183640927636,20.0242667787426));
#8868=CARTESIAN_POINT('Ctrl Pts',(-10.4,-6.12719023189294,20.05));
#8869=CARTESIAN_POINT('Ctrl Pts',(-10.4,-5.87280976810706,20.05));
#8870=CARTESIAN_POINT('Ctrl Pts',(-10.3889256419544,-5.73816359072364,20.0242667787426));
#8871=CARTESIAN_POINT('Ctrl Pts',(-10.3489699777738,-5.4921968205332,19.9217166728189));
#8872=CARTESIAN_POINT('Ctrl Pts',(-10.320561418492,-5.38076629578189,19.844979858155));
#8873=CARTESIAN_POINT('Ctrl Pts',(-10.2751036960838,-5.23332622111032,19.6975397834834));
#8874=CARTESIAN_POINT('Ctrl Pts',(-10.2555949101926,-5.17866692620942,19.6274093862581));
#8875=CARTESIAN_POINT('Ctrl Pts',(-10.2383029285598,-5.13397459621529,19.5499999999995));
#8876=CARTESIAN_POINT('Ctrl Pts',(-10.2383029285598,-5.13397459621529,19.5499999999995));
#8877=CARTESIAN_POINT('Ctrl Pts',(-10.2300549623544,-5.11265715352633,19.5130771061748));
#8878=CARTESIAN_POINT('Ctrl Pts',(-10.2223167583252,-5.09356214133181,19.4745229407999));
#8879=CARTESIAN_POINT('Ctrl Pts',(-10.1940729242281,-5.02576908979535,19.3119266471059));
#8880=CARTESIAN_POINT('Ctrl Pts',(-10.1817424229271,-5.,19.17734411422));
#8881=CARTESIAN_POINT('Ctrl Pts',(-10.1817424229271,-5.,18.92265588578));
#8882=CARTESIAN_POINT('Ctrl Pts',(-10.1940729242281,-5.02576908979535,18.7880733528941));
#8883=CARTESIAN_POINT('Ctrl Pts',(-10.2367713902334,-5.12825727523329,18.5422635136561));
#8884=CARTESIAN_POINT('Ctrl Pts',(-10.2663437799423,-5.20491382775654,18.4308726098704));
#8885=CARTESIAN_POINT('Ctrl Pts',(-10.320561418492,-5.38076629578189,18.255020141845));
#8886=CARTESIAN_POINT('Ctrl Pts',(-10.3489699777738,-5.4921968205332,18.178283327181));
#8887=CARTESIAN_POINT('Ctrl Pts',(-10.3889256419544,-5.73816359072364,18.0757332212573));
#8888=CARTESIAN_POINT('Ctrl Pts',(-10.4,-5.87280976810706,18.05));
#8889=CARTESIAN_POINT('Ctrl Pts',(-10.4,-6.12719023189294,18.05));
#8890=CARTESIAN_POINT('Ctrl Pts',(-10.3889256419544,-6.26183640927637,18.0757332212573));
#8891=CARTESIAN_POINT('Ctrl Pts',(-10.3489699777738,-6.50780317946681,18.178283327181));
#8892=CARTESIAN_POINT('Ctrl Pts',(-10.320561418492,-6.61923370421811,18.255020141845));
#8893=CARTESIAN_POINT('Ctrl Pts',(-10.2663437799423,-6.79508617224346,18.4308726098704));
#8894=CARTESIAN_POINT('Ctrl Pts',(-10.2367713902334,-6.87174272476671,18.5422635136561));
#8895=CARTESIAN_POINT('Ctrl Pts',(-10.1940729242281,-6.97423091020466,18.7880733528941));
#8896=CARTESIAN_POINT('Ctrl Pts',(-10.1817424229271,-7.,18.92265588578));
#8897=CARTESIAN_POINT('Ctrl Pts',(-10.1817424229271,-7.,19.05));
#8898=CARTESIAN_POINT('',(-5.73149217545983,-6.7835,19.05));
#8899=CARTESIAN_POINT('',(-5.73149217545983,-5.2165,19.05));
#8900=CARTESIAN_POINT('Ctrl Pts',(-5.73149217545983,-6.7835,19.05));
#8901=CARTESIAN_POINT('Ctrl Pts',(-5.73149217545983,-6.7835,19.1491896131106));
#8902=CARTESIAN_POINT('Ctrl Pts',(-5.72430372268082,-6.76352734358434,19.25444421161));
#8903=CARTESIAN_POINT('Ctrl Pts',(-5.69895812696773,-6.6833547881453,19.4472376784961));
#8904=CARTESIAN_POINT('Ctrl Pts',(-5.68123111199274,-6.62318920867363,19.5348471174457));
#8905=CARTESIAN_POINT('Ctrl Pts',(-5.64841661103437,-6.48487649781038,19.6731598283089));
#8906=CARTESIAN_POINT('Ctrl Pts',(-5.63111141293463,-6.3972553054155,19.7333480554812));
#8907=CARTESIAN_POINT('Ctrl Pts',(-5.60674739803536,-6.20441843985166,19.81353746323));
#8908=CARTESIAN_POINT('Ctrl Pts',(-5.6,-6.09914748237541,19.8335));
#8909=CARTESIAN_POINT('Ctrl Pts',(-5.6,-5.9008525176246,19.8335));
#8910=CARTESIAN_POINT('Ctrl Pts',(-5.60674739803536,-5.79558156014835,19.81353746323));
#8911=CARTESIAN_POINT('Ctrl Pts',(-5.63111141293463,-5.6027446945845,19.7333480554812));
#8912=CARTESIAN_POINT('Ctrl Pts',(-5.64841661103437,-5.51512350218962,19.6731598283089));
#8913=CARTESIAN_POINT('Ctrl Pts',(-5.68123111199274,-5.37681079132638,19.5348471174457));
#8914=CARTESIAN_POINT('Ctrl Pts',(-5.69895812696773,-5.3166452118547,19.4472376784961));
#8915=CARTESIAN_POINT('Ctrl Pts',(-5.72430372268082,-5.23647265641566,19.25444421161));
#8916=CARTESIAN_POINT('Ctrl Pts',(-5.73149217545983,-5.2165,19.1491896131106));
#8917=CARTESIAN_POINT('Ctrl Pts',(-5.73149217545983,-5.2165,19.05));
#8918=CARTESIAN_POINT('Ctrl Pts',(-5.73149217545983,-5.2165,19.05));
#8919=CARTESIAN_POINT('Ctrl Pts',(-5.73149217545983,-5.2165,18.9508103868894));
#8920=CARTESIAN_POINT('Ctrl Pts',(-5.72430372268082,-5.23647265641566,18.8455557883899));
#8921=CARTESIAN_POINT('Ctrl Pts',(-5.69895812696773,-5.3166452118547,18.6527623215039));
#8922=CARTESIAN_POINT('Ctrl Pts',(-5.68123111199274,-5.37681079132638,18.5651528825543));
#8923=CARTESIAN_POINT('Ctrl Pts',(-5.64841661103437,-5.51512350218962,18.4268401716911));
#8924=CARTESIAN_POINT('Ctrl Pts',(-5.63111141293463,-5.6027446945845,18.3666519445188));
#8925=CARTESIAN_POINT('Ctrl Pts',(-5.60674739803536,-5.79558156014834,18.28646253677));
#8926=CARTESIAN_POINT('Ctrl Pts',(-5.6,-5.9008525176246,18.2665));
#8927=CARTESIAN_POINT('Ctrl Pts',(-5.6,-6.09914748237541,18.2665));
#8928=CARTESIAN_POINT('Ctrl Pts',(-5.60674739803536,-6.20441843985166,18.28646253677));
#8929=CARTESIAN_POINT('Ctrl Pts',(-5.63111141293463,-6.3972553054155,18.3666519445188));
#8930=CARTESIAN_POINT('Ctrl Pts',(-5.64841661103437,-6.48487649781038,18.4268401716911));
#8931=CARTESIAN_POINT('Ctrl Pts',(-5.68123111199274,-6.62318920867363,18.5651528825543));
#8932=CARTESIAN_POINT('Ctrl Pts',(-5.69895812696773,-6.6833547881453,18.6527623215039));
#8933=CARTESIAN_POINT('Ctrl Pts',(-5.72430372268082,-6.76352734358434,18.8455557883899));
#8934=CARTESIAN_POINT('Ctrl Pts',(-5.73149217545983,-6.7835,18.9508103868894));
#8935=CARTESIAN_POINT('Ctrl Pts',(-5.73149217545983,-6.7835,19.05));
#8936=CARTESIAN_POINT('Origin',(-0.284170819947583,-6.,19.05));
#8937=CARTESIAN_POINT('',(-9.08350000000001,-5.2165,19.05));
#8938=CARTESIAN_POINT('',(-0.284170819947583,-5.2165,19.05));
#8939=CARTESIAN_POINT('',(-9.08350000000001,-6.67853090386511,18.65825));
#8940=CARTESIAN_POINT('Origin',(-9.08350000000001,-6.,19.05));
#8941=CARTESIAN_POINT('Origin',(-9.08350000000001,-6.,19.05));
#8942=CARTESIAN_POINT('',(-8.,-5.45,18.4919926075758));
#8943=CARTESIAN_POINT('',(-8.,-6.55,18.4919926075758));
#8944=CARTESIAN_POINT('Ctrl Pts',(-8.,-5.45,18.4919926075758));
#8945=CARTESIAN_POINT('Ctrl Pts',(-8.07290122427608,-5.45,18.4919926075758));
#8946=CARTESIAN_POINT('Ctrl Pts',(-8.14719454380347,-5.46509936842598,18.4763010173015));
#8947=CARTESIAN_POINT('Ctrl Pts',(-8.281116046113,-5.5217125747125,18.4283166332234));
#8948=CARTESIAN_POINT('Ctrl Pts',(-8.34111816383725,-5.56330070453205,18.3971626346035));
#8949=CARTESIAN_POINT('Ctrl Pts',(-8.4360066330634,-5.65818917375819,18.3429066219258));
#8950=CARTESIAN_POINT('Ctrl Pts',(-8.47803622009407,-5.71831611570494,18.31553099261));
#8951=CARTESIAN_POINT('Ctrl Pts',(-8.53509227105938,-5.85323241631627,18.2771806011496));
#8952=CARTESIAN_POINT('Ctrl Pts',(-8.55,-5.92815538462656,18.2665));
#8953=CARTESIAN_POINT('Ctrl Pts',(-8.55,-6.07184461537345,18.2665));
#8954=CARTESIAN_POINT('Ctrl Pts',(-8.53509227105938,-6.14676758368374,18.2771806011496));
#8955=CARTESIAN_POINT('Ctrl Pts',(-8.47803622009407,-6.28168388429506,18.31553099261));
#8956=CARTESIAN_POINT('Ctrl Pts',(-8.4360066330634,-6.34181082624181,18.3429066219258));
#8957=CARTESIAN_POINT('Ctrl Pts',(-8.34111816383725,-6.43669929546795,18.3971626346035));
#8958=CARTESIAN_POINT('Ctrl Pts',(-8.281116046113,-6.4782874252875,18.4283166332234));
#8959=CARTESIAN_POINT('Ctrl Pts',(-8.14719454380347,-6.53490063157403,18.4763010173015));
#8960=CARTESIAN_POINT('Ctrl Pts',(-8.07290122427608,-6.55,18.4919926075758));
#8961=CARTESIAN_POINT('Ctrl Pts',(-8.00000000000001,-6.55,18.4919926075758));
#8962=CARTESIAN_POINT('Ctrl Pts',(-8.00000000000001,-6.55,18.4919926075758));
#8963=CARTESIAN_POINT('Ctrl Pts',(-7.92709877572393,-6.55,18.4919926075758));
#8964=CARTESIAN_POINT('Ctrl Pts',(-7.85280545619654,-6.53490063157403,18.4763010173015));
#8965=CARTESIAN_POINT('Ctrl Pts',(-7.71888395388701,-6.4782874252875,18.4283166332234));
#8966=CARTESIAN_POINT('Ctrl Pts',(-7.65888183616275,-6.43669929546795,18.3971626346035));
#8967=CARTESIAN_POINT('Ctrl Pts',(-7.56399336693661,-6.34181082624181,18.3429066219258));
#8968=CARTESIAN_POINT('Ctrl Pts',(-7.52196377990594,-6.28168388429506,18.31553099261));
#8969=CARTESIAN_POINT('Ctrl Pts',(-7.46490772894063,-6.14676758368374,18.2771806011496));
#8970=CARTESIAN_POINT('Ctrl Pts',(-7.45,-6.07184461537345,18.2665));
#8971=CARTESIAN_POINT('Ctrl Pts',(-7.45,-5.92815538462656,18.2665));
#8972=CARTESIAN_POINT('Ctrl Pts',(-7.46490772894063,-5.85323241631627,18.2771806011496));
#8973=CARTESIAN_POINT('Ctrl Pts',(-7.52196377990594,-5.71831611570494,18.31553099261));
#8974=CARTESIAN_POINT('Ctrl Pts',(-7.56399336693661,-5.65818917375819,18.3429066219258));
#8975=CARTESIAN_POINT('Ctrl Pts',(-7.65888183616275,-5.56330070453205,18.3971626346035));
#8976=CARTESIAN_POINT('Ctrl Pts',(-7.71888395388701,-5.5217125747125,18.4283166332234));
#8977=CARTESIAN_POINT('Ctrl Pts',(-7.85280545619654,-5.46509936842597,18.4763010173015));
#8978=CARTESIAN_POINT('Ctrl Pts',(-7.92709877572393,-5.45,18.4919926075758));
#8979=CARTESIAN_POINT('Ctrl Pts',(-8.,-5.45,18.4919926075758));
#8980=CARTESIAN_POINT('',(-8.,-5.45,19.6080073924241));
#8981=CARTESIAN_POINT('',(-8.,-6.55,19.6080073924241));
#8982=CARTESIAN_POINT('Ctrl Pts',(-8.,-5.45,19.6080073924241));
#8983=CARTESIAN_POINT('Ctrl Pts',(-7.92709877572393,-5.45,19.6080073924241));
#8984=CARTESIAN_POINT('Ctrl Pts',(-7.85280545619654,-5.46509936842597,19.6236989826985));
#8985=CARTESIAN_POINT('Ctrl Pts',(-7.71888395388701,-5.5217125747125,19.6716833667766));
#8986=CARTESIAN_POINT('Ctrl Pts',(-7.65888183616275,-5.56330070453205,19.7028373653965));
#8987=CARTESIAN_POINT('Ctrl Pts',(-7.56399336693661,-5.65818917375819,19.7570933780742));
#8988=CARTESIAN_POINT('Ctrl Pts',(-7.52196377990594,-5.71831611570494,19.78446900739));
#8989=CARTESIAN_POINT('Ctrl Pts',(-7.46490772894063,-5.85323241631627,19.8228193988504));
#8990=CARTESIAN_POINT('Ctrl Pts',(-7.45,-5.92815538462656,19.8335));
#8991=CARTESIAN_POINT('Ctrl Pts',(-7.45,-6.07184461537345,19.8335));
#8992=CARTESIAN_POINT('Ctrl Pts',(-7.46490772894063,-6.14676758368374,19.8228193988504));
#8993=CARTESIAN_POINT('Ctrl Pts',(-7.52196377990594,-6.28168388429506,19.78446900739));
#8994=CARTESIAN_POINT('Ctrl Pts',(-7.56399336693661,-6.34181082624181,19.7570933780742));
#8995=CARTESIAN_POINT('Ctrl Pts',(-7.65888183616275,-6.43669929546795,19.7028373653965));
#8996=CARTESIAN_POINT('Ctrl Pts',(-7.71888395388701,-6.4782874252875,19.6716833667766));
#8997=CARTESIAN_POINT('Ctrl Pts',(-7.85280545619654,-6.53490063157403,19.6236989826985));
#8998=CARTESIAN_POINT('Ctrl Pts',(-7.92709877572393,-6.55,19.6080073924241));
#8999=CARTESIAN_POINT('Ctrl Pts',(-8.00000000000001,-6.55,19.6080073924241));
#9000=CARTESIAN_POINT('Ctrl Pts',(-8.00000000000001,-6.55,19.6080073924241));
#9001=CARTESIAN_POINT('Ctrl Pts',(-8.07290122427608,-6.55,19.6080073924241));
#9002=CARTESIAN_POINT('Ctrl Pts',(-8.14719454380347,-6.53490063157403,19.6236989826985));
#9003=CARTESIAN_POINT('Ctrl Pts',(-8.281116046113,-6.4782874252875,19.6716833667766));
#9004=CARTESIAN_POINT('Ctrl Pts',(-8.34111816383725,-6.43669929546795,19.7028373653965));
#9005=CARTESIAN_POINT('Ctrl Pts',(-8.4360066330634,-6.34181082624181,19.7570933780742));
#9006=CARTESIAN_POINT('Ctrl Pts',(-8.47803622009407,-6.28168388429506,19.78446900739));
#9007=CARTESIAN_POINT('Ctrl Pts',(-8.53509227105938,-6.14676758368374,19.8228193988504));
#9008=CARTESIAN_POINT('Ctrl Pts',(-8.55,-6.07184461537345,19.8335));
#9009=CARTESIAN_POINT('Ctrl Pts',(-8.55,-5.92815538462656,19.8335));
#9010=CARTESIAN_POINT('Ctrl Pts',(-8.53509227105938,-5.85323241631627,19.8228193988504));
#9011=CARTESIAN_POINT('Ctrl Pts',(-8.47803622009407,-5.71831611570494,19.78446900739));
#9012=CARTESIAN_POINT('Ctrl Pts',(-8.4360066330634,-5.65818917375819,19.7570933780742));
#9013=CARTESIAN_POINT('Ctrl Pts',(-8.34111816383725,-5.56330070453205,19.7028373653965));
#9014=CARTESIAN_POINT('Ctrl Pts',(-8.281116046113,-5.5217125747125,19.6716833667766));
#9015=CARTESIAN_POINT('Ctrl Pts',(-8.14719454380347,-5.46509936842597,19.6236989826985));
#9016=CARTESIAN_POINT('Ctrl Pts',(-8.07290122427608,-5.45,19.6080073924241));
#9017=CARTESIAN_POINT('Ctrl Pts',(-8.,-5.45,19.6080073924241));
#9018=CARTESIAN_POINT('Origin',(-8.,-6.,16.8));
#9019=CARTESIAN_POINT('',(-8.,-6.55,17.25));
#9020=CARTESIAN_POINT('Origin',(-8.,-6.,17.25));
#9021=CARTESIAN_POINT('',(-8.,-6.75,17.05));
#9022=CARTESIAN_POINT('',(-8.,-7.,16.8));
#9023=CARTESIAN_POINT('Origin',(-8.,-6.,17.05));
#9024=CARTESIAN_POINT('Origin',(-8.,-6.,17.05));
#9025=CARTESIAN_POINT('',(-8.,-3.8,17.05));
#9026=CARTESIAN_POINT('Origin',(-8.,-6.,17.05));
#9027=CARTESIAN_POINT('Origin',(-8.,-6.,14.4341708199476));
#9028=CARTESIAN_POINT('',(-8.,-6.55,14.4341708199476));
#9029=CARTESIAN_POINT('Origin',(-8.,-6.,17.15));
#9030=CARTESIAN_POINT('',(-8.,-3.7,17.15));
#9031=CARTESIAN_POINT('Origin',(-8.,-6.,24.8));
#9032=CARTESIAN_POINT('',(-8.,-5.45,24.35));
#9033=CARTESIAN_POINT('',(-8.,-6.55,24.35));
#9034=CARTESIAN_POINT('Origin',(-8.,-6.,24.35));
#9035=CARTESIAN_POINT('Origin',(-8.,-6.,24.35));
#9036=CARTESIAN_POINT('',(-8.,-5.25,24.55));
#9037=CARTESIAN_POINT('',(-8.,-5.,24.8));
#9038=CARTESIAN_POINT('Origin',(-8.,-6.,24.55));
#9039=CARTESIAN_POINT('Origin',(-8.,-6.,24.55));
#9040=CARTESIAN_POINT('',(-8.,-3.8,24.55));
#9041=CARTESIAN_POINT('Origin',(-8.,-6.,24.55));
#9042=CARTESIAN_POINT('Origin',(-8.,-6.,14.4341708199476));
#9043=CARTESIAN_POINT('',(-8.,-6.55,14.4341708199476));
#9044=CARTESIAN_POINT('Origin',(-8.,-6.,24.45));
#9045=CARTESIAN_POINT('',(-8.,-3.7,24.45));
#9046=CARTESIAN_POINT('Origin',(-8.,-6.,14.4341708199476));
#9047=CARTESIAN_POINT('',(-8.,-6.55,14.4341708199476));
#9048=CARTESIAN_POINT('Origin',(-12.30462,-6.,19.05));
#9049=CARTESIAN_POINT('',(-12.30462,-6.86602540378444,18.55));
#9050=CARTESIAN_POINT('',(-12.30462,-5.13397459621556,19.55));
#9051=CARTESIAN_POINT('Origin',(-12.30462,-6.,19.05));
#9052=CARTESIAN_POINT('Origin',(-12.30462,-6.,19.05));
#9053=CARTESIAN_POINT('',(-12.55,-6.65352009020382,18.67269));
#9054=CARTESIAN_POINT('',(-12.30462,-6.86602540378444,18.55));
#9055=CARTESIAN_POINT('Origin',(-12.55,-6.,19.05));
#9056=CARTESIAN_POINT('Origin',(-10.55,-6.,19.05));
#9057=CARTESIAN_POINT('',(-10.55,-5.13397459621556,19.55));
#9058=CARTESIAN_POINT('Origin',(-12.55,-6.,19.05));
#9059=CARTESIAN_POINT('',(-12.55,-6.,19.5696152422707));
#9060=CARTESIAN_POINT('',(-12.55,-6.45,19.3098076211353));
#9061=CARTESIAN_POINT('',(-12.55,-6.,19.5696152422707));
#9062=CARTESIAN_POINT('',(-12.55,-6.45,18.7901923788647));
#9063=CARTESIAN_POINT('',(-12.55,-6.45,19.3098076211353));
#9064=CARTESIAN_POINT('',(-12.55,-6.,18.5303847577293));
#9065=CARTESIAN_POINT('',(-12.55,-6.45,18.7901923788647));
#9066=CARTESIAN_POINT('',(-12.55,-5.55000000000001,18.7901923788647));
#9067=CARTESIAN_POINT('',(-12.55,-6.,18.5303847577293));
#9068=CARTESIAN_POINT('',(-12.55,-5.55000000000001,19.3098076211353));
#9069=CARTESIAN_POINT('',(-12.55,-5.55000000000001,18.7901923788647));
#9070=CARTESIAN_POINT('',(-12.55,-5.55000000000001,19.3098076211353));
#9071=CARTESIAN_POINT('Origin',(-9.30000000000001,-6.,19.05));
#9072=CARTESIAN_POINT('',(-8.55000000000001,-6.21650635094611,18.925));
#9073=CARTESIAN_POINT('',(-9.30000000000001,-6.86602540378444,18.55));
#9074=CARTESIAN_POINT('Origin',(-8.55000000000001,-6.,19.05));
#9075=CARTESIAN_POINT('Origin',(-8.55000000000001,-6.43301270189222,18.8));
#9076=CARTESIAN_POINT('Origin',(-12.55,-5.55000000000001,19.3098076211353));
#9077=CARTESIAN_POINT('',(-10.85,-5.55000000000001,19.3098076211353));
#9078=CARTESIAN_POINT('',(-10.85,-5.55000000000001,18.7901923788647));
#9079=CARTESIAN_POINT('Ctrl Pts',(-10.85,-5.55000000000001,19.3098076211353));
#9080=CARTESIAN_POINT('Ctrl Pts',(-10.775,-5.55000000000001,19.05));
#9081=CARTESIAN_POINT('Ctrl Pts',(-10.85,-5.55000000000001,18.7901923788647));
#9082=CARTESIAN_POINT('',(-10.85,-5.55000000000001,19.3098076211353));
#9083=CARTESIAN_POINT('',(-10.85,-5.55000000000001,18.7901923788647));
#9084=CARTESIAN_POINT('Origin',(-12.55,-5.55000000000001,18.7901923788647));
#9085=CARTESIAN_POINT('',(-10.85,-6.,18.5303847577293));
#9086=CARTESIAN_POINT('Ctrl Pts',(-10.85,-5.55000000000001,18.7901923788647));
#9087=CARTESIAN_POINT('Ctrl Pts',(-10.775,-5.775,18.660288568297));
#9088=CARTESIAN_POINT('Ctrl Pts',(-10.85,-6.,18.5303847577293));
#9089=CARTESIAN_POINT('',(-10.85,-6.,18.5303847577293));
#9090=CARTESIAN_POINT('Origin',(-12.55,-6.,19.5696152422707));
#9091=CARTESIAN_POINT('',(-10.85,-6.,19.5696152422707));
#9092=CARTESIAN_POINT('Ctrl Pts',(-10.85,-6.,19.5696152422707));
#9093=CARTESIAN_POINT('Ctrl Pts',(-10.775,-5.775,19.439711431703));
#9094=CARTESIAN_POINT('Ctrl Pts',(-10.85,-5.55000000000001,19.3098076211353));
#9095=CARTESIAN_POINT('',(-12.55,-6.,19.5696152422707));
#9096=CARTESIAN_POINT('Origin',(-12.55,-6.,18.5303847577293));
#9097=CARTESIAN_POINT('',(-10.85,-6.45,18.7901923788647));
#9098=CARTESIAN_POINT('Ctrl Pts',(-10.85,-6.00000000000001,18.5303847577293));
#9099=CARTESIAN_POINT('Ctrl Pts',(-10.775,-6.225,18.660288568297));
#9100=CARTESIAN_POINT('Ctrl Pts',(-10.85,-6.45,18.7901923788647));
#9101=CARTESIAN_POINT('',(-10.85,-6.45,18.7901923788647));
#9102=CARTESIAN_POINT('Origin',(-12.55,-6.45,19.3098076211353));
#9103=CARTESIAN_POINT('',(-10.85,-6.45,19.3098076211353));
#9104=CARTESIAN_POINT('Ctrl Pts',(-10.85,-6.45,19.3098076211353));
#9105=CARTESIAN_POINT('Ctrl Pts',(-10.775,-6.225,19.439711431703));
#9106=CARTESIAN_POINT('Ctrl Pts',(-10.85,-6.00000000000001,19.5696152422707));
#9107=CARTESIAN_POINT('',(-10.85,-6.45,19.3098076211353));
#9108=CARTESIAN_POINT('Origin',(-12.55,-6.45,18.7901923788647));
#9109=CARTESIAN_POINT('Ctrl Pts',(-10.85,-6.45,18.7901923788647));
#9110=CARTESIAN_POINT('Ctrl Pts',(-10.775,-6.45,19.05));
#9111=CARTESIAN_POINT('Ctrl Pts',(-10.85,-6.45,19.3098076211353));
#9112=CARTESIAN_POINT('Origin',(-11.1273502691896,-6.,19.05));
#9113=CARTESIAN_POINT('',(-10.55,-6.,19.05));
#9114=CARTESIAN_POINT('',(-11.1273502691896,-5.13397459621556,19.55));
#9115=CARTESIAN_POINT('Origin',(-12.30462,-6.,22.55));
#9116=CARTESIAN_POINT('',(-12.30462,-6.86602540378444,22.05));
#9117=CARTESIAN_POINT('',(-12.30462,-5.13397459621556,23.05));
#9118=CARTESIAN_POINT('Origin',(-12.30462,-6.,22.55));
#9119=CARTESIAN_POINT('Origin',(-12.30462,-6.,22.55));
#9120=CARTESIAN_POINT('',(-12.55,-6.65352009020381,22.17269));
#9121=CARTESIAN_POINT('',(-12.30462,-6.86602540378443,22.05));
#9122=CARTESIAN_POINT('Origin',(-12.55,-6.,22.55));
#9123=CARTESIAN_POINT('Origin',(-10.55,-6.,22.55));
#9124=CARTESIAN_POINT('',(-10.55,-5.13397459621556,23.05));
#9125=CARTESIAN_POINT('Origin',(-12.55,-6.,22.55));
#9126=CARTESIAN_POINT('',(-12.55,-6.,23.0696152422707));
#9127=CARTESIAN_POINT('',(-12.55,-6.44999999999999,22.8098076211353));
#9128=CARTESIAN_POINT('',(-12.55,-6.,23.0696152422707));
#9129=CARTESIAN_POINT('',(-12.55,-6.44999999999999,22.2901923788647));
#9130=CARTESIAN_POINT('',(-12.55,-6.44999999999999,22.8098076211353));
#9131=CARTESIAN_POINT('',(-12.55,-6.,22.0303847577294));
#9132=CARTESIAN_POINT('',(-12.55,-6.44999999999999,22.2901923788647));
#9133=CARTESIAN_POINT('',(-12.55,-5.55000000000001,22.2901923788647));
#9134=CARTESIAN_POINT('',(-12.55,-6.,22.0303847577294));
#9135=CARTESIAN_POINT('',(-12.55,-5.55000000000001,22.8098076211353));
#9136=CARTESIAN_POINT('',(-12.55,-5.55000000000001,22.2901923788647));
#9137=CARTESIAN_POINT('',(-12.55,-5.55000000000001,22.8098076211353));
#9138=CARTESIAN_POINT('Origin',(-9.3,-6.,22.55));
#9139=CARTESIAN_POINT('',(-8.55,-6.21650635094611,22.425));
#9140=CARTESIAN_POINT('',(-9.3,-6.86602540378443,22.05));
#9141=CARTESIAN_POINT('Origin',(-8.55,-6.,22.55));
#9142=CARTESIAN_POINT('Origin',(-8.55,-6.43301270189221,22.3));
#9143=CARTESIAN_POINT('Origin',(-12.55,-5.55000000000001,22.8098076211353));
#9144=CARTESIAN_POINT('',(-10.85,-5.55000000000001,22.8098076211353));
#9145=CARTESIAN_POINT('',(-10.85,-5.55000000000001,22.2901923788647));
#9146=CARTESIAN_POINT('Ctrl Pts',(-10.85,-5.55000000000001,22.8098076211353));
#9147=CARTESIAN_POINT('Ctrl Pts',(-10.775,-5.55000000000001,22.55));
#9148=CARTESIAN_POINT('Ctrl Pts',(-10.85,-5.55000000000001,22.2901923788647));
#9149=CARTESIAN_POINT('',(-10.85,-5.55000000000001,22.8098076211353));
#9150=CARTESIAN_POINT('',(-10.85,-5.55000000000001,22.2901923788647));
#9151=CARTESIAN_POINT('Origin',(-12.55,-5.55000000000001,22.2901923788647));
#9152=CARTESIAN_POINT('',(-10.85,-6.,22.0303847577294));
#9153=CARTESIAN_POINT('Ctrl Pts',(-10.85,-5.55000000000001,22.2901923788647));
#9154=CARTESIAN_POINT('Ctrl Pts',(-10.775,-5.775,22.160288568297));
#9155=CARTESIAN_POINT('Ctrl Pts',(-10.85,-6.,22.0303847577294));
#9156=CARTESIAN_POINT('',(-10.85,-6.,22.0303847577294));
#9157=CARTESIAN_POINT('Origin',(-12.55,-6.,23.0696152422707));
#9158=CARTESIAN_POINT('',(-10.85,-5.99999999999999,23.0696152422707));
#9159=CARTESIAN_POINT('Ctrl Pts',(-10.85,-5.99999999999999,23.0696152422707));
#9160=CARTESIAN_POINT('Ctrl Pts',(-10.775,-5.775,22.939711431703));
#9161=CARTESIAN_POINT('Ctrl Pts',(-10.85,-5.55000000000001,22.8098076211353));
#9162=CARTESIAN_POINT('',(-12.55,-6.,23.0696152422707));
#9163=CARTESIAN_POINT('Origin',(-12.55,-6.,22.0303847577294));
#9164=CARTESIAN_POINT('',(-10.85,-6.44999999999999,22.2901923788647));
#9165=CARTESIAN_POINT('Ctrl Pts',(-10.85,-6.,22.0303847577294));
#9166=CARTESIAN_POINT('Ctrl Pts',(-10.775,-6.225,22.160288568297));
#9167=CARTESIAN_POINT('Ctrl Pts',(-10.85,-6.44999999999999,22.2901923788647));
#9168=CARTESIAN_POINT('',(-10.85,-6.44999999999999,22.2901923788647));
#9169=CARTESIAN_POINT('Origin',(-12.55,-6.44999999999999,22.8098076211353));
#9170=CARTESIAN_POINT('',(-10.85,-6.44999999999999,22.8098076211353));
#9171=CARTESIAN_POINT('Ctrl Pts',(-10.85,-6.44999999999999,22.8098076211353));
#9172=CARTESIAN_POINT('Ctrl Pts',(-10.775,-6.225,22.939711431703));
#9173=CARTESIAN_POINT('Ctrl Pts',(-10.85,-6.,23.0696152422707));
#9174=CARTESIAN_POINT('',(-10.85,-6.44999999999999,22.8098076211353));
#9175=CARTESIAN_POINT('Origin',(-12.55,-6.44999999999999,22.2901923788647));
#9176=CARTESIAN_POINT('Ctrl Pts',(-10.85,-6.44999999999999,22.2901923788647));
#9177=CARTESIAN_POINT('Ctrl Pts',(-10.775,-6.44999999999999,22.55));
#9178=CARTESIAN_POINT('Ctrl Pts',(-10.85,-6.44999999999999,22.8098076211353));
#9179=CARTESIAN_POINT('Origin',(-11.1273502691896,-6.,22.55));
#9180=CARTESIAN_POINT('',(-10.55,-6.,22.55));
#9181=CARTESIAN_POINT('',(-11.1273502691896,-5.13397459621556,23.05));
#9182=UNCERTAINTY_MEASURE_WITH_UNIT(LENGTH_MEASURE(0.01),#9186,
'DISTANCE_ACCURACY_VALUE',
'Maximum model space distance between geometric entities at asserted c
onnectivities');
#9183=UNCERTAINTY_MEASURE_WITH_UNIT(LENGTH_MEASURE(0.01),#9186,
'DISTANCE_ACCURACY_VALUE',
'Maximum model space distance between geometric entities at asserted c
onnectivities');
#9184=(
GEOMETRIC_REPRESENTATION_CONTEXT(3)
GLOBAL_UNCERTAINTY_ASSIGNED_CONTEXT((#9182))
GLOBAL_UNIT_ASSIGNED_CONTEXT((#9186,#9188,#9189))
REPRESENTATION_CONTEXT('','3D')
);
#9185=(
GEOMETRIC_REPRESENTATION_CONTEXT(3)
GLOBAL_UNCERTAINTY_ASSIGNED_CONTEXT((#9183))
GLOBAL_UNIT_ASSIGNED_CONTEXT((#9186,#9188,#9189))
REPRESENTATION_CONTEXT('','3D')
);
#9186=(
LENGTH_UNIT()
NAMED_UNIT(*)
SI_UNIT(.MILLI.,.METRE.)
);
#9187=(
LENGTH_UNIT()
NAMED_UNIT(*)
SI_UNIT($,.METRE.)
);
#9188=(
NAMED_UNIT(*)
PLANE_ANGLE_UNIT()
SI_UNIT($,.RADIAN.)
);
#9189=(
NAMED_UNIT(*)
SI_UNIT($,.STERADIAN.)
SOLID_ANGLE_UNIT()
);
#9190=SHAPE_DEFINITION_REPRESENTATION(#9191,#9192);
#9191=PRODUCT_DEFINITION_SHAPE('',$,#9194);
#9192=SHAPE_REPRESENTATION('',(#4630),#9184);
#9193=PRODUCT_DEFINITION_CONTEXT('part definition',#9198,'design');
#9194=PRODUCT_DEFINITION('barion-basic','barion-basic v1',#9195,#9193);
#9195=PRODUCT_DEFINITION_FORMATION('',$,#9200);
#9196=PRODUCT_RELATED_PRODUCT_CATEGORY('barion-basic v1',
'barion-basic v1',(#9200));
#9197=APPLICATION_PROTOCOL_DEFINITION('international standard',
'automotive_design',2009,#9198);
#9198=APPLICATION_CONTEXT(
'Core Data for Automotive Mechanical Design Process');
#9199=PRODUCT_CONTEXT('part definition',#9198,'mechanical');
#9200=PRODUCT('barion-basic','barion-basic v1',$,(#9199));
#9201=PRESENTATION_STYLE_ASSIGNMENT((#9205));
#9202=PRESENTATION_STYLE_ASSIGNMENT((#9206));
#9203=PRESENTATION_STYLE_ASSIGNMENT((#9207));
#9204=PRESENTATION_STYLE_ASSIGNMENT((#9208));
#9205=SURFACE_STYLE_USAGE(.BOTH.,#9209);
#9206=SURFACE_STYLE_USAGE(.BOTH.,#9210);
#9207=SURFACE_STYLE_USAGE(.BOTH.,#9211);
#9208=SURFACE_STYLE_USAGE(.BOTH.,#9212);
#9209=SURFACE_SIDE_STYLE('',(#9213));
#9210=SURFACE_SIDE_STYLE('',(#9214));
#9211=SURFACE_SIDE_STYLE('',(#9215));
#9212=SURFACE_SIDE_STYLE('',(#9216));
#9213=SURFACE_STYLE_FILL_AREA(#9217);
#9214=SURFACE_STYLE_FILL_AREA(#9218);
#9215=SURFACE_STYLE_FILL_AREA(#9219);
#9216=SURFACE_STYLE_FILL_AREA(#9220);
#9217=FILL_AREA_STYLE('Steel - Satin',(#9221));
#9218=FILL_AREA_STYLE('Opaque(224,223,219)',(#9222));
#9219=FILL_AREA_STYLE('Opaque(190,188,186)',(#9223));
#9220=FILL_AREA_STYLE('Opaque(219,210,180)',(#9224));
#9221=FILL_AREA_STYLE_COLOUR('Steel - Satin',#9225);
#9222=FILL_AREA_STYLE_COLOUR('Opaque(224,223,219)',#9226);
#9223=FILL_AREA_STYLE_COLOUR('Opaque(190,188,186)',#9227);
#9224=FILL_AREA_STYLE_COLOUR('Opaque(219,210,180)',#9228);
#9225=COLOUR_RGB('Steel - Satin',0.627450980392157,0.627450980392157,0.627450980392157);
#9226=COLOUR_RGB('Opaque(224,223,219)',0.87843137254902,0.874509803921569,
0.858823529411765);
#9227=COLOUR_RGB('Opaque(190,188,186)',0.745098039215686,0.737254901960784,
0.729411764705882);
#9228=COLOUR_RGB('Opaque(219,210,180)',0.858823529411765,0.823529411764706,
0.705882352941177);
ENDSEC;
END-ISO-10303-21;
