ISO-10303-21;
HEADER;
/* Generated by software containing ST-Developer
 * from STEP Tools, Inc. (www.steptools.com) 
 */

FILE_DESCRIPTION(
/* description */ (''),
/* implementation_level */ '2;1');

FILE_NAME(
/* name */ '45S-XX-2V-XX v1.step',
/* time_stamp */ '2024-06-17T17:30:17+02:00',
/* author */ (''),
/* organization */ (''),
/* preprocessor_version */ 'ST-DEVELOPER v20',
/* originating_system */ 'Autodesk Translation Framework v13.14.0.145',

/* authorisation */ '');

FILE_SCHEMA (('AUTOMOTIVE_DESIGN { 1 0 10303 214 3 1 1 }'));
ENDSEC;

DATA;
#10=MECHANICAL_DESIGN_GEOMETRIC_PRESENTATION_REPRESENTATION('',(#63,#64,
#65,#66),#15921);
#11=SHAPE_REPRESENTATION_RELATIONSHIP('SRR','None',#15928,#12);
#12=ADVANCED_BREP_SHAPE_REPRESENTATION('',(#67,#68,#69,#70),#15920);
#13=B_SPLINE_SURFACE_WITH_KNOTS('',3,1,((#14266,#14267),(#14268,#14269),
(#14270,#14271),(#14272,#14273),(#14274,#14275),(#14276,#14277),(#14278,
#14279)),.UNSPECIFIED.,.F.,.F.,.F.,(4,1,1,1,4),(2,2),(-0.0314159265359,
0.3926990816987,0.7853981633974,1.178097245096,1.602212253331),(0.,0.0204518865012005),
 .UNSPECIFIED.);
#14=B_SPLINE_SURFACE_WITH_KNOTS('',3,1,((#14305,#14306),(#14307,#14308),
(#14309,#14310),(#14311,#14312),(#14313,#14314),(#14315,#14316),(#14317,
#14318)),.UNSPECIFIED.,.F.,.F.,.F.,(4,1,1,1,4),(2,2),(-0.0314159265359,
0.3926990816987,0.7853981633974,1.178097245096,1.602212253331),(0.,0.0204518865012005),
 .UNSPECIFIED.);
#15=B_SPLINE_SURFACE_WITH_KNOTS('',3,1,((#14344,#14345),(#14346,#14347),
(#14348,#14349),(#14350,#14351),(#14352,#14353),(#14354,#14355),(#14356,
#14357)),.UNSPECIFIED.,.F.,.F.,.F.,(4,1,1,1,4),(2,2),(-0.0314159265359,
0.3926990816987,0.7853981633974,1.178097245096,1.602212253331),(0.,0.0204518865012005),
 .UNSPECIFIED.);
#16=B_SPLINE_SURFACE_WITH_KNOTS('',3,1,((#14383,#14384),(#14385,#14386),
(#14387,#14388),(#14389,#14390),(#14391,#14392),(#14393,#14394),(#14395,
#14396)),.UNSPECIFIED.,.F.,.F.,.F.,(4,1,1,1,4),(2,2),(-0.0314159265359,
0.3926990816987,0.7853981633974,1.178097245096,1.602212253331),(0.,0.0204518865012005),
 .UNSPECIFIED.);
#17=B_SPLINE_CURVE_WITH_KNOTS('',3,(#12956,#12957,#12958,#12959,#12960,
#12961,#12962,#12963,#12964,#12965),.UNSPECIFIED.,.F.,.F.,(4,2,2,2,4),(0.153581171803658,
0.191975137364384,0.230369102925109,0.268765723266227,0.307162343607345),
 .UNSPECIFIED.);
#18=B_SPLINE_CURVE_WITH_KNOTS('',3,(#12967,#12968,#12969,#12970,#12971,
#12972,#12973,#12974,#12975,#12976),.UNSPECIFIED.,.F.,.F.,(4,2,2,2,4),(-0.307162343607345,
-0.268765723266227,-0.230369102925109,-0.191975137364384,-0.153581171803658),
 .UNSPECIFIED.);
#19=B_SPLINE_CURVE_WITH_KNOTS('',3,(#12981,#12982,#12983,#12984,#12985,
#12986,#12987,#12988,#12989,#12990),.UNSPECIFIED.,.F.,.F.,(4,2,2,2,4),(-0.153581171803658,
-0.115187206242945,-0.0767932406822312,-0.0383966203411156,0.),
 .UNSPECIFIED.);
#20=B_SPLINE_CURVE_WITH_KNOTS('',3,(#12991,#12992,#12993,#12994,#12995,
#12996,#12997,#12998,#12999,#13000),.UNSPECIFIED.,.F.,.F.,(4,2,2,2,4),(0.,
0.0383966203411156,0.0767932406822313,0.115187206242945,0.153581171803658),
 .UNSPECIFIED.);
#21=B_SPLINE_CURVE_WITH_KNOTS('',3,(#13003,#13004,#13005,#13006,#13007,
#13008,#13009,#13010,#13011,#13012,#13013,#13014,#13015,#13016,#13017,#13018,
#13019,#13020),.UNSPECIFIED.,.F.,.F.,(4,2,2,2,2,2,2,2,4),(0.,0.0383966203411158,
0.0767932406822315,0.115187206242945,0.153581171803658,0.191975137364383,
0.230369102925109,0.268765723266227,0.307162343607345),.UNSPECIFIED.);
#22=B_SPLINE_CURVE_WITH_KNOTS('',3,(#13021,#13022,#13023,#13024,#13025,
#13026,#13027,#13028,#13029,#13030,#13031,#13032,#13033,#13034,#13035,#13036,
#13037,#13038),.UNSPECIFIED.,.F.,.F.,(4,2,2,2,2,2,2,2,4),(-0.307162343607345,
-0.268765723266227,-0.230369102925109,-0.191975137364383,-0.153581171803658,
-0.115187206242945,-0.0767932406822315,-0.0383966203411157,0.),
 .UNSPECIFIED.);
#23=B_SPLINE_CURVE_WITH_KNOTS('',3,(#13170,#13171,#13172,#13173),
 .UNSPECIFIED.,.F.,.F.,(4,4),(5.49352609986488,5.56944085255648),
 .UNSPECIFIED.);
#24=B_SPLINE_CURVE_WITH_KNOTS('',3,(#13176,#13177,#13178,#13179),
 .UNSPECIFIED.,.F.,.F.,(4,4),(5.41761134717329,5.49352609986488),
 .UNSPECIFIED.);
#25=B_SPLINE_CURVE_WITH_KNOTS('',3,(#13187,#13188,#13189,#13190,#13191,
#13192),.UNSPECIFIED.,.F.,.F.,(4,2,4),(-5.56944085255648,-5.49352609986488,
-5.41761134717329),.UNSPECIFIED.);
#26=B_SPLINE_CURVE_WITH_KNOTS('',3,(#13298,#13299,#13300,#13301),
 .UNSPECIFIED.,.F.,.F.,(4,4),(3.99251155121595,4.06833695320741),
 .UNSPECIFIED.);
#27=B_SPLINE_CURVE_WITH_KNOTS('',3,(#13302,#13303,#13304,#13305),
 .UNSPECIFIED.,.F.,.F.,(4,4),(3.9166861492245,3.99251155121595),
 .UNSPECIFIED.);
#28=B_SPLINE_CURVE_WITH_KNOTS('',3,(#13307,#13308,#13309,#13310,#13311,
#13312),.UNSPECIFIED.,.F.,.F.,(4,2,4),(-4.06833695323731,-3.99251155121595,
-3.91668615037557),.UNSPECIFIED.);
#29=B_SPLINE_CURVE_WITH_KNOTS('',3,(#13883,#13884,#13885,#13886,#13887,
#13888,#13889),.UNSPECIFIED.,.F.,.F.,(4,1,1,1,4),(-1.5707963297968,-1.178097245096,
-0.7853981633974,-0.3926990816987,1.02534063531334E-8),.UNSPECIFIED.);
#30=B_SPLINE_CURVE_WITH_KNOTS('',3,(#13893,#13894,#13895,#13896,#13897,
#13898,#13899),.UNSPECIFIED.,.F.,.F.,(4,1,1,1,4),(-1.57079632977297,-1.178097245096,
-0.7853981633974,-0.3926990816987,1.02373601956751E-8),.UNSPECIFIED.);
#31=B_SPLINE_CURVE_WITH_KNOTS('',3,(#13903,#13904,#13905,#13906,#13907,
#13908,#13909),.UNSPECIFIED.,.F.,.F.,(4,1,1,1,4),(-1.5707963297968,-1.178097245096,
-0.7853981633974,-0.3926990816987,1.0253404285343E-8),.UNSPECIFIED.);
#32=B_SPLINE_CURVE_WITH_KNOTS('',3,(#13912,#13913,#13914,#13915,#13916,
#13917,#13918),.UNSPECIFIED.,.F.,.F.,(4,1,1,1,4),(-1.57079632977297,-1.178097245096,
-0.7853981633974,-0.3926990816987,1.02373596544414E-8),.UNSPECIFIED.);
#33=B_SPLINE_CURVE_WITH_KNOTS('',3,(#14250,#14251,#14252,#14253,#14254,
#14255,#14256),.UNSPECIFIED.,.F.,.F.,(4,1,1,1,4),(0.,0.25,0.5,0.75,1.),
 .UNSPECIFIED.);
#34=B_SPLINE_CURVE_WITH_KNOTS('',3,(#14259,#14260,#14261,#14262,#14263,
#14264,#14265),.UNSPECIFIED.,.F.,.F.,(4,1,1,1,4),(0.,0.25,0.5,0.75,1.),
 .UNSPECIFIED.);
#35=B_SPLINE_CURVE_WITH_KNOTS('',3,(#14281,#14282,#14283,#14284,#14285,
#14286,#14287),.UNSPECIFIED.,.F.,.F.,(4,1,1,1,4),(0.,0.25,0.5,0.75,1.),
 .UNSPECIFIED.);
#36=B_SPLINE_CURVE_WITH_KNOTS('',3,(#14288,#14289,#14290,#14291,#14292,
#14293,#14294),.UNSPECIFIED.,.F.,.F.,(4,1,1,1,4),(0.,0.25,0.5,0.75,1.),
 .UNSPECIFIED.);
#37=B_SPLINE_CURVE_WITH_KNOTS('',3,(#14298,#14299,#14300,#14301,#14302,
#14303,#14304),.UNSPECIFIED.,.F.,.F.,(4,1,1,1,4),(0.,0.25,0.5,0.75,1.),
 .UNSPECIFIED.);
#38=B_SPLINE_CURVE_WITH_KNOTS('',3,(#14320,#14321,#14322,#14323,#14324,
#14325,#14326),.UNSPECIFIED.,.F.,.F.,(4,1,1,1,4),(0.,0.25,0.5,0.75,1.),
 .UNSPECIFIED.);
#39=B_SPLINE_CURVE_WITH_KNOTS('',3,(#14327,#14328,#14329,#14330,#14331,
#14332,#14333),.UNSPECIFIED.,.F.,.F.,(4,1,1,1,4),(0.,0.25,0.5,0.75,1.),
 .UNSPECIFIED.);
#40=B_SPLINE_CURVE_WITH_KNOTS('',3,(#14337,#14338,#14339,#14340,#14341,
#14342,#14343),.UNSPECIFIED.,.F.,.F.,(4,1,1,1,4),(0.,0.25,0.5,0.75,1.),
 .UNSPECIFIED.);
#41=B_SPLINE_CURVE_WITH_KNOTS('',3,(#14359,#14360,#14361,#14362,#14363,
#14364,#14365),.UNSPECIFIED.,.F.,.F.,(4,1,1,1,4),(0.,0.25,0.5,0.75,1.),
 .UNSPECIFIED.);
#42=B_SPLINE_CURVE_WITH_KNOTS('',3,(#14366,#14367,#14368,#14369,#14370,
#14371,#14372),.UNSPECIFIED.,.F.,.F.,(4,1,1,1,4),(0.,0.25,0.5,0.75,1.),
 .UNSPECIFIED.);
#43=B_SPLINE_CURVE_WITH_KNOTS('',3,(#14376,#14377,#14378,#14379,#14380,
#14381,#14382),.UNSPECIFIED.,.F.,.F.,(4,1,1,1,4),(0.,0.25,0.5,0.75,1.),
 .UNSPECIFIED.);
#44=B_SPLINE_CURVE_WITH_KNOTS('',3,(#14397,#14398,#14399,#14400,#14401,
#14402,#14403),.UNSPECIFIED.,.F.,.F.,(4,1,1,1,4),(0.,0.25,0.5,0.75,1.),
 .UNSPECIFIED.);
#45=B_SPLINE_CURVE_WITH_KNOTS('',3,(#14876,#14877,#14878,#14879,#14880,
#14881),.UNSPECIFIED.,.F.,.F.,(4,2,4),(2.17389665303117,2.17965842425053,
2.25524779215993),.UNSPECIFIED.);
#46=B_SPLINE_CURVE_WITH_KNOTS('',3,(#14882,#14883,#14884,#14885,#14886,
#14887),.UNSPECIFIED.,.F.,.F.,(4,2,4),(2.1814143563511,2.23700021597336,
2.26333084390151),.UNSPECIFIED.);
#47=B_SPLINE_CURVE_WITH_KNOTS('',3,(#14888,#14889,#14890,#14891,#14892,
#14893),.UNSPECIFIED.,.F.,.F.,(4,2,4),(2.18315382188566,2.24500437483946,
2.26982691777222),.UNSPECIFIED.);
#48=B_SPLINE_CURVE_WITH_KNOTS('',3,(#14894,#14895,#14896,#14897,#14898,
#14899),.UNSPECIFIED.,.F.,.F.,(4,2,4),(2.14363102785211,2.16845357078165,
2.23030412373597),.UNSPECIFIED.);
#49=B_SPLINE_CURVE_WITH_KNOTS('',3,(#14900,#14901,#14902,#14903,#14904,
#14905),.UNSPECIFIED.,.F.,.F.,(4,2,4),(2.17145297138257,2.19778900922355,
2.25336937823752),.UNSPECIFIED.);
#50=B_SPLINE_CURVE_WITH_KNOTS('',3,(#14906,#14907,#14908,#14909,#14910,
#14911),.UNSPECIFIED.,.F.,.F.,(4,2,4),(2.14404784229888,2.21964655743949,
2.22539915232269),.UNSPECIFIED.);
#51=B_SPLINE_CURVE_WITH_KNOTS('',3,(#14977,#14978,#14979,#14980,#14981,
#14982,#14983,#14984,#14985,#14986,#14987,#14988,#14989,#14990,#14991,#14992,
#14993,#14994),.UNSPECIFIED.,.F.,.F.,(4,1,1,1,1,1,1,1,1,1,1,1,1,1,1,4),
(0.,0.06666666666667,0.1333333333333,0.2,0.2666666666667,0.3333333333333,
0.4,0.4666666666667,0.5333333333333,0.6,0.6666666666667,0.7333333333333,
0.8,0.8666666666667,0.9333333333333,1.),.UNSPECIFIED.);
#52=B_SPLINE_CURVE_WITH_KNOTS('',3,(#15001,#15002,#15003,#15004,#15005,
#15006,#15007,#15008,#15009,#15010,#15011,#15012,#15013,#15014,#15015,#15016,
#15017,#15018),.UNSPECIFIED.,.F.,.F.,(4,1,1,1,1,1,1,1,1,1,1,1,1,1,1,4),
(0.,0.06666666666667,0.1333333333333,0.2,0.2666666666667,0.3333333333333,
0.4,0.4666666666667,0.5333333333333,0.6,0.6666666666667,0.7333333333333,
0.8,0.8666666666667,0.9333333333333,1.),.UNSPECIFIED.);
#53=B_SPLINE_CURVE_WITH_KNOTS('',3,(#15025,#15026,#15027,#15028,#15029,
#15030,#15031,#15032,#15033,#15034,#15035,#15036,#15037,#15038,#15039,#15040,
#15041,#15042),.UNSPECIFIED.,.F.,.F.,(4,1,1,1,1,1,1,1,1,1,1,1,1,1,1,4),
(0.,0.06666666666667,0.1333333333333,0.2,0.2666666666667,0.3333333333333,
0.4,0.4666666666667,0.5333333333333,0.6,0.6666666666667,0.7333333333333,
0.8,0.8666666666667,0.9333333333333,1.),.UNSPECIFIED.);
#54=B_SPLINE_CURVE_WITH_KNOTS('',3,(#15049,#15050,#15051,#15052,#15053,
#15054,#15055,#15056,#15057,#15058,#15059,#15060,#15061,#15062,#15063,#15064,
#15065,#15066),.UNSPECIFIED.,.F.,.F.,(4,1,1,1,1,1,1,1,1,1,1,1,1,1,1,4),
(0.,0.06666666666667,0.1333333333333,0.2,0.2666666666667,0.3333333333333,
0.4,0.4666666666667,0.5333333333333,0.6,0.6666666666667,0.7333333333333,
0.8,0.8666666666667,0.9333333333333,1.),.UNSPECIFIED.);
#55=B_SPLINE_CURVE_WITH_KNOTS('',3,(#15073,#15074,#15075,#15076,#15077,
#15078,#15079,#15080,#15081,#15082,#15083,#15084,#15085,#15086,#15087,#15088,
#15089,#15090),.UNSPECIFIED.,.F.,.F.,(4,1,1,1,1,1,1,1,1,1,1,1,1,1,1,4),
(0.,0.06666666666667,0.1333333333333,0.2,0.2666666666667,0.3333333333333,
0.4,0.4666666666667,0.5333333333333,0.6,0.6666666666667,0.7333333333333,
0.8,0.8666666666667,0.9333333333333,1.),.UNSPECIFIED.);
#56=B_SPLINE_CURVE_WITH_KNOTS('',3,(#15097,#15098,#15099,#15100,#15101,
#15102,#15103,#15104,#15105,#15106,#15107,#15108,#15109,#15110,#15111,#15112,
#15113,#15114),.UNSPECIFIED.,.F.,.F.,(4,1,1,1,1,1,1,1,1,1,1,1,1,1,1,4),
(0.,0.06666666666667,0.1333333333333,0.2,0.2666666666667,0.3333333333333,
0.4,0.4666666666667,0.5333333333333,0.6,0.6666666666667,0.7333333333333,
0.8,0.8666666666667,0.9333333333333,1.),.UNSPECIFIED.);
#57=B_SPLINE_CURVE_WITH_KNOTS('',3,(#15320,#15321,#15322,#15323,#15324,
#15325),.UNSPECIFIED.,.F.,.F.,(4,2,4),(2.14312281108074,2.16798355053518,
2.22979614281414),.UNSPECIFIED.);
#58=B_SPLINE_CURVE_WITH_KNOTS('',3,(#15333,#15334,#15335,#15336,#15337,
#15338),.UNSPECIFIED.,.F.,.F.,(4,2,4),(2.17152466191642,2.19785666334403,
2.25344112897796),.UNSPECIFIED.);
#59=B_SPLINE_CURVE_WITH_KNOTS('',3,(#15346,#15347,#15348,#15349,#15350,
#15351),.UNSPECIFIED.,.F.,.F.,(4,2,4),(2.14456372428629,2.22015309225031,
2.22591486341644),.UNSPECIFIED.);
#60=B_SPLINE_CURVE_WITH_KNOTS('',3,(#15359,#15360,#15361,#15362,#15363,
#15364),.UNSPECIFIED.,.F.,.F.,(4,2,4),(2.17389664987092,2.17965842104015,
2.25524778900456),.UNSPECIFIED.);
#61=B_SPLINE_CURVE_WITH_KNOTS('',3,(#15372,#15373,#15374,#15375,#15376,
#15377),.UNSPECIFIED.,.F.,.F.,(4,2,4),(2.18141436592165,2.2370002260595,
2.26333085347914),.UNSPECIFIED.);
#62=B_SPLINE_CURVE_WITH_KNOTS('',3,(#15385,#15386,#15387,#15388,#15389,
#15390),.UNSPECIFIED.,.F.,.F.,(4,2,4),(2.18315383306954,2.24500438689175,
2.26982692894843),.UNSPECIFIED.);
#63=STYLED_ITEM('',(#15937),#67);
#64=STYLED_ITEM('',(#15937),#68);
#65=STYLED_ITEM('',(#15937),#69);
#66=STYLED_ITEM('',(#15937),#70);
#67=MANIFOLD_SOLID_BREP('Body1',#9006);
#68=MANIFOLD_SOLID_BREP('Body2',#9007);
#69=MANIFOLD_SOLID_BREP('Body3',#9008);
#70=MANIFOLD_SOLID_BREP('Body4',#9009);
#71=TOROIDAL_SURFACE('',#9046,2.959,0.8);
#72=TOROIDAL_SURFACE('',#9086,5.5484,0.2286);
#73=FACE_BOUND('',#1075,.T.);
#74=FACE_BOUND('',#1079,.T.);
#75=FACE_BOUND('',#1083,.T.);
#76=FACE_BOUND('',#1088,.T.);
#77=FACE_BOUND('',#1090,.T.);
#78=FACE_BOUND('',#1093,.T.);
#79=FACE_BOUND('',#1095,.T.);
#80=FACE_BOUND('',#1098,.T.);
#81=FACE_BOUND('',#1106,.T.);
#82=FACE_BOUND('',#1110,.T.);
#83=FACE_BOUND('',#1113,.T.);
#84=FACE_BOUND('',#1117,.T.);
#85=FACE_BOUND('',#1119,.T.);
#86=FACE_BOUND('',#1123,.T.);
#87=FACE_BOUND('',#1127,.T.);
#88=FACE_BOUND('',#1128,.T.);
#89=FACE_BOUND('',#1129,.T.);
#90=FACE_BOUND('',#1130,.T.);
#91=FACE_BOUND('',#1131,.T.);
#92=FACE_BOUND('',#1132,.T.);
#93=FACE_BOUND('',#1133,.T.);
#94=FACE_BOUND('',#1167,.T.);
#95=FACE_BOUND('',#1168,.T.);
#96=FACE_BOUND('',#1169,.T.);
#97=FACE_BOUND('',#1174,.T.);
#98=FACE_BOUND('',#1175,.T.);
#99=FACE_BOUND('',#1176,.T.);
#100=FACE_BOUND('',#1178,.T.);
#101=FACE_BOUND('',#1233,.T.);
#102=FACE_BOUND('',#1234,.T.);
#103=FACE_BOUND('',#1235,.T.);
#104=FACE_BOUND('',#1236,.T.);
#105=FACE_BOUND('',#1237,.T.);
#106=FACE_BOUND('',#1238,.T.);
#107=FACE_BOUND('',#1239,.T.);
#108=FACE_BOUND('',#1240,.T.);
#109=FACE_BOUND('',#1257,.T.);
#110=FACE_BOUND('',#1258,.T.);
#111=FACE_BOUND('',#1261,.T.);
#112=FACE_BOUND('',#1262,.T.);
#113=FACE_BOUND('',#1270,.T.);
#114=FACE_BOUND('',#1311,.T.);
#115=FACE_BOUND('',#1312,.T.);
#116=FACE_BOUND('',#1313,.T.);
#117=FACE_BOUND('',#1314,.T.);
#118=FACE_BOUND('',#1315,.T.);
#119=FACE_BOUND('',#1316,.T.);
#120=FACE_BOUND('',#1317,.T.);
#121=FACE_BOUND('',#1318,.T.);
#122=FACE_BOUND('',#1340,.T.);
#123=FACE_BOUND('',#1341,.T.);
#124=FACE_BOUND('',#1342,.T.);
#125=FACE_BOUND('',#1343,.T.);
#126=FACE_BOUND('',#1344,.T.);
#127=FACE_BOUND('',#1345,.T.);
#128=FACE_BOUND('',#1346,.T.);
#129=FACE_BOUND('',#1347,.T.);
#130=FACE_BOUND('',#1355,.T.);
#131=FACE_BOUND('',#1356,.T.);
#132=FACE_BOUND('',#1357,.T.);
#133=FACE_BOUND('',#1359,.T.);
#134=FACE_BOUND('',#1360,.T.);
#135=FACE_BOUND('',#1380,.T.);
#136=FACE_BOUND('',#1394,.T.);
#137=FACE_BOUND('',#1433,.T.);
#138=FACE_BOUND('',#1435,.T.);
#139=FACE_BOUND('',#1437,.T.);
#140=FACE_BOUND('',#1439,.T.);
#141=FACE_BOUND('',#1441,.T.);
#142=FACE_BOUND('',#1443,.T.);
#143=FACE_BOUND('',#1446,.T.);
#144=FACE_BOUND('',#1448,.T.);
#145=FACE_BOUND('',#1450,.T.);
#146=FACE_BOUND('',#1452,.T.);
#147=FACE_BOUND('',#1456,.T.);
#148=FACE_BOUND('',#1457,.T.);
#149=FACE_BOUND('',#1465,.T.);
#150=FACE_BOUND('',#1466,.T.);
#151=FACE_BOUND('',#1468,.T.);
#152=FACE_BOUND('',#1469,.T.);
#153=FACE_BOUND('',#1477,.T.);
#154=FACE_BOUND('',#1485,.T.);
#155=FACE_BOUND('',#1489,.T.);
#156=FACE_BOUND('',#1491,.T.);
#157=FACE_BOUND('',#1496,.T.);
#158=FACE_BOUND('',#1498,.T.);
#159=FACE_BOUND('',#1500,.T.);
#160=FACE_BOUND('',#1502,.T.);
#161=FACE_BOUND('',#1504,.T.);
#162=FACE_BOUND('',#1506,.T.);
#163=FACE_BOUND('',#1528,.T.);
#164=FACE_BOUND('',#1530,.T.);
#165=FACE_BOUND('',#1533,.T.);
#166=FACE_BOUND('',#1534,.T.);
#167=FACE_BOUND('',#1535,.T.);
#168=FACE_BOUND('',#1536,.T.);
#169=FACE_BOUND('',#1537,.T.);
#170=FACE_BOUND('',#1538,.T.);
#171=FACE_BOUND('',#1552,.T.);
#172=FACE_BOUND('',#1588,.T.);
#173=FACE_BOUND('',#1590,.T.);
#174=FACE_BOUND('',#1592,.T.);
#175=FACE_BOUND('',#1594,.T.);
#176=FACE_BOUND('',#1596,.T.);
#177=FACE_BOUND('',#1598,.T.);
#178=FACE_BOUND('',#1600,.T.);
#179=FACE_BOUND('',#1616,.T.);
#180=FACE_BOUND('',#1631,.T.);
#181=FACE_BOUND('',#1633,.T.);
#182=FACE_BOUND('',#1635,.T.);
#183=FACE_BOUND('',#1637,.T.);
#184=FACE_BOUND('',#1639,.T.);
#185=FACE_BOUND('',#1641,.T.);
#186=FACE_BOUND('',#1643,.T.);
#187=FACE_BOUND('',#1645,.T.);
#188=FACE_BOUND('',#1648,.T.);
#189=FACE_BOUND('',#1650,.T.);
#190=FACE_BOUND('',#1652,.T.);
#191=FACE_BOUND('',#1654,.T.);
#192=FACE_BOUND('',#1656,.T.);
#193=FACE_BOUND('',#1658,.T.);
#194=FACE_BOUND('',#1660,.T.);
#195=FACE_BOUND('',#1662,.T.);
#196=FACE_BOUND('',#1664,.T.);
#197=FACE_BOUND('',#1666,.T.);
#198=FACE_BOUND('',#1668,.T.);
#199=FACE_BOUND('',#1670,.T.);
#200=PLANE('',#9028);
#201=PLANE('',#9034);
#202=PLANE('',#9041);
#203=PLANE('',#9051);
#204=PLANE('',#9053);
#205=PLANE('',#9059);
#206=PLANE('',#9063);
#207=PLANE('',#9070);
#208=PLANE('',#9073);
#209=PLANE('',#9077);
#210=PLANE('',#9084);
#211=PLANE('',#9088);
#212=PLANE('',#9095);
#213=PLANE('',#9097);
#214=PLANE('',#9103);
#215=PLANE('',#9105);
#216=PLANE('',#9108);
#217=PLANE('',#9149);
#218=PLANE('',#9153);
#219=PLANE('',#9159);
#220=PLANE('',#9163);
#221=PLANE('',#9165);
#222=PLANE('',#9166);
#223=PLANE('',#9167);
#224=PLANE('',#9168);
#225=PLANE('',#9169);
#226=PLANE('',#9170);
#227=PLANE('',#9173);
#228=PLANE('',#9179);
#229=PLANE('',#9183);
#230=PLANE('',#9187);
#231=PLANE('',#9191);
#232=PLANE('',#9228);
#233=PLANE('',#9229);
#234=PLANE('',#9230);
#235=PLANE('',#9231);
#236=PLANE('',#9232);
#237=PLANE('',#9233);
#238=PLANE('',#9234);
#239=PLANE('',#9235);
#240=PLANE('',#9236);
#241=PLANE('',#9241);
#242=PLANE('',#9246);
#243=PLANE('',#9248);
#244=PLANE('',#9250);
#245=PLANE('',#9252);
#246=PLANE('',#9254);
#247=PLANE('',#9258);
#248=PLANE('',#9259);
#249=PLANE('',#9261);
#250=PLANE('',#9263);
#251=PLANE('',#9267);
#252=PLANE('',#9268);
#253=PLANE('',#9270);
#254=PLANE('',#9272);
#255=PLANE('',#9275);
#256=PLANE('',#9278);
#257=PLANE('',#9285);
#258=PLANE('',#9286);
#259=PLANE('',#9287);
#260=PLANE('',#9291);
#261=PLANE('',#9295);
#262=PLANE('',#9300);
#263=PLANE('',#9317);
#264=PLANE('',#9321);
#265=PLANE('',#9323);
#266=PLANE('',#9329);
#267=PLANE('',#9334);
#268=PLANE('',#9337);
#269=PLANE('',#9340);
#270=PLANE('',#9341);
#271=PLANE('',#9344);
#272=PLANE('',#9353);
#273=PLANE('',#9359);
#274=PLANE('',#9364);
#275=PLANE('',#9369);
#276=PLANE('',#9370);
#277=PLANE('',#9371);
#278=PLANE('',#9372);
#279=PLANE('',#9373);
#280=PLANE('',#9374);
#281=PLANE('',#9376);
#282=PLANE('',#9377);
#283=PLANE('',#9379);
#284=PLANE('',#9382);
#285=PLANE('',#9387);
#286=PLANE('',#9392);
#287=PLANE('',#9395);
#288=PLANE('',#9398);
#289=PLANE('',#9401);
#290=PLANE('',#9422);
#291=PLANE('',#9423);
#292=PLANE('',#9424);
#293=PLANE('',#9425);
#294=PLANE('',#9426);
#295=PLANE('',#9428);
#296=PLANE('',#9429);
#297=PLANE('',#9431);
#298=PLANE('',#9432);
#299=PLANE('',#9433);
#300=PLANE('',#9436);
#301=PLANE('',#9437);
#302=PLANE('',#9439);
#303=PLANE('',#9448);
#304=PLANE('',#9451);
#305=PLANE('',#9456);
#306=PLANE('',#9459);
#307=PLANE('',#9462);
#308=PLANE('',#9467);
#309=PLANE('',#9470);
#310=PLANE('',#9473);
#311=PLANE('',#9474);
#312=PLANE('',#9475);
#313=PLANE('',#9477);
#314=PLANE('',#9487);
#315=PLANE('',#9490);
#316=PLANE('',#9493);
#317=PLANE('',#9494);
#318=PLANE('',#9495);
#319=PLANE('',#9496);
#320=PLANE('',#9497);
#321=PLANE('',#9498);
#322=PLANE('',#9499);
#323=PLANE('',#9500);
#324=PLANE('',#9501);
#325=PLANE('',#9502);
#326=PLANE('',#9503);
#327=PLANE('',#9505);
#328=PLANE('',#9506);
#329=PLANE('',#9507);
#330=PLANE('',#9508);
#331=PLANE('',#9510);
#332=PLANE('',#9511);
#333=PLANE('',#9512);
#334=PLANE('',#9538);
#335=PLANE('',#9540);
#336=PLANE('',#9541);
#337=PLANE('',#9542);
#338=PLANE('',#9543);
#339=PLANE('',#9559);
#340=PLANE('',#9560);
#341=PLANE('',#9561);
#342=PLANE('',#9562);
#343=PLANE('',#9563);
#344=PLANE('',#9567);
#345=PLANE('',#9570);
#346=PLANE('',#9589);
#347=PLANE('',#9592);
#348=PLANE('',#9599);
#349=PLANE('',#9602);
#350=PLANE('',#9606);
#351=PLANE('',#9607);
#352=PLANE('',#9608);
#353=PLANE('',#9609);
#354=PLANE('',#9610);
#355=PLANE('',#9611);
#356=PLANE('',#9612);
#357=PLANE('',#9614);
#358=PLANE('',#9616);
#359=PLANE('',#9618);
#360=PLANE('',#9620);
#361=PLANE('',#9622);
#362=PLANE('',#9626);
#363=PLANE('',#9628);
#364=PLANE('',#9630);
#365=PLANE('',#9632);
#366=PLANE('',#9634);
#367=PLANE('',#9635);
#368=PLANE('',#9636);
#369=PLANE('',#9639);
#370=PLANE('',#9640);
#371=PLANE('',#9641);
#372=PLANE('',#9644);
#373=PLANE('',#9645);
#374=PLANE('',#9646);
#375=PLANE('',#9649);
#376=PLANE('',#9658);
#377=PLANE('',#9684);
#378=PLANE('',#9685);
#379=PLANE('',#9693);
#380=PLANE('',#9694);
#381=PLANE('',#9701);
#382=PLANE('',#9703);
#383=PLANE('',#9711);
#384=PLANE('',#9717);
#385=PLANE('',#9723);
#386=PLANE('',#9729);
#387=PLANE('',#9735);
#388=PLANE('',#9741);
#389=PLANE('',#9766);
#390=PLANE('',#9768);
#391=PLANE('',#9770);
#392=PLANE('',#9772);
#393=PLANE('',#9774);
#394=PLANE('',#9784);
#395=PLANE('',#9785);
#396=PLANE('',#9823);
#397=PLANE('',#9829);
#398=PLANE('',#9830);
#399=PLANE('',#9831);
#400=PLANE('',#9832);
#401=PLANE('',#9833);
#402=PLANE('',#9834);
#403=PLANE('',#9835);
#404=PLANE('',#9836);
#405=PLANE('',#9837);
#406=PLANE('',#9838);
#407=PLANE('',#9839);
#408=PLANE('',#9840);
#409=PLANE('',#9899);
#410=PLANE('',#9900);
#411=PLANE('',#9901);
#412=PLANE('',#9902);
#413=PLANE('',#9903);
#414=PLANE('',#9915);
#415=PLANE('',#9919);
#416=PLANE('',#9922);
#417=PLANE('',#9925);
#418=PLANE('',#9928);
#419=PLANE('',#9931);
#420=PLANE('',#9969);
#421=PLANE('',#9997);
#422=PLANE('',#9998);
#423=PLANE('',#10000);
#424=PLANE('',#10002);
#425=PLANE('',#10004);
#426=PLANE('',#10006);
#427=PLANE('',#10008);
#428=PLANE('',#10010);
#429=PLANE('',#10013);
#430=PLANE('',#10015);
#431=PLANE('',#10017);
#432=PLANE('',#10019);
#433=PLANE('',#10021);
#434=PLANE('',#10023);
#435=PLANE('',#10025);
#436=PLANE('',#10026);
#437=PLANE('',#10027);
#438=PLANE('',#10028);
#439=PLANE('',#10029);
#440=PLANE('',#10030);
#441=PLANE('',#10037);
#442=PLANE('',#10038);
#443=PLANE('',#10039);
#444=PLANE('',#10040);
#445=PLANE('',#10041);
#446=PLANE('',#10042);
#447=PLANE('',#10043);
#448=PLANE('',#10044);
#449=PLANE('',#10045);
#450=PLANE('',#10046);
#451=PLANE('',#10047);
#452=PLANE('',#10048);
#453=PLANE('',#10049);
#454=PLANE('',#10050);
#455=PLANE('',#10051);
#456=PLANE('',#10052);
#457=PLANE('',#10053);
#458=PLANE('',#10054);
#459=PLANE('',#10055);
#460=PLANE('',#10056);
#461=PLANE('',#10057);
#462=PLANE('',#10058);
#463=PLANE('',#10059);
#464=PLANE('',#10060);
#465=PLANE('',#10061);
#466=PLANE('',#10062);
#467=PLANE('',#10063);
#468=PLANE('',#10064);
#469=PLANE('',#10065);
#470=PLANE('',#10066);
#471=PLANE('',#10067);
#472=PLANE('',#10068);
#473=PLANE('',#10069);
#474=PLANE('',#10070);
#475=PLANE('',#10071);
#476=PLANE('',#10072);
#477=PLANE('',#10073);
#478=PLANE('',#10074);
#479=PLANE('',#10075);
#480=PLANE('',#10076);
#481=PLANE('',#10077);
#482=PLANE('',#10078);
#483=CONICAL_SURFACE('',#9026,1.0541,0.847816973393452);
#484=CONICAL_SURFACE('',#9032,3.2325,0.785398163397448);
#485=CONICAL_SURFACE('',#9038,1.8415,0.785398163397448);
#486=CONICAL_SURFACE('',#9074,5.705,1.0471975511966);
#487=CONICAL_SURFACE('',#9116,34.29,0.785398163397448);
#488=CONICAL_SURFACE('',#9118,3.7465,0.785398163397448);
#489=CONICAL_SURFACE('',#9120,3.7465,0.785398163397448);
#490=CONICAL_SURFACE('',#9122,3.7465,0.785398163397448);
#491=CONICAL_SURFACE('',#9124,3.7465,0.785398163397448);
#492=CONICAL_SURFACE('',#9126,3.7465,0.785398163397448);
#493=CONICAL_SURFACE('',#9128,3.7465,0.785398163397448);
#494=CONICAL_SURFACE('',#9151,34.29,0.785398163397448);
#495=CONICAL_SURFACE('',#9161,34.29,0.785398163397448);
#496=CONICAL_SURFACE('',#9193,3.7465,0.785398163397448);
#497=CONICAL_SURFACE('',#9196,3.7465,0.785398163397448);
#498=CONICAL_SURFACE('',#9199,3.7465,0.785398163397448);
#499=CONICAL_SURFACE('',#9202,3.7465,0.785398163397448);
#500=CONICAL_SURFACE('',#9205,3.7465,0.785398163397448);
#501=CONICAL_SURFACE('',#9208,3.7465,0.785398163397448);
#502=CONICAL_SURFACE('',#9211,21.65285926454,1.22173047639603);
#503=CONICAL_SURFACE('',#9226,20.93277787946,0.0872664625997165);
#504=CONICAL_SURFACE('',#9404,1.771883495984,0.537024719284332);
#505=CONICAL_SURFACE('',#9407,1.771883495984,0.537024719284332);
#506=CONICAL_SURFACE('',#9410,1.771883495984,0.537024719284332);
#507=CONICAL_SURFACE('',#9413,1.771883495984,0.537024719284332);
#508=CONICAL_SURFACE('',#9416,1.771883495984,0.537024719284332);
#509=CONICAL_SURFACE('',#9419,1.771883495984,0.537024719284332);
#510=CONICAL_SURFACE('',#9574,16.7005,0.785398163397448);
#511=CONICAL_SURFACE('',#9669,16.7005,0.785398163397448);
#512=CONICAL_SURFACE('',#9705,4.750000749908,0.785398321291626);
#513=CONICAL_SURFACE('',#9707,4.750000749908,0.785398321291626);
#514=CONICAL_SURFACE('',#9709,16.7005,0.785398163397448);
#515=CONICAL_SURFACE('',#9747,2.667,0.785398163397448);
#516=CONICAL_SURFACE('',#9750,2.667,0.785398163397448);
#517=CONICAL_SURFACE('',#9753,2.667,0.785398163397448);
#518=CONICAL_SURFACE('',#9756,2.667,0.785398163397448);
#519=CONICAL_SURFACE('',#9759,2.667,0.785398163397448);
#520=CONICAL_SURFACE('',#9762,2.667,0.785398163397448);
#521=CONICAL_SURFACE('',#9793,2.3749,0.785398163397448);
#522=CONICAL_SURFACE('',#9796,2.3749,0.785398163397448);
#523=CONICAL_SURFACE('',#9799,2.3749,0.785398163397448);
#524=CONICAL_SURFACE('',#9802,2.3749,0.785398163397448);
#525=CONICAL_SURFACE('',#9805,2.3749,0.785398163397448);
#526=CONICAL_SURFACE('',#9808,2.3749,0.785398163397448);
#527=CONICAL_SURFACE('',#9825,2.648177179713,0.537024719284332);
#528=CONICAL_SURFACE('',#9827,2.648177179713,0.537024719284332);
#529=CONICAL_SURFACE('',#9841,16.7005,0.785398163397448);
#530=CONICAL_SURFACE('',#9861,9.9187,1.22173047639603);
#531=CONICAL_SURFACE('',#9864,9.9187,1.22173047639603);
#532=CONICAL_SURFACE('',#9879,2.667,0.785398163397448);
#533=CONICAL_SURFACE('',#9882,2.667,0.785398163397448);
#534=CONICAL_SURFACE('',#9885,2.667,0.785398163397448);
#535=CONICAL_SURFACE('',#9888,2.667,0.785398163397448);
#536=CONICAL_SURFACE('',#9891,2.667,0.785398163397448);
#537=CONICAL_SURFACE('',#9894,2.667,0.785398163397448);
#538=CONICAL_SURFACE('',#9953,9.121777879464,0.0872664625997165);
#539=CONICAL_SURFACE('',#9955,9.121777879464,0.0872664625997165);
#540=CONICAL_SURFACE('',#9957,2.3749,0.785398163397448);
#541=CONICAL_SURFACE('',#9959,2.3749,0.785398163397448);
#542=CONICAL_SURFACE('',#9961,2.3749,0.785398163397448);
#543=CONICAL_SURFACE('',#9963,2.3749,0.785398163397448);
#544=CONICAL_SURFACE('',#9965,2.3749,0.785398163397448);
#545=CONICAL_SURFACE('',#9967,2.3749,0.785398163397448);
#546=CONICAL_SURFACE('',#9985,3.324999294242,0.785397938136179);
#547=CONICAL_SURFACE('',#9987,3.324999294242,0.785397938136179);
#548=CONICAL_SURFACE('',#9989,3.324999294242,0.785397938136179);
#549=CONICAL_SURFACE('',#9991,3.324999294242,0.785397938136179);
#550=CONICAL_SURFACE('',#9993,3.324999294242,0.785397938136179);
#551=CONICAL_SURFACE('',#9995,3.324999294242,0.785397938136179);
#552=FACE_OUTER_BOUND('',#1072,.T.);
#553=FACE_OUTER_BOUND('',#1073,.T.);
#554=FACE_OUTER_BOUND('',#1074,.T.);
#555=FACE_OUTER_BOUND('',#1076,.T.);
#556=FACE_OUTER_BOUND('',#1077,.T.);
#557=FACE_OUTER_BOUND('',#1078,.T.);
#558=FACE_OUTER_BOUND('',#1080,.T.);
#559=FACE_OUTER_BOUND('',#1081,.T.);
#560=FACE_OUTER_BOUND('',#1082,.T.);
#561=FACE_OUTER_BOUND('',#1084,.T.);
#562=FACE_OUTER_BOUND('',#1085,.T.);
#563=FACE_OUTER_BOUND('',#1086,.T.);
#564=FACE_OUTER_BOUND('',#1087,.T.);
#565=FACE_OUTER_BOUND('',#1089,.T.);
#566=FACE_OUTER_BOUND('',#1091,.T.);
#567=FACE_OUTER_BOUND('',#1092,.T.);
#568=FACE_OUTER_BOUND('',#1094,.T.);
#569=FACE_OUTER_BOUND('',#1096,.T.);
#570=FACE_OUTER_BOUND('',#1097,.T.);
#571=FACE_OUTER_BOUND('',#1099,.T.);
#572=FACE_OUTER_BOUND('',#1100,.T.);
#573=FACE_OUTER_BOUND('',#1101,.T.);
#574=FACE_OUTER_BOUND('',#1102,.T.);
#575=FACE_OUTER_BOUND('',#1103,.T.);
#576=FACE_OUTER_BOUND('',#1104,.T.);
#577=FACE_OUTER_BOUND('',#1105,.T.);
#578=FACE_OUTER_BOUND('',#1107,.T.);
#579=FACE_OUTER_BOUND('',#1108,.T.);
#580=FACE_OUTER_BOUND('',#1109,.T.);
#581=FACE_OUTER_BOUND('',#1111,.T.);
#582=FACE_OUTER_BOUND('',#1112,.T.);
#583=FACE_OUTER_BOUND('',#1114,.T.);
#584=FACE_OUTER_BOUND('',#1115,.T.);
#585=FACE_OUTER_BOUND('',#1116,.T.);
#586=FACE_OUTER_BOUND('',#1118,.T.);
#587=FACE_OUTER_BOUND('',#1120,.T.);
#588=FACE_OUTER_BOUND('',#1121,.T.);
#589=FACE_OUTER_BOUND('',#1122,.T.);
#590=FACE_OUTER_BOUND('',#1124,.T.);
#591=FACE_OUTER_BOUND('',#1125,.T.);
#592=FACE_OUTER_BOUND('',#1126,.T.);
#593=FACE_OUTER_BOUND('',#1134,.T.);
#594=FACE_OUTER_BOUND('',#1135,.T.);
#595=FACE_OUTER_BOUND('',#1136,.T.);
#596=FACE_OUTER_BOUND('',#1137,.T.);
#597=FACE_OUTER_BOUND('',#1138,.T.);
#598=FACE_OUTER_BOUND('',#1139,.T.);
#599=FACE_OUTER_BOUND('',#1140,.T.);
#600=FACE_OUTER_BOUND('',#1141,.T.);
#601=FACE_OUTER_BOUND('',#1142,.T.);
#602=FACE_OUTER_BOUND('',#1143,.T.);
#603=FACE_OUTER_BOUND('',#1144,.T.);
#604=FACE_OUTER_BOUND('',#1145,.T.);
#605=FACE_OUTER_BOUND('',#1146,.T.);
#606=FACE_OUTER_BOUND('',#1147,.T.);
#607=FACE_OUTER_BOUND('',#1148,.T.);
#608=FACE_OUTER_BOUND('',#1149,.T.);
#609=FACE_OUTER_BOUND('',#1150,.T.);
#610=FACE_OUTER_BOUND('',#1151,.T.);
#611=FACE_OUTER_BOUND('',#1152,.T.);
#612=FACE_OUTER_BOUND('',#1153,.T.);
#613=FACE_OUTER_BOUND('',#1154,.T.);
#614=FACE_OUTER_BOUND('',#1155,.T.);
#615=FACE_OUTER_BOUND('',#1156,.T.);
#616=FACE_OUTER_BOUND('',#1157,.T.);
#617=FACE_OUTER_BOUND('',#1158,.T.);
#618=FACE_OUTER_BOUND('',#1159,.T.);
#619=FACE_OUTER_BOUND('',#1160,.T.);
#620=FACE_OUTER_BOUND('',#1161,.T.);
#621=FACE_OUTER_BOUND('',#1162,.T.);
#622=FACE_OUTER_BOUND('',#1163,.T.);
#623=FACE_OUTER_BOUND('',#1164,.T.);
#624=FACE_OUTER_BOUND('',#1165,.T.);
#625=FACE_OUTER_BOUND('',#1166,.T.);
#626=FACE_OUTER_BOUND('',#1170,.T.);
#627=FACE_OUTER_BOUND('',#1171,.T.);
#628=FACE_OUTER_BOUND('',#1172,.T.);
#629=FACE_OUTER_BOUND('',#1173,.T.);
#630=FACE_OUTER_BOUND('',#1177,.T.);
#631=FACE_OUTER_BOUND('',#1179,.T.);
#632=FACE_OUTER_BOUND('',#1180,.T.);
#633=FACE_OUTER_BOUND('',#1181,.T.);
#634=FACE_OUTER_BOUND('',#1182,.T.);
#635=FACE_OUTER_BOUND('',#1183,.T.);
#636=FACE_OUTER_BOUND('',#1184,.T.);
#637=FACE_OUTER_BOUND('',#1185,.T.);
#638=FACE_OUTER_BOUND('',#1186,.T.);
#639=FACE_OUTER_BOUND('',#1187,.T.);
#640=FACE_OUTER_BOUND('',#1188,.T.);
#641=FACE_OUTER_BOUND('',#1189,.T.);
#642=FACE_OUTER_BOUND('',#1190,.T.);
#643=FACE_OUTER_BOUND('',#1191,.T.);
#644=FACE_OUTER_BOUND('',#1192,.T.);
#645=FACE_OUTER_BOUND('',#1193,.T.);
#646=FACE_OUTER_BOUND('',#1194,.T.);
#647=FACE_OUTER_BOUND('',#1195,.T.);
#648=FACE_OUTER_BOUND('',#1196,.T.);
#649=FACE_OUTER_BOUND('',#1197,.T.);
#650=FACE_OUTER_BOUND('',#1198,.T.);
#651=FACE_OUTER_BOUND('',#1199,.T.);
#652=FACE_OUTER_BOUND('',#1200,.T.);
#653=FACE_OUTER_BOUND('',#1201,.T.);
#654=FACE_OUTER_BOUND('',#1202,.T.);
#655=FACE_OUTER_BOUND('',#1203,.T.);
#656=FACE_OUTER_BOUND('',#1204,.T.);
#657=FACE_OUTER_BOUND('',#1205,.T.);
#658=FACE_OUTER_BOUND('',#1206,.T.);
#659=FACE_OUTER_BOUND('',#1207,.T.);
#660=FACE_OUTER_BOUND('',#1208,.T.);
#661=FACE_OUTER_BOUND('',#1209,.T.);
#662=FACE_OUTER_BOUND('',#1210,.T.);
#663=FACE_OUTER_BOUND('',#1211,.T.);
#664=FACE_OUTER_BOUND('',#1212,.T.);
#665=FACE_OUTER_BOUND('',#1213,.T.);
#666=FACE_OUTER_BOUND('',#1214,.T.);
#667=FACE_OUTER_BOUND('',#1215,.T.);
#668=FACE_OUTER_BOUND('',#1216,.T.);
#669=FACE_OUTER_BOUND('',#1217,.T.);
#670=FACE_OUTER_BOUND('',#1218,.T.);
#671=FACE_OUTER_BOUND('',#1219,.T.);
#672=FACE_OUTER_BOUND('',#1220,.T.);
#673=FACE_OUTER_BOUND('',#1221,.T.);
#674=FACE_OUTER_BOUND('',#1222,.T.);
#675=FACE_OUTER_BOUND('',#1223,.T.);
#676=FACE_OUTER_BOUND('',#1224,.T.);
#677=FACE_OUTER_BOUND('',#1225,.T.);
#678=FACE_OUTER_BOUND('',#1226,.T.);
#679=FACE_OUTER_BOUND('',#1227,.T.);
#680=FACE_OUTER_BOUND('',#1228,.T.);
#681=FACE_OUTER_BOUND('',#1229,.T.);
#682=FACE_OUTER_BOUND('',#1230,.T.);
#683=FACE_OUTER_BOUND('',#1231,.T.);
#684=FACE_OUTER_BOUND('',#1232,.T.);
#685=FACE_OUTER_BOUND('',#1241,.T.);
#686=FACE_OUTER_BOUND('',#1242,.T.);
#687=FACE_OUTER_BOUND('',#1243,.T.);
#688=FACE_OUTER_BOUND('',#1244,.T.);
#689=FACE_OUTER_BOUND('',#1245,.T.);
#690=FACE_OUTER_BOUND('',#1246,.T.);
#691=FACE_OUTER_BOUND('',#1247,.T.);
#692=FACE_OUTER_BOUND('',#1248,.T.);
#693=FACE_OUTER_BOUND('',#1249,.T.);
#694=FACE_OUTER_BOUND('',#1250,.T.);
#695=FACE_OUTER_BOUND('',#1251,.T.);
#696=FACE_OUTER_BOUND('',#1252,.T.);
#697=FACE_OUTER_BOUND('',#1253,.T.);
#698=FACE_OUTER_BOUND('',#1254,.T.);
#699=FACE_OUTER_BOUND('',#1255,.T.);
#700=FACE_OUTER_BOUND('',#1256,.T.);
#701=FACE_OUTER_BOUND('',#1259,.T.);
#702=FACE_OUTER_BOUND('',#1260,.T.);
#703=FACE_OUTER_BOUND('',#1263,.T.);
#704=FACE_OUTER_BOUND('',#1264,.T.);
#705=FACE_OUTER_BOUND('',#1265,.T.);
#706=FACE_OUTER_BOUND('',#1266,.T.);
#707=FACE_OUTER_BOUND('',#1267,.T.);
#708=FACE_OUTER_BOUND('',#1268,.T.);
#709=FACE_OUTER_BOUND('',#1269,.T.);
#710=FACE_OUTER_BOUND('',#1271,.T.);
#711=FACE_OUTER_BOUND('',#1272,.T.);
#712=FACE_OUTER_BOUND('',#1273,.T.);
#713=FACE_OUTER_BOUND('',#1274,.T.);
#714=FACE_OUTER_BOUND('',#1275,.T.);
#715=FACE_OUTER_BOUND('',#1276,.T.);
#716=FACE_OUTER_BOUND('',#1277,.T.);
#717=FACE_OUTER_BOUND('',#1278,.T.);
#718=FACE_OUTER_BOUND('',#1279,.T.);
#719=FACE_OUTER_BOUND('',#1280,.T.);
#720=FACE_OUTER_BOUND('',#1281,.T.);
#721=FACE_OUTER_BOUND('',#1282,.T.);
#722=FACE_OUTER_BOUND('',#1283,.T.);
#723=FACE_OUTER_BOUND('',#1284,.T.);
#724=FACE_OUTER_BOUND('',#1285,.T.);
#725=FACE_OUTER_BOUND('',#1286,.T.);
#726=FACE_OUTER_BOUND('',#1287,.T.);
#727=FACE_OUTER_BOUND('',#1288,.T.);
#728=FACE_OUTER_BOUND('',#1289,.T.);
#729=FACE_OUTER_BOUND('',#1290,.T.);
#730=FACE_OUTER_BOUND('',#1291,.T.);
#731=FACE_OUTER_BOUND('',#1292,.T.);
#732=FACE_OUTER_BOUND('',#1293,.T.);
#733=FACE_OUTER_BOUND('',#1294,.T.);
#734=FACE_OUTER_BOUND('',#1295,.T.);
#735=FACE_OUTER_BOUND('',#1296,.T.);
#736=FACE_OUTER_BOUND('',#1297,.T.);
#737=FACE_OUTER_BOUND('',#1298,.T.);
#738=FACE_OUTER_BOUND('',#1299,.T.);
#739=FACE_OUTER_BOUND('',#1300,.T.);
#740=FACE_OUTER_BOUND('',#1301,.T.);
#741=FACE_OUTER_BOUND('',#1302,.T.);
#742=FACE_OUTER_BOUND('',#1303,.T.);
#743=FACE_OUTER_BOUND('',#1304,.T.);
#744=FACE_OUTER_BOUND('',#1305,.T.);
#745=FACE_OUTER_BOUND('',#1306,.T.);
#746=FACE_OUTER_BOUND('',#1307,.T.);
#747=FACE_OUTER_BOUND('',#1308,.T.);
#748=FACE_OUTER_BOUND('',#1309,.T.);
#749=FACE_OUTER_BOUND('',#1310,.T.);
#750=FACE_OUTER_BOUND('',#1319,.T.);
#751=FACE_OUTER_BOUND('',#1320,.T.);
#752=FACE_OUTER_BOUND('',#1321,.T.);
#753=FACE_OUTER_BOUND('',#1322,.T.);
#754=FACE_OUTER_BOUND('',#1323,.T.);
#755=FACE_OUTER_BOUND('',#1324,.T.);
#756=FACE_OUTER_BOUND('',#1325,.T.);
#757=FACE_OUTER_BOUND('',#1326,.T.);
#758=FACE_OUTER_BOUND('',#1327,.T.);
#759=FACE_OUTER_BOUND('',#1328,.T.);
#760=FACE_OUTER_BOUND('',#1329,.T.);
#761=FACE_OUTER_BOUND('',#1330,.T.);
#762=FACE_OUTER_BOUND('',#1331,.T.);
#763=FACE_OUTER_BOUND('',#1332,.T.);
#764=FACE_OUTER_BOUND('',#1333,.T.);
#765=FACE_OUTER_BOUND('',#1334,.T.);
#766=FACE_OUTER_BOUND('',#1335,.T.);
#767=FACE_OUTER_BOUND('',#1336,.T.);
#768=FACE_OUTER_BOUND('',#1337,.T.);
#769=FACE_OUTER_BOUND('',#1338,.T.);
#770=FACE_OUTER_BOUND('',#1339,.T.);
#771=FACE_OUTER_BOUND('',#1348,.T.);
#772=FACE_OUTER_BOUND('',#1349,.T.);
#773=FACE_OUTER_BOUND('',#1350,.T.);
#774=FACE_OUTER_BOUND('',#1351,.T.);
#775=FACE_OUTER_BOUND('',#1352,.T.);
#776=FACE_OUTER_BOUND('',#1353,.T.);
#777=FACE_OUTER_BOUND('',#1354,.T.);
#778=FACE_OUTER_BOUND('',#1358,.T.);
#779=FACE_OUTER_BOUND('',#1361,.T.);
#780=FACE_OUTER_BOUND('',#1362,.T.);
#781=FACE_OUTER_BOUND('',#1363,.T.);
#782=FACE_OUTER_BOUND('',#1364,.T.);
#783=FACE_OUTER_BOUND('',#1365,.T.);
#784=FACE_OUTER_BOUND('',#1366,.T.);
#785=FACE_OUTER_BOUND('',#1367,.T.);
#786=FACE_OUTER_BOUND('',#1368,.T.);
#787=FACE_OUTER_BOUND('',#1369,.T.);
#788=FACE_OUTER_BOUND('',#1370,.T.);
#789=FACE_OUTER_BOUND('',#1371,.T.);
#790=FACE_OUTER_BOUND('',#1372,.T.);
#791=FACE_OUTER_BOUND('',#1373,.T.);
#792=FACE_OUTER_BOUND('',#1374,.T.);
#793=FACE_OUTER_BOUND('',#1375,.T.);
#794=FACE_OUTER_BOUND('',#1376,.T.);
#795=FACE_OUTER_BOUND('',#1377,.T.);
#796=FACE_OUTER_BOUND('',#1378,.T.);
#797=FACE_OUTER_BOUND('',#1379,.T.);
#798=FACE_OUTER_BOUND('',#1381,.T.);
#799=FACE_OUTER_BOUND('',#1382,.T.);
#800=FACE_OUTER_BOUND('',#1383,.T.);
#801=FACE_OUTER_BOUND('',#1384,.T.);
#802=FACE_OUTER_BOUND('',#1385,.T.);
#803=FACE_OUTER_BOUND('',#1386,.T.);
#804=FACE_OUTER_BOUND('',#1387,.T.);
#805=FACE_OUTER_BOUND('',#1388,.T.);
#806=FACE_OUTER_BOUND('',#1389,.T.);
#807=FACE_OUTER_BOUND('',#1390,.T.);
#808=FACE_OUTER_BOUND('',#1391,.T.);
#809=FACE_OUTER_BOUND('',#1392,.T.);
#810=FACE_OUTER_BOUND('',#1393,.T.);
#811=FACE_OUTER_BOUND('',#1395,.T.);
#812=FACE_OUTER_BOUND('',#1396,.T.);
#813=FACE_OUTER_BOUND('',#1397,.T.);
#814=FACE_OUTER_BOUND('',#1398,.T.);
#815=FACE_OUTER_BOUND('',#1399,.T.);
#816=FACE_OUTER_BOUND('',#1400,.T.);
#817=FACE_OUTER_BOUND('',#1401,.T.);
#818=FACE_OUTER_BOUND('',#1402,.T.);
#819=FACE_OUTER_BOUND('',#1403,.T.);
#820=FACE_OUTER_BOUND('',#1404,.T.);
#821=FACE_OUTER_BOUND('',#1405,.T.);
#822=FACE_OUTER_BOUND('',#1406,.T.);
#823=FACE_OUTER_BOUND('',#1407,.T.);
#824=FACE_OUTER_BOUND('',#1408,.T.);
#825=FACE_OUTER_BOUND('',#1409,.T.);
#826=FACE_OUTER_BOUND('',#1410,.T.);
#827=FACE_OUTER_BOUND('',#1411,.T.);
#828=FACE_OUTER_BOUND('',#1412,.T.);
#829=FACE_OUTER_BOUND('',#1413,.T.);
#830=FACE_OUTER_BOUND('',#1414,.T.);
#831=FACE_OUTER_BOUND('',#1415,.T.);
#832=FACE_OUTER_BOUND('',#1416,.T.);
#833=FACE_OUTER_BOUND('',#1417,.T.);
#834=FACE_OUTER_BOUND('',#1418,.T.);
#835=FACE_OUTER_BOUND('',#1419,.T.);
#836=FACE_OUTER_BOUND('',#1420,.T.);
#837=FACE_OUTER_BOUND('',#1421,.T.);
#838=FACE_OUTER_BOUND('',#1422,.T.);
#839=FACE_OUTER_BOUND('',#1423,.T.);
#840=FACE_OUTER_BOUND('',#1424,.T.);
#841=FACE_OUTER_BOUND('',#1425,.T.);
#842=FACE_OUTER_BOUND('',#1426,.T.);
#843=FACE_OUTER_BOUND('',#1427,.T.);
#844=FACE_OUTER_BOUND('',#1428,.T.);
#845=FACE_OUTER_BOUND('',#1429,.T.);
#846=FACE_OUTER_BOUND('',#1430,.T.);
#847=FACE_OUTER_BOUND('',#1431,.T.);
#848=FACE_OUTER_BOUND('',#1432,.T.);
#849=FACE_OUTER_BOUND('',#1434,.T.);
#850=FACE_OUTER_BOUND('',#1436,.T.);
#851=FACE_OUTER_BOUND('',#1438,.T.);
#852=FACE_OUTER_BOUND('',#1440,.T.);
#853=FACE_OUTER_BOUND('',#1442,.T.);
#854=FACE_OUTER_BOUND('',#1444,.T.);
#855=FACE_OUTER_BOUND('',#1445,.T.);
#856=FACE_OUTER_BOUND('',#1447,.T.);
#857=FACE_OUTER_BOUND('',#1449,.T.);
#858=FACE_OUTER_BOUND('',#1451,.T.);
#859=FACE_OUTER_BOUND('',#1453,.T.);
#860=FACE_OUTER_BOUND('',#1454,.T.);
#861=FACE_OUTER_BOUND('',#1455,.T.);
#862=FACE_OUTER_BOUND('',#1458,.T.);
#863=FACE_OUTER_BOUND('',#1459,.T.);
#864=FACE_OUTER_BOUND('',#1460,.T.);
#865=FACE_OUTER_BOUND('',#1461,.T.);
#866=FACE_OUTER_BOUND('',#1462,.T.);
#867=FACE_OUTER_BOUND('',#1463,.T.);
#868=FACE_OUTER_BOUND('',#1464,.T.);
#869=FACE_OUTER_BOUND('',#1467,.T.);
#870=FACE_OUTER_BOUND('',#1470,.T.);
#871=FACE_OUTER_BOUND('',#1471,.T.);
#872=FACE_OUTER_BOUND('',#1472,.T.);
#873=FACE_OUTER_BOUND('',#1473,.T.);
#874=FACE_OUTER_BOUND('',#1474,.T.);
#875=FACE_OUTER_BOUND('',#1475,.T.);
#876=FACE_OUTER_BOUND('',#1476,.T.);
#877=FACE_OUTER_BOUND('',#1478,.T.);
#878=FACE_OUTER_BOUND('',#1479,.T.);
#879=FACE_OUTER_BOUND('',#1480,.T.);
#880=FACE_OUTER_BOUND('',#1481,.T.);
#881=FACE_OUTER_BOUND('',#1482,.T.);
#882=FACE_OUTER_BOUND('',#1483,.T.);
#883=FACE_OUTER_BOUND('',#1484,.T.);
#884=FACE_OUTER_BOUND('',#1486,.T.);
#885=FACE_OUTER_BOUND('',#1487,.T.);
#886=FACE_OUTER_BOUND('',#1488,.T.);
#887=FACE_OUTER_BOUND('',#1490,.T.);
#888=FACE_OUTER_BOUND('',#1492,.T.);
#889=FACE_OUTER_BOUND('',#1493,.T.);
#890=FACE_OUTER_BOUND('',#1494,.T.);
#891=FACE_OUTER_BOUND('',#1495,.T.);
#892=FACE_OUTER_BOUND('',#1497,.T.);
#893=FACE_OUTER_BOUND('',#1499,.T.);
#894=FACE_OUTER_BOUND('',#1501,.T.);
#895=FACE_OUTER_BOUND('',#1503,.T.);
#896=FACE_OUTER_BOUND('',#1505,.T.);
#897=FACE_OUTER_BOUND('',#1507,.T.);
#898=FACE_OUTER_BOUND('',#1508,.T.);
#899=FACE_OUTER_BOUND('',#1509,.T.);
#900=FACE_OUTER_BOUND('',#1510,.T.);
#901=FACE_OUTER_BOUND('',#1511,.T.);
#902=FACE_OUTER_BOUND('',#1512,.T.);
#903=FACE_OUTER_BOUND('',#1513,.T.);
#904=FACE_OUTER_BOUND('',#1514,.T.);
#905=FACE_OUTER_BOUND('',#1515,.T.);
#906=FACE_OUTER_BOUND('',#1516,.T.);
#907=FACE_OUTER_BOUND('',#1517,.T.);
#908=FACE_OUTER_BOUND('',#1518,.T.);
#909=FACE_OUTER_BOUND('',#1519,.T.);
#910=FACE_OUTER_BOUND('',#1520,.T.);
#911=FACE_OUTER_BOUND('',#1521,.T.);
#912=FACE_OUTER_BOUND('',#1522,.T.);
#913=FACE_OUTER_BOUND('',#1523,.T.);
#914=FACE_OUTER_BOUND('',#1524,.T.);
#915=FACE_OUTER_BOUND('',#1525,.T.);
#916=FACE_OUTER_BOUND('',#1526,.T.);
#917=FACE_OUTER_BOUND('',#1527,.T.);
#918=FACE_OUTER_BOUND('',#1529,.T.);
#919=FACE_OUTER_BOUND('',#1531,.T.);
#920=FACE_OUTER_BOUND('',#1532,.T.);
#921=FACE_OUTER_BOUND('',#1539,.T.);
#922=FACE_OUTER_BOUND('',#1540,.T.);
#923=FACE_OUTER_BOUND('',#1541,.T.);
#924=FACE_OUTER_BOUND('',#1542,.T.);
#925=FACE_OUTER_BOUND('',#1543,.T.);
#926=FACE_OUTER_BOUND('',#1544,.T.);
#927=FACE_OUTER_BOUND('',#1545,.T.);
#928=FACE_OUTER_BOUND('',#1546,.T.);
#929=FACE_OUTER_BOUND('',#1547,.T.);
#930=FACE_OUTER_BOUND('',#1548,.T.);
#931=FACE_OUTER_BOUND('',#1549,.T.);
#932=FACE_OUTER_BOUND('',#1550,.T.);
#933=FACE_OUTER_BOUND('',#1551,.T.);
#934=FACE_OUTER_BOUND('',#1553,.T.);
#935=FACE_OUTER_BOUND('',#1554,.T.);
#936=FACE_OUTER_BOUND('',#1555,.T.);
#937=FACE_OUTER_BOUND('',#1556,.T.);
#938=FACE_OUTER_BOUND('',#1557,.T.);
#939=FACE_OUTER_BOUND('',#1558,.T.);
#940=FACE_OUTER_BOUND('',#1559,.T.);
#941=FACE_OUTER_BOUND('',#1560,.T.);
#942=FACE_OUTER_BOUND('',#1561,.T.);
#943=FACE_OUTER_BOUND('',#1562,.T.);
#944=FACE_OUTER_BOUND('',#1563,.T.);
#945=FACE_OUTER_BOUND('',#1564,.T.);
#946=FACE_OUTER_BOUND('',#1565,.T.);
#947=FACE_OUTER_BOUND('',#1566,.T.);
#948=FACE_OUTER_BOUND('',#1567,.T.);
#949=FACE_OUTER_BOUND('',#1568,.T.);
#950=FACE_OUTER_BOUND('',#1569,.T.);
#951=FACE_OUTER_BOUND('',#1570,.T.);
#952=FACE_OUTER_BOUND('',#1571,.T.);
#953=FACE_OUTER_BOUND('',#1572,.T.);
#954=FACE_OUTER_BOUND('',#1573,.T.);
#955=FACE_OUTER_BOUND('',#1574,.T.);
#956=FACE_OUTER_BOUND('',#1575,.T.);
#957=FACE_OUTER_BOUND('',#1576,.T.);
#958=FACE_OUTER_BOUND('',#1577,.T.);
#959=FACE_OUTER_BOUND('',#1578,.T.);
#960=FACE_OUTER_BOUND('',#1579,.T.);
#961=FACE_OUTER_BOUND('',#1580,.T.);
#962=FACE_OUTER_BOUND('',#1581,.T.);
#963=FACE_OUTER_BOUND('',#1582,.T.);
#964=FACE_OUTER_BOUND('',#1583,.T.);
#965=FACE_OUTER_BOUND('',#1584,.T.);
#966=FACE_OUTER_BOUND('',#1585,.T.);
#967=FACE_OUTER_BOUND('',#1586,.T.);
#968=FACE_OUTER_BOUND('',#1587,.T.);
#969=FACE_OUTER_BOUND('',#1589,.T.);
#970=FACE_OUTER_BOUND('',#1591,.T.);
#971=FACE_OUTER_BOUND('',#1593,.T.);
#972=FACE_OUTER_BOUND('',#1595,.T.);
#973=FACE_OUTER_BOUND('',#1597,.T.);
#974=FACE_OUTER_BOUND('',#1599,.T.);
#975=FACE_OUTER_BOUND('',#1601,.T.);
#976=FACE_OUTER_BOUND('',#1602,.T.);
#977=FACE_OUTER_BOUND('',#1603,.T.);
#978=FACE_OUTER_BOUND('',#1604,.T.);
#979=FACE_OUTER_BOUND('',#1605,.T.);
#980=FACE_OUTER_BOUND('',#1606,.T.);
#981=FACE_OUTER_BOUND('',#1607,.T.);
#982=FACE_OUTER_BOUND('',#1608,.T.);
#983=FACE_OUTER_BOUND('',#1609,.T.);
#984=FACE_OUTER_BOUND('',#1610,.T.);
#985=FACE_OUTER_BOUND('',#1611,.T.);
#986=FACE_OUTER_BOUND('',#1612,.T.);
#987=FACE_OUTER_BOUND('',#1613,.T.);
#988=FACE_OUTER_BOUND('',#1614,.T.);
#989=FACE_OUTER_BOUND('',#1615,.T.);
#990=FACE_OUTER_BOUND('',#1617,.T.);
#991=FACE_OUTER_BOUND('',#1618,.T.);
#992=FACE_OUTER_BOUND('',#1619,.T.);
#993=FACE_OUTER_BOUND('',#1620,.T.);
#994=FACE_OUTER_BOUND('',#1621,.T.);
#995=FACE_OUTER_BOUND('',#1622,.T.);
#996=FACE_OUTER_BOUND('',#1623,.T.);
#997=FACE_OUTER_BOUND('',#1624,.T.);
#998=FACE_OUTER_BOUND('',#1625,.T.);
#999=FACE_OUTER_BOUND('',#1626,.T.);
#1000=FACE_OUTER_BOUND('',#1627,.T.);
#1001=FACE_OUTER_BOUND('',#1628,.T.);
#1002=FACE_OUTER_BOUND('',#1629,.T.);
#1003=FACE_OUTER_BOUND('',#1630,.T.);
#1004=FACE_OUTER_BOUND('',#1632,.T.);
#1005=FACE_OUTER_BOUND('',#1634,.T.);
#1006=FACE_OUTER_BOUND('',#1636,.T.);
#1007=FACE_OUTER_BOUND('',#1638,.T.);
#1008=FACE_OUTER_BOUND('',#1640,.T.);
#1009=FACE_OUTER_BOUND('',#1642,.T.);
#1010=FACE_OUTER_BOUND('',#1644,.T.);
#1011=FACE_OUTER_BOUND('',#1646,.T.);
#1012=FACE_OUTER_BOUND('',#1647,.T.);
#1013=FACE_OUTER_BOUND('',#1649,.T.);
#1014=FACE_OUTER_BOUND('',#1651,.T.);
#1015=FACE_OUTER_BOUND('',#1653,.T.);
#1016=FACE_OUTER_BOUND('',#1655,.T.);
#1017=FACE_OUTER_BOUND('',#1657,.T.);
#1018=FACE_OUTER_BOUND('',#1659,.T.);
#1019=FACE_OUTER_BOUND('',#1661,.T.);
#1020=FACE_OUTER_BOUND('',#1663,.T.);
#1021=FACE_OUTER_BOUND('',#1665,.T.);
#1022=FACE_OUTER_BOUND('',#1667,.T.);
#1023=FACE_OUTER_BOUND('',#1669,.T.);
#1024=FACE_OUTER_BOUND('',#1671,.T.);
#1025=FACE_OUTER_BOUND('',#1672,.T.);
#1026=FACE_OUTER_BOUND('',#1673,.T.);
#1027=FACE_OUTER_BOUND('',#1674,.T.);
#1028=FACE_OUTER_BOUND('',#1675,.T.);
#1029=FACE_OUTER_BOUND('',#1676,.T.);
#1030=FACE_OUTER_BOUND('',#1677,.T.);
#1031=FACE_OUTER_BOUND('',#1678,.T.);
#1032=FACE_OUTER_BOUND('',#1679,.T.);
#1033=FACE_OUTER_BOUND('',#1680,.T.);
#1034=FACE_OUTER_BOUND('',#1681,.T.);
#1035=FACE_OUTER_BOUND('',#1682,.T.);
#1036=FACE_OUTER_BOUND('',#1683,.T.);
#1037=FACE_OUTER_BOUND('',#1684,.T.);
#1038=FACE_OUTER_BOUND('',#1685,.T.);
#1039=FACE_OUTER_BOUND('',#1686,.T.);
#1040=FACE_OUTER_BOUND('',#1687,.T.);
#1041=FACE_OUTER_BOUND('',#1688,.T.);
#1042=FACE_OUTER_BOUND('',#1689,.T.);
#1043=FACE_OUTER_BOUND('',#1690,.T.);
#1044=FACE_OUTER_BOUND('',#1691,.T.);
#1045=FACE_OUTER_BOUND('',#1692,.T.);
#1046=FACE_OUTER_BOUND('',#1693,.T.);
#1047=FACE_OUTER_BOUND('',#1694,.T.);
#1048=FACE_OUTER_BOUND('',#1695,.T.);
#1049=FACE_OUTER_BOUND('',#1696,.T.);
#1050=FACE_OUTER_BOUND('',#1697,.T.);
#1051=FACE_OUTER_BOUND('',#1698,.T.);
#1052=FACE_OUTER_BOUND('',#1699,.T.);
#1053=FACE_OUTER_BOUND('',#1700,.T.);
#1054=FACE_OUTER_BOUND('',#1701,.T.);
#1055=FACE_OUTER_BOUND('',#1702,.T.);
#1056=FACE_OUTER_BOUND('',#1703,.T.);
#1057=FACE_OUTER_BOUND('',#1704,.T.);
#1058=FACE_OUTER_BOUND('',#1705,.T.);
#1059=FACE_OUTER_BOUND('',#1706,.T.);
#1060=FACE_OUTER_BOUND('',#1707,.T.);
#1061=FACE_OUTER_BOUND('',#1708,.T.);
#1062=FACE_OUTER_BOUND('',#1709,.T.);
#1063=FACE_OUTER_BOUND('',#1710,.T.);
#1064=FACE_OUTER_BOUND('',#1711,.T.);
#1065=FACE_OUTER_BOUND('',#1712,.T.);
#1066=FACE_OUTER_BOUND('',#1713,.T.);
#1067=FACE_OUTER_BOUND('',#1714,.T.);
#1068=FACE_OUTER_BOUND('',#1715,.T.);
#1069=FACE_OUTER_BOUND('',#1716,.T.);
#1070=FACE_OUTER_BOUND('',#1717,.T.);
#1071=FACE_OUTER_BOUND('',#1718,.T.);
#1072=EDGE_LOOP('',(#5758,#5759,#5760,#5761));
#1073=EDGE_LOOP('',(#5762,#5763,#5764,#5765));
#1074=EDGE_LOOP('',(#5766));
#1075=EDGE_LOOP('',(#5767));
#1076=EDGE_LOOP('',(#5768,#5769,#5770,#5771));
#1077=EDGE_LOOP('',(#5772,#5773,#5774,#5775));
#1078=EDGE_LOOP('',(#5776));
#1079=EDGE_LOOP('',(#5777));
#1080=EDGE_LOOP('',(#5778,#5779,#5780,#5781));
#1081=EDGE_LOOP('',(#5782,#5783,#5784,#5785,#5786));
#1082=EDGE_LOOP('',(#5787));
#1083=EDGE_LOOP('',(#5788));
#1084=EDGE_LOOP('',(#5789,#5790,#5791,#5792,#5793,#5794));
#1085=EDGE_LOOP('',(#5795,#5796,#5797,#5798,#5799));
#1086=EDGE_LOOP('',(#5800,#5801,#5802,#5803));
#1087=EDGE_LOOP('',(#5804));
#1088=EDGE_LOOP('',(#5805));
#1089=EDGE_LOOP('',(#5806));
#1090=EDGE_LOOP('',(#5807));
#1091=EDGE_LOOP('',(#5808,#5809,#5810,#5811));
#1092=EDGE_LOOP('',(#5812,#5813,#5814,#5815,#5816,#5817,#5818,#5819,#5820,
#5821));
#1093=EDGE_LOOP('',(#5822,#5823));
#1094=EDGE_LOOP('',(#5824));
#1095=EDGE_LOOP('',(#5825));
#1096=EDGE_LOOP('',(#5826,#5827,#5828,#5829,#5830));
#1097=EDGE_LOOP('',(#5831));
#1098=EDGE_LOOP('',(#5832));
#1099=EDGE_LOOP('',(#5833,#5834,#5835,#5836,#5837,#5838,#5839));
#1100=EDGE_LOOP('',(#5840,#5841,#5842,#5843,#5844));
#1101=EDGE_LOOP('',(#5845));
#1102=EDGE_LOOP('',(#5846,#5847,#5848,#5849));
#1103=EDGE_LOOP('',(#5850));
#1104=EDGE_LOOP('',(#5851,#5852,#5853,#5854,#5855,#5856));
#1105=EDGE_LOOP('',(#5857));
#1106=EDGE_LOOP('',(#5858));
#1107=EDGE_LOOP('',(#5859,#5860,#5861,#5862,#5863));
#1108=EDGE_LOOP('',(#5864,#5865,#5866,#5867,#5868));
#1109=EDGE_LOOP('',(#5869));
#1110=EDGE_LOOP('',(#5870));
#1111=EDGE_LOOP('',(#5871,#5872,#5873,#5874,#5875));
#1112=EDGE_LOOP('',(#5876));
#1113=EDGE_LOOP('',(#5877));
#1114=EDGE_LOOP('',(#5878,#5879,#5880,#5881));
#1115=EDGE_LOOP('',(#5882,#5883,#5884,#5885));
#1116=EDGE_LOOP('',(#5886));
#1117=EDGE_LOOP('',(#5887));
#1118=EDGE_LOOP('',(#5888));
#1119=EDGE_LOOP('',(#5889));
#1120=EDGE_LOOP('',(#5890,#5891,#5892,#5893));
#1121=EDGE_LOOP('',(#5894,#5895,#5896,#5897));
#1122=EDGE_LOOP('',(#5898));
#1123=EDGE_LOOP('',(#5899));
#1124=EDGE_LOOP('',(#5900));
#1125=EDGE_LOOP('',(#5901,#5902,#5903,#5904));
#1126=EDGE_LOOP('',(#5905));
#1127=EDGE_LOOP('',(#5906));
#1128=EDGE_LOOP('',(#5907));
#1129=EDGE_LOOP('',(#5908));
#1130=EDGE_LOOP('',(#5909));
#1131=EDGE_LOOP('',(#5910));
#1132=EDGE_LOOP('',(#5911));
#1133=EDGE_LOOP('',(#5912));
#1134=EDGE_LOOP('',(#5913,#5914,#5915,#5916));
#1135=EDGE_LOOP('',(#5917,#5918,#5919,#5920));
#1136=EDGE_LOOP('',(#5921,#5922,#5923,#5924));
#1137=EDGE_LOOP('',(#5925,#5926,#5927,#5928));
#1138=EDGE_LOOP('',(#5929,#5930,#5931,#5932));
#1139=EDGE_LOOP('',(#5933,#5934,#5935,#5936));
#1140=EDGE_LOOP('',(#5937,#5938,#5939,#5940));
#1141=EDGE_LOOP('',(#5941,#5942,#5943,#5944,#5945,#5946,#5947,#5948,#5949,
#5950,#5951,#5952));
#1142=EDGE_LOOP('',(#5953,#5954,#5955,#5956));
#1143=EDGE_LOOP('',(#5957,#5958,#5959,#5960));
#1144=EDGE_LOOP('',(#5961,#5962,#5963,#5964));
#1145=EDGE_LOOP('',(#5965,#5966,#5967,#5968));
#1146=EDGE_LOOP('',(#5969,#5970,#5971,#5972));
#1147=EDGE_LOOP('',(#5973,#5974,#5975,#5976));
#1148=EDGE_LOOP('',(#5977,#5978,#5979,#5980,#5981));
#1149=EDGE_LOOP('',(#5982,#5983,#5984,#5985,#5986,#5987,#5988,#5989));
#1150=EDGE_LOOP('',(#5990,#5991,#5992,#5993));
#1151=EDGE_LOOP('',(#5994,#5995,#5996,#5997,#5998,#5999,#6000,#6001));
#1152=EDGE_LOOP('',(#6002,#6003,#6004,#6005));
#1153=EDGE_LOOP('',(#6006,#6007,#6008,#6009,#6010,#6011,#6012,#6013));
#1154=EDGE_LOOP('',(#6014,#6015,#6016,#6017));
#1155=EDGE_LOOP('',(#6018,#6019,#6020,#6021,#6022,#6023,#6024,#6025));
#1156=EDGE_LOOP('',(#6026));
#1157=EDGE_LOOP('',(#6027));
#1158=EDGE_LOOP('',(#6028));
#1159=EDGE_LOOP('',(#6029));
#1160=EDGE_LOOP('',(#6030));
#1161=EDGE_LOOP('',(#6031));
#1162=EDGE_LOOP('',(#6032,#6033,#6034,#6035));
#1163=EDGE_LOOP('',(#6036,#6037,#6038,#6039));
#1164=EDGE_LOOP('',(#6040,#6041,#6042,#6043,#6044));
#1165=EDGE_LOOP('',(#6045,#6046,#6047,#6048,#6049,#6050,#6051,#6052,#6053,
#6054,#6055,#6056));
#1166=EDGE_LOOP('',(#6057,#6058,#6059,#6060));
#1167=EDGE_LOOP('',(#6061));
#1168=EDGE_LOOP('',(#6062));
#1169=EDGE_LOOP('',(#6063));
#1170=EDGE_LOOP('',(#6064,#6065,#6066,#6067));
#1171=EDGE_LOOP('',(#6068,#6069,#6070,#6071));
#1172=EDGE_LOOP('',(#6072,#6073,#6074,#6075));
#1173=EDGE_LOOP('',(#6076,#6077,#6078,#6079));
#1174=EDGE_LOOP('',(#6080));
#1175=EDGE_LOOP('',(#6081));
#1176=EDGE_LOOP('',(#6082));
#1177=EDGE_LOOP('',(#6083));
#1178=EDGE_LOOP('',(#6084));
#1179=EDGE_LOOP('',(#6085,#6086,#6087,#6088,#6089));
#1180=EDGE_LOOP('',(#6090,#6091,#6092,#6093,#6094));
#1181=EDGE_LOOP('',(#6095,#6096,#6097,#6098,#6099));
#1182=EDGE_LOOP('',(#6100,#6101,#6102,#6103,#6104));
#1183=EDGE_LOOP('',(#6105,#6106,#6107,#6108,#6109));
#1184=EDGE_LOOP('',(#6110,#6111,#6112,#6113,#6114));
#1185=EDGE_LOOP('',(#6115,#6116,#6117,#6118,#6119));
#1186=EDGE_LOOP('',(#6120,#6121,#6122,#6123,#6124));
#1187=EDGE_LOOP('',(#6125,#6126,#6127,#6128,#6129));
#1188=EDGE_LOOP('',(#6130,#6131,#6132,#6133,#6134));
#1189=EDGE_LOOP('',(#6135,#6136,#6137,#6138,#6139));
#1190=EDGE_LOOP('',(#6140,#6141,#6142,#6143,#6144));
#1191=EDGE_LOOP('',(#6145,#6146,#6147,#6148,#6149));
#1192=EDGE_LOOP('',(#6150,#6151,#6152,#6153,#6154));
#1193=EDGE_LOOP('',(#6155));
#1194=EDGE_LOOP('',(#6156));
#1195=EDGE_LOOP('',(#6157));
#1196=EDGE_LOOP('',(#6158));
#1197=EDGE_LOOP('',(#6159));
#1198=EDGE_LOOP('',(#6160));
#1199=EDGE_LOOP('',(#6161));
#1200=EDGE_LOOP('',(#6162,#6163,#6164,#6165));
#1201=EDGE_LOOP('',(#6166,#6167,#6168,#6169,#6170));
#1202=EDGE_LOOP('',(#6171,#6172,#6173,#6174));
#1203=EDGE_LOOP('',(#6175,#6176,#6177,#6178,#6179));
#1204=EDGE_LOOP('',(#6180,#6181,#6182,#6183));
#1205=EDGE_LOOP('',(#6184,#6185,#6186,#6187));
#1206=EDGE_LOOP('',(#6188,#6189,#6190,#6191,#6192,#6193));
#1207=EDGE_LOOP('',(#6194,#6195,#6196,#6197,#6198,#6199));
#1208=EDGE_LOOP('',(#6200,#6201,#6202,#6203));
#1209=EDGE_LOOP('',(#6204,#6205,#6206,#6207,#6208));
#1210=EDGE_LOOP('',(#6209,#6210,#6211,#6212,#6213,#6214));
#1211=EDGE_LOOP('',(#6215,#6216,#6217,#6218));
#1212=EDGE_LOOP('',(#6219,#6220,#6221,#6222,#6223,#6224));
#1213=EDGE_LOOP('',(#6225,#6226,#6227,#6228,#6229,#6230));
#1214=EDGE_LOOP('',(#6231,#6232,#6233,#6234,#6235));
#1215=EDGE_LOOP('',(#6236,#6237,#6238,#6239,#6240,#6241));
#1216=EDGE_LOOP('',(#6242,#6243,#6244,#6245));
#1217=EDGE_LOOP('',(#6246,#6247,#6248,#6249,#6250,#6251));
#1218=EDGE_LOOP('',(#6252,#6253,#6254,#6255,#6256,#6257));
#1219=EDGE_LOOP('',(#6258,#6259,#6260,#6261,#6262));
#1220=EDGE_LOOP('',(#6263,#6264,#6265,#6266));
#1221=EDGE_LOOP('',(#6267,#6268,#6269,#6270,#6271));
#1222=EDGE_LOOP('',(#6272,#6273,#6274,#6275));
#1223=EDGE_LOOP('',(#6276,#6277,#6278,#6279,#6280,#6281,#6282,#6283,#6284,
#6285,#6286,#6287,#6288,#6289,#6290,#6291));
#1224=EDGE_LOOP('',(#6292,#6293,#6294,#6295));
#1225=EDGE_LOOP('',(#6296,#6297,#6298,#6299,#6300,#6301,#6302,#6303));
#1226=EDGE_LOOP('',(#6304,#6305,#6306,#6307,#6308,#6309,#6310,#6311));
#1227=EDGE_LOOP('',(#6312,#6313,#6314,#6315,#6316,#6317));
#1228=EDGE_LOOP('',(#6318,#6319,#6320,#6321));
#1229=EDGE_LOOP('',(#6322,#6323,#6324,#6325));
#1230=EDGE_LOOP('',(#6326,#6327,#6328,#6329));
#1231=EDGE_LOOP('',(#6330,#6331,#6332,#6333,#6334,#6335));
#1232=EDGE_LOOP('',(#6336,#6337,#6338,#6339,#6340,#6341,#6342,#6343,#6344,
#6345,#6346,#6347,#6348,#6349,#6350,#6351));
#1233=EDGE_LOOP('',(#6352,#6353,#6354,#6355,#6356,#6357,#6358,#6359));
#1234=EDGE_LOOP('',(#6360));
#1235=EDGE_LOOP('',(#6361));
#1236=EDGE_LOOP('',(#6362));
#1237=EDGE_LOOP('',(#6363));
#1238=EDGE_LOOP('',(#6364));
#1239=EDGE_LOOP('',(#6365));
#1240=EDGE_LOOP('',(#6366));
#1241=EDGE_LOOP('',(#6367,#6368,#6369,#6370));
#1242=EDGE_LOOP('',(#6371,#6372,#6373,#6374));
#1243=EDGE_LOOP('',(#6375,#6376,#6377,#6378));
#1244=EDGE_LOOP('',(#6379,#6380,#6381,#6382));
#1245=EDGE_LOOP('',(#6383,#6384,#6385,#6386,#6387,#6388));
#1246=EDGE_LOOP('',(#6389,#6390,#6391,#6392,#6393,#6394));
#1247=EDGE_LOOP('',(#6395,#6396,#6397,#6398,#6399));
#1248=EDGE_LOOP('',(#6400,#6401,#6402,#6403,#6404,#6405));
#1249=EDGE_LOOP('',(#6406,#6407,#6408,#6409));
#1250=EDGE_LOOP('',(#6410,#6411,#6412,#6413,#6414));
#1251=EDGE_LOOP('',(#6415,#6416,#6417,#6418));
#1252=EDGE_LOOP('',(#6419,#6420,#6421,#6422,#6423));
#1253=EDGE_LOOP('',(#6424,#6425,#6426,#6427));
#1254=EDGE_LOOP('',(#6428,#6429,#6430,#6431,#6432));
#1255=EDGE_LOOP('',(#6433,#6434,#6435,#6436));
#1256=EDGE_LOOP('',(#6437,#6438,#6439,#6440,#6441,#6442,#6443,#6444));
#1257=EDGE_LOOP('',(#6445,#6446,#6447,#6448));
#1258=EDGE_LOOP('',(#6449));
#1259=EDGE_LOOP('',(#6450,#6451,#6452,#6453));
#1260=EDGE_LOOP('',(#6454,#6455,#6456,#6457,#6458,#6459,#6460,#6461));
#1261=EDGE_LOOP('',(#6462,#6463,#6464,#6465));
#1262=EDGE_LOOP('',(#6466));
#1263=EDGE_LOOP('',(#6467,#6468,#6469,#6470,#6471,#6472,#6473,#6474,#6475,
#6476,#6477,#6478,#6479,#6480,#6481,#6482));
#1264=EDGE_LOOP('',(#6483,#6484,#6485,#6486,#6487,#6488,#6489,#6490,#6491,
#6492,#6493,#6494,#6495,#6496,#6497,#6498));
#1265=EDGE_LOOP('',(#6499,#6500,#6501,#6502,#6503));
#1266=EDGE_LOOP('',(#6504,#6505,#6506,#6507,#6508));
#1267=EDGE_LOOP('',(#6509,#6510,#6511,#6512));
#1268=EDGE_LOOP('',(#6513,#6514,#6515,#6516,#6517,#6518,#6519));
#1269=EDGE_LOOP('',(#6520,#6521,#6522,#6523));
#1270=EDGE_LOOP('',(#6524,#6525,#6526,#6527,#6528,#6529,#6530,#6531));
#1271=EDGE_LOOP('',(#6532,#6533,#6534,#6535,#6536,#6537,#6538));
#1272=EDGE_LOOP('',(#6539,#6540,#6541,#6542));
#1273=EDGE_LOOP('',(#6543,#6544,#6545,#6546,#6547));
#1274=EDGE_LOOP('',(#6548,#6549,#6550,#6551,#6552));
#1275=EDGE_LOOP('',(#6553,#6554,#6555,#6556));
#1276=EDGE_LOOP('',(#6557,#6558,#6559,#6560,#6561));
#1277=EDGE_LOOP('',(#6562,#6563,#6564,#6565));
#1278=EDGE_LOOP('',(#6566,#6567,#6568,#6569,#6570,#6571));
#1279=EDGE_LOOP('',(#6572,#6573,#6574,#6575,#6576));
#1280=EDGE_LOOP('',(#6577,#6578,#6579,#6580));
#1281=EDGE_LOOP('',(#6581,#6582,#6583,#6584));
#1282=EDGE_LOOP('',(#6585,#6586,#6587,#6588));
#1283=EDGE_LOOP('',(#6589,#6590,#6591,#6592));
#1284=EDGE_LOOP('',(#6593,#6594,#6595,#6596));
#1285=EDGE_LOOP('',(#6597,#6598,#6599,#6600));
#1286=EDGE_LOOP('',(#6601,#6602,#6603,#6604));
#1287=EDGE_LOOP('',(#6605,#6606,#6607,#6608));
#1288=EDGE_LOOP('',(#6609,#6610,#6611,#6612));
#1289=EDGE_LOOP('',(#6613,#6614,#6615,#6616));
#1290=EDGE_LOOP('',(#6617,#6618,#6619,#6620,#6621));
#1291=EDGE_LOOP('',(#6622,#6623,#6624,#6625,#6626));
#1292=EDGE_LOOP('',(#6627,#6628,#6629,#6630,#6631));
#1293=EDGE_LOOP('',(#6632,#6633,#6634,#6635,#6636));
#1294=EDGE_LOOP('',(#6637,#6638,#6639,#6640,#6641));
#1295=EDGE_LOOP('',(#6642,#6643,#6644,#6645,#6646));
#1296=EDGE_LOOP('',(#6647,#6648,#6649,#6650));
#1297=EDGE_LOOP('',(#6651,#6652,#6653,#6654,#6655));
#1298=EDGE_LOOP('',(#6656,#6657,#6658,#6659,#6660));
#1299=EDGE_LOOP('',(#6661,#6662,#6663,#6664,#6665,#6666));
#1300=EDGE_LOOP('',(#6667,#6668,#6669,#6670,#6671,#6672));
#1301=EDGE_LOOP('',(#6673,#6674,#6675,#6676,#6677,#6678,#6679));
#1302=EDGE_LOOP('',(#6680,#6681,#6682,#6683));
#1303=EDGE_LOOP('',(#6684,#6685,#6686,#6687));
#1304=EDGE_LOOP('',(#6688,#6689,#6690,#6691,#6692,#6693));
#1305=EDGE_LOOP('',(#6694,#6695,#6696,#6697));
#1306=EDGE_LOOP('',(#6698,#6699,#6700,#6701));
#1307=EDGE_LOOP('',(#6702,#6703,#6704,#6705,#6706));
#1308=EDGE_LOOP('',(#6707,#6708,#6709,#6710,#6711,#6712,#6713,#6714));
#1309=EDGE_LOOP('',(#6715,#6716,#6717,#6718));
#1310=EDGE_LOOP('',(#6719,#6720,#6721,#6722));
#1311=EDGE_LOOP('',(#6723));
#1312=EDGE_LOOP('',(#6724));
#1313=EDGE_LOOP('',(#6725));
#1314=EDGE_LOOP('',(#6726));
#1315=EDGE_LOOP('',(#6727));
#1316=EDGE_LOOP('',(#6728));
#1317=EDGE_LOOP('',(#6729));
#1318=EDGE_LOOP('',(#6730));
#1319=EDGE_LOOP('',(#6731,#6732,#6733,#6734));
#1320=EDGE_LOOP('',(#6735,#6736,#6737,#6738));
#1321=EDGE_LOOP('',(#6739,#6740,#6741,#6742));
#1322=EDGE_LOOP('',(#6743,#6744,#6745,#6746));
#1323=EDGE_LOOP('',(#6747,#6748,#6749,#6750));
#1324=EDGE_LOOP('',(#6751,#6752,#6753,#6754,#6755));
#1325=EDGE_LOOP('',(#6756,#6757,#6758,#6759));
#1326=EDGE_LOOP('',(#6760,#6761,#6762,#6763));
#1327=EDGE_LOOP('',(#6764,#6765,#6766,#6767));
#1328=EDGE_LOOP('',(#6768,#6769,#6770,#6771));
#1329=EDGE_LOOP('',(#6772,#6773,#6774,#6775));
#1330=EDGE_LOOP('',(#6776,#6777,#6778,#6779));
#1331=EDGE_LOOP('',(#6780,#6781,#6782,#6783));
#1332=EDGE_LOOP('',(#6784,#6785,#6786,#6787));
#1333=EDGE_LOOP('',(#6788,#6789,#6790,#6791));
#1334=EDGE_LOOP('',(#6792,#6793,#6794,#6795));
#1335=EDGE_LOOP('',(#6796,#6797,#6798,#6799));
#1336=EDGE_LOOP('',(#6800,#6801,#6802,#6803,#6804,#6805,#6806,#6807));
#1337=EDGE_LOOP('',(#6808,#6809,#6810,#6811));
#1338=EDGE_LOOP('',(#6812,#6813,#6814,#6815));
#1339=EDGE_LOOP('',(#6816,#6817,#6818,#6819));
#1340=EDGE_LOOP('',(#6820));
#1341=EDGE_LOOP('',(#6821));
#1342=EDGE_LOOP('',(#6822));
#1343=EDGE_LOOP('',(#6823));
#1344=EDGE_LOOP('',(#6824));
#1345=EDGE_LOOP('',(#6825));
#1346=EDGE_LOOP('',(#6826));
#1347=EDGE_LOOP('',(#6827));
#1348=EDGE_LOOP('',(#6828,#6829,#6830,#6831));
#1349=EDGE_LOOP('',(#6832,#6833,#6834,#6835));
#1350=EDGE_LOOP('',(#6836,#6837,#6838,#6839));
#1351=EDGE_LOOP('',(#6840,#6841,#6842,#6843));
#1352=EDGE_LOOP('',(#6844,#6845,#6846,#6847));
#1353=EDGE_LOOP('',(#6848,#6849,#6850,#6851));
#1354=EDGE_LOOP('',(#6852,#6853,#6854,#6855,#6856,#6857,#6858,#6859));
#1355=EDGE_LOOP('',(#6860,#6861,#6862,#6863));
#1356=EDGE_LOOP('',(#6864));
#1357=EDGE_LOOP('',(#6865,#6866,#6867,#6868));
#1358=EDGE_LOOP('',(#6869,#6870,#6871,#6872,#6873,#6874,#6875,#6876));
#1359=EDGE_LOOP('',(#6877,#6878,#6879,#6880));
#1360=EDGE_LOOP('',(#6881));
#1361=EDGE_LOOP('',(#6882,#6883,#6884,#6885));
#1362=EDGE_LOOP('',(#6886,#6887,#6888,#6889,#6890,#6891));
#1363=EDGE_LOOP('',(#6892,#6893,#6894,#6895));
#1364=EDGE_LOOP('',(#6896,#6897,#6898,#6899));
#1365=EDGE_LOOP('',(#6900,#6901,#6902,#6903));
#1366=EDGE_LOOP('',(#6904,#6905,#6906,#6907));
#1367=EDGE_LOOP('',(#6908,#6909,#6910,#6911));
#1368=EDGE_LOOP('',(#6912,#6913,#6914,#6915));
#1369=EDGE_LOOP('',(#6916,#6917,#6918,#6919));
#1370=EDGE_LOOP('',(#6920,#6921,#6922,#6923));
#1371=EDGE_LOOP('',(#6924,#6925,#6926,#6927));
#1372=EDGE_LOOP('',(#6928,#6929,#6930,#6931,#6932,#6933));
#1373=EDGE_LOOP('',(#6934,#6935,#6936,#6937,#6938,#6939));
#1374=EDGE_LOOP('',(#6940,#6941,#6942,#6943));
#1375=EDGE_LOOP('',(#6944,#6945,#6946,#6947,#6948,#6949,#6950));
#1376=EDGE_LOOP('',(#6951,#6952,#6953,#6954));
#1377=EDGE_LOOP('',(#6955,#6956,#6957,#6958,#6959,#6960));
#1378=EDGE_LOOP('',(#6961,#6962,#6963,#6964,#6965,#6966,#6967,#6968));
#1379=EDGE_LOOP('',(#6969,#6970,#6971,#6972,#6973,#6974,#6975,#6976,#6977,
#6978,#6979,#6980,#6981,#6982,#6983,#6984,#6985,#6986));
#1380=EDGE_LOOP('',(#6987));
#1381=EDGE_LOOP('',(#6988,#6989,#6990,#6991,#6992));
#1382=EDGE_LOOP('',(#6993,#6994,#6995,#6996,#6997));
#1383=EDGE_LOOP('',(#6998,#6999,#7000,#7001,#7002));
#1384=EDGE_LOOP('',(#7003,#7004,#7005,#7006,#7007));
#1385=EDGE_LOOP('',(#7008,#7009,#7010,#7011,#7012));
#1386=EDGE_LOOP('',(#7013,#7014,#7015,#7016,#7017));
#1387=EDGE_LOOP('',(#7018,#7019,#7020,#7021));
#1388=EDGE_LOOP('',(#7022,#7023,#7024,#7025));
#1389=EDGE_LOOP('',(#7026,#7027,#7028,#7029));
#1390=EDGE_LOOP('',(#7030,#7031,#7032,#7033));
#1391=EDGE_LOOP('',(#7034,#7035,#7036,#7037));
#1392=EDGE_LOOP('',(#7038,#7039,#7040,#7041,#7042,#7043));
#1393=EDGE_LOOP('',(#7044,#7045,#7046,#7047));
#1394=EDGE_LOOP('',(#7048));
#1395=EDGE_LOOP('',(#7049,#7050,#7051,#7052));
#1396=EDGE_LOOP('',(#7053,#7054,#7055,#7056));
#1397=EDGE_LOOP('',(#7057,#7058,#7059,#7060));
#1398=EDGE_LOOP('',(#7061,#7062,#7063,#7064));
#1399=EDGE_LOOP('',(#7065,#7066,#7067,#7068));
#1400=EDGE_LOOP('',(#7069,#7070,#7071,#7072));
#1401=EDGE_LOOP('',(#7073,#7074,#7075,#7076));
#1402=EDGE_LOOP('',(#7077,#7078,#7079,#7080));
#1403=EDGE_LOOP('',(#7081,#7082,#7083,#7084));
#1404=EDGE_LOOP('',(#7085,#7086,#7087,#7088));
#1405=EDGE_LOOP('',(#7089,#7090,#7091,#7092));
#1406=EDGE_LOOP('',(#7093,#7094,#7095,#7096));
#1407=EDGE_LOOP('',(#7097,#7098,#7099,#7100));
#1408=EDGE_LOOP('',(#7101,#7102,#7103,#7104));
#1409=EDGE_LOOP('',(#7105,#7106,#7107,#7108,#7109,#7110,#7111,#7112));
#1410=EDGE_LOOP('',(#7113,#7114,#7115,#7116,#7117));
#1411=EDGE_LOOP('',(#7118,#7119,#7120,#7121));
#1412=EDGE_LOOP('',(#7122,#7123,#7124,#7125));
#1413=EDGE_LOOP('',(#7126,#7127,#7128,#7129));
#1414=EDGE_LOOP('',(#7130,#7131,#7132,#7133,#7134));
#1415=EDGE_LOOP('',(#7135,#7136,#7137,#7138,#7139,#7140,#7141,#7142,#7143,
#7144,#7145,#7146,#7147,#7148,#7149,#7150));
#1416=EDGE_LOOP('',(#7151,#7152,#7153,#7154,#7155));
#1417=EDGE_LOOP('',(#7156,#7157,#7158,#7159));
#1418=EDGE_LOOP('',(#7160,#7161,#7162,#7163));
#1419=EDGE_LOOP('',(#7164,#7165,#7166,#7167));
#1420=EDGE_LOOP('',(#7168,#7169,#7170,#7171,#7172));
#1421=EDGE_LOOP('',(#7173,#7174,#7175,#7176,#7177));
#1422=EDGE_LOOP('',(#7178,#7179,#7180,#7181));
#1423=EDGE_LOOP('',(#7182,#7183,#7184,#7185));
#1424=EDGE_LOOP('',(#7186,#7187,#7188,#7189));
#1425=EDGE_LOOP('',(#7190,#7191,#7192,#7193,#7194));
#1426=EDGE_LOOP('',(#7195,#7196,#7197));
#1427=EDGE_LOOP('',(#7198,#7199,#7200));
#1428=EDGE_LOOP('',(#7201,#7202,#7203));
#1429=EDGE_LOOP('',(#7204,#7205,#7206));
#1430=EDGE_LOOP('',(#7207,#7208,#7209));
#1431=EDGE_LOOP('',(#7210,#7211,#7212));
#1432=EDGE_LOOP('',(#7213));
#1433=EDGE_LOOP('',(#7214));
#1434=EDGE_LOOP('',(#7215));
#1435=EDGE_LOOP('',(#7216));
#1436=EDGE_LOOP('',(#7217));
#1437=EDGE_LOOP('',(#7218));
#1438=EDGE_LOOP('',(#7219));
#1439=EDGE_LOOP('',(#7220));
#1440=EDGE_LOOP('',(#7221));
#1441=EDGE_LOOP('',(#7222));
#1442=EDGE_LOOP('',(#7223));
#1443=EDGE_LOOP('',(#7224));
#1444=EDGE_LOOP('',(#7225,#7226,#7227,#7228));
#1445=EDGE_LOOP('',(#7229));
#1446=EDGE_LOOP('',(#7230));
#1447=EDGE_LOOP('',(#7231));
#1448=EDGE_LOOP('',(#7232));
#1449=EDGE_LOOP('',(#7233));
#1450=EDGE_LOOP('',(#7234));
#1451=EDGE_LOOP('',(#7235));
#1452=EDGE_LOOP('',(#7236));
#1453=EDGE_LOOP('',(#7237,#7238,#7239,#7240));
#1454=EDGE_LOOP('',(#7241,#7242,#7243,#7244,#7245,#7246));
#1455=EDGE_LOOP('',(#7247,#7248,#7249,#7250,#7251,#7252));
#1456=EDGE_LOOP('',(#7253));
#1457=EDGE_LOOP('',(#7254));
#1458=EDGE_LOOP('',(#7255,#7256));
#1459=EDGE_LOOP('',(#7257,#7258,#7259));
#1460=EDGE_LOOP('',(#7260,#7261));
#1461=EDGE_LOOP('',(#7262,#7263,#7264,#7265));
#1462=EDGE_LOOP('',(#7266,#7267,#7268,#7269,#7270,#7271));
#1463=EDGE_LOOP('',(#7272,#7273,#7274,#7275,#7276,#7277));
#1464=EDGE_LOOP('',(#7278,#7279,#7280,#7281,#7282,#7283));
#1465=EDGE_LOOP('',(#7284));
#1466=EDGE_LOOP('',(#7285));
#1467=EDGE_LOOP('',(#7286,#7287,#7288,#7289,#7290,#7291));
#1468=EDGE_LOOP('',(#7292));
#1469=EDGE_LOOP('',(#7293));
#1470=EDGE_LOOP('',(#7294,#7295,#7296,#7297));
#1471=EDGE_LOOP('',(#7298,#7299,#7300,#7301));
#1472=EDGE_LOOP('',(#7302,#7303,#7304,#7305));
#1473=EDGE_LOOP('',(#7306,#7307,#7308,#7309));
#1474=EDGE_LOOP('',(#7310,#7311,#7312,#7313));
#1475=EDGE_LOOP('',(#7314,#7315,#7316,#7317));
#1476=EDGE_LOOP('',(#7318,#7319,#7320,#7321));
#1477=EDGE_LOOP('',(#7322));
#1478=EDGE_LOOP('',(#7323,#7324,#7325,#7326));
#1479=EDGE_LOOP('',(#7327,#7328,#7329,#7330));
#1480=EDGE_LOOP('',(#7331,#7332,#7333,#7334,#7335));
#1481=EDGE_LOOP('',(#7336,#7337,#7338,#7339,#7340));
#1482=EDGE_LOOP('',(#7341,#7342,#7343,#7344,#7345,#7346,#7347,#7348,#7349,
#7350,#7351,#7352,#7353,#7354,#7355,#7356,#7357));
#1483=EDGE_LOOP('',(#7358,#7359,#7360,#7361));
#1484=EDGE_LOOP('',(#7362,#7363,#7364,#7365,#7366,#7367,#7368,#7369,#7370,
#7371,#7372,#7373,#7374,#7375));
#1485=EDGE_LOOP('',(#7376));
#1486=EDGE_LOOP('',(#7377,#7378,#7379,#7380));
#1487=EDGE_LOOP('',(#7381,#7382,#7383,#7384,#7385,#7386,#7387,#7388,#7389,
#7390,#7391,#7392,#7393,#7394));
#1488=EDGE_LOOP('',(#7395));
#1489=EDGE_LOOP('',(#7396));
#1490=EDGE_LOOP('',(#7397));
#1491=EDGE_LOOP('',(#7398));
#1492=EDGE_LOOP('',(#7399,#7400,#7401,#7402,#7403));
#1493=EDGE_LOOP('',(#7404,#7405,#7406,#7407,#7408));
#1494=EDGE_LOOP('',(#7409,#7410,#7411,#7412,#7413,#7414,#7415,#7416,#7417,
#7418,#7419,#7420,#7421,#7422,#7423,#7424,#7425));
#1495=EDGE_LOOP('',(#7426,#7427,#7428,#7429,#7430));
#1496=EDGE_LOOP('',(#7431));
#1497=EDGE_LOOP('',(#7432,#7433,#7434,#7435,#7436));
#1498=EDGE_LOOP('',(#7437));
#1499=EDGE_LOOP('',(#7438,#7439,#7440,#7441,#7442));
#1500=EDGE_LOOP('',(#7443));
#1501=EDGE_LOOP('',(#7444,#7445,#7446,#7447,#7448));
#1502=EDGE_LOOP('',(#7449));
#1503=EDGE_LOOP('',(#7450,#7451,#7452,#7453,#7454));
#1504=EDGE_LOOP('',(#7455));
#1505=EDGE_LOOP('',(#7456,#7457,#7458,#7459,#7460));
#1506=EDGE_LOOP('',(#7461));
#1507=EDGE_LOOP('',(#7462,#7463,#7464,#7465,#7466,#7467,#7468,#7469,#7470));
#1508=EDGE_LOOP('',(#7471,#7472,#7473,#7474,#7475,#7476,#7477,#7478,#7479));
#1509=EDGE_LOOP('',(#7480,#7481,#7482,#7483,#7484,#7485,#7486,#7487,#7488));
#1510=EDGE_LOOP('',(#7489,#7490,#7491,#7492,#7493,#7494,#7495,#7496,#7497));
#1511=EDGE_LOOP('',(#7498,#7499,#7500,#7501,#7502,#7503,#7504,#7505,#7506));
#1512=EDGE_LOOP('',(#7507,#7508,#7509,#7510,#7511,#7512,#7513,#7514,#7515));
#1513=EDGE_LOOP('',(#7516,#7517,#7518,#7519));
#1514=EDGE_LOOP('',(#7520,#7521,#7522,#7523));
#1515=EDGE_LOOP('',(#7524,#7525,#7526,#7527));
#1516=EDGE_LOOP('',(#7528,#7529,#7530,#7531));
#1517=EDGE_LOOP('',(#7532,#7533,#7534,#7535));
#1518=EDGE_LOOP('',(#7536,#7537,#7538,#7539));
#1519=EDGE_LOOP('',(#7540,#7541,#7542,#7543));
#1520=EDGE_LOOP('',(#7544,#7545,#7546,#7547));
#1521=EDGE_LOOP('',(#7548,#7549,#7550,#7551));
#1522=EDGE_LOOP('',(#7552,#7553,#7554,#7555));
#1523=EDGE_LOOP('',(#7556,#7557,#7558,#7559));
#1524=EDGE_LOOP('',(#7560,#7561,#7562,#7563));
#1525=EDGE_LOOP('',(#7564,#7565,#7566,#7567,#7568));
#1526=EDGE_LOOP('',(#7569,#7570,#7571,#7572,#7573));
#1527=EDGE_LOOP('',(#7574));
#1528=EDGE_LOOP('',(#7575,#7576,#7577,#7578,#7579,#7580));
#1529=EDGE_LOOP('',(#7581));
#1530=EDGE_LOOP('',(#7582,#7583,#7584,#7585,#7586,#7587));
#1531=EDGE_LOOP('',(#7588,#7589,#7590,#7591));
#1532=EDGE_LOOP('',(#7592,#7593,#7594,#7595,#7596,#7597));
#1533=EDGE_LOOP('',(#7598,#7599));
#1534=EDGE_LOOP('',(#7600,#7601));
#1535=EDGE_LOOP('',(#7602,#7603));
#1536=EDGE_LOOP('',(#7604,#7605));
#1537=EDGE_LOOP('',(#7606,#7607));
#1538=EDGE_LOOP('',(#7608,#7609));
#1539=EDGE_LOOP('',(#7610,#7611,#7612,#7613,#7614));
#1540=EDGE_LOOP('',(#7615,#7616,#7617,#7618,#7619));
#1541=EDGE_LOOP('',(#7620,#7621,#7622,#7623,#7624));
#1542=EDGE_LOOP('',(#7625,#7626,#7627,#7628,#7629));
#1543=EDGE_LOOP('',(#7630,#7631,#7632,#7633,#7634));
#1544=EDGE_LOOP('',(#7635,#7636,#7637,#7638,#7639));
#1545=EDGE_LOOP('',(#7640,#7641,#7642,#7643,#7644));
#1546=EDGE_LOOP('',(#7645,#7646,#7647,#7648,#7649));
#1547=EDGE_LOOP('',(#7650,#7651,#7652,#7653,#7654));
#1548=EDGE_LOOP('',(#7655,#7656,#7657,#7658,#7659));
#1549=EDGE_LOOP('',(#7660,#7661,#7662,#7663,#7664));
#1550=EDGE_LOOP('',(#7665,#7666,#7667,#7668,#7669));
#1551=EDGE_LOOP('',(#7670));
#1552=EDGE_LOOP('',(#7671));
#1553=EDGE_LOOP('',(#7672,#7673,#7674,#7675,#7676));
#1554=EDGE_LOOP('',(#7677,#7678,#7679,#7680,#7681));
#1555=EDGE_LOOP('',(#7682,#7683,#7684,#7685));
#1556=EDGE_LOOP('',(#7686,#7687,#7688,#7689));
#1557=EDGE_LOOP('',(#7690,#7691,#7692,#7693));
#1558=EDGE_LOOP('',(#7694,#7695,#7696,#7697));
#1559=EDGE_LOOP('',(#7698,#7699,#7700,#7701));
#1560=EDGE_LOOP('',(#7702,#7703,#7704,#7705));
#1561=EDGE_LOOP('',(#7706,#7707,#7708,#7709));
#1562=EDGE_LOOP('',(#7710,#7711,#7712,#7713));
#1563=EDGE_LOOP('',(#7714,#7715,#7716,#7717));
#1564=EDGE_LOOP('',(#7718,#7719,#7720,#7721));
#1565=EDGE_LOOP('',(#7722,#7723,#7724,#7725));
#1566=EDGE_LOOP('',(#7726,#7727,#7728,#7729));
#1567=EDGE_LOOP('',(#7730,#7731,#7732,#7733,#7734,#7735,#7736,#7737,#7738,
#7739,#7740,#7741,#7742,#7743,#7744,#7745,#7746,#7747,#7748,#7749,#7750,
#7751,#7752,#7753,#7754,#7755,#7756,#7757));
#1568=EDGE_LOOP('',(#7758,#7759,#7760,#7761,#7762,#7763));
#1569=EDGE_LOOP('',(#7764,#7765,#7766,#7767,#7768,#7769));
#1570=EDGE_LOOP('',(#7770,#7771,#7772,#7773,#7774));
#1571=EDGE_LOOP('',(#7775,#7776,#7777,#7778,#7779));
#1572=EDGE_LOOP('',(#7780,#7781,#7782,#7783,#7784));
#1573=EDGE_LOOP('',(#7785,#7786,#7787,#7788,#7789));
#1574=EDGE_LOOP('',(#7790,#7791,#7792,#7793,#7794));
#1575=EDGE_LOOP('',(#7795,#7796,#7797,#7798,#7799));
#1576=EDGE_LOOP('',(#7800,#7801,#7802,#7803,#7804,#7805));
#1577=EDGE_LOOP('',(#7806,#7807,#7808,#7809,#7810,#7811));
#1578=EDGE_LOOP('',(#7812,#7813,#7814,#7815,#7816,#7817));
#1579=EDGE_LOOP('',(#7818,#7819,#7820,#7821,#7822,#7823));
#1580=EDGE_LOOP('',(#7824,#7825,#7826,#7827,#7828,#7829));
#1581=EDGE_LOOP('',(#7830,#7831,#7832,#7833,#7834,#7835));
#1582=EDGE_LOOP('',(#7836,#7837,#7838,#7839));
#1583=EDGE_LOOP('',(#7840));
#1584=EDGE_LOOP('',(#7841));
#1585=EDGE_LOOP('',(#7842,#7843,#7844,#7845,#7846,#7847));
#1586=EDGE_LOOP('',(#7848,#7849,#7850,#7851,#7852,#7853));
#1587=EDGE_LOOP('',(#7854,#7855,#7856,#7857,#7858,#7859,#7860,#7861,#7862,
#7863,#7864,#7865,#7866,#7867,#7868,#7869,#7870));
#1588=EDGE_LOOP('',(#7871));
#1589=EDGE_LOOP('',(#7872,#7873,#7874,#7875,#7876,#7877));
#1590=EDGE_LOOP('',(#7878));
#1591=EDGE_LOOP('',(#7879,#7880,#7881,#7882,#7883));
#1592=EDGE_LOOP('',(#7884));
#1593=EDGE_LOOP('',(#7885,#7886,#7887,#7888,#7889));
#1594=EDGE_LOOP('',(#7890));
#1595=EDGE_LOOP('',(#7891,#7892,#7893,#7894,#7895));
#1596=EDGE_LOOP('',(#7896));
#1597=EDGE_LOOP('',(#7897,#7898,#7899,#7900,#7901));
#1598=EDGE_LOOP('',(#7902));
#1599=EDGE_LOOP('',(#7903,#7904,#7905,#7906,#7907,#7908));
#1600=EDGE_LOOP('',(#7909));
#1601=EDGE_LOOP('',(#7910,#7911,#7912,#7913,#7914,#7915,#7916));
#1602=EDGE_LOOP('',(#7917,#7918,#7919,#7920,#7921,#7922,#7923));
#1603=EDGE_LOOP('',(#7924,#7925,#7926,#7927,#7928,#7929,#7930));
#1604=EDGE_LOOP('',(#7931,#7932,#7933,#7934,#7935,#7936,#7937));
#1605=EDGE_LOOP('',(#7938,#7939,#7940,#7941,#7942,#7943,#7944));
#1606=EDGE_LOOP('',(#7945,#7946,#7947,#7948,#7949,#7950,#7951));
#1607=EDGE_LOOP('',(#7952,#7953,#7954,#7955,#7956));
#1608=EDGE_LOOP('',(#7957,#7958,#7959,#7960,#7961));
#1609=EDGE_LOOP('',(#7962,#7963,#7964,#7965));
#1610=EDGE_LOOP('',(#7966,#7967,#7968,#7969));
#1611=EDGE_LOOP('',(#7970,#7971,#7972,#7973));
#1612=EDGE_LOOP('',(#7974,#7975,#7976,#7977));
#1613=EDGE_LOOP('',(#7978,#7979,#7980,#7981));
#1614=EDGE_LOOP('',(#7982,#7983,#7984,#7985));
#1615=EDGE_LOOP('',(#7986));
#1616=EDGE_LOOP('',(#7987));
#1617=EDGE_LOOP('',(#7988,#7989,#7990,#7991));
#1618=EDGE_LOOP('',(#7992,#7993,#7994,#7995));
#1619=EDGE_LOOP('',(#7996,#7997,#7998,#7999));
#1620=EDGE_LOOP('',(#8000,#8001,#8002,#8003));
#1621=EDGE_LOOP('',(#8004,#8005,#8006,#8007));
#1622=EDGE_LOOP('',(#8008,#8009,#8010,#8011));
#1623=EDGE_LOOP('',(#8012,#8013,#8014,#8015));
#1624=EDGE_LOOP('',(#8016,#8017,#8018,#8019,#8020));
#1625=EDGE_LOOP('',(#8021,#8022,#8023,#8024,#8025));
#1626=EDGE_LOOP('',(#8026,#8027,#8028,#8029,#8030));
#1627=EDGE_LOOP('',(#8031,#8032,#8033,#8034,#8035));
#1628=EDGE_LOOP('',(#8036,#8037,#8038,#8039,#8040));
#1629=EDGE_LOOP('',(#8041,#8042,#8043,#8044,#8045));
#1630=EDGE_LOOP('',(#8046));
#1631=EDGE_LOOP('',(#8047));
#1632=EDGE_LOOP('',(#8048));
#1633=EDGE_LOOP('',(#8049));
#1634=EDGE_LOOP('',(#8050));
#1635=EDGE_LOOP('',(#8051));
#1636=EDGE_LOOP('',(#8052));
#1637=EDGE_LOOP('',(#8053));
#1638=EDGE_LOOP('',(#8054));
#1639=EDGE_LOOP('',(#8055));
#1640=EDGE_LOOP('',(#8056));
#1641=EDGE_LOOP('',(#8057));
#1642=EDGE_LOOP('',(#8058));
#1643=EDGE_LOOP('',(#8059));
#1644=EDGE_LOOP('',(#8060));
#1645=EDGE_LOOP('',(#8061));
#1646=EDGE_LOOP('',(#8062,#8063,#8064,#8065));
#1647=EDGE_LOOP('',(#8066));
#1648=EDGE_LOOP('',(#8067));
#1649=EDGE_LOOP('',(#8068));
#1650=EDGE_LOOP('',(#8069));
#1651=EDGE_LOOP('',(#8070));
#1652=EDGE_LOOP('',(#8071));
#1653=EDGE_LOOP('',(#8072));
#1654=EDGE_LOOP('',(#8073));
#1655=EDGE_LOOP('',(#8074));
#1656=EDGE_LOOP('',(#8075));
#1657=EDGE_LOOP('',(#8076));
#1658=EDGE_LOOP('',(#8077));
#1659=EDGE_LOOP('',(#8078));
#1660=EDGE_LOOP('',(#8079,#8080,#8081,#8082,#8083,#8084));
#1661=EDGE_LOOP('',(#8085));
#1662=EDGE_LOOP('',(#8086,#8087,#8088,#8089,#8090,#8091));
#1663=EDGE_LOOP('',(#8092));
#1664=EDGE_LOOP('',(#8093,#8094,#8095,#8096,#8097,#8098));
#1665=EDGE_LOOP('',(#8099));
#1666=EDGE_LOOP('',(#8100,#8101,#8102,#8103,#8104,#8105));
#1667=EDGE_LOOP('',(#8106));
#1668=EDGE_LOOP('',(#8107,#8108,#8109,#8110,#8111,#8112));
#1669=EDGE_LOOP('',(#8113));
#1670=EDGE_LOOP('',(#8114,#8115,#8116,#8117,#8118,#8119));
#1671=EDGE_LOOP('',(#8120,#8121,#8122,#8123));
#1672=EDGE_LOOP('',(#8124,#8125,#8126,#8127));
#1673=EDGE_LOOP('',(#8128,#8129,#8130,#8131));
#1674=EDGE_LOOP('',(#8132,#8133,#8134,#8135));
#1675=EDGE_LOOP('',(#8136,#8137,#8138,#8139));
#1676=EDGE_LOOP('',(#8140,#8141,#8142,#8143));
#1677=EDGE_LOOP('',(#8144,#8145,#8146,#8147));
#1678=EDGE_LOOP('',(#8148,#8149,#8150,#8151));
#1679=EDGE_LOOP('',(#8152,#8153,#8154,#8155));
#1680=EDGE_LOOP('',(#8156,#8157,#8158,#8159));
#1681=EDGE_LOOP('',(#8160,#8161,#8162,#8163));
#1682=EDGE_LOOP('',(#8164,#8165,#8166,#8167));
#1683=EDGE_LOOP('',(#8168,#8169,#8170,#8171));
#1684=EDGE_LOOP('',(#8172,#8173,#8174,#8175));
#1685=EDGE_LOOP('',(#8176,#8177,#8178,#8179));
#1686=EDGE_LOOP('',(#8180,#8181,#8182,#8183));
#1687=EDGE_LOOP('',(#8184,#8185,#8186,#8187));
#1688=EDGE_LOOP('',(#8188,#8189,#8190,#8191));
#1689=EDGE_LOOP('',(#8192,#8193,#8194,#8195));
#1690=EDGE_LOOP('',(#8196,#8197,#8198,#8199));
#1691=EDGE_LOOP('',(#8200,#8201,#8202,#8203));
#1692=EDGE_LOOP('',(#8204,#8205,#8206,#8207));
#1693=EDGE_LOOP('',(#8208,#8209,#8210,#8211));
#1694=EDGE_LOOP('',(#8212,#8213,#8214,#8215));
#1695=EDGE_LOOP('',(#8216,#8217,#8218,#8219));
#1696=EDGE_LOOP('',(#8220,#8221,#8222,#8223));
#1697=EDGE_LOOP('',(#8224,#8225,#8226,#8227));
#1698=EDGE_LOOP('',(#8228,#8229,#8230,#8231));
#1699=EDGE_LOOP('',(#8232,#8233,#8234,#8235));
#1700=EDGE_LOOP('',(#8236,#8237,#8238,#8239));
#1701=EDGE_LOOP('',(#8240,#8241,#8242,#8243));
#1702=EDGE_LOOP('',(#8244,#8245,#8246,#8247));
#1703=EDGE_LOOP('',(#8248,#8249,#8250,#8251));
#1704=EDGE_LOOP('',(#8252,#8253,#8254,#8255));
#1705=EDGE_LOOP('',(#8256,#8257,#8258,#8259));
#1706=EDGE_LOOP('',(#8260,#8261,#8262,#8263));
#1707=EDGE_LOOP('',(#8264,#8265,#8266,#8267));
#1708=EDGE_LOOP('',(#8268,#8269,#8270,#8271));
#1709=EDGE_LOOP('',(#8272,#8273,#8274,#8275));
#1710=EDGE_LOOP('',(#8276,#8277,#8278,#8279));
#1711=EDGE_LOOP('',(#8280,#8281,#8282,#8283));
#1712=EDGE_LOOP('',(#8284,#8285,#8286,#8287));
#1713=EDGE_LOOP('',(#8288,#8289,#8290,#8291,#8292,#8293));
#1714=EDGE_LOOP('',(#8294,#8295,#8296,#8297,#8298,#8299));
#1715=EDGE_LOOP('',(#8300,#8301,#8302,#8303,#8304,#8305));
#1716=EDGE_LOOP('',(#8306,#8307,#8308,#8309,#8310,#8311));
#1717=EDGE_LOOP('',(#8312,#8313,#8314,#8315,#8316,#8317));
#1718=EDGE_LOOP('',(#8318,#8319,#8320,#8321,#8322,#8323));
#1719=LINE('',#12895,#2416);
#1720=LINE('',#12899,#2417);
#1721=LINE('',#12906,#2418);
#1722=LINE('',#12911,#2419);
#1723=LINE('',#12918,#2420);
#1724=LINE('',#12923,#2421);
#1725=LINE('',#12930,#2422);
#1726=LINE('',#12940,#2423);
#1727=LINE('',#12951,#2424);
#1728=LINE('',#12954,#2425);
#1729=LINE('',#12978,#2426);
#1730=LINE('',#13044,#2427);
#1731=LINE('',#13051,#2428);
#1732=LINE('',#13058,#2429);
#1733=LINE('',#13062,#2430);
#1734=LINE('',#13067,#2431);
#1735=LINE('',#13077,#2432);
#1736=LINE('',#13082,#2433);
#1737=LINE('',#13097,#2434);
#1738=LINE('',#13100,#2435);
#1739=LINE('',#13111,#2436);
#1740=LINE('',#13115,#2437);
#1741=LINE('',#13122,#2438);
#1742=LINE('',#13142,#2439);
#1743=LINE('',#13146,#2440);
#1744=LINE('',#13150,#2441);
#1745=LINE('',#13154,#2442);
#1746=LINE('',#13158,#2443);
#1747=LINE('',#13162,#2444);
#1748=LINE('',#13166,#2445);
#1749=LINE('',#13174,#2446);
#1750=LINE('',#13181,#2447);
#1751=LINE('',#13185,#2448);
#1752=LINE('',#13194,#2449);
#1753=LINE('',#13197,#2450);
#1754=LINE('',#13201,#2451);
#1755=LINE('',#13205,#2452);
#1756=LINE('',#13209,#2453);
#1757=LINE('',#13213,#2454);
#1758=LINE('',#13217,#2455);
#1759=LINE('',#13221,#2456);
#1760=LINE('',#13231,#2457);
#1761=LINE('',#13235,#2458);
#1762=LINE('',#13237,#2459);
#1763=LINE('',#13238,#2460);
#1764=LINE('',#13239,#2461);
#1765=LINE('',#13242,#2462);
#1766=LINE('',#13247,#2463);
#1767=LINE('',#13249,#2464);
#1768=LINE('',#13252,#2465);
#1769=LINE('',#13254,#2466);
#1770=LINE('',#13263,#2467);
#1771=LINE('',#13267,#2468);
#1772=LINE('',#13269,#2469);
#1773=LINE('',#13270,#2470);
#1774=LINE('',#13271,#2471);
#1775=LINE('',#13275,#2472);
#1776=LINE('',#13279,#2473);
#1777=LINE('',#13280,#2474);
#1778=LINE('',#13282,#2475);
#1779=LINE('',#13284,#2476);
#1780=LINE('',#13295,#2477);
#1781=LINE('',#13315,#2478);
#1782=LINE('',#13327,#2479);
#1783=LINE('',#13344,#2480);
#1784=LINE('',#13350,#2481);
#1785=LINE('',#13356,#2482);
#1786=LINE('',#13362,#2483);
#1787=LINE('',#13368,#2484);
#1788=LINE('',#13374,#2485);
#1789=LINE('',#13378,#2486);
#1790=LINE('',#13384,#2487);
#1791=LINE('',#13388,#2488);
#1792=LINE('',#13392,#2489);
#1793=LINE('',#13396,#2490);
#1794=LINE('',#13400,#2491);
#1795=LINE('',#13404,#2492);
#1796=LINE('',#13409,#2493);
#1797=LINE('',#13420,#2494);
#1798=LINE('',#13422,#2495);
#1799=LINE('',#13424,#2496);
#1800=LINE('',#13425,#2497);
#1801=LINE('',#13429,#2498);
#1802=LINE('',#13430,#2499);
#1803=LINE('',#13432,#2500);
#1804=LINE('',#13438,#2501);
#1805=LINE('',#13443,#2502);
#1806=LINE('',#13446,#2503);
#1807=LINE('',#13447,#2504);
#1808=LINE('',#13453,#2505);
#1809=LINE('',#13457,#2506);
#1810=LINE('',#13461,#2507);
#1811=LINE('',#13462,#2508);
#1812=LINE('',#13464,#2509);
#1813=LINE('',#13469,#2510);
#1814=LINE('',#13472,#2511);
#1815=LINE('',#13473,#2512);
#1816=LINE('',#13477,#2513);
#1817=LINE('',#13480,#2514);
#1818=LINE('',#13482,#2515);
#1819=LINE('',#13483,#2516);
#1820=LINE('',#13488,#2517);
#1821=LINE('',#13493,#2518);
#1822=LINE('',#13494,#2519);
#1823=LINE('',#13495,#2520);
#1824=LINE('',#13498,#2521);
#1825=LINE('',#13500,#2522);
#1826=LINE('',#13503,#2523);
#1827=LINE('',#13506,#2524);
#1828=LINE('',#13508,#2525);
#1829=LINE('',#13511,#2526);
#1830=LINE('',#13514,#2527);
#1831=LINE('',#13516,#2528);
#1832=LINE('',#13517,#2529);
#1833=LINE('',#13523,#2530);
#1834=LINE('',#13526,#2531);
#1835=LINE('',#13528,#2532);
#1836=LINE('',#13529,#2533);
#1837=LINE('',#13532,#2534);
#1838=LINE('',#13534,#2535);
#1839=LINE('',#13538,#2536);
#1840=LINE('',#13541,#2537);
#1841=LINE('',#13544,#2538);
#1842=LINE('',#13546,#2539);
#1843=LINE('',#13547,#2540);
#1844=LINE('',#13552,#2541);
#1845=LINE('',#13554,#2542);
#1846=LINE('',#13555,#2543);
#1847=LINE('',#13561,#2544);
#1848=LINE('',#13565,#2545);
#1849=LINE('',#13569,#2546);
#1850=LINE('',#13573,#2547);
#1851=LINE('',#13576,#2548);
#1852=LINE('',#13580,#2549);
#1853=LINE('',#13583,#2550);
#1854=LINE('',#13587,#2551);
#1855=LINE('',#13589,#2552);
#1856=LINE('',#13591,#2553);
#1857=LINE('',#13593,#2554);
#1858=LINE('',#13594,#2555);
#1859=LINE('',#13596,#2556);
#1860=LINE('',#13597,#2557);
#1861=LINE('',#13599,#2558);
#1862=LINE('',#13601,#2559);
#1863=LINE('',#13603,#2560);
#1864=LINE('',#13604,#2561);
#1865=LINE('',#13607,#2562);
#1866=LINE('',#13614,#2563);
#1867=LINE('',#13617,#2564);
#1868=LINE('',#13621,#2565);
#1869=LINE('',#13627,#2566);
#1870=LINE('',#13632,#2567);
#1871=LINE('',#13635,#2568);
#1872=LINE('',#13637,#2569);
#1873=LINE('',#13641,#2570);
#1874=LINE('',#13645,#2571);
#1875=LINE('',#13649,#2572);
#1876=LINE('',#13655,#2573);
#1877=LINE('',#13659,#2574);
#1878=LINE('',#13663,#2575);
#1879=LINE('',#13666,#2576);
#1880=LINE('',#13682,#2577);
#1881=LINE('',#13688,#2578);
#1882=LINE('',#13692,#2579);
#1883=LINE('',#13696,#2580);
#1884=LINE('',#13700,#2581);
#1885=LINE('',#13704,#2582);
#1886=LINE('',#13708,#2583);
#1887=LINE('',#13709,#2584);
#1888=LINE('',#13711,#2585);
#1889=LINE('',#13712,#2586);
#1890=LINE('',#13717,#2587);
#1891=LINE('',#13723,#2588);
#1892=LINE('',#13724,#2589);
#1893=LINE('',#13728,#2590);
#1894=LINE('',#13729,#2591);
#1895=LINE('',#13733,#2592);
#1896=LINE('',#13734,#2593);
#1897=LINE('',#13737,#2594);
#1898=LINE('',#13740,#2595);
#1899=LINE('',#13742,#2596);
#1900=LINE('',#13745,#2597);
#1901=LINE('',#13747,#2598);
#1902=LINE('',#13748,#2599);
#1903=LINE('',#13753,#2600);
#1904=LINE('',#13757,#2601);
#1905=LINE('',#13759,#2602);
#1906=LINE('',#13763,#2603);
#1907=LINE('',#13767,#2604);
#1908=LINE('',#13771,#2605);
#1909=LINE('',#13777,#2606);
#1910=LINE('',#13781,#2607);
#1911=LINE('',#13785,#2608);
#1912=LINE('',#13787,#2609);
#1913=LINE('',#13790,#2610);
#1914=LINE('',#13793,#2611);
#1915=LINE('',#13797,#2612);
#1916=LINE('',#13803,#2613);
#1917=LINE('',#13805,#2614);
#1918=LINE('',#13809,#2615);
#1919=LINE('',#13813,#2616);
#1920=LINE('',#13814,#2617);
#1921=LINE('',#13816,#2618);
#1922=LINE('',#13818,#2619);
#1923=LINE('',#13820,#2620);
#1924=LINE('',#13824,#2621);
#1925=LINE('',#13827,#2622);
#1926=LINE('',#13830,#2623);
#1927=LINE('',#13832,#2624);
#1928=LINE('',#13836,#2625);
#1929=LINE('',#13840,#2626);
#1930=LINE('',#13842,#2627);
#1931=LINE('',#13843,#2628);
#1932=LINE('',#13845,#2629);
#1933=LINE('',#13847,#2630);
#1934=LINE('',#13851,#2631);
#1935=LINE('',#13854,#2632);
#1936=LINE('',#13857,#2633);
#1937=LINE('',#13859,#2634);
#1938=LINE('',#13860,#2635);
#1939=LINE('',#13863,#2636);
#1940=LINE('',#13865,#2637);
#1941=LINE('',#13866,#2638);
#1942=LINE('',#13868,#2639);
#1943=LINE('',#13871,#2640);
#1944=LINE('',#13873,#2641);
#1945=LINE('',#13874,#2642);
#1946=LINE('',#13877,#2643);
#1947=LINE('',#13878,#2644);
#1948=LINE('',#13881,#2645);
#1949=LINE('',#13891,#2646);
#1950=LINE('',#13901,#2647);
#1951=LINE('',#13911,#2648);
#1952=LINE('',#13922,#2649);
#1953=LINE('',#13925,#2650);
#1954=LINE('',#13926,#2651);
#1955=LINE('',#13928,#2652);
#1956=LINE('',#13931,#2653);
#1957=LINE('',#13933,#2654);
#1958=LINE('',#13934,#2655);
#1959=LINE('',#13937,#2656);
#1960=LINE('',#13938,#2657);
#1961=LINE('',#13941,#2658);
#1962=LINE('',#13942,#2659);
#1963=LINE('',#13945,#2660);
#1964=LINE('',#13948,#2661);
#1965=LINE('',#13951,#2662);
#1966=LINE('',#13952,#2663);
#1967=LINE('',#13960,#2664);
#1968=LINE('',#13963,#2665);
#1969=LINE('',#13965,#2666);
#1970=LINE('',#13966,#2667);
#1971=LINE('',#13971,#2668);
#1972=LINE('',#13974,#2669);
#1973=LINE('',#13977,#2670);
#1974=LINE('',#13978,#2671);
#1975=LINE('',#13982,#2672);
#1976=LINE('',#13985,#2673);
#1977=LINE('',#13986,#2674);
#1978=LINE('',#13990,#2675);
#1979=LINE('',#13993,#2676);
#1980=LINE('',#13994,#2677);
#1981=LINE('',#13998,#2678);
#1982=LINE('',#14000,#2679);
#1983=LINE('',#14003,#2680);
#1984=LINE('',#14009,#2681);
#1985=LINE('',#14015,#2682);
#1986=LINE('',#14021,#2683);
#1987=LINE('',#14027,#2684);
#1988=LINE('',#14033,#2685);
#1989=LINE('',#14039,#2686);
#1990=LINE('',#14043,#2687);
#1991=LINE('',#14045,#2688);
#1992=LINE('',#14046,#2689);
#1993=LINE('',#14048,#2690);
#1994=LINE('',#14050,#2691);
#1995=LINE('',#14054,#2692);
#1996=LINE('',#14055,#2693);
#1997=LINE('',#14057,#2694);
#1998=LINE('',#14058,#2695);
#1999=LINE('',#14063,#2696);
#2000=LINE('',#14065,#2697);
#2001=LINE('',#14067,#2698);
#2002=LINE('',#14068,#2699);
#2003=LINE('',#14073,#2700);
#2004=LINE('',#14074,#2701);
#2005=LINE('',#14077,#2702);
#2006=LINE('',#14079,#2703);
#2007=LINE('',#14081,#2704);
#2008=LINE('',#14082,#2705);
#2009=LINE('',#14084,#2706);
#2010=LINE('',#14088,#2707);
#2011=LINE('',#14091,#2708);
#2012=LINE('',#14092,#2709);
#2013=LINE('',#14094,#2710);
#2014=LINE('',#14096,#2711);
#2015=LINE('',#14097,#2712);
#2016=LINE('',#14098,#2713);
#2017=LINE('',#14100,#2714);
#2018=LINE('',#14121,#2715);
#2019=LINE('',#14122,#2716);
#2020=LINE('',#14123,#2717);
#2021=LINE('',#14127,#2718);
#2022=LINE('',#14130,#2719);
#2023=LINE('',#14131,#2720);
#2024=LINE('',#14137,#2721);
#2025=LINE('',#14140,#2722);
#2026=LINE('',#14142,#2723);
#2027=LINE('',#14143,#2724);
#2028=LINE('',#14148,#2725);
#2029=LINE('',#14150,#2726);
#2030=LINE('',#14151,#2727);
#2031=LINE('',#14155,#2728);
#2032=LINE('',#14158,#2729);
#2033=LINE('',#14159,#2730);
#2034=LINE('',#14164,#2731);
#2035=LINE('',#14168,#2732);
#2036=LINE('',#14169,#2733);
#2037=LINE('',#14173,#2734);
#2038=LINE('',#14176,#2735);
#2039=LINE('',#14177,#2736);
#2040=LINE('',#14181,#2737);
#2041=LINE('',#14183,#2738);
#2042=LINE('',#14186,#2739);
#2043=LINE('',#14187,#2740);
#2044=LINE('',#14188,#2741);
#2045=LINE('',#14190,#2742);
#2046=LINE('',#14192,#2743);
#2047=LINE('',#14194,#2744);
#2048=LINE('',#14214,#2745);
#2049=LINE('',#14215,#2746);
#2050=LINE('',#14219,#2747);
#2051=LINE('',#14222,#2748);
#2052=LINE('',#14223,#2749);
#2053=LINE('',#14227,#2750);
#2054=LINE('',#14229,#2751);
#2055=LINE('',#14233,#2752);
#2056=LINE('',#14235,#2753);
#2057=LINE('',#14237,#2754);
#2058=LINE('',#14238,#2755);
#2059=LINE('',#14241,#2756);
#2060=LINE('',#14244,#2757);
#2061=LINE('',#14246,#2758);
#2062=LINE('',#14247,#2759);
#2063=LINE('',#14258,#2760);
#2064=LINE('',#14297,#2761);
#2065=LINE('',#14336,#2762);
#2066=LINE('',#14375,#2763);
#2067=LINE('',#14405,#2764);
#2068=LINE('',#14408,#2765);
#2069=LINE('',#14412,#2766);
#2070=LINE('',#14414,#2767);
#2071=LINE('',#14415,#2768);
#2072=LINE('',#14418,#2769);
#2073=LINE('',#14419,#2770);
#2074=LINE('',#14422,#2771);
#2075=LINE('',#14424,#2772);
#2076=LINE('',#14425,#2773);
#2077=LINE('',#14428,#2774);
#2078=LINE('',#14430,#2775);
#2079=LINE('',#14437,#2776);
#2080=LINE('',#14441,#2777);
#2081=LINE('',#14449,#2778);
#2082=LINE('',#14453,#2779);
#2083=LINE('',#14461,#2780);
#2084=LINE('',#14465,#2781);
#2085=LINE('',#14471,#2782);
#2086=LINE('',#14475,#2783);
#2087=LINE('',#14479,#2784);
#2088=LINE('',#14483,#2785);
#2089=LINE('',#14487,#2786);
#2090=LINE('',#14491,#2787);
#2091=LINE('',#14494,#2788);
#2092=LINE('',#14497,#2789);
#2093=LINE('',#14499,#2790);
#2094=LINE('',#14501,#2791);
#2095=LINE('',#14503,#2792);
#2096=LINE('',#14510,#2793);
#2097=LINE('',#14514,#2794);
#2098=LINE('',#14516,#2795);
#2099=LINE('',#14518,#2796);
#2100=LINE('',#14520,#2797);
#2101=LINE('',#14522,#2798);
#2102=LINE('',#14524,#2799);
#2103=LINE('',#14526,#2800);
#2104=LINE('',#14529,#2801);
#2105=LINE('',#14533,#2802);
#2106=LINE('',#14537,#2803);
#2107=LINE('',#14539,#2804);
#2108=LINE('',#14540,#2805);
#2109=LINE('',#14543,#2806);
#2110=LINE('',#14544,#2807);
#2111=LINE('',#14547,#2808);
#2112=LINE('',#14548,#2809);
#2113=LINE('',#14550,#2810);
#2114=LINE('',#14556,#2811);
#2115=LINE('',#14559,#2812);
#2116=LINE('',#14562,#2813);
#2117=LINE('',#14563,#2814);
#2118=LINE('',#14567,#2815);
#2119=LINE('',#14570,#2816);
#2120=LINE('',#14571,#2817);
#2121=LINE('',#14576,#2818);
#2122=LINE('',#14582,#2819);
#2123=LINE('',#14603,#2820);
#2124=LINE('',#14606,#2821);
#2125=LINE('',#14609,#2822);
#2126=LINE('',#14610,#2823);
#2127=LINE('',#14614,#2824);
#2128=LINE('',#14617,#2825);
#2129=LINE('',#14618,#2826);
#2130=LINE('',#14623,#2827);
#2131=LINE('',#14629,#2828);
#2132=LINE('',#14632,#2829);
#2133=LINE('',#14635,#2830);
#2134=LINE('',#14636,#2831);
#2135=LINE('',#14640,#2832);
#2136=LINE('',#14643,#2833);
#2137=LINE('',#14644,#2834);
#2138=LINE('',#14649,#2835);
#2139=LINE('',#14652,#2836);
#2140=LINE('',#14654,#2837);
#2141=LINE('',#14656,#2838);
#2142=LINE('',#14658,#2839);
#2143=LINE('',#14660,#2840);
#2144=LINE('',#14662,#2841);
#2145=LINE('',#14683,#2842);
#2146=LINE('',#14699,#2843);
#2147=LINE('',#14700,#2844);
#2148=LINE('',#14707,#2845);
#2149=LINE('',#14709,#2846);
#2150=LINE('',#14714,#2847);
#2151=LINE('',#14716,#2848);
#2152=LINE('',#14718,#2849);
#2153=LINE('',#14730,#2850);
#2154=LINE('',#14732,#2851);
#2155=LINE('',#14734,#2852);
#2156=LINE('',#14736,#2853);
#2157=LINE('',#14738,#2854);
#2158=LINE('',#14740,#2855);
#2159=LINE('',#14744,#2856);
#2160=LINE('',#14746,#2857);
#2161=LINE('',#14748,#2858);
#2162=LINE('',#14749,#2859);
#2163=LINE('',#14752,#2860);
#2164=LINE('',#14756,#2861);
#2165=LINE('',#14763,#2862);
#2166=LINE('',#14769,#2863);
#2167=LINE('',#14772,#2864);
#2168=LINE('',#14802,#2865);
#2169=LINE('',#14804,#2866);
#2170=LINE('',#14805,#2867);
#2171=LINE('',#14808,#2868);
#2172=LINE('',#14812,#2869);
#2173=LINE('',#14816,#2870);
#2174=LINE('',#14820,#2871);
#2175=LINE('',#14824,#2872);
#2176=LINE('',#14828,#2873);
#2177=LINE('',#14834,#2874);
#2178=LINE('',#14835,#2875);
#2179=LINE('',#14840,#2876);
#2180=LINE('',#14844,#2877);
#2181=LINE('',#14848,#2878);
#2182=LINE('',#14852,#2879);
#2183=LINE('',#14856,#2880);
#2184=LINE('',#14866,#2881);
#2185=LINE('',#14870,#2882);
#2186=LINE('',#14875,#2883);
#2187=LINE('',#14976,#2884);
#2188=LINE('',#15000,#2885);
#2189=LINE('',#15024,#2886);
#2190=LINE('',#15048,#2887);
#2191=LINE('',#15072,#2888);
#2192=LINE('',#15096,#2889);
#2193=LINE('',#15117,#2890);
#2194=LINE('',#15119,#2891);
#2195=LINE('',#15121,#2892);
#2196=LINE('',#15123,#2893);
#2197=LINE('',#15125,#2894);
#2198=LINE('',#15127,#2895);
#2199=LINE('',#15129,#2896);
#2200=LINE('',#15131,#2897);
#2201=LINE('',#15133,#2898);
#2202=LINE('',#15135,#2899);
#2203=LINE('',#15139,#2900);
#2204=LINE('',#15146,#2901);
#2205=LINE('',#15152,#2902);
#2206=LINE('',#15156,#2903);
#2207=LINE('',#15158,#2904);
#2208=LINE('',#15160,#2905);
#2209=LINE('',#15162,#2906);
#2210=LINE('',#15164,#2907);
#2211=LINE('',#15165,#2908);
#2212=LINE('',#15169,#2909);
#2213=LINE('',#15171,#2910);
#2214=LINE('',#15173,#2911);
#2215=LINE('',#15175,#2912);
#2216=LINE('',#15177,#2913);
#2217=LINE('',#15178,#2914);
#2218=LINE('',#15181,#2915);
#2219=LINE('',#15188,#2916);
#2220=LINE('',#15197,#2917);
#2221=LINE('',#15203,#2918);
#2222=LINE('',#15209,#2919);
#2223=LINE('',#15215,#2920);
#2224=LINE('',#15221,#2921);
#2225=LINE('',#15227,#2922);
#2226=LINE('',#15231,#2923);
#2227=LINE('',#15235,#2924);
#2228=LINE('',#15239,#2925);
#2229=LINE('',#15243,#2926);
#2230=LINE('',#15247,#2927);
#2231=LINE('',#15251,#2928);
#2232=LINE('',#15258,#2929);
#2233=LINE('',#15262,#2930);
#2234=LINE('',#15266,#2931);
#2235=LINE('',#15268,#2932);
#2236=LINE('',#15269,#2933);
#2237=LINE('',#15272,#2934);
#2238=LINE('',#15273,#2935);
#2239=LINE('',#15276,#2936);
#2240=LINE('',#15277,#2937);
#2241=LINE('',#15280,#2938);
#2242=LINE('',#15281,#2939);
#2243=LINE('',#15284,#2940);
#2244=LINE('',#15285,#2941);
#2245=LINE('',#15287,#2942);
#2246=LINE('',#15290,#2943);
#2247=LINE('',#15292,#2944);
#2248=LINE('',#15293,#2945);
#2249=LINE('',#15296,#2946);
#2250=LINE('',#15297,#2947);
#2251=LINE('',#15300,#2948);
#2252=LINE('',#15301,#2949);
#2253=LINE('',#15304,#2950);
#2254=LINE('',#15305,#2951);
#2255=LINE('',#15308,#2952);
#2256=LINE('',#15309,#2953);
#2257=LINE('',#15311,#2954);
#2258=LINE('',#15314,#2955);
#2259=LINE('',#15396,#2956);
#2260=LINE('',#15402,#2957);
#2261=LINE('',#15408,#2958);
#2262=LINE('',#15412,#2959);
#2263=LINE('',#15416,#2960);
#2264=LINE('',#15420,#2961);
#2265=LINE('',#15424,#2962);
#2266=LINE('',#15428,#2963);
#2267=LINE('',#15432,#2964);
#2268=LINE('',#15437,#2965);
#2269=LINE('',#15442,#2966);
#2270=LINE('',#15447,#2967);
#2271=LINE('',#15452,#2968);
#2272=LINE('',#15457,#2969);
#2273=LINE('',#15462,#2970);
#2274=LINE('',#15518,#2971);
#2275=LINE('',#15524,#2972);
#2276=LINE('',#15530,#2973);
#2277=LINE('',#15536,#2974);
#2278=LINE('',#15542,#2975);
#2279=LINE('',#15548,#2976);
#2280=LINE('',#15552,#2977);
#2281=LINE('',#15556,#2978);
#2282=LINE('',#15559,#2979);
#2283=LINE('',#15563,#2980);
#2284=LINE('',#15567,#2981);
#2285=LINE('',#15571,#2982);
#2286=LINE('',#15575,#2983);
#2287=LINE('',#15579,#2984);
#2288=LINE('',#15587,#2985);
#2289=LINE('',#15590,#2986);
#2290=LINE('',#15594,#2987);
#2291=LINE('',#15598,#2988);
#2292=LINE('',#15602,#2989);
#2293=LINE('',#15606,#2990);
#2294=LINE('',#15610,#2991);
#2295=LINE('',#15614,#2992);
#2296=LINE('',#15618,#2993);
#2297=LINE('',#15622,#2994);
#2298=LINE('',#15626,#2995);
#2299=LINE('',#15630,#2996);
#2300=LINE('',#15634,#2997);
#2301=LINE('',#15659,#2998);
#2302=LINE('',#15681,#2999);
#2303=LINE('',#15683,#3000);
#2304=LINE('',#15685,#3001);
#2305=LINE('',#15687,#3002);
#2306=LINE('',#15689,#3003);
#2307=LINE('',#15690,#3004);
#2308=LINE('',#15694,#3005);
#2309=LINE('',#15696,#3006);
#2310=LINE('',#15698,#3007);
#2311=LINE('',#15700,#3008);
#2312=LINE('',#15702,#3009);
#2313=LINE('',#15703,#3010);
#2314=LINE('',#15707,#3011);
#2315=LINE('',#15709,#3012);
#2316=LINE('',#15711,#3013);
#2317=LINE('',#15713,#3014);
#2318=LINE('',#15715,#3015);
#2319=LINE('',#15716,#3016);
#2320=LINE('',#15720,#3017);
#2321=LINE('',#15722,#3018);
#2322=LINE('',#15724,#3019);
#2323=LINE('',#15726,#3020);
#2324=LINE('',#15728,#3021);
#2325=LINE('',#15729,#3022);
#2326=LINE('',#15733,#3023);
#2327=LINE('',#15735,#3024);
#2328=LINE('',#15737,#3025);
#2329=LINE('',#15739,#3026);
#2330=LINE('',#15741,#3027);
#2331=LINE('',#15742,#3028);
#2332=LINE('',#15746,#3029);
#2333=LINE('',#15748,#3030);
#2334=LINE('',#15750,#3031);
#2335=LINE('',#15752,#3032);
#2336=LINE('',#15754,#3033);
#2337=LINE('',#15755,#3034);
#2338=LINE('',#15757,#3035);
#2339=LINE('',#15759,#3036);
#2340=LINE('',#15761,#3037);
#2341=LINE('',#15763,#3038);
#2342=LINE('',#15765,#3039);
#2343=LINE('',#15767,#3040);
#2344=LINE('',#15770,#3041);
#2345=LINE('',#15772,#3042);
#2346=LINE('',#15773,#3043);
#2347=LINE('',#15776,#3044);
#2348=LINE('',#15777,#3045);
#2349=LINE('',#15780,#3046);
#2350=LINE('',#15781,#3047);
#2351=LINE('',#15784,#3048);
#2352=LINE('',#15785,#3049);
#2353=LINE('',#15788,#3050);
#2354=LINE('',#15789,#3051);
#2355=LINE('',#15791,#3052);
#2356=LINE('',#15794,#3053);
#2357=LINE('',#15796,#3054);
#2358=LINE('',#15797,#3055);
#2359=LINE('',#15800,#3056);
#2360=LINE('',#15801,#3057);
#2361=LINE('',#15804,#3058);
#2362=LINE('',#15805,#3059);
#2363=LINE('',#15808,#3060);
#2364=LINE('',#15809,#3061);
#2365=LINE('',#15812,#3062);
#2366=LINE('',#15813,#3063);
#2367=LINE('',#15815,#3064);
#2368=LINE('',#15818,#3065);
#2369=LINE('',#15820,#3066);
#2370=LINE('',#15821,#3067);
#2371=LINE('',#15824,#3068);
#2372=LINE('',#15825,#3069);
#2373=LINE('',#15828,#3070);
#2374=LINE('',#15829,#3071);
#2375=LINE('',#15832,#3072);
#2376=LINE('',#15833,#3073);
#2377=LINE('',#15836,#3074);
#2378=LINE('',#15837,#3075);
#2379=LINE('',#15839,#3076);
#2380=LINE('',#15842,#3077);
#2381=LINE('',#15844,#3078);
#2382=LINE('',#15845,#3079);
#2383=LINE('',#15848,#3080);
#2384=LINE('',#15849,#3081);
#2385=LINE('',#15852,#3082);
#2386=LINE('',#15853,#3083);
#2387=LINE('',#15856,#3084);
#2388=LINE('',#15857,#3085);
#2389=LINE('',#15860,#3086);
#2390=LINE('',#15861,#3087);
#2391=LINE('',#15863,#3088);
#2392=LINE('',#15866,#3089);
#2393=LINE('',#15868,#3090);
#2394=LINE('',#15869,#3091);
#2395=LINE('',#15872,#3092);
#2396=LINE('',#15873,#3093);
#2397=LINE('',#15876,#3094);
#2398=LINE('',#15877,#3095);
#2399=LINE('',#15880,#3096);
#2400=LINE('',#15881,#3097);
#2401=LINE('',#15884,#3098);
#2402=LINE('',#15885,#3099);
#2403=LINE('',#15887,#3100);
#2404=LINE('',#15890,#3101);
#2405=LINE('',#15892,#3102);
#2406=LINE('',#15893,#3103);
#2407=LINE('',#15896,#3104);
#2408=LINE('',#15897,#3105);
#2409=LINE('',#15900,#3106);
#2410=LINE('',#15901,#3107);
#2411=LINE('',#15904,#3108);
#2412=LINE('',#15905,#3109);
#2413=LINE('',#15908,#3110);
#2414=LINE('',#15909,#3111);
#2415=LINE('',#15911,#3112);
#2416=VECTOR('',#10085,0.8382);
#2417=VECTOR('',#10090,1.0541);
#2418=VECTOR('',#10099,1.27);
#2419=VECTOR('',#10106,3.2325);
#2420=VECTOR('',#10115,3.55);
#2421=VECTOR('',#10120,1.8415);
#2422=VECTOR('',#10129,2.159);
#2423=VECTOR('',#10142,4.0386);
#2424=VECTOR('',#10157,5.5);
#2425=VECTOR('',#10160,4.825);
#2426=VECTOR('',#10161,4.825);
#2427=VECTOR('',#10170,1.016);
#2428=VECTOR('',#10179,1.016);
#2429=VECTOR('',#10188,6.);
#2430=VECTOR('',#10193,6.285);
#2431=VECTOR('',#10200,5.705);
#2432=VECTOR('',#10213,5.41);
#2433=VECTOR('',#10218,5.777);
#2434=VECTOR('',#10239,22.225);
#2435=VECTOR('',#10242,20.575);
#2436=VECTOR('',#10257,22.352);
#2437=VECTOR('',#10262,20.32);
#2438=VECTOR('',#10271,22.606);
#2439=VECTOR('',#10294,34.29);
#2440=VECTOR('',#10299,3.7465);
#2441=VECTOR('',#10304,3.7465);
#2442=VECTOR('',#10309,3.7465);
#2443=VECTOR('',#10314,3.7465);
#2444=VECTOR('',#10319,3.7465);
#2445=VECTOR('',#10324,3.7465);
#2446=VECTOR('',#10327,34.671);
#2447=VECTOR('',#10328,1.016264213102);
#2448=VECTOR('',#10331,1.016264213102);
#2449=VECTOR('',#10332,1.016264213102);
#2450=VECTOR('',#10335,1.016264213102);
#2451=VECTOR('',#10340,3.3655);
#2452=VECTOR('',#10345,3.3655);
#2453=VECTOR('',#10350,3.3655);
#2454=VECTOR('',#10355,3.3655);
#2455=VECTOR('',#10360,3.3655);
#2456=VECTOR('',#10365,3.3655);
#2457=VECTOR('',#10376,9.07360085126);
#2458=VECTOR('',#10379,1.01385723373801);
#2459=VECTOR('',#10380,9.757059040119);
#2460=VECTOR('',#10381,10.);
#2461=VECTOR('',#10382,0.6237972477844);
#2462=VECTOR('',#10385,10.);
#2463=VECTOR('',#10390,9.07360085126);
#2464=VECTOR('',#10391,0.6237972477844);
#2465=VECTOR('',#10394,9.757059040119);
#2466=VECTOR('',#10395,1.013856946654);
#2467=VECTOR('',#10406,9.07360085126);
#2468=VECTOR('',#10409,1.01385713818404);
#2469=VECTOR('',#10410,9.757059040119);
#2470=VECTOR('',#10411,10.);
#2471=VECTOR('',#10412,0.6237972477844);
#2472=VECTOR('',#10417,10.);
#2473=VECTOR('',#10420,9.07360085126);
#2474=VECTOR('',#10421,0.6237972477844);
#2475=VECTOR('',#10422,9.757059040119);
#2476=VECTOR('',#10423,1.01385723373801);
#2477=VECTOR('',#10444,1.524);
#2478=VECTOR('',#10451,24.1554);
#2479=VECTOR('',#10468,1.524);
#2480=VECTOR('',#10489,3.7465);
#2481=VECTOR('',#10496,3.7465);
#2482=VECTOR('',#10503,3.7465);
#2483=VECTOR('',#10510,3.7465);
#2484=VECTOR('',#10517,3.7465);
#2485=VECTOR('',#10524,3.7465);
#2486=VECTOR('',#10529,21.65285926454);
#2487=VECTOR('',#10536,3.3655);
#2488=VECTOR('',#10541,3.3655);
#2489=VECTOR('',#10546,3.3655);
#2490=VECTOR('',#10551,3.3655);
#2491=VECTOR('',#10556,3.3655);
#2492=VECTOR('',#10561,3.3655);
#2493=VECTOR('',#10568,20.93277787946);
#2494=VECTOR('',#10585,98.2);
#2495=VECTOR('',#10586,186.7);
#2496=VECTOR('',#10587,98.2);
#2497=VECTOR('',#10588,186.7);
#2498=VECTOR('',#10591,97.35);
#2499=VECTOR('',#10592,0.7499999999995);
#2500=VECTOR('',#10593,0.8729355238364);
#2501=VECTOR('',#10600,186.7);
#2502=VECTOR('',#10605,97.35);
#2503=VECTOR('',#10608,0.8729355238369);
#2504=VECTOR('',#10609,0.7500000000001);
#2505=VECTOR('',#10616,186.7);
#2506=VECTOR('',#10621,0.8729355238367);
#2507=VECTOR('',#10624,0.6499999999995);
#2508=VECTOR('',#10625,0.75);
#2509=VECTOR('',#10626,0.65);
#2510=VECTOR('',#10631,0.6500000000001);
#2511=VECTOR('',#10634,0.65);
#2512=VECTOR('',#10635,0.75);
#2513=VECTOR('',#10640,0.8729355238369);
#2514=VECTOR('',#10643,1.5);
#2515=VECTOR('',#10644,98.);
#2516=VECTOR('',#10645,1.5);
#2517=VECTOR('',#10650,1.5);
#2518=VECTOR('',#10655,186.7);
#2519=VECTOR('',#10656,25.1);
#2520=VECTOR('',#10657,25.1);
#2521=VECTOR('',#10660,4.6);
#2522=VECTOR('',#10661,28.85);
#2523=VECTOR('',#10664,0.8729355238367);
#2524=VECTOR('',#10667,4.6);
#2525=VECTOR('',#10668,0.8729355238368);
#2526=VECTOR('',#10671,28.85);
#2527=VECTOR('',#10674,1.5);
#2528=VECTOR('',#10675,98.);
#2529=VECTOR('',#10676,1.5);
#2530=VECTOR('',#10683,1.5);
#2531=VECTOR('',#10686,46.2);
#2532=VECTOR('',#10687,46.2);
#2533=VECTOR('',#10688,186.7);
#2534=VECTOR('',#10691,44.5);
#2535=VECTOR('',#10692,0.8729355238367);
#2536=VECTOR('',#10697,44.5);
#2537=VECTOR('',#10700,0.8729355238369);
#2538=VECTOR('',#10703,1.5);
#2539=VECTOR('',#10704,29.5);
#2540=VECTOR('',#10705,1.5);
#2541=VECTOR('',#10712,1.5);
#2542=VECTOR('',#10713,29.5);
#2543=VECTOR('',#10714,1.5);
#2544=VECTOR('',#10721,29.5);
#2545=VECTOR('',#10724,38.75);
#2546=VECTOR('',#10727,117.5);
#2547=VECTOR('',#10730,38.75);
#2548=VECTOR('',#10733,44.5);
#2549=VECTOR('',#10736,98.);
#2550=VECTOR('',#10741,1.5);
#2551=VECTOR('',#10744,100.65);
#2552=VECTOR('',#10745,190.75);
#2553=VECTOR('',#10746,100.65);
#2554=VECTOR('',#10747,0.6499999999999);
#2555=VECTOR('',#10748,1.89);
#2556=VECTOR('',#10749,2.16);
#2557=VECTOR('',#10750,0.6499999999999);
#2558=VECTOR('',#10753,186.7);
#2559=VECTOR('',#10754,12.7);
#2560=VECTOR('',#10755,190.75);
#2561=VECTOR('',#10756,12.7);
#2562=VECTOR('',#10759,1.5);
#2563=VECTOR('',#10768,0.8729355238364);
#2564=VECTOR('',#10771,186.7);
#2565=VECTOR('',#10776,0.8729355238369);
#2566=VECTOR('',#10783,1.5);
#2567=VECTOR('',#10788,98.);
#2568=VECTOR('',#10791,44.5);
#2569=VECTOR('',#10792,38.75);
#2570=VECTOR('',#10795,117.5);
#2571=VECTOR('',#10798,38.75);
#2572=VECTOR('',#10801,29.5);
#2573=VECTOR('',#10806,29.);
#2574=VECTOR('',#10809,9.);
#2575=VECTOR('',#10812,29.);
#2576=VECTOR('',#10815,9.);
#2577=VECTOR('',#10832,1.5);
#2578=VECTOR('',#10839,186.7);
#2579=VECTOR('',#10844,0.8729355238364);
#2580=VECTOR('',#10849,0.872935523837);
#2581=VECTOR('',#10854,1.5);
#2582=VECTOR('',#10859,1.5);
#2583=VECTOR('',#10862,28.85);
#2584=VECTOR('',#10863,1.5);
#2585=VECTOR('',#10864,1.5);
#2586=VECTOR('',#10865,0.6499999999995);
#2587=VECTOR('',#10870,1.5);
#2588=VECTOR('',#10877,38.75);
#2589=VECTOR('',#10878,1.5);
#2590=VECTOR('',#10881,0.75);
#2591=VECTOR('',#10882,0.75);
#2592=VECTOR('',#10887,117.5);
#2593=VECTOR('',#10888,0.75);
#2594=VECTOR('',#10891,0.75);
#2595=VECTOR('',#10894,1.5);
#2596=VECTOR('',#10897,38.75);
#2597=VECTOR('',#10900,97.35);
#2598=VECTOR('',#10901,0.65);
#2599=VECTOR('',#10902,1.5);
#2600=VECTOR('',#10909,17.50883540092);
#2601=VECTOR('',#10912,17.50883540092);
#2602=VECTOR('',#10913,100.65);
#2603=VECTOR('',#10916,79.6);
#2604=VECTOR('',#10919,50.8);
#2605=VECTOR('',#10922,50.8);
#2606=VECTOR('',#10929,190.75);
#2607=VECTOR('',#10934,79.6);
#2608=VECTOR('',#10937,100.65);
#2609=VECTOR('',#10938,17.50883540092);
#2610=VECTOR('',#10941,17.50883540092);
#2611=VECTOR('',#10942,50.8);
#2612=VECTOR('',#10945,50.8);
#2613=VECTOR('',#10952,12.);
#2614=VECTOR('',#10953,100.);
#2615=VECTOR('',#10956,78.2);
#2616=VECTOR('',#10959,100.);
#2617=VECTOR('',#10960,12.);
#2618=VECTOR('',#10961,0.6499999999999);
#2619=VECTOR('',#10962,12.7);
#2620=VECTOR('',#10963,101.3);
#2621=VECTOR('',#10966,79.6);
#2622=VECTOR('',#10969,101.3);
#2623=VECTOR('',#10972,12.);
#2624=VECTOR('',#10973,101.3);
#2625=VECTOR('',#10976,79.6);
#2626=VECTOR('',#10979,101.3);
#2627=VECTOR('',#10980,12.7);
#2628=VECTOR('',#10981,0.6499999999999);
#2629=VECTOR('',#10982,12.);
#2630=VECTOR('',#10983,100.);
#2631=VECTOR('',#10986,78.2);
#2632=VECTOR('',#10989,100.);
#2633=VECTOR('',#10992,4.826);
#2634=VECTOR('',#10993,29.50883540092);
#2635=VECTOR('',#10994,4.826);
#2636=VECTOR('',#10997,4.826);
#2637=VECTOR('',#10998,29.50883540092);
#2638=VECTOR('',#10999,4.826);
#2639=VECTOR('',#11002,190.75);
#2640=VECTOR('',#11005,0.5499999999995);
#2641=VECTOR('',#11006,0.7);
#2642=VECTOR('',#11007,40.1);
#2643=VECTOR('',#11010,186.7);
#2644=VECTOR('',#11011,40.1);
#2645=VECTOR('',#11012,33.99999998672);
#2646=VECTOR('',#11013,67.99999998672);
#2647=VECTOR('',#11014,33.99999998672);
#2648=VECTOR('',#11015,67.99999998672);
#2649=VECTOR('',#11018,0.55);
#2650=VECTOR('',#11021,38.75);
#2651=VECTOR('',#11022,0.7000000000001);
#2652=VECTOR('',#11025,1.5);
#2653=VECTOR('',#11028,97.35);
#2654=VECTOR('',#11029,1.5);
#2655=VECTOR('',#11030,0.65);
#2656=VECTOR('',#11033,0.75);
#2657=VECTOR('',#11034,0.75);
#2658=VECTOR('',#11037,117.5);
#2659=VECTOR('',#11038,0.75);
#2660=VECTOR('',#11041,0.75);
#2661=VECTOR('',#11044,1.5);
#2662=VECTOR('',#11047,38.75);
#2663=VECTOR('',#11048,1.5);
#2664=VECTOR('',#11057,1.5);
#2665=VECTOR('',#11060,28.85);
#2666=VECTOR('',#11061,0.6500000000001);
#2667=VECTOR('',#11062,1.5);
#2668=VECTOR('',#11069,0.9);
#2669=VECTOR('',#11072,0.9);
#2670=VECTOR('',#11075,29.);
#2671=VECTOR('',#11076,0.9);
#2672=VECTOR('',#11081,0.9);
#2673=VECTOR('',#11084,9.);
#2674=VECTOR('',#11085,0.9);
#2675=VECTOR('',#11090,0.9);
#2676=VECTOR('',#11093,29.);
#2677=VECTOR('',#11094,0.9);
#2678=VECTOR('',#11099,0.9);
#2679=VECTOR('',#11102,9.);
#2680=VECTOR('',#11105,9.525);
#2681=VECTOR('',#11112,1.771883495984);
#2682=VECTOR('',#11119,1.771883495984);
#2683=VECTOR('',#11126,1.771883495984);
#2684=VECTOR('',#11133,1.771883495984);
#2685=VECTOR('',#11140,1.771883495984);
#2686=VECTOR('',#11147,1.771883495984);
#2687=VECTOR('',#11152,98.2);
#2688=VECTOR('',#11153,98.2);
#2689=VECTOR('',#11154,186.7);
#2690=VECTOR('',#11157,0.7499999999995);
#2691=VECTOR('',#11160,0.7500000000001);
#2692=VECTOR('',#11163,4.6);
#2693=VECTOR('',#11164,0.8729355238367);
#2694=VECTOR('',#11165,0.75);
#2695=VECTOR('',#11166,25.1);
#2696=VECTOR('',#11173,0.5499999999995);
#2697=VECTOR('',#11174,0.8729355238364);
#2698=VECTOR('',#11175,40.1);
#2699=VECTOR('',#11176,0.7);
#2700=VECTOR('',#11183,0.75);
#2701=VECTOR('',#11184,0.5499999999995);
#2702=VECTOR('',#11187,2.67);
#2703=VECTOR('',#11188,118.6);
#2704=VECTOR('',#11189,2.67);
#2705=VECTOR('',#11190,0.5499999999995);
#2706=VECTOR('',#11193,0.75);
#2707=VECTOR('',#11198,4.826);
#2708=VECTOR('',#11201,29.50883540092);
#2709=VECTOR('',#11202,4.826);
#2710=VECTOR('',#11205,2.16);
#2711=VECTOR('',#11206,186.7);
#2712=VECTOR('',#11207,1.89);
#2713=VECTOR('',#11208,190.75);
#2714=VECTOR('',#11211,190.75);
#2715=VECTOR('',#11232,50.8);
#2716=VECTOR('',#11233,4.826);
#2717=VECTOR('',#11234,4.826);
#2718=VECTOR('',#11239,4.826);
#2719=VECTOR('',#11242,50.8);
#2720=VECTOR('',#11243,4.826);
#2721=VECTOR('',#11252,1.725);
#2722=VECTOR('',#11255,4.826);
#2723=VECTOR('',#11256,29.50883540092);
#2724=VECTOR('',#11257,4.826);
#2725=VECTOR('',#11264,4.826);
#2726=VECTOR('',#11265,50.8);
#2727=VECTOR('',#11266,4.826);
#2728=VECTOR('',#11271,4.826);
#2729=VECTOR('',#11274,50.8);
#2730=VECTOR('',#11275,4.826);
#2731=VECTOR('',#11282,1.725);
#2732=VECTOR('',#11287,100.);
#2733=VECTOR('',#11288,4.826);
#2734=VECTOR('',#11293,4.826);
#2735=VECTOR('',#11296,78.2);
#2736=VECTOR('',#11297,4.826);
#2737=VECTOR('',#11302,4.826);
#2738=VECTOR('',#11305,100.);
#2739=VECTOR('',#11308,186.7);
#2740=VECTOR('',#11309,190.75);
#2741=VECTOR('',#11310,4.6);
#2742=VECTOR('',#11313,190.75);
#2743=VECTOR('',#11316,190.75);
#2744=VECTOR('',#11319,190.75);
#2745=VECTOR('',#11340,100.);
#2746=VECTOR('',#11341,4.826);
#2747=VECTOR('',#11346,4.826);
#2748=VECTOR('',#11349,78.2);
#2749=VECTOR('',#11350,4.826);
#2750=VECTOR('',#11355,4.826);
#2751=VECTOR('',#11358,100.);
#2752=VECTOR('',#11361,69.85);
#2753=VECTOR('',#11362,34.3);
#2754=VECTOR('',#11363,69.85);
#2755=VECTOR('',#11364,34.3);
#2756=VECTOR('',#11369,186.7);
#2757=VECTOR('',#11372,188.2);
#2758=VECTOR('',#11373,2.67);
#2759=VECTOR('',#11374,0.75);
#2760=VECTOR('',#11377,34.);
#2761=VECTOR('',#11380,68.);
#2762=VECTOR('',#11383,34.);
#2763=VECTOR('',#11386,68.);
#2764=VECTOR('',#11389,0.55);
#2765=VECTOR('',#11392,0.75);
#2766=VECTOR('',#11397,118.6);
#2767=VECTOR('',#11398,2.67);
#2768=VECTOR('',#11399,0.5500000000001);
#2769=VECTOR('',#11402,0.5500000000001);
#2770=VECTOR('',#11403,0.75);
#2771=VECTOR('',#11406,0.7);
#2772=VECTOR('',#11407,40.1);
#2773=VECTOR('',#11408,0.8729355238369);
#2774=VECTOR('',#11413,0.8729355238368);
#2775=VECTOR('',#11416,25.1);
#2776=VECTOR('',#11423,1.54746212134995);
#2777=VECTOR('',#11426,1.54746212134995);
#2778=VECTOR('',#11433,1.54746212135);
#2779=VECTOR('',#11436,1.54746212135);
#2780=VECTOR('',#11443,1.54746212134995);
#2781=VECTOR('',#11446,1.54746212134995);
#2782=VECTOR('',#11453,1.962111388584);
#2783=VECTOR('',#11458,1.962111388584);
#2784=VECTOR('',#11463,1.962111388584);
#2785=VECTOR('',#11468,1.962111388584);
#2786=VECTOR('',#11473,1.962111388584);
#2787=VECTOR('',#11478,1.962111388584);
#2788=VECTOR('',#11483,186.7);
#2789=VECTOR('',#11488,186.7);
#2790=VECTOR('',#11491,186.7);
#2791=VECTOR('',#11494,186.7);
#2792=VECTOR('',#11497,188.2);
#2793=VECTOR('',#11506,3.556);
#2794=VECTOR('',#11511,3.556);
#2795=VECTOR('',#11514,1.9);
#2796=VECTOR('',#11517,1.9);
#2797=VECTOR('',#11520,2.555);
#2798=VECTOR('',#11523,2.555);
#2799=VECTOR('',#11526,2.555);
#2800=VECTOR('',#11529,2.555);
#2801=VECTOR('',#11532,6.35);
#2802=VECTOR('',#11537,6.35);
#2803=VECTOR('',#11542,0.13);
#2804=VECTOR('',#11543,69.85);
#2805=VECTOR('',#11544,0.13);
#2806=VECTOR('',#11547,34.3);
#2807=VECTOR('',#11548,0.13);
#2808=VECTOR('',#11551,69.85);
#2809=VECTOR('',#11552,0.13);
#2810=VECTOR('',#11555,34.3);
#2811=VECTOR('',#11562,2.29);
#2812=VECTOR('',#11565,2.29);
#2813=VECTOR('',#11568,1.54746212134995);
#2814=VECTOR('',#11569,2.29);
#2815=VECTOR('',#11574,2.29);
#2816=VECTOR('',#11577,1.54746212134995);
#2817=VECTOR('',#11578,2.29);
#2818=VECTOR('',#11583,2.29);
#2819=VECTOR('',#11590,16.7005);
#2820=VECTOR('',#11615,2.29);
#2821=VECTOR('',#11618,2.29);
#2822=VECTOR('',#11621,1.54746212135);
#2823=VECTOR('',#11622,2.29);
#2824=VECTOR('',#11627,2.29);
#2825=VECTOR('',#11630,1.54746212135);
#2826=VECTOR('',#11631,2.29);
#2827=VECTOR('',#11636,2.29);
#2828=VECTOR('',#11643,2.29);
#2829=VECTOR('',#11646,2.29);
#2830=VECTOR('',#11649,1.54746212134995);
#2831=VECTOR('',#11650,2.29);
#2832=VECTOR('',#11655,2.29);
#2833=VECTOR('',#11658,1.54746212134995);
#2834=VECTOR('',#11659,2.29);
#2835=VECTOR('',#11664,2.29);
#2836=VECTOR('',#11669,0.0248288772395092);
#2837=VECTOR('',#11672,0.0248288772394802);
#2838=VECTOR('',#11675,0.02482887723954);
#2839=VECTOR('',#11678,0.02482887723954);
#2840=VECTOR('',#11681,0.0248288772395691);
#2841=VECTOR('',#11684,0.0248288772395904);
#2842=VECTOR('',#11711,22.35);
#2843=VECTOR('',#11734,13.4403422455196);
#2844=VECTOR('',#11735,13.4899999999995);
#2845=VECTOR('',#11744,13.4403422455196);
#2846=VECTOR('',#11747,13.44034224552);
#2847=VECTOR('',#11754,16.891);
#2848=VECTOR('',#11757,13.4899999999995);
#2849=VECTOR('',#11760,13.49);
#2850=VECTOR('',#11775,2.92);
#2851=VECTOR('',#11778,2.92);
#2852=VECTOR('',#11781,2.92);
#2853=VECTOR('',#11784,2.92);
#2854=VECTOR('',#11787,2.92);
#2855=VECTOR('',#11790,2.92);
#2856=VECTOR('',#11793,186.7);
#2857=VECTOR('',#11794,117.);
#2858=VECTOR('',#11795,186.7);
#2859=VECTOR('',#11796,117.);
#2860=VECTOR('',#11799,3.);
#2861=VECTOR('',#11804,3.);
#2862=VECTOR('',#11813,5.);
#2863=VECTOR('',#11820,5.);
#2864=VECTOR('',#11823,16.7005);
#2865=VECTOR('',#11854,40.1);
#2866=VECTOR('',#11855,186.7);
#2867=VECTOR('',#11856,40.1);
#2868=VECTOR('',#11859,40.1);
#2869=VECTOR('',#11862,29.7);
#2870=VECTOR('',#11865,98.2);
#2871=VECTOR('',#11868,46.2);
#2872=VECTOR('',#11871,98.2);
#2873=VECTOR('',#11874,29.7);
#2874=VECTOR('',#11881,186.7);
#2875=VECTOR('',#11882,40.1);
#2876=VECTOR('',#11887,29.7);
#2877=VECTOR('',#11890,98.2);
#2878=VECTOR('',#11893,46.2);
#2879=VECTOR('',#11896,98.2);
#2880=VECTOR('',#11899,29.7);
#2881=VECTOR('',#11912,4.750000749908);
#2882=VECTOR('',#11917,4.750000749908);
#2883=VECTOR('',#11924,16.7005);
#2884=VECTOR('',#12001,2.667);
#2885=VECTOR('',#12008,2.667);
#2886=VECTOR('',#12015,2.667);
#2887=VECTOR('',#12022,2.667);
#2888=VECTOR('',#12029,2.667);
#2889=VECTOR('',#12036,2.667);
#2890=VECTOR('',#12041,186.7);
#2891=VECTOR('',#12044,186.7);
#2892=VECTOR('',#12047,186.7);
#2893=VECTOR('',#12050,186.7);
#2894=VECTOR('',#12053,186.7);
#2895=VECTOR('',#12056,186.7);
#2896=VECTOR('',#12059,186.7);
#2897=VECTOR('',#12062,186.7);
#2898=VECTOR('',#12065,186.7);
#2899=VECTOR('',#12068,186.7);
#2900=VECTOR('',#12073,8.65);
#2901=VECTOR('',#12082,2.945873412263);
#2902=VECTOR('',#12089,2.945873412263);
#2903=VECTOR('',#12092,2.8867513459479);
#2904=VECTOR('',#12093,2.886751345948);
#2905=VECTOR('',#12094,2.8867513459479);
#2906=VECTOR('',#12095,2.8867513459479);
#2907=VECTOR('',#12096,2.886751345948);
#2908=VECTOR('',#12097,2.8867513459479);
#2909=VECTOR('',#12100,2.8867513459479);
#2910=VECTOR('',#12101,2.886751345948);
#2911=VECTOR('',#12102,2.8867513459479);
#2912=VECTOR('',#12103,2.8867513459479);
#2913=VECTOR('',#12104,2.886751345948);
#2914=VECTOR('',#12105,2.8867513459479);
#2915=VECTOR('',#12108,16.891);
#2916=VECTOR('',#12115,10.6934);
#2917=VECTOR('',#12126,2.3749);
#2918=VECTOR('',#12133,2.3749);
#2919=VECTOR('',#12140,2.3749);
#2920=VECTOR('',#12147,2.3749);
#2921=VECTOR('',#12154,2.3749);
#2922=VECTOR('',#12161,2.3749);
#2923=VECTOR('',#12166,2.286);
#2924=VECTOR('',#12171,2.286);
#2925=VECTOR('',#12176,2.286);
#2926=VECTOR('',#12181,2.286);
#2927=VECTOR('',#12186,2.286);
#2928=VECTOR('',#12191,2.286);
#2929=VECTOR('',#12200,2.648177179713);
#2930=VECTOR('',#12205,2.648177179713);
#2931=VECTOR('',#12210,3.);
#2932=VECTOR('',#12211,2.8867513459479);
#2933=VECTOR('',#12212,3.);
#2934=VECTOR('',#12215,2.886751345948);
#2935=VECTOR('',#12216,3.);
#2936=VECTOR('',#12219,2.8867513459479);
#2937=VECTOR('',#12220,3.);
#2938=VECTOR('',#12223,2.8867513459479);
#2939=VECTOR('',#12224,3.);
#2940=VECTOR('',#12227,2.886751345948);
#2941=VECTOR('',#12228,3.);
#2942=VECTOR('',#12231,2.8867513459479);
#2943=VECTOR('',#12234,3.);
#2944=VECTOR('',#12235,2.8867513459479);
#2945=VECTOR('',#12236,3.);
#2946=VECTOR('',#12239,2.886751345948);
#2947=VECTOR('',#12240,3.);
#2948=VECTOR('',#12243,2.8867513459479);
#2949=VECTOR('',#12244,3.);
#2950=VECTOR('',#12247,2.8867513459479);
#2951=VECTOR('',#12248,3.);
#2952=VECTOR('',#12251,2.886751345948);
#2953=VECTOR('',#12252,3.);
#2954=VECTOR('',#12255,2.8867513459479);
#2955=VECTOR('',#12258,16.7005);
#2956=VECTOR('',#12299,9.9187);
#2957=VECTOR('',#12306,9.9187);
#2958=VECTOR('',#12313,2.1844);
#2959=VECTOR('',#12318,2.1844);
#2960=VECTOR('',#12323,2.1844);
#2961=VECTOR('',#12328,2.1844);
#2962=VECTOR('',#12333,2.1844);
#2963=VECTOR('',#12338,2.1844);
#2964=VECTOR('',#12343,2.667);
#2965=VECTOR('',#12350,2.667);
#2966=VECTOR('',#12357,2.667);
#2967=VECTOR('',#12364,2.667);
#2968=VECTOR('',#12371,2.667);
#2969=VECTOR('',#12378,2.667);
#2970=VECTOR('',#12385,8.5344);
#2971=VECTOR('',#12466,3.5);
#2972=VECTOR('',#12473,3.5);
#2973=VECTOR('',#12480,3.5);
#2974=VECTOR('',#12487,3.5);
#2975=VECTOR('',#12494,3.5);
#2976=VECTOR('',#12501,3.5);
#2977=VECTOR('',#12506,9.121777879464);
#2978=VECTOR('',#12511,9.121777879464);
#2979=VECTOR('',#12514,2.3749);
#2980=VECTOR('',#12519,2.3749);
#2981=VECTOR('',#12524,2.3749);
#2982=VECTOR('',#12529,2.3749);
#2983=VECTOR('',#12534,2.3749);
#2984=VECTOR('',#12539,2.3749);
#2985=VECTOR('',#12550,6.477);
#2986=VECTOR('',#12553,2.);
#2987=VECTOR('',#12558,2.);
#2988=VECTOR('',#12563,2.);
#2989=VECTOR('',#12568,2.);
#2990=VECTOR('',#12573,2.);
#2991=VECTOR('',#12578,2.);
#2992=VECTOR('',#12583,3.324999294242);
#2993=VECTOR('',#12588,3.324999294242);
#2994=VECTOR('',#12593,3.324999294242);
#2995=VECTOR('',#12598,3.324999294242);
#2996=VECTOR('',#12603,3.324999294242);
#2997=VECTOR('',#12608,3.324999294242);
#2998=VECTOR('',#12643,7.9375);
#2999=VECTOR('',#12670,1.732050807569);
#3000=VECTOR('',#12671,1.73205080756894);
#3001=VECTOR('',#12672,1.73205080756894);
#3002=VECTOR('',#12673,1.732050807569);
#3003=VECTOR('',#12674,1.73205080756894);
#3004=VECTOR('',#12675,1.73205080756894);
#3005=VECTOR('',#12678,1.732050807569);
#3006=VECTOR('',#12679,1.73205080756894);
#3007=VECTOR('',#12680,1.73205080756894);
#3008=VECTOR('',#12681,1.732050807569);
#3009=VECTOR('',#12682,1.73205080756894);
#3010=VECTOR('',#12683,1.73205080756894);
#3011=VECTOR('',#12686,1.732050807569);
#3012=VECTOR('',#12687,1.73205080756894);
#3013=VECTOR('',#12688,1.73205080756894);
#3014=VECTOR('',#12689,1.732050807569);
#3015=VECTOR('',#12690,1.73205080756894);
#3016=VECTOR('',#12691,1.73205080756894);
#3017=VECTOR('',#12694,1.732050807569);
#3018=VECTOR('',#12695,1.73205080756894);
#3019=VECTOR('',#12696,1.73205080756894);
#3020=VECTOR('',#12697,1.732050807569);
#3021=VECTOR('',#12698,1.73205080756894);
#3022=VECTOR('',#12699,1.73205080756894);
#3023=VECTOR('',#12702,1.732050807569);
#3024=VECTOR('',#12703,1.73205080756894);
#3025=VECTOR('',#12704,1.73205080756894);
#3026=VECTOR('',#12705,1.732050807569);
#3027=VECTOR('',#12706,1.73205080756894);
#3028=VECTOR('',#12707,1.73205080756894);
#3029=VECTOR('',#12710,1.732050807569);
#3030=VECTOR('',#12711,1.73205080756894);
#3031=VECTOR('',#12712,1.73205080756894);
#3032=VECTOR('',#12713,1.732050807569);
#3033=VECTOR('',#12714,1.73205080756894);
#3034=VECTOR('',#12715,1.73205080756894);
#3035=VECTOR('',#12718,1.962111388584);
#3036=VECTOR('',#12721,1.962111388584);
#3037=VECTOR('',#12724,1.962111388584);
#3038=VECTOR('',#12727,1.962111388584);
#3039=VECTOR('',#12730,1.962111388584);
#3040=VECTOR('',#12733,1.962111388584);
#3041=VECTOR('',#12736,2.);
#3042=VECTOR('',#12737,1.732050807569);
#3043=VECTOR('',#12738,2.);
#3044=VECTOR('',#12741,1.73205080756894);
#3045=VECTOR('',#12742,2.);
#3046=VECTOR('',#12745,1.73205080756894);
#3047=VECTOR('',#12746,2.);
#3048=VECTOR('',#12749,1.732050807569);
#3049=VECTOR('',#12750,2.);
#3050=VECTOR('',#12753,1.73205080756894);
#3051=VECTOR('',#12754,2.);
#3052=VECTOR('',#12757,1.73205080756894);
#3053=VECTOR('',#12760,2.);
#3054=VECTOR('',#12761,1.732050807569);
#3055=VECTOR('',#12762,2.);
#3056=VECTOR('',#12765,1.73205080756894);
#3057=VECTOR('',#12766,2.);
#3058=VECTOR('',#12769,1.73205080756894);
#3059=VECTOR('',#12770,2.);
#3060=VECTOR('',#12773,1.732050807569);
#3061=VECTOR('',#12774,2.);
#3062=VECTOR('',#12777,1.73205080756894);
#3063=VECTOR('',#12778,2.);
#3064=VECTOR('',#12781,1.73205080756894);
#3065=VECTOR('',#12784,2.);
#3066=VECTOR('',#12785,1.732050807569);
#3067=VECTOR('',#12786,2.);
#3068=VECTOR('',#12789,1.73205080756894);
#3069=VECTOR('',#12790,2.);
#3070=VECTOR('',#12793,1.73205080756894);
#3071=VECTOR('',#12794,2.);
#3072=VECTOR('',#12797,1.732050807569);
#3073=VECTOR('',#12798,2.);
#3074=VECTOR('',#12801,1.73205080756894);
#3075=VECTOR('',#12802,2.);
#3076=VECTOR('',#12805,1.73205080756894);
#3077=VECTOR('',#12808,2.);
#3078=VECTOR('',#12809,1.732050807569);
#3079=VECTOR('',#12810,2.);
#3080=VECTOR('',#12813,1.73205080756894);
#3081=VECTOR('',#12814,2.);
#3082=VECTOR('',#12817,1.73205080756894);
#3083=VECTOR('',#12818,2.);
#3084=VECTOR('',#12821,1.732050807569);
#3085=VECTOR('',#12822,2.);
#3086=VECTOR('',#12825,1.73205080756894);
#3087=VECTOR('',#12826,2.);
#3088=VECTOR('',#12829,1.73205080756894);
#3089=VECTOR('',#12832,2.);
#3090=VECTOR('',#12833,1.732050807569);
#3091=VECTOR('',#12834,2.);
#3092=VECTOR('',#12837,1.73205080756894);
#3093=VECTOR('',#12838,2.);
#3094=VECTOR('',#12841,1.73205080756894);
#3095=VECTOR('',#12842,2.);
#3096=VECTOR('',#12845,1.732050807569);
#3097=VECTOR('',#12846,2.);
#3098=VECTOR('',#12849,1.73205080756894);
#3099=VECTOR('',#12850,2.);
#3100=VECTOR('',#12853,1.73205080756894);
#3101=VECTOR('',#12856,2.);
#3102=VECTOR('',#12857,1.732050807569);
#3103=VECTOR('',#12858,2.);
#3104=VECTOR('',#12861,1.73205080756894);
#3105=VECTOR('',#12862,2.);
#3106=VECTOR('',#12865,1.73205080756894);
#3107=VECTOR('',#12866,2.);
#3108=VECTOR('',#12869,1.732050807569);
#3109=VECTOR('',#12870,2.);
#3110=VECTOR('',#12873,1.73205080756894);
#3111=VECTOR('',#12874,2.);
#3112=VECTOR('',#12877,1.73205080756894);
#3113=CIRCLE('',#9024,0.8382);
#3114=CIRCLE('',#9025,0.8382);
#3115=CIRCLE('',#9027,1.27);
#3116=CIRCLE('',#9029,2.915);
#3117=CIRCLE('',#9031,1.27);
#3118=CIRCLE('',#9033,3.55);
#3119=CIRCLE('',#9035,1.524);
#3120=CIRCLE('',#9037,3.55);
#3121=CIRCLE('',#9039,2.159);
#3122=CIRCLE('',#9040,2.159);
#3123=CIRCLE('',#9042,2.959);
#3124=CIRCLE('',#9044,2.159);
#3125=CIRCLE('',#9045,2.159);
#3126=CIRCLE('',#9047,0.8);
#3127=CIRCLE('',#9049,4.0386);
#3128=CIRCLE('',#9050,4.0386);
#3129=CIRCLE('',#9052,5.5);
#3130=CIRCLE('',#9054,4.825);
#3131=CIRCLE('',#9056,5.5);
#3132=CIRCLE('',#9058,4.825);
#3133=CIRCLE('',#9060,6.);
#3134=CIRCLE('',#9062,1.016);
#3135=CIRCLE('',#9064,6.285);
#3136=CIRCLE('',#9066,1.016);
#3137=CIRCLE('',#9068,6.);
#3138=CIRCLE('',#9069,6.);
#3139=CIRCLE('',#9072,6.285);
#3140=CIRCLE('',#9075,5.41);
#3141=CIRCLE('',#9076,5.41);
#3142=CIRCLE('',#9078,5.777);
#3143=CIRCLE('',#9080,5.41);
#3144=CIRCLE('',#9082,5.777);
#3145=CIRCLE('',#9083,5.777);
#3146=CIRCLE('',#9085,5.5484);
#3147=CIRCLE('',#9087,0.2286);
#3148=CIRCLE('',#9089,22.225);
#3149=CIRCLE('',#9090,20.575);
#3150=CIRCLE('',#9092,22.225);
#3151=CIRCLE('',#9094,20.575);
#3152=CIRCLE('',#9096,22.352);
#3153=CIRCLE('',#9098,20.32);
#3154=CIRCLE('',#9100,22.352);
#3155=CIRCLE('',#9102,20.32);
#3156=CIRCLE('',#9104,22.606);
#3157=CIRCLE('',#9107,22.606);
#3158=CIRCLE('',#9109,33.909);
#3159=CIRCLE('',#9110,4.1275);
#3160=CIRCLE('',#9111,4.1275);
#3161=CIRCLE('',#9112,4.1275);
#3162=CIRCLE('',#9113,4.1275);
#3163=CIRCLE('',#9114,4.1275);
#3164=CIRCLE('',#9115,4.1275);
#3165=CIRCLE('',#9117,34.671);
#3166=CIRCLE('',#9119,3.3655);
#3167=CIRCLE('',#9121,3.3655);
#3168=CIRCLE('',#9123,3.3655);
#3169=CIRCLE('',#9125,3.3655);
#3170=CIRCLE('',#9127,3.3655);
#3171=CIRCLE('',#9129,3.3655);
#3172=CIRCLE('',#9131,34.671);
#3173=CIRCLE('',#9132,34.671);
#3174=CIRCLE('',#9134,3.3655);
#3175=CIRCLE('',#9136,3.3655);
#3176=CIRCLE('',#9138,3.3655);
#3177=CIRCLE('',#9140,3.3655);
#3178=CIRCLE('',#9142,3.3655);
#3179=CIRCLE('',#9144,3.3655);
#3180=CIRCLE('',#9146,34.1324169664739);
#3181=CIRCLE('',#9147,50.8);
#3182=CIRCLE('',#9148,50.8);
#3183=CIRCLE('',#9150,50.8);
#3184=CIRCLE('',#9152,33.909);
#3185=CIRCLE('',#9154,50.8);
#3186=CIRCLE('',#9155,50.8);
#3187=CIRCLE('',#9157,34.1324169664721);
#3188=CIRCLE('',#9158,50.8);
#3189=CIRCLE('',#9160,50.8);
#3190=CIRCLE('',#9162,33.909);
#3191=CIRCLE('',#9164,50.8);
#3192=CIRCLE('',#9172,34.14);
#3193=CIRCLE('',#9176,24.1554);
#3194=CIRCLE('',#9177,24.1554);
#3195=CIRCLE('',#9178,24.1554);
#3196=CIRCLE('',#9180,4.1275);
#3197=CIRCLE('',#9181,4.1275);
#3198=CIRCLE('',#9182,4.1275);
#3199=CIRCLE('',#9184,34.14);
#3200=CIRCLE('',#9188,4.1275);
#3201=CIRCLE('',#9189,4.1275);
#3202=CIRCLE('',#9190,4.1275);
#3203=CIRCLE('',#9192,22.35071852908);
#3204=CIRCLE('',#9194,3.3655);
#3205=CIRCLE('',#9195,3.3655);
#3206=CIRCLE('',#9197,3.3655);
#3207=CIRCLE('',#9198,3.3655);
#3208=CIRCLE('',#9200,3.3655);
#3209=CIRCLE('',#9201,3.3655);
#3210=CIRCLE('',#9203,3.3655);
#3211=CIRCLE('',#9204,3.3655);
#3212=CIRCLE('',#9206,3.3655);
#3213=CIRCLE('',#9207,3.3655);
#3214=CIRCLE('',#9209,3.3655);
#3215=CIRCLE('',#9210,3.3655);
#3216=CIRCLE('',#9212,20.955);
#3217=CIRCLE('',#9213,20.955);
#3218=CIRCLE('',#9215,3.3655);
#3219=CIRCLE('',#9217,3.3655);
#3220=CIRCLE('',#9219,3.3655);
#3221=CIRCLE('',#9221,3.3655);
#3222=CIRCLE('',#9223,3.3655);
#3223=CIRCLE('',#9225,3.3655);
#3224=CIRCLE('',#9227,20.91055575893);
#3225=CIRCLE('',#9237,3.);
#3226=CIRCLE('',#9239,1.4);
#3227=CIRCLE('',#9240,1.4);
#3228=CIRCLE('',#9242,3.);
#3229=CIRCLE('',#9244,2.9);
#3230=CIRCLE('',#9245,2.9);
#3231=CIRCLE('',#9247,3.);
#3232=CIRCLE('',#9249,1.5);
#3233=CIRCLE('',#9251,1.5);
#3234=CIRCLE('',#9253,3.);
#3235=CIRCLE('',#9256,3.);
#3236=CIRCLE('',#9257,3.);
#3237=CIRCLE('',#9260,3.);
#3238=CIRCLE('',#9262,3.);
#3239=CIRCLE('',#9265,3.);
#3240=CIRCLE('',#9266,3.);
#3241=CIRCLE('',#9269,3.);
#3242=CIRCLE('',#9271,3.);
#3243=CIRCLE('',#9274,1.5);
#3244=CIRCLE('',#9277,1.5);
#3245=CIRCLE('',#9279,3.);
#3246=CIRCLE('',#9280,0.5);
#3247=CIRCLE('',#9281,0.5);
#3248=CIRCLE('',#9282,3.);
#3249=CIRCLE('',#9283,3.);
#3250=CIRCLE('',#9284,1.5);
#3251=CIRCLE('',#9289,3.);
#3252=CIRCLE('',#9290,3.);
#3253=CIRCLE('',#9292,2.9);
#3254=CIRCLE('',#9294,2.9);
#3255=CIRCLE('',#9296,3.);
#3256=CIRCLE('',#9298,3.);
#3257=CIRCLE('',#9299,3.);
#3258=CIRCLE('',#9301,3.);
#3259=CIRCLE('',#9302,0.5);
#3260=CIRCLE('',#9303,0.5);
#3261=CIRCLE('',#9304,3.);
#3262=CIRCLE('',#9305,1.5);
#3263=CIRCLE('',#9306,2.);
#3264=CIRCLE('',#9307,2.);
#3265=CIRCLE('',#9308,2.);
#3266=CIRCLE('',#9309,2.);
#3267=CIRCLE('',#9310,9.525);
#3268=CIRCLE('',#9311,1.581655603384);
#3269=CIRCLE('',#9312,1.581655603384);
#3270=CIRCLE('',#9313,1.581655603384);
#3271=CIRCLE('',#9314,1.581655603384);
#3272=CIRCLE('',#9315,1.581655603384);
#3273=CIRCLE('',#9316,1.581655603384);
#3274=CIRCLE('',#9319,2.9);
#3275=CIRCLE('',#9320,2.9);
#3276=CIRCLE('',#9322,3.);
#3277=CIRCLE('',#9324,3.);
#3278=CIRCLE('',#9326,3.);
#3279=CIRCLE('',#9328,3.);
#3280=CIRCLE('',#9331,3.);
#3281=CIRCLE('',#9332,3.);
#3282=CIRCLE('',#9333,3.);
#3283=CIRCLE('',#9336,0.5);
#3284=CIRCLE('',#9339,0.5);
#3285=CIRCLE('',#9343,1.5);
#3286=CIRCLE('',#9345,35.05);
#3287=CIRCLE('',#9346,12.7);
#3288=CIRCLE('',#9347,12.7);
#3289=CIRCLE('',#9348,4.065);
#3290=CIRCLE('',#9349,4.065);
#3291=CIRCLE('',#9350,1.725);
#3292=CIRCLE('',#9352,12.7);
#3293=CIRCLE('',#9354,12.7);
#3294=CIRCLE('',#9355,35.05);
#3295=CIRCLE('',#9356,4.065);
#3296=CIRCLE('',#9357,4.065);
#3297=CIRCLE('',#9358,1.725);
#3298=CIRCLE('',#9360,25.4);
#3299=CIRCLE('',#9361,25.4);
#3300=CIRCLE('',#9362,25.4);
#3301=CIRCLE('',#9363,25.4);
#3302=CIRCLE('',#9365,25.4);
#3303=CIRCLE('',#9366,25.4);
#3304=CIRCLE('',#9367,25.4);
#3305=CIRCLE('',#9368,25.4);
#3306=CIRCLE('',#9375,0.5);
#3307=CIRCLE('',#9381,0.5);
#3308=CIRCLE('',#9384,3.);
#3309=CIRCLE('',#9385,3.);
#3310=CIRCLE('',#9386,3.);
#3311=CIRCLE('',#9389,1.5);
#3312=CIRCLE('',#9391,2.);
#3313=CIRCLE('',#9394,2.);
#3314=CIRCLE('',#9397,2.);
#3315=CIRCLE('',#9400,2.);
#3316=CIRCLE('',#9403,9.525);
#3317=CIRCLE('',#9405,1.962111388584);
#3318=CIRCLE('',#9406,1.962111388584);
#3319=CIRCLE('',#9408,1.962111388584);
#3320=CIRCLE('',#9409,1.962111388584);
#3321=CIRCLE('',#9411,1.962111388584);
#3322=CIRCLE('',#9412,1.962111388584);
#3323=CIRCLE('',#9414,1.962111388584);
#3324=CIRCLE('',#9415,1.962111388584);
#3325=CIRCLE('',#9417,1.962111388584);
#3326=CIRCLE('',#9418,1.962111388584);
#3327=CIRCLE('',#9420,1.962111388584);
#3328=CIRCLE('',#9421,1.962111388584);
#3329=CIRCLE('',#9427,1.4);
#3330=CIRCLE('',#9430,2.9);
#3331=CIRCLE('',#9435,35.05);
#3332=CIRCLE('',#9440,3.556);
#3333=CIRCLE('',#9441,3.556);
#3334=CIRCLE('',#9442,1.9);
#3335=CIRCLE('',#9443,1.9);
#3336=CIRCLE('',#9444,2.555);
#3337=CIRCLE('',#9445,2.555);
#3338=CIRCLE('',#9446,2.555);
#3339=CIRCLE('',#9447,2.555);
#3340=CIRCLE('',#9450,4.065);
#3341=CIRCLE('',#9453,4.065);
#3342=CIRCLE('',#9455,1.725);
#3343=CIRCLE('',#9458,35.05);
#3344=CIRCLE('',#9461,4.065);
#3345=CIRCLE('',#9464,4.065);
#3346=CIRCLE('',#9466,1.725);
#3347=CIRCLE('',#9469,25.4);
#3348=CIRCLE('',#9472,25.4);
#3349=CIRCLE('',#9478,6.35);
#3350=CIRCLE('',#9479,6.35);
#3351=CIRCLE('',#9480,1.9);
#3352=CIRCLE('',#9481,1.9);
#3353=CIRCLE('',#9482,2.555);
#3354=CIRCLE('',#9483,2.555);
#3355=CIRCLE('',#9484,2.555);
#3356=CIRCLE('',#9485,2.555);
#3357=CIRCLE('',#9489,25.4);
#3358=CIRCLE('',#9492,25.4);
#3359=CIRCLE('',#9504,1.4);
#3360=CIRCLE('',#9509,2.9);
#3361=CIRCLE('',#9513,3.4);
#3362=CIRCLE('',#9514,10.1);
#3363=CIRCLE('',#9515,3.4);
#3364=CIRCLE('',#9516,16.51);
#3365=CIRCLE('',#9517,3.4);
#3366=CIRCLE('',#9518,10.1);
#3367=CIRCLE('',#9519,3.4);
#3368=CIRCLE('',#9520,16.51);
#3369=CIRCLE('',#9521,3.4);
#3370=CIRCLE('',#9522,10.1);
#3371=CIRCLE('',#9523,3.4);
#3372=CIRCLE('',#9524,16.51);
#3373=CIRCLE('',#9526,1.962111388584);
#3374=CIRCLE('',#9528,1.962111388584);
#3375=CIRCLE('',#9530,1.962111388584);
#3376=CIRCLE('',#9532,1.962111388584);
#3377=CIRCLE('',#9534,1.962111388584);
#3378=CIRCLE('',#9536,1.962111388584);
#3379=CIRCLE('',#9544,22.35);
#3380=CIRCLE('',#9546,3.556);
#3381=CIRCLE('',#9548,3.556);
#3382=CIRCLE('',#9556,6.35);
#3383=CIRCLE('',#9558,6.35);
#3384=CIRCLE('',#9565,3.4);
#3385=CIRCLE('',#9566,3.4);
#3386=CIRCLE('',#9569,10.1);
#3387=CIRCLE('',#9572,3.4);
#3388=CIRCLE('',#9573,3.4);
#3389=CIRCLE('',#9575,16.891);
#3390=CIRCLE('',#9576,16.51);
#3391=CIRCLE('',#9577,16.51);
#3392=CIRCLE('',#9578,16.51);
#3393=CIRCLE('',#9579,16.51);
#3394=CIRCLE('',#9580,16.51);
#3395=CIRCLE('',#9581,16.51);
#3396=CIRCLE('',#9582,16.51);
#3397=CIRCLE('',#9583,16.51);
#3398=CIRCLE('',#9584,16.51);
#3399=CIRCLE('',#9585,16.51);
#3400=CIRCLE('',#9587,3.4);
#3401=CIRCLE('',#9588,3.4);
#3402=CIRCLE('',#9591,10.1);
#3403=CIRCLE('',#9594,3.4);
#3404=CIRCLE('',#9595,3.4);
#3405=CIRCLE('',#9597,3.4);
#3406=CIRCLE('',#9598,3.4);
#3407=CIRCLE('',#9601,10.1);
#3408=CIRCLE('',#9604,3.4);
#3409=CIRCLE('',#9605,3.4);
#3410=CIRCLE('',#9613,2.92);
#3411=CIRCLE('',#9615,2.92);
#3412=CIRCLE('',#9617,2.92);
#3413=CIRCLE('',#9619,2.92);
#3414=CIRCLE('',#9621,2.92);
#3415=CIRCLE('',#9623,2.92);
#3416=CIRCLE('',#9625,22.35);
#3417=CIRCLE('',#9627,3.);
#3418=CIRCLE('',#9629,3.);
#3419=CIRCLE('',#9631,5.);
#3420=CIRCLE('',#9633,5.);
#3421=CIRCLE('',#9637,2.92);
#3422=CIRCLE('',#9638,2.92);
#3423=CIRCLE('',#9643,16.891);
#3424=CIRCLE('',#9647,2.92);
#3425=CIRCLE('',#9648,2.92);
#3426=CIRCLE('',#9650,2.92);
#3427=CIRCLE('',#9651,2.92);
#3428=CIRCLE('',#9660,3.);
#3429=CIRCLE('',#9662,3.);
#3430=CIRCLE('',#9664,5.);
#3431=CIRCLE('',#9665,5.);
#3432=CIRCLE('',#9667,5.);
#3433=CIRCLE('',#9668,5.);
#3434=CIRCLE('',#9670,16.51);
#3435=CIRCLE('',#9671,16.51);
#3436=CIRCLE('',#9672,16.51);
#3437=CIRCLE('',#9673,16.51);
#3438=CIRCLE('',#9674,16.51);
#3439=CIRCLE('',#9675,16.51);
#3440=CIRCLE('',#9676,16.51);
#3441=CIRCLE('',#9677,16.51);
#3442=CIRCLE('',#9678,16.51);
#3443=CIRCLE('',#9679,16.51);
#3444=CIRCLE('',#9680,16.51);
#3445=CIRCLE('',#9681,16.51);
#3446=CIRCLE('',#9682,16.51);
#3447=CIRCLE('',#9683,16.51);
#3448=CIRCLE('',#9686,1.4);
#3449=CIRCLE('',#9687,2.9);
#3450=CIRCLE('',#9688,1.4);
#3451=CIRCLE('',#9689,1.4);
#3452=CIRCLE('',#9690,2.9);
#3453=CIRCLE('',#9691,1.4);
#3454=CIRCLE('',#9692,8.65);
#3455=CIRCLE('',#9695,1.4);
#3456=CIRCLE('',#9696,2.9);
#3457=CIRCLE('',#9697,1.4);
#3458=CIRCLE('',#9698,1.4);
#3459=CIRCLE('',#9699,2.9);
#3460=CIRCLE('',#9700,1.4);
#3461=CIRCLE('',#9702,2.945873412263);
#3462=CIRCLE('',#9704,2.945873412263);
#3463=CIRCLE('',#9706,4.500001421047);
#3464=CIRCLE('',#9708,4.500001421047);
#3465=CIRCLE('',#9710,16.891);
#3466=CIRCLE('',#9712,3.048);
#3467=CIRCLE('',#9713,3.048);
#3468=CIRCLE('',#9714,3.048);
#3469=CIRCLE('',#9715,10.6934);
#3470=CIRCLE('',#9716,2.5654);
#3471=CIRCLE('',#9718,3.048);
#3472=CIRCLE('',#9719,3.048);
#3473=CIRCLE('',#9720,10.6934);
#3474=CIRCLE('',#9721,3.048);
#3475=CIRCLE('',#9722,2.5654);
#3476=CIRCLE('',#9724,3.048);
#3477=CIRCLE('',#9725,3.048);
#3478=CIRCLE('',#9726,10.6934);
#3479=CIRCLE('',#9727,3.048);
#3480=CIRCLE('',#9728,2.5654);
#3481=CIRCLE('',#9730,3.048);
#3482=CIRCLE('',#9731,3.048);
#3483=CIRCLE('',#9732,10.6934);
#3484=CIRCLE('',#9733,3.048);
#3485=CIRCLE('',#9734,2.5654);
#3486=CIRCLE('',#9736,3.048);
#3487=CIRCLE('',#9737,3.048);
#3488=CIRCLE('',#9738,3.048);
#3489=CIRCLE('',#9739,10.6934);
#3490=CIRCLE('',#9740,2.5654);
#3491=CIRCLE('',#9742,3.048);
#3492=CIRCLE('',#9743,3.048);
#3493=CIRCLE('',#9744,3.048);
#3494=CIRCLE('',#9745,10.6934);
#3495=CIRCLE('',#9746,2.5654);
#3496=CIRCLE('',#9748,2.286);
#3497=CIRCLE('',#9749,2.286);
#3498=CIRCLE('',#9751,2.286);
#3499=CIRCLE('',#9752,2.286);
#3500=CIRCLE('',#9754,2.286);
#3501=CIRCLE('',#9755,2.286);
#3502=CIRCLE('',#9757,2.286);
#3503=CIRCLE('',#9758,2.286);
#3504=CIRCLE('',#9760,2.286);
#3505=CIRCLE('',#9761,2.286);
#3506=CIRCLE('',#9763,2.286);
#3507=CIRCLE('',#9764,2.286);
#3508=CIRCLE('',#9777,8.65);
#3509=CIRCLE('',#9779,2.945873412263);
#3510=CIRCLE('',#9780,2.945873412263);
#3511=CIRCLE('',#9782,2.945873412263);
#3512=CIRCLE('',#9783,2.945873412263);
#3513=CIRCLE('',#9787,16.891);
#3514=CIRCLE('',#9789,10.6934);
#3515=CIRCLE('',#9790,10.6934);
#3516=CIRCLE('',#9791,10.6934);
#3517=CIRCLE('',#9792,10.6934);
#3518=CIRCLE('',#9794,2.1844);
#3519=CIRCLE('',#9795,2.1844);
#3520=CIRCLE('',#9797,2.1844);
#3521=CIRCLE('',#9798,2.1844);
#3522=CIRCLE('',#9800,2.1844);
#3523=CIRCLE('',#9801,2.1844);
#3524=CIRCLE('',#9803,2.1844);
#3525=CIRCLE('',#9804,2.1844);
#3526=CIRCLE('',#9806,2.1844);
#3527=CIRCLE('',#9807,2.1844);
#3528=CIRCLE('',#9809,2.1844);
#3529=CIRCLE('',#9810,2.1844);
#3530=CIRCLE('',#9812,2.286);
#3531=CIRCLE('',#9814,2.286);
#3532=CIRCLE('',#9816,2.286);
#3533=CIRCLE('',#9818,2.286);
#3534=CIRCLE('',#9820,2.286);
#3535=CIRCLE('',#9822,2.286);
#3536=CIRCLE('',#9824,8.5344);
#3537=CIRCLE('',#9826,2.350480947162);
#3538=CIRCLE('',#9828,2.350480947162);
#3539=CIRCLE('',#9842,16.51);
#3540=CIRCLE('',#9843,16.51);
#3541=CIRCLE('',#9844,16.51);
#3542=CIRCLE('',#9845,16.51);
#3543=CIRCLE('',#9846,16.51);
#3544=CIRCLE('',#9847,16.51);
#3545=CIRCLE('',#9848,16.51);
#3546=CIRCLE('',#9849,16.51);
#3547=CIRCLE('',#9850,16.51);
#3548=CIRCLE('',#9851,16.51);
#3549=CIRCLE('',#9852,16.51);
#3550=CIRCLE('',#9853,16.51);
#3551=CIRCLE('',#9854,16.51);
#3552=CIRCLE('',#9855,16.51);
#3553=CIRCLE('',#9856,16.51);
#3554=CIRCLE('',#9857,16.51);
#3555=CIRCLE('',#9858,16.51);
#3556=CIRCLE('',#9859,16.51);
#3557=CIRCLE('',#9860,16.51);
#3558=CIRCLE('',#9862,9.144);
#3559=CIRCLE('',#9863,9.144);
#3560=CIRCLE('',#9865,9.144);
#3561=CIRCLE('',#9866,9.144);
#3562=CIRCLE('',#9868,2.1844);
#3563=CIRCLE('',#9870,2.1844);
#3564=CIRCLE('',#9872,2.1844);
#3565=CIRCLE('',#9874,2.1844);
#3566=CIRCLE('',#9876,2.1844);
#3567=CIRCLE('',#9878,2.1844);
#3568=CIRCLE('',#9880,3.048);
#3569=CIRCLE('',#9881,3.048);
#3570=CIRCLE('',#9883,3.048);
#3571=CIRCLE('',#9884,3.048);
#3572=CIRCLE('',#9886,3.048);
#3573=CIRCLE('',#9887,3.048);
#3574=CIRCLE('',#9889,3.048);
#3575=CIRCLE('',#9890,3.048);
#3576=CIRCLE('',#9892,3.048);
#3577=CIRCLE('',#9893,3.048);
#3578=CIRCLE('',#9895,3.048);
#3579=CIRCLE('',#9896,3.048);
#3580=CIRCLE('',#9898,8.5344);
#3581=CIRCLE('',#9904,3.5);
#3582=CIRCLE('',#9905,3.5);
#3583=CIRCLE('',#9906,3.5);
#3584=CIRCLE('',#9907,3.5);
#3585=CIRCLE('',#9908,3.5);
#3586=CIRCLE('',#9909,3.5);
#3587=CIRCLE('',#9910,3.5);
#3588=CIRCLE('',#9911,3.5);
#3589=CIRCLE('',#9912,3.5);
#3590=CIRCLE('',#9913,3.5);
#3591=CIRCLE('',#9914,6.477);
#3592=CIRCLE('',#9916,3.5);
#3593=CIRCLE('',#9917,3.5);
#3594=CIRCLE('',#9918,2.);
#3595=CIRCLE('',#9920,3.5);
#3596=CIRCLE('',#9921,2.);
#3597=CIRCLE('',#9923,3.5);
#3598=CIRCLE('',#9924,2.);
#3599=CIRCLE('',#9926,3.5);
#3600=CIRCLE('',#9927,2.);
#3601=CIRCLE('',#9929,3.5);
#3602=CIRCLE('',#9930,2.);
#3603=CIRCLE('',#9932,3.5);
#3604=CIRCLE('',#9933,3.5);
#3605=CIRCLE('',#9934,2.);
#3606=CIRCLE('',#9936,3.5);
#3607=CIRCLE('',#9937,3.5);
#3608=CIRCLE('',#9939,3.5);
#3609=CIRCLE('',#9940,3.5);
#3610=CIRCLE('',#9942,3.5);
#3611=CIRCLE('',#9943,3.5);
#3612=CIRCLE('',#9945,3.5);
#3613=CIRCLE('',#9946,3.5);
#3614=CIRCLE('',#9948,3.5);
#3615=CIRCLE('',#9949,3.5);
#3616=CIRCLE('',#9951,3.5);
#3617=CIRCLE('',#9952,3.5);
#3618=CIRCLE('',#9954,9.099555758929);
#3619=CIRCLE('',#9956,9.099555758929);
#3620=CIRCLE('',#9958,2.5654);
#3621=CIRCLE('',#9960,2.5654);
#3622=CIRCLE('',#9962,2.5654);
#3623=CIRCLE('',#9964,2.5654);
#3624=CIRCLE('',#9966,2.5654);
#3625=CIRCLE('',#9968,2.5654);
#3626=CIRCLE('',#9970,7.9375);
#3627=CIRCLE('',#9972,6.477);
#3628=CIRCLE('',#9974,2.);
#3629=CIRCLE('',#9976,2.);
#3630=CIRCLE('',#9978,2.);
#3631=CIRCLE('',#9980,2.);
#3632=CIRCLE('',#9982,2.);
#3633=CIRCLE('',#9984,2.);
#3634=CIRCLE('',#9986,3.149998580855);
#3635=CIRCLE('',#9988,3.149998580855);
#3636=CIRCLE('',#9990,3.149998580855);
#3637=CIRCLE('',#9992,3.149998580855);
#3638=CIRCLE('',#9994,3.149998580855);
#3639=CIRCLE('',#9996,3.149998580855);
#3640=CIRCLE('',#9999,7.9375);
#3641=CIRCLE('',#10001,1.962111388584);
#3642=CIRCLE('',#10003,1.962111388584);
#3643=CIRCLE('',#10005,1.962111388584);
#3644=CIRCLE('',#10007,1.962111388584);
#3645=CIRCLE('',#10009,1.962111388584);
#3646=CIRCLE('',#10011,1.962111388584);
#3647=CIRCLE('',#10014,1.962111388584);
#3648=CIRCLE('',#10016,1.962111388584);
#3649=CIRCLE('',#10018,1.962111388584);
#3650=CIRCLE('',#10020,1.962111388584);
#3651=CIRCLE('',#10022,1.962111388584);
#3652=CIRCLE('',#10024,1.962111388584);
#3653=VERTEX_POINT('',#12892);
#3654=VERTEX_POINT('',#12894);
#3655=VERTEX_POINT('',#12898);
#3656=VERTEX_POINT('',#12902);
#3657=VERTEX_POINT('',#12905);
#3658=VERTEX_POINT('',#12909);
#3659=VERTEX_POINT('',#12913);
#3660=VERTEX_POINT('',#12916);
#3661=VERTEX_POINT('',#12920);
#3662=VERTEX_POINT('',#12921);
#3663=VERTEX_POINT('',#12926);
#3664=VERTEX_POINT('',#12929);
#3665=VERTEX_POINT('',#12931);
#3666=VERTEX_POINT('',#12937);
#3667=VERTEX_POINT('',#12939);
#3668=VERTEX_POINT('',#12943);
#3669=VERTEX_POINT('',#12946);
#3670=VERTEX_POINT('',#12949);
#3671=VERTEX_POINT('',#12953);
#3672=VERTEX_POINT('',#12955);
#3673=VERTEX_POINT('',#12966);
#3674=VERTEX_POINT('',#12977);
#3675=VERTEX_POINT('',#12980);
#3676=VERTEX_POINT('',#13001);
#3677=VERTEX_POINT('',#13002);
#3678=VERTEX_POINT('',#13040);
#3679=VERTEX_POINT('',#13043);
#3680=VERTEX_POINT('',#13047);
#3681=VERTEX_POINT('',#13050);
#3682=VERTEX_POINT('',#13054);
#3683=VERTEX_POINT('',#13055);
#3684=VERTEX_POINT('',#13061);
#3685=VERTEX_POINT('',#13066);
#3686=VERTEX_POINT('',#13068);
#3687=VERTEX_POINT('',#13072);
#3688=VERTEX_POINT('',#13075);
#3689=VERTEX_POINT('',#13079);
#3690=VERTEX_POINT('',#13080);
#3691=VERTEX_POINT('',#13085);
#3692=VERTEX_POINT('',#13090);
#3693=VERTEX_POINT('',#13092);
#3694=VERTEX_POINT('',#13095);
#3695=VERTEX_POINT('',#13099);
#3696=VERTEX_POINT('',#13103);
#3697=VERTEX_POINT('',#13106);
#3698=VERTEX_POINT('',#13109);
#3699=VERTEX_POINT('',#13113);
#3700=VERTEX_POINT('',#13117);
#3701=VERTEX_POINT('',#13121);
#3702=VERTEX_POINT('',#13125);
#3703=VERTEX_POINT('',#13127);
#3704=VERTEX_POINT('',#13129);
#3705=VERTEX_POINT('',#13131);
#3706=VERTEX_POINT('',#13133);
#3707=VERTEX_POINT('',#13135);
#3708=VERTEX_POINT('',#13137);
#3709=VERTEX_POINT('',#13140);
#3710=VERTEX_POINT('',#13144);
#3711=VERTEX_POINT('',#13148);
#3712=VERTEX_POINT('',#13152);
#3713=VERTEX_POINT('',#13156);
#3714=VERTEX_POINT('',#13160);
#3715=VERTEX_POINT('',#13164);
#3716=VERTEX_POINT('',#13168);
#3717=VERTEX_POINT('',#13169);
#3718=VERTEX_POINT('',#13175);
#3719=VERTEX_POINT('',#13180);
#3720=VERTEX_POINT('',#13182);
#3721=VERTEX_POINT('',#13184);
#3722=VERTEX_POINT('',#13186);
#3723=VERTEX_POINT('',#13193);
#3724=VERTEX_POINT('',#13195);
#3725=VERTEX_POINT('',#13199);
#3726=VERTEX_POINT('',#13203);
#3727=VERTEX_POINT('',#13207);
#3728=VERTEX_POINT('',#13211);
#3729=VERTEX_POINT('',#13215);
#3730=VERTEX_POINT('',#13219);
#3731=VERTEX_POINT('',#13223);
#3732=VERTEX_POINT('',#13224);
#3733=VERTEX_POINT('',#13229);
#3734=VERTEX_POINT('',#13230);
#3735=VERTEX_POINT('',#13232);
#3736=VERTEX_POINT('',#13234);
#3737=VERTEX_POINT('',#13236);
#3738=VERTEX_POINT('',#13241);
#3739=VERTEX_POINT('',#13245);
#3740=VERTEX_POINT('',#13246);
#3741=VERTEX_POINT('',#13248);
#3742=VERTEX_POINT('',#13251);
#3743=VERTEX_POINT('',#13253);
#3744=VERTEX_POINT('',#13257);
#3745=VERTEX_POINT('',#13261);
#3746=VERTEX_POINT('',#13262);
#3747=VERTEX_POINT('',#13264);
#3748=VERTEX_POINT('',#13266);
#3749=VERTEX_POINT('',#13268);
#3750=VERTEX_POINT('',#13273);
#3751=VERTEX_POINT('',#13277);
#3752=VERTEX_POINT('',#13278);
#3753=VERTEX_POINT('',#13281);
#3754=VERTEX_POINT('',#13283);
#3755=VERTEX_POINT('',#13297);
#3756=VERTEX_POINT('',#13314);
#3757=VERTEX_POINT('',#13319);
#3758=VERTEX_POINT('',#13321);
#3759=VERTEX_POINT('',#13323);
#3760=VERTEX_POINT('',#13331);
#3761=VERTEX_POINT('',#13333);
#3762=VERTEX_POINT('',#13335);
#3763=VERTEX_POINT('',#13338);
#3764=VERTEX_POINT('',#13341);
#3765=VERTEX_POINT('',#13342);
#3766=VERTEX_POINT('',#13347);
#3767=VERTEX_POINT('',#13348);
#3768=VERTEX_POINT('',#13353);
#3769=VERTEX_POINT('',#13354);
#3770=VERTEX_POINT('',#13359);
#3771=VERTEX_POINT('',#13360);
#3772=VERTEX_POINT('',#13365);
#3773=VERTEX_POINT('',#13366);
#3774=VERTEX_POINT('',#13371);
#3775=VERTEX_POINT('',#13372);
#3776=VERTEX_POINT('',#13377);
#3777=VERTEX_POINT('',#13379);
#3778=VERTEX_POINT('',#13383);
#3779=VERTEX_POINT('',#13387);
#3780=VERTEX_POINT('',#13391);
#3781=VERTEX_POINT('',#13395);
#3782=VERTEX_POINT('',#13399);
#3783=VERTEX_POINT('',#13403);
#3784=VERTEX_POINT('',#13407);
#3785=VERTEX_POINT('',#13418);
#3786=VERTEX_POINT('',#13419);
#3787=VERTEX_POINT('',#13421);
#3788=VERTEX_POINT('',#13423);
#3789=VERTEX_POINT('',#13427);
#3790=VERTEX_POINT('',#13428);
#3791=VERTEX_POINT('',#13431);
#3792=VERTEX_POINT('',#13435);
#3793=VERTEX_POINT('',#13437);
#3794=VERTEX_POINT('',#13441);
#3795=VERTEX_POINT('',#13442);
#3796=VERTEX_POINT('',#13444);
#3797=VERTEX_POINT('',#13449);
#3798=VERTEX_POINT('',#13451);
#3799=VERTEX_POINT('',#13455);
#3800=VERTEX_POINT('',#13459);
#3801=VERTEX_POINT('',#13460);
#3802=VERTEX_POINT('',#13463);
#3803=VERTEX_POINT('',#13467);
#3804=VERTEX_POINT('',#13468);
#3805=VERTEX_POINT('',#13470);
#3806=VERTEX_POINT('',#13475);
#3807=VERTEX_POINT('',#13479);
#3808=VERTEX_POINT('',#13481);
#3809=VERTEX_POINT('',#13485);
#3810=VERTEX_POINT('',#13487);
#3811=VERTEX_POINT('',#13491);
#3812=VERTEX_POINT('',#13492);
#3813=VERTEX_POINT('',#13497);
#3814=VERTEX_POINT('',#13499);
#3815=VERTEX_POINT('',#13501);
#3816=VERTEX_POINT('',#13505);
#3817=VERTEX_POINT('',#13507);
#3818=VERTEX_POINT('',#13509);
#3819=VERTEX_POINT('',#13513);
#3820=VERTEX_POINT('',#13515);
#3821=VERTEX_POINT('',#13519);
#3822=VERTEX_POINT('',#13521);
#3823=VERTEX_POINT('',#13525);
#3824=VERTEX_POINT('',#13527);
#3825=VERTEX_POINT('',#13531);
#3826=VERTEX_POINT('',#13533);
#3827=VERTEX_POINT('',#13537);
#3828=VERTEX_POINT('',#13539);
#3829=VERTEX_POINT('',#13543);
#3830=VERTEX_POINT('',#13545);
#3831=VERTEX_POINT('',#13551);
#3832=VERTEX_POINT('',#13553);
#3833=VERTEX_POINT('',#13559);
#3834=VERTEX_POINT('',#13560);
#3835=VERTEX_POINT('',#13562);
#3836=VERTEX_POINT('',#13564);
#3837=VERTEX_POINT('',#13566);
#3838=VERTEX_POINT('',#13568);
#3839=VERTEX_POINT('',#13570);
#3840=VERTEX_POINT('',#13572);
#3841=VERTEX_POINT('',#13575);
#3842=VERTEX_POINT('',#13577);
#3843=VERTEX_POINT('',#13579);
#3844=VERTEX_POINT('',#13585);
#3845=VERTEX_POINT('',#13586);
#3846=VERTEX_POINT('',#13588);
#3847=VERTEX_POINT('',#13590);
#3848=VERTEX_POINT('',#13592);
#3849=VERTEX_POINT('',#13595);
#3850=VERTEX_POINT('',#13600);
#3851=VERTEX_POINT('',#13602);
#3852=VERTEX_POINT('',#13606);
#3853=VERTEX_POINT('',#13608);
#3854=VERTEX_POINT('',#13612);
#3855=VERTEX_POINT('',#13616);
#3856=VERTEX_POINT('',#13620);
#3857=VERTEX_POINT('',#13624);
#3858=VERTEX_POINT('',#13626);
#3859=VERTEX_POINT('',#13630);
#3860=VERTEX_POINT('',#13631);
#3861=VERTEX_POINT('',#13633);
#3862=VERTEX_POINT('',#13636);
#3863=VERTEX_POINT('',#13638);
#3864=VERTEX_POINT('',#13640);
#3865=VERTEX_POINT('',#13642);
#3866=VERTEX_POINT('',#13644);
#3867=VERTEX_POINT('',#13646);
#3868=VERTEX_POINT('',#13648);
#3869=VERTEX_POINT('',#13651);
#3870=VERTEX_POINT('',#13652);
#3871=VERTEX_POINT('',#13654);
#3872=VERTEX_POINT('',#13656);
#3873=VERTEX_POINT('',#13658);
#3874=VERTEX_POINT('',#13660);
#3875=VERTEX_POINT('',#13662);
#3876=VERTEX_POINT('',#13664);
#3877=VERTEX_POINT('',#13667);
#3878=VERTEX_POINT('',#13669);
#3879=VERTEX_POINT('',#13671);
#3880=VERTEX_POINT('',#13673);
#3881=VERTEX_POINT('',#13675);
#3882=VERTEX_POINT('',#13677);
#3883=VERTEX_POINT('',#13679);
#3884=VERTEX_POINT('',#13684);
#3885=VERTEX_POINT('',#13686);
#3886=VERTEX_POINT('',#13690);
#3887=VERTEX_POINT('',#13694);
#3888=VERTEX_POINT('',#13698);
#3889=VERTEX_POINT('',#13702);
#3890=VERTEX_POINT('',#13706);
#3891=VERTEX_POINT('',#13707);
#3892=VERTEX_POINT('',#13710);
#3893=VERTEX_POINT('',#13714);
#3894=VERTEX_POINT('',#13715);
#3895=VERTEX_POINT('',#13718);
#3896=VERTEX_POINT('',#13722);
#3897=VERTEX_POINT('',#13726);
#3898=VERTEX_POINT('',#13727);
#3899=VERTEX_POINT('',#13732);
#3900=VERTEX_POINT('',#13736);
#3901=VERTEX_POINT('',#13738);
#3902=VERTEX_POINT('',#13744);
#3903=VERTEX_POINT('',#13746);
#3904=VERTEX_POINT('',#13752);
#3905=VERTEX_POINT('',#13754);
#3906=VERTEX_POINT('',#13756);
#3907=VERTEX_POINT('',#13758);
#3908=VERTEX_POINT('',#13760);
#3909=VERTEX_POINT('',#13762);
#3910=VERTEX_POINT('',#13765);
#3911=VERTEX_POINT('',#13766);
#3912=VERTEX_POINT('',#13768);
#3913=VERTEX_POINT('',#13770);
#3914=VERTEX_POINT('',#13773);
#3915=VERTEX_POINT('',#13776);
#3916=VERTEX_POINT('',#13780);
#3917=VERTEX_POINT('',#13782);
#3918=VERTEX_POINT('',#13784);
#3919=VERTEX_POINT('',#13786);
#3920=VERTEX_POINT('',#13788);
#3921=VERTEX_POINT('',#13791);
#3922=VERTEX_POINT('',#13792);
#3923=VERTEX_POINT('',#13794);
#3924=VERTEX_POINT('',#13796);
#3925=VERTEX_POINT('',#13799);
#3926=VERTEX_POINT('',#13802);
#3927=VERTEX_POINT('',#13804);
#3928=VERTEX_POINT('',#13806);
#3929=VERTEX_POINT('',#13808);
#3930=VERTEX_POINT('',#13810);
#3931=VERTEX_POINT('',#13812);
#3932=VERTEX_POINT('',#13815);
#3933=VERTEX_POINT('',#13817);
#3934=VERTEX_POINT('',#13819);
#3935=VERTEX_POINT('',#13821);
#3936=VERTEX_POINT('',#13823);
#3937=VERTEX_POINT('',#13825);
#3938=VERTEX_POINT('',#13829);
#3939=VERTEX_POINT('',#13831);
#3940=VERTEX_POINT('',#13833);
#3941=VERTEX_POINT('',#13835);
#3942=VERTEX_POINT('',#13837);
#3943=VERTEX_POINT('',#13839);
#3944=VERTEX_POINT('',#13841);
#3945=VERTEX_POINT('',#13844);
#3946=VERTEX_POINT('',#13846);
#3947=VERTEX_POINT('',#13848);
#3948=VERTEX_POINT('',#13850);
#3949=VERTEX_POINT('',#13852);
#3950=VERTEX_POINT('',#13856);
#3951=VERTEX_POINT('',#13858);
#3952=VERTEX_POINT('',#13862);
#3953=VERTEX_POINT('',#13864);
#3954=VERTEX_POINT('',#13870);
#3955=VERTEX_POINT('',#13872);
#3956=VERTEX_POINT('',#13876);
#3957=VERTEX_POINT('',#13879);
#3958=VERTEX_POINT('',#13880);
#3959=VERTEX_POINT('',#13882);
#3960=VERTEX_POINT('',#13890);
#3961=VERTEX_POINT('',#13892);
#3962=VERTEX_POINT('',#13900);
#3963=VERTEX_POINT('',#13902);
#3964=VERTEX_POINT('',#13910);
#3965=VERTEX_POINT('',#13920);
#3966=VERTEX_POINT('',#13921);
#3967=VERTEX_POINT('',#13923);
#3968=VERTEX_POINT('',#13930);
#3969=VERTEX_POINT('',#13932);
#3970=VERTEX_POINT('',#13936);
#3971=VERTEX_POINT('',#13940);
#3972=VERTEX_POINT('',#13944);
#3973=VERTEX_POINT('',#13946);
#3974=VERTEX_POINT('',#13950);
#3975=VERTEX_POINT('',#13954);
#3976=VERTEX_POINT('',#13956);
#3977=VERTEX_POINT('',#13958);
#3978=VERTEX_POINT('',#13962);
#3979=VERTEX_POINT('',#13964);
#3980=VERTEX_POINT('',#13970);
#3981=VERTEX_POINT('',#13972);
#3982=VERTEX_POINT('',#13976);
#3983=VERTEX_POINT('',#13980);
#3984=VERTEX_POINT('',#13984);
#3985=VERTEX_POINT('',#13988);
#3986=VERTEX_POINT('',#13992);
#3987=VERTEX_POINT('',#13996);
#3988=VERTEX_POINT('',#14002);
#3989=VERTEX_POINT('',#14006);
#3990=VERTEX_POINT('',#14007);
#3991=VERTEX_POINT('',#14012);
#3992=VERTEX_POINT('',#14013);
#3993=VERTEX_POINT('',#14018);
#3994=VERTEX_POINT('',#14019);
#3995=VERTEX_POINT('',#14024);
#3996=VERTEX_POINT('',#14025);
#3997=VERTEX_POINT('',#14030);
#3998=VERTEX_POINT('',#14031);
#3999=VERTEX_POINT('',#14036);
#4000=VERTEX_POINT('',#14037);
#4001=VERTEX_POINT('',#14042);
#4002=VERTEX_POINT('',#14044);
#4003=VERTEX_POINT('',#14052);
#4004=VERTEX_POINT('',#14053);
#4005=VERTEX_POINT('',#14056);
#4006=VERTEX_POINT('',#14062);
#4007=VERTEX_POINT('',#14064);
#4008=VERTEX_POINT('',#14066);
#4009=VERTEX_POINT('',#14072);
#4010=VERTEX_POINT('',#14076);
#4011=VERTEX_POINT('',#14078);
#4012=VERTEX_POINT('',#14080);
#4013=VERTEX_POINT('',#14086);
#4014=VERTEX_POINT('',#14090);
#4015=VERTEX_POINT('',#14095);
#4016=VERTEX_POINT('',#14102);
#4017=VERTEX_POINT('',#14104);
#4018=VERTEX_POINT('',#14106);
#4019=VERTEX_POINT('',#14108);
#4020=VERTEX_POINT('',#14110);
#4021=VERTEX_POINT('',#14112);
#4022=VERTEX_POINT('',#14114);
#4023=VERTEX_POINT('',#14116);
#4024=VERTEX_POINT('',#14119);
#4025=VERTEX_POINT('',#14120);
#4026=VERTEX_POINT('',#14125);
#4027=VERTEX_POINT('',#14129);
#4028=VERTEX_POINT('',#14135);
#4029=VERTEX_POINT('',#14139);
#4030=VERTEX_POINT('',#14141);
#4031=VERTEX_POINT('',#14147);
#4032=VERTEX_POINT('',#14149);
#4033=VERTEX_POINT('',#14153);
#4034=VERTEX_POINT('',#14157);
#4035=VERTEX_POINT('',#14163);
#4036=VERTEX_POINT('',#14167);
#4037=VERTEX_POINT('',#14171);
#4038=VERTEX_POINT('',#14175);
#4039=VERTEX_POINT('',#14179);
#4040=VERTEX_POINT('',#14185);
#4041=VERTEX_POINT('',#14195);
#4042=VERTEX_POINT('',#14197);
#4043=VERTEX_POINT('',#14199);
#4044=VERTEX_POINT('',#14201);
#4045=VERTEX_POINT('',#14203);
#4046=VERTEX_POINT('',#14205);
#4047=VERTEX_POINT('',#14207);
#4048=VERTEX_POINT('',#14209);
#4049=VERTEX_POINT('',#14213);
#4050=VERTEX_POINT('',#14217);
#4051=VERTEX_POINT('',#14221);
#4052=VERTEX_POINT('',#14225);
#4053=VERTEX_POINT('',#14231);
#4054=VERTEX_POINT('',#14232);
#4055=VERTEX_POINT('',#14234);
#4056=VERTEX_POINT('',#14236);
#4057=VERTEX_POINT('',#14243);
#4058=VERTEX_POINT('',#14245);
#4059=VERTEX_POINT('',#14249);
#4060=VERTEX_POINT('',#14257);
#4061=VERTEX_POINT('',#14280);
#4062=VERTEX_POINT('',#14296);
#4063=VERTEX_POINT('',#14319);
#4064=VERTEX_POINT('',#14335);
#4065=VERTEX_POINT('',#14358);
#4066=VERTEX_POINT('',#14374);
#4067=VERTEX_POINT('',#14407);
#4068=VERTEX_POINT('',#14411);
#4069=VERTEX_POINT('',#14413);
#4070=VERTEX_POINT('',#14417);
#4071=VERTEX_POINT('',#14421);
#4072=VERTEX_POINT('',#14423);
#4073=VERTEX_POINT('',#14433);
#4074=VERTEX_POINT('',#14434);
#4075=VERTEX_POINT('',#14436);
#4076=VERTEX_POINT('',#14438);
#4077=VERTEX_POINT('',#14440);
#4078=VERTEX_POINT('',#14442);
#4079=VERTEX_POINT('',#14444);
#4080=VERTEX_POINT('',#14446);
#4081=VERTEX_POINT('',#14448);
#4082=VERTEX_POINT('',#14450);
#4083=VERTEX_POINT('',#14452);
#4084=VERTEX_POINT('',#14454);
#4085=VERTEX_POINT('',#14456);
#4086=VERTEX_POINT('',#14458);
#4087=VERTEX_POINT('',#14460);
#4088=VERTEX_POINT('',#14462);
#4089=VERTEX_POINT('',#14464);
#4090=VERTEX_POINT('',#14466);
#4091=VERTEX_POINT('',#14470);
#4092=VERTEX_POINT('',#14474);
#4093=VERTEX_POINT('',#14478);
#4094=VERTEX_POINT('',#14482);
#4095=VERTEX_POINT('',#14486);
#4096=VERTEX_POINT('',#14490);
#4097=VERTEX_POINT('',#14505);
#4098=VERTEX_POINT('',#14508);
#4099=VERTEX_POINT('',#14512);
#4100=VERTEX_POINT('',#14528);
#4101=VERTEX_POINT('',#14532);
#4102=VERTEX_POINT('',#14536);
#4103=VERTEX_POINT('',#14538);
#4104=VERTEX_POINT('',#14542);
#4105=VERTEX_POINT('',#14546);
#4106=VERTEX_POINT('',#14553);
#4107=VERTEX_POINT('',#14555);
#4108=VERTEX_POINT('',#14557);
#4109=VERTEX_POINT('',#14561);
#4110=VERTEX_POINT('',#14565);
#4111=VERTEX_POINT('',#14569);
#4112=VERTEX_POINT('',#14573);
#4113=VERTEX_POINT('',#14575);
#4114=VERTEX_POINT('',#14579);
#4115=VERTEX_POINT('',#14581);
#4116=VERTEX_POINT('',#14583);
#4117=VERTEX_POINT('',#14586);
#4118=VERTEX_POINT('',#14588);
#4119=VERTEX_POINT('',#14591);
#4120=VERTEX_POINT('',#14593);
#4121=VERTEX_POINT('',#14596);
#4122=VERTEX_POINT('',#14600);
#4123=VERTEX_POINT('',#14602);
#4124=VERTEX_POINT('',#14604);
#4125=VERTEX_POINT('',#14608);
#4126=VERTEX_POINT('',#14612);
#4127=VERTEX_POINT('',#14616);
#4128=VERTEX_POINT('',#14620);
#4129=VERTEX_POINT('',#14622);
#4130=VERTEX_POINT('',#14626);
#4131=VERTEX_POINT('',#14628);
#4132=VERTEX_POINT('',#14630);
#4133=VERTEX_POINT('',#14634);
#4134=VERTEX_POINT('',#14638);
#4135=VERTEX_POINT('',#14642);
#4136=VERTEX_POINT('',#14646);
#4137=VERTEX_POINT('',#14648);
#4138=VERTEX_POINT('',#14664);
#4139=VERTEX_POINT('',#14667);
#4140=VERTEX_POINT('',#14670);
#4141=VERTEX_POINT('',#14673);
#4142=VERTEX_POINT('',#14676);
#4143=VERTEX_POINT('',#14679);
#4144=VERTEX_POINT('',#14682);
#4145=VERTEX_POINT('',#14686);
#4146=VERTEX_POINT('',#14689);
#4147=VERTEX_POINT('',#14692);
#4148=VERTEX_POINT('',#14695);
#4149=VERTEX_POINT('',#14702);
#4150=VERTEX_POINT('',#14704);
#4151=VERTEX_POINT('',#14712);
#4152=VERTEX_POINT('',#14720);
#4153=VERTEX_POINT('',#14722);
#4154=VERTEX_POINT('',#14725);
#4155=VERTEX_POINT('',#14727);
#4156=VERTEX_POINT('',#14742);
#4157=VERTEX_POINT('',#14743);
#4158=VERTEX_POINT('',#14745);
#4159=VERTEX_POINT('',#14747);
#4160=VERTEX_POINT('',#14751);
#4161=VERTEX_POINT('',#14755);
#4162=VERTEX_POINT('',#14759);
#4163=VERTEX_POINT('',#14760);
#4164=VERTEX_POINT('',#14765);
#4165=VERTEX_POINT('',#14766);
#4166=VERTEX_POINT('',#14771);
#4167=VERTEX_POINT('',#14773);
#4168=VERTEX_POINT('',#14775);
#4169=VERTEX_POINT('',#14777);
#4170=VERTEX_POINT('',#14779);
#4171=VERTEX_POINT('',#14781);
#4172=VERTEX_POINT('',#14783);
#4173=VERTEX_POINT('',#14785);
#4174=VERTEX_POINT('',#14787);
#4175=VERTEX_POINT('',#14789);
#4176=VERTEX_POINT('',#14791);
#4177=VERTEX_POINT('',#14793);
#4178=VERTEX_POINT('',#14795);
#4179=VERTEX_POINT('',#14797);
#4180=VERTEX_POINT('',#14801);
#4181=VERTEX_POINT('',#14803);
#4182=VERTEX_POINT('',#14807);
#4183=VERTEX_POINT('',#14809);
#4184=VERTEX_POINT('',#14811);
#4185=VERTEX_POINT('',#14813);
#4186=VERTEX_POINT('',#14815);
#4187=VERTEX_POINT('',#14817);
#4188=VERTEX_POINT('',#14819);
#4189=VERTEX_POINT('',#14821);
#4190=VERTEX_POINT('',#14823);
#4191=VERTEX_POINT('',#14825);
#4192=VERTEX_POINT('',#14827);
#4193=VERTEX_POINT('',#14830);
#4194=VERTEX_POINT('',#14833);
#4195=VERTEX_POINT('',#14837);
#4196=VERTEX_POINT('',#14839);
#4197=VERTEX_POINT('',#14841);
#4198=VERTEX_POINT('',#14843);
#4199=VERTEX_POINT('',#14845);
#4200=VERTEX_POINT('',#14847);
#4201=VERTEX_POINT('',#14849);
#4202=VERTEX_POINT('',#14851);
#4203=VERTEX_POINT('',#14853);
#4204=VERTEX_POINT('',#14855);
#4205=VERTEX_POINT('',#14859);
#4206=VERTEX_POINT('',#14862);
#4207=VERTEX_POINT('',#14865);
#4208=VERTEX_POINT('',#14869);
#4209=VERTEX_POINT('',#14873);
#4210=VERTEX_POINT('',#14913);
#4211=VERTEX_POINT('',#14914);
#4212=VERTEX_POINT('',#14917);
#4213=VERTEX_POINT('',#14920);
#4214=VERTEX_POINT('',#14923);
#4215=VERTEX_POINT('',#14925);
#4216=VERTEX_POINT('',#14927);
#4217=VERTEX_POINT('',#14930);
#4218=VERTEX_POINT('',#14933);
#4219=VERTEX_POINT('',#14935);
#4220=VERTEX_POINT('',#14937);
#4221=VERTEX_POINT('',#14940);
#4222=VERTEX_POINT('',#14943);
#4223=VERTEX_POINT('',#14945);
#4224=VERTEX_POINT('',#14947);
#4225=VERTEX_POINT('',#14950);
#4226=VERTEX_POINT('',#14953);
#4227=VERTEX_POINT('',#14954);
#4228=VERTEX_POINT('',#14957);
#4229=VERTEX_POINT('',#14960);
#4230=VERTEX_POINT('',#14963);
#4231=VERTEX_POINT('',#14964);
#4232=VERTEX_POINT('',#14967);
#4233=VERTEX_POINT('',#14970);
#4234=VERTEX_POINT('',#14973);
#4235=VERTEX_POINT('',#14974);
#4236=VERTEX_POINT('',#14997);
#4237=VERTEX_POINT('',#14998);
#4238=VERTEX_POINT('',#15021);
#4239=VERTEX_POINT('',#15022);
#4240=VERTEX_POINT('',#15045);
#4241=VERTEX_POINT('',#15046);
#4242=VERTEX_POINT('',#15069);
#4243=VERTEX_POINT('',#15070);
#4244=VERTEX_POINT('',#15093);
#4245=VERTEX_POINT('',#15094);
#4246=VERTEX_POINT('',#15138);
#4247=VERTEX_POINT('',#15142);
#4248=VERTEX_POINT('',#15143);
#4249=VERTEX_POINT('',#15148);
#4250=VERTEX_POINT('',#15149);
#4251=VERTEX_POINT('',#15154);
#4252=VERTEX_POINT('',#15155);
#4253=VERTEX_POINT('',#15157);
#4254=VERTEX_POINT('',#15159);
#4255=VERTEX_POINT('',#15161);
#4256=VERTEX_POINT('',#15163);
#4257=VERTEX_POINT('',#15167);
#4258=VERTEX_POINT('',#15168);
#4259=VERTEX_POINT('',#15170);
#4260=VERTEX_POINT('',#15172);
#4261=VERTEX_POINT('',#15174);
#4262=VERTEX_POINT('',#15176);
#4263=VERTEX_POINT('',#15180);
#4264=VERTEX_POINT('',#15184);
#4265=VERTEX_POINT('',#15185);
#4266=VERTEX_POINT('',#15187);
#4267=VERTEX_POINT('',#15189);
#4268=VERTEX_POINT('',#15194);
#4269=VERTEX_POINT('',#15195);
#4270=VERTEX_POINT('',#15200);
#4271=VERTEX_POINT('',#15201);
#4272=VERTEX_POINT('',#15206);
#4273=VERTEX_POINT('',#15207);
#4274=VERTEX_POINT('',#15212);
#4275=VERTEX_POINT('',#15213);
#4276=VERTEX_POINT('',#15218);
#4277=VERTEX_POINT('',#15219);
#4278=VERTEX_POINT('',#15224);
#4279=VERTEX_POINT('',#15225);
#4280=VERTEX_POINT('',#15230);
#4281=VERTEX_POINT('',#15234);
#4282=VERTEX_POINT('',#15238);
#4283=VERTEX_POINT('',#15242);
#4284=VERTEX_POINT('',#15246);
#4285=VERTEX_POINT('',#15250);
#4286=VERTEX_POINT('',#15254);
#4287=VERTEX_POINT('',#15257);
#4288=VERTEX_POINT('',#15261);
#4289=VERTEX_POINT('',#15265);
#4290=VERTEX_POINT('',#15267);
#4291=VERTEX_POINT('',#15271);
#4292=VERTEX_POINT('',#15275);
#4293=VERTEX_POINT('',#15279);
#4294=VERTEX_POINT('',#15283);
#4295=VERTEX_POINT('',#15289);
#4296=VERTEX_POINT('',#15291);
#4297=VERTEX_POINT('',#15295);
#4298=VERTEX_POINT('',#15299);
#4299=VERTEX_POINT('',#15303);
#4300=VERTEX_POINT('',#15307);
#4301=VERTEX_POINT('',#15313);
#4302=VERTEX_POINT('',#15315);
#4303=VERTEX_POINT('',#15317);
#4304=VERTEX_POINT('',#15319);
#4305=VERTEX_POINT('',#15326);
#4306=VERTEX_POINT('',#15328);
#4307=VERTEX_POINT('',#15330);
#4308=VERTEX_POINT('',#15332);
#4309=VERTEX_POINT('',#15339);
#4310=VERTEX_POINT('',#15341);
#4311=VERTEX_POINT('',#15343);
#4312=VERTEX_POINT('',#15345);
#4313=VERTEX_POINT('',#15352);
#4314=VERTEX_POINT('',#15354);
#4315=VERTEX_POINT('',#15356);
#4316=VERTEX_POINT('',#15358);
#4317=VERTEX_POINT('',#15365);
#4318=VERTEX_POINT('',#15367);
#4319=VERTEX_POINT('',#15369);
#4320=VERTEX_POINT('',#15371);
#4321=VERTEX_POINT('',#15378);
#4322=VERTEX_POINT('',#15380);
#4323=VERTEX_POINT('',#15382);
#4324=VERTEX_POINT('',#15384);
#4325=VERTEX_POINT('',#15391);
#4326=VERTEX_POINT('',#15395);
#4327=VERTEX_POINT('',#15397);
#4328=VERTEX_POINT('',#15401);
#4329=VERTEX_POINT('',#15403);
#4330=VERTEX_POINT('',#15407);
#4331=VERTEX_POINT('',#15411);
#4332=VERTEX_POINT('',#15415);
#4333=VERTEX_POINT('',#15419);
#4334=VERTEX_POINT('',#15423);
#4335=VERTEX_POINT('',#15427);
#4336=VERTEX_POINT('',#15431);
#4337=VERTEX_POINT('',#15436);
#4338=VERTEX_POINT('',#15441);
#4339=VERTEX_POINT('',#15446);
#4340=VERTEX_POINT('',#15451);
#4341=VERTEX_POINT('',#15456);
#4342=VERTEX_POINT('',#15461);
#4343=VERTEX_POINT('',#15469);
#4344=VERTEX_POINT('',#15471);
#4345=VERTEX_POINT('',#15476);
#4346=VERTEX_POINT('',#15479);
#4347=VERTEX_POINT('',#15483);
#4348=VERTEX_POINT('',#15486);
#4349=VERTEX_POINT('',#15489);
#4350=VERTEX_POINT('',#15493);
#4351=VERTEX_POINT('',#15497);
#4352=VERTEX_POINT('',#15501);
#4353=VERTEX_POINT('',#15505);
#4354=VERTEX_POINT('',#15508);
#4355=VERTEX_POINT('',#15511);
#4356=VERTEX_POINT('',#15514);
#4357=VERTEX_POINT('',#15515);
#4358=VERTEX_POINT('',#15520);
#4359=VERTEX_POINT('',#15521);
#4360=VERTEX_POINT('',#15526);
#4361=VERTEX_POINT('',#15527);
#4362=VERTEX_POINT('',#15532);
#4363=VERTEX_POINT('',#15533);
#4364=VERTEX_POINT('',#15538);
#4365=VERTEX_POINT('',#15539);
#4366=VERTEX_POINT('',#15544);
#4367=VERTEX_POINT('',#15545);
#4368=VERTEX_POINT('',#15550);
#4369=VERTEX_POINT('',#15554);
#4370=VERTEX_POINT('',#15558);
#4371=VERTEX_POINT('',#15562);
#4372=VERTEX_POINT('',#15566);
#4373=VERTEX_POINT('',#15570);
#4374=VERTEX_POINT('',#15574);
#4375=VERTEX_POINT('',#15578);
#4376=VERTEX_POINT('',#15582);
#4377=VERTEX_POINT('',#15585);
#4378=VERTEX_POINT('',#15589);
#4379=VERTEX_POINT('',#15593);
#4380=VERTEX_POINT('',#15597);
#4381=VERTEX_POINT('',#15601);
#4382=VERTEX_POINT('',#15605);
#4383=VERTEX_POINT('',#15609);
#4384=VERTEX_POINT('',#15613);
#4385=VERTEX_POINT('',#15617);
#4386=VERTEX_POINT('',#15621);
#4387=VERTEX_POINT('',#15625);
#4388=VERTEX_POINT('',#15629);
#4389=VERTEX_POINT('',#15633);
#4390=VERTEX_POINT('',#15638);
#4391=VERTEX_POINT('',#15641);
#4392=VERTEX_POINT('',#15644);
#4393=VERTEX_POINT('',#15647);
#4394=VERTEX_POINT('',#15650);
#4395=VERTEX_POINT('',#15653);
#4396=VERTEX_POINT('',#15656);
#4397=VERTEX_POINT('',#15661);
#4398=VERTEX_POINT('',#15664);
#4399=VERTEX_POINT('',#15667);
#4400=VERTEX_POINT('',#15670);
#4401=VERTEX_POINT('',#15673);
#4402=VERTEX_POINT('',#15676);
#4403=VERTEX_POINT('',#15679);
#4404=VERTEX_POINT('',#15680);
#4405=VERTEX_POINT('',#15682);
#4406=VERTEX_POINT('',#15684);
#4407=VERTEX_POINT('',#15686);
#4408=VERTEX_POINT('',#15688);
#4409=VERTEX_POINT('',#15692);
#4410=VERTEX_POINT('',#15693);
#4411=VERTEX_POINT('',#15695);
#4412=VERTEX_POINT('',#15697);
#4413=VERTEX_POINT('',#15699);
#4414=VERTEX_POINT('',#15701);
#4415=VERTEX_POINT('',#15705);
#4416=VERTEX_POINT('',#15706);
#4417=VERTEX_POINT('',#15708);
#4418=VERTEX_POINT('',#15710);
#4419=VERTEX_POINT('',#15712);
#4420=VERTEX_POINT('',#15714);
#4421=VERTEX_POINT('',#15718);
#4422=VERTEX_POINT('',#15719);
#4423=VERTEX_POINT('',#15721);
#4424=VERTEX_POINT('',#15723);
#4425=VERTEX_POINT('',#15725);
#4426=VERTEX_POINT('',#15727);
#4427=VERTEX_POINT('',#15731);
#4428=VERTEX_POINT('',#15732);
#4429=VERTEX_POINT('',#15734);
#4430=VERTEX_POINT('',#15736);
#4431=VERTEX_POINT('',#15738);
#4432=VERTEX_POINT('',#15740);
#4433=VERTEX_POINT('',#15744);
#4434=VERTEX_POINT('',#15745);
#4435=VERTEX_POINT('',#15747);
#4436=VERTEX_POINT('',#15749);
#4437=VERTEX_POINT('',#15751);
#4438=VERTEX_POINT('',#15753);
#4439=VERTEX_POINT('',#15769);
#4440=VERTEX_POINT('',#15771);
#4441=VERTEX_POINT('',#15775);
#4442=VERTEX_POINT('',#15779);
#4443=VERTEX_POINT('',#15783);
#4444=VERTEX_POINT('',#15787);
#4445=VERTEX_POINT('',#15793);
#4446=VERTEX_POINT('',#15795);
#4447=VERTEX_POINT('',#15799);
#4448=VERTEX_POINT('',#15803);
#4449=VERTEX_POINT('',#15807);
#4450=VERTEX_POINT('',#15811);
#4451=VERTEX_POINT('',#15817);
#4452=VERTEX_POINT('',#15819);
#4453=VERTEX_POINT('',#15823);
#4454=VERTEX_POINT('',#15827);
#4455=VERTEX_POINT('',#15831);
#4456=VERTEX_POINT('',#15835);
#4457=VERTEX_POINT('',#15841);
#4458=VERTEX_POINT('',#15843);
#4459=VERTEX_POINT('',#15847);
#4460=VERTEX_POINT('',#15851);
#4461=VERTEX_POINT('',#15855);
#4462=VERTEX_POINT('',#15859);
#4463=VERTEX_POINT('',#15865);
#4464=VERTEX_POINT('',#15867);
#4465=VERTEX_POINT('',#15871);
#4466=VERTEX_POINT('',#15875);
#4467=VERTEX_POINT('',#15879);
#4468=VERTEX_POINT('',#15883);
#4469=VERTEX_POINT('',#15889);
#4470=VERTEX_POINT('',#15891);
#4471=VERTEX_POINT('',#15895);
#4472=VERTEX_POINT('',#15899);
#4473=VERTEX_POINT('',#15903);
#4474=VERTEX_POINT('',#15907);
#4475=EDGE_CURVE('',#3653,#3653,#3113,.T.);
#4476=EDGE_CURVE('',#3653,#3654,#1719,.T.);
#4477=EDGE_CURVE('',#3654,#3654,#3114,.T.);
#4478=EDGE_CURVE('',#3654,#3655,#1720,.T.);
#4479=EDGE_CURVE('',#3655,#3655,#3115,.T.);
#4480=EDGE_CURVE('',#3656,#3656,#3116,.T.);
#4481=EDGE_CURVE('',#3655,#3657,#1721,.T.);
#4482=EDGE_CURVE('',#3657,#3657,#3117,.T.);
#4483=EDGE_CURVE('',#3658,#3658,#3118,.T.);
#4484=EDGE_CURVE('',#3658,#3656,#1722,.T.);
#4485=EDGE_CURVE('',#3659,#3659,#3119,.T.);
#4486=EDGE_CURVE('',#3660,#3660,#3120,.T.);
#4487=EDGE_CURVE('',#3660,#3658,#1723,.T.);
#4488=EDGE_CURVE('',#3661,#3662,#3121,.T.);
#4489=EDGE_CURVE('',#3662,#3659,#1724,.T.);
#4490=EDGE_CURVE('',#3662,#3661,#3122,.T.);
#4491=EDGE_CURVE('',#3663,#3663,#3123,.T.);
#4492=EDGE_CURVE('',#3661,#3664,#1725,.T.);
#4493=EDGE_CURVE('',#3664,#3665,#3124,.T.);
#4494=EDGE_CURVE('',#3665,#3664,#3125,.T.);
#4495=EDGE_CURVE('',#3665,#3663,#3126,.T.);
#4496=EDGE_CURVE('',#3666,#3666,#3127,.T.);
#4497=EDGE_CURVE('',#3666,#3667,#1726,.T.);
#4498=EDGE_CURVE('',#3667,#3667,#3128,.T.);
#4499=EDGE_CURVE('',#3668,#3668,#3129,.T.);
#4500=EDGE_CURVE('',#3669,#3669,#3130,.T.);
#4501=EDGE_CURVE('',#3670,#3670,#3131,.T.);
#4502=EDGE_CURVE('',#3670,#3668,#1727,.T.);
#4503=EDGE_CURVE('',#3669,#3671,#1728,.T.);
#4504=EDGE_CURVE('',#3672,#3671,#17,.F.);
#4505=EDGE_CURVE('',#3673,#3672,#18,.F.);
#4506=EDGE_CURVE('',#3673,#3674,#1729,.T.);
#4507=EDGE_CURVE('',#3674,#3674,#3132,.T.);
#4508=EDGE_CURVE('',#3675,#3673,#19,.F.);
#4509=EDGE_CURVE('',#3671,#3675,#20,.F.);
#4510=EDGE_CURVE('',#3676,#3677,#21,.F.);
#4511=EDGE_CURVE('',#3677,#3676,#22,.F.);
#4512=EDGE_CURVE('',#3678,#3678,#3133,.T.);
#4513=EDGE_CURVE('',#3677,#3679,#1730,.T.);
#4514=EDGE_CURVE('',#3679,#3679,#3134,.T.);
#4515=EDGE_CURVE('',#3680,#3680,#3135,.T.);
#4516=EDGE_CURVE('',#3675,#3681,#1731,.T.);
#4517=EDGE_CURVE('',#3681,#3681,#3136,.T.);
#4518=EDGE_CURVE('',#3682,#3683,#3137,.T.);
#4519=EDGE_CURVE('',#3683,#3682,#3138,.T.);
#4520=EDGE_CURVE('',#3683,#3678,#1732,.T.);
#4521=EDGE_CURVE('',#3680,#3684,#1733,.T.);
#4522=EDGE_CURVE('',#3684,#3684,#3139,.T.);
#4523=EDGE_CURVE('',#3682,#3685,#1734,.T.);
#4524=EDGE_CURVE('',#3686,#3685,#3140,.T.);
#4525=EDGE_CURVE('',#3685,#3686,#3141,.T.);
#4526=EDGE_CURVE('',#3687,#3687,#3142,.T.);
#4527=EDGE_CURVE('',#3688,#3688,#3143,.T.);
#4528=EDGE_CURVE('',#3688,#3686,#1735,.T.);
#4529=EDGE_CURVE('',#3689,#3690,#3144,.T.);
#4530=EDGE_CURVE('',#3689,#3687,#1736,.T.);
#4531=EDGE_CURVE('',#3690,#3689,#3145,.T.);
#4532=EDGE_CURVE('',#3691,#3691,#3146,.T.);
#4533=EDGE_CURVE('',#3691,#3690,#3147,.T.);
#4534=EDGE_CURVE('',#3692,#3692,#3148,.T.);
#4535=EDGE_CURVE('',#3693,#3693,#3149,.T.);
#4536=EDGE_CURVE('',#3694,#3694,#3150,.T.);
#4537=EDGE_CURVE('',#3694,#3692,#1737,.T.);
#4538=EDGE_CURVE('',#3693,#3695,#1738,.T.);
#4539=EDGE_CURVE('',#3695,#3695,#3151,.T.);
#4540=EDGE_CURVE('',#3696,#3696,#3152,.T.);
#4541=EDGE_CURVE('',#3697,#3697,#3153,.T.);
#4542=EDGE_CURVE('',#3698,#3698,#3154,.T.);
#4543=EDGE_CURVE('',#3698,#3696,#1739,.T.);
#4544=EDGE_CURVE('',#3699,#3699,#3155,.T.);
#4545=EDGE_CURVE('',#3699,#3697,#1740,.T.);
#4546=EDGE_CURVE('',#3700,#3700,#3156,.T.);
#4547=EDGE_CURVE('',#3700,#3701,#1741,.T.);
#4548=EDGE_CURVE('',#3701,#3701,#3157,.T.);
#4549=EDGE_CURVE('',#3702,#3702,#3158,.T.);
#4550=EDGE_CURVE('',#3703,#3703,#3159,.T.);
#4551=EDGE_CURVE('',#3704,#3704,#3160,.T.);
#4552=EDGE_CURVE('',#3705,#3705,#3161,.T.);
#4553=EDGE_CURVE('',#3706,#3706,#3162,.T.);
#4554=EDGE_CURVE('',#3707,#3707,#3163,.T.);
#4555=EDGE_CURVE('',#3708,#3708,#3164,.T.);
#4556=EDGE_CURVE('',#3709,#3709,#3165,.T.);
#4557=EDGE_CURVE('',#3709,#3702,#1742,.T.);
#4558=EDGE_CURVE('',#3710,#3710,#3166,.T.);
#4559=EDGE_CURVE('',#3710,#3703,#1743,.T.);
#4560=EDGE_CURVE('',#3711,#3711,#3167,.T.);
#4561=EDGE_CURVE('',#3711,#3704,#1744,.T.);
#4562=EDGE_CURVE('',#3712,#3712,#3168,.T.);
#4563=EDGE_CURVE('',#3712,#3705,#1745,.T.);
#4564=EDGE_CURVE('',#3713,#3713,#3169,.T.);
#4565=EDGE_CURVE('',#3713,#3706,#1746,.T.);
#4566=EDGE_CURVE('',#3714,#3714,#3170,.T.);
#4567=EDGE_CURVE('',#3714,#3707,#1747,.T.);
#4568=EDGE_CURVE('',#3715,#3715,#3171,.T.);
#4569=EDGE_CURVE('',#3715,#3708,#1748,.T.);
#4570=EDGE_CURVE('',#3716,#3717,#23,.F.);
#4571=EDGE_CURVE('',#3717,#3709,#1749,.T.);
#4572=EDGE_CURVE('',#3717,#3718,#24,.F.);
#4573=EDGE_CURVE('',#3718,#3719,#1750,.T.);
#4574=EDGE_CURVE('',#3720,#3719,#3172,.T.);
#4575=EDGE_CURVE('',#3721,#3720,#1751,.T.);
#4576=EDGE_CURVE('',#3721,#3722,#25,.T.);
#4577=EDGE_CURVE('',#3722,#3723,#1752,.T.);
#4578=EDGE_CURVE('',#3724,#3723,#3173,.T.);
#4579=EDGE_CURVE('',#3716,#3724,#1753,.T.);
#4580=EDGE_CURVE('',#3725,#3725,#3174,.T.);
#4581=EDGE_CURVE('',#3725,#3710,#1754,.T.);
#4582=EDGE_CURVE('',#3726,#3726,#3175,.T.);
#4583=EDGE_CURVE('',#3726,#3711,#1755,.T.);
#4584=EDGE_CURVE('',#3727,#3727,#3176,.T.);
#4585=EDGE_CURVE('',#3727,#3712,#1756,.T.);
#4586=EDGE_CURVE('',#3728,#3728,#3177,.T.);
#4587=EDGE_CURVE('',#3728,#3713,#1757,.T.);
#4588=EDGE_CURVE('',#3729,#3729,#3178,.T.);
#4589=EDGE_CURVE('',#3729,#3714,#1758,.T.);
#4590=EDGE_CURVE('',#3730,#3730,#3179,.T.);
#4591=EDGE_CURVE('',#3730,#3715,#1759,.T.);
#4592=EDGE_CURVE('',#3731,#3732,#3180,.T.);
#4593=EDGE_CURVE('',#3731,#3718,#3181,.T.);
#4594=EDGE_CURVE('',#3732,#3716,#3182,.T.);
#4595=EDGE_CURVE('',#3733,#3734,#1760,.T.);
#4596=EDGE_CURVE('',#3735,#3733,#3183,.T.);
#4597=EDGE_CURVE('',#3736,#3735,#1761,.T.);
#4598=EDGE_CURVE('',#3737,#3736,#1762,.T.);
#4599=EDGE_CURVE('',#3737,#3719,#1763,.T.);
#4600=EDGE_CURVE('',#3731,#3734,#1764,.T.);
#4601=EDGE_CURVE('',#3720,#3738,#1765,.T.);
#4602=EDGE_CURVE('',#3738,#3737,#3184,.T.);
#4603=EDGE_CURVE('',#3739,#3740,#1766,.T.);
#4604=EDGE_CURVE('',#3741,#3740,#1767,.T.);
#4605=EDGE_CURVE('',#3721,#3741,#3185,.T.);
#4606=EDGE_CURVE('',#3742,#3738,#1768,.T.);
#4607=EDGE_CURVE('',#3742,#3743,#1769,.T.);
#4608=EDGE_CURVE('',#3739,#3743,#3186,.T.);
#4609=EDGE_CURVE('',#3744,#3741,#3187,.T.);
#4610=EDGE_CURVE('',#3722,#3744,#3188,.T.);
#4611=EDGE_CURVE('',#3745,#3746,#1770,.T.);
#4612=EDGE_CURVE('',#3745,#3747,#3189,.T.);
#4613=EDGE_CURVE('',#3748,#3747,#1771,.T.);
#4614=EDGE_CURVE('',#3748,#3749,#1772,.T.);
#4615=EDGE_CURVE('',#3749,#3723,#1773,.T.);
#4616=EDGE_CURVE('',#3744,#3746,#1774,.T.);
#4617=EDGE_CURVE('',#3750,#3749,#3190,.T.);
#4618=EDGE_CURVE('',#3724,#3750,#1775,.T.);
#4619=EDGE_CURVE('',#3751,#3752,#1776,.T.);
#4620=EDGE_CURVE('',#3732,#3752,#1777,.T.);
#4621=EDGE_CURVE('',#3750,#3753,#1778,.T.);
#4622=EDGE_CURVE('',#3753,#3754,#1779,.T.);
#4623=EDGE_CURVE('',#3754,#3751,#3191,.T.);
#4624=EDGE_CURVE('',#3734,#3752,#3192,.T.);
#4625=EDGE_CURVE('',#3751,#3733,#1780,.T.);
#4626=EDGE_CURVE('',#3755,#3754,#26,.T.);
#4627=EDGE_CURVE('',#3735,#3755,#27,.T.);
#4628=EDGE_CURVE('',#3747,#3743,#28,.F.);
#4629=EDGE_CURVE('',#3736,#3742,#3193,.T.);
#4630=EDGE_CURVE('',#3755,#3756,#1781,.T.);
#4631=EDGE_CURVE('',#3756,#3756,#3194,.T.);
#4632=EDGE_CURVE('',#3748,#3753,#3195,.T.);
#4633=EDGE_CURVE('',#3757,#3757,#3196,.T.);
#4634=EDGE_CURVE('',#3758,#3758,#3197,.T.);
#4635=EDGE_CURVE('',#3759,#3759,#3198,.T.);
#4636=EDGE_CURVE('',#3746,#3740,#3199,.T.);
#4637=EDGE_CURVE('',#3745,#3739,#1782,.T.);
#4638=EDGE_CURVE('',#3760,#3760,#3200,.T.);
#4639=EDGE_CURVE('',#3761,#3761,#3201,.T.);
#4640=EDGE_CURVE('',#3762,#3762,#3202,.T.);
#4641=EDGE_CURVE('',#3763,#3763,#3203,.T.);
#4642=EDGE_CURVE('',#3764,#3765,#3204,.T.);
#4643=EDGE_CURVE('',#3765,#3757,#1783,.T.);
#4644=EDGE_CURVE('',#3765,#3764,#3205,.T.);
#4645=EDGE_CURVE('',#3766,#3767,#3206,.T.);
#4646=EDGE_CURVE('',#3767,#3758,#1784,.T.);
#4647=EDGE_CURVE('',#3767,#3766,#3207,.T.);
#4648=EDGE_CURVE('',#3768,#3769,#3208,.T.);
#4649=EDGE_CURVE('',#3769,#3759,#1785,.T.);
#4650=EDGE_CURVE('',#3769,#3768,#3209,.T.);
#4651=EDGE_CURVE('',#3770,#3771,#3210,.T.);
#4652=EDGE_CURVE('',#3771,#3760,#1786,.T.);
#4653=EDGE_CURVE('',#3771,#3770,#3211,.T.);
#4654=EDGE_CURVE('',#3772,#3773,#3212,.T.);
#4655=EDGE_CURVE('',#3773,#3761,#1787,.T.);
#4656=EDGE_CURVE('',#3773,#3772,#3213,.T.);
#4657=EDGE_CURVE('',#3774,#3775,#3214,.T.);
#4658=EDGE_CURVE('',#3775,#3762,#1788,.T.);
#4659=EDGE_CURVE('',#3775,#3774,#3215,.T.);
#4660=EDGE_CURVE('',#3763,#3776,#1789,.T.);
#4661=EDGE_CURVE('',#3777,#3776,#3216,.T.);
#4662=EDGE_CURVE('',#3776,#3777,#3217,.T.);
#4663=EDGE_CURVE('',#3764,#3778,#1790,.T.);
#4664=EDGE_CURVE('',#3778,#3778,#3218,.T.);
#4665=EDGE_CURVE('',#3766,#3779,#1791,.T.);
#4666=EDGE_CURVE('',#3779,#3779,#3219,.T.);
#4667=EDGE_CURVE('',#3768,#3780,#1792,.T.);
#4668=EDGE_CURVE('',#3780,#3780,#3220,.T.);
#4669=EDGE_CURVE('',#3770,#3781,#1793,.T.);
#4670=EDGE_CURVE('',#3781,#3781,#3221,.T.);
#4671=EDGE_CURVE('',#3772,#3782,#1794,.T.);
#4672=EDGE_CURVE('',#3782,#3782,#3222,.T.);
#4673=EDGE_CURVE('',#3774,#3783,#1795,.T.);
#4674=EDGE_CURVE('',#3783,#3783,#3223,.T.);
#4675=EDGE_CURVE('',#3784,#3784,#3224,.T.);
#4676=EDGE_CURVE('',#3784,#3777,#1796,.T.);
#4677=EDGE_CURVE('',#3785,#3786,#1797,.T.);
#4678=EDGE_CURVE('',#3785,#3787,#1798,.T.);
#4679=EDGE_CURVE('',#3787,#3788,#1799,.T.);
#4680=EDGE_CURVE('',#3786,#3788,#1800,.T.);
#4681=EDGE_CURVE('',#3789,#3790,#1801,.T.);
#4682=EDGE_CURVE('',#3785,#3789,#1802,.T.);
#4683=EDGE_CURVE('',#3786,#3791,#1803,.T.);
#4684=EDGE_CURVE('',#3791,#3790,#3225,.T.);
#4685=EDGE_CURVE('',#3792,#3785,#3226,.T.);
#4686=EDGE_CURVE('',#3792,#3793,#1804,.T.);
#4687=EDGE_CURVE('',#3793,#3787,#3227,.T.);
#4688=EDGE_CURVE('',#3794,#3795,#1805,.T.);
#4689=EDGE_CURVE('',#3796,#3795,#3228,.T.);
#4690=EDGE_CURVE('',#3788,#3796,#1806,.T.);
#4691=EDGE_CURVE('',#3787,#3794,#1807,.T.);
#4692=EDGE_CURVE('',#3786,#3797,#3229,.T.);
#4693=EDGE_CURVE('',#3788,#3798,#3230,.T.);
#4694=EDGE_CURVE('',#3797,#3798,#1808,.T.);
#4695=EDGE_CURVE('',#3799,#3791,#3231,.T.);
#4696=EDGE_CURVE('',#3797,#3799,#1809,.T.);
#4697=EDGE_CURVE('',#3800,#3801,#1810,.T.);
#4698=EDGE_CURVE('',#3792,#3800,#1811,.T.);
#4699=EDGE_CURVE('',#3789,#3802,#1812,.T.);
#4700=EDGE_CURVE('',#3802,#3801,#3232,.T.);
#4701=EDGE_CURVE('',#3803,#3804,#1813,.T.);
#4702=EDGE_CURVE('',#3805,#3804,#3233,.T.);
#4703=EDGE_CURVE('',#3794,#3805,#1814,.T.);
#4704=EDGE_CURVE('',#3793,#3803,#1815,.T.);
#4705=EDGE_CURVE('',#3806,#3796,#3234,.T.);
#4706=EDGE_CURVE('',#3798,#3806,#1816,.T.);
#4707=EDGE_CURVE('',#3807,#3790,#1817,.T.);
#4708=EDGE_CURVE('',#3808,#3807,#1818,.T.);
#4709=EDGE_CURVE('',#3802,#3808,#1819,.T.);
#4710=EDGE_CURVE('',#3809,#3799,#3235,.T.);
#4711=EDGE_CURVE('',#3810,#3809,#1820,.T.);
#4712=EDGE_CURVE('',#3807,#3810,#3236,.T.);
#4713=EDGE_CURVE('',#3811,#3812,#1821,.T.);
#4714=EDGE_CURVE('',#3811,#3793,#1822,.T.);
#4715=EDGE_CURVE('',#3812,#3792,#1823,.T.);
#4716=EDGE_CURVE('',#3813,#3812,#1824,.T.);
#4717=EDGE_CURVE('',#3800,#3814,#1825,.T.);
#4718=EDGE_CURVE('',#3814,#3815,#3237,.T.);
#4719=EDGE_CURVE('',#3813,#3815,#1826,.T.);
#4720=EDGE_CURVE('',#3816,#3811,#1827,.T.);
#4721=EDGE_CURVE('',#3816,#3817,#1828,.T.);
#4722=EDGE_CURVE('',#3818,#3817,#3238,.T.);
#4723=EDGE_CURVE('',#3803,#3818,#1829,.T.);
#4724=EDGE_CURVE('',#3819,#3805,#1830,.T.);
#4725=EDGE_CURVE('',#3819,#3820,#1831,.T.);
#4726=EDGE_CURVE('',#3795,#3820,#1832,.T.);
#4727=EDGE_CURVE('',#3821,#3806,#3239,.T.);
#4728=EDGE_CURVE('',#3822,#3820,#3240,.T.);
#4729=EDGE_CURVE('',#3821,#3822,#1833,.T.);
#4730=EDGE_CURVE('',#3797,#3823,#1834,.T.);
#4731=EDGE_CURVE('',#3798,#3824,#1835,.T.);
#4732=EDGE_CURVE('',#3823,#3824,#1836,.T.);
#4733=EDGE_CURVE('',#3809,#3825,#1837,.T.);
#4734=EDGE_CURVE('',#3823,#3826,#1838,.T.);
#4735=EDGE_CURVE('',#3826,#3825,#3241,.T.);
#4736=EDGE_CURVE('',#3821,#3827,#1839,.T.);
#4737=EDGE_CURVE('',#3828,#3827,#3242,.T.);
#4738=EDGE_CURVE('',#3824,#3828,#1840,.T.);
#4739=EDGE_CURVE('',#3801,#3829,#1841,.T.);
#4740=EDGE_CURVE('',#3830,#3829,#1842,.T.);
#4741=EDGE_CURVE('',#3830,#3814,#1843,.T.);
#4742=EDGE_CURVE('',#3829,#3808,#3243,.T.);
#4743=EDGE_CURVE('',#3818,#3831,#1844,.T.);
#4744=EDGE_CURVE('',#3831,#3832,#1845,.T.);
#4745=EDGE_CURVE('',#3832,#3804,#1846,.T.);
#4746=EDGE_CURVE('',#3819,#3832,#3244,.T.);
#4747=EDGE_CURVE('',#3833,#3834,#1847,.T.);
#4748=EDGE_CURVE('',#3834,#3835,#3245,.T.);
#4749=EDGE_CURVE('',#3835,#3836,#1848,.T.);
#4750=EDGE_CURVE('',#3836,#3837,#3246,.T.);
#4751=EDGE_CURVE('',#3837,#3838,#1849,.T.);
#4752=EDGE_CURVE('',#3838,#3839,#3247,.T.);
#4753=EDGE_CURVE('',#3839,#3840,#1850,.T.);
#4754=EDGE_CURVE('',#3840,#3830,#3248,.T.);
#4755=EDGE_CURVE('',#3810,#3841,#1851,.T.);
#4756=EDGE_CURVE('',#3841,#3842,#3249,.T.);
#4757=EDGE_CURVE('',#3842,#3843,#1852,.T.);
#4758=EDGE_CURVE('',#3843,#3833,#3250,.T.);
#4759=EDGE_CURVE('',#3841,#3825,#1853,.T.);
#4760=EDGE_CURVE('',#3844,#3845,#1854,.T.);
#4761=EDGE_CURVE('',#3844,#3846,#1855,.T.);
#4762=EDGE_CURVE('',#3846,#3847,#1856,.T.);
#4763=EDGE_CURVE('',#3848,#3847,#1857,.T.);
#4764=EDGE_CURVE('',#3811,#3848,#1858,.T.);
#4765=EDGE_CURVE('',#3849,#3812,#1859,.T.);
#4766=EDGE_CURVE('',#3849,#3845,#1860,.T.);
#4767=EDGE_CURVE('',#3816,#3813,#1861,.T.);
#4768=EDGE_CURVE('',#3850,#3848,#1862,.T.);
#4769=EDGE_CURVE('',#3851,#3850,#1863,.T.);
#4770=EDGE_CURVE('',#3851,#3849,#1864,.T.);
#4771=EDGE_CURVE('',#3840,#3852,#1865,.T.);
#4772=EDGE_CURVE('',#3853,#3852,#3251,.T.);
#4773=EDGE_CURVE('',#3815,#3853,#3252,.T.);
#4774=EDGE_CURVE('',#3854,#3813,#3253,.T.);
#4775=EDGE_CURVE('',#3854,#3853,#1866,.T.);
#4776=EDGE_CURVE('',#3854,#3855,#1867,.T.);
#4777=EDGE_CURVE('',#3855,#3816,#3254,.T.);
#4778=EDGE_CURVE('',#3855,#3856,#1868,.T.);
#4779=EDGE_CURVE('',#3817,#3856,#3255,.T.);
#4780=EDGE_CURVE('',#3856,#3857,#3256,.T.);
#4781=EDGE_CURVE('',#3857,#3858,#1869,.T.);
#4782=EDGE_CURVE('',#3831,#3858,#3257,.T.);
#4783=EDGE_CURVE('',#3859,#3860,#1870,.T.);
#4784=EDGE_CURVE('',#3859,#3861,#3258,.T.);
#4785=EDGE_CURVE('',#3822,#3861,#1871,.T.);
#4786=EDGE_CURVE('',#3862,#3858,#1872,.T.);
#4787=EDGE_CURVE('',#3862,#3863,#3259,.T.);
#4788=EDGE_CURVE('',#3864,#3863,#1873,.T.);
#4789=EDGE_CURVE('',#3864,#3865,#3260,.T.);
#4790=EDGE_CURVE('',#3866,#3865,#1874,.T.);
#4791=EDGE_CURVE('',#3866,#3867,#3261,.T.);
#4792=EDGE_CURVE('',#3868,#3867,#1875,.T.);
#4793=EDGE_CURVE('',#3868,#3860,#3262,.T.);
#4794=EDGE_CURVE('',#3869,#3870,#3263,.T.);
#4795=EDGE_CURVE('',#3871,#3869,#1876,.T.);
#4796=EDGE_CURVE('',#3872,#3871,#3264,.T.);
#4797=EDGE_CURVE('',#3873,#3872,#1877,.T.);
#4798=EDGE_CURVE('',#3874,#3873,#3265,.T.);
#4799=EDGE_CURVE('',#3875,#3874,#1878,.T.);
#4800=EDGE_CURVE('',#3876,#3875,#3266,.T.);
#4801=EDGE_CURVE('',#3870,#3876,#1879,.T.);
#4802=EDGE_CURVE('',#3877,#3877,#3267,.T.);
#4803=EDGE_CURVE('',#3878,#3878,#3268,.T.);
#4804=EDGE_CURVE('',#3879,#3879,#3269,.T.);
#4805=EDGE_CURVE('',#3880,#3880,#3270,.T.);
#4806=EDGE_CURVE('',#3881,#3881,#3271,.T.);
#4807=EDGE_CURVE('',#3882,#3882,#3272,.T.);
#4808=EDGE_CURVE('',#3883,#3883,#3273,.T.);
#4809=EDGE_CURVE('',#3827,#3861,#1880,.T.);
#4810=EDGE_CURVE('',#3823,#3884,#3274,.T.);
#4811=EDGE_CURVE('',#3824,#3885,#3275,.T.);
#4812=EDGE_CURVE('',#3884,#3885,#1881,.T.);
#4813=EDGE_CURVE('',#3886,#3826,#3276,.T.);
#4814=EDGE_CURVE('',#3884,#3886,#1882,.T.);
#4815=EDGE_CURVE('',#3887,#3828,#3277,.T.);
#4816=EDGE_CURVE('',#3885,#3887,#1883,.T.);
#4817=EDGE_CURVE('',#3888,#3886,#3278,.T.);
#4818=EDGE_CURVE('',#3842,#3888,#1884,.T.);
#4819=EDGE_CURVE('',#3889,#3887,#3279,.T.);
#4820=EDGE_CURVE('',#3889,#3859,#1885,.T.);
#4821=EDGE_CURVE('',#3890,#3891,#1886,.T.);
#4822=EDGE_CURVE('',#3834,#3891,#1887,.T.);
#4823=EDGE_CURVE('',#3892,#3833,#1888,.T.);
#4824=EDGE_CURVE('',#3890,#3892,#1889,.T.);
#4825=EDGE_CURVE('',#3893,#3894,#3280,.T.);
#4826=EDGE_CURVE('',#3835,#3893,#1890,.T.);
#4827=EDGE_CURVE('',#3895,#3891,#3281,.T.);
#4828=EDGE_CURVE('',#3894,#3895,#3282,.T.);
#4829=EDGE_CURVE('',#3893,#3896,#1891,.T.);
#4830=EDGE_CURVE('',#3836,#3896,#1892,.T.);
#4831=EDGE_CURVE('',#3897,#3898,#1893,.T.);
#4832=EDGE_CURVE('',#3837,#3897,#1894,.T.);
#4833=EDGE_CURVE('',#3898,#3896,#3283,.T.);
#4834=EDGE_CURVE('',#3899,#3897,#1895,.T.);
#4835=EDGE_CURVE('',#3838,#3899,#1896,.T.);
#4836=EDGE_CURVE('',#3899,#3900,#1897,.T.);
#4837=EDGE_CURVE('',#3901,#3900,#3284,.T.);
#4838=EDGE_CURVE('',#3839,#3901,#1898,.T.);
#4839=EDGE_CURVE('',#3901,#3852,#1899,.T.);
#4840=EDGE_CURVE('',#3902,#3888,#1900,.T.);
#4841=EDGE_CURVE('',#3902,#3903,#1901,.T.);
#4842=EDGE_CURVE('',#3903,#3843,#1902,.T.);
#4843=EDGE_CURVE('',#3892,#3903,#3285,.T.);
#4844=EDGE_CURVE('',#3845,#3904,#1903,.T.);
#4845=EDGE_CURVE('',#3905,#3904,#3286,.T.);
#4846=EDGE_CURVE('',#3905,#3906,#1904,.T.);
#4847=EDGE_CURVE('',#3907,#3906,#1905,.T.);
#4848=EDGE_CURVE('',#3907,#3908,#3287,.T.);
#4849=EDGE_CURVE('',#3909,#3908,#1906,.T.);
#4850=EDGE_CURVE('',#3909,#3844,#3288,.T.);
#4851=EDGE_CURVE('',#3910,#3911,#1907,.T.);
#4852=EDGE_CURVE('',#3912,#3910,#3289,.T.);
#4853=EDGE_CURVE('',#3913,#3912,#1908,.T.);
#4854=EDGE_CURVE('',#3911,#3913,#3290,.T.);
#4855=EDGE_CURVE('',#3914,#3914,#3291,.T.);
#4856=EDGE_CURVE('',#3909,#3915,#1909,.T.);
#4857=EDGE_CURVE('',#3915,#3846,#3292,.T.);
#4858=EDGE_CURVE('',#3915,#3916,#1910,.T.);
#4859=EDGE_CURVE('',#3917,#3916,#3293,.T.);
#4860=EDGE_CURVE('',#3917,#3918,#1911,.T.);
#4861=EDGE_CURVE('',#3919,#3918,#1912,.T.);
#4862=EDGE_CURVE('',#3919,#3920,#3294,.T.);
#4863=EDGE_CURVE('',#3847,#3920,#1913,.T.);
#4864=EDGE_CURVE('',#3921,#3922,#1914,.T.);
#4865=EDGE_CURVE('',#3922,#3923,#3295,.T.);
#4866=EDGE_CURVE('',#3923,#3924,#1915,.T.);
#4867=EDGE_CURVE('',#3924,#3921,#3296,.T.);
#4868=EDGE_CURVE('',#3925,#3925,#3297,.T.);
#4869=EDGE_CURVE('',#3926,#3847,#1916,.T.);
#4870=EDGE_CURVE('',#3927,#3926,#1917,.T.);
#4871=EDGE_CURVE('',#3928,#3927,#3298,.T.);
#4872=EDGE_CURVE('',#3929,#3928,#1918,.T.);
#4873=EDGE_CURVE('',#3930,#3929,#3299,.T.);
#4874=EDGE_CURVE('',#3931,#3930,#1919,.T.);
#4875=EDGE_CURVE('',#3918,#3931,#1920,.T.);
#4876=EDGE_CURVE('',#3918,#3932,#1921,.T.);
#4877=EDGE_CURVE('',#3932,#3933,#1922,.T.);
#4878=EDGE_CURVE('',#3933,#3934,#1923,.T.);
#4879=EDGE_CURVE('',#3934,#3935,#3300,.T.);
#4880=EDGE_CURVE('',#3935,#3936,#1924,.T.);
#4881=EDGE_CURVE('',#3936,#3937,#3301,.T.);
#4882=EDGE_CURVE('',#3937,#3850,#1925,.T.);
#4883=EDGE_CURVE('',#3938,#3845,#1926,.T.);
#4884=EDGE_CURVE('',#3939,#3851,#1927,.T.);
#4885=EDGE_CURVE('',#3940,#3939,#3302,.T.);
#4886=EDGE_CURVE('',#3941,#3940,#1928,.T.);
#4887=EDGE_CURVE('',#3942,#3941,#3303,.T.);
#4888=EDGE_CURVE('',#3943,#3942,#1929,.T.);
#4889=EDGE_CURVE('',#3944,#3943,#1930,.T.);
#4890=EDGE_CURVE('',#3906,#3944,#1931,.T.);
#4891=EDGE_CURVE('',#3906,#3945,#1932,.T.);
#4892=EDGE_CURVE('',#3945,#3946,#1933,.T.);
#4893=EDGE_CURVE('',#3946,#3947,#3304,.T.);
#4894=EDGE_CURVE('',#3947,#3948,#1934,.T.);
#4895=EDGE_CURVE('',#3948,#3949,#3305,.T.);
#4896=EDGE_CURVE('',#3949,#3938,#1935,.T.);
#4897=EDGE_CURVE('',#3950,#3938,#1936,.T.);
#4898=EDGE_CURVE('',#3950,#3951,#1937,.T.);
#4899=EDGE_CURVE('',#3951,#3904,#1938,.T.);
#4900=EDGE_CURVE('',#3920,#3952,#1939,.T.);
#4901=EDGE_CURVE('',#3953,#3952,#1940,.T.);
#4902=EDGE_CURVE('',#3926,#3953,#1941,.T.);
#4903=EDGE_CURVE('',#3939,#3937,#1942,.T.);
#4904=EDGE_CURVE('',#3900,#3954,#1943,.T.);
#4905=EDGE_CURVE('',#3955,#3954,#1944,.T.);
#4906=EDGE_CURVE('',#3955,#3854,#1945,.T.);
#4907=EDGE_CURVE('',#3955,#3956,#1946,.T.);
#4908=EDGE_CURVE('',#3956,#3855,#1947,.T.);
#4909=EDGE_CURVE('',#3957,#3958,#1948,.T.);
#4910=EDGE_CURVE('',#3959,#3957,#29,.T.);
#4911=EDGE_CURVE('',#3960,#3959,#1949,.T.);
#4912=EDGE_CURVE('',#3961,#3960,#30,.T.);
#4913=EDGE_CURVE('',#3962,#3961,#1950,.T.);
#4914=EDGE_CURVE('',#3963,#3962,#31,.T.);
#4915=EDGE_CURVE('',#3964,#3963,#1951,.T.);
#4916=EDGE_CURVE('',#3958,#3964,#32,.T.);
#4917=EDGE_CURVE('',#3965,#3966,#1952,.T.);
#4918=EDGE_CURVE('',#3967,#3965,#3306,.T.);
#4919=EDGE_CURVE('',#3967,#3857,#1953,.T.);
#4920=EDGE_CURVE('',#3956,#3966,#1954,.T.);
#4921=EDGE_CURVE('',#3967,#3862,#1955,.T.);
#4922=EDGE_CURVE('',#3968,#3889,#1956,.T.);
#4923=EDGE_CURVE('',#3860,#3969,#1957,.T.);
#4924=EDGE_CURVE('',#3968,#3969,#1958,.T.);
#4925=EDGE_CURVE('',#3965,#3970,#1959,.T.);
#4926=EDGE_CURVE('',#3970,#3863,#1960,.T.);
#4927=EDGE_CURVE('',#3971,#3970,#1961,.T.);
#4928=EDGE_CURVE('',#3971,#3864,#1962,.T.);
#4929=EDGE_CURVE('',#3972,#3971,#1963,.T.);
#4930=EDGE_CURVE('',#3972,#3973,#3307,.T.);
#4931=EDGE_CURVE('',#3973,#3865,#1964,.T.);
#4932=EDGE_CURVE('',#3974,#3973,#1965,.T.);
#4933=EDGE_CURVE('',#3974,#3866,#1966,.T.);
#4934=EDGE_CURVE('',#3974,#3975,#3308,.T.);
#4935=EDGE_CURVE('',#3975,#3976,#3309,.T.);
#4936=EDGE_CURVE('',#3976,#3977,#3310,.T.);
#4937=EDGE_CURVE('',#3977,#3867,#1967,.T.);
#4938=EDGE_CURVE('',#3978,#3977,#1968,.T.);
#4939=EDGE_CURVE('',#3978,#3979,#1969,.T.);
#4940=EDGE_CURVE('',#3868,#3979,#1970,.T.);
#4941=EDGE_CURVE('',#3979,#3969,#3311,.T.);
#4942=EDGE_CURVE('',#3870,#3980,#1971,.T.);
#4943=EDGE_CURVE('',#3981,#3980,#3312,.T.);
#4944=EDGE_CURVE('',#3869,#3981,#1972,.T.);
#4945=EDGE_CURVE('',#3982,#3981,#1973,.T.);
#4946=EDGE_CURVE('',#3871,#3982,#1974,.T.);
#4947=EDGE_CURVE('',#3983,#3982,#3313,.T.);
#4948=EDGE_CURVE('',#3872,#3983,#1975,.T.);
#4949=EDGE_CURVE('',#3984,#3983,#1976,.T.);
#4950=EDGE_CURVE('',#3873,#3984,#1977,.T.);
#4951=EDGE_CURVE('',#3985,#3984,#3314,.T.);
#4952=EDGE_CURVE('',#3874,#3985,#1978,.T.);
#4953=EDGE_CURVE('',#3986,#3985,#1979,.T.);
#4954=EDGE_CURVE('',#3875,#3986,#1980,.T.);
#4955=EDGE_CURVE('',#3987,#3986,#3315,.T.);
#4956=EDGE_CURVE('',#3876,#3987,#1981,.T.);
#4957=EDGE_CURVE('',#3980,#3987,#1982,.T.);
#4958=EDGE_CURVE('',#3877,#3988,#1983,.T.);
#4959=EDGE_CURVE('',#3988,#3988,#3316,.T.);
#4960=EDGE_CURVE('',#3989,#3990,#3317,.T.);
#4961=EDGE_CURVE('',#3990,#3878,#1984,.T.);
#4962=EDGE_CURVE('',#3990,#3989,#3318,.T.);
#4963=EDGE_CURVE('',#3991,#3992,#3319,.T.);
#4964=EDGE_CURVE('',#3992,#3879,#1985,.T.);
#4965=EDGE_CURVE('',#3992,#3991,#3320,.T.);
#4966=EDGE_CURVE('',#3993,#3994,#3321,.T.);
#4967=EDGE_CURVE('',#3994,#3880,#1986,.T.);
#4968=EDGE_CURVE('',#3994,#3993,#3322,.T.);
#4969=EDGE_CURVE('',#3995,#3996,#3323,.T.);
#4970=EDGE_CURVE('',#3996,#3881,#1987,.T.);
#4971=EDGE_CURVE('',#3996,#3995,#3324,.T.);
#4972=EDGE_CURVE('',#3997,#3998,#3325,.T.);
#4973=EDGE_CURVE('',#3998,#3882,#1988,.T.);
#4974=EDGE_CURVE('',#3998,#3997,#3326,.T.);
#4975=EDGE_CURVE('',#3999,#4000,#3327,.T.);
#4976=EDGE_CURVE('',#4000,#3883,#1989,.T.);
#4977=EDGE_CURVE('',#4000,#3999,#3328,.T.);
#4978=EDGE_CURVE('',#3884,#4001,#1990,.T.);
#4979=EDGE_CURVE('',#3885,#4002,#1991,.T.);
#4980=EDGE_CURVE('',#4001,#4002,#1992,.T.);
#4981=EDGE_CURVE('',#4001,#3902,#1993,.T.);
#4982=EDGE_CURVE('',#4002,#3968,#1994,.T.);
#4983=EDGE_CURVE('',#4003,#4004,#1995,.T.);
#4984=EDGE_CURVE('',#4003,#3895,#1996,.T.);
#4985=EDGE_CURVE('',#4005,#3890,#1997,.T.);
#4986=EDGE_CURVE('',#4005,#4004,#1998,.T.);
#4987=EDGE_CURVE('',#4001,#4005,#3329,.T.);
#4988=EDGE_CURVE('',#3898,#4006,#1999,.T.);
#4989=EDGE_CURVE('',#4007,#3894,#2000,.T.);
#4990=EDGE_CURVE('',#4007,#4008,#2001,.T.);
#4991=EDGE_CURVE('',#4008,#4006,#2002,.T.);
#4992=EDGE_CURVE('',#4003,#4007,#3330,.T.);
#4993=EDGE_CURVE('',#4009,#4006,#2003,.T.);
#4994=EDGE_CURVE('',#3897,#4009,#2004,.T.);
#4995=EDGE_CURVE('',#4009,#4010,#2005,.T.);
#4996=EDGE_CURVE('',#4011,#4010,#2006,.T.);
#4997=EDGE_CURVE('',#4012,#4011,#2007,.T.);
#4998=EDGE_CURVE('',#4012,#3899,#2008,.T.);
#4999=EDGE_CURVE('',#3954,#4012,#2009,.T.);
#5000=EDGE_CURVE('',#4013,#3951,#3331,.T.);
#5001=EDGE_CURVE('',#4013,#3905,#2010,.T.);
#5002=EDGE_CURVE('',#4013,#4014,#2011,.T.);
#5003=EDGE_CURVE('',#4014,#3945,#2012,.T.);
#5004=EDGE_CURVE('',#3944,#4004,#2013,.T.);
#5005=EDGE_CURVE('',#4015,#4004,#2014,.T.);
#5006=EDGE_CURVE('',#4015,#3932,#2015,.T.);
#5007=EDGE_CURVE('',#3907,#3917,#2016,.T.);
#5008=EDGE_CURVE('',#3908,#3916,#2017,.T.);
#5009=EDGE_CURVE('',#4016,#4016,#3332,.T.);
#5010=EDGE_CURVE('',#4017,#4017,#3333,.T.);
#5011=EDGE_CURVE('',#4018,#4018,#3334,.T.);
#5012=EDGE_CURVE('',#4019,#4019,#3335,.T.);
#5013=EDGE_CURVE('',#4020,#4020,#3336,.T.);
#5014=EDGE_CURVE('',#4021,#4021,#3337,.T.);
#5015=EDGE_CURVE('',#4022,#4022,#3338,.T.);
#5016=EDGE_CURVE('',#4023,#4023,#3339,.T.);
#5017=EDGE_CURVE('',#4024,#4025,#2018,.T.);
#5018=EDGE_CURVE('',#3910,#4024,#2019,.T.);
#5019=EDGE_CURVE('',#3911,#4025,#2020,.T.);
#5020=EDGE_CURVE('',#4026,#4024,#3340,.T.);
#5021=EDGE_CURVE('',#3912,#4026,#2021,.T.);
#5022=EDGE_CURVE('',#4027,#4026,#2022,.T.);
#5023=EDGE_CURVE('',#3913,#4027,#2023,.T.);
#5024=EDGE_CURVE('',#4025,#4027,#3341,.T.);
#5025=EDGE_CURVE('',#4028,#4028,#3342,.T.);
#5026=EDGE_CURVE('',#4028,#3914,#2024,.T.);
#5027=EDGE_CURVE('',#3931,#4029,#2025,.T.);
#5028=EDGE_CURVE('',#4030,#4029,#2026,.T.);
#5029=EDGE_CURVE('',#3919,#4030,#2027,.T.);
#5030=EDGE_CURVE('',#4030,#3952,#3343,.T.);
#5031=EDGE_CURVE('',#4031,#3921,#2028,.T.);
#5032=EDGE_CURVE('',#4031,#4032,#2029,.T.);
#5033=EDGE_CURVE('',#4032,#3922,#2030,.T.);
#5034=EDGE_CURVE('',#4032,#4033,#3344,.T.);
#5035=EDGE_CURVE('',#4033,#3923,#2031,.T.);
#5036=EDGE_CURVE('',#4033,#4034,#2032,.T.);
#5037=EDGE_CURVE('',#4034,#3924,#2033,.T.);
#5038=EDGE_CURVE('',#4034,#4031,#3345,.T.);
#5039=EDGE_CURVE('',#3925,#4035,#2034,.T.);
#5040=EDGE_CURVE('',#4035,#4035,#3346,.T.);
#5041=EDGE_CURVE('',#4036,#3953,#2035,.T.);
#5042=EDGE_CURVE('',#3927,#4036,#2036,.T.);
#5043=EDGE_CURVE('',#4037,#4036,#3347,.T.);
#5044=EDGE_CURVE('',#3928,#4037,#2037,.T.);
#5045=EDGE_CURVE('',#4038,#4037,#2038,.T.);
#5046=EDGE_CURVE('',#3929,#4038,#2039,.T.);
#5047=EDGE_CURVE('',#4039,#4038,#3348,.T.);
#5048=EDGE_CURVE('',#3930,#4039,#2040,.T.);
#5049=EDGE_CURVE('',#4029,#4039,#2041,.T.);
#5050=EDGE_CURVE('',#4040,#4003,#2042,.T.);
#5051=EDGE_CURVE('',#3943,#3933,#2043,.T.);
#5052=EDGE_CURVE('',#4040,#4015,#2044,.T.);
#5053=EDGE_CURVE('',#3942,#3934,#2045,.T.);
#5054=EDGE_CURVE('',#3941,#3935,#2046,.T.);
#5055=EDGE_CURVE('',#3940,#3936,#2047,.T.);
#5056=EDGE_CURVE('',#4041,#4041,#3349,.T.);
#5057=EDGE_CURVE('',#4042,#4042,#3350,.T.);
#5058=EDGE_CURVE('',#4043,#4043,#3351,.T.);
#5059=EDGE_CURVE('',#4044,#4044,#3352,.T.);
#5060=EDGE_CURVE('',#4045,#4045,#3353,.T.);
#5061=EDGE_CURVE('',#4046,#4046,#3354,.T.);
#5062=EDGE_CURVE('',#4047,#4047,#3355,.T.);
#5063=EDGE_CURVE('',#4048,#4048,#3356,.T.);
#5064=EDGE_CURVE('',#4014,#4049,#2048,.T.);
#5065=EDGE_CURVE('',#4049,#3946,#2049,.T.);
#5066=EDGE_CURVE('',#4049,#4050,#3357,.T.);
#5067=EDGE_CURVE('',#4050,#3947,#2050,.T.);
#5068=EDGE_CURVE('',#4050,#4051,#2051,.T.);
#5069=EDGE_CURVE('',#4051,#3948,#2052,.T.);
#5070=EDGE_CURVE('',#4051,#4052,#3358,.T.);
#5071=EDGE_CURVE('',#4052,#3949,#2053,.T.);
#5072=EDGE_CURVE('',#4052,#3950,#2054,.T.);
#5073=EDGE_CURVE('',#4053,#4054,#2055,.T.);
#5074=EDGE_CURVE('',#4055,#4053,#2056,.T.);
#5075=EDGE_CURVE('',#4056,#4055,#2057,.T.);
#5076=EDGE_CURVE('',#4054,#4056,#2058,.T.);
#5077=EDGE_CURVE('',#3966,#3954,#2059,.T.);
#5078=EDGE_CURVE('',#4057,#4011,#2060,.T.);
#5079=EDGE_CURVE('',#4058,#4057,#2061,.T.);
#5080=EDGE_CURVE('',#4058,#3966,#2062,.T.);
#5081=EDGE_CURVE('',#4059,#3958,#33,.T.);
#5082=EDGE_CURVE('',#4060,#4059,#2063,.T.);
#5083=EDGE_CURVE('',#4060,#3957,#34,.T.);
#5084=EDGE_CURVE('',#4061,#4060,#35,.T.);
#5085=EDGE_CURVE('',#4061,#3959,#36,.T.);
#5086=EDGE_CURVE('',#4062,#4061,#2064,.T.);
#5087=EDGE_CURVE('',#4062,#3960,#37,.T.);
#5088=EDGE_CURVE('',#4063,#4062,#38,.T.);
#5089=EDGE_CURVE('',#4063,#3961,#39,.T.);
#5090=EDGE_CURVE('',#4064,#4063,#2065,.T.);
#5091=EDGE_CURVE('',#4064,#3962,#40,.T.);
#5092=EDGE_CURVE('',#4065,#4064,#41,.T.);
#5093=EDGE_CURVE('',#4065,#3963,#42,.T.);
#5094=EDGE_CURVE('',#4066,#4065,#2066,.T.);
#5095=EDGE_CURVE('',#4066,#3964,#43,.T.);
#5096=EDGE_CURVE('',#4059,#4066,#44,.T.);
#5097=EDGE_CURVE('',#3970,#4058,#2067,.T.);
#5098=EDGE_CURVE('',#4067,#3978,#2068,.T.);
#5099=EDGE_CURVE('',#4002,#4067,#3359,.T.);
#5100=EDGE_CURVE('',#4068,#4057,#2069,.T.);
#5101=EDGE_CURVE('',#4069,#4068,#2070,.T.);
#5102=EDGE_CURVE('',#4069,#3971,#2071,.T.);
#5103=EDGE_CURVE('',#3972,#4070,#2072,.T.);
#5104=EDGE_CURVE('',#4070,#4069,#2073,.T.);
#5105=EDGE_CURVE('',#4071,#4070,#2074,.T.);
#5106=EDGE_CURVE('',#4072,#4071,#2075,.T.);
#5107=EDGE_CURVE('',#4072,#3975,#2076,.T.);
#5108=EDGE_CURVE('',#4040,#4072,#3360,.T.);
#5109=EDGE_CURVE('',#4040,#3976,#2077,.T.);
#5110=EDGE_CURVE('',#4067,#4015,#2078,.T.);
#5111=EDGE_CURVE('',#4073,#4074,#3361,.T.);
#5112=EDGE_CURVE('',#4075,#4073,#2079,.T.);
#5113=EDGE_CURVE('',#4076,#4075,#3362,.T.);
#5114=EDGE_CURVE('',#4077,#4076,#2080,.T.);
#5115=EDGE_CURVE('',#4078,#4077,#3363,.T.);
#5116=EDGE_CURVE('',#4079,#4078,#3364,.T.);
#5117=EDGE_CURVE('',#4080,#4079,#3365,.T.);
#5118=EDGE_CURVE('',#4081,#4080,#2081,.T.);
#5119=EDGE_CURVE('',#4082,#4081,#3366,.T.);
#5120=EDGE_CURVE('',#4083,#4082,#2082,.T.);
#5121=EDGE_CURVE('',#4084,#4083,#3367,.T.);
#5122=EDGE_CURVE('',#4085,#4084,#3368,.T.);
#5123=EDGE_CURVE('',#4086,#4085,#3369,.T.);
#5124=EDGE_CURVE('',#4087,#4086,#2083,.T.);
#5125=EDGE_CURVE('',#4088,#4087,#3370,.T.);
#5126=EDGE_CURVE('',#4089,#4088,#2084,.T.);
#5127=EDGE_CURVE('',#4090,#4089,#3371,.T.);
#5128=EDGE_CURVE('',#4074,#4090,#3372,.T.);
#5129=EDGE_CURVE('',#3989,#4091,#2085,.T.);
#5130=EDGE_CURVE('',#4091,#4091,#3373,.T.);
#5131=EDGE_CURVE('',#3991,#4092,#2086,.T.);
#5132=EDGE_CURVE('',#4092,#4092,#3374,.T.);
#5133=EDGE_CURVE('',#3993,#4093,#2087,.T.);
#5134=EDGE_CURVE('',#4093,#4093,#3375,.T.);
#5135=EDGE_CURVE('',#3995,#4094,#2088,.T.);
#5136=EDGE_CURVE('',#4094,#4094,#3376,.T.);
#5137=EDGE_CURVE('',#3997,#4095,#2089,.T.);
#5138=EDGE_CURVE('',#4095,#4095,#3377,.T.);
#5139=EDGE_CURVE('',#3999,#4096,#2090,.T.);
#5140=EDGE_CURVE('',#4096,#4096,#3378,.T.);
#5141=EDGE_CURVE('',#4005,#4067,#2091,.T.);
#5142=EDGE_CURVE('',#4007,#4072,#2092,.T.);
#5143=EDGE_CURVE('',#4008,#4071,#2093,.T.);
#5144=EDGE_CURVE('',#4006,#4070,#2094,.T.);
#5145=EDGE_CURVE('',#4010,#4068,#2095,.T.);
#5146=EDGE_CURVE('',#4097,#4097,#3379,.T.);
#5147=EDGE_CURVE('',#4098,#4098,#3380,.T.);
#5148=EDGE_CURVE('',#4098,#4016,#2096,.T.);
#5149=EDGE_CURVE('',#4099,#4099,#3381,.T.);
#5150=EDGE_CURVE('',#4099,#4017,#2097,.T.);
#5151=EDGE_CURVE('',#4043,#4018,#2098,.T.);
#5152=EDGE_CURVE('',#4044,#4019,#2099,.T.);
#5153=EDGE_CURVE('',#4020,#4045,#2100,.T.);
#5154=EDGE_CURVE('',#4021,#4046,#2101,.T.);
#5155=EDGE_CURVE('',#4022,#4047,#2102,.T.);
#5156=EDGE_CURVE('',#4023,#4048,#2103,.T.);
#5157=EDGE_CURVE('',#4041,#4100,#2104,.T.);
#5158=EDGE_CURVE('',#4100,#4100,#3382,.T.);
#5159=EDGE_CURVE('',#4042,#4101,#2105,.T.);
#5160=EDGE_CURVE('',#4101,#4101,#3383,.T.);
#5161=EDGE_CURVE('',#4102,#4054,#2106,.T.);
#5162=EDGE_CURVE('',#4103,#4102,#2107,.T.);
#5163=EDGE_CURVE('',#4103,#4053,#2108,.T.);
#5164=EDGE_CURVE('',#4104,#4103,#2109,.T.);
#5165=EDGE_CURVE('',#4104,#4055,#2110,.T.);
#5166=EDGE_CURVE('',#4105,#4104,#2111,.T.);
#5167=EDGE_CURVE('',#4105,#4056,#2112,.T.);
#5168=EDGE_CURVE('',#4102,#4105,#2113,.T.);
#5169=EDGE_CURVE('',#4074,#4106,#3384,.T.);
#5170=EDGE_CURVE('',#4106,#4107,#2114,.T.);
#5171=EDGE_CURVE('',#4108,#4107,#3385,.T.);
#5172=EDGE_CURVE('',#4073,#4108,#2115,.T.);
#5173=EDGE_CURVE('',#4109,#4108,#2116,.T.);
#5174=EDGE_CURVE('',#4109,#4075,#2117,.T.);
#5175=EDGE_CURVE('',#4110,#4109,#3386,.T.);
#5176=EDGE_CURVE('',#4110,#4076,#2118,.T.);
#5177=EDGE_CURVE('',#4111,#4110,#2119,.T.);
#5178=EDGE_CURVE('',#4077,#4111,#2120,.T.);
#5179=EDGE_CURVE('',#4112,#4111,#3387,.T.);
#5180=EDGE_CURVE('',#4113,#4112,#2121,.T.);
#5181=EDGE_CURVE('',#4113,#4078,#3388,.T.);
#5182=EDGE_CURVE('',#4114,#4114,#3389,.T.);
#5183=EDGE_CURVE('',#4114,#4115,#2122,.T.);
#5184=EDGE_CURVE('',#4115,#4116,#3390,.T.);
#5185=EDGE_CURVE('',#4116,#4079,#3391,.T.);
#5186=EDGE_CURVE('',#4078,#4117,#3392,.T.);
#5187=EDGE_CURVE('',#4117,#4118,#3393,.T.);
#5188=EDGE_CURVE('',#4118,#4074,#3394,.T.);
#5189=EDGE_CURVE('',#4090,#4119,#3395,.T.);
#5190=EDGE_CURVE('',#4119,#4120,#3396,.T.);
#5191=EDGE_CURVE('',#4120,#4085,#3397,.T.);
#5192=EDGE_CURVE('',#4084,#4121,#3398,.T.);
#5193=EDGE_CURVE('',#4121,#4115,#3399,.T.);
#5194=EDGE_CURVE('',#4079,#4122,#3400,.T.);
#5195=EDGE_CURVE('',#4122,#4123,#2123,.T.);
#5196=EDGE_CURVE('',#4124,#4123,#3401,.T.);
#5197=EDGE_CURVE('',#4080,#4124,#2124,.T.);
#5198=EDGE_CURVE('',#4125,#4124,#2125,.T.);
#5199=EDGE_CURVE('',#4125,#4081,#2126,.T.);
#5200=EDGE_CURVE('',#4126,#4125,#3402,.T.);
#5201=EDGE_CURVE('',#4126,#4082,#2127,.T.);
#5202=EDGE_CURVE('',#4127,#4126,#2128,.T.);
#5203=EDGE_CURVE('',#4083,#4127,#2129,.T.);
#5204=EDGE_CURVE('',#4128,#4127,#3403,.T.);
#5205=EDGE_CURVE('',#4129,#4128,#2130,.T.);
#5206=EDGE_CURVE('',#4129,#4084,#3404,.T.);
#5207=EDGE_CURVE('',#4085,#4130,#3405,.T.);
#5208=EDGE_CURVE('',#4130,#4131,#2131,.T.);
#5209=EDGE_CURVE('',#4132,#4131,#3406,.T.);
#5210=EDGE_CURVE('',#4086,#4132,#2132,.T.);
#5211=EDGE_CURVE('',#4133,#4132,#2133,.T.);
#5212=EDGE_CURVE('',#4133,#4087,#2134,.T.);
#5213=EDGE_CURVE('',#4134,#4133,#3407,.T.);
#5214=EDGE_CURVE('',#4134,#4088,#2135,.T.);
#5215=EDGE_CURVE('',#4135,#4134,#2136,.T.);
#5216=EDGE_CURVE('',#4089,#4135,#2137,.T.);
#5217=EDGE_CURVE('',#4136,#4135,#3408,.T.);
#5218=EDGE_CURVE('',#4137,#4136,#2138,.T.);
#5219=EDGE_CURVE('',#4137,#4090,#3409,.T.);
#5220=EDGE_CURVE('',#4106,#4118,#2139,.T.);
#5221=EDGE_CURVE('',#4117,#4113,#2140,.T.);
#5222=EDGE_CURVE('',#4122,#4116,#2141,.T.);
#5223=EDGE_CURVE('',#4121,#4129,#2142,.T.);
#5224=EDGE_CURVE('',#4130,#4120,#2143,.T.);
#5225=EDGE_CURVE('',#4119,#4137,#2144,.T.);
#5226=EDGE_CURVE('',#4138,#4138,#3410,.T.);
#5227=EDGE_CURVE('',#4139,#4139,#3411,.T.);
#5228=EDGE_CURVE('',#4140,#4140,#3412,.T.);
#5229=EDGE_CURVE('',#4141,#4141,#3413,.T.);
#5230=EDGE_CURVE('',#4142,#4142,#3414,.T.);
#5231=EDGE_CURVE('',#4143,#4143,#3415,.T.);
#5232=EDGE_CURVE('',#4097,#4144,#2145,.T.);
#5233=EDGE_CURVE('',#4144,#4144,#3416,.T.);
#5234=EDGE_CURVE('',#4145,#4145,#3417,.T.);
#5235=EDGE_CURVE('',#4146,#4146,#3418,.T.);
#5236=EDGE_CURVE('',#4147,#4147,#3419,.T.);
#5237=EDGE_CURVE('',#4148,#4148,#3420,.T.);
#5238=EDGE_CURVE('',#4118,#4117,#2146,.T.);
#5239=EDGE_CURVE('',#4107,#4112,#2147,.T.);
#5240=EDGE_CURVE('',#4149,#4149,#3421,.T.);
#5241=EDGE_CURVE('',#4150,#4150,#3422,.T.);
#5242=EDGE_CURVE('',#4120,#4119,#2148,.T.);
#5243=EDGE_CURVE('',#4116,#4121,#2149,.T.);
#5244=EDGE_CURVE('',#4151,#4151,#3423,.T.);
#5245=EDGE_CURVE('',#4151,#4114,#2150,.T.);
#5246=EDGE_CURVE('',#4131,#4136,#2151,.T.);
#5247=EDGE_CURVE('',#4123,#4128,#2152,.T.);
#5248=EDGE_CURVE('',#4152,#4152,#3424,.T.);
#5249=EDGE_CURVE('',#4153,#4153,#3425,.T.);
#5250=EDGE_CURVE('',#4154,#4154,#3426,.T.);
#5251=EDGE_CURVE('',#4155,#4155,#3427,.T.);
#5252=EDGE_CURVE('',#4149,#4138,#2153,.T.);
#5253=EDGE_CURVE('',#4153,#4139,#2154,.T.);
#5254=EDGE_CURVE('',#4152,#4140,#2155,.T.);
#5255=EDGE_CURVE('',#4155,#4141,#2156,.T.);
#5256=EDGE_CURVE('',#4154,#4142,#2157,.T.);
#5257=EDGE_CURVE('',#4150,#4143,#2158,.T.);
#5258=EDGE_CURVE('',#4156,#4157,#2159,.T.);
#5259=EDGE_CURVE('',#4158,#4156,#2160,.T.);
#5260=EDGE_CURVE('',#4158,#4159,#2161,.T.);
#5261=EDGE_CURVE('',#4159,#4157,#2162,.T.);
#5262=EDGE_CURVE('',#4145,#4160,#2163,.T.);
#5263=EDGE_CURVE('',#4160,#4160,#3428,.T.);
#5264=EDGE_CURVE('',#4146,#4161,#2164,.T.);
#5265=EDGE_CURVE('',#4161,#4161,#3429,.T.);
#5266=EDGE_CURVE('',#4162,#4163,#3430,.T.);
#5267=EDGE_CURVE('',#4163,#4162,#3431,.T.);
#5268=EDGE_CURVE('',#4163,#4147,#2165,.T.);
#5269=EDGE_CURVE('',#4164,#4165,#3432,.T.);
#5270=EDGE_CURVE('',#4165,#4164,#3433,.T.);
#5271=EDGE_CURVE('',#4165,#4148,#2166,.T.);
#5272=EDGE_CURVE('',#4151,#4166,#2167,.T.);
#5273=EDGE_CURVE('',#4166,#4167,#3434,.T.);
#5274=EDGE_CURVE('',#4168,#4167,#3435,.T.);
#5275=EDGE_CURVE('',#4168,#4169,#3436,.T.);
#5276=EDGE_CURVE('',#4170,#4169,#3437,.T.);
#5277=EDGE_CURVE('',#4170,#4171,#3438,.T.);
#5278=EDGE_CURVE('',#4172,#4171,#3439,.T.);
#5279=EDGE_CURVE('',#4172,#4173,#3440,.T.);
#5280=EDGE_CURVE('',#4174,#4173,#3441,.T.);
#5281=EDGE_CURVE('',#4174,#4175,#3442,.T.);
#5282=EDGE_CURVE('',#4175,#4176,#3443,.T.);
#5283=EDGE_CURVE('',#4177,#4176,#3444,.T.);
#5284=EDGE_CURVE('',#4177,#4178,#3445,.T.);
#5285=EDGE_CURVE('',#4179,#4178,#3446,.T.);
#5286=EDGE_CURVE('',#4179,#4166,#3447,.T.);
#5287=EDGE_CURVE('',#4157,#4180,#2168,.T.);
#5288=EDGE_CURVE('',#4180,#4181,#2169,.T.);
#5289=EDGE_CURVE('',#4156,#4181,#2170,.T.);
#5290=EDGE_CURVE('',#4182,#4158,#2171,.T.);
#5291=EDGE_CURVE('',#4181,#4183,#3448,.T.);
#5292=EDGE_CURVE('',#4183,#4184,#2172,.T.);
#5293=EDGE_CURVE('',#4185,#4184,#3449,.T.);
#5294=EDGE_CURVE('',#4185,#4186,#2173,.T.);
#5295=EDGE_CURVE('',#4186,#4187,#3450,.T.);
#5296=EDGE_CURVE('',#4187,#4188,#2174,.T.);
#5297=EDGE_CURVE('',#4188,#4189,#3451,.T.);
#5298=EDGE_CURVE('',#4189,#4190,#2175,.T.);
#5299=EDGE_CURVE('',#4191,#4190,#3452,.T.);
#5300=EDGE_CURVE('',#4191,#4192,#2176,.T.);
#5301=EDGE_CURVE('',#4192,#4182,#3453,.T.);
#5302=EDGE_CURVE('',#4193,#4193,#3454,.T.);
#5303=EDGE_CURVE('',#4194,#4182,#2177,.T.);
#5304=EDGE_CURVE('',#4194,#4159,#2178,.T.);
#5305=EDGE_CURVE('',#4195,#4194,#3455,.T.);
#5306=EDGE_CURVE('',#4196,#4195,#2179,.T.);
#5307=EDGE_CURVE('',#4196,#4197,#3456,.T.);
#5308=EDGE_CURVE('',#4198,#4197,#2180,.T.);
#5309=EDGE_CURVE('',#4199,#4198,#3457,.T.);
#5310=EDGE_CURVE('',#4200,#4199,#2181,.T.);
#5311=EDGE_CURVE('',#4201,#4200,#3458,.T.);
#5312=EDGE_CURVE('',#4202,#4201,#2182,.T.);
#5313=EDGE_CURVE('',#4202,#4203,#3459,.T.);
#5314=EDGE_CURVE('',#4204,#4203,#2183,.T.);
#5315=EDGE_CURVE('',#4180,#4204,#3460,.T.);
#5316=EDGE_CURVE('',#4205,#4205,#3461,.T.);
#5317=EDGE_CURVE('',#4206,#4206,#3462,.T.);
#5318=EDGE_CURVE('',#4162,#4207,#2184,.T.);
#5319=EDGE_CURVE('',#4207,#4207,#3463,.T.);
#5320=EDGE_CURVE('',#4164,#4208,#2185,.T.);
#5321=EDGE_CURVE('',#4208,#4208,#3464,.T.);
#5322=EDGE_CURVE('',#4209,#4209,#3465,.T.);
#5323=EDGE_CURVE('',#4209,#4175,#2186,.T.);
#5324=EDGE_CURVE('',#4174,#4173,#45,.T.);
#5325=EDGE_CURVE('',#4172,#4171,#46,.T.);
#5326=EDGE_CURVE('',#4170,#4169,#47,.T.);
#5327=EDGE_CURVE('',#4168,#4167,#48,.T.);
#5328=EDGE_CURVE('',#4179,#4178,#49,.T.);
#5329=EDGE_CURVE('',#4177,#4176,#50,.T.);
#5330=EDGE_CURVE('',#4210,#4211,#3466,.T.);
#5331=EDGE_CURVE('',#4211,#4168,#3467,.T.);
#5332=EDGE_CURVE('',#4167,#4212,#3468,.T.);
#5333=EDGE_CURVE('',#4210,#4212,#3469,.T.);
#5334=EDGE_CURVE('',#4213,#4213,#3470,.T.);
#5335=EDGE_CURVE('',#4169,#4214,#3471,.T.);
#5336=EDGE_CURVE('',#4214,#4215,#3472,.T.);
#5337=EDGE_CURVE('',#4216,#4215,#3473,.T.);
#5338=EDGE_CURVE('',#4216,#4170,#3474,.T.);
#5339=EDGE_CURVE('',#4217,#4217,#3475,.T.);
#5340=EDGE_CURVE('',#4171,#4218,#3476,.T.);
#5341=EDGE_CURVE('',#4218,#4219,#3477,.T.);
#5342=EDGE_CURVE('',#4220,#4219,#3478,.T.);
#5343=EDGE_CURVE('',#4220,#4172,#3479,.T.);
#5344=EDGE_CURVE('',#4221,#4221,#3480,.T.);
#5345=EDGE_CURVE('',#4173,#4222,#3481,.T.);
#5346=EDGE_CURVE('',#4222,#4223,#3482,.T.);
#5347=EDGE_CURVE('',#4224,#4223,#3483,.T.);
#5348=EDGE_CURVE('',#4224,#4174,#3484,.T.);
#5349=EDGE_CURVE('',#4225,#4225,#3485,.T.);
#5350=EDGE_CURVE('',#4226,#4227,#3486,.T.);
#5351=EDGE_CURVE('',#4227,#4177,#3487,.T.);
#5352=EDGE_CURVE('',#4176,#4228,#3488,.T.);
#5353=EDGE_CURVE('',#4226,#4228,#3489,.T.);
#5354=EDGE_CURVE('',#4229,#4229,#3490,.T.);
#5355=EDGE_CURVE('',#4230,#4231,#3491,.T.);
#5356=EDGE_CURVE('',#4231,#4179,#3492,.T.);
#5357=EDGE_CURVE('',#4178,#4232,#3493,.T.);
#5358=EDGE_CURVE('',#4230,#4232,#3494,.T.);
#5359=EDGE_CURVE('',#4233,#4233,#3495,.T.);
#5360=EDGE_CURVE('',#4234,#4235,#3496,.T.);
#5361=EDGE_CURVE('',#4235,#4231,#2187,.T.);
#5362=EDGE_CURVE('',#4232,#4230,#51,.T.);
#5363=EDGE_CURVE('',#4235,#4234,#3497,.T.);
#5364=EDGE_CURVE('',#4236,#4237,#3498,.T.);
#5365=EDGE_CURVE('',#4237,#4211,#2188,.T.);
#5366=EDGE_CURVE('',#4212,#4210,#52,.T.);
#5367=EDGE_CURVE('',#4237,#4236,#3499,.T.);
#5368=EDGE_CURVE('',#4238,#4239,#3500,.T.);
#5369=EDGE_CURVE('',#4239,#4214,#2189,.T.);
#5370=EDGE_CURVE('',#4215,#4216,#53,.T.);
#5371=EDGE_CURVE('',#4239,#4238,#3501,.T.);
#5372=EDGE_CURVE('',#4240,#4241,#3502,.T.);
#5373=EDGE_CURVE('',#4241,#4218,#2190,.T.);
#5374=EDGE_CURVE('',#4219,#4220,#54,.T.);
#5375=EDGE_CURVE('',#4241,#4240,#3503,.T.);
#5376=EDGE_CURVE('',#4242,#4243,#3504,.T.);
#5377=EDGE_CURVE('',#4243,#4222,#2191,.T.);
#5378=EDGE_CURVE('',#4223,#4224,#55,.T.);
#5379=EDGE_CURVE('',#4243,#4242,#3505,.T.);
#5380=EDGE_CURVE('',#4244,#4245,#3506,.T.);
#5381=EDGE_CURVE('',#4245,#4227,#2192,.T.);
#5382=EDGE_CURVE('',#4228,#4226,#56,.T.);
#5383=EDGE_CURVE('',#4245,#4244,#3507,.T.);
#5384=EDGE_CURVE('',#4204,#4183,#2193,.T.);
#5385=EDGE_CURVE('',#4203,#4184,#2194,.T.);
#5386=EDGE_CURVE('',#4202,#4185,#2195,.T.);
#5387=EDGE_CURVE('',#4201,#4186,#2196,.T.);
#5388=EDGE_CURVE('',#4200,#4187,#2197,.T.);
#5389=EDGE_CURVE('',#4199,#4188,#2198,.T.);
#5390=EDGE_CURVE('',#4198,#4189,#2199,.T.);
#5391=EDGE_CURVE('',#4197,#4190,#2200,.T.);
#5392=EDGE_CURVE('',#4196,#4191,#2201,.T.);
#5393=EDGE_CURVE('',#4195,#4192,#2202,.T.);
#5394=EDGE_CURVE('',#4193,#4246,#2203,.T.);
#5395=EDGE_CURVE('',#4246,#4246,#3508,.T.);
#5396=EDGE_CURVE('',#4247,#4248,#3509,.T.);
#5397=EDGE_CURVE('',#4248,#4247,#3510,.T.);
#5398=EDGE_CURVE('',#4248,#4205,#2204,.T.);
#5399=EDGE_CURVE('',#4249,#4250,#3511,.T.);
#5400=EDGE_CURVE('',#4250,#4249,#3512,.T.);
#5401=EDGE_CURVE('',#4250,#4206,#2205,.T.);
#5402=EDGE_CURVE('',#4251,#4252,#2206,.T.);
#5403=EDGE_CURVE('',#4253,#4251,#2207,.T.);
#5404=EDGE_CURVE('',#4254,#4253,#2208,.T.);
#5405=EDGE_CURVE('',#4255,#4254,#2209,.T.);
#5406=EDGE_CURVE('',#4256,#4255,#2210,.T.);
#5407=EDGE_CURVE('',#4252,#4256,#2211,.T.);
#5408=EDGE_CURVE('',#4257,#4258,#2212,.T.);
#5409=EDGE_CURVE('',#4259,#4257,#2213,.T.);
#5410=EDGE_CURVE('',#4260,#4259,#2214,.T.);
#5411=EDGE_CURVE('',#4261,#4260,#2215,.T.);
#5412=EDGE_CURVE('',#4262,#4261,#2216,.T.);
#5413=EDGE_CURVE('',#4258,#4262,#2217,.T.);
#5414=EDGE_CURVE('',#4209,#4263,#2218,.T.);
#5415=EDGE_CURVE('',#4263,#4263,#3513,.T.);
#5416=EDGE_CURVE('',#4264,#4265,#3514,.T.);
#5417=EDGE_CURVE('',#4264,#4266,#2219,.T.);
#5418=EDGE_CURVE('',#4267,#4266,#3515,.T.);
#5419=EDGE_CURVE('',#4266,#4267,#3516,.T.);
#5420=EDGE_CURVE('',#4265,#4264,#3517,.T.);
#5421=EDGE_CURVE('',#4268,#4269,#3518,.T.);
#5422=EDGE_CURVE('',#4269,#4213,#2220,.T.);
#5423=EDGE_CURVE('',#4269,#4268,#3519,.T.);
#5424=EDGE_CURVE('',#4270,#4271,#3520,.T.);
#5425=EDGE_CURVE('',#4271,#4217,#2221,.T.);
#5426=EDGE_CURVE('',#4271,#4270,#3521,.T.);
#5427=EDGE_CURVE('',#4272,#4273,#3522,.T.);
#5428=EDGE_CURVE('',#4273,#4221,#2222,.T.);
#5429=EDGE_CURVE('',#4273,#4272,#3523,.T.);
#5430=EDGE_CURVE('',#4274,#4275,#3524,.T.);
#5431=EDGE_CURVE('',#4275,#4225,#2223,.T.);
#5432=EDGE_CURVE('',#4275,#4274,#3525,.T.);
#5433=EDGE_CURVE('',#4276,#4277,#3526,.T.);
#5434=EDGE_CURVE('',#4277,#4229,#2224,.T.);
#5435=EDGE_CURVE('',#4277,#4276,#3527,.T.);
#5436=EDGE_CURVE('',#4278,#4279,#3528,.T.);
#5437=EDGE_CURVE('',#4279,#4233,#2225,.T.);
#5438=EDGE_CURVE('',#4279,#4278,#3529,.T.);
#5439=EDGE_CURVE('',#4234,#4280,#2226,.T.);
#5440=EDGE_CURVE('',#4280,#4280,#3530,.T.);
#5441=EDGE_CURVE('',#4236,#4281,#2227,.T.);
#5442=EDGE_CURVE('',#4281,#4281,#3531,.T.);
#5443=EDGE_CURVE('',#4238,#4282,#2228,.T.);
#5444=EDGE_CURVE('',#4282,#4282,#3532,.T.);
#5445=EDGE_CURVE('',#4240,#4283,#2229,.T.);
#5446=EDGE_CURVE('',#4283,#4283,#3533,.T.);
#5447=EDGE_CURVE('',#4242,#4284,#2230,.T.);
#5448=EDGE_CURVE('',#4284,#4284,#3534,.T.);
#5449=EDGE_CURVE('',#4244,#4285,#2231,.T.);
#5450=EDGE_CURVE('',#4285,#4285,#3535,.T.);
#5451=EDGE_CURVE('',#4286,#4286,#3536,.T.);
#5452=EDGE_CURVE('',#4247,#4287,#2232,.T.);
#5453=EDGE_CURVE('',#4287,#4287,#3537,.T.);
#5454=EDGE_CURVE('',#4249,#4288,#2233,.T.);
#5455=EDGE_CURVE('',#4288,#4288,#3538,.T.);
#5456=EDGE_CURVE('',#4252,#4289,#2234,.T.);
#5457=EDGE_CURVE('',#4290,#4289,#2235,.T.);
#5458=EDGE_CURVE('',#4251,#4290,#2236,.T.);
#5459=EDGE_CURVE('',#4291,#4290,#2237,.T.);
#5460=EDGE_CURVE('',#4253,#4291,#2238,.T.);
#5461=EDGE_CURVE('',#4292,#4291,#2239,.T.);
#5462=EDGE_CURVE('',#4254,#4292,#2240,.T.);
#5463=EDGE_CURVE('',#4293,#4292,#2241,.T.);
#5464=EDGE_CURVE('',#4255,#4293,#2242,.T.);
#5465=EDGE_CURVE('',#4294,#4293,#2243,.T.);
#5466=EDGE_CURVE('',#4256,#4294,#2244,.T.);
#5467=EDGE_CURVE('',#4289,#4294,#2245,.T.);
#5468=EDGE_CURVE('',#4258,#4295,#2246,.T.);
#5469=EDGE_CURVE('',#4296,#4295,#2247,.T.);
#5470=EDGE_CURVE('',#4257,#4296,#2248,.T.);
#5471=EDGE_CURVE('',#4297,#4296,#2249,.T.);
#5472=EDGE_CURVE('',#4259,#4297,#2250,.T.);
#5473=EDGE_CURVE('',#4298,#4297,#2251,.T.);
#5474=EDGE_CURVE('',#4260,#4298,#2252,.T.);
#5475=EDGE_CURVE('',#4299,#4298,#2253,.T.);
#5476=EDGE_CURVE('',#4261,#4299,#2254,.T.);
#5477=EDGE_CURVE('',#4300,#4299,#2255,.T.);
#5478=EDGE_CURVE('',#4262,#4300,#2256,.T.);
#5479=EDGE_CURVE('',#4295,#4300,#2257,.T.);
#5480=EDGE_CURVE('',#4263,#4301,#2258,.T.);
#5481=EDGE_CURVE('',#4301,#4302,#3539,.T.);
#5482=EDGE_CURVE('',#4302,#4303,#3540,.T.);
#5483=EDGE_CURVE('',#4303,#4304,#57,.T.);
#5484=EDGE_CURVE('',#4304,#4305,#3541,.T.);
#5485=EDGE_CURVE('',#4305,#4306,#3542,.T.);
#5486=EDGE_CURVE('',#4306,#4307,#3543,.T.);
#5487=EDGE_CURVE('',#4307,#4308,#58,.T.);
#5488=EDGE_CURVE('',#4308,#4309,#3544,.T.);
#5489=EDGE_CURVE('',#4309,#4310,#3545,.T.);
#5490=EDGE_CURVE('',#4310,#4311,#3546,.T.);
#5491=EDGE_CURVE('',#4311,#4312,#59,.T.);
#5492=EDGE_CURVE('',#4312,#4313,#3547,.T.);
#5493=EDGE_CURVE('',#4313,#4314,#3548,.T.);
#5494=EDGE_CURVE('',#4314,#4315,#3549,.T.);
#5495=EDGE_CURVE('',#4315,#4316,#60,.T.);
#5496=EDGE_CURVE('',#4316,#4317,#3550,.T.);
#5497=EDGE_CURVE('',#4317,#4318,#3551,.T.);
#5498=EDGE_CURVE('',#4318,#4319,#3552,.T.);
#5499=EDGE_CURVE('',#4319,#4320,#61,.T.);
#5500=EDGE_CURVE('',#4320,#4321,#3553,.T.);
#5501=EDGE_CURVE('',#4321,#4322,#3554,.T.);
#5502=EDGE_CURVE('',#4322,#4323,#3555,.T.);
#5503=EDGE_CURVE('',#4323,#4324,#62,.T.);
#5504=EDGE_CURVE('',#4324,#4325,#3556,.T.);
#5505=EDGE_CURVE('',#4325,#4301,#3557,.T.);
#5506=EDGE_CURVE('',#4267,#4326,#2259,.T.);
#5507=EDGE_CURVE('',#4326,#4327,#3558,.T.);
#5508=EDGE_CURVE('',#4327,#4326,#3559,.T.);
#5509=EDGE_CURVE('',#4265,#4328,#2260,.T.);
#5510=EDGE_CURVE('',#4328,#4329,#3560,.T.);
#5511=EDGE_CURVE('',#4329,#4328,#3561,.T.);
#5512=EDGE_CURVE('',#4268,#4330,#2261,.T.);
#5513=EDGE_CURVE('',#4330,#4330,#3562,.T.);
#5514=EDGE_CURVE('',#4270,#4331,#2262,.T.);
#5515=EDGE_CURVE('',#4331,#4331,#3563,.T.);
#5516=EDGE_CURVE('',#4272,#4332,#2263,.T.);
#5517=EDGE_CURVE('',#4332,#4332,#3564,.T.);
#5518=EDGE_CURVE('',#4274,#4333,#2264,.T.);
#5519=EDGE_CURVE('',#4333,#4333,#3565,.T.);
#5520=EDGE_CURVE('',#4276,#4334,#2265,.T.);
#5521=EDGE_CURVE('',#4334,#4334,#3566,.T.);
#5522=EDGE_CURVE('',#4278,#4335,#2266,.T.);
#5523=EDGE_CURVE('',#4335,#4335,#3567,.T.);
#5524=EDGE_CURVE('',#4280,#4336,#2267,.T.);
#5525=EDGE_CURVE('',#4336,#4308,#3568,.T.);
#5526=EDGE_CURVE('',#4307,#4336,#3569,.T.);
#5527=EDGE_CURVE('',#4281,#4337,#2268,.T.);
#5528=EDGE_CURVE('',#4337,#4312,#3570,.T.);
#5529=EDGE_CURVE('',#4311,#4337,#3571,.T.);
#5530=EDGE_CURVE('',#4282,#4338,#2269,.T.);
#5531=EDGE_CURVE('',#4338,#4316,#3572,.T.);
#5532=EDGE_CURVE('',#4315,#4338,#3573,.T.);
#5533=EDGE_CURVE('',#4283,#4339,#2270,.T.);
#5534=EDGE_CURVE('',#4339,#4320,#3574,.T.);
#5535=EDGE_CURVE('',#4319,#4339,#3575,.T.);
#5536=EDGE_CURVE('',#4284,#4340,#2271,.T.);
#5537=EDGE_CURVE('',#4340,#4324,#3576,.T.);
#5538=EDGE_CURVE('',#4323,#4340,#3577,.T.);
#5539=EDGE_CURVE('',#4285,#4341,#2272,.T.);
#5540=EDGE_CURVE('',#4341,#4304,#3578,.T.);
#5541=EDGE_CURVE('',#4303,#4341,#3579,.T.);
#5542=EDGE_CURVE('',#4286,#4342,#2273,.T.);
#5543=EDGE_CURVE('',#4342,#4342,#3580,.T.);
#5544=EDGE_CURVE('',#4322,#4343,#3581,.T.);
#5545=EDGE_CURVE('',#4344,#4321,#3582,.T.);
#5546=EDGE_CURVE('',#4318,#4344,#3583,.T.);
#5547=EDGE_CURVE('',#4314,#4317,#3584,.T.);
#5548=EDGE_CURVE('',#4310,#4313,#3585,.T.);
#5549=EDGE_CURVE('',#4345,#4309,#3586,.T.);
#5550=EDGE_CURVE('',#4306,#4345,#3587,.T.);
#5551=EDGE_CURVE('',#4346,#4305,#3588,.T.);
#5552=EDGE_CURVE('',#4302,#4346,#3589,.T.);
#5553=EDGE_CURVE('',#4343,#4325,#3590,.T.);
#5554=EDGE_CURVE('',#4347,#4347,#3591,.T.);
#5555=EDGE_CURVE('',#4348,#4314,#3592,.T.);
#5556=EDGE_CURVE('',#4317,#4348,#3593,.T.);
#5557=EDGE_CURVE('',#4349,#4349,#3594,.T.);
#5558=EDGE_CURVE('',#4321,#4318,#3595,.T.);
#5559=EDGE_CURVE('',#4350,#4350,#3596,.T.);
#5560=EDGE_CURVE('',#4322,#4325,#3597,.T.);
#5561=EDGE_CURVE('',#4351,#4351,#3598,.T.);
#5562=EDGE_CURVE('',#4302,#4305,#3599,.T.);
#5563=EDGE_CURVE('',#4352,#4352,#3600,.T.);
#5564=EDGE_CURVE('',#4306,#4309,#3601,.T.);
#5565=EDGE_CURVE('',#4353,#4353,#3602,.T.);
#5566=EDGE_CURVE('',#4354,#4310,#3603,.T.);
#5567=EDGE_CURVE('',#4313,#4354,#3604,.T.);
#5568=EDGE_CURVE('',#4355,#4355,#3605,.T.);
#5569=EDGE_CURVE('',#4356,#4357,#3606,.T.);
#5570=EDGE_CURVE('',#4357,#4356,#3607,.T.);
#5571=EDGE_CURVE('',#4357,#4354,#2274,.T.);
#5572=EDGE_CURVE('',#4358,#4359,#3608,.T.);
#5573=EDGE_CURVE('',#4359,#4358,#3609,.T.);
#5574=EDGE_CURVE('',#4359,#4348,#2275,.T.);
#5575=EDGE_CURVE('',#4360,#4361,#3610,.T.);
#5576=EDGE_CURVE('',#4361,#4360,#3611,.T.);
#5577=EDGE_CURVE('',#4361,#4344,#2276,.T.);
#5578=EDGE_CURVE('',#4362,#4363,#3612,.T.);
#5579=EDGE_CURVE('',#4363,#4362,#3613,.T.);
#5580=EDGE_CURVE('',#4363,#4343,#2277,.T.);
#5581=EDGE_CURVE('',#4364,#4365,#3614,.T.);
#5582=EDGE_CURVE('',#4365,#4364,#3615,.T.);
#5583=EDGE_CURVE('',#4365,#4346,#2278,.T.);
#5584=EDGE_CURVE('',#4366,#4367,#3616,.T.);
#5585=EDGE_CURVE('',#4367,#4366,#3617,.T.);
#5586=EDGE_CURVE('',#4367,#4345,#2279,.T.);
#5587=EDGE_CURVE('',#4368,#4368,#3618,.T.);
#5588=EDGE_CURVE('',#4368,#4327,#2280,.T.);
#5589=EDGE_CURVE('',#4369,#4369,#3619,.T.);
#5590=EDGE_CURVE('',#4369,#4329,#2281,.T.);
#5591=EDGE_CURVE('',#4330,#4370,#2282,.T.);
#5592=EDGE_CURVE('',#4370,#4370,#3620,.T.);
#5593=EDGE_CURVE('',#4331,#4371,#2283,.T.);
#5594=EDGE_CURVE('',#4371,#4371,#3621,.T.);
#5595=EDGE_CURVE('',#4332,#4372,#2284,.T.);
#5596=EDGE_CURVE('',#4372,#4372,#3622,.T.);
#5597=EDGE_CURVE('',#4333,#4373,#2285,.T.);
#5598=EDGE_CURVE('',#4373,#4373,#3623,.T.);
#5599=EDGE_CURVE('',#4334,#4374,#2286,.T.);
#5600=EDGE_CURVE('',#4374,#4374,#3624,.T.);
#5601=EDGE_CURVE('',#4335,#4375,#2287,.T.);
#5602=EDGE_CURVE('',#4375,#4375,#3625,.T.);
#5603=EDGE_CURVE('',#4376,#4376,#3626,.T.);
#5604=EDGE_CURVE('',#4377,#4377,#3627,.T.);
#5605=EDGE_CURVE('',#4377,#4347,#2288,.T.);
#5606=EDGE_CURVE('',#4349,#4378,#2289,.T.);
#5607=EDGE_CURVE('',#4378,#4378,#3628,.T.);
#5608=EDGE_CURVE('',#4350,#4379,#2290,.T.);
#5609=EDGE_CURVE('',#4379,#4379,#3629,.T.);
#5610=EDGE_CURVE('',#4351,#4380,#2291,.T.);
#5611=EDGE_CURVE('',#4380,#4380,#3630,.T.);
#5612=EDGE_CURVE('',#4352,#4381,#2292,.T.);
#5613=EDGE_CURVE('',#4381,#4381,#3631,.T.);
#5614=EDGE_CURVE('',#4353,#4382,#2293,.T.);
#5615=EDGE_CURVE('',#4382,#4382,#3632,.T.);
#5616=EDGE_CURVE('',#4355,#4383,#2294,.T.);
#5617=EDGE_CURVE('',#4383,#4383,#3633,.T.);
#5618=EDGE_CURVE('',#4356,#4384,#2295,.T.);
#5619=EDGE_CURVE('',#4384,#4384,#3634,.T.);
#5620=EDGE_CURVE('',#4358,#4385,#2296,.T.);
#5621=EDGE_CURVE('',#4385,#4385,#3635,.T.);
#5622=EDGE_CURVE('',#4360,#4386,#2297,.T.);
#5623=EDGE_CURVE('',#4386,#4386,#3636,.T.);
#5624=EDGE_CURVE('',#4362,#4387,#2298,.T.);
#5625=EDGE_CURVE('',#4387,#4387,#3637,.T.);
#5626=EDGE_CURVE('',#4364,#4388,#2299,.T.);
#5627=EDGE_CURVE('',#4388,#4388,#3638,.T.);
#5628=EDGE_CURVE('',#4366,#4389,#2300,.T.);
#5629=EDGE_CURVE('',#4389,#4389,#3639,.T.);
#5630=EDGE_CURVE('',#4390,#4390,#3640,.T.);
#5631=EDGE_CURVE('',#4391,#4391,#3641,.T.);
#5632=EDGE_CURVE('',#4392,#4392,#3642,.T.);
#5633=EDGE_CURVE('',#4393,#4393,#3643,.T.);
#5634=EDGE_CURVE('',#4394,#4394,#3644,.T.);
#5635=EDGE_CURVE('',#4395,#4395,#3645,.T.);
#5636=EDGE_CURVE('',#4396,#4396,#3646,.T.);
#5637=EDGE_CURVE('',#4390,#4376,#2301,.T.);
#5638=EDGE_CURVE('',#4397,#4397,#3647,.T.);
#5639=EDGE_CURVE('',#4398,#4398,#3648,.T.);
#5640=EDGE_CURVE('',#4399,#4399,#3649,.T.);
#5641=EDGE_CURVE('',#4400,#4400,#3650,.T.);
#5642=EDGE_CURVE('',#4401,#4401,#3651,.T.);
#5643=EDGE_CURVE('',#4402,#4402,#3652,.T.);
#5644=EDGE_CURVE('',#4403,#4404,#2302,.T.);
#5645=EDGE_CURVE('',#4405,#4403,#2303,.T.);
#5646=EDGE_CURVE('',#4406,#4405,#2304,.T.);
#5647=EDGE_CURVE('',#4407,#4406,#2305,.T.);
#5648=EDGE_CURVE('',#4408,#4407,#2306,.T.);
#5649=EDGE_CURVE('',#4404,#4408,#2307,.T.);
#5650=EDGE_CURVE('',#4409,#4410,#2308,.T.);
#5651=EDGE_CURVE('',#4411,#4409,#2309,.T.);
#5652=EDGE_CURVE('',#4412,#4411,#2310,.T.);
#5653=EDGE_CURVE('',#4413,#4412,#2311,.T.);
#5654=EDGE_CURVE('',#4414,#4413,#2312,.T.);
#5655=EDGE_CURVE('',#4410,#4414,#2313,.T.);
#5656=EDGE_CURVE('',#4415,#4416,#2314,.T.);
#5657=EDGE_CURVE('',#4417,#4415,#2315,.T.);
#5658=EDGE_CURVE('',#4418,#4417,#2316,.T.);
#5659=EDGE_CURVE('',#4419,#4418,#2317,.T.);
#5660=EDGE_CURVE('',#4420,#4419,#2318,.T.);
#5661=EDGE_CURVE('',#4416,#4420,#2319,.T.);
#5662=EDGE_CURVE('',#4421,#4422,#2320,.T.);
#5663=EDGE_CURVE('',#4423,#4421,#2321,.T.);
#5664=EDGE_CURVE('',#4424,#4423,#2322,.T.);
#5665=EDGE_CURVE('',#4425,#4424,#2323,.T.);
#5666=EDGE_CURVE('',#4426,#4425,#2324,.T.);
#5667=EDGE_CURVE('',#4422,#4426,#2325,.T.);
#5668=EDGE_CURVE('',#4427,#4428,#2326,.T.);
#5669=EDGE_CURVE('',#4429,#4427,#2327,.T.);
#5670=EDGE_CURVE('',#4430,#4429,#2328,.T.);
#5671=EDGE_CURVE('',#4431,#4430,#2329,.T.);
#5672=EDGE_CURVE('',#4432,#4431,#2330,.T.);
#5673=EDGE_CURVE('',#4428,#4432,#2331,.T.);
#5674=EDGE_CURVE('',#4433,#4434,#2332,.T.);
#5675=EDGE_CURVE('',#4435,#4433,#2333,.T.);
#5676=EDGE_CURVE('',#4436,#4435,#2334,.T.);
#5677=EDGE_CURVE('',#4437,#4436,#2335,.T.);
#5678=EDGE_CURVE('',#4438,#4437,#2336,.T.);
#5679=EDGE_CURVE('',#4434,#4438,#2337,.T.);
#5680=EDGE_CURVE('',#4391,#4402,#2338,.T.);
#5681=EDGE_CURVE('',#4392,#4397,#2339,.T.);
#5682=EDGE_CURVE('',#4393,#4398,#2340,.T.);
#5683=EDGE_CURVE('',#4394,#4399,#2341,.T.);
#5684=EDGE_CURVE('',#4395,#4400,#2342,.T.);
#5685=EDGE_CURVE('',#4396,#4401,#2343,.T.);
#5686=EDGE_CURVE('',#4404,#4439,#2344,.T.);
#5687=EDGE_CURVE('',#4440,#4439,#2345,.T.);
#5688=EDGE_CURVE('',#4403,#4440,#2346,.T.);
#5689=EDGE_CURVE('',#4441,#4440,#2347,.T.);
#5690=EDGE_CURVE('',#4405,#4441,#2348,.T.);
#5691=EDGE_CURVE('',#4442,#4441,#2349,.T.);
#5692=EDGE_CURVE('',#4406,#4442,#2350,.T.);
#5693=EDGE_CURVE('',#4443,#4442,#2351,.T.);
#5694=EDGE_CURVE('',#4407,#4443,#2352,.T.);
#5695=EDGE_CURVE('',#4444,#4443,#2353,.T.);
#5696=EDGE_CURVE('',#4408,#4444,#2354,.T.);
#5697=EDGE_CURVE('',#4439,#4444,#2355,.T.);
#5698=EDGE_CURVE('',#4410,#4445,#2356,.T.);
#5699=EDGE_CURVE('',#4446,#4445,#2357,.T.);
#5700=EDGE_CURVE('',#4409,#4446,#2358,.T.);
#5701=EDGE_CURVE('',#4447,#4446,#2359,.T.);
#5702=EDGE_CURVE('',#4411,#4447,#2360,.T.);
#5703=EDGE_CURVE('',#4448,#4447,#2361,.T.);
#5704=EDGE_CURVE('',#4412,#4448,#2362,.T.);
#5705=EDGE_CURVE('',#4449,#4448,#2363,.T.);
#5706=EDGE_CURVE('',#4413,#4449,#2364,.T.);
#5707=EDGE_CURVE('',#4450,#4449,#2365,.T.);
#5708=EDGE_CURVE('',#4414,#4450,#2366,.T.);
#5709=EDGE_CURVE('',#4445,#4450,#2367,.T.);
#5710=EDGE_CURVE('',#4416,#4451,#2368,.T.);
#5711=EDGE_CURVE('',#4452,#4451,#2369,.T.);
#5712=EDGE_CURVE('',#4415,#4452,#2370,.T.);
#5713=EDGE_CURVE('',#4453,#4452,#2371,.T.);
#5714=EDGE_CURVE('',#4417,#4453,#2372,.T.);
#5715=EDGE_CURVE('',#4454,#4453,#2373,.T.);
#5716=EDGE_CURVE('',#4418,#4454,#2374,.T.);
#5717=EDGE_CURVE('',#4455,#4454,#2375,.T.);
#5718=EDGE_CURVE('',#4419,#4455,#2376,.T.);
#5719=EDGE_CURVE('',#4456,#4455,#2377,.T.);
#5720=EDGE_CURVE('',#4420,#4456,#2378,.T.);
#5721=EDGE_CURVE('',#4451,#4456,#2379,.T.);
#5722=EDGE_CURVE('',#4422,#4457,#2380,.T.);
#5723=EDGE_CURVE('',#4458,#4457,#2381,.T.);
#5724=EDGE_CURVE('',#4421,#4458,#2382,.T.);
#5725=EDGE_CURVE('',#4459,#4458,#2383,.T.);
#5726=EDGE_CURVE('',#4423,#4459,#2384,.T.);
#5727=EDGE_CURVE('',#4460,#4459,#2385,.T.);
#5728=EDGE_CURVE('',#4424,#4460,#2386,.T.);
#5729=EDGE_CURVE('',#4461,#4460,#2387,.T.);
#5730=EDGE_CURVE('',#4425,#4461,#2388,.T.);
#5731=EDGE_CURVE('',#4462,#4461,#2389,.T.);
#5732=EDGE_CURVE('',#4426,#4462,#2390,.T.);
#5733=EDGE_CURVE('',#4457,#4462,#2391,.T.);
#5734=EDGE_CURVE('',#4428,#4463,#2392,.T.);
#5735=EDGE_CURVE('',#4464,#4463,#2393,.T.);
#5736=EDGE_CURVE('',#4427,#4464,#2394,.T.);
#5737=EDGE_CURVE('',#4465,#4464,#2395,.T.);
#5738=EDGE_CURVE('',#4429,#4465,#2396,.T.);
#5739=EDGE_CURVE('',#4466,#4465,#2397,.T.);
#5740=EDGE_CURVE('',#4430,#4466,#2398,.T.);
#5741=EDGE_CURVE('',#4467,#4466,#2399,.T.);
#5742=EDGE_CURVE('',#4431,#4467,#2400,.T.);
#5743=EDGE_CURVE('',#4468,#4467,#2401,.T.);
#5744=EDGE_CURVE('',#4432,#4468,#2402,.T.);
#5745=EDGE_CURVE('',#4463,#4468,#2403,.T.);
#5746=EDGE_CURVE('',#4434,#4469,#2404,.T.);
#5747=EDGE_CURVE('',#4470,#4469,#2405,.T.);
#5748=EDGE_CURVE('',#4433,#4470,#2406,.T.);
#5749=EDGE_CURVE('',#4471,#4470,#2407,.T.);
#5750=EDGE_CURVE('',#4435,#4471,#2408,.T.);
#5751=EDGE_CURVE('',#4472,#4471,#2409,.T.);
#5752=EDGE_CURVE('',#4436,#4472,#2410,.T.);
#5753=EDGE_CURVE('',#4473,#4472,#2411,.T.);
#5754=EDGE_CURVE('',#4437,#4473,#2412,.T.);
#5755=EDGE_CURVE('',#4474,#4473,#2413,.T.);
#5756=EDGE_CURVE('',#4438,#4474,#2414,.T.);
#5757=EDGE_CURVE('',#4469,#4474,#2415,.T.);
#5758=ORIENTED_EDGE('',*,*,#4475,.F.);
#5759=ORIENTED_EDGE('',*,*,#4476,.T.);
#5760=ORIENTED_EDGE('',*,*,#4477,.T.);
#5761=ORIENTED_EDGE('',*,*,#4476,.F.);
#5762=ORIENTED_EDGE('',*,*,#4477,.F.);
#5763=ORIENTED_EDGE('',*,*,#4478,.T.);
#5764=ORIENTED_EDGE('',*,*,#4479,.F.);
#5765=ORIENTED_EDGE('',*,*,#4478,.F.);
#5766=ORIENTED_EDGE('',*,*,#4480,.T.);
#5767=ORIENTED_EDGE('',*,*,#4475,.T.);
#5768=ORIENTED_EDGE('',*,*,#4479,.T.);
#5769=ORIENTED_EDGE('',*,*,#4481,.T.);
#5770=ORIENTED_EDGE('',*,*,#4482,.T.);
#5771=ORIENTED_EDGE('',*,*,#4481,.F.);
#5772=ORIENTED_EDGE('',*,*,#4483,.F.);
#5773=ORIENTED_EDGE('',*,*,#4484,.T.);
#5774=ORIENTED_EDGE('',*,*,#4480,.F.);
#5775=ORIENTED_EDGE('',*,*,#4484,.F.);
#5776=ORIENTED_EDGE('',*,*,#4485,.T.);
#5777=ORIENTED_EDGE('',*,*,#4482,.F.);
#5778=ORIENTED_EDGE('',*,*,#4486,.F.);
#5779=ORIENTED_EDGE('',*,*,#4487,.T.);
#5780=ORIENTED_EDGE('',*,*,#4483,.T.);
#5781=ORIENTED_EDGE('',*,*,#4487,.F.);
#5782=ORIENTED_EDGE('',*,*,#4488,.T.);
#5783=ORIENTED_EDGE('',*,*,#4489,.T.);
#5784=ORIENTED_EDGE('',*,*,#4485,.F.);
#5785=ORIENTED_EDGE('',*,*,#4489,.F.);
#5786=ORIENTED_EDGE('',*,*,#4490,.T.);
#5787=ORIENTED_EDGE('',*,*,#4486,.T.);
#5788=ORIENTED_EDGE('',*,*,#4491,.F.);
#5789=ORIENTED_EDGE('',*,*,#4488,.F.);
#5790=ORIENTED_EDGE('',*,*,#4492,.T.);
#5791=ORIENTED_EDGE('',*,*,#4493,.T.);
#5792=ORIENTED_EDGE('',*,*,#4494,.T.);
#5793=ORIENTED_EDGE('',*,*,#4492,.F.);
#5794=ORIENTED_EDGE('',*,*,#4490,.F.);
#5795=ORIENTED_EDGE('',*,*,#4493,.F.);
#5796=ORIENTED_EDGE('',*,*,#4494,.F.);
#5797=ORIENTED_EDGE('',*,*,#4495,.T.);
#5798=ORIENTED_EDGE('',*,*,#4491,.T.);
#5799=ORIENTED_EDGE('',*,*,#4495,.F.);
#5800=ORIENTED_EDGE('',*,*,#4496,.T.);
#5801=ORIENTED_EDGE('',*,*,#4497,.T.);
#5802=ORIENTED_EDGE('',*,*,#4498,.T.);
#5803=ORIENTED_EDGE('',*,*,#4497,.F.);
#5804=ORIENTED_EDGE('',*,*,#4499,.F.);
#5805=ORIENTED_EDGE('',*,*,#4496,.F.);
#5806=ORIENTED_EDGE('',*,*,#4500,.T.);
#5807=ORIENTED_EDGE('',*,*,#4498,.F.);
#5808=ORIENTED_EDGE('',*,*,#4501,.F.);
#5809=ORIENTED_EDGE('',*,*,#4502,.T.);
#5810=ORIENTED_EDGE('',*,*,#4499,.T.);
#5811=ORIENTED_EDGE('',*,*,#4502,.F.);
#5812=ORIENTED_EDGE('',*,*,#4500,.F.);
#5813=ORIENTED_EDGE('',*,*,#4503,.T.);
#5814=ORIENTED_EDGE('',*,*,#4504,.F.);
#5815=ORIENTED_EDGE('',*,*,#4505,.F.);
#5816=ORIENTED_EDGE('',*,*,#4506,.T.);
#5817=ORIENTED_EDGE('',*,*,#4507,.T.);
#5818=ORIENTED_EDGE('',*,*,#4506,.F.);
#5819=ORIENTED_EDGE('',*,*,#4508,.F.);
#5820=ORIENTED_EDGE('',*,*,#4509,.F.);
#5821=ORIENTED_EDGE('',*,*,#4503,.F.);
#5822=ORIENTED_EDGE('',*,*,#4510,.F.);
#5823=ORIENTED_EDGE('',*,*,#4511,.F.);
#5824=ORIENTED_EDGE('',*,*,#4512,.F.);
#5825=ORIENTED_EDGE('',*,*,#4501,.T.);
#5826=ORIENTED_EDGE('',*,*,#4510,.T.);
#5827=ORIENTED_EDGE('',*,*,#4513,.T.);
#5828=ORIENTED_EDGE('',*,*,#4514,.T.);
#5829=ORIENTED_EDGE('',*,*,#4513,.F.);
#5830=ORIENTED_EDGE('',*,*,#4511,.T.);
#5831=ORIENTED_EDGE('',*,*,#4515,.F.);
#5832=ORIENTED_EDGE('',*,*,#4507,.F.);
#5833=ORIENTED_EDGE('',*,*,#4504,.T.);
#5834=ORIENTED_EDGE('',*,*,#4509,.T.);
#5835=ORIENTED_EDGE('',*,*,#4516,.T.);
#5836=ORIENTED_EDGE('',*,*,#4517,.T.);
#5837=ORIENTED_EDGE('',*,*,#4516,.F.);
#5838=ORIENTED_EDGE('',*,*,#4508,.T.);
#5839=ORIENTED_EDGE('',*,*,#4505,.T.);
#5840=ORIENTED_EDGE('',*,*,#4518,.F.);
#5841=ORIENTED_EDGE('',*,*,#4519,.F.);
#5842=ORIENTED_EDGE('',*,*,#4520,.T.);
#5843=ORIENTED_EDGE('',*,*,#4512,.T.);
#5844=ORIENTED_EDGE('',*,*,#4520,.F.);
#5845=ORIENTED_EDGE('',*,*,#4514,.F.);
#5846=ORIENTED_EDGE('',*,*,#4515,.T.);
#5847=ORIENTED_EDGE('',*,*,#4521,.T.);
#5848=ORIENTED_EDGE('',*,*,#4522,.T.);
#5849=ORIENTED_EDGE('',*,*,#4521,.F.);
#5850=ORIENTED_EDGE('',*,*,#4517,.F.);
#5851=ORIENTED_EDGE('',*,*,#4518,.T.);
#5852=ORIENTED_EDGE('',*,*,#4519,.T.);
#5853=ORIENTED_EDGE('',*,*,#4523,.T.);
#5854=ORIENTED_EDGE('',*,*,#4524,.F.);
#5855=ORIENTED_EDGE('',*,*,#4525,.F.);
#5856=ORIENTED_EDGE('',*,*,#4523,.F.);
#5857=ORIENTED_EDGE('',*,*,#4522,.F.);
#5858=ORIENTED_EDGE('',*,*,#4526,.F.);
#5859=ORIENTED_EDGE('',*,*,#4527,.T.);
#5860=ORIENTED_EDGE('',*,*,#4528,.T.);
#5861=ORIENTED_EDGE('',*,*,#4524,.T.);
#5862=ORIENTED_EDGE('',*,*,#4525,.T.);
#5863=ORIENTED_EDGE('',*,*,#4528,.F.);
#5864=ORIENTED_EDGE('',*,*,#4529,.F.);
#5865=ORIENTED_EDGE('',*,*,#4530,.T.);
#5866=ORIENTED_EDGE('',*,*,#4526,.T.);
#5867=ORIENTED_EDGE('',*,*,#4530,.F.);
#5868=ORIENTED_EDGE('',*,*,#4531,.F.);
#5869=ORIENTED_EDGE('',*,*,#4532,.T.);
#5870=ORIENTED_EDGE('',*,*,#4527,.F.);
#5871=ORIENTED_EDGE('',*,*,#4532,.F.);
#5872=ORIENTED_EDGE('',*,*,#4533,.T.);
#5873=ORIENTED_EDGE('',*,*,#4531,.T.);
#5874=ORIENTED_EDGE('',*,*,#4529,.T.);
#5875=ORIENTED_EDGE('',*,*,#4533,.F.);
#5876=ORIENTED_EDGE('',*,*,#4534,.F.);
#5877=ORIENTED_EDGE('',*,*,#4535,.F.);
#5878=ORIENTED_EDGE('',*,*,#4536,.F.);
#5879=ORIENTED_EDGE('',*,*,#4537,.T.);
#5880=ORIENTED_EDGE('',*,*,#4534,.T.);
#5881=ORIENTED_EDGE('',*,*,#4537,.F.);
#5882=ORIENTED_EDGE('',*,*,#4535,.T.);
#5883=ORIENTED_EDGE('',*,*,#4538,.T.);
#5884=ORIENTED_EDGE('',*,*,#4539,.T.);
#5885=ORIENTED_EDGE('',*,*,#4538,.F.);
#5886=ORIENTED_EDGE('',*,*,#4540,.F.);
#5887=ORIENTED_EDGE('',*,*,#4536,.T.);
#5888=ORIENTED_EDGE('',*,*,#4539,.F.);
#5889=ORIENTED_EDGE('',*,*,#4541,.F.);
#5890=ORIENTED_EDGE('',*,*,#4542,.F.);
#5891=ORIENTED_EDGE('',*,*,#4543,.T.);
#5892=ORIENTED_EDGE('',*,*,#4540,.T.);
#5893=ORIENTED_EDGE('',*,*,#4543,.F.);
#5894=ORIENTED_EDGE('',*,*,#4544,.F.);
#5895=ORIENTED_EDGE('',*,*,#4545,.T.);
#5896=ORIENTED_EDGE('',*,*,#4541,.T.);
#5897=ORIENTED_EDGE('',*,*,#4545,.F.);
#5898=ORIENTED_EDGE('',*,*,#4546,.T.);
#5899=ORIENTED_EDGE('',*,*,#4542,.T.);
#5900=ORIENTED_EDGE('',*,*,#4544,.T.);
#5901=ORIENTED_EDGE('',*,*,#4546,.F.);
#5902=ORIENTED_EDGE('',*,*,#4547,.T.);
#5903=ORIENTED_EDGE('',*,*,#4548,.T.);
#5904=ORIENTED_EDGE('',*,*,#4547,.F.);
#5905=ORIENTED_EDGE('',*,*,#4549,.F.);
#5906=ORIENTED_EDGE('',*,*,#4550,.F.);
#5907=ORIENTED_EDGE('',*,*,#4551,.F.);
#5908=ORIENTED_EDGE('',*,*,#4552,.F.);
#5909=ORIENTED_EDGE('',*,*,#4553,.F.);
#5910=ORIENTED_EDGE('',*,*,#4554,.F.);
#5911=ORIENTED_EDGE('',*,*,#4555,.F.);
#5912=ORIENTED_EDGE('',*,*,#4548,.F.);
#5913=ORIENTED_EDGE('',*,*,#4556,.F.);
#5914=ORIENTED_EDGE('',*,*,#4557,.T.);
#5915=ORIENTED_EDGE('',*,*,#4549,.T.);
#5916=ORIENTED_EDGE('',*,*,#4557,.F.);
#5917=ORIENTED_EDGE('',*,*,#4558,.F.);
#5918=ORIENTED_EDGE('',*,*,#4559,.T.);
#5919=ORIENTED_EDGE('',*,*,#4550,.T.);
#5920=ORIENTED_EDGE('',*,*,#4559,.F.);
#5921=ORIENTED_EDGE('',*,*,#4560,.F.);
#5922=ORIENTED_EDGE('',*,*,#4561,.T.);
#5923=ORIENTED_EDGE('',*,*,#4551,.T.);
#5924=ORIENTED_EDGE('',*,*,#4561,.F.);
#5925=ORIENTED_EDGE('',*,*,#4562,.F.);
#5926=ORIENTED_EDGE('',*,*,#4563,.T.);
#5927=ORIENTED_EDGE('',*,*,#4552,.T.);
#5928=ORIENTED_EDGE('',*,*,#4563,.F.);
#5929=ORIENTED_EDGE('',*,*,#4564,.F.);
#5930=ORIENTED_EDGE('',*,*,#4565,.T.);
#5931=ORIENTED_EDGE('',*,*,#4553,.T.);
#5932=ORIENTED_EDGE('',*,*,#4565,.F.);
#5933=ORIENTED_EDGE('',*,*,#4566,.F.);
#5934=ORIENTED_EDGE('',*,*,#4567,.T.);
#5935=ORIENTED_EDGE('',*,*,#4554,.T.);
#5936=ORIENTED_EDGE('',*,*,#4567,.F.);
#5937=ORIENTED_EDGE('',*,*,#4568,.F.);
#5938=ORIENTED_EDGE('',*,*,#4569,.T.);
#5939=ORIENTED_EDGE('',*,*,#4555,.T.);
#5940=ORIENTED_EDGE('',*,*,#4569,.F.);
#5941=ORIENTED_EDGE('',*,*,#4570,.T.);
#5942=ORIENTED_EDGE('',*,*,#4571,.T.);
#5943=ORIENTED_EDGE('',*,*,#4556,.T.);
#5944=ORIENTED_EDGE('',*,*,#4571,.F.);
#5945=ORIENTED_EDGE('',*,*,#4572,.T.);
#5946=ORIENTED_EDGE('',*,*,#4573,.T.);
#5947=ORIENTED_EDGE('',*,*,#4574,.F.);
#5948=ORIENTED_EDGE('',*,*,#4575,.F.);
#5949=ORIENTED_EDGE('',*,*,#4576,.T.);
#5950=ORIENTED_EDGE('',*,*,#4577,.T.);
#5951=ORIENTED_EDGE('',*,*,#4578,.F.);
#5952=ORIENTED_EDGE('',*,*,#4579,.F.);
#5953=ORIENTED_EDGE('',*,*,#4580,.F.);
#5954=ORIENTED_EDGE('',*,*,#4581,.T.);
#5955=ORIENTED_EDGE('',*,*,#4558,.T.);
#5956=ORIENTED_EDGE('',*,*,#4581,.F.);
#5957=ORIENTED_EDGE('',*,*,#4582,.F.);
#5958=ORIENTED_EDGE('',*,*,#4583,.T.);
#5959=ORIENTED_EDGE('',*,*,#4560,.T.);
#5960=ORIENTED_EDGE('',*,*,#4583,.F.);
#5961=ORIENTED_EDGE('',*,*,#4584,.F.);
#5962=ORIENTED_EDGE('',*,*,#4585,.T.);
#5963=ORIENTED_EDGE('',*,*,#4562,.T.);
#5964=ORIENTED_EDGE('',*,*,#4585,.F.);
#5965=ORIENTED_EDGE('',*,*,#4586,.F.);
#5966=ORIENTED_EDGE('',*,*,#4587,.T.);
#5967=ORIENTED_EDGE('',*,*,#4564,.T.);
#5968=ORIENTED_EDGE('',*,*,#4587,.F.);
#5969=ORIENTED_EDGE('',*,*,#4588,.F.);
#5970=ORIENTED_EDGE('',*,*,#4589,.T.);
#5971=ORIENTED_EDGE('',*,*,#4566,.T.);
#5972=ORIENTED_EDGE('',*,*,#4589,.F.);
#5973=ORIENTED_EDGE('',*,*,#4590,.F.);
#5974=ORIENTED_EDGE('',*,*,#4591,.T.);
#5975=ORIENTED_EDGE('',*,*,#4568,.T.);
#5976=ORIENTED_EDGE('',*,*,#4591,.F.);
#5977=ORIENTED_EDGE('',*,*,#4592,.F.);
#5978=ORIENTED_EDGE('',*,*,#4593,.T.);
#5979=ORIENTED_EDGE('',*,*,#4572,.F.);
#5980=ORIENTED_EDGE('',*,*,#4570,.F.);
#5981=ORIENTED_EDGE('',*,*,#4594,.F.);
#5982=ORIENTED_EDGE('',*,*,#4595,.F.);
#5983=ORIENTED_EDGE('',*,*,#4596,.F.);
#5984=ORIENTED_EDGE('',*,*,#4597,.F.);
#5985=ORIENTED_EDGE('',*,*,#4598,.F.);
#5986=ORIENTED_EDGE('',*,*,#4599,.T.);
#5987=ORIENTED_EDGE('',*,*,#4573,.F.);
#5988=ORIENTED_EDGE('',*,*,#4593,.F.);
#5989=ORIENTED_EDGE('',*,*,#4600,.T.);
#5990=ORIENTED_EDGE('',*,*,#4601,.F.);
#5991=ORIENTED_EDGE('',*,*,#4574,.T.);
#5992=ORIENTED_EDGE('',*,*,#4599,.F.);
#5993=ORIENTED_EDGE('',*,*,#4602,.F.);
#5994=ORIENTED_EDGE('',*,*,#4603,.T.);
#5995=ORIENTED_EDGE('',*,*,#4604,.F.);
#5996=ORIENTED_EDGE('',*,*,#4605,.F.);
#5997=ORIENTED_EDGE('',*,*,#4575,.T.);
#5998=ORIENTED_EDGE('',*,*,#4601,.T.);
#5999=ORIENTED_EDGE('',*,*,#4606,.F.);
#6000=ORIENTED_EDGE('',*,*,#4607,.T.);
#6001=ORIENTED_EDGE('',*,*,#4608,.F.);
#6002=ORIENTED_EDGE('',*,*,#4609,.F.);
#6003=ORIENTED_EDGE('',*,*,#4610,.F.);
#6004=ORIENTED_EDGE('',*,*,#4576,.F.);
#6005=ORIENTED_EDGE('',*,*,#4605,.T.);
#6006=ORIENTED_EDGE('',*,*,#4611,.F.);
#6007=ORIENTED_EDGE('',*,*,#4612,.T.);
#6008=ORIENTED_EDGE('',*,*,#4613,.F.);
#6009=ORIENTED_EDGE('',*,*,#4614,.T.);
#6010=ORIENTED_EDGE('',*,*,#4615,.T.);
#6011=ORIENTED_EDGE('',*,*,#4577,.F.);
#6012=ORIENTED_EDGE('',*,*,#4610,.T.);
#6013=ORIENTED_EDGE('',*,*,#4616,.T.);
#6014=ORIENTED_EDGE('',*,*,#4615,.F.);
#6015=ORIENTED_EDGE('',*,*,#4617,.F.);
#6016=ORIENTED_EDGE('',*,*,#4618,.F.);
#6017=ORIENTED_EDGE('',*,*,#4578,.T.);
#6018=ORIENTED_EDGE('',*,*,#4619,.T.);
#6019=ORIENTED_EDGE('',*,*,#4620,.F.);
#6020=ORIENTED_EDGE('',*,*,#4594,.T.);
#6021=ORIENTED_EDGE('',*,*,#4579,.T.);
#6022=ORIENTED_EDGE('',*,*,#4618,.T.);
#6023=ORIENTED_EDGE('',*,*,#4621,.T.);
#6024=ORIENTED_EDGE('',*,*,#4622,.T.);
#6025=ORIENTED_EDGE('',*,*,#4623,.T.);
#6026=ORIENTED_EDGE('',*,*,#4580,.T.);
#6027=ORIENTED_EDGE('',*,*,#4582,.T.);
#6028=ORIENTED_EDGE('',*,*,#4584,.T.);
#6029=ORIENTED_EDGE('',*,*,#4586,.T.);
#6030=ORIENTED_EDGE('',*,*,#4588,.T.);
#6031=ORIENTED_EDGE('',*,*,#4590,.T.);
#6032=ORIENTED_EDGE('',*,*,#4620,.T.);
#6033=ORIENTED_EDGE('',*,*,#4624,.F.);
#6034=ORIENTED_EDGE('',*,*,#4600,.F.);
#6035=ORIENTED_EDGE('',*,*,#4592,.T.);
#6036=ORIENTED_EDGE('',*,*,#4619,.F.);
#6037=ORIENTED_EDGE('',*,*,#4625,.T.);
#6038=ORIENTED_EDGE('',*,*,#4595,.T.);
#6039=ORIENTED_EDGE('',*,*,#4624,.T.);
#6040=ORIENTED_EDGE('',*,*,#4625,.F.);
#6041=ORIENTED_EDGE('',*,*,#4623,.F.);
#6042=ORIENTED_EDGE('',*,*,#4626,.F.);
#6043=ORIENTED_EDGE('',*,*,#4627,.F.);
#6044=ORIENTED_EDGE('',*,*,#4596,.T.);
#6045=ORIENTED_EDGE('',*,*,#4628,.T.);
#6046=ORIENTED_EDGE('',*,*,#4607,.F.);
#6047=ORIENTED_EDGE('',*,*,#4629,.F.);
#6048=ORIENTED_EDGE('',*,*,#4597,.T.);
#6049=ORIENTED_EDGE('',*,*,#4627,.T.);
#6050=ORIENTED_EDGE('',*,*,#4630,.T.);
#6051=ORIENTED_EDGE('',*,*,#4631,.T.);
#6052=ORIENTED_EDGE('',*,*,#4630,.F.);
#6053=ORIENTED_EDGE('',*,*,#4626,.T.);
#6054=ORIENTED_EDGE('',*,*,#4622,.F.);
#6055=ORIENTED_EDGE('',*,*,#4632,.F.);
#6056=ORIENTED_EDGE('',*,*,#4613,.T.);
#6057=ORIENTED_EDGE('',*,*,#4606,.T.);
#6058=ORIENTED_EDGE('',*,*,#4602,.T.);
#6059=ORIENTED_EDGE('',*,*,#4598,.T.);
#6060=ORIENTED_EDGE('',*,*,#4629,.T.);
#6061=ORIENTED_EDGE('',*,*,#4633,.T.);
#6062=ORIENTED_EDGE('',*,*,#4634,.T.);
#6063=ORIENTED_EDGE('',*,*,#4635,.T.);
#6064=ORIENTED_EDGE('',*,*,#4611,.T.);
#6065=ORIENTED_EDGE('',*,*,#4636,.T.);
#6066=ORIENTED_EDGE('',*,*,#4603,.F.);
#6067=ORIENTED_EDGE('',*,*,#4637,.F.);
#6068=ORIENTED_EDGE('',*,*,#4616,.F.);
#6069=ORIENTED_EDGE('',*,*,#4609,.T.);
#6070=ORIENTED_EDGE('',*,*,#4604,.T.);
#6071=ORIENTED_EDGE('',*,*,#4636,.F.);
#6072=ORIENTED_EDGE('',*,*,#4637,.T.);
#6073=ORIENTED_EDGE('',*,*,#4608,.T.);
#6074=ORIENTED_EDGE('',*,*,#4628,.F.);
#6075=ORIENTED_EDGE('',*,*,#4612,.F.);
#6076=ORIENTED_EDGE('',*,*,#4614,.F.);
#6077=ORIENTED_EDGE('',*,*,#4632,.T.);
#6078=ORIENTED_EDGE('',*,*,#4621,.F.);
#6079=ORIENTED_EDGE('',*,*,#4617,.T.);
#6080=ORIENTED_EDGE('',*,*,#4638,.T.);
#6081=ORIENTED_EDGE('',*,*,#4639,.T.);
#6082=ORIENTED_EDGE('',*,*,#4640,.T.);
#6083=ORIENTED_EDGE('',*,*,#4631,.F.);
#6084=ORIENTED_EDGE('',*,*,#4641,.F.);
#6085=ORIENTED_EDGE('',*,*,#4642,.T.);
#6086=ORIENTED_EDGE('',*,*,#4643,.T.);
#6087=ORIENTED_EDGE('',*,*,#4633,.F.);
#6088=ORIENTED_EDGE('',*,*,#4643,.F.);
#6089=ORIENTED_EDGE('',*,*,#4644,.T.);
#6090=ORIENTED_EDGE('',*,*,#4645,.T.);
#6091=ORIENTED_EDGE('',*,*,#4646,.T.);
#6092=ORIENTED_EDGE('',*,*,#4634,.F.);
#6093=ORIENTED_EDGE('',*,*,#4646,.F.);
#6094=ORIENTED_EDGE('',*,*,#4647,.T.);
#6095=ORIENTED_EDGE('',*,*,#4648,.T.);
#6096=ORIENTED_EDGE('',*,*,#4649,.T.);
#6097=ORIENTED_EDGE('',*,*,#4635,.F.);
#6098=ORIENTED_EDGE('',*,*,#4649,.F.);
#6099=ORIENTED_EDGE('',*,*,#4650,.T.);
#6100=ORIENTED_EDGE('',*,*,#4651,.T.);
#6101=ORIENTED_EDGE('',*,*,#4652,.T.);
#6102=ORIENTED_EDGE('',*,*,#4638,.F.);
#6103=ORIENTED_EDGE('',*,*,#4652,.F.);
#6104=ORIENTED_EDGE('',*,*,#4653,.T.);
#6105=ORIENTED_EDGE('',*,*,#4654,.T.);
#6106=ORIENTED_EDGE('',*,*,#4655,.T.);
#6107=ORIENTED_EDGE('',*,*,#4639,.F.);
#6108=ORIENTED_EDGE('',*,*,#4655,.F.);
#6109=ORIENTED_EDGE('',*,*,#4656,.T.);
#6110=ORIENTED_EDGE('',*,*,#4657,.T.);
#6111=ORIENTED_EDGE('',*,*,#4658,.T.);
#6112=ORIENTED_EDGE('',*,*,#4640,.F.);
#6113=ORIENTED_EDGE('',*,*,#4658,.F.);
#6114=ORIENTED_EDGE('',*,*,#4659,.T.);
#6115=ORIENTED_EDGE('',*,*,#4641,.T.);
#6116=ORIENTED_EDGE('',*,*,#4660,.T.);
#6117=ORIENTED_EDGE('',*,*,#4661,.F.);
#6118=ORIENTED_EDGE('',*,*,#4662,.F.);
#6119=ORIENTED_EDGE('',*,*,#4660,.F.);
#6120=ORIENTED_EDGE('',*,*,#4642,.F.);
#6121=ORIENTED_EDGE('',*,*,#4663,.T.);
#6122=ORIENTED_EDGE('',*,*,#4664,.T.);
#6123=ORIENTED_EDGE('',*,*,#4663,.F.);
#6124=ORIENTED_EDGE('',*,*,#4644,.F.);
#6125=ORIENTED_EDGE('',*,*,#4645,.F.);
#6126=ORIENTED_EDGE('',*,*,#4665,.T.);
#6127=ORIENTED_EDGE('',*,*,#4666,.T.);
#6128=ORIENTED_EDGE('',*,*,#4665,.F.);
#6129=ORIENTED_EDGE('',*,*,#4647,.F.);
#6130=ORIENTED_EDGE('',*,*,#4648,.F.);
#6131=ORIENTED_EDGE('',*,*,#4667,.T.);
#6132=ORIENTED_EDGE('',*,*,#4668,.T.);
#6133=ORIENTED_EDGE('',*,*,#4667,.F.);
#6134=ORIENTED_EDGE('',*,*,#4650,.F.);
#6135=ORIENTED_EDGE('',*,*,#4651,.F.);
#6136=ORIENTED_EDGE('',*,*,#4669,.T.);
#6137=ORIENTED_EDGE('',*,*,#4670,.T.);
#6138=ORIENTED_EDGE('',*,*,#4669,.F.);
#6139=ORIENTED_EDGE('',*,*,#4653,.F.);
#6140=ORIENTED_EDGE('',*,*,#4654,.F.);
#6141=ORIENTED_EDGE('',*,*,#4671,.T.);
#6142=ORIENTED_EDGE('',*,*,#4672,.T.);
#6143=ORIENTED_EDGE('',*,*,#4671,.F.);
#6144=ORIENTED_EDGE('',*,*,#4656,.F.);
#6145=ORIENTED_EDGE('',*,*,#4657,.F.);
#6146=ORIENTED_EDGE('',*,*,#4673,.T.);
#6147=ORIENTED_EDGE('',*,*,#4674,.T.);
#6148=ORIENTED_EDGE('',*,*,#4673,.F.);
#6149=ORIENTED_EDGE('',*,*,#4659,.F.);
#6150=ORIENTED_EDGE('',*,*,#4675,.T.);
#6151=ORIENTED_EDGE('',*,*,#4676,.T.);
#6152=ORIENTED_EDGE('',*,*,#4661,.T.);
#6153=ORIENTED_EDGE('',*,*,#4662,.T.);
#6154=ORIENTED_EDGE('',*,*,#4676,.F.);
#6155=ORIENTED_EDGE('',*,*,#4664,.F.);
#6156=ORIENTED_EDGE('',*,*,#4666,.F.);
#6157=ORIENTED_EDGE('',*,*,#4668,.F.);
#6158=ORIENTED_EDGE('',*,*,#4670,.F.);
#6159=ORIENTED_EDGE('',*,*,#4672,.F.);
#6160=ORIENTED_EDGE('',*,*,#4674,.F.);
#6161=ORIENTED_EDGE('',*,*,#4675,.F.);
#6162=ORIENTED_EDGE('',*,*,#4677,.F.);
#6163=ORIENTED_EDGE('',*,*,#4678,.T.);
#6164=ORIENTED_EDGE('',*,*,#4679,.T.);
#6165=ORIENTED_EDGE('',*,*,#4680,.F.);
#6166=ORIENTED_EDGE('',*,*,#4681,.F.);
#6167=ORIENTED_EDGE('',*,*,#4682,.F.);
#6168=ORIENTED_EDGE('',*,*,#4677,.T.);
#6169=ORIENTED_EDGE('',*,*,#4683,.T.);
#6170=ORIENTED_EDGE('',*,*,#4684,.T.);
#6171=ORIENTED_EDGE('',*,*,#4685,.F.);
#6172=ORIENTED_EDGE('',*,*,#4686,.T.);
#6173=ORIENTED_EDGE('',*,*,#4687,.T.);
#6174=ORIENTED_EDGE('',*,*,#4678,.F.);
#6175=ORIENTED_EDGE('',*,*,#4688,.T.);
#6176=ORIENTED_EDGE('',*,*,#4689,.F.);
#6177=ORIENTED_EDGE('',*,*,#4690,.F.);
#6178=ORIENTED_EDGE('',*,*,#4679,.F.);
#6179=ORIENTED_EDGE('',*,*,#4691,.T.);
#6180=ORIENTED_EDGE('',*,*,#4692,.F.);
#6181=ORIENTED_EDGE('',*,*,#4680,.T.);
#6182=ORIENTED_EDGE('',*,*,#4693,.T.);
#6183=ORIENTED_EDGE('',*,*,#4694,.F.);
#6184=ORIENTED_EDGE('',*,*,#4695,.T.);
#6185=ORIENTED_EDGE('',*,*,#4683,.F.);
#6186=ORIENTED_EDGE('',*,*,#4692,.T.);
#6187=ORIENTED_EDGE('',*,*,#4696,.T.);
#6188=ORIENTED_EDGE('',*,*,#4697,.F.);
#6189=ORIENTED_EDGE('',*,*,#4698,.F.);
#6190=ORIENTED_EDGE('',*,*,#4685,.T.);
#6191=ORIENTED_EDGE('',*,*,#4682,.T.);
#6192=ORIENTED_EDGE('',*,*,#4699,.T.);
#6193=ORIENTED_EDGE('',*,*,#4700,.T.);
#6194=ORIENTED_EDGE('',*,*,#4701,.T.);
#6195=ORIENTED_EDGE('',*,*,#4702,.F.);
#6196=ORIENTED_EDGE('',*,*,#4703,.F.);
#6197=ORIENTED_EDGE('',*,*,#4691,.F.);
#6198=ORIENTED_EDGE('',*,*,#4687,.F.);
#6199=ORIENTED_EDGE('',*,*,#4704,.T.);
#6200=ORIENTED_EDGE('',*,*,#4705,.F.);
#6201=ORIENTED_EDGE('',*,*,#4706,.F.);
#6202=ORIENTED_EDGE('',*,*,#4693,.F.);
#6203=ORIENTED_EDGE('',*,*,#4690,.T.);
#6204=ORIENTED_EDGE('',*,*,#4681,.T.);
#6205=ORIENTED_EDGE('',*,*,#4707,.F.);
#6206=ORIENTED_EDGE('',*,*,#4708,.F.);
#6207=ORIENTED_EDGE('',*,*,#4709,.F.);
#6208=ORIENTED_EDGE('',*,*,#4699,.F.);
#6209=ORIENTED_EDGE('',*,*,#4710,.F.);
#6210=ORIENTED_EDGE('',*,*,#4711,.F.);
#6211=ORIENTED_EDGE('',*,*,#4712,.F.);
#6212=ORIENTED_EDGE('',*,*,#4707,.T.);
#6213=ORIENTED_EDGE('',*,*,#4684,.F.);
#6214=ORIENTED_EDGE('',*,*,#4695,.F.);
#6215=ORIENTED_EDGE('',*,*,#4713,.F.);
#6216=ORIENTED_EDGE('',*,*,#4714,.T.);
#6217=ORIENTED_EDGE('',*,*,#4686,.F.);
#6218=ORIENTED_EDGE('',*,*,#4715,.F.);
#6219=ORIENTED_EDGE('',*,*,#4716,.T.);
#6220=ORIENTED_EDGE('',*,*,#4715,.T.);
#6221=ORIENTED_EDGE('',*,*,#4698,.T.);
#6222=ORIENTED_EDGE('',*,*,#4717,.T.);
#6223=ORIENTED_EDGE('',*,*,#4718,.T.);
#6224=ORIENTED_EDGE('',*,*,#4719,.F.);
#6225=ORIENTED_EDGE('',*,*,#4720,.F.);
#6226=ORIENTED_EDGE('',*,*,#4721,.T.);
#6227=ORIENTED_EDGE('',*,*,#4722,.F.);
#6228=ORIENTED_EDGE('',*,*,#4723,.F.);
#6229=ORIENTED_EDGE('',*,*,#4704,.F.);
#6230=ORIENTED_EDGE('',*,*,#4714,.F.);
#6231=ORIENTED_EDGE('',*,*,#4688,.F.);
#6232=ORIENTED_EDGE('',*,*,#4703,.T.);
#6233=ORIENTED_EDGE('',*,*,#4724,.F.);
#6234=ORIENTED_EDGE('',*,*,#4725,.T.);
#6235=ORIENTED_EDGE('',*,*,#4726,.F.);
#6236=ORIENTED_EDGE('',*,*,#4727,.T.);
#6237=ORIENTED_EDGE('',*,*,#4705,.T.);
#6238=ORIENTED_EDGE('',*,*,#4689,.T.);
#6239=ORIENTED_EDGE('',*,*,#4726,.T.);
#6240=ORIENTED_EDGE('',*,*,#4728,.F.);
#6241=ORIENTED_EDGE('',*,*,#4729,.F.);
#6242=ORIENTED_EDGE('',*,*,#4730,.F.);
#6243=ORIENTED_EDGE('',*,*,#4694,.T.);
#6244=ORIENTED_EDGE('',*,*,#4731,.T.);
#6245=ORIENTED_EDGE('',*,*,#4732,.F.);
#6246=ORIENTED_EDGE('',*,*,#4733,.F.);
#6247=ORIENTED_EDGE('',*,*,#4710,.T.);
#6248=ORIENTED_EDGE('',*,*,#4696,.F.);
#6249=ORIENTED_EDGE('',*,*,#4730,.T.);
#6250=ORIENTED_EDGE('',*,*,#4734,.T.);
#6251=ORIENTED_EDGE('',*,*,#4735,.T.);
#6252=ORIENTED_EDGE('',*,*,#4736,.T.);
#6253=ORIENTED_EDGE('',*,*,#4737,.F.);
#6254=ORIENTED_EDGE('',*,*,#4738,.F.);
#6255=ORIENTED_EDGE('',*,*,#4731,.F.);
#6256=ORIENTED_EDGE('',*,*,#4706,.T.);
#6257=ORIENTED_EDGE('',*,*,#4727,.F.);
#6258=ORIENTED_EDGE('',*,*,#4697,.T.);
#6259=ORIENTED_EDGE('',*,*,#4739,.T.);
#6260=ORIENTED_EDGE('',*,*,#4740,.F.);
#6261=ORIENTED_EDGE('',*,*,#4741,.T.);
#6262=ORIENTED_EDGE('',*,*,#4717,.F.);
#6263=ORIENTED_EDGE('',*,*,#4700,.F.);
#6264=ORIENTED_EDGE('',*,*,#4709,.T.);
#6265=ORIENTED_EDGE('',*,*,#4742,.F.);
#6266=ORIENTED_EDGE('',*,*,#4739,.F.);
#6267=ORIENTED_EDGE('',*,*,#4701,.F.);
#6268=ORIENTED_EDGE('',*,*,#4723,.T.);
#6269=ORIENTED_EDGE('',*,*,#4743,.T.);
#6270=ORIENTED_EDGE('',*,*,#4744,.T.);
#6271=ORIENTED_EDGE('',*,*,#4745,.T.);
#6272=ORIENTED_EDGE('',*,*,#4702,.T.);
#6273=ORIENTED_EDGE('',*,*,#4745,.F.);
#6274=ORIENTED_EDGE('',*,*,#4746,.F.);
#6275=ORIENTED_EDGE('',*,*,#4724,.T.);
#6276=ORIENTED_EDGE('',*,*,#4747,.T.);
#6277=ORIENTED_EDGE('',*,*,#4748,.T.);
#6278=ORIENTED_EDGE('',*,*,#4749,.T.);
#6279=ORIENTED_EDGE('',*,*,#4750,.T.);
#6280=ORIENTED_EDGE('',*,*,#4751,.T.);
#6281=ORIENTED_EDGE('',*,*,#4752,.T.);
#6282=ORIENTED_EDGE('',*,*,#4753,.T.);
#6283=ORIENTED_EDGE('',*,*,#4754,.T.);
#6284=ORIENTED_EDGE('',*,*,#4740,.T.);
#6285=ORIENTED_EDGE('',*,*,#4742,.T.);
#6286=ORIENTED_EDGE('',*,*,#4708,.T.);
#6287=ORIENTED_EDGE('',*,*,#4712,.T.);
#6288=ORIENTED_EDGE('',*,*,#4755,.T.);
#6289=ORIENTED_EDGE('',*,*,#4756,.T.);
#6290=ORIENTED_EDGE('',*,*,#4757,.T.);
#6291=ORIENTED_EDGE('',*,*,#4758,.T.);
#6292=ORIENTED_EDGE('',*,*,#4733,.T.);
#6293=ORIENTED_EDGE('',*,*,#4759,.F.);
#6294=ORIENTED_EDGE('',*,*,#4755,.F.);
#6295=ORIENTED_EDGE('',*,*,#4711,.T.);
#6296=ORIENTED_EDGE('',*,*,#4760,.F.);
#6297=ORIENTED_EDGE('',*,*,#4761,.T.);
#6298=ORIENTED_EDGE('',*,*,#4762,.T.);
#6299=ORIENTED_EDGE('',*,*,#4763,.F.);
#6300=ORIENTED_EDGE('',*,*,#4764,.F.);
#6301=ORIENTED_EDGE('',*,*,#4713,.T.);
#6302=ORIENTED_EDGE('',*,*,#4765,.F.);
#6303=ORIENTED_EDGE('',*,*,#4766,.T.);
#6304=ORIENTED_EDGE('',*,*,#4767,.F.);
#6305=ORIENTED_EDGE('',*,*,#4720,.T.);
#6306=ORIENTED_EDGE('',*,*,#4764,.T.);
#6307=ORIENTED_EDGE('',*,*,#4768,.F.);
#6308=ORIENTED_EDGE('',*,*,#4769,.F.);
#6309=ORIENTED_EDGE('',*,*,#4770,.T.);
#6310=ORIENTED_EDGE('',*,*,#4765,.T.);
#6311=ORIENTED_EDGE('',*,*,#4716,.F.);
#6312=ORIENTED_EDGE('',*,*,#4718,.F.);
#6313=ORIENTED_EDGE('',*,*,#4741,.F.);
#6314=ORIENTED_EDGE('',*,*,#4754,.F.);
#6315=ORIENTED_EDGE('',*,*,#4771,.T.);
#6316=ORIENTED_EDGE('',*,*,#4772,.F.);
#6317=ORIENTED_EDGE('',*,*,#4773,.F.);
#6318=ORIENTED_EDGE('',*,*,#4774,.T.);
#6319=ORIENTED_EDGE('',*,*,#4719,.T.);
#6320=ORIENTED_EDGE('',*,*,#4773,.T.);
#6321=ORIENTED_EDGE('',*,*,#4775,.F.);
#6322=ORIENTED_EDGE('',*,*,#4767,.T.);
#6323=ORIENTED_EDGE('',*,*,#4774,.F.);
#6324=ORIENTED_EDGE('',*,*,#4776,.T.);
#6325=ORIENTED_EDGE('',*,*,#4777,.T.);
#6326=ORIENTED_EDGE('',*,*,#4777,.F.);
#6327=ORIENTED_EDGE('',*,*,#4778,.T.);
#6328=ORIENTED_EDGE('',*,*,#4779,.F.);
#6329=ORIENTED_EDGE('',*,*,#4721,.F.);
#6330=ORIENTED_EDGE('',*,*,#4722,.T.);
#6331=ORIENTED_EDGE('',*,*,#4779,.T.);
#6332=ORIENTED_EDGE('',*,*,#4780,.T.);
#6333=ORIENTED_EDGE('',*,*,#4781,.T.);
#6334=ORIENTED_EDGE('',*,*,#4782,.F.);
#6335=ORIENTED_EDGE('',*,*,#4743,.F.);
#6336=ORIENTED_EDGE('',*,*,#4783,.F.);
#6337=ORIENTED_EDGE('',*,*,#4784,.T.);
#6338=ORIENTED_EDGE('',*,*,#4785,.F.);
#6339=ORIENTED_EDGE('',*,*,#4728,.T.);
#6340=ORIENTED_EDGE('',*,*,#4725,.F.);
#6341=ORIENTED_EDGE('',*,*,#4746,.T.);
#6342=ORIENTED_EDGE('',*,*,#4744,.F.);
#6343=ORIENTED_EDGE('',*,*,#4782,.T.);
#6344=ORIENTED_EDGE('',*,*,#4786,.F.);
#6345=ORIENTED_EDGE('',*,*,#4787,.T.);
#6346=ORIENTED_EDGE('',*,*,#4788,.F.);
#6347=ORIENTED_EDGE('',*,*,#4789,.T.);
#6348=ORIENTED_EDGE('',*,*,#4790,.F.);
#6349=ORIENTED_EDGE('',*,*,#4791,.T.);
#6350=ORIENTED_EDGE('',*,*,#4792,.F.);
#6351=ORIENTED_EDGE('',*,*,#4793,.T.);
#6352=ORIENTED_EDGE('',*,*,#4794,.F.);
#6353=ORIENTED_EDGE('',*,*,#4795,.F.);
#6354=ORIENTED_EDGE('',*,*,#4796,.F.);
#6355=ORIENTED_EDGE('',*,*,#4797,.F.);
#6356=ORIENTED_EDGE('',*,*,#4798,.F.);
#6357=ORIENTED_EDGE('',*,*,#4799,.F.);
#6358=ORIENTED_EDGE('',*,*,#4800,.F.);
#6359=ORIENTED_EDGE('',*,*,#4801,.F.);
#6360=ORIENTED_EDGE('',*,*,#4802,.T.);
#6361=ORIENTED_EDGE('',*,*,#4803,.F.);
#6362=ORIENTED_EDGE('',*,*,#4804,.F.);
#6363=ORIENTED_EDGE('',*,*,#4805,.F.);
#6364=ORIENTED_EDGE('',*,*,#4806,.F.);
#6365=ORIENTED_EDGE('',*,*,#4807,.F.);
#6366=ORIENTED_EDGE('',*,*,#4808,.F.);
#6367=ORIENTED_EDGE('',*,*,#4736,.F.);
#6368=ORIENTED_EDGE('',*,*,#4729,.T.);
#6369=ORIENTED_EDGE('',*,*,#4785,.T.);
#6370=ORIENTED_EDGE('',*,*,#4809,.F.);
#6371=ORIENTED_EDGE('',*,*,#4810,.F.);
#6372=ORIENTED_EDGE('',*,*,#4732,.T.);
#6373=ORIENTED_EDGE('',*,*,#4811,.T.);
#6374=ORIENTED_EDGE('',*,*,#4812,.F.);
#6375=ORIENTED_EDGE('',*,*,#4813,.T.);
#6376=ORIENTED_EDGE('',*,*,#4734,.F.);
#6377=ORIENTED_EDGE('',*,*,#4810,.T.);
#6378=ORIENTED_EDGE('',*,*,#4814,.T.);
#6379=ORIENTED_EDGE('',*,*,#4815,.F.);
#6380=ORIENTED_EDGE('',*,*,#4816,.F.);
#6381=ORIENTED_EDGE('',*,*,#4811,.F.);
#6382=ORIENTED_EDGE('',*,*,#4738,.T.);
#6383=ORIENTED_EDGE('',*,*,#4817,.F.);
#6384=ORIENTED_EDGE('',*,*,#4818,.F.);
#6385=ORIENTED_EDGE('',*,*,#4756,.F.);
#6386=ORIENTED_EDGE('',*,*,#4759,.T.);
#6387=ORIENTED_EDGE('',*,*,#4735,.F.);
#6388=ORIENTED_EDGE('',*,*,#4813,.F.);
#6389=ORIENTED_EDGE('',*,*,#4819,.T.);
#6390=ORIENTED_EDGE('',*,*,#4815,.T.);
#6391=ORIENTED_EDGE('',*,*,#4737,.T.);
#6392=ORIENTED_EDGE('',*,*,#4809,.T.);
#6393=ORIENTED_EDGE('',*,*,#4784,.F.);
#6394=ORIENTED_EDGE('',*,*,#4820,.F.);
#6395=ORIENTED_EDGE('',*,*,#4821,.T.);
#6396=ORIENTED_EDGE('',*,*,#4822,.F.);
#6397=ORIENTED_EDGE('',*,*,#4747,.F.);
#6398=ORIENTED_EDGE('',*,*,#4823,.F.);
#6399=ORIENTED_EDGE('',*,*,#4824,.F.);
#6400=ORIENTED_EDGE('',*,*,#4825,.F.);
#6401=ORIENTED_EDGE('',*,*,#4826,.F.);
#6402=ORIENTED_EDGE('',*,*,#4748,.F.);
#6403=ORIENTED_EDGE('',*,*,#4822,.T.);
#6404=ORIENTED_EDGE('',*,*,#4827,.F.);
#6405=ORIENTED_EDGE('',*,*,#4828,.F.);
#6406=ORIENTED_EDGE('',*,*,#4829,.T.);
#6407=ORIENTED_EDGE('',*,*,#4830,.F.);
#6408=ORIENTED_EDGE('',*,*,#4749,.F.);
#6409=ORIENTED_EDGE('',*,*,#4826,.T.);
#6410=ORIENTED_EDGE('',*,*,#4831,.F.);
#6411=ORIENTED_EDGE('',*,*,#4832,.F.);
#6412=ORIENTED_EDGE('',*,*,#4750,.F.);
#6413=ORIENTED_EDGE('',*,*,#4830,.T.);
#6414=ORIENTED_EDGE('',*,*,#4833,.F.);
#6415=ORIENTED_EDGE('',*,*,#4834,.F.);
#6416=ORIENTED_EDGE('',*,*,#4835,.F.);
#6417=ORIENTED_EDGE('',*,*,#4751,.F.);
#6418=ORIENTED_EDGE('',*,*,#4832,.T.);
#6419=ORIENTED_EDGE('',*,*,#4836,.T.);
#6420=ORIENTED_EDGE('',*,*,#4837,.F.);
#6421=ORIENTED_EDGE('',*,*,#4838,.F.);
#6422=ORIENTED_EDGE('',*,*,#4752,.F.);
#6423=ORIENTED_EDGE('',*,*,#4835,.T.);
#6424=ORIENTED_EDGE('',*,*,#4839,.T.);
#6425=ORIENTED_EDGE('',*,*,#4771,.F.);
#6426=ORIENTED_EDGE('',*,*,#4753,.F.);
#6427=ORIENTED_EDGE('',*,*,#4838,.T.);
#6428=ORIENTED_EDGE('',*,*,#4840,.F.);
#6429=ORIENTED_EDGE('',*,*,#4841,.T.);
#6430=ORIENTED_EDGE('',*,*,#4842,.T.);
#6431=ORIENTED_EDGE('',*,*,#4757,.F.);
#6432=ORIENTED_EDGE('',*,*,#4818,.T.);
#6433=ORIENTED_EDGE('',*,*,#4843,.F.);
#6434=ORIENTED_EDGE('',*,*,#4823,.T.);
#6435=ORIENTED_EDGE('',*,*,#4758,.F.);
#6436=ORIENTED_EDGE('',*,*,#4842,.F.);
#6437=ORIENTED_EDGE('',*,*,#4760,.T.);
#6438=ORIENTED_EDGE('',*,*,#4844,.T.);
#6439=ORIENTED_EDGE('',*,*,#4845,.F.);
#6440=ORIENTED_EDGE('',*,*,#4846,.T.);
#6441=ORIENTED_EDGE('',*,*,#4847,.F.);
#6442=ORIENTED_EDGE('',*,*,#4848,.T.);
#6443=ORIENTED_EDGE('',*,*,#4849,.F.);
#6444=ORIENTED_EDGE('',*,*,#4850,.T.);
#6445=ORIENTED_EDGE('',*,*,#4851,.F.);
#6446=ORIENTED_EDGE('',*,*,#4852,.F.);
#6447=ORIENTED_EDGE('',*,*,#4853,.F.);
#6448=ORIENTED_EDGE('',*,*,#4854,.F.);
#6449=ORIENTED_EDGE('',*,*,#4855,.F.);
#6450=ORIENTED_EDGE('',*,*,#4850,.F.);
#6451=ORIENTED_EDGE('',*,*,#4856,.T.);
#6452=ORIENTED_EDGE('',*,*,#4857,.T.);
#6453=ORIENTED_EDGE('',*,*,#4761,.F.);
#6454=ORIENTED_EDGE('',*,*,#4762,.F.);
#6455=ORIENTED_EDGE('',*,*,#4857,.F.);
#6456=ORIENTED_EDGE('',*,*,#4858,.T.);
#6457=ORIENTED_EDGE('',*,*,#4859,.F.);
#6458=ORIENTED_EDGE('',*,*,#4860,.T.);
#6459=ORIENTED_EDGE('',*,*,#4861,.F.);
#6460=ORIENTED_EDGE('',*,*,#4862,.T.);
#6461=ORIENTED_EDGE('',*,*,#4863,.F.);
#6462=ORIENTED_EDGE('',*,*,#4864,.T.);
#6463=ORIENTED_EDGE('',*,*,#4865,.T.);
#6464=ORIENTED_EDGE('',*,*,#4866,.T.);
#6465=ORIENTED_EDGE('',*,*,#4867,.T.);
#6466=ORIENTED_EDGE('',*,*,#4868,.T.);
#6467=ORIENTED_EDGE('',*,*,#4869,.F.);
#6468=ORIENTED_EDGE('',*,*,#4870,.F.);
#6469=ORIENTED_EDGE('',*,*,#4871,.F.);
#6470=ORIENTED_EDGE('',*,*,#4872,.F.);
#6471=ORIENTED_EDGE('',*,*,#4873,.F.);
#6472=ORIENTED_EDGE('',*,*,#4874,.F.);
#6473=ORIENTED_EDGE('',*,*,#4875,.F.);
#6474=ORIENTED_EDGE('',*,*,#4876,.T.);
#6475=ORIENTED_EDGE('',*,*,#4877,.T.);
#6476=ORIENTED_EDGE('',*,*,#4878,.T.);
#6477=ORIENTED_EDGE('',*,*,#4879,.T.);
#6478=ORIENTED_EDGE('',*,*,#4880,.T.);
#6479=ORIENTED_EDGE('',*,*,#4881,.T.);
#6480=ORIENTED_EDGE('',*,*,#4882,.T.);
#6481=ORIENTED_EDGE('',*,*,#4768,.T.);
#6482=ORIENTED_EDGE('',*,*,#4763,.T.);
#6483=ORIENTED_EDGE('',*,*,#4883,.T.);
#6484=ORIENTED_EDGE('',*,*,#4766,.F.);
#6485=ORIENTED_EDGE('',*,*,#4770,.F.);
#6486=ORIENTED_EDGE('',*,*,#4884,.F.);
#6487=ORIENTED_EDGE('',*,*,#4885,.F.);
#6488=ORIENTED_EDGE('',*,*,#4886,.F.);
#6489=ORIENTED_EDGE('',*,*,#4887,.F.);
#6490=ORIENTED_EDGE('',*,*,#4888,.F.);
#6491=ORIENTED_EDGE('',*,*,#4889,.F.);
#6492=ORIENTED_EDGE('',*,*,#4890,.F.);
#6493=ORIENTED_EDGE('',*,*,#4891,.T.);
#6494=ORIENTED_EDGE('',*,*,#4892,.T.);
#6495=ORIENTED_EDGE('',*,*,#4893,.T.);
#6496=ORIENTED_EDGE('',*,*,#4894,.T.);
#6497=ORIENTED_EDGE('',*,*,#4895,.T.);
#6498=ORIENTED_EDGE('',*,*,#4896,.T.);
#6499=ORIENTED_EDGE('',*,*,#4883,.F.);
#6500=ORIENTED_EDGE('',*,*,#4897,.F.);
#6501=ORIENTED_EDGE('',*,*,#4898,.T.);
#6502=ORIENTED_EDGE('',*,*,#4899,.T.);
#6503=ORIENTED_EDGE('',*,*,#4844,.F.);
#6504=ORIENTED_EDGE('',*,*,#4869,.T.);
#6505=ORIENTED_EDGE('',*,*,#4863,.T.);
#6506=ORIENTED_EDGE('',*,*,#4900,.T.);
#6507=ORIENTED_EDGE('',*,*,#4901,.F.);
#6508=ORIENTED_EDGE('',*,*,#4902,.F.);
#6509=ORIENTED_EDGE('',*,*,#4884,.T.);
#6510=ORIENTED_EDGE('',*,*,#4769,.T.);
#6511=ORIENTED_EDGE('',*,*,#4882,.F.);
#6512=ORIENTED_EDGE('',*,*,#4903,.F.);
#6513=ORIENTED_EDGE('',*,*,#4904,.T.);
#6514=ORIENTED_EDGE('',*,*,#4905,.F.);
#6515=ORIENTED_EDGE('',*,*,#4906,.T.);
#6516=ORIENTED_EDGE('',*,*,#4775,.T.);
#6517=ORIENTED_EDGE('',*,*,#4772,.T.);
#6518=ORIENTED_EDGE('',*,*,#4839,.F.);
#6519=ORIENTED_EDGE('',*,*,#4837,.T.);
#6520=ORIENTED_EDGE('',*,*,#4906,.F.);
#6521=ORIENTED_EDGE('',*,*,#4907,.T.);
#6522=ORIENTED_EDGE('',*,*,#4908,.T.);
#6523=ORIENTED_EDGE('',*,*,#4776,.F.);
#6524=ORIENTED_EDGE('',*,*,#4909,.F.);
#6525=ORIENTED_EDGE('',*,*,#4910,.F.);
#6526=ORIENTED_EDGE('',*,*,#4911,.F.);
#6527=ORIENTED_EDGE('',*,*,#4912,.F.);
#6528=ORIENTED_EDGE('',*,*,#4913,.F.);
#6529=ORIENTED_EDGE('',*,*,#4914,.F.);
#6530=ORIENTED_EDGE('',*,*,#4915,.F.);
#6531=ORIENTED_EDGE('',*,*,#4916,.F.);
#6532=ORIENTED_EDGE('',*,*,#4917,.F.);
#6533=ORIENTED_EDGE('',*,*,#4918,.F.);
#6534=ORIENTED_EDGE('',*,*,#4919,.T.);
#6535=ORIENTED_EDGE('',*,*,#4780,.F.);
#6536=ORIENTED_EDGE('',*,*,#4778,.F.);
#6537=ORIENTED_EDGE('',*,*,#4908,.F.);
#6538=ORIENTED_EDGE('',*,*,#4920,.T.);
#6539=ORIENTED_EDGE('',*,*,#4919,.F.);
#6540=ORIENTED_EDGE('',*,*,#4921,.T.);
#6541=ORIENTED_EDGE('',*,*,#4786,.T.);
#6542=ORIENTED_EDGE('',*,*,#4781,.F.);
#6543=ORIENTED_EDGE('',*,*,#4922,.T.);
#6544=ORIENTED_EDGE('',*,*,#4820,.T.);
#6545=ORIENTED_EDGE('',*,*,#4783,.T.);
#6546=ORIENTED_EDGE('',*,*,#4923,.T.);
#6547=ORIENTED_EDGE('',*,*,#4924,.F.);
#6548=ORIENTED_EDGE('',*,*,#4925,.T.);
#6549=ORIENTED_EDGE('',*,*,#4926,.T.);
#6550=ORIENTED_EDGE('',*,*,#4787,.F.);
#6551=ORIENTED_EDGE('',*,*,#4921,.F.);
#6552=ORIENTED_EDGE('',*,*,#4918,.T.);
#6553=ORIENTED_EDGE('',*,*,#4927,.F.);
#6554=ORIENTED_EDGE('',*,*,#4928,.T.);
#6555=ORIENTED_EDGE('',*,*,#4788,.T.);
#6556=ORIENTED_EDGE('',*,*,#4926,.F.);
#6557=ORIENTED_EDGE('',*,*,#4929,.F.);
#6558=ORIENTED_EDGE('',*,*,#4930,.T.);
#6559=ORIENTED_EDGE('',*,*,#4931,.T.);
#6560=ORIENTED_EDGE('',*,*,#4789,.F.);
#6561=ORIENTED_EDGE('',*,*,#4928,.F.);
#6562=ORIENTED_EDGE('',*,*,#4932,.F.);
#6563=ORIENTED_EDGE('',*,*,#4933,.T.);
#6564=ORIENTED_EDGE('',*,*,#4790,.T.);
#6565=ORIENTED_EDGE('',*,*,#4931,.F.);
#6566=ORIENTED_EDGE('',*,*,#4934,.T.);
#6567=ORIENTED_EDGE('',*,*,#4935,.T.);
#6568=ORIENTED_EDGE('',*,*,#4936,.T.);
#6569=ORIENTED_EDGE('',*,*,#4937,.T.);
#6570=ORIENTED_EDGE('',*,*,#4791,.F.);
#6571=ORIENTED_EDGE('',*,*,#4933,.F.);
#6572=ORIENTED_EDGE('',*,*,#4938,.F.);
#6573=ORIENTED_EDGE('',*,*,#4939,.T.);
#6574=ORIENTED_EDGE('',*,*,#4940,.F.);
#6575=ORIENTED_EDGE('',*,*,#4792,.T.);
#6576=ORIENTED_EDGE('',*,*,#4937,.F.);
#6577=ORIENTED_EDGE('',*,*,#4941,.T.);
#6578=ORIENTED_EDGE('',*,*,#4923,.F.);
#6579=ORIENTED_EDGE('',*,*,#4793,.F.);
#6580=ORIENTED_EDGE('',*,*,#4940,.T.);
#6581=ORIENTED_EDGE('',*,*,#4794,.T.);
#6582=ORIENTED_EDGE('',*,*,#4942,.T.);
#6583=ORIENTED_EDGE('',*,*,#4943,.F.);
#6584=ORIENTED_EDGE('',*,*,#4944,.F.);
#6585=ORIENTED_EDGE('',*,*,#4795,.T.);
#6586=ORIENTED_EDGE('',*,*,#4944,.T.);
#6587=ORIENTED_EDGE('',*,*,#4945,.F.);
#6588=ORIENTED_EDGE('',*,*,#4946,.F.);
#6589=ORIENTED_EDGE('',*,*,#4796,.T.);
#6590=ORIENTED_EDGE('',*,*,#4946,.T.);
#6591=ORIENTED_EDGE('',*,*,#4947,.F.);
#6592=ORIENTED_EDGE('',*,*,#4948,.F.);
#6593=ORIENTED_EDGE('',*,*,#4797,.T.);
#6594=ORIENTED_EDGE('',*,*,#4948,.T.);
#6595=ORIENTED_EDGE('',*,*,#4949,.F.);
#6596=ORIENTED_EDGE('',*,*,#4950,.F.);
#6597=ORIENTED_EDGE('',*,*,#4798,.T.);
#6598=ORIENTED_EDGE('',*,*,#4950,.T.);
#6599=ORIENTED_EDGE('',*,*,#4951,.F.);
#6600=ORIENTED_EDGE('',*,*,#4952,.F.);
#6601=ORIENTED_EDGE('',*,*,#4799,.T.);
#6602=ORIENTED_EDGE('',*,*,#4952,.T.);
#6603=ORIENTED_EDGE('',*,*,#4953,.F.);
#6604=ORIENTED_EDGE('',*,*,#4954,.F.);
#6605=ORIENTED_EDGE('',*,*,#4800,.T.);
#6606=ORIENTED_EDGE('',*,*,#4954,.T.);
#6607=ORIENTED_EDGE('',*,*,#4955,.F.);
#6608=ORIENTED_EDGE('',*,*,#4956,.F.);
#6609=ORIENTED_EDGE('',*,*,#4801,.T.);
#6610=ORIENTED_EDGE('',*,*,#4956,.T.);
#6611=ORIENTED_EDGE('',*,*,#4957,.F.);
#6612=ORIENTED_EDGE('',*,*,#4942,.F.);
#6613=ORIENTED_EDGE('',*,*,#4802,.F.);
#6614=ORIENTED_EDGE('',*,*,#4958,.T.);
#6615=ORIENTED_EDGE('',*,*,#4959,.T.);
#6616=ORIENTED_EDGE('',*,*,#4958,.F.);
#6617=ORIENTED_EDGE('',*,*,#4960,.T.);
#6618=ORIENTED_EDGE('',*,*,#4961,.T.);
#6619=ORIENTED_EDGE('',*,*,#4803,.T.);
#6620=ORIENTED_EDGE('',*,*,#4961,.F.);
#6621=ORIENTED_EDGE('',*,*,#4962,.T.);
#6622=ORIENTED_EDGE('',*,*,#4963,.T.);
#6623=ORIENTED_EDGE('',*,*,#4964,.T.);
#6624=ORIENTED_EDGE('',*,*,#4804,.T.);
#6625=ORIENTED_EDGE('',*,*,#4964,.F.);
#6626=ORIENTED_EDGE('',*,*,#4965,.T.);
#6627=ORIENTED_EDGE('',*,*,#4966,.T.);
#6628=ORIENTED_EDGE('',*,*,#4967,.T.);
#6629=ORIENTED_EDGE('',*,*,#4805,.T.);
#6630=ORIENTED_EDGE('',*,*,#4967,.F.);
#6631=ORIENTED_EDGE('',*,*,#4968,.T.);
#6632=ORIENTED_EDGE('',*,*,#4969,.T.);
#6633=ORIENTED_EDGE('',*,*,#4970,.T.);
#6634=ORIENTED_EDGE('',*,*,#4806,.T.);
#6635=ORIENTED_EDGE('',*,*,#4970,.F.);
#6636=ORIENTED_EDGE('',*,*,#4971,.T.);
#6637=ORIENTED_EDGE('',*,*,#4972,.T.);
#6638=ORIENTED_EDGE('',*,*,#4973,.T.);
#6639=ORIENTED_EDGE('',*,*,#4807,.T.);
#6640=ORIENTED_EDGE('',*,*,#4973,.F.);
#6641=ORIENTED_EDGE('',*,*,#4974,.T.);
#6642=ORIENTED_EDGE('',*,*,#4975,.T.);
#6643=ORIENTED_EDGE('',*,*,#4976,.T.);
#6644=ORIENTED_EDGE('',*,*,#4808,.T.);
#6645=ORIENTED_EDGE('',*,*,#4976,.F.);
#6646=ORIENTED_EDGE('',*,*,#4977,.T.);
#6647=ORIENTED_EDGE('',*,*,#4978,.F.);
#6648=ORIENTED_EDGE('',*,*,#4812,.T.);
#6649=ORIENTED_EDGE('',*,*,#4979,.T.);
#6650=ORIENTED_EDGE('',*,*,#4980,.F.);
#6651=ORIENTED_EDGE('',*,*,#4840,.T.);
#6652=ORIENTED_EDGE('',*,*,#4817,.T.);
#6653=ORIENTED_EDGE('',*,*,#4814,.F.);
#6654=ORIENTED_EDGE('',*,*,#4978,.T.);
#6655=ORIENTED_EDGE('',*,*,#4981,.T.);
#6656=ORIENTED_EDGE('',*,*,#4922,.F.);
#6657=ORIENTED_EDGE('',*,*,#4982,.F.);
#6658=ORIENTED_EDGE('',*,*,#4979,.F.);
#6659=ORIENTED_EDGE('',*,*,#4816,.T.);
#6660=ORIENTED_EDGE('',*,*,#4819,.F.);
#6661=ORIENTED_EDGE('',*,*,#4983,.F.);
#6662=ORIENTED_EDGE('',*,*,#4984,.T.);
#6663=ORIENTED_EDGE('',*,*,#4827,.T.);
#6664=ORIENTED_EDGE('',*,*,#4821,.F.);
#6665=ORIENTED_EDGE('',*,*,#4985,.F.);
#6666=ORIENTED_EDGE('',*,*,#4986,.T.);
#6667=ORIENTED_EDGE('',*,*,#4841,.F.);
#6668=ORIENTED_EDGE('',*,*,#4981,.F.);
#6669=ORIENTED_EDGE('',*,*,#4987,.T.);
#6670=ORIENTED_EDGE('',*,*,#4985,.T.);
#6671=ORIENTED_EDGE('',*,*,#4824,.T.);
#6672=ORIENTED_EDGE('',*,*,#4843,.T.);
#6673=ORIENTED_EDGE('',*,*,#4988,.F.);
#6674=ORIENTED_EDGE('',*,*,#4833,.T.);
#6675=ORIENTED_EDGE('',*,*,#4829,.F.);
#6676=ORIENTED_EDGE('',*,*,#4825,.T.);
#6677=ORIENTED_EDGE('',*,*,#4989,.F.);
#6678=ORIENTED_EDGE('',*,*,#4990,.T.);
#6679=ORIENTED_EDGE('',*,*,#4991,.T.);
#6680=ORIENTED_EDGE('',*,*,#4992,.T.);
#6681=ORIENTED_EDGE('',*,*,#4989,.T.);
#6682=ORIENTED_EDGE('',*,*,#4828,.T.);
#6683=ORIENTED_EDGE('',*,*,#4984,.F.);
#6684=ORIENTED_EDGE('',*,*,#4988,.T.);
#6685=ORIENTED_EDGE('',*,*,#4993,.F.);
#6686=ORIENTED_EDGE('',*,*,#4994,.F.);
#6687=ORIENTED_EDGE('',*,*,#4831,.T.);
#6688=ORIENTED_EDGE('',*,*,#4834,.T.);
#6689=ORIENTED_EDGE('',*,*,#4994,.T.);
#6690=ORIENTED_EDGE('',*,*,#4995,.T.);
#6691=ORIENTED_EDGE('',*,*,#4996,.F.);
#6692=ORIENTED_EDGE('',*,*,#4997,.F.);
#6693=ORIENTED_EDGE('',*,*,#4998,.T.);
#6694=ORIENTED_EDGE('',*,*,#4904,.F.);
#6695=ORIENTED_EDGE('',*,*,#4836,.F.);
#6696=ORIENTED_EDGE('',*,*,#4998,.F.);
#6697=ORIENTED_EDGE('',*,*,#4999,.F.);
#6698=ORIENTED_EDGE('',*,*,#5000,.F.);
#6699=ORIENTED_EDGE('',*,*,#5001,.T.);
#6700=ORIENTED_EDGE('',*,*,#4845,.T.);
#6701=ORIENTED_EDGE('',*,*,#4899,.F.);
#6702=ORIENTED_EDGE('',*,*,#4891,.F.);
#6703=ORIENTED_EDGE('',*,*,#4846,.F.);
#6704=ORIENTED_EDGE('',*,*,#5001,.F.);
#6705=ORIENTED_EDGE('',*,*,#5002,.T.);
#6706=ORIENTED_EDGE('',*,*,#5003,.T.);
#6707=ORIENTED_EDGE('',*,*,#4847,.T.);
#6708=ORIENTED_EDGE('',*,*,#4890,.T.);
#6709=ORIENTED_EDGE('',*,*,#5004,.T.);
#6710=ORIENTED_EDGE('',*,*,#5005,.F.);
#6711=ORIENTED_EDGE('',*,*,#5006,.T.);
#6712=ORIENTED_EDGE('',*,*,#4876,.F.);
#6713=ORIENTED_EDGE('',*,*,#4860,.F.);
#6714=ORIENTED_EDGE('',*,*,#5007,.F.);
#6715=ORIENTED_EDGE('',*,*,#4848,.F.);
#6716=ORIENTED_EDGE('',*,*,#5007,.T.);
#6717=ORIENTED_EDGE('',*,*,#4859,.T.);
#6718=ORIENTED_EDGE('',*,*,#5008,.F.);
#6719=ORIENTED_EDGE('',*,*,#4856,.F.);
#6720=ORIENTED_EDGE('',*,*,#4849,.T.);
#6721=ORIENTED_EDGE('',*,*,#5008,.T.);
#6722=ORIENTED_EDGE('',*,*,#4858,.F.);
#6723=ORIENTED_EDGE('',*,*,#5009,.F.);
#6724=ORIENTED_EDGE('',*,*,#5010,.F.);
#6725=ORIENTED_EDGE('',*,*,#5011,.F.);
#6726=ORIENTED_EDGE('',*,*,#5012,.F.);
#6727=ORIENTED_EDGE('',*,*,#5013,.T.);
#6728=ORIENTED_EDGE('',*,*,#5014,.T.);
#6729=ORIENTED_EDGE('',*,*,#5015,.T.);
#6730=ORIENTED_EDGE('',*,*,#5016,.T.);
#6731=ORIENTED_EDGE('',*,*,#5017,.F.);
#6732=ORIENTED_EDGE('',*,*,#5018,.F.);
#6733=ORIENTED_EDGE('',*,*,#4851,.T.);
#6734=ORIENTED_EDGE('',*,*,#5019,.T.);
#6735=ORIENTED_EDGE('',*,*,#5020,.F.);
#6736=ORIENTED_EDGE('',*,*,#5021,.F.);
#6737=ORIENTED_EDGE('',*,*,#4852,.T.);
#6738=ORIENTED_EDGE('',*,*,#5018,.T.);
#6739=ORIENTED_EDGE('',*,*,#5022,.F.);
#6740=ORIENTED_EDGE('',*,*,#5023,.F.);
#6741=ORIENTED_EDGE('',*,*,#4853,.T.);
#6742=ORIENTED_EDGE('',*,*,#5021,.T.);
#6743=ORIENTED_EDGE('',*,*,#5024,.F.);
#6744=ORIENTED_EDGE('',*,*,#5019,.F.);
#6745=ORIENTED_EDGE('',*,*,#4854,.T.);
#6746=ORIENTED_EDGE('',*,*,#5023,.T.);
#6747=ORIENTED_EDGE('',*,*,#5025,.F.);
#6748=ORIENTED_EDGE('',*,*,#5026,.T.);
#6749=ORIENTED_EDGE('',*,*,#4855,.T.);
#6750=ORIENTED_EDGE('',*,*,#5026,.F.);
#6751=ORIENTED_EDGE('',*,*,#4875,.T.);
#6752=ORIENTED_EDGE('',*,*,#5027,.T.);
#6753=ORIENTED_EDGE('',*,*,#5028,.F.);
#6754=ORIENTED_EDGE('',*,*,#5029,.F.);
#6755=ORIENTED_EDGE('',*,*,#4861,.T.);
#6756=ORIENTED_EDGE('',*,*,#4862,.F.);
#6757=ORIENTED_EDGE('',*,*,#5029,.T.);
#6758=ORIENTED_EDGE('',*,*,#5030,.T.);
#6759=ORIENTED_EDGE('',*,*,#4900,.F.);
#6760=ORIENTED_EDGE('',*,*,#4864,.F.);
#6761=ORIENTED_EDGE('',*,*,#5031,.F.);
#6762=ORIENTED_EDGE('',*,*,#5032,.T.);
#6763=ORIENTED_EDGE('',*,*,#5033,.T.);
#6764=ORIENTED_EDGE('',*,*,#4865,.F.);
#6765=ORIENTED_EDGE('',*,*,#5033,.F.);
#6766=ORIENTED_EDGE('',*,*,#5034,.T.);
#6767=ORIENTED_EDGE('',*,*,#5035,.T.);
#6768=ORIENTED_EDGE('',*,*,#4866,.F.);
#6769=ORIENTED_EDGE('',*,*,#5035,.F.);
#6770=ORIENTED_EDGE('',*,*,#5036,.T.);
#6771=ORIENTED_EDGE('',*,*,#5037,.T.);
#6772=ORIENTED_EDGE('',*,*,#4867,.F.);
#6773=ORIENTED_EDGE('',*,*,#5037,.F.);
#6774=ORIENTED_EDGE('',*,*,#5038,.T.);
#6775=ORIENTED_EDGE('',*,*,#5031,.T.);
#6776=ORIENTED_EDGE('',*,*,#4868,.F.);
#6777=ORIENTED_EDGE('',*,*,#5039,.T.);
#6778=ORIENTED_EDGE('',*,*,#5040,.T.);
#6779=ORIENTED_EDGE('',*,*,#5039,.F.);
#6780=ORIENTED_EDGE('',*,*,#4870,.T.);
#6781=ORIENTED_EDGE('',*,*,#4902,.T.);
#6782=ORIENTED_EDGE('',*,*,#5041,.F.);
#6783=ORIENTED_EDGE('',*,*,#5042,.F.);
#6784=ORIENTED_EDGE('',*,*,#4871,.T.);
#6785=ORIENTED_EDGE('',*,*,#5042,.T.);
#6786=ORIENTED_EDGE('',*,*,#5043,.F.);
#6787=ORIENTED_EDGE('',*,*,#5044,.F.);
#6788=ORIENTED_EDGE('',*,*,#4872,.T.);
#6789=ORIENTED_EDGE('',*,*,#5044,.T.);
#6790=ORIENTED_EDGE('',*,*,#5045,.F.);
#6791=ORIENTED_EDGE('',*,*,#5046,.F.);
#6792=ORIENTED_EDGE('',*,*,#4873,.T.);
#6793=ORIENTED_EDGE('',*,*,#5046,.T.);
#6794=ORIENTED_EDGE('',*,*,#5047,.F.);
#6795=ORIENTED_EDGE('',*,*,#5048,.F.);
#6796=ORIENTED_EDGE('',*,*,#4874,.T.);
#6797=ORIENTED_EDGE('',*,*,#5048,.T.);
#6798=ORIENTED_EDGE('',*,*,#5049,.F.);
#6799=ORIENTED_EDGE('',*,*,#5027,.F.);
#6800=ORIENTED_EDGE('',*,*,#5050,.T.);
#6801=ORIENTED_EDGE('',*,*,#4983,.T.);
#6802=ORIENTED_EDGE('',*,*,#5004,.F.);
#6803=ORIENTED_EDGE('',*,*,#4889,.T.);
#6804=ORIENTED_EDGE('',*,*,#5051,.T.);
#6805=ORIENTED_EDGE('',*,*,#4877,.F.);
#6806=ORIENTED_EDGE('',*,*,#5006,.F.);
#6807=ORIENTED_EDGE('',*,*,#5052,.F.);
#6808=ORIENTED_EDGE('',*,*,#4888,.T.);
#6809=ORIENTED_EDGE('',*,*,#5053,.T.);
#6810=ORIENTED_EDGE('',*,*,#4878,.F.);
#6811=ORIENTED_EDGE('',*,*,#5051,.F.);
#6812=ORIENTED_EDGE('',*,*,#4887,.T.);
#6813=ORIENTED_EDGE('',*,*,#5054,.T.);
#6814=ORIENTED_EDGE('',*,*,#4879,.F.);
#6815=ORIENTED_EDGE('',*,*,#5053,.F.);
#6816=ORIENTED_EDGE('',*,*,#4886,.T.);
#6817=ORIENTED_EDGE('',*,*,#5055,.T.);
#6818=ORIENTED_EDGE('',*,*,#4880,.F.);
#6819=ORIENTED_EDGE('',*,*,#5054,.F.);
#6820=ORIENTED_EDGE('',*,*,#5056,.T.);
#6821=ORIENTED_EDGE('',*,*,#5057,.T.);
#6822=ORIENTED_EDGE('',*,*,#5058,.T.);
#6823=ORIENTED_EDGE('',*,*,#5059,.T.);
#6824=ORIENTED_EDGE('',*,*,#5060,.F.);
#6825=ORIENTED_EDGE('',*,*,#5061,.F.);
#6826=ORIENTED_EDGE('',*,*,#5062,.F.);
#6827=ORIENTED_EDGE('',*,*,#5063,.F.);
#6828=ORIENTED_EDGE('',*,*,#4885,.T.);
#6829=ORIENTED_EDGE('',*,*,#4903,.T.);
#6830=ORIENTED_EDGE('',*,*,#4881,.F.);
#6831=ORIENTED_EDGE('',*,*,#5055,.F.);
#6832=ORIENTED_EDGE('',*,*,#4892,.F.);
#6833=ORIENTED_EDGE('',*,*,#5003,.F.);
#6834=ORIENTED_EDGE('',*,*,#5064,.T.);
#6835=ORIENTED_EDGE('',*,*,#5065,.T.);
#6836=ORIENTED_EDGE('',*,*,#4893,.F.);
#6837=ORIENTED_EDGE('',*,*,#5065,.F.);
#6838=ORIENTED_EDGE('',*,*,#5066,.T.);
#6839=ORIENTED_EDGE('',*,*,#5067,.T.);
#6840=ORIENTED_EDGE('',*,*,#4894,.F.);
#6841=ORIENTED_EDGE('',*,*,#5067,.F.);
#6842=ORIENTED_EDGE('',*,*,#5068,.T.);
#6843=ORIENTED_EDGE('',*,*,#5069,.T.);
#6844=ORIENTED_EDGE('',*,*,#4895,.F.);
#6845=ORIENTED_EDGE('',*,*,#5069,.F.);
#6846=ORIENTED_EDGE('',*,*,#5070,.T.);
#6847=ORIENTED_EDGE('',*,*,#5071,.T.);
#6848=ORIENTED_EDGE('',*,*,#4896,.F.);
#6849=ORIENTED_EDGE('',*,*,#5071,.F.);
#6850=ORIENTED_EDGE('',*,*,#5072,.T.);
#6851=ORIENTED_EDGE('',*,*,#4897,.T.);
#6852=ORIENTED_EDGE('',*,*,#5000,.T.);
#6853=ORIENTED_EDGE('',*,*,#4898,.F.);
#6854=ORIENTED_EDGE('',*,*,#5072,.F.);
#6855=ORIENTED_EDGE('',*,*,#5070,.F.);
#6856=ORIENTED_EDGE('',*,*,#5068,.F.);
#6857=ORIENTED_EDGE('',*,*,#5066,.F.);
#6858=ORIENTED_EDGE('',*,*,#5064,.F.);
#6859=ORIENTED_EDGE('',*,*,#5002,.F.);
#6860=ORIENTED_EDGE('',*,*,#5017,.T.);
#6861=ORIENTED_EDGE('',*,*,#5024,.T.);
#6862=ORIENTED_EDGE('',*,*,#5022,.T.);
#6863=ORIENTED_EDGE('',*,*,#5020,.T.);
#6864=ORIENTED_EDGE('',*,*,#5025,.T.);
#6865=ORIENTED_EDGE('',*,*,#5073,.F.);
#6866=ORIENTED_EDGE('',*,*,#5074,.F.);
#6867=ORIENTED_EDGE('',*,*,#5075,.F.);
#6868=ORIENTED_EDGE('',*,*,#5076,.F.);
#6869=ORIENTED_EDGE('',*,*,#5030,.F.);
#6870=ORIENTED_EDGE('',*,*,#5028,.T.);
#6871=ORIENTED_EDGE('',*,*,#5049,.T.);
#6872=ORIENTED_EDGE('',*,*,#5047,.T.);
#6873=ORIENTED_EDGE('',*,*,#5045,.T.);
#6874=ORIENTED_EDGE('',*,*,#5043,.T.);
#6875=ORIENTED_EDGE('',*,*,#5041,.T.);
#6876=ORIENTED_EDGE('',*,*,#4901,.T.);
#6877=ORIENTED_EDGE('',*,*,#5032,.F.);
#6878=ORIENTED_EDGE('',*,*,#5038,.F.);
#6879=ORIENTED_EDGE('',*,*,#5036,.F.);
#6880=ORIENTED_EDGE('',*,*,#5034,.F.);
#6881=ORIENTED_EDGE('',*,*,#5040,.F.);
#6882=ORIENTED_EDGE('',*,*,#5077,.F.);
#6883=ORIENTED_EDGE('',*,*,#4920,.F.);
#6884=ORIENTED_EDGE('',*,*,#4907,.F.);
#6885=ORIENTED_EDGE('',*,*,#4905,.T.);
#6886=ORIENTED_EDGE('',*,*,#5077,.T.);
#6887=ORIENTED_EDGE('',*,*,#4999,.T.);
#6888=ORIENTED_EDGE('',*,*,#4997,.T.);
#6889=ORIENTED_EDGE('',*,*,#5078,.F.);
#6890=ORIENTED_EDGE('',*,*,#5079,.F.);
#6891=ORIENTED_EDGE('',*,*,#5080,.T.);
#6892=ORIENTED_EDGE('',*,*,#4909,.T.);
#6893=ORIENTED_EDGE('',*,*,#5081,.F.);
#6894=ORIENTED_EDGE('',*,*,#5082,.F.);
#6895=ORIENTED_EDGE('',*,*,#5083,.T.);
#6896=ORIENTED_EDGE('',*,*,#4910,.T.);
#6897=ORIENTED_EDGE('',*,*,#5083,.F.);
#6898=ORIENTED_EDGE('',*,*,#5084,.F.);
#6899=ORIENTED_EDGE('',*,*,#5085,.T.);
#6900=ORIENTED_EDGE('',*,*,#4911,.T.);
#6901=ORIENTED_EDGE('',*,*,#5085,.F.);
#6902=ORIENTED_EDGE('',*,*,#5086,.F.);
#6903=ORIENTED_EDGE('',*,*,#5087,.T.);
#6904=ORIENTED_EDGE('',*,*,#4912,.T.);
#6905=ORIENTED_EDGE('',*,*,#5087,.F.);
#6906=ORIENTED_EDGE('',*,*,#5088,.F.);
#6907=ORIENTED_EDGE('',*,*,#5089,.T.);
#6908=ORIENTED_EDGE('',*,*,#4913,.T.);
#6909=ORIENTED_EDGE('',*,*,#5089,.F.);
#6910=ORIENTED_EDGE('',*,*,#5090,.F.);
#6911=ORIENTED_EDGE('',*,*,#5091,.T.);
#6912=ORIENTED_EDGE('',*,*,#4914,.T.);
#6913=ORIENTED_EDGE('',*,*,#5091,.F.);
#6914=ORIENTED_EDGE('',*,*,#5092,.F.);
#6915=ORIENTED_EDGE('',*,*,#5093,.T.);
#6916=ORIENTED_EDGE('',*,*,#4915,.T.);
#6917=ORIENTED_EDGE('',*,*,#5093,.F.);
#6918=ORIENTED_EDGE('',*,*,#5094,.F.);
#6919=ORIENTED_EDGE('',*,*,#5095,.T.);
#6920=ORIENTED_EDGE('',*,*,#4916,.T.);
#6921=ORIENTED_EDGE('',*,*,#5095,.F.);
#6922=ORIENTED_EDGE('',*,*,#5096,.F.);
#6923=ORIENTED_EDGE('',*,*,#5081,.T.);
#6924=ORIENTED_EDGE('',*,*,#4917,.T.);
#6925=ORIENTED_EDGE('',*,*,#5080,.F.);
#6926=ORIENTED_EDGE('',*,*,#5097,.F.);
#6927=ORIENTED_EDGE('',*,*,#4925,.F.);
#6928=ORIENTED_EDGE('',*,*,#4924,.T.);
#6929=ORIENTED_EDGE('',*,*,#4941,.F.);
#6930=ORIENTED_EDGE('',*,*,#4939,.F.);
#6931=ORIENTED_EDGE('',*,*,#5098,.F.);
#6932=ORIENTED_EDGE('',*,*,#5099,.F.);
#6933=ORIENTED_EDGE('',*,*,#4982,.T.);
#6934=ORIENTED_EDGE('',*,*,#4927,.T.);
#6935=ORIENTED_EDGE('',*,*,#5097,.T.);
#6936=ORIENTED_EDGE('',*,*,#5079,.T.);
#6937=ORIENTED_EDGE('',*,*,#5100,.F.);
#6938=ORIENTED_EDGE('',*,*,#5101,.F.);
#6939=ORIENTED_EDGE('',*,*,#5102,.T.);
#6940=ORIENTED_EDGE('',*,*,#5103,.F.);
#6941=ORIENTED_EDGE('',*,*,#4929,.T.);
#6942=ORIENTED_EDGE('',*,*,#5102,.F.);
#6943=ORIENTED_EDGE('',*,*,#5104,.F.);
#6944=ORIENTED_EDGE('',*,*,#5103,.T.);
#6945=ORIENTED_EDGE('',*,*,#5105,.F.);
#6946=ORIENTED_EDGE('',*,*,#5106,.F.);
#6947=ORIENTED_EDGE('',*,*,#5107,.T.);
#6948=ORIENTED_EDGE('',*,*,#4934,.F.);
#6949=ORIENTED_EDGE('',*,*,#4932,.T.);
#6950=ORIENTED_EDGE('',*,*,#4930,.F.);
#6951=ORIENTED_EDGE('',*,*,#5108,.F.);
#6952=ORIENTED_EDGE('',*,*,#5109,.T.);
#6953=ORIENTED_EDGE('',*,*,#4935,.F.);
#6954=ORIENTED_EDGE('',*,*,#5107,.F.);
#6955=ORIENTED_EDGE('',*,*,#5052,.T.);
#6956=ORIENTED_EDGE('',*,*,#5110,.F.);
#6957=ORIENTED_EDGE('',*,*,#5098,.T.);
#6958=ORIENTED_EDGE('',*,*,#4938,.T.);
#6959=ORIENTED_EDGE('',*,*,#4936,.F.);
#6960=ORIENTED_EDGE('',*,*,#5109,.F.);
#6961=ORIENTED_EDGE('',*,*,#4943,.T.);
#6962=ORIENTED_EDGE('',*,*,#4957,.T.);
#6963=ORIENTED_EDGE('',*,*,#4955,.T.);
#6964=ORIENTED_EDGE('',*,*,#4953,.T.);
#6965=ORIENTED_EDGE('',*,*,#4951,.T.);
#6966=ORIENTED_EDGE('',*,*,#4949,.T.);
#6967=ORIENTED_EDGE('',*,*,#4947,.T.);
#6968=ORIENTED_EDGE('',*,*,#4945,.T.);
#6969=ORIENTED_EDGE('',*,*,#5111,.F.);
#6970=ORIENTED_EDGE('',*,*,#5112,.F.);
#6971=ORIENTED_EDGE('',*,*,#5113,.F.);
#6972=ORIENTED_EDGE('',*,*,#5114,.F.);
#6973=ORIENTED_EDGE('',*,*,#5115,.F.);
#6974=ORIENTED_EDGE('',*,*,#5116,.F.);
#6975=ORIENTED_EDGE('',*,*,#5117,.F.);
#6976=ORIENTED_EDGE('',*,*,#5118,.F.);
#6977=ORIENTED_EDGE('',*,*,#5119,.F.);
#6978=ORIENTED_EDGE('',*,*,#5120,.F.);
#6979=ORIENTED_EDGE('',*,*,#5121,.F.);
#6980=ORIENTED_EDGE('',*,*,#5122,.F.);
#6981=ORIENTED_EDGE('',*,*,#5123,.F.);
#6982=ORIENTED_EDGE('',*,*,#5124,.F.);
#6983=ORIENTED_EDGE('',*,*,#5125,.F.);
#6984=ORIENTED_EDGE('',*,*,#5126,.F.);
#6985=ORIENTED_EDGE('',*,*,#5127,.F.);
#6986=ORIENTED_EDGE('',*,*,#5128,.F.);
#6987=ORIENTED_EDGE('',*,*,#4959,.F.);
#6988=ORIENTED_EDGE('',*,*,#4960,.F.);
#6989=ORIENTED_EDGE('',*,*,#5129,.T.);
#6990=ORIENTED_EDGE('',*,*,#5130,.T.);
#6991=ORIENTED_EDGE('',*,*,#5129,.F.);
#6992=ORIENTED_EDGE('',*,*,#4962,.F.);
#6993=ORIENTED_EDGE('',*,*,#4963,.F.);
#6994=ORIENTED_EDGE('',*,*,#5131,.T.);
#6995=ORIENTED_EDGE('',*,*,#5132,.T.);
#6996=ORIENTED_EDGE('',*,*,#5131,.F.);
#6997=ORIENTED_EDGE('',*,*,#4965,.F.);
#6998=ORIENTED_EDGE('',*,*,#4966,.F.);
#6999=ORIENTED_EDGE('',*,*,#5133,.T.);
#7000=ORIENTED_EDGE('',*,*,#5134,.T.);
#7001=ORIENTED_EDGE('',*,*,#5133,.F.);
#7002=ORIENTED_EDGE('',*,*,#4968,.F.);
#7003=ORIENTED_EDGE('',*,*,#4969,.F.);
#7004=ORIENTED_EDGE('',*,*,#5135,.T.);
#7005=ORIENTED_EDGE('',*,*,#5136,.T.);
#7006=ORIENTED_EDGE('',*,*,#5135,.F.);
#7007=ORIENTED_EDGE('',*,*,#4971,.F.);
#7008=ORIENTED_EDGE('',*,*,#4972,.F.);
#7009=ORIENTED_EDGE('',*,*,#5137,.T.);
#7010=ORIENTED_EDGE('',*,*,#5138,.T.);
#7011=ORIENTED_EDGE('',*,*,#5137,.F.);
#7012=ORIENTED_EDGE('',*,*,#4974,.F.);
#7013=ORIENTED_EDGE('',*,*,#4975,.F.);
#7014=ORIENTED_EDGE('',*,*,#5139,.T.);
#7015=ORIENTED_EDGE('',*,*,#5140,.T.);
#7016=ORIENTED_EDGE('',*,*,#5139,.F.);
#7017=ORIENTED_EDGE('',*,*,#4977,.F.);
#7018=ORIENTED_EDGE('',*,*,#4987,.F.);
#7019=ORIENTED_EDGE('',*,*,#4980,.T.);
#7020=ORIENTED_EDGE('',*,*,#5099,.T.);
#7021=ORIENTED_EDGE('',*,*,#5141,.F.);
#7022=ORIENTED_EDGE('',*,*,#5005,.T.);
#7023=ORIENTED_EDGE('',*,*,#4986,.F.);
#7024=ORIENTED_EDGE('',*,*,#5141,.T.);
#7025=ORIENTED_EDGE('',*,*,#5110,.T.);
#7026=ORIENTED_EDGE('',*,*,#5050,.F.);
#7027=ORIENTED_EDGE('',*,*,#5108,.T.);
#7028=ORIENTED_EDGE('',*,*,#5142,.F.);
#7029=ORIENTED_EDGE('',*,*,#4992,.F.);
#7030=ORIENTED_EDGE('',*,*,#4990,.F.);
#7031=ORIENTED_EDGE('',*,*,#5142,.T.);
#7032=ORIENTED_EDGE('',*,*,#5106,.T.);
#7033=ORIENTED_EDGE('',*,*,#5143,.F.);
#7034=ORIENTED_EDGE('',*,*,#5144,.F.);
#7035=ORIENTED_EDGE('',*,*,#4991,.F.);
#7036=ORIENTED_EDGE('',*,*,#5143,.T.);
#7037=ORIENTED_EDGE('',*,*,#5105,.T.);
#7038=ORIENTED_EDGE('',*,*,#5144,.T.);
#7039=ORIENTED_EDGE('',*,*,#5104,.T.);
#7040=ORIENTED_EDGE('',*,*,#5101,.T.);
#7041=ORIENTED_EDGE('',*,*,#5145,.F.);
#7042=ORIENTED_EDGE('',*,*,#4995,.F.);
#7043=ORIENTED_EDGE('',*,*,#4993,.T.);
#7044=ORIENTED_EDGE('',*,*,#4996,.T.);
#7045=ORIENTED_EDGE('',*,*,#5145,.T.);
#7046=ORIENTED_EDGE('',*,*,#5100,.T.);
#7047=ORIENTED_EDGE('',*,*,#5078,.T.);
#7048=ORIENTED_EDGE('',*,*,#5146,.T.);
#7049=ORIENTED_EDGE('',*,*,#5147,.F.);
#7050=ORIENTED_EDGE('',*,*,#5148,.T.);
#7051=ORIENTED_EDGE('',*,*,#5009,.T.);
#7052=ORIENTED_EDGE('',*,*,#5148,.F.);
#7053=ORIENTED_EDGE('',*,*,#5149,.F.);
#7054=ORIENTED_EDGE('',*,*,#5150,.T.);
#7055=ORIENTED_EDGE('',*,*,#5010,.T.);
#7056=ORIENTED_EDGE('',*,*,#5150,.F.);
#7057=ORIENTED_EDGE('',*,*,#5058,.F.);
#7058=ORIENTED_EDGE('',*,*,#5151,.T.);
#7059=ORIENTED_EDGE('',*,*,#5011,.T.);
#7060=ORIENTED_EDGE('',*,*,#5151,.F.);
#7061=ORIENTED_EDGE('',*,*,#5059,.F.);
#7062=ORIENTED_EDGE('',*,*,#5152,.T.);
#7063=ORIENTED_EDGE('',*,*,#5012,.T.);
#7064=ORIENTED_EDGE('',*,*,#5152,.F.);
#7065=ORIENTED_EDGE('',*,*,#5013,.F.);
#7066=ORIENTED_EDGE('',*,*,#5153,.T.);
#7067=ORIENTED_EDGE('',*,*,#5060,.T.);
#7068=ORIENTED_EDGE('',*,*,#5153,.F.);
#7069=ORIENTED_EDGE('',*,*,#5014,.F.);
#7070=ORIENTED_EDGE('',*,*,#5154,.T.);
#7071=ORIENTED_EDGE('',*,*,#5061,.T.);
#7072=ORIENTED_EDGE('',*,*,#5154,.F.);
#7073=ORIENTED_EDGE('',*,*,#5015,.F.);
#7074=ORIENTED_EDGE('',*,*,#5155,.T.);
#7075=ORIENTED_EDGE('',*,*,#5062,.T.);
#7076=ORIENTED_EDGE('',*,*,#5155,.F.);
#7077=ORIENTED_EDGE('',*,*,#5016,.F.);
#7078=ORIENTED_EDGE('',*,*,#5156,.T.);
#7079=ORIENTED_EDGE('',*,*,#5063,.T.);
#7080=ORIENTED_EDGE('',*,*,#5156,.F.);
#7081=ORIENTED_EDGE('',*,*,#5056,.F.);
#7082=ORIENTED_EDGE('',*,*,#5157,.T.);
#7083=ORIENTED_EDGE('',*,*,#5158,.T.);
#7084=ORIENTED_EDGE('',*,*,#5157,.F.);
#7085=ORIENTED_EDGE('',*,*,#5057,.F.);
#7086=ORIENTED_EDGE('',*,*,#5159,.T.);
#7087=ORIENTED_EDGE('',*,*,#5160,.T.);
#7088=ORIENTED_EDGE('',*,*,#5159,.F.);
#7089=ORIENTED_EDGE('',*,*,#5073,.T.);
#7090=ORIENTED_EDGE('',*,*,#5161,.F.);
#7091=ORIENTED_EDGE('',*,*,#5162,.F.);
#7092=ORIENTED_EDGE('',*,*,#5163,.T.);
#7093=ORIENTED_EDGE('',*,*,#5074,.T.);
#7094=ORIENTED_EDGE('',*,*,#5163,.F.);
#7095=ORIENTED_EDGE('',*,*,#5164,.F.);
#7096=ORIENTED_EDGE('',*,*,#5165,.T.);
#7097=ORIENTED_EDGE('',*,*,#5075,.T.);
#7098=ORIENTED_EDGE('',*,*,#5165,.F.);
#7099=ORIENTED_EDGE('',*,*,#5166,.F.);
#7100=ORIENTED_EDGE('',*,*,#5167,.T.);
#7101=ORIENTED_EDGE('',*,*,#5076,.T.);
#7102=ORIENTED_EDGE('',*,*,#5167,.F.);
#7103=ORIENTED_EDGE('',*,*,#5168,.F.);
#7104=ORIENTED_EDGE('',*,*,#5161,.T.);
#7105=ORIENTED_EDGE('',*,*,#5084,.T.);
#7106=ORIENTED_EDGE('',*,*,#5082,.T.);
#7107=ORIENTED_EDGE('',*,*,#5096,.T.);
#7108=ORIENTED_EDGE('',*,*,#5094,.T.);
#7109=ORIENTED_EDGE('',*,*,#5092,.T.);
#7110=ORIENTED_EDGE('',*,*,#5090,.T.);
#7111=ORIENTED_EDGE('',*,*,#5088,.T.);
#7112=ORIENTED_EDGE('',*,*,#5086,.T.);
#7113=ORIENTED_EDGE('',*,*,#5111,.T.);
#7114=ORIENTED_EDGE('',*,*,#5169,.T.);
#7115=ORIENTED_EDGE('',*,*,#5170,.T.);
#7116=ORIENTED_EDGE('',*,*,#5171,.F.);
#7117=ORIENTED_EDGE('',*,*,#5172,.F.);
#7118=ORIENTED_EDGE('',*,*,#5112,.T.);
#7119=ORIENTED_EDGE('',*,*,#5172,.T.);
#7120=ORIENTED_EDGE('',*,*,#5173,.F.);
#7121=ORIENTED_EDGE('',*,*,#5174,.T.);
#7122=ORIENTED_EDGE('',*,*,#5113,.T.);
#7123=ORIENTED_EDGE('',*,*,#5174,.F.);
#7124=ORIENTED_EDGE('',*,*,#5175,.F.);
#7125=ORIENTED_EDGE('',*,*,#5176,.T.);
#7126=ORIENTED_EDGE('',*,*,#5114,.T.);
#7127=ORIENTED_EDGE('',*,*,#5176,.F.);
#7128=ORIENTED_EDGE('',*,*,#5177,.F.);
#7129=ORIENTED_EDGE('',*,*,#5178,.F.);
#7130=ORIENTED_EDGE('',*,*,#5115,.T.);
#7131=ORIENTED_EDGE('',*,*,#5178,.T.);
#7132=ORIENTED_EDGE('',*,*,#5179,.F.);
#7133=ORIENTED_EDGE('',*,*,#5180,.F.);
#7134=ORIENTED_EDGE('',*,*,#5181,.T.);
#7135=ORIENTED_EDGE('',*,*,#5182,.F.);
#7136=ORIENTED_EDGE('',*,*,#5183,.T.);
#7137=ORIENTED_EDGE('',*,*,#5184,.T.);
#7138=ORIENTED_EDGE('',*,*,#5185,.T.);
#7139=ORIENTED_EDGE('',*,*,#5116,.T.);
#7140=ORIENTED_EDGE('',*,*,#5186,.T.);
#7141=ORIENTED_EDGE('',*,*,#5187,.T.);
#7142=ORIENTED_EDGE('',*,*,#5188,.T.);
#7143=ORIENTED_EDGE('',*,*,#5128,.T.);
#7144=ORIENTED_EDGE('',*,*,#5189,.T.);
#7145=ORIENTED_EDGE('',*,*,#5190,.T.);
#7146=ORIENTED_EDGE('',*,*,#5191,.T.);
#7147=ORIENTED_EDGE('',*,*,#5122,.T.);
#7148=ORIENTED_EDGE('',*,*,#5192,.T.);
#7149=ORIENTED_EDGE('',*,*,#5193,.T.);
#7150=ORIENTED_EDGE('',*,*,#5183,.F.);
#7151=ORIENTED_EDGE('',*,*,#5117,.T.);
#7152=ORIENTED_EDGE('',*,*,#5194,.T.);
#7153=ORIENTED_EDGE('',*,*,#5195,.T.);
#7154=ORIENTED_EDGE('',*,*,#5196,.F.);
#7155=ORIENTED_EDGE('',*,*,#5197,.F.);
#7156=ORIENTED_EDGE('',*,*,#5118,.T.);
#7157=ORIENTED_EDGE('',*,*,#5197,.T.);
#7158=ORIENTED_EDGE('',*,*,#5198,.F.);
#7159=ORIENTED_EDGE('',*,*,#5199,.T.);
#7160=ORIENTED_EDGE('',*,*,#5119,.T.);
#7161=ORIENTED_EDGE('',*,*,#5199,.F.);
#7162=ORIENTED_EDGE('',*,*,#5200,.F.);
#7163=ORIENTED_EDGE('',*,*,#5201,.T.);
#7164=ORIENTED_EDGE('',*,*,#5120,.T.);
#7165=ORIENTED_EDGE('',*,*,#5201,.F.);
#7166=ORIENTED_EDGE('',*,*,#5202,.F.);
#7167=ORIENTED_EDGE('',*,*,#5203,.F.);
#7168=ORIENTED_EDGE('',*,*,#5121,.T.);
#7169=ORIENTED_EDGE('',*,*,#5203,.T.);
#7170=ORIENTED_EDGE('',*,*,#5204,.F.);
#7171=ORIENTED_EDGE('',*,*,#5205,.F.);
#7172=ORIENTED_EDGE('',*,*,#5206,.T.);
#7173=ORIENTED_EDGE('',*,*,#5123,.T.);
#7174=ORIENTED_EDGE('',*,*,#5207,.T.);
#7175=ORIENTED_EDGE('',*,*,#5208,.T.);
#7176=ORIENTED_EDGE('',*,*,#5209,.F.);
#7177=ORIENTED_EDGE('',*,*,#5210,.F.);
#7178=ORIENTED_EDGE('',*,*,#5124,.T.);
#7179=ORIENTED_EDGE('',*,*,#5210,.T.);
#7180=ORIENTED_EDGE('',*,*,#5211,.F.);
#7181=ORIENTED_EDGE('',*,*,#5212,.T.);
#7182=ORIENTED_EDGE('',*,*,#5125,.T.);
#7183=ORIENTED_EDGE('',*,*,#5212,.F.);
#7184=ORIENTED_EDGE('',*,*,#5213,.F.);
#7185=ORIENTED_EDGE('',*,*,#5214,.T.);
#7186=ORIENTED_EDGE('',*,*,#5126,.T.);
#7187=ORIENTED_EDGE('',*,*,#5214,.F.);
#7188=ORIENTED_EDGE('',*,*,#5215,.F.);
#7189=ORIENTED_EDGE('',*,*,#5216,.F.);
#7190=ORIENTED_EDGE('',*,*,#5127,.T.);
#7191=ORIENTED_EDGE('',*,*,#5216,.T.);
#7192=ORIENTED_EDGE('',*,*,#5217,.F.);
#7193=ORIENTED_EDGE('',*,*,#5218,.F.);
#7194=ORIENTED_EDGE('',*,*,#5219,.T.);
#7195=ORIENTED_EDGE('',*,*,#5188,.F.);
#7196=ORIENTED_EDGE('',*,*,#5220,.F.);
#7197=ORIENTED_EDGE('',*,*,#5169,.F.);
#7198=ORIENTED_EDGE('',*,*,#5186,.F.);
#7199=ORIENTED_EDGE('',*,*,#5181,.F.);
#7200=ORIENTED_EDGE('',*,*,#5221,.F.);
#7201=ORIENTED_EDGE('',*,*,#5185,.F.);
#7202=ORIENTED_EDGE('',*,*,#5222,.F.);
#7203=ORIENTED_EDGE('',*,*,#5194,.F.);
#7204=ORIENTED_EDGE('',*,*,#5192,.F.);
#7205=ORIENTED_EDGE('',*,*,#5206,.F.);
#7206=ORIENTED_EDGE('',*,*,#5223,.F.);
#7207=ORIENTED_EDGE('',*,*,#5191,.F.);
#7208=ORIENTED_EDGE('',*,*,#5224,.F.);
#7209=ORIENTED_EDGE('',*,*,#5207,.F.);
#7210=ORIENTED_EDGE('',*,*,#5189,.F.);
#7211=ORIENTED_EDGE('',*,*,#5219,.F.);
#7212=ORIENTED_EDGE('',*,*,#5225,.F.);
#7213=ORIENTED_EDGE('',*,*,#5226,.T.);
#7214=ORIENTED_EDGE('',*,*,#5130,.F.);
#7215=ORIENTED_EDGE('',*,*,#5227,.F.);
#7216=ORIENTED_EDGE('',*,*,#5132,.F.);
#7217=ORIENTED_EDGE('',*,*,#5228,.T.);
#7218=ORIENTED_EDGE('',*,*,#5134,.F.);
#7219=ORIENTED_EDGE('',*,*,#5229,.F.);
#7220=ORIENTED_EDGE('',*,*,#5136,.F.);
#7221=ORIENTED_EDGE('',*,*,#5230,.T.);
#7222=ORIENTED_EDGE('',*,*,#5138,.F.);
#7223=ORIENTED_EDGE('',*,*,#5231,.F.);
#7224=ORIENTED_EDGE('',*,*,#5140,.F.);
#7225=ORIENTED_EDGE('',*,*,#5146,.F.);
#7226=ORIENTED_EDGE('',*,*,#5232,.T.);
#7227=ORIENTED_EDGE('',*,*,#5233,.T.);
#7228=ORIENTED_EDGE('',*,*,#5232,.F.);
#7229=ORIENTED_EDGE('',*,*,#5147,.T.);
#7230=ORIENTED_EDGE('',*,*,#5234,.T.);
#7231=ORIENTED_EDGE('',*,*,#5149,.T.);
#7232=ORIENTED_EDGE('',*,*,#5235,.T.);
#7233=ORIENTED_EDGE('',*,*,#5158,.F.);
#7234=ORIENTED_EDGE('',*,*,#5236,.F.);
#7235=ORIENTED_EDGE('',*,*,#5160,.F.);
#7236=ORIENTED_EDGE('',*,*,#5237,.F.);
#7237=ORIENTED_EDGE('',*,*,#5162,.T.);
#7238=ORIENTED_EDGE('',*,*,#5168,.T.);
#7239=ORIENTED_EDGE('',*,*,#5166,.T.);
#7240=ORIENTED_EDGE('',*,*,#5164,.T.);
#7241=ORIENTED_EDGE('',*,*,#5238,.T.);
#7242=ORIENTED_EDGE('',*,*,#5221,.T.);
#7243=ORIENTED_EDGE('',*,*,#5180,.T.);
#7244=ORIENTED_EDGE('',*,*,#5239,.F.);
#7245=ORIENTED_EDGE('',*,*,#5170,.F.);
#7246=ORIENTED_EDGE('',*,*,#5220,.T.);
#7247=ORIENTED_EDGE('',*,*,#5175,.T.);
#7248=ORIENTED_EDGE('',*,*,#5173,.T.);
#7249=ORIENTED_EDGE('',*,*,#5171,.T.);
#7250=ORIENTED_EDGE('',*,*,#5239,.T.);
#7251=ORIENTED_EDGE('',*,*,#5179,.T.);
#7252=ORIENTED_EDGE('',*,*,#5177,.T.);
#7253=ORIENTED_EDGE('',*,*,#5240,.T.);
#7254=ORIENTED_EDGE('',*,*,#5241,.T.);
#7255=ORIENTED_EDGE('',*,*,#5242,.F.);
#7256=ORIENTED_EDGE('',*,*,#5190,.F.);
#7257=ORIENTED_EDGE('',*,*,#5243,.F.);
#7258=ORIENTED_EDGE('',*,*,#5184,.F.);
#7259=ORIENTED_EDGE('',*,*,#5193,.F.);
#7260=ORIENTED_EDGE('',*,*,#5238,.F.);
#7261=ORIENTED_EDGE('',*,*,#5187,.F.);
#7262=ORIENTED_EDGE('',*,*,#5244,.F.);
#7263=ORIENTED_EDGE('',*,*,#5245,.T.);
#7264=ORIENTED_EDGE('',*,*,#5182,.T.);
#7265=ORIENTED_EDGE('',*,*,#5245,.F.);
#7266=ORIENTED_EDGE('',*,*,#5242,.T.);
#7267=ORIENTED_EDGE('',*,*,#5225,.T.);
#7268=ORIENTED_EDGE('',*,*,#5218,.T.);
#7269=ORIENTED_EDGE('',*,*,#5246,.F.);
#7270=ORIENTED_EDGE('',*,*,#5208,.F.);
#7271=ORIENTED_EDGE('',*,*,#5224,.T.);
#7272=ORIENTED_EDGE('',*,*,#5243,.T.);
#7273=ORIENTED_EDGE('',*,*,#5223,.T.);
#7274=ORIENTED_EDGE('',*,*,#5205,.T.);
#7275=ORIENTED_EDGE('',*,*,#5247,.F.);
#7276=ORIENTED_EDGE('',*,*,#5195,.F.);
#7277=ORIENTED_EDGE('',*,*,#5222,.T.);
#7278=ORIENTED_EDGE('',*,*,#5200,.T.);
#7279=ORIENTED_EDGE('',*,*,#5198,.T.);
#7280=ORIENTED_EDGE('',*,*,#5196,.T.);
#7281=ORIENTED_EDGE('',*,*,#5247,.T.);
#7282=ORIENTED_EDGE('',*,*,#5204,.T.);
#7283=ORIENTED_EDGE('',*,*,#5202,.T.);
#7284=ORIENTED_EDGE('',*,*,#5248,.T.);
#7285=ORIENTED_EDGE('',*,*,#5249,.T.);
#7286=ORIENTED_EDGE('',*,*,#5213,.T.);
#7287=ORIENTED_EDGE('',*,*,#5211,.T.);
#7288=ORIENTED_EDGE('',*,*,#5209,.T.);
#7289=ORIENTED_EDGE('',*,*,#5246,.T.);
#7290=ORIENTED_EDGE('',*,*,#5217,.T.);
#7291=ORIENTED_EDGE('',*,*,#5215,.T.);
#7292=ORIENTED_EDGE('',*,*,#5250,.T.);
#7293=ORIENTED_EDGE('',*,*,#5251,.T.);
#7294=ORIENTED_EDGE('',*,*,#5240,.F.);
#7295=ORIENTED_EDGE('',*,*,#5252,.T.);
#7296=ORIENTED_EDGE('',*,*,#5226,.F.);
#7297=ORIENTED_EDGE('',*,*,#5252,.F.);
#7298=ORIENTED_EDGE('',*,*,#5249,.F.);
#7299=ORIENTED_EDGE('',*,*,#5253,.T.);
#7300=ORIENTED_EDGE('',*,*,#5227,.T.);
#7301=ORIENTED_EDGE('',*,*,#5253,.F.);
#7302=ORIENTED_EDGE('',*,*,#5248,.F.);
#7303=ORIENTED_EDGE('',*,*,#5254,.T.);
#7304=ORIENTED_EDGE('',*,*,#5228,.F.);
#7305=ORIENTED_EDGE('',*,*,#5254,.F.);
#7306=ORIENTED_EDGE('',*,*,#5251,.F.);
#7307=ORIENTED_EDGE('',*,*,#5255,.T.);
#7308=ORIENTED_EDGE('',*,*,#5229,.T.);
#7309=ORIENTED_EDGE('',*,*,#5255,.F.);
#7310=ORIENTED_EDGE('',*,*,#5250,.F.);
#7311=ORIENTED_EDGE('',*,*,#5256,.T.);
#7312=ORIENTED_EDGE('',*,*,#5230,.F.);
#7313=ORIENTED_EDGE('',*,*,#5256,.F.);
#7314=ORIENTED_EDGE('',*,*,#5241,.F.);
#7315=ORIENTED_EDGE('',*,*,#5257,.T.);
#7316=ORIENTED_EDGE('',*,*,#5231,.T.);
#7317=ORIENTED_EDGE('',*,*,#5257,.F.);
#7318=ORIENTED_EDGE('',*,*,#5258,.F.);
#7319=ORIENTED_EDGE('',*,*,#5259,.F.);
#7320=ORIENTED_EDGE('',*,*,#5260,.T.);
#7321=ORIENTED_EDGE('',*,*,#5261,.T.);
#7322=ORIENTED_EDGE('',*,*,#5233,.F.);
#7323=ORIENTED_EDGE('',*,*,#5234,.F.);
#7324=ORIENTED_EDGE('',*,*,#5262,.T.);
#7325=ORIENTED_EDGE('',*,*,#5263,.F.);
#7326=ORIENTED_EDGE('',*,*,#5262,.F.);
#7327=ORIENTED_EDGE('',*,*,#5235,.F.);
#7328=ORIENTED_EDGE('',*,*,#5264,.T.);
#7329=ORIENTED_EDGE('',*,*,#5265,.F.);
#7330=ORIENTED_EDGE('',*,*,#5264,.F.);
#7331=ORIENTED_EDGE('',*,*,#5266,.F.);
#7332=ORIENTED_EDGE('',*,*,#5267,.F.);
#7333=ORIENTED_EDGE('',*,*,#5268,.T.);
#7334=ORIENTED_EDGE('',*,*,#5236,.T.);
#7335=ORIENTED_EDGE('',*,*,#5268,.F.);
#7336=ORIENTED_EDGE('',*,*,#5269,.F.);
#7337=ORIENTED_EDGE('',*,*,#5270,.F.);
#7338=ORIENTED_EDGE('',*,*,#5271,.T.);
#7339=ORIENTED_EDGE('',*,*,#5237,.T.);
#7340=ORIENTED_EDGE('',*,*,#5271,.F.);
#7341=ORIENTED_EDGE('',*,*,#5244,.T.);
#7342=ORIENTED_EDGE('',*,*,#5272,.T.);
#7343=ORIENTED_EDGE('',*,*,#5273,.T.);
#7344=ORIENTED_EDGE('',*,*,#5274,.F.);
#7345=ORIENTED_EDGE('',*,*,#5275,.T.);
#7346=ORIENTED_EDGE('',*,*,#5276,.F.);
#7347=ORIENTED_EDGE('',*,*,#5277,.T.);
#7348=ORIENTED_EDGE('',*,*,#5278,.F.);
#7349=ORIENTED_EDGE('',*,*,#5279,.T.);
#7350=ORIENTED_EDGE('',*,*,#5280,.F.);
#7351=ORIENTED_EDGE('',*,*,#5281,.T.);
#7352=ORIENTED_EDGE('',*,*,#5282,.T.);
#7353=ORIENTED_EDGE('',*,*,#5283,.F.);
#7354=ORIENTED_EDGE('',*,*,#5284,.T.);
#7355=ORIENTED_EDGE('',*,*,#5285,.F.);
#7356=ORIENTED_EDGE('',*,*,#5286,.T.);
#7357=ORIENTED_EDGE('',*,*,#5272,.F.);
#7358=ORIENTED_EDGE('',*,*,#5258,.T.);
#7359=ORIENTED_EDGE('',*,*,#5287,.T.);
#7360=ORIENTED_EDGE('',*,*,#5288,.T.);
#7361=ORIENTED_EDGE('',*,*,#5289,.F.);
#7362=ORIENTED_EDGE('',*,*,#5290,.T.);
#7363=ORIENTED_EDGE('',*,*,#5259,.T.);
#7364=ORIENTED_EDGE('',*,*,#5289,.T.);
#7365=ORIENTED_EDGE('',*,*,#5291,.T.);
#7366=ORIENTED_EDGE('',*,*,#5292,.T.);
#7367=ORIENTED_EDGE('',*,*,#5293,.F.);
#7368=ORIENTED_EDGE('',*,*,#5294,.T.);
#7369=ORIENTED_EDGE('',*,*,#5295,.T.);
#7370=ORIENTED_EDGE('',*,*,#5296,.T.);
#7371=ORIENTED_EDGE('',*,*,#5297,.T.);
#7372=ORIENTED_EDGE('',*,*,#5298,.T.);
#7373=ORIENTED_EDGE('',*,*,#5299,.F.);
#7374=ORIENTED_EDGE('',*,*,#5300,.T.);
#7375=ORIENTED_EDGE('',*,*,#5301,.T.);
#7376=ORIENTED_EDGE('',*,*,#5302,.T.);
#7377=ORIENTED_EDGE('',*,*,#5260,.F.);
#7378=ORIENTED_EDGE('',*,*,#5290,.F.);
#7379=ORIENTED_EDGE('',*,*,#5303,.F.);
#7380=ORIENTED_EDGE('',*,*,#5304,.T.);
#7381=ORIENTED_EDGE('',*,*,#5261,.F.);
#7382=ORIENTED_EDGE('',*,*,#5304,.F.);
#7383=ORIENTED_EDGE('',*,*,#5305,.F.);
#7384=ORIENTED_EDGE('',*,*,#5306,.F.);
#7385=ORIENTED_EDGE('',*,*,#5307,.T.);
#7386=ORIENTED_EDGE('',*,*,#5308,.F.);
#7387=ORIENTED_EDGE('',*,*,#5309,.F.);
#7388=ORIENTED_EDGE('',*,*,#5310,.F.);
#7389=ORIENTED_EDGE('',*,*,#5311,.F.);
#7390=ORIENTED_EDGE('',*,*,#5312,.F.);
#7391=ORIENTED_EDGE('',*,*,#5313,.T.);
#7392=ORIENTED_EDGE('',*,*,#5314,.F.);
#7393=ORIENTED_EDGE('',*,*,#5315,.F.);
#7394=ORIENTED_EDGE('',*,*,#5287,.F.);
#7395=ORIENTED_EDGE('',*,*,#5263,.T.);
#7396=ORIENTED_EDGE('',*,*,#5316,.F.);
#7397=ORIENTED_EDGE('',*,*,#5265,.T.);
#7398=ORIENTED_EDGE('',*,*,#5317,.F.);
#7399=ORIENTED_EDGE('',*,*,#5266,.T.);
#7400=ORIENTED_EDGE('',*,*,#5267,.T.);
#7401=ORIENTED_EDGE('',*,*,#5318,.T.);
#7402=ORIENTED_EDGE('',*,*,#5319,.F.);
#7403=ORIENTED_EDGE('',*,*,#5318,.F.);
#7404=ORIENTED_EDGE('',*,*,#5269,.T.);
#7405=ORIENTED_EDGE('',*,*,#5270,.T.);
#7406=ORIENTED_EDGE('',*,*,#5320,.T.);
#7407=ORIENTED_EDGE('',*,*,#5321,.F.);
#7408=ORIENTED_EDGE('',*,*,#5320,.F.);
#7409=ORIENTED_EDGE('',*,*,#5322,.T.);
#7410=ORIENTED_EDGE('',*,*,#5323,.T.);
#7411=ORIENTED_EDGE('',*,*,#5281,.F.);
#7412=ORIENTED_EDGE('',*,*,#5324,.T.);
#7413=ORIENTED_EDGE('',*,*,#5279,.F.);
#7414=ORIENTED_EDGE('',*,*,#5325,.T.);
#7415=ORIENTED_EDGE('',*,*,#5277,.F.);
#7416=ORIENTED_EDGE('',*,*,#5326,.T.);
#7417=ORIENTED_EDGE('',*,*,#5275,.F.);
#7418=ORIENTED_EDGE('',*,*,#5327,.T.);
#7419=ORIENTED_EDGE('',*,*,#5273,.F.);
#7420=ORIENTED_EDGE('',*,*,#5286,.F.);
#7421=ORIENTED_EDGE('',*,*,#5328,.T.);
#7422=ORIENTED_EDGE('',*,*,#5284,.F.);
#7423=ORIENTED_EDGE('',*,*,#5329,.T.);
#7424=ORIENTED_EDGE('',*,*,#5282,.F.);
#7425=ORIENTED_EDGE('',*,*,#5323,.F.);
#7426=ORIENTED_EDGE('',*,*,#5330,.T.);
#7427=ORIENTED_EDGE('',*,*,#5331,.T.);
#7428=ORIENTED_EDGE('',*,*,#5274,.T.);
#7429=ORIENTED_EDGE('',*,*,#5332,.T.);
#7430=ORIENTED_EDGE('',*,*,#5333,.F.);
#7431=ORIENTED_EDGE('',*,*,#5334,.T.);
#7432=ORIENTED_EDGE('',*,*,#5335,.T.);
#7433=ORIENTED_EDGE('',*,*,#5336,.T.);
#7434=ORIENTED_EDGE('',*,*,#5337,.F.);
#7435=ORIENTED_EDGE('',*,*,#5338,.T.);
#7436=ORIENTED_EDGE('',*,*,#5276,.T.);
#7437=ORIENTED_EDGE('',*,*,#5339,.T.);
#7438=ORIENTED_EDGE('',*,*,#5340,.T.);
#7439=ORIENTED_EDGE('',*,*,#5341,.T.);
#7440=ORIENTED_EDGE('',*,*,#5342,.F.);
#7441=ORIENTED_EDGE('',*,*,#5343,.T.);
#7442=ORIENTED_EDGE('',*,*,#5278,.T.);
#7443=ORIENTED_EDGE('',*,*,#5344,.T.);
#7444=ORIENTED_EDGE('',*,*,#5345,.T.);
#7445=ORIENTED_EDGE('',*,*,#5346,.T.);
#7446=ORIENTED_EDGE('',*,*,#5347,.F.);
#7447=ORIENTED_EDGE('',*,*,#5348,.T.);
#7448=ORIENTED_EDGE('',*,*,#5280,.T.);
#7449=ORIENTED_EDGE('',*,*,#5349,.T.);
#7450=ORIENTED_EDGE('',*,*,#5350,.T.);
#7451=ORIENTED_EDGE('',*,*,#5351,.T.);
#7452=ORIENTED_EDGE('',*,*,#5283,.T.);
#7453=ORIENTED_EDGE('',*,*,#5352,.T.);
#7454=ORIENTED_EDGE('',*,*,#5353,.F.);
#7455=ORIENTED_EDGE('',*,*,#5354,.T.);
#7456=ORIENTED_EDGE('',*,*,#5355,.T.);
#7457=ORIENTED_EDGE('',*,*,#5356,.T.);
#7458=ORIENTED_EDGE('',*,*,#5285,.T.);
#7459=ORIENTED_EDGE('',*,*,#5357,.T.);
#7460=ORIENTED_EDGE('',*,*,#5358,.F.);
#7461=ORIENTED_EDGE('',*,*,#5359,.T.);
#7462=ORIENTED_EDGE('',*,*,#5360,.T.);
#7463=ORIENTED_EDGE('',*,*,#5361,.T.);
#7464=ORIENTED_EDGE('',*,*,#5355,.F.);
#7465=ORIENTED_EDGE('',*,*,#5362,.F.);
#7466=ORIENTED_EDGE('',*,*,#5357,.F.);
#7467=ORIENTED_EDGE('',*,*,#5328,.F.);
#7468=ORIENTED_EDGE('',*,*,#5356,.F.);
#7469=ORIENTED_EDGE('',*,*,#5361,.F.);
#7470=ORIENTED_EDGE('',*,*,#5363,.T.);
#7471=ORIENTED_EDGE('',*,*,#5364,.T.);
#7472=ORIENTED_EDGE('',*,*,#5365,.T.);
#7473=ORIENTED_EDGE('',*,*,#5330,.F.);
#7474=ORIENTED_EDGE('',*,*,#5366,.F.);
#7475=ORIENTED_EDGE('',*,*,#5332,.F.);
#7476=ORIENTED_EDGE('',*,*,#5327,.F.);
#7477=ORIENTED_EDGE('',*,*,#5331,.F.);
#7478=ORIENTED_EDGE('',*,*,#5365,.F.);
#7479=ORIENTED_EDGE('',*,*,#5367,.T.);
#7480=ORIENTED_EDGE('',*,*,#5368,.T.);
#7481=ORIENTED_EDGE('',*,*,#5369,.T.);
#7482=ORIENTED_EDGE('',*,*,#5335,.F.);
#7483=ORIENTED_EDGE('',*,*,#5326,.F.);
#7484=ORIENTED_EDGE('',*,*,#5338,.F.);
#7485=ORIENTED_EDGE('',*,*,#5370,.F.);
#7486=ORIENTED_EDGE('',*,*,#5336,.F.);
#7487=ORIENTED_EDGE('',*,*,#5369,.F.);
#7488=ORIENTED_EDGE('',*,*,#5371,.T.);
#7489=ORIENTED_EDGE('',*,*,#5372,.T.);
#7490=ORIENTED_EDGE('',*,*,#5373,.T.);
#7491=ORIENTED_EDGE('',*,*,#5340,.F.);
#7492=ORIENTED_EDGE('',*,*,#5325,.F.);
#7493=ORIENTED_EDGE('',*,*,#5343,.F.);
#7494=ORIENTED_EDGE('',*,*,#5374,.F.);
#7495=ORIENTED_EDGE('',*,*,#5341,.F.);
#7496=ORIENTED_EDGE('',*,*,#5373,.F.);
#7497=ORIENTED_EDGE('',*,*,#5375,.T.);
#7498=ORIENTED_EDGE('',*,*,#5376,.T.);
#7499=ORIENTED_EDGE('',*,*,#5377,.T.);
#7500=ORIENTED_EDGE('',*,*,#5345,.F.);
#7501=ORIENTED_EDGE('',*,*,#5324,.F.);
#7502=ORIENTED_EDGE('',*,*,#5348,.F.);
#7503=ORIENTED_EDGE('',*,*,#5378,.F.);
#7504=ORIENTED_EDGE('',*,*,#5346,.F.);
#7505=ORIENTED_EDGE('',*,*,#5377,.F.);
#7506=ORIENTED_EDGE('',*,*,#5379,.T.);
#7507=ORIENTED_EDGE('',*,*,#5380,.T.);
#7508=ORIENTED_EDGE('',*,*,#5381,.T.);
#7509=ORIENTED_EDGE('',*,*,#5350,.F.);
#7510=ORIENTED_EDGE('',*,*,#5382,.F.);
#7511=ORIENTED_EDGE('',*,*,#5352,.F.);
#7512=ORIENTED_EDGE('',*,*,#5329,.F.);
#7513=ORIENTED_EDGE('',*,*,#5351,.F.);
#7514=ORIENTED_EDGE('',*,*,#5381,.F.);
#7515=ORIENTED_EDGE('',*,*,#5383,.T.);
#7516=ORIENTED_EDGE('',*,*,#5291,.F.);
#7517=ORIENTED_EDGE('',*,*,#5288,.F.);
#7518=ORIENTED_EDGE('',*,*,#5315,.T.);
#7519=ORIENTED_EDGE('',*,*,#5384,.T.);
#7520=ORIENTED_EDGE('',*,*,#5292,.F.);
#7521=ORIENTED_EDGE('',*,*,#5384,.F.);
#7522=ORIENTED_EDGE('',*,*,#5314,.T.);
#7523=ORIENTED_EDGE('',*,*,#5385,.T.);
#7524=ORIENTED_EDGE('',*,*,#5293,.T.);
#7525=ORIENTED_EDGE('',*,*,#5385,.F.);
#7526=ORIENTED_EDGE('',*,*,#5313,.F.);
#7527=ORIENTED_EDGE('',*,*,#5386,.T.);
#7528=ORIENTED_EDGE('',*,*,#5294,.F.);
#7529=ORIENTED_EDGE('',*,*,#5386,.F.);
#7530=ORIENTED_EDGE('',*,*,#5312,.T.);
#7531=ORIENTED_EDGE('',*,*,#5387,.T.);
#7532=ORIENTED_EDGE('',*,*,#5295,.F.);
#7533=ORIENTED_EDGE('',*,*,#5387,.F.);
#7534=ORIENTED_EDGE('',*,*,#5311,.T.);
#7535=ORIENTED_EDGE('',*,*,#5388,.T.);
#7536=ORIENTED_EDGE('',*,*,#5296,.F.);
#7537=ORIENTED_EDGE('',*,*,#5388,.F.);
#7538=ORIENTED_EDGE('',*,*,#5310,.T.);
#7539=ORIENTED_EDGE('',*,*,#5389,.T.);
#7540=ORIENTED_EDGE('',*,*,#5297,.F.);
#7541=ORIENTED_EDGE('',*,*,#5389,.F.);
#7542=ORIENTED_EDGE('',*,*,#5309,.T.);
#7543=ORIENTED_EDGE('',*,*,#5390,.T.);
#7544=ORIENTED_EDGE('',*,*,#5298,.F.);
#7545=ORIENTED_EDGE('',*,*,#5390,.F.);
#7546=ORIENTED_EDGE('',*,*,#5308,.T.);
#7547=ORIENTED_EDGE('',*,*,#5391,.T.);
#7548=ORIENTED_EDGE('',*,*,#5299,.T.);
#7549=ORIENTED_EDGE('',*,*,#5391,.F.);
#7550=ORIENTED_EDGE('',*,*,#5307,.F.);
#7551=ORIENTED_EDGE('',*,*,#5392,.T.);
#7552=ORIENTED_EDGE('',*,*,#5300,.F.);
#7553=ORIENTED_EDGE('',*,*,#5392,.F.);
#7554=ORIENTED_EDGE('',*,*,#5306,.T.);
#7555=ORIENTED_EDGE('',*,*,#5393,.T.);
#7556=ORIENTED_EDGE('',*,*,#5301,.F.);
#7557=ORIENTED_EDGE('',*,*,#5393,.F.);
#7558=ORIENTED_EDGE('',*,*,#5305,.T.);
#7559=ORIENTED_EDGE('',*,*,#5303,.T.);
#7560=ORIENTED_EDGE('',*,*,#5302,.F.);
#7561=ORIENTED_EDGE('',*,*,#5394,.T.);
#7562=ORIENTED_EDGE('',*,*,#5395,.T.);
#7563=ORIENTED_EDGE('',*,*,#5394,.F.);
#7564=ORIENTED_EDGE('',*,*,#5396,.F.);
#7565=ORIENTED_EDGE('',*,*,#5397,.F.);
#7566=ORIENTED_EDGE('',*,*,#5398,.T.);
#7567=ORIENTED_EDGE('',*,*,#5316,.T.);
#7568=ORIENTED_EDGE('',*,*,#5398,.F.);
#7569=ORIENTED_EDGE('',*,*,#5399,.F.);
#7570=ORIENTED_EDGE('',*,*,#5400,.F.);
#7571=ORIENTED_EDGE('',*,*,#5401,.T.);
#7572=ORIENTED_EDGE('',*,*,#5317,.T.);
#7573=ORIENTED_EDGE('',*,*,#5401,.F.);
#7574=ORIENTED_EDGE('',*,*,#5319,.T.);
#7575=ORIENTED_EDGE('',*,*,#5402,.F.);
#7576=ORIENTED_EDGE('',*,*,#5403,.F.);
#7577=ORIENTED_EDGE('',*,*,#5404,.F.);
#7578=ORIENTED_EDGE('',*,*,#5405,.F.);
#7579=ORIENTED_EDGE('',*,*,#5406,.F.);
#7580=ORIENTED_EDGE('',*,*,#5407,.F.);
#7581=ORIENTED_EDGE('',*,*,#5321,.T.);
#7582=ORIENTED_EDGE('',*,*,#5408,.F.);
#7583=ORIENTED_EDGE('',*,*,#5409,.F.);
#7584=ORIENTED_EDGE('',*,*,#5410,.F.);
#7585=ORIENTED_EDGE('',*,*,#5411,.F.);
#7586=ORIENTED_EDGE('',*,*,#5412,.F.);
#7587=ORIENTED_EDGE('',*,*,#5413,.F.);
#7588=ORIENTED_EDGE('',*,*,#5322,.F.);
#7589=ORIENTED_EDGE('',*,*,#5414,.T.);
#7590=ORIENTED_EDGE('',*,*,#5415,.T.);
#7591=ORIENTED_EDGE('',*,*,#5414,.F.);
#7592=ORIENTED_EDGE('',*,*,#5416,.F.);
#7593=ORIENTED_EDGE('',*,*,#5417,.T.);
#7594=ORIENTED_EDGE('',*,*,#5418,.F.);
#7595=ORIENTED_EDGE('',*,*,#5419,.F.);
#7596=ORIENTED_EDGE('',*,*,#5417,.F.);
#7597=ORIENTED_EDGE('',*,*,#5420,.F.);
#7598=ORIENTED_EDGE('',*,*,#5333,.T.);
#7599=ORIENTED_EDGE('',*,*,#5366,.T.);
#7600=ORIENTED_EDGE('',*,*,#5342,.T.);
#7601=ORIENTED_EDGE('',*,*,#5374,.T.);
#7602=ORIENTED_EDGE('',*,*,#5337,.T.);
#7603=ORIENTED_EDGE('',*,*,#5370,.T.);
#7604=ORIENTED_EDGE('',*,*,#5378,.T.);
#7605=ORIENTED_EDGE('',*,*,#5347,.T.);
#7606=ORIENTED_EDGE('',*,*,#5353,.T.);
#7607=ORIENTED_EDGE('',*,*,#5382,.T.);
#7608=ORIENTED_EDGE('',*,*,#5358,.T.);
#7609=ORIENTED_EDGE('',*,*,#5362,.T.);
#7610=ORIENTED_EDGE('',*,*,#5421,.T.);
#7611=ORIENTED_EDGE('',*,*,#5422,.T.);
#7612=ORIENTED_EDGE('',*,*,#5334,.F.);
#7613=ORIENTED_EDGE('',*,*,#5422,.F.);
#7614=ORIENTED_EDGE('',*,*,#5423,.T.);
#7615=ORIENTED_EDGE('',*,*,#5424,.T.);
#7616=ORIENTED_EDGE('',*,*,#5425,.T.);
#7617=ORIENTED_EDGE('',*,*,#5339,.F.);
#7618=ORIENTED_EDGE('',*,*,#5425,.F.);
#7619=ORIENTED_EDGE('',*,*,#5426,.T.);
#7620=ORIENTED_EDGE('',*,*,#5427,.T.);
#7621=ORIENTED_EDGE('',*,*,#5428,.T.);
#7622=ORIENTED_EDGE('',*,*,#5344,.F.);
#7623=ORIENTED_EDGE('',*,*,#5428,.F.);
#7624=ORIENTED_EDGE('',*,*,#5429,.T.);
#7625=ORIENTED_EDGE('',*,*,#5430,.T.);
#7626=ORIENTED_EDGE('',*,*,#5431,.T.);
#7627=ORIENTED_EDGE('',*,*,#5349,.F.);
#7628=ORIENTED_EDGE('',*,*,#5431,.F.);
#7629=ORIENTED_EDGE('',*,*,#5432,.T.);
#7630=ORIENTED_EDGE('',*,*,#5433,.T.);
#7631=ORIENTED_EDGE('',*,*,#5434,.T.);
#7632=ORIENTED_EDGE('',*,*,#5354,.F.);
#7633=ORIENTED_EDGE('',*,*,#5434,.F.);
#7634=ORIENTED_EDGE('',*,*,#5435,.T.);
#7635=ORIENTED_EDGE('',*,*,#5436,.T.);
#7636=ORIENTED_EDGE('',*,*,#5437,.T.);
#7637=ORIENTED_EDGE('',*,*,#5359,.F.);
#7638=ORIENTED_EDGE('',*,*,#5437,.F.);
#7639=ORIENTED_EDGE('',*,*,#5438,.T.);
#7640=ORIENTED_EDGE('',*,*,#5360,.F.);
#7641=ORIENTED_EDGE('',*,*,#5439,.T.);
#7642=ORIENTED_EDGE('',*,*,#5440,.T.);
#7643=ORIENTED_EDGE('',*,*,#5439,.F.);
#7644=ORIENTED_EDGE('',*,*,#5363,.F.);
#7645=ORIENTED_EDGE('',*,*,#5364,.F.);
#7646=ORIENTED_EDGE('',*,*,#5441,.T.);
#7647=ORIENTED_EDGE('',*,*,#5442,.T.);
#7648=ORIENTED_EDGE('',*,*,#5441,.F.);
#7649=ORIENTED_EDGE('',*,*,#5367,.F.);
#7650=ORIENTED_EDGE('',*,*,#5368,.F.);
#7651=ORIENTED_EDGE('',*,*,#5443,.T.);
#7652=ORIENTED_EDGE('',*,*,#5444,.T.);
#7653=ORIENTED_EDGE('',*,*,#5443,.F.);
#7654=ORIENTED_EDGE('',*,*,#5371,.F.);
#7655=ORIENTED_EDGE('',*,*,#5372,.F.);
#7656=ORIENTED_EDGE('',*,*,#5445,.T.);
#7657=ORIENTED_EDGE('',*,*,#5446,.T.);
#7658=ORIENTED_EDGE('',*,*,#5445,.F.);
#7659=ORIENTED_EDGE('',*,*,#5375,.F.);
#7660=ORIENTED_EDGE('',*,*,#5376,.F.);
#7661=ORIENTED_EDGE('',*,*,#5447,.T.);
#7662=ORIENTED_EDGE('',*,*,#5448,.T.);
#7663=ORIENTED_EDGE('',*,*,#5447,.F.);
#7664=ORIENTED_EDGE('',*,*,#5379,.F.);
#7665=ORIENTED_EDGE('',*,*,#5380,.F.);
#7666=ORIENTED_EDGE('',*,*,#5449,.T.);
#7667=ORIENTED_EDGE('',*,*,#5450,.T.);
#7668=ORIENTED_EDGE('',*,*,#5449,.F.);
#7669=ORIENTED_EDGE('',*,*,#5383,.F.);
#7670=ORIENTED_EDGE('',*,*,#5395,.F.);
#7671=ORIENTED_EDGE('',*,*,#5451,.F.);
#7672=ORIENTED_EDGE('',*,*,#5396,.T.);
#7673=ORIENTED_EDGE('',*,*,#5397,.T.);
#7674=ORIENTED_EDGE('',*,*,#5452,.T.);
#7675=ORIENTED_EDGE('',*,*,#5453,.T.);
#7676=ORIENTED_EDGE('',*,*,#5452,.F.);
#7677=ORIENTED_EDGE('',*,*,#5399,.T.);
#7678=ORIENTED_EDGE('',*,*,#5400,.T.);
#7679=ORIENTED_EDGE('',*,*,#5454,.T.);
#7680=ORIENTED_EDGE('',*,*,#5455,.T.);
#7681=ORIENTED_EDGE('',*,*,#5454,.F.);
#7682=ORIENTED_EDGE('',*,*,#5402,.T.);
#7683=ORIENTED_EDGE('',*,*,#5456,.T.);
#7684=ORIENTED_EDGE('',*,*,#5457,.F.);
#7685=ORIENTED_EDGE('',*,*,#5458,.F.);
#7686=ORIENTED_EDGE('',*,*,#5403,.T.);
#7687=ORIENTED_EDGE('',*,*,#5458,.T.);
#7688=ORIENTED_EDGE('',*,*,#5459,.F.);
#7689=ORIENTED_EDGE('',*,*,#5460,.F.);
#7690=ORIENTED_EDGE('',*,*,#5404,.T.);
#7691=ORIENTED_EDGE('',*,*,#5460,.T.);
#7692=ORIENTED_EDGE('',*,*,#5461,.F.);
#7693=ORIENTED_EDGE('',*,*,#5462,.F.);
#7694=ORIENTED_EDGE('',*,*,#5405,.T.);
#7695=ORIENTED_EDGE('',*,*,#5462,.T.);
#7696=ORIENTED_EDGE('',*,*,#5463,.F.);
#7697=ORIENTED_EDGE('',*,*,#5464,.F.);
#7698=ORIENTED_EDGE('',*,*,#5406,.T.);
#7699=ORIENTED_EDGE('',*,*,#5464,.T.);
#7700=ORIENTED_EDGE('',*,*,#5465,.F.);
#7701=ORIENTED_EDGE('',*,*,#5466,.F.);
#7702=ORIENTED_EDGE('',*,*,#5407,.T.);
#7703=ORIENTED_EDGE('',*,*,#5466,.T.);
#7704=ORIENTED_EDGE('',*,*,#5467,.F.);
#7705=ORIENTED_EDGE('',*,*,#5456,.F.);
#7706=ORIENTED_EDGE('',*,*,#5408,.T.);
#7707=ORIENTED_EDGE('',*,*,#5468,.T.);
#7708=ORIENTED_EDGE('',*,*,#5469,.F.);
#7709=ORIENTED_EDGE('',*,*,#5470,.F.);
#7710=ORIENTED_EDGE('',*,*,#5409,.T.);
#7711=ORIENTED_EDGE('',*,*,#5470,.T.);
#7712=ORIENTED_EDGE('',*,*,#5471,.F.);
#7713=ORIENTED_EDGE('',*,*,#5472,.F.);
#7714=ORIENTED_EDGE('',*,*,#5410,.T.);
#7715=ORIENTED_EDGE('',*,*,#5472,.T.);
#7716=ORIENTED_EDGE('',*,*,#5473,.F.);
#7717=ORIENTED_EDGE('',*,*,#5474,.F.);
#7718=ORIENTED_EDGE('',*,*,#5411,.T.);
#7719=ORIENTED_EDGE('',*,*,#5474,.T.);
#7720=ORIENTED_EDGE('',*,*,#5475,.F.);
#7721=ORIENTED_EDGE('',*,*,#5476,.F.);
#7722=ORIENTED_EDGE('',*,*,#5412,.T.);
#7723=ORIENTED_EDGE('',*,*,#5476,.T.);
#7724=ORIENTED_EDGE('',*,*,#5477,.F.);
#7725=ORIENTED_EDGE('',*,*,#5478,.F.);
#7726=ORIENTED_EDGE('',*,*,#5413,.T.);
#7727=ORIENTED_EDGE('',*,*,#5478,.T.);
#7728=ORIENTED_EDGE('',*,*,#5479,.F.);
#7729=ORIENTED_EDGE('',*,*,#5468,.F.);
#7730=ORIENTED_EDGE('',*,*,#5415,.F.);
#7731=ORIENTED_EDGE('',*,*,#5480,.T.);
#7732=ORIENTED_EDGE('',*,*,#5481,.T.);
#7733=ORIENTED_EDGE('',*,*,#5482,.T.);
#7734=ORIENTED_EDGE('',*,*,#5483,.T.);
#7735=ORIENTED_EDGE('',*,*,#5484,.T.);
#7736=ORIENTED_EDGE('',*,*,#5485,.T.);
#7737=ORIENTED_EDGE('',*,*,#5486,.T.);
#7738=ORIENTED_EDGE('',*,*,#5487,.T.);
#7739=ORIENTED_EDGE('',*,*,#5488,.T.);
#7740=ORIENTED_EDGE('',*,*,#5489,.T.);
#7741=ORIENTED_EDGE('',*,*,#5490,.T.);
#7742=ORIENTED_EDGE('',*,*,#5491,.T.);
#7743=ORIENTED_EDGE('',*,*,#5492,.T.);
#7744=ORIENTED_EDGE('',*,*,#5493,.T.);
#7745=ORIENTED_EDGE('',*,*,#5494,.T.);
#7746=ORIENTED_EDGE('',*,*,#5495,.T.);
#7747=ORIENTED_EDGE('',*,*,#5496,.T.);
#7748=ORIENTED_EDGE('',*,*,#5497,.T.);
#7749=ORIENTED_EDGE('',*,*,#5498,.T.);
#7750=ORIENTED_EDGE('',*,*,#5499,.T.);
#7751=ORIENTED_EDGE('',*,*,#5500,.T.);
#7752=ORIENTED_EDGE('',*,*,#5501,.T.);
#7753=ORIENTED_EDGE('',*,*,#5502,.T.);
#7754=ORIENTED_EDGE('',*,*,#5503,.T.);
#7755=ORIENTED_EDGE('',*,*,#5504,.T.);
#7756=ORIENTED_EDGE('',*,*,#5505,.T.);
#7757=ORIENTED_EDGE('',*,*,#5480,.F.);
#7758=ORIENTED_EDGE('',*,*,#5418,.T.);
#7759=ORIENTED_EDGE('',*,*,#5419,.T.);
#7760=ORIENTED_EDGE('',*,*,#5506,.T.);
#7761=ORIENTED_EDGE('',*,*,#5507,.T.);
#7762=ORIENTED_EDGE('',*,*,#5508,.T.);
#7763=ORIENTED_EDGE('',*,*,#5506,.F.);
#7764=ORIENTED_EDGE('',*,*,#5416,.T.);
#7765=ORIENTED_EDGE('',*,*,#5509,.T.);
#7766=ORIENTED_EDGE('',*,*,#5510,.T.);
#7767=ORIENTED_EDGE('',*,*,#5511,.T.);
#7768=ORIENTED_EDGE('',*,*,#5509,.F.);
#7769=ORIENTED_EDGE('',*,*,#5420,.T.);
#7770=ORIENTED_EDGE('',*,*,#5421,.F.);
#7771=ORIENTED_EDGE('',*,*,#5512,.T.);
#7772=ORIENTED_EDGE('',*,*,#5513,.T.);
#7773=ORIENTED_EDGE('',*,*,#5512,.F.);
#7774=ORIENTED_EDGE('',*,*,#5423,.F.);
#7775=ORIENTED_EDGE('',*,*,#5424,.F.);
#7776=ORIENTED_EDGE('',*,*,#5514,.T.);
#7777=ORIENTED_EDGE('',*,*,#5515,.T.);
#7778=ORIENTED_EDGE('',*,*,#5514,.F.);
#7779=ORIENTED_EDGE('',*,*,#5426,.F.);
#7780=ORIENTED_EDGE('',*,*,#5427,.F.);
#7781=ORIENTED_EDGE('',*,*,#5516,.T.);
#7782=ORIENTED_EDGE('',*,*,#5517,.T.);
#7783=ORIENTED_EDGE('',*,*,#5516,.F.);
#7784=ORIENTED_EDGE('',*,*,#5429,.F.);
#7785=ORIENTED_EDGE('',*,*,#5430,.F.);
#7786=ORIENTED_EDGE('',*,*,#5518,.T.);
#7787=ORIENTED_EDGE('',*,*,#5519,.T.);
#7788=ORIENTED_EDGE('',*,*,#5518,.F.);
#7789=ORIENTED_EDGE('',*,*,#5432,.F.);
#7790=ORIENTED_EDGE('',*,*,#5433,.F.);
#7791=ORIENTED_EDGE('',*,*,#5520,.T.);
#7792=ORIENTED_EDGE('',*,*,#5521,.T.);
#7793=ORIENTED_EDGE('',*,*,#5520,.F.);
#7794=ORIENTED_EDGE('',*,*,#5435,.F.);
#7795=ORIENTED_EDGE('',*,*,#5436,.F.);
#7796=ORIENTED_EDGE('',*,*,#5522,.T.);
#7797=ORIENTED_EDGE('',*,*,#5523,.T.);
#7798=ORIENTED_EDGE('',*,*,#5522,.F.);
#7799=ORIENTED_EDGE('',*,*,#5438,.F.);
#7800=ORIENTED_EDGE('',*,*,#5440,.F.);
#7801=ORIENTED_EDGE('',*,*,#5524,.T.);
#7802=ORIENTED_EDGE('',*,*,#5525,.T.);
#7803=ORIENTED_EDGE('',*,*,#5487,.F.);
#7804=ORIENTED_EDGE('',*,*,#5526,.T.);
#7805=ORIENTED_EDGE('',*,*,#5524,.F.);
#7806=ORIENTED_EDGE('',*,*,#5442,.F.);
#7807=ORIENTED_EDGE('',*,*,#5527,.T.);
#7808=ORIENTED_EDGE('',*,*,#5528,.T.);
#7809=ORIENTED_EDGE('',*,*,#5491,.F.);
#7810=ORIENTED_EDGE('',*,*,#5529,.T.);
#7811=ORIENTED_EDGE('',*,*,#5527,.F.);
#7812=ORIENTED_EDGE('',*,*,#5444,.F.);
#7813=ORIENTED_EDGE('',*,*,#5530,.T.);
#7814=ORIENTED_EDGE('',*,*,#5531,.T.);
#7815=ORIENTED_EDGE('',*,*,#5495,.F.);
#7816=ORIENTED_EDGE('',*,*,#5532,.T.);
#7817=ORIENTED_EDGE('',*,*,#5530,.F.);
#7818=ORIENTED_EDGE('',*,*,#5446,.F.);
#7819=ORIENTED_EDGE('',*,*,#5533,.T.);
#7820=ORIENTED_EDGE('',*,*,#5534,.T.);
#7821=ORIENTED_EDGE('',*,*,#5499,.F.);
#7822=ORIENTED_EDGE('',*,*,#5535,.T.);
#7823=ORIENTED_EDGE('',*,*,#5533,.F.);
#7824=ORIENTED_EDGE('',*,*,#5448,.F.);
#7825=ORIENTED_EDGE('',*,*,#5536,.T.);
#7826=ORIENTED_EDGE('',*,*,#5537,.T.);
#7827=ORIENTED_EDGE('',*,*,#5503,.F.);
#7828=ORIENTED_EDGE('',*,*,#5538,.T.);
#7829=ORIENTED_EDGE('',*,*,#5536,.F.);
#7830=ORIENTED_EDGE('',*,*,#5450,.F.);
#7831=ORIENTED_EDGE('',*,*,#5539,.T.);
#7832=ORIENTED_EDGE('',*,*,#5540,.T.);
#7833=ORIENTED_EDGE('',*,*,#5483,.F.);
#7834=ORIENTED_EDGE('',*,*,#5541,.T.);
#7835=ORIENTED_EDGE('',*,*,#5539,.F.);
#7836=ORIENTED_EDGE('',*,*,#5451,.T.);
#7837=ORIENTED_EDGE('',*,*,#5542,.T.);
#7838=ORIENTED_EDGE('',*,*,#5543,.T.);
#7839=ORIENTED_EDGE('',*,*,#5542,.F.);
#7840=ORIENTED_EDGE('',*,*,#5453,.F.);
#7841=ORIENTED_EDGE('',*,*,#5455,.F.);
#7842=ORIENTED_EDGE('',*,*,#5457,.T.);
#7843=ORIENTED_EDGE('',*,*,#5467,.T.);
#7844=ORIENTED_EDGE('',*,*,#5465,.T.);
#7845=ORIENTED_EDGE('',*,*,#5463,.T.);
#7846=ORIENTED_EDGE('',*,*,#5461,.T.);
#7847=ORIENTED_EDGE('',*,*,#5459,.T.);
#7848=ORIENTED_EDGE('',*,*,#5469,.T.);
#7849=ORIENTED_EDGE('',*,*,#5479,.T.);
#7850=ORIENTED_EDGE('',*,*,#5477,.T.);
#7851=ORIENTED_EDGE('',*,*,#5475,.T.);
#7852=ORIENTED_EDGE('',*,*,#5473,.T.);
#7853=ORIENTED_EDGE('',*,*,#5471,.T.);
#7854=ORIENTED_EDGE('',*,*,#5544,.F.);
#7855=ORIENTED_EDGE('',*,*,#5501,.F.);
#7856=ORIENTED_EDGE('',*,*,#5545,.F.);
#7857=ORIENTED_EDGE('',*,*,#5546,.F.);
#7858=ORIENTED_EDGE('',*,*,#5497,.F.);
#7859=ORIENTED_EDGE('',*,*,#5547,.F.);
#7860=ORIENTED_EDGE('',*,*,#5493,.F.);
#7861=ORIENTED_EDGE('',*,*,#5548,.F.);
#7862=ORIENTED_EDGE('',*,*,#5489,.F.);
#7863=ORIENTED_EDGE('',*,*,#5549,.F.);
#7864=ORIENTED_EDGE('',*,*,#5550,.F.);
#7865=ORIENTED_EDGE('',*,*,#5485,.F.);
#7866=ORIENTED_EDGE('',*,*,#5551,.F.);
#7867=ORIENTED_EDGE('',*,*,#5552,.F.);
#7868=ORIENTED_EDGE('',*,*,#5481,.F.);
#7869=ORIENTED_EDGE('',*,*,#5505,.F.);
#7870=ORIENTED_EDGE('',*,*,#5553,.F.);
#7871=ORIENTED_EDGE('',*,*,#5554,.F.);
#7872=ORIENTED_EDGE('',*,*,#5532,.F.);
#7873=ORIENTED_EDGE('',*,*,#5494,.F.);
#7874=ORIENTED_EDGE('',*,*,#5555,.F.);
#7875=ORIENTED_EDGE('',*,*,#5556,.F.);
#7876=ORIENTED_EDGE('',*,*,#5496,.F.);
#7877=ORIENTED_EDGE('',*,*,#5531,.F.);
#7878=ORIENTED_EDGE('',*,*,#5557,.T.);
#7879=ORIENTED_EDGE('',*,*,#5535,.F.);
#7880=ORIENTED_EDGE('',*,*,#5498,.F.);
#7881=ORIENTED_EDGE('',*,*,#5558,.F.);
#7882=ORIENTED_EDGE('',*,*,#5500,.F.);
#7883=ORIENTED_EDGE('',*,*,#5534,.F.);
#7884=ORIENTED_EDGE('',*,*,#5559,.T.);
#7885=ORIENTED_EDGE('',*,*,#5538,.F.);
#7886=ORIENTED_EDGE('',*,*,#5502,.F.);
#7887=ORIENTED_EDGE('',*,*,#5560,.T.);
#7888=ORIENTED_EDGE('',*,*,#5504,.F.);
#7889=ORIENTED_EDGE('',*,*,#5537,.F.);
#7890=ORIENTED_EDGE('',*,*,#5561,.T.);
#7891=ORIENTED_EDGE('',*,*,#5541,.F.);
#7892=ORIENTED_EDGE('',*,*,#5482,.F.);
#7893=ORIENTED_EDGE('',*,*,#5562,.T.);
#7894=ORIENTED_EDGE('',*,*,#5484,.F.);
#7895=ORIENTED_EDGE('',*,*,#5540,.F.);
#7896=ORIENTED_EDGE('',*,*,#5563,.T.);
#7897=ORIENTED_EDGE('',*,*,#5526,.F.);
#7898=ORIENTED_EDGE('',*,*,#5486,.F.);
#7899=ORIENTED_EDGE('',*,*,#5564,.T.);
#7900=ORIENTED_EDGE('',*,*,#5488,.F.);
#7901=ORIENTED_EDGE('',*,*,#5525,.F.);
#7902=ORIENTED_EDGE('',*,*,#5565,.T.);
#7903=ORIENTED_EDGE('',*,*,#5529,.F.);
#7904=ORIENTED_EDGE('',*,*,#5490,.F.);
#7905=ORIENTED_EDGE('',*,*,#5566,.F.);
#7906=ORIENTED_EDGE('',*,*,#5567,.F.);
#7907=ORIENTED_EDGE('',*,*,#5492,.F.);
#7908=ORIENTED_EDGE('',*,*,#5528,.F.);
#7909=ORIENTED_EDGE('',*,*,#5568,.T.);
#7910=ORIENTED_EDGE('',*,*,#5569,.F.);
#7911=ORIENTED_EDGE('',*,*,#5570,.F.);
#7912=ORIENTED_EDGE('',*,*,#5571,.T.);
#7913=ORIENTED_EDGE('',*,*,#5566,.T.);
#7914=ORIENTED_EDGE('',*,*,#5548,.T.);
#7915=ORIENTED_EDGE('',*,*,#5567,.T.);
#7916=ORIENTED_EDGE('',*,*,#5571,.F.);
#7917=ORIENTED_EDGE('',*,*,#5572,.F.);
#7918=ORIENTED_EDGE('',*,*,#5573,.F.);
#7919=ORIENTED_EDGE('',*,*,#5574,.T.);
#7920=ORIENTED_EDGE('',*,*,#5555,.T.);
#7921=ORIENTED_EDGE('',*,*,#5547,.T.);
#7922=ORIENTED_EDGE('',*,*,#5556,.T.);
#7923=ORIENTED_EDGE('',*,*,#5574,.F.);
#7924=ORIENTED_EDGE('',*,*,#5575,.F.);
#7925=ORIENTED_EDGE('',*,*,#5576,.F.);
#7926=ORIENTED_EDGE('',*,*,#5577,.T.);
#7927=ORIENTED_EDGE('',*,*,#5545,.T.);
#7928=ORIENTED_EDGE('',*,*,#5558,.T.);
#7929=ORIENTED_EDGE('',*,*,#5546,.T.);
#7930=ORIENTED_EDGE('',*,*,#5577,.F.);
#7931=ORIENTED_EDGE('',*,*,#5578,.F.);
#7932=ORIENTED_EDGE('',*,*,#5579,.F.);
#7933=ORIENTED_EDGE('',*,*,#5580,.T.);
#7934=ORIENTED_EDGE('',*,*,#5553,.T.);
#7935=ORIENTED_EDGE('',*,*,#5560,.F.);
#7936=ORIENTED_EDGE('',*,*,#5544,.T.);
#7937=ORIENTED_EDGE('',*,*,#5580,.F.);
#7938=ORIENTED_EDGE('',*,*,#5581,.F.);
#7939=ORIENTED_EDGE('',*,*,#5582,.F.);
#7940=ORIENTED_EDGE('',*,*,#5583,.T.);
#7941=ORIENTED_EDGE('',*,*,#5551,.T.);
#7942=ORIENTED_EDGE('',*,*,#5562,.F.);
#7943=ORIENTED_EDGE('',*,*,#5552,.T.);
#7944=ORIENTED_EDGE('',*,*,#5583,.F.);
#7945=ORIENTED_EDGE('',*,*,#5584,.F.);
#7946=ORIENTED_EDGE('',*,*,#5585,.F.);
#7947=ORIENTED_EDGE('',*,*,#5586,.T.);
#7948=ORIENTED_EDGE('',*,*,#5549,.T.);
#7949=ORIENTED_EDGE('',*,*,#5564,.F.);
#7950=ORIENTED_EDGE('',*,*,#5550,.T.);
#7951=ORIENTED_EDGE('',*,*,#5586,.F.);
#7952=ORIENTED_EDGE('',*,*,#5587,.T.);
#7953=ORIENTED_EDGE('',*,*,#5588,.T.);
#7954=ORIENTED_EDGE('',*,*,#5507,.F.);
#7955=ORIENTED_EDGE('',*,*,#5508,.F.);
#7956=ORIENTED_EDGE('',*,*,#5588,.F.);
#7957=ORIENTED_EDGE('',*,*,#5589,.T.);
#7958=ORIENTED_EDGE('',*,*,#5590,.T.);
#7959=ORIENTED_EDGE('',*,*,#5510,.F.);
#7960=ORIENTED_EDGE('',*,*,#5511,.F.);
#7961=ORIENTED_EDGE('',*,*,#5590,.F.);
#7962=ORIENTED_EDGE('',*,*,#5513,.F.);
#7963=ORIENTED_EDGE('',*,*,#5591,.T.);
#7964=ORIENTED_EDGE('',*,*,#5592,.T.);
#7965=ORIENTED_EDGE('',*,*,#5591,.F.);
#7966=ORIENTED_EDGE('',*,*,#5515,.F.);
#7967=ORIENTED_EDGE('',*,*,#5593,.T.);
#7968=ORIENTED_EDGE('',*,*,#5594,.T.);
#7969=ORIENTED_EDGE('',*,*,#5593,.F.);
#7970=ORIENTED_EDGE('',*,*,#5517,.F.);
#7971=ORIENTED_EDGE('',*,*,#5595,.T.);
#7972=ORIENTED_EDGE('',*,*,#5596,.T.);
#7973=ORIENTED_EDGE('',*,*,#5595,.F.);
#7974=ORIENTED_EDGE('',*,*,#5519,.F.);
#7975=ORIENTED_EDGE('',*,*,#5597,.T.);
#7976=ORIENTED_EDGE('',*,*,#5598,.T.);
#7977=ORIENTED_EDGE('',*,*,#5597,.F.);
#7978=ORIENTED_EDGE('',*,*,#5521,.F.);
#7979=ORIENTED_EDGE('',*,*,#5599,.T.);
#7980=ORIENTED_EDGE('',*,*,#5600,.T.);
#7981=ORIENTED_EDGE('',*,*,#5599,.F.);
#7982=ORIENTED_EDGE('',*,*,#5523,.F.);
#7983=ORIENTED_EDGE('',*,*,#5601,.T.);
#7984=ORIENTED_EDGE('',*,*,#5602,.T.);
#7985=ORIENTED_EDGE('',*,*,#5601,.F.);
#7986=ORIENTED_EDGE('',*,*,#5543,.F.);
#7987=ORIENTED_EDGE('',*,*,#5603,.F.);
#7988=ORIENTED_EDGE('',*,*,#5604,.F.);
#7989=ORIENTED_EDGE('',*,*,#5605,.T.);
#7990=ORIENTED_EDGE('',*,*,#5554,.T.);
#7991=ORIENTED_EDGE('',*,*,#5605,.F.);
#7992=ORIENTED_EDGE('',*,*,#5557,.F.);
#7993=ORIENTED_EDGE('',*,*,#5606,.T.);
#7994=ORIENTED_EDGE('',*,*,#5607,.F.);
#7995=ORIENTED_EDGE('',*,*,#5606,.F.);
#7996=ORIENTED_EDGE('',*,*,#5559,.F.);
#7997=ORIENTED_EDGE('',*,*,#5608,.T.);
#7998=ORIENTED_EDGE('',*,*,#5609,.F.);
#7999=ORIENTED_EDGE('',*,*,#5608,.F.);
#8000=ORIENTED_EDGE('',*,*,#5561,.F.);
#8001=ORIENTED_EDGE('',*,*,#5610,.T.);
#8002=ORIENTED_EDGE('',*,*,#5611,.F.);
#8003=ORIENTED_EDGE('',*,*,#5610,.F.);
#8004=ORIENTED_EDGE('',*,*,#5563,.F.);
#8005=ORIENTED_EDGE('',*,*,#5612,.T.);
#8006=ORIENTED_EDGE('',*,*,#5613,.F.);
#8007=ORIENTED_EDGE('',*,*,#5612,.F.);
#8008=ORIENTED_EDGE('',*,*,#5565,.F.);
#8009=ORIENTED_EDGE('',*,*,#5614,.T.);
#8010=ORIENTED_EDGE('',*,*,#5615,.F.);
#8011=ORIENTED_EDGE('',*,*,#5614,.F.);
#8012=ORIENTED_EDGE('',*,*,#5568,.F.);
#8013=ORIENTED_EDGE('',*,*,#5616,.T.);
#8014=ORIENTED_EDGE('',*,*,#5617,.F.);
#8015=ORIENTED_EDGE('',*,*,#5616,.F.);
#8016=ORIENTED_EDGE('',*,*,#5569,.T.);
#8017=ORIENTED_EDGE('',*,*,#5570,.T.);
#8018=ORIENTED_EDGE('',*,*,#5618,.T.);
#8019=ORIENTED_EDGE('',*,*,#5619,.F.);
#8020=ORIENTED_EDGE('',*,*,#5618,.F.);
#8021=ORIENTED_EDGE('',*,*,#5572,.T.);
#8022=ORIENTED_EDGE('',*,*,#5573,.T.);
#8023=ORIENTED_EDGE('',*,*,#5620,.T.);
#8024=ORIENTED_EDGE('',*,*,#5621,.F.);
#8025=ORIENTED_EDGE('',*,*,#5620,.F.);
#8026=ORIENTED_EDGE('',*,*,#5575,.T.);
#8027=ORIENTED_EDGE('',*,*,#5576,.T.);
#8028=ORIENTED_EDGE('',*,*,#5622,.T.);
#8029=ORIENTED_EDGE('',*,*,#5623,.F.);
#8030=ORIENTED_EDGE('',*,*,#5622,.F.);
#8031=ORIENTED_EDGE('',*,*,#5578,.T.);
#8032=ORIENTED_EDGE('',*,*,#5579,.T.);
#8033=ORIENTED_EDGE('',*,*,#5624,.T.);
#8034=ORIENTED_EDGE('',*,*,#5625,.F.);
#8035=ORIENTED_EDGE('',*,*,#5624,.F.);
#8036=ORIENTED_EDGE('',*,*,#5581,.T.);
#8037=ORIENTED_EDGE('',*,*,#5582,.T.);
#8038=ORIENTED_EDGE('',*,*,#5626,.T.);
#8039=ORIENTED_EDGE('',*,*,#5627,.F.);
#8040=ORIENTED_EDGE('',*,*,#5626,.F.);
#8041=ORIENTED_EDGE('',*,*,#5584,.T.);
#8042=ORIENTED_EDGE('',*,*,#5585,.T.);
#8043=ORIENTED_EDGE('',*,*,#5628,.T.);
#8044=ORIENTED_EDGE('',*,*,#5629,.F.);
#8045=ORIENTED_EDGE('',*,*,#5628,.F.);
#8046=ORIENTED_EDGE('',*,*,#5587,.F.);
#8047=ORIENTED_EDGE('',*,*,#5604,.T.);
#8048=ORIENTED_EDGE('',*,*,#5589,.F.);
#8049=ORIENTED_EDGE('',*,*,#5630,.T.);
#8050=ORIENTED_EDGE('',*,*,#5592,.F.);
#8051=ORIENTED_EDGE('',*,*,#5631,.T.);
#8052=ORIENTED_EDGE('',*,*,#5594,.F.);
#8053=ORIENTED_EDGE('',*,*,#5632,.T.);
#8054=ORIENTED_EDGE('',*,*,#5596,.F.);
#8055=ORIENTED_EDGE('',*,*,#5633,.T.);
#8056=ORIENTED_EDGE('',*,*,#5598,.F.);
#8057=ORIENTED_EDGE('',*,*,#5634,.T.);
#8058=ORIENTED_EDGE('',*,*,#5600,.F.);
#8059=ORIENTED_EDGE('',*,*,#5635,.T.);
#8060=ORIENTED_EDGE('',*,*,#5602,.F.);
#8061=ORIENTED_EDGE('',*,*,#5636,.T.);
#8062=ORIENTED_EDGE('',*,*,#5630,.F.);
#8063=ORIENTED_EDGE('',*,*,#5637,.T.);
#8064=ORIENTED_EDGE('',*,*,#5603,.T.);
#8065=ORIENTED_EDGE('',*,*,#5637,.F.);
#8066=ORIENTED_EDGE('',*,*,#5607,.T.);
#8067=ORIENTED_EDGE('',*,*,#5638,.F.);
#8068=ORIENTED_EDGE('',*,*,#5609,.T.);
#8069=ORIENTED_EDGE('',*,*,#5639,.F.);
#8070=ORIENTED_EDGE('',*,*,#5611,.T.);
#8071=ORIENTED_EDGE('',*,*,#5640,.F.);
#8072=ORIENTED_EDGE('',*,*,#5613,.T.);
#8073=ORIENTED_EDGE('',*,*,#5641,.F.);
#8074=ORIENTED_EDGE('',*,*,#5615,.T.);
#8075=ORIENTED_EDGE('',*,*,#5642,.F.);
#8076=ORIENTED_EDGE('',*,*,#5617,.T.);
#8077=ORIENTED_EDGE('',*,*,#5643,.F.);
#8078=ORIENTED_EDGE('',*,*,#5619,.T.);
#8079=ORIENTED_EDGE('',*,*,#5644,.F.);
#8080=ORIENTED_EDGE('',*,*,#5645,.F.);
#8081=ORIENTED_EDGE('',*,*,#5646,.F.);
#8082=ORIENTED_EDGE('',*,*,#5647,.F.);
#8083=ORIENTED_EDGE('',*,*,#5648,.F.);
#8084=ORIENTED_EDGE('',*,*,#5649,.F.);
#8085=ORIENTED_EDGE('',*,*,#5621,.T.);
#8086=ORIENTED_EDGE('',*,*,#5650,.F.);
#8087=ORIENTED_EDGE('',*,*,#5651,.F.);
#8088=ORIENTED_EDGE('',*,*,#5652,.F.);
#8089=ORIENTED_EDGE('',*,*,#5653,.F.);
#8090=ORIENTED_EDGE('',*,*,#5654,.F.);
#8091=ORIENTED_EDGE('',*,*,#5655,.F.);
#8092=ORIENTED_EDGE('',*,*,#5623,.T.);
#8093=ORIENTED_EDGE('',*,*,#5656,.F.);
#8094=ORIENTED_EDGE('',*,*,#5657,.F.);
#8095=ORIENTED_EDGE('',*,*,#5658,.F.);
#8096=ORIENTED_EDGE('',*,*,#5659,.F.);
#8097=ORIENTED_EDGE('',*,*,#5660,.F.);
#8098=ORIENTED_EDGE('',*,*,#5661,.F.);
#8099=ORIENTED_EDGE('',*,*,#5625,.T.);
#8100=ORIENTED_EDGE('',*,*,#5662,.F.);
#8101=ORIENTED_EDGE('',*,*,#5663,.F.);
#8102=ORIENTED_EDGE('',*,*,#5664,.F.);
#8103=ORIENTED_EDGE('',*,*,#5665,.F.);
#8104=ORIENTED_EDGE('',*,*,#5666,.F.);
#8105=ORIENTED_EDGE('',*,*,#5667,.F.);
#8106=ORIENTED_EDGE('',*,*,#5627,.T.);
#8107=ORIENTED_EDGE('',*,*,#5668,.F.);
#8108=ORIENTED_EDGE('',*,*,#5669,.F.);
#8109=ORIENTED_EDGE('',*,*,#5670,.F.);
#8110=ORIENTED_EDGE('',*,*,#5671,.F.);
#8111=ORIENTED_EDGE('',*,*,#5672,.F.);
#8112=ORIENTED_EDGE('',*,*,#5673,.F.);
#8113=ORIENTED_EDGE('',*,*,#5629,.T.);
#8114=ORIENTED_EDGE('',*,*,#5674,.F.);
#8115=ORIENTED_EDGE('',*,*,#5675,.F.);
#8116=ORIENTED_EDGE('',*,*,#5676,.F.);
#8117=ORIENTED_EDGE('',*,*,#5677,.F.);
#8118=ORIENTED_EDGE('',*,*,#5678,.F.);
#8119=ORIENTED_EDGE('',*,*,#5679,.F.);
#8120=ORIENTED_EDGE('',*,*,#5631,.F.);
#8121=ORIENTED_EDGE('',*,*,#5680,.T.);
#8122=ORIENTED_EDGE('',*,*,#5643,.T.);
#8123=ORIENTED_EDGE('',*,*,#5680,.F.);
#8124=ORIENTED_EDGE('',*,*,#5632,.F.);
#8125=ORIENTED_EDGE('',*,*,#5681,.T.);
#8126=ORIENTED_EDGE('',*,*,#5638,.T.);
#8127=ORIENTED_EDGE('',*,*,#5681,.F.);
#8128=ORIENTED_EDGE('',*,*,#5633,.F.);
#8129=ORIENTED_EDGE('',*,*,#5682,.T.);
#8130=ORIENTED_EDGE('',*,*,#5639,.T.);
#8131=ORIENTED_EDGE('',*,*,#5682,.F.);
#8132=ORIENTED_EDGE('',*,*,#5634,.F.);
#8133=ORIENTED_EDGE('',*,*,#5683,.T.);
#8134=ORIENTED_EDGE('',*,*,#5640,.T.);
#8135=ORIENTED_EDGE('',*,*,#5683,.F.);
#8136=ORIENTED_EDGE('',*,*,#5635,.F.);
#8137=ORIENTED_EDGE('',*,*,#5684,.T.);
#8138=ORIENTED_EDGE('',*,*,#5641,.T.);
#8139=ORIENTED_EDGE('',*,*,#5684,.F.);
#8140=ORIENTED_EDGE('',*,*,#5636,.F.);
#8141=ORIENTED_EDGE('',*,*,#5685,.T.);
#8142=ORIENTED_EDGE('',*,*,#5642,.T.);
#8143=ORIENTED_EDGE('',*,*,#5685,.F.);
#8144=ORIENTED_EDGE('',*,*,#5644,.T.);
#8145=ORIENTED_EDGE('',*,*,#5686,.T.);
#8146=ORIENTED_EDGE('',*,*,#5687,.F.);
#8147=ORIENTED_EDGE('',*,*,#5688,.F.);
#8148=ORIENTED_EDGE('',*,*,#5645,.T.);
#8149=ORIENTED_EDGE('',*,*,#5688,.T.);
#8150=ORIENTED_EDGE('',*,*,#5689,.F.);
#8151=ORIENTED_EDGE('',*,*,#5690,.F.);
#8152=ORIENTED_EDGE('',*,*,#5646,.T.);
#8153=ORIENTED_EDGE('',*,*,#5690,.T.);
#8154=ORIENTED_EDGE('',*,*,#5691,.F.);
#8155=ORIENTED_EDGE('',*,*,#5692,.F.);
#8156=ORIENTED_EDGE('',*,*,#5647,.T.);
#8157=ORIENTED_EDGE('',*,*,#5692,.T.);
#8158=ORIENTED_EDGE('',*,*,#5693,.F.);
#8159=ORIENTED_EDGE('',*,*,#5694,.F.);
#8160=ORIENTED_EDGE('',*,*,#5648,.T.);
#8161=ORIENTED_EDGE('',*,*,#5694,.T.);
#8162=ORIENTED_EDGE('',*,*,#5695,.F.);
#8163=ORIENTED_EDGE('',*,*,#5696,.F.);
#8164=ORIENTED_EDGE('',*,*,#5649,.T.);
#8165=ORIENTED_EDGE('',*,*,#5696,.T.);
#8166=ORIENTED_EDGE('',*,*,#5697,.F.);
#8167=ORIENTED_EDGE('',*,*,#5686,.F.);
#8168=ORIENTED_EDGE('',*,*,#5650,.T.);
#8169=ORIENTED_EDGE('',*,*,#5698,.T.);
#8170=ORIENTED_EDGE('',*,*,#5699,.F.);
#8171=ORIENTED_EDGE('',*,*,#5700,.F.);
#8172=ORIENTED_EDGE('',*,*,#5651,.T.);
#8173=ORIENTED_EDGE('',*,*,#5700,.T.);
#8174=ORIENTED_EDGE('',*,*,#5701,.F.);
#8175=ORIENTED_EDGE('',*,*,#5702,.F.);
#8176=ORIENTED_EDGE('',*,*,#5652,.T.);
#8177=ORIENTED_EDGE('',*,*,#5702,.T.);
#8178=ORIENTED_EDGE('',*,*,#5703,.F.);
#8179=ORIENTED_EDGE('',*,*,#5704,.F.);
#8180=ORIENTED_EDGE('',*,*,#5653,.T.);
#8181=ORIENTED_EDGE('',*,*,#5704,.T.);
#8182=ORIENTED_EDGE('',*,*,#5705,.F.);
#8183=ORIENTED_EDGE('',*,*,#5706,.F.);
#8184=ORIENTED_EDGE('',*,*,#5654,.T.);
#8185=ORIENTED_EDGE('',*,*,#5706,.T.);
#8186=ORIENTED_EDGE('',*,*,#5707,.F.);
#8187=ORIENTED_EDGE('',*,*,#5708,.F.);
#8188=ORIENTED_EDGE('',*,*,#5655,.T.);
#8189=ORIENTED_EDGE('',*,*,#5708,.T.);
#8190=ORIENTED_EDGE('',*,*,#5709,.F.);
#8191=ORIENTED_EDGE('',*,*,#5698,.F.);
#8192=ORIENTED_EDGE('',*,*,#5656,.T.);
#8193=ORIENTED_EDGE('',*,*,#5710,.T.);
#8194=ORIENTED_EDGE('',*,*,#5711,.F.);
#8195=ORIENTED_EDGE('',*,*,#5712,.F.);
#8196=ORIENTED_EDGE('',*,*,#5657,.T.);
#8197=ORIENTED_EDGE('',*,*,#5712,.T.);
#8198=ORIENTED_EDGE('',*,*,#5713,.F.);
#8199=ORIENTED_EDGE('',*,*,#5714,.F.);
#8200=ORIENTED_EDGE('',*,*,#5658,.T.);
#8201=ORIENTED_EDGE('',*,*,#5714,.T.);
#8202=ORIENTED_EDGE('',*,*,#5715,.F.);
#8203=ORIENTED_EDGE('',*,*,#5716,.F.);
#8204=ORIENTED_EDGE('',*,*,#5659,.T.);
#8205=ORIENTED_EDGE('',*,*,#5716,.T.);
#8206=ORIENTED_EDGE('',*,*,#5717,.F.);
#8207=ORIENTED_EDGE('',*,*,#5718,.F.);
#8208=ORIENTED_EDGE('',*,*,#5660,.T.);
#8209=ORIENTED_EDGE('',*,*,#5718,.T.);
#8210=ORIENTED_EDGE('',*,*,#5719,.F.);
#8211=ORIENTED_EDGE('',*,*,#5720,.F.);
#8212=ORIENTED_EDGE('',*,*,#5661,.T.);
#8213=ORIENTED_EDGE('',*,*,#5720,.T.);
#8214=ORIENTED_EDGE('',*,*,#5721,.F.);
#8215=ORIENTED_EDGE('',*,*,#5710,.F.);
#8216=ORIENTED_EDGE('',*,*,#5662,.T.);
#8217=ORIENTED_EDGE('',*,*,#5722,.T.);
#8218=ORIENTED_EDGE('',*,*,#5723,.F.);
#8219=ORIENTED_EDGE('',*,*,#5724,.F.);
#8220=ORIENTED_EDGE('',*,*,#5663,.T.);
#8221=ORIENTED_EDGE('',*,*,#5724,.T.);
#8222=ORIENTED_EDGE('',*,*,#5725,.F.);
#8223=ORIENTED_EDGE('',*,*,#5726,.F.);
#8224=ORIENTED_EDGE('',*,*,#5664,.T.);
#8225=ORIENTED_EDGE('',*,*,#5726,.T.);
#8226=ORIENTED_EDGE('',*,*,#5727,.F.);
#8227=ORIENTED_EDGE('',*,*,#5728,.F.);
#8228=ORIENTED_EDGE('',*,*,#5665,.T.);
#8229=ORIENTED_EDGE('',*,*,#5728,.T.);
#8230=ORIENTED_EDGE('',*,*,#5729,.F.);
#8231=ORIENTED_EDGE('',*,*,#5730,.F.);
#8232=ORIENTED_EDGE('',*,*,#5666,.T.);
#8233=ORIENTED_EDGE('',*,*,#5730,.T.);
#8234=ORIENTED_EDGE('',*,*,#5731,.F.);
#8235=ORIENTED_EDGE('',*,*,#5732,.F.);
#8236=ORIENTED_EDGE('',*,*,#5667,.T.);
#8237=ORIENTED_EDGE('',*,*,#5732,.T.);
#8238=ORIENTED_EDGE('',*,*,#5733,.F.);
#8239=ORIENTED_EDGE('',*,*,#5722,.F.);
#8240=ORIENTED_EDGE('',*,*,#5668,.T.);
#8241=ORIENTED_EDGE('',*,*,#5734,.T.);
#8242=ORIENTED_EDGE('',*,*,#5735,.F.);
#8243=ORIENTED_EDGE('',*,*,#5736,.F.);
#8244=ORIENTED_EDGE('',*,*,#5669,.T.);
#8245=ORIENTED_EDGE('',*,*,#5736,.T.);
#8246=ORIENTED_EDGE('',*,*,#5737,.F.);
#8247=ORIENTED_EDGE('',*,*,#5738,.F.);
#8248=ORIENTED_EDGE('',*,*,#5670,.T.);
#8249=ORIENTED_EDGE('',*,*,#5738,.T.);
#8250=ORIENTED_EDGE('',*,*,#5739,.F.);
#8251=ORIENTED_EDGE('',*,*,#5740,.F.);
#8252=ORIENTED_EDGE('',*,*,#5671,.T.);
#8253=ORIENTED_EDGE('',*,*,#5740,.T.);
#8254=ORIENTED_EDGE('',*,*,#5741,.F.);
#8255=ORIENTED_EDGE('',*,*,#5742,.F.);
#8256=ORIENTED_EDGE('',*,*,#5672,.T.);
#8257=ORIENTED_EDGE('',*,*,#5742,.T.);
#8258=ORIENTED_EDGE('',*,*,#5743,.F.);
#8259=ORIENTED_EDGE('',*,*,#5744,.F.);
#8260=ORIENTED_EDGE('',*,*,#5673,.T.);
#8261=ORIENTED_EDGE('',*,*,#5744,.T.);
#8262=ORIENTED_EDGE('',*,*,#5745,.F.);
#8263=ORIENTED_EDGE('',*,*,#5734,.F.);
#8264=ORIENTED_EDGE('',*,*,#5674,.T.);
#8265=ORIENTED_EDGE('',*,*,#5746,.T.);
#8266=ORIENTED_EDGE('',*,*,#5747,.F.);
#8267=ORIENTED_EDGE('',*,*,#5748,.F.);
#8268=ORIENTED_EDGE('',*,*,#5675,.T.);
#8269=ORIENTED_EDGE('',*,*,#5748,.T.);
#8270=ORIENTED_EDGE('',*,*,#5749,.F.);
#8271=ORIENTED_EDGE('',*,*,#5750,.F.);
#8272=ORIENTED_EDGE('',*,*,#5676,.T.);
#8273=ORIENTED_EDGE('',*,*,#5750,.T.);
#8274=ORIENTED_EDGE('',*,*,#5751,.F.);
#8275=ORIENTED_EDGE('',*,*,#5752,.F.);
#8276=ORIENTED_EDGE('',*,*,#5677,.T.);
#8277=ORIENTED_EDGE('',*,*,#5752,.T.);
#8278=ORIENTED_EDGE('',*,*,#5753,.F.);
#8279=ORIENTED_EDGE('',*,*,#5754,.F.);
#8280=ORIENTED_EDGE('',*,*,#5678,.T.);
#8281=ORIENTED_EDGE('',*,*,#5754,.T.);
#8282=ORIENTED_EDGE('',*,*,#5755,.F.);
#8283=ORIENTED_EDGE('',*,*,#5756,.F.);
#8284=ORIENTED_EDGE('',*,*,#5679,.T.);
#8285=ORIENTED_EDGE('',*,*,#5756,.T.);
#8286=ORIENTED_EDGE('',*,*,#5757,.F.);
#8287=ORIENTED_EDGE('',*,*,#5746,.F.);
#8288=ORIENTED_EDGE('',*,*,#5687,.T.);
#8289=ORIENTED_EDGE('',*,*,#5697,.T.);
#8290=ORIENTED_EDGE('',*,*,#5695,.T.);
#8291=ORIENTED_EDGE('',*,*,#5693,.T.);
#8292=ORIENTED_EDGE('',*,*,#5691,.T.);
#8293=ORIENTED_EDGE('',*,*,#5689,.T.);
#8294=ORIENTED_EDGE('',*,*,#5699,.T.);
#8295=ORIENTED_EDGE('',*,*,#5709,.T.);
#8296=ORIENTED_EDGE('',*,*,#5707,.T.);
#8297=ORIENTED_EDGE('',*,*,#5705,.T.);
#8298=ORIENTED_EDGE('',*,*,#5703,.T.);
#8299=ORIENTED_EDGE('',*,*,#5701,.T.);
#8300=ORIENTED_EDGE('',*,*,#5711,.T.);
#8301=ORIENTED_EDGE('',*,*,#5721,.T.);
#8302=ORIENTED_EDGE('',*,*,#5719,.T.);
#8303=ORIENTED_EDGE('',*,*,#5717,.T.);
#8304=ORIENTED_EDGE('',*,*,#5715,.T.);
#8305=ORIENTED_EDGE('',*,*,#5713,.T.);
#8306=ORIENTED_EDGE('',*,*,#5723,.T.);
#8307=ORIENTED_EDGE('',*,*,#5733,.T.);
#8308=ORIENTED_EDGE('',*,*,#5731,.T.);
#8309=ORIENTED_EDGE('',*,*,#5729,.T.);
#8310=ORIENTED_EDGE('',*,*,#5727,.T.);
#8311=ORIENTED_EDGE('',*,*,#5725,.T.);
#8312=ORIENTED_EDGE('',*,*,#5735,.T.);
#8313=ORIENTED_EDGE('',*,*,#5745,.T.);
#8314=ORIENTED_EDGE('',*,*,#5743,.T.);
#8315=ORIENTED_EDGE('',*,*,#5741,.T.);
#8316=ORIENTED_EDGE('',*,*,#5739,.T.);
#8317=ORIENTED_EDGE('',*,*,#5737,.T.);
#8318=ORIENTED_EDGE('',*,*,#5747,.T.);
#8319=ORIENTED_EDGE('',*,*,#5757,.T.);
#8320=ORIENTED_EDGE('',*,*,#5755,.T.);
#8321=ORIENTED_EDGE('',*,*,#5753,.T.);
#8322=ORIENTED_EDGE('',*,*,#5751,.T.);
#8323=ORIENTED_EDGE('',*,*,#5749,.T.);
#8324=CYLINDRICAL_SURFACE('',#9023,0.8382);
#8325=CYLINDRICAL_SURFACE('',#9030,1.27);
#8326=CYLINDRICAL_SURFACE('',#9036,3.55);
#8327=CYLINDRICAL_SURFACE('',#9043,2.159);
#8328=CYLINDRICAL_SURFACE('',#9048,4.0386);
#8329=CYLINDRICAL_SURFACE('',#9055,5.5);
#8330=CYLINDRICAL_SURFACE('',#9057,4.825);
#8331=CYLINDRICAL_SURFACE('',#9061,1.016);
#8332=CYLINDRICAL_SURFACE('',#9065,1.016);
#8333=CYLINDRICAL_SURFACE('',#9067,6.);
#8334=CYLINDRICAL_SURFACE('',#9071,6.285);
#8335=CYLINDRICAL_SURFACE('',#9079,5.41);
#8336=CYLINDRICAL_SURFACE('',#9081,5.777);
#8337=CYLINDRICAL_SURFACE('',#9091,22.225);
#8338=CYLINDRICAL_SURFACE('',#9093,20.575);
#8339=CYLINDRICAL_SURFACE('',#9099,22.352);
#8340=CYLINDRICAL_SURFACE('',#9101,20.32);
#8341=CYLINDRICAL_SURFACE('',#9106,22.606);
#8342=CYLINDRICAL_SURFACE('',#9130,34.671);
#8343=CYLINDRICAL_SURFACE('',#9133,3.3655);
#8344=CYLINDRICAL_SURFACE('',#9135,3.3655);
#8345=CYLINDRICAL_SURFACE('',#9137,3.3655);
#8346=CYLINDRICAL_SURFACE('',#9139,3.3655);
#8347=CYLINDRICAL_SURFACE('',#9141,3.3655);
#8348=CYLINDRICAL_SURFACE('',#9143,3.3655);
#8349=CYLINDRICAL_SURFACE('',#9145,50.8);
#8350=CYLINDRICAL_SURFACE('',#9156,50.8);
#8351=CYLINDRICAL_SURFACE('',#9171,34.14);
#8352=CYLINDRICAL_SURFACE('',#9174,50.8);
#8353=CYLINDRICAL_SURFACE('',#9175,24.1554);
#8354=CYLINDRICAL_SURFACE('',#9185,34.14);
#8355=CYLINDRICAL_SURFACE('',#9186,50.8);
#8356=CYLINDRICAL_SURFACE('',#9214,3.3655);
#8357=CYLINDRICAL_SURFACE('',#9216,3.3655);
#8358=CYLINDRICAL_SURFACE('',#9218,3.3655);
#8359=CYLINDRICAL_SURFACE('',#9220,3.3655);
#8360=CYLINDRICAL_SURFACE('',#9222,3.3655);
#8361=CYLINDRICAL_SURFACE('',#9224,3.3655);
#8362=CYLINDRICAL_SURFACE('',#9238,1.4);
#8363=CYLINDRICAL_SURFACE('',#9243,2.9);
#8364=CYLINDRICAL_SURFACE('',#9255,3.);
#8365=CYLINDRICAL_SURFACE('',#9264,3.);
#8366=CYLINDRICAL_SURFACE('',#9273,1.5);
#8367=CYLINDRICAL_SURFACE('',#9276,1.5);
#8368=CYLINDRICAL_SURFACE('',#9288,3.);
#8369=CYLINDRICAL_SURFACE('',#9293,2.9);
#8370=CYLINDRICAL_SURFACE('',#9297,3.);
#8371=CYLINDRICAL_SURFACE('',#9318,2.9);
#8372=CYLINDRICAL_SURFACE('',#9325,3.);
#8373=CYLINDRICAL_SURFACE('',#9327,3.);
#8374=CYLINDRICAL_SURFACE('',#9330,3.);
#8375=CYLINDRICAL_SURFACE('',#9335,0.5);
#8376=CYLINDRICAL_SURFACE('',#9338,0.5);
#8377=CYLINDRICAL_SURFACE('',#9342,1.5);
#8378=CYLINDRICAL_SURFACE('',#9351,12.7);
#8379=CYLINDRICAL_SURFACE('',#9378,0.5);
#8380=CYLINDRICAL_SURFACE('',#9380,0.5);
#8381=CYLINDRICAL_SURFACE('',#9383,3.);
#8382=CYLINDRICAL_SURFACE('',#9388,1.5);
#8383=CYLINDRICAL_SURFACE('',#9390,2.);
#8384=CYLINDRICAL_SURFACE('',#9393,2.);
#8385=CYLINDRICAL_SURFACE('',#9396,2.);
#8386=CYLINDRICAL_SURFACE('',#9399,2.);
#8387=CYLINDRICAL_SURFACE('',#9402,9.525);
#8388=CYLINDRICAL_SURFACE('',#9434,35.05);
#8389=CYLINDRICAL_SURFACE('',#9438,12.7);
#8390=CYLINDRICAL_SURFACE('',#9449,4.065);
#8391=CYLINDRICAL_SURFACE('',#9452,4.065);
#8392=CYLINDRICAL_SURFACE('',#9454,1.725);
#8393=CYLINDRICAL_SURFACE('',#9457,35.05);
#8394=CYLINDRICAL_SURFACE('',#9460,4.065);
#8395=CYLINDRICAL_SURFACE('',#9463,4.065);
#8396=CYLINDRICAL_SURFACE('',#9465,1.725);
#8397=CYLINDRICAL_SURFACE('',#9468,25.4);
#8398=CYLINDRICAL_SURFACE('',#9471,25.4);
#8399=CYLINDRICAL_SURFACE('',#9476,25.4);
#8400=CYLINDRICAL_SURFACE('',#9486,25.4);
#8401=CYLINDRICAL_SURFACE('',#9488,25.4);
#8402=CYLINDRICAL_SURFACE('',#9491,25.4);
#8403=CYLINDRICAL_SURFACE('',#9525,1.962111388584);
#8404=CYLINDRICAL_SURFACE('',#9527,1.962111388584);
#8405=CYLINDRICAL_SURFACE('',#9529,1.962111388584);
#8406=CYLINDRICAL_SURFACE('',#9531,1.962111388584);
#8407=CYLINDRICAL_SURFACE('',#9533,1.962111388584);
#8408=CYLINDRICAL_SURFACE('',#9535,1.962111388584);
#8409=CYLINDRICAL_SURFACE('',#9537,1.4);
#8410=CYLINDRICAL_SURFACE('',#9539,2.9);
#8411=CYLINDRICAL_SURFACE('',#9545,3.556);
#8412=CYLINDRICAL_SURFACE('',#9547,3.556);
#8413=CYLINDRICAL_SURFACE('',#9549,1.9);
#8414=CYLINDRICAL_SURFACE('',#9550,1.9);
#8415=CYLINDRICAL_SURFACE('',#9551,2.555);
#8416=CYLINDRICAL_SURFACE('',#9552,2.555);
#8417=CYLINDRICAL_SURFACE('',#9553,2.555);
#8418=CYLINDRICAL_SURFACE('',#9554,2.555);
#8419=CYLINDRICAL_SURFACE('',#9555,6.35);
#8420=CYLINDRICAL_SURFACE('',#9557,6.35);
#8421=CYLINDRICAL_SURFACE('',#9564,3.4);
#8422=CYLINDRICAL_SURFACE('',#9568,10.1);
#8423=CYLINDRICAL_SURFACE('',#9571,3.4);
#8424=CYLINDRICAL_SURFACE('',#9586,3.4);
#8425=CYLINDRICAL_SURFACE('',#9590,10.1);
#8426=CYLINDRICAL_SURFACE('',#9593,3.4);
#8427=CYLINDRICAL_SURFACE('',#9596,3.4);
#8428=CYLINDRICAL_SURFACE('',#9600,10.1);
#8429=CYLINDRICAL_SURFACE('',#9603,3.4);
#8430=CYLINDRICAL_SURFACE('',#9624,22.35);
#8431=CYLINDRICAL_SURFACE('',#9642,16.891);
#8432=CYLINDRICAL_SURFACE('',#9652,2.92);
#8433=CYLINDRICAL_SURFACE('',#9653,2.92);
#8434=CYLINDRICAL_SURFACE('',#9654,2.92);
#8435=CYLINDRICAL_SURFACE('',#9655,2.92);
#8436=CYLINDRICAL_SURFACE('',#9656,2.92);
#8437=CYLINDRICAL_SURFACE('',#9657,2.92);
#8438=CYLINDRICAL_SURFACE('',#9659,3.);
#8439=CYLINDRICAL_SURFACE('',#9661,3.);
#8440=CYLINDRICAL_SURFACE('',#9663,5.);
#8441=CYLINDRICAL_SURFACE('',#9666,5.);
#8442=CYLINDRICAL_SURFACE('',#9765,1.4);
#8443=CYLINDRICAL_SURFACE('',#9767,2.9);
#8444=CYLINDRICAL_SURFACE('',#9769,1.4);
#8445=CYLINDRICAL_SURFACE('',#9771,1.4);
#8446=CYLINDRICAL_SURFACE('',#9773,2.9);
#8447=CYLINDRICAL_SURFACE('',#9775,1.4);
#8448=CYLINDRICAL_SURFACE('',#9776,8.65);
#8449=CYLINDRICAL_SURFACE('',#9778,2.945873412263);
#8450=CYLINDRICAL_SURFACE('',#9781,2.945873412263);
#8451=CYLINDRICAL_SURFACE('',#9786,16.891);
#8452=CYLINDRICAL_SURFACE('',#9788,10.6934);
#8453=CYLINDRICAL_SURFACE('',#9811,2.286);
#8454=CYLINDRICAL_SURFACE('',#9813,2.286);
#8455=CYLINDRICAL_SURFACE('',#9815,2.286);
#8456=CYLINDRICAL_SURFACE('',#9817,2.286);
#8457=CYLINDRICAL_SURFACE('',#9819,2.286);
#8458=CYLINDRICAL_SURFACE('',#9821,2.286);
#8459=CYLINDRICAL_SURFACE('',#9867,2.1844);
#8460=CYLINDRICAL_SURFACE('',#9869,2.1844);
#8461=CYLINDRICAL_SURFACE('',#9871,2.1844);
#8462=CYLINDRICAL_SURFACE('',#9873,2.1844);
#8463=CYLINDRICAL_SURFACE('',#9875,2.1844);
#8464=CYLINDRICAL_SURFACE('',#9877,2.1844);
#8465=CYLINDRICAL_SURFACE('',#9897,8.5344);
#8466=CYLINDRICAL_SURFACE('',#9935,3.5);
#8467=CYLINDRICAL_SURFACE('',#9938,3.5);
#8468=CYLINDRICAL_SURFACE('',#9941,3.5);
#8469=CYLINDRICAL_SURFACE('',#9944,3.5);
#8470=CYLINDRICAL_SURFACE('',#9947,3.5);
#8471=CYLINDRICAL_SURFACE('',#9950,3.5);
#8472=CYLINDRICAL_SURFACE('',#9971,6.477);
#8473=CYLINDRICAL_SURFACE('',#9973,2.);
#8474=CYLINDRICAL_SURFACE('',#9975,2.);
#8475=CYLINDRICAL_SURFACE('',#9977,2.);
#8476=CYLINDRICAL_SURFACE('',#9979,2.);
#8477=CYLINDRICAL_SURFACE('',#9981,2.);
#8478=CYLINDRICAL_SURFACE('',#9983,2.);
#8479=CYLINDRICAL_SURFACE('',#10012,7.9375);
#8480=CYLINDRICAL_SURFACE('',#10031,1.962111388584);
#8481=CYLINDRICAL_SURFACE('',#10032,1.962111388584);
#8482=CYLINDRICAL_SURFACE('',#10033,1.962111388584);
#8483=CYLINDRICAL_SURFACE('',#10034,1.962111388584);
#8484=CYLINDRICAL_SURFACE('',#10035,1.962111388584);
#8485=CYLINDRICAL_SURFACE('',#10036,1.962111388584);
#8486=ADVANCED_FACE('',(#552),#8324,.F.);
#8487=ADVANCED_FACE('',(#553),#483,.F.);
#8488=ADVANCED_FACE('',(#554,#73),#200,.F.);
#8489=ADVANCED_FACE('',(#555),#8325,.F.);
#8490=ADVANCED_FACE('',(#556),#484,.T.);
#8491=ADVANCED_FACE('',(#557,#74),#201,.T.);
#8492=ADVANCED_FACE('',(#558),#8326,.T.);
#8493=ADVANCED_FACE('',(#559),#485,.T.);
#8494=ADVANCED_FACE('',(#560,#75),#202,.T.);
#8495=ADVANCED_FACE('',(#561),#8327,.T.);
#8496=ADVANCED_FACE('',(#562),#71,.F.);
#8497=ADVANCED_FACE('',(#563),#8328,.F.);
#8498=ADVANCED_FACE('',(#564,#76),#203,.F.);
#8499=ADVANCED_FACE('',(#565,#77),#204,.T.);
#8500=ADVANCED_FACE('',(#566),#8329,.T.);
#8501=ADVANCED_FACE('',(#567,#78),#8330,.T.);
#8502=ADVANCED_FACE('',(#568,#79),#205,.F.);
#8503=ADVANCED_FACE('',(#569),#8331,.T.);
#8504=ADVANCED_FACE('',(#570,#80),#206,.T.);
#8505=ADVANCED_FACE('',(#571),#8332,.T.);
#8506=ADVANCED_FACE('',(#572),#8333,.T.);
#8507=ADVANCED_FACE('',(#573),#207,.F.);
#8508=ADVANCED_FACE('',(#574),#8334,.T.);
#8509=ADVANCED_FACE('',(#575),#208,.F.);
#8510=ADVANCED_FACE('',(#576),#486,.T.);
#8511=ADVANCED_FACE('',(#577,#81),#209,.F.);
#8512=ADVANCED_FACE('',(#578),#8335,.T.);
#8513=ADVANCED_FACE('',(#579),#8336,.F.);
#8514=ADVANCED_FACE('',(#580,#82),#210,.T.);
#8515=ADVANCED_FACE('',(#581),#72,.F.);
#8516=ADVANCED_FACE('',(#582,#83),#211,.F.);
#8517=ADVANCED_FACE('',(#583),#8337,.T.);
#8518=ADVANCED_FACE('',(#584),#8338,.F.);
#8519=ADVANCED_FACE('',(#585,#84),#212,.F.);
#8520=ADVANCED_FACE('',(#586,#85),#213,.F.);
#8521=ADVANCED_FACE('',(#587),#8339,.F.);
#8522=ADVANCED_FACE('',(#588),#8340,.F.);
#8523=ADVANCED_FACE('',(#589,#86),#214,.F.);
#8524=ADVANCED_FACE('',(#590),#215,.F.);
#8525=ADVANCED_FACE('',(#591),#8341,.F.);
#8526=ADVANCED_FACE('',(#592,#87,#88,#89,#90,#91,#92,#93),#216,.F.);
#8527=ADVANCED_FACE('',(#593),#487,.T.);
#8528=ADVANCED_FACE('',(#594),#488,.F.);
#8529=ADVANCED_FACE('',(#595),#489,.F.);
#8530=ADVANCED_FACE('',(#596),#490,.F.);
#8531=ADVANCED_FACE('',(#597),#491,.F.);
#8532=ADVANCED_FACE('',(#598),#492,.F.);
#8533=ADVANCED_FACE('',(#599),#493,.F.);
#8534=ADVANCED_FACE('',(#600),#8342,.T.);
#8535=ADVANCED_FACE('',(#601),#8343,.F.);
#8536=ADVANCED_FACE('',(#602),#8344,.F.);
#8537=ADVANCED_FACE('',(#603),#8345,.F.);
#8538=ADVANCED_FACE('',(#604),#8346,.F.);
#8539=ADVANCED_FACE('',(#605),#8347,.F.);
#8540=ADVANCED_FACE('',(#606),#8348,.F.);
#8541=ADVANCED_FACE('',(#607),#8349,.F.);
#8542=ADVANCED_FACE('',(#608),#217,.F.);
#8543=ADVANCED_FACE('',(#609),#494,.T.);
#8544=ADVANCED_FACE('',(#610),#218,.F.);
#8545=ADVANCED_FACE('',(#611),#8350,.F.);
#8546=ADVANCED_FACE('',(#612),#219,.T.);
#8547=ADVANCED_FACE('',(#613),#495,.T.);
#8548=ADVANCED_FACE('',(#614),#220,.T.);
#8549=ADVANCED_FACE('',(#615),#221,.F.);
#8550=ADVANCED_FACE('',(#616),#222,.F.);
#8551=ADVANCED_FACE('',(#617),#223,.F.);
#8552=ADVANCED_FACE('',(#618),#224,.F.);
#8553=ADVANCED_FACE('',(#619),#225,.F.);
#8554=ADVANCED_FACE('',(#620),#226,.F.);
#8555=ADVANCED_FACE('',(#621),#8351,.T.);
#8556=ADVANCED_FACE('',(#622),#227,.T.);
#8557=ADVANCED_FACE('',(#623),#8352,.F.);
#8558=ADVANCED_FACE('',(#624),#8353,.F.);
#8559=ADVANCED_FACE('',(#625,#94,#95,#96),#228,.T.);
#8560=ADVANCED_FACE('',(#626),#229,.T.);
#8561=ADVANCED_FACE('',(#627),#8354,.T.);
#8562=ADVANCED_FACE('',(#628),#8355,.F.);
#8563=ADVANCED_FACE('',(#629,#97,#98,#99),#230,.T.);
#8564=ADVANCED_FACE('',(#630,#100),#231,.T.);
#8565=ADVANCED_FACE('',(#631),#496,.F.);
#8566=ADVANCED_FACE('',(#632),#497,.F.);
#8567=ADVANCED_FACE('',(#633),#498,.F.);
#8568=ADVANCED_FACE('',(#634),#499,.F.);
#8569=ADVANCED_FACE('',(#635),#500,.F.);
#8570=ADVANCED_FACE('',(#636),#501,.F.);
#8571=ADVANCED_FACE('',(#637),#502,.T.);
#8572=ADVANCED_FACE('',(#638),#8356,.F.);
#8573=ADVANCED_FACE('',(#639),#8357,.F.);
#8574=ADVANCED_FACE('',(#640),#8358,.F.);
#8575=ADVANCED_FACE('',(#641),#8359,.F.);
#8576=ADVANCED_FACE('',(#642),#8360,.F.);
#8577=ADVANCED_FACE('',(#643),#8361,.F.);
#8578=ADVANCED_FACE('',(#644),#503,.F.);
#8579=ADVANCED_FACE('',(#645),#232,.T.);
#8580=ADVANCED_FACE('',(#646),#233,.T.);
#8581=ADVANCED_FACE('',(#647),#234,.T.);
#8582=ADVANCED_FACE('',(#648),#235,.T.);
#8583=ADVANCED_FACE('',(#649),#236,.T.);
#8584=ADVANCED_FACE('',(#650),#237,.T.);
#8585=ADVANCED_FACE('',(#651),#238,.T.);
#8586=ADVANCED_FACE('',(#652),#239,.T.);
#8587=ADVANCED_FACE('',(#653),#240,.F.);
#8588=ADVANCED_FACE('',(#654),#8362,.F.);
#8589=ADVANCED_FACE('',(#655),#241,.T.);
#8590=ADVANCED_FACE('',(#656),#8363,.T.);
#8591=ADVANCED_FACE('',(#657),#242,.F.);
#8592=ADVANCED_FACE('',(#658),#243,.F.);
#8593=ADVANCED_FACE('',(#659),#244,.T.);
#8594=ADVANCED_FACE('',(#660),#245,.T.);
#8595=ADVANCED_FACE('',(#661),#246,.T.);
#8596=ADVANCED_FACE('',(#662),#8364,.T.);
#8597=ADVANCED_FACE('',(#663),#247,.T.);
#8598=ADVANCED_FACE('',(#664),#248,.F.);
#8599=ADVANCED_FACE('',(#665),#249,.T.);
#8600=ADVANCED_FACE('',(#666),#250,.T.);
#8601=ADVANCED_FACE('',(#667),#8365,.T.);
#8602=ADVANCED_FACE('',(#668),#251,.T.);
#8603=ADVANCED_FACE('',(#669),#252,.F.);
#8604=ADVANCED_FACE('',(#670),#253,.T.);
#8605=ADVANCED_FACE('',(#671),#254,.T.);
#8606=ADVANCED_FACE('',(#672),#8366,.F.);
#8607=ADVANCED_FACE('',(#673),#255,.T.);
#8608=ADVANCED_FACE('',(#674),#8367,.F.);
#8609=ADVANCED_FACE('',(#675),#256,.T.);
#8610=ADVANCED_FACE('',(#676),#257,.T.);
#8611=ADVANCED_FACE('',(#677),#258,.T.);
#8612=ADVANCED_FACE('',(#678),#259,.T.);
#8613=ADVANCED_FACE('',(#679),#8368,.T.);
#8614=ADVANCED_FACE('',(#680),#260,.F.);
#8615=ADVANCED_FACE('',(#681),#8369,.T.);
#8616=ADVANCED_FACE('',(#682),#261,.T.);
#8617=ADVANCED_FACE('',(#683),#8370,.T.);
#8618=ADVANCED_FACE('',(#684,#101,#102,#103,#104,#105,#106,#107,#108),#262,
 .F.);
#8619=ADVANCED_FACE('',(#685),#263,.T.);
#8620=ADVANCED_FACE('',(#686),#8371,.T.);
#8621=ADVANCED_FACE('',(#687),#264,.F.);
#8622=ADVANCED_FACE('',(#688),#265,.T.);
#8623=ADVANCED_FACE('',(#689),#8372,.T.);
#8624=ADVANCED_FACE('',(#690),#8373,.T.);
#8625=ADVANCED_FACE('',(#691),#266,.T.);
#8626=ADVANCED_FACE('',(#692),#8374,.T.);
#8627=ADVANCED_FACE('',(#693),#267,.T.);
#8628=ADVANCED_FACE('',(#694),#8375,.T.);
#8629=ADVANCED_FACE('',(#695),#268,.F.);
#8630=ADVANCED_FACE('',(#696),#8376,.T.);
#8631=ADVANCED_FACE('',(#697),#269,.T.);
#8632=ADVANCED_FACE('',(#698),#270,.T.);
#8633=ADVANCED_FACE('',(#699),#8377,.F.);
#8634=ADVANCED_FACE('',(#700,#109,#110),#271,.T.);
#8635=ADVANCED_FACE('',(#701),#8378,.F.);
#8636=ADVANCED_FACE('',(#702,#111,#112),#272,.F.);
#8637=ADVANCED_FACE('',(#703),#273,.T.);
#8638=ADVANCED_FACE('',(#704),#274,.F.);
#8639=ADVANCED_FACE('',(#705),#275,.T.);
#8640=ADVANCED_FACE('',(#706),#276,.T.);
#8641=ADVANCED_FACE('',(#707),#277,.T.);
#8642=ADVANCED_FACE('',(#708),#278,.F.);
#8643=ADVANCED_FACE('',(#709,#113),#279,.T.);
#8644=ADVANCED_FACE('',(#710),#280,.T.);
#8645=ADVANCED_FACE('',(#711),#281,.T.);
#8646=ADVANCED_FACE('',(#712),#282,.T.);
#8647=ADVANCED_FACE('',(#713),#8379,.T.);
#8648=ADVANCED_FACE('',(#714),#283,.F.);
#8649=ADVANCED_FACE('',(#715),#8380,.T.);
#8650=ADVANCED_FACE('',(#716),#284,.T.);
#8651=ADVANCED_FACE('',(#717),#8381,.T.);
#8652=ADVANCED_FACE('',(#718),#285,.T.);
#8653=ADVANCED_FACE('',(#719),#8382,.F.);
#8654=ADVANCED_FACE('',(#720),#8383,.T.);
#8655=ADVANCED_FACE('',(#721),#286,.T.);
#8656=ADVANCED_FACE('',(#722),#8384,.T.);
#8657=ADVANCED_FACE('',(#723),#287,.T.);
#8658=ADVANCED_FACE('',(#724),#8385,.T.);
#8659=ADVANCED_FACE('',(#725),#288,.T.);
#8660=ADVANCED_FACE('',(#726),#8386,.T.);
#8661=ADVANCED_FACE('',(#727),#289,.T.);
#8662=ADVANCED_FACE('',(#728),#8387,.T.);
#8663=ADVANCED_FACE('',(#729),#504,.T.);
#8664=ADVANCED_FACE('',(#730),#505,.T.);
#8665=ADVANCED_FACE('',(#731),#506,.T.);
#8666=ADVANCED_FACE('',(#732),#507,.T.);
#8667=ADVANCED_FACE('',(#733),#508,.T.);
#8668=ADVANCED_FACE('',(#734),#509,.T.);
#8669=ADVANCED_FACE('',(#735),#290,.T.);
#8670=ADVANCED_FACE('',(#736),#291,.F.);
#8671=ADVANCED_FACE('',(#737),#292,.T.);
#8672=ADVANCED_FACE('',(#738),#293,.F.);
#8673=ADVANCED_FACE('',(#739),#294,.F.);
#8674=ADVANCED_FACE('',(#740),#295,.F.);
#8675=ADVANCED_FACE('',(#741),#296,.F.);
#8676=ADVANCED_FACE('',(#742),#297,.F.);
#8677=ADVANCED_FACE('',(#743),#298,.T.);
#8678=ADVANCED_FACE('',(#744),#299,.F.);
#8679=ADVANCED_FACE('',(#745),#8388,.F.);
#8680=ADVANCED_FACE('',(#746),#300,.T.);
#8681=ADVANCED_FACE('',(#747),#301,.T.);
#8682=ADVANCED_FACE('',(#748),#8389,.F.);
#8683=ADVANCED_FACE('',(#749,#114,#115,#116,#117,#118,#119,#120,#121),#302,
 .T.);
#8684=ADVANCED_FACE('',(#750),#303,.F.);
#8685=ADVANCED_FACE('',(#751),#8390,.F.);
#8686=ADVANCED_FACE('',(#752),#304,.F.);
#8687=ADVANCED_FACE('',(#753),#8391,.F.);
#8688=ADVANCED_FACE('',(#754),#8392,.F.);
#8689=ADVANCED_FACE('',(#755),#305,.T.);
#8690=ADVANCED_FACE('',(#756),#8393,.F.);
#8691=ADVANCED_FACE('',(#757),#306,.F.);
#8692=ADVANCED_FACE('',(#758),#8394,.F.);
#8693=ADVANCED_FACE('',(#759),#307,.F.);
#8694=ADVANCED_FACE('',(#760),#8395,.F.);
#8695=ADVANCED_FACE('',(#761),#8396,.F.);
#8696=ADVANCED_FACE('',(#762),#308,.T.);
#8697=ADVANCED_FACE('',(#763),#8397,.T.);
#8698=ADVANCED_FACE('',(#764),#309,.T.);
#8699=ADVANCED_FACE('',(#765),#8398,.T.);
#8700=ADVANCED_FACE('',(#766),#310,.T.);
#8701=ADVANCED_FACE('',(#767),#311,.T.);
#8702=ADVANCED_FACE('',(#768),#312,.T.);
#8703=ADVANCED_FACE('',(#769),#8399,.T.);
#8704=ADVANCED_FACE('',(#770,#122,#123,#124,#125,#126,#127,#128,#129),#313,
 .T.);
#8705=ADVANCED_FACE('',(#771),#8400,.T.);
#8706=ADVANCED_FACE('',(#772),#314,.T.);
#8707=ADVANCED_FACE('',(#773),#8401,.T.);
#8708=ADVANCED_FACE('',(#774),#315,.T.);
#8709=ADVANCED_FACE('',(#775),#8402,.T.);
#8710=ADVANCED_FACE('',(#776),#316,.T.);
#8711=ADVANCED_FACE('',(#777,#130,#131,#132),#317,.F.);
#8712=ADVANCED_FACE('',(#778,#133,#134),#318,.T.);
#8713=ADVANCED_FACE('',(#779),#319,.F.);
#8714=ADVANCED_FACE('',(#780),#320,.T.);
#8715=ADVANCED_FACE('',(#781),#321,.T.);
#8716=ADVANCED_FACE('',(#782),#13,.T.);
#8717=ADVANCED_FACE('',(#783),#322,.T.);
#8718=ADVANCED_FACE('',(#784),#14,.T.);
#8719=ADVANCED_FACE('',(#785),#323,.T.);
#8720=ADVANCED_FACE('',(#786),#15,.T.);
#8721=ADVANCED_FACE('',(#787),#324,.T.);
#8722=ADVANCED_FACE('',(#788),#16,.T.);
#8723=ADVANCED_FACE('',(#789),#325,.F.);
#8724=ADVANCED_FACE('',(#790),#326,.T.);
#8725=ADVANCED_FACE('',(#791),#327,.T.);
#8726=ADVANCED_FACE('',(#792),#328,.F.);
#8727=ADVANCED_FACE('',(#793),#329,.T.);
#8728=ADVANCED_FACE('',(#794),#330,.T.);
#8729=ADVANCED_FACE('',(#795),#331,.T.);
#8730=ADVANCED_FACE('',(#796),#332,.T.);
#8731=ADVANCED_FACE('',(#797,#135),#333,.F.);
#8732=ADVANCED_FACE('',(#798),#8403,.T.);
#8733=ADVANCED_FACE('',(#799),#8404,.T.);
#8734=ADVANCED_FACE('',(#800),#8405,.T.);
#8735=ADVANCED_FACE('',(#801),#8406,.T.);
#8736=ADVANCED_FACE('',(#802),#8407,.T.);
#8737=ADVANCED_FACE('',(#803),#8408,.T.);
#8738=ADVANCED_FACE('',(#804),#8409,.F.);
#8739=ADVANCED_FACE('',(#805),#334,.T.);
#8740=ADVANCED_FACE('',(#806),#8410,.T.);
#8741=ADVANCED_FACE('',(#807),#335,.T.);
#8742=ADVANCED_FACE('',(#808),#336,.F.);
#8743=ADVANCED_FACE('',(#809),#337,.T.);
#8744=ADVANCED_FACE('',(#810,#136),#338,.T.);
#8745=ADVANCED_FACE('',(#811),#8411,.F.);
#8746=ADVANCED_FACE('',(#812),#8412,.F.);
#8747=ADVANCED_FACE('',(#813),#8413,.F.);
#8748=ADVANCED_FACE('',(#814),#8414,.F.);
#8749=ADVANCED_FACE('',(#815),#8415,.F.);
#8750=ADVANCED_FACE('',(#816),#8416,.F.);
#8751=ADVANCED_FACE('',(#817),#8417,.F.);
#8752=ADVANCED_FACE('',(#818),#8418,.F.);
#8753=ADVANCED_FACE('',(#819),#8419,.F.);
#8754=ADVANCED_FACE('',(#820),#8420,.F.);
#8755=ADVANCED_FACE('',(#821),#339,.T.);
#8756=ADVANCED_FACE('',(#822),#340,.T.);
#8757=ADVANCED_FACE('',(#823),#341,.T.);
#8758=ADVANCED_FACE('',(#824),#342,.T.);
#8759=ADVANCED_FACE('',(#825),#343,.T.);
#8760=ADVANCED_FACE('',(#826),#8421,.T.);
#8761=ADVANCED_FACE('',(#827),#344,.T.);
#8762=ADVANCED_FACE('',(#828),#8422,.F.);
#8763=ADVANCED_FACE('',(#829),#345,.T.);
#8764=ADVANCED_FACE('',(#830),#8423,.T.);
#8765=ADVANCED_FACE('',(#831),#510,.T.);
#8766=ADVANCED_FACE('',(#832),#8424,.T.);
#8767=ADVANCED_FACE('',(#833),#346,.T.);
#8768=ADVANCED_FACE('',(#834),#8425,.F.);
#8769=ADVANCED_FACE('',(#835),#347,.T.);
#8770=ADVANCED_FACE('',(#836),#8426,.T.);
#8771=ADVANCED_FACE('',(#837),#8427,.T.);
#8772=ADVANCED_FACE('',(#838),#348,.T.);
#8773=ADVANCED_FACE('',(#839),#8428,.F.);
#8774=ADVANCED_FACE('',(#840),#349,.T.);
#8775=ADVANCED_FACE('',(#841),#8429,.T.);
#8776=ADVANCED_FACE('',(#842),#350,.F.);
#8777=ADVANCED_FACE('',(#843),#351,.F.);
#8778=ADVANCED_FACE('',(#844),#352,.F.);
#8779=ADVANCED_FACE('',(#845),#353,.F.);
#8780=ADVANCED_FACE('',(#846),#354,.F.);
#8781=ADVANCED_FACE('',(#847),#355,.F.);
#8782=ADVANCED_FACE('',(#848,#137),#356,.F.);
#8783=ADVANCED_FACE('',(#849,#138),#357,.F.);
#8784=ADVANCED_FACE('',(#850,#139),#358,.F.);
#8785=ADVANCED_FACE('',(#851,#140),#359,.F.);
#8786=ADVANCED_FACE('',(#852,#141),#360,.F.);
#8787=ADVANCED_FACE('',(#853,#142),#361,.F.);
#8788=ADVANCED_FACE('',(#854),#8430,.F.);
#8789=ADVANCED_FACE('',(#855,#143),#362,.F.);
#8790=ADVANCED_FACE('',(#856,#144),#363,.F.);
#8791=ADVANCED_FACE('',(#857,#145),#364,.F.);
#8792=ADVANCED_FACE('',(#858,#146),#365,.F.);
#8793=ADVANCED_FACE('',(#859),#366,.T.);
#8794=ADVANCED_FACE('',(#860),#367,.T.);
#8795=ADVANCED_FACE('',(#861,#147,#148),#368,.T.);
#8796=ADVANCED_FACE('',(#862),#369,.F.);
#8797=ADVANCED_FACE('',(#863),#370,.F.);
#8798=ADVANCED_FACE('',(#864),#371,.F.);
#8799=ADVANCED_FACE('',(#865),#8431,.T.);
#8800=ADVANCED_FACE('',(#866),#372,.T.);
#8801=ADVANCED_FACE('',(#867),#373,.T.);
#8802=ADVANCED_FACE('',(#868,#149,#150),#374,.T.);
#8803=ADVANCED_FACE('',(#869,#151,#152),#375,.T.);
#8804=ADVANCED_FACE('',(#870),#8432,.T.);
#8805=ADVANCED_FACE('',(#871),#8433,.T.);
#8806=ADVANCED_FACE('',(#872),#8434,.T.);
#8807=ADVANCED_FACE('',(#873),#8435,.T.);
#8808=ADVANCED_FACE('',(#874),#8436,.T.);
#8809=ADVANCED_FACE('',(#875),#8437,.T.);
#8810=ADVANCED_FACE('',(#876,#153),#376,.F.);
#8811=ADVANCED_FACE('',(#877),#8438,.T.);
#8812=ADVANCED_FACE('',(#878),#8439,.T.);
#8813=ADVANCED_FACE('',(#879),#8440,.T.);
#8814=ADVANCED_FACE('',(#880),#8441,.T.);
#8815=ADVANCED_FACE('',(#881),#511,.T.);
#8816=ADVANCED_FACE('',(#882),#377,.F.);
#8817=ADVANCED_FACE('',(#883,#154),#378,.T.);
#8818=ADVANCED_FACE('',(#884),#379,.F.);
#8819=ADVANCED_FACE('',(#885),#380,.F.);
#8820=ADVANCED_FACE('',(#886,#155),#381,.F.);
#8821=ADVANCED_FACE('',(#887,#156),#382,.F.);
#8822=ADVANCED_FACE('',(#888),#512,.T.);
#8823=ADVANCED_FACE('',(#889),#513,.T.);
#8824=ADVANCED_FACE('',(#890),#514,.T.);
#8825=ADVANCED_FACE('',(#891,#157),#383,.T.);
#8826=ADVANCED_FACE('',(#892,#158),#384,.T.);
#8827=ADVANCED_FACE('',(#893,#159),#385,.T.);
#8828=ADVANCED_FACE('',(#894,#160),#386,.T.);
#8829=ADVANCED_FACE('',(#895,#161),#387,.T.);
#8830=ADVANCED_FACE('',(#896,#162),#388,.T.);
#8831=ADVANCED_FACE('',(#897),#515,.F.);
#8832=ADVANCED_FACE('',(#898),#516,.F.);
#8833=ADVANCED_FACE('',(#899),#517,.F.);
#8834=ADVANCED_FACE('',(#900),#518,.F.);
#8835=ADVANCED_FACE('',(#901),#519,.F.);
#8836=ADVANCED_FACE('',(#902),#520,.F.);
#8837=ADVANCED_FACE('',(#903),#8442,.F.);
#8838=ADVANCED_FACE('',(#904),#389,.F.);
#8839=ADVANCED_FACE('',(#905),#8443,.T.);
#8840=ADVANCED_FACE('',(#906),#390,.F.);
#8841=ADVANCED_FACE('',(#907),#8444,.F.);
#8842=ADVANCED_FACE('',(#908),#391,.F.);
#8843=ADVANCED_FACE('',(#909),#8445,.F.);
#8844=ADVANCED_FACE('',(#910),#392,.F.);
#8845=ADVANCED_FACE('',(#911),#8446,.T.);
#8846=ADVANCED_FACE('',(#912),#393,.F.);
#8847=ADVANCED_FACE('',(#913),#8447,.F.);
#8848=ADVANCED_FACE('',(#914),#8448,.F.);
#8849=ADVANCED_FACE('',(#915),#8449,.T.);
#8850=ADVANCED_FACE('',(#916),#8450,.T.);
#8851=ADVANCED_FACE('',(#917,#163),#394,.T.);
#8852=ADVANCED_FACE('',(#918,#164),#395,.T.);
#8853=ADVANCED_FACE('',(#919),#8451,.T.);
#8854=ADVANCED_FACE('',(#920,#165,#166,#167,#168,#169,#170),#8452,.F.);
#8855=ADVANCED_FACE('',(#921),#521,.F.);
#8856=ADVANCED_FACE('',(#922),#522,.F.);
#8857=ADVANCED_FACE('',(#923),#523,.F.);
#8858=ADVANCED_FACE('',(#924),#524,.F.);
#8859=ADVANCED_FACE('',(#925),#525,.F.);
#8860=ADVANCED_FACE('',(#926),#526,.F.);
#8861=ADVANCED_FACE('',(#927),#8453,.F.);
#8862=ADVANCED_FACE('',(#928),#8454,.F.);
#8863=ADVANCED_FACE('',(#929),#8455,.F.);
#8864=ADVANCED_FACE('',(#930),#8456,.F.);
#8865=ADVANCED_FACE('',(#931),#8457,.F.);
#8866=ADVANCED_FACE('',(#932),#8458,.F.);
#8867=ADVANCED_FACE('',(#933,#171),#396,.F.);
#8868=ADVANCED_FACE('',(#934),#527,.T.);
#8869=ADVANCED_FACE('',(#935),#528,.T.);
#8870=ADVANCED_FACE('',(#936),#397,.F.);
#8871=ADVANCED_FACE('',(#937),#398,.F.);
#8872=ADVANCED_FACE('',(#938),#399,.F.);
#8873=ADVANCED_FACE('',(#939),#400,.F.);
#8874=ADVANCED_FACE('',(#940),#401,.F.);
#8875=ADVANCED_FACE('',(#941),#402,.F.);
#8876=ADVANCED_FACE('',(#942),#403,.F.);
#8877=ADVANCED_FACE('',(#943),#404,.F.);
#8878=ADVANCED_FACE('',(#944),#405,.F.);
#8879=ADVANCED_FACE('',(#945),#406,.F.);
#8880=ADVANCED_FACE('',(#946),#407,.F.);
#8881=ADVANCED_FACE('',(#947),#408,.F.);
#8882=ADVANCED_FACE('',(#948),#529,.T.);
#8883=ADVANCED_FACE('',(#949),#530,.T.);
#8884=ADVANCED_FACE('',(#950),#531,.T.);
#8885=ADVANCED_FACE('',(#951),#8459,.F.);
#8886=ADVANCED_FACE('',(#952),#8460,.F.);
#8887=ADVANCED_FACE('',(#953),#8461,.F.);
#8888=ADVANCED_FACE('',(#954),#8462,.F.);
#8889=ADVANCED_FACE('',(#955),#8463,.F.);
#8890=ADVANCED_FACE('',(#956),#8464,.F.);
#8891=ADVANCED_FACE('',(#957),#532,.F.);
#8892=ADVANCED_FACE('',(#958),#533,.F.);
#8893=ADVANCED_FACE('',(#959),#534,.F.);
#8894=ADVANCED_FACE('',(#960),#535,.F.);
#8895=ADVANCED_FACE('',(#961),#536,.F.);
#8896=ADVANCED_FACE('',(#962),#537,.F.);
#8897=ADVANCED_FACE('',(#963),#8465,.T.);
#8898=ADVANCED_FACE('',(#964),#409,.T.);
#8899=ADVANCED_FACE('',(#965),#410,.T.);
#8900=ADVANCED_FACE('',(#966),#411,.T.);
#8901=ADVANCED_FACE('',(#967),#412,.T.);
#8902=ADVANCED_FACE('',(#968,#172),#413,.F.);
#8903=ADVANCED_FACE('',(#969,#173),#414,.F.);
#8904=ADVANCED_FACE('',(#970,#174),#415,.F.);
#8905=ADVANCED_FACE('',(#971,#175),#416,.F.);
#8906=ADVANCED_FACE('',(#972,#176),#417,.F.);
#8907=ADVANCED_FACE('',(#973,#177),#418,.F.);
#8908=ADVANCED_FACE('',(#974,#178),#419,.F.);
#8909=ADVANCED_FACE('',(#975),#8466,.T.);
#8910=ADVANCED_FACE('',(#976),#8467,.T.);
#8911=ADVANCED_FACE('',(#977),#8468,.T.);
#8912=ADVANCED_FACE('',(#978),#8469,.T.);
#8913=ADVANCED_FACE('',(#979),#8470,.T.);
#8914=ADVANCED_FACE('',(#980),#8471,.T.);
#8915=ADVANCED_FACE('',(#981),#538,.F.);
#8916=ADVANCED_FACE('',(#982),#539,.F.);
#8917=ADVANCED_FACE('',(#983),#540,.F.);
#8918=ADVANCED_FACE('',(#984),#541,.F.);
#8919=ADVANCED_FACE('',(#985),#542,.F.);
#8920=ADVANCED_FACE('',(#986),#543,.F.);
#8921=ADVANCED_FACE('',(#987),#544,.F.);
#8922=ADVANCED_FACE('',(#988),#545,.F.);
#8923=ADVANCED_FACE('',(#989,#179),#420,.T.);
#8924=ADVANCED_FACE('',(#990),#8472,.F.);
#8925=ADVANCED_FACE('',(#991),#8473,.T.);
#8926=ADVANCED_FACE('',(#992),#8474,.T.);
#8927=ADVANCED_FACE('',(#993),#8475,.T.);
#8928=ADVANCED_FACE('',(#994),#8476,.T.);
#8929=ADVANCED_FACE('',(#995),#8477,.T.);
#8930=ADVANCED_FACE('',(#996),#8478,.T.);
#8931=ADVANCED_FACE('',(#997),#546,.T.);
#8932=ADVANCED_FACE('',(#998),#547,.T.);
#8933=ADVANCED_FACE('',(#999),#548,.T.);
#8934=ADVANCED_FACE('',(#1000),#549,.T.);
#8935=ADVANCED_FACE('',(#1001),#550,.T.);
#8936=ADVANCED_FACE('',(#1002),#551,.T.);
#8937=ADVANCED_FACE('',(#1003,#180),#421,.T.);
#8938=ADVANCED_FACE('',(#1004,#181),#422,.T.);
#8939=ADVANCED_FACE('',(#1005,#182),#423,.F.);
#8940=ADVANCED_FACE('',(#1006,#183),#424,.F.);
#8941=ADVANCED_FACE('',(#1007,#184),#425,.F.);
#8942=ADVANCED_FACE('',(#1008,#185),#426,.F.);
#8943=ADVANCED_FACE('',(#1009,#186),#427,.F.);
#8944=ADVANCED_FACE('',(#1010,#187),#428,.F.);
#8945=ADVANCED_FACE('',(#1011),#8479,.F.);
#8946=ADVANCED_FACE('',(#1012,#188),#429,.F.);
#8947=ADVANCED_FACE('',(#1013,#189),#430,.F.);
#8948=ADVANCED_FACE('',(#1014,#190),#431,.F.);
#8949=ADVANCED_FACE('',(#1015,#191),#432,.F.);
#8950=ADVANCED_FACE('',(#1016,#192),#433,.F.);
#8951=ADVANCED_FACE('',(#1017,#193),#434,.F.);
#8952=ADVANCED_FACE('',(#1018,#194),#435,.T.);
#8953=ADVANCED_FACE('',(#1019,#195),#436,.T.);
#8954=ADVANCED_FACE('',(#1020,#196),#437,.T.);
#8955=ADVANCED_FACE('',(#1021,#197),#438,.T.);
#8956=ADVANCED_FACE('',(#1022,#198),#439,.T.);
#8957=ADVANCED_FACE('',(#1023,#199),#440,.T.);
#8958=ADVANCED_FACE('',(#1024),#8480,.T.);
#8959=ADVANCED_FACE('',(#1025),#8481,.T.);
#8960=ADVANCED_FACE('',(#1026),#8482,.T.);
#8961=ADVANCED_FACE('',(#1027),#8483,.T.);
#8962=ADVANCED_FACE('',(#1028),#8484,.T.);
#8963=ADVANCED_FACE('',(#1029),#8485,.T.);
#8964=ADVANCED_FACE('',(#1030),#441,.F.);
#8965=ADVANCED_FACE('',(#1031),#442,.F.);
#8966=ADVANCED_FACE('',(#1032),#443,.F.);
#8967=ADVANCED_FACE('',(#1033),#444,.F.);
#8968=ADVANCED_FACE('',(#1034),#445,.F.);
#8969=ADVANCED_FACE('',(#1035),#446,.F.);
#8970=ADVANCED_FACE('',(#1036),#447,.F.);
#8971=ADVANCED_FACE('',(#1037),#448,.F.);
#8972=ADVANCED_FACE('',(#1038),#449,.F.);
#8973=ADVANCED_FACE('',(#1039),#450,.F.);
#8974=ADVANCED_FACE('',(#1040),#451,.F.);
#8975=ADVANCED_FACE('',(#1041),#452,.F.);
#8976=ADVANCED_FACE('',(#1042),#453,.F.);
#8977=ADVANCED_FACE('',(#1043),#454,.F.);
#8978=ADVANCED_FACE('',(#1044),#455,.F.);
#8979=ADVANCED_FACE('',(#1045),#456,.F.);
#8980=ADVANCED_FACE('',(#1046),#457,.F.);
#8981=ADVANCED_FACE('',(#1047),#458,.F.);
#8982=ADVANCED_FACE('',(#1048),#459,.F.);
#8983=ADVANCED_FACE('',(#1049),#460,.F.);
#8984=ADVANCED_FACE('',(#1050),#461,.F.);
#8985=ADVANCED_FACE('',(#1051),#462,.F.);
#8986=ADVANCED_FACE('',(#1052),#463,.F.);
#8987=ADVANCED_FACE('',(#1053),#464,.F.);
#8988=ADVANCED_FACE('',(#1054),#465,.F.);
#8989=ADVANCED_FACE('',(#1055),#466,.F.);
#8990=ADVANCED_FACE('',(#1056),#467,.F.);
#8991=ADVANCED_FACE('',(#1057),#468,.F.);
#8992=ADVANCED_FACE('',(#1058),#469,.F.);
#8993=ADVANCED_FACE('',(#1059),#470,.F.);
#8994=ADVANCED_FACE('',(#1060),#471,.F.);
#8995=ADVANCED_FACE('',(#1061),#472,.F.);
#8996=ADVANCED_FACE('',(#1062),#473,.F.);
#8997=ADVANCED_FACE('',(#1063),#474,.F.);
#8998=ADVANCED_FACE('',(#1064),#475,.F.);
#8999=ADVANCED_FACE('',(#1065),#476,.F.);
#9000=ADVANCED_FACE('',(#1066),#477,.T.);
#9001=ADVANCED_FACE('',(#1067),#478,.T.);
#9002=ADVANCED_FACE('',(#1068),#479,.T.);
#9003=ADVANCED_FACE('',(#1069),#480,.T.);
#9004=ADVANCED_FACE('',(#1070),#481,.T.);
#9005=ADVANCED_FACE('',(#1071),#482,.T.);
#9006=CLOSED_SHELL('',(#8486,#8487,#8488,#8489,#8490,#8491,#8492,#8493,
#8494,#8495,#8496));
#9007=CLOSED_SHELL('',(#8497,#8498,#8499,#8500,#8501,#8502,#8503,#8504,
#8505,#8506,#8507,#8508,#8509,#8510,#8511,#8512,#8513,#8514,#8515));
#9008=CLOSED_SHELL('',(#8516,#8517,#8518,#8519,#8520,#8521,#8522,#8523,
#8524,#8525,#8526,#8527,#8528,#8529,#8530,#8531,#8532,#8533,#8534,#8535,
#8536,#8537,#8538,#8539,#8540,#8541,#8542,#8543,#8544,#8545,#8546,#8547,
#8548,#8549,#8550,#8551,#8552,#8553,#8554,#8555,#8556,#8557,#8558,#8559,
#8560,#8561,#8562,#8563,#8564,#8565,#8566,#8567,#8568,#8569,#8570,#8571,
#8572,#8573,#8574,#8575,#8576,#8577,#8578,#8579,#8580,#8581,#8582,#8583,
#8584,#8585));
#9009=CLOSED_SHELL('',(#8586,#8587,#8588,#8589,#8590,#8591,#8592,#8593,
#8594,#8595,#8596,#8597,#8598,#8599,#8600,#8601,#8602,#8603,#8604,#8605,
#8606,#8607,#8608,#8609,#8610,#8611,#8612,#8613,#8614,#8615,#8616,#8617,
#8618,#8619,#8620,#8621,#8622,#8623,#8624,#8625,#8626,#8627,#8628,#8629,
#8630,#8631,#8632,#8633,#8634,#8635,#8636,#8637,#8638,#8639,#8640,#8641,
#8642,#8643,#8644,#8645,#8646,#8647,#8648,#8649,#8650,#8651,#8652,#8653,
#8654,#8655,#8656,#8657,#8658,#8659,#8660,#8661,#8662,#8663,#8664,#8665,
#8666,#8667,#8668,#8669,#8670,#8671,#8672,#8673,#8674,#8675,#8676,#8677,
#8678,#8679,#8680,#8681,#8682,#8683,#8684,#8685,#8686,#8687,#8688,#8689,
#8690,#8691,#8692,#8693,#8694,#8695,#8696,#8697,#8698,#8699,#8700,#8701,
#8702,#8703,#8704,#8705,#8706,#8707,#8708,#8709,#8710,#8711,#8712,#8713,
#8714,#8715,#8716,#8717,#8718,#8719,#8720,#8721,#8722,#8723,#8724,#8725,
#8726,#8727,#8728,#8729,#8730,#8731,#8732,#8733,#8734,#8735,#8736,#8737,
#8738,#8739,#8740,#8741,#8742,#8743,#8744,#8745,#8746,#8747,#8748,#8749,
#8750,#8751,#8752,#8753,#8754,#8755,#8756,#8757,#8758,#8759,#8760,#8761,
#8762,#8763,#8764,#8765,#8766,#8767,#8768,#8769,#8770,#8771,#8772,#8773,
#8774,#8775,#8776,#8777,#8778,#8779,#8780,#8781,#8782,#8783,#8784,#8785,
#8786,#8787,#8788,#8789,#8790,#8791,#8792,#8793,#8794,#8795,#8796,#8797,
#8798,#8799,#8800,#8801,#8802,#8803,#8804,#8805,#8806,#8807,#8808,#8809,
#8810,#8811,#8812,#8813,#8814,#8815,#8816,#8817,#8818,#8819,#8820,#8821,
#8822,#8823,#8824,#8825,#8826,#8827,#8828,#8829,#8830,#8831,#8832,#8833,
#8834,#8835,#8836,#8837,#8838,#8839,#8840,#8841,#8842,#8843,#8844,#8845,
#8846,#8847,#8848,#8849,#8850,#8851,#8852,#8853,#8854,#8855,#8856,#8857,
#8858,#8859,#8860,#8861,#8862,#8863,#8864,#8865,#8866,#8867,#8868,#8869,
#8870,#8871,#8872,#8873,#8874,#8875,#8876,#8877,#8878,#8879,#8880,#8881,
#8882,#8883,#8884,#8885,#8886,#8887,#8888,#8889,#8890,#8891,#8892,#8893,
#8894,#8895,#8896,#8897,#8898,#8899,#8900,#8901,#8902,#8903,#8904,#8905,
#8906,#8907,#8908,#8909,#8910,#8911,#8912,#8913,#8914,#8915,#8916,#8917,
#8918,#8919,#8920,#8921,#8922,#8923,#8924,#8925,#8926,#8927,#8928,#8929,
#8930,#8931,#8932,#8933,#8934,#8935,#8936,#8937,#8938,#8939,#8940,#8941,
#8942,#8943,#8944,#8945,#8946,#8947,#8948,#8949,#8950,#8951,#8952,#8953,
#8954,#8955,#8956,#8957,#8958,#8959,#8960,#8961,#8962,#8963,#8964,#8965,
#8966,#8967,#8968,#8969,#8970,#8971,#8972,#8973,#8974,#8975,#8976,#8977,
#8978,#8979,#8980,#8981,#8982,#8983,#8984,#8985,#8986,#8987,#8988,#8989,
#8990,#8991,#8992,#8993,#8994,#8995,#8996,#8997,#8998,#8999,#9000,#9001,
#9002,#9003,#9004,#9005));
#9010=DERIVED_UNIT_ELEMENT(#9012,1.);
#9011=DERIVED_UNIT_ELEMENT(#15923,-3.);
#9012=(
MASS_UNIT()
NAMED_UNIT(*)
SI_UNIT(.KILO.,.GRAM.)
);
#9013=DERIVED_UNIT((#9010,#9011));
#9014=MEASURE_REPRESENTATION_ITEM('density measure',
POSITIVE_RATIO_MEASURE(7850.),#9013);
#9015=PROPERTY_DEFINITION_REPRESENTATION(#9020,#9017);
#9016=PROPERTY_DEFINITION_REPRESENTATION(#9021,#9018);
#9017=REPRESENTATION('material name',(#9019),#15920);
#9018=REPRESENTATION('density',(#9014),#15920);
#9019=DESCRIPTIVE_REPRESENTATION_ITEM('Steel','Steel');
#9020=PROPERTY_DEFINITION('material property','material name',#15930);
#9021=PROPERTY_DEFINITION('material property','density of part',#15930);
#9022=AXIS2_PLACEMENT_3D('',#12890,#10079,#10080);
#9023=AXIS2_PLACEMENT_3D('',#12891,#10081,#10082);
#9024=AXIS2_PLACEMENT_3D('',#12893,#10083,#10084);
#9025=AXIS2_PLACEMENT_3D('',#12896,#10086,#10087);
#9026=AXIS2_PLACEMENT_3D('',#12897,#10088,#10089);
#9027=AXIS2_PLACEMENT_3D('',#12900,#10091,#10092);
#9028=AXIS2_PLACEMENT_3D('',#12901,#10093,#10094);
#9029=AXIS2_PLACEMENT_3D('',#12903,#10095,#10096);
#9030=AXIS2_PLACEMENT_3D('',#12904,#10097,#10098);
#9031=AXIS2_PLACEMENT_3D('',#12907,#10100,#10101);
#9032=AXIS2_PLACEMENT_3D('',#12908,#10102,#10103);
#9033=AXIS2_PLACEMENT_3D('',#12910,#10104,#10105);
#9034=AXIS2_PLACEMENT_3D('',#12912,#10107,#10108);
#9035=AXIS2_PLACEMENT_3D('',#12914,#10109,#10110);
#9036=AXIS2_PLACEMENT_3D('',#12915,#10111,#10112);
#9037=AXIS2_PLACEMENT_3D('',#12917,#10113,#10114);
#9038=AXIS2_PLACEMENT_3D('',#12919,#10116,#10117);
#9039=AXIS2_PLACEMENT_3D('',#12922,#10118,#10119);
#9040=AXIS2_PLACEMENT_3D('',#12924,#10121,#10122);
#9041=AXIS2_PLACEMENT_3D('',#12925,#10123,#10124);
#9042=AXIS2_PLACEMENT_3D('',#12927,#10125,#10126);
#9043=AXIS2_PLACEMENT_3D('',#12928,#10127,#10128);
#9044=AXIS2_PLACEMENT_3D('',#12932,#10130,#10131);
#9045=AXIS2_PLACEMENT_3D('',#12933,#10132,#10133);
#9046=AXIS2_PLACEMENT_3D('',#12934,#10134,#10135);
#9047=AXIS2_PLACEMENT_3D('',#12935,#10136,#10137);
#9048=AXIS2_PLACEMENT_3D('',#12936,#10138,#10139);
#9049=AXIS2_PLACEMENT_3D('',#12938,#10140,#10141);
#9050=AXIS2_PLACEMENT_3D('',#12941,#10143,#10144);
#9051=AXIS2_PLACEMENT_3D('',#12942,#10145,#10146);
#9052=AXIS2_PLACEMENT_3D('',#12944,#10147,#10148);
#9053=AXIS2_PLACEMENT_3D('',#12945,#10149,#10150);
#9054=AXIS2_PLACEMENT_3D('',#12947,#10151,#10152);
#9055=AXIS2_PLACEMENT_3D('',#12948,#10153,#10154);
#9056=AXIS2_PLACEMENT_3D('',#12950,#10155,#10156);
#9057=AXIS2_PLACEMENT_3D('',#12952,#10158,#10159);
#9058=AXIS2_PLACEMENT_3D('',#12979,#10162,#10163);
#9059=AXIS2_PLACEMENT_3D('',#13039,#10164,#10165);
#9060=AXIS2_PLACEMENT_3D('',#13041,#10166,#10167);
#9061=AXIS2_PLACEMENT_3D('',#13042,#10168,#10169);
#9062=AXIS2_PLACEMENT_3D('',#13045,#10171,#10172);
#9063=AXIS2_PLACEMENT_3D('',#13046,#10173,#10174);
#9064=AXIS2_PLACEMENT_3D('',#13048,#10175,#10176);
#9065=AXIS2_PLACEMENT_3D('',#13049,#10177,#10178);
#9066=AXIS2_PLACEMENT_3D('',#13052,#10180,#10181);
#9067=AXIS2_PLACEMENT_3D('',#13053,#10182,#10183);
#9068=AXIS2_PLACEMENT_3D('',#13056,#10184,#10185);
#9069=AXIS2_PLACEMENT_3D('',#13057,#10186,#10187);
#9070=AXIS2_PLACEMENT_3D('',#13059,#10189,#10190);
#9071=AXIS2_PLACEMENT_3D('',#13060,#10191,#10192);
#9072=AXIS2_PLACEMENT_3D('',#13063,#10194,#10195);
#9073=AXIS2_PLACEMENT_3D('',#13064,#10196,#10197);
#9074=AXIS2_PLACEMENT_3D('',#13065,#10198,#10199);
#9075=AXIS2_PLACEMENT_3D('',#13069,#10201,#10202);
#9076=AXIS2_PLACEMENT_3D('',#13070,#10203,#10204);
#9077=AXIS2_PLACEMENT_3D('',#13071,#10205,#10206);
#9078=AXIS2_PLACEMENT_3D('',#13073,#10207,#10208);
#9079=AXIS2_PLACEMENT_3D('',#13074,#10209,#10210);
#9080=AXIS2_PLACEMENT_3D('',#13076,#10211,#10212);
#9081=AXIS2_PLACEMENT_3D('',#13078,#10214,#10215);
#9082=AXIS2_PLACEMENT_3D('',#13081,#10216,#10217);
#9083=AXIS2_PLACEMENT_3D('',#13083,#10219,#10220);
#9084=AXIS2_PLACEMENT_3D('',#13084,#10221,#10222);
#9085=AXIS2_PLACEMENT_3D('',#13086,#10223,#10224);
#9086=AXIS2_PLACEMENT_3D('',#13087,#10225,#10226);
#9087=AXIS2_PLACEMENT_3D('',#13088,#10227,#10228);
#9088=AXIS2_PLACEMENT_3D('',#13089,#10229,#10230);
#9089=AXIS2_PLACEMENT_3D('',#13091,#10231,#10232);
#9090=AXIS2_PLACEMENT_3D('',#13093,#10233,#10234);
#9091=AXIS2_PLACEMENT_3D('',#13094,#10235,#10236);
#9092=AXIS2_PLACEMENT_3D('',#13096,#10237,#10238);
#9093=AXIS2_PLACEMENT_3D('',#13098,#10240,#10241);
#9094=AXIS2_PLACEMENT_3D('',#13101,#10243,#10244);
#9095=AXIS2_PLACEMENT_3D('',#13102,#10245,#10246);
#9096=AXIS2_PLACEMENT_3D('',#13104,#10247,#10248);
#9097=AXIS2_PLACEMENT_3D('',#13105,#10249,#10250);
#9098=AXIS2_PLACEMENT_3D('',#13107,#10251,#10252);
#9099=AXIS2_PLACEMENT_3D('',#13108,#10253,#10254);
#9100=AXIS2_PLACEMENT_3D('',#13110,#10255,#10256);
#9101=AXIS2_PLACEMENT_3D('',#13112,#10258,#10259);
#9102=AXIS2_PLACEMENT_3D('',#13114,#10260,#10261);
#9103=AXIS2_PLACEMENT_3D('',#13116,#10263,#10264);
#9104=AXIS2_PLACEMENT_3D('',#13118,#10265,#10266);
#9105=AXIS2_PLACEMENT_3D('',#13119,#10267,#10268);
#9106=AXIS2_PLACEMENT_3D('',#13120,#10269,#10270);
#9107=AXIS2_PLACEMENT_3D('',#13123,#10272,#10273);
#9108=AXIS2_PLACEMENT_3D('',#13124,#10274,#10275);
#9109=AXIS2_PLACEMENT_3D('',#13126,#10276,#10277);
#9110=AXIS2_PLACEMENT_3D('',#13128,#10278,#10279);
#9111=AXIS2_PLACEMENT_3D('',#13130,#10280,#10281);
#9112=AXIS2_PLACEMENT_3D('',#13132,#10282,#10283);
#9113=AXIS2_PLACEMENT_3D('',#13134,#10284,#10285);
#9114=AXIS2_PLACEMENT_3D('',#13136,#10286,#10287);
#9115=AXIS2_PLACEMENT_3D('',#13138,#10288,#10289);
#9116=AXIS2_PLACEMENT_3D('',#13139,#10290,#10291);
#9117=AXIS2_PLACEMENT_3D('',#13141,#10292,#10293);
#9118=AXIS2_PLACEMENT_3D('',#13143,#10295,#10296);
#9119=AXIS2_PLACEMENT_3D('',#13145,#10297,#10298);
#9120=AXIS2_PLACEMENT_3D('',#13147,#10300,#10301);
#9121=AXIS2_PLACEMENT_3D('',#13149,#10302,#10303);
#9122=AXIS2_PLACEMENT_3D('',#13151,#10305,#10306);
#9123=AXIS2_PLACEMENT_3D('',#13153,#10307,#10308);
#9124=AXIS2_PLACEMENT_3D('',#13155,#10310,#10311);
#9125=AXIS2_PLACEMENT_3D('',#13157,#10312,#10313);
#9126=AXIS2_PLACEMENT_3D('',#13159,#10315,#10316);
#9127=AXIS2_PLACEMENT_3D('',#13161,#10317,#10318);
#9128=AXIS2_PLACEMENT_3D('',#13163,#10320,#10321);
#9129=AXIS2_PLACEMENT_3D('',#13165,#10322,#10323);
#9130=AXIS2_PLACEMENT_3D('',#13167,#10325,#10326);
#9131=AXIS2_PLACEMENT_3D('',#13183,#10329,#10330);
#9132=AXIS2_PLACEMENT_3D('',#13196,#10333,#10334);
#9133=AXIS2_PLACEMENT_3D('',#13198,#10336,#10337);
#9134=AXIS2_PLACEMENT_3D('',#13200,#10338,#10339);
#9135=AXIS2_PLACEMENT_3D('',#13202,#10341,#10342);
#9136=AXIS2_PLACEMENT_3D('',#13204,#10343,#10344);
#9137=AXIS2_PLACEMENT_3D('',#13206,#10346,#10347);
#9138=AXIS2_PLACEMENT_3D('',#13208,#10348,#10349);
#9139=AXIS2_PLACEMENT_3D('',#13210,#10351,#10352);
#9140=AXIS2_PLACEMENT_3D('',#13212,#10353,#10354);
#9141=AXIS2_PLACEMENT_3D('',#13214,#10356,#10357);
#9142=AXIS2_PLACEMENT_3D('',#13216,#10358,#10359);
#9143=AXIS2_PLACEMENT_3D('',#13218,#10361,#10362);
#9144=AXIS2_PLACEMENT_3D('',#13220,#10363,#10364);
#9145=AXIS2_PLACEMENT_3D('',#13222,#10366,#10367);
#9146=AXIS2_PLACEMENT_3D('',#13225,#10368,#10369);
#9147=AXIS2_PLACEMENT_3D('',#13226,#10370,#10371);
#9148=AXIS2_PLACEMENT_3D('',#13227,#10372,#10373);
#9149=AXIS2_PLACEMENT_3D('',#13228,#10374,#10375);
#9150=AXIS2_PLACEMENT_3D('',#13233,#10377,#10378);
#9151=AXIS2_PLACEMENT_3D('',#13240,#10383,#10384);
#9152=AXIS2_PLACEMENT_3D('',#13243,#10386,#10387);
#9153=AXIS2_PLACEMENT_3D('',#13244,#10388,#10389);
#9154=AXIS2_PLACEMENT_3D('',#13250,#10392,#10393);
#9155=AXIS2_PLACEMENT_3D('',#13255,#10396,#10397);
#9156=AXIS2_PLACEMENT_3D('',#13256,#10398,#10399);
#9157=AXIS2_PLACEMENT_3D('',#13258,#10400,#10401);
#9158=AXIS2_PLACEMENT_3D('',#13259,#10402,#10403);
#9159=AXIS2_PLACEMENT_3D('',#13260,#10404,#10405);
#9160=AXIS2_PLACEMENT_3D('',#13265,#10407,#10408);
#9161=AXIS2_PLACEMENT_3D('',#13272,#10413,#10414);
#9162=AXIS2_PLACEMENT_3D('',#13274,#10415,#10416);
#9163=AXIS2_PLACEMENT_3D('',#13276,#10418,#10419);
#9164=AXIS2_PLACEMENT_3D('',#13285,#10424,#10425);
#9165=AXIS2_PLACEMENT_3D('',#13286,#10426,#10427);
#9166=AXIS2_PLACEMENT_3D('',#13287,#10428,#10429);
#9167=AXIS2_PLACEMENT_3D('',#13288,#10430,#10431);
#9168=AXIS2_PLACEMENT_3D('',#13289,#10432,#10433);
#9169=AXIS2_PLACEMENT_3D('',#13290,#10434,#10435);
#9170=AXIS2_PLACEMENT_3D('',#13291,#10436,#10437);
#9171=AXIS2_PLACEMENT_3D('',#13292,#10438,#10439);
#9172=AXIS2_PLACEMENT_3D('',#13293,#10440,#10441);
#9173=AXIS2_PLACEMENT_3D('',#13294,#10442,#10443);
#9174=AXIS2_PLACEMENT_3D('',#13296,#10445,#10446);
#9175=AXIS2_PLACEMENT_3D('',#13306,#10447,#10448);
#9176=AXIS2_PLACEMENT_3D('',#13313,#10449,#10450);
#9177=AXIS2_PLACEMENT_3D('',#13316,#10452,#10453);
#9178=AXIS2_PLACEMENT_3D('',#13317,#10454,#10455);
#9179=AXIS2_PLACEMENT_3D('',#13318,#10456,#10457);
#9180=AXIS2_PLACEMENT_3D('',#13320,#10458,#10459);
#9181=AXIS2_PLACEMENT_3D('',#13322,#10460,#10461);
#9182=AXIS2_PLACEMENT_3D('',#13324,#10462,#10463);
#9183=AXIS2_PLACEMENT_3D('',#13325,#10464,#10465);
#9184=AXIS2_PLACEMENT_3D('',#13326,#10466,#10467);
#9185=AXIS2_PLACEMENT_3D('',#13328,#10469,#10470);
#9186=AXIS2_PLACEMENT_3D('',#13329,#10471,#10472);
#9187=AXIS2_PLACEMENT_3D('',#13330,#10473,#10474);
#9188=AXIS2_PLACEMENT_3D('',#13332,#10475,#10476);
#9189=AXIS2_PLACEMENT_3D('',#13334,#10477,#10478);
#9190=AXIS2_PLACEMENT_3D('',#13336,#10479,#10480);
#9191=AXIS2_PLACEMENT_3D('',#13337,#10481,#10482);
#9192=AXIS2_PLACEMENT_3D('',#13339,#10483,#10484);
#9193=AXIS2_PLACEMENT_3D('',#13340,#10485,#10486);
#9194=AXIS2_PLACEMENT_3D('',#13343,#10487,#10488);
#9195=AXIS2_PLACEMENT_3D('',#13345,#10490,#10491);
#9196=AXIS2_PLACEMENT_3D('',#13346,#10492,#10493);
#9197=AXIS2_PLACEMENT_3D('',#13349,#10494,#10495);
#9198=AXIS2_PLACEMENT_3D('',#13351,#10497,#10498);
#9199=AXIS2_PLACEMENT_3D('',#13352,#10499,#10500);
#9200=AXIS2_PLACEMENT_3D('',#13355,#10501,#10502);
#9201=AXIS2_PLACEMENT_3D('',#13357,#10504,#10505);
#9202=AXIS2_PLACEMENT_3D('',#13358,#10506,#10507);
#9203=AXIS2_PLACEMENT_3D('',#13361,#10508,#10509);
#9204=AXIS2_PLACEMENT_3D('',#13363,#10511,#10512);
#9205=AXIS2_PLACEMENT_3D('',#13364,#10513,#10514);
#9206=AXIS2_PLACEMENT_3D('',#13367,#10515,#10516);
#9207=AXIS2_PLACEMENT_3D('',#13369,#10518,#10519);
#9208=AXIS2_PLACEMENT_3D('',#13370,#10520,#10521);
#9209=AXIS2_PLACEMENT_3D('',#13373,#10522,#10523);
#9210=AXIS2_PLACEMENT_3D('',#13375,#10525,#10526);
#9211=AXIS2_PLACEMENT_3D('',#13376,#10527,#10528);
#9212=AXIS2_PLACEMENT_3D('',#13380,#10530,#10531);
#9213=AXIS2_PLACEMENT_3D('',#13381,#10532,#10533);
#9214=AXIS2_PLACEMENT_3D('',#13382,#10534,#10535);
#9215=AXIS2_PLACEMENT_3D('',#13385,#10537,#10538);
#9216=AXIS2_PLACEMENT_3D('',#13386,#10539,#10540);
#9217=AXIS2_PLACEMENT_3D('',#13389,#10542,#10543);
#9218=AXIS2_PLACEMENT_3D('',#13390,#10544,#10545);
#9219=AXIS2_PLACEMENT_3D('',#13393,#10547,#10548);
#9220=AXIS2_PLACEMENT_3D('',#13394,#10549,#10550);
#9221=AXIS2_PLACEMENT_3D('',#13397,#10552,#10553);
#9222=AXIS2_PLACEMENT_3D('',#13398,#10554,#10555);
#9223=AXIS2_PLACEMENT_3D('',#13401,#10557,#10558);
#9224=AXIS2_PLACEMENT_3D('',#13402,#10559,#10560);
#9225=AXIS2_PLACEMENT_3D('',#13405,#10562,#10563);
#9226=AXIS2_PLACEMENT_3D('',#13406,#10564,#10565);
#9227=AXIS2_PLACEMENT_3D('',#13408,#10566,#10567);
#9228=AXIS2_PLACEMENT_3D('',#13410,#10569,#10570);
#9229=AXIS2_PLACEMENT_3D('',#13411,#10571,#10572);
#9230=AXIS2_PLACEMENT_3D('',#13412,#10573,#10574);
#9231=AXIS2_PLACEMENT_3D('',#13413,#10575,#10576);
#9232=AXIS2_PLACEMENT_3D('',#13414,#10577,#10578);
#9233=AXIS2_PLACEMENT_3D('',#13415,#10579,#10580);
#9234=AXIS2_PLACEMENT_3D('',#13416,#10581,#10582);
#9235=AXIS2_PLACEMENT_3D('',#13417,#10583,#10584);
#9236=AXIS2_PLACEMENT_3D('',#13426,#10589,#10590);
#9237=AXIS2_PLACEMENT_3D('',#13433,#10594,#10595);
#9238=AXIS2_PLACEMENT_3D('',#13434,#10596,#10597);
#9239=AXIS2_PLACEMENT_3D('',#13436,#10598,#10599);
#9240=AXIS2_PLACEMENT_3D('',#13439,#10601,#10602);
#9241=AXIS2_PLACEMENT_3D('',#13440,#10603,#10604);
#9242=AXIS2_PLACEMENT_3D('',#13445,#10606,#10607);
#9243=AXIS2_PLACEMENT_3D('',#13448,#10610,#10611);
#9244=AXIS2_PLACEMENT_3D('',#13450,#10612,#10613);
#9245=AXIS2_PLACEMENT_3D('',#13452,#10614,#10615);
#9246=AXIS2_PLACEMENT_3D('',#13454,#10617,#10618);
#9247=AXIS2_PLACEMENT_3D('',#13456,#10619,#10620);
#9248=AXIS2_PLACEMENT_3D('',#13458,#10622,#10623);
#9249=AXIS2_PLACEMENT_3D('',#13465,#10627,#10628);
#9250=AXIS2_PLACEMENT_3D('',#13466,#10629,#10630);
#9251=AXIS2_PLACEMENT_3D('',#13471,#10632,#10633);
#9252=AXIS2_PLACEMENT_3D('',#13474,#10636,#10637);
#9253=AXIS2_PLACEMENT_3D('',#13476,#10638,#10639);
#9254=AXIS2_PLACEMENT_3D('',#13478,#10641,#10642);
#9255=AXIS2_PLACEMENT_3D('',#13484,#10646,#10647);
#9256=AXIS2_PLACEMENT_3D('',#13486,#10648,#10649);
#9257=AXIS2_PLACEMENT_3D('',#13489,#10651,#10652);
#9258=AXIS2_PLACEMENT_3D('',#13490,#10653,#10654);
#9259=AXIS2_PLACEMENT_3D('',#13496,#10658,#10659);
#9260=AXIS2_PLACEMENT_3D('',#13502,#10662,#10663);
#9261=AXIS2_PLACEMENT_3D('',#13504,#10665,#10666);
#9262=AXIS2_PLACEMENT_3D('',#13510,#10669,#10670);
#9263=AXIS2_PLACEMENT_3D('',#13512,#10672,#10673);
#9264=AXIS2_PLACEMENT_3D('',#13518,#10677,#10678);
#9265=AXIS2_PLACEMENT_3D('',#13520,#10679,#10680);
#9266=AXIS2_PLACEMENT_3D('',#13522,#10681,#10682);
#9267=AXIS2_PLACEMENT_3D('',#13524,#10684,#10685);
#9268=AXIS2_PLACEMENT_3D('',#13530,#10689,#10690);
#9269=AXIS2_PLACEMENT_3D('',#13535,#10693,#10694);
#9270=AXIS2_PLACEMENT_3D('',#13536,#10695,#10696);
#9271=AXIS2_PLACEMENT_3D('',#13540,#10698,#10699);
#9272=AXIS2_PLACEMENT_3D('',#13542,#10701,#10702);
#9273=AXIS2_PLACEMENT_3D('',#13548,#10706,#10707);
#9274=AXIS2_PLACEMENT_3D('',#13549,#10708,#10709);
#9275=AXIS2_PLACEMENT_3D('',#13550,#10710,#10711);
#9276=AXIS2_PLACEMENT_3D('',#13556,#10715,#10716);
#9277=AXIS2_PLACEMENT_3D('',#13557,#10717,#10718);
#9278=AXIS2_PLACEMENT_3D('',#13558,#10719,#10720);
#9279=AXIS2_PLACEMENT_3D('',#13563,#10722,#10723);
#9280=AXIS2_PLACEMENT_3D('',#13567,#10725,#10726);
#9281=AXIS2_PLACEMENT_3D('',#13571,#10728,#10729);
#9282=AXIS2_PLACEMENT_3D('',#13574,#10731,#10732);
#9283=AXIS2_PLACEMENT_3D('',#13578,#10734,#10735);
#9284=AXIS2_PLACEMENT_3D('',#13581,#10737,#10738);
#9285=AXIS2_PLACEMENT_3D('',#13582,#10739,#10740);
#9286=AXIS2_PLACEMENT_3D('',#13584,#10742,#10743);
#9287=AXIS2_PLACEMENT_3D('',#13598,#10751,#10752);
#9288=AXIS2_PLACEMENT_3D('',#13605,#10757,#10758);
#9289=AXIS2_PLACEMENT_3D('',#13609,#10760,#10761);
#9290=AXIS2_PLACEMENT_3D('',#13610,#10762,#10763);
#9291=AXIS2_PLACEMENT_3D('',#13611,#10764,#10765);
#9292=AXIS2_PLACEMENT_3D('',#13613,#10766,#10767);
#9293=AXIS2_PLACEMENT_3D('',#13615,#10769,#10770);
#9294=AXIS2_PLACEMENT_3D('',#13618,#10772,#10773);
#9295=AXIS2_PLACEMENT_3D('',#13619,#10774,#10775);
#9296=AXIS2_PLACEMENT_3D('',#13622,#10777,#10778);
#9297=AXIS2_PLACEMENT_3D('',#13623,#10779,#10780);
#9298=AXIS2_PLACEMENT_3D('',#13625,#10781,#10782);
#9299=AXIS2_PLACEMENT_3D('',#13628,#10784,#10785);
#9300=AXIS2_PLACEMENT_3D('',#13629,#10786,#10787);
#9301=AXIS2_PLACEMENT_3D('',#13634,#10789,#10790);
#9302=AXIS2_PLACEMENT_3D('',#13639,#10793,#10794);
#9303=AXIS2_PLACEMENT_3D('',#13643,#10796,#10797);
#9304=AXIS2_PLACEMENT_3D('',#13647,#10799,#10800);
#9305=AXIS2_PLACEMENT_3D('',#13650,#10802,#10803);
#9306=AXIS2_PLACEMENT_3D('',#13653,#10804,#10805);
#9307=AXIS2_PLACEMENT_3D('',#13657,#10807,#10808);
#9308=AXIS2_PLACEMENT_3D('',#13661,#10810,#10811);
#9309=AXIS2_PLACEMENT_3D('',#13665,#10813,#10814);
#9310=AXIS2_PLACEMENT_3D('',#13668,#10816,#10817);
#9311=AXIS2_PLACEMENT_3D('',#13670,#10818,#10819);
#9312=AXIS2_PLACEMENT_3D('',#13672,#10820,#10821);
#9313=AXIS2_PLACEMENT_3D('',#13674,#10822,#10823);
#9314=AXIS2_PLACEMENT_3D('',#13676,#10824,#10825);
#9315=AXIS2_PLACEMENT_3D('',#13678,#10826,#10827);
#9316=AXIS2_PLACEMENT_3D('',#13680,#10828,#10829);
#9317=AXIS2_PLACEMENT_3D('',#13681,#10830,#10831);
#9318=AXIS2_PLACEMENT_3D('',#13683,#10833,#10834);
#9319=AXIS2_PLACEMENT_3D('',#13685,#10835,#10836);
#9320=AXIS2_PLACEMENT_3D('',#13687,#10837,#10838);
#9321=AXIS2_PLACEMENT_3D('',#13689,#10840,#10841);
#9322=AXIS2_PLACEMENT_3D('',#13691,#10842,#10843);
#9323=AXIS2_PLACEMENT_3D('',#13693,#10845,#10846);
#9324=AXIS2_PLACEMENT_3D('',#13695,#10847,#10848);
#9325=AXIS2_PLACEMENT_3D('',#13697,#10850,#10851);
#9326=AXIS2_PLACEMENT_3D('',#13699,#10852,#10853);
#9327=AXIS2_PLACEMENT_3D('',#13701,#10855,#10856);
#9328=AXIS2_PLACEMENT_3D('',#13703,#10857,#10858);
#9329=AXIS2_PLACEMENT_3D('',#13705,#10860,#10861);
#9330=AXIS2_PLACEMENT_3D('',#13713,#10866,#10867);
#9331=AXIS2_PLACEMENT_3D('',#13716,#10868,#10869);
#9332=AXIS2_PLACEMENT_3D('',#13719,#10871,#10872);
#9333=AXIS2_PLACEMENT_3D('',#13720,#10873,#10874);
#9334=AXIS2_PLACEMENT_3D('',#13721,#10875,#10876);
#9335=AXIS2_PLACEMENT_3D('',#13725,#10879,#10880);
#9336=AXIS2_PLACEMENT_3D('',#13730,#10883,#10884);
#9337=AXIS2_PLACEMENT_3D('',#13731,#10885,#10886);
#9338=AXIS2_PLACEMENT_3D('',#13735,#10889,#10890);
#9339=AXIS2_PLACEMENT_3D('',#13739,#10892,#10893);
#9340=AXIS2_PLACEMENT_3D('',#13741,#10895,#10896);
#9341=AXIS2_PLACEMENT_3D('',#13743,#10898,#10899);
#9342=AXIS2_PLACEMENT_3D('',#13749,#10903,#10904);
#9343=AXIS2_PLACEMENT_3D('',#13750,#10905,#10906);
#9344=AXIS2_PLACEMENT_3D('',#13751,#10907,#10908);
#9345=AXIS2_PLACEMENT_3D('',#13755,#10910,#10911);
#9346=AXIS2_PLACEMENT_3D('',#13761,#10914,#10915);
#9347=AXIS2_PLACEMENT_3D('',#13764,#10917,#10918);
#9348=AXIS2_PLACEMENT_3D('',#13769,#10920,#10921);
#9349=AXIS2_PLACEMENT_3D('',#13772,#10923,#10924);
#9350=AXIS2_PLACEMENT_3D('',#13774,#10925,#10926);
#9351=AXIS2_PLACEMENT_3D('',#13775,#10927,#10928);
#9352=AXIS2_PLACEMENT_3D('',#13778,#10930,#10931);
#9353=AXIS2_PLACEMENT_3D('',#13779,#10932,#10933);
#9354=AXIS2_PLACEMENT_3D('',#13783,#10935,#10936);
#9355=AXIS2_PLACEMENT_3D('',#13789,#10939,#10940);
#9356=AXIS2_PLACEMENT_3D('',#13795,#10943,#10944);
#9357=AXIS2_PLACEMENT_3D('',#13798,#10946,#10947);
#9358=AXIS2_PLACEMENT_3D('',#13800,#10948,#10949);
#9359=AXIS2_PLACEMENT_3D('',#13801,#10950,#10951);
#9360=AXIS2_PLACEMENT_3D('',#13807,#10954,#10955);
#9361=AXIS2_PLACEMENT_3D('',#13811,#10957,#10958);
#9362=AXIS2_PLACEMENT_3D('',#13822,#10964,#10965);
#9363=AXIS2_PLACEMENT_3D('',#13826,#10967,#10968);
#9364=AXIS2_PLACEMENT_3D('',#13828,#10970,#10971);
#9365=AXIS2_PLACEMENT_3D('',#13834,#10974,#10975);
#9366=AXIS2_PLACEMENT_3D('',#13838,#10977,#10978);
#9367=AXIS2_PLACEMENT_3D('',#13849,#10984,#10985);
#9368=AXIS2_PLACEMENT_3D('',#13853,#10987,#10988);
#9369=AXIS2_PLACEMENT_3D('',#13855,#10990,#10991);
#9370=AXIS2_PLACEMENT_3D('',#13861,#10995,#10996);
#9371=AXIS2_PLACEMENT_3D('',#13867,#11000,#11001);
#9372=AXIS2_PLACEMENT_3D('',#13869,#11003,#11004);
#9373=AXIS2_PLACEMENT_3D('',#13875,#11008,#11009);
#9374=AXIS2_PLACEMENT_3D('',#13919,#11016,#11017);
#9375=AXIS2_PLACEMENT_3D('',#13924,#11019,#11020);
#9376=AXIS2_PLACEMENT_3D('',#13927,#11023,#11024);
#9377=AXIS2_PLACEMENT_3D('',#13929,#11026,#11027);
#9378=AXIS2_PLACEMENT_3D('',#13935,#11031,#11032);
#9379=AXIS2_PLACEMENT_3D('',#13939,#11035,#11036);
#9380=AXIS2_PLACEMENT_3D('',#13943,#11039,#11040);
#9381=AXIS2_PLACEMENT_3D('',#13947,#11042,#11043);
#9382=AXIS2_PLACEMENT_3D('',#13949,#11045,#11046);
#9383=AXIS2_PLACEMENT_3D('',#13953,#11049,#11050);
#9384=AXIS2_PLACEMENT_3D('',#13955,#11051,#11052);
#9385=AXIS2_PLACEMENT_3D('',#13957,#11053,#11054);
#9386=AXIS2_PLACEMENT_3D('',#13959,#11055,#11056);
#9387=AXIS2_PLACEMENT_3D('',#13961,#11058,#11059);
#9388=AXIS2_PLACEMENT_3D('',#13967,#11063,#11064);
#9389=AXIS2_PLACEMENT_3D('',#13968,#11065,#11066);
#9390=AXIS2_PLACEMENT_3D('',#13969,#11067,#11068);
#9391=AXIS2_PLACEMENT_3D('',#13973,#11070,#11071);
#9392=AXIS2_PLACEMENT_3D('',#13975,#11073,#11074);
#9393=AXIS2_PLACEMENT_3D('',#13979,#11077,#11078);
#9394=AXIS2_PLACEMENT_3D('',#13981,#11079,#11080);
#9395=AXIS2_PLACEMENT_3D('',#13983,#11082,#11083);
#9396=AXIS2_PLACEMENT_3D('',#13987,#11086,#11087);
#9397=AXIS2_PLACEMENT_3D('',#13989,#11088,#11089);
#9398=AXIS2_PLACEMENT_3D('',#13991,#11091,#11092);
#9399=AXIS2_PLACEMENT_3D('',#13995,#11095,#11096);
#9400=AXIS2_PLACEMENT_3D('',#13997,#11097,#11098);
#9401=AXIS2_PLACEMENT_3D('',#13999,#11100,#11101);
#9402=AXIS2_PLACEMENT_3D('',#14001,#11103,#11104);
#9403=AXIS2_PLACEMENT_3D('',#14004,#11106,#11107);
#9404=AXIS2_PLACEMENT_3D('',#14005,#11108,#11109);
#9405=AXIS2_PLACEMENT_3D('',#14008,#11110,#11111);
#9406=AXIS2_PLACEMENT_3D('',#14010,#11113,#11114);
#9407=AXIS2_PLACEMENT_3D('',#14011,#11115,#11116);
#9408=AXIS2_PLACEMENT_3D('',#14014,#11117,#11118);
#9409=AXIS2_PLACEMENT_3D('',#14016,#11120,#11121);
#9410=AXIS2_PLACEMENT_3D('',#14017,#11122,#11123);
#9411=AXIS2_PLACEMENT_3D('',#14020,#11124,#11125);
#9412=AXIS2_PLACEMENT_3D('',#14022,#11127,#11128);
#9413=AXIS2_PLACEMENT_3D('',#14023,#11129,#11130);
#9414=AXIS2_PLACEMENT_3D('',#14026,#11131,#11132);
#9415=AXIS2_PLACEMENT_3D('',#14028,#11134,#11135);
#9416=AXIS2_PLACEMENT_3D('',#14029,#11136,#11137);
#9417=AXIS2_PLACEMENT_3D('',#14032,#11138,#11139);
#9418=AXIS2_PLACEMENT_3D('',#14034,#11141,#11142);
#9419=AXIS2_PLACEMENT_3D('',#14035,#11143,#11144);
#9420=AXIS2_PLACEMENT_3D('',#14038,#11145,#11146);
#9421=AXIS2_PLACEMENT_3D('',#14040,#11148,#11149);
#9422=AXIS2_PLACEMENT_3D('',#14041,#11150,#11151);
#9423=AXIS2_PLACEMENT_3D('',#14047,#11155,#11156);
#9424=AXIS2_PLACEMENT_3D('',#14049,#11158,#11159);
#9425=AXIS2_PLACEMENT_3D('',#14051,#11161,#11162);
#9426=AXIS2_PLACEMENT_3D('',#14059,#11167,#11168);
#9427=AXIS2_PLACEMENT_3D('',#14060,#11169,#11170);
#9428=AXIS2_PLACEMENT_3D('',#14061,#11171,#11172);
#9429=AXIS2_PLACEMENT_3D('',#14069,#11177,#11178);
#9430=AXIS2_PLACEMENT_3D('',#14070,#11179,#11180);
#9431=AXIS2_PLACEMENT_3D('',#14071,#11181,#11182);
#9432=AXIS2_PLACEMENT_3D('',#14075,#11185,#11186);
#9433=AXIS2_PLACEMENT_3D('',#14083,#11191,#11192);
#9434=AXIS2_PLACEMENT_3D('',#14085,#11194,#11195);
#9435=AXIS2_PLACEMENT_3D('',#14087,#11196,#11197);
#9436=AXIS2_PLACEMENT_3D('',#14089,#11199,#11200);
#9437=AXIS2_PLACEMENT_3D('',#14093,#11203,#11204);
#9438=AXIS2_PLACEMENT_3D('',#14099,#11209,#11210);
#9439=AXIS2_PLACEMENT_3D('',#14101,#11212,#11213);
#9440=AXIS2_PLACEMENT_3D('',#14103,#11214,#11215);
#9441=AXIS2_PLACEMENT_3D('',#14105,#11216,#11217);
#9442=AXIS2_PLACEMENT_3D('',#14107,#11218,#11219);
#9443=AXIS2_PLACEMENT_3D('',#14109,#11220,#11221);
#9444=AXIS2_PLACEMENT_3D('',#14111,#11222,#11223);
#9445=AXIS2_PLACEMENT_3D('',#14113,#11224,#11225);
#9446=AXIS2_PLACEMENT_3D('',#14115,#11226,#11227);
#9447=AXIS2_PLACEMENT_3D('',#14117,#11228,#11229);
#9448=AXIS2_PLACEMENT_3D('',#14118,#11230,#11231);
#9449=AXIS2_PLACEMENT_3D('',#14124,#11235,#11236);
#9450=AXIS2_PLACEMENT_3D('',#14126,#11237,#11238);
#9451=AXIS2_PLACEMENT_3D('',#14128,#11240,#11241);
#9452=AXIS2_PLACEMENT_3D('',#14132,#11244,#11245);
#9453=AXIS2_PLACEMENT_3D('',#14133,#11246,#11247);
#9454=AXIS2_PLACEMENT_3D('',#14134,#11248,#11249);
#9455=AXIS2_PLACEMENT_3D('',#14136,#11250,#11251);
#9456=AXIS2_PLACEMENT_3D('',#14138,#11253,#11254);
#9457=AXIS2_PLACEMENT_3D('',#14144,#11258,#11259);
#9458=AXIS2_PLACEMENT_3D('',#14145,#11260,#11261);
#9459=AXIS2_PLACEMENT_3D('',#14146,#11262,#11263);
#9460=AXIS2_PLACEMENT_3D('',#14152,#11267,#11268);
#9461=AXIS2_PLACEMENT_3D('',#14154,#11269,#11270);
#9462=AXIS2_PLACEMENT_3D('',#14156,#11272,#11273);
#9463=AXIS2_PLACEMENT_3D('',#14160,#11276,#11277);
#9464=AXIS2_PLACEMENT_3D('',#14161,#11278,#11279);
#9465=AXIS2_PLACEMENT_3D('',#14162,#11280,#11281);
#9466=AXIS2_PLACEMENT_3D('',#14165,#11283,#11284);
#9467=AXIS2_PLACEMENT_3D('',#14166,#11285,#11286);
#9468=AXIS2_PLACEMENT_3D('',#14170,#11289,#11290);
#9469=AXIS2_PLACEMENT_3D('',#14172,#11291,#11292);
#9470=AXIS2_PLACEMENT_3D('',#14174,#11294,#11295);
#9471=AXIS2_PLACEMENT_3D('',#14178,#11298,#11299);
#9472=AXIS2_PLACEMENT_3D('',#14180,#11300,#11301);
#9473=AXIS2_PLACEMENT_3D('',#14182,#11303,#11304);
#9474=AXIS2_PLACEMENT_3D('',#14184,#11306,#11307);
#9475=AXIS2_PLACEMENT_3D('',#14189,#11311,#11312);
#9476=AXIS2_PLACEMENT_3D('',#14191,#11314,#11315);
#9477=AXIS2_PLACEMENT_3D('',#14193,#11317,#11318);
#9478=AXIS2_PLACEMENT_3D('',#14196,#11320,#11321);
#9479=AXIS2_PLACEMENT_3D('',#14198,#11322,#11323);
#9480=AXIS2_PLACEMENT_3D('',#14200,#11324,#11325);
#9481=AXIS2_PLACEMENT_3D('',#14202,#11326,#11327);
#9482=AXIS2_PLACEMENT_3D('',#14204,#11328,#11329);
#9483=AXIS2_PLACEMENT_3D('',#14206,#11330,#11331);
#9484=AXIS2_PLACEMENT_3D('',#14208,#11332,#11333);
#9485=AXIS2_PLACEMENT_3D('',#14210,#11334,#11335);
#9486=AXIS2_PLACEMENT_3D('',#14211,#11336,#11337);
#9487=AXIS2_PLACEMENT_3D('',#14212,#11338,#11339);
#9488=AXIS2_PLACEMENT_3D('',#14216,#11342,#11343);
#9489=AXIS2_PLACEMENT_3D('',#14218,#11344,#11345);
#9490=AXIS2_PLACEMENT_3D('',#14220,#11347,#11348);
#9491=AXIS2_PLACEMENT_3D('',#14224,#11351,#11352);
#9492=AXIS2_PLACEMENT_3D('',#14226,#11353,#11354);
#9493=AXIS2_PLACEMENT_3D('',#14228,#11356,#11357);
#9494=AXIS2_PLACEMENT_3D('',#14230,#11359,#11360);
#9495=AXIS2_PLACEMENT_3D('',#14239,#11365,#11366);
#9496=AXIS2_PLACEMENT_3D('',#14240,#11367,#11368);
#9497=AXIS2_PLACEMENT_3D('',#14242,#11370,#11371);
#9498=AXIS2_PLACEMENT_3D('',#14248,#11375,#11376);
#9499=AXIS2_PLACEMENT_3D('',#14295,#11378,#11379);
#9500=AXIS2_PLACEMENT_3D('',#14334,#11381,#11382);
#9501=AXIS2_PLACEMENT_3D('',#14373,#11384,#11385);
#9502=AXIS2_PLACEMENT_3D('',#14404,#11387,#11388);
#9503=AXIS2_PLACEMENT_3D('',#14406,#11390,#11391);
#9504=AXIS2_PLACEMENT_3D('',#14409,#11393,#11394);
#9505=AXIS2_PLACEMENT_3D('',#14410,#11395,#11396);
#9506=AXIS2_PLACEMENT_3D('',#14416,#11400,#11401);
#9507=AXIS2_PLACEMENT_3D('',#14420,#11404,#11405);
#9508=AXIS2_PLACEMENT_3D('',#14426,#11409,#11410);
#9509=AXIS2_PLACEMENT_3D('',#14427,#11411,#11412);
#9510=AXIS2_PLACEMENT_3D('',#14429,#11414,#11415);
#9511=AXIS2_PLACEMENT_3D('',#14431,#11417,#11418);
#9512=AXIS2_PLACEMENT_3D('',#14432,#11419,#11420);
#9513=AXIS2_PLACEMENT_3D('',#14435,#11421,#11422);
#9514=AXIS2_PLACEMENT_3D('',#14439,#11424,#11425);
#9515=AXIS2_PLACEMENT_3D('',#14443,#11427,#11428);
#9516=AXIS2_PLACEMENT_3D('',#14445,#11429,#11430);
#9517=AXIS2_PLACEMENT_3D('',#14447,#11431,#11432);
#9518=AXIS2_PLACEMENT_3D('',#14451,#11434,#11435);
#9519=AXIS2_PLACEMENT_3D('',#14455,#11437,#11438);
#9520=AXIS2_PLACEMENT_3D('',#14457,#11439,#11440);
#9521=AXIS2_PLACEMENT_3D('',#14459,#11441,#11442);
#9522=AXIS2_PLACEMENT_3D('',#14463,#11444,#11445);
#9523=AXIS2_PLACEMENT_3D('',#14467,#11447,#11448);
#9524=AXIS2_PLACEMENT_3D('',#14468,#11449,#11450);
#9525=AXIS2_PLACEMENT_3D('',#14469,#11451,#11452);
#9526=AXIS2_PLACEMENT_3D('',#14472,#11454,#11455);
#9527=AXIS2_PLACEMENT_3D('',#14473,#11456,#11457);
#9528=AXIS2_PLACEMENT_3D('',#14476,#11459,#11460);
#9529=AXIS2_PLACEMENT_3D('',#14477,#11461,#11462);
#9530=AXIS2_PLACEMENT_3D('',#14480,#11464,#11465);
#9531=AXIS2_PLACEMENT_3D('',#14481,#11466,#11467);
#9532=AXIS2_PLACEMENT_3D('',#14484,#11469,#11470);
#9533=AXIS2_PLACEMENT_3D('',#14485,#11471,#11472);
#9534=AXIS2_PLACEMENT_3D('',#14488,#11474,#11475);
#9535=AXIS2_PLACEMENT_3D('',#14489,#11476,#11477);
#9536=AXIS2_PLACEMENT_3D('',#14492,#11479,#11480);
#9537=AXIS2_PLACEMENT_3D('',#14493,#11481,#11482);
#9538=AXIS2_PLACEMENT_3D('',#14495,#11484,#11485);
#9539=AXIS2_PLACEMENT_3D('',#14496,#11486,#11487);
#9540=AXIS2_PLACEMENT_3D('',#14498,#11489,#11490);
#9541=AXIS2_PLACEMENT_3D('',#14500,#11492,#11493);
#9542=AXIS2_PLACEMENT_3D('',#14502,#11495,#11496);
#9543=AXIS2_PLACEMENT_3D('',#14504,#11498,#11499);
#9544=AXIS2_PLACEMENT_3D('',#14506,#11500,#11501);
#9545=AXIS2_PLACEMENT_3D('',#14507,#11502,#11503);
#9546=AXIS2_PLACEMENT_3D('',#14509,#11504,#11505);
#9547=AXIS2_PLACEMENT_3D('',#14511,#11507,#11508);
#9548=AXIS2_PLACEMENT_3D('',#14513,#11509,#11510);
#9549=AXIS2_PLACEMENT_3D('',#14515,#11512,#11513);
#9550=AXIS2_PLACEMENT_3D('',#14517,#11515,#11516);
#9551=AXIS2_PLACEMENT_3D('',#14519,#11518,#11519);
#9552=AXIS2_PLACEMENT_3D('',#14521,#11521,#11522);
#9553=AXIS2_PLACEMENT_3D('',#14523,#11524,#11525);
#9554=AXIS2_PLACEMENT_3D('',#14525,#11527,#11528);
#9555=AXIS2_PLACEMENT_3D('',#14527,#11530,#11531);
#9556=AXIS2_PLACEMENT_3D('',#14530,#11533,#11534);
#9557=AXIS2_PLACEMENT_3D('',#14531,#11535,#11536);
#9558=AXIS2_PLACEMENT_3D('',#14534,#11538,#11539);
#9559=AXIS2_PLACEMENT_3D('',#14535,#11540,#11541);
#9560=AXIS2_PLACEMENT_3D('',#14541,#11545,#11546);
#9561=AXIS2_PLACEMENT_3D('',#14545,#11549,#11550);
#9562=AXIS2_PLACEMENT_3D('',#14549,#11553,#11554);
#9563=AXIS2_PLACEMENT_3D('',#14551,#11556,#11557);
#9564=AXIS2_PLACEMENT_3D('',#14552,#11558,#11559);
#9565=AXIS2_PLACEMENT_3D('',#14554,#11560,#11561);
#9566=AXIS2_PLACEMENT_3D('',#14558,#11563,#11564);
#9567=AXIS2_PLACEMENT_3D('',#14560,#11566,#11567);
#9568=AXIS2_PLACEMENT_3D('',#14564,#11570,#11571);
#9569=AXIS2_PLACEMENT_3D('',#14566,#11572,#11573);
#9570=AXIS2_PLACEMENT_3D('',#14568,#11575,#11576);
#9571=AXIS2_PLACEMENT_3D('',#14572,#11579,#11580);
#9572=AXIS2_PLACEMENT_3D('',#14574,#11581,#11582);
#9573=AXIS2_PLACEMENT_3D('',#14577,#11584,#11585);
#9574=AXIS2_PLACEMENT_3D('',#14578,#11586,#11587);
#9575=AXIS2_PLACEMENT_3D('',#14580,#11588,#11589);
#9576=AXIS2_PLACEMENT_3D('',#14584,#11591,#11592);
#9577=AXIS2_PLACEMENT_3D('',#14585,#11593,#11594);
#9578=AXIS2_PLACEMENT_3D('',#14587,#11595,#11596);
#9579=AXIS2_PLACEMENT_3D('',#14589,#11597,#11598);
#9580=AXIS2_PLACEMENT_3D('',#14590,#11599,#11600);
#9581=AXIS2_PLACEMENT_3D('',#14592,#11601,#11602);
#9582=AXIS2_PLACEMENT_3D('',#14594,#11603,#11604);
#9583=AXIS2_PLACEMENT_3D('',#14595,#11605,#11606);
#9584=AXIS2_PLACEMENT_3D('',#14597,#11607,#11608);
#9585=AXIS2_PLACEMENT_3D('',#14598,#11609,#11610);
#9586=AXIS2_PLACEMENT_3D('',#14599,#11611,#11612);
#9587=AXIS2_PLACEMENT_3D('',#14601,#11613,#11614);
#9588=AXIS2_PLACEMENT_3D('',#14605,#11616,#11617);
#9589=AXIS2_PLACEMENT_3D('',#14607,#11619,#11620);
#9590=AXIS2_PLACEMENT_3D('',#14611,#11623,#11624);
#9591=AXIS2_PLACEMENT_3D('',#14613,#11625,#11626);
#9592=AXIS2_PLACEMENT_3D('',#14615,#11628,#11629);
#9593=AXIS2_PLACEMENT_3D('',#14619,#11632,#11633);
#9594=AXIS2_PLACEMENT_3D('',#14621,#11634,#11635);
#9595=AXIS2_PLACEMENT_3D('',#14624,#11637,#11638);
#9596=AXIS2_PLACEMENT_3D('',#14625,#11639,#11640);
#9597=AXIS2_PLACEMENT_3D('',#14627,#11641,#11642);
#9598=AXIS2_PLACEMENT_3D('',#14631,#11644,#11645);
#9599=AXIS2_PLACEMENT_3D('',#14633,#11647,#11648);
#9600=AXIS2_PLACEMENT_3D('',#14637,#11651,#11652);
#9601=AXIS2_PLACEMENT_3D('',#14639,#11653,#11654);
#9602=AXIS2_PLACEMENT_3D('',#14641,#11656,#11657);
#9603=AXIS2_PLACEMENT_3D('',#14645,#11660,#11661);
#9604=AXIS2_PLACEMENT_3D('',#14647,#11662,#11663);
#9605=AXIS2_PLACEMENT_3D('',#14650,#11665,#11666);
#9606=AXIS2_PLACEMENT_3D('',#14651,#11667,#11668);
#9607=AXIS2_PLACEMENT_3D('',#14653,#11670,#11671);
#9608=AXIS2_PLACEMENT_3D('',#14655,#11673,#11674);
#9609=AXIS2_PLACEMENT_3D('',#14657,#11676,#11677);
#9610=AXIS2_PLACEMENT_3D('',#14659,#11679,#11680);
#9611=AXIS2_PLACEMENT_3D('',#14661,#11682,#11683);
#9612=AXIS2_PLACEMENT_3D('',#14663,#11685,#11686);
#9613=AXIS2_PLACEMENT_3D('',#14665,#11687,#11688);
#9614=AXIS2_PLACEMENT_3D('',#14666,#11689,#11690);
#9615=AXIS2_PLACEMENT_3D('',#14668,#11691,#11692);
#9616=AXIS2_PLACEMENT_3D('',#14669,#11693,#11694);
#9617=AXIS2_PLACEMENT_3D('',#14671,#11695,#11696);
#9618=AXIS2_PLACEMENT_3D('',#14672,#11697,#11698);
#9619=AXIS2_PLACEMENT_3D('',#14674,#11699,#11700);
#9620=AXIS2_PLACEMENT_3D('',#14675,#11701,#11702);
#9621=AXIS2_PLACEMENT_3D('',#14677,#11703,#11704);
#9622=AXIS2_PLACEMENT_3D('',#14678,#11705,#11706);
#9623=AXIS2_PLACEMENT_3D('',#14680,#11707,#11708);
#9624=AXIS2_PLACEMENT_3D('',#14681,#11709,#11710);
#9625=AXIS2_PLACEMENT_3D('',#14684,#11712,#11713);
#9626=AXIS2_PLACEMENT_3D('',#14685,#11714,#11715);
#9627=AXIS2_PLACEMENT_3D('',#14687,#11716,#11717);
#9628=AXIS2_PLACEMENT_3D('',#14688,#11718,#11719);
#9629=AXIS2_PLACEMENT_3D('',#14690,#11720,#11721);
#9630=AXIS2_PLACEMENT_3D('',#14691,#11722,#11723);
#9631=AXIS2_PLACEMENT_3D('',#14693,#11724,#11725);
#9632=AXIS2_PLACEMENT_3D('',#14694,#11726,#11727);
#9633=AXIS2_PLACEMENT_3D('',#14696,#11728,#11729);
#9634=AXIS2_PLACEMENT_3D('',#14697,#11730,#11731);
#9635=AXIS2_PLACEMENT_3D('',#14698,#11732,#11733);
#9636=AXIS2_PLACEMENT_3D('',#14701,#11736,#11737);
#9637=AXIS2_PLACEMENT_3D('',#14703,#11738,#11739);
#9638=AXIS2_PLACEMENT_3D('',#14705,#11740,#11741);
#9639=AXIS2_PLACEMENT_3D('',#14706,#11742,#11743);
#9640=AXIS2_PLACEMENT_3D('',#14708,#11745,#11746);
#9641=AXIS2_PLACEMENT_3D('',#14710,#11748,#11749);
#9642=AXIS2_PLACEMENT_3D('',#14711,#11750,#11751);
#9643=AXIS2_PLACEMENT_3D('',#14713,#11752,#11753);
#9644=AXIS2_PLACEMENT_3D('',#14715,#11755,#11756);
#9645=AXIS2_PLACEMENT_3D('',#14717,#11758,#11759);
#9646=AXIS2_PLACEMENT_3D('',#14719,#11761,#11762);
#9647=AXIS2_PLACEMENT_3D('',#14721,#11763,#11764);
#9648=AXIS2_PLACEMENT_3D('',#14723,#11765,#11766);
#9649=AXIS2_PLACEMENT_3D('',#14724,#11767,#11768);
#9650=AXIS2_PLACEMENT_3D('',#14726,#11769,#11770);
#9651=AXIS2_PLACEMENT_3D('',#14728,#11771,#11772);
#9652=AXIS2_PLACEMENT_3D('',#14729,#11773,#11774);
#9653=AXIS2_PLACEMENT_3D('',#14731,#11776,#11777);
#9654=AXIS2_PLACEMENT_3D('',#14733,#11779,#11780);
#9655=AXIS2_PLACEMENT_3D('',#14735,#11782,#11783);
#9656=AXIS2_PLACEMENT_3D('',#14737,#11785,#11786);
#9657=AXIS2_PLACEMENT_3D('',#14739,#11788,#11789);
#9658=AXIS2_PLACEMENT_3D('',#14741,#11791,#11792);
#9659=AXIS2_PLACEMENT_3D('',#14750,#11797,#11798);
#9660=AXIS2_PLACEMENT_3D('',#14753,#11800,#11801);
#9661=AXIS2_PLACEMENT_3D('',#14754,#11802,#11803);
#9662=AXIS2_PLACEMENT_3D('',#14757,#11805,#11806);
#9663=AXIS2_PLACEMENT_3D('',#14758,#11807,#11808);
#9664=AXIS2_PLACEMENT_3D('',#14761,#11809,#11810);
#9665=AXIS2_PLACEMENT_3D('',#14762,#11811,#11812);
#9666=AXIS2_PLACEMENT_3D('',#14764,#11814,#11815);
#9667=AXIS2_PLACEMENT_3D('',#14767,#11816,#11817);
#9668=AXIS2_PLACEMENT_3D('',#14768,#11818,#11819);
#9669=AXIS2_PLACEMENT_3D('',#14770,#11821,#11822);
#9670=AXIS2_PLACEMENT_3D('',#14774,#11824,#11825);
#9671=AXIS2_PLACEMENT_3D('',#14776,#11826,#11827);
#9672=AXIS2_PLACEMENT_3D('',#14778,#11828,#11829);
#9673=AXIS2_PLACEMENT_3D('',#14780,#11830,#11831);
#9674=AXIS2_PLACEMENT_3D('',#14782,#11832,#11833);
#9675=AXIS2_PLACEMENT_3D('',#14784,#11834,#11835);
#9676=AXIS2_PLACEMENT_3D('',#14786,#11836,#11837);
#9677=AXIS2_PLACEMENT_3D('',#14788,#11838,#11839);
#9678=AXIS2_PLACEMENT_3D('',#14790,#11840,#11841);
#9679=AXIS2_PLACEMENT_3D('',#14792,#11842,#11843);
#9680=AXIS2_PLACEMENT_3D('',#14794,#11844,#11845);
#9681=AXIS2_PLACEMENT_3D('',#14796,#11846,#11847);
#9682=AXIS2_PLACEMENT_3D('',#14798,#11848,#11849);
#9683=AXIS2_PLACEMENT_3D('',#14799,#11850,#11851);
#9684=AXIS2_PLACEMENT_3D('',#14800,#11852,#11853);
#9685=AXIS2_PLACEMENT_3D('',#14806,#11857,#11858);
#9686=AXIS2_PLACEMENT_3D('',#14810,#11860,#11861);
#9687=AXIS2_PLACEMENT_3D('',#14814,#11863,#11864);
#9688=AXIS2_PLACEMENT_3D('',#14818,#11866,#11867);
#9689=AXIS2_PLACEMENT_3D('',#14822,#11869,#11870);
#9690=AXIS2_PLACEMENT_3D('',#14826,#11872,#11873);
#9691=AXIS2_PLACEMENT_3D('',#14829,#11875,#11876);
#9692=AXIS2_PLACEMENT_3D('',#14831,#11877,#11878);
#9693=AXIS2_PLACEMENT_3D('',#14832,#11879,#11880);
#9694=AXIS2_PLACEMENT_3D('',#14836,#11883,#11884);
#9695=AXIS2_PLACEMENT_3D('',#14838,#11885,#11886);
#9696=AXIS2_PLACEMENT_3D('',#14842,#11888,#11889);
#9697=AXIS2_PLACEMENT_3D('',#14846,#11891,#11892);
#9698=AXIS2_PLACEMENT_3D('',#14850,#11894,#11895);
#9699=AXIS2_PLACEMENT_3D('',#14854,#11897,#11898);
#9700=AXIS2_PLACEMENT_3D('',#14857,#11900,#11901);
#9701=AXIS2_PLACEMENT_3D('',#14858,#11902,#11903);
#9702=AXIS2_PLACEMENT_3D('',#14860,#11904,#11905);
#9703=AXIS2_PLACEMENT_3D('',#14861,#11906,#11907);
#9704=AXIS2_PLACEMENT_3D('',#14863,#11908,#11909);
#9705=AXIS2_PLACEMENT_3D('',#14864,#11910,#11911);
#9706=AXIS2_PLACEMENT_3D('',#14867,#11913,#11914);
#9707=AXIS2_PLACEMENT_3D('',#14868,#11915,#11916);
#9708=AXIS2_PLACEMENT_3D('',#14871,#11918,#11919);
#9709=AXIS2_PLACEMENT_3D('',#14872,#11920,#11921);
#9710=AXIS2_PLACEMENT_3D('',#14874,#11922,#11923);
#9711=AXIS2_PLACEMENT_3D('',#14912,#11925,#11926);
#9712=AXIS2_PLACEMENT_3D('',#14915,#11927,#11928);
#9713=AXIS2_PLACEMENT_3D('',#14916,#11929,#11930);
#9714=AXIS2_PLACEMENT_3D('',#14918,#11931,#11932);
#9715=AXIS2_PLACEMENT_3D('',#14919,#11933,#11934);
#9716=AXIS2_PLACEMENT_3D('',#14921,#11935,#11936);
#9717=AXIS2_PLACEMENT_3D('',#14922,#11937,#11938);
#9718=AXIS2_PLACEMENT_3D('',#14924,#11939,#11940);
#9719=AXIS2_PLACEMENT_3D('',#14926,#11941,#11942);
#9720=AXIS2_PLACEMENT_3D('',#14928,#11943,#11944);
#9721=AXIS2_PLACEMENT_3D('',#14929,#11945,#11946);
#9722=AXIS2_PLACEMENT_3D('',#14931,#11947,#11948);
#9723=AXIS2_PLACEMENT_3D('',#14932,#11949,#11950);
#9724=AXIS2_PLACEMENT_3D('',#14934,#11951,#11952);
#9725=AXIS2_PLACEMENT_3D('',#14936,#11953,#11954);
#9726=AXIS2_PLACEMENT_3D('',#14938,#11955,#11956);
#9727=AXIS2_PLACEMENT_3D('',#14939,#11957,#11958);
#9728=AXIS2_PLACEMENT_3D('',#14941,#11959,#11960);
#9729=AXIS2_PLACEMENT_3D('',#14942,#11961,#11962);
#9730=AXIS2_PLACEMENT_3D('',#14944,#11963,#11964);
#9731=AXIS2_PLACEMENT_3D('',#14946,#11965,#11966);
#9732=AXIS2_PLACEMENT_3D('',#14948,#11967,#11968);
#9733=AXIS2_PLACEMENT_3D('',#14949,#11969,#11970);
#9734=AXIS2_PLACEMENT_3D('',#14951,#11971,#11972);
#9735=AXIS2_PLACEMENT_3D('',#14952,#11973,#11974);
#9736=AXIS2_PLACEMENT_3D('',#14955,#11975,#11976);
#9737=AXIS2_PLACEMENT_3D('',#14956,#11977,#11978);
#9738=AXIS2_PLACEMENT_3D('',#14958,#11979,#11980);
#9739=AXIS2_PLACEMENT_3D('',#14959,#11981,#11982);
#9740=AXIS2_PLACEMENT_3D('',#14961,#11983,#11984);
#9741=AXIS2_PLACEMENT_3D('',#14962,#11985,#11986);
#9742=AXIS2_PLACEMENT_3D('',#14965,#11987,#11988);
#9743=AXIS2_PLACEMENT_3D('',#14966,#11989,#11990);
#9744=AXIS2_PLACEMENT_3D('',#14968,#11991,#11992);
#9745=AXIS2_PLACEMENT_3D('',#14969,#11993,#11994);
#9746=AXIS2_PLACEMENT_3D('',#14971,#11995,#11996);
#9747=AXIS2_PLACEMENT_3D('',#14972,#11997,#11998);
#9748=AXIS2_PLACEMENT_3D('',#14975,#11999,#12000);
#9749=AXIS2_PLACEMENT_3D('',#14995,#12002,#12003);
#9750=AXIS2_PLACEMENT_3D('',#14996,#12004,#12005);
#9751=AXIS2_PLACEMENT_3D('',#14999,#12006,#12007);
#9752=AXIS2_PLACEMENT_3D('',#15019,#12009,#12010);
#9753=AXIS2_PLACEMENT_3D('',#15020,#12011,#12012);
#9754=AXIS2_PLACEMENT_3D('',#15023,#12013,#12014);
#9755=AXIS2_PLACEMENT_3D('',#15043,#12016,#12017);
#9756=AXIS2_PLACEMENT_3D('',#15044,#12018,#12019);
#9757=AXIS2_PLACEMENT_3D('',#15047,#12020,#12021);
#9758=AXIS2_PLACEMENT_3D('',#15067,#12023,#12024);
#9759=AXIS2_PLACEMENT_3D('',#15068,#12025,#12026);
#9760=AXIS2_PLACEMENT_3D('',#15071,#12027,#12028);
#9761=AXIS2_PLACEMENT_3D('',#15091,#12030,#12031);
#9762=AXIS2_PLACEMENT_3D('',#15092,#12032,#12033);
#9763=AXIS2_PLACEMENT_3D('',#15095,#12034,#12035);
#9764=AXIS2_PLACEMENT_3D('',#15115,#12037,#12038);
#9765=AXIS2_PLACEMENT_3D('',#15116,#12039,#12040);
#9766=AXIS2_PLACEMENT_3D('',#15118,#12042,#12043);
#9767=AXIS2_PLACEMENT_3D('',#15120,#12045,#12046);
#9768=AXIS2_PLACEMENT_3D('',#15122,#12048,#12049);
#9769=AXIS2_PLACEMENT_3D('',#15124,#12051,#12052);
#9770=AXIS2_PLACEMENT_3D('',#15126,#12054,#12055);
#9771=AXIS2_PLACEMENT_3D('',#15128,#12057,#12058);
#9772=AXIS2_PLACEMENT_3D('',#15130,#12060,#12061);
#9773=AXIS2_PLACEMENT_3D('',#15132,#12063,#12064);
#9774=AXIS2_PLACEMENT_3D('',#15134,#12066,#12067);
#9775=AXIS2_PLACEMENT_3D('',#15136,#12069,#12070);
#9776=AXIS2_PLACEMENT_3D('',#15137,#12071,#12072);
#9777=AXIS2_PLACEMENT_3D('',#15140,#12074,#12075);
#9778=AXIS2_PLACEMENT_3D('',#15141,#12076,#12077);
#9779=AXIS2_PLACEMENT_3D('',#15144,#12078,#12079);
#9780=AXIS2_PLACEMENT_3D('',#15145,#12080,#12081);
#9781=AXIS2_PLACEMENT_3D('',#15147,#12083,#12084);
#9782=AXIS2_PLACEMENT_3D('',#15150,#12085,#12086);
#9783=AXIS2_PLACEMENT_3D('',#15151,#12087,#12088);
#9784=AXIS2_PLACEMENT_3D('',#15153,#12090,#12091);
#9785=AXIS2_PLACEMENT_3D('',#15166,#12098,#12099);
#9786=AXIS2_PLACEMENT_3D('',#15179,#12106,#12107);
#9787=AXIS2_PLACEMENT_3D('',#15182,#12109,#12110);
#9788=AXIS2_PLACEMENT_3D('',#15183,#12111,#12112);
#9789=AXIS2_PLACEMENT_3D('',#15186,#12113,#12114);
#9790=AXIS2_PLACEMENT_3D('',#15190,#12116,#12117);
#9791=AXIS2_PLACEMENT_3D('',#15191,#12118,#12119);
#9792=AXIS2_PLACEMENT_3D('',#15192,#12120,#12121);
#9793=AXIS2_PLACEMENT_3D('',#15193,#12122,#12123);
#9794=AXIS2_PLACEMENT_3D('',#15196,#12124,#12125);
#9795=AXIS2_PLACEMENT_3D('',#15198,#12127,#12128);
#9796=AXIS2_PLACEMENT_3D('',#15199,#12129,#12130);
#9797=AXIS2_PLACEMENT_3D('',#15202,#12131,#12132);
#9798=AXIS2_PLACEMENT_3D('',#15204,#12134,#12135);
#9799=AXIS2_PLACEMENT_3D('',#15205,#12136,#12137);
#9800=AXIS2_PLACEMENT_3D('',#15208,#12138,#12139);
#9801=AXIS2_PLACEMENT_3D('',#15210,#12141,#12142);
#9802=AXIS2_PLACEMENT_3D('',#15211,#12143,#12144);
#9803=AXIS2_PLACEMENT_3D('',#15214,#12145,#12146);
#9804=AXIS2_PLACEMENT_3D('',#15216,#12148,#12149);
#9805=AXIS2_PLACEMENT_3D('',#15217,#12150,#12151);
#9806=AXIS2_PLACEMENT_3D('',#15220,#12152,#12153);
#9807=AXIS2_PLACEMENT_3D('',#15222,#12155,#12156);
#9808=AXIS2_PLACEMENT_3D('',#15223,#12157,#12158);
#9809=AXIS2_PLACEMENT_3D('',#15226,#12159,#12160);
#9810=AXIS2_PLACEMENT_3D('',#15228,#12162,#12163);
#9811=AXIS2_PLACEMENT_3D('',#15229,#12164,#12165);
#9812=AXIS2_PLACEMENT_3D('',#15232,#12167,#12168);
#9813=AXIS2_PLACEMENT_3D('',#15233,#12169,#12170);
#9814=AXIS2_PLACEMENT_3D('',#15236,#12172,#12173);
#9815=AXIS2_PLACEMENT_3D('',#15237,#12174,#12175);
#9816=AXIS2_PLACEMENT_3D('',#15240,#12177,#12178);
#9817=AXIS2_PLACEMENT_3D('',#15241,#12179,#12180);
#9818=AXIS2_PLACEMENT_3D('',#15244,#12182,#12183);
#9819=AXIS2_PLACEMENT_3D('',#15245,#12184,#12185);
#9820=AXIS2_PLACEMENT_3D('',#15248,#12187,#12188);
#9821=AXIS2_PLACEMENT_3D('',#15249,#12189,#12190);
#9822=AXIS2_PLACEMENT_3D('',#15252,#12192,#12193);
#9823=AXIS2_PLACEMENT_3D('',#15253,#12194,#12195);
#9824=AXIS2_PLACEMENT_3D('',#15255,#12196,#12197);
#9825=AXIS2_PLACEMENT_3D('',#15256,#12198,#12199);
#9826=AXIS2_PLACEMENT_3D('',#15259,#12201,#12202);
#9827=AXIS2_PLACEMENT_3D('',#15260,#12203,#12204);
#9828=AXIS2_PLACEMENT_3D('',#15263,#12206,#12207);
#9829=AXIS2_PLACEMENT_3D('',#15264,#12208,#12209);
#9830=AXIS2_PLACEMENT_3D('',#15270,#12213,#12214);
#9831=AXIS2_PLACEMENT_3D('',#15274,#12217,#12218);
#9832=AXIS2_PLACEMENT_3D('',#15278,#12221,#12222);
#9833=AXIS2_PLACEMENT_3D('',#15282,#12225,#12226);
#9834=AXIS2_PLACEMENT_3D('',#15286,#12229,#12230);
#9835=AXIS2_PLACEMENT_3D('',#15288,#12232,#12233);
#9836=AXIS2_PLACEMENT_3D('',#15294,#12237,#12238);
#9837=AXIS2_PLACEMENT_3D('',#15298,#12241,#12242);
#9838=AXIS2_PLACEMENT_3D('',#15302,#12245,#12246);
#9839=AXIS2_PLACEMENT_3D('',#15306,#12249,#12250);
#9840=AXIS2_PLACEMENT_3D('',#15310,#12253,#12254);
#9841=AXIS2_PLACEMENT_3D('',#15312,#12256,#12257);
#9842=AXIS2_PLACEMENT_3D('',#15316,#12259,#12260);
#9843=AXIS2_PLACEMENT_3D('',#15318,#12261,#12262);
#9844=AXIS2_PLACEMENT_3D('',#15327,#12263,#12264);
#9845=AXIS2_PLACEMENT_3D('',#15329,#12265,#12266);
#9846=AXIS2_PLACEMENT_3D('',#15331,#12267,#12268);
#9847=AXIS2_PLACEMENT_3D('',#15340,#12269,#12270);
#9848=AXIS2_PLACEMENT_3D('',#15342,#12271,#12272);
#9849=AXIS2_PLACEMENT_3D('',#15344,#12273,#12274);
#9850=AXIS2_PLACEMENT_3D('',#15353,#12275,#12276);
#9851=AXIS2_PLACEMENT_3D('',#15355,#12277,#12278);
#9852=AXIS2_PLACEMENT_3D('',#15357,#12279,#12280);
#9853=AXIS2_PLACEMENT_3D('',#15366,#12281,#12282);
#9854=AXIS2_PLACEMENT_3D('',#15368,#12283,#12284);
#9855=AXIS2_PLACEMENT_3D('',#15370,#12285,#12286);
#9856=AXIS2_PLACEMENT_3D('',#15379,#12287,#12288);
#9857=AXIS2_PLACEMENT_3D('',#15381,#12289,#12290);
#9858=AXIS2_PLACEMENT_3D('',#15383,#12291,#12292);
#9859=AXIS2_PLACEMENT_3D('',#15392,#12293,#12294);
#9860=AXIS2_PLACEMENT_3D('',#15393,#12295,#12296);
#9861=AXIS2_PLACEMENT_3D('',#15394,#12297,#12298);
#9862=AXIS2_PLACEMENT_3D('',#15398,#12300,#12301);
#9863=AXIS2_PLACEMENT_3D('',#15399,#12302,#12303);
#9864=AXIS2_PLACEMENT_3D('',#15400,#12304,#12305);
#9865=AXIS2_PLACEMENT_3D('',#15404,#12307,#12308);
#9866=AXIS2_PLACEMENT_3D('',#15405,#12309,#12310);
#9867=AXIS2_PLACEMENT_3D('',#15406,#12311,#12312);
#9868=AXIS2_PLACEMENT_3D('',#15409,#12314,#12315);
#9869=AXIS2_PLACEMENT_3D('',#15410,#12316,#12317);
#9870=AXIS2_PLACEMENT_3D('',#15413,#12319,#12320);
#9871=AXIS2_PLACEMENT_3D('',#15414,#12321,#12322);
#9872=AXIS2_PLACEMENT_3D('',#15417,#12324,#12325);
#9873=AXIS2_PLACEMENT_3D('',#15418,#12326,#12327);
#9874=AXIS2_PLACEMENT_3D('',#15421,#12329,#12330);
#9875=AXIS2_PLACEMENT_3D('',#15422,#12331,#12332);
#9876=AXIS2_PLACEMENT_3D('',#15425,#12334,#12335);
#9877=AXIS2_PLACEMENT_3D('',#15426,#12336,#12337);
#9878=AXIS2_PLACEMENT_3D('',#15429,#12339,#12340);
#9879=AXIS2_PLACEMENT_3D('',#15430,#12341,#12342);
#9880=AXIS2_PLACEMENT_3D('',#15433,#12344,#12345);
#9881=AXIS2_PLACEMENT_3D('',#15434,#12346,#12347);
#9882=AXIS2_PLACEMENT_3D('',#15435,#12348,#12349);
#9883=AXIS2_PLACEMENT_3D('',#15438,#12351,#12352);
#9884=AXIS2_PLACEMENT_3D('',#15439,#12353,#12354);
#9885=AXIS2_PLACEMENT_3D('',#15440,#12355,#12356);
#9886=AXIS2_PLACEMENT_3D('',#15443,#12358,#12359);
#9887=AXIS2_PLACEMENT_3D('',#15444,#12360,#12361);
#9888=AXIS2_PLACEMENT_3D('',#15445,#12362,#12363);
#9889=AXIS2_PLACEMENT_3D('',#15448,#12365,#12366);
#9890=AXIS2_PLACEMENT_3D('',#15449,#12367,#12368);
#9891=AXIS2_PLACEMENT_3D('',#15450,#12369,#12370);
#9892=AXIS2_PLACEMENT_3D('',#15453,#12372,#12373);
#9893=AXIS2_PLACEMENT_3D('',#15454,#12374,#12375);
#9894=AXIS2_PLACEMENT_3D('',#15455,#12376,#12377);
#9895=AXIS2_PLACEMENT_3D('',#15458,#12379,#12380);
#9896=AXIS2_PLACEMENT_3D('',#15459,#12381,#12382);
#9897=AXIS2_PLACEMENT_3D('',#15460,#12383,#12384);
#9898=AXIS2_PLACEMENT_3D('',#15463,#12386,#12387);
#9899=AXIS2_PLACEMENT_3D('',#15464,#12388,#12389);
#9900=AXIS2_PLACEMENT_3D('',#15465,#12390,#12391);
#9901=AXIS2_PLACEMENT_3D('',#15466,#12392,#12393);
#9902=AXIS2_PLACEMENT_3D('',#15467,#12394,#12395);
#9903=AXIS2_PLACEMENT_3D('',#15468,#12396,#12397);
#9904=AXIS2_PLACEMENT_3D('',#15470,#12398,#12399);
#9905=AXIS2_PLACEMENT_3D('',#15472,#12400,#12401);
#9906=AXIS2_PLACEMENT_3D('',#15473,#12402,#12403);
#9907=AXIS2_PLACEMENT_3D('',#15474,#12404,#12405);
#9908=AXIS2_PLACEMENT_3D('',#15475,#12406,#12407);
#9909=AXIS2_PLACEMENT_3D('',#15477,#12408,#12409);
#9910=AXIS2_PLACEMENT_3D('',#15478,#12410,#12411);
#9911=AXIS2_PLACEMENT_3D('',#15480,#12412,#12413);
#9912=AXIS2_PLACEMENT_3D('',#15481,#12414,#12415);
#9913=AXIS2_PLACEMENT_3D('',#15482,#12416,#12417);
#9914=AXIS2_PLACEMENT_3D('',#15484,#12418,#12419);
#9915=AXIS2_PLACEMENT_3D('',#15485,#12420,#12421);
#9916=AXIS2_PLACEMENT_3D('',#15487,#12422,#12423);
#9917=AXIS2_PLACEMENT_3D('',#15488,#12424,#12425);
#9918=AXIS2_PLACEMENT_3D('',#15490,#12426,#12427);
#9919=AXIS2_PLACEMENT_3D('',#15491,#12428,#12429);
#9920=AXIS2_PLACEMENT_3D('',#15492,#12430,#12431);
#9921=AXIS2_PLACEMENT_3D('',#15494,#12432,#12433);
#9922=AXIS2_PLACEMENT_3D('',#15495,#12434,#12435);
#9923=AXIS2_PLACEMENT_3D('',#15496,#12436,#12437);
#9924=AXIS2_PLACEMENT_3D('',#15498,#12438,#12439);
#9925=AXIS2_PLACEMENT_3D('',#15499,#12440,#12441);
#9926=AXIS2_PLACEMENT_3D('',#15500,#12442,#12443);
#9927=AXIS2_PLACEMENT_3D('',#15502,#12444,#12445);
#9928=AXIS2_PLACEMENT_3D('',#15503,#12446,#12447);
#9929=AXIS2_PLACEMENT_3D('',#15504,#12448,#12449);
#9930=AXIS2_PLACEMENT_3D('',#15506,#12450,#12451);
#9931=AXIS2_PLACEMENT_3D('',#15507,#12452,#12453);
#9932=AXIS2_PLACEMENT_3D('',#15509,#12454,#12455);
#9933=AXIS2_PLACEMENT_3D('',#15510,#12456,#12457);
#9934=AXIS2_PLACEMENT_3D('',#15512,#12458,#12459);
#9935=AXIS2_PLACEMENT_3D('',#15513,#12460,#12461);
#9936=AXIS2_PLACEMENT_3D('',#15516,#12462,#12463);
#9937=AXIS2_PLACEMENT_3D('',#15517,#12464,#12465);
#9938=AXIS2_PLACEMENT_3D('',#15519,#12467,#12468);
#9939=AXIS2_PLACEMENT_3D('',#15522,#12469,#12470);
#9940=AXIS2_PLACEMENT_3D('',#15523,#12471,#12472);
#9941=AXIS2_PLACEMENT_3D('',#15525,#12474,#12475);
#9942=AXIS2_PLACEMENT_3D('',#15528,#12476,#12477);
#9943=AXIS2_PLACEMENT_3D('',#15529,#12478,#12479);
#9944=AXIS2_PLACEMENT_3D('',#15531,#12481,#12482);
#9945=AXIS2_PLACEMENT_3D('',#15534,#12483,#12484);
#9946=AXIS2_PLACEMENT_3D('',#15535,#12485,#12486);
#9947=AXIS2_PLACEMENT_3D('',#15537,#12488,#12489);
#9948=AXIS2_PLACEMENT_3D('',#15540,#12490,#12491);
#9949=AXIS2_PLACEMENT_3D('',#15541,#12492,#12493);
#9950=AXIS2_PLACEMENT_3D('',#15543,#12495,#12496);
#9951=AXIS2_PLACEMENT_3D('',#15546,#12497,#12498);
#9952=AXIS2_PLACEMENT_3D('',#15547,#12499,#12500);
#9953=AXIS2_PLACEMENT_3D('',#15549,#12502,#12503);
#9954=AXIS2_PLACEMENT_3D('',#15551,#12504,#12505);
#9955=AXIS2_PLACEMENT_3D('',#15553,#12507,#12508);
#9956=AXIS2_PLACEMENT_3D('',#15555,#12509,#12510);
#9957=AXIS2_PLACEMENT_3D('',#15557,#12512,#12513);
#9958=AXIS2_PLACEMENT_3D('',#15560,#12515,#12516);
#9959=AXIS2_PLACEMENT_3D('',#15561,#12517,#12518);
#9960=AXIS2_PLACEMENT_3D('',#15564,#12520,#12521);
#9961=AXIS2_PLACEMENT_3D('',#15565,#12522,#12523);
#9962=AXIS2_PLACEMENT_3D('',#15568,#12525,#12526);
#9963=AXIS2_PLACEMENT_3D('',#15569,#12527,#12528);
#9964=AXIS2_PLACEMENT_3D('',#15572,#12530,#12531);
#9965=AXIS2_PLACEMENT_3D('',#15573,#12532,#12533);
#9966=AXIS2_PLACEMENT_3D('',#15576,#12535,#12536);
#9967=AXIS2_PLACEMENT_3D('',#15577,#12537,#12538);
#9968=AXIS2_PLACEMENT_3D('',#15580,#12540,#12541);
#9969=AXIS2_PLACEMENT_3D('',#15581,#12542,#12543);
#9970=AXIS2_PLACEMENT_3D('',#15583,#12544,#12545);
#9971=AXIS2_PLACEMENT_3D('',#15584,#12546,#12547);
#9972=AXIS2_PLACEMENT_3D('',#15586,#12548,#12549);
#9973=AXIS2_PLACEMENT_3D('',#15588,#12551,#12552);
#9974=AXIS2_PLACEMENT_3D('',#15591,#12554,#12555);
#9975=AXIS2_PLACEMENT_3D('',#15592,#12556,#12557);
#9976=AXIS2_PLACEMENT_3D('',#15595,#12559,#12560);
#9977=AXIS2_PLACEMENT_3D('',#15596,#12561,#12562);
#9978=AXIS2_PLACEMENT_3D('',#15599,#12564,#12565);
#9979=AXIS2_PLACEMENT_3D('',#15600,#12566,#12567);
#9980=AXIS2_PLACEMENT_3D('',#15603,#12569,#12570);
#9981=AXIS2_PLACEMENT_3D('',#15604,#12571,#12572);
#9982=AXIS2_PLACEMENT_3D('',#15607,#12574,#12575);
#9983=AXIS2_PLACEMENT_3D('',#15608,#12576,#12577);
#9984=AXIS2_PLACEMENT_3D('',#15611,#12579,#12580);
#9985=AXIS2_PLACEMENT_3D('',#15612,#12581,#12582);
#9986=AXIS2_PLACEMENT_3D('',#15615,#12584,#12585);
#9987=AXIS2_PLACEMENT_3D('',#15616,#12586,#12587);
#9988=AXIS2_PLACEMENT_3D('',#15619,#12589,#12590);
#9989=AXIS2_PLACEMENT_3D('',#15620,#12591,#12592);
#9990=AXIS2_PLACEMENT_3D('',#15623,#12594,#12595);
#9991=AXIS2_PLACEMENT_3D('',#15624,#12596,#12597);
#9992=AXIS2_PLACEMENT_3D('',#15627,#12599,#12600);
#9993=AXIS2_PLACEMENT_3D('',#15628,#12601,#12602);
#9994=AXIS2_PLACEMENT_3D('',#15631,#12604,#12605);
#9995=AXIS2_PLACEMENT_3D('',#15632,#12606,#12607);
#9996=AXIS2_PLACEMENT_3D('',#15635,#12609,#12610);
#9997=AXIS2_PLACEMENT_3D('',#15636,#12611,#12612);
#9998=AXIS2_PLACEMENT_3D('',#15637,#12613,#12614);
#9999=AXIS2_PLACEMENT_3D('',#15639,#12615,#12616);
#10000=AXIS2_PLACEMENT_3D('',#15640,#12617,#12618);
#10001=AXIS2_PLACEMENT_3D('',#15642,#12619,#12620);
#10002=AXIS2_PLACEMENT_3D('',#15643,#12621,#12622);
#10003=AXIS2_PLACEMENT_3D('',#15645,#12623,#12624);
#10004=AXIS2_PLACEMENT_3D('',#15646,#12625,#12626);
#10005=AXIS2_PLACEMENT_3D('',#15648,#12627,#12628);
#10006=AXIS2_PLACEMENT_3D('',#15649,#12629,#12630);
#10007=AXIS2_PLACEMENT_3D('',#15651,#12631,#12632);
#10008=AXIS2_PLACEMENT_3D('',#15652,#12633,#12634);
#10009=AXIS2_PLACEMENT_3D('',#15654,#12635,#12636);
#10010=AXIS2_PLACEMENT_3D('',#15655,#12637,#12638);
#10011=AXIS2_PLACEMENT_3D('',#15657,#12639,#12640);
#10012=AXIS2_PLACEMENT_3D('',#15658,#12641,#12642);
#10013=AXIS2_PLACEMENT_3D('',#15660,#12644,#12645);
#10014=AXIS2_PLACEMENT_3D('',#15662,#12646,#12647);
#10015=AXIS2_PLACEMENT_3D('',#15663,#12648,#12649);
#10016=AXIS2_PLACEMENT_3D('',#15665,#12650,#12651);
#10017=AXIS2_PLACEMENT_3D('',#15666,#12652,#12653);
#10018=AXIS2_PLACEMENT_3D('',#15668,#12654,#12655);
#10019=AXIS2_PLACEMENT_3D('',#15669,#12656,#12657);
#10020=AXIS2_PLACEMENT_3D('',#15671,#12658,#12659);
#10021=AXIS2_PLACEMENT_3D('',#15672,#12660,#12661);
#10022=AXIS2_PLACEMENT_3D('',#15674,#12662,#12663);
#10023=AXIS2_PLACEMENT_3D('',#15675,#12664,#12665);
#10024=AXIS2_PLACEMENT_3D('',#15677,#12666,#12667);
#10025=AXIS2_PLACEMENT_3D('',#15678,#12668,#12669);
#10026=AXIS2_PLACEMENT_3D('',#15691,#12676,#12677);
#10027=AXIS2_PLACEMENT_3D('',#15704,#12684,#12685);
#10028=AXIS2_PLACEMENT_3D('',#15717,#12692,#12693);
#10029=AXIS2_PLACEMENT_3D('',#15730,#12700,#12701);
#10030=AXIS2_PLACEMENT_3D('',#15743,#12708,#12709);
#10031=AXIS2_PLACEMENT_3D('',#15756,#12716,#12717);
#10032=AXIS2_PLACEMENT_3D('',#15758,#12719,#12720);
#10033=AXIS2_PLACEMENT_3D('',#15760,#12722,#12723);
#10034=AXIS2_PLACEMENT_3D('',#15762,#12725,#12726);
#10035=AXIS2_PLACEMENT_3D('',#15764,#12728,#12729);
#10036=AXIS2_PLACEMENT_3D('',#15766,#12731,#12732);
#10037=AXIS2_PLACEMENT_3D('',#15768,#12734,#12735);
#10038=AXIS2_PLACEMENT_3D('',#15774,#12739,#12740);
#10039=AXIS2_PLACEMENT_3D('',#15778,#12743,#12744);
#10040=AXIS2_PLACEMENT_3D('',#15782,#12747,#12748);
#10041=AXIS2_PLACEMENT_3D('',#15786,#12751,#12752);
#10042=AXIS2_PLACEMENT_3D('',#15790,#12755,#12756);
#10043=AXIS2_PLACEMENT_3D('',#15792,#12758,#12759);
#10044=AXIS2_PLACEMENT_3D('',#15798,#12763,#12764);
#10045=AXIS2_PLACEMENT_3D('',#15802,#12767,#12768);
#10046=AXIS2_PLACEMENT_3D('',#15806,#12771,#12772);
#10047=AXIS2_PLACEMENT_3D('',#15810,#12775,#12776);
#10048=AXIS2_PLACEMENT_3D('',#15814,#12779,#12780);
#10049=AXIS2_PLACEMENT_3D('',#15816,#12782,#12783);
#10050=AXIS2_PLACEMENT_3D('',#15822,#12787,#12788);
#10051=AXIS2_PLACEMENT_3D('',#15826,#12791,#12792);
#10052=AXIS2_PLACEMENT_3D('',#15830,#12795,#12796);
#10053=AXIS2_PLACEMENT_3D('',#15834,#12799,#12800);
#10054=AXIS2_PLACEMENT_3D('',#15838,#12803,#12804);
#10055=AXIS2_PLACEMENT_3D('',#15840,#12806,#12807);
#10056=AXIS2_PLACEMENT_3D('',#15846,#12811,#12812);
#10057=AXIS2_PLACEMENT_3D('',#15850,#12815,#12816);
#10058=AXIS2_PLACEMENT_3D('',#15854,#12819,#12820);
#10059=AXIS2_PLACEMENT_3D('',#15858,#12823,#12824);
#10060=AXIS2_PLACEMENT_3D('',#15862,#12827,#12828);
#10061=AXIS2_PLACEMENT_3D('',#15864,#12830,#12831);
#10062=AXIS2_PLACEMENT_3D('',#15870,#12835,#12836);
#10063=AXIS2_PLACEMENT_3D('',#15874,#12839,#12840);
#10064=AXIS2_PLACEMENT_3D('',#15878,#12843,#12844);
#10065=AXIS2_PLACEMENT_3D('',#15882,#12847,#12848);
#10066=AXIS2_PLACEMENT_3D('',#15886,#12851,#12852);
#10067=AXIS2_PLACEMENT_3D('',#15888,#12854,#12855);
#10068=AXIS2_PLACEMENT_3D('',#15894,#12859,#12860);
#10069=AXIS2_PLACEMENT_3D('',#15898,#12863,#12864);
#10070=AXIS2_PLACEMENT_3D('',#15902,#12867,#12868);
#10071=AXIS2_PLACEMENT_3D('',#15906,#12871,#12872);
#10072=AXIS2_PLACEMENT_3D('',#15910,#12875,#12876);
#10073=AXIS2_PLACEMENT_3D('',#15912,#12878,#12879);
#10074=AXIS2_PLACEMENT_3D('',#15913,#12880,#12881);
#10075=AXIS2_PLACEMENT_3D('',#15914,#12882,#12883);
#10076=AXIS2_PLACEMENT_3D('',#15915,#12884,#12885);
#10077=AXIS2_PLACEMENT_3D('',#15916,#12886,#12887);
#10078=AXIS2_PLACEMENT_3D('',#15917,#12888,#12889);
#10079=DIRECTION('axis',(0.,0.,1.));
#10080=DIRECTION('refdir',(1.,0.,0.));
#10081=DIRECTION('center_axis',(0.,0.,1.));
#10082=DIRECTION('ref_axis',(-0.500000000000017,0.866025403784429,0.));
#10083=DIRECTION('center_axis',(0.,0.,1.));
#10084=DIRECTION('ref_axis',(0.500000000000017,-0.866025403784429,0.));
#10085=DIRECTION('',(0.,0.,1.));
#10086=DIRECTION('center_axis',(0.,0.,1.));
#10087=DIRECTION('ref_axis',(0.500000000000017,-0.866025403784429,0.));
#10088=DIRECTION('center_axis',(0.,0.,1.));
#10089=DIRECTION('ref_axis',(-0.500000000000017,0.866025403784429,0.));
#10090=DIRECTION('',(0.374918927682574,-0.649378631465431,0.661621637086812));
#10091=DIRECTION('center_axis',(0.,0.,-1.));
#10092=DIRECTION('ref_axis',(-0.500000000000017,0.866025403784429,0.));
#10093=DIRECTION('center_axis',(0.,0.,1.));
#10094=DIRECTION('ref_axis',(-0.500000000000017,0.866025403784429,0.));
#10095=DIRECTION('center_axis',(0.,0.,-1.));
#10096=DIRECTION('ref_axis',(0.500000000000017,-0.866025403784429,0.));
#10097=DIRECTION('center_axis',(0.,0.,1.));
#10098=DIRECTION('ref_axis',(-0.500000000000017,0.866025403784429,0.));
#10099=DIRECTION('',(0.,0.,1.));
#10100=DIRECTION('center_axis',(0.,0.,1.));
#10101=DIRECTION('ref_axis',(0.500000000000017,-0.866025403784429,0.));
#10102=DIRECTION('center_axis',(0.,0.,1.));
#10103=DIRECTION('ref_axis',(-0.500000000000017,0.866025403784429,0.));
#10104=DIRECTION('center_axis',(0.,0.,1.));
#10105=DIRECTION('ref_axis',(0.500000000000017,-0.866025403784429,0.));
#10106=DIRECTION('',(-0.353553390593286,0.612372435695788,-0.707106781186547));
#10107=DIRECTION('center_axis',(0.,0.,1.));
#10108=DIRECTION('ref_axis',(-0.500000000000017,0.866025403784429,0.));
#10109=DIRECTION('center_axis',(0.,0.,1.));
#10110=DIRECTION('ref_axis',(0.500000000000017,-0.866025403784429,0.));
#10111=DIRECTION('center_axis',(0.,0.,1.));
#10112=DIRECTION('ref_axis',(-0.500000000000017,0.866025403784429,0.));
#10113=DIRECTION('center_axis',(0.,0.,1.));
#10114=DIRECTION('ref_axis',(0.500000000000017,-0.866025403784429,0.));
#10115=DIRECTION('',(0.,0.,-1.));
#10116=DIRECTION('center_axis',(0.,0.,-1.));
#10117=DIRECTION('ref_axis',(0.500000000000017,-0.866025403784429,0.));
#10118=DIRECTION('center_axis',(0.,0.,1.));
#10119=DIRECTION('ref_axis',(0.500000000000017,-0.866025403784429,0.));
#10120=DIRECTION('',(0.353553390593286,-0.612372435695788,0.707106781186548));
#10121=DIRECTION('center_axis',(0.,0.,1.));
#10122=DIRECTION('ref_axis',(0.500000000000017,-0.866025403784429,0.));
#10123=DIRECTION('center_axis',(0.,0.,1.));
#10124=DIRECTION('ref_axis',(-0.500000000000017,0.866025403784429,0.));
#10125=DIRECTION('center_axis',(0.,0.,1.));
#10126=DIRECTION('ref_axis',(-0.500000000000017,0.866025403784429,0.));
#10127=DIRECTION('center_axis',(0.,0.,1.));
#10128=DIRECTION('ref_axis',(-0.500000000000017,0.866025403784429,0.));
#10129=DIRECTION('',(0.,0.,-1.));
#10130=DIRECTION('center_axis',(0.,0.,1.));
#10131=DIRECTION('ref_axis',(0.500000000000017,-0.866025403784429,0.));
#10132=DIRECTION('center_axis',(0.,0.,1.));
#10133=DIRECTION('ref_axis',(0.500000000000017,-0.866025403784429,0.));
#10134=DIRECTION('center_axis',(0.,0.,1.));
#10135=DIRECTION('ref_axis',(0.45355243024291,-0.891229596131519,0.));
#10136=DIRECTION('center_axis',(0.891229596131519,0.45355243024291,0.));
#10137=DIRECTION('ref_axis',(-0.45355243024291,0.891229596131519,0.));
#10138=DIRECTION('center_axis',(0.,0.,1.));
#10139=DIRECTION('ref_axis',(-0.500000000000017,0.866025403784429,0.));
#10140=DIRECTION('center_axis',(0.,0.,-1.));
#10141=DIRECTION('ref_axis',(0.500000000000017,-0.866025403784429,0.));
#10142=DIRECTION('',(0.,0.,1.));
#10143=DIRECTION('center_axis',(0.,0.,1.));
#10144=DIRECTION('ref_axis',(0.500000000000017,-0.866025403784429,0.));
#10145=DIRECTION('center_axis',(0.,0.,1.));
#10146=DIRECTION('ref_axis',(-0.500000000000017,0.866025403784429,0.));
#10147=DIRECTION('center_axis',(0.,0.,1.));
#10148=DIRECTION('ref_axis',(0.500000000000017,-0.866025403784429,0.));
#10149=DIRECTION('center_axis',(0.,0.,1.));
#10150=DIRECTION('ref_axis',(-0.500000000000017,0.866025403784429,0.));
#10151=DIRECTION('center_axis',(0.,0.,1.));
#10152=DIRECTION('ref_axis',(0.500000000000017,-0.866025403784429,0.));
#10153=DIRECTION('center_axis',(0.,0.,1.));
#10154=DIRECTION('ref_axis',(-0.500000000000017,0.866025403784429,0.));
#10155=DIRECTION('center_axis',(0.,0.,1.));
#10156=DIRECTION('ref_axis',(0.500000000000017,-0.866025403784429,0.));
#10157=DIRECTION('',(0.,0.,-1.));
#10158=DIRECTION('center_axis',(0.,0.,1.));
#10159=DIRECTION('ref_axis',(-0.500000000000017,0.866025403784429,0.));
#10160=DIRECTION('',(0.,0.,-1.));
#10161=DIRECTION('',(0.,0.,-1.));
#10162=DIRECTION('center_axis',(0.,0.,1.));
#10163=DIRECTION('ref_axis',(0.500000000000017,-0.866025403784429,0.));
#10164=DIRECTION('center_axis',(0.,0.,1.));
#10165=DIRECTION('ref_axis',(-0.500000000000017,0.866025403784429,0.));
#10166=DIRECTION('center_axis',(0.,0.,1.));
#10167=DIRECTION('ref_axis',(0.500000000000017,-0.866025403784429,0.));
#10168=DIRECTION('center_axis',(0.500000000000017,-0.866025403784429,0.));
#10169=DIRECTION('ref_axis',(-0.866025403784429,-0.500000000000017,0.));
#10170=DIRECTION('',(-0.500000000000017,0.866025403784429,0.));
#10171=DIRECTION('center_axis',(0.500000000000017,-0.866025403784429,0.));
#10172=DIRECTION('ref_axis',(-0.866025403784429,-0.500000000000017,0.));
#10173=DIRECTION('center_axis',(0.,0.,1.));
#10174=DIRECTION('ref_axis',(-0.500000000000017,0.866025403784429,0.));
#10175=DIRECTION('center_axis',(0.,0.,-1.));
#10176=DIRECTION('ref_axis',(0.500000000000017,-0.866025403784429,0.));
#10177=DIRECTION('center_axis',(-0.500000000000017,0.866025403784429,0.));
#10178=DIRECTION('ref_axis',(0.866025403784429,0.500000000000017,0.));
#10179=DIRECTION('',(0.500000000000017,-0.866025403784429,0.));
#10180=DIRECTION('center_axis',(-0.500000000000017,0.866025403784429,0.));
#10181=DIRECTION('ref_axis',(0.866025403784429,0.500000000000017,0.));
#10182=DIRECTION('center_axis',(0.,0.,1.));
#10183=DIRECTION('ref_axis',(-0.500000000000017,0.866025403784429,0.));
#10184=DIRECTION('center_axis',(0.,0.,1.));
#10185=DIRECTION('ref_axis',(0.500000000000017,-0.866025403784429,0.));
#10186=DIRECTION('center_axis',(0.,0.,1.));
#10187=DIRECTION('ref_axis',(0.500000000000017,-0.866025403784429,0.));
#10188=DIRECTION('',(0.,0.,-1.));
#10189=DIRECTION('center_axis',(0.500000000000017,-0.866025403784429,0.));
#10190=DIRECTION('ref_axis',(-0.866025403784429,-0.500000000000017,0.));
#10191=DIRECTION('center_axis',(0.,0.,1.));
#10192=DIRECTION('ref_axis',(-0.500000000000017,0.866025403784429,0.));
#10193=DIRECTION('',(0.,0.,-1.));
#10194=DIRECTION('center_axis',(0.,0.,1.));
#10195=DIRECTION('ref_axis',(0.500000000000017,-0.866025403784429,0.));
#10196=DIRECTION('center_axis',(-0.500000000000017,0.866025403784429,0.));
#10197=DIRECTION('ref_axis',(0.866025403784429,0.500000000000017,0.));
#10198=DIRECTION('center_axis',(0.,0.,-1.));
#10199=DIRECTION('ref_axis',(0.500000000000017,-0.866025403784429,0.));
#10200=DIRECTION('',(0.433012701892234,-0.749999999999992,0.5));
#10201=DIRECTION('center_axis',(0.,0.,1.));
#10202=DIRECTION('ref_axis',(0.500000000000017,-0.866025403784429,0.));
#10203=DIRECTION('center_axis',(0.,0.,1.));
#10204=DIRECTION('ref_axis',(0.500000000000017,-0.866025403784429,0.));
#10205=DIRECTION('center_axis',(0.,0.,1.));
#10206=DIRECTION('ref_axis',(-0.500000000000017,0.866025403784429,0.));
#10207=DIRECTION('center_axis',(0.,0.,-1.));
#10208=DIRECTION('ref_axis',(0.500000000000017,-0.866025403784429,0.));
#10209=DIRECTION('center_axis',(0.,0.,1.));
#10210=DIRECTION('ref_axis',(-0.500000000000017,0.866025403784429,0.));
#10211=DIRECTION('center_axis',(0.,0.,-1.));
#10212=DIRECTION('ref_axis',(0.500000000000017,-0.866025403784429,0.));
#10213=DIRECTION('',(0.,0.,-1.));
#10214=DIRECTION('center_axis',(0.,0.,-1.));
#10215=DIRECTION('ref_axis',(0.500000000000017,-0.866025403784429,0.));
#10216=DIRECTION('center_axis',(0.,0.,-1.));
#10217=DIRECTION('ref_axis',(0.500000000000017,-0.866025403784429,0.));
#10218=DIRECTION('',(0.,0.,-1.));
#10219=DIRECTION('center_axis',(0.,0.,-1.));
#10220=DIRECTION('ref_axis',(0.500000000000017,-0.866025403784429,0.));
#10221=DIRECTION('center_axis',(0.,0.,-1.));
#10222=DIRECTION('ref_axis',(0.500000000000017,-0.866025403784429,0.));
#10223=DIRECTION('center_axis',(0.,0.,-1.));
#10224=DIRECTION('ref_axis',(0.500000000000017,-0.866025403784429,0.));
#10225=DIRECTION('center_axis',(0.,0.,-1.));
#10226=DIRECTION('ref_axis',(0.502555289915102,-0.864545071455704,0.));
#10227=DIRECTION('center_axis',(-0.864545071455703,-0.502555289915103,0.));
#10228=DIRECTION('ref_axis',(-0.502555289915103,0.864545071455703,0.));
#10229=DIRECTION('center_axis',(0.,1.,0.));
#10230=DIRECTION('ref_axis',(0.,0.,1.));
#10231=DIRECTION('center_axis',(0.,1.,0.));
#10232=DIRECTION('ref_axis',(0.,0.,1.));
#10233=DIRECTION('center_axis',(0.,-1.,0.));
#10234=DIRECTION('ref_axis',(0.,0.,1.));
#10235=DIRECTION('center_axis',(0.,1.,0.));
#10236=DIRECTION('ref_axis',(0.,0.,1.));
#10237=DIRECTION('center_axis',(0.,1.,0.));
#10238=DIRECTION('ref_axis',(0.,0.,1.));
#10239=DIRECTION('',(0.,-1.,0.));
#10240=DIRECTION('center_axis',(0.,1.,0.));
#10241=DIRECTION('ref_axis',(0.,0.,1.));
#10242=DIRECTION('',(0.,1.,0.));
#10243=DIRECTION('center_axis',(0.,1.,0.));
#10244=DIRECTION('ref_axis',(0.,0.,-1.));
#10245=DIRECTION('center_axis',(0.,1.,0.));
#10246=DIRECTION('ref_axis',(0.,0.,1.));
#10247=DIRECTION('center_axis',(0.,1.,0.));
#10248=DIRECTION('ref_axis',(0.,0.,1.));
#10249=DIRECTION('center_axis',(0.,1.,0.));
#10250=DIRECTION('ref_axis',(0.,0.,1.));
#10251=DIRECTION('center_axis',(0.,-1.,0.));
#10252=DIRECTION('ref_axis',(0.,0.,1.));
#10253=DIRECTION('center_axis',(0.,1.,0.));
#10254=DIRECTION('ref_axis',(0.,0.,1.));
#10255=DIRECTION('center_axis',(0.,1.,0.));
#10256=DIRECTION('ref_axis',(0.,0.,1.));
#10257=DIRECTION('',(0.,1.,0.));
#10258=DIRECTION('center_axis',(0.,-1.,0.));
#10259=DIRECTION('ref_axis',(0.,0.,1.));
#10260=DIRECTION('center_axis',(0.,-1.,0.));
#10261=DIRECTION('ref_axis',(0.,0.,1.));
#10262=DIRECTION('',(0.,-1.,0.));
#10263=DIRECTION('center_axis',(0.,1.,0.));
#10264=DIRECTION('ref_axis',(0.,0.,-1.));
#10265=DIRECTION('center_axis',(0.,-1.,0.));
#10266=DIRECTION('ref_axis',(0.,0.,1.));
#10267=DIRECTION('center_axis',(0.,1.,0.));
#10268=DIRECTION('ref_axis',(-1.,0.,0.));
#10269=DIRECTION('center_axis',(0.,-1.,0.));
#10270=DIRECTION('ref_axis',(0.,0.,1.));
#10271=DIRECTION('',(0.,-1.,0.));
#10272=DIRECTION('center_axis',(0.,-1.,0.));
#10273=DIRECTION('ref_axis',(0.,0.,1.));
#10274=DIRECTION('center_axis',(0.,1.,0.));
#10275=DIRECTION('ref_axis',(0.,0.,-1.));
#10276=DIRECTION('center_axis',(0.,1.,0.));
#10277=DIRECTION('ref_axis',(0.,0.,-1.));
#10278=DIRECTION('center_axis',(0.,-1.,0.));
#10279=DIRECTION('ref_axis',(0.,0.,-1.));
#10280=DIRECTION('center_axis',(0.,-1.,0.));
#10281=DIRECTION('ref_axis',(0.,0.,-1.));
#10282=DIRECTION('center_axis',(0.,-1.,0.));
#10283=DIRECTION('ref_axis',(0.,0.,-1.));
#10284=DIRECTION('center_axis',(0.,-1.,0.));
#10285=DIRECTION('ref_axis',(0.,0.,-1.));
#10286=DIRECTION('center_axis',(0.,-1.,0.));
#10287=DIRECTION('ref_axis',(0.,0.,-1.));
#10288=DIRECTION('center_axis',(0.,-1.,0.));
#10289=DIRECTION('ref_axis',(0.,0.,-1.));
#10290=DIRECTION('center_axis',(0.,1.,0.));
#10291=DIRECTION('ref_axis',(0.,0.,-1.));
#10292=DIRECTION('center_axis',(0.,1.,0.));
#10293=DIRECTION('ref_axis',(0.,0.,-1.));
#10294=DIRECTION('',(-8.65956056235493E-17,-0.707106781186547,-0.707106781186547));
#10295=DIRECTION('center_axis',(0.,-1.,0.));
#10296=DIRECTION('ref_axis',(0.,0.,-1.));
#10297=DIRECTION('center_axis',(0.,-1.,0.));
#10298=DIRECTION('ref_axis',(0.,0.,-1.));
#10299=DIRECTION('',(-8.65956056235493E-17,-0.707106781186548,0.707106781186548));
#10300=DIRECTION('center_axis',(0.,-1.,0.));
#10301=DIRECTION('ref_axis',(0.,0.,-1.));
#10302=DIRECTION('center_axis',(0.,-1.,0.));
#10303=DIRECTION('ref_axis',(0.,0.,-1.));
#10304=DIRECTION('',(-8.65956056235493E-17,-0.707106781186548,0.707106781186548));
#10305=DIRECTION('center_axis',(0.,-1.,0.));
#10306=DIRECTION('ref_axis',(0.,0.,-1.));
#10307=DIRECTION('center_axis',(0.,-1.,0.));
#10308=DIRECTION('ref_axis',(0.,0.,-1.));
#10309=DIRECTION('',(-8.65956056235493E-17,-0.707106781186548,0.707106781186548));
#10310=DIRECTION('center_axis',(0.,-1.,0.));
#10311=DIRECTION('ref_axis',(0.,0.,-1.));
#10312=DIRECTION('center_axis',(0.,-1.,0.));
#10313=DIRECTION('ref_axis',(0.,0.,-1.));
#10314=DIRECTION('',(-8.65956056235493E-17,-0.707106781186548,0.707106781186548));
#10315=DIRECTION('center_axis',(0.,-1.,0.));
#10316=DIRECTION('ref_axis',(0.,0.,-1.));
#10317=DIRECTION('center_axis',(0.,-1.,0.));
#10318=DIRECTION('ref_axis',(0.,0.,-1.));
#10319=DIRECTION('',(-8.65956056235493E-17,-0.707106781186548,0.707106781186548));
#10320=DIRECTION('center_axis',(0.,-1.,0.));
#10321=DIRECTION('ref_axis',(0.,0.,-1.));
#10322=DIRECTION('center_axis',(0.,-1.,0.));
#10323=DIRECTION('ref_axis',(0.,0.,-1.));
#10324=DIRECTION('',(-8.65956056235493E-17,-0.707106781186548,0.707106781186548));
#10325=DIRECTION('center_axis',(0.,1.,0.));
#10326=DIRECTION('ref_axis',(0.,0.,-1.));
#10327=DIRECTION('',(0.,-1.,0.));
#10328=DIRECTION('',(0.,1.,0.));
#10329=DIRECTION('center_axis',(0.,1.,0.));
#10330=DIRECTION('ref_axis',(-0.021978021978019,0.,-0.999758454102757));
#10331=DIRECTION('',(0.,1.,0.));
#10332=DIRECTION('',(0.,1.,0.));
#10333=DIRECTION('center_axis',(0.,1.,0.));
#10334=DIRECTION('ref_axis',(0.021978021978019,0.,0.999758454102757));
#10335=DIRECTION('',(0.,1.,0.));
#10336=DIRECTION('center_axis',(0.,-1.,0.));
#10337=DIRECTION('ref_axis',(0.,0.,-1.));
#10338=DIRECTION('center_axis',(0.,-1.,0.));
#10339=DIRECTION('ref_axis',(0.,0.,-1.));
#10340=DIRECTION('',(0.,-1.,0.));
#10341=DIRECTION('center_axis',(0.,-1.,0.));
#10342=DIRECTION('ref_axis',(0.,0.,-1.));
#10343=DIRECTION('center_axis',(0.,-1.,0.));
#10344=DIRECTION('ref_axis',(0.,0.,-1.));
#10345=DIRECTION('',(0.,-1.,0.));
#10346=DIRECTION('center_axis',(0.,-1.,0.));
#10347=DIRECTION('ref_axis',(0.,0.,-1.));
#10348=DIRECTION('center_axis',(0.,-1.,0.));
#10349=DIRECTION('ref_axis',(0.,0.,-1.));
#10350=DIRECTION('',(0.,-1.,0.));
#10351=DIRECTION('center_axis',(0.,-1.,0.));
#10352=DIRECTION('ref_axis',(0.,0.,-1.));
#10353=DIRECTION('center_axis',(0.,-1.,0.));
#10354=DIRECTION('ref_axis',(0.,0.,-1.));
#10355=DIRECTION('',(0.,-1.,0.));
#10356=DIRECTION('center_axis',(0.,-1.,0.));
#10357=DIRECTION('ref_axis',(0.,0.,-1.));
#10358=DIRECTION('center_axis',(0.,-1.,0.));
#10359=DIRECTION('ref_axis',(0.,0.,-1.));
#10360=DIRECTION('',(0.,-1.,0.));
#10361=DIRECTION('center_axis',(0.,-1.,0.));
#10362=DIRECTION('ref_axis',(0.,0.,-1.));
#10363=DIRECTION('center_axis',(0.,-1.,0.));
#10364=DIRECTION('ref_axis',(0.,0.,-1.));
#10365=DIRECTION('',(0.,-1.,0.));
#10366=DIRECTION('center_axis',(-1.,0.,0.));
#10367=DIRECTION('ref_axis',(0.,0.,-1.));
#10368=DIRECTION('center_axis',(0.,0.999777828843194,-0.0210782578404588));
#10369=DIRECTION('ref_axis',(0.0223248180973562,0.0210730045102767,0.99952865440558));
#10370=DIRECTION('center_axis',(-1.,0.,0.));
#10371=DIRECTION('ref_axis',(0.,-0.999779564741375,0.0209957597039495));
#10372=DIRECTION('center_axis',(-1.,0.,0.));
#10373=DIRECTION('ref_axis',(0.,-0.999779564741375,0.0209957597039495));
#10374=DIRECTION('center_axis',(-1.,0.,0.));
#10375=DIRECTION('ref_axis',(0.,0.,-1.));
#10376=DIRECTION('',(0.,0.,1.));
#10377=DIRECTION('center_axis',(-1.,0.,0.));
#10378=DIRECTION('ref_axis',(0.,-0.984457903736631,-0.175620715664406));
#10379=DIRECTION('',(0.,-0.999999999999685,7.93285718647989E-7));
#10380=DIRECTION('',(0.,0.,-1.));
#10381=DIRECTION('',(0.,-0.707019446310619,0.707194105277063));
#10382=DIRECTION('',(0.,1.,0.));
#10383=DIRECTION('center_axis',(0.,-1.,0.));
#10384=DIRECTION('ref_axis',(0.,0.,-1.));
#10385=DIRECTION('',(0.,0.707019446310619,0.707194105277063));
#10386=DIRECTION('center_axis',(0.,1.,0.));
#10387=DIRECTION('ref_axis',(-0.0224719101123611,0.,-0.999747474743448));
#10388=DIRECTION('center_axis',(-1.,0.,0.));
#10389=DIRECTION('ref_axis',(0.,0.,-1.));
#10390=DIRECTION('',(0.,0.,-1.));
#10391=DIRECTION('',(0.,1.,0.));
#10392=DIRECTION('center_axis',(-1.,0.,0.));
#10393=DIRECTION('ref_axis',(0.,-0.999505292405115,-0.0314510803338405));
#10394=DIRECTION('',(0.,0.,-1.));
#10395=DIRECTION('',(0.,-1.,0.));
#10396=DIRECTION('center_axis',(-1.,0.,0.));
#10397=DIRECTION('ref_axis',(0.,-0.987500091359791,0.157618430281499));
#10398=DIRECTION('center_axis',(-1.,0.,0.));
#10399=DIRECTION('ref_axis',(0.,0.,-1.));
#10400=DIRECTION('center_axis',(0.,0.999777828843194,0.0210782578404588));
#10401=DIRECTION('ref_axis',(-0.0223248180973574,0.0210730045102768,-0.99952865440558));
#10402=DIRECTION('center_axis',(-1.,0.,0.));
#10403=DIRECTION('ref_axis',(0.,-0.999505292405115,-0.0314510803338405));
#10404=DIRECTION('center_axis',(-1.,0.,0.));
#10405=DIRECTION('ref_axis',(0.,0.,-1.));
#10406=DIRECTION('',(0.,0.,-1.));
#10407=DIRECTION('center_axis',(-1.,0.,0.));
#10408=DIRECTION('ref_axis',(0.,-0.987500091359791,0.157618430281499));
#10409=DIRECTION('',(0.,-0.99999999999986,-5.29181647758979E-7));
#10410=DIRECTION('',(0.,0.,-1.));
#10411=DIRECTION('',(0.,-0.707019446310619,-0.707194105277063));
#10412=DIRECTION('',(0.,1.,0.));
#10413=DIRECTION('center_axis',(0.,-1.,0.));
#10414=DIRECTION('ref_axis',(0.,0.,-1.));
#10415=DIRECTION('center_axis',(0.,1.,0.));
#10416=DIRECTION('ref_axis',(0.0224719101123611,0.,0.999747474743448));
#10417=DIRECTION('',(0.,0.707019446310619,-0.707194105277063));
#10418=DIRECTION('center_axis',(-1.,0.,0.));
#10419=DIRECTION('ref_axis',(0.,0.,-1.));
#10420=DIRECTION('',(0.,0.,1.));
#10421=DIRECTION('',(0.,1.,0.));
#10422=DIRECTION('',(0.,0.,-1.));
#10423=DIRECTION('',(0.,-0.999999999999685,7.93285928897289E-7));
#10424=DIRECTION('center_axis',(-1.,0.,0.));
#10425=DIRECTION('ref_axis',(0.,-0.984457903736631,-0.175620715664406));
#10426=DIRECTION('center_axis',(0.,1.,0.));
#10427=DIRECTION('ref_axis',(-1.,0.,0.));
#10428=DIRECTION('center_axis',(0.,1.,0.));
#10429=DIRECTION('ref_axis',(-1.,0.,0.));
#10430=DIRECTION('center_axis',(0.,1.,0.));
#10431=DIRECTION('ref_axis',(-1.,0.,0.));
#10432=DIRECTION('center_axis',(0.,1.,0.));
#10433=DIRECTION('ref_axis',(-1.,0.,0.));
#10434=DIRECTION('center_axis',(0.,1.,0.));
#10435=DIRECTION('ref_axis',(-1.,0.,0.));
#10436=DIRECTION('center_axis',(0.,1.,0.));
#10437=DIRECTION('ref_axis',(-1.,0.,0.));
#10438=DIRECTION('center_axis',(0.,1.,0.));
#10439=DIRECTION('ref_axis',(-1.,0.,0.));
#10440=DIRECTION('center_axis',(0.,1.,0.));
#10441=DIRECTION('ref_axis',(-0.0223198594024592,0.,0.999750880907966));
#10442=DIRECTION('center_axis',(0.,1.,0.));
#10443=DIRECTION('ref_axis',(0.,0.,1.));
#10444=DIRECTION('',(-1.,0.,0.));
#10445=DIRECTION('center_axis',(-1.,0.,0.));
#10446=DIRECTION('ref_axis',(0.,0.,-1.));
#10447=DIRECTION('center_axis',(0.,-1.,0.));
#10448=DIRECTION('ref_axis',(0.,0.,-1.));
#10449=DIRECTION('center_axis',(0.,-1.,0.));
#10450=DIRECTION('ref_axis',(-0.0315457413249197,0.,0.999502309254091));
#10451=DIRECTION('',(0.,-1.,0.));
#10452=DIRECTION('center_axis',(0.,-1.,0.));
#10453=DIRECTION('ref_axis',(0.,0.,-1.));
#10454=DIRECTION('center_axis',(0.,-1.,0.));
#10455=DIRECTION('ref_axis',(0.0315457413249197,0.,-0.999502309254091));
#10456=DIRECTION('center_axis',(0.,1.,0.));
#10457=DIRECTION('ref_axis',(0.,0.,-1.));
#10458=DIRECTION('center_axis',(0.,-1.,0.));
#10459=DIRECTION('ref_axis',(0.,0.,-1.));
#10460=DIRECTION('center_axis',(0.,-1.,0.));
#10461=DIRECTION('ref_axis',(0.,0.,-1.));
#10462=DIRECTION('center_axis',(0.,-1.,0.));
#10463=DIRECTION('ref_axis',(0.,0.,-1.));
#10464=DIRECTION('center_axis',(0.,1.,0.));
#10465=DIRECTION('ref_axis',(0.,0.,1.));
#10466=DIRECTION('center_axis',(0.,1.,0.));
#10467=DIRECTION('ref_axis',(0.0223198594024592,0.,-0.999750880907966));
#10468=DIRECTION('',(-1.,0.,0.));
#10469=DIRECTION('center_axis',(0.,1.,0.));
#10470=DIRECTION('ref_axis',(-1.,0.,0.));
#10471=DIRECTION('center_axis',(-1.,0.,0.));
#10472=DIRECTION('ref_axis',(0.,0.,-1.));
#10473=DIRECTION('center_axis',(0.,1.,0.));
#10474=DIRECTION('ref_axis',(0.,0.,-1.));
#10475=DIRECTION('center_axis',(0.,-1.,0.));
#10476=DIRECTION('ref_axis',(0.,0.,-1.));
#10477=DIRECTION('center_axis',(0.,-1.,0.));
#10478=DIRECTION('ref_axis',(0.,0.,-1.));
#10479=DIRECTION('center_axis',(0.,-1.,0.));
#10480=DIRECTION('ref_axis',(0.,0.,-1.));
#10481=DIRECTION('center_axis',(0.,1.,0.));
#10482=DIRECTION('ref_axis',(0.,0.,1.));
#10483=DIRECTION('center_axis',(0.,1.,0.));
#10484=DIRECTION('ref_axis',(0.,0.,1.));
#10485=DIRECTION('center_axis',(0.,1.,0.));
#10486=DIRECTION('ref_axis',(0.,0.,1.));
#10487=DIRECTION('center_axis',(0.,-1.,0.));
#10488=DIRECTION('ref_axis',(0.,0.,-1.));
#10489=DIRECTION('',(-8.65956056235493E-17,0.707106781186548,-0.707106781186548));
#10490=DIRECTION('center_axis',(0.,-1.,0.));
#10491=DIRECTION('ref_axis',(0.,0.,-1.));
#10492=DIRECTION('center_axis',(0.,1.,0.));
#10493=DIRECTION('ref_axis',(0.,0.,1.));
#10494=DIRECTION('center_axis',(0.,-1.,0.));
#10495=DIRECTION('ref_axis',(0.,0.,-1.));
#10496=DIRECTION('',(-8.65956056235493E-17,0.707106781186548,-0.707106781186548));
#10497=DIRECTION('center_axis',(0.,-1.,0.));
#10498=DIRECTION('ref_axis',(0.,0.,-1.));
#10499=DIRECTION('center_axis',(0.,1.,0.));
#10500=DIRECTION('ref_axis',(0.,0.,1.));
#10501=DIRECTION('center_axis',(0.,-1.,0.));
#10502=DIRECTION('ref_axis',(0.,0.,-1.));
#10503=DIRECTION('',(-8.65956056235493E-17,0.707106781186548,-0.707106781186548));
#10504=DIRECTION('center_axis',(0.,-1.,0.));
#10505=DIRECTION('ref_axis',(0.,0.,-1.));
#10506=DIRECTION('center_axis',(0.,1.,0.));
#10507=DIRECTION('ref_axis',(0.,0.,1.));
#10508=DIRECTION('center_axis',(0.,-1.,0.));
#10509=DIRECTION('ref_axis',(0.,0.,-1.));
#10510=DIRECTION('',(-8.65956056235493E-17,0.707106781186548,-0.707106781186548));
#10511=DIRECTION('center_axis',(0.,-1.,0.));
#10512=DIRECTION('ref_axis',(0.,0.,-1.));
#10513=DIRECTION('center_axis',(0.,1.,0.));
#10514=DIRECTION('ref_axis',(0.,0.,1.));
#10515=DIRECTION('center_axis',(0.,-1.,0.));
#10516=DIRECTION('ref_axis',(0.,0.,-1.));
#10517=DIRECTION('',(-8.65956056235493E-17,0.707106781186548,-0.707106781186548));
#10518=DIRECTION('center_axis',(0.,-1.,0.));
#10519=DIRECTION('ref_axis',(0.,0.,-1.));
#10520=DIRECTION('center_axis',(0.,1.,0.));
#10521=DIRECTION('ref_axis',(0.,0.,1.));
#10522=DIRECTION('center_axis',(0.,-1.,0.));
#10523=DIRECTION('ref_axis',(0.,0.,-1.));
#10524=DIRECTION('',(-8.65956056235493E-17,0.707106781186548,-0.707106781186548));
#10525=DIRECTION('center_axis',(0.,-1.,0.));
#10526=DIRECTION('ref_axis',(0.,0.,-1.));
#10527=DIRECTION('center_axis',(0.,-1.,0.));
#10528=DIRECTION('ref_axis',(0.,0.,-1.));
#10529=DIRECTION('',(1.15079156022785E-16,0.342020143325669,-0.939692620785908));
#10530=DIRECTION('center_axis',(0.,1.,0.));
#10531=DIRECTION('ref_axis',(0.,0.,1.));
#10532=DIRECTION('center_axis',(0.,1.,0.));
#10533=DIRECTION('ref_axis',(0.,0.,1.));
#10534=DIRECTION('center_axis',(0.,-1.,0.));
#10535=DIRECTION('ref_axis',(0.,0.,-1.));
#10536=DIRECTION('',(0.,-1.,0.));
#10537=DIRECTION('center_axis',(0.,-1.,0.));
#10538=DIRECTION('ref_axis',(0.,0.,-1.));
#10539=DIRECTION('center_axis',(0.,-1.,0.));
#10540=DIRECTION('ref_axis',(0.,0.,-1.));
#10541=DIRECTION('',(0.,-1.,0.));
#10542=DIRECTION('center_axis',(0.,-1.,0.));
#10543=DIRECTION('ref_axis',(0.,0.,-1.));
#10544=DIRECTION('center_axis',(0.,-1.,0.));
#10545=DIRECTION('ref_axis',(0.,0.,-1.));
#10546=DIRECTION('',(0.,-1.,0.));
#10547=DIRECTION('center_axis',(0.,-1.,0.));
#10548=DIRECTION('ref_axis',(0.,0.,-1.));
#10549=DIRECTION('center_axis',(0.,-1.,0.));
#10550=DIRECTION('ref_axis',(0.,0.,-1.));
#10551=DIRECTION('',(0.,-1.,0.));
#10552=DIRECTION('center_axis',(0.,-1.,0.));
#10553=DIRECTION('ref_axis',(0.,0.,-1.));
#10554=DIRECTION('center_axis',(0.,-1.,0.));
#10555=DIRECTION('ref_axis',(0.,0.,-1.));
#10556=DIRECTION('',(0.,-1.,0.));
#10557=DIRECTION('center_axis',(0.,-1.,0.));
#10558=DIRECTION('ref_axis',(0.,0.,-1.));
#10559=DIRECTION('center_axis',(0.,-1.,0.));
#10560=DIRECTION('ref_axis',(0.,0.,-1.));
#10561=DIRECTION('',(0.,-1.,0.));
#10562=DIRECTION('center_axis',(0.,-1.,0.));
#10563=DIRECTION('ref_axis',(0.,0.,-1.));
#10564=DIRECTION('center_axis',(0.,1.,0.));
#10565=DIRECTION('ref_axis',(0.,0.,1.));
#10566=DIRECTION('center_axis',(0.,-1.,0.));
#10567=DIRECTION('ref_axis',(0.,0.,1.));
#10568=DIRECTION('',(-1.0673500138323E-17,0.996194698091746,-0.0871557427476582));
#10569=DIRECTION('center_axis',(0.,1.,0.));
#10570=DIRECTION('ref_axis',(0.,0.,1.));
#10571=DIRECTION('center_axis',(0.,1.,0.));
#10572=DIRECTION('ref_axis',(0.,0.,1.));
#10573=DIRECTION('center_axis',(0.,1.,0.));
#10574=DIRECTION('ref_axis',(0.,0.,1.));
#10575=DIRECTION('center_axis',(0.,1.,0.));
#10576=DIRECTION('ref_axis',(0.,0.,1.));
#10577=DIRECTION('center_axis',(0.,1.,0.));
#10578=DIRECTION('ref_axis',(0.,0.,1.));
#10579=DIRECTION('center_axis',(0.,1.,0.));
#10580=DIRECTION('ref_axis',(0.,0.,1.));
#10581=DIRECTION('center_axis',(0.,1.,0.));
#10582=DIRECTION('ref_axis',(0.,0.,1.));
#10583=DIRECTION('center_axis',(1.,0.,0.));
#10584=DIRECTION('ref_axis',(0.,-1.,0.));
#10585=DIRECTION('',(0.,-1.,0.));
#10586=DIRECTION('',(0.,0.,1.));
#10587=DIRECTION('',(0.,-1.,0.));
#10588=DIRECTION('',(0.,0.,1.));
#10589=DIRECTION('center_axis',(0.,0.,1.));
#10590=DIRECTION('ref_axis',(0.,-1.,0.));
#10591=DIRECTION('',(0.,-1.,0.));
#10592=DIRECTION('',(-1.,-1.894780628695E-14,1.894780628695E-14));
#10593=DIRECTION('',(-1.,0.,1.627938642335E-14));
#10594=DIRECTION('center_axis',(0.,0.,1.));
#10595=DIRECTION('ref_axis',(0.959021492054397,-0.283333333333299,0.));
#10596=DIRECTION('center_axis',(0.,0.,-1.));
#10597=DIRECTION('ref_axis',(1.,0.,0.));
#10598=DIRECTION('center_axis',(0.,0.,1.));
#10599=DIRECTION('ref_axis',(0.,1.,0.));
#10600=DIRECTION('',(0.,0.,1.));
#10601=DIRECTION('center_axis',(0.,0.,1.));
#10602=DIRECTION('ref_axis',(0.,1.,0.));
#10603=DIRECTION('center_axis',(0.,0.,1.));
#10604=DIRECTION('ref_axis',(0.,-1.,0.));
#10605=DIRECTION('',(0.,-1.,0.));
#10606=DIRECTION('center_axis',(0.,0.,1.));
#10607=DIRECTION('ref_axis',(0.959021492054397,-0.283333333333299,0.));
#10608=DIRECTION('',(-1.,0.,-1.627938642334E-14));
#10609=DIRECTION('',(-1.,-1.894780628693E-14,-1.894780628693E-14));
#10610=DIRECTION('center_axis',(0.,0.,-1.));
#10611=DIRECTION('ref_axis',(1.,0.,0.));
#10612=DIRECTION('center_axis',(0.,0.,-1.));
#10613=DIRECTION('ref_axis',(1.,0.,0.));
#10614=DIRECTION('center_axis',(0.,0.,-1.));
#10615=DIRECTION('ref_axis',(1.,0.,0.));
#10616=DIRECTION('',(0.,0.,1.));
#10617=DIRECTION('center_axis',(0.,0.,1.));
#10618=DIRECTION('ref_axis',(0.,-1.,0.));
#10619=DIRECTION('center_axis',(0.,0.,1.));
#10620=DIRECTION('ref_axis',(0.283333333333207,-0.959021492054424,0.));
#10621=DIRECTION('',(0.,1.,1.627938642334E-14));
#10622=DIRECTION('center_axis',(0.,0.,1.));
#10623=DIRECTION('ref_axis',(-1.,0.,0.));
#10624=DIRECTION('',(-1.,0.,0.));
#10625=DIRECTION('',(0.,1.,1.894780628694E-14));
#10626=DIRECTION('',(0.,1.,0.));
#10627=DIRECTION('center_axis',(0.,0.,-1.));
#10628=DIRECTION('ref_axis',(-1.,0.,0.));
#10629=DIRECTION('center_axis',(0.,0.,1.));
#10630=DIRECTION('ref_axis',(-1.,0.,0.));
#10631=DIRECTION('',(-1.,0.,0.));
#10632=DIRECTION('center_axis',(0.,0.,-1.));
#10633=DIRECTION('ref_axis',(-1.,0.,0.));
#10634=DIRECTION('',(0.,1.,0.));
#10635=DIRECTION('',(0.,1.,-3.789561257387E-14));
#10636=DIRECTION('center_axis',(0.,0.,1.));
#10637=DIRECTION('ref_axis',(0.,-1.,0.));
#10638=DIRECTION('center_axis',(0.,0.,1.));
#10639=DIRECTION('ref_axis',(0.283333333333391,-0.95902149205437,0.));
#10640=DIRECTION('',(0.,1.,-1.627938642334E-14));
#10641=DIRECTION('center_axis',(1.,0.,0.));
#10642=DIRECTION('ref_axis',(0.,-1.,0.));
#10643=DIRECTION('',(0.,0.,1.));
#10644=DIRECTION('',(0.,-1.,0.));
#10645=DIRECTION('',(0.,0.,-1.));
#10646=DIRECTION('center_axis',(0.,0.,1.));
#10647=DIRECTION('ref_axis',(1.,0.,0.));
#10648=DIRECTION('center_axis',(0.,0.,1.));
#10649=DIRECTION('ref_axis',(0.,-1.,0.));
#10650=DIRECTION('',(0.,0.,1.));
#10651=DIRECTION('center_axis',(0.,0.,-1.));
#10652=DIRECTION('ref_axis',(1.,0.,0.));
#10653=DIRECTION('center_axis',(0.,-1.,0.));
#10654=DIRECTION('ref_axis',(-1.,0.,0.));
#10655=DIRECTION('',(0.,0.,-1.));
#10656=DIRECTION('',(-1.,0.,0.));
#10657=DIRECTION('',(-1.,0.,0.));
#10658=DIRECTION('center_axis',(0.,0.,1.));
#10659=DIRECTION('ref_axis',(-1.,0.,0.));
#10660=DIRECTION('',(-1.,0.,0.));
#10661=DIRECTION('',(1.,0.,0.));
#10662=DIRECTION('center_axis',(0.,0.,1.));
#10663=DIRECTION('ref_axis',(0.,-1.,0.));
#10664=DIRECTION('',(0.,1.,1.627938642334E-14));
#10665=DIRECTION('center_axis',(0.,0.,1.));
#10666=DIRECTION('ref_axis',(-1.,0.,0.));
#10667=DIRECTION('',(-1.,0.,0.));
#10668=DIRECTION('',(0.,1.,-1.627938642334E-14));
#10669=DIRECTION('center_axis',(0.,0.,1.));
#10670=DIRECTION('ref_axis',(0.,-1.,0.));
#10671=DIRECTION('',(1.,0.,0.));
#10672=DIRECTION('center_axis',(1.,0.,0.));
#10673=DIRECTION('ref_axis',(0.,-1.,0.));
#10674=DIRECTION('',(0.,0.,-1.));
#10675=DIRECTION('',(0.,-1.,0.));
#10676=DIRECTION('',(0.,0.,1.));
#10677=DIRECTION('center_axis',(0.,0.,1.));
#10678=DIRECTION('ref_axis',(1.,0.,0.));
#10679=DIRECTION('center_axis',(0.,0.,1.));
#10680=DIRECTION('ref_axis',(0.,-1.,0.));
#10681=DIRECTION('center_axis',(0.,0.,1.));
#10682=DIRECTION('ref_axis',(0.,-1.,0.));
#10683=DIRECTION('',(0.,0.,1.));
#10684=DIRECTION('center_axis',(0.,-1.,0.));
#10685=DIRECTION('ref_axis',(-1.,0.,0.));
#10686=DIRECTION('',(-1.,0.,0.));
#10687=DIRECTION('',(-1.,0.,0.));
#10688=DIRECTION('',(0.,0.,1.));
#10689=DIRECTION('center_axis',(0.,0.,1.));
#10690=DIRECTION('ref_axis',(-1.,0.,0.));
#10691=DIRECTION('',(-1.,0.,0.));
#10692=DIRECTION('',(0.,1.,1.627938642334E-14));
#10693=DIRECTION('center_axis',(0.,0.,1.));
#10694=DIRECTION('ref_axis',(-0.283333333333207,-0.959021492054424,0.));
#10695=DIRECTION('center_axis',(0.,0.,1.));
#10696=DIRECTION('ref_axis',(-1.,0.,0.));
#10697=DIRECTION('',(-1.,0.,0.));
#10698=DIRECTION('center_axis',(0.,0.,1.));
#10699=DIRECTION('ref_axis',(-0.283333333333391,-0.95902149205437,0.));
#10700=DIRECTION('',(0.,1.,-1.627938642334E-14));
#10701=DIRECTION('center_axis',(0.,-1.,0.));
#10702=DIRECTION('ref_axis',(-1.,0.,0.));
#10703=DIRECTION('',(0.,0.,-1.));
#10704=DIRECTION('',(-1.,0.,0.));
#10705=DIRECTION('',(0.,0.,1.));
#10706=DIRECTION('center_axis',(0.,0.,-1.));
#10707=DIRECTION('ref_axis',(0.,1.,0.));
#10708=DIRECTION('center_axis',(0.,0.,1.));
#10709=DIRECTION('ref_axis',(0.,1.,0.));
#10710=DIRECTION('center_axis',(0.,-1.,0.));
#10711=DIRECTION('ref_axis',(-1.,0.,0.));
#10712=DIRECTION('',(0.,0.,1.));
#10713=DIRECTION('',(-1.,0.,0.));
#10714=DIRECTION('',(0.,0.,-1.));
#10715=DIRECTION('center_axis',(0.,0.,-1.));
#10716=DIRECTION('ref_axis',(0.,1.,0.));
#10717=DIRECTION('center_axis',(0.,0.,-1.));
#10718=DIRECTION('ref_axis',(-1.,0.,0.));
#10719=DIRECTION('center_axis',(0.,0.,-1.));
#10720=DIRECTION('ref_axis',(1.,0.,0.));
#10721=DIRECTION('',(-1.,0.,0.));
#10722=DIRECTION('center_axis',(0.,0.,-1.));
#10723=DIRECTION('ref_axis',(0.,-1.,0.));
#10724=DIRECTION('',(0.,1.,0.));
#10725=DIRECTION('center_axis',(0.,0.,-1.));
#10726=DIRECTION('ref_axis',(-1.,0.,0.));
#10727=DIRECTION('',(1.,0.,0.));
#10728=DIRECTION('center_axis',(0.,0.,-1.));
#10729=DIRECTION('ref_axis',(0.,1.,0.));
#10730=DIRECTION('',(0.,-1.,0.));
#10731=DIRECTION('center_axis',(0.,0.,-1.));
#10732=DIRECTION('ref_axis',(1.,0.,0.));
#10733=DIRECTION('',(-1.,0.,0.));
#10734=DIRECTION('center_axis',(0.,0.,-1.));
#10735=DIRECTION('ref_axis',(0.,-1.,0.));
#10736=DIRECTION('',(0.,1.,0.));
#10737=DIRECTION('center_axis',(0.,0.,1.));
#10738=DIRECTION('ref_axis',(1.,0.,0.));
#10739=DIRECTION('center_axis',(0.,-1.,0.));
#10740=DIRECTION('ref_axis',(-1.,0.,0.));
#10741=DIRECTION('',(0.,0.,1.));
#10742=DIRECTION('center_axis',(-1.,0.,0.));
#10743=DIRECTION('ref_axis',(0.,-1.,0.));
#10744=DIRECTION('',(0.,1.,0.));
#10745=DIRECTION('',(0.,0.,1.));
#10746=DIRECTION('',(0.,1.,0.));
#10747=DIRECTION('',(-9.838284033603E-14,-1.,2.186285340801E-14));
#10748=DIRECTION('',(0.,0.,1.));
#10749=DIRECTION('',(0.,0.,1.));
#10750=DIRECTION('',(-9.838284033603E-14,-1.,0.));
#10751=DIRECTION('center_axis',(0.,1.,0.));
#10752=DIRECTION('ref_axis',(-1.,0.,0.));
#10753=DIRECTION('',(0.,0.,-1.));
#10754=DIRECTION('',(-1.,0.,0.));
#10755=DIRECTION('',(0.,0.,1.));
#10756=DIRECTION('',(-1.,0.,0.));
#10757=DIRECTION('center_axis',(0.,0.,1.));
#10758=DIRECTION('ref_axis',(1.,0.,0.));
#10759=DIRECTION('',(0.,0.,1.));
#10760=DIRECTION('center_axis',(0.,0.,1.));
#10761=DIRECTION('ref_axis',(0.959021492054397,-0.283333333333299,0.));
#10762=DIRECTION('center_axis',(0.,0.,1.));
#10763=DIRECTION('ref_axis',(0.283333333333207,-0.959021492054424,0.));
#10764=DIRECTION('center_axis',(0.,0.,1.));
#10765=DIRECTION('ref_axis',(0.,-1.,0.));
#10766=DIRECTION('center_axis',(0.,0.,-1.));
#10767=DIRECTION('ref_axis',(1.,0.,0.));
#10768=DIRECTION('',(-1.,0.,1.627938642335E-14));
#10769=DIRECTION('center_axis',(0.,0.,-1.));
#10770=DIRECTION('ref_axis',(1.,0.,0.));
#10771=DIRECTION('',(0.,0.,1.));
#10772=DIRECTION('center_axis',(0.,0.,-1.));
#10773=DIRECTION('ref_axis',(1.,0.,0.));
#10774=DIRECTION('center_axis',(0.,0.,1.));
#10775=DIRECTION('ref_axis',(0.,-1.,0.));
#10776=DIRECTION('',(-1.,0.,-1.627938642334E-14));
#10777=DIRECTION('center_axis',(0.,0.,1.));
#10778=DIRECTION('ref_axis',(0.283333333333391,-0.95902149205437,0.));
#10779=DIRECTION('center_axis',(0.,0.,1.));
#10780=DIRECTION('ref_axis',(1.,0.,0.));
#10781=DIRECTION('center_axis',(0.,0.,1.));
#10782=DIRECTION('ref_axis',(0.959021492054397,-0.283333333333299,0.));
#10783=DIRECTION('',(0.,0.,1.));
#10784=DIRECTION('center_axis',(0.,0.,1.));
#10785=DIRECTION('ref_axis',(0.,-1.,0.));
#10786=DIRECTION('center_axis',(0.,0.,-1.));
#10787=DIRECTION('ref_axis',(1.,0.,0.));
#10788=DIRECTION('',(0.,1.,0.));
#10789=DIRECTION('center_axis',(0.,0.,1.));
#10790=DIRECTION('ref_axis',(-1.,0.,0.));
#10791=DIRECTION('',(-1.,0.,0.));
#10792=DIRECTION('',(0.,-1.,0.));
#10793=DIRECTION('center_axis',(0.,0.,1.));
#10794=DIRECTION('ref_axis',(1.,0.,0.));
#10795=DIRECTION('',(1.,0.,0.));
#10796=DIRECTION('center_axis',(0.,0.,1.));
#10797=DIRECTION('ref_axis',(0.,1.,0.));
#10798=DIRECTION('',(0.,1.,0.));
#10799=DIRECTION('center_axis',(0.,0.,1.));
#10800=DIRECTION('ref_axis',(-1.,0.,0.));
#10801=DIRECTION('',(-1.,0.,0.));
#10802=DIRECTION('center_axis',(0.,0.,-1.));
#10803=DIRECTION('ref_axis',(0.,1.,0.));
#10804=DIRECTION('center_axis',(0.,0.,1.));
#10805=DIRECTION('ref_axis',(0.,1.,0.));
#10806=DIRECTION('',(-1.,0.,0.));
#10807=DIRECTION('center_axis',(0.,0.,1.));
#10808=DIRECTION('ref_axis',(1.,0.,0.));
#10809=DIRECTION('',(0.,1.,0.));
#10810=DIRECTION('center_axis',(0.,0.,1.));
#10811=DIRECTION('ref_axis',(0.,-1.,0.));
#10812=DIRECTION('',(1.,0.,0.));
#10813=DIRECTION('center_axis',(0.,0.,1.));
#10814=DIRECTION('ref_axis',(-1.,0.,0.));
#10815=DIRECTION('',(0.,-1.,0.));
#10816=DIRECTION('center_axis',(0.,0.,-1.));
#10817=DIRECTION('ref_axis',(-1.,0.,0.));
#10818=DIRECTION('center_axis',(0.,0.,1.));
#10819=DIRECTION('ref_axis',(0.500000000000017,-0.866025403784429,0.));
#10820=DIRECTION('center_axis',(0.,0.,1.));
#10821=DIRECTION('ref_axis',(0.500000000000017,-0.866025403784429,0.));
#10822=DIRECTION('center_axis',(0.,0.,1.));
#10823=DIRECTION('ref_axis',(0.500000000000017,-0.866025403784429,0.));
#10824=DIRECTION('center_axis',(0.,0.,1.));
#10825=DIRECTION('ref_axis',(0.500000000000017,-0.866025403784429,0.));
#10826=DIRECTION('center_axis',(0.,0.,1.));
#10827=DIRECTION('ref_axis',(0.500000000000017,-0.866025403784429,0.));
#10828=DIRECTION('center_axis',(0.,0.,1.));
#10829=DIRECTION('ref_axis',(0.500000000000017,-0.866025403784429,0.));
#10830=DIRECTION('center_axis',(0.,-1.,0.));
#10831=DIRECTION('ref_axis',(-1.,0.,0.));
#10832=DIRECTION('',(0.,0.,1.));
#10833=DIRECTION('center_axis',(0.,0.,-1.));
#10834=DIRECTION('ref_axis',(1.,0.,0.));
#10835=DIRECTION('center_axis',(0.,0.,-1.));
#10836=DIRECTION('ref_axis',(0.,-1.,0.));
#10837=DIRECTION('center_axis',(0.,0.,-1.));
#10838=DIRECTION('ref_axis',(0.,-1.,0.));
#10839=DIRECTION('',(0.,0.,1.));
#10840=DIRECTION('center_axis',(0.,0.,1.));
#10841=DIRECTION('ref_axis',(-1.,0.,0.));
#10842=DIRECTION('center_axis',(0.,0.,1.));
#10843=DIRECTION('ref_axis',(-0.959021492054397,-0.283333333333299,0.));
#10844=DIRECTION('',(1.,0.,1.627938642335E-14));
#10845=DIRECTION('center_axis',(0.,0.,1.));
#10846=DIRECTION('ref_axis',(-1.,0.,0.));
#10847=DIRECTION('center_axis',(0.,0.,1.));
#10848=DIRECTION('ref_axis',(-0.959021492054397,-0.283333333333299,0.));
#10849=DIRECTION('',(1.,0.,-1.627938642334E-14));
#10850=DIRECTION('center_axis',(0.,0.,1.));
#10851=DIRECTION('ref_axis',(0.,-1.,0.));
#10852=DIRECTION('center_axis',(0.,0.,1.));
#10853=DIRECTION('ref_axis',(-1.,0.,0.));
#10854=DIRECTION('',(0.,0.,1.));
#10855=DIRECTION('center_axis',(0.,0.,1.));
#10856=DIRECTION('ref_axis',(0.,-1.,0.));
#10857=DIRECTION('center_axis',(0.,0.,1.));
#10858=DIRECTION('ref_axis',(-1.,0.,0.));
#10859=DIRECTION('',(0.,0.,1.));
#10860=DIRECTION('center_axis',(0.,-1.,0.));
#10861=DIRECTION('ref_axis',(-1.,0.,0.));
#10862=DIRECTION('',(-1.,0.,0.));
#10863=DIRECTION('',(0.,0.,1.));
#10864=DIRECTION('',(0.,0.,-1.));
#10865=DIRECTION('',(1.,0.,0.));
#10866=DIRECTION('center_axis',(0.,0.,1.));
#10867=DIRECTION('ref_axis',(0.,-1.,0.));
#10868=DIRECTION('center_axis',(0.,0.,1.));
#10869=DIRECTION('ref_axis',(-1.,0.,0.));
#10870=DIRECTION('',(0.,0.,1.));
#10871=DIRECTION('center_axis',(0.,0.,1.));
#10872=DIRECTION('ref_axis',(-0.283333333333207,-0.959021492054424,0.));
#10873=DIRECTION('center_axis',(0.,0.,1.));
#10874=DIRECTION('ref_axis',(-0.959021492054397,-0.283333333333299,0.));
#10875=DIRECTION('center_axis',(-1.,0.,0.));
#10876=DIRECTION('ref_axis',(0.,1.,0.));
#10877=DIRECTION('',(0.,1.,0.));
#10878=DIRECTION('',(0.,0.,1.));
#10879=DIRECTION('center_axis',(0.,0.,1.));
#10880=DIRECTION('ref_axis',(-1.,0.,0.));
#10881=DIRECTION('',(0.,0.,1.));
#10882=DIRECTION('',(0.,0.,1.));
#10883=DIRECTION('center_axis',(0.,0.,1.));
#10884=DIRECTION('ref_axis',(0.,1.,0.));
#10885=DIRECTION('center_axis',(0.,-1.,0.));
#10886=DIRECTION('ref_axis',(0.,0.,1.));
#10887=DIRECTION('',(-1.,0.,0.));
#10888=DIRECTION('',(0.,0.,1.));
#10889=DIRECTION('center_axis',(0.,0.,1.));
#10890=DIRECTION('ref_axis',(0.,1.,0.));
#10891=DIRECTION('',(0.,0.,1.));
#10892=DIRECTION('center_axis',(0.,0.,1.));
#10893=DIRECTION('ref_axis',(1.,0.,0.));
#10894=DIRECTION('',(0.,0.,1.));
#10895=DIRECTION('center_axis',(1.,0.,0.));
#10896=DIRECTION('ref_axis',(0.,-1.,0.));
#10897=DIRECTION('',(0.,-1.,0.));
#10898=DIRECTION('center_axis',(-1.,0.,0.));
#10899=DIRECTION('ref_axis',(0.,1.,0.));
#10900=DIRECTION('',(0.,-1.,0.));
#10901=DIRECTION('',(0.,1.,0.));
#10902=DIRECTION('',(0.,0.,-1.));
#10903=DIRECTION('center_axis',(0.,0.,-1.));
#10904=DIRECTION('ref_axis',(1.,0.,0.));
#10905=DIRECTION('center_axis',(0.,0.,-1.));
#10906=DIRECTION('ref_axis',(0.,1.,0.));
#10907=DIRECTION('center_axis',(0.,0.,1.));
#10908=DIRECTION('ref_axis',(-1.,0.,0.));
#10909=DIRECTION('',(-1.,0.,0.));
#10910=DIRECTION('center_axis',(0.,0.,1.));
#10911=DIRECTION('ref_axis',(-0.998321386564374,-0.0579172610556285,0.));
#10912=DIRECTION('',(-1.,0.,0.));
#10913=DIRECTION('',(0.,1.,0.));
#10914=DIRECTION('center_axis',(0.,0.,1.));
#10915=DIRECTION('ref_axis',(-1.,4.140170271358E-14,0.));
#10916=DIRECTION('',(-1.,0.,0.));
#10917=DIRECTION('center_axis',(0.,0.,1.));
#10918=DIRECTION('ref_axis',(-5.315083456473E-14,-1.,0.));
#10919=DIRECTION('',(1.,0.,0.));
#10920=DIRECTION('center_axis',(0.,0.,1.));
#10921=DIRECTION('ref_axis',(-3.495905218992E-14,1.,0.));
#10922=DIRECTION('',(-1.,0.,0.));
#10923=DIRECTION('center_axis',(0.,0.,1.));
#10924=DIRECTION('ref_axis',(-3.495905218992E-14,-1.,0.));
#10925=DIRECTION('center_axis',(0.,0.,1.));
#10926=DIRECTION('ref_axis',(1.,0.,0.));
#10927=DIRECTION('center_axis',(0.,0.,1.));
#10928=DIRECTION('ref_axis',(-1.,0.,0.));
#10929=DIRECTION('',(0.,0.,1.));
#10930=DIRECTION('center_axis',(0.,0.,1.));
#10931=DIRECTION('ref_axis',(-5.315083456473E-14,-1.,0.));
#10932=DIRECTION('center_axis',(0.,0.,1.));
#10933=DIRECTION('ref_axis',(-1.,0.,0.));
#10934=DIRECTION('',(-1.,0.,0.));
#10935=DIRECTION('center_axis',(0.,0.,1.));
#10936=DIRECTION('ref_axis',(-1.,4.140170271358E-14,0.));
#10937=DIRECTION('',(0.,1.,0.));
#10938=DIRECTION('',(-1.,0.,0.));
#10939=DIRECTION('center_axis',(0.,0.,1.));
#10940=DIRECTION('ref_axis',(-0.998321386564374,-0.0579172610556285,0.));
#10941=DIRECTION('',(-1.,0.,0.));
#10942=DIRECTION('',(1.,0.,0.));
#10943=DIRECTION('center_axis',(0.,0.,1.));
#10944=DIRECTION('ref_axis',(-3.495905218992E-14,-1.,0.));
#10945=DIRECTION('',(-1.,0.,0.));
#10946=DIRECTION('center_axis',(0.,0.,1.));
#10947=DIRECTION('ref_axis',(-3.495905218992E-14,1.,0.));
#10948=DIRECTION('center_axis',(0.,0.,1.));
#10949=DIRECTION('ref_axis',(1.,0.,0.));
#10950=DIRECTION('center_axis',(0.,0.,1.));
#10951=DIRECTION('ref_axis',(-1.,0.,0.));
#10952=DIRECTION('',(-1.,0.,0.));
#10953=DIRECTION('',(0.,1.,0.));
#10954=DIRECTION('center_axis',(0.,0.,1.));
#10955=DIRECTION('ref_axis',(-1.20288730857E-14,-1.,0.));
#10956=DIRECTION('',(1.,0.,0.));
#10957=DIRECTION('center_axis',(0.,0.,1.));
#10958=DIRECTION('ref_axis',(-1.,0.,0.));
#10959=DIRECTION('',(0.,-1.,0.));
#10960=DIRECTION('',(-1.,0.,0.));
#10961=DIRECTION('',(0.,1.,-2.186285340801E-14));
#10962=DIRECTION('',(-1.,0.,0.));
#10963=DIRECTION('',(0.,-1.,0.));
#10964=DIRECTION('center_axis',(0.,0.,1.));
#10965=DIRECTION('ref_axis',(-1.,0.,0.));
#10966=DIRECTION('',(1.,0.,0.));
#10967=DIRECTION('center_axis',(0.,0.,1.));
#10968=DIRECTION('ref_axis',(0.,-1.,0.));
#10969=DIRECTION('',(0.,1.,0.));
#10970=DIRECTION('center_axis',(0.,0.,1.));
#10971=DIRECTION('ref_axis',(-1.,0.,0.));
#10972=DIRECTION('',(-1.,0.,0.));
#10973=DIRECTION('',(0.,1.,0.));
#10974=DIRECTION('center_axis',(0.,0.,1.));
#10975=DIRECTION('ref_axis',(0.,-1.,0.));
#10976=DIRECTION('',(1.,0.,0.));
#10977=DIRECTION('center_axis',(0.,0.,1.));
#10978=DIRECTION('ref_axis',(-1.,0.,0.));
#10979=DIRECTION('',(0.,-1.,0.));
#10980=DIRECTION('',(-1.,0.,0.));
#10981=DIRECTION('',(0.,1.,0.));
#10982=DIRECTION('',(-1.,0.,0.));
#10983=DIRECTION('',(0.,-1.,0.));
#10984=DIRECTION('center_axis',(0.,0.,1.));
#10985=DIRECTION('ref_axis',(-1.,0.,0.));
#10986=DIRECTION('',(1.,0.,0.));
#10987=DIRECTION('center_axis',(0.,0.,1.));
#10988=DIRECTION('ref_axis',(-1.20288730857E-14,-1.,0.));
#10989=DIRECTION('',(0.,1.,0.));
#10990=DIRECTION('center_axis',(0.,1.,0.));
#10991=DIRECTION('ref_axis',(-1.,0.,0.));
#10992=DIRECTION('',(0.,0.,1.));
#10993=DIRECTION('',(-1.,0.,0.));
#10994=DIRECTION('',(0.,0.,1.));
#10995=DIRECTION('center_axis',(0.,1.,0.));
#10996=DIRECTION('ref_axis',(-1.,0.,0.));
#10997=DIRECTION('',(0.,0.,1.));
#10998=DIRECTION('',(-1.,0.,0.));
#10999=DIRECTION('',(0.,0.,1.));
#11000=DIRECTION('center_axis',(1.,0.,0.));
#11001=DIRECTION('ref_axis',(0.,1.,0.));
#11002=DIRECTION('',(0.,0.,1.));
#11003=DIRECTION('center_axis',(0.,0.,1.));
#11004=DIRECTION('ref_axis',(0.,-1.,0.));
#11005=DIRECTION('',(1.,0.,-2.583791766403E-14));
#11006=DIRECTION('',(-1.,0.,-2.030122102172E-14));
#11007=DIRECTION('',(0.,-1.,0.));
#11008=DIRECTION('center_axis',(1.,0.,0.));
#11009=DIRECTION('ref_axis',(0.,-1.,0.));
#11010=DIRECTION('',(0.,0.,1.));
#11011=DIRECTION('',(0.,-1.,0.));
#11012=DIRECTION('',(0.,-1.,0.));
#11013=DIRECTION('',(0.,0.,1.));
#11014=DIRECTION('',(0.,1.,0.));
#11015=DIRECTION('',(0.,0.,-1.));
#11016=DIRECTION('center_axis',(0.,0.,1.));
#11017=DIRECTION('ref_axis',(0.,-1.,0.));
#11018=DIRECTION('',(1.,0.,2.5837917664E-14));
#11019=DIRECTION('center_axis',(0.,0.,1.));
#11020=DIRECTION('ref_axis',(1.,0.,0.));
#11021=DIRECTION('',(0.,-1.,0.));
#11022=DIRECTION('',(-1.,0.,2.030122102171E-14));
#11023=DIRECTION('center_axis',(1.,0.,0.));
#11024=DIRECTION('ref_axis',(0.,-1.,0.));
#11025=DIRECTION('',(0.,0.,1.));
#11026=DIRECTION('center_axis',(-1.,0.,0.));
#11027=DIRECTION('ref_axis',(0.,1.,0.));
#11028=DIRECTION('',(0.,-1.,0.));
#11029=DIRECTION('',(0.,0.,-1.));
#11030=DIRECTION('',(0.,1.,0.));
#11031=DIRECTION('center_axis',(0.,0.,1.));
#11032=DIRECTION('ref_axis',(0.,1.,0.));
#11033=DIRECTION('',(0.,0.,1.));
#11034=DIRECTION('',(0.,0.,1.));
#11035=DIRECTION('center_axis',(0.,-1.,0.));
#11036=DIRECTION('ref_axis',(0.,0.,1.));
#11037=DIRECTION('',(1.,0.,0.));
#11038=DIRECTION('',(0.,0.,1.));
#11039=DIRECTION('center_axis',(0.,0.,1.));
#11040=DIRECTION('ref_axis',(-1.,0.,0.));
#11041=DIRECTION('',(0.,0.,1.));
#11042=DIRECTION('center_axis',(0.,0.,1.));
#11043=DIRECTION('ref_axis',(0.,1.,0.));
#11044=DIRECTION('',(0.,0.,1.));
#11045=DIRECTION('center_axis',(-1.,0.,0.));
#11046=DIRECTION('ref_axis',(0.,1.,0.));
#11047=DIRECTION('',(0.,1.,0.));
#11048=DIRECTION('',(0.,0.,1.));
#11049=DIRECTION('center_axis',(0.,0.,1.));
#11050=DIRECTION('ref_axis',(0.,-1.,0.));
#11051=DIRECTION('center_axis',(0.,0.,1.));
#11052=DIRECTION('ref_axis',(-1.,0.,0.));
#11053=DIRECTION('center_axis',(0.,0.,1.));
#11054=DIRECTION('ref_axis',(-0.959021492054397,-0.283333333333299,0.));
#11055=DIRECTION('center_axis',(0.,0.,1.));
#11056=DIRECTION('ref_axis',(-0.283333333333391,-0.95902149205437,0.));
#11057=DIRECTION('',(0.,0.,1.));
#11058=DIRECTION('center_axis',(0.,-1.,0.));
#11059=DIRECTION('ref_axis',(-1.,0.,0.));
#11060=DIRECTION('',(-1.,0.,0.));
#11061=DIRECTION('',(1.,0.,0.));
#11062=DIRECTION('',(0.,0.,-1.));
#11063=DIRECTION('center_axis',(0.,0.,-1.));
#11064=DIRECTION('ref_axis',(1.,0.,0.));
#11065=DIRECTION('center_axis',(0.,0.,-1.));
#11066=DIRECTION('ref_axis',(0.,1.,0.));
#11067=DIRECTION('center_axis',(0.,0.,1.));
#11068=DIRECTION('ref_axis',(1.,0.,0.));
#11069=DIRECTION('',(0.,0.,1.));
#11070=DIRECTION('center_axis',(0.,0.,1.));
#11071=DIRECTION('ref_axis',(0.,1.,0.));
#11072=DIRECTION('',(0.,0.,1.));
#11073=DIRECTION('center_axis',(0.,1.,0.));
#11074=DIRECTION('ref_axis',(-1.,0.,0.));
#11075=DIRECTION('',(-1.,0.,0.));
#11076=DIRECTION('',(0.,0.,1.));
#11077=DIRECTION('center_axis',(0.,0.,1.));
#11078=DIRECTION('ref_axis',(1.,0.,0.));
#11079=DIRECTION('center_axis',(0.,0.,1.));
#11080=DIRECTION('ref_axis',(1.,0.,0.));
#11081=DIRECTION('',(0.,0.,1.));
#11082=DIRECTION('center_axis',(1.,0.,0.));
#11083=DIRECTION('ref_axis',(0.,1.,0.));
#11084=DIRECTION('',(0.,1.,0.));
#11085=DIRECTION('',(0.,0.,1.));
#11086=DIRECTION('center_axis',(0.,0.,1.));
#11087=DIRECTION('ref_axis',(1.,0.,0.));
#11088=DIRECTION('center_axis',(0.,0.,1.));
#11089=DIRECTION('ref_axis',(0.,-1.,0.));
#11090=DIRECTION('',(0.,0.,1.));
#11091=DIRECTION('center_axis',(0.,-1.,0.));
#11092=DIRECTION('ref_axis',(1.,0.,0.));
#11093=DIRECTION('',(1.,0.,0.));
#11094=DIRECTION('',(0.,0.,1.));
#11095=DIRECTION('center_axis',(0.,0.,1.));
#11096=DIRECTION('ref_axis',(1.,0.,0.));
#11097=DIRECTION('center_axis',(0.,0.,1.));
#11098=DIRECTION('ref_axis',(-1.,0.,0.));
#11099=DIRECTION('',(0.,0.,1.));
#11100=DIRECTION('center_axis',(-1.,0.,0.));
#11101=DIRECTION('ref_axis',(0.,-1.,0.));
#11102=DIRECTION('',(0.,-1.,0.));
#11103=DIRECTION('center_axis',(0.,0.,-1.));
#11104=DIRECTION('ref_axis',(-1.,0.,0.));
#11105=DIRECTION('',(0.,0.,1.));
#11106=DIRECTION('center_axis',(0.,0.,-1.));
#11107=DIRECTION('ref_axis',(-1.,0.,0.));
#11108=DIRECTION('center_axis',(0.,0.,1.));
#11109=DIRECTION('ref_axis',(0.500000000000017,-0.866025403784429,0.));
#11110=DIRECTION('center_axis',(0.,0.,-1.));
#11111=DIRECTION('ref_axis',(-0.500000000000017,0.866025403784429,0.));
#11112=DIRECTION('',(0.255790897839364,-0.443042831171419,-0.859234581665651));
#11113=DIRECTION('center_axis',(0.,0.,-1.));
#11114=DIRECTION('ref_axis',(-0.500000000000017,0.866025403784429,0.));
#11115=DIRECTION('center_axis',(0.,0.,1.));
#11116=DIRECTION('ref_axis',(0.500000000000017,-0.866025403784429,0.));
#11117=DIRECTION('center_axis',(0.,0.,-1.));
#11118=DIRECTION('ref_axis',(-0.500000000000017,0.866025403784429,0.));
#11119=DIRECTION('',(0.255790897839364,-0.443042831171419,-0.859234581665651));
#11120=DIRECTION('center_axis',(0.,0.,-1.));
#11121=DIRECTION('ref_axis',(-0.500000000000017,0.866025403784429,0.));
#11122=DIRECTION('center_axis',(0.,0.,1.));
#11123=DIRECTION('ref_axis',(0.500000000000017,-0.866025403784429,0.));
#11124=DIRECTION('center_axis',(0.,0.,-1.));
#11125=DIRECTION('ref_axis',(-0.500000000000017,0.866025403784429,0.));
#11126=DIRECTION('',(0.255790897839364,-0.443042831171419,-0.859234581665651));
#11127=DIRECTION('center_axis',(0.,0.,-1.));
#11128=DIRECTION('ref_axis',(-0.500000000000017,0.866025403784429,0.));
#11129=DIRECTION('center_axis',(0.,0.,1.));
#11130=DIRECTION('ref_axis',(0.500000000000017,-0.866025403784429,0.));
#11131=DIRECTION('center_axis',(0.,0.,-1.));
#11132=DIRECTION('ref_axis',(-0.500000000000017,0.866025403784429,0.));
#11133=DIRECTION('',(0.255790897839364,-0.443042831171419,-0.859234581665651));
#11134=DIRECTION('center_axis',(0.,0.,-1.));
#11135=DIRECTION('ref_axis',(-0.500000000000017,0.866025403784429,0.));
#11136=DIRECTION('center_axis',(0.,0.,1.));
#11137=DIRECTION('ref_axis',(0.500000000000017,-0.866025403784429,0.));
#11138=DIRECTION('center_axis',(0.,0.,-1.));
#11139=DIRECTION('ref_axis',(-0.500000000000017,0.866025403784429,0.));
#11140=DIRECTION('',(0.255790897839364,-0.443042831171419,-0.859234581665651));
#11141=DIRECTION('center_axis',(0.,0.,-1.));
#11142=DIRECTION('ref_axis',(-0.500000000000017,0.866025403784429,0.));
#11143=DIRECTION('center_axis',(0.,0.,1.));
#11144=DIRECTION('ref_axis',(0.500000000000017,-0.866025403784429,0.));
#11145=DIRECTION('center_axis',(0.,0.,-1.));
#11146=DIRECTION('ref_axis',(-0.500000000000017,0.866025403784429,0.));
#11147=DIRECTION('',(0.255790897839364,-0.443042831171419,-0.859234581665651));
#11148=DIRECTION('center_axis',(0.,0.,-1.));
#11149=DIRECTION('ref_axis',(-0.500000000000017,0.866025403784429,0.));
#11150=DIRECTION('center_axis',(-1.,0.,0.));
#11151=DIRECTION('ref_axis',(0.,1.,0.));
#11152=DIRECTION('',(0.,1.,0.));
#11153=DIRECTION('',(0.,1.,0.));
#11154=DIRECTION('',(0.,0.,1.));
#11155=DIRECTION('center_axis',(0.,0.,1.));
#11156=DIRECTION('ref_axis',(0.,1.,0.));
#11157=DIRECTION('',(1.,-1.894780628695E-14,1.894780628695E-14));
#11158=DIRECTION('center_axis',(0.,0.,1.));
#11159=DIRECTION('ref_axis',(0.,1.,0.));
#11160=DIRECTION('',(1.,-1.894780628693E-14,-3.789561257387E-14));
#11161=DIRECTION('center_axis',(0.,0.,1.));
#11162=DIRECTION('ref_axis',(-1.,0.,0.));
#11163=DIRECTION('',(1.,0.,0.));
#11164=DIRECTION('',(0.,1.,1.627938642334E-14));
#11165=DIRECTION('',(0.,1.,1.894780628694E-14));
#11166=DIRECTION('',(-1.,0.,0.));
#11167=DIRECTION('center_axis',(0.,0.,1.));
#11168=DIRECTION('ref_axis',(0.,1.,0.));
#11169=DIRECTION('center_axis',(0.,0.,1.));
#11170=DIRECTION('ref_axis',(1.,0.,0.));
#11171=DIRECTION('center_axis',(0.,0.,1.));
#11172=DIRECTION('ref_axis',(0.,1.,0.));
#11173=DIRECTION('',(-1.,0.,-2.583791766403E-14));
#11174=DIRECTION('',(1.,0.,1.627938642335E-14));
#11175=DIRECTION('',(0.,1.,0.));
#11176=DIRECTION('',(1.,0.,-2.030122102172E-14));
#11177=DIRECTION('center_axis',(0.,0.,1.));
#11178=DIRECTION('ref_axis',(-1.,0.,0.));
#11179=DIRECTION('center_axis',(0.,0.,-1.));
#11180=DIRECTION('ref_axis',(0.,-1.,0.));
#11181=DIRECTION('center_axis',(0.,1.,0.));
#11182=DIRECTION('ref_axis',(0.,0.,1.));
#11183=DIRECTION('',(0.,0.,1.));
#11184=DIRECTION('',(-1.,0.,2.583791766403E-14));
#11185=DIRECTION('center_axis',(0.,0.,-1.));
#11186=DIRECTION('ref_axis',(-1.,0.,0.));
#11187=DIRECTION('',(0.,1.,0.));
#11188=DIRECTION('',(-1.,0.,0.));
#11189=DIRECTION('',(0.,1.,0.));
#11190=DIRECTION('',(-1.,0.,-2.583791766403E-14));
#11191=DIRECTION('center_axis',(0.,1.,0.));
#11192=DIRECTION('ref_axis',(0.,0.,1.));
#11193=DIRECTION('',(-1.894780628694E-14,0.,-1.));
#11194=DIRECTION('center_axis',(0.,0.,1.));
#11195=DIRECTION('ref_axis',(1.,0.,0.));
#11196=DIRECTION('center_axis',(0.,0.,1.));
#11197=DIRECTION('ref_axis',(-0.998321386564374,-0.0579172610556285,0.));
#11198=DIRECTION('',(0.,0.,1.));
#11199=DIRECTION('center_axis',(0.,1.,0.));
#11200=DIRECTION('ref_axis',(-1.,0.,0.));
#11201=DIRECTION('',(-1.,0.,0.));
#11202=DIRECTION('',(1.177857829689E-14,0.,1.));
#11203=DIRECTION('center_axis',(1.,0.,0.));
#11204=DIRECTION('ref_axis',(0.,1.,0.));
#11205=DIRECTION('',(0.,0.,1.));
#11206=DIRECTION('',(0.,0.,-1.));
#11207=DIRECTION('',(0.,0.,1.));
#11208=DIRECTION('',(0.,0.,1.));
#11209=DIRECTION('center_axis',(0.,0.,1.));
#11210=DIRECTION('ref_axis',(-1.,0.,0.));
#11211=DIRECTION('',(0.,0.,1.));
#11212=DIRECTION('center_axis',(0.,1.,0.));
#11213=DIRECTION('ref_axis',(-1.,0.,0.));
#11214=DIRECTION('center_axis',(0.,1.,0.));
#11215=DIRECTION('ref_axis',(-1.,0.,0.));
#11216=DIRECTION('center_axis',(0.,1.,0.));
#11217=DIRECTION('ref_axis',(-1.,0.,0.));
#11218=DIRECTION('center_axis',(0.,1.,0.));
#11219=DIRECTION('ref_axis',(-1.,0.,0.));
#11220=DIRECTION('center_axis',(0.,1.,0.));
#11221=DIRECTION('ref_axis',(-1.,0.,0.));
#11222=DIRECTION('center_axis',(0.,-1.,0.));
#11223=DIRECTION('ref_axis',(-1.,0.,0.));
#11224=DIRECTION('center_axis',(0.,-1.,0.));
#11225=DIRECTION('ref_axis',(-1.,0.,0.));
#11226=DIRECTION('center_axis',(0.,-1.,0.));
#11227=DIRECTION('ref_axis',(-1.,0.,0.));
#11228=DIRECTION('center_axis',(0.,-1.,0.));
#11229=DIRECTION('ref_axis',(-1.,0.,0.));
#11230=DIRECTION('center_axis',(0.,-1.,0.));
#11231=DIRECTION('ref_axis',(1.,0.,0.));
#11232=DIRECTION('',(1.,0.,0.));
#11233=DIRECTION('',(0.,0.,-1.));
#11234=DIRECTION('',(0.,0.,-1.));
#11235=DIRECTION('center_axis',(0.,0.,1.));
#11236=DIRECTION('ref_axis',(-1.,0.,0.));
#11237=DIRECTION('center_axis',(0.,0.,1.));
#11238=DIRECTION('ref_axis',(-3.495905218992E-14,1.,0.));
#11239=DIRECTION('',(0.,0.,-1.));
#11240=DIRECTION('center_axis',(0.,1.,0.));
#11241=DIRECTION('ref_axis',(-1.,0.,0.));
#11242=DIRECTION('',(-1.,0.,0.));
#11243=DIRECTION('',(0.,0.,-1.));
#11244=DIRECTION('center_axis',(0.,0.,1.));
#11245=DIRECTION('ref_axis',(1.,-1.22464679914735E-16,0.));
#11246=DIRECTION('center_axis',(0.,0.,1.));
#11247=DIRECTION('ref_axis',(-3.495905218992E-14,-1.,0.));
#11248=DIRECTION('center_axis',(0.,0.,1.));
#11249=DIRECTION('ref_axis',(1.,0.,0.));
#11250=DIRECTION('center_axis',(0.,0.,1.));
#11251=DIRECTION('ref_axis',(1.,0.,0.));
#11252=DIRECTION('',(0.,0.,1.));
#11253=DIRECTION('center_axis',(0.,1.,0.));
#11254=DIRECTION('ref_axis',(-1.,0.,0.));
#11255=DIRECTION('',(0.,0.,1.));
#11256=DIRECTION('',(-1.,0.,0.));
#11257=DIRECTION('',(0.,0.,1.));
#11258=DIRECTION('center_axis',(0.,0.,1.));
#11259=DIRECTION('ref_axis',(1.,0.,0.));
#11260=DIRECTION('center_axis',(0.,0.,1.));
#11261=DIRECTION('ref_axis',(-0.998321386564374,-0.0579172610556285,0.));
#11262=DIRECTION('center_axis',(0.,-1.,0.));
#11263=DIRECTION('ref_axis',(1.,0.,0.));
#11264=DIRECTION('',(0.,0.,-1.));
#11265=DIRECTION('',(1.,0.,0.));
#11266=DIRECTION('',(0.,0.,-1.));
#11267=DIRECTION('center_axis',(0.,0.,1.));
#11268=DIRECTION('ref_axis',(1.,-1.22464679914735E-16,0.));
#11269=DIRECTION('center_axis',(0.,0.,1.));
#11270=DIRECTION('ref_axis',(-3.495905218992E-14,-1.,0.));
#11271=DIRECTION('',(0.,0.,-1.));
#11272=DIRECTION('center_axis',(0.,1.,0.));
#11273=DIRECTION('ref_axis',(-1.,0.,0.));
#11274=DIRECTION('',(-1.,0.,0.));
#11275=DIRECTION('',(0.,0.,-1.));
#11276=DIRECTION('center_axis',(0.,0.,1.));
#11277=DIRECTION('ref_axis',(-1.,0.,0.));
#11278=DIRECTION('center_axis',(0.,0.,1.));
#11279=DIRECTION('ref_axis',(-3.495905218992E-14,1.,0.));
#11280=DIRECTION('center_axis',(0.,0.,1.));
#11281=DIRECTION('ref_axis',(1.,0.,0.));
#11282=DIRECTION('',(0.,0.,1.));
#11283=DIRECTION('center_axis',(0.,0.,1.));
#11284=DIRECTION('ref_axis',(1.,0.,0.));
#11285=DIRECTION('center_axis',(1.,0.,0.));
#11286=DIRECTION('ref_axis',(0.,1.,0.));
#11287=DIRECTION('',(0.,1.,0.));
#11288=DIRECTION('',(0.,0.,1.));
#11289=DIRECTION('center_axis',(0.,0.,1.));
#11290=DIRECTION('ref_axis',(-1.,0.,0.));
#11291=DIRECTION('center_axis',(0.,0.,1.));
#11292=DIRECTION('ref_axis',(0.,-1.,0.));
#11293=DIRECTION('',(1.030625600978E-14,0.,1.));
#11294=DIRECTION('center_axis',(0.,-1.,0.));
#11295=DIRECTION('ref_axis',(1.,0.,0.));
#11296=DIRECTION('',(1.,0.,0.));
#11297=DIRECTION('',(-3.091876802935E-14,0.,1.));
#11298=DIRECTION('center_axis',(0.,0.,1.));
#11299=DIRECTION('ref_axis',(-1.,0.,0.));
#11300=DIRECTION('center_axis',(0.,0.,1.));
#11301=DIRECTION('ref_axis',(-1.,0.,0.));
#11302=DIRECTION('',(0.,0.,1.));
#11303=DIRECTION('center_axis',(-1.,0.,0.));
#11304=DIRECTION('ref_axis',(0.,-1.,0.));
#11305=DIRECTION('',(0.,-1.,0.));
#11306=DIRECTION('center_axis',(0.,1.,0.));
#11307=DIRECTION('ref_axis',(-1.,0.,0.));
#11308=DIRECTION('',(0.,0.,-1.));
#11309=DIRECTION('',(0.,0.,1.));
#11310=DIRECTION('',(1.,0.,0.));
#11311=DIRECTION('center_axis',(-1.,0.,0.));
#11312=DIRECTION('ref_axis',(0.,-1.,0.));
#11313=DIRECTION('',(0.,0.,1.));
#11314=DIRECTION('center_axis',(0.,0.,1.));
#11315=DIRECTION('ref_axis',(-1.,0.,0.));
#11316=DIRECTION('',(0.,0.,1.));
#11317=DIRECTION('center_axis',(0.,-1.,0.));
#11318=DIRECTION('ref_axis',(1.,0.,0.));
#11319=DIRECTION('',(0.,0.,1.));
#11320=DIRECTION('center_axis',(0.,1.,0.));
#11321=DIRECTION('ref_axis',(-1.,0.,0.));
#11322=DIRECTION('center_axis',(0.,1.,0.));
#11323=DIRECTION('ref_axis',(-1.,0.,0.));
#11324=DIRECTION('center_axis',(0.,1.,0.));
#11325=DIRECTION('ref_axis',(-1.,0.,0.));
#11326=DIRECTION('center_axis',(0.,1.,0.));
#11327=DIRECTION('ref_axis',(-1.,0.,0.));
#11328=DIRECTION('center_axis',(0.,-1.,0.));
#11329=DIRECTION('ref_axis',(-1.,0.,0.));
#11330=DIRECTION('center_axis',(0.,-1.,0.));
#11331=DIRECTION('ref_axis',(-1.,0.,0.));
#11332=DIRECTION('center_axis',(0.,-1.,0.));
#11333=DIRECTION('ref_axis',(-1.,0.,0.));
#11334=DIRECTION('center_axis',(0.,-1.,0.));
#11335=DIRECTION('ref_axis',(-1.,0.,0.));
#11336=DIRECTION('center_axis',(0.,0.,1.));
#11337=DIRECTION('ref_axis',(-1.,0.,0.));
#11338=DIRECTION('center_axis',(-1.,0.,0.));
#11339=DIRECTION('ref_axis',(0.,-1.,0.));
#11340=DIRECTION('',(0.,-1.,0.));
#11341=DIRECTION('',(0.,0.,1.));
#11342=DIRECTION('center_axis',(0.,0.,1.));
#11343=DIRECTION('ref_axis',(-1.,0.,0.));
#11344=DIRECTION('center_axis',(0.,0.,1.));
#11345=DIRECTION('ref_axis',(-1.,0.,0.));
#11346=DIRECTION('',(3.091876802935E-14,0.,1.));
#11347=DIRECTION('center_axis',(0.,-1.,0.));
#11348=DIRECTION('ref_axis',(1.,0.,0.));
#11349=DIRECTION('',(1.,0.,0.));
#11350=DIRECTION('',(-1.030625600978E-14,0.,1.));
#11351=DIRECTION('center_axis',(0.,0.,1.));
#11352=DIRECTION('ref_axis',(-1.,0.,0.));
#11353=DIRECTION('center_axis',(0.,0.,1.));
#11354=DIRECTION('ref_axis',(0.,-1.,0.));
#11355=DIRECTION('',(0.,0.,1.));
#11356=DIRECTION('center_axis',(1.,0.,0.));
#11357=DIRECTION('ref_axis',(0.,1.,0.));
#11358=DIRECTION('',(0.,1.,0.));
#11359=DIRECTION('center_axis',(0.,0.,1.));
#11360=DIRECTION('ref_axis',(-1.,0.,0.));
#11361=DIRECTION('',(-1.,0.,0.));
#11362=DIRECTION('',(0.,-1.,0.));
#11363=DIRECTION('',(1.,0.,0.));
#11364=DIRECTION('',(0.,1.,0.));
#11365=DIRECTION('center_axis',(0.,0.,1.));
#11366=DIRECTION('ref_axis',(-1.,0.,0.));
#11367=DIRECTION('center_axis',(0.,-1.,0.));
#11368=DIRECTION('ref_axis',(0.,0.,1.));
#11369=DIRECTION('',(0.,0.,-1.));
#11370=DIRECTION('center_axis',(1.,0.,0.));
#11371=DIRECTION('ref_axis',(0.,0.,-1.));
#11372=DIRECTION('',(0.,0.,-1.));
#11373=DIRECTION('',(0.,1.,0.));
#11374=DIRECTION('',(0.,0.,-1.));
#11375=DIRECTION('center_axis',(0.,0.,1.));
#11376=DIRECTION('ref_axis',(1.,0.,0.));
#11377=DIRECTION('',(0.,-1.,0.));
#11378=DIRECTION('center_axis',(0.,1.,0.));
#11379=DIRECTION('ref_axis',(0.,0.,1.));
#11380=DIRECTION('',(0.,0.,1.));
#11381=DIRECTION('center_axis',(0.,0.,-1.));
#11382=DIRECTION('ref_axis',(-1.,0.,0.));
#11383=DIRECTION('',(0.,1.,0.));
#11384=DIRECTION('center_axis',(0.,-1.,0.));
#11385=DIRECTION('ref_axis',(0.,0.,-1.));
#11386=DIRECTION('',(0.,0.,-1.));
#11387=DIRECTION('center_axis',(0.,1.,0.));
#11388=DIRECTION('ref_axis',(0.,0.,1.));
#11389=DIRECTION('',(1.,0.,-2.5837917664E-14));
#11390=DIRECTION('center_axis',(0.,0.,1.));
#11391=DIRECTION('ref_axis',(0.,1.,0.));
#11392=DIRECTION('',(0.,1.,-1.894780628694E-14));
#11393=DIRECTION('center_axis',(0.,0.,1.));
#11394=DIRECTION('ref_axis',(1.,0.,0.));
#11395=DIRECTION('center_axis',(0.,0.,1.));
#11396=DIRECTION('ref_axis',(1.,0.,0.));
#11397=DIRECTION('',(1.,0.,0.));
#11398=DIRECTION('',(0.,1.,0.));
#11399=DIRECTION('',(1.,0.,2.5837917664E-14));
#11400=DIRECTION('center_axis',(0.,1.,0.));
#11401=DIRECTION('ref_axis',(0.,0.,1.));
#11402=DIRECTION('',(-1.,0.,2.5837917664E-14));
#11403=DIRECTION('',(1.894780628694E-14,0.,1.));
#11404=DIRECTION('center_axis',(0.,0.,1.));
#11405=DIRECTION('ref_axis',(0.,1.,0.));
#11406=DIRECTION('',(1.,0.,2.030122102172E-14));
#11407=DIRECTION('',(0.,1.,0.));
#11408=DIRECTION('',(1.,0.,-1.627938642334E-14));
#11409=DIRECTION('center_axis',(0.,0.,1.));
#11410=DIRECTION('ref_axis',(-1.,0.,0.));
#11411=DIRECTION('center_axis',(0.,0.,-1.));
#11412=DIRECTION('ref_axis',(0.,-1.,0.));
#11413=DIRECTION('',(0.,1.,-1.627938642334E-14));
#11414=DIRECTION('center_axis',(0.,0.,1.));
#11415=DIRECTION('ref_axis',(-1.,0.,0.));
#11416=DIRECTION('',(-1.,0.,0.));
#11417=DIRECTION('center_axis',(0.,0.,1.));
#11418=DIRECTION('ref_axis',(1.,0.,0.));
#11419=DIRECTION('center_axis',(0.,0.,1.));
#11420=DIRECTION('ref_axis',(1.,0.,0.));
#11421=DIRECTION('center_axis',(0.,0.,-1.));
#11422=DIRECTION('ref_axis',(-0.499999999999898,0.866025403784497,0.));
#11423=DIRECTION('',(0.866025403784429,0.500000000000017,0.));
#11424=DIRECTION('center_axis',(0.,0.,1.));
#11425=DIRECTION('ref_axis',(-0.0169504792121408,-0.999856330306749,0.));
#11426=DIRECTION('',(0.866025403784429,0.500000000000017,0.));
#11427=DIRECTION('center_axis',(0.,0.,-1.));
#11428=DIRECTION('ref_axis',(-0.506404098693989,-0.862296288305782,0.));
#11429=DIRECTION('center_axis',(0.,0.,1.));
#11430=DIRECTION('ref_axis',(-0.809119547759706,-0.587644073766705,0.));
#11431=DIRECTION('center_axis',(0.,0.,-1.));
#11432=DIRECTION('ref_axis',(1.,0.,0.));
#11433=DIRECTION('',(0.,-1.,0.));
#11434=DIRECTION('center_axis',(0.,0.,1.));
#11435=DIRECTION('ref_axis',(-0.857425742574274,0.514607710757384,0.));
#11436=DIRECTION('',(0.,-1.,0.));
#11437=DIRECTION('center_axis',(0.,0.,-1.));
#11438=DIRECTION('ref_axis',(-0.493568441914788,0.869706958202479,0.));
#11439=DIRECTION('center_axis',(0.,0.,1.));
#11440=DIRECTION('ref_axis',(-0.104354922385503,0.994540119941833,0.));
#11441=DIRECTION('center_axis',(0.,0.,-1.));
#11442=DIRECTION('ref_axis',(-0.500000000000017,-0.866025403784429,0.));
#11443=DIRECTION('',(-0.866025403784429,0.500000000000017,0.));
#11444=DIRECTION('center_axis',(0.,0.,1.));
#11445=DIRECTION('ref_axis',(0.874376221786417,0.485248619549309,0.));
#11446=DIRECTION('',(-0.866025403784429,0.500000000000017,0.));
#11447=DIRECTION('center_axis',(0.,0.,-1.));
#11448=DIRECTION('ref_axis',(0.999972540608832,-0.00741066989669024,0.));
#11449=DIRECTION('center_axis',(0.,0.,1.));
#11450=DIRECTION('ref_axis',(1.,0.,0.));
#11451=DIRECTION('center_axis',(0.,0.,-1.));
#11452=DIRECTION('ref_axis',(-0.500000000000017,0.866025403784429,0.));
#11453=DIRECTION('',(0.,0.,1.));
#11454=DIRECTION('center_axis',(0.,0.,-1.));
#11455=DIRECTION('ref_axis',(0.500000000000017,-0.866025403784429,0.));
#11456=DIRECTION('center_axis',(0.,0.,-1.));
#11457=DIRECTION('ref_axis',(-0.500000000000017,0.866025403784429,0.));
#11458=DIRECTION('',(0.,0.,1.));
#11459=DIRECTION('center_axis',(0.,0.,-1.));
#11460=DIRECTION('ref_axis',(0.500000000000017,-0.866025403784429,0.));
#11461=DIRECTION('center_axis',(0.,0.,-1.));
#11462=DIRECTION('ref_axis',(-0.500000000000017,0.866025403784429,0.));
#11463=DIRECTION('',(0.,0.,1.));
#11464=DIRECTION('center_axis',(0.,0.,-1.));
#11465=DIRECTION('ref_axis',(0.500000000000017,-0.866025403784429,0.));
#11466=DIRECTION('center_axis',(0.,0.,-1.));
#11467=DIRECTION('ref_axis',(-0.500000000000017,0.866025403784429,0.));
#11468=DIRECTION('',(0.,0.,1.));
#11469=DIRECTION('center_axis',(0.,0.,-1.));
#11470=DIRECTION('ref_axis',(0.500000000000017,-0.866025403784429,0.));
#11471=DIRECTION('center_axis',(0.,0.,-1.));
#11472=DIRECTION('ref_axis',(-0.500000000000017,0.866025403784429,0.));
#11473=DIRECTION('',(0.,0.,1.));
#11474=DIRECTION('center_axis',(0.,0.,-1.));
#11475=DIRECTION('ref_axis',(0.500000000000017,-0.866025403784429,0.));
#11476=DIRECTION('center_axis',(0.,0.,-1.));
#11477=DIRECTION('ref_axis',(-0.500000000000017,0.866025403784429,0.));
#11478=DIRECTION('',(0.,0.,1.));
#11479=DIRECTION('center_axis',(0.,0.,-1.));
#11480=DIRECTION('ref_axis',(0.500000000000017,-0.866025403784429,0.));
#11481=DIRECTION('center_axis',(0.,0.,-1.));
#11482=DIRECTION('ref_axis',(1.,0.,0.));
#11483=DIRECTION('',(0.,0.,1.));
#11484=DIRECTION('center_axis',(0.,-1.,0.));
#11485=DIRECTION('ref_axis',(-1.,0.,0.));
#11486=DIRECTION('center_axis',(0.,0.,-1.));
#11487=DIRECTION('ref_axis',(1.,0.,0.));
#11488=DIRECTION('',(0.,0.,1.));
#11489=DIRECTION('center_axis',(-1.,0.,0.));
#11490=DIRECTION('ref_axis',(0.,1.,0.));
#11491=DIRECTION('',(0.,0.,1.));
#11492=DIRECTION('center_axis',(0.,-1.,0.));
#11493=DIRECTION('ref_axis',(0.,0.,1.));
#11494=DIRECTION('',(0.,0.,1.));
#11495=DIRECTION('center_axis',(-1.,0.,0.));
#11496=DIRECTION('ref_axis',(0.,0.,1.));
#11497=DIRECTION('',(0.,0.,1.));
#11498=DIRECTION('center_axis',(0.,1.,0.));
#11499=DIRECTION('ref_axis',(0.,0.,1.));
#11500=DIRECTION('center_axis',(0.,-1.,0.));
#11501=DIRECTION('ref_axis',(0.,0.,1.));
#11502=DIRECTION('center_axis',(0.,1.,0.));
#11503=DIRECTION('ref_axis',(-1.,0.,0.));
#11504=DIRECTION('center_axis',(0.,1.,0.));
#11505=DIRECTION('ref_axis',(-1.,0.,0.));
#11506=DIRECTION('',(0.,1.,0.));
#11507=DIRECTION('center_axis',(0.,1.,0.));
#11508=DIRECTION('ref_axis',(-1.,0.,0.));
#11509=DIRECTION('center_axis',(0.,1.,0.));
#11510=DIRECTION('ref_axis',(-1.,0.,0.));
#11511=DIRECTION('',(0.,1.,0.));
#11512=DIRECTION('center_axis',(0.,1.,0.));
#11513=DIRECTION('ref_axis',(-1.,0.,0.));
#11514=DIRECTION('',(0.,1.,0.));
#11515=DIRECTION('center_axis',(0.,1.,0.));
#11516=DIRECTION('ref_axis',(-1.,0.,0.));
#11517=DIRECTION('',(0.,1.,0.));
#11518=DIRECTION('center_axis',(0.,-1.,0.));
#11519=DIRECTION('ref_axis',(-1.,0.,0.));
#11520=DIRECTION('',(0.,-1.,0.));
#11521=DIRECTION('center_axis',(0.,-1.,0.));
#11522=DIRECTION('ref_axis',(-1.,0.,0.));
#11523=DIRECTION('',(0.,-1.,0.));
#11524=DIRECTION('center_axis',(0.,-1.,0.));
#11525=DIRECTION('ref_axis',(-1.,0.,0.));
#11526=DIRECTION('',(0.,-1.,0.));
#11527=DIRECTION('center_axis',(0.,-1.,0.));
#11528=DIRECTION('ref_axis',(-1.,0.,0.));
#11529=DIRECTION('',(0.,-1.,0.));
#11530=DIRECTION('center_axis',(0.,1.,0.));
#11531=DIRECTION('ref_axis',(-1.,0.,0.));
#11532=DIRECTION('',(0.,1.,0.));
#11533=DIRECTION('center_axis',(0.,1.,0.));
#11534=DIRECTION('ref_axis',(-1.,0.,0.));
#11535=DIRECTION('center_axis',(0.,1.,0.));
#11536=DIRECTION('ref_axis',(-1.,0.,0.));
#11537=DIRECTION('',(0.,1.,0.));
#11538=DIRECTION('center_axis',(0.,1.,0.));
#11539=DIRECTION('ref_axis',(-1.,0.,0.));
#11540=DIRECTION('center_axis',(0.,-1.,0.));
#11541=DIRECTION('ref_axis',(-1.,0.,0.));
#11542=DIRECTION('',(-3.279428011201E-13,0.,1.));
#11543=DIRECTION('',(-1.,0.,0.));
#11544=DIRECTION('',(-3.825999346401E-13,0.,1.));
#11545=DIRECTION('center_axis',(1.,0.,0.));
#11546=DIRECTION('ref_axis',(0.,-1.,0.));
#11547=DIRECTION('',(0.,-1.,0.));
#11548=DIRECTION('',(-3.825999346401E-13,0.,1.));
#11549=DIRECTION('center_axis',(0.,1.,0.));
#11550=DIRECTION('ref_axis',(1.,0.,0.));
#11551=DIRECTION('',(1.,0.,0.));
#11552=DIRECTION('',(-3.279428011201E-13,0.,1.));
#11553=DIRECTION('center_axis',(-1.,0.,0.));
#11554=DIRECTION('ref_axis',(0.,1.,0.));
#11555=DIRECTION('',(0.,1.,0.));
#11556=DIRECTION('center_axis',(1.,0.,0.));
#11557=DIRECTION('ref_axis',(0.,0.,-1.));
#11558=DIRECTION('center_axis',(0.,0.,-1.));
#11559=DIRECTION('ref_axis',(-0.500000000000017,0.866025403784429,0.));
#11560=DIRECTION('center_axis',(0.,0.,-1.));
#11561=DIRECTION('ref_axis',(0.999972540608832,0.00741066989669024,0.));
#11562=DIRECTION('',(0.,0.,-1.));
#11563=DIRECTION('center_axis',(0.,0.,-1.));
#11564=DIRECTION('ref_axis',(-0.500000000000017,0.866025403784429,0.));
#11565=DIRECTION('',(-3.87850838297E-14,-1.24112268255E-14,-1.));
#11566=DIRECTION('center_axis',(-0.500000000000017,0.866025403784429,0.));
#11567=DIRECTION('ref_axis',(0.866025403784429,0.500000000000017,0.));
#11568=DIRECTION('',(0.866025403784429,0.500000000000017,0.));
#11569=DIRECTION('',(0.,0.,1.));
#11570=DIRECTION('center_axis',(0.,0.,1.));
#11571=DIRECTION('ref_axis',(-0.866025403784429,-0.500000000000017,0.));
#11572=DIRECTION('center_axis',(0.,0.,1.));
#11573=DIRECTION('ref_axis',(-0.0169504792121408,-0.999856330306749,0.));
#11574=DIRECTION('',(0.,0.,1.));
#11575=DIRECTION('center_axis',(-0.500000000000017,0.866025403784429,0.));
#11576=DIRECTION('ref_axis',(0.866025403784429,0.500000000000017,0.));
#11577=DIRECTION('',(0.866025403784429,0.500000000000017,0.));
#11578=DIRECTION('',(1.202337598721E-14,1.24112268255E-14,-1.));
#11579=DIRECTION('center_axis',(0.,0.,-1.));
#11580=DIRECTION('ref_axis',(-0.500000000000017,0.866025403784429,0.));
#11581=DIRECTION('center_axis',(0.,0.,-1.));
#11582=DIRECTION('ref_axis',(0.500000000000017,-0.866025403784429,0.));
#11583=DIRECTION('',(0.,0.,-1.));
#11584=DIRECTION('center_axis',(0.,0.,-1.));
#11585=DIRECTION('ref_axis',(0.500000000000017,-0.866025403784429,0.));
#11586=DIRECTION('center_axis',(0.,0.,1.));
#11587=DIRECTION('ref_axis',(1.,0.,0.));
#11588=DIRECTION('center_axis',(0.,0.,1.));
#11589=DIRECTION('ref_axis',(1.,0.,0.));
#11590=DIRECTION('',(0.707106781186547,8.65956056235493E-17,-0.707106781186547));
#11591=DIRECTION('center_axis',(0.,0.,1.));
#11592=DIRECTION('ref_axis',(-0.913411934040118,0.407036409616008,0.));
#11593=DIRECTION('center_axis',(0.,0.,1.));
#11594=DIRECTION('ref_axis',(-0.913411934040118,-0.407036409616008,0.));
#11595=DIRECTION('center_axis',(0.,0.,1.));
#11596=DIRECTION('ref_axis',(-0.104354922385503,-0.994540119941833,0.));
#11597=DIRECTION('center_axis',(0.,0.,1.));
#11598=DIRECTION('ref_axis',(0.104202096027402,-0.994556143806621,0.));
#11599=DIRECTION('center_axis',(0.,0.,1.));
#11600=DIRECTION('ref_axis',(0.809209838012727,-0.58751973419062,0.));
#11601=DIRECTION('center_axis',(0.,0.,1.));
#11602=DIRECTION('ref_axis',(0.913474470145208,0.406896046175103,0.));
#11603=DIRECTION('center_axis',(0.,0.,1.));
#11604=DIRECTION('ref_axis',(0.809209838012727,0.58751973419062,0.));
#11605=DIRECTION('center_axis',(0.,0.,1.));
#11606=DIRECTION('ref_axis',(0.104202096027402,0.994556143806621,0.));
#11607=DIRECTION('center_axis',(0.,0.,1.));
#11608=DIRECTION('ref_axis',(-0.809119547759706,0.587644073766705,0.));
#11609=DIRECTION('center_axis',(0.,0.,1.));
#11610=DIRECTION('ref_axis',(-0.913411934040118,0.407036409616008,0.));
#11611=DIRECTION('center_axis',(0.,0.,-1.));
#11612=DIRECTION('ref_axis',(1.,0.,0.));
#11613=DIRECTION('center_axis',(0.,0.,-1.));
#11614=DIRECTION('ref_axis',(-0.493568441914788,-0.869706958202479,0.));
#11615=DIRECTION('',(0.,0.,-1.));
#11616=DIRECTION('center_axis',(0.,0.,-1.));
#11617=DIRECTION('ref_axis',(1.,0.,0.));
#11618=DIRECTION('',(0.,0.,-1.));
#11619=DIRECTION('center_axis',(1.,0.,0.));
#11620=DIRECTION('ref_axis',(0.,-1.,0.));
#11621=DIRECTION('',(0.,-1.,0.));
#11622=DIRECTION('',(0.,0.,1.));
#11623=DIRECTION('center_axis',(0.,0.,1.));
#11624=DIRECTION('ref_axis',(0.,1.,0.));
#11625=DIRECTION('center_axis',(0.,0.,1.));
#11626=DIRECTION('ref_axis',(-0.857425742574274,0.514607710757384,0.));
#11627=DIRECTION('',(0.,0.,1.));
#11628=DIRECTION('center_axis',(1.,0.,0.));
#11629=DIRECTION('ref_axis',(0.,-1.,0.));
#11630=DIRECTION('',(0.,-1.,0.));
#11631=DIRECTION('',(0.,0.,-1.));
#11632=DIRECTION('center_axis',(0.,0.,-1.));
#11633=DIRECTION('ref_axis',(1.,0.,0.));
#11634=DIRECTION('center_axis',(0.,0.,-1.));
#11635=DIRECTION('ref_axis',(-1.,0.,0.));
#11636=DIRECTION('',(0.,0.,-1.));
#11637=DIRECTION('center_axis',(0.,0.,-1.));
#11638=DIRECTION('ref_axis',(-1.,0.,0.));
#11639=DIRECTION('center_axis',(0.,0.,-1.));
#11640=DIRECTION('ref_axis',(-0.500000000000017,-0.866025403784429,0.));
#11641=DIRECTION('center_axis',(0.,0.,-1.));
#11642=DIRECTION('ref_axis',(-0.506404098693989,0.862296288305782,0.));
#11643=DIRECTION('',(0.,0.,-1.));
#11644=DIRECTION('center_axis',(0.,0.,-1.));
#11645=DIRECTION('ref_axis',(-0.500000000000017,-0.866025403784429,0.));
#11646=DIRECTION('',(1.01810845053E-14,-1.24112268255E-14,-1.));
#11647=DIRECTION('center_axis',(-0.500000000000017,-0.866025403784429,0.));
#11648=DIRECTION('ref_axis',(-0.866025403784429,0.500000000000017,0.));
#11649=DIRECTION('',(-0.866025403784429,0.500000000000017,0.));
#11650=DIRECTION('',(0.,0.,1.));
#11651=DIRECTION('center_axis',(0.,0.,1.));
#11652=DIRECTION('ref_axis',(0.866025403784429,-0.500000000000017,0.));
#11653=DIRECTION('center_axis',(0.,0.,1.));
#11654=DIRECTION('ref_axis',(0.874376221786417,0.485248619549309,0.));
#11655=DIRECTION('',(0.,0.,1.));
#11656=DIRECTION('center_axis',(-0.500000000000017,-0.866025403784429,0.));
#11657=DIRECTION('ref_axis',(-0.866025403784429,0.500000000000017,0.));
#11658=DIRECTION('',(-0.866025403784429,0.500000000000017,0.));
#11659=DIRECTION('',(0.,0.,-1.));
#11660=DIRECTION('center_axis',(0.,0.,-1.));
#11661=DIRECTION('ref_axis',(-0.500000000000017,-0.866025403784429,0.));
#11662=DIRECTION('center_axis',(0.,0.,-1.));
#11663=DIRECTION('ref_axis',(0.500000000000017,0.866025403784429,0.));
#11664=DIRECTION('',(0.,0.,-1.));
#11665=DIRECTION('center_axis',(0.,0.,-1.));
#11666=DIRECTION('ref_axis',(0.500000000000017,0.866025403784429,0.));
#11667=DIRECTION('center_axis',(0.,0.,-1.));
#11668=DIRECTION('ref_axis',(-0.500000000000017,0.866025403784429,0.));
#11669=DIRECTION('',(-0.866025403784429,-0.500000000000017,0.));
#11670=DIRECTION('center_axis',(0.,0.,-1.));
#11671=DIRECTION('ref_axis',(-0.500000000000017,0.866025403784429,0.));
#11672=DIRECTION('',(-0.866025403784094,-0.500000000000597,0.));
#11673=DIRECTION('center_axis',(0.,0.,-1.));
#11674=DIRECTION('ref_axis',(1.,0.,0.));
#11675=DIRECTION('',(0.,1.,0.));
#11676=DIRECTION('center_axis',(0.,0.,-1.));
#11677=DIRECTION('ref_axis',(1.,0.,0.));
#11678=DIRECTION('',(0.,1.,-1.717055657986E-12));
#11679=DIRECTION('center_axis',(0.,0.,-1.));
#11680=DIRECTION('ref_axis',(-0.500000000000017,-0.866025403784429,0.));
#11681=DIRECTION('',(0.866025403784832,-0.499999999999319,1.71705565798406E-12));
#11682=DIRECTION('center_axis',(0.,0.,-1.));
#11683=DIRECTION('ref_axis',(-0.500000000000017,-0.866025403784429,0.));
#11684=DIRECTION('',(0.866025403784386,-0.500000000000092,-1.71705565798297E-12));
#11685=DIRECTION('center_axis',(0.,0.,1.));
#11686=DIRECTION('ref_axis',(0.500000000000017,-0.866025403784429,0.));
#11687=DIRECTION('center_axis',(0.,0.,-1.));
#11688=DIRECTION('ref_axis',(-0.500000000000017,0.866025403784429,0.));
#11689=DIRECTION('center_axis',(0.,0.,1.));
#11690=DIRECTION('ref_axis',(-1.,0.,0.));
#11691=DIRECTION('center_axis',(0.,0.,1.));
#11692=DIRECTION('ref_axis',(-1.,0.,0.));
#11693=DIRECTION('center_axis',(0.,0.,1.));
#11694=DIRECTION('ref_axis',(-1.,0.,0.));
#11695=DIRECTION('center_axis',(0.,0.,-1.));
#11696=DIRECTION('ref_axis',(1.,0.,0.));
#11697=DIRECTION('center_axis',(0.,0.,1.));
#11698=DIRECTION('ref_axis',(0.500000000000017,0.866025403784429,0.));
#11699=DIRECTION('center_axis',(0.,0.,1.));
#11700=DIRECTION('ref_axis',(0.500000000000017,0.866025403784429,0.));
#11701=DIRECTION('center_axis',(0.,0.,1.));
#11702=DIRECTION('ref_axis',(0.500000000000017,0.866025403784429,0.));
#11703=DIRECTION('center_axis',(0.,0.,-1.));
#11704=DIRECTION('ref_axis',(-0.500000000000017,-0.866025403784429,0.));
#11705=DIRECTION('center_axis',(0.,0.,1.));
#11706=DIRECTION('ref_axis',(0.500000000000017,-0.866025403784429,0.));
#11707=DIRECTION('center_axis',(0.,0.,1.));
#11708=DIRECTION('ref_axis',(0.500000000000017,-0.866025403784429,0.));
#11709=DIRECTION('center_axis',(0.,-1.,0.));
#11710=DIRECTION('ref_axis',(0.,0.,1.));
#11711=DIRECTION('',(0.,-1.,0.));
#11712=DIRECTION('center_axis',(0.,-1.,0.));
#11713=DIRECTION('ref_axis',(0.,0.,1.));
#11714=DIRECTION('center_axis',(0.,-1.,0.));
#11715=DIRECTION('ref_axis',(-1.,0.,0.));
#11716=DIRECTION('center_axis',(0.,-1.,0.));
#11717=DIRECTION('ref_axis',(-1.,0.,0.));
#11718=DIRECTION('center_axis',(0.,-1.,0.));
#11719=DIRECTION('ref_axis',(-1.,0.,0.));
#11720=DIRECTION('center_axis',(0.,-1.,0.));
#11721=DIRECTION('ref_axis',(-1.,0.,0.));
#11722=DIRECTION('center_axis',(0.,1.,0.));
#11723=DIRECTION('ref_axis',(-1.,0.,0.));
#11724=DIRECTION('center_axis',(0.,-1.,0.));
#11725=DIRECTION('ref_axis',(-1.,0.,0.));
#11726=DIRECTION('center_axis',(0.,1.,0.));
#11727=DIRECTION('ref_axis',(-1.,0.,0.));
#11728=DIRECTION('center_axis',(0.,-1.,0.));
#11729=DIRECTION('ref_axis',(-1.,0.,0.));
#11730=DIRECTION('center_axis',(0.,0.,-1.));
#11731=DIRECTION('ref_axis',(-1.,0.,0.));
#11732=DIRECTION('center_axis',(0.500000000000017,-0.866025403784429,0.));
#11733=DIRECTION('ref_axis',(-0.866025403784429,-0.500000000000017,0.));
#11734=DIRECTION('',(-0.866025403784429,-0.500000000000017,0.));
#11735=DIRECTION('',(-0.866025403784429,-0.500000000000017,0.));
#11736=DIRECTION('center_axis',(0.,0.,-1.));
#11737=DIRECTION('ref_axis',(-0.500000000000017,0.866025403784429,0.));
#11738=DIRECTION('center_axis',(0.,0.,1.));
#11739=DIRECTION('ref_axis',(0.500000000000017,-0.866025403784429,0.));
#11740=DIRECTION('center_axis',(0.,0.,1.));
#11741=DIRECTION('ref_axis',(0.500000000000017,-0.866025403784429,0.));
#11742=DIRECTION('center_axis',(0.,0.,1.));
#11743=DIRECTION('ref_axis',(1.,0.,0.));
#11744=DIRECTION('',(0.866025403784429,-0.500000000000017,0.));
#11745=DIRECTION('center_axis',(0.,0.,1.));
#11746=DIRECTION('ref_axis',(1.,0.,0.));
#11747=DIRECTION('',(0.,1.,0.));
#11748=DIRECTION('center_axis',(0.,0.,1.));
#11749=DIRECTION('ref_axis',(1.,0.,0.));
#11750=DIRECTION('center_axis',(0.,0.,1.));
#11751=DIRECTION('ref_axis',(1.,0.,0.));
#11752=DIRECTION('center_axis',(0.,0.,1.));
#11753=DIRECTION('ref_axis',(1.,0.,0.));
#11754=DIRECTION('',(0.,0.,-1.));
#11755=DIRECTION('center_axis',(0.500000000000017,0.866025403784429,0.));
#11756=DIRECTION('ref_axis',(0.866025403784429,-0.500000000000017,0.));
#11757=DIRECTION('',(0.866025403784429,-0.500000000000017,0.));
#11758=DIRECTION('center_axis',(-1.,0.,0.));
#11759=DIRECTION('ref_axis',(0.,1.,0.));
#11760=DIRECTION('',(0.,1.,0.));
#11761=DIRECTION('center_axis',(0.,0.,-1.));
#11762=DIRECTION('ref_axis',(1.,0.,0.));
#11763=DIRECTION('center_axis',(0.,0.,1.));
#11764=DIRECTION('ref_axis',(-1.,0.,0.));
#11765=DIRECTION('center_axis',(0.,0.,1.));
#11766=DIRECTION('ref_axis',(-1.,0.,0.));
#11767=DIRECTION('center_axis',(0.,0.,-1.));
#11768=DIRECTION('ref_axis',(-0.500000000000017,-0.866025403784429,0.));
#11769=DIRECTION('center_axis',(0.,0.,1.));
#11770=DIRECTION('ref_axis',(0.500000000000017,0.866025403784429,0.));
#11771=DIRECTION('center_axis',(0.,0.,1.));
#11772=DIRECTION('ref_axis',(0.500000000000017,0.866025403784429,0.));
#11773=DIRECTION('center_axis',(0.,0.,1.));
#11774=DIRECTION('ref_axis',(0.500000000000017,-0.866025403784429,0.));
#11775=DIRECTION('',(0.,0.,-1.));
#11776=DIRECTION('center_axis',(0.,0.,1.));
#11777=DIRECTION('ref_axis',(-1.,0.,0.));
#11778=DIRECTION('',(0.,0.,-1.));
#11779=DIRECTION('center_axis',(0.,0.,1.));
#11780=DIRECTION('ref_axis',(-1.,0.,0.));
#11781=DIRECTION('',(0.,0.,-1.));
#11782=DIRECTION('center_axis',(0.,0.,1.));
#11783=DIRECTION('ref_axis',(0.500000000000017,0.866025403784429,0.));
#11784=DIRECTION('',(0.,0.,-1.));
#11785=DIRECTION('center_axis',(0.,0.,1.));
#11786=DIRECTION('ref_axis',(0.500000000000017,0.866025403784429,0.));
#11787=DIRECTION('',(0.,0.,-1.));
#11788=DIRECTION('center_axis',(0.,0.,1.));
#11789=DIRECTION('ref_axis',(0.500000000000017,-0.866025403784429,0.));
#11790=DIRECTION('',(0.,0.,-1.));
#11791=DIRECTION('center_axis',(0.,1.,0.));
#11792=DIRECTION('ref_axis',(0.,0.,1.));
#11793=DIRECTION('',(0.,0.,-1.));
#11794=DIRECTION('',(1.,0.,0.));
#11795=DIRECTION('',(0.,0.,-1.));
#11796=DIRECTION('',(1.,0.,0.));
#11797=DIRECTION('center_axis',(0.,-1.,0.));
#11798=DIRECTION('ref_axis',(-1.,0.,0.));
#11799=DIRECTION('',(0.,1.,0.));
#11800=DIRECTION('center_axis',(0.,1.,0.));
#11801=DIRECTION('ref_axis',(-1.,0.,0.));
#11802=DIRECTION('center_axis',(0.,-1.,0.));
#11803=DIRECTION('ref_axis',(-1.,0.,0.));
#11804=DIRECTION('',(0.,1.,0.));
#11805=DIRECTION('center_axis',(0.,1.,0.));
#11806=DIRECTION('ref_axis',(-1.,0.,0.));
#11807=DIRECTION('center_axis',(0.,-1.,0.));
#11808=DIRECTION('ref_axis',(-1.,0.,0.));
#11809=DIRECTION('center_axis',(0.,-1.,0.));
#11810=DIRECTION('ref_axis',(-1.,0.,0.));
#11811=DIRECTION('center_axis',(0.,-1.,0.));
#11812=DIRECTION('ref_axis',(-1.,0.,0.));
#11813=DIRECTION('',(0.,1.,0.));
#11814=DIRECTION('center_axis',(0.,-1.,0.));
#11815=DIRECTION('ref_axis',(-1.,0.,0.));
#11816=DIRECTION('center_axis',(0.,-1.,0.));
#11817=DIRECTION('ref_axis',(-1.,0.,0.));
#11818=DIRECTION('center_axis',(0.,-1.,0.));
#11819=DIRECTION('ref_axis',(-1.,0.,0.));
#11820=DIRECTION('',(0.,1.,0.));
#11821=DIRECTION('center_axis',(0.,0.,-1.));
#11822=DIRECTION('ref_axis',(1.,0.,0.));
#11823=DIRECTION('',(0.707106781186547,-8.65956056235493E-17,0.707106781186547));
#11824=DIRECTION('center_axis',(0.,0.,-1.));
#11825=DIRECTION('ref_axis',(-1.,0.,0.));
#11826=DIRECTION('center_axis',(0.,0.,1.));
#11827=DIRECTION('ref_axis',(-0.852569455284665,0.522613933908779,0.));
#11828=DIRECTION('center_axis',(0.,0.,-1.));
#11829=DIRECTION('ref_axis',(-0.500000000000017,0.866025403784429,0.));
#11830=DIRECTION('center_axis',(0.,0.,1.));
#11831=DIRECTION('ref_axis',(0.0263122154943592,0.999653773721571,0.));
#11832=DIRECTION('center_axis',(0.,0.,-1.));
#11833=DIRECTION('ref_axis',(0.0263122154945391,0.999653773721566,0.));
#11834=DIRECTION('center_axis',(0.,0.,1.));
#11835=DIRECTION('ref_axis',(0.87888167077904,0.477039839812822,0.));
#11836=DIRECTION('center_axis',(0.,0.,-1.));
#11837=DIRECTION('ref_axis',(1.,0.,0.));
#11838=DIRECTION('center_axis',(0.,0.,1.));
#11839=DIRECTION('ref_axis',(0.852569455284665,-0.522613933908779,0.));
#11840=DIRECTION('center_axis',(0.,0.,-1.));
#11841=DIRECTION('ref_axis',(0.500000000000017,-0.866025403784429,0.));
#11842=DIRECTION('center_axis',(0.,0.,-1.));
#11843=DIRECTION('ref_axis',(0.500000000000017,-0.866025403784429,0.));
#11844=DIRECTION('center_axis',(0.,0.,1.));
#11845=DIRECTION('ref_axis',(-0.0263122154943892,-0.99965377372157,0.));
#11846=DIRECTION('center_axis',(0.,0.,-1.));
#11847=DIRECTION('ref_axis',(-0.0263122154945591,-0.999653773721566,0.));
#11848=DIRECTION('center_axis',(0.,0.,1.));
#11849=DIRECTION('ref_axis',(-0.87888167077904,-0.477039839812822,0.));
#11850=DIRECTION('center_axis',(0.,0.,-1.));
#11851=DIRECTION('ref_axis',(-1.,0.,0.));
#11852=DIRECTION('center_axis',(1.,0.,0.));
#11853=DIRECTION('ref_axis',(0.,-1.,0.));
#11854=DIRECTION('',(0.,-1.,0.));
#11855=DIRECTION('',(0.,0.,1.));
#11856=DIRECTION('',(0.,-1.,0.));
#11857=DIRECTION('center_axis',(0.,0.,-1.));
#11858=DIRECTION('ref_axis',(1.,0.,0.));
#11859=DIRECTION('',(0.,1.,0.));
#11860=DIRECTION('center_axis',(0.,0.,-1.));
#11861=DIRECTION('ref_axis',(1.,0.,0.));
#11862=DIRECTION('',(-1.,0.,0.));
#11863=DIRECTION('center_axis',(0.,0.,-1.));
#11864=DIRECTION('ref_axis',(-1.,0.,0.));
#11865=DIRECTION('',(0.,-1.,0.));
#11866=DIRECTION('center_axis',(0.,0.,-1.));
#11867=DIRECTION('ref_axis',(1.,0.,0.));
#11868=DIRECTION('',(-1.,0.,0.));
#11869=DIRECTION('center_axis',(0.,0.,-1.));
#11870=DIRECTION('ref_axis',(0.,-1.,0.));
#11871=DIRECTION('',(0.,1.,0.));
#11872=DIRECTION('center_axis',(0.,0.,-1.));
#11873=DIRECTION('ref_axis',(0.,1.,0.));
#11874=DIRECTION('',(-1.,0.,0.));
#11875=DIRECTION('center_axis',(0.,0.,-1.));
#11876=DIRECTION('ref_axis',(0.,-1.,0.));
#11877=DIRECTION('center_axis',(0.,0.,1.));
#11878=DIRECTION('ref_axis',(1.,0.,0.));
#11879=DIRECTION('center_axis',(-1.,0.,0.));
#11880=DIRECTION('ref_axis',(0.,1.,0.));
#11881=DIRECTION('',(0.,0.,1.));
#11882=DIRECTION('',(0.,1.,0.));
#11883=DIRECTION('center_axis',(0.,0.,-1.));
#11884=DIRECTION('ref_axis',(1.,0.,0.));
#11885=DIRECTION('center_axis',(0.,0.,-1.));
#11886=DIRECTION('ref_axis',(0.,-1.,0.));
#11887=DIRECTION('',(-1.,0.,0.));
#11888=DIRECTION('center_axis',(0.,0.,-1.));
#11889=DIRECTION('ref_axis',(0.,1.,0.));
#11890=DIRECTION('',(0.,1.,0.));
#11891=DIRECTION('center_axis',(0.,0.,-1.));
#11892=DIRECTION('ref_axis',(0.,-1.,0.));
#11893=DIRECTION('',(-1.,0.,0.));
#11894=DIRECTION('center_axis',(0.,0.,-1.));
#11895=DIRECTION('ref_axis',(1.,0.,0.));
#11896=DIRECTION('',(0.,-1.,0.));
#11897=DIRECTION('center_axis',(0.,0.,-1.));
#11898=DIRECTION('ref_axis',(-1.,0.,0.));
#11899=DIRECTION('',(-1.,0.,0.));
#11900=DIRECTION('center_axis',(0.,0.,-1.));
#11901=DIRECTION('ref_axis',(1.,0.,0.));
#11902=DIRECTION('center_axis',(0.,-1.,0.));
#11903=DIRECTION('ref_axis',(-1.,0.,0.));
#11904=DIRECTION('center_axis',(0.,1.,0.));
#11905=DIRECTION('ref_axis',(-1.,0.,0.));
#11906=DIRECTION('center_axis',(0.,-1.,0.));
#11907=DIRECTION('ref_axis',(-1.,0.,0.));
#11908=DIRECTION('center_axis',(0.,1.,0.));
#11909=DIRECTION('ref_axis',(-1.,0.,0.));
#11910=DIRECTION('center_axis',(0.,1.,0.));
#11911=DIRECTION('ref_axis',(0.,0.,-1.));
#11912=DIRECTION('',(-8.65956192964902E-17,-0.707106669538495,-0.707106892834583));
#11913=DIRECTION('center_axis',(0.,-1.,0.));
#11914=DIRECTION('ref_axis',(-1.,0.,0.));
#11915=DIRECTION('center_axis',(0.,1.,0.));
#11916=DIRECTION('ref_axis',(0.,0.,-1.));
#11917=DIRECTION('',(-8.65956192964902E-17,-0.707106669538495,-0.707106892834583));
#11918=DIRECTION('center_axis',(0.,-1.,0.));
#11919=DIRECTION('ref_axis',(-1.,0.,0.));
#11920=DIRECTION('center_axis',(0.,0.,1.));
#11921=DIRECTION('ref_axis',(-0.500000000000017,0.866025403784429,0.));
#11922=DIRECTION('center_axis',(0.,0.,-1.));
#11923=DIRECTION('ref_axis',(-0.500000000000017,0.866025403784429,0.));
#11924=DIRECTION('',(-0.353553390593286,0.612372435695788,-0.707106781186548));
#11925=DIRECTION('center_axis',(0.,0.,1.));
#11926=DIRECTION('ref_axis',(1.,0.,0.));
#11927=DIRECTION('center_axis',(0.,0.,1.));
#11928=DIRECTION('ref_axis',(-0.500000000000017,0.866025403784429,0.));
#11929=DIRECTION('center_axis',(0.,0.,1.));
#11930=DIRECTION('ref_axis',(-0.500000000000017,0.866025403784429,0.));
#11931=DIRECTION('center_axis',(0.,0.,1.));
#11932=DIRECTION('ref_axis',(0.500000000000017,-0.866025403784429,0.));
#11933=DIRECTION('center_axis',(0.,0.,1.));
#11934=DIRECTION('ref_axis',(-0.810919554668025,0.585157650430218,0.));
#11935=DIRECTION('center_axis',(0.,0.,-1.));
#11936=DIRECTION('ref_axis',(1.,0.,0.));
#11937=DIRECTION('center_axis',(0.,0.,1.));
#11938=DIRECTION('ref_axis',(1.,0.,0.));
#11939=DIRECTION('center_axis',(0.,0.,1.));
#11940=DIRECTION('ref_axis',(-0.500000000000017,0.866025403784429,0.));
#11941=DIRECTION('center_axis',(0.,0.,1.));
#11942=DIRECTION('ref_axis',(-0.500000000000017,0.866025403784429,0.));
#11943=DIRECTION('center_axis',(0.,0.,1.));
#11944=DIRECTION('ref_axis',(0.101301613157398,0.994855759983179,0.));
#11945=DIRECTION('center_axis',(0.,0.,1.));
#11946=DIRECTION('ref_axis',(0.355399826160392,-0.934714375392378,0.));
#11947=DIRECTION('center_axis',(0.,0.,-1.));
#11948=DIRECTION('ref_axis',(1.,0.,0.));
#11949=DIRECTION('center_axis',(0.,0.,1.));
#11950=DIRECTION('ref_axis',(1.,0.,0.));
#11951=DIRECTION('center_axis',(0.,0.,1.));
#11952=DIRECTION('ref_axis',(-0.500000000000017,0.866025403784429,0.));
#11953=DIRECTION('center_axis',(0.,0.,1.));
#11954=DIRECTION('ref_axis',(-0.500000000000017,0.866025403784429,0.));
#11955=DIRECTION('center_axis',(0.,0.,1.));
#11956=DIRECTION('ref_axis',(0.912221167825382,0.409698109552992,0.));
#11957=DIRECTION('center_axis',(0.,0.,1.));
#11958=DIRECTION('ref_axis',(-0.631786481292084,-0.775142465651681,0.));
#11959=DIRECTION('center_axis',(0.,0.,-1.));
#11960=DIRECTION('ref_axis',(1.,0.,0.));
#11961=DIRECTION('center_axis',(0.,0.,1.));
#11962=DIRECTION('ref_axis',(1.,0.,0.));
#11963=DIRECTION('center_axis',(0.,0.,1.));
#11964=DIRECTION('ref_axis',(-0.500000000000017,0.866025403784429,0.));
#11965=DIRECTION('center_axis',(0.,0.,1.));
#11966=DIRECTION('ref_axis',(-0.500000000000017,0.866025403784429,0.));
#11967=DIRECTION('center_axis',(0.,0.,1.));
#11968=DIRECTION('ref_axis',(0.810919554668025,-0.585157650430218,0.));
#11969=DIRECTION('center_axis',(0.,0.,1.));
#11970=DIRECTION('ref_axis',(-0.987186307452518,0.159571909740603,0.));
#11971=DIRECTION('center_axis',(0.,0.,-1.));
#11972=DIRECTION('ref_axis',(1.,0.,0.));
#11973=DIRECTION('center_axis',(0.,0.,1.));
#11974=DIRECTION('ref_axis',(1.,0.,0.));
#11975=DIRECTION('center_axis',(0.,0.,1.));
#11976=DIRECTION('ref_axis',(-0.500000000000017,0.866025403784429,0.));
#11977=DIRECTION('center_axis',(0.,0.,1.));
#11978=DIRECTION('ref_axis',(-0.500000000000017,0.866025403784429,0.));
#11979=DIRECTION('center_axis',(0.,0.,1.));
#11980=DIRECTION('ref_axis',(0.142524500594597,-0.989791274325178,0.));
#11981=DIRECTION('center_axis',(0.,0.,1.));
#11982=DIRECTION('ref_axis',(-0.101301613157398,-0.994855759983179,0.));
#11983=DIRECTION('center_axis',(0.,0.,-1.));
#11984=DIRECTION('ref_axis',(1.,0.,0.));
#11985=DIRECTION('center_axis',(0.,0.,1.));
#11986=DIRECTION('ref_axis',(1.,0.,0.));
#11987=DIRECTION('center_axis',(0.,0.,1.));
#11988=DIRECTION('ref_axis',(-0.500000000000017,0.866025403784429,0.));
#11989=DIRECTION('center_axis',(0.,0.,1.));
#11990=DIRECTION('ref_axis',(-0.500000000000017,0.866025403784429,0.));
#11991=DIRECTION('center_axis',(0.,0.,1.));
#11992=DIRECTION('ref_axis',(-0.785922137712487,-0.61832547533919,0.));
#11993=DIRECTION('center_axis',(0.,0.,1.));
#11994=DIRECTION('ref_axis',(-0.912221167825382,-0.409698109552992,0.));
#11995=DIRECTION('center_axis',(0.,0.,-1.));
#11996=DIRECTION('ref_axis',(1.,0.,0.));
#11997=DIRECTION('center_axis',(0.,0.,-1.));
#11998=DIRECTION('ref_axis',(0.500000000000017,-0.866025403784429,0.));
#11999=DIRECTION('center_axis',(0.,0.,1.));
#12000=DIRECTION('ref_axis',(-0.500000000000017,0.866025403784429,0.));
#12001=DIRECTION('',(-0.353553390593285,0.612372435695788,-0.707106781186547));
#12002=DIRECTION('center_axis',(0.,0.,1.));
#12003=DIRECTION('ref_axis',(-0.500000000000017,0.866025403784429,0.));
#12004=DIRECTION('center_axis',(0.,0.,-1.));
#12005=DIRECTION('ref_axis',(0.500000000000017,-0.866025403784429,0.));
#12006=DIRECTION('center_axis',(0.,0.,1.));
#12007=DIRECTION('ref_axis',(-0.500000000000017,0.866025403784429,0.));
#12008=DIRECTION('',(-0.353553390593285,0.612372435695788,-0.707106781186547));
#12009=DIRECTION('center_axis',(0.,0.,1.));
#12010=DIRECTION('ref_axis',(-0.500000000000017,0.866025403784429,0.));
#12011=DIRECTION('center_axis',(0.,0.,-1.));
#12012=DIRECTION('ref_axis',(0.500000000000017,-0.866025403784429,0.));
#12013=DIRECTION('center_axis',(0.,0.,1.));
#12014=DIRECTION('ref_axis',(-0.500000000000017,0.866025403784429,0.));
#12015=DIRECTION('',(-0.353553390593285,0.612372435695788,-0.707106781186547));
#12016=DIRECTION('center_axis',(0.,0.,1.));
#12017=DIRECTION('ref_axis',(-0.500000000000017,0.866025403784429,0.));
#12018=DIRECTION('center_axis',(0.,0.,-1.));
#12019=DIRECTION('ref_axis',(0.500000000000017,-0.866025403784429,0.));
#12020=DIRECTION('center_axis',(0.,0.,1.));
#12021=DIRECTION('ref_axis',(-0.500000000000017,0.866025403784429,0.));
#12022=DIRECTION('',(-0.353553390593285,0.612372435695788,-0.707106781186547));
#12023=DIRECTION('center_axis',(0.,0.,1.));
#12024=DIRECTION('ref_axis',(-0.500000000000017,0.866025403784429,0.));
#12025=DIRECTION('center_axis',(0.,0.,-1.));
#12026=DIRECTION('ref_axis',(0.500000000000017,-0.866025403784429,0.));
#12027=DIRECTION('center_axis',(0.,0.,1.));
#12028=DIRECTION('ref_axis',(-0.500000000000017,0.866025403784429,0.));
#12029=DIRECTION('',(-0.353553390593285,0.612372435695788,-0.707106781186547));
#12030=DIRECTION('center_axis',(0.,0.,1.));
#12031=DIRECTION('ref_axis',(-0.500000000000017,0.866025403784429,0.));
#12032=DIRECTION('center_axis',(0.,0.,-1.));
#12033=DIRECTION('ref_axis',(0.500000000000017,-0.866025403784429,0.));
#12034=DIRECTION('center_axis',(0.,0.,1.));
#12035=DIRECTION('ref_axis',(-0.500000000000017,0.866025403784429,0.));
#12036=DIRECTION('',(-0.353553390593285,0.612372435695788,-0.707106781186547));
#12037=DIRECTION('center_axis',(0.,0.,1.));
#12038=DIRECTION('ref_axis',(-0.500000000000017,0.866025403784429,0.));
#12039=DIRECTION('center_axis',(0.,0.,-1.));
#12040=DIRECTION('ref_axis',(1.,0.,0.));
#12041=DIRECTION('',(0.,0.,1.));
#12042=DIRECTION('center_axis',(0.,-1.,0.));
#12043=DIRECTION('ref_axis',(-1.,0.,0.));
#12044=DIRECTION('',(0.,0.,1.));
#12045=DIRECTION('center_axis',(0.,0.,-1.));
#12046=DIRECTION('ref_axis',(1.,0.,0.));
#12047=DIRECTION('',(0.,0.,1.));
#12048=DIRECTION('center_axis',(1.,0.,0.));
#12049=DIRECTION('ref_axis',(0.,-1.,0.));
#12050=DIRECTION('',(0.,0.,1.));
#12051=DIRECTION('center_axis',(0.,0.,-1.));
#12052=DIRECTION('ref_axis',(1.,0.,0.));
#12053=DIRECTION('',(0.,0.,1.));
#12054=DIRECTION('center_axis',(0.,-1.,0.));
#12055=DIRECTION('ref_axis',(-1.,0.,0.));
#12056=DIRECTION('',(0.,0.,1.));
#12057=DIRECTION('center_axis',(0.,0.,-1.));
#12058=DIRECTION('ref_axis',(1.,0.,0.));
#12059=DIRECTION('',(0.,0.,1.));
#12060=DIRECTION('center_axis',(-1.,0.,0.));
#12061=DIRECTION('ref_axis',(0.,1.,0.));
#12062=DIRECTION('',(0.,0.,1.));
#12063=DIRECTION('center_axis',(0.,0.,-1.));
#12064=DIRECTION('ref_axis',(1.,0.,0.));
#12065=DIRECTION('',(0.,0.,1.));
#12066=DIRECTION('center_axis',(0.,-1.,0.));
#12067=DIRECTION('ref_axis',(-1.,0.,0.));
#12068=DIRECTION('',(0.,0.,1.));
#12069=DIRECTION('center_axis',(0.,0.,-1.));
#12070=DIRECTION('ref_axis',(1.,0.,0.));
#12071=DIRECTION('center_axis',(0.,0.,1.));
#12072=DIRECTION('ref_axis',(1.,0.,0.));
#12073=DIRECTION('',(0.,0.,1.));
#12074=DIRECTION('center_axis',(0.,0.,1.));
#12075=DIRECTION('ref_axis',(1.,0.,0.));
#12076=DIRECTION('center_axis',(0.,1.,0.));
#12077=DIRECTION('ref_axis',(1.,0.,0.));
#12078=DIRECTION('center_axis',(0.,1.,0.));
#12079=DIRECTION('ref_axis',(-1.,0.,0.));
#12080=DIRECTION('center_axis',(0.,1.,0.));
#12081=DIRECTION('ref_axis',(-1.,0.,0.));
#12082=DIRECTION('',(0.,-1.,0.));
#12083=DIRECTION('center_axis',(0.,1.,0.));
#12084=DIRECTION('ref_axis',(1.,0.,0.));
#12085=DIRECTION('center_axis',(0.,1.,0.));
#12086=DIRECTION('ref_axis',(-1.,0.,0.));
#12087=DIRECTION('center_axis',(0.,1.,0.));
#12088=DIRECTION('ref_axis',(-1.,0.,0.));
#12089=DIRECTION('',(0.,-1.,0.));
#12090=DIRECTION('center_axis',(0.,-1.,0.));
#12091=DIRECTION('ref_axis',(-1.,0.,0.));
#12092=DIRECTION('',(0.500000000000017,0.,0.866025403784429));
#12093=DIRECTION('',(1.,0.,0.));
#12094=DIRECTION('',(0.500000000000017,0.,-0.866025403784429));
#12095=DIRECTION('',(-0.500000000000017,0.,-0.866025403784429));
#12096=DIRECTION('',(-1.,0.,0.));
#12097=DIRECTION('',(-0.500000000000017,0.,0.866025403784429));
#12098=DIRECTION('center_axis',(0.,-1.,0.));
#12099=DIRECTION('ref_axis',(-1.,0.,0.));
#12100=DIRECTION('',(0.500000000000017,0.,0.866025403784429));
#12101=DIRECTION('',(1.,0.,0.));
#12102=DIRECTION('',(0.500000000000017,0.,-0.866025403784429));
#12103=DIRECTION('',(-0.500000000000017,0.,-0.866025403784429));
#12104=DIRECTION('',(-1.,0.,0.));
#12105=DIRECTION('',(-0.500000000000017,0.,0.866025403784429));
#12106=DIRECTION('center_axis',(0.,0.,-1.));
#12107=DIRECTION('ref_axis',(-0.500000000000017,0.866025403784429,0.));
#12108=DIRECTION('',(0.,0.,1.));
#12109=DIRECTION('center_axis',(0.,0.,-1.));
#12110=DIRECTION('ref_axis',(-0.500000000000017,0.866025403784429,0.));
#12111=DIRECTION('center_axis',(0.,0.,1.));
#12112=DIRECTION('ref_axis',(-1.,0.,0.));
#12113=DIRECTION('center_axis',(0.,0.,1.));
#12114=DIRECTION('ref_axis',(-1.,0.,0.));
#12115=DIRECTION('',(0.,0.,1.));
#12116=DIRECTION('center_axis',(0.,0.,-1.));
#12117=DIRECTION('ref_axis',(0.500000000000017,-0.866025403784429,0.));
#12118=DIRECTION('center_axis',(0.,0.,-1.));
#12119=DIRECTION('ref_axis',(0.500000000000017,-0.866025403784429,0.));
#12120=DIRECTION('center_axis',(0.,0.,1.));
#12121=DIRECTION('ref_axis',(-1.,0.,0.));
#12122=DIRECTION('center_axis',(0.,0.,1.));
#12123=DIRECTION('ref_axis',(-1.,0.,0.));
#12124=DIRECTION('center_axis',(0.,0.,-1.));
#12125=DIRECTION('ref_axis',(1.,0.,0.));
#12126=DIRECTION('',(0.707106781186547,8.65956056235493E-17,0.707106781186547));
#12127=DIRECTION('center_axis',(0.,0.,-1.));
#12128=DIRECTION('ref_axis',(1.,0.,0.));
#12129=DIRECTION('center_axis',(0.,0.,1.));
#12130=DIRECTION('ref_axis',(-1.,0.,0.));
#12131=DIRECTION('center_axis',(0.,0.,-1.));
#12132=DIRECTION('ref_axis',(1.,0.,0.));
#12133=DIRECTION('',(0.707106781186547,8.65956056235493E-17,0.707106781186547));
#12134=DIRECTION('center_axis',(0.,0.,-1.));
#12135=DIRECTION('ref_axis',(1.,0.,0.));
#12136=DIRECTION('center_axis',(0.,0.,1.));
#12137=DIRECTION('ref_axis',(-1.,0.,0.));
#12138=DIRECTION('center_axis',(0.,0.,-1.));
#12139=DIRECTION('ref_axis',(1.,0.,0.));
#12140=DIRECTION('',(0.707106781186547,8.65956056235493E-17,0.707106781186547));
#12141=DIRECTION('center_axis',(0.,0.,-1.));
#12142=DIRECTION('ref_axis',(1.,0.,0.));
#12143=DIRECTION('center_axis',(0.,0.,1.));
#12144=DIRECTION('ref_axis',(-1.,0.,0.));
#12145=DIRECTION('center_axis',(0.,0.,-1.));
#12146=DIRECTION('ref_axis',(1.,0.,0.));
#12147=DIRECTION('',(0.707106781186547,8.65956056235493E-17,0.707106781186547));
#12148=DIRECTION('center_axis',(0.,0.,-1.));
#12149=DIRECTION('ref_axis',(1.,0.,0.));
#12150=DIRECTION('center_axis',(0.,0.,1.));
#12151=DIRECTION('ref_axis',(-1.,0.,0.));
#12152=DIRECTION('center_axis',(0.,0.,-1.));
#12153=DIRECTION('ref_axis',(1.,0.,0.));
#12154=DIRECTION('',(0.707106781186547,8.65956056235493E-17,0.707106781186547));
#12155=DIRECTION('center_axis',(0.,0.,-1.));
#12156=DIRECTION('ref_axis',(1.,0.,0.));
#12157=DIRECTION('center_axis',(0.,0.,1.));
#12158=DIRECTION('ref_axis',(-1.,0.,0.));
#12159=DIRECTION('center_axis',(0.,0.,-1.));
#12160=DIRECTION('ref_axis',(1.,0.,0.));
#12161=DIRECTION('',(0.707106781186547,8.65956056235493E-17,0.707106781186547));
#12162=DIRECTION('center_axis',(0.,0.,-1.));
#12163=DIRECTION('ref_axis',(1.,0.,0.));
#12164=DIRECTION('center_axis',(0.,0.,1.));
#12165=DIRECTION('ref_axis',(-0.500000000000017,0.866025403784429,0.));
#12166=DIRECTION('',(0.,0.,1.));
#12167=DIRECTION('center_axis',(0.,0.,1.));
#12168=DIRECTION('ref_axis',(-0.500000000000017,0.866025403784429,0.));
#12169=DIRECTION('center_axis',(0.,0.,1.));
#12170=DIRECTION('ref_axis',(-0.500000000000017,0.866025403784429,0.));
#12171=DIRECTION('',(0.,0.,1.));
#12172=DIRECTION('center_axis',(0.,0.,1.));
#12173=DIRECTION('ref_axis',(-0.500000000000017,0.866025403784429,0.));
#12174=DIRECTION('center_axis',(0.,0.,1.));
#12175=DIRECTION('ref_axis',(-0.500000000000017,0.866025403784429,0.));
#12176=DIRECTION('',(0.,0.,1.));
#12177=DIRECTION('center_axis',(0.,0.,1.));
#12178=DIRECTION('ref_axis',(-0.500000000000017,0.866025403784429,0.));
#12179=DIRECTION('center_axis',(0.,0.,1.));
#12180=DIRECTION('ref_axis',(-0.500000000000017,0.866025403784429,0.));
#12181=DIRECTION('',(0.,0.,1.));
#12182=DIRECTION('center_axis',(0.,0.,1.));
#12183=DIRECTION('ref_axis',(-0.500000000000017,0.866025403784429,0.));
#12184=DIRECTION('center_axis',(0.,0.,1.));
#12185=DIRECTION('ref_axis',(-0.500000000000017,0.866025403784429,0.));
#12186=DIRECTION('',(0.,0.,1.));
#12187=DIRECTION('center_axis',(0.,0.,1.));
#12188=DIRECTION('ref_axis',(-0.500000000000017,0.866025403784429,0.));
#12189=DIRECTION('center_axis',(0.,0.,1.));
#12190=DIRECTION('ref_axis',(-0.500000000000017,0.866025403784429,0.));
#12191=DIRECTION('',(0.,0.,1.));
#12192=DIRECTION('center_axis',(0.,0.,1.));
#12193=DIRECTION('ref_axis',(-0.500000000000017,0.866025403784429,0.));
#12194=DIRECTION('center_axis',(0.,0.,1.));
#12195=DIRECTION('ref_axis',(-1.,0.,0.));
#12196=DIRECTION('center_axis',(0.,0.,-1.));
#12197=DIRECTION('ref_axis',(-1.,0.,0.));
#12198=DIRECTION('center_axis',(0.,-1.,0.));
#12199=DIRECTION('ref_axis',(-1.,0.,0.));
#12200=DIRECTION('',(-0.511581795678711,0.859234581665651,-6.26507008579988E-17));
#12201=DIRECTION('center_axis',(0.,-1.,0.));
#12202=DIRECTION('ref_axis',(-1.,0.,0.));
#12203=DIRECTION('center_axis',(0.,-1.,0.));
#12204=DIRECTION('ref_axis',(-1.,0.,0.));
#12205=DIRECTION('',(-0.511581795678711,0.859234581665651,-6.26507008579988E-17));
#12206=DIRECTION('center_axis',(0.,-1.,0.));
#12207=DIRECTION('ref_axis',(-1.,0.,0.));
#12208=DIRECTION('center_axis',(0.866025403784429,0.,-0.500000000000017));
#12209=DIRECTION('ref_axis',(0.500000000000017,0.,0.866025403784429));
#12210=DIRECTION('',(0.,1.,0.));
#12211=DIRECTION('',(0.500000000000017,0.,0.866025403784429));
#12212=DIRECTION('',(0.,1.,0.));
#12213=DIRECTION('center_axis',(0.,0.,-1.));
#12214=DIRECTION('ref_axis',(1.,0.,0.));
#12215=DIRECTION('',(1.,0.,0.));
#12216=DIRECTION('',(0.,1.,0.));
#12217=DIRECTION('center_axis',(-0.866025403784429,0.,-0.500000000000017));
#12218=DIRECTION('ref_axis',(0.500000000000017,0.,-0.866025403784429));
#12219=DIRECTION('',(0.500000000000017,0.,-0.866025403784429));
#12220=DIRECTION('',(0.,1.,0.));
#12221=DIRECTION('center_axis',(-0.866025403784429,0.,0.500000000000017));
#12222=DIRECTION('ref_axis',(-0.500000000000017,0.,-0.866025403784429));
#12223=DIRECTION('',(-0.500000000000017,0.,-0.866025403784429));
#12224=DIRECTION('',(0.,1.,0.));
#12225=DIRECTION('center_axis',(0.,0.,1.));
#12226=DIRECTION('ref_axis',(-1.,0.,0.));
#12227=DIRECTION('',(-1.,0.,0.));
#12228=DIRECTION('',(0.,1.,0.));
#12229=DIRECTION('center_axis',(0.866025403784429,0.,0.500000000000017));
#12230=DIRECTION('ref_axis',(-0.500000000000017,0.,0.866025403784429));
#12231=DIRECTION('',(-0.500000000000017,0.,0.866025403784429));
#12232=DIRECTION('center_axis',(0.866025403784429,0.,-0.500000000000017));
#12233=DIRECTION('ref_axis',(0.500000000000017,0.,0.866025403784429));
#12234=DIRECTION('',(0.,1.,0.));
#12235=DIRECTION('',(0.500000000000017,0.,0.866025403784429));
#12236=DIRECTION('',(0.,1.,0.));
#12237=DIRECTION('center_axis',(0.,0.,-1.));
#12238=DIRECTION('ref_axis',(1.,0.,0.));
#12239=DIRECTION('',(1.,0.,0.));
#12240=DIRECTION('',(0.,1.,0.));
#12241=DIRECTION('center_axis',(-0.866025403784429,0.,-0.500000000000017));
#12242=DIRECTION('ref_axis',(0.500000000000017,0.,-0.866025403784429));
#12243=DIRECTION('',(0.500000000000017,0.,-0.866025403784429));
#12244=DIRECTION('',(0.,1.,0.));
#12245=DIRECTION('center_axis',(-0.866025403784429,0.,0.500000000000017));
#12246=DIRECTION('ref_axis',(-0.500000000000017,0.,-0.866025403784429));
#12247=DIRECTION('',(-0.500000000000017,0.,-0.866025403784429));
#12248=DIRECTION('',(0.,1.,0.));
#12249=DIRECTION('center_axis',(0.,0.,1.));
#12250=DIRECTION('ref_axis',(-1.,0.,0.));
#12251=DIRECTION('',(-1.,0.,0.));
#12252=DIRECTION('',(0.,1.,0.));
#12253=DIRECTION('center_axis',(0.866025403784429,0.,0.500000000000017));
#12254=DIRECTION('ref_axis',(-0.500000000000017,0.,0.866025403784429));
#12255=DIRECTION('',(-0.500000000000017,0.,0.866025403784429));
#12256=DIRECTION('center_axis',(0.,0.,-1.));
#12257=DIRECTION('ref_axis',(-0.500000000000017,0.866025403784429,0.));
#12258=DIRECTION('',(-0.353553390593286,0.612372435695788,0.707106781186548));
#12259=DIRECTION('center_axis',(0.,0.,-1.));
#12260=DIRECTION('ref_axis',(0.800946907765252,-0.598735376390339,0.));
#12261=DIRECTION('center_axis',(0.,0.,-1.));
#12262=DIRECTION('ref_axis',(0.118046592215797,-0.993008057402475,0.));
#12263=DIRECTION('center_axis',(0.,0.,-1.));
#12264=DIRECTION('ref_axis',(-0.0263122154951813,-0.99965377372155,0.));
#12265=DIRECTION('center_axis',(0.,0.,-1.));
#12266=DIRECTION('ref_axis',(-0.118046592215797,-0.993008057402475,0.));
#12267=DIRECTION('center_axis',(0.,0.,-1.));
#12268=DIRECTION('ref_axis',(-0.800946907765252,-0.598735376390339,0.));
#12269=DIRECTION('center_axis',(0.,0.,-1.));
#12270=DIRECTION('ref_axis',(-0.878881670778678,-0.477039839813488,0.));
#12271=DIRECTION('center_axis',(0.,0.,-1.));
#12272=DIRECTION('ref_axis',(-0.918993499981109,-0.394272681012104,0.));
#12273=DIRECTION('center_axis',(0.,0.,-1.));
#12274=DIRECTION('ref_axis',(-0.918993499981109,0.394272681012104,0.));
#12275=DIRECTION('center_axis',(0.,0.,-1.));
#12276=DIRECTION('ref_axis',(-0.852569455284665,0.522613933908779,0.));
#12277=DIRECTION('center_axis',(0.,0.,-1.));
#12278=DIRECTION('ref_axis',(-0.800946907765252,0.598735376390339,0.));
#12279=DIRECTION('center_axis',(0.,0.,-1.));
#12280=DIRECTION('ref_axis',(-0.118046592215896,0.993008057402463,0.));
#12281=DIRECTION('center_axis',(0.,0.,-1.));
#12282=DIRECTION('ref_axis',(0.0263122154952013,0.999653773721549,0.));
#12283=DIRECTION('center_axis',(0.,0.,-1.));
#12284=DIRECTION('ref_axis',(0.118046592215896,0.993008057402463,0.));
#12285=DIRECTION('center_axis',(0.,0.,-1.));
#12286=DIRECTION('ref_axis',(0.800946907765252,0.598735376390339,0.));
#12287=DIRECTION('center_axis',(0.,0.,-1.));
#12288=DIRECTION('ref_axis',(0.878881670778678,0.477039839813488,0.));
#12289=DIRECTION('center_axis',(0.,0.,-1.));
#12290=DIRECTION('ref_axis',(0.918993499981109,0.394272681012104,0.));
#12291=DIRECTION('center_axis',(0.,0.,-1.));
#12292=DIRECTION('ref_axis',(0.918993499981109,-0.394272681012104,0.));
#12293=DIRECTION('center_axis',(0.,0.,-1.));
#12294=DIRECTION('ref_axis',(0.852569455284665,-0.522613933908779,0.));
#12295=DIRECTION('center_axis',(0.,0.,-1.));
#12296=DIRECTION('ref_axis',(0.800946907765252,-0.598735376390339,0.));
#12297=DIRECTION('center_axis',(0.,0.,1.));
#12298=DIRECTION('ref_axis',(-0.500000000000017,0.866025403784429,0.));
#12299=DIRECTION('',(-0.46984631039297,0.813797681349364,-0.342020143325669));
#12300=DIRECTION('center_axis',(0.,0.,1.));
#12301=DIRECTION('ref_axis',(0.500000000000017,-0.866025403784429,0.));
#12302=DIRECTION('center_axis',(0.,0.,1.));
#12303=DIRECTION('ref_axis',(0.500000000000017,-0.866025403784429,0.));
#12304=DIRECTION('center_axis',(0.,0.,-1.));
#12305=DIRECTION('ref_axis',(1.,0.,0.));
#12306=DIRECTION('',(0.939692620785908,-1.15079156022785E-16,0.342020143325669));
#12307=DIRECTION('center_axis',(0.,0.,-1.));
#12308=DIRECTION('ref_axis',(-1.,0.,0.));
#12309=DIRECTION('center_axis',(0.,0.,-1.));
#12310=DIRECTION('ref_axis',(-1.,0.,0.));
#12311=DIRECTION('center_axis',(0.,0.,-1.));
#12312=DIRECTION('ref_axis',(1.,0.,0.));
#12313=DIRECTION('',(0.,0.,-1.));
#12314=DIRECTION('center_axis',(0.,0.,-1.));
#12315=DIRECTION('ref_axis',(1.,0.,0.));
#12316=DIRECTION('center_axis',(0.,0.,-1.));
#12317=DIRECTION('ref_axis',(1.,0.,0.));
#12318=DIRECTION('',(0.,0.,-1.));
#12319=DIRECTION('center_axis',(0.,0.,-1.));
#12320=DIRECTION('ref_axis',(1.,0.,0.));
#12321=DIRECTION('center_axis',(0.,0.,-1.));
#12322=DIRECTION('ref_axis',(1.,0.,0.));
#12323=DIRECTION('',(0.,0.,-1.));
#12324=DIRECTION('center_axis',(0.,0.,-1.));
#12325=DIRECTION('ref_axis',(1.,0.,0.));
#12326=DIRECTION('center_axis',(0.,0.,-1.));
#12327=DIRECTION('ref_axis',(1.,0.,0.));
#12328=DIRECTION('',(0.,0.,-1.));
#12329=DIRECTION('center_axis',(0.,0.,-1.));
#12330=DIRECTION('ref_axis',(1.,0.,0.));
#12331=DIRECTION('center_axis',(0.,0.,-1.));
#12332=DIRECTION('ref_axis',(1.,0.,0.));
#12333=DIRECTION('',(0.,0.,-1.));
#12334=DIRECTION('center_axis',(0.,0.,-1.));
#12335=DIRECTION('ref_axis',(1.,0.,0.));
#12336=DIRECTION('center_axis',(0.,0.,-1.));
#12337=DIRECTION('ref_axis',(1.,0.,0.));
#12338=DIRECTION('',(0.,0.,-1.));
#12339=DIRECTION('center_axis',(0.,0.,-1.));
#12340=DIRECTION('ref_axis',(1.,0.,0.));
#12341=DIRECTION('center_axis',(0.,0.,1.));
#12342=DIRECTION('ref_axis',(-0.500000000000017,0.866025403784429,0.));
#12343=DIRECTION('',(0.353553390593286,-0.612372435695788,0.707106781186548));
#12344=DIRECTION('center_axis',(0.,0.,1.));
#12345=DIRECTION('ref_axis',(-0.500000000000017,0.866025403784429,0.));
#12346=DIRECTION('center_axis',(0.,0.,1.));
#12347=DIRECTION('ref_axis',(-0.500000000000017,0.866025403784429,0.));
#12348=DIRECTION('center_axis',(0.,0.,1.));
#12349=DIRECTION('ref_axis',(-0.500000000000017,0.866025403784429,0.));
#12350=DIRECTION('',(0.353553390593286,-0.612372435695788,0.707106781186548));
#12351=DIRECTION('center_axis',(0.,0.,1.));
#12352=DIRECTION('ref_axis',(-0.500000000000017,0.866025403784429,0.));
#12353=DIRECTION('center_axis',(0.,0.,1.));
#12354=DIRECTION('ref_axis',(-0.500000000000017,0.866025403784429,0.));
#12355=DIRECTION('center_axis',(0.,0.,1.));
#12356=DIRECTION('ref_axis',(-0.500000000000017,0.866025403784429,0.));
#12357=DIRECTION('',(0.353553390593286,-0.612372435695788,0.707106781186548));
#12358=DIRECTION('center_axis',(0.,0.,1.));
#12359=DIRECTION('ref_axis',(-0.500000000000017,0.866025403784429,0.));
#12360=DIRECTION('center_axis',(0.,0.,1.));
#12361=DIRECTION('ref_axis',(-0.500000000000017,0.866025403784429,0.));
#12362=DIRECTION('center_axis',(0.,0.,1.));
#12363=DIRECTION('ref_axis',(-0.500000000000017,0.866025403784429,0.));
#12364=DIRECTION('',(0.353553390593286,-0.612372435695788,0.707106781186548));
#12365=DIRECTION('center_axis',(0.,0.,1.));
#12366=DIRECTION('ref_axis',(-0.500000000000017,0.866025403784429,0.));
#12367=DIRECTION('center_axis',(0.,0.,1.));
#12368=DIRECTION('ref_axis',(-0.500000000000017,0.866025403784429,0.));
#12369=DIRECTION('center_axis',(0.,0.,1.));
#12370=DIRECTION('ref_axis',(-0.500000000000017,0.866025403784429,0.));
#12371=DIRECTION('',(0.353553390593286,-0.612372435695788,0.707106781186548));
#12372=DIRECTION('center_axis',(0.,0.,1.));
#12373=DIRECTION('ref_axis',(-0.500000000000017,0.866025403784429,0.));
#12374=DIRECTION('center_axis',(0.,0.,1.));
#12375=DIRECTION('ref_axis',(-0.500000000000017,0.866025403784429,0.));
#12376=DIRECTION('center_axis',(0.,0.,1.));
#12377=DIRECTION('ref_axis',(-0.500000000000017,0.866025403784429,0.));
#12378=DIRECTION('',(0.353553390593286,-0.612372435695788,0.707106781186548));
#12379=DIRECTION('center_axis',(0.,0.,1.));
#12380=DIRECTION('ref_axis',(-0.500000000000017,0.866025403784429,0.));
#12381=DIRECTION('center_axis',(0.,0.,1.));
#12382=DIRECTION('ref_axis',(-0.500000000000017,0.866025403784429,0.));
#12383=DIRECTION('center_axis',(0.,0.,1.));
#12384=DIRECTION('ref_axis',(-1.,0.,0.));
#12385=DIRECTION('',(0.,0.,-1.));
#12386=DIRECTION('center_axis',(0.,0.,1.));
#12387=DIRECTION('ref_axis',(-1.,0.,0.));
#12388=DIRECTION('center_axis',(0.,1.,0.));
#12389=DIRECTION('ref_axis',(1.,0.,0.));
#12390=DIRECTION('center_axis',(0.,1.,0.));
#12391=DIRECTION('ref_axis',(1.,0.,0.));
#12392=DIRECTION('center_axis',(0.,-1.,0.));
#12393=DIRECTION('ref_axis',(-1.,0.,0.));
#12394=DIRECTION('center_axis',(0.,-1.,0.));
#12395=DIRECTION('ref_axis',(-1.,0.,0.));
#12396=DIRECTION('center_axis',(0.,0.,-1.));
#12397=DIRECTION('ref_axis',(-0.500000000000017,0.866025403784429,0.));
#12398=DIRECTION('center_axis',(0.,0.,1.));
#12399=DIRECTION('ref_axis',(0.997757615338778,0.0669308675685185,0.));
#12400=DIRECTION('center_axis',(0.,0.,1.));
#12401=DIRECTION('ref_axis',(0.440914976057713,0.897548875487027,0.));
#12402=DIRECTION('center_axis',(0.,0.,1.));
#12403=DIRECTION('ref_axis',(0.440914976057713,0.897548875487027,0.));
#12404=DIRECTION('center_axis',(0.,0.,1.));
#12405=DIRECTION('ref_axis',(-0.556842639281089,0.830618007918484,0.));
#12406=DIRECTION('center_axis',(0.,0.,1.));
#12407=DIRECTION('ref_axis',(-0.997757615338778,-0.0669308675685185,0.));
#12408=DIRECTION('center_axis',(0.,0.,1.));
#12409=DIRECTION('ref_axis',(-0.440914976057713,-0.897548875487027,0.));
#12410=DIRECTION('center_axis',(0.,0.,1.));
#12411=DIRECTION('ref_axis',(-0.440914976057713,-0.897548875487027,0.));
#12412=DIRECTION('center_axis',(0.,0.,1.));
#12413=DIRECTION('ref_axis',(0.55684263928102,-0.83061800791853,0.));
#12414=DIRECTION('center_axis',(0.,0.,1.));
#12415=DIRECTION('ref_axis',(0.55684263928102,-0.83061800791853,0.));
#12416=DIRECTION('center_axis',(0.,0.,1.));
#12417=DIRECTION('ref_axis',(0.997757615338778,0.0669308675685185,0.));
#12418=DIRECTION('center_axis',(0.,0.,1.));
#12419=DIRECTION('ref_axis',(0.500000000000017,-0.866025403784429,0.));
#12420=DIRECTION('center_axis',(0.,0.,1.));
#12421=DIRECTION('ref_axis',(0.500000000000017,-0.866025403784429,0.));
#12422=DIRECTION('center_axis',(0.,0.,1.));
#12423=DIRECTION('ref_axis',(0.55684263928102,0.83061800791853,0.));
#12424=DIRECTION('center_axis',(0.,0.,1.));
#12425=DIRECTION('ref_axis',(0.55684263928102,0.83061800791853,0.));
#12426=DIRECTION('center_axis',(0.,0.,1.));
#12427=DIRECTION('ref_axis',(0.500000000000017,-0.866025403784429,0.));
#12428=DIRECTION('center_axis',(0.,0.,1.));
#12429=DIRECTION('ref_axis',(0.500000000000017,-0.866025403784429,0.));
#12430=DIRECTION('center_axis',(0.,0.,1.));
#12431=DIRECTION('ref_axis',(0.997757615338778,-0.0669308675685185,0.));
#12432=DIRECTION('center_axis',(0.,0.,1.));
#12433=DIRECTION('ref_axis',(0.500000000000017,-0.866025403784429,0.));
#12434=DIRECTION('center_axis',(0.,0.,1.));
#12435=DIRECTION('ref_axis',(0.500000000000017,-0.866025403784429,0.));
#12436=DIRECTION('center_axis',(0.,0.,-1.));
#12437=DIRECTION('ref_axis',(0.500000000000017,-0.866025403784429,0.));
#12438=DIRECTION('center_axis',(0.,0.,1.));
#12439=DIRECTION('ref_axis',(0.500000000000017,-0.866025403784429,0.));
#12440=DIRECTION('center_axis',(0.,0.,1.));
#12441=DIRECTION('ref_axis',(0.500000000000017,-0.866025403784429,0.));
#12442=DIRECTION('center_axis',(0.,0.,-1.));
#12443=DIRECTION('ref_axis',(0.500000000000017,-0.866025403784429,0.));
#12444=DIRECTION('center_axis',(0.,0.,1.));
#12445=DIRECTION('ref_axis',(0.500000000000017,-0.866025403784429,0.));
#12446=DIRECTION('center_axis',(0.,0.,1.));
#12447=DIRECTION('ref_axis',(0.500000000000017,-0.866025403784429,0.));
#12448=DIRECTION('center_axis',(0.,0.,-1.));
#12449=DIRECTION('ref_axis',(-0.440914976057713,-0.897548875487027,0.));
#12450=DIRECTION('center_axis',(0.,0.,1.));
#12451=DIRECTION('ref_axis',(0.500000000000017,-0.866025403784429,0.));
#12452=DIRECTION('center_axis',(0.,0.,1.));
#12453=DIRECTION('ref_axis',(0.500000000000017,-0.866025403784429,0.));
#12454=DIRECTION('center_axis',(0.,0.,1.));
#12455=DIRECTION('ref_axis',(-0.440914976057713,0.897548875487027,0.));
#12456=DIRECTION('center_axis',(0.,0.,1.));
#12457=DIRECTION('ref_axis',(-0.440914976057713,0.897548875487027,0.));
#12458=DIRECTION('center_axis',(0.,0.,1.));
#12459=DIRECTION('ref_axis',(0.500000000000017,-0.866025403784429,0.));
#12460=DIRECTION('center_axis',(0.,0.,1.));
#12461=DIRECTION('ref_axis',(0.500000000000017,-0.866025403784429,0.));
#12462=DIRECTION('center_axis',(0.,0.,1.));
#12463=DIRECTION('ref_axis',(0.500000000000017,-0.866025403784429,0.));
#12464=DIRECTION('center_axis',(0.,0.,1.));
#12465=DIRECTION('ref_axis',(0.500000000000017,-0.866025403784429,0.));
#12466=DIRECTION('',(0.,0.,-1.));
#12467=DIRECTION('center_axis',(0.,0.,1.));
#12468=DIRECTION('ref_axis',(0.500000000000017,-0.866025403784429,0.));
#12469=DIRECTION('center_axis',(0.,0.,1.));
#12470=DIRECTION('ref_axis',(0.500000000000017,-0.866025403784429,0.));
#12471=DIRECTION('center_axis',(0.,0.,1.));
#12472=DIRECTION('ref_axis',(0.500000000000017,-0.866025403784429,0.));
#12473=DIRECTION('',(0.,0.,-1.));
#12474=DIRECTION('center_axis',(0.,0.,1.));
#12475=DIRECTION('ref_axis',(0.500000000000017,-0.866025403784429,0.));
#12476=DIRECTION('center_axis',(0.,0.,1.));
#12477=DIRECTION('ref_axis',(0.500000000000017,-0.866025403784429,0.));
#12478=DIRECTION('center_axis',(0.,0.,1.));
#12479=DIRECTION('ref_axis',(0.500000000000017,-0.866025403784429,0.));
#12480=DIRECTION('',(0.,0.,-1.));
#12481=DIRECTION('center_axis',(0.,0.,1.));
#12482=DIRECTION('ref_axis',(0.500000000000017,-0.866025403784429,0.));
#12483=DIRECTION('center_axis',(0.,0.,1.));
#12484=DIRECTION('ref_axis',(0.500000000000017,-0.866025403784429,0.));
#12485=DIRECTION('center_axis',(0.,0.,1.));
#12486=DIRECTION('ref_axis',(0.500000000000017,-0.866025403784429,0.));
#12487=DIRECTION('',(0.,0.,-1.));
#12488=DIRECTION('center_axis',(0.,0.,1.));
#12489=DIRECTION('ref_axis',(0.500000000000017,-0.866025403784429,0.));
#12490=DIRECTION('center_axis',(0.,0.,1.));
#12491=DIRECTION('ref_axis',(0.500000000000017,-0.866025403784429,0.));
#12492=DIRECTION('center_axis',(0.,0.,1.));
#12493=DIRECTION('ref_axis',(0.500000000000017,-0.866025403784429,0.));
#12494=DIRECTION('',(0.,0.,-1.));
#12495=DIRECTION('center_axis',(0.,0.,1.));
#12496=DIRECTION('ref_axis',(0.500000000000017,-0.866025403784429,0.));
#12497=DIRECTION('center_axis',(0.,0.,1.));
#12498=DIRECTION('ref_axis',(0.500000000000017,-0.866025403784429,0.));
#12499=DIRECTION('center_axis',(0.,0.,1.));
#12500=DIRECTION('ref_axis',(0.500000000000017,-0.866025403784429,0.));
#12501=DIRECTION('',(0.,0.,-1.));
#12502=DIRECTION('center_axis',(0.,0.,-1.));
#12503=DIRECTION('ref_axis',(0.500000000000017,-0.866025403784429,0.));
#12504=DIRECTION('center_axis',(0.,0.,1.));
#12505=DIRECTION('ref_axis',(0.500000000000017,-0.866025403784429,0.));
#12506=DIRECTION('',(-0.0435778713738305,0.0754790873051725,-0.996194698091746));
#12507=DIRECTION('center_axis',(0.,0.,1.));
#12508=DIRECTION('ref_axis',(-1.,0.,0.));
#12509=DIRECTION('center_axis',(0.,0.,-1.));
#12510=DIRECTION('ref_axis',(-1.,0.,0.));
#12511=DIRECTION('',(0.0871557427476582,1.0673500138323E-17,0.996194698091746));
#12512=DIRECTION('center_axis',(0.,0.,-1.));
#12513=DIRECTION('ref_axis',(1.,0.,0.));
#12514=DIRECTION('',(-0.707106781186547,8.65956056235493E-17,-0.707106781186547));
#12515=DIRECTION('center_axis',(0.,0.,-1.));
#12516=DIRECTION('ref_axis',(1.,0.,0.));
#12517=DIRECTION('center_axis',(0.,0.,-1.));
#12518=DIRECTION('ref_axis',(1.,0.,0.));
#12519=DIRECTION('',(-0.707106781186548,8.65956056235494E-17,-0.707106781186548));
#12520=DIRECTION('center_axis',(0.,0.,-1.));
#12521=DIRECTION('ref_axis',(1.,0.,0.));
#12522=DIRECTION('center_axis',(0.,0.,-1.));
#12523=DIRECTION('ref_axis',(1.,0.,0.));
#12524=DIRECTION('',(-0.707106781186547,8.65956056235493E-17,-0.707106781186547));
#12525=DIRECTION('center_axis',(0.,0.,-1.));
#12526=DIRECTION('ref_axis',(1.,0.,0.));
#12527=DIRECTION('center_axis',(0.,0.,-1.));
#12528=DIRECTION('ref_axis',(1.,0.,0.));
#12529=DIRECTION('',(-0.707106781186547,8.65956056235493E-17,-0.707106781186547));
#12530=DIRECTION('center_axis',(0.,0.,-1.));
#12531=DIRECTION('ref_axis',(1.,0.,0.));
#12532=DIRECTION('center_axis',(0.,0.,-1.));
#12533=DIRECTION('ref_axis',(1.,0.,0.));
#12534=DIRECTION('',(-0.707106781186548,8.65956056235494E-17,-0.707106781186548));
#12535=DIRECTION('center_axis',(0.,0.,-1.));
#12536=DIRECTION('ref_axis',(1.,0.,0.));
#12537=DIRECTION('center_axis',(0.,0.,-1.));
#12538=DIRECTION('ref_axis',(1.,0.,0.));
#12539=DIRECTION('',(-0.707106781186547,8.65956056235493E-17,-0.707106781186547));
#12540=DIRECTION('center_axis',(0.,0.,-1.));
#12541=DIRECTION('ref_axis',(1.,0.,0.));
#12542=DIRECTION('center_axis',(0.,0.,-1.));
#12543=DIRECTION('ref_axis',(-1.,0.,0.));
#12544=DIRECTION('center_axis',(0.,0.,-1.));
#12545=DIRECTION('ref_axis',(-1.,0.,0.));
#12546=DIRECTION('center_axis',(0.,0.,1.));
#12547=DIRECTION('ref_axis',(0.500000000000017,-0.866025403784429,0.));
#12548=DIRECTION('center_axis',(0.,0.,1.));
#12549=DIRECTION('ref_axis',(0.500000000000017,-0.866025403784429,0.));
#12550=DIRECTION('',(0.,0.,1.));
#12551=DIRECTION('center_axis',(0.,0.,1.));
#12552=DIRECTION('ref_axis',(0.500000000000017,-0.866025403784429,0.));
#12553=DIRECTION('',(0.,0.,-1.));
#12554=DIRECTION('center_axis',(0.,0.,-1.));
#12555=DIRECTION('ref_axis',(0.500000000000017,-0.866025403784429,0.));
#12556=DIRECTION('center_axis',(0.,0.,1.));
#12557=DIRECTION('ref_axis',(0.500000000000017,-0.866025403784429,0.));
#12558=DIRECTION('',(0.,0.,-1.));
#12559=DIRECTION('center_axis',(0.,0.,-1.));
#12560=DIRECTION('ref_axis',(0.500000000000017,-0.866025403784429,0.));
#12561=DIRECTION('center_axis',(0.,0.,1.));
#12562=DIRECTION('ref_axis',(0.500000000000017,-0.866025403784429,0.));
#12563=DIRECTION('',(0.,0.,-1.));
#12564=DIRECTION('center_axis',(0.,0.,-1.));
#12565=DIRECTION('ref_axis',(0.500000000000017,-0.866025403784429,0.));
#12566=DIRECTION('center_axis',(0.,0.,1.));
#12567=DIRECTION('ref_axis',(0.500000000000017,-0.866025403784429,0.));
#12568=DIRECTION('',(0.,0.,-1.));
#12569=DIRECTION('center_axis',(0.,0.,-1.));
#12570=DIRECTION('ref_axis',(0.500000000000017,-0.866025403784429,0.));
#12571=DIRECTION('center_axis',(0.,0.,1.));
#12572=DIRECTION('ref_axis',(0.500000000000017,-0.866025403784429,0.));
#12573=DIRECTION('',(0.,0.,-1.));
#12574=DIRECTION('center_axis',(0.,0.,-1.));
#12575=DIRECTION('ref_axis',(0.500000000000017,-0.866025403784429,0.));
#12576=DIRECTION('center_axis',(0.,0.,1.));
#12577=DIRECTION('ref_axis',(0.500000000000017,-0.866025403784429,0.));
#12578=DIRECTION('',(0.,0.,-1.));
#12579=DIRECTION('center_axis',(0.,0.,-1.));
#12580=DIRECTION('ref_axis',(0.500000000000017,-0.866025403784429,0.));
#12581=DIRECTION('center_axis',(0.,0.,-1.));
#12582=DIRECTION('ref_axis',(0.866025403784429,0.500000000000017,0.));
#12583=DIRECTION('',(0.61237229775198,0.353553310951391,0.7071069404703));
#12584=DIRECTION('center_axis',(0.,0.,1.));
#12585=DIRECTION('ref_axis',(0.500000000000017,-0.866025403784429,0.));
#12586=DIRECTION('center_axis',(0.,0.,-1.));
#12587=DIRECTION('ref_axis',(0.866025403784429,0.500000000000017,0.));
#12588=DIRECTION('',(0.61237229775198,0.353553310951391,0.7071069404703));
#12589=DIRECTION('center_axis',(0.,0.,1.));
#12590=DIRECTION('ref_axis',(0.500000000000017,-0.866025403784429,0.));
#12591=DIRECTION('center_axis',(0.,0.,-1.));
#12592=DIRECTION('ref_axis',(0.866025403784429,0.500000000000017,0.));
#12593=DIRECTION('',(0.61237229775198,0.353553310951391,0.7071069404703));
#12594=DIRECTION('center_axis',(0.,0.,1.));
#12595=DIRECTION('ref_axis',(0.500000000000017,-0.866025403784429,0.));
#12596=DIRECTION('center_axis',(0.,0.,-1.));
#12597=DIRECTION('ref_axis',(0.866025403784429,0.500000000000017,0.));
#12598=DIRECTION('',(0.61237229775198,0.353553310951391,0.7071069404703));
#12599=DIRECTION('center_axis',(0.,0.,1.));
#12600=DIRECTION('ref_axis',(0.500000000000017,-0.866025403784429,0.));
#12601=DIRECTION('center_axis',(0.,0.,-1.));
#12602=DIRECTION('ref_axis',(0.866025403784429,0.500000000000017,0.));
#12603=DIRECTION('',(0.61237229775198,0.353553310951391,0.7071069404703));
#12604=DIRECTION('center_axis',(0.,0.,1.));
#12605=DIRECTION('ref_axis',(0.500000000000017,-0.866025403784429,0.));
#12606=DIRECTION('center_axis',(0.,0.,-1.));
#12607=DIRECTION('ref_axis',(0.866025403784429,0.500000000000017,0.));
#12608=DIRECTION('',(0.61237229775198,0.353553310951391,0.7071069404703));
#12609=DIRECTION('center_axis',(0.,0.,1.));
#12610=DIRECTION('ref_axis',(0.500000000000017,-0.866025403784429,0.));
#12611=DIRECTION('center_axis',(0.,0.,-1.));
#12612=DIRECTION('ref_axis',(0.500000000000017,-0.866025403784429,0.));
#12613=DIRECTION('center_axis',(0.,0.,1.));
#12614=DIRECTION('ref_axis',(-1.,0.,0.));
#12615=DIRECTION('center_axis',(0.,0.,-1.));
#12616=DIRECTION('ref_axis',(-1.,0.,0.));
#12617=DIRECTION('center_axis',(0.,0.,-1.));
#12618=DIRECTION('ref_axis',(1.,0.,0.));
#12619=DIRECTION('center_axis',(0.,0.,-1.));
#12620=DIRECTION('ref_axis',(0.500000000000017,-0.866025403784429,0.));
#12621=DIRECTION('center_axis',(0.,0.,-1.));
#12622=DIRECTION('ref_axis',(-0.500000000000017,-0.866025403784429,0.));
#12623=DIRECTION('center_axis',(0.,0.,-1.));
#12624=DIRECTION('ref_axis',(0.500000000000017,-0.866025403784429,0.));
#12625=DIRECTION('center_axis',(0.,0.,-1.));
#12626=DIRECTION('ref_axis',(-0.500000000000017,-0.866025403784429,0.));
#12627=DIRECTION('center_axis',(0.,0.,-1.));
#12628=DIRECTION('ref_axis',(0.500000000000017,-0.866025403784429,0.));
#12629=DIRECTION('center_axis',(0.,0.,-1.));
#12630=DIRECTION('ref_axis',(-0.500000000000017,0.866025403784429,0.));
#12631=DIRECTION('center_axis',(0.,0.,-1.));
#12632=DIRECTION('ref_axis',(0.500000000000017,-0.866025403784429,0.));
#12633=DIRECTION('center_axis',(0.,0.,-1.));
#12634=DIRECTION('ref_axis',(-0.500000000000017,0.866025403784429,0.));
#12635=DIRECTION('center_axis',(0.,0.,-1.));
#12636=DIRECTION('ref_axis',(0.500000000000017,-0.866025403784429,0.));
#12637=DIRECTION('center_axis',(0.,0.,-1.));
#12638=DIRECTION('ref_axis',(1.,0.,0.));
#12639=DIRECTION('center_axis',(0.,0.,-1.));
#12640=DIRECTION('ref_axis',(0.500000000000017,-0.866025403784429,0.));
#12641=DIRECTION('center_axis',(0.,0.,-1.));
#12642=DIRECTION('ref_axis',(-1.,0.,0.));
#12643=DIRECTION('',(0.,0.,-1.));
#12644=DIRECTION('center_axis',(0.,0.,1.));
#12645=DIRECTION('ref_axis',(0.500000000000017,-0.866025403784429,0.));
#12646=DIRECTION('center_axis',(0.,0.,-1.));
#12647=DIRECTION('ref_axis',(0.500000000000017,-0.866025403784429,0.));
#12648=DIRECTION('center_axis',(0.,0.,1.));
#12649=DIRECTION('ref_axis',(0.500000000000017,-0.866025403784429,0.));
#12650=DIRECTION('center_axis',(0.,0.,-1.));
#12651=DIRECTION('ref_axis',(0.500000000000017,-0.866025403784429,0.));
#12652=DIRECTION('center_axis',(0.,0.,1.));
#12653=DIRECTION('ref_axis',(0.500000000000017,-0.866025403784429,0.));
#12654=DIRECTION('center_axis',(0.,0.,-1.));
#12655=DIRECTION('ref_axis',(0.500000000000017,-0.866025403784429,0.));
#12656=DIRECTION('center_axis',(0.,0.,1.));
#12657=DIRECTION('ref_axis',(0.500000000000017,-0.866025403784429,0.));
#12658=DIRECTION('center_axis',(0.,0.,-1.));
#12659=DIRECTION('ref_axis',(0.500000000000017,-0.866025403784429,0.));
#12660=DIRECTION('center_axis',(0.,0.,1.));
#12661=DIRECTION('ref_axis',(0.500000000000017,-0.866025403784429,0.));
#12662=DIRECTION('center_axis',(0.,0.,-1.));
#12663=DIRECTION('ref_axis',(0.500000000000017,-0.866025403784429,0.));
#12664=DIRECTION('center_axis',(0.,0.,1.));
#12665=DIRECTION('ref_axis',(0.500000000000017,-0.866025403784429,0.));
#12666=DIRECTION('center_axis',(0.,0.,-1.));
#12667=DIRECTION('ref_axis',(0.500000000000017,-0.866025403784429,0.));
#12668=DIRECTION('center_axis',(0.,0.,1.));
#12669=DIRECTION('ref_axis',(0.500000000000017,-0.866025403784429,0.));
#12670=DIRECTION('',(-1.,0.,0.));
#12671=DIRECTION('',(-0.500000000000017,0.866025403784429,0.));
#12672=DIRECTION('',(0.500000000000017,0.866025403784429,0.));
#12673=DIRECTION('',(1.,0.,0.));
#12674=DIRECTION('',(0.500000000000017,-0.866025403784429,0.));
#12675=DIRECTION('',(-0.500000000000017,-0.866025403784429,0.));
#12676=DIRECTION('center_axis',(0.,0.,1.));
#12677=DIRECTION('ref_axis',(0.500000000000017,-0.866025403784429,0.));
#12678=DIRECTION('',(-1.,0.,0.));
#12679=DIRECTION('',(-0.500000000000017,0.866025403784429,0.));
#12680=DIRECTION('',(0.500000000000017,0.866025403784429,0.));
#12681=DIRECTION('',(1.,0.,0.));
#12682=DIRECTION('',(0.500000000000017,-0.866025403784429,0.));
#12683=DIRECTION('',(-0.500000000000017,-0.866025403784429,0.));
#12684=DIRECTION('center_axis',(0.,0.,1.));
#12685=DIRECTION('ref_axis',(0.500000000000017,-0.866025403784429,0.));
#12686=DIRECTION('',(-1.,0.,0.));
#12687=DIRECTION('',(-0.500000000000017,0.866025403784429,0.));
#12688=DIRECTION('',(0.500000000000017,0.866025403784429,0.));
#12689=DIRECTION('',(1.,0.,0.));
#12690=DIRECTION('',(0.500000000000017,-0.866025403784429,0.));
#12691=DIRECTION('',(-0.500000000000017,-0.866025403784429,0.));
#12692=DIRECTION('center_axis',(0.,0.,1.));
#12693=DIRECTION('ref_axis',(0.500000000000017,-0.866025403784429,0.));
#12694=DIRECTION('',(-1.,0.,0.));
#12695=DIRECTION('',(-0.500000000000017,0.866025403784429,0.));
#12696=DIRECTION('',(0.500000000000017,0.866025403784429,0.));
#12697=DIRECTION('',(1.,0.,0.));
#12698=DIRECTION('',(0.500000000000017,-0.866025403784429,1.64092815904705E-14));
#12699=DIRECTION('',(-0.500000000000017,-0.866025403784429,0.));
#12700=DIRECTION('center_axis',(0.,0.,1.));
#12701=DIRECTION('ref_axis',(0.500000000000017,-0.866025403784429,0.));
#12702=DIRECTION('',(-1.,0.,0.));
#12703=DIRECTION('',(-0.500000000000017,0.866025403784429,0.));
#12704=DIRECTION('',(0.500000000000017,0.866025403784429,0.));
#12705=DIRECTION('',(1.,0.,0.));
#12706=DIRECTION('',(0.500000000000017,-0.866025403784429,0.));
#12707=DIRECTION('',(-0.500000000000017,-0.866025403784429,0.));
#12708=DIRECTION('center_axis',(0.,0.,1.));
#12709=DIRECTION('ref_axis',(0.500000000000017,-0.866025403784429,0.));
#12710=DIRECTION('',(-1.,0.,0.));
#12711=DIRECTION('',(-0.500000000000017,0.866025403784429,0.));
#12712=DIRECTION('',(0.500000000000017,0.866025403784429,0.));
#12713=DIRECTION('',(1.,0.,0.));
#12714=DIRECTION('',(0.500000000000017,-0.866025403784429,1.64092815904705E-14));
#12715=DIRECTION('',(-0.500000000000017,-0.866025403784429,0.));
#12716=DIRECTION('center_axis',(0.,0.,-1.));
#12717=DIRECTION('ref_axis',(-0.500000000000017,0.866025403784429,0.));
#12718=DIRECTION('',(0.,0.,1.));
#12719=DIRECTION('center_axis',(0.,0.,-1.));
#12720=DIRECTION('ref_axis',(-0.500000000000017,0.866025403784429,0.));
#12721=DIRECTION('',(0.,0.,1.));
#12722=DIRECTION('center_axis',(0.,0.,-1.));
#12723=DIRECTION('ref_axis',(-0.500000000000017,0.866025403784429,0.));
#12724=DIRECTION('',(0.,0.,1.));
#12725=DIRECTION('center_axis',(0.,0.,-1.));
#12726=DIRECTION('ref_axis',(-0.500000000000017,0.866025403784429,0.));
#12727=DIRECTION('',(0.,0.,1.));
#12728=DIRECTION('center_axis',(0.,0.,-1.));
#12729=DIRECTION('ref_axis',(-0.500000000000017,0.866025403784429,0.));
#12730=DIRECTION('',(0.,0.,1.));
#12731=DIRECTION('center_axis',(0.,0.,-1.));
#12732=DIRECTION('ref_axis',(-0.500000000000017,0.866025403784429,0.));
#12733=DIRECTION('',(0.,0.,1.));
#12734=DIRECTION('center_axis',(0.,1.,0.));
#12735=DIRECTION('ref_axis',(-1.,0.,0.));
#12736=DIRECTION('',(0.,0.,-1.));
#12737=DIRECTION('',(-1.,0.,0.));
#12738=DIRECTION('',(0.,0.,-1.));
#12739=DIRECTION('center_axis',(0.866025403784429,0.500000000000017,0.));
#12740=DIRECTION('ref_axis',(-0.500000000000017,0.866025403784429,0.));
#12741=DIRECTION('',(-0.500000000000017,0.866025403784429,0.));
#12742=DIRECTION('',(0.,0.,-1.));
#12743=DIRECTION('center_axis',(0.866025403784429,-0.500000000000017,0.));
#12744=DIRECTION('ref_axis',(0.500000000000017,0.866025403784429,0.));
#12745=DIRECTION('',(0.500000000000017,0.866025403784429,0.));
#12746=DIRECTION('',(0.,0.,-1.));
#12747=DIRECTION('center_axis',(0.,-1.,0.));
#12748=DIRECTION('ref_axis',(1.,0.,0.));
#12749=DIRECTION('',(1.,0.,0.));
#12750=DIRECTION('',(0.,0.,-1.));
#12751=DIRECTION('center_axis',(-0.866025403784429,-0.500000000000017,0.));
#12752=DIRECTION('ref_axis',(0.500000000000017,-0.866025403784429,0.));
#12753=DIRECTION('',(0.500000000000017,-0.866025403784429,0.));
#12754=DIRECTION('',(0.,0.,-1.));
#12755=DIRECTION('center_axis',(-0.866025403784429,0.500000000000017,0.));
#12756=DIRECTION('ref_axis',(-0.500000000000017,-0.866025403784429,0.));
#12757=DIRECTION('',(-0.500000000000017,-0.866025403784429,0.));
#12758=DIRECTION('center_axis',(0.,1.,0.));
#12759=DIRECTION('ref_axis',(-1.,0.,0.));
#12760=DIRECTION('',(0.,0.,-1.));
#12761=DIRECTION('',(-1.,0.,0.));
#12762=DIRECTION('',(0.,0.,-1.));
#12763=DIRECTION('center_axis',(0.866025403784429,0.500000000000017,0.));
#12764=DIRECTION('ref_axis',(-0.500000000000017,0.866025403784429,0.));
#12765=DIRECTION('',(-0.500000000000017,0.866025403784429,0.));
#12766=DIRECTION('',(0.,0.,-1.));
#12767=DIRECTION('center_axis',(0.866025403784429,-0.500000000000017,0.));
#12768=DIRECTION('ref_axis',(0.500000000000017,0.866025403784429,0.));
#12769=DIRECTION('',(0.500000000000017,0.866025403784429,0.));
#12770=DIRECTION('',(0.,0.,-1.));
#12771=DIRECTION('center_axis',(0.,-1.,0.));
#12772=DIRECTION('ref_axis',(1.,0.,0.));
#12773=DIRECTION('',(1.,0.,0.));
#12774=DIRECTION('',(0.,0.,-1.));
#12775=DIRECTION('center_axis',(-0.866025403784429,-0.500000000000017,0.));
#12776=DIRECTION('ref_axis',(0.500000000000017,-0.866025403784429,0.));
#12777=DIRECTION('',(0.500000000000017,-0.866025403784429,0.));
#12778=DIRECTION('',(0.,0.,-1.));
#12779=DIRECTION('center_axis',(-0.866025403784429,0.500000000000017,0.));
#12780=DIRECTION('ref_axis',(-0.500000000000017,-0.866025403784429,0.));
#12781=DIRECTION('',(-0.500000000000017,-0.866025403784429,0.));
#12782=DIRECTION('center_axis',(0.,1.,0.));
#12783=DIRECTION('ref_axis',(-1.,0.,0.));
#12784=DIRECTION('',(0.,0.,-1.));
#12785=DIRECTION('',(-1.,0.,0.));
#12786=DIRECTION('',(0.,0.,-1.));
#12787=DIRECTION('center_axis',(0.866025403784429,0.500000000000017,0.));
#12788=DIRECTION('ref_axis',(-0.500000000000017,0.866025403784429,0.));
#12789=DIRECTION('',(-0.500000000000017,0.866025403784429,0.));
#12790=DIRECTION('',(0.,0.,-1.));
#12791=DIRECTION('center_axis',(0.866025403784429,-0.500000000000017,0.));
#12792=DIRECTION('ref_axis',(0.500000000000017,0.866025403784429,0.));
#12793=DIRECTION('',(0.500000000000017,0.866025403784429,0.));
#12794=DIRECTION('',(0.,0.,-1.));
#12795=DIRECTION('center_axis',(0.,-1.,0.));
#12796=DIRECTION('ref_axis',(1.,0.,0.));
#12797=DIRECTION('',(1.,0.,0.));
#12798=DIRECTION('',(0.,0.,-1.));
#12799=DIRECTION('center_axis',(-0.866025403784429,-0.500000000000017,0.));
#12800=DIRECTION('ref_axis',(0.500000000000017,-0.866025403784429,0.));
#12801=DIRECTION('',(0.500000000000017,-0.866025403784429,0.));
#12802=DIRECTION('',(0.,0.,-1.));
#12803=DIRECTION('center_axis',(-0.866025403784429,0.500000000000017,0.));
#12804=DIRECTION('ref_axis',(-0.500000000000017,-0.866025403784429,0.));
#12805=DIRECTION('',(-0.500000000000017,-0.866025403784429,0.));
#12806=DIRECTION('center_axis',(0.,1.,0.));
#12807=DIRECTION('ref_axis',(-1.,0.,0.));
#12808=DIRECTION('',(0.,0.,-1.));
#12809=DIRECTION('',(-1.,0.,0.));
#12810=DIRECTION('',(0.,0.,-1.));
#12811=DIRECTION('center_axis',(0.866025403784429,0.500000000000017,0.));
#12812=DIRECTION('ref_axis',(-0.500000000000017,0.866025403784429,0.));
#12813=DIRECTION('',(-0.500000000000017,0.866025403784429,0.));
#12814=DIRECTION('',(0.,0.,-1.));
#12815=DIRECTION('center_axis',(0.866025403784429,-0.500000000000017,0.));
#12816=DIRECTION('ref_axis',(0.500000000000017,0.866025403784429,0.));
#12817=DIRECTION('',(0.500000000000017,0.866025403784429,0.));
#12818=DIRECTION('',(0.,0.,-1.));
#12819=DIRECTION('center_axis',(0.,-1.,0.));
#12820=DIRECTION('ref_axis',(1.,0.,0.));
#12821=DIRECTION('',(1.,0.,0.));
#12822=DIRECTION('',(0.,0.,-1.));
#12823=DIRECTION('center_axis',(-0.866025403784429,-0.500000000000017,0.));
#12824=DIRECTION('ref_axis',(0.500000000000017,-0.866025403784429,0.));
#12825=DIRECTION('',(0.500000000000017,-0.866025403784429,1.64092815904705E-14));
#12826=DIRECTION('',(0.,0.,-1.));
#12827=DIRECTION('center_axis',(-0.866025403784429,0.500000000000017,0.));
#12828=DIRECTION('ref_axis',(-0.500000000000017,-0.866025403784429,0.));
#12829=DIRECTION('',(-0.500000000000017,-0.866025403784429,0.));
#12830=DIRECTION('center_axis',(0.,1.,0.));
#12831=DIRECTION('ref_axis',(-1.,0.,0.));
#12832=DIRECTION('',(0.,0.,-1.));
#12833=DIRECTION('',(-1.,0.,0.));
#12834=DIRECTION('',(0.,0.,-1.));
#12835=DIRECTION('center_axis',(0.866025403784429,0.500000000000017,0.));
#12836=DIRECTION('ref_axis',(-0.500000000000017,0.866025403784429,0.));
#12837=DIRECTION('',(-0.500000000000017,0.866025403784429,0.));
#12838=DIRECTION('',(0.,0.,-1.));
#12839=DIRECTION('center_axis',(0.866025403784429,-0.500000000000017,0.));
#12840=DIRECTION('ref_axis',(0.500000000000017,0.866025403784429,0.));
#12841=DIRECTION('',(0.500000000000017,0.866025403784429,0.));
#12842=DIRECTION('',(0.,0.,-1.));
#12843=DIRECTION('center_axis',(0.,-1.,0.));
#12844=DIRECTION('ref_axis',(1.,0.,0.));
#12845=DIRECTION('',(1.,0.,0.));
#12846=DIRECTION('',(0.,0.,-1.));
#12847=DIRECTION('center_axis',(-0.866025403784429,-0.500000000000017,0.));
#12848=DIRECTION('ref_axis',(0.500000000000017,-0.866025403784429,0.));
#12849=DIRECTION('',(0.500000000000017,-0.866025403784429,0.));
#12850=DIRECTION('',(0.,0.,-1.));
#12851=DIRECTION('center_axis',(-0.866025403784429,0.500000000000017,0.));
#12852=DIRECTION('ref_axis',(-0.500000000000017,-0.866025403784429,0.));
#12853=DIRECTION('',(-0.500000000000017,-0.866025403784429,0.));
#12854=DIRECTION('center_axis',(0.,1.,0.));
#12855=DIRECTION('ref_axis',(-1.,0.,0.));
#12856=DIRECTION('',(0.,0.,-1.));
#12857=DIRECTION('',(-1.,0.,0.));
#12858=DIRECTION('',(0.,0.,-1.));
#12859=DIRECTION('center_axis',(0.866025403784429,0.500000000000017,0.));
#12860=DIRECTION('ref_axis',(-0.500000000000017,0.866025403784429,0.));
#12861=DIRECTION('',(-0.500000000000017,0.866025403784429,0.));
#12862=DIRECTION('',(0.,0.,-1.));
#12863=DIRECTION('center_axis',(0.866025403784429,-0.500000000000017,0.));
#12864=DIRECTION('ref_axis',(0.500000000000017,0.866025403784429,0.));
#12865=DIRECTION('',(0.500000000000017,0.866025403784429,0.));
#12866=DIRECTION('',(0.,0.,-1.));
#12867=DIRECTION('center_axis',(0.,-1.,0.));
#12868=DIRECTION('ref_axis',(1.,0.,0.));
#12869=DIRECTION('',(1.,0.,0.));
#12870=DIRECTION('',(0.,0.,-1.));
#12871=DIRECTION('center_axis',(-0.866025403784429,-0.500000000000017,0.));
#12872=DIRECTION('ref_axis',(0.500000000000017,-0.866025403784429,0.));
#12873=DIRECTION('',(0.500000000000017,-0.866025403784429,1.64092815904705E-14));
#12874=DIRECTION('',(0.,0.,-1.));
#12875=DIRECTION('center_axis',(-0.866025403784429,0.500000000000017,0.));
#12876=DIRECTION('ref_axis',(-0.500000000000017,-0.866025403784429,0.));
#12877=DIRECTION('',(-0.500000000000017,-0.866025403784429,0.));
#12878=DIRECTION('center_axis',(0.,0.,1.));
#12879=DIRECTION('ref_axis',(0.500000000000017,-0.866025403784429,0.));
#12880=DIRECTION('center_axis',(0.,0.,1.));
#12881=DIRECTION('ref_axis',(0.500000000000017,-0.866025403784429,0.));
#12882=DIRECTION('center_axis',(0.,0.,1.));
#12883=DIRECTION('ref_axis',(0.500000000000017,-0.866025403784429,0.));
#12884=DIRECTION('center_axis',(0.,0.,1.));
#12885=DIRECTION('ref_axis',(0.500000000000017,-0.866025403784429,0.));
#12886=DIRECTION('center_axis',(0.,0.,1.));
#12887=DIRECTION('ref_axis',(0.500000000000017,-0.866025403784429,0.));
#12888=DIRECTION('center_axis',(0.,0.,1.));
#12889=DIRECTION('ref_axis',(0.500000000000017,-0.866025403784429,0.));
#12890=CARTESIAN_POINT('',(0.,0.,0.));
#12891=CARTESIAN_POINT('Origin',(0.,125.,65.39609));
#12892=CARTESIAN_POINT('',(0.4191,124.2740975065,68.7654));
#12893=CARTESIAN_POINT('Origin',(0.,125.,68.7654));
#12894=CARTESIAN_POINT('',(0.4191,124.2740975065,116.0856));
#12895=CARTESIAN_POINT('',(0.419100000000014,124.274097506548,65.39609));
#12896=CARTESIAN_POINT('Origin',(0.,125.,116.0856));
#12897=CARTESIAN_POINT('Origin',(0.,125.,116.2761));
#12898=CARTESIAN_POINT('',(0.635000000000027,123.900147737194,116.4666));
#12899=CARTESIAN_POINT('',(0.527050000000018,124.087122621871,116.2761));
#12900=CARTESIAN_POINT('Origin',(0.,125.,116.4666));
#12901=CARTESIAN_POINT('Origin',(0.,125.,68.7654));
#12902=CARTESIAN_POINT('',(1.45750000000005,122.475535947968,68.7654));
#12903=CARTESIAN_POINT('Origin',(0.,125.,68.7654));
#12904=CARTESIAN_POINT('Origin',(0.,125.,65.39609));
#12905=CARTESIAN_POINT('',(0.635000000000022,123.900147737194,136.1516));
#12906=CARTESIAN_POINT('',(0.635000000000022,123.900147737194,65.39609));
#12907=CARTESIAN_POINT('Origin',(0.,125.,136.1516));
#12908=CARTESIAN_POINT('Origin',(0.,125.,69.0829));
#12909=CARTESIAN_POINT('',(1.77500000000007,121.925609816565,69.4004));
#12910=CARTESIAN_POINT('Origin',(0.,125.,69.4004));
#12911=CARTESIAN_POINT('',(1.61625000000005,122.200572882267,69.0829));
#12912=CARTESIAN_POINT('Origin',(0.,125.,136.1516));
#12913=CARTESIAN_POINT('',(-0.762000000000023,126.319822715367,136.1516));
#12914=CARTESIAN_POINT('Origin',(0.,125.,136.1516));
#12915=CARTESIAN_POINT('Origin',(0.,125.,65.39609));
#12916=CARTESIAN_POINT('',(1.77500000000006,121.925609816565,99.1516));
#12917=CARTESIAN_POINT('Origin',(0.,125.,99.1516));
#12918=CARTESIAN_POINT('',(1.77500000000006,121.925609816565,65.39609));
#12919=CARTESIAN_POINT('Origin',(0.,125.,135.8341));
#12920=CARTESIAN_POINT('',(1.0795,123.1302511532,135.5166));
#12921=CARTESIAN_POINT('',(-1.07950000000003,126.869748846771,135.5166));
#12922=CARTESIAN_POINT('Origin',(0.,125.,135.5166));
#12923=CARTESIAN_POINT('',(-0.920750000000031,126.594785781069,135.8341));
#12924=CARTESIAN_POINT('Origin',(0.,125.,135.5166));
#12925=CARTESIAN_POINT('Origin',(0.,125.,99.1516));
#12926=CARTESIAN_POINT('',(-1.34206164108877,127.637148374953,99.1516));
#12927=CARTESIAN_POINT('Origin',(0.,125.,99.1516));
#12928=CARTESIAN_POINT('Origin',(0.,125.,65.39609));
#12929=CARTESIAN_POINT('',(1.0795,123.1302511532,99.9516));
#12930=CARTESIAN_POINT('',(1.07950000000004,123.130251153229,65.39609));
#12931=CARTESIAN_POINT('',(-0.979219696894444,126.924164698048,99.9516));
#12932=CARTESIAN_POINT('Origin',(0.,125.,99.9516));
#12933=CARTESIAN_POINT('Origin',(0.,125.,99.9516));
#12934=CARTESIAN_POINT('Origin',(0.,125.,99.9516));
#12935=CARTESIAN_POINT('Origin',(-1.34206164108877,127.637148374953,99.9516));
#12936=CARTESIAN_POINT('Origin',(0.,125.,99.3676));
#12937=CARTESIAN_POINT('',(2.01930000000007,121.502469804276,101.1676));
#12938=CARTESIAN_POINT('Origin',(0.,125.,101.1676));
#12939=CARTESIAN_POINT('',(2.01930000000007,121.502469804276,137.1676));
#12940=CARTESIAN_POINT('',(2.01930000000007,121.502469804276,99.3676));
#12941=CARTESIAN_POINT('Origin',(0.,125.,137.1676));
#12942=CARTESIAN_POINT('Origin',(0.,125.,101.1676));
#12943=CARTESIAN_POINT('',(2.75000000000009,120.236860279186,101.1676));
#12944=CARTESIAN_POINT('Origin',(0.,125.,101.1676));
#12945=CARTESIAN_POINT('Origin',(0.,125.,137.1676));
#12946=CARTESIAN_POINT('',(2.4125,120.8214274267,137.1676));
#12947=CARTESIAN_POINT('Origin',(0.,125.,137.1676));
#12948=CARTESIAN_POINT('Origin',(0.,125.,99.3676));
#12949=CARTESIAN_POINT('',(2.75000000000009,120.236860279186,102.1676));
#12950=CARTESIAN_POINT('Origin',(0.,125.,102.1676));
#12951=CARTESIAN_POINT('',(2.75000000000009,120.236860279186,99.3676));
#12952=CARTESIAN_POINT('Origin',(0.,125.,99.3676));
#12953=CARTESIAN_POINT('',(2.41250000000423,120.821427426743,135.1356));
#12954=CARTESIAN_POINT('',(2.41250000000008,120.82142742674,99.3676));
#12955=CARTESIAN_POINT('',(3.238290648848,121.4231160665,134.1196));
#12956=CARTESIAN_POINT('Ctrl Pts',(2.41250000000837,120.821427426745,135.1356));
#12957=CARTESIAN_POINT('Ctrl Pts',(2.52333383176696,120.885417369346,135.1356));
#12958=CARTESIAN_POINT('Ctrl Pts',(2.63852829926448,120.958397913754,135.109944949371));
#12959=CARTESIAN_POINT('Ctrl Pts',(2.84508969923448,121.10104583076,135.006138167792));
#12960=CARTESIAN_POINT('Ctrl Pts',(2.93662208287862,121.170488678096,134.928007315246));
#12961=CARTESIAN_POINT('Ctrl Pts',(3.07893909020013,121.283948137291,134.748027441917));
#12962=CARTESIAN_POINT('Ctrl Pts',(3.13934076785508,121.335581328168,134.634039281265));
#12963=CARTESIAN_POINT('Ctrl Pts',(3.21894585556072,121.405307761087,134.383837088059));
#12964=CARTESIAN_POINT('Ctrl Pts',(3.23829064885517,121.423116066527,134.24758873447));
#12965=CARTESIAN_POINT('Ctrl Pts',(3.23829064885517,121.423116066527,134.1196));
#12966=CARTESIAN_POINT('',(2.41250000000423,120.821427426743,133.1036));
#12967=CARTESIAN_POINT('Ctrl Pts',(3.23829064885517,121.423116066527,134.1196));
#12968=CARTESIAN_POINT('Ctrl Pts',(3.23829064885517,121.423116066527,133.99161126553));
#12969=CARTESIAN_POINT('Ctrl Pts',(3.21894585556072,121.405307761087,133.855362911941));
#12970=CARTESIAN_POINT('Ctrl Pts',(3.13934076785508,121.335581328168,133.605160718735));
#12971=CARTESIAN_POINT('Ctrl Pts',(3.07893909020013,121.283948137291,133.491172558083));
#12972=CARTESIAN_POINT('Ctrl Pts',(2.93662208287862,121.170488678096,133.311192684754));
#12973=CARTESIAN_POINT('Ctrl Pts',(2.84508969923448,121.10104583076,133.233061832208));
#12974=CARTESIAN_POINT('Ctrl Pts',(2.63852829926448,120.958397913754,133.129255050629));
#12975=CARTESIAN_POINT('Ctrl Pts',(2.52333383176696,120.885417369346,133.1036));
#12976=CARTESIAN_POINT('Ctrl Pts',(2.41250000000838,120.821427426745,133.1036));
#12977=CARTESIAN_POINT('',(2.41250000000008,120.82142742674,114.8176));
#12978=CARTESIAN_POINT('',(2.41250000000008,120.82142742674,99.3676));
#12979=CARTESIAN_POINT('Origin',(0.,125.,114.8176));
#12980=CARTESIAN_POINT('',(1.47852702836521,120.407116066527,134.1196));
#12981=CARTESIAN_POINT('Ctrl Pts',(2.41250000000838,120.821427426745,133.1036));
#12982=CARTESIAN_POINT('Ctrl Pts',(2.30166616824983,120.757437484144,133.1036));
#12983=CARTESIAN_POINT('Ctrl Pts',(2.18086592906264,120.694166421118,133.129255050629));
#12984=CARTESIAN_POINT('Ctrl Pts',(1.95404850915343,120.586602959806,133.233061832208));
#12985=CARTESIAN_POINT('Ctrl Pts',(1.84814304742786,120.542055013968,133.311192684754));
#12986=CARTESIAN_POINT('Ctrl Pts',(1.67872576980476,120.475534599834,133.491172558083));
#12987=CARTESIAN_POINT('Ctrl Pts',(1.60380927599914,120.449041807992,133.605160718735));
#12988=CARTESIAN_POINT('Ctrl Pts',(1.50362186992395,120.414964996227,133.855362911941));
#12989=CARTESIAN_POINT('Ctrl Pts',(1.47852702836727,120.407116066523,133.99161126553));
#12990=CARTESIAN_POINT('Ctrl Pts',(1.47852702836727,120.407116066523,134.1196));
#12991=CARTESIAN_POINT('Ctrl Pts',(1.47852702836727,120.407116066523,134.1196));
#12992=CARTESIAN_POINT('Ctrl Pts',(1.47852702836727,120.407116066523,134.24758873447));
#12993=CARTESIAN_POINT('Ctrl Pts',(1.50362186992395,120.414964996227,134.383837088059));
#12994=CARTESIAN_POINT('Ctrl Pts',(1.60380927599914,120.449041807992,134.634039281265));
#12995=CARTESIAN_POINT('Ctrl Pts',(1.67872576980476,120.475534599834,134.748027441917));
#12996=CARTESIAN_POINT('Ctrl Pts',(1.84814304742786,120.542055013968,134.928007315246));
#12997=CARTESIAN_POINT('Ctrl Pts',(1.95404850915344,120.586602959806,135.006138167792));
#12998=CARTESIAN_POINT('Ctrl Pts',(2.18086592906265,120.694166421118,135.109944949371));
#12999=CARTESIAN_POINT('Ctrl Pts',(2.30166616824983,120.757437484144,135.1356));
#13000=CARTESIAN_POINT('Ctrl Pts',(2.41250000000838,120.821427426745,135.1356));
#13001=CARTESIAN_POINT('',(-3.238290648848,128.5768839335,134.1196));
#13002=CARTESIAN_POINT('',(-1.47852702836521,129.592883933473,134.1196));
#13003=CARTESIAN_POINT('Ctrl Pts',(-1.47852702836727,129.592883933477,134.1196));
#13004=CARTESIAN_POINT('Ctrl Pts',(-1.47852702836727,129.592883933477,134.24758873447));
#13005=CARTESIAN_POINT('Ctrl Pts',(-1.50362186992395,129.585035003773,134.383837088059));
#13006=CARTESIAN_POINT('Ctrl Pts',(-1.60380927599914,129.550958192008,134.634039281265));
#13007=CARTESIAN_POINT('Ctrl Pts',(-1.67872576980476,129.524465400166,134.748027441917));
#13008=CARTESIAN_POINT('Ctrl Pts',(-1.84814304742786,129.457944986032,134.928007315246));
#13009=CARTESIAN_POINT('Ctrl Pts',(-1.95404850915343,129.413397040194,135.006138167792));
#13010=CARTESIAN_POINT('Ctrl Pts',(-2.18086592906264,129.305833578882,135.109944949371));
#13011=CARTESIAN_POINT('Ctrl Pts',(-2.30166616824984,129.242562515856,135.1356));
#13012=CARTESIAN_POINT('Ctrl Pts',(-2.52333383176696,129.114582630654,135.1356));
#13013=CARTESIAN_POINT('Ctrl Pts',(-2.63852829926448,129.041602086246,135.109944949371));
#13014=CARTESIAN_POINT('Ctrl Pts',(-2.84508969923448,128.89895416924,135.006138167792));
#13015=CARTESIAN_POINT('Ctrl Pts',(-2.93662208287862,128.829511321904,134.928007315246));
#13016=CARTESIAN_POINT('Ctrl Pts',(-3.07893909020013,128.716051862709,134.748027441917));
#13017=CARTESIAN_POINT('Ctrl Pts',(-3.13934076785508,128.664418671832,134.634039281265));
#13018=CARTESIAN_POINT('Ctrl Pts',(-3.21894585556072,128.594692238913,134.383837088059));
#13019=CARTESIAN_POINT('Ctrl Pts',(-3.23829064885517,128.576883933473,134.24758873447));
#13020=CARTESIAN_POINT('Ctrl Pts',(-3.23829064885517,128.576883933473,134.1196));
#13021=CARTESIAN_POINT('Ctrl Pts',(-3.23829064885517,128.576883933473,134.1196));
#13022=CARTESIAN_POINT('Ctrl Pts',(-3.23829064885517,128.576883933473,133.99161126553));
#13023=CARTESIAN_POINT('Ctrl Pts',(-3.21894585556072,128.594692238913,133.855362911941));
#13024=CARTESIAN_POINT('Ctrl Pts',(-3.13934076785508,128.664418671832,133.605160718735));
#13025=CARTESIAN_POINT('Ctrl Pts',(-3.07893909020013,128.716051862709,133.491172558083));
#13026=CARTESIAN_POINT('Ctrl Pts',(-2.93662208287862,128.829511321904,133.311192684754));
#13027=CARTESIAN_POINT('Ctrl Pts',(-2.84508969923448,128.89895416924,133.233061832208));
#13028=CARTESIAN_POINT('Ctrl Pts',(-2.63852829926447,129.041602086246,133.129255050629));
#13029=CARTESIAN_POINT('Ctrl Pts',(-2.52333383176696,129.114582630654,133.1036));
#13030=CARTESIAN_POINT('Ctrl Pts',(-2.30166616824984,129.242562515856,133.1036));
#13031=CARTESIAN_POINT('Ctrl Pts',(-2.18086592906264,129.305833578882,133.129255050629));
#13032=CARTESIAN_POINT('Ctrl Pts',(-1.95404850915343,129.413397040194,133.233061832208));
#13033=CARTESIAN_POINT('Ctrl Pts',(-1.84814304742786,129.457944986032,133.311192684754));
#13034=CARTESIAN_POINT('Ctrl Pts',(-1.67872576980476,129.524465400166,133.491172558083));
#13035=CARTESIAN_POINT('Ctrl Pts',(-1.60380927599916,129.550958192008,133.605160718735));
#13036=CARTESIAN_POINT('Ctrl Pts',(-1.50362186992396,129.585035003773,133.855362911941));
#13037=CARTESIAN_POINT('Ctrl Pts',(-1.47852702836727,129.592883933477,133.99161126553));
#13038=CARTESIAN_POINT('Ctrl Pts',(-1.47852702836727,129.592883933477,134.1196));
#13039=CARTESIAN_POINT('Origin',(0.,125.,102.1676));
#13040=CARTESIAN_POINT('',(3.0000000000001,119.803847577293,102.1676));
#13041=CARTESIAN_POINT('Origin',(0.,125.,102.1676));
#13042=CARTESIAN_POINT('Origin',(-2.78765,129.8283514337,134.1196));
#13043=CARTESIAN_POINT('',(-1.907768189755,130.3363514337,134.1196));
#13044=CARTESIAN_POINT('',(-1.90776818975502,130.3363514337,134.1196));
#13045=CARTESIAN_POINT('Origin',(-2.78765,129.8283514337,134.1196));
#13046=CARTESIAN_POINT('Origin',(0.,125.,114.8176));
#13047=CARTESIAN_POINT('',(3.14250000000011,119.557030337215,114.8176));
#13048=CARTESIAN_POINT('Origin',(0.,125.,114.8176));
#13049=CARTESIAN_POINT('Origin',(2.78765,120.1716485663,134.1196));
#13050=CARTESIAN_POINT('',(1.907768189755,119.6636485663,134.1196));
#13051=CARTESIAN_POINT('',(1.90776818975502,119.6636485663,134.1196));
#13052=CARTESIAN_POINT('Origin',(2.78765,120.1716485663,134.1196));
#13053=CARTESIAN_POINT('Origin',(0.,125.,99.3676));
#13054=CARTESIAN_POINT('',(-3.,130.1961524227,104.4176));
#13055=CARTESIAN_POINT('',(3.0000000000001,119.803847577293,104.4176));
#13056=CARTESIAN_POINT('Origin',(0.,125.,104.4176));
#13057=CARTESIAN_POINT('Origin',(0.,125.,104.4176));
#13058=CARTESIAN_POINT('',(3.0000000000001,119.803847577293,99.3676));
#13059=CARTESIAN_POINT('Origin',(-2.78765,129.8283514337,137.1676));
#13060=CARTESIAN_POINT('Origin',(0.,125.,99.3676));
#13061=CARTESIAN_POINT('',(3.14250000000011,119.557030337215,108.6676));
#13062=CARTESIAN_POINT('',(3.14250000000011,119.557030337215,99.3676));
#13063=CARTESIAN_POINT('Origin',(0.,125.,108.6676));
#13064=CARTESIAN_POINT('Origin',(2.78765,120.1716485663,137.1676));
#13065=CARTESIAN_POINT('Origin',(0.,125.,104.5879183294));
#13066=CARTESIAN_POINT('',(-2.705,129.6851974345,104.7582366588));
#13067=CARTESIAN_POINT('',(-2.8525000000001,129.94067492859,104.5879183294));
#13068=CARTESIAN_POINT('',(2.70500000000009,120.314802565526,104.7582366588));
#13069=CARTESIAN_POINT('Origin',(0.,125.,104.7582366588));
#13070=CARTESIAN_POINT('Origin',(0.,125.,104.7582366588));
#13071=CARTESIAN_POINT('Origin',(0.,125.,108.6676));
#13072=CARTESIAN_POINT('',(-2.8885,130.0030287577,108.6676));
#13073=CARTESIAN_POINT('Origin',(0.,125.,108.6676));
#13074=CARTESIAN_POINT('Origin',(0.,125.,99.3676));
#13075=CARTESIAN_POINT('',(2.70500000000009,120.314802565526,109.1756));
#13076=CARTESIAN_POINT('Origin',(0.,125.,109.1756));
#13077=CARTESIAN_POINT('',(2.70500000000009,120.314802565526,99.3676));
#13078=CARTESIAN_POINT('Origin',(0.,125.,109.201));
#13079=CARTESIAN_POINT('',(-2.8885,130.0030287577,108.947));
#13080=CARTESIAN_POINT('',(-2.90326190983955,129.9944768778,108.947));
#13081=CARTESIAN_POINT('Origin',(0.,125.,108.947));
#13082=CARTESIAN_POINT('',(-2.8885000000001,130.003028757663,109.201));
#13083=CARTESIAN_POINT('Origin',(0.,125.,108.947));
#13084=CARTESIAN_POINT('Origin',(0.,125.,109.1756));
#13085=CARTESIAN_POINT('',(-2.78837777056496,129.796841874465,109.1756));
#13086=CARTESIAN_POINT('Origin',(0.,125.,109.1756));
#13087=CARTESIAN_POINT('Origin',(0.,125.,108.947));
#13088=CARTESIAN_POINT('Origin',(-2.78837777056496,129.796841874465,108.947));
#13089=CARTESIAN_POINT('Origin',(0.,145.5,0.));
#13090=CARTESIAN_POINT('',(0.,145.5,-22.225));
#13091=CARTESIAN_POINT('Origin',(0.,145.5,0.));
#13092=CARTESIAN_POINT('',(0.,145.5,-20.575));
#13093=CARTESIAN_POINT('Origin',(0.,145.5,0.));
#13094=CARTESIAN_POINT('Origin',(0.,145.5,0.));
#13095=CARTESIAN_POINT('',(0.,170.9,-22.225));
#13096=CARTESIAN_POINT('Origin',(0.,170.9,0.));
#13097=CARTESIAN_POINT('',(-2.72177751110499E-15,145.5,-22.225));
#13098=CARTESIAN_POINT('Origin',(0.,145.5,0.));
#13099=CARTESIAN_POINT('',(0.,170.9,-20.575));
#13100=CARTESIAN_POINT('',(-2.51971078924568E-15,145.5,-20.575));
#13101=CARTESIAN_POINT('Origin',(0.,170.9,0.));
#13102=CARTESIAN_POINT('Origin',(0.,170.9,0.));
#13103=CARTESIAN_POINT('',(0.,170.9,-22.352));
#13104=CARTESIAN_POINT('Origin',(0.,170.9,0.));
#13105=CARTESIAN_POINT('Origin',(0.,170.9,0.));
#13106=CARTESIAN_POINT('',(0.,170.9,-20.32));
#13107=CARTESIAN_POINT('Origin',(0.,170.9,0.));
#13108=CARTESIAN_POINT('Origin',(0.,168.47303,0.));
#13109=CARTESIAN_POINT('',(0.,168.5886,-22.352));
#13110=CARTESIAN_POINT('Origin',(0.,168.5886,0.));
#13111=CARTESIAN_POINT('',(-2.73733052545416E-15,168.47303,-22.352));
#13112=CARTESIAN_POINT('Origin',(0.,175.5482,0.));
#13113=CARTESIAN_POINT('',(0.,172.0402,-20.32));
#13114=CARTESIAN_POINT('Origin',(0.,172.0402,0.));
#13115=CARTESIAN_POINT('',(2.48848229586742E-15,175.5482,-20.32));
#13116=CARTESIAN_POINT('Origin',(0.,168.5886,0.));
#13117=CARTESIAN_POINT('',(-1.534915299422E-14,168.5886,-22.606));
#13118=CARTESIAN_POINT('Origin',(0.,168.5886,0.));
#13119=CARTESIAN_POINT('Origin',(0.,172.0402,0.));
#13120=CARTESIAN_POINT('Origin',(0.,176.2086,0.));
#13121=CARTESIAN_POINT('',(-1.258080787077E-14,163.5086,-22.606));
#13122=CARTESIAN_POINT('',(2.76843655415251E-15,176.2086,-22.606));
#13123=CARTESIAN_POINT('Origin',(0.,163.5086,0.));
#13124=CARTESIAN_POINT('Origin',(0.,163.5086,0.));
#13125=CARTESIAN_POINT('',(4.15265483122876E-15,163.5086,33.909));
#13126=CARTESIAN_POINT('Origin',(0.,163.5086,0.));
#13127=CARTESIAN_POINT('',(14.6812,163.5086,29.55608431608));
#13128=CARTESIAN_POINT('Origin',(14.6812,163.5086,25.42858431608));
#13129=CARTESIAN_POINT('',(29.3624,163.5086,4.12749999999999));
#13130=CARTESIAN_POINT('Origin',(29.3624,163.5086,-1.274534419967E-14));
#13131=CARTESIAN_POINT('',(14.6812,163.5086,-21.30108431608));
#13132=CARTESIAN_POINT('Origin',(14.6812,163.5086,-25.42858431608));
#13133=CARTESIAN_POINT('',(-14.6812,163.5086,-21.30108431608));
#13134=CARTESIAN_POINT('Origin',(-14.6812,163.5086,-25.42858431608));
#13135=CARTESIAN_POINT('',(-29.3624,163.5086,4.1275));
#13136=CARTESIAN_POINT('Origin',(-29.3624,163.5086,0.));
#13137=CARTESIAN_POINT('',(-14.6812,163.5086,29.55608431608));
#13138=CARTESIAN_POINT('Origin',(-14.6812,163.5086,25.42858431608));
#13139=CARTESIAN_POINT('Origin',(0.,163.8896,0.));
#13140=CARTESIAN_POINT('',(0.,164.2706,34.671));
#13141=CARTESIAN_POINT('Origin',(0.,164.2706,0.));
#13142=CARTESIAN_POINT('',(4.19931387427627E-15,163.8896,34.29));
#13143=CARTESIAN_POINT('Origin',(14.6812,163.8896,25.42858431608));
#13144=CARTESIAN_POINT('',(14.6812,164.2706,28.79408431608));
#13145=CARTESIAN_POINT('Origin',(14.6812,164.2706,25.42858431608));
#13146=CARTESIAN_POINT('',(14.6812,163.8896,29.17508431608));
#13147=CARTESIAN_POINT('Origin',(29.3624,163.8896,-1.274534419967E-14));
#13148=CARTESIAN_POINT('',(29.3624,164.2706,3.36549999999999));
#13149=CARTESIAN_POINT('Origin',(29.3624,164.2706,-1.274534419967E-14));
#13150=CARTESIAN_POINT('',(29.3624,163.8896,3.74649999999999));
#13151=CARTESIAN_POINT('Origin',(14.6812,163.8896,-25.42858431608));
#13152=CARTESIAN_POINT('',(14.6812,164.2706,-22.06308431608));
#13153=CARTESIAN_POINT('Origin',(14.6812,164.2706,-25.42858431608));
#13154=CARTESIAN_POINT('',(14.6812,163.8896,-21.68208431608));
#13155=CARTESIAN_POINT('Origin',(-14.6812,163.8896,-25.42858431608));
#13156=CARTESIAN_POINT('',(-14.6812,164.2706,-22.06308431608));
#13157=CARTESIAN_POINT('Origin',(-14.6812,164.2706,-25.42858431608));
#13158=CARTESIAN_POINT('',(-14.6812,163.8896,-21.68208431608));
#13159=CARTESIAN_POINT('Origin',(-29.3624,163.8896,0.));
#13160=CARTESIAN_POINT('',(-29.3624,164.2706,3.3655));
#13161=CARTESIAN_POINT('Origin',(-29.3624,164.2706,0.));
#13162=CARTESIAN_POINT('',(-29.3624,163.8896,3.7465));
#13163=CARTESIAN_POINT('Origin',(-14.6812,163.8896,25.42858431608));
#13164=CARTESIAN_POINT('',(-14.6812,164.2706,28.79408431608));
#13165=CARTESIAN_POINT('Origin',(-14.6812,164.2706,25.42858431608));
#13166=CARTESIAN_POINT('',(-14.6812,163.8896,29.17508431608));
#13167=CARTESIAN_POINT('Origin',(0.,163.5086,0.));
#13168=CARTESIAN_POINT('',(0.762,174.4303357869,34.6626253622));
#13169=CARTESIAN_POINT('',(1.56787494634932E-15,174.430600000023,34.671));
#13170=CARTESIAN_POINT('Ctrl Pts',(-1.11022302462516E-15,174.430600000023,
34.671));
#13171=CARTESIAN_POINT('Ctrl Pts',(0.253049175638653,174.430600000023,34.671));
#13172=CARTESIAN_POINT('Ctrl Pts',(0.507094779847204,174.430512115503,34.66822902827));
#13173=CARTESIAN_POINT('Ctrl Pts',(0.761999999999625,174.43033578692,34.6626253621967));
#13174=CARTESIAN_POINT('',(4.24597291732379E-15,163.5086,34.671));
#13175=CARTESIAN_POINT('',(-0.762,174.4303357869,34.6626253622));
#13176=CARTESIAN_POINT('Ctrl Pts',(-0.761999999999626,174.43033578692,34.6626253621967));
#13177=CARTESIAN_POINT('Ctrl Pts',(-0.507094779847205,174.430512115503,
34.6682290282701));
#13178=CARTESIAN_POINT('Ctrl Pts',(-0.253049175638654,174.430600000023,
34.671));
#13179=CARTESIAN_POINT('Ctrl Pts',(0.,174.430600000023,34.671));
#13180=CARTESIAN_POINT('',(-0.762,175.4466,34.6626253622));
#13181=CARTESIAN_POINT('',(-0.762,174.4303357869,34.6626253622));
#13182=CARTESIAN_POINT('',(-0.762,175.4466,-34.6626253622));
#13183=CARTESIAN_POINT('Origin',(0.,175.4466,0.));
#13184=CARTESIAN_POINT('',(-0.762,174.4303357869,-34.6626253622));
#13185=CARTESIAN_POINT('',(-0.762,174.4303357869,-34.6626253622));
#13186=CARTESIAN_POINT('',(0.762,174.4303357869,-34.6626253622));
#13187=CARTESIAN_POINT('Ctrl Pts',(-0.761999999999625,174.43033578692,-34.6626253621967));
#13188=CARTESIAN_POINT('Ctrl Pts',(-0.507094779847203,174.430512115503,
-34.6682290282701));
#13189=CARTESIAN_POINT('Ctrl Pts',(-0.253049175638654,174.430600000023,
-34.671));
#13190=CARTESIAN_POINT('Ctrl Pts',(0.253049175638654,174.430600000023,-34.671));
#13191=CARTESIAN_POINT('Ctrl Pts',(0.507094779847205,174.430512115503,-34.6682290282701));
#13192=CARTESIAN_POINT('Ctrl Pts',(0.761999999999626,174.43033578692,-34.6626253621967));
#13193=CARTESIAN_POINT('',(0.762,175.4466,-34.6626253622));
#13194=CARTESIAN_POINT('',(0.762,174.4303357869,-34.6626253622));
#13195=CARTESIAN_POINT('',(0.762,175.4466,34.6626253622));
#13196=CARTESIAN_POINT('Origin',(0.,175.4466,0.));
#13197=CARTESIAN_POINT('',(0.762,174.4303357869,34.6626253622));
#13198=CARTESIAN_POINT('Origin',(14.6812,176.8436,25.42858431608));
#13199=CARTESIAN_POINT('',(14.6812,172.0402,28.79408431608));
#13200=CARTESIAN_POINT('Origin',(14.6812,172.0402,25.42858431608));
#13201=CARTESIAN_POINT('',(14.6812,176.8436,28.79408431608));
#13202=CARTESIAN_POINT('Origin',(29.3624,176.8436,-1.274534419967E-14));
#13203=CARTESIAN_POINT('',(29.3624,172.0402,3.3655));
#13204=CARTESIAN_POINT('Origin',(29.3624,172.0402,-1.274534419967E-14));
#13205=CARTESIAN_POINT('',(29.3624,176.8436,3.36549999999999));
#13206=CARTESIAN_POINT('Origin',(14.6812,176.8436,-25.42858431608));
#13207=CARTESIAN_POINT('',(14.6812,172.0402,-22.06308431608));
#13208=CARTESIAN_POINT('Origin',(14.6812,172.0402,-25.42858431608));
#13209=CARTESIAN_POINT('',(14.6812,176.8436,-22.06308431608));
#13210=CARTESIAN_POINT('Origin',(-14.6812,176.8436,-25.42858431608));
#13211=CARTESIAN_POINT('',(-14.6812,172.0402,-22.06308431608));
#13212=CARTESIAN_POINT('Origin',(-14.6812,172.0402,-25.42858431608));
#13213=CARTESIAN_POINT('',(-14.6812,176.8436,-22.06308431608));
#13214=CARTESIAN_POINT('Origin',(-29.3624,176.8436,0.));
#13215=CARTESIAN_POINT('',(-29.3624,172.0402,3.3655));
#13216=CARTESIAN_POINT('Origin',(-29.3624,172.0402,0.));
#13217=CARTESIAN_POINT('',(-29.3624,176.8436,3.3655));
#13218=CARTESIAN_POINT('Origin',(-14.6812,176.8436,25.42858431608));
#13219=CARTESIAN_POINT('',(-14.6812,172.0402,28.79408431608));
#13220=CARTESIAN_POINT('Origin',(-14.6812,172.0402,25.42858431608));
#13221=CARTESIAN_POINT('',(-14.6812,176.8436,28.79408431608));
#13222=CARTESIAN_POINT('Origin',(0.762,225.2052046411,33.06491048124));
#13223=CARTESIAN_POINT('',(-0.762,174.4164027522,34.1314950742));
#13224=CARTESIAN_POINT('',(0.762,174.4164027522,34.1314950742));
#13225=CARTESIAN_POINT('Origin',(3.07948111455403E-13,173.697130175519,
0.0151662720881296));
#13226=CARTESIAN_POINT('Origin',(-0.762,225.2052046411,33.06491048124));
#13227=CARTESIAN_POINT('Origin',(0.762,225.2052046411,33.06491048124));
#13228=CARTESIAN_POINT('Origin',(-0.762,163.5086,0.));
#13229=CARTESIAN_POINT('',(-0.762,175.0402,25.05789422294));
#13230=CARTESIAN_POINT('',(-0.762,175.0402,34.1314950742));
#13231=CARTESIAN_POINT('',(-0.762,175.0402,25.05789422294));
#13232=CARTESIAN_POINT('',(-0.761999999672559,175.194743136709,24.1433780832178));
#13233=CARTESIAN_POINT('Origin',(-0.762,225.2052046411,33.06491048124));
#13234=CARTESIAN_POINT('',(-0.762,176.2086,24.14337808096));
#13235=CARTESIAN_POINT('',(-0.762,176.2086,24.14337808096));
#13236=CARTESIAN_POINT('',(-0.762,176.2086,33.90043712108));
#13237=CARTESIAN_POINT('',(-0.762,176.2086,33.90043712108));
#13238=CARTESIAN_POINT('',(-0.762,176.2086,33.90043712108));
#13239=CARTESIAN_POINT('',(-0.762,174.4164027522,34.1314950742));
#13240=CARTESIAN_POINT('Origin',(0.,175.8276,0.));
#13241=CARTESIAN_POINT('',(-0.762,176.2086,-33.90043712108));
#13242=CARTESIAN_POINT('',(-0.762,175.4466,-34.6626253622));
#13243=CARTESIAN_POINT('Origin',(0.,176.2086,0.));
#13244=CARTESIAN_POINT('Origin',(-0.762,163.5086,0.));
#13245=CARTESIAN_POINT('',(-0.762,175.0402,-25.05789422294));
#13246=CARTESIAN_POINT('',(-0.762,175.0402,-34.1314950742));
#13247=CARTESIAN_POINT('',(-0.762,175.0402,-25.05789422294));
#13248=CARTESIAN_POINT('',(-0.762,174.4164027522,-34.1314950742));
#13249=CARTESIAN_POINT('',(-0.762,174.4164027522,-34.1314950742));
#13250=CARTESIAN_POINT('Origin',(-0.762,225.2052046411,-33.06491048124));
#13251=CARTESIAN_POINT('',(-0.762,176.2086,-24.14337808096));
#13252=CARTESIAN_POINT('',(-0.762,176.2086,-24.14337808096));
#13253=CARTESIAN_POINT('',(-0.76199999993375,175.194743138308,-24.1433780825023));
#13254=CARTESIAN_POINT('',(-0.762,176.2086,-24.14337808096));
#13255=CARTESIAN_POINT('Origin',(-0.762,225.2052046411,-33.06491048124));
#13256=CARTESIAN_POINT('Origin',(0.762,225.2052046411,-33.06491048124));
#13257=CARTESIAN_POINT('',(0.762,174.4164027522,-34.1314950742));
#13258=CARTESIAN_POINT('Origin',(-3.12111447797747E-13,173.697130175519,
-0.0151662720899548));
#13259=CARTESIAN_POINT('Origin',(0.762,225.2052046411,-33.06491048124));
#13260=CARTESIAN_POINT('Origin',(0.762,163.5086,0.));
#13261=CARTESIAN_POINT('',(0.762,175.0402,-25.05789422294));
#13262=CARTESIAN_POINT('',(0.762,175.0402,-34.1314950742));
#13263=CARTESIAN_POINT('',(0.762,175.0402,-25.05789422294));
#13264=CARTESIAN_POINT('',(0.761999999697997,175.194743136822,-24.143378083123));
#13265=CARTESIAN_POINT('Origin',(0.762,225.2052046411,-33.06491048124));
#13266=CARTESIAN_POINT('',(0.762,176.2086,-24.14337808096));
#13267=CARTESIAN_POINT('',(0.762,176.2086,-24.14337808096));
#13268=CARTESIAN_POINT('',(0.762,176.2086,-33.90043712108));
#13269=CARTESIAN_POINT('',(0.762,176.2086,-24.14337808096));
#13270=CARTESIAN_POINT('',(0.762,176.2086,-33.90043712108));
#13271=CARTESIAN_POINT('',(0.762,174.4164027522,-34.1314950742));
#13272=CARTESIAN_POINT('Origin',(0.,175.8276,0.));
#13273=CARTESIAN_POINT('',(0.762,176.2086,33.90043712108));
#13274=CARTESIAN_POINT('Origin',(0.,176.2086,0.));
#13275=CARTESIAN_POINT('',(0.762,175.4466,34.6626253622));
#13276=CARTESIAN_POINT('Origin',(0.762,163.5086,0.));
#13277=CARTESIAN_POINT('',(0.762,175.0402,25.05789422294));
#13278=CARTESIAN_POINT('',(0.762,175.0402,34.1314950742));
#13279=CARTESIAN_POINT('',(0.762,175.0402,25.05789422294));
#13280=CARTESIAN_POINT('',(0.762,174.4164027522,34.1314950742));
#13281=CARTESIAN_POINT('',(0.762,176.2086,24.14337808096));
#13282=CARTESIAN_POINT('',(0.762,176.2086,33.90043712108));
#13283=CARTESIAN_POINT('',(0.761999999672559,175.194743136709,24.1433780832178));
#13284=CARTESIAN_POINT('',(0.762,176.2086,24.14337808096));
#13285=CARTESIAN_POINT('Origin',(0.762,225.2052046411,33.06491048124));
#13286=CARTESIAN_POINT('Origin',(0.,172.0402,0.));
#13287=CARTESIAN_POINT('Origin',(0.,172.0402,0.));
#13288=CARTESIAN_POINT('Origin',(0.,172.0402,0.));
#13289=CARTESIAN_POINT('Origin',(0.,172.0402,0.));
#13290=CARTESIAN_POINT('Origin',(0.,172.0402,0.));
#13291=CARTESIAN_POINT('Origin',(0.,172.0402,0.));
#13292=CARTESIAN_POINT('Origin',(0.,172.0402,0.));
#13293=CARTESIAN_POINT('Origin',(0.,175.0402,0.));
#13294=CARTESIAN_POINT('Origin',(0.,175.0402,0.));
#13295=CARTESIAN_POINT('',(0.762,175.0402,25.05789422294));
#13296=CARTESIAN_POINT('Origin',(0.762,225.2052046411,33.06491048124));
#13297=CARTESIAN_POINT('',(-1.34031378652805E-15,175.192600000023,24.1554));
#13298=CARTESIAN_POINT('Ctrl Pts',(2.77555756156289E-16,175.192600000023,
24.1554));
#13299=CARTESIAN_POINT('Ctrl Pts',(0.252751339971519,175.192600000023,24.1554));
#13300=CARTESIAN_POINT('Ctrl Pts',(0.50684319796627,175.193306516668,24.1514311993887));
#13301=CARTESIAN_POINT('Ctrl Pts',(0.761999999586905,175.194743139221,24.1433780809693));
#13302=CARTESIAN_POINT('Ctrl Pts',(-0.761999999586906,175.194743139221,
24.1433780809693));
#13303=CARTESIAN_POINT('Ctrl Pts',(-0.506843197966271,175.193306516668,
24.1514311993887));
#13304=CARTESIAN_POINT('Ctrl Pts',(-0.252751339971518,175.192600000023,
24.1554));
#13305=CARTESIAN_POINT('Ctrl Pts',(1.11022302462516E-15,175.192600000023,
24.1554));
#13306=CARTESIAN_POINT('Origin',(0.,176.5896,0.));
#13307=CARTESIAN_POINT('Ctrl Pts',(-0.761999999888763,175.194743139223,
-24.1433780809598));
#13308=CARTESIAN_POINT('Ctrl Pts',(-0.506843198166668,175.193306516668,
-24.1514311993855));
#13309=CARTESIAN_POINT('Ctrl Pts',(-0.252751340071189,175.192600000023,
-24.1554));
#13310=CARTESIAN_POINT('Ctrl Pts',(0.252751336134619,175.192600000023,-24.1554));
#13311=CARTESIAN_POINT('Ctrl Pts',(0.506843190251744,175.193306516646,-24.1514311995092));
#13312=CARTESIAN_POINT('Ctrl Pts',(0.761999987966593,175.194743139156,-24.1433780813361));
#13313=CARTESIAN_POINT('Origin',(0.,176.2086,0.));
#13314=CARTESIAN_POINT('',(-2.9581833292124E-15,175.0402,24.1554));
#13315=CARTESIAN_POINT('',(-2.9581833292124E-15,176.5896,24.1554));
#13316=CARTESIAN_POINT('Origin',(0.,175.0402,0.));
#13317=CARTESIAN_POINT('Origin',(0.,176.2086,0.));
#13318=CARTESIAN_POINT('Origin',(0.,176.2086,0.));
#13319=CARTESIAN_POINT('',(-14.6812,176.2086,-29.55608431608));
#13320=CARTESIAN_POINT('Origin',(-14.6812,176.2086,-25.42858431608));
#13321=CARTESIAN_POINT('',(-29.3624,176.2086,-4.1275));
#13322=CARTESIAN_POINT('Origin',(-29.3624,176.2086,0.));
#13323=CARTESIAN_POINT('',(-14.6812,176.2086,21.30108431608));
#13324=CARTESIAN_POINT('Origin',(-14.6812,176.2086,25.42858431608));
#13325=CARTESIAN_POINT('Origin',(0.,175.0402,0.));
#13326=CARTESIAN_POINT('Origin',(0.,175.0402,0.));
#13327=CARTESIAN_POINT('',(0.762,175.0402,-25.05789422294));
#13328=CARTESIAN_POINT('Origin',(0.,172.0402,0.));
#13329=CARTESIAN_POINT('Origin',(0.762,225.2052046411,-33.06491048124));
#13330=CARTESIAN_POINT('Origin',(0.,176.2086,0.));
#13331=CARTESIAN_POINT('',(14.6812,176.2086,21.30108431608));
#13332=CARTESIAN_POINT('Origin',(14.6812,176.2086,25.42858431608));
#13333=CARTESIAN_POINT('',(29.3624,176.2086,-4.12750000000001));
#13334=CARTESIAN_POINT('Origin',(29.3624,176.2086,-1.274534419967E-14));
#13335=CARTESIAN_POINT('',(14.6812,176.2086,-29.55608431608));
#13336=CARTESIAN_POINT('Origin',(14.6812,176.2086,-25.42858431608));
#13337=CARTESIAN_POINT('Origin',(0.,175.0402,0.));
#13338=CARTESIAN_POINT('',(0.,175.0402,22.35071852908));
#13339=CARTESIAN_POINT('Origin',(0.,175.0402,0.));
#13340=CARTESIAN_POINT('Origin',(-14.6812,175.8276,-25.42858431608));
#13341=CARTESIAN_POINT('',(-14.6812,175.4466,-22.06308431608));
#13342=CARTESIAN_POINT('',(-14.6812,175.4466,-28.79408431608));
#13343=CARTESIAN_POINT('Origin',(-14.6812,175.4466,-25.42858431608));
#13344=CARTESIAN_POINT('',(-14.6812,175.8276,-29.17508431608));
#13345=CARTESIAN_POINT('Origin',(-14.6812,175.4466,-25.42858431608));
#13346=CARTESIAN_POINT('Origin',(-29.3624,175.8276,0.));
#13347=CARTESIAN_POINT('',(-29.3624,175.4466,3.3655));
#13348=CARTESIAN_POINT('',(-29.3624,175.4466,-3.3655));
#13349=CARTESIAN_POINT('Origin',(-29.3624,175.4466,0.));
#13350=CARTESIAN_POINT('',(-29.3624,175.8276,-3.7465));
#13351=CARTESIAN_POINT('Origin',(-29.3624,175.4466,0.));
#13352=CARTESIAN_POINT('Origin',(-14.6812,175.8276,25.42858431608));
#13353=CARTESIAN_POINT('',(-14.6812,175.4466,28.79408431608));
#13354=CARTESIAN_POINT('',(-14.6812,175.4466,22.06308431608));
#13355=CARTESIAN_POINT('Origin',(-14.6812,175.4466,25.42858431608));
#13356=CARTESIAN_POINT('',(-14.6812,175.8276,21.68208431608));
#13357=CARTESIAN_POINT('Origin',(-14.6812,175.4466,25.42858431608));
#13358=CARTESIAN_POINT('Origin',(14.6812,175.8276,25.42858431608));
#13359=CARTESIAN_POINT('',(14.6812,175.4466,28.79408431608));
#13360=CARTESIAN_POINT('',(14.6812,175.4466,22.06308431608));
#13361=CARTESIAN_POINT('Origin',(14.6812,175.4466,25.42858431608));
#13362=CARTESIAN_POINT('',(14.6812,175.8276,21.68208431608));
#13363=CARTESIAN_POINT('Origin',(14.6812,175.4466,25.42858431608));
#13364=CARTESIAN_POINT('Origin',(29.3624,175.8276,-1.274534419967E-14));
#13365=CARTESIAN_POINT('',(29.3624,175.4466,3.3655));
#13366=CARTESIAN_POINT('',(29.3624,175.4466,-3.36550000000001));
#13367=CARTESIAN_POINT('Origin',(29.3624,175.4466,-1.274534419967E-14));
#13368=CARTESIAN_POINT('',(29.3624,175.8276,-3.74650000000001));
#13369=CARTESIAN_POINT('Origin',(29.3624,175.4466,-1.274534419967E-14));
#13370=CARTESIAN_POINT('Origin',(14.6812,175.8276,-25.42858431608));
#13371=CARTESIAN_POINT('',(14.6812,175.4466,-22.06308431608));
#13372=CARTESIAN_POINT('',(14.6812,175.4466,-28.79408431608));
#13373=CARTESIAN_POINT('Origin',(14.6812,175.4466,-25.42858431608));
#13374=CARTESIAN_POINT('',(14.6812,175.8276,-29.17508431608));
#13375=CARTESIAN_POINT('Origin',(14.6812,175.4466,-25.42858431608));
#13376=CARTESIAN_POINT('Origin',(0.,175.2942,0.));
#13377=CARTESIAN_POINT('',(0.,175.5482,20.955));
#13378=CARTESIAN_POINT('',(-2.6517104790707E-15,175.2942,21.65285926454));
#13379=CARTESIAN_POINT('',(-2.56624736761274E-15,175.5482,-20.9549999999956));
#13380=CARTESIAN_POINT('Origin',(0.,175.5482,0.));
#13381=CARTESIAN_POINT('Origin',(0.,175.5482,0.));
#13382=CARTESIAN_POINT('Origin',(-14.6812,176.8436,-25.42858431608));
#13383=CARTESIAN_POINT('',(-14.6812,175.0402,-22.06308431608));
#13384=CARTESIAN_POINT('',(-14.6812,176.8436,-22.06308431608));
#13385=CARTESIAN_POINT('Origin',(-14.6812,175.0402,-25.42858431608));
#13386=CARTESIAN_POINT('Origin',(-29.3624,176.8436,0.));
#13387=CARTESIAN_POINT('',(-29.3624,175.0402,3.3655));
#13388=CARTESIAN_POINT('',(-29.3624,176.8436,3.3655));
#13389=CARTESIAN_POINT('Origin',(-29.3624,175.0402,0.));
#13390=CARTESIAN_POINT('Origin',(-14.6812,176.8436,25.42858431608));
#13391=CARTESIAN_POINT('',(-14.6812,175.0402,28.79408431608));
#13392=CARTESIAN_POINT('',(-14.6812,176.8436,28.79408431608));
#13393=CARTESIAN_POINT('Origin',(-14.6812,175.0402,25.42858431608));
#13394=CARTESIAN_POINT('Origin',(14.6812,176.8436,25.42858431608));
#13395=CARTESIAN_POINT('',(14.6812,175.0402,28.79408431608));
#13396=CARTESIAN_POINT('',(14.6812,176.8436,28.79408431608));
#13397=CARTESIAN_POINT('Origin',(14.6812,175.0402,25.42858431608));
#13398=CARTESIAN_POINT('Origin',(29.3624,176.8436,-1.274534419967E-14));
#13399=CARTESIAN_POINT('',(29.3624,175.0402,3.36549999999999));
#13400=CARTESIAN_POINT('',(29.3624,176.8436,3.36549999999999));
#13401=CARTESIAN_POINT('Origin',(29.3624,175.0402,-1.274534419967E-14));
#13402=CARTESIAN_POINT('Origin',(14.6812,176.8436,-25.42858431608));
#13403=CARTESIAN_POINT('',(14.6812,175.0402,-22.06308431608));
#13404=CARTESIAN_POINT('',(14.6812,176.8436,-22.06308431608));
#13405=CARTESIAN_POINT('Origin',(14.6812,175.0402,-25.42858431608));
#13406=CARTESIAN_POINT('Origin',(0.,175.2942,0.));
#13407=CARTESIAN_POINT('',(0.,175.0402,-20.91055575893));
#13408=CARTESIAN_POINT('Origin',(0.,175.0402,0.));
#13409=CARTESIAN_POINT('',(-2.56352594273432E-15,175.2942,-20.93277787946));
#13410=CARTESIAN_POINT('Origin',(0.,175.0402,0.));
#13411=CARTESIAN_POINT('Origin',(0.,175.0402,0.));
#13412=CARTESIAN_POINT('Origin',(0.,175.0402,0.));
#13413=CARTESIAN_POINT('Origin',(0.,175.0402,0.));
#13414=CARTESIAN_POINT('Origin',(0.,175.0402,0.));
#13415=CARTESIAN_POINT('Origin',(0.,175.0402,0.));
#13416=CARTESIAN_POINT('Origin',(0.,175.0402,0.));
#13417=CARTESIAN_POINT('Origin',(26.,101.1,-93.35));
#13418=CARTESIAN_POINT('',(26.,101.1,-93.35));
#13419=CARTESIAN_POINT('',(26.,2.9,-93.35));
#13420=CARTESIAN_POINT('',(26.,101.1,-93.35));
#13421=CARTESIAN_POINT('',(26.,101.1,93.35));
#13422=CARTESIAN_POINT('',(26.,101.1,-93.35));
#13423=CARTESIAN_POINT('',(26.,2.9,93.35));
#13424=CARTESIAN_POINT('',(26.,101.1,93.35));
#13425=CARTESIAN_POINT('',(26.,2.9,-93.35));
#13426=CARTESIAN_POINT('Origin',(25.25,52.,-93.35));
#13427=CARTESIAN_POINT('',(25.25,101.1,-93.35));
#13428=CARTESIAN_POINT('',(25.25,3.75,-93.35));
#13429=CARTESIAN_POINT('',(25.25,101.1,-93.35));
#13430=CARTESIAN_POINT('',(26.,101.1,-93.35));
#13431=CARTESIAN_POINT('',(25.12706447616,2.9,-93.35));
#13432=CARTESIAN_POINT('',(26.,2.9,-93.35));
#13433=CARTESIAN_POINT('Origin',(22.25,3.75,-93.35));
#13434=CARTESIAN_POINT('Origin',(27.4,101.1,-93.35));
#13435=CARTESIAN_POINT('',(27.4,102.5,-93.35));
#13436=CARTESIAN_POINT('Origin',(27.4,101.1,-93.35));
#13437=CARTESIAN_POINT('',(27.4,102.5,93.35));
#13438=CARTESIAN_POINT('',(27.4,102.5,-93.35));
#13439=CARTESIAN_POINT('Origin',(27.4,101.1,93.35));
#13440=CARTESIAN_POINT('Origin',(25.25,52.,93.35));
#13441=CARTESIAN_POINT('',(25.25,101.1,93.35));
#13442=CARTESIAN_POINT('',(25.25,3.75,93.35));
#13443=CARTESIAN_POINT('',(25.25,101.1,93.35));
#13444=CARTESIAN_POINT('',(25.12706447616,2.9,93.35));
#13445=CARTESIAN_POINT('Origin',(22.25,3.75,93.35));
#13446=CARTESIAN_POINT('',(26.,2.9,93.35));
#13447=CARTESIAN_POINT('',(26.,101.1,93.35));
#13448=CARTESIAN_POINT('Origin',(23.1,2.9,-93.35));
#13449=CARTESIAN_POINT('',(23.1,0.,-93.35));
#13450=CARTESIAN_POINT('Origin',(23.1,2.9,-93.35));
#13451=CARTESIAN_POINT('',(23.1,0.,93.35));
#13452=CARTESIAN_POINT('Origin',(23.1,2.9,93.35));
#13453=CARTESIAN_POINT('',(23.1,0.,-93.35));
#13454=CARTESIAN_POINT('Origin',(24.62027957955,1.379720420449,-93.35));
#13455=CARTESIAN_POINT('',(23.1,0.8729355238367,-93.35));
#13456=CARTESIAN_POINT('Origin',(22.25,3.75,-93.35));
#13457=CARTESIAN_POINT('',(23.1,0.,-93.35));
#13458=CARTESIAN_POINT('Origin',(25.87972042045,102.6202795796,-93.35));
#13459=CARTESIAN_POINT('',(27.4,103.25,-93.35));
#13460=CARTESIAN_POINT('',(26.75,103.25,-93.35));
#13461=CARTESIAN_POINT('',(27.4,103.25,-93.35));
#13462=CARTESIAN_POINT('',(27.4,102.5,-93.35));
#13463=CARTESIAN_POINT('',(25.25,101.75,-93.35));
#13464=CARTESIAN_POINT('',(25.25,101.1,-93.35));
#13465=CARTESIAN_POINT('Origin',(26.75,101.75,-93.35));
#13466=CARTESIAN_POINT('Origin',(25.87972042045,102.6202795796,93.35));
#13467=CARTESIAN_POINT('',(27.4,103.25,93.35));
#13468=CARTESIAN_POINT('',(26.75,103.25,93.35));
#13469=CARTESIAN_POINT('',(27.4,103.25,93.35));
#13470=CARTESIAN_POINT('',(25.25,101.75,93.35));
#13471=CARTESIAN_POINT('Origin',(26.75,101.75,93.35));
#13472=CARTESIAN_POINT('',(25.25,101.1,93.35));
#13473=CARTESIAN_POINT('',(27.4,102.5,93.35));
#13474=CARTESIAN_POINT('Origin',(24.62027957955,1.379720420449,93.35));
#13475=CARTESIAN_POINT('',(23.1,0.8729355238369,93.35));
#13476=CARTESIAN_POINT('Origin',(22.25,3.75,93.35));
#13477=CARTESIAN_POINT('',(23.1,0.,93.35));
#13478=CARTESIAN_POINT('Origin',(25.25,103.25,-93.35));
#13479=CARTESIAN_POINT('',(25.25,3.75,-94.85));
#13480=CARTESIAN_POINT('',(25.25,3.75,-94.85));
#13481=CARTESIAN_POINT('',(25.25,101.75,-94.85));
#13482=CARTESIAN_POINT('',(25.25,101.75,-94.85));
#13483=CARTESIAN_POINT('',(25.25,101.75,-93.35));
#13484=CARTESIAN_POINT('Origin',(22.25,3.75,-95.16057121019));
#13485=CARTESIAN_POINT('',(22.25,0.75,-93.35));
#13486=CARTESIAN_POINT('Origin',(22.25,3.75,-93.35));
#13487=CARTESIAN_POINT('',(22.25,0.75,-94.85));
#13488=CARTESIAN_POINT('',(22.25,0.75,-94.85));
#13489=CARTESIAN_POINT('Origin',(22.25,3.75,-94.85));
#13490=CARTESIAN_POINT('Origin',(57.1,102.5,-93.35));
#13491=CARTESIAN_POINT('',(52.5,102.5,93.35));
#13492=CARTESIAN_POINT('',(52.5,102.5,-93.35));
#13493=CARTESIAN_POINT('',(52.5,102.5,93.35));
#13494=CARTESIAN_POINT('',(52.5,102.5,93.35));
#13495=CARTESIAN_POINT('',(52.5,102.5,-93.35));
#13496=CARTESIAN_POINT('Origin',(42.25,103.25,-93.35));
#13497=CARTESIAN_POINT('',(57.1,102.5,-93.35));
#13498=CARTESIAN_POINT('',(57.1,102.5,-93.35));
#13499=CARTESIAN_POINT('',(56.25,103.25,-93.35));
#13500=CARTESIAN_POINT('',(27.4,103.25,-93.35));
#13501=CARTESIAN_POINT('',(57.1,103.3729355238,-93.35));
#13502=CARTESIAN_POINT('Origin',(56.25,106.25,-93.35));
#13503=CARTESIAN_POINT('',(57.1,102.5,-93.35));
#13504=CARTESIAN_POINT('Origin',(42.25,103.25,93.35));
#13505=CARTESIAN_POINT('',(57.1,102.5,93.35));
#13506=CARTESIAN_POINT('',(57.1,102.5,93.35));
#13507=CARTESIAN_POINT('',(57.1,103.3729355238,93.35));
#13508=CARTESIAN_POINT('',(57.1,102.5,93.35));
#13509=CARTESIAN_POINT('',(56.25,103.25,93.35));
#13510=CARTESIAN_POINT('Origin',(56.25,106.25,93.35));
#13511=CARTESIAN_POINT('',(27.4,103.25,93.35));
#13512=CARTESIAN_POINT('Origin',(25.25,103.25,94.85));
#13513=CARTESIAN_POINT('',(25.25,101.75,94.85));
#13514=CARTESIAN_POINT('',(25.25,101.75,94.85));
#13515=CARTESIAN_POINT('',(25.25,3.75,94.85));
#13516=CARTESIAN_POINT('',(25.25,101.75,94.85));
#13517=CARTESIAN_POINT('',(25.25,3.75,93.35));
#13518=CARTESIAN_POINT('Origin',(22.25,3.75,93.03942878981));
#13519=CARTESIAN_POINT('',(22.25,0.75,93.35));
#13520=CARTESIAN_POINT('Origin',(22.25,3.75,93.35));
#13521=CARTESIAN_POINT('',(22.25,0.75,94.85));
#13522=CARTESIAN_POINT('Origin',(22.25,3.75,94.85));
#13523=CARTESIAN_POINT('',(22.25,0.75,93.35));
#13524=CARTESIAN_POINT('Origin',(23.1,0.,-93.35));
#13525=CARTESIAN_POINT('',(-23.1,0.,-93.35));
#13526=CARTESIAN_POINT('',(23.1,0.,-93.35));
#13527=CARTESIAN_POINT('',(-23.1,0.,93.35));
#13528=CARTESIAN_POINT('',(23.1,0.,93.35));
#13529=CARTESIAN_POINT('',(-23.1,0.,-93.35));
#13530=CARTESIAN_POINT('Origin',(0.,0.75,-93.35));
#13531=CARTESIAN_POINT('',(-22.25,0.75,-93.35));
#13532=CARTESIAN_POINT('',(22.25,0.75,-93.35));
#13533=CARTESIAN_POINT('',(-23.1,0.8729355238367,-93.35));
#13534=CARTESIAN_POINT('',(-23.1,0.,-93.35));
#13535=CARTESIAN_POINT('Origin',(-22.25,3.75,-93.35));
#13536=CARTESIAN_POINT('Origin',(0.,0.75,93.35));
#13537=CARTESIAN_POINT('',(-22.25,0.75,93.35));
#13538=CARTESIAN_POINT('',(22.25,0.75,93.35));
#13539=CARTESIAN_POINT('',(-23.1,0.8729355238369,93.35));
#13540=CARTESIAN_POINT('Origin',(-22.25,3.75,93.35));
#13541=CARTESIAN_POINT('',(-23.1,0.,93.35));
#13542=CARTESIAN_POINT('Origin',(59.25,103.25,-93.35));
#13543=CARTESIAN_POINT('',(26.75,103.25,-94.85));
#13544=CARTESIAN_POINT('',(26.75,103.25,-93.35));
#13545=CARTESIAN_POINT('',(56.25,103.25,-94.85));
#13546=CARTESIAN_POINT('',(56.25,103.25,-94.85));
#13547=CARTESIAN_POINT('',(56.25,103.25,-94.85));
#13548=CARTESIAN_POINT('Origin',(26.75,101.75,-93.08463309632));
#13549=CARTESIAN_POINT('Origin',(26.75,101.75,-94.85));
#13550=CARTESIAN_POINT('Origin',(59.25,103.25,94.85));
#13551=CARTESIAN_POINT('',(56.25,103.25,94.85));
#13552=CARTESIAN_POINT('',(56.25,103.25,93.35));
#13553=CARTESIAN_POINT('',(26.75,103.25,94.85));
#13554=CARTESIAN_POINT('',(56.25,103.25,94.85));
#13555=CARTESIAN_POINT('',(26.75,103.25,94.85));
#13556=CARTESIAN_POINT('Origin',(26.75,101.75,95.11536690368));
#13557=CARTESIAN_POINT('Origin',(26.75,101.75,94.85));
#13558=CARTESIAN_POINT('Origin',(0.,103.25,-94.85));
#13559=CARTESIAN_POINT('',(-26.75,103.25,-94.85));
#13560=CARTESIAN_POINT('',(-56.25,103.25,-94.85));
#13561=CARTESIAN_POINT('',(-26.75,103.25,-94.85));
#13562=CARTESIAN_POINT('',(-59.25,106.25,-94.85));
#13563=CARTESIAN_POINT('Origin',(-56.25,106.25,-94.85));
#13564=CARTESIAN_POINT('',(-59.25,145.,-94.85));
#13565=CARTESIAN_POINT('',(-59.25,106.25,-94.85));
#13566=CARTESIAN_POINT('',(-58.75,145.5,-94.85));
#13567=CARTESIAN_POINT('Origin',(-58.75,145.,-94.85));
#13568=CARTESIAN_POINT('',(58.75,145.5,-94.85));
#13569=CARTESIAN_POINT('',(-58.75,145.5,-94.85));
#13570=CARTESIAN_POINT('',(59.25,145.,-94.85));
#13571=CARTESIAN_POINT('Origin',(58.75,145.,-94.85));
#13572=CARTESIAN_POINT('',(59.25,106.25,-94.85));
#13573=CARTESIAN_POINT('',(59.25,145.,-94.85));
#13574=CARTESIAN_POINT('Origin',(56.25,106.25,-94.85));
#13575=CARTESIAN_POINT('',(-22.25,0.75,-94.85));
#13576=CARTESIAN_POINT('',(22.25,0.75,-94.85));
#13577=CARTESIAN_POINT('',(-25.25,3.75,-94.85));
#13578=CARTESIAN_POINT('Origin',(-22.25,3.75,-94.85));
#13579=CARTESIAN_POINT('',(-25.25,101.75,-94.85));
#13580=CARTESIAN_POINT('',(-25.25,3.75,-94.85));
#13581=CARTESIAN_POINT('Origin',(-26.75,101.75,-94.85));
#13582=CARTESIAN_POINT('Origin',(25.25,0.75,-93.35));
#13583=CARTESIAN_POINT('',(-22.25,0.75,-94.85));
#13584=CARTESIAN_POINT('Origin',(52.5,102.5,-95.51));
#13585=CARTESIAN_POINT('',(52.5,1.2,-95.51));
#13586=CARTESIAN_POINT('',(52.5,101.85,-95.51));
#13587=CARTESIAN_POINT('',(52.5,1.2,-95.51));
#13588=CARTESIAN_POINT('',(52.5,1.2,95.24));
#13589=CARTESIAN_POINT('',(52.5,1.2,-95.51));
#13590=CARTESIAN_POINT('',(52.5,101.85,95.24));
#13591=CARTESIAN_POINT('',(52.5,1.2,95.24));
#13592=CARTESIAN_POINT('',(52.5,102.5,95.24));
#13593=CARTESIAN_POINT('',(52.5,102.5,95.24));
#13594=CARTESIAN_POINT('',(52.5,102.5,93.35));
#13595=CARTESIAN_POINT('',(52.5,102.5,-95.51));
#13596=CARTESIAN_POINT('',(52.5,102.5,-95.51));
#13597=CARTESIAN_POINT('',(52.5,102.5,-95.51));
#13598=CARTESIAN_POINT('Origin',(65.2,102.5,-95.51));
#13599=CARTESIAN_POINT('',(57.1,102.5,93.35));
#13600=CARTESIAN_POINT('',(65.2,102.5,95.24));
#13601=CARTESIAN_POINT('',(65.2,102.5,95.24));
#13602=CARTESIAN_POINT('',(65.2,102.5,-95.51));
#13603=CARTESIAN_POINT('',(65.2,102.5,-95.51));
#13604=CARTESIAN_POINT('',(65.2,102.5,-95.51));
#13605=CARTESIAN_POINT('Origin',(56.25,106.25,-95.16057121019));
#13606=CARTESIAN_POINT('',(59.25,106.25,-93.35));
#13607=CARTESIAN_POINT('',(59.25,106.25,-94.85));
#13608=CARTESIAN_POINT('',(59.12706447616,105.4,-93.35));
#13609=CARTESIAN_POINT('Origin',(56.25,106.25,-93.35));
#13610=CARTESIAN_POINT('Origin',(56.25,106.25,-93.35));
#13611=CARTESIAN_POINT('Origin',(58.62027957955,103.8797204204,-93.35));
#13612=CARTESIAN_POINT('',(60.,105.4,-93.35));
#13613=CARTESIAN_POINT('Origin',(57.1,105.4,-93.35));
#13614=CARTESIAN_POINT('',(60.,105.4,-93.35));
#13615=CARTESIAN_POINT('Origin',(57.1,105.4,-93.35));
#13616=CARTESIAN_POINT('',(60.,105.4,93.35));
#13617=CARTESIAN_POINT('',(60.,105.4,-93.35));
#13618=CARTESIAN_POINT('Origin',(57.1,105.4,93.35));
#13619=CARTESIAN_POINT('Origin',(58.62027957955,103.8797204204,93.35));
#13620=CARTESIAN_POINT('',(59.12706447616,105.4,93.35));
#13621=CARTESIAN_POINT('',(60.,105.4,93.35));
#13622=CARTESIAN_POINT('Origin',(56.25,106.25,93.35));
#13623=CARTESIAN_POINT('Origin',(56.25,106.25,93.03942878981));
#13624=CARTESIAN_POINT('',(59.25,106.25,93.35));
#13625=CARTESIAN_POINT('Origin',(56.25,106.25,93.35));
#13626=CARTESIAN_POINT('',(59.25,106.25,94.85));
#13627=CARTESIAN_POINT('',(59.25,106.25,93.35));
#13628=CARTESIAN_POINT('Origin',(56.25,106.25,94.85));
#13629=CARTESIAN_POINT('Origin',(0.,103.25,94.85));
#13630=CARTESIAN_POINT('',(-25.25,3.75,94.85));
#13631=CARTESIAN_POINT('',(-25.25,101.75,94.85));
#13632=CARTESIAN_POINT('',(-25.25,3.75,94.85));
#13633=CARTESIAN_POINT('',(-22.25,0.75,94.85));
#13634=CARTESIAN_POINT('Origin',(-22.25,3.75,94.85));
#13635=CARTESIAN_POINT('',(22.25,0.75,94.85));
#13636=CARTESIAN_POINT('',(59.25,145.,94.85));
#13637=CARTESIAN_POINT('',(59.25,145.,94.85));
#13638=CARTESIAN_POINT('',(58.75,145.5,94.85));
#13639=CARTESIAN_POINT('Origin',(58.75,145.,94.85));
#13640=CARTESIAN_POINT('',(-58.75,145.5,94.85));
#13641=CARTESIAN_POINT('',(-58.75,145.5,94.85));
#13642=CARTESIAN_POINT('',(-59.25,145.,94.85));
#13643=CARTESIAN_POINT('Origin',(-58.75,145.,94.85));
#13644=CARTESIAN_POINT('',(-59.25,106.25,94.85));
#13645=CARTESIAN_POINT('',(-59.25,106.25,94.85));
#13646=CARTESIAN_POINT('',(-56.25,103.25,94.85));
#13647=CARTESIAN_POINT('Origin',(-56.25,106.25,94.85));
#13648=CARTESIAN_POINT('',(-26.75,103.25,94.85));
#13649=CARTESIAN_POINT('',(-26.75,103.25,94.85));
#13650=CARTESIAN_POINT('Origin',(-26.75,101.75,94.85));
#13651=CARTESIAN_POINT('',(-14.5,100.5,94.85));
#13652=CARTESIAN_POINT('',(-16.5,98.5,94.85));
#13653=CARTESIAN_POINT('Origin',(-14.5,98.5,94.85));
#13654=CARTESIAN_POINT('',(14.5,100.5,94.85));
#13655=CARTESIAN_POINT('',(14.5,100.5,94.85));
#13656=CARTESIAN_POINT('',(16.5,98.5,94.85));
#13657=CARTESIAN_POINT('Origin',(14.5,98.5,94.85));
#13658=CARTESIAN_POINT('',(16.5,89.5,94.85));
#13659=CARTESIAN_POINT('',(16.5,89.5,94.85));
#13660=CARTESIAN_POINT('',(14.5,87.5,94.85));
#13661=CARTESIAN_POINT('Origin',(14.5,89.5,94.85));
#13662=CARTESIAN_POINT('',(-14.5,87.5,94.85));
#13663=CARTESIAN_POINT('',(-14.5,87.5,94.85));
#13664=CARTESIAN_POINT('',(-16.5,89.5,94.85));
#13665=CARTESIAN_POINT('Origin',(-14.5,89.5,94.85));
#13666=CARTESIAN_POINT('',(-16.5,98.5,94.85));
#13667=CARTESIAN_POINT('',(9.525,125.,94.85));
#13668=CARTESIAN_POINT('Origin',(0.,125.,94.85));
#13669=CARTESIAN_POINT('',(-0.790827801692005,112.882353932568,94.85));
#13670=CARTESIAN_POINT('Origin',(0.,111.5126,94.85));
#13671=CARTESIAN_POINT('',(-12.471258832692,119.626053932568,94.85));
#13672=CARTESIAN_POINT('Origin',(-11.680431031,118.2563,94.85));
#13673=CARTESIAN_POINT('',(-12.471258832692,133.113453932568,94.85));
#13674=CARTESIAN_POINT('Origin',(-11.680431031,131.7437,94.85));
#13675=CARTESIAN_POINT('',(-0.790827801692005,139.857153932569,94.85));
#13676=CARTESIAN_POINT('Origin',(0.,138.4874,94.85));
#13677=CARTESIAN_POINT('',(10.889603229308,133.113453932568,94.85));
#13678=CARTESIAN_POINT('Origin',(11.680431031,131.7437,94.85));
#13679=CARTESIAN_POINT('',(10.889603229308,119.626053932568,94.85));
#13680=CARTESIAN_POINT('Origin',(11.680431031,118.2563,94.85));
#13681=CARTESIAN_POINT('Origin',(25.25,0.75,94.85));
#13682=CARTESIAN_POINT('',(-22.25,0.75,93.35));
#13683=CARTESIAN_POINT('Origin',(-23.1,2.9,-93.35));
#13684=CARTESIAN_POINT('',(-26.,2.9,-93.35));
#13685=CARTESIAN_POINT('Origin',(-23.1,2.9,-93.35));
#13686=CARTESIAN_POINT('',(-26.,2.9,93.35));
#13687=CARTESIAN_POINT('Origin',(-23.1,2.9,93.35));
#13688=CARTESIAN_POINT('',(-26.,2.9,-93.35));
#13689=CARTESIAN_POINT('Origin',(-24.62027957955,1.379720420449,-93.35));
#13690=CARTESIAN_POINT('',(-25.12706447616,2.9,-93.35));
#13691=CARTESIAN_POINT('Origin',(-22.25,3.75,-93.35));
#13692=CARTESIAN_POINT('',(-26.,2.9,-93.35));
#13693=CARTESIAN_POINT('Origin',(-24.62027957955,1.379720420449,93.35));
#13694=CARTESIAN_POINT('',(-25.12706447616,2.9,93.35));
#13695=CARTESIAN_POINT('Origin',(-22.25,3.75,93.35));
#13696=CARTESIAN_POINT('',(-26.,2.9,93.35));
#13697=CARTESIAN_POINT('Origin',(-22.25,3.75,-95.16057121019));
#13698=CARTESIAN_POINT('',(-25.25,3.75,-93.35));
#13699=CARTESIAN_POINT('Origin',(-22.25,3.75,-93.35));
#13700=CARTESIAN_POINT('',(-25.25,3.75,-94.85));
#13701=CARTESIAN_POINT('Origin',(-22.25,3.75,93.03942878981));
#13702=CARTESIAN_POINT('',(-25.25,3.75,93.35));
#13703=CARTESIAN_POINT('Origin',(-22.25,3.75,93.35));
#13704=CARTESIAN_POINT('',(-25.25,3.75,93.35));
#13705=CARTESIAN_POINT('Origin',(-25.25,103.25,-93.35));
#13706=CARTESIAN_POINT('',(-27.4,103.25,-93.35));
#13707=CARTESIAN_POINT('',(-56.25,103.25,-93.35));
#13708=CARTESIAN_POINT('',(-27.4,103.25,-93.35));
#13709=CARTESIAN_POINT('',(-56.25,103.25,-94.85));
#13710=CARTESIAN_POINT('',(-26.75,103.25,-93.35));
#13711=CARTESIAN_POINT('',(-26.75,103.25,-93.35));
#13712=CARTESIAN_POINT('',(-27.4,103.25,-93.35));
#13713=CARTESIAN_POINT('Origin',(-56.25,106.25,-95.16057121019));
#13714=CARTESIAN_POINT('',(-59.25,106.25,-93.35));
#13715=CARTESIAN_POINT('',(-59.12706447616,105.4,-93.35));
#13716=CARTESIAN_POINT('Origin',(-56.25,106.25,-93.35));
#13717=CARTESIAN_POINT('',(-59.25,106.25,-94.85));
#13718=CARTESIAN_POINT('',(-57.1,103.3729355238,-93.35));
#13719=CARTESIAN_POINT('Origin',(-56.25,106.25,-93.35));
#13720=CARTESIAN_POINT('Origin',(-56.25,106.25,-93.35));
#13721=CARTESIAN_POINT('Origin',(-59.25,103.25,-93.35));
#13722=CARTESIAN_POINT('',(-59.25,145.,-93.35));
#13723=CARTESIAN_POINT('',(-59.25,106.25,-93.35));
#13724=CARTESIAN_POINT('',(-59.25,145.,-94.85));
#13725=CARTESIAN_POINT('Origin',(-58.75,145.,-95.16057121019));
#13726=CARTESIAN_POINT('',(-58.75,145.5,-94.1));
#13727=CARTESIAN_POINT('',(-58.75,145.5,-93.35));
#13728=CARTESIAN_POINT('',(-58.75,145.5,-94.1));
#13729=CARTESIAN_POINT('',(-58.75,145.5,-94.85));
#13730=CARTESIAN_POINT('Origin',(-58.75,145.,-93.35));
#13731=CARTESIAN_POINT('Origin',(-59.25,145.5,0.));
#13732=CARTESIAN_POINT('',(58.75,145.5,-94.1));
#13733=CARTESIAN_POINT('',(58.75,145.5,-94.1));
#13734=CARTESIAN_POINT('',(58.75,145.5,-94.85));
#13735=CARTESIAN_POINT('Origin',(58.75,145.,-95.16057121019));
#13736=CARTESIAN_POINT('',(58.75,145.5,-93.35));
#13737=CARTESIAN_POINT('',(58.75,145.5,-94.1));
#13738=CARTESIAN_POINT('',(59.25,145.,-93.35));
#13739=CARTESIAN_POINT('Origin',(58.75,145.,-93.35));
#13740=CARTESIAN_POINT('',(59.25,145.,-94.85));
#13741=CARTESIAN_POINT('Origin',(59.25,145.5,-93.35));
#13742=CARTESIAN_POINT('',(59.25,145.,-93.35));
#13743=CARTESIAN_POINT('Origin',(-25.25,0.75,-93.35));
#13744=CARTESIAN_POINT('',(-25.25,101.1,-93.35));
#13745=CARTESIAN_POINT('',(-25.25,101.1,-93.35));
#13746=CARTESIAN_POINT('',(-25.25,101.75,-93.35));
#13747=CARTESIAN_POINT('',(-25.25,101.1,-93.35));
#13748=CARTESIAN_POINT('',(-25.25,101.75,-93.35));
#13749=CARTESIAN_POINT('Origin',(-26.75,101.75,-93.08463309632));
#13750=CARTESIAN_POINT('Origin',(-26.75,101.75,-93.35));
#13751=CARTESIAN_POINT('Origin',(64.5,101.85,-95.51));
#13752=CARTESIAN_POINT('',(34.99116459908,101.85,-95.51));
#13753=CARTESIAN_POINT('',(52.5,101.85,-95.51));
#13754=CARTESIAN_POINT('',(-34.99116459908,101.85,-95.51));
#13755=CARTESIAN_POINT('Origin',(1.42108547152E-13,103.88,-95.51));
#13756=CARTESIAN_POINT('',(-52.5,101.85,-95.51));
#13757=CARTESIAN_POINT('',(-34.99116459908,101.85,-95.51));
#13758=CARTESIAN_POINT('',(-52.5,1.200000000001,-95.51));
#13759=CARTESIAN_POINT('',(-52.5,1.2,-95.51));
#13760=CARTESIAN_POINT('',(-39.8,-11.5,-95.51));
#13761=CARTESIAN_POINT('Origin',(-39.8,1.2,-95.51));
#13762=CARTESIAN_POINT('',(39.8,-11.5,-95.51));
#13763=CARTESIAN_POINT('',(39.8,-11.5,-95.51));
#13764=CARTESIAN_POINT('Origin',(39.8,1.2,-95.51));
#13765=CARTESIAN_POINT('',(-39.6,-9.405,-95.51));
#13766=CARTESIAN_POINT('',(11.2,-9.405,-95.51));
#13767=CARTESIAN_POINT('',(-39.6,-9.405,-95.51));
#13768=CARTESIAN_POINT('',(-39.6,-1.275,-95.51));
#13769=CARTESIAN_POINT('Origin',(-39.6,-5.34,-95.51));
#13770=CARTESIAN_POINT('',(11.2,-1.275,-95.51));
#13771=CARTESIAN_POINT('',(11.2,-1.275,-95.51));
#13772=CARTESIAN_POINT('Origin',(11.2,-5.34,-95.51));
#13773=CARTESIAN_POINT('',(40.775,91.85,-95.51));
#13774=CARTESIAN_POINT('Origin',(42.5,91.85,-95.51));
#13775=CARTESIAN_POINT('Origin',(39.8,1.2,-95.51));
#13776=CARTESIAN_POINT('',(39.8,-11.5,95.24));
#13777=CARTESIAN_POINT('',(39.8,-11.5,-95.51));
#13778=CARTESIAN_POINT('Origin',(39.8,1.2,95.24));
#13779=CARTESIAN_POINT('Origin',(64.5,101.85,95.24));
#13780=CARTESIAN_POINT('',(-39.8,-11.5,95.24));
#13781=CARTESIAN_POINT('',(39.8,-11.5,95.24));
#13782=CARTESIAN_POINT('',(-52.5,1.200000000001,95.24));
#13783=CARTESIAN_POINT('Origin',(-39.8,1.2,95.24));
#13784=CARTESIAN_POINT('',(-52.5,101.85,95.24));
#13785=CARTESIAN_POINT('',(-52.5,1.2,95.24));
#13786=CARTESIAN_POINT('',(-34.99116459908,101.85,95.24));
#13787=CARTESIAN_POINT('',(-34.99116459908,101.85,95.24));
#13788=CARTESIAN_POINT('',(34.99116459908,101.85,95.24));
#13789=CARTESIAN_POINT('Origin',(1.42108547152E-13,103.88,95.24));
#13790=CARTESIAN_POINT('',(52.5,101.85,95.24));
#13791=CARTESIAN_POINT('',(-39.6,-9.405,95.24));
#13792=CARTESIAN_POINT('',(11.2,-9.405,95.24));
#13793=CARTESIAN_POINT('',(-39.6,-9.405,95.24));
#13794=CARTESIAN_POINT('',(11.2,-1.275,95.24));
#13795=CARTESIAN_POINT('Origin',(11.2,-5.34,95.24));
#13796=CARTESIAN_POINT('',(-39.6,-1.275,95.24));
#13797=CARTESIAN_POINT('',(11.2,-1.275,95.24));
#13798=CARTESIAN_POINT('Origin',(-39.6,-5.34,95.24));
#13799=CARTESIAN_POINT('',(40.775,91.85,95.24));
#13800=CARTESIAN_POINT('Origin',(42.5,91.85,95.24));
#13801=CARTESIAN_POINT('Origin',(-7.815968093361E-14,39.3,95.24));
#13802=CARTESIAN_POINT('',(64.5,101.85,95.24));
#13803=CARTESIAN_POINT('',(64.5,101.85,95.24));
#13804=CARTESIAN_POINT('',(64.5,1.85,95.24));
#13805=CARTESIAN_POINT('',(64.5,1.85,95.24));
#13806=CARTESIAN_POINT('',(39.1,-23.55,95.24));
#13807=CARTESIAN_POINT('Origin',(39.1,1.85,95.24));
#13808=CARTESIAN_POINT('',(-39.1,-23.55,95.24));
#13809=CARTESIAN_POINT('',(-39.1,-23.55,95.24));
#13810=CARTESIAN_POINT('',(-64.5,1.85,95.24));
#13811=CARTESIAN_POINT('Origin',(-39.1,1.85,95.24));
#13812=CARTESIAN_POINT('',(-64.5,101.85,95.24));
#13813=CARTESIAN_POINT('',(-64.5,101.85,95.24));
#13814=CARTESIAN_POINT('',(-52.5,101.85,95.24));
#13815=CARTESIAN_POINT('',(-52.5,102.5,95.24));
#13816=CARTESIAN_POINT('',(-52.5,101.85,95.24));
#13817=CARTESIAN_POINT('',(-65.2,102.5,95.24));
#13818=CARTESIAN_POINT('',(-52.5,102.5,95.24));
#13819=CARTESIAN_POINT('',(-65.2,1.2,95.24));
#13820=CARTESIAN_POINT('',(-65.2,102.5,95.24));
#13821=CARTESIAN_POINT('',(-39.8,-24.2,95.24));
#13822=CARTESIAN_POINT('Origin',(-39.8,1.2,95.24));
#13823=CARTESIAN_POINT('',(39.8,-24.2,95.24));
#13824=CARTESIAN_POINT('',(-39.8,-24.2,95.24));
#13825=CARTESIAN_POINT('',(65.2,1.2,95.24));
#13826=CARTESIAN_POINT('Origin',(39.8,1.2,95.24));
#13827=CARTESIAN_POINT('',(65.2,1.2,95.24));
#13828=CARTESIAN_POINT('Origin',(-7.815968093361E-14,39.3,-95.51));
#13829=CARTESIAN_POINT('',(64.5,101.85,-95.51));
#13830=CARTESIAN_POINT('',(64.5,101.85,-95.51));
#13831=CARTESIAN_POINT('',(65.2,1.2,-95.51));
#13832=CARTESIAN_POINT('',(65.2,1.2,-95.51));
#13833=CARTESIAN_POINT('',(39.8,-24.2,-95.51));
#13834=CARTESIAN_POINT('Origin',(39.8,1.2,-95.51));
#13835=CARTESIAN_POINT('',(-39.8,-24.2,-95.51));
#13836=CARTESIAN_POINT('',(-39.8,-24.2,-95.51));
#13837=CARTESIAN_POINT('',(-65.2,1.2,-95.51));
#13838=CARTESIAN_POINT('Origin',(-39.8,1.2,-95.51));
#13839=CARTESIAN_POINT('',(-65.2,102.5,-95.51));
#13840=CARTESIAN_POINT('',(-65.2,102.5,-95.51));
#13841=CARTESIAN_POINT('',(-52.5,102.5,-95.51));
#13842=CARTESIAN_POINT('',(-52.5,102.5,-95.51));
#13843=CARTESIAN_POINT('',(-52.5,101.85,-95.51));
#13844=CARTESIAN_POINT('',(-64.5,101.85,-95.51));
#13845=CARTESIAN_POINT('',(-52.5,101.85,-95.51));
#13846=CARTESIAN_POINT('',(-64.5,1.85,-95.51));
#13847=CARTESIAN_POINT('',(-64.5,101.85,-95.51));
#13848=CARTESIAN_POINT('',(-39.1,-23.55,-95.51));
#13849=CARTESIAN_POINT('Origin',(-39.1,1.85,-95.51));
#13850=CARTESIAN_POINT('',(39.1,-23.55,-95.51));
#13851=CARTESIAN_POINT('',(-39.1,-23.55,-95.51));
#13852=CARTESIAN_POINT('',(64.5,1.85,-95.51));
#13853=CARTESIAN_POINT('Origin',(39.1,1.85,-95.51));
#13854=CARTESIAN_POINT('',(64.5,1.85,-95.51));
#13855=CARTESIAN_POINT('Origin',(64.5,101.85,-100.336));
#13856=CARTESIAN_POINT('',(64.5,101.85,-100.336));
#13857=CARTESIAN_POINT('',(64.5,101.85,-100.336));
#13858=CARTESIAN_POINT('',(34.99116459908,101.85,-100.336));
#13859=CARTESIAN_POINT('',(64.5,101.85,-100.336));
#13860=CARTESIAN_POINT('',(34.99116459908,101.85,-100.336));
#13861=CARTESIAN_POINT('Origin',(64.5,101.85,95.24));
#13862=CARTESIAN_POINT('',(34.99116459908,101.85,100.066));
#13863=CARTESIAN_POINT('',(34.99116459908,101.85,95.24));
#13864=CARTESIAN_POINT('',(64.5,101.85,100.066));
#13865=CARTESIAN_POINT('',(64.5,101.85,100.066));
#13866=CARTESIAN_POINT('',(64.5,101.85,95.24));
#13867=CARTESIAN_POINT('Origin',(65.2,1.2,-95.51));
#13868=CARTESIAN_POINT('',(65.2,1.2,-95.51));
#13869=CARTESIAN_POINT('Origin',(59.25,125.45,-93.35));
#13870=CARTESIAN_POINT('',(59.3,145.5,-93.35));
#13871=CARTESIAN_POINT('',(58.75,145.5,-93.35));
#13872=CARTESIAN_POINT('',(60.,145.5,-93.35));
#13873=CARTESIAN_POINT('',(60.,145.5,-93.35));
#13874=CARTESIAN_POINT('',(60.,145.5,-93.35));
#13875=CARTESIAN_POINT('Origin',(60.,145.5,-93.35));
#13876=CARTESIAN_POINT('',(60.,145.5,93.35));
#13877=CARTESIAN_POINT('',(60.,145.5,-93.35));
#13878=CARTESIAN_POINT('',(60.,145.5,93.35));
#13879=CARTESIAN_POINT('',(60.,142.4699999897,35.));
#13880=CARTESIAN_POINT('',(60.,108.470000003,35.));
#13881=CARTESIAN_POINT('',(60.,142.4699999897,35.));
#13882=CARTESIAN_POINT('',(60.,143.47,33.99999999699));
#13883=CARTESIAN_POINT('Ctrl Pts',(60.,143.469999999988,33.9999999969901));
#13884=CARTESIAN_POINT('Ctrl Pts',(60.,143.471280167348,34.1313280759507));
#13885=CARTESIAN_POINT('Ctrl Pts',(60.,143.41732158041,34.3923934454364));
#13886=CARTESIAN_POINT('Ctrl Pts',(60.,143.1957314153,34.72573141525));
#13887=CARTESIAN_POINT('Ctrl Pts',(60.,142.862393443405,34.9473215817435));
#13888=CARTESIAN_POINT('Ctrl Pts',(60.,142.601328071141,35.0012801683792));
#13889=CARTESIAN_POINT('Ctrl Pts',(60.,142.469999989701,34.9999999999005));
#13890=CARTESIAN_POINT('',(60.,143.47,-33.99999998973));
#13891=CARTESIAN_POINT('',(60.,143.47,-33.99999998973));
#13892=CARTESIAN_POINT('',(60.,142.469999997,-35.));
#13893=CARTESIAN_POINT('Ctrl Pts',(60.,142.469999997,-34.9999999999717));
#13894=CARTESIAN_POINT('Ctrl Pts',(60.,142.601328075977,-35.0012801673795));
#13895=CARTESIAN_POINT('Ctrl Pts',(60.,142.862393445464,-34.947321580375));
#13896=CARTESIAN_POINT('Ctrl Pts',(60.,143.1957314153,-34.72573141525));
#13897=CARTESIAN_POINT('Ctrl Pts',(60.,143.417321581771,-34.3923934433891));
#13898=CARTESIAN_POINT('Ctrl Pts',(60.,143.471280168342,-34.1313280711405));
#13899=CARTESIAN_POINT('Ctrl Pts',(60.,143.469999999917,-33.9999999897308));
#13900=CARTESIAN_POINT('',(60.,108.4700000103,-35.));
#13901=CARTESIAN_POINT('',(60.,108.4700000103,-35.));
#13902=CARTESIAN_POINT('',(60.,107.47,-33.99999999699));
#13903=CARTESIAN_POINT('Ctrl Pts',(60.,107.470000000012,-33.9999999969901));
#13904=CARTESIAN_POINT('Ctrl Pts',(60.,107.468719832652,-34.1313280759507));
#13905=CARTESIAN_POINT('Ctrl Pts',(60.,107.52267841959,-34.3923934454364));
#13906=CARTESIAN_POINT('Ctrl Pts',(60.,107.7442685847,-34.72573141525));
#13907=CARTESIAN_POINT('Ctrl Pts',(60.,108.077606556595,-34.9473215817435));
#13908=CARTESIAN_POINT('Ctrl Pts',(60.,108.338671928859,-35.0012801683792));
#13909=CARTESIAN_POINT('Ctrl Pts',(60.,108.470000010299,-34.9999999999005));
#13910=CARTESIAN_POINT('',(60.,107.47,33.99999998973));
#13911=CARTESIAN_POINT('',(60.,107.47,33.99999998973));
#13912=CARTESIAN_POINT('Ctrl Pts',(60.,108.470000003,34.9999999999717));
#13913=CARTESIAN_POINT('Ctrl Pts',(60.,108.338671924023,35.0012801673795));
#13914=CARTESIAN_POINT('Ctrl Pts',(60.,108.077606554536,34.947321580375));
#13915=CARTESIAN_POINT('Ctrl Pts',(60.,107.7442685847,34.72573141525));
#13916=CARTESIAN_POINT('Ctrl Pts',(60.,107.522678418229,34.3923934433891));
#13917=CARTESIAN_POINT('Ctrl Pts',(60.,107.468719831658,34.1313280711405));
#13918=CARTESIAN_POINT('Ctrl Pts',(60.,107.470000000083,33.9999999897308));
#13919=CARTESIAN_POINT('Origin',(59.25,125.45,93.35));
#13920=CARTESIAN_POINT('',(58.75,145.5,93.35));
#13921=CARTESIAN_POINT('',(59.3,145.5,93.35));
#13922=CARTESIAN_POINT('',(58.75,145.5,93.35));
#13923=CARTESIAN_POINT('',(59.25,145.,93.35));
#13924=CARTESIAN_POINT('Origin',(58.75,145.,93.35));
#13925=CARTESIAN_POINT('',(59.25,145.,93.35));
#13926=CARTESIAN_POINT('',(60.,145.5,93.35));
#13927=CARTESIAN_POINT('Origin',(59.25,145.5,94.85));
#13928=CARTESIAN_POINT('',(59.25,145.,93.35));
#13929=CARTESIAN_POINT('Origin',(-25.25,0.75,94.85));
#13930=CARTESIAN_POINT('',(-25.25,101.1,93.35));
#13931=CARTESIAN_POINT('',(-25.25,101.1,93.35));
#13932=CARTESIAN_POINT('',(-25.25,101.75,93.35));
#13933=CARTESIAN_POINT('',(-25.25,101.75,94.85));
#13934=CARTESIAN_POINT('',(-25.25,101.1,93.35));
#13935=CARTESIAN_POINT('Origin',(58.75,145.,93.03942878981));
#13936=CARTESIAN_POINT('',(58.75,145.5,94.1));
#13937=CARTESIAN_POINT('',(58.75,145.5,93.35));
#13938=CARTESIAN_POINT('',(58.75,145.5,94.1));
#13939=CARTESIAN_POINT('Origin',(-59.25,145.5,0.));
#13940=CARTESIAN_POINT('',(-58.75,145.5,94.1));
#13941=CARTESIAN_POINT('',(-58.75,145.5,94.1));
#13942=CARTESIAN_POINT('',(-58.75,145.5,94.1));
#13943=CARTESIAN_POINT('Origin',(-58.75,145.,93.03942878981));
#13944=CARTESIAN_POINT('',(-58.75,145.5,93.35));
#13945=CARTESIAN_POINT('',(-58.75,145.5,93.35));
#13946=CARTESIAN_POINT('',(-59.25,145.,93.35));
#13947=CARTESIAN_POINT('Origin',(-58.75,145.,93.35));
#13948=CARTESIAN_POINT('',(-59.25,145.,93.35));
#13949=CARTESIAN_POINT('Origin',(-59.25,103.25,94.85));
#13950=CARTESIAN_POINT('',(-59.25,106.25,93.35));
#13951=CARTESIAN_POINT('',(-59.25,106.25,93.35));
#13952=CARTESIAN_POINT('',(-59.25,106.25,93.35));
#13953=CARTESIAN_POINT('Origin',(-56.25,106.25,93.03942878981));
#13954=CARTESIAN_POINT('',(-59.12706447616,105.4,93.35));
#13955=CARTESIAN_POINT('Origin',(-56.25,106.25,93.35));
#13956=CARTESIAN_POINT('',(-57.1,103.3729355238,93.35));
#13957=CARTESIAN_POINT('Origin',(-56.25,106.25,93.35));
#13958=CARTESIAN_POINT('',(-56.25,103.25,93.35));
#13959=CARTESIAN_POINT('Origin',(-56.25,106.25,93.35));
#13960=CARTESIAN_POINT('',(-56.25,103.25,93.35));
#13961=CARTESIAN_POINT('Origin',(-25.25,103.25,94.85));
#13962=CARTESIAN_POINT('',(-27.4,103.25,93.35));
#13963=CARTESIAN_POINT('',(-27.4,103.25,93.35));
#13964=CARTESIAN_POINT('',(-26.75,103.25,93.35));
#13965=CARTESIAN_POINT('',(-27.4,103.25,93.35));
#13966=CARTESIAN_POINT('',(-26.75,103.25,94.85));
#13967=CARTESIAN_POINT('Origin',(-26.75,101.75,95.11536690368));
#13968=CARTESIAN_POINT('Origin',(-26.75,101.75,93.35));
#13969=CARTESIAN_POINT('Origin',(-14.5,98.5,94.85));
#13970=CARTESIAN_POINT('',(-16.5,98.5,95.75));
#13971=CARTESIAN_POINT('',(-16.5,98.5,94.85));
#13972=CARTESIAN_POINT('',(-14.5,100.5,95.75));
#13973=CARTESIAN_POINT('Origin',(-14.5,98.5,95.75));
#13974=CARTESIAN_POINT('',(-14.5,100.5,94.85));
#13975=CARTESIAN_POINT('Origin',(14.5,100.5,94.85));
#13976=CARTESIAN_POINT('',(14.5,100.5,95.75));
#13977=CARTESIAN_POINT('',(14.5,100.5,95.75));
#13978=CARTESIAN_POINT('',(14.5,100.5,94.85));
#13979=CARTESIAN_POINT('Origin',(14.5,98.5,94.85));
#13980=CARTESIAN_POINT('',(16.5,98.5,95.75));
#13981=CARTESIAN_POINT('Origin',(14.5,98.5,95.75));
#13982=CARTESIAN_POINT('',(16.5,98.5,94.85));
#13983=CARTESIAN_POINT('Origin',(16.5,89.5,94.85));
#13984=CARTESIAN_POINT('',(16.5,89.5,95.75));
#13985=CARTESIAN_POINT('',(16.5,89.5,95.75));
#13986=CARTESIAN_POINT('',(16.5,89.5,94.85));
#13987=CARTESIAN_POINT('Origin',(14.5,89.5,94.85));
#13988=CARTESIAN_POINT('',(14.5,87.5,95.75));
#13989=CARTESIAN_POINT('Origin',(14.5,89.5,95.75));
#13990=CARTESIAN_POINT('',(14.5,87.5,94.85));
#13991=CARTESIAN_POINT('Origin',(-14.5,87.5,94.85));
#13992=CARTESIAN_POINT('',(-14.5,87.5,95.75));
#13993=CARTESIAN_POINT('',(-14.5,87.5,95.75));
#13994=CARTESIAN_POINT('',(-14.5,87.5,94.85));
#13995=CARTESIAN_POINT('Origin',(-14.5,89.5,94.85));
#13996=CARTESIAN_POINT('',(-16.5,89.5,95.75));
#13997=CARTESIAN_POINT('Origin',(-14.5,89.5,95.75));
#13998=CARTESIAN_POINT('',(-16.5,89.5,94.85));
#13999=CARTESIAN_POINT('Origin',(-16.5,98.5,94.85));
#14000=CARTESIAN_POINT('',(-16.5,98.5,95.75));
#14001=CARTESIAN_POINT('Origin',(0.,125.,99.93));
#14002=CARTESIAN_POINT('',(9.525,125.,99.93));
#14003=CARTESIAN_POINT('',(9.525,125.,99.93));
#14004=CARTESIAN_POINT('Origin',(0.,125.,99.93));
#14005=CARTESIAN_POINT('Origin',(0.,111.5126,95.1695));
#14006=CARTESIAN_POINT('',(0.9810556942922,109.8133616924,95.489));
#14007=CARTESIAN_POINT('',(-0.981055694292059,113.211838307569,95.489));
#14008=CARTESIAN_POINT('Origin',(0.,111.5126,95.489));
#14009=CARTESIAN_POINT('',(-0.88594174799203,113.047096120069,95.1695));
#14010=CARTESIAN_POINT('Origin',(0.,111.5126,95.489));
#14011=CARTESIAN_POINT('Origin',(-11.680431031,118.2563,95.1695));
#14012=CARTESIAN_POINT('',(-10.69937533671,116.5570616924,95.489));
#14013=CARTESIAN_POINT('',(-12.6614867252921,119.955538307569,95.489));
#14014=CARTESIAN_POINT('Origin',(-11.680431031,118.2563,95.489));
#14015=CARTESIAN_POINT('',(-12.566372778992,119.790796120069,95.1695));
#14016=CARTESIAN_POINT('Origin',(-11.680431031,118.2563,95.489));
#14017=CARTESIAN_POINT('Origin',(-11.680431031,131.7437,95.1695));
#14018=CARTESIAN_POINT('',(-10.69937533671,130.0444616924,95.489));
#14019=CARTESIAN_POINT('',(-12.6614867252921,133.442938307569,95.489));
#14020=CARTESIAN_POINT('Origin',(-11.680431031,131.7437,95.489));
#14021=CARTESIAN_POINT('',(-12.566372778992,133.278196120069,95.1695));
#14022=CARTESIAN_POINT('Origin',(-11.680431031,131.7437,95.489));
#14023=CARTESIAN_POINT('Origin',(0.,138.4874,95.1695));
#14024=CARTESIAN_POINT('',(0.9810556942922,136.7881616924,95.489));
#14025=CARTESIAN_POINT('',(-0.981055694292059,140.186638307569,95.489));
#14026=CARTESIAN_POINT('Origin',(0.,138.4874,95.489));
#14027=CARTESIAN_POINT('',(-0.88594174799203,140.021896120069,95.1695));
#14028=CARTESIAN_POINT('Origin',(0.,138.4874,95.489));
#14029=CARTESIAN_POINT('Origin',(11.680431031,131.7437,95.1695));
#14030=CARTESIAN_POINT('',(12.66148672529,130.0444616924,95.489));
#14031=CARTESIAN_POINT('',(10.6993753367079,133.442938307569,95.489));
#14032=CARTESIAN_POINT('Origin',(11.680431031,131.7437,95.489));
#14033=CARTESIAN_POINT('',(10.794489283008,133.278196120069,95.1695));
#14034=CARTESIAN_POINT('Origin',(11.680431031,131.7437,95.489));
#14035=CARTESIAN_POINT('Origin',(11.680431031,118.2563,95.1695));
#14036=CARTESIAN_POINT('',(12.66148672529,116.5570616924,95.489));
#14037=CARTESIAN_POINT('',(10.6993753367079,119.955538307569,95.489));
#14038=CARTESIAN_POINT('Origin',(11.680431031,118.2563,95.489));
#14039=CARTESIAN_POINT('',(10.794489283008,119.790796120069,95.1695));
#14040=CARTESIAN_POINT('Origin',(11.680431031,118.2563,95.489));
#14041=CARTESIAN_POINT('Origin',(-26.,2.9,-93.35));
#14042=CARTESIAN_POINT('',(-26.,101.1,-93.35));
#14043=CARTESIAN_POINT('',(-26.,2.9,-93.35));
#14044=CARTESIAN_POINT('',(-26.,101.1,93.35));
#14045=CARTESIAN_POINT('',(-26.,2.9,93.35));
#14046=CARTESIAN_POINT('',(-26.,101.1,-93.35));
#14047=CARTESIAN_POINT('Origin',(-25.25,52.,-93.35));
#14048=CARTESIAN_POINT('',(-26.,101.1,-93.35));
#14049=CARTESIAN_POINT('Origin',(-25.25,52.,93.35));
#14050=CARTESIAN_POINT('',(-26.,101.1,93.35));
#14051=CARTESIAN_POINT('Origin',(-42.25,103.25,-93.35));
#14052=CARTESIAN_POINT('',(-57.1,102.5,-93.35));
#14053=CARTESIAN_POINT('',(-52.5,102.5,-93.35));
#14054=CARTESIAN_POINT('',(-57.1,102.5,-93.35));
#14055=CARTESIAN_POINT('',(-57.1,102.5,-93.35));
#14056=CARTESIAN_POINT('',(-27.4,102.5,-93.35));
#14057=CARTESIAN_POINT('',(-27.4,102.5,-93.35));
#14058=CARTESIAN_POINT('',(-27.4,102.5,-93.35));
#14059=CARTESIAN_POINT('Origin',(-25.87972042045,102.6202795796,-93.35));
#14060=CARTESIAN_POINT('Origin',(-27.4,101.1,-93.35));
#14061=CARTESIAN_POINT('Origin',(-59.25,125.45,-93.35));
#14062=CARTESIAN_POINT('',(-59.3,145.5,-93.35));
#14063=CARTESIAN_POINT('',(-58.75,145.5,-93.35));
#14064=CARTESIAN_POINT('',(-60.,105.4,-93.35));
#14065=CARTESIAN_POINT('',(-60.,105.4,-93.35));
#14066=CARTESIAN_POINT('',(-60.,145.5,-93.35));
#14067=CARTESIAN_POINT('',(-60.,105.4,-93.35));
#14068=CARTESIAN_POINT('',(-60.,145.5,-93.35));
#14069=CARTESIAN_POINT('Origin',(-58.62027957955,103.8797204204,-93.35));
#14070=CARTESIAN_POINT('Origin',(-57.1,105.4,-93.35));
#14071=CARTESIAN_POINT('Origin',(0.,145.5,0.));
#14072=CARTESIAN_POINT('',(-59.3,145.5,-94.1));
#14073=CARTESIAN_POINT('',(-59.3,145.5,-94.1));
#14074=CARTESIAN_POINT('',(-58.75,145.5,-94.1));
#14075=CARTESIAN_POINT('Origin',(59.3,145.5,-94.1));
#14076=CARTESIAN_POINT('',(-59.3,148.17,-94.1));
#14077=CARTESIAN_POINT('',(-59.3,145.5,-94.1));
#14078=CARTESIAN_POINT('',(59.3,148.17,-94.1));
#14079=CARTESIAN_POINT('',(59.3,148.17,-94.1));
#14080=CARTESIAN_POINT('',(59.3,145.5,-94.1));
#14081=CARTESIAN_POINT('',(59.3,145.5,-94.1));
#14082=CARTESIAN_POINT('',(59.3,145.5,-94.1));
#14083=CARTESIAN_POINT('Origin',(0.,145.5,0.));
#14084=CARTESIAN_POINT('',(59.3,145.5,-93.35));
#14085=CARTESIAN_POINT('Origin',(1.42108547152E-13,103.88,-95.51));
#14086=CARTESIAN_POINT('',(-34.99116459908,101.85,-100.336));
#14087=CARTESIAN_POINT('Origin',(1.42108547152E-13,103.88,-100.336));
#14088=CARTESIAN_POINT('',(-34.99116459908,101.85,-100.336));
#14089=CARTESIAN_POINT('Origin',(64.5,101.85,-100.336));
#14090=CARTESIAN_POINT('',(-64.5,101.85,-100.336));
#14091=CARTESIAN_POINT('',(-34.99116459908,101.85,-100.336));
#14092=CARTESIAN_POINT('',(-64.5,101.85,-100.336));
#14093=CARTESIAN_POINT('Origin',(-52.5,1.2,-95.51));
#14094=CARTESIAN_POINT('',(-52.5,102.5,-95.51));
#14095=CARTESIAN_POINT('',(-52.5,102.5,93.35));
#14096=CARTESIAN_POINT('',(-52.5,102.5,93.35));
#14097=CARTESIAN_POINT('',(-52.5,102.5,93.35));
#14098=CARTESIAN_POINT('',(-52.5,1.2,-95.51));
#14099=CARTESIAN_POINT('Origin',(-39.8,1.2,-95.51));
#14100=CARTESIAN_POINT('',(-39.8,-11.5,-95.51));
#14101=CARTESIAN_POINT('Origin',(39.8,-11.5,-95.51));
#14102=CARTESIAN_POINT('',(3.556,-11.5,-84.33));
#14103=CARTESIAN_POINT('Origin',(0.,-11.5,-84.33));
#14104=CARTESIAN_POINT('',(3.556,-11.5,84.33));
#14105=CARTESIAN_POINT('Origin',(0.,-11.5,84.33));
#14106=CARTESIAN_POINT('',(-10.,-11.5,-70.11));
#14107=CARTESIAN_POINT('Origin',(-11.9,-11.5,-70.11));
#14108=CARTESIAN_POINT('',(-10.,-11.5,69.59));
#14109=CARTESIAN_POINT('Origin',(-11.9,-11.5,69.59));
#14110=CARTESIAN_POINT('',(-14.97,-11.5,76.065));
#14111=CARTESIAN_POINT('Origin',(-17.525,-11.5,76.065));
#14112=CARTESIAN_POINT('',(20.08,-11.5,76.065));
#14113=CARTESIAN_POINT('Origin',(17.525,-11.5,76.065));
#14114=CARTESIAN_POINT('',(-14.97,-11.5,-76.335));
#14115=CARTESIAN_POINT('Origin',(-17.525,-11.5,-76.335));
#14116=CARTESIAN_POINT('',(20.08,-11.5,-76.335));
#14117=CARTESIAN_POINT('Origin',(17.525,-11.5,-76.335));
#14118=CARTESIAN_POINT('Origin',(-39.6,-9.405,-95.51));
#14119=CARTESIAN_POINT('',(-39.6,-9.405,-100.336));
#14120=CARTESIAN_POINT('',(11.2,-9.405,-100.336));
#14121=CARTESIAN_POINT('',(-39.6,-9.405,-100.336));
#14122=CARTESIAN_POINT('',(-39.6,-9.405,-95.51));
#14123=CARTESIAN_POINT('',(11.2,-9.405,-95.51));
#14124=CARTESIAN_POINT('Origin',(-39.6,-5.34,-95.51));
#14125=CARTESIAN_POINT('',(-39.6,-1.275,-100.336));
#14126=CARTESIAN_POINT('Origin',(-39.6,-5.34,-100.336));
#14127=CARTESIAN_POINT('',(-39.6,-1.275,-95.51));
#14128=CARTESIAN_POINT('Origin',(11.2,-1.275,-95.51));
#14129=CARTESIAN_POINT('',(11.2,-1.275,-100.336));
#14130=CARTESIAN_POINT('',(11.2,-1.275,-100.336));
#14131=CARTESIAN_POINT('',(11.2,-1.275,-95.51));
#14132=CARTESIAN_POINT('Origin',(11.2,-5.34,-95.51));
#14133=CARTESIAN_POINT('Origin',(11.2,-5.34,-100.336));
#14134=CARTESIAN_POINT('Origin',(42.5,91.85,-101.08403));
#14135=CARTESIAN_POINT('',(40.775,91.85,-100.336));
#14136=CARTESIAN_POINT('Origin',(42.5,91.85,-100.336));
#14137=CARTESIAN_POINT('',(40.775,91.85,-101.08403));
#14138=CARTESIAN_POINT('Origin',(64.5,101.85,95.24));
#14139=CARTESIAN_POINT('',(-64.5,101.85,100.066));
#14140=CARTESIAN_POINT('',(-64.5,101.85,95.24));
#14141=CARTESIAN_POINT('',(-34.99116459908,101.85,100.066));
#14142=CARTESIAN_POINT('',(-34.99116459908,101.85,100.066));
#14143=CARTESIAN_POINT('',(-34.99116459908,101.85,95.24));
#14144=CARTESIAN_POINT('Origin',(1.42108547152E-13,103.88,100.066));
#14145=CARTESIAN_POINT('Origin',(1.42108547152E-13,103.88,100.066));
#14146=CARTESIAN_POINT('Origin',(-39.6,-9.405,100.066));
#14147=CARTESIAN_POINT('',(-39.6,-9.405,100.066));
#14148=CARTESIAN_POINT('',(-39.6,-9.405,100.066));
#14149=CARTESIAN_POINT('',(11.2,-9.405,100.066));
#14150=CARTESIAN_POINT('',(-39.6,-9.405,100.066));
#14151=CARTESIAN_POINT('',(11.2,-9.405,100.066));
#14152=CARTESIAN_POINT('Origin',(11.2,-5.34,100.066));
#14153=CARTESIAN_POINT('',(11.2,-1.275,100.066));
#14154=CARTESIAN_POINT('Origin',(11.2,-5.34,100.066));
#14155=CARTESIAN_POINT('',(11.2,-1.275,100.066));
#14156=CARTESIAN_POINT('Origin',(11.2,-1.275,100.066));
#14157=CARTESIAN_POINT('',(-39.6,-1.275,100.066));
#14158=CARTESIAN_POINT('',(11.2,-1.275,100.066));
#14159=CARTESIAN_POINT('',(-39.6,-1.275,100.066));
#14160=CARTESIAN_POINT('Origin',(-39.6,-5.34,100.066));
#14161=CARTESIAN_POINT('Origin',(-39.6,-5.34,100.066));
#14162=CARTESIAN_POINT('Origin',(42.5,91.85,94.49197));
#14163=CARTESIAN_POINT('',(40.775,91.85,100.066));
#14164=CARTESIAN_POINT('',(40.775,91.85,94.49197));
#14165=CARTESIAN_POINT('Origin',(42.5,91.85,100.066));
#14166=CARTESIAN_POINT('Origin',(64.5,1.85,95.24));
#14167=CARTESIAN_POINT('',(64.5,1.85,100.066));
#14168=CARTESIAN_POINT('',(64.5,1.85,100.066));
#14169=CARTESIAN_POINT('',(64.5,1.85,95.24));
#14170=CARTESIAN_POINT('Origin',(39.1,1.85,95.24));
#14171=CARTESIAN_POINT('',(39.1,-23.55,100.066));
#14172=CARTESIAN_POINT('Origin',(39.1,1.85,100.066));
#14173=CARTESIAN_POINT('',(39.1,-23.55,95.24));
#14174=CARTESIAN_POINT('Origin',(-39.1,-23.55,95.24));
#14175=CARTESIAN_POINT('',(-39.1,-23.55,100.066));
#14176=CARTESIAN_POINT('',(-39.1,-23.55,100.066));
#14177=CARTESIAN_POINT('',(-39.1,-23.55,95.24));
#14178=CARTESIAN_POINT('Origin',(-39.1,1.85,95.24));
#14179=CARTESIAN_POINT('',(-64.5,1.85,100.066));
#14180=CARTESIAN_POINT('Origin',(-39.1,1.85,100.066));
#14181=CARTESIAN_POINT('',(-64.5,1.85,95.24));
#14182=CARTESIAN_POINT('Origin',(-64.5,101.85,95.24));
#14183=CARTESIAN_POINT('',(-64.5,101.85,100.066));
#14184=CARTESIAN_POINT('Origin',(-52.5,102.5,-95.51));
#14185=CARTESIAN_POINT('',(-57.1,102.5,93.35));
#14186=CARTESIAN_POINT('',(-57.1,102.5,93.35));
#14187=CARTESIAN_POINT('',(-65.2,102.5,-95.51));
#14188=CARTESIAN_POINT('',(-57.1,102.5,93.35));
#14189=CARTESIAN_POINT('Origin',(-65.2,102.5,-95.51));
#14190=CARTESIAN_POINT('',(-65.2,1.2,-95.51));
#14191=CARTESIAN_POINT('Origin',(-39.8,1.2,-95.51));
#14192=CARTESIAN_POINT('',(-39.8,-24.2,-95.51));
#14193=CARTESIAN_POINT('Origin',(-39.8,-24.2,-95.51));
#14194=CARTESIAN_POINT('',(39.8,-24.2,-95.51));
#14195=CARTESIAN_POINT('',(6.35,-24.2,-84.33));
#14196=CARTESIAN_POINT('Origin',(0.,-24.2,-84.33));
#14197=CARTESIAN_POINT('',(6.35,-24.2,84.33));
#14198=CARTESIAN_POINT('Origin',(0.,-24.2,84.33));
#14199=CARTESIAN_POINT('',(-10.,-24.2,-70.11));
#14200=CARTESIAN_POINT('Origin',(-11.9,-24.2,-70.11));
#14201=CARTESIAN_POINT('',(-10.,-24.2,69.59));
#14202=CARTESIAN_POINT('Origin',(-11.9,-24.2,69.59));
#14203=CARTESIAN_POINT('',(-14.97,-24.2,76.065));
#14204=CARTESIAN_POINT('Origin',(-17.525,-24.2,76.065));
#14205=CARTESIAN_POINT('',(20.08,-24.2,76.065));
#14206=CARTESIAN_POINT('Origin',(17.525,-24.2,76.065));
#14207=CARTESIAN_POINT('',(-14.97,-24.2,-76.335));
#14208=CARTESIAN_POINT('Origin',(-17.525,-24.2,-76.335));
#14209=CARTESIAN_POINT('',(20.08,-24.2,-76.335));
#14210=CARTESIAN_POINT('Origin',(17.525,-24.2,-76.335));
#14211=CARTESIAN_POINT('Origin',(39.8,1.2,-95.51));
#14212=CARTESIAN_POINT('Origin',(-64.5,101.85,-100.336));
#14213=CARTESIAN_POINT('',(-64.5,1.85,-100.336));
#14214=CARTESIAN_POINT('',(-64.5,101.85,-100.336));
#14215=CARTESIAN_POINT('',(-64.5,1.85,-100.336));
#14216=CARTESIAN_POINT('Origin',(-39.1,1.85,-100.336));
#14217=CARTESIAN_POINT('',(-39.1,-23.55,-100.336));
#14218=CARTESIAN_POINT('Origin',(-39.1,1.85,-100.336));
#14219=CARTESIAN_POINT('',(-39.1,-23.55,-100.336));
#14220=CARTESIAN_POINT('Origin',(-39.1,-23.55,-100.336));
#14221=CARTESIAN_POINT('',(39.1,-23.55,-100.336));
#14222=CARTESIAN_POINT('',(-39.1,-23.55,-100.336));
#14223=CARTESIAN_POINT('',(39.1,-23.55,-100.336));
#14224=CARTESIAN_POINT('Origin',(39.1,1.85,-100.336));
#14225=CARTESIAN_POINT('',(64.5,1.85,-100.336));
#14226=CARTESIAN_POINT('Origin',(39.1,1.85,-100.336));
#14227=CARTESIAN_POINT('',(64.5,1.85,-100.336));
#14228=CARTESIAN_POINT('Origin',(64.5,1.85,-100.336));
#14229=CARTESIAN_POINT('',(64.5,1.85,-100.336));
#14230=CARTESIAN_POINT('Origin',(64.5,101.85,-100.336));
#14231=CARTESIAN_POINT('',(34.925,27.55,-100.336));
#14232=CARTESIAN_POINT('',(-34.925,27.55,-100.336));
#14233=CARTESIAN_POINT('',(34.925,27.55,-100.336));
#14234=CARTESIAN_POINT('',(34.925,61.85,-100.336));
#14235=CARTESIAN_POINT('',(34.925,61.85,-100.336));
#14236=CARTESIAN_POINT('',(-34.925,61.85,-100.336));
#14237=CARTESIAN_POINT('',(-34.925,61.85,-100.336));
#14238=CARTESIAN_POINT('',(-34.925,27.55,-100.336));
#14239=CARTESIAN_POINT('Origin',(64.5,101.85,100.066));
#14240=CARTESIAN_POINT('Origin',(-59.25,145.5,0.));
#14241=CARTESIAN_POINT('',(59.3,145.5,93.35));
#14242=CARTESIAN_POINT('Origin',(59.3,145.5,94.1));
#14243=CARTESIAN_POINT('',(59.3,148.17,94.1));
#14244=CARTESIAN_POINT('',(59.3,148.17,94.1));
#14245=CARTESIAN_POINT('',(59.3,145.5,94.1));
#14246=CARTESIAN_POINT('',(59.3,145.5,94.1));
#14247=CARTESIAN_POINT('',(59.3,145.5,94.1));
#14248=CARTESIAN_POINT('Origin',(59.97950275618,125.47,35.));
#14249=CARTESIAN_POINT('',(60.15,108.47,35.));
#14250=CARTESIAN_POINT('Ctrl Pts',(60.15,108.47,35.));
#14251=CARTESIAN_POINT('Ctrl Pts',(60.13801991189,108.4655301008,35.));
#14252=CARTESIAN_POINT('Ctrl Pts',(60.11361409691,108.4588252518,35.));
#14253=CARTESIAN_POINT('Ctrl Pts',(60.075,108.4621776767,35.));
#14254=CARTESIAN_POINT('Ctrl Pts',(60.03638590309,108.4588252505,35.));
#14255=CARTESIAN_POINT('Ctrl Pts',(60.01198008811,108.4655301038,35.));
#14256=CARTESIAN_POINT('Ctrl Pts',(60.,108.470000003,35.));
#14257=CARTESIAN_POINT('',(60.15,142.47,35.));
#14258=CARTESIAN_POINT('',(60.15,142.47,35.));
#14259=CARTESIAN_POINT('Ctrl Pts',(60.15,142.47,35.));
#14260=CARTESIAN_POINT('Ctrl Pts',(60.13801991189,142.4744698992,35.));
#14261=CARTESIAN_POINT('Ctrl Pts',(60.11361409691,142.4811747484,35.));
#14262=CARTESIAN_POINT('Ctrl Pts',(60.075,142.4778223224,35.));
#14263=CARTESIAN_POINT('Ctrl Pts',(60.03638590309,142.4811747528,35.));
#14264=CARTESIAN_POINT('Ctrl Pts',(60.01198008811,142.474469889,35.));
#14265=CARTESIAN_POINT('Ctrl Pts',(60.,142.4699999897,35.));
#14266=CARTESIAN_POINT('Ctrl Pts',(60.16019350116,142.438470554,34.99914771177));
#14267=CARTESIAN_POINT('Ctrl Pts',(59.955674636148,142.438470554,34.99914771177));
#14268=CARTESIAN_POINT('Ctrl Pts',(60.16019350116,142.5803807044,35.00544682484));
#14269=CARTESIAN_POINT('Ctrl Pts',(59.955674636148,142.5803807044,35.00544682484));
#14270=CARTESIAN_POINT('Ctrl Pts',(60.16019350116,142.8535044338,34.95323065087));
#14271=CARTESIAN_POINT('Ctrl Pts',(59.955674636148,142.8535044338,34.95323065087));
#14272=CARTESIAN_POINT('Ctrl Pts',(60.16019350116,143.1957314153,34.72573141525));
#14273=CARTESIAN_POINT('Ctrl Pts',(59.955674636148,143.1957314153,34.72573141525));
#14274=CARTESIAN_POINT('Ctrl Pts',(60.16019350116,143.4232306509,34.38350443378));
#14275=CARTESIAN_POINT('Ctrl Pts',(59.955674636148,143.4232306509,34.38350443378));
#14276=CARTESIAN_POINT('Ctrl Pts',(60.16019350116,143.4754468248,34.11038070439));
#14277=CARTESIAN_POINT('Ctrl Pts',(59.955674636148,143.4754468248,34.11038070439));
#14278=CARTESIAN_POINT('Ctrl Pts',(60.16019350116,143.4691477118,33.96847055402));
#14279=CARTESIAN_POINT('Ctrl Pts',(59.955674636148,143.4691477118,33.96847055402));
#14280=CARTESIAN_POINT('',(60.15,143.47,34.));
#14281=CARTESIAN_POINT('Ctrl Pts',(60.15,143.47,34.));
#14282=CARTESIAN_POINT('Ctrl Pts',(60.15,143.471280167,34.13132807795));
#14283=CARTESIAN_POINT('Ctrl Pts',(60.15,143.4173215798,34.39239344629));
#14284=CARTESIAN_POINT('Ctrl Pts',(60.15,143.1957314153,34.72573141525));
#14285=CARTESIAN_POINT('Ctrl Pts',(60.15,142.8623934463,34.94732157982));
#14286=CARTESIAN_POINT('Ctrl Pts',(60.15,142.601328078,35.00128016697));
#14287=CARTESIAN_POINT('Ctrl Pts',(60.15,142.47,35.));
#14288=CARTESIAN_POINT('Ctrl Pts',(60.15,143.47,34.));
#14289=CARTESIAN_POINT('Ctrl Pts',(60.13801991189,143.47,34.00446989922));
#14290=CARTESIAN_POINT('Ctrl Pts',(60.11361409691,143.47,34.01117474816));
#14291=CARTESIAN_POINT('Ctrl Pts',(60.075,143.47,34.00782232326));
#14292=CARTESIAN_POINT('Ctrl Pts',(60.03638590309,143.47,34.01117474945));
#14293=CARTESIAN_POINT('Ctrl Pts',(60.01198008811,143.47,34.00446989621));
#14294=CARTESIAN_POINT('Ctrl Pts',(60.,143.47,33.99999999699));
#14295=CARTESIAN_POINT('Origin',(59.97950275618,143.47,5.15143483426073E-13));
#14296=CARTESIAN_POINT('',(60.15,143.47,-34.));
#14297=CARTESIAN_POINT('',(60.15,143.47,-34.));
#14298=CARTESIAN_POINT('Ctrl Pts',(60.15,143.47,-34.));
#14299=CARTESIAN_POINT('Ctrl Pts',(60.13801991189,143.47,-34.00446989922));
#14300=CARTESIAN_POINT('Ctrl Pts',(60.11361409691,143.47,-34.01117474842));
#14301=CARTESIAN_POINT('Ctrl Pts',(60.075,143.47,-34.00782232235));
#14302=CARTESIAN_POINT('Ctrl Pts',(60.03638590309,143.47,-34.01117475282));
#14303=CARTESIAN_POINT('Ctrl Pts',(60.01198008811,143.47,-34.00446988895));
#14304=CARTESIAN_POINT('Ctrl Pts',(60.,143.47,-33.99999998973));
#14305=CARTESIAN_POINT('Ctrl Pts',(60.16019350116,143.4691477118,-33.96847055402));
#14306=CARTESIAN_POINT('Ctrl Pts',(59.955674636148,143.4691477118,-33.96847055402));
#14307=CARTESIAN_POINT('Ctrl Pts',(60.16019350116,143.4754468248,-34.11038070439));
#14308=CARTESIAN_POINT('Ctrl Pts',(59.955674636148,143.4754468248,-34.11038070439));
#14309=CARTESIAN_POINT('Ctrl Pts',(60.16019350116,143.4232306509,-34.38350443378));
#14310=CARTESIAN_POINT('Ctrl Pts',(59.955674636148,143.4232306509,-34.38350443378));
#14311=CARTESIAN_POINT('Ctrl Pts',(60.16019350116,143.1957314153,-34.72573141525));
#14312=CARTESIAN_POINT('Ctrl Pts',(59.955674636148,143.1957314153,-34.72573141525));
#14313=CARTESIAN_POINT('Ctrl Pts',(60.16019350116,142.8535044338,-34.95323065087));
#14314=CARTESIAN_POINT('Ctrl Pts',(59.955674636148,142.8535044338,-34.95323065087));
#14315=CARTESIAN_POINT('Ctrl Pts',(60.16019350116,142.5803807044,-35.00544682484));
#14316=CARTESIAN_POINT('Ctrl Pts',(59.955674636148,142.5803807044,-35.00544682484));
#14317=CARTESIAN_POINT('Ctrl Pts',(60.16019350116,142.438470554,-34.99914771177));
#14318=CARTESIAN_POINT('Ctrl Pts',(59.955674636148,142.438470554,-34.99914771177));
#14319=CARTESIAN_POINT('',(60.15,142.47,-35.));
#14320=CARTESIAN_POINT('Ctrl Pts',(60.15,142.47,-35.));
#14321=CARTESIAN_POINT('Ctrl Pts',(60.15,142.601328078,-35.00128016697));
#14322=CARTESIAN_POINT('Ctrl Pts',(60.15,142.8623934463,-34.94732157982));
#14323=CARTESIAN_POINT('Ctrl Pts',(60.15,143.1957314153,-34.72573141525));
#14324=CARTESIAN_POINT('Ctrl Pts',(60.15,143.4173215798,-34.39239344629));
#14325=CARTESIAN_POINT('Ctrl Pts',(60.15,143.471280167,-34.13132807795));
#14326=CARTESIAN_POINT('Ctrl Pts',(60.15,143.47,-34.));
#14327=CARTESIAN_POINT('Ctrl Pts',(60.15,142.47,-35.));
#14328=CARTESIAN_POINT('Ctrl Pts',(60.13801991189,142.4744698992,-35.));
#14329=CARTESIAN_POINT('Ctrl Pts',(60.11361409691,142.4811747482,-35.));
#14330=CARTESIAN_POINT('Ctrl Pts',(60.075,142.4778223233,-35.));
#14331=CARTESIAN_POINT('Ctrl Pts',(60.03638590309,142.4811747495,-35.));
#14332=CARTESIAN_POINT('Ctrl Pts',(60.01198008811,142.4744698962,-35.));
#14333=CARTESIAN_POINT('Ctrl Pts',(60.,142.469999997,-35.));
#14334=CARTESIAN_POINT('Origin',(59.97950275618,125.470000000001,-35.));
#14335=CARTESIAN_POINT('',(60.15,108.47,-35.));
#14336=CARTESIAN_POINT('',(60.15,108.47,-35.));
#14337=CARTESIAN_POINT('Ctrl Pts',(60.15,108.47,-35.));
#14338=CARTESIAN_POINT('Ctrl Pts',(60.13801991189,108.4655301008,-35.));
#14339=CARTESIAN_POINT('Ctrl Pts',(60.11361409691,108.4588252516,-35.));
#14340=CARTESIAN_POINT('Ctrl Pts',(60.075,108.4621776776,-35.));
#14341=CARTESIAN_POINT('Ctrl Pts',(60.03638590309,108.4588252472,-35.));
#14342=CARTESIAN_POINT('Ctrl Pts',(60.01198008811,108.465530111,-35.));
#14343=CARTESIAN_POINT('Ctrl Pts',(60.,108.4700000103,-35.));
#14344=CARTESIAN_POINT('Ctrl Pts',(60.16019350116,108.501529446,-34.99914771177));
#14345=CARTESIAN_POINT('Ctrl Pts',(59.955674636148,108.501529446,-34.99914771177));
#14346=CARTESIAN_POINT('Ctrl Pts',(60.16019350116,108.3596192956,-35.00544682484));
#14347=CARTESIAN_POINT('Ctrl Pts',(59.955674636148,108.3596192956,-35.00544682484));
#14348=CARTESIAN_POINT('Ctrl Pts',(60.16019350116,108.0864955662,-34.95323065087));
#14349=CARTESIAN_POINT('Ctrl Pts',(59.955674636148,108.0864955662,-34.95323065087));
#14350=CARTESIAN_POINT('Ctrl Pts',(60.16019350116,107.7442685847,-34.72573141525));
#14351=CARTESIAN_POINT('Ctrl Pts',(59.955674636148,107.7442685847,-34.72573141525));
#14352=CARTESIAN_POINT('Ctrl Pts',(60.16019350116,107.5167693491,-34.38350443378));
#14353=CARTESIAN_POINT('Ctrl Pts',(59.955674636148,107.5167693491,-34.38350443378));
#14354=CARTESIAN_POINT('Ctrl Pts',(60.16019350116,107.4645531752,-34.11038070439));
#14355=CARTESIAN_POINT('Ctrl Pts',(59.955674636148,107.4645531752,-34.11038070439));
#14356=CARTESIAN_POINT('Ctrl Pts',(60.16019350116,107.4708522882,-33.96847055402));
#14357=CARTESIAN_POINT('Ctrl Pts',(59.955674636148,107.4708522882,-33.96847055402));
#14358=CARTESIAN_POINT('',(60.15,107.47,-34.));
#14359=CARTESIAN_POINT('Ctrl Pts',(60.15,107.47,-34.));
#14360=CARTESIAN_POINT('Ctrl Pts',(60.15,107.468719833,-34.13132807795));
#14361=CARTESIAN_POINT('Ctrl Pts',(60.15,107.5226784202,-34.39239344629));
#14362=CARTESIAN_POINT('Ctrl Pts',(60.15,107.7442685847,-34.72573141525));
#14363=CARTESIAN_POINT('Ctrl Pts',(60.15,108.0776065537,-34.94732157982));
#14364=CARTESIAN_POINT('Ctrl Pts',(60.15,108.338671922,-35.00128016697));
#14365=CARTESIAN_POINT('Ctrl Pts',(60.15,108.47,-35.));
#14366=CARTESIAN_POINT('Ctrl Pts',(60.15,107.47,-34.));
#14367=CARTESIAN_POINT('Ctrl Pts',(60.13801991189,107.47,-34.00446989922));
#14368=CARTESIAN_POINT('Ctrl Pts',(60.11361409691,107.47,-34.01117474816));
#14369=CARTESIAN_POINT('Ctrl Pts',(60.075,107.47,-34.00782232326));
#14370=CARTESIAN_POINT('Ctrl Pts',(60.03638590309,107.47,-34.01117474945));
#14371=CARTESIAN_POINT('Ctrl Pts',(60.01198008811,107.47,-34.00446989621));
#14372=CARTESIAN_POINT('Ctrl Pts',(60.,107.47,-33.99999999699));
#14373=CARTESIAN_POINT('Origin',(59.97950275618,107.47,-5.19584375524573E-13));
#14374=CARTESIAN_POINT('',(60.15,107.47,34.));
#14375=CARTESIAN_POINT('',(60.15,107.47,34.));
#14376=CARTESIAN_POINT('Ctrl Pts',(60.15,107.47,34.));
#14377=CARTESIAN_POINT('Ctrl Pts',(60.13801991189,107.47,34.00446989922));
#14378=CARTESIAN_POINT('Ctrl Pts',(60.11361409691,107.47,34.01117474842));
#14379=CARTESIAN_POINT('Ctrl Pts',(60.075,107.47,34.00782232235));
#14380=CARTESIAN_POINT('Ctrl Pts',(60.03638590309,107.47,34.01117475282));
#14381=CARTESIAN_POINT('Ctrl Pts',(60.01198008811,107.47,34.00446988895));
#14382=CARTESIAN_POINT('Ctrl Pts',(60.,107.47,33.99999998973));
#14383=CARTESIAN_POINT('Ctrl Pts',(60.16019350116,107.4708522882,33.96847055402));
#14384=CARTESIAN_POINT('Ctrl Pts',(59.955674636148,107.4708522882,33.96847055402));
#14385=CARTESIAN_POINT('Ctrl Pts',(60.16019350116,107.4645531752,34.11038070439));
#14386=CARTESIAN_POINT('Ctrl Pts',(59.955674636148,107.4645531752,34.11038070439));
#14387=CARTESIAN_POINT('Ctrl Pts',(60.16019350116,107.5167693491,34.38350443378));
#14388=CARTESIAN_POINT('Ctrl Pts',(59.955674636148,107.5167693491,34.38350443378));
#14389=CARTESIAN_POINT('Ctrl Pts',(60.16019350116,107.7442685847,34.72573141525));
#14390=CARTESIAN_POINT('Ctrl Pts',(59.955674636148,107.7442685847,34.72573141525));
#14391=CARTESIAN_POINT('Ctrl Pts',(60.16019350116,108.0864955662,34.95323065087));
#14392=CARTESIAN_POINT('Ctrl Pts',(59.955674636148,108.0864955662,34.95323065087));
#14393=CARTESIAN_POINT('Ctrl Pts',(60.16019350116,108.3596192956,35.00544682484));
#14394=CARTESIAN_POINT('Ctrl Pts',(59.955674636148,108.3596192956,35.00544682484));
#14395=CARTESIAN_POINT('Ctrl Pts',(60.16019350116,108.501529446,34.99914771177));
#14396=CARTESIAN_POINT('Ctrl Pts',(59.955674636148,108.501529446,34.99914771177));
#14397=CARTESIAN_POINT('Ctrl Pts',(60.15,108.47,35.));
#14398=CARTESIAN_POINT('Ctrl Pts',(60.15,108.338671922,35.00128016697));
#14399=CARTESIAN_POINT('Ctrl Pts',(60.15,108.0776065537,34.94732157982));
#14400=CARTESIAN_POINT('Ctrl Pts',(60.15,107.7442685847,34.72573141525));
#14401=CARTESIAN_POINT('Ctrl Pts',(60.15,107.5226784202,34.39239344629));
#14402=CARTESIAN_POINT('Ctrl Pts',(60.15,107.468719833,34.13132807795));
#14403=CARTESIAN_POINT('Ctrl Pts',(60.15,107.47,34.));
#14404=CARTESIAN_POINT('Origin',(0.,145.5,0.));
#14405=CARTESIAN_POINT('',(58.75,145.5,94.1));
#14406=CARTESIAN_POINT('Origin',(-25.87972042045,102.6202795796,93.35));
#14407=CARTESIAN_POINT('',(-27.4,102.5,93.35));
#14408=CARTESIAN_POINT('',(-27.4,102.5,93.35));
#14409=CARTESIAN_POINT('Origin',(-27.4,101.1,93.35));
#14410=CARTESIAN_POINT('Origin',(-59.3,145.5,94.1));
#14411=CARTESIAN_POINT('',(-59.3,148.17,94.1));
#14412=CARTESIAN_POINT('',(-59.3,148.17,94.1));
#14413=CARTESIAN_POINT('',(-59.3,145.5,94.1));
#14414=CARTESIAN_POINT('',(-59.3,145.5,94.1));
#14415=CARTESIAN_POINT('',(-59.3,145.5,94.1));
#14416=CARTESIAN_POINT('Origin',(0.,145.5,0.));
#14417=CARTESIAN_POINT('',(-59.3,145.5,93.35));
#14418=CARTESIAN_POINT('',(-58.75,145.5,93.35));
#14419=CARTESIAN_POINT('',(-59.3,145.5,93.35));
#14420=CARTESIAN_POINT('Origin',(-59.25,125.45,93.35));
#14421=CARTESIAN_POINT('',(-60.,145.5,93.35));
#14422=CARTESIAN_POINT('',(-60.,145.5,93.35));
#14423=CARTESIAN_POINT('',(-60.,105.4,93.35));
#14424=CARTESIAN_POINT('',(-60.,105.4,93.35));
#14425=CARTESIAN_POINT('',(-60.,105.4,93.35));
#14426=CARTESIAN_POINT('Origin',(-58.62027957955,103.8797204204,93.35));
#14427=CARTESIAN_POINT('Origin',(-57.1,105.4,93.35));
#14428=CARTESIAN_POINT('',(-57.1,102.5,93.35));
#14429=CARTESIAN_POINT('Origin',(-42.25,103.25,93.35));
#14430=CARTESIAN_POINT('',(-27.4,102.5,93.35));
#14431=CARTESIAN_POINT('Origin',(-16.5,87.5,95.75));
#14432=CARTESIAN_POINT('Origin',(0.,125.,99.93));
#14433=CARTESIAN_POINT('',(9.981556864027,121.2014363729,99.93));
#14434=CARTESIAN_POINT('',(15.0814635021,118.2821462776,99.93));
#14435=CARTESIAN_POINT('Origin',(11.68155686403,118.25695,99.93));
#14436=CARTESIAN_POINT('',(8.641415355544,120.4277053122,99.93));
#14437=CARTESIAN_POINT('',(8.641415355544,120.4277053122,99.93));
#14438=CARTESIAN_POINT('',(-0.3609843245415,115.2301674335,99.93));
#14439=CARTESIAN_POINT('Origin',(-0.1897844844989,125.3287163696,99.93));
#14440=CARTESIAN_POINT('',(-1.701125833025,114.4564363729,99.93));
#14441=CARTESIAN_POINT('',(-1.701125833025,114.4564363729,99.93));
#14442=CARTESIAN_POINT('',(-1.722899768584,108.5801426198,99.93));
#14443=CARTESIAN_POINT('Origin',(-0.001125833024919,111.51195,99.93));
#14444=CARTESIAN_POINT('',(-13.35856373351,115.2979963421,99.93));
#14445=CARTESIAN_POINT('Origin',(0.,125.,99.93));
#14446=CARTESIAN_POINT('',(-8.280431031002,118.255,99.93));
#14447=CARTESIAN_POINT('Origin',(-11.680431031,118.255,99.93));
#14448=CARTESIAN_POINT('',(-8.280431031002,119.8024621214,99.93));
#14449=CARTESIAN_POINT('',(-8.280431031002,119.8024621214,99.93));
#14450=CARTESIAN_POINT('',(-8.280431031002,130.1975378786,99.93));
#14451=CARTESIAN_POINT('Origin',(0.3795689689978,125.,99.93));
#14452=CARTESIAN_POINT('',(-8.280431031002,131.745,99.93));
#14453=CARTESIAN_POINT('',(-8.280431031002,131.745,99.93));
#14454=CARTESIAN_POINT('',(-13.35856373351,134.7020036579,99.93));
#14455=CARTESIAN_POINT('Origin',(-11.680431031,131.745,99.93));
#14456=CARTESIAN_POINT('',(-1.722899768585,141.4198573802,99.93));
#14457=CARTESIAN_POINT('Origin',(0.,125.,99.93));
#14458=CARTESIAN_POINT('',(-1.701125833025,135.5435636271,99.93));
#14459=CARTESIAN_POINT('Origin',(-0.001125833024918,138.48805,99.93));
#14460=CARTESIAN_POINT('',(-0.3609843245415,134.7698325665,99.93));
#14461=CARTESIAN_POINT('',(-0.3609843245415,134.7698325665,99.93));
#14462=CARTESIAN_POINT('',(8.641415355544,129.5722946878,99.93));
#14463=CARTESIAN_POINT('Origin',(-0.1897844844989,124.6712836304,99.93));
#14464=CARTESIAN_POINT('',(9.981556864027,128.7985636271,99.93));
#14465=CARTESIAN_POINT('',(9.981556864027,128.7985636271,99.93));
#14466=CARTESIAN_POINT('',(15.0814635021,131.7178537224,99.93));
#14467=CARTESIAN_POINT('Origin',(11.68155686403,131.74305,99.93));
#14468=CARTESIAN_POINT('Origin',(0.,125.,99.93));
#14469=CARTESIAN_POINT('Origin',(0.,111.5126,115.7155));
#14470=CARTESIAN_POINT('',(0.9810556942922,109.8133616924,96.88));
#14471=CARTESIAN_POINT('',(0.981055694292033,109.813361692432,115.7155));
#14472=CARTESIAN_POINT('Origin',(0.,111.5126,96.88));
#14473=CARTESIAN_POINT('Origin',(-11.680431031,118.2563,115.7155));
#14474=CARTESIAN_POINT('',(-10.69937533671,116.5570616924,96.88));
#14475=CARTESIAN_POINT('',(-10.699375336708,116.557061692432,115.7155));
#14476=CARTESIAN_POINT('Origin',(-11.680431031,118.2563,96.88));
#14477=CARTESIAN_POINT('Origin',(-11.680431031,131.7437,115.7155));
#14478=CARTESIAN_POINT('',(-10.69937533671,130.0444616924,96.88));
#14479=CARTESIAN_POINT('',(-10.699375336708,130.044461692431,115.7155));
#14480=CARTESIAN_POINT('Origin',(-11.680431031,131.7437,96.88));
#14481=CARTESIAN_POINT('Origin',(0.,138.4874,115.7155));
#14482=CARTESIAN_POINT('',(0.9810556942922,136.7881616924,96.88));
#14483=CARTESIAN_POINT('',(0.981055694292033,136.788161692432,115.7155));
#14484=CARTESIAN_POINT('Origin',(0.,138.4874,96.88));
#14485=CARTESIAN_POINT('Origin',(11.680431031,131.7437,115.7155));
#14486=CARTESIAN_POINT('',(12.66148672529,130.0444616924,96.88));
#14487=CARTESIAN_POINT('',(12.661486725292,130.044461692431,115.7155));
#14488=CARTESIAN_POINT('Origin',(11.680431031,131.7437,96.88));
#14489=CARTESIAN_POINT('Origin',(11.680431031,118.2563,115.7155));
#14490=CARTESIAN_POINT('',(12.66148672529,116.5570616924,96.88));
#14491=CARTESIAN_POINT('',(12.661486725292,116.557061692432,115.7155));
#14492=CARTESIAN_POINT('Origin',(11.680431031,118.2563,96.88));
#14493=CARTESIAN_POINT('Origin',(-27.4,101.1,-93.35));
#14494=CARTESIAN_POINT('',(-27.4,102.5,-93.35));
#14495=CARTESIAN_POINT('Origin',(-27.4,102.5,-93.35));
#14496=CARTESIAN_POINT('Origin',(-57.1,105.4,-93.35));
#14497=CARTESIAN_POINT('',(-60.,105.4,-93.35));
#14498=CARTESIAN_POINT('Origin',(-60.,105.4,-93.35));
#14499=CARTESIAN_POINT('',(-60.,145.5,-93.35));
#14500=CARTESIAN_POINT('Origin',(-59.25,145.5,0.));
#14501=CARTESIAN_POINT('',(-59.3,145.5,-93.35));
#14502=CARTESIAN_POINT('Origin',(-59.3,145.5,-94.1));
#14503=CARTESIAN_POINT('',(-59.3,148.17,-94.1));
#14504=CARTESIAN_POINT('Origin',(0.,148.17,0.));
#14505=CARTESIAN_POINT('',(2.73708559609433E-15,148.17,-22.35));
#14506=CARTESIAN_POINT('Origin',(0.,148.17,0.));
#14507=CARTESIAN_POINT('Origin',(0.,-24.2,-84.33));
#14508=CARTESIAN_POINT('',(3.556,-16.2,-84.33));
#14509=CARTESIAN_POINT('Origin',(0.,-16.2,-84.33));
#14510=CARTESIAN_POINT('',(3.556,-24.2,-84.33));
#14511=CARTESIAN_POINT('Origin',(0.,-24.2,84.33));
#14512=CARTESIAN_POINT('',(3.556,-16.2,84.33));
#14513=CARTESIAN_POINT('Origin',(0.,-16.2,84.33));
#14514=CARTESIAN_POINT('',(3.556,-24.2,84.33));
#14515=CARTESIAN_POINT('Origin',(-11.9,-24.2,-70.11));
#14516=CARTESIAN_POINT('',(-10.,-24.2,-70.11));
#14517=CARTESIAN_POINT('Origin',(-11.9,-24.2,69.59));
#14518=CARTESIAN_POINT('',(-10.,-24.2,69.59));
#14519=CARTESIAN_POINT('Origin',(-17.525,122.1385,76.065));
#14520=CARTESIAN_POINT('',(-14.97,122.1385,76.065));
#14521=CARTESIAN_POINT('Origin',(17.525,122.1385,76.065));
#14522=CARTESIAN_POINT('',(20.08,122.1385,76.065));
#14523=CARTESIAN_POINT('Origin',(-17.525,122.1385,-76.335));
#14524=CARTESIAN_POINT('',(-14.97,122.1385,-76.335));
#14525=CARTESIAN_POINT('Origin',(17.525,122.1385,-76.335));
#14526=CARTESIAN_POINT('',(20.08,122.1385,-76.335));
#14527=CARTESIAN_POINT('Origin',(0.,-24.2,-84.33));
#14528=CARTESIAN_POINT('',(6.35,-16.2,-84.33));
#14529=CARTESIAN_POINT('',(6.35,-24.2,-84.33));
#14530=CARTESIAN_POINT('Origin',(0.,-16.2,-84.33));
#14531=CARTESIAN_POINT('Origin',(0.,-24.2,84.33));
#14532=CARTESIAN_POINT('',(6.35,-16.2,84.33));
#14533=CARTESIAN_POINT('',(6.35,-24.2,84.33));
#14534=CARTESIAN_POINT('Origin',(0.,-16.2,84.33));
#14535=CARTESIAN_POINT('Origin',(-2.984279490192E-13,27.55,-100.401));
#14536=CARTESIAN_POINT('',(-34.925,27.55,-100.466));
#14537=CARTESIAN_POINT('',(-34.925,27.55,-100.466));
#14538=CARTESIAN_POINT('',(34.925,27.55,-100.466));
#14539=CARTESIAN_POINT('',(34.925,27.55,-100.466));
#14540=CARTESIAN_POINT('',(34.925,27.55,-100.466));
#14541=CARTESIAN_POINT('Origin',(34.925,44.7,-100.401));
#14542=CARTESIAN_POINT('',(34.925,61.85,-100.466));
#14543=CARTESIAN_POINT('',(34.925,61.85,-100.466));
#14544=CARTESIAN_POINT('',(34.925,61.85,-100.466));
#14545=CARTESIAN_POINT('Origin',(-2.984279490192E-13,61.85,-100.401));
#14546=CARTESIAN_POINT('',(-34.925,61.85,-100.466));
#14547=CARTESIAN_POINT('',(-34.925,61.85,-100.466));
#14548=CARTESIAN_POINT('',(-34.925,61.85,-100.466));
#14549=CARTESIAN_POINT('Origin',(-34.925,44.7,-100.401));
#14550=CARTESIAN_POINT('',(-34.925,27.55,-100.466));
#14551=CARTESIAN_POINT('Origin',(60.15,106.7499192363,0.));
#14552=CARTESIAN_POINT('Origin',(11.68155686403,118.25695,99.93));
#14553=CARTESIAN_POINT('',(13.38155686403,115.3124636271,99.93));
#14554=CARTESIAN_POINT('Origin',(11.68155686403,118.25695,99.93));
#14555=CARTESIAN_POINT('',(13.38155686403,115.3124636271,97.64));
#14556=CARTESIAN_POINT('',(13.38155686403,115.3124636271,99.93));
#14557=CARTESIAN_POINT('',(9.981556864027,121.2014363729,97.64));
#14558=CARTESIAN_POINT('Origin',(11.68155686403,118.25695,97.64));
#14559=CARTESIAN_POINT('',(9.981556864027,121.2014363729,99.93));
#14560=CARTESIAN_POINT('Origin',(-1.701125833025,114.4564363729,99.93));
#14561=CARTESIAN_POINT('',(8.641415355544,120.4277053122,97.64));
#14562=CARTESIAN_POINT('',(8.641415355544,120.4277053122,97.64));
#14563=CARTESIAN_POINT('',(8.641415355544,120.4277053122,97.64));
#14564=CARTESIAN_POINT('Origin',(-0.1897844844989,125.3287163696,99.93));
#14565=CARTESIAN_POINT('',(-0.3609843245415,115.2301674335,97.64));
#14566=CARTESIAN_POINT('Origin',(-0.1897844844989,125.3287163696,97.64));
#14567=CARTESIAN_POINT('',(-0.3609843245415,115.2301674335,97.64));
#14568=CARTESIAN_POINT('Origin',(-1.701125833025,114.4564363729,99.93));
#14569=CARTESIAN_POINT('',(-1.701125833025,114.4564363729,97.64));
#14570=CARTESIAN_POINT('',(-1.701125833025,114.4564363729,97.64));
#14571=CARTESIAN_POINT('',(-1.701125833025,114.4564363729,99.93));
#14572=CARTESIAN_POINT('Origin',(-0.001125833024919,111.51195,99.93));
#14573=CARTESIAN_POINT('',(1.698874166975,108.5674636271,97.64));
#14574=CARTESIAN_POINT('Origin',(-0.00112583302492,111.51195,97.64));
#14575=CARTESIAN_POINT('',(1.698874166975,108.5674636271,99.93));
#14576=CARTESIAN_POINT('',(1.698874166975,108.5674636271,99.93));
#14577=CARTESIAN_POINT('Origin',(-0.001125833024919,111.51195,99.93));
#14578=CARTESIAN_POINT('Origin',(0.,125.,100.1205));
#14579=CARTESIAN_POINT('',(-16.891,125.,100.311));
#14580=CARTESIAN_POINT('Origin',(0.,125.,100.311));
#14581=CARTESIAN_POINT('',(-16.51,125.,99.93));
#14582=CARTESIAN_POINT('',(-16.7005,125.,100.1205));
#14583=CARTESIAN_POINT('',(-15.080431031,118.2798288772,99.93));
#14584=CARTESIAN_POINT('Origin',(0.,125.,99.93));
#14585=CARTESIAN_POINT('Origin',(0.,125.,99.93));
#14586=CARTESIAN_POINT('',(1.720376605412,108.5798780658,99.93));
#14587=CARTESIAN_POINT('Origin',(0.,125.,99.93));
#14588=CARTESIAN_POINT('',(13.36005442559,115.3000491885,99.93));
#14589=CARTESIAN_POINT('Origin',(0.,125.,99.93));
#14590=CARTESIAN_POINT('Origin',(0.,125.,99.93));
#14591=CARTESIAN_POINT('',(13.36005442559,134.6999508115,99.93));
#14592=CARTESIAN_POINT('Origin',(0.,125.,99.93));
#14593=CARTESIAN_POINT('',(1.720376605412,141.4201219342,99.93));
#14594=CARTESIAN_POINT('Origin',(0.,125.,99.93));
#14595=CARTESIAN_POINT('Origin',(0.,125.,99.93));
#14596=CARTESIAN_POINT('',(-15.080431031,131.7201711228,99.93));
#14597=CARTESIAN_POINT('Origin',(0.,125.,99.93));
#14598=CARTESIAN_POINT('Origin',(0.,125.,99.93));
#14599=CARTESIAN_POINT('Origin',(-11.680431031,118.255,99.93));
#14600=CARTESIAN_POINT('',(-15.080431031,118.255,99.93));
#14601=CARTESIAN_POINT('Origin',(-11.680431031,118.255,99.93));
#14602=CARTESIAN_POINT('',(-15.080431031,118.255,97.64));
#14603=CARTESIAN_POINT('',(-15.080431031,118.255,99.93));
#14604=CARTESIAN_POINT('',(-8.280431031002,118.255,97.64));
#14605=CARTESIAN_POINT('Origin',(-11.680431031,118.255,97.64));
#14606=CARTESIAN_POINT('',(-8.280431031002,118.255,99.93));
#14607=CARTESIAN_POINT('Origin',(-8.280431031002,131.745,99.93));
#14608=CARTESIAN_POINT('',(-8.280431031002,119.8024621214,97.64));
#14609=CARTESIAN_POINT('',(-8.280431031002,119.8024621214,97.64));
#14610=CARTESIAN_POINT('',(-8.280431031002,119.8024621214,97.64));
#14611=CARTESIAN_POINT('Origin',(0.3795689689978,125.,99.93));
#14612=CARTESIAN_POINT('',(-8.280431031002,130.1975378786,97.64));
#14613=CARTESIAN_POINT('Origin',(0.3795689689978,125.,97.64));
#14614=CARTESIAN_POINT('',(-8.280431031002,130.1975378786,97.64));
#14615=CARTESIAN_POINT('Origin',(-8.280431031002,131.745,99.93));
#14616=CARTESIAN_POINT('',(-8.280431031002,131.745,97.64));
#14617=CARTESIAN_POINT('',(-8.280431031002,131.745,97.64));
#14618=CARTESIAN_POINT('',(-8.280431031002,131.745,99.93));
#14619=CARTESIAN_POINT('Origin',(-11.680431031,131.745,99.93));
#14620=CARTESIAN_POINT('',(-15.080431031,131.745,97.64));
#14621=CARTESIAN_POINT('Origin',(-11.680431031,131.745,97.64));
#14622=CARTESIAN_POINT('',(-15.080431031,131.745,99.93));
#14623=CARTESIAN_POINT('',(-15.080431031,131.745,99.93));
#14624=CARTESIAN_POINT('Origin',(-11.680431031,131.745,99.93));
#14625=CARTESIAN_POINT('Origin',(-0.001125833024918,138.48805,99.93));
#14626=CARTESIAN_POINT('',(1.698874166975,141.4325363729,99.93));
#14627=CARTESIAN_POINT('Origin',(-0.001125833024918,138.48805,99.93));
#14628=CARTESIAN_POINT('',(1.698874166975,141.4325363729,97.64));
#14629=CARTESIAN_POINT('',(1.698874166975,141.4325363729,99.93));
#14630=CARTESIAN_POINT('',(-1.701125833025,135.5435636271,97.64));
#14631=CARTESIAN_POINT('Origin',(-0.001125833024919,138.48805,97.64));
#14632=CARTESIAN_POINT('',(-1.701125833025,135.5435636271,99.93));
#14633=CARTESIAN_POINT('Origin',(9.981556864027,128.7985636271,99.93));
#14634=CARTESIAN_POINT('',(-0.3609843245415,134.7698325665,97.64));
#14635=CARTESIAN_POINT('',(-0.3609843245415,134.7698325665,97.64));
#14636=CARTESIAN_POINT('',(-0.3609843245415,134.7698325665,97.64));
#14637=CARTESIAN_POINT('Origin',(-0.1897844844989,124.6712836304,99.93));
#14638=CARTESIAN_POINT('',(8.641415355544,129.5722946878,97.64));
#14639=CARTESIAN_POINT('Origin',(-0.1897844844989,124.6712836304,97.64));
#14640=CARTESIAN_POINT('',(8.641415355544,129.5722946878,97.64));
#14641=CARTESIAN_POINT('Origin',(9.981556864027,128.7985636271,99.93));
#14642=CARTESIAN_POINT('',(9.981556864027,128.7985636271,97.64));
#14643=CARTESIAN_POINT('',(9.981556864027,128.7985636271,97.64));
#14644=CARTESIAN_POINT('',(9.981556864027,128.7985636271,99.93));
#14645=CARTESIAN_POINT('Origin',(11.68155686403,131.74305,99.93));
#14646=CARTESIAN_POINT('',(13.38155686403,134.6875363729,97.64));
#14647=CARTESIAN_POINT('Origin',(11.68155686403,131.74305,97.64));
#14648=CARTESIAN_POINT('',(13.38155686403,134.6875363729,99.93));
#14649=CARTESIAN_POINT('',(13.38155686403,134.6875363729,99.93));
#14650=CARTESIAN_POINT('Origin',(11.68155686403,131.74305,99.93));
#14651=CARTESIAN_POINT('Origin',(5.840215515501,114.88445,99.93));
#14652=CARTESIAN_POINT('',(13.38155686403,115.3124636271,99.93));
#14653=CARTESIAN_POINT('Origin',(5.840215515501,114.88445,99.93));
#14654=CARTESIAN_POINT('',(1.720376605412,108.5798780658,99.93));
#14655=CARTESIAN_POINT('Origin',(-11.680431031,125.,99.93));
#14656=CARTESIAN_POINT('',(-15.080431031,118.255,99.93));
#14657=CARTESIAN_POINT('Origin',(-11.680431031,125.,99.93));
#14658=CARTESIAN_POINT('',(-15.080431031,131.7201711228,99.93));
#14659=CARTESIAN_POINT('Origin',(5.840215515501,135.11555,99.93));
#14660=CARTESIAN_POINT('',(1.698874166975,141.4325363729,99.93));
#14661=CARTESIAN_POINT('Origin',(5.840215515501,135.11555,99.93));
#14662=CARTESIAN_POINT('',(13.36005442559,134.6999508115,99.93));
#14663=CARTESIAN_POINT('Origin',(5.840215515501,114.88445,96.88));
#14664=CARTESIAN_POINT('',(-1.461125833025,114.0407441791,96.88));
#14665=CARTESIAN_POINT('Origin',(-0.001125833024919,111.51195,96.88));
#14666=CARTESIAN_POINT('Origin',(-11.680431031,125.,96.88));
#14667=CARTESIAN_POINT('',(-8.760431031002,118.255,96.88));
#14668=CARTESIAN_POINT('Origin',(-11.680431031,118.255,96.88));
#14669=CARTESIAN_POINT('Origin',(-11.680431031,125.,96.88));
#14670=CARTESIAN_POINT('',(-8.760431031002,131.745,96.88));
#14671=CARTESIAN_POINT('Origin',(-11.680431031,131.745,96.88));
#14672=CARTESIAN_POINT('Origin',(5.840215515501,135.11555,96.88));
#14673=CARTESIAN_POINT('',(-1.461125833025,135.9592558209,96.88));
#14674=CARTESIAN_POINT('Origin',(-0.001125833024919,138.48805,96.88));
#14675=CARTESIAN_POINT('Origin',(5.840215515501,135.11555,96.88));
#14676=CARTESIAN_POINT('',(10.22155686403,129.2142558209,96.88));
#14677=CARTESIAN_POINT('Origin',(11.68155686403,131.74305,96.88));
#14678=CARTESIAN_POINT('Origin',(5.840215515501,114.88445,96.88));
#14679=CARTESIAN_POINT('',(10.22155686403,120.7857441791,96.88));
#14680=CARTESIAN_POINT('Origin',(11.68155686403,118.25695,96.88));
#14681=CARTESIAN_POINT('Origin',(0.,148.17,0.));
#14682=CARTESIAN_POINT('',(2.73708559609433E-15,145.5,-22.35));
#14683=CARTESIAN_POINT('',(2.73708559609433E-15,148.17,-22.35));
#14684=CARTESIAN_POINT('Origin',(0.,145.5,0.));
#14685=CARTESIAN_POINT('Origin',(0.,-16.2,-84.33));
#14686=CARTESIAN_POINT('',(3.,-16.2,-84.33));
#14687=CARTESIAN_POINT('Origin',(0.,-16.2,-84.33));
#14688=CARTESIAN_POINT('Origin',(0.,-16.2,84.33));
#14689=CARTESIAN_POINT('',(3.,-16.2,84.33));
#14690=CARTESIAN_POINT('Origin',(0.,-16.2,84.33));
#14691=CARTESIAN_POINT('Origin',(0.,-16.2,-84.33));
#14692=CARTESIAN_POINT('',(5.,-16.2,-84.33));
#14693=CARTESIAN_POINT('Origin',(0.,-16.2,-84.33));
#14694=CARTESIAN_POINT('Origin',(0.,-16.2,84.33));
#14695=CARTESIAN_POINT('',(5.,-16.2,84.33));
#14696=CARTESIAN_POINT('Origin',(0.,-16.2,84.33));
#14697=CARTESIAN_POINT('Origin',(34.925,27.55,-100.466));
#14698=CARTESIAN_POINT('Origin',(13.38155686403,115.3124636271,99.93));
#14699=CARTESIAN_POINT('',(13.36005442559,115.3000491885,99.93));
#14700=CARTESIAN_POINT('',(13.38155686403,115.3124636271,97.64));
#14701=CARTESIAN_POINT('Origin',(5.840215515501,114.88445,97.64));
#14702=CARTESIAN_POINT('',(-1.461125833025,114.0407441791,97.64));
#14703=CARTESIAN_POINT('Origin',(-0.001125833024919,111.51195,97.64));
#14704=CARTESIAN_POINT('',(10.22155686403,120.7857441791,97.64));
#14705=CARTESIAN_POINT('Origin',(11.68155686403,118.25695,97.64));
#14706=CARTESIAN_POINT('Origin',(0.,125.,99.93));
#14707=CARTESIAN_POINT('',(1.720376605412,141.4201219342,99.93));
#14708=CARTESIAN_POINT('Origin',(0.,125.,99.93));
#14709=CARTESIAN_POINT('',(-15.080431031,118.2798288772,99.93));
#14710=CARTESIAN_POINT('Origin',(0.,125.,99.93));
#14711=CARTESIAN_POINT('Origin',(0.,125.,99.93));
#14712=CARTESIAN_POINT('',(-16.891,125.,107.169));
#14713=CARTESIAN_POINT('Origin',(0.,125.,107.169));
#14714=CARTESIAN_POINT('',(-16.891,125.,99.93));
#14715=CARTESIAN_POINT('Origin',(1.698874166975,141.4325363729,99.93));
#14716=CARTESIAN_POINT('',(1.698874166975,141.4325363729,97.64));
#14717=CARTESIAN_POINT('Origin',(-15.080431031,118.255,99.93));
#14718=CARTESIAN_POINT('',(-15.080431031,118.255,97.64));
#14719=CARTESIAN_POINT('Origin',(-11.680431031,125.,97.64));
#14720=CARTESIAN_POINT('',(-8.760431031002,131.745,97.64));
#14721=CARTESIAN_POINT('Origin',(-11.680431031,131.745,97.64));
#14722=CARTESIAN_POINT('',(-8.760431031002,118.255,97.64));
#14723=CARTESIAN_POINT('Origin',(-11.680431031,118.255,97.64));
#14724=CARTESIAN_POINT('Origin',(5.840215515501,135.11555,97.64));
#14725=CARTESIAN_POINT('',(10.22155686403,129.2142558209,97.64));
#14726=CARTESIAN_POINT('Origin',(11.68155686403,131.74305,97.64));
#14727=CARTESIAN_POINT('',(-1.461125833025,135.9592558209,97.64));
#14728=CARTESIAN_POINT('Origin',(-0.001125833024919,138.48805,97.64));
#14729=CARTESIAN_POINT('Origin',(-0.001125833024918,111.51195,99.93));
#14730=CARTESIAN_POINT('',(-1.46112583302497,114.040744179051,99.93));
#14731=CARTESIAN_POINT('Origin',(-11.680431031,118.255,99.93));
#14732=CARTESIAN_POINT('',(-8.760431031,118.255,99.93));
#14733=CARTESIAN_POINT('Origin',(-11.680431031,131.745,99.93));
#14734=CARTESIAN_POINT('',(-8.760431031,131.745,99.93));
#14735=CARTESIAN_POINT('Origin',(-0.001125833024918,138.48805,99.93));
#14736=CARTESIAN_POINT('',(-1.46112583302497,135.959255820949,99.93));
#14737=CARTESIAN_POINT('Origin',(11.68155686403,131.74305,99.93));
#14738=CARTESIAN_POINT('',(10.22155686403,129.214255820949,99.93));
#14739=CARTESIAN_POINT('Origin',(11.68155686403,118.25695,99.93));
#14740=CARTESIAN_POINT('',(10.2215568640299,120.785744179051,99.93));
#14741=CARTESIAN_POINT('Origin',(0.,145.5,0.));
#14742=CARTESIAN_POINT('',(58.5,145.5,93.35));
#14743=CARTESIAN_POINT('',(58.5,145.5,-93.35));
#14744=CARTESIAN_POINT('',(58.5,145.5,93.35));
#14745=CARTESIAN_POINT('',(-58.5,145.5,93.35));
#14746=CARTESIAN_POINT('',(-58.5,145.5,93.35));
#14747=CARTESIAN_POINT('',(-58.5,145.5,-93.35));
#14748=CARTESIAN_POINT('',(-58.5,145.5,93.35));
#14749=CARTESIAN_POINT('',(-58.5,145.5,-93.35));
#14750=CARTESIAN_POINT('Origin',(0.,-16.095,-84.33));
#14751=CARTESIAN_POINT('',(3.,-16.1,-84.33));
#14752=CARTESIAN_POINT('',(3.,-16.095,-84.33));
#14753=CARTESIAN_POINT('Origin',(0.,-16.1,-84.33));
#14754=CARTESIAN_POINT('Origin',(0.,-16.095,84.33));
#14755=CARTESIAN_POINT('',(3.,-16.1,84.33));
#14756=CARTESIAN_POINT('',(3.,-16.095,84.33));
#14757=CARTESIAN_POINT('Origin',(0.,-16.1,84.33));
#14758=CARTESIAN_POINT('Origin',(0.,-15.9,-84.33));
#14759=CARTESIAN_POINT('',(6.12323399573973E-16,-21.7000015789424,-79.3299999999976));
#14760=CARTESIAN_POINT('',(5.,-21.70000157894,-84.33));
#14761=CARTESIAN_POINT('Origin',(0.,-21.70000157894,-84.33));
#14762=CARTESIAN_POINT('Origin',(0.,-21.70000157894,-84.33));
#14763=CARTESIAN_POINT('',(5.,-15.9,-84.33));
#14764=CARTESIAN_POINT('Origin',(0.,-15.9,84.33));
#14765=CARTESIAN_POINT('',(6.12323399573973E-16,-21.7000015789424,89.3300000000024));
#14766=CARTESIAN_POINT('',(5.,-21.70000157894,84.33));
#14767=CARTESIAN_POINT('Origin',(0.,-21.70000157894,84.33));
#14768=CARTESIAN_POINT('Origin',(0.,-21.70000157894,84.33));
#14769=CARTESIAN_POINT('',(5.,-15.9,84.33));
#14770=CARTESIAN_POINT('Origin',(0.,125.,107.3595));
#14771=CARTESIAN_POINT('',(-16.51,125.,107.55));
#14772=CARTESIAN_POINT('',(-16.7005,125.,107.3595));
#14773=CARTESIAN_POINT('',(-14.51033638456,132.8759277553,107.55));
#14774=CARTESIAN_POINT('Origin',(0.,125.,107.55));
#14775=CARTESIAN_POINT('',(-14.07592170675,133.6283560488,107.55));
#14776=CARTESIAN_POINT('Origin',(0.,125.,107.55));
#14777=CARTESIAN_POINT('',(-0.4344146778118,141.5042838041,107.55));
#14778=CARTESIAN_POINT('Origin',(0.,125.,107.55));
#14779=CARTESIAN_POINT('',(0.4344146778119,141.5042838041,107.55));
#14780=CARTESIAN_POINT('Origin',(0.,125.,107.55));
#14781=CARTESIAN_POINT('',(14.07592170675,133.6283560488,107.55));
#14782=CARTESIAN_POINT('Origin',(0.,125.,107.55));
#14783=CARTESIAN_POINT('',(14.51033638456,132.8759277553,107.55));
#14784=CARTESIAN_POINT('Origin',(0.,125.,107.55));
#14785=CARTESIAN_POINT('',(14.51033638456,117.1240722447,107.55));
#14786=CARTESIAN_POINT('Origin',(0.,125.,107.55));
#14787=CARTESIAN_POINT('',(14.07592170675,116.3716439512,107.55));
#14788=CARTESIAN_POINT('Origin',(0.,125.,107.55));
#14789=CARTESIAN_POINT('',(8.25499999999955,110.70192058352,107.549999999999));
#14790=CARTESIAN_POINT('Origin',(0.,125.,107.55));
#14791=CARTESIAN_POINT('',(0.4344146778123,108.4957161959,107.55));
#14792=CARTESIAN_POINT('Origin',(0.,125.,107.55));
#14793=CARTESIAN_POINT('',(-0.4344146778123,108.4957161959,107.55));
#14794=CARTESIAN_POINT('Origin',(0.,125.,107.55));
#14795=CARTESIAN_POINT('',(-14.07592170675,116.3716439512,107.55));
#14796=CARTESIAN_POINT('Origin',(0.,125.,107.55));
#14797=CARTESIAN_POINT('',(-14.51033638456,117.1240722447,107.55));
#14798=CARTESIAN_POINT('Origin',(0.,125.,107.55));
#14799=CARTESIAN_POINT('Origin',(0.,125.,107.55));
#14800=CARTESIAN_POINT('Origin',(58.5,145.5,-93.35));
#14801=CARTESIAN_POINT('',(58.5,105.4,-93.35));
#14802=CARTESIAN_POINT('',(58.5,145.5,-93.35));
#14803=CARTESIAN_POINT('',(58.5,105.4,93.35));
#14804=CARTESIAN_POINT('',(58.5,105.4,-93.35));
#14805=CARTESIAN_POINT('',(58.5,145.5,93.35));
#14806=CARTESIAN_POINT('Origin',(0.,103.25,93.35));
#14807=CARTESIAN_POINT('',(-58.5,105.4,93.35));
#14808=CARTESIAN_POINT('',(-58.5,105.4,93.35));
#14809=CARTESIAN_POINT('',(57.1,104.,93.35));
#14810=CARTESIAN_POINT('Origin',(57.1,105.4,93.35));
#14811=CARTESIAN_POINT('',(27.4,104.,93.35));
#14812=CARTESIAN_POINT('',(57.1,104.,93.35));
#14813=CARTESIAN_POINT('',(24.5,101.1,93.35));
#14814=CARTESIAN_POINT('Origin',(27.4,101.1,93.35));
#14815=CARTESIAN_POINT('',(24.5,2.9,93.35));
#14816=CARTESIAN_POINT('',(24.5,101.1,93.35));
#14817=CARTESIAN_POINT('',(23.1,1.5,93.35));
#14818=CARTESIAN_POINT('Origin',(23.1,2.9,93.35));
#14819=CARTESIAN_POINT('',(-23.1,1.5,93.35));
#14820=CARTESIAN_POINT('',(23.1,1.5,93.35));
#14821=CARTESIAN_POINT('',(-24.5,2.9,93.35));
#14822=CARTESIAN_POINT('Origin',(-23.1,2.9,93.35));
#14823=CARTESIAN_POINT('',(-24.5,101.1,93.35));
#14824=CARTESIAN_POINT('',(-24.5,2.9,93.35));
#14825=CARTESIAN_POINT('',(-27.4,104.,93.35));
#14826=CARTESIAN_POINT('Origin',(-27.4,101.1,93.35));
#14827=CARTESIAN_POINT('',(-57.1,104.,93.35));
#14828=CARTESIAN_POINT('',(-27.4,104.,93.35));
#14829=CARTESIAN_POINT('Origin',(-57.1,105.4,93.35));
#14830=CARTESIAN_POINT('',(-8.65,125.,93.35));
#14831=CARTESIAN_POINT('Origin',(0.,125.,93.35));
#14832=CARTESIAN_POINT('Origin',(-58.5,105.4,-93.35));
#14833=CARTESIAN_POINT('',(-58.5,105.4,-93.35));
#14834=CARTESIAN_POINT('',(-58.5,105.4,-93.35));
#14835=CARTESIAN_POINT('',(-58.5,105.4,-93.35));
#14836=CARTESIAN_POINT('Origin',(0.,103.25,-93.35));
#14837=CARTESIAN_POINT('',(-57.1,104.,-93.35));
#14838=CARTESIAN_POINT('Origin',(-57.1,105.4,-93.35));
#14839=CARTESIAN_POINT('',(-27.4,104.,-93.35));
#14840=CARTESIAN_POINT('',(-27.4,104.,-93.35));
#14841=CARTESIAN_POINT('',(-24.5,101.1,-93.35));
#14842=CARTESIAN_POINT('Origin',(-27.4,101.1,-93.35));
#14843=CARTESIAN_POINT('',(-24.5,2.9,-93.35));
#14844=CARTESIAN_POINT('',(-24.5,2.9,-93.35));
#14845=CARTESIAN_POINT('',(-23.1,1.5,-93.35));
#14846=CARTESIAN_POINT('Origin',(-23.1,2.9,-93.35));
#14847=CARTESIAN_POINT('',(23.1,1.5,-93.35));
#14848=CARTESIAN_POINT('',(23.1,1.5,-93.35));
#14849=CARTESIAN_POINT('',(24.5,2.9,-93.35));
#14850=CARTESIAN_POINT('Origin',(23.1,2.9,-93.35));
#14851=CARTESIAN_POINT('',(24.5,101.1,-93.35));
#14852=CARTESIAN_POINT('',(24.5,101.1,-93.35));
#14853=CARTESIAN_POINT('',(27.4,104.,-93.35));
#14854=CARTESIAN_POINT('Origin',(27.4,101.1,-93.35));
#14855=CARTESIAN_POINT('',(57.1,104.,-93.35));
#14856=CARTESIAN_POINT('',(57.1,104.,-93.35));
#14857=CARTESIAN_POINT('Origin',(57.1,105.4,-93.35));
#14858=CARTESIAN_POINT('Origin',(0.,-16.1,-84.33));
#14859=CARTESIAN_POINT('',(-2.945873412263,-16.1,-84.33));
#14860=CARTESIAN_POINT('Origin',(0.,-16.1,-84.33));
#14861=CARTESIAN_POINT('Origin',(0.,-16.1,84.33));
#14862=CARTESIAN_POINT('',(-2.945873412263,-16.1,84.33));
#14863=CARTESIAN_POINT('Origin',(0.,-16.1,84.33));
#14864=CARTESIAN_POINT('Origin',(0.,-21.95000075009,-84.33));
#14865=CARTESIAN_POINT('',(5.51091233644628E-16,-22.2000000000021,-79.8299985789509));
#14866=CARTESIAN_POINT('',(5.81707321432236E-16,-21.95000075009,-79.579999250092));
#14867=CARTESIAN_POINT('Origin',(0.,-22.2,-84.33));
#14868=CARTESIAN_POINT('Origin',(0.,-21.95000075009,84.33));
#14869=CARTESIAN_POINT('',(5.51091233644628E-16,-22.2000000000021,88.8300014210491));
#14870=CARTESIAN_POINT('',(5.81707321432236E-16,-21.95000075009,89.080000749908));
#14871=CARTESIAN_POINT('Origin',(0.,-22.2,84.33));
#14872=CARTESIAN_POINT('Origin',(0.,125.,107.7405));
#14873=CARTESIAN_POINT('',(8.44550000000029,110.371964904677,107.931));
#14874=CARTESIAN_POINT('Origin',(0.,125.,107.931));
#14875=CARTESIAN_POINT('',(8.35025000000029,110.536942744098,107.7405));
#14876=CARTESIAN_POINT('Ctrl Pts',(14.0759217067651,116.371643951189,107.550000000001));
#14877=CARTESIAN_POINT('Ctrl Pts',(14.0877428403116,116.388620162002,107.551206333074));
#14878=CARTESIAN_POINT('Ctrl Pts',(14.0994658161982,116.405673356938,107.552327499894));
#14879=CARTESIAN_POINT('Ctrl Pts',(14.2635511371385,116.647477059369,107.566947381575));
#14880=CARTESIAN_POINT('Ctrl Pts',(14.3981990609886,116.885218252294,107.565387431973));
#14881=CARTESIAN_POINT('Ctrl Pts',(14.5103363845644,117.124072244698,107.549999999999));
#14882=CARTESIAN_POINT('Ctrl Pts',(14.5103363845644,132.875927755302,107.549999999999));
#14883=CARTESIAN_POINT('Ctrl Pts',(14.4271810806618,133.053049659886,107.561410532561));
#14884=CARTESIAN_POINT('Ctrl Pts',(14.3331519067934,133.226878171208,107.56519139213));
#14885=CARTESIAN_POINT('Ctrl Pts',(14.1804083295589,133.473877628615,107.559136551232));
#14886=CARTESIAN_POINT('Ctrl Pts',(14.1291461407401,133.551920975305,107.55543149223));
#14887=CARTESIAN_POINT('Ctrl Pts',(14.0759217067651,133.628356048811,107.550000000001));
#14888=CARTESIAN_POINT('Ctrl Pts',(0.434414677815528,141.504283804143,107.55));
#14889=CARTESIAN_POINT('Ctrl Pts',(0.227056308476728,141.521881528778,107.562135573742));
#14890=CARTESIAN_POINT('Ctrl Pts',(0.0193397662498879,141.526801525338,
107.565528454486));
#14891=CARTESIAN_POINT('Ctrl Pts',(-0.269288500330907,141.516294565002,
107.558282745475));
#14892=CARTESIAN_POINT('Ctrl Pts',(-0.351918789981074,141.511284919759,
107.554828042067));
#14893=CARTESIAN_POINT('Ctrl Pts',(-0.43441467781543,141.504283804143,107.55));
#14894=CARTESIAN_POINT('Ctrl Pts',(-14.075921706765,133.628356048811,107.550000000001));
#14895=CARTESIAN_POINT('Ctrl Pts',(-14.1232327946539,133.560413072055,107.554828042067));
#14896=CARTESIAN_POINT('Ctrl Pts',(-14.1688864195173,133.491357964726,107.558282745475));
#14897=CARTESIAN_POINT('Ctrl Pts',(-14.3222998473705,133.246652033792,107.565528454485));
#14898=CARTESIAN_POINT('Ctrl Pts',(-14.4218972764776,133.064304233156,107.562135573741));
#14899=CARTESIAN_POINT('Ctrl Pts',(-14.5103363845644,132.875927755302,107.549999999999));
#14900=CARTESIAN_POINT('Ctrl Pts',(-14.5103363845644,117.124072244698,107.549999999999));
#14901=CARTESIAN_POINT('Ctrl Pts',(-14.4707457480077,117.039743661655,107.555432608941));
#14902=CARTESIAN_POINT('Ctrl Pts',(-14.4287801901888,116.956310633249,107.559138075242));
#14903=CARTESIAN_POINT('Ctrl Pts',(-14.2912413181191,116.700532667009,107.565190665564));
#14904=CARTESIAN_POINT('Ctrl Pts',(-14.1877252782208,116.532203933967,107.561409425788));
#14905=CARTESIAN_POINT('Ctrl Pts',(-14.075921706765,116.371643951189,107.550000000001));
#14906=CARTESIAN_POINT('Ctrl Pts',(-0.434414677815922,108.495716195857,
107.55));
#14907=CARTESIAN_POINT('Ctrl Pts',(-0.171462621681511,108.47340044419,107.565389174201));
#14908=CARTESIAN_POINT('Ctrl Pts',(0.101786183887183,108.471140383683,107.566947735387));
#14909=CARTESIAN_POINT('Ctrl Pts',(0.393237874881103,108.49234627046,107.552323935568));
#14910=CARTESIAN_POINT('Ctrl Pts',(0.413835041974238,108.493969679593,107.551204415761));
#14911=CARTESIAN_POINT('Ctrl Pts',(0.434414677815928,108.495716195857,107.55));
#14912=CARTESIAN_POINT('Origin',(0.,125.,107.55));
#14913=CARTESIAN_POINT('',(-8.671487165888,131.2573248191,107.55));
#14914=CARTESIAN_POINT('',(-13.2044310310008,134.383345430736,107.549999999999));
#14915=CARTESIAN_POINT('Origin',(-11.680431031,131.7437,107.55));
#14916=CARTESIAN_POINT('Origin',(-11.680431031,131.7437,107.55));
#14917=CARTESIAN_POINT('',(-9.754745836023,129.3810657647,107.55));
#14918=CARTESIAN_POINT('Origin',(-11.680431031,131.7437,107.55));
#14919=CARTESIAN_POINT('Origin',(0.,125.,107.55));
#14920=CARTESIAN_POINT('',(-9.115031031,131.7437,107.55));
#14921=CARTESIAN_POINT('Origin',(-11.680431031,131.7437,107.55));
#14922=CARTESIAN_POINT('Origin',(0.,125.,107.55));
#14923=CARTESIAN_POINT('',(-1.524000000001,141.127045430737,107.549999999998));
#14924=CARTESIAN_POINT('Origin',(0.,138.4874,107.55));
#14925=CARTESIAN_POINT('',(-1.083258670137,135.6383905838,107.55));
#14926=CARTESIAN_POINT('Origin',(0.,138.4874,107.55));
#14927=CARTESIAN_POINT('',(1.083258670137,135.6383905838,107.55));
#14928=CARTESIAN_POINT('Origin',(0.,125.,107.55));
#14929=CARTESIAN_POINT('Origin',(0.,138.4874,107.55));
#14930=CARTESIAN_POINT('',(2.5654,138.4874,107.55));
#14931=CARTESIAN_POINT('Origin',(0.,138.4874,107.55));
#14932=CARTESIAN_POINT('Origin',(0.,125.,107.55));
#14933=CARTESIAN_POINT('',(10.1564310309992,134.383345430736,107.549999999999));
#14934=CARTESIAN_POINT('Origin',(11.680431031,131.7437,107.55));
#14935=CARTESIAN_POINT('',(8.671487165887,131.2573248191,107.55));
#14936=CARTESIAN_POINT('Origin',(11.680431031,131.7437,107.55));
#14937=CARTESIAN_POINT('',(9.754745836024,129.3810657647,107.55));
#14938=CARTESIAN_POINT('Origin',(0.,125.,107.55));
#14939=CARTESIAN_POINT('Origin',(11.680431031,131.7437,107.55));
#14940=CARTESIAN_POINT('',(14.245831031,131.7437,107.55));
#14941=CARTESIAN_POINT('Origin',(11.680431031,131.7437,107.55));
#14942=CARTESIAN_POINT('Origin',(0.,125.,107.55));
#14943=CARTESIAN_POINT('',(10.1564310309992,120.895945430736,107.549999999999));
#14944=CARTESIAN_POINT('Origin',(11.680431031,118.2563,107.55));
#14945=CARTESIAN_POINT('',(9.754745836023,120.6189342353,107.55));
#14946=CARTESIAN_POINT('Origin',(11.680431031,118.2563,107.55));
#14947=CARTESIAN_POINT('',(8.671487165888,118.7426751809,107.55));
#14948=CARTESIAN_POINT('Origin',(0.,125.,107.55));
#14949=CARTESIAN_POINT('Origin',(11.680431031,118.2563,107.55));
#14950=CARTESIAN_POINT('',(14.245831031,118.2563,107.55));
#14951=CARTESIAN_POINT('Origin',(11.680431031,118.2563,107.55));
#14952=CARTESIAN_POINT('Origin',(0.,125.,107.55));
#14953=CARTESIAN_POINT('',(-1.083258670137,114.3616094162,107.55));
#14954=CARTESIAN_POINT('',(-1.524000000001,114.152245430737,107.549999999998));
#14955=CARTESIAN_POINT('Origin',(0.,111.5126,107.55));
#14956=CARTESIAN_POINT('Origin',(0.,111.5126,107.55));
#14957=CARTESIAN_POINT('',(1.083258670137,114.3616094162,107.55));
#14958=CARTESIAN_POINT('Origin',(0.,111.5126,107.55));
#14959=CARTESIAN_POINT('Origin',(0.,125.,107.55));
#14960=CARTESIAN_POINT('',(2.5654,111.5126,107.55));
#14961=CARTESIAN_POINT('Origin',(0.,111.5126,107.55));
#14962=CARTESIAN_POINT('Origin',(0.,125.,107.55));
#14963=CARTESIAN_POINT('',(-9.754745836024,120.6189342353,107.55));
#14964=CARTESIAN_POINT('',(-13.2044310310008,120.895945430736,107.549999999999));
#14965=CARTESIAN_POINT('Origin',(-11.680431031,118.2563,107.55));
#14966=CARTESIAN_POINT('Origin',(-11.680431031,118.2563,107.55));
#14967=CARTESIAN_POINT('',(-8.671487165887,118.7426751809,107.55));
#14968=CARTESIAN_POINT('Origin',(-11.680431031,118.2563,107.55));
#14969=CARTESIAN_POINT('Origin',(0.,125.,107.55));
#14970=CARTESIAN_POINT('',(-9.115031031,118.2563,107.55));
#14971=CARTESIAN_POINT('Origin',(-11.680431031,118.2563,107.55));
#14972=CARTESIAN_POINT('Origin',(-11.680431031,118.2563,107.931));
#14973=CARTESIAN_POINT('',(-10.537431031,116.2765659269,108.312));
#14974=CARTESIAN_POINT('',(-12.823431031,120.236034073051,108.312));
#14975=CARTESIAN_POINT('Origin',(-11.680431031,118.2563,108.312));
#14976=CARTESIAN_POINT('',(-13.013931031,120.565989751893,107.931));
#14977=CARTESIAN_POINT('Ctrl Pts',(-8.671487165887,118.7426751809,107.55));
#14978=CARTESIAN_POINT('Ctrl Pts',(-8.701815295687,118.7847043221,107.5732328441));
#14979=CARTESIAN_POINT('Ctrl Pts',(-8.761102900342,118.8681547621,107.6163271232));
#14980=CARTESIAN_POINT('Ctrl Pts',(-8.845903295713,118.9911694199,107.6708599963));
#14981=CARTESIAN_POINT('Ctrl Pts',(-8.927024209301,119.1123854832,107.7156915051));
#14982=CARTESIAN_POINT('Ctrl Pts',(-9.005243270601,119.232749414,107.7513144788));
#14983=CARTESIAN_POINT('Ctrl Pts',(-9.080915812791,119.352665108,107.7778875826));
#14984=CARTESIAN_POINT('Ctrl Pts',(-9.154228703992,119.4723031742,107.7955217879));
#14985=CARTESIAN_POINT('Ctrl Pts',(-9.225804005796,119.5926086805,107.8043679401));
#14986=CARTESIAN_POINT('Ctrl Pts',(-9.295840253797,119.7139150204,107.8043679401));
#14987=CARTESIAN_POINT('Ctrl Pts',(-9.364240227538,119.8360538032,107.7955217879));
#14988=CARTESIAN_POINT('Ctrl Pts',(-9.431193386562,119.9593636625,107.7778875826));
#14989=CARTESIAN_POINT('Ctrl Pts',(-9.497207152753,120.0848558534,107.7513144788));
#14990=CARTESIAN_POINT('Ctrl Pts',(-9.562335843892,120.2127775129,107.7156915051));
#14991=CARTESIAN_POINT('Ctrl Pts',(-9.626751577274,120.3436383165,107.6708599963));
#14992=CARTESIAN_POINT('Ctrl Pts',(-9.690885198244,120.4785849421,107.6163271232));
#14993=CARTESIAN_POINT('Ctrl Pts',(-9.73351159695,120.5716547339,107.5732328441));
#14994=CARTESIAN_POINT('Ctrl Pts',(-9.754745836024,120.6189342353,107.55));
#14995=CARTESIAN_POINT('Origin',(-11.680431031,118.2563,108.312));
#14996=CARTESIAN_POINT('Origin',(-11.680431031,131.7437,107.931));
#14997=CARTESIAN_POINT('',(-10.537431031,129.7639659269,108.312));
#14998=CARTESIAN_POINT('',(-12.823431031,133.723434073051,108.312));
#14999=CARTESIAN_POINT('Origin',(-11.680431031,131.7437,108.312));
#15000=CARTESIAN_POINT('',(-13.013931031,134.053389751893,107.931));
#15001=CARTESIAN_POINT('Ctrl Pts',(-9.754745836024,129.3810657647,107.55));
#15002=CARTESIAN_POINT('Ctrl Pts',(-9.73351159695,129.4283452661,107.5732328441));
#15003=CARTESIAN_POINT('Ctrl Pts',(-9.690885198245,129.5214150579,107.6163271232));
#15004=CARTESIAN_POINT('Ctrl Pts',(-9.626751577274,129.6563616835,107.6708599963));
#15005=CARTESIAN_POINT('Ctrl Pts',(-9.562335843892,129.7872224871,107.7156915051));
#15006=CARTESIAN_POINT('Ctrl Pts',(-9.497207152753,129.9151441466,107.7513144788));
#15007=CARTESIAN_POINT('Ctrl Pts',(-9.431193386562,130.0406363375,107.7778875826));
#15008=CARTESIAN_POINT('Ctrl Pts',(-9.364240227538,130.1639461968,107.7955217879));
#15009=CARTESIAN_POINT('Ctrl Pts',(-9.295840253797,130.2860849796,107.8043679401));
#15010=CARTESIAN_POINT('Ctrl Pts',(-9.225804005796,130.4073913195,107.8043679401));
#15011=CARTESIAN_POINT('Ctrl Pts',(-9.154228703992,130.5276968258,107.7955217879));
#15012=CARTESIAN_POINT('Ctrl Pts',(-9.080915812791,130.647334892,107.7778875826));
#15013=CARTESIAN_POINT('Ctrl Pts',(-9.005243270601,130.767250586,107.7513144788));
#15014=CARTESIAN_POINT('Ctrl Pts',(-8.927024209301,130.8876145168,107.7156915051));
#15015=CARTESIAN_POINT('Ctrl Pts',(-8.845903295713,131.0088305801,107.6708599963));
#15016=CARTESIAN_POINT('Ctrl Pts',(-8.761102900342,131.1318452379,107.6163271232));
#15017=CARTESIAN_POINT('Ctrl Pts',(-8.701815295687,131.2152956779,107.5732328441));
#15018=CARTESIAN_POINT('Ctrl Pts',(-8.671487165887,131.2573248191,107.55));
#15019=CARTESIAN_POINT('Origin',(-11.680431031,131.7437,108.312));
#15020=CARTESIAN_POINT('Origin',(0.,138.4874,107.931));
#15021=CARTESIAN_POINT('',(1.143,136.5076659269,108.312));
#15022=CARTESIAN_POINT('',(-1.14300000000004,140.467134073051,108.312));
#15023=CARTESIAN_POINT('Origin',(0.,138.4874,108.312));
#15024=CARTESIAN_POINT('',(-1.33350000000004,140.797089751893,107.931));
#15025=CARTESIAN_POINT('Ctrl Pts',(-1.083258670137,135.6383905838,107.55));
#15026=CARTESIAN_POINT('Ctrl Pts',(-1.031696301263,135.6436409441,107.5732328441));
#15027=CARTESIAN_POINT('Ctrl Pts',(-0.9297822979023,135.6532602958,107.6163271232));
#15028=CARTESIAN_POINT('Ctrl Pts',(-0.7808482815605,135.6651922636,107.6708599963));
#15029=CARTESIAN_POINT('Ctrl Pts',(-0.6353116345913,135.6748370039,107.7156915051));
#15030=CARTESIAN_POINT('Ctrl Pts',(-0.491963882152,135.6823947326,107.7513144788));
#15031=CARTESIAN_POINT('Ctrl Pts',(-0.3502775737716,135.6879712295,107.7778875826));
#15032=CARTESIAN_POINT('Ctrl Pts',(-0.2100115235462,135.6916430226,107.7955217879));
#15033=CARTESIAN_POINT('Ctrl Pts',(-0.07003624800063,135.6934762991,107.8043679401));
#15034=CARTESIAN_POINT('Ctrl Pts',(0.07003624800064,135.6934762991,107.8043679401));
#15035=CARTESIAN_POINT('Ctrl Pts',(0.2100115235462,135.6916430226,107.7955217879));
#15036=CARTESIAN_POINT('Ctrl Pts',(0.3502775737716,135.6879712295,107.7778875826));
#15037=CARTESIAN_POINT('Ctrl Pts',(0.491963882152,135.6823947326,107.7513144788));
#15038=CARTESIAN_POINT('Ctrl Pts',(0.6353116345913,135.6748370039,107.7156915051));
#15039=CARTESIAN_POINT('Ctrl Pts',(0.7808482815606,135.6651922636,107.6708599963));
#15040=CARTESIAN_POINT('Ctrl Pts',(0.9297822979022,135.6532602958,107.6163271232));
#15041=CARTESIAN_POINT('Ctrl Pts',(1.031696301263,135.6436409441,107.5732328441));
#15042=CARTESIAN_POINT('Ctrl Pts',(1.083258670137,135.6383905838,107.55));
#15043=CARTESIAN_POINT('Origin',(0.,138.4874,108.312));
#15044=CARTESIAN_POINT('Origin',(11.680431031,131.7437,107.931));
#15045=CARTESIAN_POINT('',(12.823431031,129.7639659269,108.312));
#15046=CARTESIAN_POINT('',(10.537431031,133.723434073051,108.312));
#15047=CARTESIAN_POINT('Origin',(11.680431031,131.7437,108.312));
#15048=CARTESIAN_POINT('',(10.346931031,134.053389751893,107.931));
#15049=CARTESIAN_POINT('Ctrl Pts',(8.671487165887,131.2573248191,107.55));
#15050=CARTESIAN_POINT('Ctrl Pts',(8.701815295687,131.2152956779,107.5732328441));
#15051=CARTESIAN_POINT('Ctrl Pts',(8.761102900342,131.1318452379,107.6163271232));
#15052=CARTESIAN_POINT('Ctrl Pts',(8.845903295713,131.0088305801,107.6708599963));
#15053=CARTESIAN_POINT('Ctrl Pts',(8.927024209301,130.8876145168,107.7156915051));
#15054=CARTESIAN_POINT('Ctrl Pts',(9.005243270601,130.767250586,107.7513144788));
#15055=CARTESIAN_POINT('Ctrl Pts',(9.080915812791,130.647334892,107.7778875826));
#15056=CARTESIAN_POINT('Ctrl Pts',(9.154228703992,130.5276968258,107.7955217879));
#15057=CARTESIAN_POINT('Ctrl Pts',(9.225804005796,130.4073913195,107.8043679401));
#15058=CARTESIAN_POINT('Ctrl Pts',(9.295840253797,130.2860849796,107.8043679401));
#15059=CARTESIAN_POINT('Ctrl Pts',(9.364240227538,130.1639461968,107.7955217879));
#15060=CARTESIAN_POINT('Ctrl Pts',(9.431193386562,130.0406363375,107.7778875826));
#15061=CARTESIAN_POINT('Ctrl Pts',(9.497207152753,129.9151441466,107.7513144788));
#15062=CARTESIAN_POINT('Ctrl Pts',(9.562335843892,129.7872224871,107.7156915051));
#15063=CARTESIAN_POINT('Ctrl Pts',(9.626751577274,129.6563616835,107.6708599963));
#15064=CARTESIAN_POINT('Ctrl Pts',(9.690885198244,129.5214150579,107.6163271232));
#15065=CARTESIAN_POINT('Ctrl Pts',(9.73351159695,129.4283452661,107.5732328441));
#15066=CARTESIAN_POINT('Ctrl Pts',(9.754745836024,129.3810657647,107.55));
#15067=CARTESIAN_POINT('Origin',(11.680431031,131.7437,108.312));
#15068=CARTESIAN_POINT('Origin',(11.680431031,118.2563,107.931));
#15069=CARTESIAN_POINT('',(12.823431031,116.2765659269,108.312));
#15070=CARTESIAN_POINT('',(10.537431031,120.236034073051,108.312));
#15071=CARTESIAN_POINT('Origin',(11.680431031,118.2563,108.312));
#15072=CARTESIAN_POINT('',(10.346931031,120.565989751893,107.931));
#15073=CARTESIAN_POINT('Ctrl Pts',(9.754745836024,120.6189342353,107.55));
#15074=CARTESIAN_POINT('Ctrl Pts',(9.73351159695,120.5716547339,107.5732328441));
#15075=CARTESIAN_POINT('Ctrl Pts',(9.690885198245,120.4785849421,107.6163271232));
#15076=CARTESIAN_POINT('Ctrl Pts',(9.626751577274,120.3436383165,107.6708599963));
#15077=CARTESIAN_POINT('Ctrl Pts',(9.562335843892,120.2127775129,107.7156915051));
#15078=CARTESIAN_POINT('Ctrl Pts',(9.497207152753,120.0848558534,107.7513144788));
#15079=CARTESIAN_POINT('Ctrl Pts',(9.431193386562,119.9593636625,107.7778875826));
#15080=CARTESIAN_POINT('Ctrl Pts',(9.364240227538,119.8360538032,107.7955217879));
#15081=CARTESIAN_POINT('Ctrl Pts',(9.295840253797,119.7139150204,107.8043679401));
#15082=CARTESIAN_POINT('Ctrl Pts',(9.225804005796,119.5926086805,107.8043679401));
#15083=CARTESIAN_POINT('Ctrl Pts',(9.154228703992,119.4723031742,107.7955217879));
#15084=CARTESIAN_POINT('Ctrl Pts',(9.080915812791,119.352665108,107.7778875826));
#15085=CARTESIAN_POINT('Ctrl Pts',(9.005243270601,119.232749414,107.7513144788));
#15086=CARTESIAN_POINT('Ctrl Pts',(8.927024209301,119.1123854832,107.7156915051));
#15087=CARTESIAN_POINT('Ctrl Pts',(8.845903295713,118.9911694199,107.6708599963));
#15088=CARTESIAN_POINT('Ctrl Pts',(8.761102900342,118.8681547621,107.6163271232));
#15089=CARTESIAN_POINT('Ctrl Pts',(8.701815295687,118.7847043221,107.5732328441));
#15090=CARTESIAN_POINT('Ctrl Pts',(8.671487165887,118.7426751809,107.55));
#15091=CARTESIAN_POINT('Origin',(11.680431031,118.2563,108.312));
#15092=CARTESIAN_POINT('Origin',(0.,111.5126,107.931));
#15093=CARTESIAN_POINT('',(1.143,109.5328659269,108.312));
#15094=CARTESIAN_POINT('',(-1.14300000000004,113.492334073051,108.312));
#15095=CARTESIAN_POINT('Origin',(0.,111.5126,108.312));
#15096=CARTESIAN_POINT('',(-1.33350000000004,113.822289751893,107.931));
#15097=CARTESIAN_POINT('Ctrl Pts',(1.083258670137,114.3616094162,107.55));
#15098=CARTESIAN_POINT('Ctrl Pts',(1.031696301263,114.3563590559,107.5732328441));
#15099=CARTESIAN_POINT('Ctrl Pts',(0.9297822979022,114.3467397042,107.6163271232));
#15100=CARTESIAN_POINT('Ctrl Pts',(0.7808482815606,114.3348077364,107.6708599963));
#15101=CARTESIAN_POINT('Ctrl Pts',(0.6353116345913,114.3251629961,107.7156915051));
#15102=CARTESIAN_POINT('Ctrl Pts',(0.491963882152,114.3176052674,107.7513144788));
#15103=CARTESIAN_POINT('Ctrl Pts',(0.3502775737716,114.3120287705,107.7778875826));
#15104=CARTESIAN_POINT('Ctrl Pts',(0.2100115235462,114.3083569774,107.7955217879));
#15105=CARTESIAN_POINT('Ctrl Pts',(0.07003624800063,114.3065237009,107.8043679401));
#15106=CARTESIAN_POINT('Ctrl Pts',(-0.07003624800063,114.3065237009,107.8043679401));
#15107=CARTESIAN_POINT('Ctrl Pts',(-0.2100115235462,114.3083569774,107.7955217879));
#15108=CARTESIAN_POINT('Ctrl Pts',(-0.3502775737716,114.3120287705,107.7778875826));
#15109=CARTESIAN_POINT('Ctrl Pts',(-0.491963882152,114.3176052674,107.7513144788));
#15110=CARTESIAN_POINT('Ctrl Pts',(-0.6353116345913,114.3251629961,107.7156915051));
#15111=CARTESIAN_POINT('Ctrl Pts',(-0.7808482815605,114.3348077364,107.6708599963));
#15112=CARTESIAN_POINT('Ctrl Pts',(-0.9297822979022,114.3467397042,107.6163271232));
#15113=CARTESIAN_POINT('Ctrl Pts',(-1.031696301263,114.3563590559,107.5732328441));
#15114=CARTESIAN_POINT('Ctrl Pts',(-1.083258670137,114.3616094162,107.55));
#15115=CARTESIAN_POINT('Origin',(0.,111.5126,108.312));
#15116=CARTESIAN_POINT('Origin',(57.1,105.4,-93.35));
#15117=CARTESIAN_POINT('',(57.1,104.,-93.35));
#15118=CARTESIAN_POINT('Origin',(57.1,104.,-93.35));
#15119=CARTESIAN_POINT('',(27.4,104.,-93.35));
#15120=CARTESIAN_POINT('Origin',(27.4,101.1,-93.35));
#15121=CARTESIAN_POINT('',(24.5,101.1,-93.35));
#15122=CARTESIAN_POINT('Origin',(24.5,101.1,-93.35));
#15123=CARTESIAN_POINT('',(24.5,2.9,-93.35));
#15124=CARTESIAN_POINT('Origin',(23.1,2.9,-93.35));
#15125=CARTESIAN_POINT('',(23.1,1.5,-93.35));
#15126=CARTESIAN_POINT('Origin',(23.1,1.5,-93.35));
#15127=CARTESIAN_POINT('',(-23.1,1.5,-93.35));
#15128=CARTESIAN_POINT('Origin',(-23.1,2.9,-93.35));
#15129=CARTESIAN_POINT('',(-24.5,2.9,-93.35));
#15130=CARTESIAN_POINT('Origin',(-24.5,2.9,-93.35));
#15131=CARTESIAN_POINT('',(-24.5,101.1,-93.35));
#15132=CARTESIAN_POINT('Origin',(-27.4,101.1,-93.35));
#15133=CARTESIAN_POINT('',(-27.4,104.,-93.35));
#15134=CARTESIAN_POINT('Origin',(-27.4,104.,-93.35));
#15135=CARTESIAN_POINT('',(-57.1,104.,-93.35));
#15136=CARTESIAN_POINT('Origin',(-57.1,105.4,-93.35));
#15137=CARTESIAN_POINT('Origin',(0.,125.,93.35));
#15138=CARTESIAN_POINT('',(-8.65,125.,94.85));
#15139=CARTESIAN_POINT('',(-8.65,125.,93.35));
#15140=CARTESIAN_POINT('Origin',(0.,125.,94.85));
#15141=CARTESIAN_POINT('Origin',(0.,-16.895,-84.33));
#15142=CARTESIAN_POINT('',(2.945873412263,-1.2,-84.33));
#15143=CARTESIAN_POINT('',(-2.945873412263,-1.2,-84.33));
#15144=CARTESIAN_POINT('Origin',(0.,-1.2,-84.33));
#15145=CARTESIAN_POINT('Origin',(0.,-1.2,-84.33));
#15146=CARTESIAN_POINT('',(-2.945873412263,-16.895,-84.33));
#15147=CARTESIAN_POINT('Origin',(0.,-16.895,84.33));
#15148=CARTESIAN_POINT('',(2.945873412263,-1.2,84.33));
#15149=CARTESIAN_POINT('',(-2.945873412263,-1.2,84.33));
#15150=CARTESIAN_POINT('Origin',(0.,-1.2,84.33));
#15151=CARTESIAN_POINT('Origin',(0.,-1.2,84.33));
#15152=CARTESIAN_POINT('',(-2.945873412263,-16.895,84.33));
#15153=CARTESIAN_POINT('Origin',(0.,-22.2,-84.33));
#15154=CARTESIAN_POINT('',(1.443375672974,-22.2,-86.83));
#15155=CARTESIAN_POINT('',(2.886751345948,-22.2,-84.33));
#15156=CARTESIAN_POINT('',(1.443375672974,-22.2,-86.83));
#15157=CARTESIAN_POINT('',(-1.443375672974,-22.2,-86.83));
#15158=CARTESIAN_POINT('',(-1.443375672974,-22.2,-86.83));
#15159=CARTESIAN_POINT('',(-2.886751345948,-22.2,-84.33));
#15160=CARTESIAN_POINT('',(-2.886751345948,-22.2,-84.33));
#15161=CARTESIAN_POINT('',(-1.443375672974,-22.2,-81.83));
#15162=CARTESIAN_POINT('',(-1.443375672974,-22.2,-81.83));
#15163=CARTESIAN_POINT('',(1.443375672974,-22.2,-81.83));
#15164=CARTESIAN_POINT('',(1.443375672974,-22.2,-81.83));
#15165=CARTESIAN_POINT('',(2.886751345948,-22.2,-84.33));
#15166=CARTESIAN_POINT('Origin',(0.,-22.2,84.33));
#15167=CARTESIAN_POINT('',(1.443375672974,-22.2,81.83));
#15168=CARTESIAN_POINT('',(2.886751345948,-22.2,84.33));
#15169=CARTESIAN_POINT('',(1.443375672974,-22.2,81.83));
#15170=CARTESIAN_POINT('',(-1.443375672974,-22.2,81.83));
#15171=CARTESIAN_POINT('',(-1.443375672974,-22.2,81.83));
#15172=CARTESIAN_POINT('',(-2.886751345948,-22.2,84.33));
#15173=CARTESIAN_POINT('',(-2.886751345948,-22.2,84.33));
#15174=CARTESIAN_POINT('',(-1.443375672974,-22.2,86.83));
#15175=CARTESIAN_POINT('',(-1.443375672974,-22.2,86.83));
#15176=CARTESIAN_POINT('',(1.443375672974,-22.2,86.83));
#15177=CARTESIAN_POINT('',(1.443375672974,-22.2,86.83));
#15178=CARTESIAN_POINT('',(2.886751345948,-22.2,84.33));
#15179=CARTESIAN_POINT('Origin',(0.,125.,114.789));
#15180=CARTESIAN_POINT('',(8.44550000000028,110.371964904677,114.408));
#15181=CARTESIAN_POINT('',(8.44550000000028,110.371964904677,114.789));
#15182=CARTESIAN_POINT('Origin',(0.,125.,114.408));
#15183=CARTESIAN_POINT('Origin',(0.,125.,106.264447745));
#15184=CARTESIAN_POINT('',(10.6934,125.,106.325664519));
#15185=CARTESIAN_POINT('',(-10.6934000000045,125.,106.325664519012));
#15186=CARTESIAN_POINT('Origin',(0.,125.,106.325664519));
#15187=CARTESIAN_POINT('',(10.6934,125.,108.723535481));
#15188=CARTESIAN_POINT('',(10.6934,125.,106.264447745));
#15189=CARTESIAN_POINT('',(5.3467,115.7392439472,108.723535481));
#15190=CARTESIAN_POINT('Origin',(0.,125.,108.723535481));
#15191=CARTESIAN_POINT('Origin',(0.,125.,108.723535481));
#15192=CARTESIAN_POINT('Origin',(0.,125.,106.325664519));
#15193=CARTESIAN_POINT('Origin',(-11.680431031,131.7437,107.3595));
#15194=CARTESIAN_POINT('',(-13.864831031,131.7437,107.169));
#15195=CARTESIAN_POINT('',(-9.496031031,131.7437,107.169));
#15196=CARTESIAN_POINT('Origin',(-11.680431031,131.7437,107.169));
#15197=CARTESIAN_POINT('',(-9.305531031,131.7437,107.3595));
#15198=CARTESIAN_POINT('Origin',(-11.680431031,131.7437,107.169));
#15199=CARTESIAN_POINT('Origin',(0.,138.4874,107.3595));
#15200=CARTESIAN_POINT('',(-2.1844,138.4874,107.169));
#15201=CARTESIAN_POINT('',(2.1844,138.4874,107.169));
#15202=CARTESIAN_POINT('Origin',(0.,138.4874,107.169));
#15203=CARTESIAN_POINT('',(2.3749,138.4874,107.3595));
#15204=CARTESIAN_POINT('Origin',(0.,138.4874,107.169));
#15205=CARTESIAN_POINT('Origin',(11.680431031,131.7437,107.3595));
#15206=CARTESIAN_POINT('',(9.496031031002,131.7437,107.169));
#15207=CARTESIAN_POINT('',(13.864831031,131.7437,107.169));
#15208=CARTESIAN_POINT('Origin',(11.680431031,131.7437,107.169));
#15209=CARTESIAN_POINT('',(14.055331031,131.7437,107.3595));
#15210=CARTESIAN_POINT('Origin',(11.680431031,131.7437,107.169));
#15211=CARTESIAN_POINT('Origin',(11.680431031,118.2563,107.3595));
#15212=CARTESIAN_POINT('',(9.496031031002,118.2563,107.169));
#15213=CARTESIAN_POINT('',(13.864831031,118.2563,107.169));
#15214=CARTESIAN_POINT('Origin',(11.680431031,118.2563,107.169));
#15215=CARTESIAN_POINT('',(14.055331031,118.2563,107.3595));
#15216=CARTESIAN_POINT('Origin',(11.680431031,118.2563,107.169));
#15217=CARTESIAN_POINT('Origin',(0.,111.5126,107.3595));
#15218=CARTESIAN_POINT('',(-2.1844,111.5126,107.169));
#15219=CARTESIAN_POINT('',(2.1844,111.5126,107.169));
#15220=CARTESIAN_POINT('Origin',(0.,111.5126,107.169));
#15221=CARTESIAN_POINT('',(2.3749,111.5126,107.3595));
#15222=CARTESIAN_POINT('Origin',(0.,111.5126,107.169));
#15223=CARTESIAN_POINT('Origin',(-11.680431031,118.2563,107.3595));
#15224=CARTESIAN_POINT('',(-13.864831031,118.2563,107.169));
#15225=CARTESIAN_POINT('',(-9.496031031,118.2563,107.169));
#15226=CARTESIAN_POINT('Origin',(-11.680431031,118.2563,107.169));
#15227=CARTESIAN_POINT('',(-9.305531031,118.2563,107.3595));
#15228=CARTESIAN_POINT('Origin',(-11.680431031,118.2563,107.169));
#15229=CARTESIAN_POINT('Origin',(-11.680431031,118.2563,107.18805));
#15230=CARTESIAN_POINT('',(-10.537431031,116.2765659269,114.027));
#15231=CARTESIAN_POINT('',(-10.537431031,116.276565926949,107.18805));
#15232=CARTESIAN_POINT('Origin',(-11.680431031,118.2563,114.027));
#15233=CARTESIAN_POINT('Origin',(-11.680431031,131.7437,107.18805));
#15234=CARTESIAN_POINT('',(-10.537431031,129.7639659269,114.027));
#15235=CARTESIAN_POINT('',(-10.537431031,129.763965926949,107.18805));
#15236=CARTESIAN_POINT('Origin',(-11.680431031,131.7437,114.027));
#15237=CARTESIAN_POINT('Origin',(0.,138.4874,107.18805));
#15238=CARTESIAN_POINT('',(1.143,136.5076659269,114.027));
#15239=CARTESIAN_POINT('',(1.14300000000004,136.507665926949,107.18805));
#15240=CARTESIAN_POINT('Origin',(0.,138.4874,114.027));
#15241=CARTESIAN_POINT('Origin',(11.680431031,131.7437,107.18805));
#15242=CARTESIAN_POINT('',(12.823431031,129.7639659269,114.027));
#15243=CARTESIAN_POINT('',(12.823431031,129.763965926949,107.18805));
#15244=CARTESIAN_POINT('Origin',(11.680431031,131.7437,114.027));
#15245=CARTESIAN_POINT('Origin',(11.680431031,118.2563,107.18805));
#15246=CARTESIAN_POINT('',(12.823431031,116.2765659269,114.027));
#15247=CARTESIAN_POINT('',(12.823431031,116.276565926949,107.18805));
#15248=CARTESIAN_POINT('Origin',(11.680431031,118.2563,114.027));
#15249=CARTESIAN_POINT('Origin',(0.,111.5126,107.18805));
#15250=CARTESIAN_POINT('',(1.143,109.5328659269,114.027));
#15251=CARTESIAN_POINT('',(1.14300000000004,109.532865926949,107.18805));
#15252=CARTESIAN_POINT('Origin',(0.,111.5126,114.027));
#15253=CARTESIAN_POINT('Origin',(0.,125.,94.85));
#15254=CARTESIAN_POINT('',(8.5344,125.,94.85));
#15255=CARTESIAN_POINT('Origin',(0.,125.,94.85));
#15256=CARTESIAN_POINT('Origin',(0.,-0.6999999999999,-84.33));
#15257=CARTESIAN_POINT('',(2.350480947162,-0.1999999999999,-84.33));
#15258=CARTESIAN_POINT('',(2.648177179713,-0.6999999999999,-84.33));
#15259=CARTESIAN_POINT('Origin',(0.,-0.1999999999999,-84.33));
#15260=CARTESIAN_POINT('Origin',(0.,-0.6999999999999,84.33));
#15261=CARTESIAN_POINT('',(2.350480947162,-0.1999999999999,84.33));
#15262=CARTESIAN_POINT('',(2.648177179713,-0.6999999999999,84.33));
#15263=CARTESIAN_POINT('Origin',(0.,-0.1999999999999,84.33));
#15264=CARTESIAN_POINT('Origin',(1.443375672974,-22.2,-86.83));
#15265=CARTESIAN_POINT('',(2.886751345948,-19.2,-84.33));
#15266=CARTESIAN_POINT('',(2.886751345948,-22.2,-84.33));
#15267=CARTESIAN_POINT('',(1.443375672974,-19.2,-86.83));
#15268=CARTESIAN_POINT('',(1.443375672974,-19.2,-86.83));
#15269=CARTESIAN_POINT('',(1.443375672974,-22.2,-86.83));
#15270=CARTESIAN_POINT('Origin',(-1.443375672974,-22.2,-86.83));
#15271=CARTESIAN_POINT('',(-1.443375672974,-19.2,-86.83));
#15272=CARTESIAN_POINT('',(-1.443375672974,-19.2,-86.83));
#15273=CARTESIAN_POINT('',(-1.443375672974,-22.2,-86.83));
#15274=CARTESIAN_POINT('Origin',(-2.886751345948,-22.2,-84.33));
#15275=CARTESIAN_POINT('',(-2.886751345948,-19.2,-84.33));
#15276=CARTESIAN_POINT('',(-2.886751345948,-19.2,-84.33));
#15277=CARTESIAN_POINT('',(-2.886751345948,-22.2,-84.33));
#15278=CARTESIAN_POINT('Origin',(-1.443375672974,-22.2,-81.83));
#15279=CARTESIAN_POINT('',(-1.443375672974,-19.2,-81.83));
#15280=CARTESIAN_POINT('',(-1.443375672974,-19.2,-81.83));
#15281=CARTESIAN_POINT('',(-1.443375672974,-22.2,-81.83));
#15282=CARTESIAN_POINT('Origin',(1.443375672974,-22.2,-81.83));
#15283=CARTESIAN_POINT('',(1.443375672974,-19.2,-81.83));
#15284=CARTESIAN_POINT('',(1.443375672974,-19.2,-81.83));
#15285=CARTESIAN_POINT('',(1.443375672974,-22.2,-81.83));
#15286=CARTESIAN_POINT('Origin',(2.886751345948,-22.2,-84.33));
#15287=CARTESIAN_POINT('',(2.886751345948,-19.2,-84.33));
#15288=CARTESIAN_POINT('Origin',(1.443375672974,-22.2,81.83));
#15289=CARTESIAN_POINT('',(2.886751345948,-19.2,84.33));
#15290=CARTESIAN_POINT('',(2.886751345948,-22.2,84.33));
#15291=CARTESIAN_POINT('',(1.443375672974,-19.2,81.83));
#15292=CARTESIAN_POINT('',(1.443375672974,-19.2,81.83));
#15293=CARTESIAN_POINT('',(1.443375672974,-22.2,81.83));
#15294=CARTESIAN_POINT('Origin',(-1.443375672974,-22.2,81.83));
#15295=CARTESIAN_POINT('',(-1.443375672974,-19.2,81.83));
#15296=CARTESIAN_POINT('',(-1.443375672974,-19.2,81.83));
#15297=CARTESIAN_POINT('',(-1.443375672974,-22.2,81.83));
#15298=CARTESIAN_POINT('Origin',(-2.886751345948,-22.2,84.33));
#15299=CARTESIAN_POINT('',(-2.886751345948,-19.2,84.33));
#15300=CARTESIAN_POINT('',(-2.886751345948,-19.2,84.33));
#15301=CARTESIAN_POINT('',(-2.886751345948,-22.2,84.33));
#15302=CARTESIAN_POINT('Origin',(-1.443375672974,-22.2,86.83));
#15303=CARTESIAN_POINT('',(-1.443375672974,-19.2,86.83));
#15304=CARTESIAN_POINT('',(-1.443375672974,-19.2,86.83));
#15305=CARTESIAN_POINT('',(-1.443375672974,-22.2,86.83));
#15306=CARTESIAN_POINT('Origin',(1.443375672974,-22.2,86.83));
#15307=CARTESIAN_POINT('',(1.443375672974,-19.2,86.83));
#15308=CARTESIAN_POINT('',(1.443375672974,-19.2,86.83));
#15309=CARTESIAN_POINT('',(1.443375672974,-22.2,86.83));
#15310=CARTESIAN_POINT('Origin',(2.886751345948,-22.2,84.33));
#15311=CARTESIAN_POINT('',(2.886751345948,-19.2,84.33));
#15312=CARTESIAN_POINT('Origin',(0.,125.,114.5985));
#15313=CARTESIAN_POINT('',(8.25499999999942,110.701920583521,114.789000000002));
#15314=CARTESIAN_POINT('',(8.35025000000028,110.536942744098,114.5985));
#15315=CARTESIAN_POINT('',(1.948949237484,108.6054369723,114.789));
#15316=CARTESIAN_POINT('Origin',(0.,125.,114.789));
#15317=CARTESIAN_POINT('',(0.4344146778127,108.4957161959,114.789));
#15318=CARTESIAN_POINT('Origin',(0.,125.,114.789));
#15319=CARTESIAN_POINT('',(-0.4344146778252,108.4957161959,114.789));
#15320=CARTESIAN_POINT('Ctrl Pts',(0.43441467781632,108.495716195857,114.789));
#15321=CARTESIAN_POINT('Ctrl Pts',(0.351791122718892,108.488704245601,114.784164486252));
#15322=CARTESIAN_POINT('Ctrl Pts',(0.269032966512393,108.483689956912,114.780706580676));
#15323=CARTESIAN_POINT('Ctrl Pts',(-0.0195972412426099,108.473204507092,
114.77347570554));
#15324=CARTESIAN_POINT('Ctrl Pts',(-0.227184755353291,108.478129372024,
114.776871943565));
#15325=CARTESIAN_POINT('Ctrl Pts',(-0.434414677828684,108.495716195858,
114.789000000001));
#15326=CARTESIAN_POINT('',(-1.948949237484,108.6054369723,114.789));
#15327=CARTESIAN_POINT('Origin',(0.,125.,114.789));
#15328=CARTESIAN_POINT('',(-13.2236334472,115.1148789358,114.789));
#15329=CARTESIAN_POINT('Origin',(0.,125.,114.789));
#15330=CARTESIAN_POINT('',(-14.07592170676,116.3716439512,114.789));
#15331=CARTESIAN_POINT('Origin',(0.,125.,114.789));
#15332=CARTESIAN_POINT('',(-14.51033638456,117.1240722447,114.789));
#15333=CARTESIAN_POINT('Ctrl Pts',(-14.0759217067683,116.371643951194,114.788999999999));
#15334=CARTESIAN_POINT('Ctrl Pts',(-14.1291489189964,116.448083014521,114.783568224253));
#15335=CARTESIAN_POINT('Ctrl Pts',(-14.1804136858831,116.526130526615,114.77986306183));
#15336=CARTESIAN_POINT('Ctrl Pts',(-14.3331565530554,116.773130411295,114.773808792321));
#15337=CARTESIAN_POINT('Ctrl Pts',(-14.4271831284302,116.946954701888,114.777589748433));
#15338=CARTESIAN_POINT('Ctrl Pts',(-14.5103363845644,117.124072244698,114.789000000001));
#15339=CARTESIAN_POINT('',(-15.17258268469,118.4905580365,114.789));
#15340=CARTESIAN_POINT('Origin',(0.,125.,114.789));
#15341=CARTESIAN_POINT('',(-15.17258268469,131.5094419635,114.789));
#15342=CARTESIAN_POINT('Origin',(0.,125.,114.789));
#15343=CARTESIAN_POINT('',(-14.51033638457,132.8759277553,114.789));
#15344=CARTESIAN_POINT('Origin',(0.,125.,114.789));
#15345=CARTESIAN_POINT('',(-14.07592170675,133.6283560488,114.789));
#15346=CARTESIAN_POINT('Ctrl Pts',(-14.5103363845662,132.875927755298,114.789000000002));
#15347=CARTESIAN_POINT('Ctrl Pts',(-14.3981990609164,133.114781747861,114.773612568017));
#15348=CARTESIAN_POINT('Ctrl Pts',(-14.2635511369543,133.352522940956,114.772052618423));
#15349=CARTESIAN_POINT('Ctrl Pts',(-14.0994658159821,133.594326643376,114.786672500127));
#15350=CARTESIAN_POINT('Ctrl Pts',(-14.0877428402027,133.611379838154,114.787793666937));
#15351=CARTESIAN_POINT('Ctrl Pts',(-14.0759217067651,133.628356048811,114.788999999999));
#15352=CARTESIAN_POINT('',(-13.2236334472,134.8851210642,114.789));
#15353=CARTESIAN_POINT('Origin',(0.,125.,114.789));
#15354=CARTESIAN_POINT('',(-1.948949237484,141.3945630277,114.789));
#15355=CARTESIAN_POINT('Origin',(0.,125.,114.789));
#15356=CARTESIAN_POINT('',(-0.434414677813,141.5042838041,114.789));
#15357=CARTESIAN_POINT('Origin',(0.,125.,114.789));
#15358=CARTESIAN_POINT('',(0.4344146778255,141.5042838041,114.789));
#15359=CARTESIAN_POINT('Ctrl Pts',(-0.434414677816616,141.504283804143,
114.789));
#15360=CARTESIAN_POINT('Ctrl Pts',(-0.413802281398443,141.506033100674,
114.787793666938));
#15361=CARTESIAN_POINT('Ctrl Pts',(-0.393172293604311,141.507658898119,
114.786672500127));
#15362=CARTESIAN_POINT('Ctrl Pts',(-0.10172148408075,141.52885910326,114.772052618422));
#15363=CARTESIAN_POINT('Ctrl Pts',(0.171492390648584,141.52659702943,114.773612568016));
#15364=CARTESIAN_POINT('Ctrl Pts',(0.434414677828983,141.504283804142,114.789000000001));
#15365=CARTESIAN_POINT('',(1.948949237484,141.3945630277,114.789));
#15366=CARTESIAN_POINT('Origin',(0.,125.,114.789));
#15367=CARTESIAN_POINT('',(13.2236334472,134.8851210642,114.789));
#15368=CARTESIAN_POINT('Origin',(0.,125.,114.789));
#15369=CARTESIAN_POINT('',(14.07592170676,133.6283560488,114.789));
#15370=CARTESIAN_POINT('Origin',(0.,125.,114.789));
#15371=CARTESIAN_POINT('',(14.51033638456,132.8759277553,114.789));
#15372=CARTESIAN_POINT('Ctrl Pts',(14.0759217067683,133.628356048806,114.788999999999));
#15373=CARTESIAN_POINT('Ctrl Pts',(14.1877361247707,133.467780489411,114.777589467334));
#15374=CARTESIAN_POINT('Ctrl Pts',(14.2912614454129,133.29943457887,114.773808607802));
#15375=CARTESIAN_POINT('Ctrl Pts',(14.4287974613603,133.043655031868,114.779863448913));
#15376=CARTESIAN_POINT('Ctrl Pts',(14.4707538869216,132.96023900235,114.783568507877));
#15377=CARTESIAN_POINT('Ctrl Pts',(14.5103363845644,132.875927755302,114.789000000001));
#15378=CARTESIAN_POINT('',(15.17258268469,131.5094419635,114.789));
#15379=CARTESIAN_POINT('Origin',(0.,125.,114.789));
#15380=CARTESIAN_POINT('',(15.17258268469,118.4905580365,114.789));
#15381=CARTESIAN_POINT('Origin',(0.,125.,114.789));
#15382=CARTESIAN_POINT('',(14.51033638457,117.1240722447,114.789));
#15383=CARTESIAN_POINT('Origin',(0.,125.,114.789));
#15384=CARTESIAN_POINT('',(14.07592170675,116.3716439512,114.789));
#15385=CARTESIAN_POINT('Ctrl Pts',(14.5103363845662,117.124072244702,114.789000000002));
#15386=CARTESIAN_POINT('Ctrl Pts',(14.421897275227,116.93569576418,114.776864426087));
#15387=CARTESIAN_POINT('Ctrl Pts',(14.3222998445486,116.753347961044,114.77347154542));
#15388=CARTESIAN_POINT('Ctrl Pts',(14.1688864162912,116.508642030394,114.780717254769));
#15389=CARTESIAN_POINT('Ctrl Pts',(14.1232327929808,116.439586925543,114.784171958103));
#15390=CARTESIAN_POINT('Ctrl Pts',(14.075921706765,116.371643951189,114.788999999999));
#15391=CARTESIAN_POINT('',(13.2236334472,115.1148789358,114.789));
#15392=CARTESIAN_POINT('Origin',(0.,125.,114.789));
#15393=CARTESIAN_POINT('Origin',(0.,125.,114.789));
#15394=CARTESIAN_POINT('Origin',(0.,125.,108.4415677405));
#15395=CARTESIAN_POINT('',(4.5719999999979,117.081063707799,108.159600000012));
#15396=CARTESIAN_POINT('',(4.95935000000017,116.410153827483,108.4415677405));
#15397=CARTESIAN_POINT('',(-4.572,132.9189362922,108.1596));
#15398=CARTESIAN_POINT('Origin',(0.,125.,108.1596));
#15399=CARTESIAN_POINT('Origin',(0.,125.,108.1596));
#15400=CARTESIAN_POINT('Origin',(0.,125.,106.6076322595));
#15401=CARTESIAN_POINT('',(-9.1439999999955,125.,106.889599999988));
#15402=CARTESIAN_POINT('',(-9.9187,125.,106.6076322595));
#15403=CARTESIAN_POINT('',(9.144,125.,106.8896));
#15404=CARTESIAN_POINT('Origin',(0.,125.,106.8896));
#15405=CARTESIAN_POINT('Origin',(0.,125.,106.8896));
#15406=CARTESIAN_POINT('Origin',(-11.680431031,131.7437,107.931));
#15407=CARTESIAN_POINT('',(-13.864831031,131.7437,100.311));
#15408=CARTESIAN_POINT('',(-13.864831031,131.7437,107.931));
#15409=CARTESIAN_POINT('Origin',(-11.680431031,131.7437,100.311));
#15410=CARTESIAN_POINT('Origin',(0.,138.4874,107.931));
#15411=CARTESIAN_POINT('',(-2.1844,138.4874,100.311));
#15412=CARTESIAN_POINT('',(-2.1844,138.4874,107.931));
#15413=CARTESIAN_POINT('Origin',(0.,138.4874,100.311));
#15414=CARTESIAN_POINT('Origin',(11.680431031,131.7437,107.931));
#15415=CARTESIAN_POINT('',(9.496031031002,131.7437,100.311));
#15416=CARTESIAN_POINT('',(9.496031031,131.7437,107.931));
#15417=CARTESIAN_POINT('Origin',(11.680431031,131.7437,100.311));
#15418=CARTESIAN_POINT('Origin',(11.680431031,118.2563,107.931));
#15419=CARTESIAN_POINT('',(9.496031031002,118.2563,100.311));
#15420=CARTESIAN_POINT('',(9.496031031,118.2563,107.931));
#15421=CARTESIAN_POINT('Origin',(11.680431031,118.2563,100.311));
#15422=CARTESIAN_POINT('Origin',(0.,111.5126,107.931));
#15423=CARTESIAN_POINT('',(-2.1844,111.5126,100.311));
#15424=CARTESIAN_POINT('',(-2.1844,111.5126,107.931));
#15425=CARTESIAN_POINT('Origin',(0.,111.5126,100.311));
#15426=CARTESIAN_POINT('Origin',(-11.680431031,118.2563,107.931));
#15427=CARTESIAN_POINT('',(-13.864831031,118.2563,100.311));
#15428=CARTESIAN_POINT('',(-13.864831031,118.2563,107.931));
#15429=CARTESIAN_POINT('Origin',(-11.680431031,118.2563,100.311));
#15430=CARTESIAN_POINT('Origin',(-11.680431031,118.2563,114.408));
#15431=CARTESIAN_POINT('',(-10.1564310309992,115.616654569264,114.789000000001));
#15432=CARTESIAN_POINT('',(-10.346931031,115.946610248107,114.408));
#15433=CARTESIAN_POINT('Origin',(-11.680431031,118.2563,114.789));
#15434=CARTESIAN_POINT('Origin',(-11.680431031,118.2563,114.789));
#15435=CARTESIAN_POINT('Origin',(-11.680431031,131.7437,114.408));
#15436=CARTESIAN_POINT('',(-10.1564310309991,129.104054569264,114.789000000002));
#15437=CARTESIAN_POINT('',(-10.346931031,129.434010248107,114.408));
#15438=CARTESIAN_POINT('Origin',(-11.680431031,131.7437,114.789));
#15439=CARTESIAN_POINT('Origin',(-11.680431031,131.7437,114.789));
#15440=CARTESIAN_POINT('Origin',(0.,138.4874,114.408));
#15441=CARTESIAN_POINT('',(1.52400000000053,135.847754569264,114.789000000001));
#15442=CARTESIAN_POINT('',(1.33350000000004,136.177710248107,114.408));
#15443=CARTESIAN_POINT('Origin',(0.,138.4874,114.789));
#15444=CARTESIAN_POINT('Origin',(0.,138.4874,114.789));
#15445=CARTESIAN_POINT('Origin',(11.680431031,131.7437,114.408));
#15446=CARTESIAN_POINT('',(13.2044310310008,129.104054569264,114.789000000001));
#15447=CARTESIAN_POINT('',(13.013931031,129.434010248107,114.408));
#15448=CARTESIAN_POINT('Origin',(11.680431031,131.7437,114.789));
#15449=CARTESIAN_POINT('Origin',(11.680431031,131.7437,114.789));
#15450=CARTESIAN_POINT('Origin',(11.680431031,118.2563,114.408));
#15451=CARTESIAN_POINT('',(13.2044310310009,115.616654569264,114.789000000002));
#15452=CARTESIAN_POINT('',(13.013931031,115.946610248107,114.408));
#15453=CARTESIAN_POINT('Origin',(11.680431031,118.2563,114.789));
#15454=CARTESIAN_POINT('Origin',(11.680431031,118.2563,114.789));
#15455=CARTESIAN_POINT('Origin',(0.,111.5126,114.408));
#15456=CARTESIAN_POINT('',(1.52400000000054,108.872954569264,114.789000000001));
#15457=CARTESIAN_POINT('',(1.33350000000004,109.202910248107,114.408));
#15458=CARTESIAN_POINT('Origin',(0.,111.5126,114.789));
#15459=CARTESIAN_POINT('Origin',(0.,111.5126,114.789));
#15460=CARTESIAN_POINT('Origin',(0.,125.,93.2498));
#15461=CARTESIAN_POINT('',(8.5344,125.,93.326));
#15462=CARTESIAN_POINT('',(8.5344,125.,93.2498));
#15463=CARTESIAN_POINT('Origin',(0.,125.,93.326));
#15464=CARTESIAN_POINT('Origin',(0.,-0.1999999999999,-84.33));
#15465=CARTESIAN_POINT('Origin',(0.,-0.1999999999999,84.33));
#15466=CARTESIAN_POINT('Origin',(0.,-19.2,-84.33));
#15467=CARTESIAN_POINT('Origin',(0.,-19.2,84.33));
#15468=CARTESIAN_POINT('Origin',(0.,125.,114.789));
#15469=CARTESIAN_POINT('',(9.93043103099994,121.287388913246,114.789));
#15470=CARTESIAN_POINT('Origin',(11.680431031,118.2563,114.789));
#15471=CARTESIAN_POINT('',(9.93043103099994,134.774788913245,114.789));
#15472=CARTESIAN_POINT('Origin',(11.680431031,131.7437,114.789));
#15473=CARTESIAN_POINT('Origin',(11.680431031,131.7437,114.789));
#15474=CARTESIAN_POINT('Origin',(0.,138.4874,114.789));
#15475=CARTESIAN_POINT('Origin',(-11.680431031,131.7437,114.789));
#15476=CARTESIAN_POINT('',(-13.4304310310001,121.287388913246,114.789));
#15477=CARTESIAN_POINT('Origin',(-11.680431031,118.2563,114.789));
#15478=CARTESIAN_POINT('Origin',(-11.680431031,118.2563,114.789));
#15479=CARTESIAN_POINT('',(-1.75000000000006,114.543688913246,114.789));
#15480=CARTESIAN_POINT('Origin',(0.,111.5126,114.789));
#15481=CARTESIAN_POINT('Origin',(0.,111.5126,114.789));
#15482=CARTESIAN_POINT('Origin',(11.680431031,118.2563,114.789));
#15483=CARTESIAN_POINT('',(-3.23850000000011,130.609246540312,114.789));
#15484=CARTESIAN_POINT('Origin',(0.,125.,114.789));
#15485=CARTESIAN_POINT('Origin',(0.,138.4874,114.789));
#15486=CARTESIAN_POINT('',(-1.75000000000006,141.518488913246,114.789));
#15487=CARTESIAN_POINT('Origin',(0.,138.4874,114.789));
#15488=CARTESIAN_POINT('Origin',(0.,138.4874,114.789));
#15489=CARTESIAN_POINT('',(-1.,140.2194508076,114.789));
#15490=CARTESIAN_POINT('Origin',(0.,138.4874,114.789));
#15491=CARTESIAN_POINT('Origin',(11.680431031,131.7437,114.789));
#15492=CARTESIAN_POINT('Origin',(11.680431031,131.7437,114.789));
#15493=CARTESIAN_POINT('',(10.680431031,133.4757508076,114.789));
#15494=CARTESIAN_POINT('Origin',(11.680431031,131.7437,114.789));
#15495=CARTESIAN_POINT('Origin',(11.680431031,118.2563,114.789));
#15496=CARTESIAN_POINT('Origin',(11.680431031,118.2563,114.789));
#15497=CARTESIAN_POINT('',(10.680431031,119.9883508076,114.789));
#15498=CARTESIAN_POINT('Origin',(11.680431031,118.2563,114.789));
#15499=CARTESIAN_POINT('Origin',(0.,111.5126,114.789));
#15500=CARTESIAN_POINT('Origin',(0.,111.5126,114.789));
#15501=CARTESIAN_POINT('',(-1.,113.2446508076,114.789));
#15502=CARTESIAN_POINT('Origin',(0.,111.5126,114.789));
#15503=CARTESIAN_POINT('Origin',(-11.680431031,118.2563,114.789));
#15504=CARTESIAN_POINT('Origin',(-11.680431031,118.2563,114.789));
#15505=CARTESIAN_POINT('',(-12.680431031,119.9883508076,114.789));
#15506=CARTESIAN_POINT('Origin',(-11.680431031,118.2563,114.789));
#15507=CARTESIAN_POINT('Origin',(-11.680431031,131.7437,114.789));
#15508=CARTESIAN_POINT('',(-13.4304310310001,134.774788913245,114.789));
#15509=CARTESIAN_POINT('Origin',(-11.680431031,131.7437,114.789));
#15510=CARTESIAN_POINT('Origin',(-11.680431031,131.7437,114.789));
#15511=CARTESIAN_POINT('',(-12.680431031,133.4757508076,114.789));
#15512=CARTESIAN_POINT('Origin',(-11.680431031,131.7437,114.789));
#15513=CARTESIAN_POINT('Origin',(-11.680431031,131.7437,114.589));
#15514=CARTESIAN_POINT('',(-14.7115199442456,129.9937,118.4389984232));
#15515=CARTESIAN_POINT('',(-13.4304310310001,134.774788913245,118.4389984232));
#15516=CARTESIAN_POINT('Origin',(-11.680431031,131.7437,118.4389984232));
#15517=CARTESIAN_POINT('Origin',(-11.680431031,131.7437,118.4389984232));
#15518=CARTESIAN_POINT('',(-13.4304310310001,134.774788913245,114.589));
#15519=CARTESIAN_POINT('Origin',(0.,138.4874,114.589));
#15520=CARTESIAN_POINT('',(-3.03108891324561,136.7374,118.4389984232));
#15521=CARTESIAN_POINT('',(-1.75000000000006,141.518488913246,118.4389984232));
#15522=CARTESIAN_POINT('Origin',(0.,138.4874,118.4389984232));
#15523=CARTESIAN_POINT('Origin',(0.,138.4874,118.4389984232));
#15524=CARTESIAN_POINT('',(-1.75000000000006,141.518488913246,114.589));
#15525=CARTESIAN_POINT('Origin',(11.680431031,131.7437,114.589));
#15526=CARTESIAN_POINT('',(8.6493421177544,129.9937,118.4389984232));
#15527=CARTESIAN_POINT('',(9.93043103099994,134.774788913245,118.4389984232));
#15528=CARTESIAN_POINT('Origin',(11.680431031,131.7437,118.4389984232));
#15529=CARTESIAN_POINT('Origin',(11.680431031,131.7437,118.4389984232));
#15530=CARTESIAN_POINT('',(9.93043103099994,134.774788913245,114.589));
#15531=CARTESIAN_POINT('Origin',(11.680431031,118.2563,114.589));
#15532=CARTESIAN_POINT('',(8.6493421177544,116.5063,118.4389984232));
#15533=CARTESIAN_POINT('',(9.93043103099994,121.287388913246,118.4389984232));
#15534=CARTESIAN_POINT('Origin',(11.680431031,118.2563,118.4389984232));
#15535=CARTESIAN_POINT('Origin',(11.680431031,118.2563,118.4389984232));
#15536=CARTESIAN_POINT('',(9.93043103099994,121.287388913246,114.589));
#15537=CARTESIAN_POINT('Origin',(0.,111.5126,114.589));
#15538=CARTESIAN_POINT('',(-3.03108891324561,109.7626,118.4389984232));
#15539=CARTESIAN_POINT('',(-1.75000000000006,114.543688913246,118.4389984232));
#15540=CARTESIAN_POINT('Origin',(0.,111.5126,118.4389984232));
#15541=CARTESIAN_POINT('Origin',(0.,111.5126,118.4389984232));
#15542=CARTESIAN_POINT('',(-1.75000000000006,114.543688913246,114.589));
#15543=CARTESIAN_POINT('Origin',(-11.680431031,118.2563,114.589));
#15544=CARTESIAN_POINT('',(-14.7115199442456,116.5063,118.4389984232));
#15545=CARTESIAN_POINT('',(-13.4304310310001,121.287388913246,118.4389984232));
#15546=CARTESIAN_POINT('Origin',(-11.680431031,118.2563,118.4389984232));
#15547=CARTESIAN_POINT('Origin',(-11.680431031,118.2563,118.4389984232));
#15548=CARTESIAN_POINT('',(-13.4304310310001,121.287388913246,114.589));
#15549=CARTESIAN_POINT('Origin',(0.,125.,108.4136));
#15550=CARTESIAN_POINT('',(-4.549777879464,132.8804464504,108.6676));
#15551=CARTESIAN_POINT('Origin',(0.,125.,108.6676));
#15552=CARTESIAN_POINT('',(-4.56088893973215,132.899691371295,108.4136));
#15553=CARTESIAN_POINT('Origin',(0.,125.,106.6356));
#15554=CARTESIAN_POINT('',(9.099555758929,125.,106.3816));
#15555=CARTESIAN_POINT('Origin',(0.,125.,106.3816));
#15556=CARTESIAN_POINT('',(9.121777879464,125.,106.6356));
#15557=CARTESIAN_POINT('Origin',(-11.680431031,131.7437,100.1205));
#15558=CARTESIAN_POINT('',(-14.245831031,131.7437,99.93));
#15559=CARTESIAN_POINT('',(-14.055331031,131.7437,100.1205));
#15560=CARTESIAN_POINT('Origin',(-11.680431031,131.7437,99.93));
#15561=CARTESIAN_POINT('Origin',(0.,138.4874,100.1205));
#15562=CARTESIAN_POINT('',(-2.5654,138.4874,99.93));
#15563=CARTESIAN_POINT('',(-2.3749,138.4874,100.1205));
#15564=CARTESIAN_POINT('Origin',(0.,138.4874,99.93));
#15565=CARTESIAN_POINT('Origin',(11.680431031,131.7437,100.1205));
#15566=CARTESIAN_POINT('',(9.115031031,131.7437,99.93));
#15567=CARTESIAN_POINT('',(9.305531031,131.7437,100.1205));
#15568=CARTESIAN_POINT('Origin',(11.680431031,131.7437,99.93));
#15569=CARTESIAN_POINT('Origin',(11.680431031,118.2563,100.1205));
#15570=CARTESIAN_POINT('',(9.115031031,118.2563,99.93));
#15571=CARTESIAN_POINT('',(9.305531031,118.2563,100.1205));
#15572=CARTESIAN_POINT('Origin',(11.680431031,118.2563,99.93));
#15573=CARTESIAN_POINT('Origin',(0.,111.5126,100.1205));
#15574=CARTESIAN_POINT('',(-2.5654,111.5126,99.93));
#15575=CARTESIAN_POINT('',(-2.3749,111.5126,100.1205));
#15576=CARTESIAN_POINT('Origin',(0.,111.5126,99.93));
#15577=CARTESIAN_POINT('Origin',(-11.680431031,118.2563,100.1205));
#15578=CARTESIAN_POINT('',(-14.245831031,118.2563,99.93));
#15579=CARTESIAN_POINT('',(-14.055331031,118.2563,100.1205));
#15580=CARTESIAN_POINT('Origin',(-11.680431031,118.2563,99.93));
#15581=CARTESIAN_POINT('Origin',(0.,125.,93.326));
#15582=CARTESIAN_POINT('',(7.9375,125.,93.326));
#15583=CARTESIAN_POINT('Origin',(0.,125.,93.326));
#15584=CARTESIAN_POINT('Origin',(0.,125.,108.6676));
#15585=CARTESIAN_POINT('',(-3.23850000000011,130.609246540312,108.6676));
#15586=CARTESIAN_POINT('Origin',(0.,125.,108.6676));
#15587=CARTESIAN_POINT('',(-3.23850000000011,130.609246540312,108.6676));
#15588=CARTESIAN_POINT('Origin',(0.,138.4874,114.7155));
#15589=CARTESIAN_POINT('',(-1.,140.2194508076,114.719));
#15590=CARTESIAN_POINT('',(-1.00000000000003,140.219450807569,114.7155));
#15591=CARTESIAN_POINT('Origin',(0.,138.4874,114.719));
#15592=CARTESIAN_POINT('Origin',(11.680431031,131.7437,114.7155));
#15593=CARTESIAN_POINT('',(10.680431031,133.4757508076,114.719));
#15594=CARTESIAN_POINT('',(10.680431031,133.475750807569,114.7155));
#15595=CARTESIAN_POINT('Origin',(11.680431031,131.7437,114.719));
#15596=CARTESIAN_POINT('Origin',(11.680431031,118.2563,114.7155));
#15597=CARTESIAN_POINT('',(10.680431031,119.9883508076,114.719));
#15598=CARTESIAN_POINT('',(10.680431031,119.988350807569,114.7155));
#15599=CARTESIAN_POINT('Origin',(11.680431031,118.2563,114.719));
#15600=CARTESIAN_POINT('Origin',(0.,111.5126,114.7155));
#15601=CARTESIAN_POINT('',(-1.,113.2446508076,114.719));
#15602=CARTESIAN_POINT('',(-1.00000000000003,113.244650807569,114.7155));
#15603=CARTESIAN_POINT('Origin',(0.,111.5126,114.719));
#15604=CARTESIAN_POINT('Origin',(-11.680431031,118.2563,114.7155));
#15605=CARTESIAN_POINT('',(-12.680431031,119.9883508076,114.719));
#15606=CARTESIAN_POINT('',(-12.680431031,119.988350807569,114.7155));
#15607=CARTESIAN_POINT('Origin',(-11.680431031,118.2563,114.719));
#15608=CARTESIAN_POINT('Origin',(-11.680431031,131.7437,114.7155));
#15609=CARTESIAN_POINT('',(-12.680431031,133.4757508076,114.719));
#15610=CARTESIAN_POINT('',(-12.680431031,133.475750807569,114.7155));
#15611=CARTESIAN_POINT('Origin',(-11.680431031,131.7437,114.719));
#15612=CARTESIAN_POINT('Origin',(-11.680431031,131.7437,118.6139992078));
#15613=CARTESIAN_POINT('',(-14.4084098239178,130.168700709565,118.789000000014));
#15614=CARTESIAN_POINT('',(-14.5599648873789,130.081200352879,118.6139992078));
#15615=CARTESIAN_POINT('Origin',(-11.680431031,131.7437,118.789));
#15616=CARTESIAN_POINT('Origin',(0.,138.4874,118.6139992078));
#15617=CARTESIAN_POINT('',(-2.72797879291779,136.912400709565,118.789000000014));
#15618=CARTESIAN_POINT('',(-2.87953385637887,136.824900352879,118.6139992078));
#15619=CARTESIAN_POINT('Origin',(0.,138.4874,118.789));
#15620=CARTESIAN_POINT('Origin',(11.680431031,131.7437,118.6139992078));
#15621=CARTESIAN_POINT('',(8.95245223808221,130.168700709565,118.789000000014));
#15622=CARTESIAN_POINT('',(8.80089717462113,130.081200352879,118.6139992078));
#15623=CARTESIAN_POINT('Origin',(11.680431031,131.7437,118.789));
#15624=CARTESIAN_POINT('Origin',(11.680431031,118.2563,118.6139992078));
#15625=CARTESIAN_POINT('',(8.95245223808221,116.681300709565,118.789000000014));
#15626=CARTESIAN_POINT('',(8.80089717462113,116.593800352879,118.6139992078));
#15627=CARTESIAN_POINT('Origin',(11.680431031,118.2563,118.789));
#15628=CARTESIAN_POINT('Origin',(0.,111.5126,118.6139992078));
#15629=CARTESIAN_POINT('',(-2.72797879291779,109.937600709565,118.789000000014));
#15630=CARTESIAN_POINT('',(-2.87953385637887,109.850100352879,118.6139992078));
#15631=CARTESIAN_POINT('Origin',(0.,111.5126,118.789));
#15632=CARTESIAN_POINT('Origin',(-11.680431031,118.2563,118.6139992078));
#15633=CARTESIAN_POINT('',(-14.4084098239178,116.681300709565,118.789000000014));
#15634=CARTESIAN_POINT('',(-14.5599648873789,116.593800352879,118.6139992078));
#15635=CARTESIAN_POINT('Origin',(-11.680431031,118.2563,118.789));
#15636=CARTESIAN_POINT('Origin',(0.,125.,108.6676));
#15637=CARTESIAN_POINT('Origin',(0.,125.,106.3816));
#15638=CARTESIAN_POINT('',(7.9375,125.,106.3816));
#15639=CARTESIAN_POINT('Origin',(0.,125.,106.3816));
#15640=CARTESIAN_POINT('Origin',(-11.680431031,125.,99.93));
#15641=CARTESIAN_POINT('',(-10.699375336708,130.044461692431,99.93));
#15642=CARTESIAN_POINT('Origin',(-11.680431031,131.7437,99.93));
#15643=CARTESIAN_POINT('Origin',(5.840215515501,135.11555,99.93));
#15644=CARTESIAN_POINT('',(0.981055694292033,136.788161692432,99.93));
#15645=CARTESIAN_POINT('Origin',(0.,138.4874,99.93));
#15646=CARTESIAN_POINT('Origin',(5.840215515501,135.11555,99.93));
#15647=CARTESIAN_POINT('',(12.661486725292,130.044461692431,99.93));
#15648=CARTESIAN_POINT('Origin',(11.680431031,131.7437,99.93));
#15649=CARTESIAN_POINT('Origin',(5.840215515501,114.88445,99.93));
#15650=CARTESIAN_POINT('',(12.661486725292,116.557061692432,99.93));
#15651=CARTESIAN_POINT('Origin',(11.680431031,118.2563,99.93));
#15652=CARTESIAN_POINT('Origin',(5.840215515501,114.88445,99.93));
#15653=CARTESIAN_POINT('',(0.981055694292033,109.813361692432,99.93));
#15654=CARTESIAN_POINT('Origin',(0.,111.5126,99.93));
#15655=CARTESIAN_POINT('Origin',(-11.680431031,125.,99.93));
#15656=CARTESIAN_POINT('',(-10.699375336708,116.557061692432,99.93));
#15657=CARTESIAN_POINT('Origin',(-11.680431031,118.2563,99.93));
#15658=CARTESIAN_POINT('Origin',(0.,125.,106.3816));
#15659=CARTESIAN_POINT('',(7.9375,125.,106.3816));
#15660=CARTESIAN_POINT('Origin',(0.,138.4874,114.719));
#15661=CARTESIAN_POINT('',(0.981055694292033,136.788161692432,114.719));
#15662=CARTESIAN_POINT('Origin',(0.,138.4874,114.719));
#15663=CARTESIAN_POINT('Origin',(11.680431031,131.7437,114.719));
#15664=CARTESIAN_POINT('',(12.661486725292,130.044461692431,114.719));
#15665=CARTESIAN_POINT('Origin',(11.680431031,131.7437,114.719));
#15666=CARTESIAN_POINT('Origin',(11.680431031,118.2563,114.719));
#15667=CARTESIAN_POINT('',(12.661486725292,116.557061692432,114.719));
#15668=CARTESIAN_POINT('Origin',(11.680431031,118.2563,114.719));
#15669=CARTESIAN_POINT('Origin',(0.,111.5126,114.719));
#15670=CARTESIAN_POINT('',(0.981055694292033,109.813361692432,114.719));
#15671=CARTESIAN_POINT('Origin',(0.,111.5126,114.719));
#15672=CARTESIAN_POINT('Origin',(-11.680431031,118.2563,114.719));
#15673=CARTESIAN_POINT('',(-10.699375336708,116.557061692432,114.719));
#15674=CARTESIAN_POINT('Origin',(-11.680431031,118.2563,114.719));
#15675=CARTESIAN_POINT('Origin',(-11.680431031,131.7437,114.719));
#15676=CARTESIAN_POINT('',(-10.699375336708,130.044461692431,114.719));
#15677=CARTESIAN_POINT('Origin',(-11.680431031,131.7437,114.719));
#15678=CARTESIAN_POINT('Origin',(-11.680431031,131.7437,118.789));
#15679=CARTESIAN_POINT('',(-10.81440562722,133.2437,118.789));
#15680=CARTESIAN_POINT('',(-12.54645643479,133.2437,118.789));
#15681=CARTESIAN_POINT('',(-10.81440562722,133.2437,118.789));
#15682=CARTESIAN_POINT('',(-9.948380223433,131.7437,118.789));
#15683=CARTESIAN_POINT('',(-9.948380223433,131.7437,118.789));
#15684=CARTESIAN_POINT('',(-10.81440562722,130.2437,118.789));
#15685=CARTESIAN_POINT('',(-10.81440562722,130.2437,118.789));
#15686=CARTESIAN_POINT('',(-12.54645643479,130.2437,118.789));
#15687=CARTESIAN_POINT('',(-12.54645643479,130.2437,118.789));
#15688=CARTESIAN_POINT('',(-13.41248183857,131.7437,118.789));
#15689=CARTESIAN_POINT('',(-13.41248183857,131.7437,118.789));
#15690=CARTESIAN_POINT('',(-12.54645643479,133.2437,118.789));
#15691=CARTESIAN_POINT('Origin',(0.,138.4874,118.789));
#15692=CARTESIAN_POINT('',(0.8660254037844,139.9874,118.789));
#15693=CARTESIAN_POINT('',(-0.8660254037844,139.9874,118.789));
#15694=CARTESIAN_POINT('',(0.8660254037844,139.9874,118.789));
#15695=CARTESIAN_POINT('',(1.732050807569,138.4874,118.789));
#15696=CARTESIAN_POINT('',(1.732050807569,138.4874,118.789));
#15697=CARTESIAN_POINT('',(0.8660254037844,136.9874,118.789));
#15698=CARTESIAN_POINT('',(0.8660254037844,136.9874,118.789));
#15699=CARTESIAN_POINT('',(-0.8660254037844,136.9874,118.789));
#15700=CARTESIAN_POINT('',(-0.8660254037844,136.9874,118.789));
#15701=CARTESIAN_POINT('',(-1.732050807569,138.4874,118.789));
#15702=CARTESIAN_POINT('',(-1.732050807569,138.4874,118.789));
#15703=CARTESIAN_POINT('',(-0.8660254037844,139.9874,118.789));
#15704=CARTESIAN_POINT('Origin',(11.680431031,131.7437,118.789));
#15705=CARTESIAN_POINT('',(12.54645643479,133.2437,118.789));
#15706=CARTESIAN_POINT('',(10.81440562722,133.2437,118.789));
#15707=CARTESIAN_POINT('',(12.54645643479,133.2437,118.789));
#15708=CARTESIAN_POINT('',(13.41248183857,131.7437,118.789));
#15709=CARTESIAN_POINT('',(13.41248183857,131.7437,118.789));
#15710=CARTESIAN_POINT('',(12.54645643479,130.2437,118.789));
#15711=CARTESIAN_POINT('',(12.54645643479,130.2437,118.789));
#15712=CARTESIAN_POINT('',(10.81440562722,130.2437,118.789));
#15713=CARTESIAN_POINT('',(10.81440562722,130.2437,118.789));
#15714=CARTESIAN_POINT('',(9.948380223433,131.7437,118.789));
#15715=CARTESIAN_POINT('',(9.948380223433,131.7437,118.789));
#15716=CARTESIAN_POINT('',(10.81440562722,133.2437,118.789));
#15717=CARTESIAN_POINT('Origin',(11.680431031,118.2563,118.789));
#15718=CARTESIAN_POINT('',(12.54645643479,119.7563,118.789));
#15719=CARTESIAN_POINT('',(10.81440562722,119.7563,118.789));
#15720=CARTESIAN_POINT('',(12.54645643479,119.7563,118.789));
#15721=CARTESIAN_POINT('',(13.41248183857,118.2563,118.789));
#15722=CARTESIAN_POINT('',(13.41248183857,118.2563,118.789));
#15723=CARTESIAN_POINT('',(12.54645643479,116.7563,118.789));
#15724=CARTESIAN_POINT('',(12.54645643479,116.7563,118.789));
#15725=CARTESIAN_POINT('',(10.81440562722,116.7563,118.789));
#15726=CARTESIAN_POINT('',(10.81440562722,116.7563,118.789));
#15727=CARTESIAN_POINT('',(9.948380223433,118.2563,118.789));
#15728=CARTESIAN_POINT('',(9.948380223433,118.2563,118.789));
#15729=CARTESIAN_POINT('',(10.81440562722,119.7563,118.789));
#15730=CARTESIAN_POINT('Origin',(0.,111.5126,118.789));
#15731=CARTESIAN_POINT('',(0.8660254037844,113.0126,118.789));
#15732=CARTESIAN_POINT('',(-0.8660254037844,113.0126,118.789));
#15733=CARTESIAN_POINT('',(0.8660254037844,113.0126,118.789));
#15734=CARTESIAN_POINT('',(1.732050807569,111.5126,118.789));
#15735=CARTESIAN_POINT('',(1.732050807569,111.5126,118.789));
#15736=CARTESIAN_POINT('',(0.8660254037844,110.0126,118.789));
#15737=CARTESIAN_POINT('',(0.8660254037844,110.0126,118.789));
#15738=CARTESIAN_POINT('',(-0.8660254037844,110.0126,118.789));
#15739=CARTESIAN_POINT('',(-0.8660254037844,110.0126,118.789));
#15740=CARTESIAN_POINT('',(-1.732050807569,111.5126,118.789));
#15741=CARTESIAN_POINT('',(-1.732050807569,111.5126,118.789));
#15742=CARTESIAN_POINT('',(-0.8660254037844,113.0126,118.789));
#15743=CARTESIAN_POINT('Origin',(-11.680431031,118.2563,118.789));
#15744=CARTESIAN_POINT('',(-10.81440562722,119.7563,118.789));
#15745=CARTESIAN_POINT('',(-12.54645643479,119.7563,118.789));
#15746=CARTESIAN_POINT('',(-10.81440562722,119.7563,118.789));
#15747=CARTESIAN_POINT('',(-9.948380223433,118.2563,118.789));
#15748=CARTESIAN_POINT('',(-9.948380223433,118.2563,118.789));
#15749=CARTESIAN_POINT('',(-10.81440562722,116.7563,118.789));
#15750=CARTESIAN_POINT('',(-10.81440562722,116.7563,118.789));
#15751=CARTESIAN_POINT('',(-12.54645643479,116.7563,118.789));
#15752=CARTESIAN_POINT('',(-12.54645643479,116.7563,118.789));
#15753=CARTESIAN_POINT('',(-13.41248183857,118.2563,118.789));
#15754=CARTESIAN_POINT('',(-13.41248183857,118.2563,118.789));
#15755=CARTESIAN_POINT('',(-12.54645643479,119.7563,118.789));
#15756=CARTESIAN_POINT('Origin',(-11.680431031,131.7437,115.7155));
#15757=CARTESIAN_POINT('',(-10.699375336708,130.044461692431,115.7155));
#15758=CARTESIAN_POINT('Origin',(0.,138.4874,115.7155));
#15759=CARTESIAN_POINT('',(0.981055694292033,136.788161692432,115.7155));
#15760=CARTESIAN_POINT('Origin',(11.680431031,131.7437,115.7155));
#15761=CARTESIAN_POINT('',(12.661486725292,130.044461692431,115.7155));
#15762=CARTESIAN_POINT('Origin',(11.680431031,118.2563,115.7155));
#15763=CARTESIAN_POINT('',(12.661486725292,116.557061692432,115.7155));
#15764=CARTESIAN_POINT('Origin',(0.,111.5126,115.7155));
#15765=CARTESIAN_POINT('',(0.981055694292033,109.813361692432,115.7155));
#15766=CARTESIAN_POINT('Origin',(-11.680431031,118.2563,115.7155));
#15767=CARTESIAN_POINT('',(-10.699375336708,116.557061692432,115.7155));
#15768=CARTESIAN_POINT('Origin',(-10.81440562722,133.2437,118.789));
#15769=CARTESIAN_POINT('',(-12.54645643479,133.2437,116.789));
#15770=CARTESIAN_POINT('',(-12.54645643479,133.2437,118.789));
#15771=CARTESIAN_POINT('',(-10.81440562722,133.2437,116.789));
#15772=CARTESIAN_POINT('',(-10.81440562722,133.2437,116.789));
#15773=CARTESIAN_POINT('',(-10.81440562722,133.2437,118.789));
#15774=CARTESIAN_POINT('Origin',(-9.948380223433,131.7437,118.789));
#15775=CARTESIAN_POINT('',(-9.948380223433,131.7437,116.789));
#15776=CARTESIAN_POINT('',(-9.948380223433,131.7437,116.789));
#15777=CARTESIAN_POINT('',(-9.948380223433,131.7437,118.789));
#15778=CARTESIAN_POINT('Origin',(-10.81440562722,130.2437,118.789));
#15779=CARTESIAN_POINT('',(-10.81440562722,130.2437,116.789));
#15780=CARTESIAN_POINT('',(-10.81440562722,130.2437,116.789));
#15781=CARTESIAN_POINT('',(-10.81440562722,130.2437,118.789));
#15782=CARTESIAN_POINT('Origin',(-12.54645643479,130.2437,118.789));
#15783=CARTESIAN_POINT('',(-12.54645643479,130.2437,116.789));
#15784=CARTESIAN_POINT('',(-12.54645643479,130.2437,116.789));
#15785=CARTESIAN_POINT('',(-12.54645643479,130.2437,118.789));
#15786=CARTESIAN_POINT('Origin',(-13.41248183857,131.7437,118.789));
#15787=CARTESIAN_POINT('',(-13.41248183857,131.7437,116.789));
#15788=CARTESIAN_POINT('',(-13.41248183857,131.7437,116.789));
#15789=CARTESIAN_POINT('',(-13.41248183857,131.7437,118.789));
#15790=CARTESIAN_POINT('Origin',(-12.54645643479,133.2437,118.789));
#15791=CARTESIAN_POINT('',(-12.54645643479,133.2437,116.789));
#15792=CARTESIAN_POINT('Origin',(0.8660254037844,139.9874,118.789));
#15793=CARTESIAN_POINT('',(-0.8660254037844,139.9874,116.789));
#15794=CARTESIAN_POINT('',(-0.8660254037844,139.9874,118.789));
#15795=CARTESIAN_POINT('',(0.8660254037844,139.9874,116.789));
#15796=CARTESIAN_POINT('',(0.8660254037844,139.9874,116.789));
#15797=CARTESIAN_POINT('',(0.8660254037844,139.9874,118.789));
#15798=CARTESIAN_POINT('Origin',(1.732050807569,138.4874,118.789));
#15799=CARTESIAN_POINT('',(1.732050807569,138.4874,116.789));
#15800=CARTESIAN_POINT('',(1.732050807569,138.4874,116.789));
#15801=CARTESIAN_POINT('',(1.732050807569,138.4874,118.789));
#15802=CARTESIAN_POINT('Origin',(0.8660254037844,136.9874,118.789));
#15803=CARTESIAN_POINT('',(0.8660254037844,136.9874,116.789));
#15804=CARTESIAN_POINT('',(0.8660254037844,136.9874,116.789));
#15805=CARTESIAN_POINT('',(0.8660254037844,136.9874,118.789));
#15806=CARTESIAN_POINT('Origin',(-0.8660254037844,136.9874,118.789));
#15807=CARTESIAN_POINT('',(-0.8660254037844,136.9874,116.789));
#15808=CARTESIAN_POINT('',(-0.8660254037844,136.9874,116.789));
#15809=CARTESIAN_POINT('',(-0.8660254037844,136.9874,118.789));
#15810=CARTESIAN_POINT('Origin',(-1.732050807569,138.4874,118.789));
#15811=CARTESIAN_POINT('',(-1.732050807569,138.4874,116.789));
#15812=CARTESIAN_POINT('',(-1.732050807569,138.4874,116.789));
#15813=CARTESIAN_POINT('',(-1.732050807569,138.4874,118.789));
#15814=CARTESIAN_POINT('Origin',(-0.8660254037844,139.9874,118.789));
#15815=CARTESIAN_POINT('',(-0.8660254037844,139.9874,116.789));
#15816=CARTESIAN_POINT('Origin',(12.54645643479,133.2437,118.789));
#15817=CARTESIAN_POINT('',(10.81440562722,133.2437,116.789));
#15818=CARTESIAN_POINT('',(10.81440562722,133.2437,118.789));
#15819=CARTESIAN_POINT('',(12.54645643479,133.2437,116.789));
#15820=CARTESIAN_POINT('',(12.54645643479,133.2437,116.789));
#15821=CARTESIAN_POINT('',(12.54645643479,133.2437,118.789));
#15822=CARTESIAN_POINT('Origin',(13.41248183857,131.7437,118.789));
#15823=CARTESIAN_POINT('',(13.41248183857,131.7437,116.789));
#15824=CARTESIAN_POINT('',(13.41248183857,131.7437,116.789));
#15825=CARTESIAN_POINT('',(13.41248183857,131.7437,118.789));
#15826=CARTESIAN_POINT('Origin',(12.54645643479,130.2437,118.789));
#15827=CARTESIAN_POINT('',(12.54645643479,130.2437,116.789));
#15828=CARTESIAN_POINT('',(12.54645643479,130.2437,116.789));
#15829=CARTESIAN_POINT('',(12.54645643479,130.2437,118.789));
#15830=CARTESIAN_POINT('Origin',(10.81440562722,130.2437,118.789));
#15831=CARTESIAN_POINT('',(10.81440562722,130.2437,116.789));
#15832=CARTESIAN_POINT('',(10.81440562722,130.2437,116.789));
#15833=CARTESIAN_POINT('',(10.81440562722,130.2437,118.789));
#15834=CARTESIAN_POINT('Origin',(9.948380223433,131.7437,118.789));
#15835=CARTESIAN_POINT('',(9.948380223433,131.7437,116.789));
#15836=CARTESIAN_POINT('',(9.948380223433,131.7437,116.789));
#15837=CARTESIAN_POINT('',(9.948380223433,131.7437,118.789));
#15838=CARTESIAN_POINT('Origin',(10.81440562722,133.2437,118.789));
#15839=CARTESIAN_POINT('',(10.81440562722,133.2437,116.789));
#15840=CARTESIAN_POINT('Origin',(12.54645643479,119.7563,118.789));
#15841=CARTESIAN_POINT('',(10.81440562722,119.7563,116.789));
#15842=CARTESIAN_POINT('',(10.81440562722,119.7563,118.789));
#15843=CARTESIAN_POINT('',(12.54645643479,119.7563,116.789));
#15844=CARTESIAN_POINT('',(12.54645643479,119.7563,116.789));
#15845=CARTESIAN_POINT('',(12.54645643479,119.7563,118.789));
#15846=CARTESIAN_POINT('Origin',(13.41248183857,118.2563,118.789));
#15847=CARTESIAN_POINT('',(13.41248183857,118.2563,116.789));
#15848=CARTESIAN_POINT('',(13.41248183857,118.2563,116.789));
#15849=CARTESIAN_POINT('',(13.41248183857,118.2563,118.789));
#15850=CARTESIAN_POINT('Origin',(12.54645643479,116.7563,118.789));
#15851=CARTESIAN_POINT('',(12.54645643479,116.7563,116.789));
#15852=CARTESIAN_POINT('',(12.54645643479,116.7563,116.789));
#15853=CARTESIAN_POINT('',(12.54645643479,116.7563,118.789));
#15854=CARTESIAN_POINT('Origin',(10.81440562722,116.7563,118.789));
#15855=CARTESIAN_POINT('',(10.81440562722,116.7563,116.789));
#15856=CARTESIAN_POINT('',(10.81440562722,116.7563,116.789));
#15857=CARTESIAN_POINT('',(10.81440562722,116.7563,118.789));
#15858=CARTESIAN_POINT('Origin',(9.948380223433,118.2563,118.789));
#15859=CARTESIAN_POINT('',(9.948380223433,118.2563,116.789));
#15860=CARTESIAN_POINT('',(9.948380223433,118.2563,116.789));
#15861=CARTESIAN_POINT('',(9.948380223433,118.2563,118.789));
#15862=CARTESIAN_POINT('Origin',(10.81440562722,119.7563,118.789));
#15863=CARTESIAN_POINT('',(10.81440562722,119.7563,116.789));
#15864=CARTESIAN_POINT('Origin',(0.8660254037844,113.0126,118.789));
#15865=CARTESIAN_POINT('',(-0.8660254037844,113.0126,116.789));
#15866=CARTESIAN_POINT('',(-0.8660254037844,113.0126,118.789));
#15867=CARTESIAN_POINT('',(0.8660254037844,113.0126,116.789));
#15868=CARTESIAN_POINT('',(0.8660254037844,113.0126,116.789));
#15869=CARTESIAN_POINT('',(0.8660254037844,113.0126,118.789));
#15870=CARTESIAN_POINT('Origin',(1.732050807569,111.5126,118.789));
#15871=CARTESIAN_POINT('',(1.732050807569,111.5126,116.789));
#15872=CARTESIAN_POINT('',(1.732050807569,111.5126,116.789));
#15873=CARTESIAN_POINT('',(1.732050807569,111.5126,118.789));
#15874=CARTESIAN_POINT('Origin',(0.8660254037844,110.0126,118.789));
#15875=CARTESIAN_POINT('',(0.8660254037844,110.0126,116.789));
#15876=CARTESIAN_POINT('',(0.8660254037844,110.0126,116.789));
#15877=CARTESIAN_POINT('',(0.8660254037844,110.0126,118.789));
#15878=CARTESIAN_POINT('Origin',(-0.8660254037844,110.0126,118.789));
#15879=CARTESIAN_POINT('',(-0.8660254037844,110.0126,116.789));
#15880=CARTESIAN_POINT('',(-0.8660254037844,110.0126,116.789));
#15881=CARTESIAN_POINT('',(-0.8660254037844,110.0126,118.789));
#15882=CARTESIAN_POINT('Origin',(-1.732050807569,111.5126,118.789));
#15883=CARTESIAN_POINT('',(-1.732050807569,111.5126,116.789));
#15884=CARTESIAN_POINT('',(-1.732050807569,111.5126,116.789));
#15885=CARTESIAN_POINT('',(-1.732050807569,111.5126,118.789));
#15886=CARTESIAN_POINT('Origin',(-0.8660254037844,113.0126,118.789));
#15887=CARTESIAN_POINT('',(-0.8660254037844,113.0126,116.789));
#15888=CARTESIAN_POINT('Origin',(-10.81440562722,119.7563,118.789));
#15889=CARTESIAN_POINT('',(-12.54645643479,119.7563,116.789));
#15890=CARTESIAN_POINT('',(-12.54645643479,119.7563,118.789));
#15891=CARTESIAN_POINT('',(-10.81440562722,119.7563,116.789));
#15892=CARTESIAN_POINT('',(-10.81440562722,119.7563,116.789));
#15893=CARTESIAN_POINT('',(-10.81440562722,119.7563,118.789));
#15894=CARTESIAN_POINT('Origin',(-9.948380223433,118.2563,118.789));
#15895=CARTESIAN_POINT('',(-9.948380223433,118.2563,116.789));
#15896=CARTESIAN_POINT('',(-9.948380223433,118.2563,116.789));
#15897=CARTESIAN_POINT('',(-9.948380223433,118.2563,118.789));
#15898=CARTESIAN_POINT('Origin',(-10.81440562722,116.7563,118.789));
#15899=CARTESIAN_POINT('',(-10.81440562722,116.7563,116.789));
#15900=CARTESIAN_POINT('',(-10.81440562722,116.7563,116.789));
#15901=CARTESIAN_POINT('',(-10.81440562722,116.7563,118.789));
#15902=CARTESIAN_POINT('Origin',(-12.54645643479,116.7563,118.789));
#15903=CARTESIAN_POINT('',(-12.54645643479,116.7563,116.789));
#15904=CARTESIAN_POINT('',(-12.54645643479,116.7563,116.789));
#15905=CARTESIAN_POINT('',(-12.54645643479,116.7563,118.789));
#15906=CARTESIAN_POINT('Origin',(-13.41248183857,118.2563,118.789));
#15907=CARTESIAN_POINT('',(-13.41248183857,118.2563,116.789));
#15908=CARTESIAN_POINT('',(-13.41248183857,118.2563,116.789));
#15909=CARTESIAN_POINT('',(-13.41248183857,118.2563,118.789));
#15910=CARTESIAN_POINT('Origin',(-12.54645643479,119.7563,118.789));
#15911=CARTESIAN_POINT('',(-12.54645643479,119.7563,116.789));
#15912=CARTESIAN_POINT('Origin',(-11.680431031,131.7437,116.789));
#15913=CARTESIAN_POINT('Origin',(0.,138.4874,116.789));
#15914=CARTESIAN_POINT('Origin',(11.680431031,131.7437,116.789));
#15915=CARTESIAN_POINT('Origin',(11.680431031,118.2563,116.789));
#15916=CARTESIAN_POINT('Origin',(0.,111.5126,116.789));
#15917=CARTESIAN_POINT('Origin',(-11.680431031,118.2563,116.789));
#15918=UNCERTAINTY_MEASURE_WITH_UNIT(LENGTH_MEASURE(0.01),#15922,
'DISTANCE_ACCURACY_VALUE',
'Maximum model space distance between geometric entities at asserted c
onnectivities');
#15919=UNCERTAINTY_MEASURE_WITH_UNIT(LENGTH_MEASURE(0.01),#15922,
'DISTANCE_ACCURACY_VALUE',
'Maximum model space distance between geometric entities at asserted c
onnectivities');
#15920=(
GEOMETRIC_REPRESENTATION_CONTEXT(3)
GLOBAL_UNCERTAINTY_ASSIGNED_CONTEXT((#15918))
GLOBAL_UNIT_ASSIGNED_CONTEXT((#15922,#15924,#15925))
REPRESENTATION_CONTEXT('','3D')
);
#15921=(
GEOMETRIC_REPRESENTATION_CONTEXT(3)
GLOBAL_UNCERTAINTY_ASSIGNED_CONTEXT((#15919))
GLOBAL_UNIT_ASSIGNED_CONTEXT((#15922,#15924,#15925))
REPRESENTATION_CONTEXT('','3D')
);
#15922=(
LENGTH_UNIT()
NAMED_UNIT(*)
SI_UNIT(.MILLI.,.METRE.)
);
#15923=(
LENGTH_UNIT()
NAMED_UNIT(*)
SI_UNIT($,.METRE.)
);
#15924=(
NAMED_UNIT(*)
PLANE_ANGLE_UNIT()
SI_UNIT($,.RADIAN.)
);
#15925=(
NAMED_UNIT(*)
SI_UNIT($,.STERADIAN.)
SOLID_ANGLE_UNIT()
);
#15926=SHAPE_DEFINITION_REPRESENTATION(#15927,#15928);
#15927=PRODUCT_DEFINITION_SHAPE('',$,#15930);
#15928=SHAPE_REPRESENTATION('',(#9022),#15920);
#15929=PRODUCT_DEFINITION_CONTEXT('part definition',#15934,'design');
#15930=PRODUCT_DEFINITION('45S-XX-2V-XX','45S-XX-2V-XX v1',#15931,#15929);
#15931=PRODUCT_DEFINITION_FORMATION('',$,#15936);
#15932=PRODUCT_RELATED_PRODUCT_CATEGORY('45S-XX-2V-XX v1',
'45S-XX-2V-XX v1',(#15936));
#15933=APPLICATION_PROTOCOL_DEFINITION('international standard',
'automotive_design',2009,#15934);
#15934=APPLICATION_CONTEXT(
'Core Data for Automotive Mechanical Design Process');
#15935=PRODUCT_CONTEXT('part definition',#15934,'mechanical');
#15936=PRODUCT('45S-XX-2V-XX','45S-XX-2V-XX v1',$,(#15935));
#15937=PRESENTATION_STYLE_ASSIGNMENT((#15938));
#15938=SURFACE_STYLE_USAGE(.BOTH.,#15939);
#15939=SURFACE_SIDE_STYLE('',(#15940));
#15940=SURFACE_STYLE_FILL_AREA(#15941);
#15941=FILL_AREA_STYLE('Steel - Satin',(#15942));
#15942=FILL_AREA_STYLE_COLOUR('Steel - Satin',#15943);
#15943=COLOUR_RGB('Steel - Satin',0.627450980392157,0.627450980392157,0.627450980392157);
ENDSEC;
END-ISO-10303-21;
